Ind_ID	PosInd_X	PosInd_Y	PhenValue	Region
37	0.996198	18.5676	0.588582	1
71	0.474575	4.77968	0.509941	1
93	0.00251728	16.0112	0.496764	1
99	2.3151	22.3684	0.784249	1
124	1.22752	10.8441	1.24803	1
139	0.924341	12.1548	0.67786	1
146	2.11288	13.9275	1.24769	1
153	1.10515	11.534	0.674763	1
164	2.37219	6.96927	0.783184	1
173	1.43355	17.5758	0.844779	1
179	0.821485	20.2973	0.497468	1
186	1.37401	12.8636	0.727672	1
200	2.113	4.08579	0.562203	1
207	1.26188	17.6803	0.9885	1
210	0.153196	4.89221	0.552935	1
218	0.614796	9.85527	-0.0203187	1
236	0.250561	5.48651	0.410957	1
239	1.03532	14.2788	1.1699	1
242	2.20089	15.9671	0.698933	1
260	2.47943	22.5601	1.12879	1
262	2.10621	20.7549	0.652897	1
298	1.57572	15.0313	0.56768	1
306	0.0250798	15.206	0.607137	1
313	1.94578	4.34725	0.53649	1
318	0.514009	6.12022	0.528527	1
320	2.20984	9.34354	1.06504	1
326	1.49958	2.31782	0.314856	1
334	0.485931	18.0078	1.0203	1
354	1.60773	12.6444	0.813394	1
363	0.0125254	7.00941	0.659464	1
377	1.57675	24.041	0.659823	1
381	2.35054	24.6318	0.987183	1
398	0.856541	24.1443	0.910327	1
401	0.497617	14.0997	0.651024	1
407	2.26785	16.8914	0.335508	1
416	1.6808	21.0748	0.70715	1
428	2.02119	20.9749	1.10823	1
431	0.564042	18.8484	1.3076	1
440	1.43939	20.157	0.922116	1
454	0.927398	18.8453	0.461111	1
472	0.64128	20.542	0.994652	1
487	1.1948	17.127	0.643359	1
491	1.98794	23.4044	0.637296	1
503	2.25762	24.7568	1.02242	1
504	2.17766	24.3449	0.82846	1
512	1.66785	6.49088	0.885601	1
515	0.168028	3.4626	0.61846	1
536	2.44874	16.5408	0.62001	1
540	1.60822	19.8515	1.20124	1
552	2.38049	11.468	0.395052	1
554	1.63648	1.39868	0.805551	1
567	0.242628	18.5751	0.680015	1
610	0.543002	5.79111	0.414292	1
611	1.86984	13.6254	0.356924	1
612	0.841703	14.5656	1.18778	1
645	2.35731	9.79096	1.0394	1
648	1.52637	8.95036	0.60769	1
655	2.26491	23.849	0.670921	1
662	0.791458	22.6628	0.107101	1
674	2.24233	18.3912	0.88622	1
689	2.42654	21.0595	0.98067	1
701	0.0996642	9.61212	0.592139	1
705	0.493837	12.6865	0.74191	1
708	0.0209215	9.61332	1.25396	1
736	2.06661	14.3896	0.841086	1
758	2.06074	17.9134	1.43482	1
761	1.07581	1.18743	0.939591	1
765	1.51037	1.96112	0.56332	1
777	0.525015	3.68681	0.723144	1
802	1.11656	17.4503	0.7315	1
803	1.85849	1.11351	1.02346	1
813	2.38413	1.40207	1.11948	1
815	1.09307	3.46461	0.661942	1
829	0.781421	20.6205	0.683291	1
864	1.0055	7.28398	0.68369	1
892	0.127332	9.01517	0.584754	1
893	1.78565	4.60668	0.714798	1
913	0.82155	13.5774	1.08555	1
922	0.980706	14.3962	0.607656	1
928	1.93273	18.9044	0.805555	1
933	1.79566	19.4121	0.693245	1
935	0.0303652	11.8536	0.121284	1
937	1.81275	5.99727	0.835326	1
941	1.88271	9.01943	0.442349	1
956	0.277807	16.7812	0.740656	1
968	2.09396	16.2542	1.03342	1
970	0.798823	12.1865	1.07232	1
978	0.873396	16.119	0.640208	1
985	1.48266	5.51158	0.815594	1
990	1.16297	0.955477	0.672131	1
996	0.135988	0.211093	0.969093	1
998	0.267079	2.36008	0.547526	1
1007	0.00282153	23.9248	0.667764	1
1034	2.29657	1.20448	1.1095	1
1042	0.624277	21.2295	1.08857	1
1048	2.30356	0.0292992	0.815893	1
1071	2.35596	0.576915	1.03672	1
1075	0.541984	16.4133	0.66949	1
1080	0.421455	21.9244	0.633778	1
1085	0.142007	2.25071	0.657811	1
1088	1.0144	21.8029	0.617481	1
1090	0.264728	5.41567	0.706205	1
1092	1.36438	11.3098	0.153357	1
1096	1.00032	15.4854	1.19918	1
1119	0.145453	10.882	0.673805	1
1126	1.83598	7.93857	1.18755	1
1139	2.2619	6.77825	0.643999	1
1158	1.98346	5.93403	0.523592	1
1175	1.76829	10.5601	0.409247	1
1182	0.10639	20.0579	0.858696	1
1185	1.28611	16.3077	0.937408	1
1186	2.06904	0.499343	1.12735	1
1215	2.04669	4.23675	0.750588	1
1225	1.12679	0.878209	1.06065	1
1238	1.14469	23.0426	0.701241	1
1251	2.09827	17.6026	0.613532	1
1263	0.418676	17.9792	0.97658	1
1298	1.5577	7.24668	0.756939	1
1309	1.30253	9.54355	1.26169	1
1313	0.77335	12.4219	0.532182	1
1316	0.586677	24.2008	1.1618	1
1318	0.303996	4.67925	0.734645	1
1331	0.800786	24.8209	0.772424	1
1333	1.57345	23.7659	0.83866	1
1347	0.165357	10.6676	0.696619	1
1348	2.08565	2.23239	1.25774	1
1355	1.55074	23.7103	0.763453	1
1362	0.468201	22.3211	0.20405	1
1366	1.39869	6.77005	0.511775	1
1387	1.47528	19.6672	0.866341	1
1388	1.17476	13.7196	1.20594	1
1403	1.75699	0.0827774	0.718833	1
1413	1.35986	11.8479	1.04931	1
1441	2.01887	0.902602	0.849075	1
1455	1.98855	2.64733	0.767902	1
1461	1.94568	9.95837	1.04243	1
1477	2.35892	6.82203	0.684127	1
1488	0.457904	21.7273	0.333608	1
1508	0.799451	6.6415	0.855747	1
1521	1.67667	14.4159	0.643361	1
1530	1.90225	3.37865	0.719976	1
1531	1.03687	9.71499	1.39036	1
1534	0.804176	24.9352	0.707046	1
1543	1.38829	19.6396	0.930289	1
1548	0.901806	2.76694	0.853317	1
1571	1.40291	5.70106	0.690939	1
1594	2.25302	11.6877	-0.073909	1
1638	1.12918	1.14267	1.01258	1
1644	1.54883	7.20635	0.32834	1
1674	0.999999	6.72188	0.665937	1
1686	2.01907	2.69591	0.911824	1
1689	2.4438	9.55479	0.629947	1
1700	0.500793	10.3437	0.569001	1
1701	1.64806	6.57149	0.241618	1
1702	0.0477045	0.883635	0.874442	1
1708	0.945356	19.504	1.20785	1
1728	1.43971	17.8922	0.348635	1
1755	1.28898	15.6912	1.20387	1
1768	1.36861	3.52004	1.004	1
1770	2.3408	4.73854	0.72479	1
1805	0.930577	21.1822	0.9703	1
1811	0.561761	21.8305	0.61991	1
1812	2.29606	14.201	0.534089	1
1833	2.13844	10.2372	0.656356	1
1837	1.61905	4.23055	0.523601	1
1841	1.48397	9.57957	1.22871	1
1867	1.66682	0.705017	0.890902	1
1875	2.22909	23.8738	1.00104	1
1891	0.426614	1.94115	0.788389	1
1919	1.9261	10.3671	0.148046	1
1930	1.39539	16.5269	0.90974	1
1934	1.43525	11.8246	0.829044	1
1939	2.24363	2.37019	0.56597	1
1954	0.295576	14.2177	0.892754	1
1972	0.466204	22.4004	0.810168	1
1994	1.57232	23.0071	0.743791	1
1997	1.22547	4.833	0.258406	1
1999	0.986149	4.77777	0.507992	1
2002	0.213638	1.40078	0.455815	1
2032	1.39685	22.9427	0.421978	1
2037	1.26627	15.7637	1.29859	1
2045	0.607666	1.73693	0.963786	1
2046	2.30009	23.7983	1.12966	1
2047	0.601072	18.3029	0.439183	1
2070	2.24616	6.28158	0.638276	1
2080	1.18452	1.2834	0.934346	1
2083	1.0195	16.3872	0.690678	1
2091	2.17653	16.2723	1.33214	1
2096	0.715494	8.08847	1.00702	1
2104	1.97719	6.28485	0.770737	1
2106	0.165256	7.27904	1.09985	1
2108	0.352789	18.2074	0.78897	1
2111	1.46682	23.1999	0.759213	1
2121	0.455517	16.8112	1.11207	1
2127	2.15876	12.4554	0.944835	1
2133	2.33883	4.52981	0.637336	1
2140	2.19707	1.01701	1.06041	1
2141	1.5525	2.04217	1.03101	1
2155	0.706589	20.4982	0.935098	1
2158	0.128562	7.7125	0.986389	1
2160	1.11469	14.2024	1.05676	1
2165	2.34594	16.0079	1.01888	1
2188	1.98631	10.0177	0.484999	1
2224	1.27265	19.4355	0.842804	1
2247	0.451471	11.0892	0.581477	1
2270	0.0231003	1.96505	0.812414	1
2279	2.30909	8.41696	0.817389	1
2280	1.9033	18.2493	0.819696	1
2290	2.0287	3.76524	0.371397	1
2299	2.06478	8.73305	0.827996	1
2300	2.37004	16.3245	1.23879	1
2316	0.336204	4.30355	0.688822	1
2318	1.84163	7.77337	0.681794	1
2333	2.3614	6.99337	0.468544	1
2335	0.587145	4.9653	0.64808	1
2339	0.836187	2.72786	0.99218	1
2350	0.55388	9.01925	0.379297	1
2363	1.64106	13.5282	0.615554	1
2364	0.550322	20.7663	0.30731	1
2372	2.30053	17.861	0.876089	1
2385	0.819573	1.11336	1.10888	1
2388	0.0731825	11.6726	0.338942	1
2393	1.00573	19.386	1.38223	1
2394	0.187401	22.6872	0.107466	1
2407	0.172669	22.8476	0.836303	1
2411	0.00206345	2.60402	0.590526	1
2415	1.14504	24.0806	0.55785	1
2426	2.33456	4.91352	0.859562	1
2431	1.40285	9.97295	0.936944	1
2440	2.41757	1.08557	0.980483	1
2442	2.4662	0.0715168	0.668089	1
2449	1.16144	19.4529	1.15153	1
2461	2.03424	15.2384	1.25287	1
2462	2.34699	22.7304	0.501717	1
2464	0.0653225	16.7617	0.679453	1
2475	2.15918	8.45806	0.531663	1
2476	1.84851	7.81775	0.557943	1
2489	2.48112	1.35057	0.797822	1
2498	2.3149	15.7529	0.656719	1
2515	2.31787	24.5927	0.933477	1
2551	1.49476	10.4105	1.48465	1
2554	1.98752	1.98262	0.602362	1
2557	1.84772	2.90293	0.644141	1
2578	0.881152	8.48549	1.24853	1
2589	0.751415	20.8041	0.583502	1
2593	2.02786	1.68062	0.856999	1
2595	0.235766	13.9103	0.878504	1
2596	0.85922	13.8702	1.12404	1
2608	1.5003	2.95343	0.763028	1
2609	0.354982	15.4715	1.24809	1
2611	1.15892	20.0694	0.880686	1
2621	0.675932	20.1343	0.902451	1
2626	1.94666	1.17713	0.707634	1
2629	1.76704	8.04787	0.405177	1
2631	0.349608	16.713	0.755821	1
2632	1.65543	22.2559	1.23387	1
2636	1.62413	14.5199	0.735417	1
2637	0.833582	14.4802	0.689093	1
2674	1.17593	5.85003	0.492439	1
2675	2.2002	21.795	0.819558	1
2676	1.20447	8.88263	0.825433	1
2679	0.724197	11.5738	0.417722	1
2680	0.667473	11.3527	0.725941	1
2681	0.87053	11.1022	0.561944	1
2693	2.00392	4.09195	0.707884	1
2704	1.27455	7.00506	1.1063	1
2706	2.22674	21.3803	0.874048	1
2711	0.171725	17.7401	0.391581	1
2714	1.93953	6.62118	0.836248	1
2759	1.88882	16.5028	1.11289	1
2762	0.11997	1.06615	0.609193	1
2781	0.253007	6.19332	0.574429	1
2782	2.46339	22.1354	1.04502	1
2785	1.81266	22.0575	0.570391	1
2790	0.737182	12.6032	0.809632	1
2809	1.31278	24.098	1.22836	1
2835	0.841747	15.6267	1.17962	1
2856	2.09813	18.9696	1.2625	1
2857	1.91587	20.3421	1.24048	1
2859	1.59062	12.3215	0.837561	1
2860	1.43206	11.8228	0.873639	1
2864	2.47349	17.8664	1.24878	1
2878	1.55413	10.5771	1.01616	1
2884	0.80921	7.45601	1.00197	1
2885	0.358813	7.57287	1.20179	1
2887	2.39213	5.32145	0.750517	1
2888	0.122296	8.06956	0.77916	1
2889	0.0730266	7.48382	0.919551	1
2900	1.46608	2.71904	0.954805	1
2903	1.15109	11.7367	1.04992	1
2904	1.52844	11.1815	1.06814	1
2909	1.82325	23.5251	0.702812	1
2920	1.54855	14.4401	1.51136	1
2930	1.8578	5.98545	0.518525	1
2936	2.34658	15.0179	1.21663	1
2937	1.75239	14.345	0.846615	1
2950	1.32418	16.3238	0.945656	1
2955	1.38739	24.52	0.477613	1
2959	0.959599	22.8443	0.881324	1
2965	1.2976	1.44434	0.95344	1
2967	1.11391	18.881	0.782864	1
2978	1.16806	13.2241	1.14936	1
2979	1.50739	9.36978	0.974546	1
2984	1.74558	15.9633	1.11997	1
3000	2.18763	19.2922	1.03027	1
3003	2.15754	3.52009	0.50599	1
3018	1.28285	6.24202	0.497289	1
3027	0.676627	1.76526	0.859238	1
3059	0.447935	13.7322	1.17579	1
3082	2.24131	4.59601	0.768917	1
3085	1.80249	23.0476	0.592537	1
3092	1.08923	3.9985	0.434496	1
3098	2.17996	13.1201	0.669782	1
3099	1.84248	15.4129	0.529427	1
3116	2.28858	4.93824	0.615495	1
3120	1.32036	17.3597	0.577129	1
3121	0.64715	23.7847	0.923189	1
3124	1.08223	4.41971	0.794819	1
3128	2.15733	15.3501	0.772158	1
3134	0.0976887	22.6706	0.238974	1
3143	0.53174	1.19703	0.72554	1
3151	1.00242	2.94965	0.465032	1
3160	2.2448	17.1998	1.00088	1
3161	0.809194	16.8301	0.863624	1
3173	2.00121	18.3092	0.876669	1
3184	0.964647	6.49765	0.400866	1
3204	2.41006	1.96799	0.802645	1
3209	1.27188	22.1885	0.737228	1
3210	0.293686	2.44406	0.791142	1
3217	1.73959	15.3417	0.715358	1
3231	0.959615	2.35368	0.609019	1
3232	0.792703	8.17189	1.05724	1
3251	1.50389	5.08479	0.812378	1
3265	1.46766	2.54077	0.601825	1
3270	0.557157	14.5879	1.24858	1
3293	1.63602	11.6331	0.158711	1
3301	1.28398	21.7193	0.703501	1
3311	0.48281	8.61767	0.9928	1
3365	0.921321	2.02462	0.585308	1
3382	0.566874	4.76313	0.449778	1
3388	1.65217	19.6447	0.90623	1
3414	0.0974585	9.70562	1.16949	1
3440	0.957798	20.1277	1.03539	1
3447	1.00839	24.5784	0.540038	1
3450	0.599468	24.352	0.608126	1
3455	1.0661	0.924702	0.856043	1
3469	0.682259	2.70351	0.760737	1
3470	1.83691	21.1774	0.612069	1
3471	2.00826	21.3792	0.505103	1
3481	1.36452	15.6555	0.590102	1
3482	0.793704	15.199	1.39365	1
3484	2.31889	6.61159	1.02538	1
3491	1.78339	16.3639	0.856551	1
3517	1.29699	11.436	0.124022	1
3527	2.04832	6.66096	1.07468	1
3550	0.703302	14.0774	1.52295	1
3554	0.639309	16.3383	0.863687	1
3590	0.834699	2.9837	0.723252	1
3591	0.749521	2.90152	0.664434	1
3599	2.44573	17.1985	1.12903	1
3629	0.753666	10.388	0.750031	1
3639	0.318403	21.0368	0.334883	1
3651	1.84572	11.7077	0.659143	1
3656	1.71672	0.277101	0.863054	1
3664	0.93032	11.2027	1.16573	1
3669	1.32542	17.04	1.1963	1
3695	1.01412	10.7617	0.927636	1
3699	0.518612	13.5157	1.46631	1
3726	1.17881	12.4422	1.02534	1
3736	1.70244	4.39251	1.14043	1
3750	1.11968	15.6532	1.04372	1
3779	2.06613	6.37201	0.581939	1
3782	1.03055	19.878	0.97015	1
3789	0.584878	10.384	0.465975	1
3801	0.41943	2.43777	0.629882	1
3817	2.21528	15.6335	1.26822	1
3829	1.3502	11.0935	0.922015	1
3850	0.825261	20.6849	1.08367	1
3851	1.54321	12.5916	1.0144	1
3852	1.51133	0.524973	0.689592	1
3855	0.295274	9.2613	1.35833	1
3856	0.358541	9.42416	0.607646	1
3889	1.80635	9.49463	1.4455	1
3928	2.08757	10.8947	0.532211	1
3931	0.860368	12.2592	0.743032	1
3935	1.80566	23.4747	0.628839	1
3940	0.0650211	10.9245	0.764312	1
3949	2.10955	16.9189	0.599466	1
3982	2.28122	18.1236	0.87475	1
3992	1.92347	1.54367	0.90576	1
3994	2.03905	1.53492	0.993106	1
4003	2.45943	14.207	0.576496	1
4005	1.96095	24.0736	0.841661	1
4006	2.06475	0.863182	1.07877	1
4007	2.18077	0.852916	1.12818	1
4014	1.07426	20.0427	1.07067	1
4031	0.108616	15.6101	0.811055	1
4052	0.603663	11.1975	0.615482	1
4062	0.81964	13.6557	0.595103	1
4077	2.14384	2.30001	0.511846	1
4091	2.25624	7.47374	0.839175	1
4092	2.49433	7.55899	0.812947	1
4	4.34893	1.74113	0.681346	2
7	3.23927	17.8752	1.28973	2
15	4.37399	24.5516	0.953579	2
33	3.30615	10.7956	0.519329	2
60	4.17928	2.79074	0.793181	2
69	3.24321	5.80808	0.801506	2
87	4.82941	10.5654	0.845704	2
90	3.87153	19.168	1.35514	2
96	4.55686	4.28023	0.641457	2
119	2.52395	4.38658	0.635128	2
122	4.67289	13.4121	0.696861	2
128	3.41238	0.544648	1.35043	2
148	3.29805	19.3458	1.30117	2
162	3.0097	24.7081	0.990154	2
189	4.47519	19.5414	0.697184	2
195	4.4548	8.5573	0.758688	2
196	3.19615	15.1768	0.958056	2
197	2.50992	19.7622	0.678162	2
205	3.53304	7.50965	-0.268179	2
211	3.58076	3.79544	0.489768	2
215	2.65202	9.53658	1.21737	2
249	4.95634	7.25633	-0.212921	2
250	3.01925	19.8683	1.15167	2
257	3.0397	12.4553	0.939662	2
258	4.44135	4.10745	0.552366	2
268	4.39859	10.4218	0.705213	2
295	4.41997	9.3847	0.827652	2
299	2.93313	2.35052	0.68869	2
305	3.44844	0.0138401	0.916191	2
310	2.68071	9.291	0.578879	2
315	3.8379	22.8609	0.831086	2
316	4.17359	8.75362	0.795167	2
349	3.3383	6.77925	0.481918	2
353	3.53731	6.2103	0.342707	2
356	4.7431	7.0273	1.335	2
358	3.9512	23.7523	1.0611	2
362	4.57924	11.1006	0.641346	2
367	3.44836	1.53277	0.723497	2
374	3.09391	4.83895	0.801642	2
388	3.93989	10.3758	1.17937	2
409	3.70191	18.2476	1.30639	2
417	4.48986	23.7028	0.65043	2
420	2.91887	15.5206	1.09299	2
450	2.66767	9.16113	0.701325	2
462	4.77698	0.231523	0.630015	2
473	3.36826	0.339311	0.779948	2
500	2.84463	5.64219	0.67626	2
509	4.31088	24.5355	0.839847	2
514	2.68843	4.20069	0.670474	2
523	3.21862	1.69079	0.954404	2
539	2.66024	12.8863	1.01147	2
545	4.21388	19.3386	0.816037	2
551	3.98821	11.5474	0.486034	2
564	3.29706	18.4163	1.36044	2
568	4.26509	0.874821	0.837101	2
619	4.78952	2.05333	0.686404	2
620	3.99157	15.7011	1.07593	2
624	2.64436	10.773	0.0475354	2
627	4.63595	22.5695	0.943711	2
633	3.00307	14.474	1.12381	2
636	2.54422	17.191	1.05095	2
644	3.07337	3.83293	0.727074	2
663	2.70419	16.7699	1.65924	2
706	3.31928	1.85476	0.588243	2
707	3.31878	21.2852	1.51085	2
725	3.32347	14.9048	1.11122	2
729	2.90287	3.41623	0.538454	2
732	2.83522	6.08176	-0.141015	2
749	3.26784	1.64032	0.795793	2
751	4.92809	23.3535	0.589834	2
754	4.19097	17.4247	0.731888	2
783	3.27867	15.3834	0.822018	2
788	3.25593	10.5644	0.0112789	2
833	3.70318	11.5093	0.702405	2
835	3.61579	15.344	0.800444	2
836	4.78296	15.5084	0.801254	2
839	4.43534	19.5343	0.816256	2
844	3.05698	11.8156	0.71766	2
848	4.02121	18.4686	0.545851	2
850	2.59855	7.6752	0.656747	2
851	2.93113	11.0447	0.273855	2
856	4.38426	12.1305	1.36499	2
865	2.97523	13.778	0.734211	2
877	4.01533	13.4985	0.461345	2
878	3.51298	16.6495	0.513046	2
885	3.88086	7.7415	1.09202	2
888	3.0934	13.3179	0.524329	2
891	3.91004	5.75064	0.948219	2
897	3.52497	6.1905	0.671947	2
954	4.23008	23.0602	1.22754	2
971	4.22981	13.829	0.234843	2
982	4.20239	12.2198	0.836714	2
987	4.31809	2.54619	0.91113	2
989	3.83213	5.01622	0.597781	2
997	3.52658	3.39693	0.339639	2
1009	4.85273	17.4205	0.785925	2
1010	2.68317	20.2924	0.962026	2
1022	3.43366	21.2393	0.892491	2
1049	2.95585	22.2466	0.818365	2
1053	4.71893	18.9504	0.694907	2
1055	4.40959	23.926	0.420992	2
1059	3.72601	21.1645	0.926004	2
1069	3.7781	21.4878	0.379114	2
1076	2.94977	22.6673	0.846487	2
1079	2.62098	14.2918	1.09572	2
1089	2.67587	20.4488	1.33254	2
1111	4.68791	24.769	0.35451	2
1117	4.52802	21.5421	1.06597	2
1134	4.59785	4.72627	0.965517	2
1140	2.93574	13.454	0.531902	2
1169	4.44902	20.6773	1.18025	2
1187	2.75494	23.0692	0.720829	2
1203	4.48498	19.3001	0.929082	2
1216	2.77858	1.67244	0.696783	2
1237	3.624	8.88197	0.79168	2
1279	4.65762	3.49256	0.564947	2
1283	3.85271	13.234	1.24007	2
1284	2.67506	6.09912	0.646704	2
1294	4.11334	16.9869	0.767254	2
1301	2.57066	12.4493	0.586019	2
1304	3.06002	18.3209	1.03232	2
1328	4.08957	17.577	1.3614	2
1338	2.73718	17.3356	1.08914	2
1341	2.77399	16.3547	1.29949	2
1351	2.99304	24.096	0.617192	2
1352	4.34232	5.69359	0.54935	2
1369	2.85515	5.77576	0.361548	2
1374	3.18475	20.2137	0.969945	2
1385	3.04042	1.91898	1.04653	2
1390	3.8325	6.7254	0.60088	2
1397	3.0532	11.1138	0.53037	2
1400	3.93311	18.5557	1.17573	2
1409	2.98953	4.18962	0.312817	2
1419	3.01125	0.643508	0.993957	2
1420	4.30574	22.2539	0.922712	2
1425	3.10798	15.4648	0.967458	2
1442	3.22501	11.0348	1.30151	2
1453	3.13187	11.4435	0.898039	2
1466	4.82833	0.224294	0.598402	2
1479	2.66662	9.35559	0.0651516	2
1491	3.62211	22.5497	1.02592	2
1515	4.49492	22.1972	1.00682	2
1517	4.47484	1.70383	0.696371	2
1523	4.08752	16.2386	1.00037	2
1556	4.34625	9.10297	0.740281	2
1561	4.19268	1.95512	0.343512	2
1570	2.59603	14.5058	0.317301	2
1572	3.59831	15.49	1.11386	2
1580	4.16232	3.08026	0.900235	2
1584	2.85449	10.1542	0.539378	2
1585	3.70594	11.7748	0.952687	2
1590	4.07269	9.67151	0.569957	2
1607	2.83344	21.9252	0.923051	2
1654	4.98134	22.7903	0.682984	2
1665	4.33231	20.411	0.858163	2
1671	3.97792	7.38783	1.00868	2
1684	2.59976	19.7518	0.726157	2
1685	2.94363	20.3697	0.637109	2
1696	3.9652	17.1282	1.544	2
1709	3.1177	15.9768	1.01406	2
1730	2.89439	17.3542	0.682764	2
1731	3.58599	14.0154	1.20064	2
1737	2.65275	3.17674	0.839237	2
1747	3.24931	7.77543	0.0469137	2
1752	4.36967	21.0813	0.820883	2
1753	3.1152	17.9575	1.29874	2
1756	4.26378	10.0665	0.864503	2
1763	4.67963	16.2504	1.46467	2
1764	4.34488	1.03761	0.937026	2
1787	2.87915	21.4933	0.884952	2
1790	4.94592	13.0712	0.644165	2
1792	4.20915	15.685	1.00964	2
1793	2.8956	13.9343	0.891962	2
1794	3.0113	22.2495	0.872764	2
1800	4.01804	15.5054	1.11228	2
1801	2.68439	17.1849	0.818861	2
1816	3.59156	17.596	0.839939	2
1819	4.33895	20.9971	0.993467	2
1822	4.21118	15.4966	0.795657	2
1828	3.80341	17.8149	1.20279	2
1830	3.16172	13.3148	1.05506	2
1839	4.19228	20.0096	1.40972	2
1840	4.30607	5.51365	0.740262	2
1871	3.72586	8.64102	0.457252	2
1879	2.69979	5.76469	0.575287	2
1880	3.75143	5.07298	1.31608	2
1883	4.19381	13.0772	0.945617	2
1886	2.62451	19.9484	1.25723	2
1893	4.42529	1.07044	0.723612	2
1895	2.51813	21.9606	1.20574	2
1902	4.72187	2.54821	0.676938	2
1915	4.85703	23.0616	0.782483	2
1923	3.7355	11.0584	0.702426	2
1924	2.50816	23.0311	1.05318	2
1925	3.96055	14.707	1.03525	2
1938	3.16441	8.35933	0.742309	2
1945	4.39671	13.1483	0.654199	2
1960	4.02712	21.9495	0.864641	2
1968	3.10425	2.97314	0.612313	2
1973	2.7405	14.591	0.578023	2
1975	4.74641	24.4272	0.808774	2
1976	3.73661	4.86364	0.342178	2
1977	4.9676	10.7508	0.58506	2
1985	4.66626	15.3004	0.710648	2
1989	3.03035	24.502	0.546333	2
2011	3.0967	5.74606	0.436923	2
2017	3.29642	9.38996	0.618153	2
2020	3.38202	19.6394	1.11562	2
2021	2.80517	18.3434	1.46793	2
2022	2.6867	12.1581	1.1145	2
2038	4.41998	5.40485	0.824845	2
2051	3.18473	4.47236	0.851472	2
2060	3.73337	10.7122	0.508178	2
2079	3.45598	22.8052	0.618066	2
2092	2.99174	3.74005	0.659793	2
2105	4.66487	16.9373	0.454768	2
2117	2.9287	8.70931	0.632091	2
2128	3.84458	9.53818	0.606636	2
2143	2.82079	19.2814	0.767098	2
2166	4.98565	5.07477	0.393094	2
2208	2.75453	15.2115	0.298023	2
2227	2.75319	8.81216	1.0658	2
2240	4.18711	20.128	0.76784	2
2265	3.22053	9.67984	0.966854	2
2277	2.83101	7.49139	0.777278	2
2288	2.56233	6.73627	1.10274	2
2292	4.06694	2.79181	0.524702	2
2294	4.18883	4.24418	0.400282	2
2298	4.69488	13.7243	0.514133	2
2310	3.98727	8.8789	0.935378	2
2332	2.83532	2.97898	0.538688	2
2337	4.02879	16.1821	0.928209	2
2341	3.33658	16.0995	0.788001	2
2346	2.77074	1.59918	0.728933	2
2353	3.65814	12.4354	0.869918	2
2365	3.56954	8.93901	0.42627	2
2377	3.22529	17.2908	0.589778	2
2382	4.14011	10.9666	0.608719	2
2398	4.0692	6.85048	0.861934	2
2403	4.42642	14.4371	0.885003	2
2419	4.01708	24.4737	0.662413	2
2424	3.78217	10.8599	0.494238	2
2432	4.66178	5.39427	0.843451	2
2438	4.59639	23.467	0.47896	2
2439	4.91004	3.48759	0.689842	2
2443	2.88546	0.940655	0.892287	2
2458	4.19036	22.5212	0.656719	2
2465	4.6558	20.9124	0.542367	2
2470	4.01785	16.5357	0.646884	2
2522	2.62425	14.6295	1.25119	2
2542	2.55676	7.78102	0.744702	2
2543	2.98598	17.0554	1.02276	2
2550	3.08488	3.69916	0.862903	2
2565	4.93099	23.3831	1.08386	2
2566	4.60226	9.62349	1.26928	2
2572	4.02517	19.4332	1.55092	2
2580	3.53841	23.5676	1.02999	2
2583	4.70659	0.0330574	0.860475	2
2619	4.60791	0.537975	0.927134	2
2627	3.29915	24.0095	0.300433	2
2628	3.08526	22.5126	0.317269	2
2653	3.29394	18.9391	0.961377	2
2660	4.8938	16.7055	0.87295	2
2690	4.7286	6.78868	1.49513	2
2720	3.9304	16.1117	1.11941	2
2725	4.85708	22.851	0.864212	2
2736	3.46038	11.231	0.648986	2
2741	2.64233	8.53282	0.443007	2
2744	3.37947	1.27066	0.473572	2
2746	2.96553	20.1107	1.7309	2
2755	2.81709	19.3871	1.17198	2
2763	3.62123	6.1833	0.300498	2
2772	4.97486	19.3799	1.41477	2
2780	3.72292	24.4135	0.984183	2
2795	4.18239	18.8969	0.657486	2
2800	4.25451	19.0749	0.883698	2
2801	3.95104	14.034	0.44559	2
2802	4.35528	14.1928	0.518446	2
2807	3.35586	21.8539	0.976209	2
2808	4.14609	21.026	1.06206	2
2832	3.71603	16.4381	1.0139	2
2845	4.91902	23.7137	0.589296	2
2851	4.60081	4.40306	1.12883	2
2861	4.93979	16.8057	0.821422	2
2895	2.5591	17.3388	0.936287	2
2914	3.02737	23.1112	0.928609	2
2928	4.94752	11.5194	0.779638	2
2932	4.00684	16.8842	1.05339	2
2934	4.86091	0.959633	0.707344	2
2935	3.89836	1.93794	0.844373	2
2940	4.64037	16.1956	0.627783	2
2960	4.20989	2.61855	0.872115	2
3015	3.08593	13.1218	1.2928	2
3021	4.56469	20.1332	0.737007	2
3033	3.04791	6.0669	0.927201	2
3036	4.04402	12.4385	1.00877	2
3044	3.83103	11.6772	0.850292	2
3050	3.66417	10.1497	0.198943	2
3065	3.35216	15.4318	0.824998	2
3070	2.97746	12.3198	0.302963	2
3088	2.6068	11.5453	0.318752	2
3103	3.51958	2.05052	0.522652	2
3104	3.81789	1.61983	0.433998	2
3109	3.54903	10.0679	0.541973	2
3135	4.60087	17.5628	1.14044	2
3153	4.43227	17.2456	0.116527	2
3159	3.41004	5.09891	0.177753	2
3169	2.75962	6.2536	0.638867	2
3172	3.38906	17.7888	0.824736	2
3177	2.67754	0.705426	0.949179	2
3185	3.04661	1.55047	0.840807	2
3187	3.7117	6.5645	0.852673	2
3195	4.57626	3.69771	0.859011	2
3197	4.54365	16.5374	1.05791	2
3211	2.52845	23.3746	1.1332	2
3214	3.4319	6.59034	0.445318	2
3228	4.8966	9.87284	1.14407	2
3230	3.00094	0.587024	1.01179	2
3269	4.96363	2.10402	0.924561	2
3279	3.80811	21.8144	0.903359	2
3314	3.76894	6.26516	0.489007	2
3334	2.54831	17.1167	1.29189	2
3340	4.64754	23.7258	0.690744	2
3357	2.68502	6.07837	0.433073	2
3367	2.72287	1.15176	0.932047	2
3371	4.50462	5.484	1.25362	2
3374	4.04076	1.53319	0.911814	2
3377	4.32466	24.6545	0.859474	2
3378	3.05802	24.1773	0.691524	2
3380	4.92797	11.2422	0.845119	2
3386	4.60263	4.29189	0.290629	2
3401	3.8373	9.75144	0.76417	2
3402	3.43782	9.83303	0.522263	2
3404	2.787	18.8285	1.31837	2
3407	3.14283	19.05	1.19462	2
3408	2.83562	18.7609	1.05705	2
3409	2.65636	16.3329	1.74143	2
3416	3.66033	14.124	1.2426	2
3433	2.76406	5.70184	0.483685	2
3438	4.83008	16.5709	1.10694	2
3457	4.45414	5.45667	0.847896	2
3465	3.04534	24.3631	0.883942	2
3476	4.56663	3.79863	0.811921	2
3479	4.97187	22.9672	0.570316	2
3490	4.64438	11.7251	1.31492	2
3493	4.87069	0.489107	0.947239	2
3502	4.50989	5.55406	0.569981	2
3503	4.58992	5.29438	0.705078	2
3510	2.96783	11.0204	0.876995	2
3514	4.08609	6.72524	0.0862458	2
3515	3.55282	11.9439	0.834166	2
3520	4.94524	7.15547	1.04936	2
3529	4.49363	22.8833	0.930095	2
3540	2.75573	8.45839	0.78663	2
3547	3.93617	15.7472	1.00626	2
3551	3.37811	12.2411	0.554883	2
3553	3.89011	15.6846	1.01817	2
3568	3.89307	18.8528	0.496101	2
3574	4.88463	24.0214	0.386028	2
3579	2.66051	9.97853	0.73269	2
3596	2.63305	12.7756	0.208063	2
3601	2.99623	1.16864	0.935583	2
3605	4.44262	16.5868	0.446656	2
3620	4.66572	16.5696	0.839953	2
3624	4.19546	4.10734	0.774231	2
3625	4.39269	3.07037	0.709598	2
3630	3.87164	9.33738	1.15637	2
3641	4.97349	4.66917	0.669116	2
3653	3.72956	20.3215	0.904375	2
3660	3.6617	18.2822	0.99253	2
3681	4.19787	6.79345	1.20914	2
3686	4.1686	23.7705	0.437196	2
3690	3.53352	24.7337	1.02449	2
3691	3.19604	24.6156	0.914678	2
3697	4.472	8.16924	1.55239	2
3722	2.58438	19.9208	0.577472	2
3729	2.57268	22.8497	0.864008	2
3751	3.09973	21.0314	0.766678	2
3756	4.34789	22.5798	0.838947	2
3769	4.07511	3.27142	1.1278	2
3770	3.72661	2.61008	0.766673	2
3784	3.68637	10.2907	0.830578	2
3786	3.87241	17.958	1.2093	2
3798	4.69706	3.35091	0.915679	2
3862	4.6239	18.0867	0.91196	2
3864	4.00288	24.1672	0.856151	2
3865	4.413	24.397	0.818134	2
3866	2.53663	4.47503	0.124285	2
3884	4.98417	17.7462	0.803702	2
3891	3.87488	7.28695	-0.124588	2
3892	4.31468	6.75968	0.511735	2
3905	4.11006	21.9973	0.661021	2
3927	4.50512	14.5503	0.910136	2
3952	3.46538	13.0755	1.08877	2
3954	4.62612	0.877941	0.830051	2
3984	4.83588	0.186092	0.734691	2
3987	2.74784	17.3851	1.02082	2
3993	2.60082	1.83175	0.883407	2
3997	4.02297	17.1203	0.951345	2
4009	3.92835	21.2617	0.609318	2
4066	3.49263	2.19816	0.676887	2
4083	4.99853	15.718	1.00586	2
4089	3.18695	24.256	0.218937	2
4093	4.90264	11.3857	0.860972	2
4095	3.00997	18.2977	1.18327	2
4099	4.44684	10.8719	0.638883	2
4102	3.13925	22.949	0.716249	2
4103	3.26717	21.7947	0.739098	2
8	7.33105	8.19049	0.899136	3
41	5.45933	19.1043	0.738885	3
64	6.3716	2.72693	0.672411	3
75	7.21721	20.778	0.977229	3
79	6.71082	10.8924	0.679807	3
84	5.71305	13.0034	0.404597	3
88	5.92818	3.3947	1.05581	3
111	5.52399	20.971	1.00831	3
117	7.24292	2.72546	0.514236	3
120	5.66149	14.3616	0.827666	3
134	5.18572	15.1836	0.913913	3
140	6.39287	24.3537	0.372001	3
151	6.68672	8.34432	0.430874	3
163	6.67021	4.14072	0.827758	3
169	5.13258	2.34931	1.05662	3
170	6.56323	12.6109	0.830381	3
176	5.32827	18.3976	0.766452	3
182	7.27542	12.7609	0.701807	3
199	7.16988	16.7708	0.525662	3
204	5.61665	14.8659	0.938632	3
230	6.1725	5.30638	0.951354	3
247	6.08982	1.80445	0.681923	3
248	5.54876	16.0675	0.795842	3
276	5.65493	20.7777	0.748562	3
278	6.51504	8.06546	0.583788	3
279	5.10498	24.1259	0.810004	3
286	7.03914	9.39608	0.784262	3
289	5.58753	1.67097	0.724669	3
302	5.52292	5.02335	0.787025	3
323	6.07035	2.15428	0.584105	3
340	7.11545	23.2509	1.08729	3
351	6.2967	3.976	0.560177	3
372	5.16365	10.5303	0.599094	3
375	6.7538	14.513	0.832193	3
383	7.26612	11.5651	0.62812	3
390	7.12678	9.69272	0.565027	3
393	6.43113	7.22974	0.767225	3
403	6.02456	0.565597	0.76358	3
406	5.13261	11.8534	0.245532	3
414	6.19902	0.151695	0.683277	3
453	5.26367	16.8595	0.314836	3
460	6.66785	10.3985	0.706449	3
475	6.43062	18.3276	0.8931	3
478	5.12819	10.5981	0.763452	3
481	7.04256	9.61047	0.838597	3
495	6.79837	17.8774	0.75707	3
498	6.39311	13.4881	0.853516	3
511	6.65618	22.5937	0.741842	3
521	5.15273	19.9225	0.626509	3
528	7.06756	11.4368	0.334897	3
530	7.0811	16.8948	0.886768	3
544	6.38708	19.8166	1.10146	3
548	6.31569	12.4984	0.353192	3
561	6.40956	13.0081	0.542826	3
581	5.8314	16.7739	0.499939	3
582	5.46171	20.9476	0.984543	3
591	7.46458	14.5541	0.145051	3
601	6.69527	1.79438	0.929034	3
629	6.34312	24.9013	0.743393	3
630	7.29617	3.82559	0.603941	3
635	5.95902	18.0194	1.13161	3
641	5.06762	0.874247	0.959717	3
650	6.40414	21.8612	1.14366	3
658	7.16221	5.82562	0.660017	3
666	6.38205	0.506075	0.775733	3
681	6.09872	19.2656	0.839897	3
682	5.80291	21.193	1.08022	3
699	5.52408	16.4582	0.869938	3
713	6.37968	5.40474	0.665733	3
717	6.7538	11.5902	0.220808	3
735	6.75042	24.7503	0.810923	3
740	5.53226	7.82033	0.867252	3
755	6.71635	1.33224	0.808732	3
779	7.34405	20.8811	0.907912	3
780	7.21369	3.00752	0.608373	3
790	5.87592	22.1931	0.401621	3
807	7.01679	13.5886	0.658117	3
821	6.01568	13.8649	1.23815	3
831	7.38135	6.64446	0.809383	3
845	5.43461	7.49735	1.0722	3
875	7.30503	20.7124	0.581269	3
890	5.44186	4.65682	0.457563	3
896	5.69803	17.3687	1.00707	3
912	7.35639	19.078	0.285623	3
918	5.37411	12.9675	0.76188	3
924	6.01844	15.9	0.631444	3
953	6.90585	23.3092	1.47546	3
960	7.19069	0.341382	0.525584	3
966	6.1009	14.5973	0.825095	3
973	5.78953	16.597	0.687588	3
1002	5.428	6.13945	1.2922	3
1011	6.71276	15.7927	0.276458	3
1015	6.49093	16.6176	0.758987	3
1017	6.62923	6.9571	0.560003	3
1026	6.6084	11.3625	1.02641	3
1040	6.03808	10.5281	0.490263	3
1043	6.82223	8.72965	0.530771	3
1060	7.40383	14.2994	0.328642	3
1061	6.08209	4.07665	0.579852	3
1065	5.728	7.54469	0.637132	3
1077	5.89596	1.24907	0.669872	3
1083	6.35612	23.359	0.695249	3
1084	6.5814	5.83849	0.734068	3
1097	5.02227	16.1898	1.05283	3
1131	6.43591	11.7234	0.726798	3
1132	7.47007	21.6437	0.86375	3
1133	5.5104	5.73821	0.470924	3
1152	5.8299	12.0165	0.532961	3
1153	5.7949	23.5498	0.562723	3
1156	6.36471	2.16733	0.850103	3
1157	6.04709	11.1664	0.947943	3
1164	5.97702	18.3491	0.712188	3
1217	7.46242	0.436943	0.745379	3
1241	6.33164	1.99865	0.679877	3
1252	6.15522	19.7477	1.31855	3
1257	6.82085	8.097	0.909576	3
1262	7.25686	10.5216	0.829627	3
1266	6.84945	22.8336	0.731466	3
1285	5.92565	10.3863	0.540966	3
1302	6.6077	5.1806	0.985668	3
1305	6.84917	11.7367	0.921887	3
1310	7.41617	6.64251	0.703997	3
1325	5.09275	8.57794	0.711481	3
1329	6.16663	6.52987	1.08935	3
1353	6.97675	12.5112	0.740154	3
1354	5.55348	12.0464	0.560126	3
1361	6.33629	5.32546	0.25831	3
1368	6.03036	22.0948	0.500039	3
1372	5.02566	14.3223	0.606775	3
1373	5.8024	16.9348	0.525956	3
1383	7.37776	9.89709	0.715736	3
1392	6.58301	1.99538	0.715824	3
1423	5.13207	21.4462	1.03495	3
1426	5.22356	5.60028	0.606645	3
1437	7.31154	0.532829	1.0405	3
1460	6.79867	10.8531	0.500229	3
1476	6.0555	9.09739	0.522205	3
1489	6.53878	15.3292	0.593322	3
1490	5.0034	15.1764	0.783024	3
1492	5.42519	11.7903	0.652351	3
1493	5.75405	24.3847	1.04627	3
1494	6.9431	20.6026	0.484712	3
1499	5.40112	24.4057	1.17598	3
1525	5.7808	24.9777	0.886562	3
1526	6.19116	19.3504	0.733549	3
1527	5.06093	16.3893	1.45605	3
1528	6.1088	5.11417	0.197396	3
1542	6.90106	15.5303	0.559101	3
1544	5.36712	13.0902	0.628818	3
1547	7.1376	12.1293	0.709654	3
1551	6.74358	23.7922	0.613252	3
1555	6.09168	24.0443	0.937382	3
1562	5.11758	1.99851	0.511546	3
1565	5.5094	6.96174	1.04547	3
1576	7.04993	21.2717	1.09727	3
1577	7.06355	22.5218	1.18847	3
1591	5.81635	9.13646	0.578792	3
1605	5.28742	18.2646	0.252106	3
1615	6.23348	9.27835	0.833897	3
1636	5.42714	9.80407	0.84837	3
1639	6.76027	11.9128	0.540211	3
1640	7.1945	23.1661	1.00309	3
1670	5.25612	7.71488	0.563567	3
1678	5.32867	7.50103	1.09757	3
1691	6.74791	15.4806	0.33662	3
1694	5.35851	2.3673	0.558968	3
1704	6.83408	18.0025	0.804182	3
1732	7.39314	15.0965	0.756934	3
1739	6.9	18.9672	1.10644	3
1742	5.17453	3.75232	0.589126	3
1745	6.81163	3.19387	0.635522	3
1746	6.04149	2.83115	0.723921	3
1751	6.731	19.0883	0.890322	3
1771	7.32286	20.3299	0.829885	3
1774	5.7575	23.1271	0.590357	3
1813	7.3676	20.5289	0.570976	3
1814	6.75311	24.4685	0.444669	3
1825	6.25326	8.77463	0.596721	3
1836	6.49768	20.9798	0.505768	3
1838	5.94516	1.20213	0.74149	3
1844	5.71674	19.667	0.828285	3
1852	7.08565	2.93822	0.891577	3
1872	7.15505	0.435585	0.789481	3
1874	6.13302	8.76629	1.0901	3
1877	5.92431	6.58126	1.0421	3
1894	6.22906	24.3257	0.869739	3
1920	6.00442	12.8861	0.60611	3
1931	7.49291	11.1565	0.576112	3
1937	5.51212	18.36	0.504286	3
1980	5.83974	11.7683	0.409503	3
1998	6.22444	23.9372	1.00181	3
2016	5.90286	4.99448	0.593175	3
2023	7.37723	9.29645	1.09892	3
2027	5.80231	4.78058	1.04029	3
2031	5.103	16.1104	0.270711	3
2048	5.50648	7.09861	0.774015	3
2055	6.61978	18.9625	0.955495	3
2071	5.53351	19.3934	1.11214	3
2082	5.67101	14.1841	0.717281	3
2085	5.10374	14.5782	1.06734	3
2088	5.22985	19.7596	0.640351	3
2089	7.06126	8.35301	0.784343	3
2098	5.9517	12.1863	0.611039	3
2100	5.8615	21.9579	0.89884	3
2102	6.08627	21.1272	1.02622	3
2114	5.8545	9.84771	0.556635	3
2130	5.63467	10.9832	0.978973	3
2135	5.85655	19.0804	0.952176	3
2151	5.98785	9.45733	0.801146	3
2156	7.27557	4.65622	0.593931	3
2167	6.05158	4.45823	0.841946	3
2169	7.40543	23.8311	0.625523	3
2176	7.02257	18.9879	0.903908	3
2178	6.45742	22.9168	0.581826	3
2184	6.23393	0.00797406	0.703836	3
2200	5.42002	8.90399	0.548893	3
2201	7.34417	3.58432	0.351551	3
2206	5.51826	18.1196	0.801528	3
2212	6.38907	16.738	-0.168972	3
2217	7.20339	0.965743	0.540756	3
2223	6.38094	24.783	0.970499	3
2234	6.01545	1.48108	0.774249	3
2237	7.44041	21.9316	0.953047	3
2241	6.16611	23.9887	1.14257	3
2242	5.20013	2.75654	0.912113	3
2246	5.29068	14.7142	0.783504	3
2253	7.1958	12.6714	0.4861	3
2256	6.95987	18.1904	0.856146	3
2259	5.50138	15.6644	1.05765	3
2266	5.68612	6.77169	0.981603	3
2286	7.2803	20.4175	0.160923	3
2291	6.89094	18.4117	0.936279	3
2295	7.09434	9.74588	1.53332	3
2313	6.09089	21.8093	0.472017	3
2317	6.28427	22.9349	0.964894	3
2322	6.1311	23.8692	0.261365	3
2323	5.23136	13.859	0.293427	3
2328	6.97791	22.79	0.801139	3
2331	5.52499	4.88536	0.504561	3
2342	6.91788	21.1728	0.820996	3
2351	5.87212	17.5488	0.886672	3
2356	6.27325	7.96787	0.576597	3
2378	7.41906	8.97535	0.837212	3
2395	7.40319	21.1032	0.31295	3
2399	5.62217	22.6857	0.680667	3
2404	5.75603	24.3163	0.642322	3
2423	6.44596	18.2747	0.473556	3
2451	5.68447	6.23907	0.335392	3
2457	5.14778	3.25823	0.946795	3
2459	5.27287	22.8552	0.599468	3
2492	5.44506	5.92337	0.669512	3
2516	5.26514	20.1475	1.00804	3
2534	5.55383	13.1171	0.908057	3
2541	6.21229	14.8463	0.619333	3
2556	5.83387	13.3818	0.380553	3
2559	6.08316	11.801	0.101207	3
2562	6.6257	12.7295	0.0925745	3
2579	5.34746	18.8009	1.09202	3
2592	6.0602	15.2221	0.501322	3
2597	7.4784	22.6455	0.548039	3
2598	6.68611	17.6586	0.770964	3
2599	5.65116	21.2846	0.926436	3
2607	6.18586	12.2433	0.985848	3
2612	6.7114	17.8507	1.04381	3
2640	7.28424	12.1495	0.49908	3
2643	7.23812	19.7261	0.805153	3
2651	7.08349	20.6699	0.850198	3
2654	5.47211	3.69854	0.78675	3
2662	5.06539	4.42838	0.54948	3
2664	5.13751	24.3218	0.696333	3
2666	7.41181	0.973471	0.419417	3
2692	6.40106	19.1598	0.785106	3
2695	7.20329	19.2453	0.931224	3
2696	6.86798	2.92518	0.754516	3
2699	7.16387	6.36534	0.233196	3
2707	5.93604	18.3403	0.98953	3
2708	7.21745	21.192	1.21694	3
2710	5.50801	1.6776	0.545651	3
2719	5.24846	15.5228	0.328532	3
2751	6.42765	14.0598	1.20256	3
2754	5.91964	0.276901	0.81511	3
2758	7.36636	13.8704	0.775582	3
2760	7.39581	3.15119	0.581178	3
2774	5.82016	24.9092	0.667017	3
2797	6.83285	6.46365	0.463927	3
2799	7.2421	10.9874	1.28168	3
2816	6.61555	15.8053	0.235922	3
2821	5.73906	19.4593	0.809317	3
2825	7.21635	13.4375	0.62097	3
2837	5.29329	19.6186	1.09577	3
2843	6.10526	24.4182	0.0976788	3
2849	6.3398	12.8982	0.972757	3
2858	7.31945	10.3557	0.76098	3
2921	5.07707	21.078	0.720154	3
2929	5.04663	9.52273	1.25542	3
2938	5.08991	23.7868	0.470228	3
2941	7.35043	15.5223	1.07085	3
2943	5.42283	22.9575	1.11831	3
2964	6.7619	20.7222	0.939767	3
2976	7.11849	14.3764	0.586994	3
2980	5.73419	12.889	0.747543	3
2986	5.69808	11.1236	1.09345	3
2993	7.46584	18.843	0.944448	3
2999	6.21195	7.60371	0.488133	3
3001	7.06441	24.325	0.614747	3
3008	6.26767	14.4005	0.924257	3
3030	6.00154	8.20572	0.792824	3
3035	5.76104	23.6922	0.760066	3
3037	6.66118	1.51049	0.587209	3
3052	6.45268	19.8763	0.823281	3
3060	6.25287	1.71379	0.740006	3
3061	5.84371	1.95053	0.595776	3
3064	6.55121	24.3397	0.427993	3
3069	6.04452	18.006	0.97868	3
3072	6.37133	22.4498	1.397	3
3073	6.85204	15.0228	0.703131	3
3090	5.36827	21.9564	1.01155	3
3093	6.62758	13.3916	0.955993	3
3094	5.80494	15.1287	1.14647	3
3102	6.04349	17.9845	1.32551	3
3118	6.23561	17.3612	0.533488	3
3123	6.74137	20.9392	0.981231	3
3132	5.21654	16.6466	0.988982	3
3136	6.38209	16.2588	0.423819	3
3138	5.44043	2.40485	1.02436	3
3147	5.70609	8.83508	1.12849	3
3156	5.68531	18.9758	0.583488	3
3163	7.14484	10.9495	0.650652	3
3164	5.55985	19.808	0.456173	3
3165	7.35135	17.7769	1.04336	3
3179	6.45643	11.3116	-0.22729	3
3192	5.93081	8.69804	1.00734	3
3198	6.41169	19.0767	0.842366	3
3223	7.41093	20.2129	0.730624	3
3244	6.80574	3.54854	0.850951	3
3245	5.30162	20.2584	0.835861	3
3266	6.10443	4.69412	0.478403	3
3276	5.12938	7.09984	0.637666	3
3284	5.45479	8.46772	1.01842	3
3286	6.7491	18.8664	0.80117	3
3287	5.93362	17.8446	0.534024	3
3290	5.96709	0.404566	0.798245	3
3298	6.31618	20.3404	0.223658	3
3300	6.75767	19.8882	0.612597	3
3302	7.09325	6.12598	0.759691	3
3312	5.01062	23.804	0.93653	3
3328	6.62772	2.99773	0.500813	3
3331	6.1309	1.29661	0.60143	3
3351	6.17407	6.66464	0.683147	3
3363	7.22026	7.0633	0.714629	3
3375	6.65701	9.08123	0.775406	3
3383	6.1143	12.8743	0.948762	3
3384	6.0593	9.23661	0.753096	3
3393	6.60728	10.5868	0.622249	3
3419	5.44827	15.2053	0.835843	3
3432	5.18418	16.3048	0.444507	3
3437	5.2927	16.4094	0.742984	3
3443	6.04287	19.5594	1.10676	3
3444	6.28647	19.4468	1.19348	3
3458	7.22119	11.205	0.313705	3
3461	6.08803	19.4404	0.979721	3
3462	7.1479	21.2592	0.641489	3
3472	5.73574	3.56538	0.367053	3
3478	5.38562	16.3902	0.384915	3
3487	7.21758	18.2368	0.891253	3
3489	5.69461	13.2093	-0.175272	3
3494	6.16685	5.20995	0.595527	3
3495	6.60523	16.9714	1.06335	3
3504	6.79878	3.5219	0.611401	3
3513	5.21944	12.4218	0.732697	3
3532	5.82122	7.24081	1.1163	3
3533	6.36643	13.2109	1.01955	3
3542	7.27923	20.6708	0.499439	3
3545	6.47492	8.38496	0.586185	3
3567	5.94891	12.2413	0.704165	3
3575	5.41967	23.9912	1.1067	3
3577	6.23828	1.93661	0.817701	3
3597	7.19542	17.3997	0.641153	3
3600	6.24575	19.3123	0.951338	3
3609	7.3395	13.7802	0.603085	3
3619	5.68227	12.6791	1.05205	3
3661	5.17729	10.9269	0.858797	3
3672	6.97453	17.8772	1.01772	3
3682	5.67763	6.47472	1.0505	3
3696	7.17683	21.1127	0.916864	3
3700	7.47215	13.2742	1.20242	3
3701	5.78356	1.53516	0.704084	3
3709	5.77307	3.80657	0.768291	3
3717	5.02898	16.7558	0.585463	3
3745	7.04783	6.51837	0.909736	3
3746	6.48921	19.2093	0.870846	3
3765	6.839	0.994382	0.846925	3
3821	6.5744	3.52682	1.06114	3
3824	7.23445	17.2146	0.975556	3
3842	5.66894	15.6015	-0.0216333	3
3844	7.20034	5.01353	0.99152	3
3860	5.75498	1.29562	0.550675	3
3878	6.05518	13.1011	0.128411	3
3879	6.07735	12.5883	0.529526	3
3881	6.37509	18.1075	0.776934	3
3899	7.16932	6.36253	0.840714	3
3901	5.55338	0.785503	0.614064	3
3902	5.60287	3.8561	0.417311	3
3903	5.74651	4.04236	0.669196	3
3907	6.61682	9.49927	0.423959	3
3920	6.4299	20.2303	1.07631	3
3921	6.57802	19.2959	0.442467	3
3925	7.24728	22.242	1.31087	3
3929	7.39195	13.6378	0.348595	3
3955	6.11301	0.634234	0.740398	3
3962	5.6003	18.1693	0.714866	3
3963	5.09896	9.73474	0.653137	3
3965	5.20823	22.49	0.926384	3
3967	6.49389	12.1814	0.521736	3
3977	5.41581	18.917	0.686968	3
3985	5.1762	1.73156	0.415692	3
3990	6.73261	4.44342	0.565352	3
3995	6.61526	7.33074	0.565612	3
4001	5.52396	16.2271	0.472342	3
4002	6.71302	12.0475	0.581492	3
4010	6.67434	10.7205	1.15779	3
4023	7.18784	9.4371	1.14541	3
4024	6.8688	4.53461	0.93311	3
4032	7.17913	18.7558	1.06882	3
4036	6.72642	14.1538	0.453856	3
4041	7.27427	12.21	0.145035	3
4045	5.87001	0.162816	0.705635	3
4063	5.97333	24.6587	0.663146	3
4100	5.00802	11.1658	0.847788	3
3	8.15018	19.0428	0.920706	4
11	8.26232	6.28292	0.571106	4
47	8.36152	9.95152	0.947771	4
66	9.2753	20.491	0.955885	4
89	7.70481	10.7962	1.41156	4
103	7.53357	21.8338	0.759391	4
109	8.3733	15.9082	0.791475	4
125	8.96289	21.4022	0.597418	4
130	8.37363	23.4271	0.214205	4
141	9.44946	12.3144	0.324612	4
142	7.52688	7.47987	0.33154	4
147	9.87441	19.9727	1.11463	4
152	8.40019	2.11409	0.681297	4
155	8.65651	12.1242	0.943844	4
161	8.11026	18.9981	-0.141562	4
171	8.74082	8.84276	0.549843	4
188	9.06288	2.16154	0.355643	4
190	8.6839	18.2604	0.708443	4
198	9.27663	14.974	0.997466	4
216	8.54748	0.985534	0.859916	4
217	7.9423	13.9574	0.994556	4
219	8.61725	0.127211	0.626112	4
221	9.18854	0.966414	0.616801	4
227	8.00664	13.7415	1.09437	4
229	8.60152	23.6002	1.20494	4
238	9.42088	9.85691	0.623778	4
253	8.12658	2.70264	0.576789	4
267	7.69325	1.22077	0.423878	4
292	7.69856	3.89646	0.819934	4
309	7.50615	16.0426	0.73043	4
317	9.69223	16.9028	0.0497787	4
370	8.08366	10.2676	0.88389	4
378	8.43861	21.4988	0.938348	4
387	9.69794	22.1931	0.311656	4
399	9.65287	17.8091	0.746663	4
411	8.38102	17.4625	0.822063	4
419	8.12409	18.6487	0.724441	4
424	8.20981	15.8928	0.954084	4
425	7.61835	4.08609	1.32993	4
429	9.38197	24.5174	0.271263	4
446	7.54122	0.761633	0.321186	4
457	8.37414	12.7948	0.973886	4
465	8.56445	19.7549	0.836433	4
497	7.96551	24.2233	0.671474	4
505	8.5442	14.1752	1.06031	4
516	9.13871	3.02355	0.767369	4
525	9.42425	22.1441	1.0449	4
527	8.68167	18.8031	1.06057	4
541	7.51699	6.77504	0.526497	4
555	8.2125	0.122564	0.360528	4
563	8.7255	18.6069	0.691018	4
580	8.74352	22.411	0.465991	4
584	9.91293	17.9638	0.611065	4
593	8.0578	22.7919	0.973347	4
622	9.76118	14.3798	0.256962	4
628	7.85457	18.7954	0.340878	4
640	8.83783	14.3132	0.310714	4
642	9.74868	14.1687	1.0384	4
646	8.48641	3.36983	0.832204	4
654	8.60683	17.3984	0.745047	4
656	9.61111	21.6472	0.784604	4
670	8.11965	5.04309	1.0612	4
678	8.23605	16.6667	0.946698	4
687	8.06934	11.5609	0.253833	4
696	8.47081	9.89234	0.921288	4
712	8.64561	8.91247	0.791361	4
714	9.52912	0.0900795	0.640342	4
715	8.95003	20.0998	0.226922	4
726	9.02337	20.4218	0.695876	4
731	9.80817	20.2152	0.993315	4
742	8.30026	19.0887	0.926986	4
746	8.95736	14.1337	0.670754	4
769	9.13875	19.5026	0.712638	4
781	7.57957	14.0117	0.813332	4
782	8.71201	13.8234	0.731477	4
792	8.77055	14.1234	1.11399	4
795	8.65708	5.21433	0.39555	4
801	8.88394	5.64421	0.847744	4
805	9.98935	10.468	0.590083	4
810	7.87502	5.2712	0.75623	4
811	7.88577	13.6421	0.626342	4
825	8.75297	2.37729	0.920587	4
828	8.25805	5.50256	0.82369	4
830	8.84435	21.7964	0.70704	4
876	9.46436	21.0995	0.691974	4
884	9.63171	17.113	0.477006	4
899	9.93976	6.41594	0.700056	4
902	8.41565	13.1784	0.651434	4
916	7.63241	11.0728	0.0933132	4
921	8.38275	3.57553	0.913355	4
923	8.95318	19.9389	0.96677	4
926	9.62496	10.3845	1.41156	4
938	8.94572	12.1652	0.160796	4
948	7.86045	12.3487	0.966688	4
957	9.14486	15.7488	0.492153	4
972	9.709	22.5634	0.573203	4
977	7.81284	15.6062	0.796616	4
986	8.94166	14.7807	0.946447	4
1003	8.95517	18.3587	0.641542	4
1024	9.91538	16.1915	0.546008	4
1067	8.14941	11.486	0.486264	4
1082	9.42467	14.1946	-0.0897729	4
1095	9.97626	6.41166	0.253274	4
1107	8.70246	6.55085	0.476983	4
1108	8.86041	7.43943	0.771694	4
1127	7.69498	13.0168	0.408328	4
1130	8.49849	10.5312	0.306054	4
1136	8.77604	11.4974	-0.085675	4
1142	7.86074	8.9594	0.561286	4
1147	7.99263	21.135	0.594652	4
1155	8.82865	1.55472	0.829862	4
1165	9.72432	8.83992	0.471208	4
1179	9.40169	7.75655	0.167019	4
1180	9.4749	24.0274	0.0659309	4
1181	8.17782	17.5259	0.923385	4
1192	9.71066	16.1015	0.395757	4
1228	7.66023	20.2832	0.737403	4
1236	9.48534	21.8984	0.943353	4
1242	7.51219	18.648	1.07252	4
1258	9.65036	8.76769	0.84575	4
1268	9.40518	24.8722	0.690803	4
1290	7.831	3.73685	0.703075	4
1291	7.85195	20.345	0.707963	4
1293	8.38364	16.5188	0.94337	4
1295	8.16732	8.1939	0.657724	4
1297	7.88749	6.02231	0.954812	4
1299	9.32204	12.6612	0.517261	4
1300	7.55628	22.8413	0.736177	4
1306	9.09399	12.5557	0.563698	4
1311	9.14186	13.0088	0.0723516	4
1323	7.69153	22.5884	0.986761	4
1330	8.45993	1.2735	0.696696	4
1342	7.99122	21.4443	0.849485	4
1350	9.0355	24.0907	0.256848	4
1357	9.89743	22.5452	0.346459	4
1360	8.80438	23.4176	0.927082	4
1371	8.92642	10.5037	0.697573	4
1382	9.79951	19.2248	1.09402	4
1384	9.7051	24.5311	0.496152	4
1407	9.62751	17.2103	0.523583	4
1418	9.98471	11.7934	1.15099	4
1421	9.52023	8.54118	0.650441	4
1424	9.11862	9.74777	0.354918	4
1435	8.27149	3.00667	0.848734	4
1436	8.63939	14.878	0.825801	4
1458	9.41236	2.55227	0.667882	4
1462	9.70731	5.0635	0.71334	4
1465	9.39241	5.41168	0.630435	4
1467	9.4963	10.8932	0.292774	4
1485	7.73091	15.9576	1.14375	4
1500	8.32382	11.1787	0.270174	4
1510	9.33192	17.3876	0.91053	4
1511	9.33981	17.1607	1.06244	4
1512	8.50542	17.3059	0.824381	4
1520	9.91756	18.7612	0.891247	4
1535	9.84645	3.63407	0.833229	4
1559	9.09105	3.9815	0.334442	4
1560	8.13045	5.44562	0.422006	4
1574	8.29395	23.1837	0.632884	4
1578	9.12536	0.98441	0.876379	4
1587	7.75164	5.11625	0.944073	4
1592	9.67901	14.9286	0.650661	4
1593	9.68417	7.62564	1.17631	4
1596	9.27051	11.6037	0.489015	4
1600	8.67511	11.4878	0.704744	4
1601	9.33364	1.95217	0.55961	4
1602	8.79832	4.48872	0.660964	4
1603	8.1044	2.59537	0.616627	4
1606	7.67022	24.1202	0.829013	4
1631	9.66045	4.70629	0.878766	4
1632	9.32322	15.435	0.212379	4
1641	8.27241	17.2041	0.943701	4
1642	9.0297	22.9661	0.798936	4
1666	9.99245	23.3662	0.34655	4
1668	9.50567	1.3912	0.680044	4
1677	9.84847	3.53812	0.529575	4
1680	7.74532	17.7969	1.14431	4
1681	7.85514	18.1018	0.96531	4
1682	9.251	12.1241	0.406692	4
1683	9.45624	1.7284	0.172001	4
1687	8.38712	6.76018	0.631989	4
1688	8.365	8.27332	0.669057	4
1699	7.66191	12.391	0.788874	4
1705	8.78258	13.0732	0.711369	4
1714	8.17781	1.82123	1.19665	4
1717	9.80795	14.9036	0.680691	4
1724	9.75408	9.69919	0.201852	4
1726	9.68033	9.34982	0.74878	4
1735	7.77208	21.8775	0.774118	4
1738	9.59693	16.8672	0.43869	4
1744	7.81695	23.4293	0.807154	4
1749	8.95485	3.57691	0.742947	4
1767	7.88697	0.48892	0.561648	4
1780	8.84312	5.35491	0.492656	4
1781	8.61201	22.0219	0.883038	4
1782	8.61931	23.4825	0.735766	4
1785	8.15289	23.5259	0.793257	4
1788	7.67928	15.3325	1.06463	4
1795	7.52699	8.86926	0.710928	4
1802	8.36696	13.3795	0.495274	4
1818	8.42419	21.7989	0.736351	4
1821	9.03388	21.4937	0.82062	4
1827	7.63261	14.6582	1.02395	4
1858	9.81232	18.8408	0.822528	4
1863	8.83192	9.42706	0.922633	4
1878	8.9355	24.7066	0.120658	4
1882	9.0839	3.85395	0.546021	4
1889	9.15748	12.7957	0.77747	4
1898	8.53651	2.6539	0.388305	4
1904	9.31404	13.4353	0.582733	4
1909	7.93352	15.4367	0.874316	4
1912	8.67196	19.9325	0.705228	4
1917	8.13952	17.0691	0.884831	4
1918	8.48516	17.5911	0.923596	4
1922	9.61868	4.2637	0.310287	4
1926	9.73322	1.199	0.665808	4
1933	9.53182	10.8465	0.782157	4
1935	8.14226	15.3425	0.768479	4
1936	7.61644	17.8265	0.908934	4
1940	9.30217	20.0073	1.02397	4
1944	8.62124	8.86558	0.331516	4
1946	8.76251	4.54575	0.3664	4
1947	8.54624	6.55373	0.756113	4
1958	8.36284	6.12101	0.643671	4
1970	9.62514	0.978646	0.668667	4
1982	7.9314	19.0621	1.1403	4
1983	9.18545	18.7822	0.969774	4
1988	9.21305	16.0066	0.539785	4
1993	9.76639	11.6131	0.681972	4
2003	7.66833	7.54923	0.61008	4
2009	8.37792	24.9476	0.91444	4
2010	9.70529	19.1084	1.03902	4
2012	9.45556	24.1458	-0.19906	4
2013	7.97365	19.5569	0.706864	4
2026	8.91646	7.35498	0.722695	4
2029	8.53919	0.650247	0.328222	4
2053	8.10077	2.3351	0.631074	4
2058	9.12853	23.3749	0.952627	4
2077	9.63148	18.5195	0.8625	4
2081	8.56323	12.1779	0.931193	4
2101	9.66801	5.23562	0.922206	4
2134	8.59885	3.14484	0.394703	4
2139	7.81517	3.27566	0.786317	4
2142	8.05242	16.4004	1.19759	4
2162	8.71207	15.588	0.520109	4
2173	9.54708	6.36574	0.912199	4
2177	9.17801	12.5713	0.305999	4
2199	9.14517	14.7055	0.697856	4
2204	7.66468	17.5475	1.09815	4
2222	8.19381	0.800572	0.718237	4
2226	9.05025	4.58047	0.201698	4
2230	9.75118	4.40166	0.666033	4
2232	9.89063	4.97185	0.559766	4
2245	9.06053	9.66325	0.469722	4
2250	8.73776	18.7632	0.797779	4
2269	9.97513	15.4269	0.787973	4
2271	8.80335	4.88553	0.382556	4
2272	9.09858	4.75068	0.250862	4
2278	9.27882	15.28	0.889968	4
2293	8.10503	9.9929	0.466679	4
2301	9.34344	24.8233	0.325306	4
2302	9.47335	24.417	0.313024	4
2315	9.91512	0.668738	0.638653	4
2327	9.54497	22.142	0.865449	4
2357	8.59493	6.88584	-0.310578	4
2358	8.7882	15.9593	0.765184	4
2367	8.2843	21.0701	0.755999	4
2384	7.99147	20.565	0.724782	4
2391	8.345	11.3239	0.813487	4
2406	8.62306	23.7186	0.686976	4
2418	8.77762	18.2947	0.921319	4
2427	8.59572	18.9396	1.03492	4
2428	8.03488	18.8354	0.977767	4
2445	9.42061	6.07672	0.754951	4
2447	9.05059	10.5456	1.32008	4
2469	9.22581	14.1364	0.728965	4
2482	8.98899	0.82166	0.70234	4
2485	8.7699	13.1325	0.589712	4
2497	7.99906	21.7417	0.70543	4
2502	9.77865	14.9289	0.151639	4
2508	7.85908	23.7848	0.751311	4
2509	8.09426	20.0158	0.562343	4
2513	8.28857	12.287	0.824454	4
2525	8.78322	6.51466	0.6959	4
2526	9.62354	6.581	0.724698	4
2529	8.79073	10.4877	0.349788	4
2532	8.11908	14.3693	0.70277	4
2535	8.77359	22.552	0.935986	4
2544	9.40645	21.6891	0.968695	4
2545	9.06669	20.1129	0.844857	4
2567	8.37388	15.6364	0.331302	4
2568	9.24419	15.5426	0.628974	4
2584	9.65915	12.4548	0.672968	4
2585	9.09207	20.6791	1.06892	4
2614	7.71184	14.55	1.10583	4
2638	9.70769	9.31374	0.892892	4
2644	8.49189	4.0889	0.778701	4
2650	8.6429	1.2554	0.779616	4
2673	9.45517	16.8734	0.999573	4
2697	8.90563	12.4372	0.852078	4
2705	8.76254	14.3228	0.637703	4
2709	9.33274	18.838	0.707209	4
2729	9.52462	9.556	0.522396	4
2730	8.82892	18.2156	0.336849	4
2732	8.87547	3.58571	0.602307	4
2739	7.79007	10.008	1.16428	4
2740	9.60494	3.32794	0.70468	4
2748	7.63458	17.1952	0.711952	4
2750	9.14958	14.7182	0.714928	4
2752	8.49197	15.1957	0.683212	4
2776	8.31624	20.0419	0.952051	4
2778	8.78385	1.10719	0.4701	4
2786	9.94028	2.52657	1.14784	4
2820	7.6112	17.1481	0.508791	4
2838	8.17292	17.3974	1.04747	4
2839	8.74642	17.5408	1.26923	4
2863	7.53612	12.5603	0.71457	4
2866	7.82241	22.1046	1.03497	4
2870	7.74182	1.84812	1.13327	4
2871	8.13077	1.44123	1.0176	4
2874	9.48112	17.6084	1.03463	4
2876	9.9211	2.81697	0.588643	4
2882	9.62004	11.7187	1.09502	4
2892	8.59178	8.76702	0.631854	4
2912	8.3901	0.738821	0.497056	4
2926	9.45867	11.8028	-0.0766046	4
2946	9.46883	6.01634	0.74588	4
2948	7.52365	13.3225	0.42728	4
2966	9.90427	21.6944	0.183182	4
2989	8.59449	12.49	0.657012	4
2991	9.51454	13.6383	0.783477	4
3012	8.28323	19.1413	0.605425	4
3020	9.52756	6.84003	0.60439	4
3025	8.15795	11.9876	0.230387	4
3031	8.35036	4.27878	0.594752	4
3038	8.76617	5.28033	0.791273	4
3040	8.85436	16.3461	0.682665	4
3046	8.07639	19.6814	0.927012	4
3047	8.9167	20.7293	0.679563	4
3048	8.97744	10.1838	0.663071	4
3053	8.09529	13.259	0.268037	4
3054	8.87069	15.8057	0.225957	4
3076	9.79661	1.13398	0.7525	4
3080	8.16357	0.827961	0.455804	4
3087	8.70937	17.3332	0.431477	4
3095	7.85132	7.93925	0.547801	4
3108	8.42737	2.77937	0.646184	4
3114	7.99434	2.11862	0.347159	4
3133	8.99174	18.0728	0.687119	4
3148	8.54292	8.50293	0.7785	4
3155	7.5262	5.8727	0.818175	4
3171	8.33902	13.682	0.957797	4
3183	9.26515	14.8355	0.799337	4
3213	8.92107	9.63798	0.880299	4
3215	8.12942	18.4908	0.670212	4
3229	9.8025	7.18301	1.25872	4
3249	9.83334	6.28919	0.135562	4
3255	9.7163	5.55368	0.92151	4
3257	9.85469	16.9797	0.711933	4
3262	8.64795	12.6067	0.471787	4
3264	9.44092	10.8867	1.07443	4
3268	9.94091	19.1571	1.06838	4
3273	9.177	23.3612	0.71028	4
3274	7.99531	8.79478	0.859477	4
3278	8.98429	21.8249	0.7767	4
3283	8.35673	6.28297	0.654242	4
3289	8.23164	13.7652	0.645063	4
3292	8.47379	17.8902	1.09659	4
3305	8.43231	1.67184	0.805586	4
3313	9.92252	23.2604	0.370814	4
3321	9.65312	11.9948	0.766285	4
3326	7.56986	19.7267	1.07571	4
3327	7.88333	19.1509	0.719388	4
3329	9.89217	5.06076	0.289281	4
3337	7.50015	24.5534	0.80912	4
3338	9.80303	0.612244	0.575808	4
3355	9.26853	9.71287	0.266051	4
3358	8.56536	6.77612	0.558883	4
3362	9.07245	22.6014	0.986151	4
3369	8.3041	3.55566	0.418735	4
3385	9.72645	18.765	0.659944	4
3403	8.89777	14.627	1.01355	4
3412	9.29759	15.1009	0.342782	4
3413	9.44779	14.5942	0.0707433	4
3421	8.33283	14.1563	0.948812	4
3424	9.21868	8.82343	0.653646	4
3426	9.00689	4.69314	0.729306	4
3431	8.51051	11.1716	0.422285	4
3434	8.69325	5.85203	0.674545	4
3446	8.94279	8.48797	0.687647	4
3449	8.98005	21.0999	0.814474	4
3467	9.75218	18.7602	1.17986	4
3496	9.27069	22.9674	0.670894	4
3521	7.6125	1.15942	0.794097	4
3546	8.50487	3.43566	0.660635	4
3555	8.21033	13.3763	0.81084	4
3557	7.63629	18.9011	1.37361	4
3559	7.71036	3.67645	0.848884	4
3570	8.02018	11.1775	0.746518	4
3576	7.64843	8.9205	0.65454	4
3631	9.32381	14.5059	0.326425	4
3642	8.43735	2.60674	0.705426	4
3658	7.52959	6.15534	0.413653	4
3663	7.58369	23.5154	0.505688	4
3668	8.34892	22.3388	0.684954	4
3670	8.99438	2.74727	0.785331	4
3685	7.79911	20.0578	0.39873	4
3692	8.78535	2.8521	0.577493	4
3693	8.90374	3.20235	0.517053	4
3704	8.7306	12.6097	0.567586	4
3725	8.68253	3.5508	0.728306	4
3738	8.24028	12.4538	0.756936	4
3743	9.38756	17.6705	0.787508	4
3752	8.4014	5.51141	0.747742	4
3753	8.42106	9.51675	0.439357	4
3759	9.55528	17.5237	0.928646	4
3761	8.17637	17.3881	0.851248	4
3775	9.52599	1.53711	0.443796	4
3778	8.7122	8.76506	0.707142	4
3808	9.59672	8.68384	1.22935	4
3811	8.33528	15.5985	0.827172	4
3812	7.84472	15.6962	0.822697	4
3822	8.27553	20.5116	0.807695	4
3823	7.87489	17.9664	1.30384	4
3840	7.85946	4.65086	1.0434	4
3841	7.62354	4.09533	0.751502	4
3846	7.54317	20.7988	0.811821	4
3853	8.56436	0.75104	0.241056	4
3870	8.17297	23.3935	0.920132	4
3872	8.53483	12.0415	0.931686	4
3893	9.72765	16.1306	0.609762	4
3900	7.60548	6.74794	0.494078	4
3908	8.91695	13.8253	0.77005	4
3924	8.34347	16.9322	0.793006	4
3926	9.39287	6.86004	0.412943	4
3930	8.17037	13.407	0.120861	4
3947	7.65739	2.74388	0.666576	4
3948	8.25574	2.63215	0.684124	4
3950	8.66461	17.4136	1.43719	4
3960	9.41566	13.0216	0.603658	4
3961	8.68634	12.5445	0.42568	4
3970	8.63311	18.9887	0.475645	4
3971	9.09103	11.0042	0.879826	4
3979	9.45579	11.2731	0.270897	4
3980	8.43713	10.3415	0.964965	4
4004	8.61104	1.62351	0.580448	4
4008	8.0452	23.3881	0.588347	4
4015	9.69843	3.60777	0.624078	4
4017	9.79419	14.7467	0.462344	4
4018	9.10074	7.49299	0.165417	4
4025	8.56035	1.85544	0.763287	4
4027	8.34201	0.258194	0.546292	4
4048	9.89289	3.76465	0.617698	4
4067	9.91192	10.2938	0.514765	4
4069	8.46987	11.6682	0.731348	4
6	10.4851	21.1544	0.713062	5
16	12.3487	15.6086	0.388395	5
29	11.5526	19.8003	0.299451	5
42	11.108	19.0846	0.334168	5
48	12.1861	10.9757	0.555441	5
59	11.6919	18.3065	1.38887	5
77	10.0784	3.7536	0.671435	5
118	12.4713	2.66243	0.598147	5
137	10.4858	18.5457	0.721011	5
149	12.1152	10.9476	0.0668966	5
150	10.8842	8.797	0.498766	5
157	10.1161	1.81278	0.512107	5
166	11.1326	11.5256	0.849907	5
168	11.3139	1.30981	0.491749	5
175	11.8163	2.78891	0.54792	5
178	12.2914	14.9111	0.0259441	5
202	11.4382	20.0797	0.576891	5
203	11.3336	23.1534	-0.00529818	5
213	11.7809	11.8713	0.277757	5
223	11.3158	13.5589	0.0646574	5
246	11.7671	1.14026	0.437531	5
259	11.1198	17.0354	1.0927	5
273	12.1737	23.089	0.44927	5
284	10.9969	0.067106	0.362661	5
296	10.7158	21.7274	0.649368	5
308	10.0902	16.5209	1.10283	5
321	10.3187	7.29687	0.455007	5
327	12.389	1.26112	0.458622	5
345	11.72	7.28296	0.459	5
347	10.9576	23.0873	0.718827	5
364	12.0734	6.53616	0.689182	5
379	11.1777	4.08261	0.596397	5
385	12.1731	9.8776	1.0567	5
415	12.0983	14.0218	0.870133	5
423	12.2063	13.7393	0.0114001	5
430	10.9756	22.84	0.510636	5
441	11.6531	7.7186	0.382283	5
455	11.9165	9.58257	0.53638	5
456	11.3807	13.2106	0.438346	5
482	11.0852	23.0817	0.922166	5
483	11.5586	23.3737	1.07521	5
486	11.1887	11.9076	0.834924	5
510	11.1335	20.8789	0.739038	5
520	10.4166	16.556	0.861361	5
526	11.6395	15.151	0.41025	5
533	10.4605	4.67041	1.26784	5
560	11.6853	0.50478	0.834989	5
566	10.9966	14.0057	0.636447	5
575	11.2009	16.5753	0.684178	5
594	11.0955	4.50778	0.66818	5
599	11.6018	16.6835	0.717667	5
604	11.6576	13.7422	0.4304	5
605	11.5544	19.0533	0.638785	5
618	10.1443	19.3752	0.738779	5
639	12.1651	16.1623	0.340927	5
651	11.3786	3.17648	0.438715	5
652	10.649	1.6652	0.828594	5
660	12.4112	3.46195	0.776885	5
664	10.5412	19.9671	0.800054	5
667	12.1274	3.5102	0.229968	5
676	11.6655	3.75231	0.885599	5
679	12.3566	19.451	0.850356	5
692	12.1038	21.0853	0.482942	5
694	10.5693	11.1851	0.89193	5
718	11.6081	22.0523	0.564387	5
727	11.9675	23.0613	0.643734	5
744	12.0637	22.1677	0.699793	5
747	10.6559	6.20258	0.0497331	5
768	11.0369	14.0418	0.410347	5
771	12.4914	20.4054	0.122649	5
774	10.7818	9.0692	0.524499	5
785	11.3203	11.0705	0.536259	5
816	12.2113	24.6375	0.681347	5
827	12.0076	17.7136	0.992449	5
832	12.2433	3.93577	0.725724	5
858	12.0349	4.55798	0.680405	5
861	10.8074	10.2262	0.573786	5
868	12.2035	19.5241	0.366727	5
869	10.1061	7.97598	0.841485	5
883	11.201	2.59669	0.622125	5
889	11.8021	23.9692	0.115618	5
909	10.3085	18.1383	1.08817	5
910	12.3153	22.2216	0.685014	5
911	11.5092	21.2971	0.0916373	5
920	11.4074	5.52533	0.446329	5
929	12.2225	0.912694	0.668003	5
932	10.3906	14.7298	0.312445	5
934	11.3077	8.32423	0.247836	5
940	10.4062	13.0038	0.514461	5
942	10.8449	8.49932	0.37247	5
944	12.0464	4.57001	0.488954	5
947	11.4452	11.6243	0.592528	5
959	10.6282	1.51804	0.641842	5
964	11.8159	4.78562	0.469736	5
991	11.0721	8.19228	1.08619	5
1004	11.6897	6.97107	0.810797	5
1005	11.5948	12.2236	0.319476	5
1035	10.6596	18.1014	0.778857	5
1036	11.5867	7.30286	0.795263	5
1044	12.4139	6.05969	0.431592	5
1050	11.8495	17.1629	0.487396	5
1052	10.6658	0.83407	0.637183	5
1072	10.2395	16.6891	0.678375	5
1078	10.5084	1.5482	0.368993	5
1081	11.641	5.26548	0.340363	5
1086	10.4654	24.4472	0.185602	5
1087	10.3726	8.75437	0.837034	5
1100	10.7609	17.0407	0.818189	5
1109	10.0219	18.9344	0.764615	5
1161	11.5237	12.1336	0.727103	5
1171	10.8758	21.064	0.0247979	5
1172	11.6184	22.4407	0.0816714	5
1174	10.9775	20.6447	0.856169	5
1188	10.5619	7.29699	0.471409	5
1189	11.4016	5.31148	0.384776	5
1191	10.0551	12.7096	0.822958	5
1205	12.4264	4.79581	0.42032	5
1209	12.2637	20.4027	0.486923	5
1211	11.6333	4.64056	0.61882	5
1224	10.8877	5.95403	0.580766	5
1227	11.9788	21.4241	0.493438	5
1230	11.8507	16.4208	0.423922	5
1231	10.3036	2.38317	0.665165	5
1233	12.3955	15.3604	0.819174	5
1253	10.0097	14.2103	1.07869	5
1255	11.4721	16.6828	0.823867	5
1273	12.0261	4.48111	0.813508	5
1280	11.3275	0.984402	0.437622	5
1282	11.9901	0.133065	1.0894	5
1287	11.555	22.7142	0.858769	5
1315	10.8899	8.50444	0.221328	5
1319	10.487	10.2738	0.49782	5
1324	12.0565	1.66541	0.511544	5
1337	10.8318	23.841	0.775336	5
1359	11.4186	12.197	0.125414	5
1364	12.4872	14.404	0.640775	5
1379	11.4265	10.1198	0.380429	5
1381	11.7511	19.1793	1.06016	5
1386	10.4974	0.757342	0.46755	5
1391	12.3875	3.73386	0.869588	5
1398	10.5116	16.0629	0.686437	5
1406	10.7834	9.9138	0.866244	5
1408	10.2256	1.25188	0.70466	5
1416	11.1921	0.924788	0.665157	5
1430	11.695	21.2556	0.692686	5
1450	10.1049	3.9836	0.580188	5
1470	10.3948	8.81191	0.455928	5
1503	10.7939	3.00325	0.482844	5
1504	11.8365	3.5324	0.243113	5
1541	12.2838	16.5949	0.499398	5
1564	11.6725	6.63414	0.474463	5
1568	11.7602	20.5569	0.924414	5
1575	11.8461	0.368659	0.855329	5
1597	10.5937	12.7606	0.517189	5
1609	11.8636	23.8349	0.727381	5
1612	11.2091	14.6772	1.18645	5
1613	10.5669	23.1637	0.712432	5
1614	10.2906	22.6834	0.613343	5
1620	10.5417	10.8044	0.582362	5
1621	11.6975	17.3454	0.920623	5
1624	10.0206	5.25788	1.19166	5
1627	10.8201	5.25342	0.598815	5
1667	12.439	1.78376	0.350572	5
1672	11.8519	8.54301	0.641668	5
1695	11.8786	1.19092	0.569292	5
1703	12.3601	7.52922	0.252701	5
1706	10.1363	13.0048	0.7154	5
1719	12.3571	14.0208	0.699939	5
1733	11.6231	2.23486	0.478031	5
1734	11.9059	5.48646	0.382361	5
1772	10.3993	11.678	0.783877	5
1779	11.6731	9.26965	0.29668	5
1783	10.5679	7.65152	0.277934	5
1797	12.3016	6.07939	0.611507	5
1803	12.1794	20.1736	-0.185246	5
1823	10.8146	15.3297	0.44417	5
1831	10.8777	18.6218	0.922529	5
1845	12.1913	11.2302	0.681287	5
1855	11.6892	3.36348	0.798008	5
1860	10.8633	11.8942	0.456557	5
1866	11.5436	4.99984	0.633109	5
1870	11.9668	5.68596	0.547025	5
1876	10.8829	2.8423	0.184301	5
1885	10.1149	13.5876	0.410607	5
1887	12.2063	5.74726	0.0424336	5
1888	11.0129	15.5995	0.661979	5
1903	10.5409	18.7676	0.947097	5
1905	11.6724	10.2443	0.369004	5
1907	10.1884	15.176	0.544637	5
1911	10.3096	8.47488	0.62153	5
1921	11.952	1.73386	0.24407	5
1962	10.1437	17.0016	0.501138	5
1964	10.1141	6.83435	0.135037	5
1971	11.9527	19.5161	0.88349	5
2025	11.8524	9.22312	0.27052	5
2030	10.3503	0.812726	0.576182	5
2057	12.4795	5.90502	0.632867	5
2065	10.6772	4.15942	0.569733	5
2066	10.8281	15.3066	0.548627	5
2067	10.1463	15.8741	0.706451	5
2068	10.4133	14.8386	0.762154	5
2086	11.5015	21.886	0.796606	5
2159	11.9745	3.97001	0.414724	5
2168	10.1645	10.2065	1.16676	5
2170	11.7927	16.1684	0.417995	5
2171	10.7096	5.29728	0.424883	5
2174	11.0221	17.122	0.591994	5
2186	10.1724	22.4243	0.826588	5
2187	10.3626	20.8236	0.434305	5
2189	11.6837	13.7308	0.658567	5
2190	12.1213	8.45706	0.852632	5
2191	12.215	21.9186	0.566049	5
2196	10.0684	5.08294	1.26288	5
2213	11.1185	10.842	0.647872	5
2228	12.3396	9.79319	0.466279	5
2238	12.3625	19.7777	0.098878	5
2252	11.6197	24.6113	0.684581	5
2268	11.3639	3.98073	0.733607	5
2289	12.163	12.8548	0.61976	5
2311	10.7905	3.21922	0.508719	5
2321	10.0954	0.555016	0.662648	5
2352	12.3974	19.8345	0.461245	5
2359	11.3254	17.5766	0.725815	5
2368	11.7094	1.55405	0.3784	5
2381	11.6327	6.20476	0.248005	5
2397	12.0094	15.2673	0.393102	5
2401	10.5907	8.32558	0.928425	5
2422	10.5522	18.2193	0.777571	5
2429	11.6146	5.9944	0.413729	5
2441	10.8124	6.18168	0.0278296	5
2446	11.9283	9.75165	0.991995	5
2460	10.9253	24.1192	0.911768	5
2466	11.3985	18.8162	0.618518	5
2467	12.3584	19.502	0.121074	5
2468	10.6863	23.9094	0.379894	5
2472	10.2982	16.9268	0.785939	5
2491	10.56	8.25338	1.04908	5
2493	10.4873	12.9547	0.608291	5
2514	12.0282	0.623493	0.66983	5
2527	11.5555	5.04853	0.488953	5
2528	11.4504	15.0427	1.27025	5
2531	11.814	12.9838	0.5559	5
2536	12.449	9.62072	0.355697	5
2540	11.1638	5.93363	1.14278	5
2564	10.6921	11.0915	0.0429577	5
2613	11.3676	8.56914	0.231211	5
2625	10.5002	3.12043	0.950675	5
2633	11.5125	9.47918	0.749006	5
2641	10.8908	5.57698	0.61667	5
2642	11.8659	24.2908	0.67389	5
2657	11.3326	6.96718	0.695273	5
2659	10.5828	4.34416	0.260843	5
2663	11.0569	3.66271	0.622928	5
2669	10.7062	5.16806	0.455018	5
2671	11.2129	4.93156	0.565626	5
2685	11.4294	8.99358	0.461254	5
2687	11.1985	5.99025	0.440373	5
2703	11.9076	15.4588	0.679967	5
2716	11.1345	17.3375	0.657876	5
2717	12.059	16.1601	0.633433	5
2737	11.5638	22.339	0.761935	5
2738	10.142	19.5343	0.870905	5
2756	11.9543	19.516	0.585905	5
2768	12.4688	13.7103	0.5374	5
2773	11.6784	1.46234	0.266099	5
2777	10.2395	19.1147	1.07484	5
2787	10.1273	7.80929	0.61541	5
2791	10.7031	5.03589	0.3889	5
2792	10.8412	14.6598	0.950143	5
2811	12.0655	11.3555	0.569565	5
2813	10.5798	5.01756	0.770042	5
2823	10.6949	10.6147	0.575374	5
2824	11.2983	8.33147	0.845471	5
2833	11.5092	9.01235	0.526265	5
2842	12.1078	5.50827	0.218062	5
2846	11.1483	1.96551	0.687469	5
2853	10.974	20.1007	0.956827	5
2918	12.1893	19.7106	0.167949	5
2922	11.1026	17.2197	1.09638	5
2931	11.6475	17.1728	0.784848	5
2939	12.1878	7.93052	0.410809	5
2958	11.8807	20.6291	0.701971	5
2968	12.466	24.9015	0.474491	5
2969	10.9445	7.5539	1.05047	5
2972	10.0693	12.2298	0.921326	5
2973	10.3755	12.6127	0.813134	5
2977	10.9698	24.2797	0.277187	5
2983	11.3006	21.1029	1.01434	5
2996	11.1595	13.0531	0.914277	5
3006	12.1764	2.58871	0.701654	5
3011	11.0088	14.9914	0.484899	5
3016	11.9103	2.62749	0.41511	5
3017	12.1482	7.40334	0.753239	5
3045	10.8015	18.0838	0.699969	5
3056	10.703	1.01865	0.435575	5
3063	10.3943	2.76708	0.699175	5
3067	12.1275	11.6104	0.361722	5
3071	11.3222	12.0456	-0.01528	5
3077	11.2985	15.8869	0.542349	5
3101	11.6245	2.21228	0.613181	5
3105	10.2401	21.1324	0.366408	5
3117	10.6766	8.25297	0.231234	5
3119	11.2616	1.6422	0.614373	5
3139	11.6563	19.4913	0.265322	5
3140	11.4689	5.73779	0.569901	5
3141	11.1838	5.44148	0.509593	5
3182	11.9437	8.42469	0.941198	5
3193	10.9934	24.5802	0.875107	5
3196	11.3165	11.281	0.791746	5
3200	11.1682	17.7131	0.143156	5
3202	11.79	3.8294	0.876641	5
3206	12.0959	11.5053	0.853994	5
3218	10.384	4.83048	0.671388	5
3219	10.3039	10.0984	0.62993	5
3238	11.7974	9.22994	0.441283	5
3242	11.2359	1.77595	0.543899	5
3243	12.097	2.18319	0.813247	5
3248	10.4187	5.90843	0.174441	5
3250	10.5288	6.60784	0.235916	5
3261	11.9289	5.84297	0.51808	5
3263	10.1567	10.5152	0.690462	5
3280	12.2265	8.69576	0.573625	5
3281	11.5821	8.01968	0.788983	5
3344	11.3643	23.7061	0.154364	5
3347	11.5707	11.1097	0.585897	5
3361	11.191	3.0096	0.444188	5
3390	10.7865	8.98757	0.580379	5
3422	11.3038	20.1876	0.651109	5
3497	11.4788	2.32156	0.264408	5
3505	12.3615	5.86982	0.482379	5
3508	12.1277	19.2874	0.152953	5
3516	12.1156	3.47576	0.289569	5
3534	11.9557	0.564509	0.823944	5
3558	10.2891	5.31697	0.96469	5
3604	11.8114	5.00964	0.892711	5
3607	12.3749	10.2508	0.587745	5
3621	11.7674	8.10888	0.37591	5
3628	11.718	14.4817	1.30249	5
3635	11.5161	11.7736	0.158573	5
3640	11.1235	0.613227	0.94699	5
3652	12.0947	3.90309	0.808119	5
3673	10.6739	3.22041	0.831383	5
3674	10.9025	3.36686	0.794255	5
3676	11.0007	4.81378	0.45811	5
3677	10.6065	18.3581	0.43056	5
3678	12.0923	1.00077	0.647459	5
3679	12.1748	5.69145	0.29923	5
3702	11.1594	14.5024	0.447499	5
3711	10.081	14.5015	0.684408	5
3721	12.1513	21.9408	0.158901	5
3723	10.5883	5.39441	0.681916	5
3732	11.4206	20.8291	0.926489	5
3734	11.126	6.04789	0.0184335	5
3747	11.9482	18.8438	1.01928	5
3760	11.413	13.7111	0.14547	5
3766	11.046	18.5155	0.132765	5
3780	11.137	16.4896	0.864083	5
3792	10.7025	21.4726	0.246819	5
3793	10.3072	2.80085	0.659123	5
3805	10.6299	21.8511	0.895005	5
3806	10.4504	22.0717	0.779768	5
3820	11.4242	1.96654	0.241037	5
3837	12.2377	17.9088	1.06869	5
3839	11.5545	1.02538	0.347395	5
3854	12.2831	15.1942	0.559129	5
3858	12.3674	23.7767	0.68662	5
3873	10.25	2.34873	0.608091	5
3888	11.9837	5.56711	0.651852	5
3894	12.1243	9.69143	0.596486	5
3896	10.8878	4.21015	0.838618	5
3897	10.9154	4.45897	0.371096	5
3916	12.3714	20.597	0.160525	5
3919	11.0838	9.35992	0.45424	5
3923	11.6885	2.68892	0.639523	5
3938	11.6199	6.12282	0.815915	5
3944	11.0978	24.202	0.510543	5
3945	10.7449	24.111	0.591915	5
3957	10.0047	14.6054	1.20815	5
3966	10.924	7.00846	0.254403	5
3972	12.0808	16.1978	0.43853	5
3978	11.5166	5.67023	0.440566	5
3986	10.9308	4.79584	0.419361	5
4028	11.0949	5.20676	0.275835	5
4030	12.0113	21.1322	0.733882	5
4039	12.4518	13.6899	0.766045	5
4043	11.5734	6.10567	1.24152	5
4046	11.0405	6.54239	0.632135	5
4050	11.837	21.8977	0.687497	5
4051	11.1732	22.8102	0.767279	5
4054	11.9448	1.27584	0.346629	5
4057	11.5236	16.7249	1.04632	5
4061	11.1407	14.8862	0.745685	5
4073	10.0078	9.19866	0.578293	5
4074	10.4972	16.5778	0.974013	5
4075	10.9885	8.53605	0.658118	5
4081	10.7848	5.23635	0.589017	5
4084	10.7782	3.17634	0.798273	5
4088	10.0399	7.58368	0.550534	5
4096	11.7361	1.42858	0.542868	5
4097	11.8968	1.50928	0.35758	5
4098	10.1942	5.58924	0.826079	5
1	13.2539	5.52528	0.639604	6
2	13.1062	1.24775	0.725731	6
19	12.7543	14.068	0.665503	6
26	13.5267	21.6279	0.524022	6
30	14.6726	15.6336	0.397084	6
49	13.0139	0.897992	0.444004	6
57	14.734	17.4668	0.758604	6
61	13.7841	18.3643	0.802651	6
70	14.1427	4.96989	0.68512	6
73	12.5008	15.3375	0.308783	6
78	13.7638	16.6259	0.816309	6
82	14.7229	24.6412	0.107343	6
104	13.3917	3.46186	0.897581	6
107	13.7985	14.9657	0.717793	6
110	13.0104	5.85258	1.09762	6
116	14.8104	0.958229	0.335215	6
121	14.0932	24.9687	0.564356	6
132	13.6193	13.739	0.330408	6
138	14.9046	0.804223	0.496998	6
156	12.8149	12.0997	0.305337	6
191	13.8739	12.8156	0.32782	6
192	13.6688	22.2732	1.00397	6
212	14.4538	17.9051	0.59747	6
225	14.6121	18.8024	0.619558	6
232	13.7056	16.1757	0.262562	6
245	13.8238	20.6932	0.323053	6
263	12.9798	22.727	0.434912	6
269	13.7474	15.8115	0.928644	6
270	12.9467	7.32517	0.444973	6
274	13.5662	14.6553	0.423907	6
282	13.7225	3.40642	0.565947	6
283	13.4137	24.6228	1.0363	6
285	14.4647	2.7114	0.521407	6
288	13.2306	3.88082	0.329727	6
297	12.5171	5.29024	0.418373	6
303	14.1568	6.78154	0.3856	6
307	14.6692	6.52142	0.646829	6
319	13.1894	15.9596	0.644807	6
324	13.28	15.7918	0.743399	6
333	14.3679	5.71678	0.526334	6
338	13.6512	5.60583	0.362959	6
355	13.1153	21.6828	0.745835	6
360	12.8743	3.35085	0.497585	6
394	13.3104	17.4015	0.78876	6
433	13.3154	18.1498	0.98161	6
447	12.7649	2.86605	0.426925	6
448	13.2364	2.48542	0.735398	6
449	13.1118	11.2677	-0.0832228	6
458	14.7003	0.311147	0.227662	6
464	14.6454	1.19079	0.33106	6
480	13.182	16.3352	0.674156	6
493	12.7309	0.245313	0.910162	6
506	13.1497	8.46711	0.126977	6
507	12.5486	4.75255	0.360632	6
518	14.497	22.8479	0.212148	6
531	13.2547	0.104482	0.291313	6
537	13.6543	10.537	0.329371	6
549	12.5116	21.6112	0.419254	6
550	12.9537	16.744	0.418635	6
559	12.5266	15.6588	0.743657	6
572	13.8948	17.4313	0.767552	6
573	13.9659	10.0685	0.921815	6
577	14.4882	5.38399	0.26062	6
578	14.6129	11.5068	0.16268	6
579	13.8242	7.60932	0.259099	6
588	13.2829	11.7382	0.317645	6
592	13.6381	22.8076	0.456517	6
600	12.7598	13.5158	0.913125	6
643	13.0161	16.0308	0.974556	6
649	13.3427	10.6975	0.259605	6
665	14.7547	7.88205	0.568349	6
675	14.0455	24.8058	0.410965	6
695	14.7575	8.68945	0.402674	6
709	12.7314	24.8618	0.622355	6
739	14.2478	5.98584	0.219772	6
757	14.8268	10.4897	-0.101436	6
770	12.5283	18.3691	0.851258	6
775	14.3386	21.7504	0.231195	6
778	13.3231	22.8789	0.463697	6
784	14.6472	13.7691	0.369721	6
794	12.9294	23.4849	0.471601	6
806	14.6949	4.23957	0.307982	6
808	14.9663	4.02215	0.26699	6
818	14.7714	2.34839	0.0912823	6
824	13.2562	22.2766	-0.152531	6
826	13.4048	6.29763	0.881823	6
837	14.4813	17.0339	0.779624	6
860	14.898	14.1528	0.647481	6
870	14.6886	13.7175	0.757158	6
872	14.0182	20.0707	0.599732	6
894	12.8385	0.0633786	0.154342	6
898	13.7469	24.217	0.656671	6
903	13.1677	19.613	0.40719	6
925	13.5175	16.1698	0.81333	6
946	13.9159	18.233	0.493269	6
955	14.7007	21.7695	0.551705	6
967	13.1839	16.9935	0.971475	6
969	12.8467	7.87435	0.147368	6
974	12.9869	3.91522	-0.121215	6
1008	13.6436	11.8794	0.0568167	6
1018	14.3342	3.08057	0.661158	6
1025	14.1506	17.3619	0.642777	6
1027	13.0002	7.94527	0.59546	6
1047	13.6072	5.61998	0.630715	6
1051	12.9351	21.0954	0.794309	6
1063	12.6479	6.56029	0.504585	6
1064	13.2846	24.9243	0.745043	6
1066	12.634	9.28847	0.499377	6
1070	14.7309	15.7863	1.03391	6
1073	14.4872	5.91849	0.434704	6
1094	12.5451	10.0305	0.455475	6
1102	13.6271	4.7429	0.917935	6
1106	14.5334	12.2227	0.510214	6
1113	12.824	13.2864	0.469917	6
1122	13.1211	14.078	0.372514	6
1144	12.6512	21.6494	0.505761	6
1159	13.0378	7.965	0.243619	6
1160	14.714	12.1717	-0.00383843	6
1162	13.1044	10.0015	0.275343	6
1194	12.7767	13.4531	0.421854	6
1195	14.5728	23.9672	0.508932	6
1199	13.0548	7.73472	0.403991	6
1206	13.5307	6.35687	0.421784	6
1207	14.6776	13.098	0.574906	6
1248	14.892	15.0615	0.512304	6
1249	13.4217	22.541	0.403485	6
1250	13.4442	3.59954	0.781967	6
1259	13.0127	22.4781	1.2561	6
1269	14.4941	12.2473	0.496901	6
1274	14.5782	8.08125	0.782463	6
1276	14.4672	7.63392	0.421534	6
1277	13.7944	8.312	0.498656	6
1278	13.1138	10.7649	0.454206	6
1286	12.592	5.79651	0.407286	6
1320	13.2374	16.0453	0.760293	6
1344	13.4971	7.2155	0.760821	6
1365	14.0496	10.2884	0.893083	6
1370	14.1251	17.3231	0.328432	6
1376	13.7917	19.2224	0.77783	6
1377	14.7237	23.5816	0.479804	6
1380	14.1784	13.1902	0.614728	6
1405	14.6461	23.6266	0.202908	6
1410	14.0128	2.45555	0.430945	6
1411	12.898	5.46695	0.39414	6
1412	13.4507	14.3478	0.449412	6
1414	14.8462	2.15229	0.556244	6
1428	14.4232	22.0346	0.578048	6
1429	14.6289	2.17953	-0.0396093	6
1443	14.4246	15.1641	0.558423	6
1446	13.762	6.4317	0.30902	6
1448	13.0011	18.6455	0.758177	6
1456	14.4104	8.6466	0.670101	6
1459	14.6532	5.11453	0.892709	6
1463	13.9362	5.15637	0.499138	6
1469	13.8287	2.36318	0.44859	6
1480	14.8551	20.3346	0.217523	6
1482	13.1639	1.62431	0.29062	6
1486	13.6928	12.055	0.422702	6
1524	13.0467	4.06443	1.06169	6
1546	14.1951	23.1916	0.436473	6
1552	13.2556	13.028	0.890965	6
1557	13.184	11.002	0.735635	6
1595	14.6192	16.8558	0.706525	6
1616	13.4389	8.05422	0.0574588	6
1625	14.6025	1.33816	0.123142	6
1626	13.6294	1.6894	0.29919	6
1628	14.8104	17.0287	1.28136	6
1630	13.3519	22.5308	1.3567	6
1646	14.4564	18.1738	0.381508	6
1663	13.4568	18.3125	0.977551	6
1693	14.7309	15.5171	0.882507	6
1707	12.8024	14.7853	0.729403	6
1712	13.6648	2.19791	0.382095	6
1720	13.25	14.3209	0.510111	6
1729	13.3114	11.6822	0.0615189	6
1741	13.9042	24.5129	0.535757	6
1766	13.5032	3.88433	0.493594	6
1776	13.9508	10.8194	0.177083	6
1777	13.6985	9.76856	0.464936	6
1804	13.6672	16.5176	0.389337	6
1806	13.5914	3.98984	0.129453	6
1826	14.8314	3.36155	0.263282	6
1846	12.8567	14.9271	0.407927	6
1865	13.8466	13.2534	0.509739	6
1873	14.9848	5.08608	0.793319	6
1881	14.5558	7.39909	0.475706	6
1900	12.7666	16.6846	0.222693	6
1910	13.3612	9.59571	0.470354	6
1929	13.0735	12.6518	0.470907	6
1961	12.9009	20.8336	0.523526	6
1965	12.6949	10.4185	0.963642	6
1966	14.4562	10.737	0.1229	6
1967	13.015	13.7104	0.19884	6
1978	14.174	4.11307	0.504275	6
1987	12.5861	23.2819	0.742849	6
2005	14.0781	14.7399	0.319915	6
2006	13.6072	23.569	0.973428	6
2028	14.1251	23.6651	0.119387	6
2041	13.0562	22.6199	0.106769	6
2042	13.9235	6.85415	0.0706746	6
2056	12.9708	6.51855	0.782201	6
2061	13.1676	14.7891	0.839529	6
2073	13.2673	17.2883	0.304013	6
2074	13.0846	0.264101	0.601529	6
2076	13.3873	6.96914	1.1961	6
2078	14.6505	18.1333	0.819812	6
2094	14.4831	10.5357	0.145232	6
2095	14.6164	11.5615	0.273833	6
2132	14.3675	14.9554	0.781658	6
2147	12.5368	8.59564	0.321888	6
2153	14.1243	13.1589	0.815393	6
2154	12.7847	19.7719	0.387699	6
2161	12.7442	1.62216	0.802344	6
2164	14.5543	12.1632	0.22383	6
2175	13.3178	13.9667	0.547951	6
2183	14.8304	9.34779	0.108125	6
2195	13.2847	21.3725	0.389407	6
2198	14.3568	21.9757	0.961419	6
2202	13.1984	16.9597	0.773861	6
2207	12.9959	20.3056	0.240427	6
2210	12.6539	5.95857	0.485618	6
2211	13.5052	5.42099	0.610007	6
2219	14.3094	23.0603	0.933167	6
2220	14.1093	11.4019	0.0609445	6
2221	13.7928	11.0998	0.209259	6
2255	13.0864	9.05068	0.223834	6
2262	13.6967	15.6136	0.132897	6
2263	12.8243	19.8374	1.02352	6
2267	14.8334	21.5045	0.36226	6
2274	13.1482	12.1729	-0.0898823	6
2276	12.6295	22.6573	0.631834	6
2285	14.726	4.71784	0.75571	6
2314	14.0701	14.4635	0.870099	6
2324	13.5615	17.4461	0.485704	6
2338	14.7085	22.6379	0.167847	6
2361	13.5345	14.7785	0.513165	6
2371	14.5443	1.49919	0.236422	6
2373	12.7098	14.5193	0.257958	6
2374	14.8155	12.8651	-0.0830928	6
2375	14.0529	13.5892	0.063665	6
2408	13.0129	11.7513	0.159025	6
2409	13.8566	23.5491	0.524827	6
2420	13.6289	0.713216	0.424105	6
2433	14.6035	0.196086	0.498516	6
2437	13.4222	14.7443	0.223757	6
2444	12.8055	21.7318	1.33377	6
2448	14.8176	21.0277	0.334037	6
2455	13.8308	22.9939	1.07243	6
2480	14.4458	3.59219	0.548822	6
2499	14.8339	5.83966	0.457125	6
2504	12.8487	10.3718	0.237374	6
2507	14.5735	13.7307	0.223024	6
2519	14.1207	14.7906	1.11864	6
2520	14.2681	11.2993	-0.13723	6
2521	14.6115	18.7545	0.525701	6
2530	12.6928	12.8293	0.716702	6
2539	13.1863	18.5861	0.74392	6
2552	12.8559	8.26071	0.639957	6
2558	14.4445	8.90982	-0.00863293	6
2581	14.7122	1.47705	0.142132	6
2582	13.898	2.28821	0.209276	6
2602	14.9372	10.3141	0.0960617	6
2605	14.2172	7.14343	0.0944407	6
2610	14.4741	6.6063	0.370737	6
2652	14.6537	13.3301	0.708475	6
2655	14.8127	6.85465	0.621628	6
2668	14.2181	12.2577	0.479091	6
2672	12.8646	2.08707	1.0223	6
2700	14.4649	8.86421	0.310731	6
2713	12.8903	15.3088	0.643964	6
2715	13.6651	0.153272	0.885703	6
2727	13.0821	3.2725	0.497094	6
2742	13.6268	11.111	-0.577644	6
2747	12.935	17.9911	-0.0266327	6
2757	14.3199	2.07578	0.474049	6
2766	13.3477	13.2984	0.531518	6
2767	12.5487	18.6774	0.7708	6
2769	14.2767	12.7852	0.284174	6
2771	13.743	7.33876	0.88467	6
2779	14.6345	19.7593	0.502953	6
2793	13.9398	7.7764	0.417436	6
2794	12.9531	6.31377	0.685929	6
2796	13.64	8.82876	0.148913	6
2805	14.844	4.2887	0.820706	6
2806	14.6422	12.6068	0.406598	6
2812	14.4147	16.0661	0.858521	6
2814	13.6671	10.8857	0.289789	6
2826	13.1764	1.15602	1.07969	6
2840	12.8126	0.982595	0.340047	6
2841	13.156	1.17479	0.583603	6
2847	14.744	13.8399	0.248189	6
2848	13.7775	15.3656	0.756093	6
2891	12.9288	10.5427	0.990762	6
2894	13.892	19.6186	0.84452	6
2896	14.365	0.3782	0.728938	6
2897	14.5078	17.5558	0.631402	6
2917	12.7427	13.6648	0.409008	6
2919	14.4102	21.1204	0.0599822	6
2963	14.0993	17.9323	0.918495	6
2971	13.906	17.9757	0.880535	6
2974	14.4196	20.0323	-0.396102	6
2975	13.0567	1.17142	0.636239	6
2981	13.1838	18.9217	1.06669	6
2982	13.1442	17.5962	0.610693	6
3014	13.1038	12.1934	0.253114	6
3019	14.1472	17.6958	0.657341	6
3022	14.9741	24.8257	0.190117	6
3026	13.1295	5.76327	0.528745	6
3032	12.5796	22.8591	0.868019	6
3039	14.5948	10.2899	0.574938	6
3043	12.563	13.3367	0.266681	6
3074	13.9895	6.19029	0.137377	6
3075	14.7388	6.14858	0.391	6
3079	13.2841	3.23103	0.592587	6
3084	14.209	18.6696	0.770712	6
3091	13.7343	7.44536	0.175405	6
3137	13.031	19.9375	0.50741	6
3142	12.6292	21.5742	0.419325	6
3145	13.9235	10.0993	0.922891	6
3146	14.2365	10.1039	0.472189	6
3152	13.599	20.4987	0.398029	6
3154	14.5449	11.6509	0.325677	6
3175	12.9214	20.158	0.242804	6
3180	13.7484	0.534322	0.645305	6
3181	13.0733	21.2249	0.648257	6
3190	12.6814	23.7876	0.732376	6
3199	14.9802	16.8444	0.738882	6
3207	12.8283	11.1911	0.18313	6
3216	13.0777	20.7866	0.804377	6
3247	14.395	9.101	0.600271	6
3254	13.3153	20.8148	0.730949	6
3258	14.099	7.93038	0.0288851	6
3282	12.6617	1.59218	0.762363	6
3304	13.2263	0.675463	0.617891	6
3307	13.2061	18.106	0.589963	6
3308	14.7261	2.95761	0.54322	6
3333	14.2015	22.113	0.158131	6
3339	14.3222	2.45538	0.40348	6
3348	14.1005	12.5112	0.250304	6
3354	13.2812	20.1613	0.443468	6
3379	12.7439	4.03157	0.451206	6
3389	14.8471	23.4723	0.568319	6
3400	14.2716	4.86665	0.362789	6
3420	14.3702	10.6914	-0.358674	6
3430	14.9146	1.74901	0.563459	6
3441	14.7288	12.8511	0.579499	6
3442	14.5473	12.9914	0.843761	6
3448	14.1846	5.36669	0.567752	6
3451	14.0207	14.421	0.548535	6
3459	14.4913	3.23807	0.501885	6
3466	14.467	19.5285	0.86218	6
3468	13.5442	16.3742	0.894313	6
3473	14.1833	10.4722	0.424203	6
3474	14.8269	10.4546	-0.472716	6
3506	14.8075	3.44945	0.676813	6
3509	14.2493	5.45095	0.360163	6
3518	13.6261	7.03406	0.329165	6
3541	13.2206	12.5187	0.56655	6
3552	13.3451	16.2934	0.917035	6
3564	13.7686	19.0754	0.492597	6
3565	14.293	7.38517	0.567908	6
3582	12.5546	2.5856	0.33747	6
3584	12.5929	10.345	0.55923	6
3588	13.6942	10.7992	-0.414702	6
3589	13.6467	11.1242	-0.389283	6
3593	12.9472	13.149	0.556599	6
3632	12.7876	20.3965	1.23633	6
3634	12.5426	5.36222	1.40277	6
3644	13.8742	10.1303	-0.249143	6
3649	13.0719	17.4071	0.588409	6
3688	13.3784	12.6694	0.932978	6
3698	14.516	13.8232	0.27799	6
3703	12.9996	20.7616	0.990317	6
3708	14.965	12.1238	0.340846	6
3718	14.3849	9.37315	0.668336	6
3719	14.5586	23.3106	-0.185184	6
3720	12.5304	21.2237	0.532051	6
3731	14.8853	7.12136	0.562086	6
3735	12.6906	10.4157	0.719228	6
3737	14.622	13.9521	0.857876	6
3755	12.6671	8.99906	0.632288	6
3757	12.8627	20.5848	-0.30691	6
3764	14.7784	17.5801	0.979605	6
3767	13.662	12.239	-0.188908	6
3772	12.7232	17.535	0.793415	6
3794	14.5703	15.9971	0.505196	6
3804	13.9552	5.46764	0.392893	6
3843	13.2458	16.0697	0.875772	6
3848	14.8518	17.0954	0.755553	6
3859	13.3511	14.0903	0.215611	6
3867	12.9075	20.8105	0.74504	6
3868	14.6302	8.58807	0.513752	6
3871	13.4521	22.055	0.842437	6
3874	14.1236	13.0034	0.655584	6
3880	12.5451	18.7898	0.176732	6
3890	13.4283	18.0234	0.661599	6
3906	14.5216	13.6174	0.590248	6
3911	13.5243	13.7809	0.568042	6
3914	13.8745	7.37928	0.310255	6
3917	12.5156	20.0137	-0.275023	6
3933	14.8356	7.37174	0.579676	6
3939	12.9654	8.95513	0.781123	6
3942	14.011	20.0221	0.44346	6
3968	13.0574	1.62476	0.175939	6
3969	14.5287	2.00347	0.128982	6
3988	14.8582	18.4034	1.37494	6
3989	14.4443	5.8156	0.0229652	6
4016	13.3485	6.95254	0.685607	6
4021	13.5496	17.0861	1.25268	6
4022	12.5741	11.4562	0.287555	6
4042	14.7246	1.22656	0.119915	6
4082	14.2981	18.6986	0.59391	6
17	16.1428	24.0891	0.374107	7
21	15.1515	11.4195	0.466087	7
40	15.9767	23.2709	0.0251373	7
56	15.2352	8.19875	0.0746478	7
63	15.2015	23.8319	0.850681	7
72	16.075	24.2843	0.449713	7
80	16.2514	4.34998	0.408611	7
81	16.6091	5.77659	0.80696	7
91	15.2307	4.07195	0.460214	7
106	15.0004	0.747281	0.636804	7
108	17.3342	8.67876	0.0177888	7
112	16.6488	4.81011	0.757347	7
113	16.7331	15.7981	0.115538	7
126	15.8669	14.1804	0.228758	7
135	17.46	15.4486	0.488955	7
143	15.6484	21.1052	0.768841	7
144	16.128	18.3985	0.410966	7
159	16.7857	0.531152	0.424889	7
172	15.327	14.6054	0.889482	7
177	17.1168	7.81271	0.446405	7
185	15.9887	5.74296	0.021955	7
194	15.2882	9.08308	0.170507	7
233	16.1965	4.10504	0.469924	7
234	15.5985	11.1403	0.206616	7
235	15.4735	20.6763	0.824778	7
240	16.1809	21.3298	0.78532	7
243	16.6738	15.2894	0.770338	7
271	16.3769	21.5713	-0.249454	7
275	16.1606	14.6543	-0.012622	7
293	15.734	3.43064	0.422955	7
294	15.7337	15.5256	0.489549	7
300	17.0295	9.76096	0.876885	7
312	15.6853	24.181	0.723347	7
328	17.3644	12.6194	0.457625	7
331	15.1886	17.9278	0.771342	7
332	16.7863	18.078	0.47191	7
346	17.0792	8.92045	0.488755	7
368	16.5108	17.0947	0.827586	7
396	15.8362	17.9481	1.01477	7
397	16.3283	7.38302	0.393103	7
400	17.4641	6.03254	0.604674	7
402	16.3862	7.73302	0.788495	7
410	15.1989	14.3834	0.856925	7
426	15.6583	6.76718	0.400929	7
434	16.4807	11.1571	-0.306538	7
437	16.705	22.5815	0.377361	7
438	17.224	7.97959	0.812346	7
461	15.9804	2.91301	0.633929	7
467	16.2383	2.53043	0.427575	7
470	15.2028	13.0609	0.546728	7
474	15.29	18.0074	0.906614	7
485	16.701	4.11294	0.212527	7
490	17.4089	0.0427423	0.136571	7
494	16.0609	5.27764	0.670329	7
499	15.6084	16.7399	0.789425	7
519	16.2233	14.6703	0.395684	7
524	16.5191	8.79109	0.524047	7
543	15.6323	16.2104	0.0607793	7
546	15.2653	6.1982	0.39059	7
558	16.2924	21.2635	0.683361	7
562	15.5314	19.5314	0.836919	7
569	17.1358	19.5752	0.649152	7
585	17.2826	5.11677	-0.0421328	7
609	15.7828	12.9023	0.245057	7
614	16.2318	10.4694	0.0665435	7
621	17.4491	11.5845	0.446871	7
631	15.7834	13.2743	0.267644	7
634	17.1506	22.2776	0.586563	7
657	16.1052	14.0212	-0.364912	7
668	15.8963	19.293	0.854793	7
669	16.4491	23.8435	0.754486	7
672	15.4993	2.759	0.45507	7
684	17.35	13.6208	-0.243603	7
685	15.6743	1.25088	0.788795	7
686	16.2845	13.1418	0.343187	7
688	16.459	24.6554	0.819385	7
690	16.5758	22.1543	0.51035	7
691	16.5232	8.29145	-0.0759693	7
719	17.4614	16.633	0.439425	7
728	16.0001	15.8659	1.26444	7
733	15.1005	22.434	0.328524	7
737	15.0691	1.46073	0.528996	7
741	16.4488	4.31708	0.396559	7
748	16.7995	1.87914	-0.146719	7
750	17.3049	22.9045	0.300885	7
756	16.5189	8.4782	0.114277	7
766	17.4873	8.66812	0.241582	7
789	16.5329	7.62055	0.731628	7
799	15.6524	14.3924	0.648775	7
804	16.0546	16.6559	0.638749	7
840	15.2316	3.24958	0.481695	7
842	16.6816	14.1278	0.217227	7
843	15.1692	16.6361	0.762282	7
849	15.7823	0.296196	0.393073	7
857	16.2144	11.6272	0.903411	7
859	16.1591	15.2011	0.674532	7
863	15.5296	0.01294	0.729704	7
867	16.8409	22.6489	0.250395	7
900	16.5422	18.2057	0.880654	7
904	16.5048	10.4628	0.80848	7
936	15.2185	12.2573	-0.0597772	7
945	16.5767	10.1868	0.371951	7
949	15.2933	8.05398	0.599524	7
958	15.9986	4.68228	0.265326	7
1000	17.4019	7.05006	0.824769	7
1019	15.1151	6.87314	0.55144	7
1021	15.7616	19.8274	0.0925017	7
1028	16.681	4.25801	0.694658	7
1032	17.4126	8.52856	0.828065	7
1033	16.8873	17.5338	0.73976	7
1054	16.4141	0.678529	-0.169168	7
1058	16.1503	12.3185	0.290267	7
1068	15.5131	22.3467	-0.097927	7
1103	16.0809	17.6913	0.309888	7
1112	16.1263	10.3942	0.413255	7
1116	16.3307	15.0646	0.31039	7
1118	17.4509	3.33916	-0.0552133	7
1120	16.8809	21.0884	0.531994	7
1121	15.1379	0.00251632	0.335115	7
1125	15.9537	11.532	0.416874	7
1128	16.6847	24.9739	0.112673	7
1135	17.2785	21.3381	0.857592	7
1141	17.0446	6.92332	0.411299	7
1146	15.561	0.905494	0.49749	7
1166	16.9519	6.97741	0.686559	7
1176	15.695	20.3259	0.691708	7
1200	17.2522	24.0262	0.831904	7
1210	15.0032	19.5186	0.391038	7
1212	15.9985	13.2238	-0.0318049	7
1213	15.2233	21.1233	0.66923	7
1235	16.5667	16.7307	0.733968	7
1245	17.1554	13.1849	0.0289633	7
1246	16.9358	11.7601	0.452714	7
1254	16.6726	17.3327	0.600992	7
1264	16.976	2.77481	-0.0799325	7
1265	15.4274	10.9198	-0.0369464	7
1275	15.4129	7.6997	0.249035	7
1317	17.0191	20.5046	0.7806	7
1335	15.8655	23.0187	0.0689147	7
1340	16.7154	7.31493	-0.306827	7
1345	15.6841	18.9209	0.477887	7
1346	15.2145	3.91048	0.468862	7
1358	16.6024	20.3147	0.7734	7
1363	16.9776	22.5922	0.512706	7
1367	15.1941	23.7923	0.976843	7
1394	17.2992	24.2951	0.659431	7
1399	15.3054	23.2698	0.839331	7
1427	17.4248	19.3695	0.560623	7
1431	17.4176	13.713	0.487003	7
1434	15.5191	6.80915	0.768688	7
1452	15.7558	8.53654	0.305588	7
1468	16.8558	24.0084	0.535763	7
1484	15.9871	24.8242	1.10314	7
1495	15.8572	9.1072	-0.159222	7
1496	16.8149	23.8595	0.444253	7
1501	16.2777	22.4023	0.536915	7
1509	15.0574	9.76495	0.861194	7
1518	17.1796	12.4778	0.813303	7
1522	16.1084	9.59469	0.817877	7
1537	17.2892	10.7406	0.380794	7
1545	15.784	18.8828	0.606903	7
1549	17.1062	3.71955	-0.205616	7
1550	15.2962	2.93078	0.277382	7
1558	16.0307	19.4196	0.569622	7
1579	17.1682	2.40619	0.297984	7
1581	15.5066	9.716	0.296612	7
1586	16.7591	13.1541	0.543799	7
1608	16.3263	23.9947	0.384754	7
1617	16.7182	20.4013	0.234683	7
1629	16.7399	21.6254	0.0345075	7
1634	17.421	6.05713	0.0918108	7
1648	16.1	24.2453	0.407993	7
1649	15.873	22.1439	0.824124	7
1651	15.0842	3.19996	0.504571	7
1661	16.8791	11.319	0.499544	7
1662	17.0051	4.47747	0.216003	7
1715	16.0959	2.68427	0.271096	7
1716	16.0	1.81449	0.38951	7
1721	16.6126	14.4651	0.0638908	7
1722	16.3519	5.41054	0.169711	7
1736	15.3934	2.59518	0.468831	7
1743	15.0494	17.2356	1.11294	7
1757	15.214	2.38974	0.349615	7
1773	15.5833	22.9367	0.179213	7
1786	16.1243	1.08759	0.433374	7
1799	15.4193	2.19563	0.124189	7
1817	17.4028	7.52389	0.347848	7
1829	16.934	16.809	0.940653	7
1854	15.5066	12.3732	0.657474	7
1861	17.0947	20.0937	0.418768	7
1884	16.4108	9.04797	0.74467	7
1901	16.9021	23.1199	0.582326	7
1913	17.4351	1.01319	0.133253	7
1916	16.3596	23.4335	0.352446	7
1941	16.8349	6.77715	0.0386246	7
1943	15.9019	10.4693	0.277692	7
1955	17.4476	4.34364	0.221086	7
1959	15.4056	3.85311	0.649315	7
1963	16.0694	0.630151	0.516178	7
1969	17.1864	8.11346	0.983496	7
1979	15.4157	19.7918	-0.430264	7
1990	16.8791	8.74193	0.738742	7
1991	15.4115	23.3741	0.682302	7
2015	17.4536	12.3524	0.412994	7
2033	17.3842	0.485408	0.411632	7
2036	15.2436	17.7617	0.218477	7
2043	16.0822	3.12387	0.609789	7
2052	16.1998	13.605	0.421211	7
2062	17.1932	2.63315	0.347362	7
2063	15.0725	12.9905	0.0427249	7
2084	16.8963	20.1277	0.99727	7
2093	16.9537	13.0968	0.0685402	7
2099	17.2913	20.0527	0.176541	7
2115	16.3427	5.97032	-0.0487738	7
2138	16.3586	16.7768	1.34524	7
2149	15.7799	11.4486	0.630896	7
2150	16.9061	1.32518	0.150179	7
2152	15.1474	13.5846	0.675718	7
2185	15.4051	17.9836	0.655158	7
2194	16.2718	6.72152	0.579195	7
2214	15.077	5.05027	0.905251	7
2225	16.0014	7.44882	0.260102	7
2233	16.6321	23.8125	0.999038	7
2236	15.9577	16.2164	0.643599	7
2239	15.5954	9.58483	-0.113416	7
2257	15.7774	18.556	0.806202	7
2258	15.7156	18.5018	0.292647	7
2282	16.9296	0.919001	-0.322118	7
2330	17.2706	15.0556	0.517014	7
2370	16.1387	18.0605	0.568735	7
2380	17.3884	23.6737	0.483593	7
2389	17.2537	9.12949	0.552155	7
2412	16.7248	19.3722	-0.110499	7
2416	17.4662	11.0381	0.208135	7
2421	16.9624	3.27236	-0.172274	7
2425	16.936	0.817712	0.0815872	7
2434	16.6495	19.1171	0.460264	7
2435	16.6176	7.83656	0.143306	7
2452	15.25	20.7399	0.306071	7
2474	17.2104	9.85273	0.858164	7
2478	15.3503	3.64203	0.513015	7
2490	16.7875	4.85666	0.621934	7
2500	15.9763	14.6756	1.0017	7
2501	16.0108	7.57173	0.728568	7
2503	16.0624	4.15919	0.599233	7
2505	17.1299	5.0688	0.600861	7
2506	15.7663	18.3297	0.546122	7
2524	16.4158	3.27543	0.355976	7
2533	15.1582	15.9795	0.836463	7
2547	16.7906	24.1236	0.75653	7
2569	17.3455	16.4938	0.781501	7
2570	16.1036	1.13244	0.392035	7
2573	16.8447	13.3868	0.382973	7
2574	17.4217	14.1042	0.475562	7
2590	16.8853	10.7825	0.898914	7
2648	17.2811	4.64526	0.470297	7
2649	16.1307	22.5451	0.426881	7
2665	16.7056	19.4142	1.11996	7
2667	15.5648	1.8158	0.310843	7
2677	17.2128	24.6189	0.38646	7
2688	16.9982	24.2046	0.786401	7
2689	15.9679	10.2318	0.44508	7
2694	15.434	13.6217	0.228617	7
2712	15.0848	4.62549	0.337908	7
2728	17.2548	19.2446	0.211626	7
2745	17.0781	8.25888	0.741249	7
2770	15.2547	20.642	0.496369	7
2789	15.3064	12.6098	0.489983	7
2827	16.0159	3.40217	0.250725	7
2828	17.4907	4.80157	0.423219	7
2852	16.8269	4.51566	0.344765	7
2875	15.1707	17.3076	0.407727	7
2877	15.159	6.99203	0.253431	7
2899	17.2116	10.6454	0.625213	7
2911	17.187	16.2292	0.556867	7
2913	16.7968	3.63064	0.118819	7
2927	17.4004	18.5497	0.778138	7
2945	16.8186	1.38841	0.118716	7
2947	15.8445	1.57361	0.0329346	7
2949	16.1744	19.768	0.167942	7
2951	16.6828	6.7222	0.843939	7
2956	16.6925	17.0767	0.541854	7
2957	17.1118	16.5415	0.772331	7
2962	16.8216	0.15028	0.0351761	7
2990	17.1261	14.4306	0.201773	7
3004	15.6181	11.1479	-0.110688	7
3005	15.1076	14.5115	0.481314	7
3007	15.4196	18.0749	0.645179	7
3024	17.1324	24.9975	0.497209	7
3034	16.3471	13.6728	-0.397997	7
3068	16.3226	8.7836	0.444542	7
3078	17.2376	8.96197	0.578747	7
3107	15.624	4.53392	0.582634	7
3122	15.0753	2.23835	-0.00602909	7
3125	16.0202	17.7832	0.383931	7
3130	17.4553	20.1166	0.340396	7
3162	16.0277	20.1584	0.906781	7
3167	16.7272	18.1448	1.09356	7
3170	17.2385	20.4105	0.492988	7
3178	15.1943	4.66934	0.514174	7
3188	15.458	0.100611	0.887222	7
3221	15.8388	24.2274	0.174526	7
3224	16.645	13.3179	0.558849	7
3239	15.3301	23.6949	0.396775	7
3256	17.0916	14.5703	0.545187	7
3259	17.4529	11.9504	0.300111	7
3267	16.6505	15.0845	1.03086	7
3275	16.0879	6.61855	0.565176	7
3288	15.1359	16.9518	1.10181	7
3299	17.1926	11.2037	0.351294	7
3309	15.0184	23.1554	0.388212	7
3318	16.8063	12.0709	0.659665	7
3319	17.3418	12.2543	0.9697	7
3322	17.2315	19.6552	0.373874	7
3343	16.7117	12.427	0.391797	7
3370	15.7153	23.4247	0.204107	7
3372	17.065	21.2841	0.503425	7
3373	16.4643	21.23	0.713663	7
3376	17.0576	23.6807	0.558817	7
3394	17.4937	7.40863	0.0538461	7
3399	16.201	14.5871	0.496787	7
3406	16.3161	23.6767	0.843054	7
3415	16.3824	22.2851	0.739415	7
3435	17.1142	11.4246	0.290645	7
3436	16.3953	0.977975	0.0825094	7
3460	17.307	7.76606	0.704855	7
3483	16.7785	11.3886	0.642141	7
3522	15.8925	23.1281	0.292153	7
3523	15.8263	23.5695	0.434832	7
3524	16.3861	23.1777	-0.00123154	7
3526	17.1274	21.8157	-0.00703696	7
3538	16.8475	18.1218	1.0001	7
3539	16.712	17.6763	1.00771	7
3544	15.0624	4.50782	0.782636	7
3549	15.2106	19.054	0.680393	7
3572	16.5434	8.74279	0.471065	7
3573	16.4301	9.04503	0.787425	7
3580	15.8658	24.8894	1.03635	7
3581	16.0219	13.7889	0.498692	7
3583	15.5136	23.4821	0.310978	7
3586	17.0922	0.792181	-0.139258	7
3592	17.0132	14.9806	0.659544	7
3595	16.6379	5.22274	-0.0152834	7
3603	15.6403	10.461	0.148351	7
3606	15.6249	11.4772	0.238079	7
3636	15.4579	2.14435	-0.0595106	7
3666	15.2602	23.6375	0.598312	7
3667	15.4003	23.2676	1.1447	7
3680	16.2401	19.556	0.0818702	7
3683	17.0286	14.7586	0.216014	7
3684	15.3885	7.59537	0.806677	7
3705	15.3006	6.9857	0.651064	7
3713	15.9002	16.5765	0.692512	7
3714	15.1993	16.971	0.749461	7
3749	17.3653	2.73598	0.0592113	7
3768	16.7133	11.7272	0.899802	7
3781	17.297	5.81006	0.876259	7
3790	15.1716	4.22161	0.309295	7
3795	15.041	19.589	-0.118741	7
3796	15.0448	19.3454	-0.166628	7
3797	15.6471	20.4363	0.480607	7
3799	15.7287	4.53841	0.638689	7
3807	16.4246	19.5921	0.448655	7
3810	15.6764	19.1238	0.584356	7
3813	15.0413	3.5536	0.418335	7
3816	15.828	16.3612	0.14093	7
3826	16.9717	19.4568	0.359554	7
3827	15.6483	13.0398	0.0432472	7
3828	16.2618	7.82818	0.736585	7
3830	15.0225	6.0077	0.914061	7
3882	16.1289	1.45016	0.472911	7
3886	17.1012	9.29885	0.554068	7
3913	17.4299	12.0862	0.361608	7
3932	15.4567	23.0583	-0.408599	7
3934	15.8576	13.6659	-0.469119	7
3951	15.4529	16.4735	0.512469	7
3953	16.9483	23.9197	0.589233	7
3975	15.5918	13.2227	0.0423617	7
3976	16.6089	24.4682	0.66768	7
3996	16.5469	10.9711	-0.31095	7
4013	16.9273	20.4487	0.52637	7
4037	16.0906	8.1418	0.34536	7
4047	16.9865	8.36673	0.483201	7
4049	16.8433	3.51781	0.119713	7
4055	15.2967	9.594	0.168942	7
4056	15.474	9.43244	0.250456	7
4058	16.7548	24.2268	0.421001	7
4059	17.1746	24.1615	0.838008	7
4072	16.2255	10.7175	0.021398	7
4080	15.264	18.4231	0.319476	7
4085	15.3801	4.62871	0.118349	7
4101	17.0522	7.66666	1.018	7
10	18.8792	10.0225	0.489656	8
12	17.8045	15.0576	0.109159	8
20	19.0492	18.874	0.0926851	8
23	17.6052	23.7501	0.344177	8
36	18.3921	10.9278	-0.15387	8
44	17.5189	1.53667	0.484736	8
46	18.8553	2.75725	0.118029	8
52	19.8431	1.27274	0.0606326	8
54	19.2804	1.76631	0.358423	8
85	17.6799	16.9737	1.25765	8
94	19.9734	16.7496	0.968592	8
98	19.2468	13.8938	1.89479	8
123	17.6153	22.7434	0.504307	8
154	18.4858	14.3703	0.818965	8
183	19.1553	24.5284	0.530208	8
209	18.1087	4.72459	-0.0688071	8
214	17.6565	20.9641	0.301649	8
220	18.4944	11.6958	0.43362	8
226	19.0095	17.2549	0.39807	8
228	18.6675	11.4921	0.769836	8
244	18.8091	21.1611	0.800124	8
255	18.5066	8.91117	-0.218492	8
256	19.5298	14.6291	1.01151	8
261	19.8149	16.0517	0.467576	8
265	17.9211	2.65011	-0.226059	8
266	19.5581	17.0106	-0.553981	8
272	18.471	13.4766	-0.210603	8
314	17.6616	17.4767	0.518309	8
322	18.0724	21.0397	0.466643	8
325	19.675	20.3878	0.406588	8
329	18.4386	5.57767	0.0845958	8
335	17.8424	19.9224	0.521609	8
343	18.0923	20.0593	-0.211508	8
348	18.0742	1.77726	0.0283835	8
361	17.8811	19.6531	0.458701	8
365	18.4295	22.868	0.695104	8
369	19.7446	16.761	0.169757	8
376	19.2914	18.3067	0.159246	8
380	18.9013	3.59269	0.377586	8
389	19.0249	5.37183	0.604011	8
405	17.9872	23.9648	0.549616	8
412	18.7313	1.92207	0.723385	8
418	18.4236	15.7759	0.611318	8
427	17.7679	6.22071	0.136979	8
432	18.6074	11.4524	0.430456	8
442	19.8444	4.09052	-0.141019	8
443	19.0578	8.18489	0.367502	8
445	19.9377	1.82823	0.0912178	8
463	19.9126	18.6066	0.612326	8
466	19.7245	2.62638	0.0894974	8
479	19.235	13.5001	0.11094	8
484	18.0504	3.0708	0.520177	8
501	18.8117	3.24526	0.263498	8
502	18.8191	1.20887	-0.227764	8
513	18.3311	16.0404	0.611669	8
517	19.2891	20.9249	0.149606	8
529	17.5678	2.34817	0.462854	8
535	19.8926	19.5806	0.713247	8
542	17.6811	15.3997	0.711129	8
553	19.9262	23.4401	0.511313	8
574	19.597	18.2933	0.213788	8
576	19.9431	23.4585	0.410638	8
595	17.6855	19.1203	0.311915	8
596	18.4498	21.5054	-0.0742325	8
615	19.411	18.4676	0.78591	8
617	19.0697	2.51704	0.426219	8
625	18.389	23.2637	0.132796	8
632	17.7923	11.516	-0.337446	8
638	18.2922	9.31904	0.378265	8
673	19.2856	9.9356	0.131444	8
677	18.716	20.9145	0.26424	8
680	18.0657	2.29742	0.129255	8
683	17.564	4.90424	0.384132	8
700	19.2826	18.7907	0.0725386	8
702	19.6425	4.03636	0.385289	8
710	19.1694	23.6528	0.280282	8
711	18.7432	9.56657	0.51633	8
721	17.5173	15.7298	0.377437	8
734	19.2053	1.89356	-0.22527	8
738	19.3692	2.85543	-0.216854	8
762	19.7124	5.65819	0.678173	8
767	19.9053	17.6268	0.518714	8
772	19.8936	14.8826	0.0552069	8
773	19.9507	12.5532	0.0890643	8
787	18.9317	15.2026	0.350781	8
797	19.3635	18.6407	0.287996	8
798	19.2068	19.8118	0.319778	8
809	19.79	19.4343	0.253129	8
814	19.6771	24.3886	0.757184	8
823	17.5555	8.17496	0.499653	8
838	17.7536	19.321	0.665006	8
846	18.034	24.2058	0.6378	8
854	18.4103	1.61418	0.0971135	8
866	18.1857	14.9292	0.0398688	8
871	18.8585	1.34417	0.510061	8
879	18.8806	13.1245	0.0539681	8
880	18.6744	14.0683	0.443546	8
881	17.61	20.6274	0.883228	8
907	19.5109	19.6819	0.143131	8
919	19.6163	16.578	0.688284	8
952	19.2415	8.62914	0.363592	8
962	19.8163	13.1173	1.20207	8
975	18.883	22.0735	0.258171	8
981	18.4796	23.1709	0.499189	8
983	18.1486	5.05627	0.682415	8
993	19.0407	5.351	0.626899	8
994	19.5459	7.28752	0.339724	8
1001	19.0761	0.753914	0.0949606	8
1014	19.7856	8.6683	0.43342	8
1039	18.488	8.04674	0.497623	8
1046	18.7916	3.83391	0.350726	8
1056	19.996	20.2157	0.29919	8
1062	17.7546	6.70271	0.783181	8
1101	18.2219	8.1294	0.49446	8
1104	18.8083	15.7364	0.0529185	8
1110	19.0261	7.32452	0.435062	8
1115	19.9162	6.27577	0.434026	8
1149	17.854	5.59465	0.0597014	8
1150	19.2271	19.034	0.876949	8
1154	18.9506	6.78404	0.0446388	8
1167	18.862	4.21882	0.865566	8
1168	17.9054	20.4112	-0.0219823	8
1170	18.3178	6.77431	0.185922	8
1178	19.2214	11.2059	0.130389	8
1183	19.0481	10.0079	0.233316	8
1190	19.5039	2.84128	0.341473	8
1193	17.8139	10.4743	0.222704	8
1196	19.141	10.9022	0.220087	8
1197	18.5695	3.60103	-0.09715	8
1198	19.1439	4.33212	0.109972	8
1202	18.6622	12.6053	0.0737322	8
1222	18.425	14.0384	0.167837	8
1223	19.2049	18.3149	-0.289502	8
1226	18.9	24.167	0.698783	8
1234	17.5835	18.0141	0.888236	8
1239	19.9844	21.364	0.288463	8
1243	19.5738	0.230604	0.934944	8
1271	19.0653	19.1539	0.441462	8
1288	18.1074	23.9095	0.276794	8
1308	18.5245	5.55001	-0.253821	8
1321	19.7989	23.4766	0.487234	8
1322	18.724	13.1081	0.21229	8
1378	17.5797	9.76142	-0.358534	8
1389	19.2897	19.7727	0.287101	8
1393	19.2068	23.8991	0.467706	8
1401	19.3423	13.9303	0.955394	8
1404	18.3394	14.6207	0.445368	8
1417	19.6068	24.6959	-0.133932	8
1433	18.9698	19.582	-0.309338	8
1444	18.74	4.04318	0.670157	8
1447	19.8774	3.18684	0.263401	8
1454	19.6578	3.34843	-0.153785	8
1478	17.996	1.32096	0.437487	8
1481	19.4901	0.510466	0.97651	8
1487	18.2549	11.4309	-0.0784212	8
1497	17.618	24.3078	-0.215313	8
1506	18.8513	3.46605	-0.190391	8
1516	18.0154	2.59093	0.480263	8
1519	17.5656	23.0096	0.193212	8
1532	18.6876	0.905468	0.0924963	8
1533	19.7558	11.8963	0.0580763	8
1536	19.0654	18.3968	0.273038	8
1538	19.9314	8.83241	0.111276	8
1540	18.6327	1.2216	0.328841	8
1553	18.7614	18.2207	0.233879	8
1554	18.583	10.2232	0.330922	8
1563	19.1211	14.1906	0.752519	8
1569	18.8215	7.68012	0.983496	8
1588	17.7374	16.8209	1.05969	8
1604	18.9159	14.7583	-0.156796	8
1633	18.5037	7.92858	0.228801	8
1647	18.9828	19.9962	0.416746	8
1650	18.969	10.3176	-0.116668	8
1656	18.9662	17.2689	0.0993128	8
1658	18.3908	7.26671	-0.171345	8
1660	19.7469	5.46349	0.334909	8
1669	19.029	4.93244	-0.0341609	8
1673	19.9155	21.8499	0.295921	8
1675	19.8561	17.8083	0.634915	8
1676	18.3199	16.3998	0.943129	8
1679	18.8084	6.63068	-0.157208	8
1692	17.7158	11.7725	0.341826	8
1711	17.7385	21.0707	-0.148258	8
1713	18.3871	3.70508	0.995732	8
1723	17.5417	3.45219	0.00252486	8
1727	19.1266	12.5478	0.268984	8
1761	19.1151	12.2768	-0.390745	8
1765	18.5833	10.2196	0.299225	8
1798	18.4422	10.4636	0.0172917	8
1824	18.8177	22.1898	0.0379758	8
1843	18.6134	18.169	0.604875	8
1847	19.3697	22.7702	-0.022136	8
1848	19.185	23.9469	-0.184932	8
1849	19.651	9.29676	-0.224584	8
1850	17.9045	0.739409	0.902479	8
1890	19.9365	16.647	0.317833	8
1892	18.523	6.38858	0.436164	8
1897	18.5593	7.57018	-0.0395964	8
1899	18.0326	13.6266	0.950014	8
1914	18.975	12.2491	0.392575	8
1928	19.0256	2.85078	0.259956	8
1932	17.5391	2.54978	0.170352	8
1949	18.7842	0.017176	0.803712	8
1950	18.8661	0.646978	0.5229	8
1952	19.287	8.44131	0.268054	8
1953	18.9236	0.512778	-0.284072	8
1956	18.6398	4.69051	0.447926	8
1981	19.9944	3.61388	0.358813	8
1984	18.3729	2.71816	0.250331	8
1992	18.5922	22.6483	0.622631	8
1995	18.0771	24.3429	0.71743	8
1996	17.7439	13.9165	1.07945	8
2007	18.9333	3.0378	-0.0805775	8
2019	18.4819	2.07154	0.570978	8
2035	19.5634	17.2578	-0.376967	8
2049	19.3286	5.72101	0.157975	8
2064	17.9394	10.7374	0.217838	8
2072	17.856	22.7225	0.459423	8
2075	18.5586	8.9733	0.262818	8
2097	18.3688	21.3179	0.315374	8
2103	19.4961	1.05569	0.128586	8
2109	19.7386	5.39273	0.472762	8
2110	18.0469	19.2607	0.683432	8
2112	19.7517	10.7116	0.0870009	8
2113	18.6414	17.7176	0.317946	8
2119	19.7498	3.95145	-0.257607	8
2120	19.5974	3.2478	0.641778	8
2148	18.7543	9.1382	0.108708	8
2163	19.7509	4.45803	0.346075	8
2180	18.5555	12.7855	0.621927	8
2192	18.8374	23.0245	-0.32607	8
2193	19.7063	22.0844	0.387947	8
2203	18.2748	1.49712	-0.156203	8
2243	19.1654	2.8308	0.210773	8
2248	17.7895	2.37683	0.298038	8
2251	19.4596	5.33846	0.597932	8
2254	17.7984	21.9803	0.65341	8
2261	19.8552	7.29334	0.0301082	8
2273	18.0505	9.1192	0.18747	8
2275	17.8968	6.90807	-0.0539682	8
2297	18.8725	0.224532	0.64902	8
2305	18.2397	10.7246	0.501246	8
2306	19.8305	10.2645	0.455984	8
2309	19.5598	20.0218	0.813356	8
2319	19.8585	12.5759	1.35725	8
2325	18.8614	3.07228	-0.142471	8
2345	19.3318	17.4161	0.312894	8
2355	17.7624	13.1965	-0.0493411	8
2362	19.7113	1.65165	0.11841	8
2369	18.4739	19.784	0.249479	8
2383	18.2546	24.1524	0.226171	8
2390	18.5871	10.6984	0.0979299	8
2413	19.2069	6.99489	0.257822	8
2414	18.8758	6.59885	-0.269529	8
2430	18.2583	24.8111	0.504846	8
2486	18.3669	8.75366	0.166478	8
2487	18.1879	5.38639	0.14882	8
2495	17.6659	19.7072	0.837358	8
2496	18.6128	14.6309	0.567387	8
2548	19.1424	12.216	0.461665	8
2587	19.8738	14.5522	0.0794541	8
2600	19.7177	9.99506	0.0145545	8
2601	18.0061	10.0033	0.211706	8
2615	18.364	16.3898	0.303761	8
2616	18.783	20.3637	0.271289	8
2645	17.7302	23.4236	-0.271139	8
2647	18.4987	5.17995	0.90242	8
2656	19.9239	23.9301	-0.0828183	8
2658	18.5858	6.18488	0.113254	8
2670	17.8994	11.3756	0.303189	8
2678	18.3552	24.7102	0.57857	8
2682	19.4694	2.77489	-0.368433	8
2691	19.1817	9.35241	-0.0254575	8
2698	19.2041	23.0834	0.242492	8
2701	18.8334	14.7037	1.13243	8
2726	18.9996	7.56864	0.236836	8
2764	18.0648	19.7698	0.55166	8
2783	19.3383	5.34557	0.149786	8
2784	18.6535	12.0966	0.550109	8
2834	19.3792	18.4595	-0.319243	8
2854	18.1662	10.913	-0.0305939	8
2862	18.6688	15.9044	0.251286	8
2869	19.9944	10.2089	-0.041071	8
2880	19.6616	15.0262	0.171269	8
2883	17.6267	19.5254	1.09713	8
2886	19.337	1.06082	0.441088	8
2898	17.6025	11.0219	0.400422	8
2924	19.6943	10.781	0.169024	8
2952	17.6383	4.67232	0.950455	8
2953	17.9258	3.50337	0.566689	8
2954	17.9459	4.34963	0.401007	8
2970	19.7828	23.9258	-0.539441	8
2985	18.7398	8.5978	0.846592	8
2987	18.0223	8.2813	0.393273	8
2995	18.2473	19.8859	0.348813	8
3009	17.9487	9.04815	0.243144	8
3010	18.0078	8.4412	0.230979	8
3041	19.7158	21.6569	1.02834	8
3042	18.967	22.0023	0.554933	8
3049	19.954	0.5632	0.421184	8
3055	18.88	5.29849	0.193946	8
3057	18.6384	7.85885	0.855184	8
3058	19.1184	0.385795	0.866569	8
3097	18.0904	8.16735	0.26229	8
3106	19.0103	16.5065	0.0196258	8
3110	19.332	22.2323	0.719695	8
3111	19.7708	21.8774	0.273748	8
3112	19.2021	23.6774	0.546797	8
3113	17.9184	1.20463	0.427065	8
3129	19.5193	19.3727	0.620184	8
3131	17.8832	1.89668	0.335764	8
3144	19.0648	12.9057	0.404982	8
3149	17.8905	4.51621	-0.474969	8
3157	19.3598	20.1361	0.199842	8
3158	19.7268	19.8588	0.177821	8
3176	18.4139	15.1891	0.660008	8
3189	18.2486	13.6104	0.891462	8
3191	18.008	10.9833	-0.144154	8
3208	19.4929	16.2222	0.416023	8
3226	18.4538	24.8603	0.808704	8
3227	18.823	16.6158	0.784642	8
3233	18.8791	17.7546	0.0758445	8
3237	18.5512	11.3051	0.308453	8
3260	17.5614	12.2007	0.237225	8
3271	17.6248	23.675	0.346323	8
3272	17.6887	16.2689	0.265621	8
3291	17.8591	4.59973	-0.173386	8
3295	19.7219	1.75419	0.0738078	8
3296	17.8939	16.0132	0.271825	8
3297	18.3092	5.08336	0.204947	8
3303	19.4018	13.9834	0.948559	8
3315	18.2259	2.3457	0.567372	8
3316	18.2941	2.0193	0.0990074	8
3317	17.5589	13.362	0.0306209	8
3320	18.2941	9.84515	-0.0891346	8
3323	17.5695	19.9307	0.599492	8
3324	18.107	16.8493	0.55547	8
3332	19.1549	14.3028	0.658392	8
3359	19.3329	21.8213	0.293528	8
3360	18.1855	11.514	-0.0465079	8
3397	18.7921	20.5446	0.500609	8
3398	19.3003	20.5808	0.259884	8
3405	18.9834	15.9358	0.146671	8
3423	18.0099	15.6664	0.130941	8
3427	17.8589	23.6448	0.0643177	8
3428	17.8394	23.1977	-0.0476287	8
3429	18.9676	3.22128	0.248652	8
3454	17.7811	15.3128	0.813578	8
3456	17.9824	13.4941	-0.0752153	8
3463	18.4979	5.936	0.302375	8
3464	17.5669	22.1326	0.398762	8
3519	18.753	1.07309	0.0671057	8
3525	18.2127	10.7685	-0.289255	8
3535	18.3586	9.08562	0.463059	8
3536	19.2155	0.701715	0.689696	8
3537	18.5614	0.583148	0.675087	8
3560	18.956	14.5504	0.822714	8
3566	18.2227	3.55953	0.439822	8
3569	19.2629	3.13664	0.604098	8
3571	18.5332	5.91499	0.767085	8
3598	18.9598	9.10345	-0.316387	8
3608	19.4954	20.9885	0.466513	8
3613	17.984	4.48456	-0.376186	8
3614	18.4987	4.23729	-0.266226	8
3615	19.85	21.5049	0.00307503	8
3643	19.787	14.5739	-0.0853069	8
3645	17.8457	22.6858	0.203973	8
3648	18.0567	13.3266	0.960935	8
3654	18.4775	21.6302	-0.103259	8
3659	19.8047	11.9262	0.494015	8
3665	17.8474	16.0962	0.796352	8
3671	17.772	11.7138	0.48893	8
3675	19.9539	10.2723	-0.303739	8
3689	19.5201	18.7817	0.0999654	8
3724	18.1435	0.892801	0.502839	8
3727	17.5304	8.45473	0.0997618	8
3728	18.5141	5.17399	0.720361	8
3763	17.7509	9.1012	0.382712	8
3771	19.7176	4.67041	0.348688	8
3774	18.8578	2.60734	0.0609924	8
3776	17.8702	17.3012	0.674641	8
3783	18.4034	5.11679	0.0221579	8
3788	19.3282	23.7101	0.142598	8
3791	18.5338	10.6298	0.0464816	8
3819	17.8675	2.29522	0.464021	8
3834	19.9052	20.5242	0.370644	8
3835	19.308	3.46956	0.406891	8
3836	19.7166	14.4734	0.475441	8
3838	19.9659	23.8881	-0.27044	8
3857	18.0073	20.5348	0.0649863	8
3863	17.6872	18.6802	0.765016	8
3869	17.506	10.9843	0.599783	8
3883	17.6311	3.56406	-0.102473	8
3887	17.5354	9.52558	0.885548	8
3895	17.7135	24.9465	0.455569	8
3898	19.2431	17.7191	0.301927	8
3918	19.8389	15.774	-0.00567871	8
3922	18.0222	20.4544	0.310921	8
3937	17.6553	10.0053	0.164517	8
3943	19.9763	0.850127	-0.0716246	8
3958	19.3001	18.4138	-0.0162973	8
3973	19.6817	4.72225	0.282182	8
3981	19.9664	6.29145	0.322151	8
4000	19.4469	20.3681	0.0927572	8
4026	18.5657	9.21292	0.301695	8
4033	19.4344	4.73288	0.0379093	8
4034	17.933	19.8843	0.304198	8
4035	17.5628	18.4928	0.348435	8
4044	18.335	14.2254	0.505664	8
4060	17.9569	8.13806	0.298712	8
4076	18.6318	23.0836	0.511275	8
4087	19.453	21.2516	0.633601	8
4094	18.6022	17.9192	0.358654	8
5	21.4941	20.2552	-0.148188	9
9	20.6097	6.88635	-0.207949	9
22	20.9291	16.8448	0.563016	9
24	22.2999	21.0066	0.614132	9
25	20.9034	17.6634	0.988856	9
27	20.0029	13.7135	0.454919	9
31	22.3911	12.0009	-0.0415335	9
32	22.3243	5.90332	-0.242269	9
35	22.0746	4.85469	-0.199114	9
43	22.4264	13.7822	0.301615	9
74	22.1515	23.1233	-0.0708851	9
83	21.1871	9.30679	0.291171	9
86	20.695	18.3765	0.100568	9
114	21.0442	5.06006	0.297612	9
115	20.9908	18.5637	0.455871	9
127	21.6964	6.22006	0.219585	9
129	21.5874	11.4413	-0.135303	9
136	20.696	13.998	0.163744	9
145	22.4635	10.5027	0.543885	9
165	22.3634	5.52938	0.395023	9
174	21.7787	19.9621	0.876113	9
180	20.8474	14.449	0.624581	9
181	20.2637	23.2983	0.555852	9
206	20.3263	17.411	0.647658	9
222	20.8825	20.3035	0.636971	9
224	20.4215	6.43775	0.292273	9
231	20.1785	13.3806	0.973121	9
251	20.4804	22.6014	0.178965	9
254	20.4087	24.6133	0.370724	9
277	22.1008	7.32626	-0.0723573	9
280	21.6772	4.00622	0.209809	9
281	20.3007	20.349	0.420916	9
291	20.2013	14.7033	0.562522	9
337	21.8176	9.31061	0.468366	9
339	21.5548	18.1738	-0.320553	9
344	20.78	7.63874	-0.264788	9
352	22.2259	1.29749	0.0717669	9
357	20.0681	20.8677	0.863313	9
359	20.8087	22.0219	0.0790554	9
371	21.7886	15.9503	0.670867	9
373	20.3832	12.6558	0.628706	9
382	21.786	16.2736	0.0781025	9
384	21.0418	3.20716	0.342987	9
386	22.0138	22.1956	0.65502	9
404	20.9682	5.99201	-0.0292971	9
421	20.0965	10.7236	0.34212	9
422	21.213	5.35258	0.186618	9
435	20.7995	18.6031	0.148249	9
436	21.4841	24.9781	0.235156	9
452	21.7532	11.9206	0.552196	9
469	20.9173	3.86958	0.148066	9
471	20.9617	3.80482	0.561777	9
492	21.1095	22.9937	0.090816	9
538	21.964	22.9068	0.359345	9
547	21.0329	11.0501	0.538514	9
556	22.1442	20.2138	0.238657	9
565	20.3159	14.2133	0.301838	9
583	22.4316	2.73765	0.476716	9
587	20.1492	24.7433	0.152105	9
589	21.6505	16.1285	0.421509	9
598	21.9736	0.245876	0.175985	9
602	20.0162	6.41469	0.702366	9
603	21.6365	11.2411	0.597108	9
613	21.0363	9.70881	0.430488	9
616	22.4599	21.9026	0.396497	9
626	22.1884	1.35021	-0.223769	9
647	21.6927	2.10228	0.183123	9
659	21.1263	9.93317	0.572033	9
697	22.2035	17.8718	0.267428	9
698	21.227	6.13916	0.0431134	9
716	20.1334	24.1387	0.378241	9
722	21.73	18.3466	0.0179682	9
723	20.5846	22.4232	0.838166	9
724	20.6404	19.2897	0.309123	9
730	22.0518	14.2363	0.935196	9
743	21.1956	21.2814	0.505301	9
745	21.8828	13.0463	0.287787	9
753	21.6669	21.3508	0.104944	9
759	20.0912	10.2608	0.108239	9
760	20.7207	7.9627	-0.0615965	9
763	22.0356	0.677591	0.505896	9
764	22.238	9.29909	-0.0475167	9
776	21.6432	22.3156	0.493523	9
786	22.3029	16.7583	0.24075	9
796	21.7918	5.48822	0.150218	9
817	21.6162	23.4463	0.0483601	9
819	20.5857	4.68652	0.0551856	9
820	21.7104	2.89621	0.024228	9
834	21.136	21.7059	0.968285	9
847	22.2739	4.64431	0.111397	9
852	22.1238	14.0433	0.135853	9
853	20.9434	14.9227	0.410747	9
887	20.0264	22.235	0.195922	9
895	21.8164	23.2024	0.392478	9
901	20.3127	5.25593	0.208222	9
905	21.0884	15.6839	-0.26271	9
906	21.192	21.9379	0.114825	9
908	22.4088	19.1842	0.147102	9
914	21.3114	7.91227	0.12323	9
915	20.9481	6.95648	-0.212992	9
917	20.6153	20.7624	0.115015	9
927	21.9132	13.1937	0.559617	9
930	20.3072	4.46686	0.331948	9
931	21.1847	13.4193	0.158368	9
939	21.4108	17.2081	0.35053	9
950	21.2735	24.027	0.235178	9
951	21.55	19.2861	-0.0707184	9
963	21.7339	23.3616	0.0552895	9
965	21.4131	0.921131	0.627276	9
976	22.2611	5.7281	0.258848	9
979	20.0371	19.5555	0.401277	9
988	21.2497	21.4257	0.197643	9
992	22.4853	19.4372	0.316364	9
1006	21.8294	16.8179	0.0457098	9
1012	21.1847	8.53177	0.128988	9
1013	21.8975	7.72165	-0.0448315	9
1016	20.1332	6.61123	0.219374	9
1023	20.9871	2.16616	0.220806	9
1030	21.0625	4.39899	0.37208	9
1038	21.8264	10.3798	0.614864	9
1041	21.5538	0.941243	0.489489	9
1045	21.1754	22.8707	0.0808981	9
1074	22.0594	20.0504	0.656338	9
1091	21.1709	1.12078	0.0636562	9
1093	21.7182	5.90792	-0.384453	9
1099	21.6359	18.7814	0.292019	9
1105	20.9459	15.126	0.162586	9
1129	21.7253	6.80548	0.623558	9
1143	21.8313	17.8186	0.337249	9
1145	20.1845	7.59132	0.263185	9
1151	20.5017	23.0214	0.827658	9
1173	20.5086	22.7436	0.0761374	9
1184	20.3486	1.42953	0.54875	9
1201	22.4758	13.8083	0.643015	9
1220	22.0021	20.9245	0.263395	9
1221	21.0398	10.7604	-0.0366634	9
1229	22.4216	9.58095	0.0725867	9
1260	20.9028	12.0331	0.371786	9
1261	21.5796	14.3079	0.235996	9
1267	20.9647	5.94888	0.615213	9
1270	22.1444	9.31449	0.0799983	9
1272	20.9213	8.7197	0.545504	9
1281	21.5736	18.666	1.03811	9
1289	21.8054	16.143	0.0011081	9
1292	22.1398	14.6176	0.0519308	9
1327	20.6252	3.21057	-0.086116	9
1334	21.8952	21.2694	0.319042	9
1336	21.6222	11.8653	0.509482	9
1343	21.74	12.7086	0.471115	9
1356	21.8877	22.373	-0.0275895	9
1375	20.1624	4.82988	0.39363	9
1402	20.7732	2.72055	0.55718	9
1422	20.6608	16.7845	0.449758	9
1432	21.3147	0.0688187	0.42484	9
1449	20.1832	9.253	-0.0418035	9
1451	21.8828	9.4814	-0.254596	9
1464	21.3245	15.5284	0.58575	9
1471	21.1176	13.5647	0.103993	9
1472	20.7443	17.7299	0.659635	9
1473	22.3747	21.1021	0.377993	9
1475	22.4615	8.47672	-0.532964	9
1498	20.6768	14.1582	0.233517	9
1513	20.9983	5.26443	0.484301	9
1539	20.8494	7.22275	0.218433	9
1566	21.7779	10.1523	0.649685	9
1567	20.2357	5.0019	0.259938	9
1583	21.7981	22.7026	0.618724	9
1589	22.1098	3.71342	0.0646912	9
1599	21.2115	0.568786	0.082237	9
1619	21.8174	10.6009	0.0694308	9
1623	21.5918	3.80008	0.250489	9
1635	21.2266	7.23775	0.00393174	9
1637	20.2158	24.3316	0.0955059	9
1659	20.09	5.84983	0.366934	9
1690	21.4984	19.0926	-0.0735143	9
1718	20.0584	12.1458	0.411265	9
1748	20.8608	17.8495	0.366742	9
1758	21.9866	3.73171	0.476345	9
1769	21.5679	24.6139	-0.150183	9
1775	22.4241	2.32628	-0.0793473	9
1791	20.0396	5.57839	0.460864	9
1796	21.1403	0.76631	0.317934	9
1807	22.2127	7.06389	0.587591	9
1809	21.784	8.47734	0.252413	9
1810	21.9934	17.3651	0.70239	9
1815	20.279	0.552273	0.175911	9
1820	21.0356	6.64029	0.240536	9
1834	21.1424	2.68913	0.215413	9
1835	20.7408	11.0167	0.455935	9
1842	21.7349	5.38966	-0.0550998	9
1851	21.936	4.93638	0.165866	9
1857	22.0919	11.6159	0.487461	9
1859	20.2748	12.2708	0.908519	9
1862	21.8217	15.5063	-0.160283	9
1864	20.768	7.15533	0.504198	9
1896	21.2155	13.0027	0.124209	9
1906	22.2632	17.7247	0.635547	9
1927	20.3111	12.6273	-0.0731719	9
1951	21.1685	12.0035	0.721582	9
1957	21.626	10.1317	0.0255523	9
1974	20.3248	24.3503	0.0062867	9
1986	20.6267	21.5803	0.762905	9
2014	21.3089	17.9764	0.189752	9
2018	21.6696	10.1762	0.441031	9
2024	20.6739	23.4553	0.141576	9
2044	20.8999	19.8541	0.266371	9
2050	21.3005	24.0677	0.135817	9
2069	21.7414	13.7037	-0.367557	9
2087	20.2	23.6701	0.0670272	9
2090	20.0041	9.77376	-0.0541909	9
2107	20.8459	8.34045	0.188863	9
2122	20.5437	6.72032	0.442728	9
2123	21.1083	3.11612	-0.101193	9
2124	20.4842	3.35735	-0.147812	9
2126	20.1121	8.80231	0.0467087	9
2129	21.3276	22.614	-0.0518982	9
2131	21.4015	14.6415	0.287212	9
2137	22.2002	8.42299	0.078557	9
2145	22.4021	19.6414	0.113975	9
2157	20.9997	13.4129	0.24416	9
2172	20.527	17.5244	0.511818	9
2179	21.7539	20.4892	0.506961	9
2182	22.4818	11.2922	0.221982	9
2209	20.2474	12.1535	0.497608	9
2218	21.4746	11.3215	0.542247	9
2229	20.7052	21.081	0.811872	9
2231	20.5918	15.4889	0.142897	9
2235	22.2536	1.30992	0.691966	9
2249	21.9679	13.3822	0.406926	9
2260	20.8883	7.7983	0.197579	9
2264	22.2305	15.6681	-0.188448	9
2307	20.2052	0.49334	0.518223	9
2308	20.3734	20.0602	0.237098	9
2340	21.5291	23.5018	0.144023	9
2343	20.3589	14.5239	-0.0845702	9
2344	20.4181	13.0628	0.219158	9
2347	22.0148	12.1183	0.640467	9
2348	21.4827	17.1957	0.346634	9
2360	20.1528	8.46388	0.0976664	9
2366	22.2459	8.30886	-0.666038	9
2386	20.9173	13.1364	0.298042	9
2392	20.837	8.42315	0.280314	9
2396	20.9022	9.18713	0.31524	9
2402	20.6739	3.02628	0.866521	9
2405	21.3872	12.8945	0.228622	9
2410	21.2271	16.4839	-0.0959678	9
2417	20.4742	12.4585	0.417206	9
2453	20.8358	1.92703	0.451775	9
2454	21.089	2.57627	0.343907	9
2473	21.111	21.5096	0.200176	9
2479	21.139	5.36815	0.0482326	9
2483	20.9424	4.62217	0.152407	9
2484	21.5571	4.51422	-0.149804	9
2510	22.4799	20.6279	0.360838	9
2511	21.5486	3.02524	-0.404231	9
2517	21.4423	6.00023	0.170296	9
2518	21.7086	6.34745	0.12847	9
2537	20.4904	24.7758	0.000967512	9
2538	21.396	18.4792	0.835251	9
2549	22.2638	8.58603	0.0647664	9
2553	20.2594	21.1863	0.446606	9
2560	21.4884	22.3024	-0.0060492	9
2561	21.6181	24.6073	0.849592	9
2563	21.3809	22.6125	0.789326	9
2586	20.3074	14.7628	-0.153386	9
2588	20.0088	23.2771	0.0800707	9
2591	20.5912	6.14159	0.29643	9
2606	20.6786	5.36794	0.462669	9
2617	22.4227	16.2992	0.251789	9
2623	22.4169	7.53595	-0.61067	9
2624	21.9285	2.15316	0.938405	9
2630	20.626	17.8114	0.24237	9
2683	22.1419	24.025	0.0788962	9
2723	20.7498	0.674168	0.0422119	9
2724	20.9621	1.66814	0.38512	9
2734	21.2255	2.72686	0.36732	9
2743	20.5986	3.37968	0.176321	9
2749	20.8604	24.9128	0.431409	9
2753	20.8634	17.3648	0.467421	9
2761	20.5383	16.2493	0.372205	9
2798	20.3307	21.7369	0.84762	9
2815	21.7503	15.4699	0.276451	9
2818	22.3482	11.4805	-0.393772	9
2831	20.0627	23.9923	-0.425878	9
2844	21.2926	11.0092	0.796953	9
2850	20.7863	24.1302	-0.0733919	9
2868	21.1376	15.7857	0.65835	9
2872	22.2119	11.609	0.23559	9
2873	22.3855	21.3808	0.136019	9
2879	20.1001	3.49426	-0.608314	9
2881	22.4386	13.5026	0.47678	9
2893	21.3569	17.6863	0.484553	9
2901	21.2503	14.3478	0.54286	9
2902	21.2501	14.949	0.690265	9
2906	21.5731	4.27353	0.584771	9
2907	20.2282	8.97744	0.489302	9
2916	21.4028	1.43498	0.420025	9
2923	21.718	13.8646	0.533632	9
2925	22.4196	5.27818	0.00906946	9
2933	20.963	10.4878	0.159992	9
2942	21.3314	22.3433	0.0128233	9
2961	21.9632	2.20757	0.166527	9
2988	20.8752	7.59076	0.0799675	9
2992	21.2368	2.525	0.583063	9
2994	20.6167	10.5823	-0.0720322	9
2997	21.9656	13.8429	0.312453	9
2998	21.7645	13.733	0.496402	9
3028	21.8434	8.57762	0.0345179	9
3062	21.5976	15.3135	0.241291	9
3081	21.9268	6.75133	-0.112418	9
3086	21.8766	24.7147	0.0891633	9
3115	21.4696	5.31355	0.137288	9
3126	20.9842	20.6594	0.257211	9
3127	21.0616	16.2182	0.551348	9
3166	21.7987	1.45887	-0.0203549	9
3168	20.6594	21.324	0.565366	9
3194	21.8845	15.8317	0.0248268	9
3201	22.2582	14.3453	-0.0737528	9
3212	21.2246	12.1635	0.410068	9
3246	21.5393	19.5885	0.793649	9
3252	21.4583	6.07004	0.426603	9
3325	20.8736	1.32545	0.112542	9
3330	21.1219	18.2145	0.381103	9
3335	22.0297	3.65194	0.260192	9
3336	20.5082	10.6385	0.353838	9
3341	20.5159	4.53723	-0.127198	9
3342	20.9488	14.4002	-0.00717133	9
3345	20.6994	18.57	-0.0277244	9
3350	21.1879	21.1217	0.374367	9
3366	21.2956	3.2583	-0.0556822	9
3368	21.1534	2.64367	0.423292	9
3391	20.603	12.8525	0.316578	9
3410	21.863	21.3508	-0.22124	9
3439	21.1617	16.7578	-0.0607296	9
3452	21.5126	0.728583	0.272847	9
3475	21.2613	8.65699	0.0626801	9
3480	20.3011	19.4555	0.526691	9
3488	21.1716	14.495	0.724966	9
3498	21.8399	3.82276	0.470232	9
3499	22.3122	4.29378	-0.102575	9
3501	22.3566	7.52879	-0.425065	9
3507	22.4229	14.2224	0.81369	9
3512	21.4567	6.71511	0.325918	9
3530	20.6919	24.7849	0.240383	9
3531	20.5854	24.1521	0.231974	9
3556	20.277	3.31792	-0.097633	9
3585	21.1789	3.23254	0.237906	9
3587	21.0556	5.93004	0.472467	9
3594	20.0049	11.9801	0.469437	9
3612	22.1695	4.72846	0.366454	9
3616	20.0705	21.6118	0.748064	9
3618	22.1154	7.89388	0.260257	9
3623	21.275	5.11469	0.305104	9
3633	21.7186	15.1479	0.497594	9
3637	21.9966	17.5305	0.51266	9
3638	21.6256	17.5792	0.16696	9
3646	20.0275	24.6599	-0.0403741	9
3647	22.2942	20.1937	0.121851	9
3655	20.3959	22.903	0.688624	9
3657	21.7856	7.01416	-0.368574	9
3710	22.3518	11.3984	-0.557609	9
3712	21.8404	22.4598	0.0958781	9
3715	21.9868	19.2648	0.608907	9
3733	20.115	16.8282	0.121652	9
3740	22.3196	18.9946	0.0569595	9
3748	21.6713	3.52487	0.0611485	9
3762	21.9689	24.6795	0.218082	9
3773	21.1752	2.90769	0.416673	9
3785	20.7533	15.2454	0.414801	9
3802	21.7852	20.6469	0.243645	9
3814	20.9171	10.296	-0.0592671	9
3815	20.9988	10.5167	0.239462	9
3833	22.1972	13.9648	0.531387	9
3875	21.2449	8.00247	0.261592	9
3876	20.6081	4.14555	0.405004	9
3877	20.637	3.51191	0.131247	9
3904	20.1727	21.7549	0.389769	9
3936	20.5544	8.55348	0.218018	9
3946	21.7018	1.81023	0.309508	9
3956	22.4161	11.1344	-0.0187439	9
3964	20.7517	24.5955	0.106706	9
3974	22.0315	23.2369	-0.0210768	9
3991	20.8486	22.664	0.430264	9
3999	22.2169	10.4607	0.473028	9
4011	21.7329	0.74817	0.367253	9
4012	21.1548	1.31403	0.346538	9
4020	20.9042	13.7052	0.38839	9
4029	20.6101	9.95267	0.32364	9
4038	22.0338	10.0422	-0.137421	9
4064	20.4859	24.0846	-0.29101	9
4068	20.7917	1.92264	0.576814	9
4071	22.0854	23.9388	0.133949	9
4078	21.8229	16.3405	0.441632	9
4090	21.2694	4.66115	0.089293	9
13	23.17	23.7179	-0.12217	10
14	23.1675	20.4414	0.0688777	10
18	23.2419	10.1428	0.322767	10
28	24.5275	19.069	0.101241	10
34	23.3781	4.88206	0.392593	10
38	23.1108	10.2046	0.390204	10
39	22.5931	2.35159	0.720228	10
45	23.5136	5.51607	0.455724	10
50	22.8848	19.6587	-0.254073	10
51	24.6915	3.84962	-0.126332	10
53	24.7577	21.3457	0.365472	10
55	24.7074	20.4821	-0.0328479	10
58	22.5682	9.30035	0.353172	10
62	22.7954	5.70821	0.159115	10
65	24.0668	4.83803	0.183609	10
67	24.3921	9.41007	-0.033995	10
68	22.7517	10.5633	-0.332036	10
76	24.8088	20.3476	0.245312	10
92	23.4735	1.40925	0.0248436	10
95	24.1964	13.8011	-0.12693	10
97	23.0998	1.10151	0.434548	10
100	22.6254	6.63863	-0.198884	10
101	23.9403	23.3041	-0.0206506	10
102	24.6105	22.7495	-0.0544955	10
105	24.4282	16.9617	0.712877	10
131	23.2722	3.80478	0.0925893	10
133	23.3536	9.48709	0.2085	10
158	24.2378	0.284855	0.626094	10
160	23.4565	6.91245	-0.185093	10
167	22.9245	0.261762	-0.237074	10
184	23.4315	3.66287	1.03977	10
187	24.5567	5.4608	0.559333	10
193	23.7938	19.6735	0.198568	10
201	23.396	19.5748	-0.0440255	10
208	24.0158	5.38736	0.44409	10
237	23.0929	0.847918	0.479414	10
241	24.715	14.316	0.384159	10
252	23.538	15.2889	0.672808	10
264	22.5364	3.8263	0.0692231	10
287	24.7668	24.4078	-0.300024	10
290	23.596	0.173833	0.276218	10
301	22.9446	3.09442	0.453728	10
304	24.066	21.3077	0.484117	10
311	23.8554	11.4282	0.184875	10
330	23.143	8.47076	-0.129132	10
336	23.7528	22.3263	0.233563	10
341	24.6254	18.5037	0.469857	10
342	23.2842	0.0838844	0.183502	10
350	24.5164	19.3402	0.271107	10
366	23.8729	11.6347	0.0754425	10
391	23.8203	8.50233	-0.582473	10
392	23.7074	14.1144	0.71712	10
395	22.8358	3.6285	0.646235	10
408	23.4592	14.5634	0.76416	10
413	23.8948	9.11008	0.425537	10
439	22.9108	5.10922	0.77254	10
444	23.2147	1.67058	0.256734	10
451	24.5416	7.84838	0.203231	10
459	23.939	9.61523	-0.171723	10
468	23.624	13.2525	0.298963	10
476	23.2714	16.1847	0.808701	10
477	23.1158	8.21298	0.186382	10
488	24.7057	14.7281	-0.00863938	10
489	24.6961	10.8315	0.221965	10
496	23.7651	4.26878	0.406474	10
508	24.8892	17.3519	0.0456393	10
522	23.7476	0.354634	0.32384	10
532	24.0129	7.00645	0.0816523	10
534	24.0416	3.34077	0.72671	10
557	24.2563	22.5994	0.609468	10
570	22.8539	2.54782	0.102476	10
571	23.1978	0.205393	0.444177	10
586	24.1535	15.5688	0.455665	10
590	22.5683	20.5788	-0.138105	10
597	22.7758	18.47	0.43109	10
606	23.8194	15.03	0.48667	10
607	24.8783	8.38256	0.0555181	10
608	24.3792	18.3018	0.28703	10
623	23.5642	1.69595	0.391454	10
637	24.526	0.0422904	0.199556	10
653	23.9972	19.8551	-0.0108043	10
661	24.0138	8.35789	-0.338235	10
671	24.7689	23.1105	-0.0222318	10
693	22.9525	24.688	-0.241788	10
703	23.9325	20.7678	0.351074	10
704	23.6608	17.9259	0.317802	10
720	23.0506	23.1206	1.22514	10
752	22.732	21.4475	0.771997	10
791	22.8228	8.83218	-0.0782722	10
793	23.0698	22.6318	0.26572	10
800	23.12	12.9286	0.199258	10
812	24.8811	4.89186	0.17409	10
822	24.9717	1.70696	0.988975	10
841	24.9341	13.3762	0.177734	10
855	23.6257	2.72445	0.838218	10
862	23.6033	1.0647	-0.411936	10
873	22.7239	18.2966	0.722896	10
874	24.5744	21.6465	0.179949	10
882	23.6732	20.3531	0.228155	10
886	24.6447	3.65088	0.092047	10
943	24.9309	21.7391	-0.190703	10
961	24.5178	8.88047	-0.114373	10
980	23.0188	21.0871	-0.301839	10
984	24.1612	12.649	0.366868	10
995	24.0554	5.44915	0.160691	10
999	22.7019	24.3209	-0.295972	10
1020	23.616	6.27714	-0.329668	10
1029	23.2351	7.19997	-0.142752	10
1037	24.2324	7.97643	0.627438	10
1057	23.3541	11.0964	0.339932	10
1098	22.8188	9.77386	-0.0727228	10
1114	23.611	12.8475	0.248939	10
1123	24.3874	24.031	0.377696	10
1124	23.195	21.6087	0.28451	10
1137	22.9154	16.7566	0.0744372	10
1138	24.9431	4.3093	0.631933	10
1148	23.8911	10.1304	-0.053193	10
1163	24.8983	0.484735	0.428289	10
1177	22.5476	0.220387	0.228565	10
1204	22.872	21.358	0.282397	10
1208	24.1407	16.0791	0.328461	10
1214	23.6794	5.46113	-0.303284	10
1218	22.7591	3.88859	0.298706	10
1219	24.7478	19.9457	0.554168	10
1232	23.0973	17.273	0.507274	10
1240	22.9245	20.0311	0.0182742	10
1244	22.9602	1.71712	0.337775	10
1247	24.9291	9.08385	-0.0500497	10
1256	23.6021	2.52551	0.163816	10
1296	23.6183	18.8972	0.205048	10
1303	23.6899	1.37014	0.134713	10
1307	23.0098	18.666	0.794145	10
1312	24.4763	14.4973	0.00604795	10
1314	23.4317	18.825	0.334417	10
1326	22.7143	12.1545	0.542189	10
1332	24.6844	22.9404	0.421081	10
1339	23.6065	17.6143	-0.0114866	10
1349	22.982	5.89979	0.283624	10
1395	23.7853	13.7998	-0.128173	10
1396	22.7125	12.2061	0.0386449	10
1415	23.7109	24.95	-0.384275	10
1438	23.5821	20.8754	-0.0335316	10
1439	23.9643	11.835	0.195229	10
1440	24.7772	11.6089	0.129996	10
1445	24.118	13.7496	0.627172	10
1457	24.0339	16.5898	0.525315	10
1474	23.3772	7.53532	-0.450226	10
1483	24.6272	24.2583	-0.0307776	10
1502	24.9011	10.2205	-0.0368261	10
1505	22.9519	7.74099	-0.384407	10
1507	22.9646	23.2147	0.337345	10
1514	22.6976	22.6811	1.19285	10
1529	22.779	5.92659	0.593231	10
1573	24.5431	3.11879	-0.0370934	10
1582	23.5525	20.0765	0.0462507	10
1598	23.367	5.3193	-0.063075	10
1610	24.6941	6.92855	-0.258099	10
1611	23.4159	4.79802	0.21406	10
1618	24.031	13.2375	0.247043	10
1622	24.5591	1.79992	-0.11415	10
1643	23.715	20.3524	0.357205	10
1645	24.6987	6.29871	-0.25132	10
1652	24.3169	10.1338	0.33864	10
1653	24.1087	0.774149	0.360382	10
1655	22.988	11.5416	0.521074	10
1657	24.3562	5.12385	-0.0995572	10
1664	23.4191	12.8017	0.700285	10
1697	24.5284	24.1182	0.395776	10
1698	22.5674	13.9609	0.169675	10
1710	23.5584	14.7699	0.87455	10
1725	22.8481	15.815	0.930502	10
1740	24.0986	13.3417	0.296816	10
1750	24.4779	6.01249	-0.239107	10
1754	22.8193	14.527	0.455416	10
1759	24.8828	9.71856	0.276356	10
1760	23.3904	22.8419	0.140884	10
1762	23.8241	1.63441	0.312909	10
1778	23.2594	11.6605	0.31704	10
1784	24.6792	1.98156	0.618416	10
1789	24.8089	13.3507	0.279602	10
1808	22.8451	4.17802	-0.0269296	10
1832	23.8393	23.2036	0.136791	10
1853	23.397	3.38431	-0.304651	10
1856	23.6847	24.0284	0.0499595	10
1868	23.7732	4.53988	-0.326047	10
1869	23.3892	11.5757	0.325663	10
1908	24.586	12.2125	-0.0885653	10
1942	23.521	16.4121	0.192825	10
1948	24.9173	7.41428	0.0735816	10
2000	24.701	3.53271	0.385528	10
2001	24.2089	20.7246	0.414116	10
2004	23.8456	17.8692	0.415867	10
2008	24.02	14.5355	0.508174	10
2034	24.617	21.1937	0.0933791	10
2039	22.5568	19.1562	-0.190832	10
2040	23.4864	19.0572	0.237595	10
2054	24.7993	20.3324	0.298907	10
2059	23.3482	5.36163	-0.0172805	10
2116	24.2795	14.9495	0.403661	10
2118	24.6084	1.37038	0.283678	10
2125	23.4318	13.3546	0.120655	10
2136	23.3674	2.53113	-0.215092	10
2144	24.4148	21.7399	0.875726	10
2146	23.5569	18.4108	0.0739958	10
2181	23.7733	12.3703	0.472954	10
2197	24.0093	4.70548	-0.238996	10
2205	22.6813	23.0943	0.290473	10
2215	23.8522	13.4353	0.395316	10
2216	22.7116	17.1194	-0.170408	10
2244	24.1423	12.1309	0.575154	10
2281	23.0248	15.476	-0.171415	10
2283	23.1375	21.6971	-0.130312	10
2284	22.7362	21.0528	0.261981	10
2287	22.9484	23.5338	-0.441865	10
2296	24.3543	19.823	0.149635	10
2303	23.662	21.9024	-0.042643	10
2304	23.6193	22.5115	-0.246572	10
2312	22.6539	4.5454	0.105286	10
2320	23.4844	17.8295	0.442177	10
2326	23.7387	19.2398	0.0330749	10
2329	24.8358	4.40162	0.460848	10
2334	24.5267	7.70551	0.400313	10
2336	22.738	18.3728	0.426328	10
2349	23.8683	11.1757	0.265184	10
2354	22.9869	24.8333	-0.448082	10
2376	23.6171	9.74486	0.331006	10
2379	23.227	8.59752	0.0516613	10
2387	24.7917	12.0669	0.106589	10
2400	23.5012	16.9217	0.54327	10
2436	24.5584	8.94311	-0.00385643	10
2450	22.6486	4.2942	0.613997	10
2456	24.953	15.0769	0.446597	10
2463	22.6999	22.2746	0.303136	10
2471	23.0495	13.6412	0.0559188	10
2477	23.1973	7.60719	-0.0542949	10
2481	24.0154	10.0131	0.0539687	10
2488	24.4123	0.233072	0.220955	10
2494	24.8625	13.6597	0.20822	10
2512	22.9791	21.9313	0.316973	10
2523	24.2313	9.80492	-0.316202	10
2546	23.6115	24.67	0.103647	10
2555	24.1174	23.489	0.397492	10
2571	22.8593	20.2457	0.194067	10
2575	22.7989	0.86652	0.567938	10
2576	23.2133	19.9993	0.53148	10
2577	24.3839	16.3694	0.649048	10
2594	24.2389	1.8619	0.688319	10
2603	22.6883	13.3594	0.27505	10
2604	23.032	12.8787	0.321545	10
2618	23.0089	6.73627	-0.595536	10
2620	23.7091	12.2118	0.52218	10
2622	22.8307	7.94858	-0.392279	10
2634	23.3949	16.79	0.206552	10
2635	24.9543	4.76118	0.593972	10
2646	23.5675	18.7993	0.313343	10
2661	23.7869	11.2608	-0.187604	10
2684	24.572	18.3668	0.10267	10
2686	23.861	21.176	0.269131	10
2702	23.9965	1.34863	0.00330259	10
2718	23.1853	23.6387	0.18926	10
2721	23.6457	21.1648	0.179135	10
2722	23.2915	2.89538	0.395927	10
2731	22.5321	23.4799	-0.0509468	10
2733	22.6904	12.1016	-0.149656	10
2735	23.7077	6.39401	0.173724	10
2765	23.4191	9.39619	0.302449	10
2775	24.848	3.60697	-0.0611056	10
2788	23.7279	1.22966	0.135207	10
2803	23.9487	9.63093	-0.488144	10
2804	22.609	16.6572	0.222337	10
2810	23.2256	0.69936	0.906913	10
2817	24.0887	18.5468	0.0633127	10
2819	23.1069	13.8863	0.334885	10
2822	24.1839	18.3284	0.322455	10
2829	24.9286	21.7231	0.00528593	10
2830	22.9174	7.08748	-0.278334	10
2836	23.2584	18.6796	-0.157508	10
2855	23.0516	22.4858	0.226534	10
2865	23.8258	21.7475	0.531876	10
2867	23.4647	10.7146	0.190418	10
2890	23.4053	10.3937	0.0862295	10
2905	24.6234	14.3435	0.254321	10
2908	23.1823	12.561	0.284088	10
2910	24.1035	22.3864	0.537544	10
2915	23.6334	5.18872	0.648355	10
2944	22.7417	1.79626	0.649359	10
3002	23.2286	16.0698	0.823962	10
3013	23.6983	14.4253	-0.174017	10
3023	24.0485	7.53843	-0.0403299	10
3029	22.9457	18.19	0.137559	10
3051	24.3357	16.9899	0.362427	10
3066	23.3676	13.4798	0.486569	10
3083	23.7414	14.1571	0.808261	10
3089	24.2255	0.266041	0.830432	10
3096	23.0302	3.41556	-0.278286	10
3100	24.6394	4.68879	-0.11435	10
3150	23.2239	6.46266	0.296323	10
3174	23.4142	2.15383	0.262958	10
3186	23.5734	22.4368	0.317272	10
3203	22.9495	24.7848	-0.456123	10
3205	22.896	1.80462	0.554982	10
3220	24.5805	13.8074	0.58921	10
3222	24.2909	12.4878	0.777821	10
3225	23.6424	6.14747	0.177702	10
3234	23.814	0.404605	0.267733	10
3235	24.6535	0.638921	0.00964052	10
3236	23.2851	19.9316	0.386565	10
3240	24.1212	14.9914	0.0493422	10
3241	23.8149	15.6298	0.436949	10
3253	22.977	18.2587	0.250919	10
3277	24.7962	19.6427	0.328829	10
3285	23.7461	11.2706	0.272757	10
3294	22.6646	0.507706	-0.0269157	10
3306	24.7112	19.8391	0.121767	10
3310	24.38	16.8544	0.35308	10
3346	23.6907	7.5328	-0.388895	10
3349	22.9414	6.90865	-0.20243	10
3352	23.4542	4.81118	0.590899	10
3353	23.6018	5.06485	0.459782	10
3356	23.7451	11.5335	0.674318	10
3364	23.683	20.0207	0.0265774	10
3381	23.979	21.8824	-0.273694	10
3387	23.1989	5.28162	0.31045	10
3392	23.1315	3.48039	0.211316	10
3395	24.6253	21.6281	0.318441	10
3396	23.7515	22.2449	0.0303549	10
3411	23.3584	23.3792	0.56153	10
3417	23.3506	15.8878	0.866258	10
3418	23.0035	15.8696	0.971344	10
3425	22.9826	8.0029	-0.304206	10
3445	23.1985	16.5055	1.24106	10
3453	24.9058	3.57004	-0.104476	10
3477	23.3035	20.2871	-0.0522953	10
3485	23.4488	20.362	0.346135	10
3486	23.8231	21.2974	0.219209	10
3492	24.5492	5.1237	0.80253	10
3500	22.8891	16.7232	0.178015	10
3511	22.5658	23.1615	0.961621	10
3528	23.7929	9.52809	0.0428646	10
3543	22.686	5.69485	0.433589	10
3548	23.0772	11.0519	-0.291047	10
3561	23.857	1.84207	0.0623431	10
3562	24.6091	21.1633	0.363314	10
3563	23.8942	15.972	0.664853	10
3578	22.6298	2.2848	0.531545	10
3602	24.2854	3.1274	1.12687	10
3610	24.3906	23.7088	0.550357	10
3611	23.8954	23.4462	0.662347	10
3617	24.711	11.666	-0.282128	10
3622	24.4503	19.3707	0.239885	10
3626	23.031	1.4916	0.197649	10
3627	22.88	0.676738	0.0722581	10
3650	23.8349	11.3962	0.229715	10
3662	24.5512	20.4227	0.0439024	10
3687	23.2609	9.86843	-0.521856	10
3694	24.679	1.5982	0.529396	10
3706	24.0321	16.7489	0.570634	10
3707	23.2559	16.437	0.301172	10
3716	24.9809	16.4024	0.600066	10
3730	24.3734	13.3394	0.648842	10
3739	23.2263	5.11661	0.48622	10
3741	24.3157	17.0504	0.31805	10
3742	23.8973	16.5702	0.566813	10
3744	23.9141	8.41068	-0.367041	10
3754	22.7698	20.7492	-0.176129	10
3758	22.5004	11.3018	0.120812	10
3777	23.7865	9.09484	0.190803	10
3787	23.1356	5.06954	0.800838	10
3800	24.852	13.7813	0.226642	10
3803	24.5185	7.75718	0.360195	10
3809	23.0693	24.0596	-0.674282	10
3818	22.7998	20.9363	-0.146487	10
3825	23.1682	18.2141	0.936578	10
3831	24.8693	8.75508	0.203144	10
3832	23.0028	16.9191	0.251935	10
3845	24.1918	9.60704	-0.386425	10
3847	23.4216	23.776	0.0440484	10
3849	23.3953	5.76237	0.354733	10
3861	23.1701	11.3715	-0.367058	10
3885	24.8753	20.5205	0.395385	10
3909	24.4439	18.8314	0.048664	10
3910	22.6101	23.9178	-0.332484	10
3912	24.0107	17.3713	0.418734	10
3915	22.9361	6.91807	-0.109698	10
3941	24.4942	20.155	0.322725	10
3959	23.8484	19.8931	-0.2092	10
3983	22.9509	24.818	-0.801953	10
3998	23.2463	0.622619	0.0793753	10
4019	23.3836	19.9145	0.132436	10
4040	23.9523	15.0412	0.66123	10
4053	24.5623	16.985	0.441591	10
4065	23.9397	14.8049	0.365942	10
4070	24.4085	17.2767	0.423623	10
4079	22.61	23.7329	-0.103815	10
4086	23.4888	15.4223	0.594873	10
