IND_ID	Opt	Phen	AbsErr	Fitness	density
1.0	0.469846	0.639604	0.169758	0.856569	8.01416
2.0	0.475753	0.725731	0.249979	0.784971	11.4267
3.0	0.673993	0.920706	0.246714	0.722572	15.0797
4.0	0.826043	0.681346	0.144697	0.875664	7.20936
5.0	0.140237	-0.148188	0.288424	0.930701	5.01694
6.0	0.580594	0.713062	0.132468	0.90288	6.12085
7.0	0.870429	1.28973	0.419299	0.835129	8.82131
8.0	0.706758	0.899136	0.192378	0.953201	4.26755
9.0	0.175611	-0.207949	0.383561	0.859826	7.75135
10.0	0.244831	0.489656	0.244825	0.852413	8.16424
11.0	0.669507	0.571106	0.0984014	0.847499	8.43473
12.0	0.287821	0.109159	0.178662	0.902983	6.10287
13.0	0.0732001	-0.12217	0.19537	0.82715	9.33983
14.0	0.0733006	0.0688777	0.00442292	0.817816	9.82786
15.0	0.82504	0.953579	0.128539	0.793888	11.0103
16.0	0.506051	0.388395	0.117656	0.847499	8.43038
17.0	0.354289	0.374107	0.0198183	0.795177	10.9616
18.0	0.0703247	0.322767	0.252443	0.873376	7.26148
19.0	0.48983	0.665503	0.175674	0.813859	9.98715
20.0	0.238031	0.0926851	0.145346	0.828007	9.31768
21.0	0.393941	0.466087	0.0721452	0.944895	4.58467
22.0	0.162836	0.563016	0.400179	0.901762	6.02568
23.0	0.295793	0.344177	0.0483845	0.801215	10.6498
24.0	0.108004	0.614132	0.506128	0.81813	9.53506
25.0	0.163865	0.988856	0.824991	0.808915	9.52303
26.0	0.458932	0.524022	0.0650901	0.938367	4.81595
27.0	0.199883	0.454919	0.255036	0.966917	3.77928
28.0	0.0189003	0.101241	0.0823411	0.890012	6.63838
29.0	0.537898	0.299451	0.238447	0.893248	6.46005
30.0	0.413097	0.397084	0.0160128	0.878068	7.13059
31.0	0.104355	-0.0415335	0.145889	0.867566	7.54882
32.0	0.107029	-0.242269	0.349298	0.882647	6.82133
33.0	0.867754	0.519329	0.348425	0.825572	9.32512
34.0	0.0648779	0.392593	0.327715	0.761289	12.6783
35.0	0.117015	-0.199114	0.316128	0.862692	7.67642
36.0	0.264316	-0.15387	0.418186	0.770866	12.0621
37.0	0.960152	0.588582	0.37157	0.925099	5.16893
38.0	0.0755666	0.390204	0.314638	0.888809	6.59544
39.0	0.0962742	0.720228	0.623954	0.854433	7.73675
40.0	0.360933	0.0251373	0.335795	0.801396	10.5178
41.0	0.781627	0.738885	0.0427423	0.818533	9.79111
42.0	0.555678	0.334168	0.221511	0.947596	4.45001
43.0	0.102944	0.301615	0.198672	0.792375	11.0631
44.0	0.299244	0.484736	0.185492	0.954125	4.23825
45.0	0.0594564	0.455724	0.396267	0.774458	11.8854
46.0	0.245786	0.118029	0.127758	0.774909	12.0232
47.0	0.665539	0.947771	0.282232	0.855788	7.99584
48.0	0.512556	0.555441	0.042885	0.880874	7.01355
49.0	0.479442	0.444004	0.0354382	0.82654	9.40833
50.0	0.084607	-0.254073	0.33868	0.895077	6.33098
51.0	0.0123384	-0.126332	0.13867	0.848523	8.37903
52.0	0.206275	0.0606326	0.145643	0.915509	5.63539
53.0	0.00969124	0.365472	0.355781	0.799386	10.6045
54.0	0.228785	0.358423	0.129639	0.910872	5.81484
55.0	0.0117055	-0.0328479	0.0445534	0.778838	11.8254
56.0	0.39059	0.0746478	0.315943	0.934488	4.86519
57.0	0.41064	0.758604	0.347963	0.80375	10.3898
58.0	0.0972737	0.353172	0.255899	0.916176	5.56805
59.0	0.532324	1.38887	0.856548	0.973103	2.9845
60.0	0.832829	0.793181	0.0396473	0.824302	9.5143
61.0	0.448635	0.802651	0.354016	0.862648	7.6524
62.0	0.0881824	0.159115	0.0709329	0.835996	8.96222
63.0	0.391938	0.850681	0.458742	0.80944	10.0081
64.0	0.745136	0.672411	0.072725	0.933018	5.00641
65.0	0.0373263	0.183609	0.146283	0.8653	7.64511
66.0	0.628988	0.955885	0.326897	0.87224	7.26544
67.0	0.0243175	-0.033995	0.0583125	0.884881	6.84857
68.0	0.089931	-0.332036	0.421967	0.934987	4.77447
69.0	0.870272	0.801506	0.0687655	0.827301	9.3686
70.0	0.434292	0.68512	0.250829	0.865919	7.57642
71.0	0.981017	0.509941	0.471076	0.82966	9.02578
72.0	0.356999	0.449713	0.092714	0.8151	9.95075
73.0	0.499969	0.308783	0.191186	0.826176	9.38761
74.0	0.113941	-0.0708851	0.184826	0.847242	8.42066
75.0	0.711311	0.977229	0.265918	0.679032	18.0802
76.0	0.00764638	0.245312	0.237666	0.744658	13.7119
77.0	0.596864	0.671435	0.0745709	0.851094	8.27898
78.0	0.44945	0.816309	0.366859	0.874568	7.14058
79.0	0.731567	0.679807	0.0517601	0.826262	9.41996
80.0	0.349943	0.408611	0.0586676	0.8459	8.51297
81.0	0.335635	0.80696	0.471325	0.950929	4.1764
82.0	0.411084	0.107343	0.303742	0.970517	3.63587
83.0	0.152516	0.291171	0.138655	0.949399	4.41491
84.0	0.771478	0.404597	0.366882	0.745769	13.551
85.0	0.292806	1.25765	0.964843	0.869984	6.53726
86.0	0.1722	0.100568	0.071632	0.877535	7.14772
87.0	0.806824	0.845704	0.0388809	0.868147	7.54431
88.0	0.762873	1.05581	0.292941	0.921466	5.35189
89.0	0.691808	1.41156	0.719749	0.888685	6.18932
90.0	0.845139	1.35514	0.510001	0.860748	7.59638
91.0	0.390772	0.460214	0.0694419	0.792604	11.0902
92.0	0.0610619	0.0248436	0.0362183	0.810423	10.1888
93.0	0.999899	0.496764	0.503136	0.89332	6.26483
94.0	0.201065	0.968592	0.767527	0.838255	8.24595
95.0	0.0321433	-0.12693	0.159074	0.853294	8.16136
96.0	0.817726	0.641457	0.176269	0.807422	10.3053
97.0	0.0760093	0.434548	0.358539	0.846543	8.35341
98.0	0.230127	1.89479	1.66466	0.792786	8.09274
99.0	0.907396	0.784249	0.123148	0.870276	7.44053
100.0	0.0949845	-0.198884	0.293868	0.92786	5.11696
101.0	0.0423873	-0.0206506	0.0630379	0.874292	7.28354
102.0	0.0155809	-0.0544955	0.0700763	0.918432	5.54153
103.0	0.698657	0.759391	0.0607339	0.841124	8.72867
104.0	0.46433	0.897581	0.43325	0.836803	8.73191
105.0	0.0228735	0.712877	0.690004	0.773438	11.5747
106.0	0.399985	0.636804	0.236819	0.890198	6.58225
107.0	0.44806	0.717793	0.269733	0.85235	8.15374
108.0	0.306632	0.0177888	0.288843	0.778876	11.7297
109.0	0.665068	0.791475	0.126407	0.830725	9.19553
110.0	0.479585	1.09762	0.618031	0.826909	8.98414
111.0	0.77904	1.00831	0.229267	0.859565	7.85955
112.0	0.334048	0.757347	0.423298	0.862144	7.61903
113.0	0.330677	0.115538	0.215139	0.995779	2.86833
114.0	0.158231	0.297612	0.139381	0.826449	9.39311
115.0	0.160367	0.455871	0.295504	0.859913	7.80885
116.0	0.407585	0.335215	0.0723701	0.841643	8.70343
117.0	0.710283	0.514236	0.196047	0.891388	6.55216
118.0	0.501147	0.598147	0.0970006	0.893217	6.50795
119.0	0.899042	0.635128	0.263914	0.79963	10.6555
120.0	0.77354	0.827666	0.0541256	0.910289	5.85035
121.0	0.436271	0.564356	0.128084	0.869105	7.48867
122.0	0.813084	0.696861	0.116224	0.928138	5.17546
123.0	0.295389	0.504307	0.208917	0.861188	7.79862
124.0	0.950899	1.24803	0.297128	0.837962	8.78374
125.0	0.641484	0.597418	0.0440667	0.864296	7.70787
126.0	0.365322	0.228758	0.136564	0.875689	7.21061
127.0	0.132143	0.219585	0.0874422	0.843342	8.62386
128.0	0.863505	1.35043	0.48693	0.912859	5.52861
129.0	0.136503	-0.135303	0.271807	0.871641	7.32379
130.0	0.665055	0.214205	0.45085	0.782207	11.4137
131.0	0.0691118	0.0925893	0.0234775	0.885023	6.84564
132.0	0.455228	0.330408	0.124819	0.871787	7.37657
133.0	0.0658578	0.2085	0.142642	0.875415	7.2203
134.0	0.792571	0.913913	0.121342	0.850357	8.30215
135.0	0.3016	0.488955	0.187354	0.878832	7.06415
136.0	0.172161	0.163744	0.00841724	0.880702	7.02239
137.0	0.580567	0.721011	0.140444	0.835243	8.9814
138.0	0.403817	0.496998	0.0931817	0.869966	7.46014
139.0	0.963026	0.67786	0.285167	0.819884	9.63968
140.0	0.744285	0.372001	0.372285	0.779751	11.6192
141.0	0.622022	0.324612	0.29741	0.813831	9.92564
142.0	0.698925	0.33154	0.367384	0.946338	4.4147
143.0	0.374066	0.768841	0.394775	0.948571	4.31815
144.0	0.35488	0.410966	0.056086	0.877595	7.14725
145.0	0.10146	0.543885	0.442425	0.919724	5.3121
146.0	0.915485	1.24769	0.332208	0.904626	5.96337
147.0	0.605023	1.11463	0.509608	0.945432	4.33165
148.0	0.868078	1.30117	0.433089	0.889717	6.4719
149.0	0.515391	0.0668966	0.448494	0.883909	6.69163
150.0	0.564632	0.498766	0.0658663	0.79221	11.1113
151.0	0.732531	0.430874	0.301658	0.857286	7.91886
152.0	0.663992	0.681297	0.017305	0.831352	9.18296
153.0	0.955794	0.674763	0.281031	0.772893	12.0614
154.0	0.260568	0.818965	0.558397	0.824793	9.15814
155.0	0.65374	0.943844	0.290104	0.760596	12.7452
156.0	0.487406	0.305337	0.182069	0.909225	5.86176
157.0	0.595355	0.512107	0.0832482	0.948026	4.47384
158.0	0.0304869	0.626094	0.595607	0.813291	9.66243
159.0	0.328572	0.424889	0.0963165	0.886555	6.77496
160.0	0.0617415	-0.185093	0.246835	0.905315	5.9847
161.0	0.67559	-0.141562	0.817152	0.706382	15.3768
162.0	0.879612	0.990154	0.110542	0.836784	8.91831
163.0	0.733192	0.827758	0.0945666	0.921656	5.41786
164.0	0.905113	0.783184	0.121929	0.798779	10.7601
165.0	0.105465	0.395023	0.289558	0.857013	7.93814
166.0	0.554695	0.849907	0.295212	0.863131	7.67068
167.0	0.0830202	-0.237074	0.320094	0.826354	9.30843
168.0	0.547444	0.491749	0.0556943	0.817305	9.84931
169.0	0.794697	1.05662	0.261921	0.846981	8.39636
170.0	0.737471	0.830381	0.0929106	0.80812	10.2952
171.0	0.650367	0.549843	0.100524	0.793353	11.0453
172.0	0.386919	0.889482	0.502563	0.903032	5.88725
173.0	0.942658	0.844779	0.0978792	0.86774	7.55334
174.0	0.128852	0.876113	0.747261	0.893051	5.97852
175.0	0.527348	0.54792	0.0205718	0.863322	7.75113
176.0	0.786869	0.766452	0.020417	0.837781	8.88493
177.0	0.31533	0.446405	0.131075	0.797336	10.8315
178.0	0.508343	0.0259441	0.482398	0.885126	6.61129
179.0	0.967141	0.497468	0.469672	0.771328	11.9838
180.0	0.166103	0.624581	0.458478	0.832045	8.92733
181.0	0.189452	0.555852	0.3664	0.831579	9.0296
182.0	0.708983	0.701807	0.00717586	0.860702	7.86433
183.0	0.233788	0.530208	0.296419	0.954309	4.18316
184.0	0.0627417	1.03977	0.977029	0.868767	6.56386
185.0	0.360454	0.021955	0.338499	0.966572	3.74617
186.0	0.94504	0.727672	0.217368	0.909616	5.83326
187.0	0.0177318	0.559333	0.541601	0.916282	5.34721
188.0	0.637485	0.355643	0.281842	0.91542	5.58304
189.0	0.820992	0.697184	0.123809	0.845799	8.50504
190.0	0.652644	0.708443	0.0557991	0.803371	10.5396
191.0	0.445046	0.32782	0.117226	0.863511	7.72939
192.0	0.453246	1.00397	0.550722	0.882442	6.64986
193.0	0.0482461	0.198568	0.150322	0.834821	8.99787
194.0	0.388473	0.170507	0.217966	0.944905	4.54523
195.0	0.821808	0.758688	0.0631204	0.948846	4.4481
196.0	0.872154	0.958056	0.0859021	0.835444	8.98524
197.0	0.899603	0.678162	0.221442	0.836939	8.87216
198.0	0.628935	0.997466	0.368531	0.737664	14.0395
199.0	0.713205	0.525662	0.187543	0.929927	5.09005
200.0	0.91548	0.562203	0.353277	0.802263	10.4606
201.0	0.0641606	-0.0440255	0.108186	0.856899	8.01744
202.0	0.542472	0.576891	0.0344191	0.906404	6.00068
203.0	0.546656	-0.00529818	0.551954	0.86424	7.40229
204.0	0.775334	0.938632	0.163298	0.881384	6.96787
205.0	0.858678	-0.268179	1.12686	0.907535	4.75398
206.0	0.186948	0.647658	0.460711	0.902485	5.94726
207.0	0.949525	0.9885	0.0389748	0.875876	7.22012
208.0	0.039368	0.44409	0.404722	0.846646	8.31211
209.0	0.275653	-0.0688071	0.34446	0.804013	10.3793
210.0	0.993872	0.552935	0.440937	0.837811	8.67876
211.0	0.85677	0.489768	0.367002	0.953678	4.16206
212.0	0.421848	0.59747	0.175621	0.830814	9.17547
213.0	0.528762	0.277757	0.251006	0.853868	8.09706
214.0	0.293742	0.301649	0.00790695	0.89056	6.62309
215.0	0.893919	1.21737	0.323448	0.821732	9.52583
216.0	0.658101	0.859916	0.201815	0.776529	11.9063
217.0	0.682308	0.994556	0.312248	0.815298	9.84413
218.0	0.975408	-0.0203187	0.995727	0.902369	5.20716
219.0	0.65531	0.626112	0.0291984	0.885551	6.82396
220.0	0.260222	0.43362	0.173398	0.855907	8.04179
221.0	0.632459	0.616801	0.015658	0.85362	8.17297
222.0	0.164701	0.636971	0.47227	0.941699	4.49553
223.0	0.547369	0.0646574	0.482711	0.881382	6.76245
224.0	0.183142	0.292273	0.109132	0.867438	7.56381
225.0	0.415515	0.619558	0.204043	0.890175	6.59742
226.0	0.239621	0.39807	0.158449	0.896322	6.36973
227.0	0.679735	1.09437	0.414634	0.776607	11.7511
228.0	0.253299	0.769836	0.516537	0.842744	8.37952
229.0	0.655939	1.20494	0.548997	0.807473	10.0058
230.0	0.7531	0.951354	0.198254	0.816387	9.85449
231.0	0.192859	0.973121	0.780262	0.931095	4.51393
232.0	0.451774	0.262562	0.189212	0.809804	10.1816
233.0	0.35214	0.469924	0.117783	0.870438	7.43501
234.0	0.376059	0.206616	0.169442	0.863837	7.70014
235.0	0.38106	0.824778	0.443717	0.863774	7.53144
236.0	0.989978	0.410957	0.57902	0.889666	6.32898
237.0	0.0762822	0.479414	0.403132	0.816204	9.72941
238.0	0.623165	0.623778	0.000613741	0.841032	8.73675
239.0	0.958587	1.1699	0.211314	0.801006	10.6133
240.0	0.352765	0.78532	0.432555	0.897824	6.15256
241.0	0.0113983	0.384159	0.372761	0.858697	7.80848
242.0	0.911965	0.698933	0.213031	0.798932	10.7182
243.0	0.333047	0.770338	0.437291	0.903382	5.93305
244.0	0.247637	0.800124	0.552486	0.914423	5.40518
245.0	0.447048	0.323053	0.123995	0.964684	3.8984
246.0	0.529318	0.437531	0.0917863	0.744677	13.7689
247.0	0.756407	0.681923	0.0744842	0.763445	12.6755
248.0	0.778049	0.795842	0.0177927	0.811334	10.1449
249.0	0.801746	-0.212921	1.01467	0.828475	8.23171
250.0	0.87923	1.15167	0.272444	0.839807	8.71429
251.0	0.180783	0.178965	0.00181849	0.854188	8.14822
252.0	0.0584793	0.672808	0.614329	0.869761	7.09682
253.0	0.674937	0.576789	0.0981472	0.787477	11.3539
254.0	0.183654	0.370724	0.18707	0.767655	12.4035
255.0	0.259736	-0.218492	0.478229	0.783051	11.3398
256.0	0.218807	1.01151	0.792702	0.834617	8.3696
257.0	0.878412	0.939662	0.0612499	0.889379	6.66676
258.0	0.822346	0.552366	0.26998	0.809913	10.1355
259.0	0.55521	1.0927	0.537493	0.808275	9.9798
260.0	0.900823	1.12879	0.227968	0.837739	8.83233
261.0	0.207404	0.467576	0.260173	0.939814	4.7056
262.0	0.915752	0.652897	0.262854	0.911241	5.75051
263.0	0.480808	0.434912	0.0458959	0.832819	9.11257
264.0	0.0985421	0.0692231	0.029319	0.871453	7.40552
265.0	0.283156	-0.226059	0.509215	0.806761	10.0871
266.0	0.217675	-0.553981	0.771656	0.86177	7.21328
267.0	0.69227	0.423878	0.268392	0.889698	6.58647
268.0	0.824057	0.705213	0.118844	0.920402	5.4594
269.0	0.450105	0.928644	0.478539	0.860685	7.63077
270.0	0.48213	0.444973	0.0371572	0.942767	4.6629
271.0	0.344923	-0.249454	0.594377	0.889779	6.30689
272.0	0.261158	-0.210603	0.471762	0.886444	6.56835
273.0	0.513051	0.44927	0.063781	0.931651	5.05687
274.0	0.457351	0.423907	0.0334438	0.811864	10.1178
275.0	0.353577	-0.012622	0.366199	0.825114	9.33316
276.0	0.773803	0.748562	0.0252405	0.899337	6.2753
277.0	0.115969	-0.0723573	0.188327	0.886701	6.74306
278.0	0.739399	0.583788	0.155611	0.871399	7.38412
279.0	0.795801	0.810004	0.0142034	0.778564	11.8423
280.0	0.13291	0.209809	0.0768989	0.845834	8.51335
281.0	0.187971	0.420916	0.232945	0.902529	6.09873
282.0	0.4511	0.565947	0.114847	0.919599	5.49014
283.0	0.463453	1.0363	0.572843	0.942514	4.37036
284.0	0.560123	0.362661	0.197462	0.967014	3.7995
285.0	0.421412	0.521407	0.0999955	0.878204	7.11524
286.0	0.718435	0.784262	0.065827	0.823999	9.52574
287.0	0.00932605	-0.300024	0.30935	0.909403	5.79471
288.0	0.470777	0.329727	0.141049	0.836763	8.91113
289.0	0.776499	0.724669	0.05183	0.818087	9.81178
290.0	0.056161	0.276218	0.220057	0.818891	9.72321
291.0	0.191947	0.562522	0.370574	0.837815	8.73875
292.0	0.692058	0.819934	0.127876	0.829675	9.24432
293.0	0.370639	0.422955	0.0523159	0.905869	6.01974
294.0	0.370654	0.489549	0.118896	0.985159	3.23105
295.0	0.823201	0.827652	0.00445125	0.903515	6.11329
296.0	0.571369	0.649368	0.0779988	0.911356	5.80675
297.0	0.499318	0.418373	0.0809452	0.849398	8.35328
298.0	0.936971	0.56768	0.369291	0.91572	5.51745
299.0	0.882675	0.68869	0.193984	0.947937	4.44868
300.0	0.31882	0.876885	0.558065	0.925418	4.99433
301.0	0.0822179	0.453728	0.37151	0.906622	5.86005
302.0	0.779083	0.787025	0.00794234	0.869827	7.47475
303.0	0.433728	0.3856	0.0481289	0.877659	7.14543
304.0	0.0373613	0.484117	0.446756	0.853333	7.97953
305.0	0.862063	0.916191	0.0541282	0.898085	6.32213
306.0	0.998997	0.607137	0.391859	0.897863	6.18371
307.0	0.413231	0.646829	0.233598	0.880494	6.9764
308.0	0.596394	1.10283	0.506439	0.830047	8.97102
309.0	0.699754	0.73043	0.0306764	0.936126	4.89892
310.0	0.892772	0.578879	0.313893	0.822797	9.48153
311.0	0.0457847	0.184875	0.13909	0.762966	12.6866
312.0	0.372589	0.723347	0.350758	0.879858	6.93411
313.0	0.922169	0.53649	0.385679	0.775275	11.8502
314.0	0.293534	0.518309	0.224775	0.958552	4.07285
315.0	0.846484	0.831086	0.0153981	0.925928	5.26875
316.0	0.833057	0.795167	0.0378895	0.896565	6.38336
317.0	0.612311	0.0497787	0.562532	0.778288	11.4948
318.0	0.97944	0.528527	0.450912	0.92494	5.1133
319.0	0.472426	0.644807	0.172381	0.773797	12.0687
320.0	0.911606	1.06504	0.153431	0.870264	7.43256
321.0	0.587252	0.455007	0.132244	0.901094	6.19026
322.0	0.277104	0.466643	0.189539	0.90968	5.84174
323.0	0.757186	0.584105	0.173081	0.831075	9.16422
324.0	0.468799	0.743399	0.2746	0.813813	9.94076
325.0	0.212999	0.406588	0.193589	0.834407	9.00121
326.0	0.940017	0.314856	0.625161	0.843132	8.23302
327.0	0.504441	0.458622	0.0458197	0.849566	8.35044
328.0	0.305424	0.457625	0.152201	0.880135	7.02255
329.0	0.262455	0.0845958	0.177859	0.808428	10.2546
330.0	0.0742817	-0.129132	0.203413	0.898186	6.28056
331.0	0.392456	0.771342	0.378886	0.811695	9.97019
332.0	0.328547	0.47191	0.143363	0.856861	8.00996
333.0	0.425286	0.526334	0.101048	0.797764	10.8173
334.0	0.980563	1.0203	0.0397344	0.874064	7.2955
335.0	0.286304	0.521609	0.235305	0.745326	13.6732
336.0	0.0498885	0.233563	0.183674	0.829214	9.24736
337.0	0.127298	0.468366	0.341069	0.910302	5.74075
338.0	0.453951	0.362959	0.0909913	0.842471	8.66266
339.0	0.13781	-0.320553	0.458363	0.851889	8.03201
340.0	0.715382	1.08729	0.371904	0.871546	7.26271
341.0	0.0149856	0.469857	0.454872	0.872326	7.16114
342.0	0.0686314	0.183502	0.11487	0.799362	10.7322
343.0	0.276309	-0.211508	0.487816	0.788195	11.0578
344.0	0.168801	-0.264788	0.433589	0.844182	8.39714
345.0	0.531201	0.459	0.0722005	0.889008	6.6802
346.0	0.316832	0.488755	0.171923	0.805913	10.3824
347.0	0.561698	0.718827	0.157129	0.865321	7.64086
348.0	0.277031	0.0283835	0.248648	0.837007	8.85551
349.0	0.866468	0.481918	0.38455	0.911601	5.66129
350.0	0.0193421	0.271107	0.251765	0.868532	7.46517
351.0	0.748132	0.560177	0.187955	0.900442	6.1983
352.0	0.110965	0.0717669	0.0391979	0.888845	6.6904
353.0	0.858508	0.342707	0.515801	0.801846	10.3254
354.0	0.935691	0.813394	0.122296	0.887323	6.73834
355.0	0.475388	0.745835	0.270447	0.87099	7.35181
356.0	0.810276	1.335	0.524728	0.864909	7.40362
357.0	0.197278	0.863313	0.666035	0.898006	5.89678
358.0	0.841952	1.0611	0.21915	0.905663	5.9838
359.0	0.16765	0.0790554	0.0885949	0.906283	5.99889
360.0	0.485027	0.497585	0.0125588	0.891875	6.57047
361.0	0.284757	0.458701	0.173944	0.753389	13.2259
362.0	0.81683	0.641346	0.175485	0.870663	7.40841
363.0	0.999499	0.659464	0.340035	0.876253	7.08983
364.0	0.517066	0.689182	0.172116	0.929595	5.10731
365.0	0.262818	0.695104	0.432286	0.869276	7.30885
366.0	0.0450828	0.0754425	0.0303597	0.793069	11.0704
367.0	0.862066	0.723497	0.138569	0.81371	10.0072
368.0	0.339566	0.827586	0.48802	0.864262	7.46873
369.0	0.210217	0.169757	0.0404602	0.843432	8.6261
370.0	0.676653	0.88389	0.207236	0.890804	6.57098
371.0	0.128454	0.670867	0.542413	0.802155	10.2788
372.0	0.793454	0.599094	0.19436	0.873477	7.28343
373.0	0.184672	0.628706	0.444033	0.821815	9.42217
374.0	0.876243	0.801642	0.0746015	0.947856	4.48102
375.0	0.729848	0.832193	0.102345	0.925111	5.28905
376.0	0.228343	0.159246	0.0690964	0.744556	13.7806
377.0	0.93693	0.659823	0.277107	0.851494	8.18732
378.0	0.662456	0.938348	0.275893	0.889485	6.59098
379.0	0.552894	0.596397	0.0435035	0.869565	7.48396
380.0	0.243947	0.377586	0.133639	0.801857	10.5999
381.0	0.905978	0.987183	0.0812046	0.865458	7.65344
382.0	0.128561	0.0781025	0.0504581	0.825547	9.45404
383.0	0.709355	0.62812	0.0812351	0.866723	7.59959
384.0	0.158327	0.342987	0.184661	0.763614	12.6324
385.0	0.513078	1.0567	0.543625	0.809897	9.89265
386.0	0.119446	0.65502	0.535573	0.883825	6.61025
387.0	0.612083	0.311656	0.300427	0.843314	8.53845
388.0	0.842404	1.17937	0.336962	0.862838	7.65627
389.0	0.239004	0.604011	0.365007	0.811824	9.97514
390.0	0.714929	0.565027	0.149902	0.818943	9.74884
391.0	0.0471895	-0.582473	0.629663	0.899961	5.86672
392.0	0.0517056	0.71712	0.665414	0.851195	7.82299
393.0	0.742755	0.767225	0.0244701	0.916832	5.60547
394.0	0.467583	0.78876	0.321177	0.802861	10.4544
395.0	0.0865671	0.646235	0.559668	0.85064	7.9805
396.0	0.36655	1.01477	0.648221	0.8311	8.74896
397.0	0.346867	0.393103	0.0462366	0.8621	7.80191
398.0	0.965738	0.910327	0.0554112	0.871419	7.40471
399.0	0.613885	0.746663	0.132778	0.870195	7.44144
400.0	0.301435	0.604674	0.30324	0.904815	5.97389
401.0	0.980095	0.651024	0.329071	0.8053	10.3262
402.0	0.344552	0.788495	0.443943	0.816435	9.68074
403.0	0.759018	0.76358	0.00456209	0.825339	9.46663
404.0	0.161273	-0.0292971	0.19057	0.831665	9.12991
405.0	0.28051	0.549616	0.269106	0.818294	9.72602
406.0	0.794695	0.245532	0.549163	0.901193	5.91078
407.0	0.909286	0.335508	0.573778	0.789998	10.8612
408.0	0.0616303	0.76416	0.70253	0.876613	6.69838
409.0	0.851923	1.30639	0.454463	0.834408	8.822
410.0	0.392044	0.856925	0.464881	0.885406	6.61643
411.0	0.664759	0.822063	0.157304	0.704073	16.3537
412.0	0.250749	0.723385	0.472636	0.892685	6.31898
413.0	0.0442061	0.425537	0.381331	0.880702	6.87727
414.0	0.752039	0.683277	0.0687625	0.78086	11.7128
415.0	0.516066	0.870133	0.354067	0.865367	7.53636
416.0	0.932768	0.70715	0.225618	0.914867	5.6311
417.0	0.820406	0.65043	0.169975	0.805398	10.409
418.0	0.263057	0.611318	0.348261	0.875192	7.12808
419.0	0.675036	0.724441	0.0494051	0.777517	11.8966
420.0	0.883245	1.09299	0.209747	0.865854	7.59846
421.0	0.19614	0.34212	0.14598	0.894489	6.44582
422.0	0.151479	0.186618	0.0351396	0.805699	10.4245
423.0	0.511746	0.0114001	0.500346	0.812082	9.83471
424.0	0.671608	0.954084	0.282476	0.826097	9.34493
425.0	0.695266	1.32993	0.634666	0.850143	7.91012
426.0	0.373668	0.400929	0.027261	0.911313	5.81355
427.0	0.289285	0.136979	0.152307	0.94015	4.73503
428.0	0.919153	1.10823	0.189081	0.870748	7.39979
429.0	0.624721	0.271263	0.353458	0.835369	8.86409
430.0	0.560977	0.510636	0.0503406	0.877107	7.16807
431.0	0.977438	1.3076	0.33016	0.931802	4.95301
432.0	0.255704	0.430456	0.174752	0.831614	9.13841
433.0	0.467385	0.98161	0.514225	0.819922	9.4402
434.0	0.34077	-0.306538	0.647308	0.873315	6.90779
435.0	0.168018	0.148249	0.0197692	0.873396	7.32458
436.0	0.140636	0.235156	0.0945199	0.84761	8.43055
437.0	0.3318	0.377361	0.0455609	0.868614	7.52397
438.0	0.31104	0.812346	0.501306	0.780091	11.4723
439.0	0.08357	0.77254	0.68897	0.831529	8.6718
440.0	0.942425	0.922116	0.0203084	0.860567	7.86978
441.0	0.533875	0.382283	0.151592	0.902138	6.14432
442.0	0.206223	-0.141019	0.347242	0.871279	7.29181
443.0	0.237689	0.367502	0.129812	0.92827	5.1675
444.0	0.0714111	0.256734	0.185322	0.831725	9.12917
445.0	0.202493	0.0912178	0.111275	0.927662	5.19388
446.0	0.698351	0.321186	0.377166	0.834301	8.89499
447.0	0.489405	0.426925	0.06248	0.925476	5.28186
448.0	0.470543	0.735398	0.264856	0.972603	3.58719
449.0	0.475529	-0.0832228	0.558752	0.858221	7.65178
450.0	0.893293	0.701325	0.191968	0.83706	8.87952
451.0	0.0183346	0.203231	0.184896	0.871608	7.36528
452.0	0.129874	0.552196	0.422322	0.879119	6.90916
453.0	0.789453	0.314836	0.474617	0.792998	10.8221
454.0	0.962904	0.461111	0.501793	0.89095	6.35982
455.0	0.523339	0.53638	0.0130413	0.814587	9.98506
456.0	0.544773	0.438346	0.106427	0.923802	5.33635
457.0	0.665034	0.973886	0.308852	0.809918	10.1105
458.0	0.41199	0.227662	0.184328	0.888979	6.65288
459.0	0.0424389	-0.171723	0.214162	0.786177	11.3816
460.0	0.733286	0.706449	0.0268372	0.902332	6.15848
461.0	0.360783	0.633929	0.273146	0.886462	6.71391
462.0	0.808921	0.630015	0.178906	0.780153	11.7197
463.0	0.203495	0.612326	0.408832	0.930786	4.93522
464.0	0.414184	0.33106	0.0831242	0.816283	9.89487
465.0	0.657422	0.836433	0.179011	0.877902	7.10557
466.0	0.211018	0.0894974	0.121521	0.906704	5.97599
467.0	0.350469	0.427575	0.0771067	0.951299	4.36142
468.0	0.0550395	0.298963	0.243923	0.83849	8.79
469.0	0.163307	0.148066	0.0152411	0.889466	6.66673
470.0	0.391888	0.546728	0.154841	0.848049	8.39525
471.0	0.161531	0.561777	0.400246	0.882194	6.80176
472.0	0.974349	0.994652	0.0203031	0.773497	12.1192
473.0	0.86527	0.779948	0.085322	0.901691	6.177
474.0	0.388398	0.906614	0.518216	0.798494	10.4922
475.0	0.742775	0.8931	0.150325	0.813445	10.0165
476.0	0.0691444	0.808701	0.739556	0.804349	9.89226
477.0	0.0753663	0.186382	0.111016	0.881804	6.96501
478.0	0.794872	0.763452	0.0314205	0.855999	8.06781
479.0	0.230602	0.11094	0.119662	0.937931	4.82206
480.0	0.47272	0.674156	0.201436	0.781839	11.6191
481.0	0.718298	0.838597	0.120299	0.814965	9.95094
482.0	0.556594	0.922166	0.365573	0.848787	8.24819
483.0	0.537655	1.07521	0.537552	0.912019	5.5107
484.0	0.277983	0.520177	0.242194	0.911732	5.74194
485.0	0.33196	0.212527	0.119433	0.858421	7.94853
486.0	0.55245	0.834924	0.282474	0.828936	9.21114
487.0	0.952208	0.643359	0.308849	0.874039	7.20197
488.0	0.0117709	-0.00863938	0.0204103	0.884022	6.88646
489.0	0.0121569	0.221965	0.209808	1.00704	2.52439
490.0	0.303645	0.136571	0.167075	0.933698	4.96074
491.0	0.920482	0.637296	0.283187	0.836052	8.87998
492.0	0.155622	0.090816	0.0648059	0.884226	6.87437
493.0	0.490764	0.910162	0.419399	0.894697	6.28607
494.0	0.357563	0.670329	0.312766	0.953646	4.19674
495.0	0.728065	0.75707	0.0290042	0.78477	11.5076
496.0	0.0493973	0.406474	0.357077	0.946877	4.40283
497.0	0.68138	0.671474	0.00990531	0.955508	4.22231
498.0	0.744276	0.853516	0.10924	0.878667	7.09419
499.0	0.375663	0.789425	0.413762	0.862582	7.60846
500.0	0.886215	0.67626	0.209955	0.788182	11.2776
501.0	0.247531	0.263498	0.0159675	0.762864	12.7148
502.0	0.247237	-0.227764	0.475001	0.810753	9.92684
503.0	0.909695	1.02242	0.112729	0.873919	7.2903
504.0	0.912894	0.82846	0.0844336	0.875756	7.21944
505.0	0.658232	1.06031	0.402077	0.78853	11.1262
506.0	0.47401	0.126977	0.347033	0.918187	5.4406
507.0	0.498056	0.360632	0.137424	0.923769	5.3304
508.0	0.00443257	0.0456393	0.0412067	0.924454	5.3215
509.0	0.827565	0.839847	0.0122826	0.795438	10.9484
510.0	0.55466	0.739038	0.184378	0.872769	7.31682
511.0	0.733753	0.741842	0.00808969	0.877971	7.13482
512.0	0.933286	0.885601	0.0476846	0.806019	10.4073
513.0	0.266756	0.611669	0.344913	0.856216	7.93664
514.0	0.892463	0.670474	0.221989	0.851328	8.22319
515.0	0.993279	0.61846	0.374818	0.969047	3.64111
516.0	0.634452	0.767369	0.132917	0.88167	6.96515
517.0	0.228435	0.149606	0.0788295	0.889504	6.65929
518.0	0.42012	0.212148	0.207973	0.906022	5.97463
519.0	0.351067	0.395684	0.0446176	0.827905	9.343
520.0	0.583335	0.861361	0.278026	0.844304	8.50739
521.0	0.793891	0.626509	0.167382	0.854704	8.09657
522.0	0.0500954	0.32384	0.273744	0.841816	8.62227
523.0	0.871255	0.954404	0.0831484	0.768628	12.3819
524.0	0.339238	0.524047	0.184809	0.799957	10.6784
525.0	0.62303	1.0449	0.421866	0.836609	8.75109
526.0	0.534418	0.41025	0.124169	0.903502	6.09882
527.0	0.652733	1.06057	0.40784	0.768418	12.2078
528.0	0.717298	0.334897	0.382401	0.822304	9.45368
529.0	0.297289	0.462854	0.165564	0.819743	9.70489
530.0	0.716756	0.886768	0.170012	0.907366	5.93694
531.0	0.469813	0.291313	0.1785	0.845217	8.5139
532.0	0.0394823	0.0816523	0.0421699	0.989705	3.09764
533.0	0.581579	1.26784	0.686261	0.812172	9.59102
534.0	0.0383353	0.72671	0.688375	0.951802	3.91814
535.0	0.204297	0.713247	0.50895	0.827451	9.08952
536.0	0.90205	0.62001	0.28204	0.800142	10.6184
537.0	0.453827	0.329371	0.124457	0.82495	9.46843
538.0	0.121442	0.359345	0.237904	0.839595	8.74255
539.0	0.89359	1.01147	0.117881	0.900443	6.21914
540.0	0.935671	1.20124	0.265571	0.828803	9.22729
541.0	0.69932	0.526497	0.172823	0.837562	8.86384
542.0	0.292754	0.711129	0.418375	0.851793	8.07243
543.0	0.37471	0.0607793	0.313931	0.868603	7.42654
544.0	0.744517	1.10146	0.356942	0.796142	10.7695
545.0	0.831445	0.816037	0.0154073	0.816738	9.87998
546.0	0.389386	0.39059	0.00120344	0.952348	4.33073
547.0	0.158684	0.538514	0.379829	0.876346	7.05727
548.0	0.747372	0.353192	0.39418	0.776842	11.7573
549.0	0.499536	0.419254	0.080282	0.823767	9.53454
550.0	0.481854	0.418635	0.063219	0.874009	7.29535
551.0	0.840472	0.486034	0.354437	0.88011	6.92121
552.0	0.90478	0.395052	0.509728	0.914024	5.46328
553.0	0.202952	0.511313	0.308361	0.791951	11.0225
554.0	0.934541	0.805551	0.128989	0.823317	9.54502
555.0	0.6715	0.360528	0.310972	0.856641	7.94108
556.0	0.114233	0.238657	0.124424	0.864004	7.70651
557.0	0.0297491	0.609468	0.579719	0.915898	5.32095
558.0	0.348303	0.683361	0.335058	0.886762	6.66453
559.0	0.498936	0.743657	0.244722	0.868082	7.48774
560.0	0.532586	0.834989	0.302402	0.85905	7.8419
561.0	0.743617	0.542826	0.200791	0.783128	11.5503
562.0	0.378743	0.836919	0.458176	0.861435	7.61807
563.0	0.65098	0.691018	0.0400376	0.774652	12.0543
564.0	0.868117	1.36044	0.492328	0.841783	8.44826
565.0	0.187363	0.301838	0.114475	0.890729	6.60346
566.0	0.560135	0.636447	0.0763116	0.9271	5.2206
567.0	0.990295	0.680015	0.31028	0.914348	5.60719
568.0	0.829396	0.837101	0.00770451	0.891531	6.58431
569.0	0.314568	0.649152	0.334584	0.793958	10.8994
570.0	0.085843	0.102476	0.0166329	0.899643	6.26368
571.0	0.0720874	0.444177	0.372089	0.804793	10.3183
572.0	0.444206	0.767552	0.323345	0.844033	8.49104
573.0	0.441365	0.921815	0.48045	0.808425	10.0359
574.0	0.21612	0.213788	0.00233236	0.812202	10.1024
575.0	0.551963	0.684178	0.132215	0.855493	8.07292
576.0	0.202275	0.410638	0.208363	0.789059	11.2322
577.0	0.420472	0.26062	0.159852	0.825709	9.42159
578.0	0.415484	0.16268	0.252804	0.872562	7.2953
579.0	0.44703	0.259099	0.187931	0.812641	10.0421
580.0	0.650259	0.465991	0.184268	0.889819	6.61924
581.0	0.766744	0.499939	0.266805	0.861216	7.7692
582.0	0.781532	0.984543	0.203011	0.866985	7.55321
583.0	0.102735	0.476716	0.373981	0.939235	4.65913
584.0	0.603483	0.611065	0.00758199	0.929165	5.15077
585.0	0.308695	-0.0421328	0.350828	0.877399	7.03506
586.0	0.0338615	0.455665	0.421803	0.928596	5.00423
587.0	0.194033	0.152105	0.0419283	0.801454	10.6383
588.0	0.468685	0.317645	0.151041	0.846976	8.4444
589.0	0.133981	0.421509	0.287528	0.815961	9.82802
590.0	0.0972683	-0.138105	0.235374	0.833529	9.02284
591.0	0.701417	0.145051	0.556366	0.854739	7.80516
592.0	0.454477	0.456517	0.00204028	0.877022	7.17413
593.0	0.677688	0.973347	0.295659	0.927186	5.14051
594.0	0.55618	0.66818	0.112	0.817165	9.84584
595.0	0.29258	0.311915	0.0193355	0.854111	8.15124
596.0	0.262007	-0.0742325	0.33624	0.901946	6.06424
597.0	0.0889688	0.43109	0.342122	0.821528	9.52219
598.0	0.121055	0.175985	0.05493	0.950454	4.39329
599.0	0.535928	0.717667	0.181739	0.826207	9.38991
600.0	0.489606	0.913125	0.423519	0.745547	13.5104
601.0	0.732189	0.929034	0.196844	0.866515	7.57568
602.0	0.199353	0.702366	0.503013	0.854635	7.8677
603.0	0.134539	0.597108	0.462569	0.879674	6.85099
604.0	0.533695	0.4304	0.103295	0.875745	7.21633
605.0	0.537826	0.638785	0.100959	0.880172	7.034
606.0	0.0472235	0.48667	0.439446	0.817359	9.64036
607.0	0.00486675	0.0555181	0.0506514	0.92094	5.45044
608.0	0.024832	0.28703	0.262198	0.873988	7.23091
609.0	0.368687	0.245057	0.123629	0.875437	7.22448
610.0	0.97828	0.414292	0.563988	0.927236	4.9222
611.0	0.925206	0.356924	0.568282	0.93575	4.61288
612.0	0.966332	1.18778	0.22145	0.835506	8.93815
613.0	0.158547	0.430488	0.271941	0.92783	5.12972
614.0	0.350729	0.0665435	0.284186	0.832398	9.04843
615.0	0.223561	0.78591	0.562348	0.722667	14.7551
616.0	0.101602	0.396497	0.294895	0.943242	4.567
617.0	0.237211	0.426219	0.189008	0.830232	9.19747
618.0	0.594226	0.738779	0.144552	0.849929	8.31475
619.0	0.808419	0.686404	0.122015	0.871557	7.38695
620.0	0.840337	1.07593	0.235589	0.771979	12.1391
621.0	0.302036	0.446871	0.144834	0.814243	9.97915
622.0	0.609553	0.256962	0.35259	0.787056	11.2461
623.0	0.0574325	0.391454	0.334022	0.825972	9.31671
624.0	0.894225	0.0475354	0.84669	0.915637	4.97186
625.0	0.264441	0.132796	0.131646	0.8834	6.89488
626.0	0.112463	-0.223769	0.336232	0.883027	6.81478
627.0	0.814562	0.943711	0.129149	0.837541	8.87876
628.0	0.685817	0.340878	0.344939	0.748334	13.4173
629.0	0.746275	0.743393	0.00288251	0.794814	10.9808
630.0	0.708153	0.603941	0.104212	0.874841	7.25375
631.0	0.368665	0.267644	0.101021	0.823938	9.52233
632.0	0.28831	-0.337446	0.625756	0.792965	10.6381
633.0	0.879877	1.12381	0.243929	0.893047	6.46544
634.0	0.313974	0.586563	0.272589	0.91332	5.66691
635.0	0.761639	1.13161	0.369971	0.75972	12.7331
636.0	0.898231	1.05095	0.152715	0.711743	15.837
637.0	0.0189593	0.199556	0.180596	0.808017	10.2739
638.0	0.268313	0.378265	0.109953	0.831307	9.17246
639.0	0.513396	0.340927	0.17247	0.853944	8.12817
640.0	0.646487	0.310714	0.335773	0.75479	13.0459
641.0	0.797295	0.959717	0.162422	0.910293	5.82761
642.0	0.610053	1.0384	0.42835	0.838412	8.66286
643.0	0.479355	0.974556	0.4952	0.810188	9.9332
644.0	0.877065	0.727074	0.149992	0.860427	7.85314
645.0	0.905707	1.0394	0.133696	0.852666	8.19671
646.0	0.660543	0.832204	0.171661	0.770802	12.2345
647.0	0.132294	0.183123	0.0508294	0.898016	6.32516
648.0	0.938945	0.60769	0.331256	0.921004	5.34629
649.0	0.466293	0.259605	0.206689	0.821642	9.59697
650.0	0.743834	1.14366	0.399822	0.945352	4.42612
651.0	0.544858	0.438715	0.106142	0.874954	7.24863
652.0	0.574041	0.828594	0.254553	0.889286	6.61013
653.0	0.0401112	-0.0108043	0.0509155	0.836993	8.91889
654.0	0.655727	0.745047	0.0893204	0.725008	14.9895
655.0	0.909403	0.670921	0.238483	0.845578	8.4715
656.0	0.615556	0.784604	0.169049	0.866843	7.57208
657.0	0.355791	-0.364912	0.720703	0.850037	7.79504
658.0	0.713512	0.660017	0.0534948	0.916944	5.59913
659.0	0.154947	0.572033	0.417086	0.906591	5.8266
660.0	0.503552	0.776885	0.273334	0.86102	7.77404
661.0	0.039447	-0.338235	0.377682	0.903123	5.99001
662.0	0.968342	0.107101	0.861241	0.896904	5.6526
663.0	0.891833	1.65924	0.76741	0.802974	9.91469
664.0	0.578351	0.800054	0.221703	0.989242	3.0707
665.0	0.409814	0.568349	0.158536	0.904957	6.03317
666.0	0.744718	0.775733	0.0310156	0.884949	6.84825
667.0	0.514903	0.229968	0.284935	0.806394	10.3013
668.0	0.364146	0.854793	0.490647	0.842209	8.43077
669.0	0.342037	0.754486	0.412449	0.764815	12.4051
670.0	0.675214	1.0612	0.385982	0.892927	6.38231
671.0	0.00924314	-0.0222318	0.0314749	0.918927	5.5268
672.0	0.380029	0.45507	0.0750406	0.872656	7.35025
673.0	0.228576	0.131444	0.0971319	0.907526	5.94963
674.0	0.910307	0.88622	0.0240869	0.873124	7.33577
675.0	0.43818	0.410965	0.0272151	0.894325	6.47253
676.0	0.53338	0.885599	0.352219	0.822918	9.44825
677.0	0.251361	0.26424	0.0128787	0.918416	5.54667
678.0	0.670558	0.946698	0.27614	0.872641	7.27954
679.0	0.505735	0.850356	0.344621	0.771707	12.0807
680.0	0.277371	0.129255	0.148116	0.782702	11.5941
681.0	0.756051	0.839897	0.0838455	0.703906	16.3881
682.0	0.767884	1.08022	0.312334	0.876337	7.1045
683.0	0.297441	0.384132	0.0866903	0.820714	9.6797
684.0	0.306001	-0.243603	0.549604	0.868726	7.21582
685.0	0.373029	0.788795	0.415766	0.904762	5.89773
686.0	0.348619	0.343187	0.00543277	0.886526	6.7853
687.0	0.677226	0.253833	0.423393	0.846807	8.28883
688.0	0.341639	0.819385	0.477746	0.86131	7.60474
689.0	0.902939	0.98067	0.0777319	0.925834	5.26671
690.0	0.336968	0.51035	0.173382	0.895751	6.38737
691.0	0.339072	-0.0759693	0.415041	0.847349	8.27198
692.0	0.515848	0.482942	0.0329056	0.869221	7.49932
693.0	0.0819005	-0.241788	0.323688	0.832019	9.04049
694.0	0.577229	0.89193	0.314701	0.918275	5.45768
695.0	0.409699	0.402674	0.00702455	0.879042	7.09065
696.0	0.661168	0.921288	0.26012	0.859483	7.84759
697.0	0.111862	0.267428	0.155566	0.904874	6.03727
698.0	0.150919	0.0431134	0.107806	0.815969	9.90503
699.0	0.779037	0.869938	0.0909007	0.756755	13.0561
700.0	0.228696	0.0725386	0.156158	0.761124	12.7856
701.0	0.996013	0.592139	0.403875	0.770815	12.0786
702.0	0.2143	0.385289	0.17099	0.878468	7.08503
703.0	0.0426985	0.351074	0.308375	0.870488	7.35067
704.0	0.0535681	0.317802	0.264234	0.876699	7.11736
705.0	0.980247	0.74191	0.238337	0.933753	4.93172
706.0	0.867229	0.588243	0.278986	0.789274	11.1819
707.0	0.867249	1.51085	0.643601	0.869275	7.08016
708.0	0.999163	1.25396	0.254797	0.751421	13.2999
709.0	0.490743	0.622355	0.131612	0.920356	5.4581
710.0	0.233223	0.280282	0.0470594	0.839341	8.81157
711.0	0.250271	0.51633	0.26606	0.882341	6.88478
712.0	0.654176	0.791361	0.137185	0.801235	10.6304
713.0	0.744813	0.665733	0.0790794	0.845197	8.54161
714.0	0.618835	0.640342	0.021507	0.971457	3.68716
715.0	0.641999	0.226922	0.415077	0.818708	9.59788
716.0	0.194664	0.378241	0.183577	0.759487	12.8683
717.0	0.729848	0.220808	0.509041	0.803113	10.2694
718.0	0.535675	0.564387	0.0287124	0.861272	7.83892
719.0	0.301543	0.439425	0.137882	0.862529	7.76616
720.0	0.0779758	1.22514	1.14716	0.810226	8.78183
721.0	0.299309	0.377437	0.078128	0.892397	6.54382
722.0	0.1308	0.0179682	0.112831	0.885683	6.80678
723.0	0.176615	0.838166	0.661551	0.867698	7.12253
724.0	0.174382	0.309123	0.134741	0.980565	3.37476
725.0	0.867061	1.11122	0.244161	0.91477	5.62639
726.0	0.639065	0.695876	0.0568112	0.839715	8.79337
727.0	0.521299	0.643734	0.122435	0.935644	4.90302
728.0	0.359995	1.26444	0.904444	0.922014	4.6455
729.0	0.883885	0.538454	0.345431	0.884947	6.73076
730.0	0.117927	0.935196	0.817269	0.792849	10.3376
731.0	0.607673	0.993315	0.385642	0.957723	4.0118
732.0	0.886591	-0.141015	1.02761	0.733484	13.1833
733.0	0.395981	0.328524	0.0674574	0.97076	3.70647
734.0	0.231789	-0.22527	0.45706	0.918187	5.35652
735.0	0.729983	0.810923	0.0809401	0.866989	7.58832
736.0	0.917336	0.841086	0.0762493	0.856196	8.05419
737.0	0.397237	0.528996	0.131759	0.878036	7.11476
738.0	0.225232	-0.216854	0.442086	0.752173	13.1
739.0	0.430088	0.219772	0.210315	0.83731	8.8602
740.0	0.778709	0.867252	0.0885424	0.89065	6.6118
741.0	0.34205	0.396559	0.0545092	0.831458	9.17515
742.0	0.66799	0.926986	0.258996	0.746288	13.6014
743.0	0.152176	0.505301	0.353125	0.832437	8.99986
744.0	0.517454	0.699793	0.182339	0.848954	8.34521
745.0	0.124687	0.287787	0.1631	0.90014	6.21858
746.0	0.641706	0.670754	0.0290477	0.769112	12.362
747.0	0.573765	0.0497331	0.524032	0.856987	7.74347
748.0	0.328022	-0.146719	0.474741	0.987907	2.9585
749.0	0.869286	0.795793	0.0734938	0.773399	12.1188
750.0	0.307805	0.300885	0.00692009	0.886145	6.80071
751.0	0.802877	0.589834	0.213042	0.792833	11.0326
752.0	0.0907195	0.771997	0.681278	0.833656	8.58523
753.0	0.133323	0.104944	0.0283792	0.872447	7.36387
754.0	0.832361	0.731888	0.100473	0.839501	8.79593
755.0	0.731346	0.808732	0.0773862	0.905545	6.02908
756.0	0.339242	0.114277	0.224965	0.826086	9.37679
757.0	0.406927	-0.101436	0.508363	0.839431	8.53782
758.0	0.91757	1.43482	0.517252	0.839832	8.5101
759.0	0.196352	0.108239	0.088113	0.831791	9.15449
760.0	0.171171	-0.0615965	0.232767	0.868263	7.48589
761.0	0.956968	0.939591	0.0173772	0.777834	11.8818
762.0	0.211503	0.678173	0.46667	0.837757	8.65665
763.0	0.118577	0.505896	0.387319	0.920761	5.31708
764.0	0.11048	-0.0475167	0.157997	0.874492	7.25407
765.0	0.939585	0.56332	0.376265	0.867334	7.43652
766.0	0.300509	0.241582	0.0589266	0.794103	11.0138
767.0	0.203789	0.518714	0.314926	0.925566	5.18856
768.0	0.558525	0.410347	0.148178	0.919703	5.47795
769.0	0.63445	0.712638	0.0781877	0.955245	4.22582
770.0	0.498868	0.851258	0.35239	0.930437	4.98803
771.0	0.500344	0.122649	0.377695	0.79312	10.9083
772.0	0.204257	0.0552069	0.14905	0.8574	7.98473
773.0	0.201971	0.0890643	0.112906	0.850956	8.27763
774.0	0.568727	0.524499	0.0442271	0.862521	7.78397
775.0	0.426456	0.231195	0.195261	0.892929	6.49113
776.0	0.13427	0.493523	0.359253	0.803494	10.3939
777.0	0.978999	0.723144	0.255856	0.980848	3.32373
778.0	0.467075	0.463697	0.00337719	0.86032	7.88088
779.0	0.706238	0.907912	0.201674	0.695505	16.9278
780.0	0.711452	0.608373	0.10308	0.837969	8.86551
781.0	0.696817	0.813332	0.116515	0.825874	9.42664
782.0	0.65152	0.731477	0.0799571	0.814555	9.97982
783.0	0.868853	0.822018	0.0468354	0.804112	10.5033
784.0	0.414112	0.369721	0.0443912	0.746806	13.6491
785.0	0.54719	0.536259	0.0109314	0.88211	6.96468
786.0	0.107882	0.24075	0.132867	0.925518	5.26732
787.0	0.242734	0.350781	0.108048	0.952063	4.32984
788.0	0.869763	0.0112789	0.858484	0.859801	7.1542
789.0	0.338686	0.731628	0.392942	0.822343	9.44298
790.0	0.764963	0.401621	0.363342	0.889122	6.55034
791.0	0.087087	-0.0782722	0.165359	0.949837	4.39229
792.0	0.649178	1.11399	0.464811	0.761594	12.5333
793.0	0.0772083	0.26572	0.188511	0.870474	7.41153
794.0	0.482825	0.471601	0.0112246	0.96288	3.97262
795.0	0.653717	0.39555	0.258167	0.835493	8.9201
796.0	0.128326	0.150218	0.0218914	0.867661	7.56598
797.0	0.225459	0.287996	0.0625365	0.733077	14.4848
798.0	0.231729	0.319778	0.0880489	0.814262	9.99269
799.0	0.373902	0.648775	0.274873	0.89233	6.47808
800.0	0.0751992	0.199258	0.124059	0.878996	7.07717
801.0	0.644643	0.847744	0.203101	0.882502	6.90765
802.0	0.955338	0.7315	0.223838	0.872566	7.30907
803.0	0.92566	1.02346	0.0978023	0.765143	12.5747
804.0	0.357817	0.638749	0.280932	0.86847	7.45204
805.0	0.600426	0.590083	0.0103434	0.848348	8.40683
806.0	0.412203	0.307982	0.10422	0.863044	7.75238
807.0	0.719328	0.658117	0.0612113	0.872463	7.36023
808.0	0.401348	0.26699	0.134359	0.805656	10.408
809.0	0.208399	0.253129	0.0447297	0.843299	8.63174
810.0	0.684999	0.75623	0.0712311	0.887944	6.72312
811.0	0.684569	0.626342	0.0582271	0.787479	11.3609
812.0	0.00475539	0.17409	0.169334	0.819579	9.71143
813.0	0.904635	1.11948	0.214849	0.753113	13.2231
814.0	0.212915	0.757184	0.54427	0.869764	7.17824
815.0	0.956277	0.661942	0.294335	0.934893	4.863
816.0	0.511548	0.681347	0.169799	0.954171	4.24177
817.0	0.135351	0.0483601	0.0869911	0.861308	7.83045
818.0	0.409143	0.0912823	0.317861	0.825062	9.3711
819.0	0.176572	0.0551856	0.121386	0.861165	7.82926
820.0	0.131584	0.024228	0.107356	0.902295	6.1494
821.0	0.759373	1.23815	0.478775	0.936245	4.68215
822.0	0.00113075	0.988975	0.987844	0.816382	8.84945
823.0	0.297778	0.499653	0.201875	0.809729	10.1799
824.0	0.46975	-0.152531	0.622281	0.827544	8.94888
825.0	0.649881	0.920587	0.270706	0.851818	8.17666
826.0	0.463808	0.881823	0.418016	0.880718	6.84744
827.0	0.519695	0.992449	0.472754	0.948853	4.24654
828.0	0.669678	0.82369	0.154013	0.848539	8.37364
829.0	0.968743	0.683291	0.285452	0.768211	12.3182
830.0	0.646226	0.70704	0.0608134	0.849711	8.34234
831.0	0.704746	0.809383	0.104637	0.79938	10.7337
832.0	0.510267	0.725724	0.215457	0.819093	9.71563
833.0	0.851873	0.702405	0.149468	0.844051	8.57642
834.0	0.154559	0.968285	0.813726	0.833104	8.4032
835.0	0.855369	0.800444	0.0549245	0.822399	9.60366
836.0	0.808682	0.801254	0.00742792	0.876948	7.17712
837.0	0.420747	0.779624	0.358876	0.847032	8.33137
838.0	0.289855	0.665006	0.375151	0.801347	10.4893
839.0	0.822586	0.816256	0.0063302	0.840117	8.77839
840.0	0.390735	0.481695	0.0909597	0.836386	8.94079
841.0	0.00263797	0.177734	0.175096	0.811382	10.1092
842.0	0.332736	0.217227	0.115509	0.936954	4.85777
843.0	0.393233	0.762282	0.369049	0.843686	8.47354
844.0	0.877721	0.71766	0.160061	0.91316	5.71966
845.0	0.782616	1.0722	0.289585	0.822899	9.49246
846.0	0.278641	0.6378	0.359159	0.829277	9.1426
847.0	0.109044	0.111397	0.0023529	0.863376	7.74927
848.0	0.839152	0.545851	0.293301	0.872381	7.28055
849.0	0.368708	0.393073	0.0243655	0.926134	5.26086
850.0	0.896058	0.656747	0.239311	0.865762	7.58885
851.0	0.882755	0.273855	0.608899	0.819188	9.36101
852.0	0.11505	0.135853	0.0208027	0.767485	12.4535
853.0	0.162263	0.410747	0.248484	0.859567	7.85002
854.0	0.263589	0.0971135	0.166475	0.843532	8.59419
855.0	0.0549721	0.838218	0.783246	0.900092	5.6531
856.0	0.82463	1.36499	0.540359	0.932757	4.74808
857.0	0.351425	0.903411	0.551986	0.916914	5.31296
858.0	0.518605	0.680405	0.161799	0.824845	9.46193
859.0	0.353636	0.674532	0.320895	0.90866	5.81601
860.0	0.40408	0.647481	0.243401	0.862148	7.74134
861.0	0.567704	0.573786	0.00608227	0.910354	5.85069
862.0	0.0558679	-0.411936	0.467804	0.846744	8.25052
863.0	0.378816	0.729704	0.350888	0.81431	9.86442
864.0	0.95978	0.68369	0.27609	0.92283	5.31067
865.0	0.880991	0.734211	0.14678	0.898607	6.28345
866.0	0.272573	0.0398688	0.232705	0.90754	5.90587
867.0	0.326362	0.250395	0.0759676	0.86927	7.49246
868.0	0.51186	0.366727	0.145133	0.74389	13.801
869.0	0.595756	0.841485	0.245729	0.897941	6.27159
870.0	0.412456	0.757158	0.344702	0.744993	13.6164
871.0	0.24566	0.510061	0.264401	0.841374	8.64757
872.0	0.439273	0.599732	0.160459	0.916641	5.58857
873.0	0.091043	0.722896	0.631853	0.822218	9.18639
874.0	0.0170251	0.179949	0.162924	0.813564	10.0064
875.0	0.707799	0.581269	0.12653	0.683387	17.8318
876.0	0.621425	0.691974	0.0705488	0.953323	4.29267
877.0	0.839387	0.461345	0.378042	0.912659	5.62614
878.0	0.859481	0.513046	0.346434	0.926686	5.12802
879.0	0.244777	0.0539681	0.190809	0.89426	6.44004
880.0	0.253023	0.443546	0.190524	0.863092	7.72429
881.0	0.295601	0.883228	0.587627	0.855963	7.71545
882.0	0.0530703	0.228155	0.175085	0.788221	11.2907
883.0	0.551959	0.622125	0.070166	0.891929	6.56365
884.0	0.614732	0.477006	0.137726	0.768211	12.3912
885.0	0.844766	1.09202	0.24725	0.955505	4.16674
886.0	0.014212	0.092047	0.077835	0.827968	9.33566
887.0	0.198945	0.195922	0.00302312	0.901372	6.19648
888.0	0.876264	0.524329	0.351935	0.851835	8.12354
889.0	0.527915	0.115618	0.412298	0.913713	5.56058
890.0	0.782325	0.457563	0.324763	0.879209	6.97825
891.0	0.843598	0.948219	0.104621	0.916634	5.60301
892.0	0.994907	0.584754	0.410152	0.864119	7.54587
893.0	0.928574	0.714798	0.213776	0.846057	8.4617
894.0	0.486459	0.154342	0.332118	0.839425	8.6937
895.0	0.127342	0.392478	0.265136	0.824278	9.4414
896.0	0.772079	1.00707	0.234994	0.922076	5.35839
897.0	0.859001	0.671947	0.187054	0.809271	10.209
898.0	0.450124	0.656671	0.206547	0.965465	3.84773
899.0	0.60241	0.700056	0.0976465	0.8434	8.61925
900.0	0.338314	0.880654	0.54234	0.861586	7.5259
901.0	0.187493	0.208222	0.0207292	0.893196	6.51765
902.0	0.663374	0.651434	0.0119394	0.80054	10.6866
903.0	0.473291	0.40719	0.0661013	0.923023	5.37167
904.0	0.33981	0.80848	0.468671	0.866574	7.38954
905.0	0.156464	-0.26271	0.419173	0.879783	6.88466
906.0	0.152319	0.114825	0.037494	0.873957	7.30012
907.0	0.219562	0.143131	0.0764313	0.798431	10.788
908.0	0.10365	0.147102	0.043452	0.868974	7.50895
909.0	0.58766	1.08817	0.500508	0.873159	7.08272
910.0	0.507386	0.685014	0.177628	0.884045	6.8545
911.0	0.539633	0.0916373	0.447995	0.874635	7.07148
912.0	0.705745	0.285623	0.420122	0.803335	10.3494
913.0	0.967138	1.08555	0.118412	0.839998	8.76907
914.0	0.147545	0.12323	0.0243145	0.904051	6.09197
915.0	0.162076	-0.212992	0.375068	0.849613	8.20427
916.0	0.694703	0.0933132	0.60139	0.845655	8.15077
917.0	0.175388	0.115015	0.0603732	0.912312	5.77284
918.0	0.785036	0.76188	0.0231556	0.82397	9.53123
919.0	0.215349	0.688284	0.472935	0.865984	7.41043
920.0	0.543704	0.446329	0.0973751	0.728705	14.7525
921.0	0.66469	0.913355	0.248665	0.802884	10.4991
922.0	0.960772	0.607656	0.353116	0.799846	10.5832
923.0	0.641873	0.96677	0.324897	0.833399	8.97559
924.0	0.759262	0.631444	0.127818	0.940024	4.74585
925.0	0.459299	0.81333	0.354031	0.753755	13.0911
926.0	0.615001	1.41156	0.796562	0.869097	6.86747
927.0	0.123472	0.559617	0.436145	0.875345	7.0526
928.0	0.922691	0.805555	0.117135	0.930804	5.07843
929.0	0.511101	0.668003	0.156902	0.842314	8.65257
930.0	0.18771	0.331948	0.144238	0.877291	7.14207
931.0	0.152611	0.158368	0.00575694	0.853583	8.1748
932.0	0.584378	0.312445	0.271932	0.865361	7.58895
933.0	0.928174	0.693245	0.234928	0.880029	6.99486
934.0	0.547691	0.247836	0.299854	0.803407	10.4416
935.0	0.998785	0.121284	0.877501	0.876565	6.42763
936.0	0.391259	-0.0597772	0.451036	0.897158	6.16269
937.0	0.92749	0.835326	0.0921639	0.830098	9.23288
938.0	0.642171	0.160796	0.481375	0.776876	11.6679
939.0	0.143569	0.35053	0.206961	0.88659	6.74024
940.0	0.583751	0.514461	0.0692904	0.872987	7.33721
941.0	0.924692	0.442349	0.482343	0.904354	5.8557
942.0	0.566204	0.37247	0.193734	0.752075	13.2942
943.0	0.00276474	-0.190703	0.193468	0.78404	11.5048
944.0	0.518144	0.488954	0.0291903	0.826904	9.39153
945.0	0.336933	0.371951	0.0350183	0.929643	5.1323
946.0	0.443362	0.493269	0.0499065	0.84889	8.38013
947.0	0.542193	0.592528	0.0503352	0.824284	9.51412
948.0	0.685582	0.966688	0.281106	0.871133	7.33988
949.0	0.388268	0.599524	0.211256	0.91992	5.4483
950.0	0.149058	0.235178	0.0861199	0.929871	5.11817
951.0	0.138002	-0.0707184	0.20872	0.910962	5.78566
952.0	0.230339	0.363592	0.133253	0.921608	5.41127
953.0	0.723766	1.47546	0.751692	0.878277	6.56002
954.0	0.830797	1.22754	0.396744	0.903606	5.95713
955.0	0.411974	0.551705	0.139732	0.91077	5.81609
956.0	0.988888	0.740656	0.248231	0.827019	9.32083
957.0	0.634205	0.492153	0.142052	0.836164	8.93843
958.0	0.360056	0.265326	0.0947298	0.905834	6.01507
959.0	0.574871	0.641842	0.0669704	0.878667	7.10165
960.0	0.712372	0.525584	0.186788	0.860101	7.85453
961.0	0.0192889	-0.114373	0.133662	0.898713	6.28288
962.0	0.207347	1.20207	0.994723	0.938916	3.89301
963.0	0.130644	0.0552895	0.0753545	0.83861	8.84137
964.0	0.527363	0.469736	0.0576268	0.800264	10.6971
965.0	0.143474	0.627276	0.483802	0.808517	10.0278
966.0	0.755964	0.825095	0.0691308	0.89859	6.30052
967.0	0.472646	0.971475	0.49883	0.821751	9.36966
968.0	0.916242	1.03342	0.117178	0.789219	11.2574
969.0	0.486131	0.147368	0.338763	0.856456	7.93052
970.0	0.968047	1.07232	0.104274	0.833182	9.08634
971.0	0.830808	0.234843	0.595964	0.900923	5.86946
972.0	0.61164	0.573203	0.0384371	0.890928	6.60698
973.0	0.768419	0.687588	0.0808309	0.84232	8.67133
974.0	0.480524	-0.121215	0.601739	0.850241	7.94771
975.0	0.244681	0.258171	0.0134901	0.891316	6.59275
976.0	0.109556	0.258848	0.149292	0.864211	7.6907
977.0	0.687486	0.796616	0.10913	0.813583	10.0215
978.0	0.965064	0.640208	0.324856	0.860809	7.75159
979.0	0.198517	0.401277	0.202759	0.859845	7.85922
980.0	0.0792491	-0.301839	0.381088	0.845309	8.39126
981.0	0.260817	0.499189	0.238372	0.862289	7.73778
982.0	0.831904	0.836714	0.00480933	0.920681	5.46247
983.0	0.274054	0.682415	0.40836	0.798379	10.6111
984.0	0.0335511	0.366868	0.333317	0.917363	5.48016
985.0	0.940693	0.815594	0.125099	0.925564	5.26751
986.0	0.642333	0.946447	0.304113	0.762567	12.6232
987.0	0.827276	0.91113	0.0838539	0.860114	7.88258
988.0	0.150013	0.197643	0.0476292	0.831054	9.1948
989.0	0.846715	0.597781	0.248934	0.895911	6.34979
990.0	0.953481	0.672131	0.28135	0.786992	11.3006
991.0	0.557115	1.08619	0.529076	0.808296	9.98855
992.0	0.100587	0.316364	0.215777	0.873994	7.25303
993.0	0.238372	0.626899	0.388528	0.810297	10.0309
994.0	0.218165	0.339724	0.121559	0.953566	4.27536
995.0	0.0377837	0.160691	0.122907	0.86736	7.56385
996.0	0.99456	0.969093	0.0254676	0.967994	3.80145
997.0	0.858937	0.339639	0.519298	0.946161	4.29726
998.0	0.989317	0.547526	0.441791	0.774269	11.8517
999.0	0.0919232	-0.295972	0.387895	0.917544	5.43593
1000.0	0.303922	0.824769	0.520846	0.900429	5.9696
1001.0	0.236955	0.0949606	0.141994	0.790912	11.1613
1002.0	0.78288	1.2922	0.509324	0.890539	6.36866
1003.0	0.641793	0.641542	0.000251472	0.808097	10.3059
1004.0	0.532411	0.810797	0.278385	0.894158	6.40375
1005.0	0.536207	0.319476	0.216731	0.853863	8.11387
1006.0	0.126823	0.0457098	0.0811135	0.934733	4.94355
1007.0	0.999887	0.667764	0.332123	0.946137	4.44436
1008.0	0.454258	0.0568167	0.397441	0.874458	7.12171
1009.0	0.805891	0.785925	0.0199656	0.910294	5.85262
1010.0	0.892673	0.962026	0.0693526	0.83833	8.85509
1011.0	0.73149	0.276458	0.455031	0.884437	6.66446
1012.0	0.15261	0.128988	0.0236224	0.869869	7.47251
1013.0	0.124101	-0.0448315	0.168933	0.927199	5.19552
1014.0	0.208575	0.43342	0.224846	0.901664	6.1359
1015.0	0.740363	0.758987	0.0186239	0.91239	5.77307
1016.0	0.194673	0.219374	0.0247011	0.879399	7.07537
1017.0	0.734831	0.560003	0.174828	0.924835	5.28017
1018.0	0.426631	0.661158	0.234527	0.901508	6.13763
1019.0	0.395396	0.55144	0.156044	0.836484	8.91924
1020.0	0.0553619	-0.329668	0.38503	0.89231	6.40745
1021.0	0.369534	0.0925017	0.277032	0.878511	7.03566
1022.0	0.862653	0.892491	0.0298375	0.873767	7.30856
1023.0	0.160515	0.220806	0.0602913	0.874266	7.285
1024.0	0.603385	0.546008	0.0573772	0.869215	7.49733
1025.0	0.433977	0.642777	0.208799	0.837226	8.86473
1026.0	0.735664	1.02641	0.290743	0.835599	8.89623
1027.0	0.479993	0.59546	0.115467	0.840057	8.76709
1028.0	0.332762	0.694658	0.361896	0.833468	8.94544
1029.0	0.0705946	-0.142752	0.213346	0.861531	7.78195
1030.0	0.157501	0.37208	0.214579	0.882745	6.89294
1031.0	0.500019	0.346534	0.153485	0.755544	13.1082
1032.0	0.303496	0.828065	0.524569	0.773656	11.7932
1033.0	0.324507	0.73976	0.415253	0.899776	6.09075
1034.0	0.908137	1.1095	0.201365	0.727507	14.7898
1035.0	0.573617	0.778857	0.20524	0.842759	8.614
1036.0	0.536533	0.795263	0.25873	0.891132	6.53424
1037.0	0.0307059	0.627438	0.596732	0.892187	6.209
1038.0	0.126946	0.614864	0.487919	0.838958	8.58066
1039.0	0.260482	0.497623	0.237142	0.827179	9.31907
1040.0	0.758477	0.490263	0.268214	0.93932	4.71911
1041.0	0.137846	0.489489	0.351643	0.82404	9.3953
1042.0	0.975029	1.08857	0.113544	0.893182	6.50592
1043.0	0.727111	0.530771	0.196339	0.910363	5.81324
1044.0	0.503443	0.431592	0.0718513	0.761111	12.809
1045.0	0.152982	0.0808981	0.072084	0.855275	8.09515
1046.0	0.248337	0.350726	0.102389	0.827567	9.34984
1047.0	0.455712	0.630715	0.175003	0.844468	8.54891
1048.0	0.907857	0.815893	0.0919643	0.840766	8.73994
1049.0	0.881766	0.818365	0.0634011	0.840262	8.76759
1050.0	0.526018	0.487396	0.0386225	0.894979	6.4459
1051.0	0.482594	0.794309	0.311715	0.790493	11.0963
1052.0	0.573367	0.637183	0.0638162	0.867787	7.55697
1053.0	0.811243	0.694907	0.116336	0.934722	4.93743
1054.0	0.343434	-0.169168	0.512603	0.886467	6.52778
1055.0	0.823616	0.420992	0.402625	0.814867	9.79483
1056.0	0.200162	0.29919	0.0990281	0.862711	7.76777
1057.0	0.0658349	0.339932	0.274097	0.8466	8.40659
1058.0	0.353988	0.290267	0.0637205	0.99932	2.79527
1059.0	0.85096	0.926004	0.0750444	0.871163	7.41287
1060.0	0.703847	0.328642	0.375204	0.84518	8.40168
1061.0	0.756717	0.579852	0.176864	0.877613	7.11826
1062.0	0.289817	0.783181	0.493364	0.933315	4.77333
1063.0	0.494086	0.504585	0.0104994	0.928738	5.16626
1064.0	0.468616	0.745043	0.276428	0.91495	5.60356
1065.0	0.77088	0.637132	0.133748	0.86486	7.66746
1066.0	0.494639	0.499377	0.00473819	0.913109	5.74618
1067.0	0.674024	0.486264	0.18776	0.823315	9.52505
1068.0	0.379475	-0.097927	0.477402	0.958866	3.90156
1069.0	0.848876	0.379114	0.469761	0.856812	7.8063
1070.0	0.410764	1.03391	0.623145	0.868596	7.13453
1071.0	0.905762	1.03672	0.130962	0.825879	9.42253
1072.0	0.590422	0.678375	0.0879533	0.818435	9.78944
1073.0	0.420511	0.434704	0.0141932	0.813495	10.0386
1074.0	0.117622	0.656338	0.538716	0.868579	7.23388
1075.0	0.978321	0.66949	0.308831	0.854846	8.02078
1076.0	0.882009	0.846487	0.0355222	0.830299	9.2312
1077.0	0.764162	0.669872	0.0942898	0.797202	10.8477
1078.0	0.579666	0.368993	0.210673	0.878901	7.052
1079.0	0.895161	1.09572	0.200555	0.821084	9.62646
1080.0	0.983142	0.633778	0.349364	0.876778	7.0617
1081.0	0.534361	0.340363	0.193998	0.746784	13.6073
1082.0	0.623013	-0.0897729	0.712786	0.800102	10.1466
1083.0	0.745755	0.695249	0.0505057	0.925914	5.26708
1084.0	0.736744	0.734068	0.00267641	0.96552	3.88436
1085.0	0.99432	0.657811	0.336509	0.7629	12.5799
1086.0	0.581383	0.185602	0.39578	0.95367	4.1423
1087.0	0.585096	0.837034	0.251938	0.841129	8.66546
1088.0	0.959424	0.617481	0.341943	0.925929	5.15855
1089.0	0.892965	1.33254	0.439576	0.873506	7.12581
1090.0	0.989411	0.706205	0.283206	0.893672	6.42031
1091.0	0.153164	0.0636562	0.0895078	0.834819	9.01346
1092.0	0.945425	0.153357	0.792067	0.768114	11.6923
1093.0	0.131273	-0.384453	0.515726	0.844109	8.31916
1094.0	0.498197	0.455475	0.0427225	0.824611	9.49929
1095.0	0.600949	0.253274	0.347675	0.847151	8.3343
1096.0	0.959987	1.19918	0.239195	0.844636	8.51346
1097.0	0.799109	1.05283	0.25372	0.731692	14.4967
1098.0	0.0872491	-0.0727228	0.159972	0.940372	4.72494
1099.0	0.134562	0.292019	0.157457	0.879328	7.05408
1100.0	0.569563	0.818189	0.248625	0.873232	7.26941
1101.0	0.271122	0.49446	0.223338	0.811537	10.0805
1102.0	0.454916	0.917935	0.463019	0.982926	3.12587
1103.0	0.356765	0.309888	0.0468776	0.896885	6.37
1104.0	0.247666	0.0529185	0.194748	0.900573	6.19065
1105.0	0.162165	0.162586	0.000421278	0.867514	7.57269
1106.0	0.418662	0.510214	0.091552	0.795833	10.9188
1107.0	0.651902	0.476983	0.174919	0.820573	9.66143
1108.0	0.645583	0.771694	0.12611	0.92135	5.42257
1109.0	0.599122	0.764615	0.165493	0.76481	12.5725
1110.0	0.238956	0.435062	0.196106	0.896018	6.3686
1111.0	0.812484	0.35451	0.457974	0.855811	7.86095
1112.0	0.354948	0.413255	0.0583078	0.835667	8.97918
1113.0	0.487038	0.469917	0.0171211	0.787991	11.3374
1114.0	0.0555583	0.248939	0.19338	0.876618	7.15327
1115.0	0.203354	0.434026	0.230672	0.872838	7.29454
1116.0	0.346771	0.31039	0.036381	0.868858	7.51441
1117.0	0.818879	1.06597	0.247095	0.953924	4.22082
1118.0	0.301963	-0.0552133	0.357176	0.882653	6.81554
1119.0	0.994182	0.673805	0.320377	0.816351	9.78732
1120.0	0.324764	0.531994	0.20723	0.913265	5.69905
1121.0	0.394482	0.335115	0.0593667	0.839978	8.78106
1122.0	0.475157	0.372514	0.102643	0.806379	10.3801
1123.0	0.024503	0.377696	0.353193	0.897482	6.22672
1124.0	0.0722007	0.28451	0.212309	0.879032	7.04593
1125.0	0.361852	0.416874	0.0550223	0.889615	6.65799
1126.0	0.926561	1.18755	0.260989	0.866222	7.55822
1127.0	0.692201	0.408328	0.283873	0.878425	7.03535
1128.0	0.332613	0.112673	0.21994	0.866883	7.55027
1129.0	0.130988	0.623558	0.49257	0.862992	7.51824
1130.0	0.660061	0.306054	0.354006	0.87422	7.16435
1131.0	0.742564	0.726798	0.0157654	0.833368	9.08903
1132.0	0.701197	0.86375	0.162553	0.850297	8.29265
1133.0	0.779584	0.470924	0.30866	0.911182	5.72761
1134.0	0.816086	0.965517	0.149431	0.883663	6.87922
1135.0	0.308862	0.857592	0.54873	0.916668	5.32552
1136.0	0.648958	-0.085675	0.734633	0.845767	7.96193
1137.0	0.0833831	0.0744372	0.00894592	0.817201	9.85766
1138.0	0.00227516	0.631933	0.629657	0.817051	9.43572
1139.0	0.909524	0.643999	0.265525	0.755674	13.0448
1140.0	0.88257	0.531902	0.350668	0.871022	7.30013
1141.0	0.318214	0.411299	0.0930844	0.874936	7.25198
1142.0	0.68557	0.561286	0.124284	0.885668	6.80472
1143.0	0.126748	0.337249	0.210501	0.862139	7.75701
1144.0	0.49395	0.505761	0.0118109	0.822315	9.61078
1145.0	0.192621	0.263185	0.0705649	0.981353	3.36106
1146.0	0.37756	0.49749	0.119929	0.946974	4.50357
1147.0	0.680295	0.594652	0.0856427	0.902807	6.13361
1148.0	0.0443552	-0.053193	0.0975482	0.876583	7.18275
1149.0	0.285842	0.0597014	0.22614	0.937299	4.81024
1150.0	0.230917	0.876949	0.646032	0.812628	9.62686
1151.0	0.17993	0.827658	0.647728	0.841336	8.28366
1152.0	0.766804	0.532961	0.233844	0.811207	10.0915
1153.0	0.768204	0.562723	0.205481	0.892167	6.5174
1154.0	0.241975	0.0446388	0.197337	0.886553	6.7456
1155.0	0.646854	0.829862	0.183008	0.849622	8.31528
1156.0	0.745411	0.850103	0.104691	0.829321	9.26673
1157.0	0.758117	0.947943	0.189827	0.925462	5.25198
1158.0	0.920662	0.523592	0.39707	0.840124	8.61212
1159.0	0.478489	0.243619	0.23487	0.839845	8.73267
1160.0	0.411439	-0.00383843	0.415277	0.806403	10.2004
1161.0	0.539051	0.727103	0.188052	0.820699	9.65023
1162.0	0.475824	0.275343	0.200482	0.932481	4.99302
1163.0	0.00406896	0.428289	0.42422	0.893922	6.31264
1164.0	0.760919	0.712188	0.048731	0.80028	10.6973
1165.0	0.611027	0.471208	0.139819	0.851004	8.26844
1166.0	0.321925	0.686559	0.364634	0.864206	7.57803
1167.0	0.24552	0.865566	0.620046	0.871328	7.02454
1168.0	0.283782	-0.0219823	0.305765	0.822999	9.47734
1169.0	0.822039	1.18025	0.358216	0.877332	7.03259
1170.0	0.267288	0.185922	0.0813657	0.933498	4.98788
1171.0	0.564968	0.0247979	0.54017	0.88599	6.51832
1172.0	0.535265	0.0816714	0.453594	0.872141	7.16998
1173.0	0.179656	0.0761374	0.103518	0.838474	8.84228
1174.0	0.5609	0.856169	0.295269	0.914326	5.6167
1175.0	0.929268	0.409247	0.520022	0.858183	7.6961
1176.0	0.372199	0.691708	0.319508	0.892628	6.44019
1177.0	0.0980942	0.228565	0.130471	0.898269	6.30112
1178.0	0.231142	0.130389	0.100754	0.969194	3.75317
1179.0	0.623932	0.167019	0.456914	0.94123	4.52513
1180.0	0.621004	0.0659309	0.555073	0.900611	5.92693
1181.0	0.672887	0.923385	0.250498	0.739026	14.0454
1182.0	0.995744	0.858696	0.137048	0.967904	3.78811
1183.0	0.238076	0.233316	0.00476016	0.872147	7.37724
1184.0	0.186055	0.54875	0.362695	0.96558	3.76388
1185.0	0.948555	0.937408	0.0111475	0.835353	8.99712
1186.0	0.917239	1.12735	0.210116	0.825679	9.40301
1187.0	0.889803	0.720829	0.168973	0.844355	8.55618
1188.0	0.577525	0.471409	0.106116	0.908061	5.92737
1189.0	0.543938	0.384776	0.159162	0.733811	14.4127
1190.0	0.219843	0.341473	0.12163	0.78781	11.3304
1191.0	0.597795	0.822958	0.225162	0.890485	6.5761
1192.0	0.611574	0.395757	0.215817	0.882698	6.89434
1193.0	0.287446	0.222704	0.0647413	0.877064	7.16819
1194.0	0.48893	0.421854	0.0670763	0.756273	13.0886
1195.0	0.41709	0.508932	0.091842	0.934913	4.93534
1196.0	0.234358	0.220087	0.0142715	0.950886	4.38095
1197.0	0.25722	-0.09715	0.35437	0.817395	9.71184
1198.0	0.234243	0.109972	0.124271	0.914646	5.67338
1199.0	0.477808	0.403991	0.0738177	0.861367	7.8301
1200.0	0.309913	0.831904	0.521991	0.757092	12.7239
1201.0	0.100968	0.643015	0.542046	0.791746	10.8101
1202.0	0.253511	0.0737322	0.179779	0.895788	6.38367
1203.0	0.820601	0.929082	0.108481	0.833053	9.09139
1204.0	0.0851199	0.282397	0.197277	0.833366	9.04793
1205.0	0.502944	0.42032	0.0826231	0.896504	6.38045
1206.0	0.458772	0.421784	0.0369882	0.881928	6.9709
1207.0	0.412896	0.574906	0.16201	0.782371	11.6069
1208.0	0.0343709	0.328461	0.29409	0.913798	5.63722
1209.0	0.509454	0.486923	0.0225304	0.830427	9.226
1210.0	0.399872	0.391038	0.00883463	0.86861	7.52615
1211.0	0.534668	0.61882	0.084152	0.828531	9.30806
1212.0	0.36006	-0.0318049	0.391865	0.837196	8.74995
1213.0	0.39107	0.66923	0.27816	0.922557	5.31963
1214.0	0.0528248	-0.303284	0.356108	0.787712	11.2087
1215.0	0.918133	0.750588	0.167544	0.775736	11.9642
1216.0	0.888857	0.696783	0.192074	0.781976	11.6159
1217.0	0.701503	0.745379	0.0438758	0.84352	8.6218
1218.0	0.0896351	0.298706	0.209071	0.856509	8.00141
1219.0	0.0100898	0.554168	0.544078	0.781097	11.3675
1220.0	0.119918	0.263395	0.143477	0.859999	7.87362
1221.0	0.158406	-0.0366634	0.19507	0.839933	8.74668
1222.0	0.263001	0.167837	0.0951637	0.86445	7.69398
1223.0	0.231805	-0.289502	0.521308	0.743141	13.543
1224.0	0.56449	0.580766	0.0162755	0.794855	10.9784
1225.0	0.954928	1.06065	0.105726	0.807873	10.3047
1226.0	0.244002	0.698783	0.454781	0.922652	5.19374
1227.0	0.520849	0.493438	0.0274115	0.863103	7.7602
1228.0	0.693591	0.737403	0.0438123	0.783626	11.5675
1229.0	0.103137	0.0725867	0.0305499	0.907075	5.97516
1230.0	0.52597	0.423922	0.102048	0.841358	8.71091
1231.0	0.587854	0.665165	0.0773109	0.892281	6.54857
1232.0	0.0761071	0.507274	0.431167	0.924934	5.12989
1233.0	0.504181	0.819174	0.314993	0.815987	9.80873
1234.0	0.296659	0.888236	0.591577	0.972481	3.34226
1235.0	0.337331	0.733968	0.396637	0.878909	6.93877
1236.0	0.620586	0.943353	0.322766	0.822918	9.46965
1237.0	0.85504	0.79168	0.0633602	0.879869	7.05264
1238.0	0.954212	0.701241	0.252972	0.892444	6.48496
1239.0	0.200625	0.288463	0.0878379	0.82192	9.6215
1240.0	0.0830203	0.0182742	0.0647461	0.834235	9.04458
1241.0	0.746734	0.679877	0.0668572	0.783139	11.5907
1242.0	0.699512	1.07252	0.373012	0.817935	9.67104
1243.0	0.217047	0.934944	0.717896	0.888413	6.20265
1244.0	0.0815926	0.337775	0.256183	0.838663	8.7756
1245.0	0.313786	0.0289633	0.284822	0.875357	7.16157
1246.0	0.322567	0.452714	0.130147	0.85267	8.19753
1247.0	0.00283773	-0.0500497	0.0528874	0.865414	7.65919
1248.0	0.404322	0.512304	0.107982	0.960167	4.05352
1249.0	0.463131	0.403485	0.0596459	0.813368	10.0412
1250.0	0.462231	0.781967	0.319736	0.832225	9.0336
1251.0	0.916069	0.613532	0.302537	0.861898	7.71905
1252.0	0.753791	1.31855	0.564757	0.764571	12.2452
1253.0	0.599611	1.07869	0.479076	0.863783	7.49789
1254.0	0.333094	0.600992	0.267898	0.873912	7.23105
1255.0	0.541115	0.823867	0.282753	0.81717	9.77223
1256.0	0.055917	0.163816	0.107899	0.906961	5.96916
1257.0	0.727166	0.909576	0.18241	0.891344	6.55898
1258.0	0.613986	0.84575	0.231765	0.848681	8.33606
1259.0	0.479491	1.2561	0.776606	0.814969	9.3137
1260.0	0.16389	0.371786	0.207896	0.940173	4.71561
1261.0	0.136816	0.235996	0.0991809	0.880614	7.01623
1262.0	0.709726	0.829627	0.119901	0.887893	6.71596
1263.0	0.983253	0.97658	0.006673	0.869305	7.49682
1264.0	0.320961	-0.0799325	0.400893	0.912395	5.61906
1265.0	0.382902	-0.0369464	0.419849	0.908827	5.73915
1266.0	0.726022	0.731466	0.00544453	0.84693	8.47033
1267.0	0.161414	0.615213	0.4538	0.828675	9.08875
1268.0	0.623793	0.690803	0.06701	0.83089	9.20008
1269.0	0.420237	0.496901	0.0766643	0.796461	10.8892
1270.0	0.114224	0.0799983	0.0342257	0.873444	7.32177
1271.0	0.237386	0.441462	0.204076	0.868567	7.48578
1272.0	0.163147	0.545504	0.382357	0.87018	7.31199
1273.0	0.518956	0.813508	0.294553	0.830086	9.14984
1274.0	0.416872	0.782463	0.36559	0.911813	5.66691
1275.0	0.383486	0.249035	0.134451	0.913397	5.71793
1276.0	0.421312	0.421534	0.000221743	0.859535	7.91488
1277.0	0.448222	0.498656	0.0504342	0.957549	4.15052
1278.0	0.47545	0.454206	0.0212438	0.832637	9.12282
1279.0	0.813695	0.564947	0.248749	0.836051	8.89943
1280.0	0.5469	0.437622	0.109278	0.833092	9.08943
1281.0	0.137055	1.03811	0.901056	0.847258	7.6175
1282.0	0.520395	1.0894	0.569009	0.872422	7.03992
1283.0	0.845892	1.24007	0.394177	0.922769	5.23801
1284.0	0.892998	0.646704	0.246294	0.764872	12.53
1285.0	0.762974	0.540966	0.222008	0.951668	4.309
1286.0	0.49632	0.407286	0.089034	0.753354	13.2546
1287.0	0.537801	0.858769	0.320968	0.89077	6.51314
1288.0	0.275703	0.276794	0.0010902	0.842145	8.68613
1289.0	0.127785	0.0011081	0.126677	0.80946	10.2204
1290.0	0.68676	0.703075	0.0163148	0.841515	8.71447
1291.0	0.685922	0.707963	0.0220407	0.813182	10.0536
1292.0	0.114406	0.0519308	0.0624752	0.924067	5.33365
1293.0	0.664654	0.94337	0.278715	0.897196	6.28389
1294.0	0.835466	0.767254	0.068212	0.809977	10.2073
1295.0	0.673307	0.657724	0.0155836	0.932599	5.02622
1296.0	0.0552687	0.205048	0.14978	0.834233	9.0253
1297.0	0.6845	0.954812	0.270311	0.908384	5.85538
1298.0	0.937692	0.756939	0.180753	0.895718	6.38612
1299.0	0.627118	0.517261	0.109857	0.785349	11.464
1300.0	0.697749	0.736177	0.0384284	0.884312	6.87361
1301.0	0.897174	0.586019	0.311155	0.89166	6.48381
1302.0	0.735692	0.985668	0.249976	0.895954	6.34756
1303.0	0.0524047	0.134713	0.0823085	0.808117	10.2974
1304.0	0.877599	1.03232	0.154724	0.829549	9.24213
1305.0	0.726033	0.921887	0.195854	0.806432	10.3467
1306.0	0.63624	0.563698	0.0725421	0.739707	14.074
1307.0	0.0796064	0.794145	0.714538	0.826756	8.85495
1308.0	0.259019	-0.253821	0.51284	0.795535	10.6494
1309.0	0.947899	1.26169	0.313793	0.875581	7.13486
1310.0	0.703353	0.703997	0.000643999	0.80319	10.5523
1311.0	0.634326	0.0723516	0.561974	0.809685	9.88092
1312.0	0.0209493	0.00604795	0.0149013	0.866566	7.61274
1313.0	0.969066	0.532182	0.436884	0.829868	9.04905
1314.0	0.0627321	0.334417	0.271685	0.818332	9.72265
1315.0	0.564404	0.221328	0.343076	0.751515	13.2312
1316.0	0.976533	1.1618	0.185262	0.89331	6.47976
1317.0	0.319237	0.7806	0.461362	0.82736	9.14302
1318.0	0.98784	0.734645	0.253195	0.837975	8.80867
1319.0	0.580518	0.49782	0.0826978	0.854995	8.10571
1320.0	0.470506	0.760293	0.289787	0.75133	13.2824
1321.0	0.208042	0.487234	0.279192	0.804704	10.3896
1322.0	0.251039	0.21229	0.0387484	0.891058	6.60176
1323.0	0.692339	0.986761	0.294422	0.889015	6.59935
1324.0	0.51774	0.511544	0.00619612	0.793376	11.0554
1325.0	0.79629	0.711481	0.0848087	0.972493	3.64709
1326.0	0.0914261	0.542189	0.450763	0.873277	7.12531
1327.0	0.174991	-0.086116	0.261107	0.787709	11.2752
1328.0	0.836417	1.3614	0.524983	0.852346	7.94442
1329.0	0.753335	1.08935	0.336017	0.891315	6.48169
1330.0	0.661603	0.696696	0.0350928	0.801445	10.6393
1331.0	0.967969	0.772424	0.195544	0.869185	7.46312
1332.0	0.0126241	0.421081	0.408457	0.899903	6.09128
1333.0	0.937062	0.83866	0.0984017	0.828545	9.30461
1334.0	0.124191	0.319042	0.19485	0.860832	7.81981
1335.0	0.365378	0.0689147	0.296464	0.81721	9.76169
1336.0	0.135113	0.509482	0.37437	0.881499	6.85
1337.0	0.566727	0.775336	0.208609	0.867689	7.52101
1338.0	0.890513	1.08914	0.198628	0.729421	14.6701
1339.0	0.0557395	-0.0114866	0.0672261	0.904478	6.07167
1340.0	0.331382	-0.306827	0.638209	0.864318	7.29519
1341.0	0.88904	1.29949	0.410451	0.862688	7.60669
1342.0	0.680351	0.849485	0.169134	0.881036	6.98019
1343.0	0.1304	0.471115	0.340715	0.945289	4.46859
1344.0	0.460116	0.760821	0.300706	0.813789	9.92553
1345.0	0.372636	0.477887	0.105252	0.844132	8.58457
1346.0	0.391421	0.468862	0.0774407	0.798122	10.8036
1347.0	0.993386	0.696619	0.296767	0.841486	8.62342
1348.0	0.916574	1.25774	0.341164	0.816036	9.7877
1349.0	0.0807191	0.283624	0.202905	0.865892	7.59971
1350.0	0.63858	0.256848	0.381732	0.931679	4.92311
1351.0	0.880279	0.617192	0.263087	0.840715	8.67824
1352.0	0.826307	0.54935	0.276957	0.810384	10.108
1353.0	0.72093	0.740154	0.0192238	0.842598	8.66521
1354.0	0.777861	0.560126	0.217735	0.859705	7.8588
1355.0	0.937971	0.763453	0.174518	0.831281	9.15405
1356.0	0.124492	-0.0275895	0.152081	0.827837	9.32354
1357.0	0.604103	0.346459	0.257644	0.88538	6.76576
1358.0	0.335903	0.7734	0.437497	0.878334	6.92833
1359.0	0.543257	0.125414	0.417843	0.831528	8.98907
1360.0	0.647825	0.927082	0.279257	0.82792	9.26084
1361.0	0.746549	0.25831	0.488238	0.82059	9.43629
1362.0	0.981272	0.20405	0.777222	0.859139	7.31619
1363.0	0.320897	0.512706	0.191809	0.871064	7.38548
1364.0	0.500514	0.640775	0.140261	0.88688	6.75152
1365.0	0.438015	0.893083	0.455067	0.783165	11.3584
1366.0	0.944053	0.511775	0.432277	0.845612	8.3343
1367.0	0.392237	0.976843	0.584606	0.793433	10.6695
1368.0	0.758786	0.500039	0.258747	0.87539	7.17446
1369.0	0.885794	0.361548	0.524245	0.747357	13.2883
1370.0	0.434998	0.328432	0.106566	0.84592	8.50378
1371.0	0.642943	0.697573	0.0546298	0.848371	8.40278
1372.0	0.798974	0.606775	0.192198	0.927458	5.17815
1373.0	0.767904	0.525956	0.241948	0.882008	6.91057
1374.0	0.87261	0.969945	0.097335	0.884695	6.85008
1375.0	0.193505	0.39363	0.200125	0.864725	7.65061
1376.0	0.448334	0.77783	0.329497	0.93821	4.72445
1377.0	0.411054	0.479804	0.0687502	0.824013	9.52467
1378.0	0.296812	-0.358534	0.655346	0.878738	6.67522
1379.0	0.542942	0.380429	0.162513	0.960634	4.02438
1380.0	0.432865	0.614728	0.181864	0.798218	10.7684
1381.0	0.529955	1.06016	0.530208	0.835174	8.70814
1382.0	0.60802	1.09402	0.486	0.795578	10.677
1383.0	0.70489	0.715736	0.0108468	0.88339	6.91247
1384.0	0.611796	0.496152	0.115644	0.89204	6.55086
1385.0	0.878383	1.04653	0.16815	0.809955	10.1824
1386.0	0.580102	0.46755	0.112552	0.865692	7.6373
1387.0	0.940989	0.866341	0.0746477	0.784456	11.519
1388.0	0.95301	1.20594	0.252929	0.880652	6.96055
1389.0	0.228411	0.287101	0.0586897	0.804347	10.49
1390.0	0.8467	0.60088	0.24582	0.815309	9.88398
1391.0	0.504498	0.869588	0.36509	0.826533	9.26697
1392.0	0.73668	0.715824	0.0208551	0.842063	8.68939
1393.0	0.23173	0.467706	0.235976	0.828006	9.28067
1394.0	0.308033	0.659431	0.351399	0.802438	10.4532
1395.0	0.0485872	-0.128173	0.17676	0.849931	8.30387
1396.0	0.0914983	0.0386449	0.0528534	0.884881	6.84917
1397.0	0.877872	0.53037	0.347502	0.80812	10.1718
1398.0	0.579537	0.686437	0.1069	0.948409	4.4564
1399.0	0.387782	0.839331	0.451549	0.74532	13.4944
1400.0	0.842675	1.17573	0.333053	0.857641	7.88298
1401.0	0.226308	0.955394	0.729086	0.84225	8.1265
1402.0	0.169073	0.55718	0.388107	0.830184	9.07716
1403.0	0.92972	0.718833	0.210887	0.857549	7.95531
1404.0	0.266425	0.445368	0.178943	0.865393	7.6303
1405.0	0.414155	0.202908	0.211247	0.83789	8.83316
1406.0	0.568663	0.866244	0.297581	0.946603	4.44817
1407.0	0.6149	0.523583	0.0913164	0.77285	12.1457
1408.0	0.590975	0.70466	0.113685	0.887971	6.71426
1409.0	0.880419	0.312817	0.567602	0.873947	6.97839
1410.0	0.439488	0.430945	0.00854308	0.862695	7.77842
1411.0	0.484078	0.39414	0.0899387	0.861212	7.83404
1412.0	0.461972	0.449412	0.0125601	0.813996	10.014
1413.0	0.945606	1.04931	0.103702	0.783706	11.5532
1414.0	0.40615	0.556244	0.150094	0.814706	9.95478
1415.0	0.0515644	-0.384275	0.435839	0.913311	5.5566
1416.0	0.552318	0.665157	0.112839	0.859316	7.91127
1417.0	0.215727	-0.133932	0.349659	0.910666	5.72125
1418.0	0.600612	1.15099	0.550374	0.883659	6.60109
1419.0	0.87955	0.993957	0.114407	0.857085	8.00788
1420.0	0.82777	0.922712	0.0949414	0.851565	8.25456
1421.0	0.619191	0.650441	0.0312499	0.886617	6.78069
1422.0	0.17357	0.449758	0.276189	0.930412	5.03386
1423.0	0.794717	1.03495	0.240235	0.953062	4.25339
1424.0	0.635255	0.354918	0.280337	0.810702	10.0902
1425.0	0.875681	0.967458	0.0917773	0.825086	9.4696
1426.0	0.791057	0.606645	0.184413	0.92959	5.10336
1427.0	0.303007	0.560623	0.257615	0.790867	11.1114
1428.0	0.423071	0.578048	0.154977	0.876868	7.15635
1429.0	0.414845	-0.0396093	0.454454	0.811567	9.9077
1430.0	0.532201	0.692686	0.160485	0.86097	7.82636
1431.0	0.303298	0.487003	0.183705	0.875183	7.21645
1432.0	0.147413	0.42484	0.277427	0.943788	4.55714
1433.0	0.241209	-0.309338	0.550548	0.882522	6.64682
1434.0	0.379234	0.768688	0.389454	0.881903	6.82209
1435.0	0.66914	0.848734	0.179593	0.797699	10.796
1436.0	0.654424	0.825801	0.171377	0.873335	7.29785
1437.0	0.707538	1.0405	0.332957	0.828176	9.21364
1438.0	0.0567151	-0.0335316	0.0902467	0.87376	7.30155
1439.0	0.0414279	0.195229	0.153801	0.850957	8.26627
1440.0	0.00891283	0.129996	0.121084	0.914601	5.67583
1441.0	0.919245	0.849075	0.0701704	0.745035	13.7516
1442.0	0.870999	1.30151	0.43051	0.79937	10.54
1443.0	0.423016	0.558423	0.135407	0.906364	5.9856
1444.0	0.2504	0.670157	0.419757	0.847205	8.27432
1445.0	0.0352808	0.627172	0.591892	0.834928	8.64657
1446.0	0.44952	0.30902	0.140501	0.884397	6.85195
1447.0	0.204905	0.263401	0.058496	0.84899	8.37471
1448.0	0.479958	0.758177	0.27822	0.885035	6.76877
1449.0	0.192672	-0.0418035	0.234475	0.930015	5.06823
1450.0	0.595803	0.580188	0.0156147	0.883976	6.88849
1451.0	0.124688	-0.254596	0.379284	0.895571	6.28303
1452.0	0.369769	0.305588	0.0641812	0.978501	3.45391
1453.0	0.874725	0.898039	0.0233139	0.863778	7.73145
1454.0	0.213688	-0.153785	0.367473	0.823769	9.39594
1455.0	0.920458	0.767902	0.152556	0.84165	8.68413
1456.0	0.423583	0.670101	0.246518	0.860051	7.8301
1457.0	0.0386433	0.525315	0.486671	0.8279	9.09212
1458.0	0.623506	0.667882	0.0443763	0.949965	4.41117
1459.0	0.413873	0.892709	0.478836	0.855965	7.83423
1460.0	0.728053	0.500229	0.227824	0.817813	9.77156
1461.0	0.922173	1.04243	0.120257	0.858012	7.96612
1462.0	0.611708	0.71334	0.101633	0.80104	10.6498
1463.0	0.442551	0.499138	0.0565865	0.850291	8.31706
1464.0	0.147021	0.58575	0.438729	0.853176	7.9937
1465.0	0.624303	0.630435	0.00613199	0.894154	6.48
1466.0	0.806867	0.598402	0.208465	0.781124	11.6542
1467.0	0.620148	0.292774	0.327374	0.851115	8.17258
1468.0	0.325768	0.535763	0.209995	0.716785	15.4769
1469.0	0.446853	0.44859	0.00173653	0.868785	7.51884
1470.0	0.584207	0.455928	0.128279	0.846839	8.4572
1471.0	0.155297	0.103993	0.0513039	0.857818	7.98673
1472.0	0.170229	0.659635	0.489407	0.814706	9.71856
1473.0	0.105013	0.377993	0.27298	0.817	9.78642
1474.0	0.0649126	-0.450226	0.515139	0.878801	6.83551
1475.0	0.101538	-0.532964	0.634503	0.867924	7.14829
1476.0	0.75778	0.522205	0.235575	0.802432	10.529
1477.0	0.905643	0.684127	0.221516	0.768657	12.3311
1478.0	0.280159	0.437487	0.157328	0.869777	7.45184
1479.0	0.893335	0.0651516	0.828184	0.805296	9.69443
1480.0	0.405796	0.217523	0.188273	0.970732	3.67969
1481.0	0.220394	0.97651	0.756116	0.850378	7.72658
1482.0	0.473446	0.29062	0.182825	0.850701	8.26746
1483.0	0.0149104	-0.0307776	0.0456879	0.889512	6.66306
1484.0	0.360515	1.10314	0.742624	0.867527	7.0156
1485.0	0.690763	1.14375	0.452989	0.870244	7.24978
1486.0	0.452289	0.422702	0.029587	0.875295	7.24492
1487.0	0.269804	-0.0784212	0.348225	0.798428	10.6593
1488.0	0.981684	0.333608	0.648076	0.882096	6.54857
1489.0	0.738449	0.593322	0.145127	0.89869	6.28066
1490.0	0.799864	0.783024	0.0168396	0.868431	7.53355
1491.0	0.855116	1.02592	0.170801	0.918077	5.53161
1492.0	0.782992	0.652351	0.130641	0.886763	6.75881
1493.0	0.769838	1.04627	0.276432	0.811801	10.0384
1494.0	0.722276	0.484712	0.237564	0.756387	13.0202
1495.0	0.36571	-0.159222	0.524932	0.933593	4.7335
1496.0	0.327404	0.444253	0.116849	0.736594	14.2547
1497.0	0.295282	-0.215313	0.510595	0.855119	7.83874
1498.0	0.172927	0.233517	0.060589	0.859963	7.89255
1499.0	0.783955	1.17598	0.392022	0.846246	8.34051
1500.0	0.667047	0.270174	0.396873	0.826713	9.23258
1501.0	0.348891	0.536915	0.188024	0.874749	7.23287
1502.0	0.00395411	-0.0368261	0.0407802	0.952624	4.31974
1503.0	0.568246	0.482844	0.0854018	0.781831	11.6576
1504.0	0.52654	0.243113	0.283427	0.806778	10.2831
1505.0	0.0819238	-0.384407	0.46633	0.861772	7.59595
1506.0	0.245949	-0.190391	0.43634	0.776806	11.7191
1507.0	0.0814162	0.337345	0.255929	0.823252	9.49541
1508.0	0.968022	0.855747	0.112275	0.90832	5.91615
1509.0	0.397705	0.861194	0.463489	0.916161	5.42625
1510.0	0.626723	0.91053	0.283807	0.800069	10.621
1511.0	0.626408	1.06244	0.436029	0.802965	10.353
1512.0	0.659783	0.824381	0.164598	0.715885	15.5576
1513.0	0.160066	0.484301	0.324235	0.817522	9.72787
1514.0	0.0920966	1.19285	1.10076	0.868482	6.32291
1515.0	0.820203	1.00682	0.186612	0.884285	6.84152
1516.0	0.279383	0.480263	0.20088	0.802489	10.5429
1517.0	0.821006	0.696371	0.124636	0.891983	6.551
1518.0	0.312818	0.813303	0.500486	0.852442	7.9661
1519.0	0.297375	0.193212	0.104162	0.858023	7.96935
1520.0	0.603297	0.891247	0.28795	0.767681	12.3462
1521.0	0.932933	0.643361	0.289572	0.837383	8.81498
1522.0	0.355665	0.817877	0.462213	0.964176	3.73679
1523.0	0.836499	1.00037	0.163868	0.8093	10.2164
1524.0	0.478133	1.06169	0.583557	0.868982	7.16637
1525.0	0.768768	0.886562	0.117794	0.801198	10.6378
1526.0	0.752354	0.733549	0.018805	0.687465	17.5552
1527.0	0.797563	1.45605	0.658486	0.682496	17.3411
1528.0	0.755648	0.197396	0.558252	0.799851	10.3757
1529.0	0.0888387	0.593231	0.504393	0.8566	7.78089
1530.0	0.92391	0.719976	0.203934	0.923445	5.32083
1531.0	0.958525	1.39036	0.431831	0.921701	5.24792
1532.0	0.252496	0.0924963	0.16	0.805172	10.424
1533.0	0.209768	0.0580763	0.151691	0.8917	6.55491
1534.0	0.967833	0.707046	0.260787	0.859641	7.84039
1535.0	0.606142	0.833229	0.227087	0.819338	9.69821
1536.0	0.237386	0.273038	0.0356519	0.768843	12.3765
1537.0	0.308431	0.380794	0.0723635	0.851807	8.2478
1538.0	0.202746	0.111276	0.0914698	0.871711	7.38708
1539.0	0.166023	0.218433	0.0524101	0.842262	8.67795
1540.0	0.254692	0.328841	0.0741492	0.818412	9.79298
1541.0	0.508647	0.499398	0.00924932	0.930187	5.11362
1542.0	0.723958	0.559101	0.164857	0.878446	7.088
1543.0	0.944469	0.930289	0.0141795	0.774021	12.0906
1544.0	0.785315	0.628818	0.156497	0.826225	9.39823
1545.0	0.368641	0.606903	0.238262	0.843597	8.56078
1546.0	0.432195	0.436473	0.00427841	0.876781	7.18409
1547.0	0.714496	0.709654	0.00484207	0.826993	9.3882
1548.0	0.963928	0.853317	0.110611	0.790464	11.1937
1549.0	0.315752	-0.205616	0.521368	0.894381	6.20483
1550.0	0.38815	0.277382	0.110769	0.862577	7.77102
1551.0	0.730257	0.613252	0.117005	0.941539	4.69478
1552.0	0.469777	0.890965	0.421188	0.862539	7.60398
1553.0	0.249543	0.233879	0.0156643	0.857468	8.00444
1554.0	0.25668	0.330922	0.0742425	0.823018	9.57135
1555.0	0.756333	0.937382	0.181049	0.775063	11.9957
1556.0	0.82615	0.740281	0.0858688	0.907909	5.93694
1557.0	0.472642	0.735635	0.262993	0.82996	9.17453
1558.0	0.358771	0.569622	0.210852	0.844525	8.53186
1559.0	0.636358	0.334442	0.301916	0.884585	6.77333
1560.0	0.674782	0.422006	0.252776	0.855601	8.02023
1561.0	0.832293	0.343512	0.48878	0.873799	7.06782
1562.0	0.795297	0.511546	0.28375	0.843268	8.55073
1563.0	0.235157	0.752519	0.517363	0.824957	9.19754
1564.0	0.533098	0.474463	0.0586349	0.899449	6.26819
1565.0	0.779624	1.04547	0.265843	0.844059	8.52536
1566.0	0.128882	0.649685	0.520803	0.829947	8.96001
1567.0	0.190573	0.259938	0.0693654	0.872779	7.3459
1568.0	0.529594	0.924414	0.394821	0.890414	6.47528
1569.0	0.247139	0.983496	0.736357	0.839385	8.2438
1570.0	0.896159	0.317301	0.578858	0.811339	9.77891
1571.0	0.943884	0.690939	0.252945	0.903598	6.04796
1572.0	0.856068	1.11386	0.257791	0.802253	10.5258
1573.0	0.0182748	-0.0370934	0.0553682	0.925659	5.27595
1574.0	0.668242	0.632884	0.0353581	0.83463	9.02941
1575.0	0.526156	0.855329	0.329173	0.84815	8.30279
1576.0	0.718003	1.09727	0.37927	0.772559	12.0048
1577.0	0.717458	1.18847	0.471007	0.87062	7.21728
1578.0	0.634985	0.876379	0.241394	0.845005	8.49577
1579.0	0.313273	0.297984	0.0152891	0.888841	6.69184
1580.0	0.833507	0.900235	0.0667274	0.846082	8.50374
1581.0	0.379736	0.296612	0.0831247	0.877025	7.16704
1582.0	0.0578995	0.0462507	0.0116488	0.740616	14.0248
1583.0	0.128078	0.618724	0.490646	0.815481	9.67963
1584.0	0.88582	0.539378	0.346442	0.934039	4.86242
1585.0	0.851762	0.952687	0.100925	0.852638	8.20592
1586.0	0.329636	0.543799	0.214163	0.860239	7.83732
1587.0	0.689934	0.944073	0.254139	0.910769	5.77277
1588.0	0.290505	1.05969	0.76918	0.866578	7.01505
1589.0	0.115606	0.0646912	0.0509148	0.840743	8.74716
1590.0	0.837092	0.569957	0.267135	0.861792	7.74425
1591.0	0.767346	0.578792	0.188554	0.834342	9.00628
1592.0	0.61284	0.650661	0.037821	0.757684	13.0105
1593.0	0.612633	1.17631	0.563674	0.907715	5.6457
1594.0	0.909879	-0.073909	0.983788	0.902122	5.23878
1595.0	0.415233	0.706525	0.291291	0.849781	8.25479
1596.0	0.629179	0.489015	0.140165	0.871221	7.39623
1597.0	0.576252	0.517189	0.0590632	0.894887	6.44759
1598.0	0.0653218	-0.063075	0.128397	0.729422	14.6985
1599.0	0.151542	0.082237	0.0693047	0.874544	7.27219
1600.0	0.652996	0.704744	0.0517482	0.836031	8.96314
1601.0	0.626654	0.55961	0.0670441	0.917686	5.56979
1602.0	0.648067	0.660964	0.0128969	0.83831	8.86095
1603.0	0.675824	0.616627	0.0591965	0.791563	11.1461
1604.0	0.243364	-0.156796	0.40016	0.845838	8.35204
1605.0	0.788503	0.252106	0.536397	0.842159	8.38399
1606.0	0.693191	0.829013	0.135822	0.917427	5.56614
1607.0	0.886663	0.923051	0.0363884	0.867541	7.57022
1608.0	0.34695	0.384754	0.0378036	0.77449	12.0634
1609.0	0.525457	0.727381	0.201924	0.921792	5.38258
1610.0	0.0122373	-0.258099	0.270336	0.989157	3.05239
1611.0	0.063365	0.21406	0.150695	0.788277	11.2968
1612.0	0.551636	1.18645	0.634816	0.848614	7.97713
1613.0	0.577322	0.712432	0.135109	0.949156	4.42421
1614.0	0.588378	0.613343	0.0249659	0.936053	4.90183
1615.0	0.750661	0.833897	0.0832362	0.840698	8.74462
1616.0	0.462443	0.0574588	0.404984	0.901215	6.04309
1617.0	0.331271	0.234683	0.0965882	0.853879	8.15217
1618.0	0.0387598	0.247043	0.208283	0.85159	8.21775
1619.0	0.127305	0.0694308	0.0578738	0.896827	6.37115
1620.0	0.578334	0.582362	0.00402824	0.889248	6.67569
1621.0	0.5321	0.920623	0.388522	0.872964	7.19081
1622.0	0.0176372	-0.11415	0.131787	0.867229	7.56709
1623.0	0.136329	0.250489	0.11416	0.841141	8.71803
1624.0	0.599176	1.19166	0.592483	0.771661	11.8151
1625.0	0.415902	0.123142	0.29276	0.811491	10.0435
1626.0	0.454823	0.29919	0.155632	0.964727	3.88899
1627.0	0.567197	0.598815	0.031618	0.700627	16.6218
1628.0	0.407584	1.28136	0.873777	0.758105	12.0922
1629.0	0.330402	0.0345075	0.295895	0.910059	5.77762
1630.0	0.465923	1.3567	0.890782	0.786871	10.5055
1631.0	0.613582	0.878766	0.265184	0.862189	7.72824
1632.0	0.627071	0.212379	0.414693	0.821341	9.4719
1633.0	0.259852	0.228801	0.0310509	0.826001	9.4342
1634.0	0.303159	0.0918108	0.211348	0.909792	5.82905
1635.0	0.150936	0.00393174	0.147005	0.903419	6.09602
1636.0	0.782915	0.84837	0.0654559	0.940954	4.72416
1637.0	0.191369	0.0955059	0.0958634	0.764736	12.5981
1638.0	0.954833	1.01258	0.0577438	0.773286	12.1275
1639.0	0.729589	0.540211	0.189378	0.805671	10.3876
1640.0	0.71222	1.00309	0.290867	0.868656	7.43841
1641.0	0.669104	0.943701	0.274597	0.730867	14.5348
1642.0	0.638812	0.798936	0.160124	0.885131	6.8163
1643.0	0.051399	0.357205	0.305806	0.795038	10.8643
1644.0	0.938047	0.32834	0.609707	0.881579	6.6171
1645.0	0.012051	-0.25132	0.263371	0.977979	3.41282
1646.0	0.421744	0.381508	0.0402365	0.850403	8.31375
1647.0	0.240687	0.416746	0.176058	0.865651	7.62033
1648.0	0.355999	0.407993	0.0519943	0.808277	10.2939
1649.0	0.36508	0.824124	0.459044	0.951293	4.17435
1650.0	0.24124	-0.116668	0.357908	0.868348	7.40734
1651.0	0.396632	0.504571	0.107939	0.82704	9.37349
1652.0	0.0273248	0.33864	0.311315	0.909488	5.79034
1653.0	0.0356506	0.360382	0.324732	0.926967	5.13148
1654.0	0.800746	0.682984	0.117762	0.799512	10.7237
1655.0	0.0804799	0.521074	0.440594	0.863193	7.55899
1656.0	0.241352	0.0993128	0.142039	0.900766	6.20045
1657.0	0.0257514	-0.0995572	0.125309	0.867916	7.53969
1658.0	0.264368	-0.171345	0.435713	0.938363	4.64362
1659.0	0.196401	0.366934	0.170533	0.889199	6.64893
1660.0	0.210125	0.334909	0.124783	0.823793	9.52346
1661.0	0.324837	0.499544	0.174707	0.828678	9.27602
1662.0	0.319794	0.216003	0.103792	0.842851	8.6428
1663.0	0.461727	0.977551	0.515824	0.833321	8.80918
1664.0	0.063236	0.700285	0.637049	0.857852	7.57226
1665.0	0.826708	0.858163	0.0314552	0.892177	6.55761
1666.0	0.600302	0.34655	0.253752	0.960974	3.97851
1667.0	0.502441	0.350572	0.15187	0.874802	7.24305
1668.0	0.619773	0.680044	0.0602707	0.850047	8.32748
1669.0	0.238838	-0.0341609	0.272999	0.874167	7.21765
1670.0	0.789755	0.563567	0.226188	0.880435	6.98223
1671.0	0.840883	1.00868	0.1678	0.910204	5.8293
1672.0	0.525923	0.641668	0.115746	0.851001	8.27497
1673.0	0.203381	0.295921	0.0925402	0.789002	11.2747
1674.0	0.96	0.665937	0.294063	0.874141	7.20672
1675.0	0.205757	0.634915	0.429158	0.930841	4.91732
1676.0	0.267204	0.943129	0.675924	0.874294	6.82978
1677.0	0.606061	0.529575	0.0764858	0.830392	9.22194
1678.0	0.786853	1.09757	0.310714	0.826494	9.30818
1679.0	0.247664	-0.157208	0.404872	0.870626	7.27541
1680.0	0.690187	1.14431	0.454119	0.810879	9.9418
1681.0	0.685794	0.96531	0.279516	0.862519	7.70613
1682.0	0.62996	0.406692	0.223268	0.815106	9.90546
1683.0	0.62175	0.172001	0.449749	0.886351	6.59207
1684.0	0.89601	0.726157	0.169852	0.822528	9.56956
1685.0	0.882255	0.637109	0.245146	0.855378	8.03392
1686.0	0.919237	0.911824	0.00741316	0.85214	8.23845
1687.0	0.664515	0.631989	0.0325257	0.846434	8.49147
1688.0	0.6654	0.669057	0.00365673	0.907255	5.96912
1689.0	0.902248	0.629947	0.2723	0.824105	9.44547
1690.0	0.140062	-0.0735143	0.213577	0.902729	6.09939
1691.0	0.730083	0.33662	0.393464	0.864576	7.54004
1692.0	0.291368	0.341826	0.0504574	0.812707	10.0747
1693.0	0.410763	0.882507	0.471743	0.885643	6.60053
1694.0	0.78566	0.558968	0.226692	0.864965	7.62879
1695.0	0.524858	0.569292	0.0444343	0.738176	14.1717
1696.0	0.841392	1.544	0.702603	0.815116	9.42421
1697.0	0.0188645	0.395776	0.376911	0.883255	6.77671
1698.0	0.097305	0.169675	0.0723698	0.81748	9.8385
1699.0	0.693524	0.788874	0.0953508	0.8613	7.82922
1700.0	0.979968	0.569001	0.410967	0.882364	6.78625
1701.0	0.934078	0.241618	0.69246	0.801838	10.091
1702.0	0.998092	0.874442	0.12365	0.876359	7.18621
1703.0	0.505597	0.252701	0.252896	0.939605	4.71645
1704.0	0.726637	0.804182	0.0775455	0.776775	11.9329
1705.0	0.648697	0.711369	0.0626718	0.81463	9.97886
1706.0	0.594548	0.7154	0.120851	0.894283	6.46056
1707.0	0.487903	0.729403	0.2415	0.859352	7.86284
1708.0	0.962186	1.20785	0.245661	0.833943	8.9984
1709.0	0.875292	1.01406	0.138773	0.91164	5.78329
1710.0	0.0576637	0.87455	0.816886	0.846293	7.80756
1711.0	0.290459	-0.148258	0.438717	0.897535	6.1586
1712.0	0.453407	0.382095	0.0713119	0.899131	6.27903
1713.0	0.264518	0.995732	0.731214	0.844916	8.00474
1714.0	0.672888	1.19665	0.523765	0.840265	8.4834
1715.0	0.356162	0.271096	0.0850665	0.910616	5.83377
1716.0	0.36	0.38951	0.0295108	0.928512	5.17376
1717.0	0.607682	0.680691	0.0730091	0.768554	12.3879
1718.0	0.197665	0.411265	0.2136	0.814144	9.95707
1719.0	0.505717	0.699939	0.194222	0.811285	10.1062
1720.0	0.470002	0.510111	0.0401093	0.811452	10.1376
1721.0	0.335497	0.0638908	0.271606	0.884582	6.79074
1722.0	0.345923	0.169711	0.176212	0.920448	5.4416
1723.0	0.298332	0.00252486	0.295807	0.876607	7.10342
1724.0	0.609837	0.201852	0.407985	0.869092	7.33722
1725.0	0.086076	0.930502	0.844426	0.886667	6.07932
1726.0	0.612787	0.74878	0.135993	0.845575	8.51178
1727.0	0.234935	0.268984	0.0340486	0.87748	7.15401
1728.0	0.942412	0.348635	0.593777	0.909655	5.539
1729.0	0.467545	0.0615189	0.406026	0.849277	8.19403
1730.0	0.884224	0.682764	0.20146	0.768225	12.3651
1731.0	0.85656	1.20064	0.344081	0.925156	5.1854
1732.0	0.704274	0.756934	0.0526597	0.920189	5.47812
1733.0	0.535075	0.478031	0.0570439	0.819778	9.7294
1734.0	0.523763	0.382361	0.141401	0.730786	14.6084
1735.0	0.689117	0.774118	0.0850013	0.842337	8.66984
1736.0	0.384265	0.468831	0.0845656	0.854126	8.14355
1737.0	0.89389	0.839237	0.0546527	0.927826	5.19678
1738.0	0.616123	0.43869	0.177432	0.797675	10.7981
1739.0	0.724	1.10644	0.382442	0.759039	12.761
1740.0	0.0360575	0.296816	0.260759	0.837943	8.80604
1741.0	0.443832	0.535757	0.0919246	0.931293	5.0657
1742.0	0.793019	0.589126	0.203892	0.886931	6.72773
1743.0	0.398023	1.11294	0.714917	0.772545	11.5832
1744.0	0.687322	0.807154	0.119832	0.836755	8.91736
1745.0	0.727535	0.635522	0.0920127	0.834263	9.03875
1746.0	0.75834	0.723921	0.034419	0.968622	3.78016
1747.0	0.870027	0.0469137	0.823114	0.946413	3.91764
1748.0	0.16557	0.366742	0.201172	0.823315	9.51942
1749.0	0.641806	0.742947	0.101141	0.819983	9.71196
1750.0	0.020885	-0.239107	0.259992	0.979012	3.38101
1751.0	0.73076	0.890322	0.159562	0.737241	14.2004
1752.0	0.825213	0.820883	0.00433028	0.856536	8.04535
1753.0	0.875392	1.29874	0.423347	0.837517	8.70821
1754.0	0.0872269	0.455416	0.368189	0.975996	3.41829
1755.0	0.948441	1.20387	0.255427	0.809762	10.1514
1756.0	0.829449	0.864503	0.035054	0.914442	5.69469
1757.0	0.39144	0.349615	0.0418255	0.829292	9.27795
1758.0	0.120537	0.476345	0.355808	0.816634	9.74759
1759.0	0.00468653	0.276356	0.27167	0.937427	4.78456
1760.0	0.064384	0.140884	0.0765004	0.886859	6.76609
1761.0	0.235396	-0.390745	0.626141	0.856678	7.63683
1762.0	0.0470371	0.312909	0.265872	0.829763	9.18212
1763.0	0.812815	1.46467	0.651853	0.759405	12.4128
1764.0	0.826205	0.937026	0.110821	0.870541	7.43228
1765.0	0.256669	0.299225	0.0425562	0.823603	9.54739
1766.0	0.45987	0.493594	0.0337241	0.85685	8.03047
1767.0	0.684521	0.561648	0.122873	0.881637	6.96906
1768.0	0.945256	1.004	0.058748	0.946083	4.54474
1769.0	0.137284	-0.150183	0.287466	0.869785	7.39285
1770.0	0.906368	0.72479	0.181578	0.790757	11.1549
1771.0	0.707085	0.829885	0.1228	0.75181	13.3367
1772.0	0.584026	0.783877	0.199851	0.960301	4.02335
1773.0	0.376669	0.179213	0.197456	0.823885	9.49381
1774.0	0.7697	0.590357	0.179343	0.925997	5.23606
1775.0	0.103036	-0.0793473	0.182383	0.874233	7.25649
1776.0	0.441968	0.177083	0.264885	0.799883	10.642
1777.0	0.452058	0.464936	0.012878	0.919201	5.51738
1778.0	0.0696221	0.31704	0.247418	0.855738	8.01703
1779.0	0.533076	0.29668	0.236396	0.814326	9.93695
1780.0	0.646275	0.492656	0.153619	0.844512	8.55427
1781.0	0.655519	0.883038	0.227519	0.872441	7.31263
1782.0	0.655228	0.735766	0.0805382	0.803765	10.516
1783.0	0.577283	0.277934	0.299349	0.900118	6.158
1784.0	0.0128331	0.618416	0.605583	0.887271	6.39342
1785.0	0.673885	0.793257	0.119373	0.794351	10.9888
1786.0	0.355028	0.433374	0.0783456	0.859256	7.92067
1787.0	0.884834	0.884952	0.000117404	0.927612	5.2074
1788.0	0.692829	1.06463	0.3718	0.857693	7.85269
1789.0	0.0076448	0.279602	0.271957	0.84052	8.68211
1790.0	0.802163	0.644165	0.157998	0.938278	4.79977
1791.0	0.198418	0.460864	0.262446	0.864402	7.635
1792.0	0.831634	1.00964	0.178003	0.808187	10.2665
1793.0	0.884176	0.891962	0.00778635	0.899577	6.26648
1794.0	0.879548	0.872764	0.00678421	0.845246	8.54592
1795.0	0.698921	0.710928	0.0120077	0.866137	7.63109
1796.0	0.15439	0.317934	0.163545	0.849733	8.31737
1797.0	0.507935	0.611507	0.103572	0.766236	12.5116
1798.0	0.262312	0.0172917	0.245021	0.790692	11.1277
1799.0	0.383229	0.124189	0.25904	0.84767	8.36719
1800.0	0.839278	1.11228	0.273006	0.797272	10.7706
1801.0	0.892625	0.818861	0.0737631	0.715857	15.5869
1802.0	0.665322	0.495274	0.170048	0.776795	11.9055
1803.0	0.512825	-0.185246	0.698071	0.820457	9.17579
1804.0	0.453314	0.389337	0.0639764	0.831893	9.15361
1805.0	0.962777	0.9703	0.00752323	0.917228	5.59118
1806.0	0.456344	0.129453	0.326891	0.892834	6.42731
1807.0	0.111493	0.587591	0.476098	0.895489	6.20539
1808.0	0.0861963	-0.0269296	0.113126	0.885408	6.81787
1809.0	0.128639	0.252413	0.123774	0.900339	6.22179
1810.0	0.120262	0.70239	0.582128	0.883055	6.58995
1811.0	0.97753	0.61991	0.35762	0.880132	6.91803
1812.0	0.908157	0.534089	0.374068	0.839446	8.66158
1813.0	0.705296	0.570976	0.13432	0.70479	16.3133
1814.0	0.729876	0.444669	0.285207	0.855397	8.01114
1815.0	0.188838	0.175911	0.0129277	0.906454	5.99974
1816.0	0.856338	0.839939	0.0163985	0.867103	7.58989
1817.0	0.30389	0.347848	0.0439581	0.857223	8.01337
1818.0	0.663032	0.736351	0.0733186	0.876136	7.20544
1819.0	0.826442	0.993467	0.167026	0.85012	8.29894
1820.0	0.158577	0.240536	0.0819591	0.890521	6.61807
1821.0	0.638645	0.82062	0.181976	0.851189	8.24616
1822.0	0.831553	0.795657	0.0358955	0.831489	9.17547
1823.0	0.567417	0.44417	0.123248	0.888705	6.68247
1824.0	0.247293	0.0379758	0.209317	0.90216	6.12322
1825.0	0.74987	0.596721	0.153149	0.838771	8.81518
1826.0	0.406744	0.263282	0.143462	0.81774	9.80917
1827.0	0.694696	1.02395	0.329256	0.876585	7.08333
1828.0	0.847864	1.20279	0.354922	0.84521	8.41579
1829.0	0.322642	0.940653	0.618011	0.881138	6.62485
1830.0	0.873531	1.05506	0.181524	0.857469	7.97067
1831.0	0.564893	0.922529	0.357636	0.863773	7.60166
1832.0	0.0464283	0.136791	0.0903629	0.885515	6.81812
1833.0	0.914462	0.656356	0.258106	0.873133	7.26873
1834.0	0.154303	0.215413	0.0611099	0.746361	13.6735
1835.0	0.170369	0.455935	0.285566	0.904513	5.99559
1836.0	0.740093	0.505768	0.234324	0.890164	6.58477
1837.0	0.935238	0.523601	0.411637	0.855687	7.90776
1838.0	0.762193	0.74149	0.0207037	0.808529	10.2839
1839.0	0.832309	1.40972	0.577415	0.886355	6.46272
1840.0	0.827757	0.740262	0.087495	0.778961	11.8121
1841.0	0.940641	1.22871	0.288068	0.859761	7.81988
1842.0	0.130603	-0.0550998	0.185702	0.861622	7.78933
1843.0	0.255465	0.604875	0.34941	0.884913	6.72938
1844.0	0.77133	0.828285	0.0569546	0.789565	11.2511
1845.0	0.512346	0.681287	0.168941	0.841045	8.70607
1846.0	0.48573	0.407927	0.0778027	0.865364	7.658
1847.0	0.22521	-0.022136	0.247346	0.96804	3.7455
1848.0	0.232599	-0.184932	0.417531	0.834069	8.87169
1849.0	0.213961	-0.224584	0.438545	0.953361	4.12039
1850.0	0.283819	0.902479	0.61866	0.931033	4.72536
1851.0	0.122558	0.165866	0.0433073	0.878654	7.10479
1852.0	0.716574	0.891577	0.175003	0.834365	9.01046
1853.0	0.0641181	-0.304651	0.368769	0.878657	6.97042
1854.0	0.379736	0.657474	0.277738	0.932114	4.97163
1855.0	0.532433	0.798008	0.265576	0.857353	7.93702
1856.0	0.0526128	0.0499595	0.00265332	0.955012	4.23936
1857.0	0.116325	0.487461	0.371136	0.824186	9.37324
1858.0	0.607507	0.822528	0.215021	0.749901	13.4119
1859.0	0.189006	0.908519	0.719512	0.801109	10.0856
1860.0	0.565466	0.456557	0.108909	0.927405	5.20375
1861.0	0.316213	0.418768	0.102555	0.796492	10.8824
1862.0	0.127132	-0.160283	0.287415	0.838787	8.75201
1863.0	0.646723	0.922633	0.27591	0.862454	7.71095
1864.0	0.169281	0.504198	0.334917	0.843554	8.50463
1865.0	0.446137	0.509739	0.0636012	0.860202	7.88183
1866.0	0.538254	0.633109	0.0948552	0.764045	12.6375
1867.0	0.933327	0.890902	0.0424255	0.837801	8.88256
1868.0	0.0490727	-0.326047	0.37512	0.873822	7.1654
1869.0	0.0644333	0.325663	0.26123	0.817405	9.77357
1870.0	0.521326	0.547025	0.0256991	0.707486	16.1524
1871.0	0.850966	0.457252	0.393714	0.903351	5.96928
1872.0	0.713798	0.789481	0.075683	0.857578	7.99398
1873.0	0.400607	0.793319	0.392712	0.871004	7.26938
1874.0	0.754679	1.0901	0.335424	0.824887	9.36708
1875.0	0.910836	1.00104	0.0902013	0.841401	8.71137
1876.0	0.564685	0.184301	0.380385	0.823983	9.37539
1877.0	0.763028	1.0421	0.279071	0.852959	8.12163
1878.0	0.64258	0.120658	0.521922	0.926159	5.004
1879.0	0.892009	0.575287	0.316721	0.770187	12.1862
1880.0	0.849943	1.31608	0.466139	0.889109	6.46689
1881.0	0.417769	0.475706	0.0579367	0.848113	8.41392
1882.0	0.636644	0.546021	0.0906229	0.869617	7.47534
1883.0	0.832248	0.945617	0.113369	0.923743	5.33708
1884.0	0.343568	0.74467	0.401102	0.844666	8.40375
1885.0	0.595403	0.410607	0.184796	0.992066	2.99495
1886.0	0.895019	1.25723	0.362215	0.80418	10.357
1887.0	0.511747	0.0424336	0.469313	0.701934	16.2479
1888.0	0.559484	0.661979	0.102495	0.931925	5.04091
1889.0	0.633701	0.77747	0.143769	0.770412	12.2664
1890.0	0.202539	0.317833	0.115294	0.851934	8.23379
1891.0	0.982935	0.788389	0.194546	0.843923	8.56592
1892.0	0.25908	0.436164	0.177084	0.882274	6.92682
1893.0	0.822989	0.723612	0.0993771	0.865202	7.66104
1894.0	0.750838	0.869739	0.118901	0.763738	12.6488
1895.0	0.899275	1.20574	0.306466	0.866162	7.53456
1896.0	0.151379	0.124209	0.0271692	0.890891	6.60918
1897.0	0.257628	-0.0395964	0.297225	0.861883	7.72296
1898.0	0.65854	0.388305	0.270234	0.767754	12.3536
1899.0	0.278697	0.950014	0.671318	0.828521	8.83619
1900.0	0.489334	0.222693	0.266641	0.915327	5.59449
1901.0	0.323916	0.582326	0.25841	0.930595	5.03615
1902.0	0.811125	0.676938	0.134187	0.906534	5.9794
1903.0	0.578365	0.947097	0.368732	0.867634	7.42954
1904.0	0.627438	0.582733	0.0447049	0.918811	5.53017
1905.0	0.533103	0.369004	0.164099	0.957347	4.13518
1906.0	0.109472	0.635547	0.526075	0.898772	6.02851
1907.0	0.592464	0.544637	0.0478265	0.893765	6.49323
1908.0	0.0165614	-0.0885653	0.105127	0.914157	5.69601
1909.0	0.682659	0.874316	0.191657	0.819349	9.71377
1910.0	0.465551	0.470354	0.00480329	0.970459	3.72046
1911.0	0.587615	0.62153	0.0339157	0.844845	8.56281
1912.0	0.653122	0.705228	0.0521062	0.853106	8.19303
1913.0	0.302594	0.133253	0.169341	0.92112	5.41895
1914.0	0.241	0.392575	0.151575	0.861396	7.81086
1915.0	0.805719	0.782483	0.0232358	0.787722	11.3513
1916.0	0.345616	0.352446	0.00683013	0.848095	8.41818
1917.0	0.674419	0.884831	0.210412	0.788779	11.2459
1918.0	0.660593	0.923596	0.263002	0.729142	14.6509
1919.0	0.922956	0.148046	0.77491	0.845133	7.92736
1920.0	0.759823	0.60611	0.153713	0.736753	14.2327
1921.0	0.521921	0.24407	0.277852	0.787684	11.2663
1922.0	0.615253	0.310287	0.304966	0.906913	5.89236
1923.0	0.85058	0.702426	0.148153	0.842337	8.65434
1924.0	0.899674	1.05318	0.15351	0.847044	8.44058
1925.0	0.841578	1.03525	0.193671	0.980105	3.37242
1926.0	0.610671	0.665808	0.0551368	0.841262	8.72308
1927.0	0.187557	-0.0731719	0.260729	0.816757	9.80529
1928.0	0.238974	0.259956	0.0209812	0.732158	14.5466
1929.0	0.47706	0.470907	0.0061524	0.862053	7.80609
1930.0	0.944184	0.90974	0.0344444	0.862235	7.79705
1931.0	0.700284	0.576112	0.124172	0.836368	8.93408
1932.0	0.298436	0.170352	0.128084	0.814725	9.96055
1933.0	0.618727	0.782157	0.16343	0.85555	8.06089
1934.0	0.94259	0.829044	0.113546	0.785955	11.4309
1935.0	0.67431	0.768479	0.0941697	0.842085	8.67953
1936.0	0.695342	0.908934	0.213591	0.821998	9.57678
1937.0	0.779515	0.504286	0.275229	0.802895	10.4831
1938.0	0.873424	0.742309	0.131115	0.9482	4.45835
1939.0	0.910255	0.56597	0.344285	0.843553	8.49805
1940.0	0.627913	1.02397	0.396061	0.874807	7.10831
1941.0	0.326603	0.0386246	0.287979	0.882096	6.88266
1942.0	0.0591583	0.192825	0.133667	0.831827	9.14199
1943.0	0.363925	0.277692	0.0862327	0.855787	8.0704
1944.0	0.65515	0.331516	0.323634	0.793416	10.9356
1945.0	0.824132	0.654199	0.169933	0.922451	5.36954
1946.0	0.649499	0.3664	0.2831	0.836047	8.88027
1947.0	0.65815	0.756113	0.0979623	0.801938	10.605
1948.0	0.00330671	0.0735816	0.0702749	0.919626	5.49701
1949.0	0.248633	0.803712	0.55508	0.83231	8.81144
1950.0	0.245354	0.5229	0.277545	0.78631	11.3391
1951.0	0.153261	0.721582	0.568321	0.909516	5.5725
1952.0	0.228521	0.268054	0.0395328	0.930908	5.08609
1953.0	0.243055	-0.284072	0.527127	0.783966	11.2355
1954.0	0.988177	0.892754	0.0954229	0.855737	8.07088
1955.0	0.302095	0.221086	0.0810087	0.872142	7.37084
1956.0	0.254409	0.447926	0.193517	0.886727	6.74008
1957.0	0.134959	0.0255523	0.109407	0.851139	8.27036
1958.0	0.665486	0.643671	0.0218157	0.854167	8.14866
1959.0	0.383775	0.649315	0.265539	0.833525	9.00697
1960.0	0.838915	0.864641	0.0257265	0.876214	7.20696
1961.0	0.483966	0.523526	0.03956	0.757789	13.0042
1962.0	0.594251	0.501138	0.0931128	0.841302	8.71529
1963.0	0.357223	0.516178	0.158956	0.918312	5.52658
1964.0	0.595435	0.135037	0.460398	0.907104	5.77046
1965.0	0.492205	0.963642	0.471437	0.794816	10.7317
1966.0	0.421752	0.1229	0.298853	0.83023	9.14035
1967.0	0.479401	0.19884	0.280561	0.790309	11.1267
1968.0	0.87583	0.612313	0.263517	0.941094	4.65876
1969.0	0.312543	0.983496	0.670953	0.772247	11.6692
1970.0	0.614994	0.668667	0.0536726	0.845932	8.51209
1971.0	0.521892	0.88349	0.361598	0.767861	12.2803
1972.0	0.981352	0.810168	0.171184	0.869906	7.44176
1973.0	0.89038	0.578023	0.312357	0.835694	8.87806
1974.0	0.18701	0.0062867	0.180723	0.76315	12.6604
1975.0	0.810144	0.808774	0.00136962	0.818493	9.79504
1976.0	0.850536	0.342178	0.508358	0.902523	5.90118
1977.0	0.801296	0.58506	0.216236	0.828105	9.28555
1978.0	0.433039	0.504275	0.0712359	0.98671	3.18964
1979.0	0.383371	-0.430264	0.813636	0.880526	6.37388
1980.0	0.76641	0.409503	0.356907	0.852278	8.10039
1981.0	0.200224	0.358813	0.15859	0.854929	8.08967
1982.0	0.682744	1.1403	0.457557	0.731457	14.3328
1983.0	0.632582	0.969774	0.337192	0.851769	8.13694
1984.0	0.265086	0.250331	0.0147543	0.872934	7.34406
1985.0	0.81335	0.710648	0.102701	0.903671	6.097
1986.0	0.174931	0.762905	0.587974	0.851424	7.91267
1987.0	0.496556	0.742849	0.246293	0.928962	5.10107
1988.0	0.631478	0.539785	0.091693	0.884143	6.87356
1989.0	0.878786	0.546333	0.332453	0.800193	10.5813
1990.0	0.324838	0.738742	0.413904	0.801732	10.4359
1991.0	0.383542	0.682302	0.29876	0.726605	14.7864
1992.0	0.256314	0.622631	0.366317	0.91035	5.72177
1993.0	0.609345	0.681972	0.0726274	0.86387	7.72267
1994.0	0.937107	0.743791	0.193316	0.854276	8.10567
1995.0	0.276916	0.71743	0.440514	0.846773	8.27498
1996.0	0.290246	1.07945	0.789201	0.885431	6.21613
1997.0	0.950981	0.258406	0.692575	0.90506	5.5916
1998.0	0.751022	1.00181	0.250784	0.796442	10.8263
1999.0	0.960554	0.507992	0.452562	0.894757	6.25546
2000.0	0.0119617	0.385528	0.373566	0.810621	10.0274
2001.0	0.0316434	0.414116	0.382473	0.895588	6.27999
2002.0	0.991454	0.455815	0.53564	0.877534	6.86593
2003.0	0.693267	0.61008	0.0831863	0.950478	4.38887
2004.0	0.0461778	0.415867	0.369689	0.895831	6.27981
2005.0	0.436877	0.319915	0.116961	0.836698	8.92071
2006.0	0.45571	0.973428	0.517718	0.94793	4.23764
2007.0	0.242669	-0.0805775	0.323247	0.728712	14.6342
2008.0	0.0391981	0.508174	0.468976	0.841813	8.4704
2009.0	0.664883	0.91444	0.249557	0.972285	3.60464
2010.0	0.611789	1.03902	0.427227	0.783337	11.3771
2011.0	0.876132	0.436923	0.439209	0.793067	10.8548
2012.0	0.621778	-0.19906	0.820838	0.864575	7.01664
2013.0	0.681054	0.706864	0.0258095	0.847333	8.4516
2014.0	0.147646	0.189752	0.0421062	0.847353	8.44954
2015.0	0.301855	0.412994	0.111139	0.820534	9.68309
2016.0	0.763885	0.593175	0.170711	0.818999	9.73889
2017.0	0.868143	0.618153	0.249991	0.907135	5.91332
2018.0	0.133217	0.441031	0.307814	0.839224	8.71926
2019.0	0.260724	0.570978	0.310254	0.850928	8.19217
2020.0	0.864719	1.11562	0.250901	0.926882	5.17465
2021.0	0.887793	1.46793	0.580135	0.85048	7.9635
2022.0	0.892532	1.1145	0.221967	0.906182	5.96264
2023.0	0.704911	1.09892	0.394011	0.845975	8.35101
2024.0	0.173043	0.141576	0.0314668	0.935252	4.93017
2025.0	0.525904	0.27052	0.255384	0.826348	9.3487
2026.0	0.643342	0.722695	0.0793532	0.911094	5.8165
2027.0	0.767908	1.04029	0.272384	0.833109	9.02234
2028.0	0.434995	0.119387	0.315607	0.913461	5.63738
2029.0	0.658433	0.328222	0.330211	0.801913	10.4958
2030.0	0.585989	0.576182	0.00980762	0.859009	7.93758
2031.0	0.79588	0.270711	0.525169	0.746691	13.3266
2032.0	0.944126	0.421978	0.522148	0.859354	7.64339
2033.0	0.304631	0.411632	0.107001	0.935315	4.91814
2034.0	0.0153191	0.0933791	0.07806	0.84123	8.7213
2035.0	0.217464	-0.376967	0.594431	0.878965	6.74142
2036.0	0.390255	0.218477	0.171777	0.828814	9.27071
2037.0	0.949349	1.29859	0.349245	0.808129	10.17
2038.0	0.823201	0.824845	0.00164411	0.76087	12.8289
2039.0	0.0977297	-0.190832	0.288562	0.88127	6.91604
2040.0	0.0605429	0.237595	0.177052	0.848243	8.37888
2041.0	0.477752	0.106769	0.370983	0.810046	10.0579
2042.0	0.443059	0.0706746	0.372384	0.850349	8.17375
2043.0	0.356713	0.609789	0.253076	0.884783	6.79226
2044.0	0.164006	0.266371	0.102365	0.980891	3.37106
2045.0	0.975693	0.963786	0.0119073	0.87004	7.4657
2046.0	0.907996	1.12966	0.221664	0.851767	8.20395
2047.0	0.975957	0.439183	0.536774	0.879605	6.78007
2048.0	0.779741	0.774015	0.0057263	0.832096	9.1485
2049.0	0.226857	0.157975	0.0688825	0.88966	6.65448
2050.0	0.147981	0.135817	0.0121647	0.929726	5.13029
2051.0	0.872611	0.851472	0.0211384	0.934928	4.94227
2052.0	0.352008	0.421211	0.0692026	0.839178	8.81627
2053.0	0.675969	0.631074	0.0448955	0.819784	9.73046
2054.0	0.00802635	0.298907	0.290881	0.744774	13.6709
2055.0	0.735209	0.955495	0.220286	0.743406	13.7969
2056.0	0.481168	0.782201	0.301034	0.896362	6.304
2057.0	0.500821	0.632867	0.132046	0.734777	14.3625
2058.0	0.634859	0.952627	0.317769	0.872948	7.2418
2059.0	0.0660724	-0.0172805	0.0833529	0.738058	14.1729
2060.0	0.850665	0.508178	0.342487	0.840725	8.62721
2061.0	0.473295	0.839529	0.366234	0.84419	8.45307
2062.0	0.312271	0.347362	0.0350912	0.861046	7.84824
2063.0	0.397098	0.0427249	0.354373	0.82998	9.11336
2064.0	0.282425	0.217838	0.0645865	0.794827	10.9755
2065.0	0.572913	0.569733	0.00317945	0.867956	7.55394
2066.0	0.566875	0.548627	0.0182484	0.884907	6.85057
2067.0	0.594149	0.706451	0.112302	0.927076	5.21505
2068.0	0.583468	0.762154	0.178686	0.869102	7.47304
2069.0	0.130344	-0.367557	0.497901	0.813143	9.78555
2070.0	0.910154	0.638276	0.271877	0.77931	11.7171
2071.0	0.77866	1.11214	0.333477	0.787323	11.2468
2072.0	0.285762	0.459423	0.173661	0.873953	7.27129
2073.0	0.46931	0.304013	0.165297	0.800593	10.6536
2074.0	0.476615	0.601529	0.124914	0.860342	7.86393
2075.0	0.257657	0.262818	0.00516153	0.783444	11.5794
2076.0	0.464507	1.1961	0.731589	0.833127	8.53487
2077.0	0.614741	0.8625	0.247759	0.848455	8.33815
2078.0	0.413978	0.819812	0.405834	0.853667	8.00085
2079.0	0.861761	0.618066	0.243694	0.89731	6.2973
2080.0	0.952619	0.934346	0.0182729	0.792952	11.0771
2081.0	0.657471	0.931193	0.273723	0.750976	13.3141
2082.0	0.773159	0.717281	0.0558782	0.924451	5.32024
2083.0	0.95922	0.690678	0.268542	0.844427	8.50728
2084.0	0.324147	0.99727	0.673123	0.810499	9.69185
2085.0	0.795851	1.06734	0.27149	0.902962	6.06308
2086.0	0.539938	0.796606	0.256667	0.897145	6.29741
2087.0	0.192001	0.0670272	0.124973	0.794304	10.9897
2088.0	0.790806	0.640351	0.150455	0.830895	9.18043
2089.0	0.717549	0.784343	0.0667932	0.907302	5.96304
2090.0	0.199836	-0.0541909	0.254027	0.918496	5.4823
2091.0	0.912939	1.33214	0.419199	0.779342	11.5988
2092.0	0.88033	0.659793	0.220537	0.858653	7.90311
2093.0	0.321851	0.0685402	0.253311	0.867004	7.52908
2094.0	0.420674	0.145232	0.275442	0.796685	10.7992
2095.0	0.415344	0.273833	0.141511	0.868912	7.49312
2096.0	0.97138	1.00702	0.035644	0.927344	5.21599
2097.0	0.265247	0.315374	0.050127	0.904611	6.06848
2098.0	0.761932	0.611039	0.150893	0.792473	11.0768
2099.0	0.308348	0.176541	0.131808	0.783889	11.5358
2100.0	0.76554	0.89884	0.133299	0.883355	6.8963
2101.0	0.61328	0.922206	0.308926	0.81253	9.98176
2102.0	0.756549	1.02622	0.269666	0.922644	5.32084
2103.0	0.220155	0.128586	0.0915688	0.882322	6.94777
2104.0	0.920912	0.770737	0.150176	0.768235	12.3857
2105.0	0.813405	0.454768	0.358637	0.795578	10.7972
2106.0	0.99339	1.09985	0.106462	0.848238	8.39998
2107.0	0.166162	0.188863	0.0227004	0.848923	8.38075
2108.0	0.985888	0.78897	0.196918	0.855955	8.0307
2109.0	0.210457	0.472762	0.262305	0.826271	9.34848
2110.0	0.278126	0.683432	0.405306	0.888512	6.54294
2111.0	0.941327	0.759213	0.182114	0.846301	8.46385
2112.0	0.209933	0.0870009	0.122932	0.890646	6.60479
2113.0	0.254342	0.317946	0.0636041	0.893077	6.5188
2114.0	0.76582	0.556635	0.209185	0.955069	4.19745
2115.0	0.346293	-0.0487738	0.395067	0.954468	4.11561
2116.0	0.0288207	0.403661	0.37484	0.857446	7.86105
2117.0	0.882852	0.632091	0.250761	0.875085	7.1912
2118.0	0.015662	0.283678	0.268016	0.91519	5.59893
2119.0	0.21001	-0.257607	0.467617	0.868249	7.31993
2120.0	0.216103	0.641778	0.425675	0.806152	10.2032
2121.0	0.981779	1.11207	0.130296	0.848003	8.40459
2122.0	0.178251	0.442728	0.264477	0.867281	7.51143
2123.0	0.155668	-0.101193	0.256861	0.748664	13.4613
2124.0	0.180634	-0.147812	0.328446	0.795211	10.8393
2125.0	0.0627286	0.120655	0.0579267	0.849668	8.34459
2126.0	0.195516	0.0467087	0.148807	0.861694	7.79886
2127.0	0.913649	0.944835	0.0311851	0.954597	4.25265
2128.0	0.846217	0.606636	0.239581	0.848678	8.33235
2129.0	0.146897	-0.0518982	0.198795	0.809832	10.1761
2130.0	0.774613	0.978973	0.20436	0.912014	5.74747
2131.0	0.143939	0.287212	0.143273	0.868208	7.52239
2132.0	0.425301	0.781658	0.356357	0.885814	6.68816
2133.0	0.906447	0.637336	0.269111	0.76559	12.4757
2134.0	0.656046	0.394703	0.261343	0.773634	12.033
2135.0	0.765738	0.952176	0.186438	0.78567	11.4211
2136.0	0.0653041	-0.215092	0.280397	0.891002	6.52793
2137.0	0.11199	0.078557	0.033433	0.852344	8.2283
2138.0	0.345657	1.34524	0.999578	0.858089	6.96389
2139.0	0.687393	0.786317	0.0989234	0.895455	6.41893
2140.0	0.912117	1.06041	0.148289	0.723565	15.0645
2141.0	0.9379	1.03101	0.0931139	0.861321	7.82876
2142.0	0.677903	1.19759	0.519688	0.910959	5.56863
2143.0	0.887168	0.767098	0.12007	0.868015	7.53679
2144.0	0.0234061	0.875726	0.85232	0.840586	7.99934
2145.0	0.103916	0.113975	0.0100595	0.89638	6.39196
2146.0	0.0577229	0.0739958	0.0162729	0.867582	7.56954
2147.0	0.498527	0.321888	0.176638	0.907744	5.92025
2148.0	0.249828	0.108708	0.14112	0.809741	10.2022
2149.0	0.368803	0.630896	0.262092	0.864497	7.63114
2150.0	0.323757	0.150179	0.173578	0.904205	6.05736
2151.0	0.760486	0.801146	0.0406595	0.869849	7.47222
2152.0	0.394106	0.675718	0.281612	0.875586	7.1539
2153.0	0.435027	0.815393	0.380366	0.799587	10.5742
2154.0	0.488612	0.387699	0.100913	0.801604	10.6213
2155.0	0.971736	0.935098	0.036638	0.766862	12.4874
2156.0	0.708977	0.593931	0.115047	0.947487	4.48677
2157.0	0.160013	0.24416	0.0841465	0.851395	8.2641
2158.0	0.994858	0.986389	0.00846827	0.829865	9.25283
2159.0	0.521021	0.414724	0.106297	0.807208	10.3378
2160.0	0.955412	1.05676	0.101345	0.818335	9.79152
2161.0	0.490233	0.802344	0.312111	0.838107	8.76748
2162.0	0.651517	0.520109	0.131409	0.834986	8.99592
2163.0	0.209966	0.346075	0.136109	0.85756	7.98159
2164.0	0.417826	0.22383	0.193996	0.800268	10.6587
2165.0	0.906162	1.01888	0.112714	0.80291	10.5523
2166.0	0.800574	0.393094	0.40748	0.896219	6.2359
2167.0	0.757937	0.841946	0.0840095	0.885988	6.80011
2168.0	0.593421	1.16676	0.573338	0.835202	8.65676
2169.0	0.703783	0.625523	0.0782592	0.922014	5.4073
2170.0	0.52829	0.417995	0.110295	0.861978	7.79689
2171.0	0.571616	0.424883	0.146733	0.707885	16.0985
2172.0	0.178921	0.511818	0.332897	0.857131	7.90524
2173.0	0.618117	0.912199	0.294082	0.840347	8.67681
2174.0	0.559116	0.591994	0.0328779	0.822222	9.61424
2175.0	0.467288	0.547951	0.0806636	0.807046	10.3512
2176.0	0.719097	0.903908	0.184811	0.774902	12.0029
2177.0	0.63288	0.305999	0.326881	0.750091	13.328
2178.0	0.741703	0.581826	0.159877	0.883201	6.89479
2179.0	0.129844	0.506961	0.377117	0.887463	6.60674
2180.0	0.25778	0.621927	0.364147	0.908188	5.80548
2181.0	0.0490667	0.472954	0.423887	0.893361	6.33507
2182.0	0.100726	0.221982	0.121256	0.812639	10.0648
2183.0	0.406784	0.108125	0.298659	0.92705	5.14379
2184.0	0.750643	0.703836	0.046807	0.774816	12.0446
2185.0	0.383796	0.655158	0.271362	0.802285	10.5163
2186.0	0.593102	0.826588	0.233486	0.907472	5.90814
2187.0	0.585495	0.434305	0.15119	0.950923	4.35889
2188.0	0.920548	0.484999	0.435548	0.849372	8.16408
2189.0	0.532653	0.658567	0.125914	0.877012	7.1586
2190.0	0.51515	0.852632	0.337482	0.862219	7.68244
2191.0	0.5114	0.566049	0.0546493	0.833261	9.09111
2192.0	0.246503	-0.32607	0.572573	0.87493	6.93215
2193.0	0.211747	0.387947	0.1762	0.85173	8.22437
2194.0	0.349128	0.579195	0.230067	0.931239	5.02586
2195.0	0.468611	0.389407	0.0792045	0.877387	7.15273
2196.0	0.597263	1.26288	0.665617	0.763276	12.1735
2197.0	0.0396282	-0.238996	0.278624	0.873146	7.25706
2198.0	0.425726	0.961419	0.535693	0.865387	7.37159
2199.0	0.634193	0.697856	0.0636628	0.723266	15.1062
2200.0	0.783199	0.548893	0.234306	0.917697	5.52127
2201.0	0.706233	0.351551	0.354682	0.86113	7.71704
2202.0	0.472062	0.773861	0.301799	0.82772	9.25623
2203.0	0.269008	-0.156203	0.425211	0.8398	8.60252
2204.0	0.693413	1.09815	0.404741	0.812805	9.8936
2205.0	0.0927499	0.290473	0.197723	0.842219	8.64164
2206.0	0.779269	0.801528	0.0222584	0.810105	10.2055
2207.0	0.480163	0.240427	0.239736	0.778129	11.8
2208.0	0.889819	0.298023	0.591796	0.885427	6.48336
2209.0	0.190103	0.497608	0.307505	0.82419	9.41948
2210.0	0.493845	0.485618	0.00822706	0.77306	12.1437
2211.0	0.459794	0.610007	0.150213	0.859498	7.8933
2212.0	0.744437	-0.168972	0.913409	0.886698	5.96058
2213.0	0.55526	0.647872	0.0926113	0.917519	5.57212
2214.0	0.396919	0.905251	0.508332	0.86999	7.20684
2215.0	0.0459107	0.395316	0.349405	0.823294	9.43246
2216.0	0.0915373	-0.170408	0.261945	0.905868	5.95599
2217.0	0.711864	0.540756	0.171108	0.869541	7.45718
2218.0	0.141017	0.542247	0.401231	0.874819	7.10368
2219.0	0.427622	0.933167	0.505545	0.871814	7.13355
2220.0	0.435626	0.0609445	0.374682	0.885237	6.69814
2221.0	0.448286	0.209259	0.239027	0.80004	10.6485
2222.0	0.672247	0.718237	0.0459891	0.815007	9.96237
2223.0	0.744762	0.970499	0.225737	0.79473	10.928
2224.0	0.949094	0.842804	0.10629	0.798724	10.7669
2225.0	0.359943	0.260102	0.0998406	0.888126	6.71095
2226.0	0.63799	0.201698	0.436292	0.825453	9.25685
2227.0	0.889872	1.0658	0.175931	0.8579	7.95399
2228.0	0.506414	0.466279	0.0401354	0.816673	9.88166
2229.0	0.171792	0.811872	0.64008	0.864851	7.27027
2230.0	0.609953	0.666033	0.0560802	0.900877	6.21273
2231.0	0.176329	0.142897	0.0334328	0.949936	4.41295
2232.0	0.604375	0.559766	0.0446094	0.788415	11.3131
2233.0	0.334715	0.999038	0.664323	0.746959	13.113
2234.0	0.759382	0.774249	0.0148673	0.766967	12.4828
2235.0	0.109857	0.691966	0.582109	0.882383	6.61709
2236.0	0.361692	0.643599	0.281906	0.869282	7.41722
2237.0	0.702384	0.953047	0.250664	0.856511	7.98162
2238.0	0.505501	0.098878	0.406623	0.745315	13.5411
2239.0	0.376186	-0.113416	0.489602	0.866882	7.35624
2240.0	0.832516	0.76784	0.0646753	0.892808	6.52936
2241.0	0.753356	1.14257	0.389214	0.779954	11.5936
2242.0	0.791995	0.912113	0.120118	0.931458	5.05412
2243.0	0.233384	0.210773	0.0226114	0.73427	14.4148
2244.0	0.034306	0.575154	0.540848	0.885372	6.54239
2245.0	0.637579	0.469722	0.167857	0.814247	9.97111
2246.0	0.788373	0.783504	0.0048684	0.888714	6.69713
2247.0	0.981941	0.581477	0.400465	0.835094	8.83924
2248.0	0.288419	0.298038	0.00961881	0.782886	11.6092
2249.0	0.121282	0.406926	0.285644	0.851178	8.19631
2250.0	0.650489	0.797779	0.147289	0.776562	11.9265
2251.0	0.221615	0.597932	0.376318	0.817082	9.70957
2252.0	0.535214	0.684581	0.149368	0.966728	3.82401
2253.0	0.712168	0.4861	0.226069	0.847328	8.39915
2254.0	0.288064	0.65341	0.365346	0.969761	3.62389
2255.0	0.476544	0.223834	0.25271	0.922004	5.35285
2256.0	0.721605	0.856146	0.13454	0.801575	10.6139
2257.0	0.368903	0.806202	0.437299	0.824519	9.30006
2258.0	0.371375	0.292647	0.0787285	0.823494	9.54784
2259.0	0.779945	1.05765	0.277704	0.849669	8.26776
2260.0	0.164469	0.197579	0.0331107	0.842671	8.66113
2261.0	0.205793	0.0301082	0.175685	0.968381	3.76144
2262.0	0.452131	0.132897	0.319235	0.886784	6.67389
2263.0	0.487026	1.02352	0.536498	0.78998	10.9085
2264.0	0.110781	-0.188448	0.299229	0.930414	5.02134
2265.0	0.871179	0.966854	0.0956752	0.892369	6.54194
2266.0	0.772555	0.981603	0.209048	0.85073	8.25546
2267.0	0.406663	0.36226	0.044403	0.941722	4.69917
2268.0	0.545443	0.733607	0.188163	0.879511	7.0359
2269.0	0.600995	0.787973	0.186978	0.922008	5.38012
2270.0	0.999076	0.812414	0.186662	0.809289	10.2082
2271.0	0.647866	0.382556	0.26531	0.832823	9.03969
2272.0	0.636057	0.250862	0.385195	0.831415	9.0222
2273.0	0.277982	0.18747	0.0905117	0.829748	9.24962
2274.0	0.474072	-0.0898823	0.563954	0.83094	8.86428
2275.0	0.284129	-0.0539682	0.338097	0.938059	4.72447
2276.0	0.49482	0.631834	0.137014	0.888201	6.6992
2277.0	0.88676	0.777278	0.109482	0.912448	5.75968
2278.0	0.628847	0.889968	0.261121	0.797741	10.7536
2279.0	0.907636	0.817389	0.0902475	0.887007	6.75782
2280.0	0.923868	0.819696	0.104172	0.879855	7.04635
2281.0	0.0790067	-0.171415	0.250421	0.931962	4.99061
2282.0	0.322815	-0.322118	0.644933	0.842895	8.21755
2283.0	0.0745002	-0.130312	0.204813	0.877561	7.10972
2284.0	0.0905505	0.261981	0.17143	0.800773	10.6422
2285.0	0.410958	0.75571	0.344752	0.851935	8.12429
2286.0	0.708788	0.160923	0.547865	0.722839	14.7641
2287.0	0.0820627	-0.441865	0.523928	0.809543	9.93302
2288.0	0.897507	1.10274	0.205238	0.817559	9.79453
2289.0	0.513479	0.61976	0.106281	0.978527	3.44668
2290.0	0.918852	0.371397	0.547455	0.870874	7.12841
2291.0	0.724362	0.936279	0.211917	0.82418	9.47337
2292.0	0.837322	0.524702	0.31262	0.832987	9.00301
2293.0	0.675799	0.466679	0.20912	0.875951	7.17455
2294.0	0.832447	0.400282	0.432165	0.864634	7.5051
2295.0	0.716226	1.53332	0.817094	0.815408	9.22356
2296.0	0.0258263	0.149635	0.123809	0.85113	8.26723
2297.0	0.245101	0.64902	0.403919	0.81763	9.65972
2298.0	0.812205	0.514133	0.298071	0.940521	4.66098
2299.0	0.917409	0.827996	0.0894126	0.908793	5.90255
2300.0	0.905199	1.23879	0.333588	0.784069	11.4191
2301.0	0.626262	0.325306	0.300957	0.829291	9.18296
2302.0	0.621066	0.313024	0.308042	0.842803	8.55665
2303.0	0.0535184	-0.042643	0.0961613	0.862986	7.75654
2304.0	0.0552273	-0.246572	0.301799	0.844975	8.4628
2305.0	0.27041	0.501246	0.230836	0.758347	12.9107
2306.0	0.206782	0.455984	0.249202	0.825732	9.38121
2307.0	0.191793	0.518223	0.32643	0.898107	6.21998
2308.0	0.185064	0.237098	0.0520336	0.921694	5.42238
2309.0	0.217607	0.813356	0.595749	0.789735	10.846
2310.0	0.840509	0.935378	0.0948688	0.869886	7.46319
2311.0	0.568381	0.508719	0.0596616	0.781601	11.6743
2312.0	0.0938445	0.105286	0.0114411	0.89165	6.57948
2313.0	0.756364	0.472017	0.284347	0.896101	6.32381
2314.0	0.437198	0.870099	0.432902	0.863858	7.53748
2315.0	0.603395	0.638653	0.0352577	0.864924	7.68171
2316.0	0.986552	0.688822	0.29773	0.936967	4.78712
2317.0	0.748629	0.964894	0.216265	0.906754	5.94313
2318.0	0.926335	0.681794	0.244541	0.867423	7.51574
2319.0	0.205659	1.35725	1.15159	0.847456	7.089
2320.0	0.0606245	0.442177	0.381552	0.884407	6.72653
2321.0	0.596182	0.662648	0.0664652	0.885599	6.81846
2322.0	0.754756	0.261365	0.493391	0.800358	10.4255
2323.0	0.790745	0.293427	0.497318	0.967721	3.58928
2324.0	0.457541	0.485704	0.0281625	0.835794	8.97604
2325.0	0.245545	-0.142471	0.388016	0.741741	13.7736
2326.0	0.0504524	0.0330749	0.0173775	0.888542	6.7038
2327.0	0.618201	0.865449	0.247248	0.832012	9.08727
2328.0	0.720884	0.801139	0.0802557	0.846404	8.48716
2329.0	0.00656684	0.460848	0.454281	0.836921	8.70685
2330.0	0.309178	0.517014	0.207836	0.891935	6.52565
2331.0	0.779	0.504561	0.274439	0.853257	8.11118
2332.0	0.886587	0.538688	0.347899	0.922941	5.26415
2333.0	0.905544	0.468544	0.437	0.799739	10.515
2334.0	0.0189337	0.400313	0.381379	0.867872	7.40987
2335.0	0.976514	0.64808	0.328434	0.863281	7.64311
2336.0	0.0904801	0.426328	0.335848	0.822417	9.48431
2337.0	0.838848	0.928209	0.0893603	0.807688	10.3175
2338.0	0.411659	0.167847	0.243812	0.941079	4.66856
2339.0	0.966553	0.99218	0.0256273	0.788824	11.293
2340.0	0.138837	0.144023	0.00518544	0.884041	6.88607
2341.0	0.866537	0.788001	0.0785356	0.917427	5.57789
2342.0	0.723285	0.820996	0.0977108	0.77794	11.8654
2343.0	0.185642	-0.0845702	0.270212	0.848373	8.32965
2344.0	0.183275	0.219158	0.0358831	0.89348	6.50551
2345.0	0.226729	0.312894	0.086165	0.880209	7.03524
2346.0	0.88917	0.728933	0.160237	0.778089	11.8387
2347.0	0.119409	0.640467	0.521058	0.90854	5.65869
2348.0	0.140691	0.346634	0.205942	0.88859	6.66017
2349.0	0.0452696	0.265184	0.219915	0.809398	10.1879
2350.0	0.977845	0.379297	0.598548	0.913151	5.40233
2351.0	0.765115	0.886672	0.121557	0.876851	7.16635
2352.0	0.504106	0.461245	0.0428605	0.754153	13.2151
2353.0	0.853674	0.869918	0.0162437	0.930373	5.10669
2354.0	0.0805242	-0.448082	0.528606	0.797849	10.5129
2355.0	0.289504	-0.0493411	0.338845	0.889989	6.53267
2356.0	0.74907	0.576597	0.172473	0.893979	6.45772
2357.0	0.656203	-0.310578	0.966781	0.830081	8.25708
2358.0	0.648472	0.765184	0.116712	0.848501	8.38586
2359.0	0.546982	0.725815	0.178833	0.878166	7.09472
2360.0	0.193889	0.0976664	0.0962228	0.916477	5.61051
2361.0	0.458621	0.513165	0.0545435	0.821019	9.66993
2362.0	0.211548	0.11841	0.0931375	0.887753	6.72724
2363.0	0.934358	0.615554	0.318803	0.945068	4.48961
2364.0	0.977987	0.30731	0.670678	0.793384	10.5518
2365.0	0.857218	0.42627	0.430949	0.882754	6.75368
2366.0	0.110163	-0.666038	0.776201	0.846345	7.87182
2367.0	0.668628	0.755999	0.0873711	0.928314	5.17459
2368.0	0.531623	0.3784	0.153223	0.738954	14.0978
2369.0	0.261045	0.249479	0.0115657	0.895429	6.42943
2370.0	0.354452	0.568735	0.214282	0.852307	8.18348
2371.0	0.418227	0.236422	0.181805	0.834161	9.01732
2372.0	0.907979	0.876089	0.0318895	0.830277	9.23249
2373.0	0.491609	0.257958	0.233651	0.867016	7.53828
2374.0	0.40738	-0.0830928	0.490473	0.79002	10.9595
2375.0	0.437883	0.063665	0.374218	0.867398	7.43535
2376.0	0.0553174	0.331006	0.275689	0.819791	9.6499
2377.0	0.870988	0.589778	0.281211	0.875889	7.14156
2378.0	0.703238	0.837212	0.133975	0.861549	7.80943
2379.0	0.0709185	0.0516613	0.0192572	0.918913	5.52793
2380.0	0.304464	0.483593	0.179129	0.812944	10.0307
2381.0	0.53469	0.248005	0.286686	0.785289	11.3874
2382.0	0.834396	0.608719	0.225677	0.890689	6.5677
2383.0	0.269818	0.226171	0.043647	0.86379	7.72958
2384.0	0.680341	0.724782	0.0444413	0.865559	7.65386
2385.0	0.967217	1.10888	0.141659	0.825886	9.41909
2386.0	0.163308	0.298042	0.134734	0.874832	7.24674
2387.0	0.00833211	0.106589	0.0982567	0.90111	6.19728
2388.0	0.997073	0.338942	0.658131	0.880022	6.61947
2389.0	0.30985	0.552155	0.242305	0.830651	9.15336
2390.0	0.256515	0.0979299	0.158585	0.802012	10.5839
2391.0	0.6662	0.813487	0.147287	0.804852	10.4444
2392.0	0.166522	0.280314	0.113792	0.847608	8.42647
2393.0	0.959771	1.38223	0.42246	0.829786	9.06608
2394.0	0.992504	0.107466	0.885038	0.816133	9.06557
2395.0	0.703873	0.31295	0.390922	0.745699	13.5333
2396.0	0.163913	0.31524	0.151327	0.945275	4.55503
2397.0	0.519624	0.393102	0.126522	0.860898	7.83947
2398.0	0.837232	0.861934	0.0247018	0.821251	9.66132
2399.0	0.775113	0.680667	0.0944461	0.912186	5.77253
2400.0	0.0599523	0.54327	0.483318	0.87327	7.09507
2401.0	0.576374	0.928425	0.352052	0.784189	11.3983
2402.0	0.173043	0.866521	0.693478	0.797393	10.3131
2403.0	0.822943	0.885003	0.0620599	0.909561	5.87722
2404.0	0.769759	0.642322	0.127437	0.812097	10.0898
2405.0	0.144513	0.228622	0.0841088	0.912026	5.7804
2406.0	0.655078	0.686976	0.0318987	0.848133	8.41546
2407.0	0.993093	0.836303	0.15679	0.86103	7.825
2408.0	0.479483	0.159025	0.320459	0.865727	7.5441
2409.0	0.445736	0.524827	0.0790912	0.918396	5.5416
2410.0	0.150914	-0.0959678	0.246882	0.898928	6.23239
2411.0	0.999917	0.590526	0.409391	0.792194	10.9284
2412.0	0.331007	-0.110499	0.441506	0.832079	8.94191
2413.0	0.231725	0.257822	0.0260966	0.923214	5.36812
2414.0	0.24497	-0.269529	0.514499	0.87415	7.02743
2415.0	0.954199	0.55785	0.396349	0.864729	7.53121
2416.0	0.301351	0.208135	0.0932169	0.801889	10.6085
2417.0	0.181033	0.417206	0.236173	0.836192	8.89939
2418.0	0.648895	0.921319	0.272424	0.792083	11.0392
2419.0	0.839317	0.662413	0.176903	0.839984	8.75148
2420.0	0.454846	0.424105	0.0307406	0.926924	5.23164
2421.0	0.321505	-0.172274	0.493779	0.895731	6.17917
2422.0	0.577912	0.777571	0.199659	0.823043	9.53303
2423.0	0.742162	0.473556	0.268606	0.802835	10.4901
2424.0	0.848713	0.494238	0.354475	0.840168	8.64374
2425.0	0.32256	0.0815872	0.240973	0.849549	8.29292
2426.0	0.906617	0.859562	0.0470553	0.834551	9.03204
2427.0	0.656171	1.03492	0.378747	0.7697	12.1632
2428.0	0.678605	0.977767	0.299162	0.727188	14.7491
2429.0	0.535414	0.413729	0.121686	0.736516	14.2582
2430.0	0.269669	0.504846	0.235177	0.854024	8.09817
2431.0	0.943886	0.936944	0.00694186	0.904772	6.06466
2432.0	0.813529	0.843451	0.0299217	0.785975	11.4434
2433.0	0.415858	0.498516	0.0826582	0.884679	6.85337
2434.0	0.334019	0.460264	0.126246	0.906734	5.97372
2435.0	0.335294	0.143306	0.191988	0.832483	9.09118
2436.0	0.017662	-0.00385643	0.0215184	0.890541	6.62344
2437.0	0.46311	0.223757	0.239354	0.819627	9.67809
2438.0	0.816144	0.47896	0.337185	0.808665	10.1525
2439.0	0.803599	0.689842	0.113757	0.854559	8.11855
2440.0	0.903297	0.980483	0.0771857	0.740537	14.0225
2441.0	0.567506	0.0278296	0.539676	0.825315	9.1555
2442.0	0.901352	0.668089	0.233263	0.865872	7.58709
2443.0	0.884582	0.892287	0.00770535	0.820297	9.70784
2444.0	0.487779	1.33377	0.845989	0.829025	8.5339
2445.0	0.623176	0.754951	0.131776	0.889388	6.65291
2446.0	0.522867	0.991995	0.469128	0.822122	9.38289
2447.0	0.637976	1.32008	0.682106	0.845456	8.05242
2448.0	0.407296	0.334037	0.073259	0.94243	4.67109
2449.0	0.953542	1.15153	0.197989	0.796737	10.8376
2450.0	0.0940568	0.613997	0.51994	0.86375	7.45788
2451.0	0.772621	0.335392	0.43723	0.874408	7.09044
2452.0	0.39	0.306071	0.0839291	0.872569	7.35246
2453.0	0.166566	0.451775	0.285208	0.882503	6.86765
2454.0	0.15644	0.343907	0.187467	0.76942	12.3048
2455.0	0.44677	1.07243	0.62566	0.899394	5.89346
2456.0	0.00187852	0.446597	0.444718	0.929561	4.95073
2457.0	0.794089	0.946795	0.152707	0.919705	5.47657
2458.0	0.832386	0.656719	0.175667	0.853261	8.15702
2459.0	0.789085	0.599468	0.189617	0.830448	9.18715
2460.0	0.56299	0.911768	0.348778	0.82122	9.53198
2461.0	0.918631	1.25287	0.334235	0.850276	8.20495
2462.0	0.90612	0.501717	0.404403	0.85596	7.90195
2463.0	0.0920034	0.303136	0.211132	0.924016	5.29699
2464.0	0.997387	0.679453	0.317935	0.822057	9.51412
2465.0	0.813768	0.542367	0.271401	0.892908	6.45701
2466.0	0.544061	0.618518	0.0744575	0.912396	5.76783
2467.0	0.505665	0.121074	0.384591	0.760112	12.6977
2468.0	0.572549	0.379894	0.192655	0.872549	7.32289
2469.0	0.630968	0.728965	0.0979976	0.803953	10.5031
2470.0	0.839286	0.646884	0.192402	0.822362	9.56867
2471.0	0.0780218	0.0559188	0.022103	0.895659	6.42001
2472.0	0.588073	0.785939	0.197866	0.844092	8.55691
2473.0	0.155559	0.200176	0.0446175	0.826139	9.42653
2474.0	0.311583	0.858164	0.546581	0.905182	5.76035
2475.0	0.913633	0.531663	0.38197	0.891275	6.45085
2476.0	0.926059	0.557943	0.368116	0.862271	7.65814
2477.0	0.072106	-0.0542949	0.126401	0.869144	7.48743
2478.0	0.385989	0.513015	0.127026	0.834036	9.0411
2479.0	0.15444	0.0482326	0.106208	0.807788	10.3088
2480.0	0.422169	0.548822	0.126653	0.916194	5.61464
2481.0	0.0393858	0.0539687	0.014583	0.840325	8.76873
2482.0	0.64044	0.70234	0.0618994	0.849918	8.333
2483.0	0.162303	0.152407	0.00989575	0.864309	7.7092
2484.0	0.137717	-0.149804	0.287521	0.892713	6.4559
2485.0	0.649204	0.589712	0.0594924	0.825577	9.45154
2486.0	0.265324	0.166478	0.0988459	0.820558	9.68474
2487.0	0.272485	0.14882	0.123664	0.819109	9.74863
2488.0	0.0235064	0.220955	0.197448	0.816099	9.86886
2489.0	0.900755	0.797822	0.102933	0.754836	13.1649
2490.0	0.3285	0.621934	0.293434	0.85343	8.09242
2491.0	0.577601	1.04908	0.471477	0.799641	10.4853
2492.0	0.782197	0.669512	0.112686	0.895035	6.43268
2493.0	0.58051	0.608291	0.0277809	0.873254	7.33014
2494.0	0.00549837	0.20822	0.202721	0.796179	10.8642
2495.0	0.293365	0.837358	0.543993	0.7361	13.9402
2496.0	0.255489	0.567387	0.311898	0.824072	9.42217
2497.0	0.680038	0.70543	0.025392	0.864934	7.68192
2498.0	0.907404	0.656719	0.250685	0.830079	9.17571
2499.0	0.406645	0.457125	0.0504799	0.868484	7.529
2500.0	0.360948	1.0017	0.640752	0.842157	8.25617
2501.0	0.359566	0.728568	0.369001	0.870976	7.28876
2502.0	0.608854	0.151639	0.457215	0.7649	12.3548
2503.0	0.357502	0.599233	0.24173	0.87578	7.16684
2504.0	0.486052	0.237374	0.248679	0.806611	10.3118
2505.0	0.314806	0.600861	0.286056	0.870567	7.36079
2506.0	0.369349	0.546122	0.176772	0.817795	9.79491
2507.0	0.417061	0.223024	0.194036	0.746188	13.643
2508.0	0.685637	0.751311	0.065674	0.864552	7.6945
2509.0	0.67623	0.562343	0.113887	0.842174	8.67118
2510.0	0.100803	0.360838	0.260036	0.832124	9.07514
2511.0	0.138056	-0.404231	0.542287	0.82987	8.93934
2512.0	0.0808364	0.316973	0.236137	0.899884	6.20011
2513.0	0.668457	0.824454	0.155997	0.790128	11.1976
2514.0	0.518873	0.66983	0.150956	0.836605	8.91533
2515.0	0.907285	0.933477	0.0261919	0.865561	7.6551
2516.0	0.789394	1.00804	0.21865	0.880247	6.99329
2517.0	0.142308	0.170296	0.0279886	0.80836	10.2919
2518.0	0.131658	0.12847	0.00318779	0.855143	8.1063
2519.0	0.435172	1.11864	0.68347	0.832141	8.65156
2520.0	0.429278	-0.13723	0.566507	0.873657	6.9916
2521.0	0.41554	0.525701	0.110162	0.885034	6.83367
2522.0	0.89503	1.25119	0.356155	0.833822	8.93343
2523.0	0.0307468	-0.316202	0.346949	0.827007	9.25844
2524.0	0.343369	0.355976	0.012607	0.924561	5.31902
2525.0	0.648671	0.6959	0.047229	0.844455	8.57926
2526.0	0.615059	0.724698	0.109639	0.83818	8.85434
2527.0	0.53778	0.488953	0.048827	0.758664	12.9528
2528.0	0.541984	1.27025	0.72827	0.874712	6.73962
2529.0	0.648371	0.349788	0.298583	0.845086	8.45981
2530.0	0.492286	0.716702	0.224416	0.913361	5.68831
2531.0	0.527438	0.5559	0.0284616	0.971312	3.69163
2532.0	0.675237	0.70277	0.027533	0.894197	6.47759
2533.0	0.393673	0.836463	0.44279	0.950801	4.20458
2534.0	0.777847	0.908057	0.13021	0.781343	11.6728
2535.0	0.649056	0.935986	0.286929	0.89413	6.40012
2536.0	0.502038	0.355697	0.146341	0.855346	8.07527
2537.0	0.180383	0.000967512	0.179416	0.771831	12.1743
2538.0	0.144161	0.835251	0.69109	0.838134	8.36745
2539.0	0.472548	0.74392	0.271371	0.874199	7.2172
2540.0	0.553447	1.14278	0.589335	0.745723	13.2983
2541.0	0.751509	0.619333	0.132175	0.909716	5.85818
2542.0	0.89773	0.744702	0.153027	0.877648	7.1247
2543.0	0.880561	1.02276	0.142198	0.822266	9.59144
2544.0	0.623742	0.968695	0.344953	0.839869	8.66434
2545.0	0.637332	0.844857	0.207524	0.822849	9.53884
2546.0	0.0555393	0.103647	0.0481076	0.95328	4.2966
2547.0	0.328378	0.75653	0.428152	0.723613	14.86
2548.0	0.234303	0.461665	0.227362	0.874479	7.22764
2549.0	0.10945	0.0647664	0.0446833	0.866333	7.62086
2550.0	0.876605	0.862903	0.0137016	0.860658	7.86607
2551.0	0.94021	1.48465	0.544436	0.869312	7.19697
2552.0	0.485763	0.639957	0.154195	0.885225	6.81438
2553.0	0.189626	0.446606	0.25698	0.867539	7.50449
2554.0	0.920499	0.602362	0.318137	0.817858	9.71583
2555.0	0.0353023	0.397492	0.36219	0.884014	6.75674
2556.0	0.766645	0.380553	0.386093	0.836724	8.7763
2557.0	0.926091	0.644141	0.28195	0.870439	7.36851
2558.0	0.422219	-0.00863293	0.430852	0.836222	8.76075
2559.0	0.756674	0.101207	0.655467	0.83242	8.67819
2560.0	0.140462	-0.0060492	0.146511	0.809253	10.2247
2561.0	0.135275	0.849592	0.714317	0.855722	7.55766
2562.0	0.734972	0.0925745	0.642397	0.813909	9.56977
2563.0	0.144764	0.789326	0.644561	0.797052	10.4027
2564.0	0.572315	0.0429577	0.529357	0.893058	6.2487
2565.0	0.80276	1.08386	0.281097	0.791053	11.0874
2566.0	0.81591	1.26928	0.453369	0.904526	5.87525
2567.0	0.665045	0.331302	0.333742	0.802442	10.4665
2568.0	0.630232	0.628974	0.00125801	0.82962	9.2644
2569.0	0.306179	0.781501	0.475322	0.855223	7.86992
2570.0	0.355854	0.392035	0.0361809	0.859136	7.93081
2571.0	0.0856296	0.194067	0.108437	0.842299	8.66677
2572.0	0.838993	1.55092	0.711922	0.848903	7.85761
2573.0	0.326213	0.382973	0.05676	0.86512	7.67132
2574.0	0.303131	0.475562	0.172431	0.929518	5.10998
2575.0	0.0880432	0.567938	0.479895	0.855369	7.85909
2576.0	0.0714688	0.53148	0.460011	0.762934	12.4626
2577.0	0.0246441	0.649048	0.624404	0.898188	5.94165
2578.0	0.964754	1.24853	0.28378	0.937037	4.79217
2579.0	0.786102	1.09202	0.305918	0.852506	8.12529
2580.0	0.858464	1.02999	0.171526	0.971933	3.64558
2581.0	0.411514	0.142132	0.269381	0.806904	10.2854
2582.0	0.44408	0.209276	0.234804	0.859021	7.88047
2583.0	0.811736	0.860475	0.0487386	0.764008	12.6474
2584.0	0.613634	0.672968	0.0593344	0.864003	7.71879
2585.0	0.636317	1.06892	0.432598	0.861815	7.62499
2586.0	0.187703	-0.153386	0.341089	0.860489	7.75429
2587.0	0.205047	0.0794541	0.125593	0.819566	9.72606
2588.0	0.199646	0.0800707	0.119575	0.825814	9.4287
2589.0	0.969943	0.583502	0.386442	0.791072	11.0072
2590.0	0.324587	0.898914	0.574327	0.874966	6.92867
2591.0	0.176354	0.29643	0.120077	0.896812	6.3609
2592.0	0.757592	0.501322	0.25627	0.910338	5.78806
2593.0	0.918885	0.856999	0.0618869	0.796129	10.9086
2594.0	0.0304458	0.688319	0.657873	0.896044	5.98341
2595.0	0.990569	0.878504	0.112065	0.846831	8.46165
2596.0	0.965631	1.12404	0.158411	0.799838	10.6945
2597.0	0.700864	0.548039	0.152826	0.871356	7.38679
2598.0	0.732556	0.770964	0.0384079	0.844746	8.56696
2599.0	0.773954	0.926436	0.152482	0.882126	6.94095
2600.0	0.211294	0.0145545	0.196739	0.872213	7.33533
2601.0	0.279755	0.211706	0.0680494	0.911399	5.80653
2602.0	0.402512	0.0960617	0.30645	0.876126	7.11689
2603.0	0.0924669	0.27505	0.182583	0.912616	5.73279
2604.0	0.0787202	0.321545	0.242825	0.894491	6.40876
2605.0	0.431314	0.0944407	0.336873	0.841829	8.5812
2606.0	0.172857	0.462669	0.289813	0.891855	6.48869
2607.0	0.752565	0.985848	0.233282	0.787728	11.2898
2608.0	0.939988	0.763028	0.17696	0.874461	7.24896
2609.0	0.985801	1.24809	0.262286	0.917635	5.51033
2610.0	0.421036	0.370737	0.0502997	0.886258	6.79366
2611.0	0.953643	0.880686	0.0729578	0.78547	11.4653
2612.0	0.731544	1.04381	0.31227	0.789824	11.1309
2613.0	0.545298	0.231211	0.314087	0.814164	9.89824
2614.0	0.691526	1.10583	0.414304	0.871816	7.21785
2615.0	0.265441	0.303761	0.0383205	0.885851	6.81121
2616.0	0.248678	0.271289	0.0226108	0.910205	5.85591
2617.0	0.103093	0.251789	0.148696	0.934356	4.94253
2618.0	0.0796443	-0.595536	0.67518	0.83695	8.44375
2619.0	0.815684	0.927134	0.111451	0.837702	8.87586
2620.0	0.0516363	0.52218	0.470543	0.898122	6.10754
2621.0	0.972963	0.902451	0.0705113	0.826219	9.41955
2622.0	0.0867716	-0.392279	0.479051	0.867905	7.32345
2623.0	0.103323	-0.61067	0.713993	0.876698	6.67883
2624.0	0.122858	0.938405	0.815546	0.876756	6.52307
2625.0	0.57999	0.950675	0.370684	0.813185	9.90384
2626.0	0.922134	0.707634	0.214499	0.747246	13.5697
2627.0	0.868034	0.300433	0.567601	0.864865	7.3581
2628.0	0.87659	0.317269	0.55932	0.837062	8.58849
2629.0	0.929318	0.405177	0.524142	0.884588	6.59148
2630.0	0.17496	0.24237	0.0674096	0.842758	8.65358
2631.0	0.986016	0.755821	0.230195	0.824869	9.43194
2632.0	0.933783	1.23387	0.300091	0.941967	4.60894
2633.0	0.5395	0.749006	0.209506	0.861592	7.78097
2634.0	0.0642037	0.206552	0.142348	0.83809	8.84975
2635.0	0.00182783	0.593972	0.592145	0.783079	11.2002
2636.0	0.935035	0.735417	0.199617	0.846649	8.44127
2637.0	0.966657	0.689093	0.277564	0.812	10.0279
2638.0	0.611693	0.892892	0.281199	0.846961	8.38633
2639.0	0.800008	0.539714	0.260294	0.787688	11.2768
2640.0	0.70863	0.49908	0.20955	0.836652	8.89079
2641.0	0.564368	0.61667	0.0523017	0.760141	12.8675
2642.0	0.525366	0.67389	0.148525	0.93707	4.84549
2643.0	0.710475	0.805153	0.0946784	0.922572	5.38397
2644.0	0.660324	0.778701	0.118377	0.897982	6.31533
2645.0	0.290791	-0.271139	0.56193	0.82716	9.04272
2646.0	0.0573005	0.313343	0.256043	0.823794	9.46955
2647.0	0.260053	0.90242	0.642367	0.759127	12.443
2648.0	0.308754	0.470297	0.161543	0.820337	9.6777
2649.0	0.354771	0.426881	0.07211	0.89701	6.36215
2650.0	0.654284	0.779616	0.125332	0.794855	10.9611
2651.0	0.71666	0.850198	0.133537	0.704058	16.3637
2652.0	0.41385	0.708475	0.294625	0.782843	11.5125
2653.0	0.868242	0.961377	0.0931346	0.884872	6.84368
2654.0	0.781116	0.78675	0.00563442	0.853497	8.17861
2655.0	0.407492	0.621628	0.214136	0.850807	8.24983
2656.0	0.203045	-0.0828183	0.285863	0.762272	12.6526
2657.0	0.546697	0.695273	0.148576	0.912863	5.73429
2658.0	0.256569	0.113254	0.143314	0.875397	7.22085
2659.0	0.576687	0.260843	0.315844	0.852522	8.11823
2660.0	0.804248	0.87295	0.0687024	0.714339	15.6881
2661.0	0.0485248	-0.187604	0.236129	0.77191	12.1426
2662.0	0.797384	0.54948	0.247905	0.896571	6.32429
2663.0	0.557723	0.622928	0.0652045	0.889321	6.66859
2664.0	0.7945	0.696333	0.0981665	0.813937	10.0065
2665.0	0.331776	1.11996	0.78818	0.820398	9.03585
2666.0	0.703528	0.419417	0.284111	0.846042	8.42574
2667.0	0.377408	0.310843	0.0665656	0.902241	6.15839
2668.0	0.431277	0.479091	0.0478137	0.843009	8.64455
2669.0	0.571752	0.455018	0.116735	0.698932	16.7232
2670.0	0.284025	0.303189	0.0191644	0.799002	10.7649
2671.0	0.551486	0.565626	0.0141401	0.760841	12.8303
2672.0	0.485415	1.0223	0.536888	0.931394	4.80031
2673.0	0.621793	0.999573	0.37778	0.820478	9.54475
2674.0	0.952963	0.492439	0.460524	0.922968	5.17718
2675.0	0.911992	0.819558	0.0924338	0.90612	6.00446
2676.0	0.951821	0.825433	0.126388	0.956432	4.17632
2677.0	0.311489	0.38646	0.0749709	0.872454	7.35869
2678.0	0.265791	0.57857	0.312779	0.864923	7.58327
2679.0	0.971032	0.417722	0.55331	0.842859	8.33333
2680.0	0.973301	0.725941	0.24736	0.819555	9.67731
2681.0	0.965179	0.561944	0.403235	0.799962	10.5352
2682.0	0.221226	-0.368433	0.589659	0.783913	11.1593
2683.0	0.114324	0.0788962	0.0354281	0.925732	5.27497
2684.0	0.0171205	0.10267	0.0855492	0.878023	7.12537
2685.0	0.542824	0.461254	0.0815706	0.841662	8.70108
2686.0	0.0455582	0.269131	0.223573	0.840952	8.68772
2687.0	0.552061	0.440373	0.111688	0.754243	13.1972
2688.0	0.320072	0.786401	0.466329	0.736112	14.0351
2689.0	0.361283	0.44508	0.0837968	0.874826	7.25824
2690.0	0.810856	1.49513	0.684277	0.892953	6.06974
2691.0	0.23273	-0.0254575	0.258187	0.923801	5.28398
2692.0	0.743958	0.785106	0.0411481	0.701699	16.5468
2693.0	0.919843	0.707884	0.211959	0.800788	10.6241
2694.0	0.38264	0.228617	0.154023	0.896934	6.34696
2695.0	0.711868	0.931224	0.219356	0.840916	8.6913
2696.0	0.725281	0.754516	0.029235	0.845926	8.51451
2697.0	0.643775	0.852078	0.208303	0.723454	15.0449
2698.0	0.231834	0.242492	0.0106581	0.929926	5.12307
2699.0	0.713445	0.233196	0.480249	0.788032	11.0746
2700.0	0.421406	0.310731	0.110675	0.836787	8.91813
2701.0	0.246663	1.13243	0.885763	0.815591	9.09001
2702.0	0.0401408	0.00330259	0.0368382	0.868278	7.53893
2703.0	0.523698	0.679967	0.156269	0.89005	6.61943
2704.0	0.949018	1.1063	0.157283	0.866302	7.59899
2705.0	0.649498	0.637703	0.0117952	0.765614	12.5591
2706.0	0.91093	0.874048	0.0368825	0.888456	6.70619
2707.0	0.762558	0.98953	0.226972	0.795352	10.8952
2708.0	0.711302	1.21694	0.505634	0.733339	14.1592
2709.0	0.626691	0.707209	0.0805182	0.847486	8.43867
2710.0	0.77968	0.545651	0.234029	0.833805	9.01071
2711.0	0.993131	0.391581	0.60155	0.908613	5.56949
2712.0	0.396607	0.337908	0.0586992	0.789046	11.2781
2713.0	0.48439	0.643964	0.159574	0.903183	6.1014
2714.0	0.922419	0.836248	0.0861709	0.766366	12.5082
2715.0	0.453395	0.885703	0.432308	0.905553	5.85386
2716.0	0.554621	0.657876	0.103255	0.828009	9.32879
2717.0	0.517641	0.633433	0.115792	0.841932	8.68171
2718.0	0.0725861	0.18926	0.116674	0.821078	9.65556
2719.0	0.790062	0.328532	0.461529	0.834829	8.79581
2720.0	0.842784	1.11941	0.276627	0.806114	10.3205
2721.0	0.0541733	0.179135	0.124962	0.859879	7.88393
2722.0	0.0683396	0.395927	0.327587	0.899487	6.16535
2723.0	0.170009	0.0422119	0.127797	0.94178	4.68382
2724.0	0.161517	0.38512	0.223604	0.877514	7.10356
2725.0	0.805717	0.864212	0.0584958	0.791236	11.1632
2726.0	0.240016	0.236836	0.0031798	0.885379	6.83175
2727.0	0.476717	0.497094	0.0203769	0.873762	7.30924
2728.0	0.309806	0.211626	0.0981805	0.837763	8.876
2729.0	0.619015	0.522396	0.0966193	0.826824	9.38617
2730.0	0.646843	0.336849	0.309994	0.800327	10.5906
2731.0	0.0987147	-0.0509468	0.149661	0.851278	8.25335
2732.0	0.644981	0.602307	0.0426743	0.805374	10.4402
2733.0	0.0923854	-0.149656	0.242042	0.871242	7.35597
2734.0	0.150979	0.36732	0.216341	0.747178	13.5728
2735.0	0.0516931	0.173724	0.122031	0.912478	5.75575
2736.0	0.861585	0.648986	0.212599	0.829435	9.22475
2737.0	0.537448	0.761935	0.224487	0.871464	7.35491
2738.0	0.594319	0.870905	0.276586	0.890011	6.56956
2739.0	0.688397	1.16428	0.475879	0.913787	5.50395
2740.0	0.615802	0.70468	0.0888774	0.896004	6.39911
2741.0	0.894307	0.443007	0.451299	0.857754	7.7829
2742.0	0.454929	-0.577644	1.03257	0.774079	10.8723
2743.0	0.176054	0.176321	0.000266394	0.791693	11.1432
2744.0	0.864821	0.473572	0.391249	0.866746	7.44973
2745.0	0.316878	0.741249	0.424371	0.787351	11.1674
2746.0	0.881379	1.7309	0.849526	0.804278	9.70571
2747.0	0.482599	-0.0266327	0.509231	0.884331	6.61704
2748.0	0.694617	0.711952	0.0173354	0.85154	8.26474
2749.0	0.165584	0.431409	0.265825	0.82221	9.53963
2750.0	0.634017	0.714928	0.0809117	0.723012	15.1194
2751.0	0.742894	1.20256	0.459671	0.915326	5.46077
2752.0	0.660321	0.683212	0.0228905	0.889394	6.66933
2753.0	0.165464	0.467421	0.301956	0.869555	7.39387
2754.0	0.763215	0.81511	0.0518952	0.791928	11.1279
2755.0	0.887317	1.17198	0.284663	0.861324	7.7545
2756.0	0.521826	0.585905	0.0640788	0.770188	12.2982
2757.0	0.427202	0.474049	0.0468468	0.858916	7.93947
2758.0	0.705346	0.775582	0.0702368	0.817682	9.82902
2759.0	0.924447	1.11289	0.188445	0.842749	8.62143
2760.0	0.704168	0.581178	0.12299	0.866159	7.61486
2761.0	0.17847	0.372205	0.193735	0.98071	3.35291
2762.0	0.995201	0.609193	0.386008	0.863317	7.59963
2763.0	0.855151	0.300498	0.554652	0.807481	9.99855
2764.0	0.277408	0.55166	0.274252	0.77235	12.0957
2765.0	0.0632362	0.302449	0.239213	0.874349	7.22748
2766.0	0.466091	0.531518	0.0654277	0.876319	7.19893
2767.0	0.498053	0.7708	0.272747	0.907377	5.89258
2768.0	0.501249	0.5374	0.0361515	0.754565	13.1917
2769.0	0.428931	0.284174	0.144757	0.800502	10.6653
2770.0	0.389813	0.496369	0.106556	0.874894	7.25103
2771.0	0.450282	0.88467	0.434388	0.78464	11.3009
2772.0	0.801006	1.41477	0.613768	0.887094	6.39067
2773.0	0.532863	0.266099	0.266764	0.731389	14.5073
2774.0	0.767194	0.667017	0.100176	0.802697	10.5661
2775.0	0.00608071	-0.0611056	0.0671864	0.780398	11.738
2776.0	0.66735	0.952051	0.284701	0.860709	7.78093
2777.0	0.590421	1.07484	0.48442	0.829066	9.03992
2778.0	0.648646	0.4701	0.178546	0.798545	10.753
2779.0	0.414618	0.502953	0.0883345	0.907622	5.94754
2780.0	0.851083	0.984183	0.1331	0.881046	6.99064
2781.0	0.98988	0.574429	0.415451	0.935844	4.74899
2782.0	0.901464	1.04502	0.143559	0.855554	8.06701
2783.0	0.226468	0.149786	0.0766823	0.819038	9.76231
2784.0	0.253859	0.550109	0.29625	0.91681	5.52304
2785.0	0.927493	0.570391	0.357102	0.932443	4.91265
2786.0	0.602389	1.14784	0.545455	0.896488	6.0973
2787.0	0.594908	0.61541	0.0205019	0.882893	6.93241
2788.0	0.0508845	0.135207	0.084323	0.828369	9.31564
2789.0	0.387744	0.489983	0.10224	0.884205	6.86901
2790.0	0.970513	0.809632	0.160881	0.87189	7.36187
2791.0	0.571874	0.3889	0.182974	0.7072	16.1295
2792.0	0.566353	0.950143	0.38379	0.87357	7.16928
2793.0	0.442407	0.417436	0.0249715	0.847276	8.45418
2794.0	0.481876	0.685929	0.204052	0.873552	7.27644
2795.0	0.832704	0.657486	0.175219	0.849092	8.34174
2796.0	0.454399	0.148913	0.305485	0.989071	3.03735
2797.0	0.726686	0.463927	0.262759	0.870827	7.36281
2798.0	0.186772	0.84762	0.660849	0.824151	9.05524
2799.0	0.710316	1.28168	0.571361	0.805444	10.079
2800.0	0.829819	0.883698	0.0538785	0.827931	9.34079
2801.0	0.841959	0.44559	0.396368	0.899092	6.13229
2802.0	0.825789	0.518446	0.307343	0.900974	6.11999
2803.0	0.0420521	-0.488144	0.530196	0.780716	11.4048
2804.0	0.0956382	0.222337	0.126699	0.872067	7.36436
2805.0	0.406241	0.820706	0.414465	0.810906	9.97812
2806.0	0.414312	0.406598	0.0077139	0.798392	10.7964
2807.0	0.865766	0.976209	0.110443	0.887239	6.74444
2808.0	0.834156	1.06206	0.227906	0.857667	7.94251
2809.0	0.947489	1.22836	0.280872	0.859744	7.82481
2810.0	0.0709752	0.906913	0.835938	0.804677	9.71092
2811.0	0.517378	0.569565	0.0521873	0.835939	8.96732
2812.0	0.423411	0.858521	0.43511	0.927752	5.02412
2813.0	0.576807	0.770042	0.193235	0.723713	15.0358
2814.0	0.453314	0.289789	0.163525	0.774646	12.0255
2815.0	0.129989	0.276451	0.146461	0.835635	8.96147
2816.0	0.735378	0.235922	0.499456	0.88818	6.47235
2817.0	0.0364523	0.0633127	0.0268604	0.888783	6.69368
2818.0	0.106071	-0.393772	0.499842	0.790678	10.9148
2819.0	0.0757228	0.334885	0.259162	0.91976	5.43277
2820.0	0.695552	0.508791	0.186761	0.860507	7.83698
2821.0	0.770438	0.809317	0.0388793	0.757158	13.0408
2822.0	0.0326421	0.322455	0.289813	0.880282	6.95573
2823.0	0.572205	0.575374	0.00316902	0.886279	6.79531
2824.0	0.548069	0.845471	0.297403	0.801636	10.5326
2825.0	0.711346	0.62097	0.0903756	0.83896	8.82268
2826.0	0.472945	1.07969	0.606747	0.787898	10.9269
2827.0	0.359364	0.250725	0.108639	0.909127	5.88612
2828.0	0.300371	0.423219	0.122848	0.80366	10.5118
2829.0	0.00285588	0.00528593	0.00243005	0.781274	11.696
2830.0	0.0833041	-0.278334	0.361638	0.844349	8.44939
2831.0	0.197493	-0.425878	0.623371	0.749797	13.0092
2832.0	0.851359	1.0139	0.162545	0.866391	7.5935
2833.0	0.539633	0.526265	0.0133676	0.836481	8.94503
2834.0	0.224833	-0.319243	0.544076	0.719224	15.0014
2835.0	0.96633	1.17962	0.213294	0.861758	7.77218
2836.0	0.0696633	-0.157508	0.227171	0.821642	9.58741
2837.0	0.788268	1.09577	0.307501	0.818225	9.70531
2838.0	0.673083	1.04747	0.374383	0.726346	14.7396
2839.0	0.650143	1.26923	0.619086	0.762615	12.2801
2840.0	0.487495	0.340047	0.147448	0.846469	8.46827
2841.0	0.473762	0.583603	0.109841	0.791983	11.1144
2842.0	0.515686	0.218062	0.297624	0.732453	14.4193
2843.0	0.755789	0.0976788	0.658111	0.759843	12.3784
2844.0	0.148296	0.796953	0.648658	0.871206	6.99331
2845.0	0.803239	0.589296	0.213943	0.76322	12.641
2846.0	0.554068	0.687469	0.133401	0.866125	7.61361
2847.0	0.410239	0.248189	0.16205	0.762482	12.7059
2848.0	0.448899	0.756093	0.307194	0.914139	5.61686
2849.0	0.746408	0.972757	0.226349	0.761241	12.7472
2850.0	0.168547	-0.0733919	0.241939	0.869794	7.41686
2851.0	0.815968	1.12883	0.312861	0.818957	9.66638
2852.0	0.326925	0.344765	0.0178396	0.830448	9.22524
2853.0	0.56104	0.956827	0.395786	0.945173	4.4353
2854.0	0.273352	-0.0305939	0.303946	0.758262	12.8693
2855.0	0.0779373	0.226534	0.148597	0.880086	7.02564
2856.0	0.916075	1.2625	0.346428	0.917529	5.46549
2857.0	0.923365	1.24048	0.317114	0.963507	3.86085
2858.0	0.707222	0.76098	0.0537582	0.910904	5.82701
2859.0	0.936375	0.837561	0.0988139	0.880496	7.02115
2860.0	0.942718	0.873639	0.0690788	0.785138	11.4836
2861.0	0.802409	0.821422	0.0190132	0.74004	14.0596
2862.0	0.253249	0.251286	0.00196234	0.873109	7.33696
2863.0	0.698555	0.71457	0.0160149	0.848381	8.40518
2864.0	0.901061	1.24878	0.347719	0.842209	8.55622
2865.0	0.0469681	0.531876	0.484908	0.857041	7.78153
2866.0	0.687104	1.03497	0.347865	0.872515	7.23968
2867.0	0.0614133	0.190418	0.129004	0.919514	5.49002
2868.0	0.154496	0.65835	0.503854	0.879621	6.81345
2869.0	0.200224	-0.041071	0.241295	0.821527	9.58576
2870.0	0.690327	1.13327	0.442943	0.944067	4.43747
2871.0	0.674769	1.0176	0.342831	0.866009	7.51705
2872.0	0.111525	0.23559	0.124065	0.811854	10.1027
2873.0	0.10458	0.136019	0.0314387	0.860641	7.86601
2874.0	0.620755	1.03463	0.413872	0.807256	10.1592
2875.0	0.393171	0.407727	0.0145554	0.821373	9.65589
2876.0	0.603156	0.588643	0.0145129	0.913328	5.73771
2877.0	0.393642	0.253431	0.140211	0.834205	9.02954
2878.0	0.937835	1.01616	0.0783263	0.862317	7.78845
2879.0	0.195994	-0.608314	0.804309	0.82526	8.78053
2880.0	0.213537	0.171269	0.042268	0.9191	5.5196
2881.0	0.102458	0.47678	0.374322	0.852989	8.05596
2882.0	0.615198	1.09502	0.479822	0.827092	9.13704
2883.0	0.294933	1.09713	0.802194	0.745802	12.9408
2884.0	0.967632	1.00197	0.0343399	0.944807	4.59146
2885.0	0.985647	1.20179	0.216141	0.875103	7.20673
2886.0	0.226522	0.441088	0.214566	0.863874	7.68084
2887.0	0.904315	0.750517	0.153798	0.926854	5.21275
2888.0	0.995108	0.77916	0.215948	0.907461	5.91617
2889.0	0.997079	0.919551	0.0775281	0.799194	10.7487
2890.0	0.0637883	0.0862295	0.0224412	0.905062	6.05303
2891.0	0.482849	0.990762	0.507913	0.814939	9.68727
2892.0	0.656329	0.631854	0.024475	0.791406	11.1575
2893.0	0.145722	0.484553	0.338831	0.853683	8.05166
2894.0	0.44432	0.84452	0.4002	0.939125	4.64421
2895.0	0.897636	0.936287	0.0386508	0.722763	15.1418
2896.0	0.425398	0.728938	0.303539	0.930812	5.00454
2897.0	0.419689	0.631402	0.211713	0.816378	9.84893
2898.0	0.295901	0.400422	0.104521	0.799685	10.7182
2899.0	0.311534	0.625213	0.313678	0.879768	6.96237
2900.0	0.941357	0.954805	0.013448	0.84434	8.58659
2901.0	0.149987	0.54286	0.392873	0.846668	8.32096
2902.0	0.149994	0.690265	0.54027	0.858757	7.64947
2903.0	0.953956	1.04992	0.0959624	0.782555	11.6166
2904.0	0.938863	1.06814	0.129276	0.831969	9.1366
2905.0	0.0150634	0.254321	0.239257	0.862157	7.74301
2906.0	0.137074	0.584771	0.447696	0.878265	6.92217
2907.0	0.190873	0.489302	0.298429	0.881446	6.90304
2908.0	0.0727098	0.284088	0.211378	0.906013	5.97359
2909.0	0.92707	0.702812	0.224258	0.810058	10.1531
2910.0	0.0358584	0.537544	0.501685	0.883817	6.64534
2911.0	0.312519	0.556867	0.244348	0.910293	5.79553
2912.0	0.664396	0.497056	0.167339	0.787687	11.322
2913.0	0.32813	0.118819	0.20931	0.886793	6.73111
2914.0	0.878905	0.928609	0.0497044	0.879467	7.07074
2915.0	0.0546632	0.648355	0.593692	0.742858	13.4628
2916.0	0.143889	0.420025	0.276136	0.872067	7.30355
2917.0	0.490293	0.409008	0.081285	0.744401	13.7877
2918.0	0.512428	0.167949	0.344479	0.746811	13.5081
2919.0	0.423592	0.0599822	0.36361	0.981971	3.22872
2920.0	0.938058	1.51136	0.573306	0.835801	8.62939
2921.0	0.796917	0.720154	0.0767632	0.92351	5.35227
2922.0	0.555897	1.09638	0.540482	0.810936	9.84535
2923.0	0.131279	0.533632	0.402353	0.815458	9.76631
2924.0	0.212229	0.169024	0.0432055	0.910849	5.83008
2925.0	0.103216	0.00906946	0.0941461	0.892689	6.5295
2926.0	0.621653	-0.0766046	0.698258	0.819997	9.19732
2927.0	0.303984	0.778138	0.474154	0.920721	5.24775
2928.0	0.802099	0.779638	0.0224615	0.853618	8.17279
2929.0	0.798135	1.25542	0.45728	0.916528	5.41803
2930.0	0.925688	0.518525	0.407163	0.825972	9.25865
2931.0	0.534101	0.784848	0.250747	0.850386	8.25079
2932.0	0.839726	1.05339	0.213665	0.822399	9.55758
2933.0	0.161479	0.159992	0.00148739	0.833527	9.08188
2934.0	0.805563	0.707344	0.09822	0.880116	7.03685
2935.0	0.844066	0.844373	0.000306963	0.867492	7.57365
2936.0	0.906137	1.21663	0.310498	0.899697	6.16781
2937.0	0.929904	0.846615	0.0832897	0.842907	8.6443
2938.0	0.796404	0.470228	0.326176	0.779464	11.6716
2939.0	0.512488	0.410809	0.10168	0.926361	5.24336
2940.0	0.814385	0.627783	0.186602	0.791965	11.0897
2941.0	0.705983	1.07085	0.364866	0.897135	6.2321
2942.0	0.146743	0.0128233	0.13392	0.819021	9.75002
2943.0	0.783087	1.11831	0.33522	0.860754	7.74692
2944.0	0.0903306	0.649359	0.559029	0.863332	7.43287
2945.0	0.327257	0.118716	0.208541	0.914129	5.66595
2946.0	0.621247	0.74588	0.124634	0.890648	6.6043
2947.0	0.366222	0.0329346	0.333287	0.883619	6.7927
2948.0	0.699054	0.42728	0.271774	0.826228	9.34511
2949.0	0.353023	0.167942	0.18508	0.863698	7.70043
2950.0	0.947033	0.945656	0.00137717	0.836996	8.92148
2951.0	0.33269	0.843939	0.511249	0.894247	6.22031
2952.0	0.294467	0.950455	0.655988	0.776794	11.4455
2953.0	0.282967	0.566689	0.283722	0.892972	6.44777
2954.0	0.282163	0.401007	0.118844	0.834998	8.99871
2955.0	0.944505	0.477613	0.466892	0.925133	5.09245
2956.0	0.3323	0.541854	0.209554	0.861457	7.78675
2957.0	0.315526	0.772331	0.456805	0.876589	6.9828
2958.0	0.524772	0.701971	0.177199	0.882079	6.93471
2959.0	0.961616	0.881324	0.080292	0.912659	5.75702
2960.0	0.831604	0.872115	0.0405102	0.841217	8.72658
2961.0	0.121472	0.166527	0.0450552	0.897015	6.36505
2962.0	0.327134	0.0351761	0.291958	0.930267	5.03068
2963.0	0.436027	0.918495	0.482468	0.821339	9.4066
2964.0	0.729524	0.939767	0.210243	0.801419	10.5928
2965.0	0.948096	0.95344	0.00534394	0.83847	8.85376
2966.0	0.603829	0.183182	0.420647	0.916778	5.43928
2967.0	0.955444	0.782864	0.172579	0.90814	5.90645
2968.0	0.501358	0.474491	0.0268676	0.900324	6.23666
2969.0	0.562221	1.05047	0.488247	0.942508	4.45307
2970.0	0.208689	-0.539441	0.74813	0.776237	11.3283
2971.0	0.443762	0.880535	0.436774	0.832756	8.91497
2972.0	0.597227	0.921326	0.3241	0.918908	5.42841
2973.0	0.584981	0.813134	0.228153	0.885946	6.75709
2974.0	0.423216	-0.396102	0.819318	0.909513	5.24168
2975.0	0.477732	0.636239	0.158507	0.783912	11.5257
2976.0	0.71526	0.586994	0.128267	0.889621	6.6445
2977.0	0.561207	0.277187	0.28402	0.835648	8.8981
2978.0	0.953278	1.14936	0.196087	0.941531	4.67208
2979.0	0.939704	0.974546	0.0348419	0.86845	7.53179
2980.0	0.770633	0.747543	0.0230896	0.751322	13.3828
2981.0	0.472647	1.06669	0.594045	0.928404	4.84753
2982.0	0.474232	0.610693	0.136462	0.831662	9.1489
2983.0	0.547978	1.01434	0.466358	0.865068	7.4555
2984.0	0.930177	1.11997	0.189794	0.854946	8.07769
2985.0	0.250406	0.846592	0.596186	0.872737	6.99516
2986.0	0.772077	1.09345	0.321377	0.915264	5.56612
2987.0	0.279108	0.393273	0.114165	0.805127	10.4402
2988.0	0.164991	0.0799675	0.0850233	0.842635	8.65633
2989.0	0.65622	0.657012	0.000792032	0.725056	14.9964
2990.0	0.314958	0.201773	0.113185	0.89633	6.38146
2991.0	0.619418	0.783477	0.164059	0.936729	4.85314
2992.0	0.150527	0.583063	0.432536	0.784108	11.3309
2993.0	0.701366	0.944448	0.243082	0.787084	11.3185
2994.0	0.175333	-0.0720322	0.247365	0.851314	8.21146
2995.0	0.27011	0.348813	0.0787034	0.820049	9.71312
2996.0	0.553619	0.914277	0.360658	0.954717	4.1308
2997.0	0.121375	0.312453	0.191078	0.776182	11.9301
2998.0	0.129422	0.496402	0.36698	0.809689	10.0788
2999.0	0.751522	0.488133	0.26339	0.91788	5.50064
3000.0	0.912495	1.03027	0.117777	0.921001	5.43745
3001.0	0.717424	0.614747	0.102677	0.936336	4.88243
3002.0	0.0708552	0.823962	0.753107	0.812482	9.47218
3003.0	0.913698	0.50599	0.407709	0.916994	5.44145
3004.0	0.375277	-0.110688	0.485965	0.857631	7.75498
3005.0	0.395698	0.481314	0.0856165	0.901029	6.2027
3006.0	0.512945	0.701654	0.188709	0.871306	7.37653
3007.0	0.383218	0.645179	0.261961	0.800848	10.5947
3008.0	0.749293	0.924257	0.174963	0.902643	6.1173
3009.0	0.282051	0.243144	0.0389069	0.841861	8.69744
3010.0	0.279689	0.230979	0.0487097	0.822647	9.59246
3011.0	0.559648	0.484899	0.0747487	0.847506	8.43871
3012.0	0.668671	0.605425	0.0632457	0.756182	13.0944
3013.0	0.052069	-0.174017	0.226086	0.8442	8.5395
3014.0	0.475848	0.253114	0.222734	0.841332	8.67082
3015.0	0.876563	1.2928	0.416239	0.86347	7.56843
3016.0	0.52359	0.41511	0.108479	0.84678	8.46475
3017.0	0.514072	0.753239	0.239166	0.9321	4.99081
3018.0	0.948686	0.497289	0.451397	0.889198	6.47665
3019.0	0.434111	0.657341	0.223229	0.819021	9.71541
3020.0	0.618897	0.60439	0.0145078	0.881633	6.98412
3021.0	0.817412	0.737007	0.0804055	0.913391	5.7293
3022.0	0.401037	0.190117	0.21092	0.961321	3.98488
3023.0	0.0380616	-0.0403299	0.0783915	0.93339	4.99222
3024.0	0.314705	0.497209	0.182505	0.866032	7.60178
3025.0	0.673682	0.230387	0.443295	0.845727	8.31911
3026.0	0.474818	0.528745	0.0539267	0.844917	8.55773
3027.0	0.972935	0.859238	0.113697	0.872693	7.34131
3028.0	0.126265	0.0345179	0.0917475	0.896677	6.37208
3029.0	0.0821722	0.137559	0.0553873	0.820739	9.68332
3030.0	0.759939	0.792824	0.0328857	0.920265	5.47693
3031.0	0.665986	0.594752	0.0712335	0.926057	5.25945
3032.0	0.496816	0.868019	0.371203	0.895709	6.28351
3033.0	0.878084	0.927201	0.0491173	0.777558	11.8944
3034.0	0.346116	-0.397997	0.744113	0.851845	7.68111
3035.0	0.769558	0.760066	0.00949188	0.873748	7.31015
3036.0	0.838239	1.00877	0.170532	0.932283	5.01059
3037.0	0.733553	0.587209	0.146343	0.874809	7.24443
3038.0	0.649353	0.791273	0.14192	0.835027	8.99094
3039.0	0.416208	0.574938	0.15873	0.827143	9.35405
3040.0	0.645825	0.682665	0.0368398	0.943748	4.62844
3041.0	0.211367	1.02834	0.816972	0.789515	10.509
3042.0	0.241321	0.554933	0.313612	0.884886	6.75401
3043.0	0.497481	0.266681	0.2308	0.798783	10.717
3044.0	0.846759	0.850292	0.00353293	0.852498	8.22265
3045.0	0.567938	0.699969	0.132031	0.864196	7.6963
3046.0	0.676944	0.927012	0.250068	0.851496	8.20201
3047.0	0.643332	0.679563	0.0362306	0.884844	6.85217
3048.0	0.640902	0.663071	0.0221686	0.860562	7.86994
3049.0	0.201838	0.421184	0.219346	0.885816	6.76629
3050.0	0.853433	0.198943	0.65449	0.825589	8.99662
3051.0	0.0265725	0.362427	0.335855	0.778416	11.7209
3052.0	0.741893	0.823281	0.0813883	0.822297	9.60464
3053.0	0.676188	0.268037	0.408151	0.794625	10.8038
3054.0	0.645172	0.225957	0.419216	0.826941	9.20233
3055.0	0.244798	0.193946	0.0508521	0.804469	10.4848
3056.0	0.571881	0.435575	0.136306	0.870049	7.44664
3057.0	0.254466	0.855184	0.600719	0.822738	9.2028
3058.0	0.235265	0.866569	0.631304	0.799985	10.273
3059.0	0.982083	1.17579	0.193703	0.828959	9.25529
3060.0	0.749885	0.740006	0.00987928	0.771368	12.2373
3061.0	0.766252	0.595776	0.170476	0.816824	9.8444
3062.0	0.136096	0.241291	0.105195	0.849418	8.34769
3063.0	0.584228	0.699175	0.114947	0.842275	8.66634
3064.0	0.737952	0.427993	0.309958	0.813534	9.93185
3065.0	0.865914	0.824998	0.0409158	0.802078	10.6067
3066.0	0.065297	0.486569	0.421272	0.858955	7.75786
3067.0	0.514898	0.361722	0.153177	0.866734	7.58195
3068.0	0.347095	0.444542	0.0974477	0.829696	9.25066
3069.0	0.758219	0.97868	0.22046	0.763761	12.607
3070.0	0.880902	0.302963	0.577939	0.873339	6.99167
3071.0	0.547113	-0.01528	0.562393	0.806684	10.0285
3072.0	0.745147	1.397	0.651849	0.906968	5.57153
3073.0	0.725918	0.703131	0.0227874	0.938136	4.82761
3074.0	0.440421	0.137377	0.303044	0.893216	6.42693
3075.0	0.410448	0.391	0.0194482	0.858741	7.94894
3076.0	0.608136	0.7525	0.144364	0.844049	8.57806
3077.0	0.54806	0.542349	0.00571101	0.969321	3.75803
3078.0	0.310497	0.578747	0.26825	0.803127	10.4756
3079.0	0.468635	0.592587	0.123952	0.879313	7.06416
3080.0	0.673457	0.455804	0.217654	0.820685	9.63791
3081.0	0.122927	-0.112418	0.235346	0.884582	6.80899
3082.0	0.910347	0.768917	0.14143	0.769077	12.3415
3083.0	0.0503438	0.808261	0.757918	0.845212	7.95063
3084.0	0.431639	0.770712	0.339073	0.882893	6.81833
3085.0	0.9279	0.592537	0.335363	0.868612	7.41206
3086.0	0.124938	0.0891633	0.0357743	0.866986	7.5938
3087.0	0.651625	0.431477	0.220149	0.759805	12.8326
3088.0	0.895728	0.318752	0.576976	0.904786	5.74268
3089.0	0.0309798	0.830432	0.799452	0.804249	9.79686
3090.0	0.785269	1.01155	0.226278	0.972646	3.60269
3091.0	0.450628	0.175405	0.275222	0.79394	10.941
3092.0	0.956431	0.434496	0.521934	0.959666	3.83454
3093.0	0.734897	0.955993	0.221097	0.883589	6.8558
3094.0	0.767802	1.14647	0.378671	0.878145	6.98404
3095.0	0.685947	0.547801	0.138146	0.96087	4.02307
3096.0	0.0787914	-0.278286	0.357078	0.847092	8.33002
3097.0	0.276383	0.26229	0.0140926	0.808659	10.2777
3098.0	0.912802	0.669782	0.24302	0.981628	3.30434
3099.0	0.926301	0.529427	0.396874	0.838814	8.67188
3100.0	0.014423	-0.11435	0.128773	0.86561	7.63677
3101.0	0.535019	0.613181	0.0781617	0.819721	9.72903
3102.0	0.75826	1.32551	0.567248	0.760497	12.4716
3103.0	0.859217	0.522652	0.336565	0.844626	8.45528
3104.0	0.847284	0.433998	0.413286	0.858118	7.80083
3105.0	0.590395	0.366408	0.223986	0.934322	4.91752
3106.0	0.239589	0.0196258	0.219963	0.937916	4.79084
3107.0	0.375041	0.582634	0.207593	0.851954	8.20198
3108.0	0.662905	0.646184	0.016721	0.757463	13.0246
3109.0	0.858039	0.541973	0.316066	0.839776	8.6887
3110.0	0.226719	0.719695	0.492976	0.903549	5.87661
3111.0	0.209167	0.273748	0.0645812	0.80187	10.6145
3112.0	0.231915	0.546797	0.314883	0.830079	9.13692
3113.0	0.283265	0.427065	0.1438	0.884072	6.86424
3114.0	0.680227	0.347159	0.333068	0.86476	7.57685
3115.0	0.141216	0.137288	0.0039287	0.828712	9.3071
3116.0	0.908457	0.615495	0.292962	0.840241	8.6823
3117.0	0.572934	0.231234	0.3417	0.788791	11.1633
3118.0	0.750576	0.533488	0.217088	0.927138	5.1802
3119.0	0.549534	0.614373	0.0648388	0.823878	9.53168
3120.0	0.947185	0.577129	0.370056	0.850732	8.15863
3121.0	0.974114	0.923189	0.0509246	0.960191	4.06094
3122.0	0.396989	-0.00602909	0.403018	0.817768	9.65384
3123.0	0.730345	0.981231	0.250886	0.801003	10.5931
3124.0	0.956711	0.794819	0.161892	0.929306	5.121
3125.0	0.359191	0.383931	0.0247404	0.873412	7.32367
3126.0	0.160631	0.257211	0.09658	0.931477	5.05822
3127.0	0.157538	0.551348	0.39381	0.915679	5.50112
3128.0	0.913707	0.772158	0.141549	0.84601	8.49066
3129.0	0.219227	0.620184	0.400956	0.840631	8.58582
3130.0	0.301789	0.340396	0.0386072	0.786887	11.3944
3131.0	0.284673	0.335764	0.0510908	0.854342	8.13875
3132.0	0.791339	0.988982	0.197644	0.716322	15.5137
3133.0	0.64033	0.687119	0.0467888	0.847862	8.42636
3134.0	0.996092	0.238974	0.757119	0.806682	9.7485
3135.0	0.815965	1.14044	0.324477	0.892822	6.42937
3136.0	0.744716	0.423819	0.320897	0.939416	4.68692
3137.0	0.478758	0.50741	0.0286518	0.817276	9.85317
3138.0	0.782383	1.02436	0.241975	0.884212	6.82087
3139.0	0.533746	0.265322	0.268424	0.843605	8.54439
3140.0	0.541246	0.569901	0.0286546	0.723547	15.0922
3141.0	0.552649	0.509593	0.043056	0.735261	14.3516
3142.0	0.494832	0.419325	0.0755072	0.819357	9.74709
3143.0	0.97873	0.72554	0.253191	0.883417	6.84764
3144.0	0.237406	0.404982	0.167575	0.901085	6.18031
3145.0	0.44306	0.922891	0.479831	0.805919	10.1609
3146.0	0.430538	0.472189	0.0416508	0.82899	9.29219
3147.0	0.771756	1.12849	0.35673	0.849512	8.22267
3148.0	0.658283	0.7785	0.120217	0.835618	8.96967
3149.0	0.284378	-0.474969	0.759347	0.778812	11.1714
3150.0	0.0710445	0.296323	0.225279	0.898865	6.24479
3151.0	0.959903	0.465032	0.494872	0.811283	9.87979
3152.0	0.456039	0.398029	0.0580098	0.917951	5.56098
3153.0	0.822709	0.116527	0.706182	0.830716	8.68399
3154.0	0.418205	0.325677	0.0925283	0.861634	7.8154
3155.0	0.698952	0.818175	0.119223	0.905953	6.00541
3156.0	0.772588	0.583488	0.189099	0.815378	9.90753
3157.0	0.225608	0.199842	0.0257661	0.808901	10.2651
3158.0	0.210928	0.177821	0.0331077	0.807971	10.311
3159.0	0.863598	0.177753	0.685846	0.913326	5.28947
3160.0	0.910208	1.00088	0.0906727	0.786572	11.4035
3161.0	0.967632	0.863624	0.104008	0.894401	6.4596
3162.0	0.358893	0.906781	0.547888	0.912197	5.4933
3163.0	0.714206	0.650652	0.0635539	0.813179	10.0499
3164.0	0.777606	0.456173	0.321433	0.82094	9.56515
3165.0	0.705946	1.04336	0.337419	0.833004	8.9851
3166.0	0.128051	-0.0203549	0.148406	0.893889	6.46888
3167.0	0.330914	1.09356	0.762642	0.844447	7.97711
3168.0	0.173626	0.565366	0.39174	0.852087	8.08179
3169.0	0.889615	0.638867	0.250748	0.793034	11.0025
3170.0	0.310461	0.492988	0.182526	0.821634	9.60753
3171.0	0.666439	0.957797	0.291358	0.773955	11.9962
3172.0	0.864438	0.824736	0.0397013	0.842089	8.68703
3173.0	0.919952	0.876669	0.0432821	0.867182	7.58488
3174.0	0.0634321	0.262958	0.199526	0.908698	5.87544
3175.0	0.483146	0.242804	0.240342	0.776721	11.8762
3176.0	0.263443	0.660008	0.396565	0.922697	5.23889
3177.0	0.892898	0.949179	0.0562807	0.832526	9.12513
3178.0	0.392227	0.514174	0.121947	0.797676	10.8166
3179.0	0.741743	-0.22729	0.969033	0.842105	7.71375
3180.0	0.450064	0.645305	0.195241	0.931673	5.02412
3181.0	0.477067	0.648257	0.171189	0.820441	9.66918
3182.0	0.522252	0.941198	0.418946	0.846089	8.3248
3183.0	0.629394	0.799337	0.169943	0.722284	15.1383
3184.0	0.961414	0.400866	0.560548	0.881392	6.68158
3185.0	0.878136	0.840807	0.0373282	0.771308	12.2391
3186.0	0.0570646	0.317272	0.260207	0.84019	8.70373
3187.0	0.851532	0.852673	0.00114086	0.808263	10.2976
3188.0	0.381682	0.887222	0.50554	0.836753	8.66274
3189.0	0.270057	0.891462	0.621405	0.842869	8.24967
3190.0	0.492744	0.732376	0.239632	0.957927	4.08775
3191.0	0.27968	-0.144154	0.423834	0.771416	12.0263
3192.0	0.762768	1.00734	0.244577	0.839363	8.74975
3193.0	0.560263	0.875107	0.314844	0.912169	5.68656
3194.0	0.124619	0.0248268	0.0997917	0.824411	9.50005
3195.0	0.81695	0.859011	0.0420612	0.83592	8.96923
3196.0	0.54734	0.791746	0.244406	0.858552	7.89607
3197.0	0.818254	1.05791	0.239657	0.752346	13.2545
3198.0	0.743532	0.842366	0.0988339	0.71888	15.3832
3199.0	0.400793	0.738882	0.338089	0.788248	11.1946
3200.0	0.553272	0.143156	0.410116	0.90272	5.98085
3201.0	0.109672	-0.0737528	0.183425	0.828637	9.27456
3202.0	0.528398	0.876641	0.348243	0.803672	10.3935
3203.0	0.0820185	-0.456123	0.538141	0.806909	10.0466
3204.0	0.903598	0.802645	0.100952	0.838214	8.85476
3205.0	0.0841611	0.554982	0.470821	0.845099	8.32095
3206.0	0.516164	0.853994	0.33783	0.84377	8.49285
3207.0	0.486868	0.18313	0.303737	0.891316	6.50199
3208.0	0.220285	0.416023	0.195738	0.929041	5.11925
3209.0	0.949125	0.737228	0.211897	0.947256	4.46566
3210.0	0.988253	0.791142	0.197111	0.784815	11.4619
3211.0	0.898862	1.1332	0.23434	0.898378	6.2598
3212.0	0.151018	0.410068	0.25905	0.922734	5.32283
3213.0	0.643157	0.880299	0.237141	0.82801	9.27989
3214.0	0.862724	0.445318	0.417405	0.84571	8.34306
3215.0	0.674823	0.670212	0.00461117	0.831383	9.18179
3216.0	0.476893	0.804377	0.327484	0.761236	12.6815
3217.0	0.930416	0.715358	0.215058	0.854785	8.07417
3218.0	0.584641	0.671388	0.0867478	0.795915	10.9155
3219.0	0.587846	0.62993	0.0420842	0.86825	7.53968
3220.0	0.0167804	0.58921	0.572429	0.843713	8.27267
3221.0	0.366448	0.174526	0.191922	0.847157	8.42169
3222.0	0.0283658	0.777821	0.749455	0.899479	5.72629
3223.0	0.703563	0.730624	0.0270614	0.784469	11.5238
3224.0	0.3342	0.558849	0.224649	0.85819	7.92129
3225.0	0.0543039	0.177702	0.123398	0.898176	6.30652
3226.0	0.261847	0.808704	0.546857	0.857876	7.6801
3227.0	0.24708	0.784642	0.537561	0.93238	4.76435
3228.0	0.804136	1.14407	0.339932	0.910076	5.75006
3229.0	0.6079	1.25872	0.650816	0.906691	5.58331
3230.0	0.879962	1.01179	0.131829	0.862545	7.76716
3231.0	0.961615	0.609019	0.352596	0.859452	7.79085
3232.0	0.968292	1.05724	0.0889439	0.926407	5.24398
3233.0	0.244836	0.0758445	0.168992	0.864142	7.68726
3234.0	0.04744	0.267733	0.220293	0.850769	8.24873
3235.0	0.01386	0.00964052	0.00421948	0.920978	5.45148
3236.0	0.0685971	0.386565	0.317968	0.763202	12.577
3237.0	0.257953	0.308453	0.0504997	0.820273	9.70628
3238.0	0.528104	0.441283	0.0868212	0.820029	9.71264
3239.0	0.386796	0.396775	0.00997862	0.76587	12.5448
3240.0	0.0351515	0.0493422	0.0141907	0.830958	9.20148
3241.0	0.0474045	0.436949	0.389544	0.885824	6.66325
3242.0	0.550566	0.543899	0.00666709	0.830243	9.23515
3243.0	0.516119	0.813247	0.297128	0.884207	6.79151
3244.0	0.72777	0.850951	0.123181	0.862673	7.76393
3245.0	0.787935	0.835861	0.0479257	0.908107	5.93426
3246.0	0.138427	0.793649	0.655221	0.929445	4.73897
3247.0	0.424199	0.600271	0.176072	0.870586	7.41141
3248.0	0.58325	0.174441	0.408809	0.889274	6.50969
3249.0	0.606666	0.135562	0.471105	0.835072	8.77522
3250.0	0.578847	0.235916	0.342931	0.926775	5.12705
3251.0	0.939844	0.812378	0.127467	0.950417	4.38243
3252.0	0.141668	0.426603	0.284935	0.806397	10.3012
3253.0	0.0809209	0.250919	0.169998	0.80688	10.3348
3254.0	0.467386	0.730949	0.263563	0.833436	9.01221
3255.0	0.611348	0.92151	0.310162	0.869992	7.37042
3256.0	0.316337	0.545187	0.22885	0.876226	7.15444
3257.0	0.605812	0.711933	0.106121	0.79172	11.1291
3258.0	0.43604	0.0288851	0.407155	0.884483	6.70344
3259.0	0.301882	0.300111	0.00177112	0.800849	10.671
3260.0	0.297543	0.237225	0.0603179	0.81809	9.81061
3261.0	0.522844	0.51808	0.00476386	0.718288	15.4342
3262.0	0.654082	0.471787	0.182295	0.727831	14.7783
3263.0	0.593732	0.690462	0.0967307	0.850792	8.28844
3264.0	0.622363	1.07443	0.452063	0.845248	8.33235
3265.0	0.941294	0.601825	0.339469	0.840814	8.62535
3266.0	0.755823	0.478403	0.27742	0.86115	7.76616
3267.0	0.33398	1.03086	0.696882	0.863324	7.25817
3268.0	0.602363	1.06838	0.46602	0.76849	12.1448
3269.0	0.801455	0.924561	0.123106	0.845969	8.49759
3270.0	0.977714	1.24858	0.270864	0.879864	6.98344
3271.0	0.295009	0.346323	0.0513144	0.804512	10.4826
3272.0	0.292453	0.265621	0.0268321	0.867735	7.56258
3273.0	0.63292	0.71028	0.0773606	0.884512	6.86098
3274.0	0.680187	0.859477	0.179289	0.89822	6.28822
3275.0	0.356486	0.565176	0.20869	0.944576	4.56039
3276.0	0.794825	0.637666	0.157158	0.835038	8.98559
3277.0	0.00815082	0.328829	0.320678	0.829859	9.14328
3278.0	0.640628	0.7767	0.136072	0.847168	8.44034
3279.0	0.847676	0.903359	0.0556837	0.882296	6.95413
3280.0	0.510942	0.573625	0.0626836	0.888323	6.70901
3281.0	0.536714	0.788983	0.252268	0.865769	7.58207
3282.0	0.493531	0.762363	0.268832	0.842895	8.57624
3283.0	0.665731	0.654242	0.0114886	0.83314	9.09976
3284.0	0.781808	1.01842	0.236612	0.935731	4.86165
3285.0	0.0501551	0.272757	0.222602	0.767446	12.3983
3286.0	0.730036	0.80117	0.0711338	0.766903	12.4808
3287.0	0.762655	0.534024	0.228631	0.794159	10.956
3288.0	0.394563	1.10181	0.707244	0.772483	11.5991
3289.0	0.670734	0.645063	0.0256715	0.77482	12.0462
3290.0	0.761316	0.798245	0.0369291	0.799743	10.7259
3291.0	0.285635	-0.173386	0.459022	0.77578	11.7515
3292.0	0.661048	1.09659	0.435546	0.820933	9.47234
3293.0	0.934559	0.158711	0.775848	0.802888	9.90475
3294.0	0.0934165	-0.0269157	0.120332	0.869131	7.48952
3295.0	0.211125	0.0738078	0.137317	0.892688	6.51968
3296.0	0.284244	0.271825	0.012419	0.856895	8.02953
3297.0	0.267632	0.204947	0.0626855	0.776305	11.961
3298.0	0.747353	0.223658	0.523695	0.913635	5.46411
3299.0	0.312297	0.351294	0.0389965	0.817168	9.85767
3300.0	0.729693	0.612597	0.117096	0.89563	6.40818
3301.0	0.948641	0.703501	0.24514	0.94882	4.39738
3302.0	0.71627	0.759691	0.0434208	0.840755	8.74737
3303.0	0.223929	0.948559	0.72463	0.844243	8.04447
3304.0	0.470946	0.617891	0.146945	0.873766	7.28771
3305.0	0.662708	0.805586	0.142879	0.815403	9.92308
3306.0	0.0115516	0.121767	0.110215	0.80303	10.5469
3307.0	0.471757	0.589963	0.118206	0.834473	9.02317
3308.0	0.410955	0.54322	0.132265	0.866668	7.59083
3309.0	0.399265	0.388212	0.0110525	0.83717	8.91337
3310.0	0.0248009	0.35308	0.328279	0.784963	11.3756
3311.0	0.980688	0.9928	0.0121123	0.938022	4.832
3312.0	0.799575	0.93653	0.136955	0.76674	12.4739
3313.0	0.603099	0.370814	0.232285	0.954637	4.20289
3314.0	0.849243	0.489007	0.360235	0.821768	9.49697
3315.0	0.270964	0.567372	0.296409	0.804812	10.3732
3316.0	0.268236	0.0990074	0.169229	0.821393	9.62416
3317.0	0.297644	0.0306209	0.267023	0.865373	7.59113
3318.0	0.327747	0.659665	0.331918	0.896805	6.26747
3319.0	0.30633	0.9697	0.66337	0.795716	10.4434
3320.0	0.268237	-0.0891346	0.357371	0.907625	5.83167
3321.0	0.613875	0.766285	0.15241	0.834331	9.01989
3322.0	0.310742	0.373874	0.0631321	0.784914	11.4964
3323.0	0.297219	0.599492	0.302273	0.756605	12.9661
3324.0	0.275721	0.55547	0.279749	0.931018	5.01009
3325.0	0.165054	0.112542	0.0525117	0.892066	6.56033
3326.0	0.697206	1.07571	0.378503	0.885275	6.69377
3327.0	0.684667	0.719388	0.034721	0.760146	12.869
3328.0	0.734891	0.500813	0.234078	0.870988	7.37044
3329.0	0.604313	0.289281	0.315033	0.774396	11.9554
3330.0	0.155123	0.381103	0.22598	0.844288	8.53557
3331.0	0.754764	0.60143	0.153334	0.811049	10.1335
3332.0	0.233805	0.658392	0.424587	0.827128	9.18871
3333.0	0.431939	0.158131	0.273808	0.900102	6.17289
3334.0	0.898068	1.29189	0.393823	0.714765	15.4693
3335.0	0.118814	0.260192	0.141378	0.8339	9.04334
3336.0	0.179672	0.353838	0.174166	0.870078	7.4335
3337.0	0.699994	0.80912	0.109126	0.974261	3.58494
3338.0	0.607879	0.575808	0.0320706	0.881699	6.9806
3339.0	0.427111	0.40348	0.0236312	0.850519	8.30971
3340.0	0.814098	0.690744	0.123354	0.777001	11.91
3341.0	0.179363	-0.127198	0.306561	0.85923	7.83155
3342.0	0.162049	-0.00717133	0.16922	0.83076	9.18037
3343.0	0.331532	0.391797	0.0602652	0.948931	4.44544
3344.0	0.545428	0.154364	0.391064	0.923033	5.23065
3345.0	0.172023	-0.0277244	0.199747	0.883076	6.88559
3346.0	0.0523729	-0.388895	0.441268	0.923568	5.17157
3347.0	0.537172	0.585897	0.0487253	0.890135	6.63782
3348.0	0.43598	0.250304	0.185677	0.847986	8.38708
3349.0	0.082344	-0.20243	0.284774	0.832151	9.05953
3350.0	0.152485	0.374367	0.221882	0.864557	7.64842
3351.0	0.753037	0.683147	0.0698899	0.889375	6.66578
3352.0	0.0618304	0.590899	0.529069	0.777049	11.6034
3353.0	0.0559282	0.459782	0.403853	0.744974	13.5642
3354.0	0.468752	0.443468	0.0252844	0.867003	7.59375
3355.0	0.629259	0.266051	0.363208	0.808247	10.1532
3356.0	0.0501954	0.674318	0.624123	0.754873	12.7135
3357.0	0.892599	0.433073	0.459526	0.757783	12.7565
3358.0	0.657385	0.558883	0.0985029	0.823829	9.52807
3359.0	0.226684	0.293528	0.0668437	0.887656	6.73532
3360.0	0.27258	-0.0465079	0.319087	0.809732	10.1127
3361.0	0.552362	0.444188	0.108173	0.844152	8.58301
3362.0	0.637102	0.986151	0.349049	0.893273	6.39525
3363.0	0.71119	0.714629	0.00343912	0.914511	5.69327
3364.0	0.0526794	0.0265774	0.026102	0.75895	12.9383
3365.0	0.963147	0.585308	0.377839	0.89331	6.37326
3366.0	0.148178	-0.0556822	0.20386	0.794372	10.9571
3367.0	0.891085	0.932047	0.0409619	0.78238	11.6346
3368.0	0.153866	0.423292	0.269426	0.752749	13.2128
3369.0	0.667836	0.418735	0.249101	0.814298	9.93161
3370.0	0.371386	0.204107	0.167279	0.757208	13.0065
3371.0	0.819815	1.25362	0.433802	0.752634	13.0817
3372.0	0.317399	0.503425	0.186026	0.904388	6.04595
3373.0	0.341429	0.713663	0.372233	0.884022	6.74908
3374.0	0.83837	0.911814	0.0734448	0.881757	6.97388
3375.0	0.733719	0.775406	0.0416861	0.897806	6.33422
3376.0	0.317695	0.558817	0.241122	0.804623	10.4156
3377.0	0.827014	0.859474	0.0324608	0.805045	10.4575
3378.0	0.877679	0.691524	0.186155	0.81361	9.99524
3379.0	0.490246	0.451206	0.0390397	0.895322	6.43233
3380.0	0.802881	0.845119	0.0422378	0.823422	9.55603
3381.0	0.040839	-0.273694	0.314533	0.864181	7.61376
3382.0	0.977325	0.449778	0.527547	0.838702	8.55008
3383.0	0.755428	0.948762	0.193334	0.738975	14.0795
3384.0	0.757628	0.753096	0.00453215	0.81801	9.81842
3385.0	0.610942	0.659944	0.0490026	0.766517	12.5056
3386.0	0.815895	0.290629	0.525266	0.805228	10.1452
3387.0	0.072043	0.31045	0.238407	0.746931	13.5754
3388.0	0.933913	0.90623	0.0276836	0.824586	9.50162
3389.0	0.406116	0.568319	0.162203	0.806313	10.366
3390.0	0.568539	0.580379	0.0118397	0.837476	8.89924
3391.0	0.175879	0.316578	0.140699	0.873932	7.28261
3392.0	0.0747391	0.211316	0.136577	0.840025	8.76297
3393.0	0.735709	0.622249	0.11346	0.859285	7.91246
3394.0	0.30025	0.0538461	0.246404	0.888739	6.63608
3395.0	0.0149862	0.318441	0.303455	0.801132	10.5542
3396.0	0.0499398	0.0303549	0.0195849	0.830184	9.23753
3397.0	0.248317	0.500609	0.252292	0.908729	5.85126
3398.0	0.227989	0.259884	0.0318957	0.864471	7.70133
3399.0	0.351961	0.496787	0.144826	0.829514	9.24694
3400.0	0.429135	0.362789	0.0663452	0.888395	6.70564
3401.0	0.846508	0.76417	0.0823381	0.841484	8.70903
3402.0	0.862487	0.522263	0.340224	0.858525	7.83971
3403.0	0.644089	1.01355	0.369458	0.757748	12.8467
3404.0	0.88852	1.31837	0.42985	0.873396	7.13885
3405.0	0.240665	0.146671	0.0939944	0.922192	5.39811
3406.0	0.347356	0.843054	0.495698	0.801859	10.3472
3407.0	0.874287	1.19462	0.32033	0.863876	7.62306
3408.0	0.886575	1.05705	0.170471	0.868801	7.48867
3409.0	0.893745	1.74143	0.847689	0.819462	8.97659
3410.0	0.125481	-0.22124	0.346721	0.869188	7.37992
3411.0	0.0656628	0.56153	0.495867	0.846615	8.22815
3412.0	0.628096	0.342782	0.285314	0.762844	12.6204
3413.0	0.622088	0.0707433	0.551345	0.72961	14.3317
3414.0	0.996102	1.16949	0.173387	0.78975	11.211
3415.0	0.344702	0.739415	0.394713	0.870604	7.28452
3416.0	0.853587	1.2426	0.389014	0.920477	5.32633
3417.0	0.0659779	0.866258	0.80028	0.836543	8.26978
3418.0	0.0798586	0.971344	0.891485	0.845724	7.70213
3419.0	0.782069	0.835843	0.0537742	0.849801	8.33918
3420.0	0.425192	-0.358674	0.783866	0.801892	9.9406
3421.0	0.666687	0.948812	0.282126	0.822455	9.51828
3422.0	0.547849	0.651109	0.103259	0.909394	5.877
3423.0	0.279604	0.130941	0.148663	0.875829	7.20135
3424.0	0.631253	0.653646	0.0223932	0.878426	7.11557
3425.0	0.0806952	-0.304206	0.384901	0.860411	7.7251
3426.0	0.639725	0.729306	0.0895811	0.819671	9.72938
3427.0	0.285644	0.0643177	0.221326	0.821107	9.61588
3428.0	0.286425	-0.0476287	0.334054	0.859138	7.81745
3429.0	0.241295	0.248652	0.00735668	0.741329	13.9815
3430.0	0.403418	0.563459	0.160041	0.850337	8.29172
3431.0	0.659579	0.422285	0.237295	0.842604	8.60613
3432.0	0.792633	0.444507	0.348126	0.699473	16.5457
3433.0	0.889438	0.483685	0.405753	0.772833	11.9657
3434.0	0.65227	0.674545	0.0222753	0.890442	6.62739
3435.0	0.31543	0.290645	0.0247849	0.822473	9.60268
3436.0	0.344189	0.0825094	0.261679	0.868616	7.45648
3437.0	0.788292	0.742984	0.0453077	0.70228	16.5063
3438.0	0.806797	1.10694	0.300146	0.698835	16.6304
3439.0	0.153533	-0.0607296	0.214262	0.898295	6.27183
3440.0	0.961688	1.03539	0.0736997	0.778914	11.8173
3441.0	0.410849	0.579499	0.16865	0.786669	11.3753
3442.0	0.418109	0.843761	0.425652	0.771227	12.0349
3443.0	0.758285	1.10676	0.348471	0.720021	15.1685
3444.0	0.748541	1.19348	0.444938	0.690343	17.087
3445.0	0.0720587	1.24106	1.169	0.773449	10.5704
3446.0	0.642288	0.687647	0.0453584	0.882004	6.96709
3447.0	0.959665	0.540038	0.419627	0.876821	7.00586
3448.0	0.432617	0.567752	0.135136	0.800404	10.6733
3449.0	0.640798	0.814474	0.173676	0.894576	6.43368
3450.0	0.976021	0.608126	0.367895	0.891646	6.44648
3451.0	0.439172	0.548535	0.109363	0.872232	7.36161
3452.0	0.139498	0.272847	0.133349	0.831384	9.16278
3453.0	0.00376686	-0.104476	0.108243	0.774963	12.0255
3454.0	0.288758	0.813578	0.52482	0.856602	7.75927
3455.0	0.957356	0.856043	0.101313	0.79962	10.7222
3456.0	0.280703	-0.0752153	0.355918	0.830776	9.07505
3457.0	0.821834	0.847896	0.0260618	0.755252	13.1525
3458.0	0.711152	0.313705	0.397447	0.810862	9.99539
3459.0	0.420347	0.501885	0.0815377	0.866957	7.58957
3460.0	0.307719	0.704855	0.397135	0.806071	10.2331
3461.0	0.756479	0.979721	0.223242	0.698371	16.7151
3462.0	0.714084	0.641489	0.0725948	0.759108	12.9238
3463.0	0.260085	0.302375	0.0422898	0.858773	7.9461
3464.0	0.297323	0.398762	0.101439	0.941039	4.71559
3465.0	0.878186	0.883942	0.0057553	0.796062	10.9163
3466.0	0.42132	0.86218	0.44086	0.924787	5.1273
3467.0	0.609913	1.17986	0.569947	0.758467	12.5835
3468.0	0.458231	0.894313	0.436082	0.773865	11.8796
3469.0	0.97271	0.760737	0.211972	0.797616	10.7861
3470.0	0.926524	0.612069	0.314454	0.874627	7.17402
3471.0	0.91967	0.505103	0.414567	0.874815	7.09292
3472.0	0.77057	0.367053	0.403517	0.858165	7.80701
3473.0	0.432666	0.424203	0.00846302	0.787924	11.3412
3474.0	0.406924	-0.472716	0.87964	0.825885	8.61791
3475.0	0.149549	0.0626801	0.0868687	0.892983	6.51911
3476.0	0.817335	0.811921	0.00541416	0.834676	9.02859
3477.0	0.0678598	-0.0522953	0.120155	0.764602	12.5996
3478.0	0.784575	0.384915	0.39966	0.716662	15.339
3479.0	0.801125	0.570316	0.23081	0.784299	11.473
3480.0	0.187957	0.526691	0.338733	0.91884	5.42173
3481.0	0.945419	0.590102	0.355317	0.81625	9.76657
3482.0	0.968252	1.39365	0.425398	0.928161	5.01715
3483.0	0.32886	0.642141	0.313281	0.835818	8.87176
3484.0	0.907244	1.02538	0.118139	0.755012	13.1506
3485.0	0.0620466	0.346135	0.284088	0.771117	12.1575
3486.0	0.0470742	0.219209	0.172135	0.845272	8.51373
3487.0	0.711297	0.891253	0.179956	0.848953	8.34615
3488.0	0.153136	0.724966	0.57183	0.825655	9.10136
3489.0	0.772216	-0.175272	0.947487	0.764407	11.5866
3490.0	0.814225	1.31492	0.500693	0.918644	5.30001
3491.0	0.928664	0.856551	0.072113	0.838406	8.85119
3492.0	0.0180317	0.80253	0.784499	0.857847	7.3598
3493.0	0.805172	0.947239	0.142067	0.825627	9.43124
3494.0	0.753326	0.595527	0.157799	0.806144	10.376
3495.0	0.735791	1.06335	0.327563	0.921819	5.3185
3496.0	0.629172	0.670894	0.0417218	0.90302	6.13079
3497.0	0.540847	0.264408	0.276439	0.828997	9.2119
3498.0	0.126402	0.470232	0.34383	0.811141	10.0251
3499.0	0.107513	-0.102575	0.210088	0.877098	7.12662
3500.0	0.0844379	0.178015	0.0935772	0.819933	9.71594
3501.0	0.105736	-0.425065	0.530801	0.877426	6.87549
3502.0	0.819604	0.569981	0.249623	0.764203	12.5659
3503.0	0.816403	0.705078	0.111325	0.785459	11.4578
3504.0	0.728049	0.611401	0.116648	0.859942	7.88324
3505.0	0.505541	0.482379	0.0231621	0.71899	15.3877
3506.0	0.407701	0.676813	0.269112	0.821818	9.55645
3507.0	0.103083	0.81369	0.710607	0.807221	9.79618
3508.0	0.514894	0.152953	0.36194	0.789912	11.0885
3509.0	0.43003	0.360163	0.0698663	0.796538	10.8863
3510.0	0.881287	0.876995	0.00429153	0.820703	9.68834
3511.0	0.0973698	0.961621	0.864251	0.829945	8.45899
3512.0	0.141732	0.325918	0.184186	0.880778	6.9854
3513.0	0.791222	0.732697	0.0585254	0.958105	4.13084
3514.0	0.836556	0.0862458	0.750311	0.805989	9.79378
3515.0	0.857887	0.834166	0.0237206	0.874368	7.28381
3516.0	0.515376	0.289569	0.225806	0.812853	10.0145
3517.0	0.94812	0.124022	0.824099	0.75161	12.5608
3518.0	0.454954	0.329165	0.125789	0.810893	10.1496
3519.0	0.24988	0.0671057	0.182774	0.800311	10.6612
3520.0	0.80219	1.04936	0.24717	0.844671	8.50786
3521.0	0.6955	0.794097	0.0985968	0.878267	7.11291
3522.0	0.3643	0.292153	0.0721479	0.800945	10.6603
3523.0	0.366947	0.434832	0.0678845	0.800659	10.6756
3524.0	0.344555	-0.00123154	0.345786	0.889776	6.53648
3525.0	0.271492	-0.289255	0.560747	0.751075	13.0226
3526.0	0.314905	-0.00703696	0.321942	0.938957	4.70255
3527.0	0.918067	1.07468	0.156615	0.754821	13.1491
3528.0	0.0482826	0.0428646	0.00541807	0.798566	10.7876
3529.0	0.820255	0.930095	0.10984	0.836257	8.94272
3530.0	0.172325	0.240383	0.068058	0.792694	11.0857
3531.0	0.176582	0.231974	0.0553919	0.816594	9.88393
3532.0	0.767151	1.1163	0.349146	0.87146	7.28288
3533.0	0.745343	1.01955	0.274212	0.806528	10.3013
3534.0	0.521771	0.823944	0.302173	0.831749	9.06737
3535.0	0.265655	0.463059	0.197404	0.782137	11.6049
3536.0	0.231381	0.689696	0.458315	0.802805	10.339
3537.0	0.257542	0.675087	0.417545	0.86331	7.57416
3538.0	0.326098	1.0001	0.674004	0.858339	7.50211
3539.0	0.331518	1.00771	0.676193	0.868527	7.06824
3540.0	0.889771	0.78663	0.103141	0.873913	7.29262
3541.0	0.471176	0.56655	0.0953744	0.847577	8.43186
3542.0	0.708831	0.499439	0.209392	0.683392	17.7942
3543.0	0.0925592	0.433589	0.34103	0.832283	9.01596
3544.0	0.397505	0.782636	0.38513	0.778069	11.6989
3545.0	0.741003	0.586185	0.154819	0.859427	7.8949
3546.0	0.659805	0.660635	0.000829358	0.770864	12.2654
3547.0	0.842553	1.00626	0.163702	0.773478	12.0897
3548.0	0.0769105	-0.291047	0.367957	0.888036	6.59049
3549.0	0.391576	0.680393	0.288817	0.905394	5.9599
3550.0	0.971868	1.52295	0.551078	0.7818	11.3213
3551.0	0.864876	0.554883	0.309992	0.896365	6.29851
3552.0	0.466195	0.917035	0.450839	0.747734	13.3517
3553.0	0.844396	1.01817	0.173779	0.775122	11.9954
3554.0	0.974428	0.863687	0.110741	0.864247	7.69938
3555.0	0.671587	0.81084	0.139254	0.767215	12.4465
3556.0	0.188921	-0.097633	0.286554	0.822432	9.51667
3557.0	0.694548	1.37361	0.67906	0.760487	12.3093
3558.0	0.588436	0.96469	0.376255	0.772369	12.0178
3559.0	0.691586	0.848884	0.157298	0.835216	8.97734
3560.0	0.24176	0.822714	0.580954	0.819013	9.40507
3561.0	0.0457207	0.0623431	0.0166225	0.876197	7.20802
3562.0	0.0156371	0.363314	0.347677	0.845478	8.40909
3563.0	0.0442327	0.664853	0.620621	0.889254	6.2965
3564.0	0.449257	0.492597	0.0433402	0.941054	4.72286
3565.0	0.428279	0.567908	0.139628	0.833055	9.08308
3566.0	0.271093	0.439822	0.168728	0.879704	7.03494
3567.0	0.762044	0.704165	0.0578784	0.792467	11.099
3568.0	0.844277	0.496101	0.348176	0.856172	7.93626
3569.0	0.229484	0.604098	0.374614	0.744705	13.6077
3570.0	0.679193	0.746518	0.0673249	0.85653	8.04094
3571.0	0.258672	0.767085	0.508413	0.850403	8.04741
3572.0	0.338263	0.471065	0.132801	0.798649	10.7636
3573.0	0.342797	0.787425	0.444629	0.841587	8.50386
3574.0	0.804615	0.386028	0.418587	0.763136	12.4938
3575.0	0.783213	1.1067	0.323489	0.833285	8.98184
3576.0	0.694063	0.65454	0.0395224	0.861519	7.82753
3577.0	0.750469	0.817701	0.0672319	0.76941	12.341
3578.0	0.0948092	0.531545	0.436736	0.860174	7.69175
3579.0	0.89358	0.73269	0.160889	0.895828	6.38842
3580.0	0.365369	1.03635	0.67098	0.879527	6.62269
3581.0	0.359126	0.498692	0.139566	0.839463	8.78775
3582.0	0.497816	0.33747	0.160346	0.900881	6.19056
3583.0	0.379455	0.310978	0.0684771	0.735626	14.3255
3584.0	0.496283	0.55923	0.0629463	0.802247	10.5956
3585.0	0.152842	0.237906	0.0850638	0.77546	12.0034
3586.0	0.31631	-0.139258	0.455569	0.857152	7.80502
3587.0	0.157776	0.472467	0.314692	0.817465	9.73723
3588.0	0.452232	-0.414702	0.866934	0.764959	11.7236
3589.0	0.454132	-0.389283	0.843415	0.783577	10.7683
3590.0	0.966612	0.723252	0.24336	0.81577	9.86284
3591.0	0.970019	0.664434	0.305585	0.804015	10.4072
3592.0	0.319472	0.659544	0.340072	0.868734	7.40366
3593.0	0.482112	0.556599	0.0744867	0.823775	9.53515
3594.0	0.199803	0.469437	0.269634	0.841837	8.62367
3595.0	0.334485	-0.0152834	0.349769	0.912624	5.64714
3596.0	0.894678	0.208063	0.686615	0.882131	6.49651
3597.0	0.712183	0.641153	0.0710302	0.863701	7.73018
3598.0	0.241607	-0.316387	0.557994	0.855599	7.76596
3599.0	0.902171	1.12903	0.226859	0.724121	14.992
3600.0	0.75017	0.951338	0.201168	0.685451	17.6482
3601.0	0.880151	0.935583	0.0554321	0.819675	9.73456
3602.0	0.0285833	1.12687	1.09828	0.908501	4.77756
3603.0	0.374387	0.148351	0.226036	0.913713	5.67434
3604.0	0.527542	0.892711	0.365169	0.785121	11.3382
3605.0	0.822295	0.446656	0.375639	0.77302	11.9826
3606.0	0.375004	0.238079	0.136925	0.874687	7.25221
3607.0	0.505004	0.587745	0.082741	0.838449	8.84749
3608.0	0.220185	0.466513	0.246328	0.886442	6.72853
3609.0	0.70642	0.603085	0.103335	0.812322	10.0848
3610.0	0.0243745	0.550357	0.525982	0.910741	5.57056
3611.0	0.0441836	0.662347	0.618164	0.862023	7.41795
3612.0	0.11322	0.366454	0.253234	0.859616	7.84546
3613.0	0.28064	-0.376186	0.656826	0.795125	10.4831
3614.0	0.260053	-0.266226	0.526279	0.882125	6.68875
3615.0	0.205998	0.00307503	0.202923	0.799145	10.712
3616.0	0.197179	0.748064	0.550885	0.778293	11.5093
3617.0	0.0115592	-0.282128	0.293688	0.911608	5.72015
3618.0	0.115386	0.260257	0.144872	0.902255	6.14173
3619.0	0.772709	1.05205	0.279345	0.800771	10.5881
3620.0	0.813371	0.839953	0.0265816	0.727175	14.8604
3621.0	0.529302	0.37591	0.153392	0.860596	7.84478
3622.0	0.0219896	0.239885	0.217896	0.871856	7.34143
3623.0	0.148999	0.305104	0.156105	0.818447	9.77081
3624.0	0.832181	0.774231	0.0579506	0.867163	7.58419
3625.0	0.824292	0.709598	0.114694	0.852143	8.22469
3626.0	0.0787581	0.197649	0.118891	0.843312	8.61842
3627.0	0.0848008	0.0722581	0.0125427	0.825712	9.44877
3628.0	0.53128	1.30249	0.771211	0.953115	3.76474
3629.0	0.969853	0.750031	0.219822	0.894433	6.42152
3630.0	0.845134	1.15637	0.311239	0.861657	7.72395
3631.0	0.627048	0.326425	0.300622	0.737384	14.1122
3632.0	0.488497	1.23633	0.747829	0.752278	12.6632
3633.0	0.131256	0.497594	0.366338	0.885898	6.67762
3634.0	0.498298	1.40277	0.904475	0.81559	9.05437
3635.0	0.539355	0.158573	0.380782	0.806002	10.2506
3636.0	0.381685	-0.0595106	0.441195	0.854923	7.91512
3637.0	0.120134	0.51266	0.392525	0.861673	7.66483
3638.0	0.134976	0.16696	0.0319832	0.853932	8.15841
3639.0	0.987264	0.334883	0.652381	0.893417	6.093
3640.0	0.555059	0.94699	0.391931	0.913505	5.58406
3641.0	0.801061	0.669116	0.131945	0.881058	6.99044
3642.0	0.662506	0.705426	0.0429205	0.761713	12.7785
3643.0	0.208522	-0.0853069	0.293829	0.816908	9.77801
3644.0	0.445033	-0.249143	0.694176	0.803306	10.0151
3645.0	0.286172	0.203973	0.0821985	0.87829	7.11492
3646.0	0.1989	-0.0403741	0.239274	0.817235	9.79376
3647.0	0.108233	0.121851	0.0136181	0.872003	7.38312
3648.0	0.277731	0.960935	0.683204	0.848104	7.93389
3649.0	0.477125	0.588409	0.111284	0.826896	9.37952
3650.0	0.0466054	0.229715	0.18311	0.759981	12.8402
3651.0	0.926171	0.659143	0.267029	0.878596	7.0376
3652.0	0.516211	0.808119	0.291908	0.795233	10.8636
3653.0	0.850818	0.904375	0.0535575	0.977665	3.48211
3654.0	0.260898	-0.103259	0.364157	0.914126	5.5808
3655.0	0.184163	0.688624	0.504461	0.841684	8.44007
3656.0	0.931331	0.863054	0.0682775	0.863802	7.72625
3657.0	0.128575	-0.368574	0.497149	0.879795	6.81303
3658.0	0.698816	0.413653	0.285163	0.856835	7.94847
3659.0	0.207812	0.494015	0.286203	0.873885	7.22194
3660.0	0.853532	0.99253	0.138998	0.839499	8.78627
3661.0	0.792909	0.858797	0.0658885	0.841645	8.70426
3662.0	0.0179534	0.0439024	0.025949	0.806968	10.3615
3663.0	0.696652	0.505688	0.190964	0.875452	7.20256
3664.0	0.962787	1.16573	0.202942	0.788536	11.2622
3665.0	0.286105	0.796352	0.510248	0.852062	7.97257
3666.0	0.38959	0.598312	0.208722	0.754058	13.1709
3667.0	0.38399	1.1447	0.760714	0.727565	14.1226
3668.0	0.666043	0.684954	0.0189112	0.925025	5.30178
3669.0	0.946983	1.1963	0.249318	0.888217	6.6556
3670.0	0.640225	0.785331	0.145106	0.857557	7.97912
3671.0	0.28912	0.48893	0.19981	0.81195	10.0711
3672.0	0.721019	1.01772	0.296705	0.794947	10.8752
3673.0	0.573043	0.831383	0.25834	0.78978	11.1679
3674.0	0.563898	0.794255	0.230356	0.815626	9.87657
3675.0	0.201842	-0.303739	0.505582	0.812988	9.78475
3676.0	0.559974	0.45811	0.101864	0.754537	13.1825
3677.0	0.575738	0.43056	0.145178	0.813857	9.99798
3678.0	0.516308	0.647459	0.131151	0.798831	10.7548
3679.0	0.513008	0.29923	0.213779	0.705939	16.1994
3680.0	0.350396	0.0818702	0.268526	0.84123	8.65182
3681.0	0.832085	1.20914	0.377055	0.826228	9.27184
3682.0	0.772895	1.0505	0.277605	0.857758	7.91273
3683.0	0.318857	0.216014	0.102843	0.862031	7.79621
3684.0	0.38446	0.806677	0.422217	0.910016	5.69213
3685.0	0.688036	0.39873	0.289306	0.822108	9.53042
3686.0	0.833256	0.437196	0.39606	0.85927	7.76538
3687.0	0.0695637	-0.521856	0.591419	0.862429	7.43348
3688.0	0.464864	0.932978	0.468115	0.864154	7.49265
3689.0	0.219196	0.0999654	0.11923	0.794651	10.9733
3690.0	0.858659	1.02449	0.165831	0.888525	6.67753
3691.0	0.872158	0.914678	0.0425195	0.815595	9.93397
3692.0	0.648586	0.577493	0.0710928	0.802516	10.5807
3693.0	0.64385	0.517053	0.126798	0.813142	10.0385
3694.0	0.0128404	0.529396	0.516556	0.853281	7.91254
3695.0	0.959435	0.927636	0.0317994	0.861868	7.81305
3696.0	0.712927	0.916864	0.203937	0.716969	15.4681
3697.0	0.82112	1.55239	0.731269	0.979498	2.95424
3698.0	0.419361	0.27799	0.141371	0.764058	12.6238
3699.0	0.979256	1.46631	0.487057	0.868992	7.26999
3700.0	0.701114	1.20242	0.501306	0.831854	8.89259
3701.0	0.768658	0.704084	0.0645734	0.776769	11.9354
3702.0	0.553624	0.447499	0.106125	0.880209	7.03143
3703.0	0.480016	0.990317	0.510301	0.747386	13.3039
3704.0	0.650776	0.567586	0.0831906	0.723569	15.0831
3705.0	0.387978	0.651064	0.263086	0.846782	8.40462
3706.0	0.0387163	0.570634	0.531918	0.815246	9.64534
3707.0	0.0697642	0.301172	0.231408	0.80276	10.5145
3708.0	0.401398	0.340846	0.0605522	0.868883	7.51096
3709.0	0.769077	0.768291	0.000786391	0.836149	8.96051
3710.0	0.105926	-0.557609	0.663536	0.787597	10.8617
3711.0	0.596759	0.684408	0.0876495	0.81857	9.78297
3712.0	0.126386	0.0958781	0.0305074	0.813367	10.0441
3713.0	0.363992	0.692512	0.328519	0.844082	8.48531
3714.0	0.392027	0.749461	0.357434	0.793049	10.9288
3715.0	0.120527	0.608907	0.48838	0.903478	5.88367
3716.0	0.000765698	0.600066	0.5993	0.94177	4.36786
3717.0	0.798841	0.585463	0.213378	0.726027	14.8776
3718.0	0.424606	0.668336	0.24373	0.932432	4.97678
3719.0	0.417655	-0.185184	0.602839	0.836852	8.54497
3720.0	0.498782	0.532051	0.033269	0.852697	8.21275
3721.0	0.513949	0.158901	0.355048	0.828457	9.18419
3722.0	0.896625	0.577472	0.319153	0.81166	10.0175
3723.0	0.576469	0.681916	0.105446	0.742113	13.9204
3724.0	0.27426	0.502839	0.228579	0.901317	6.14775
3725.0	0.652699	0.728306	0.0756075	0.779517	11.7842
3726.0	0.952848	1.02534	0.0724894	0.847396	8.44397
3727.0	0.298784	0.0997618	0.199022	0.789203	11.2289
3728.0	0.259435	0.720361	0.460926	0.764722	12.3609
3729.0	0.897093	0.864008	0.0330848	0.826283	9.42069
3730.0	0.0250652	0.648842	0.623777	0.863349	7.35459
3731.0	0.404587	0.562086	0.157498	0.840121	8.75211
3732.0	0.543178	0.926489	0.383312	0.870108	7.31428
3733.0	0.195398	0.121652	0.0737461	0.88242	6.94673
3734.0	0.554958	0.0184335	0.536525	0.764421	12.2898
3735.0	0.492376	0.719228	0.226852	0.798469	10.735
3736.0	0.931903	1.14043	0.208524	0.829742	9.21216
3737.0	0.415121	0.857876	0.442755	0.776076	11.7523
3738.0	0.670389	0.756936	0.0865472	0.808198	10.2926
3739.0	0.0709477	0.48622	0.415272	0.735548	14.1247
3740.0	0.107215	0.0569595	0.0502557	0.899918	6.25075
3741.0	0.0273731	0.31805	0.290677	0.78595	11.3497
3742.0	0.0441099	0.566813	0.522703	0.837869	8.5933
3743.0	0.624498	0.787508	0.16301	0.828528	9.28728
3744.0	0.0434368	-0.367041	0.410478	0.900267	6.07553
3745.0	0.718087	0.909736	0.191649	0.812109	10.0667
3746.0	0.740432	0.870846	0.130415	0.702863	16.4467
3747.0	0.522072	1.01928	0.497211	0.914507	5.4572
3748.0	0.133148	0.0611485	0.0719991	0.848677	8.38685
3749.0	0.30539	0.0592113	0.246179	0.852372	8.16537
3750.0	0.955213	1.04372	0.0885085	0.811009	10.1527
3751.0	0.876011	0.766678	0.109333	0.94085	4.7207
3752.0	0.663944	0.747742	0.0837981	0.841319	8.71627
3753.0	0.663158	0.439357	0.223801	0.915161	5.62084
3754.0	0.0892069	-0.176129	0.265336	0.81737	9.77293
3755.0	0.493316	0.632288	0.138972	0.901353	6.1784
3756.0	0.826085	0.838947	0.0128628	0.837829	8.88301
3757.0	0.485492	-0.30691	0.792402	0.740982	13.2448
3758.0	0.0999822	0.120812	0.0208299	0.813726	10.027
3759.0	0.617789	0.928646	0.310857	0.798278	10.6944
3760.0	0.543481	0.14547	0.398011	0.867527	7.41129
3761.0	0.672945	0.851248	0.178303	0.727278	14.8152
3762.0	0.121246	0.218082	0.0968362	0.892169	6.54969
3763.0	0.289962	0.382712	0.0927495	0.860179	7.87815
3764.0	0.408865	0.979605	0.570739	0.812218	9.74612
3765.0	0.72644	0.846925	0.120485	0.930907	5.07395
3766.0	0.558162	0.132765	0.425397	0.887843	6.55329
3767.0	0.453518	-0.188908	0.642427	0.863954	7.30514
3768.0	0.331468	0.899802	0.568334	0.86645	7.29035
3769.0	0.836995	1.1278	0.290808	0.893854	6.40883
3770.0	0.850936	0.766673	0.084263	0.926438	5.24359
3771.0	0.211297	0.348688	0.137391	0.852725	8.19308
3772.0	0.491072	0.793415	0.302342	0.931663	4.97449
3773.0	0.152994	0.416673	0.26368	0.733869	14.3548
3774.0	0.245688	0.0609924	0.184696	0.813308	10.0107
3775.0	0.61896	0.443796	0.175165	0.864994	7.64866
3776.0	0.285192	0.674641	0.389449	0.93495	4.80034
3777.0	0.0485409	0.190803	0.142262	0.888547	6.68382
3778.0	0.651512	0.707142	0.0556304	0.787743	11.3473
3779.0	0.917355	0.581939	0.335416	0.754419	13.0678
3780.0	0.55452	0.864083	0.309563	0.882514	6.85278
3781.0	0.308119	0.876259	0.56814	0.927176	4.91998
3782.0	0.958778	0.97015	0.011372	0.783054	11.6002
3783.0	0.263863	0.0221579	0.241705	0.76795	12.3597
3784.0	0.852545	0.830578	0.0219674	0.840037	8.78158
3785.0	0.169868	0.414801	0.244934	0.893473	6.44803
3786.0	0.845104	1.2093	0.364194	0.85314	8.05706
3787.0	0.0745765	0.800838	0.726261	0.75735	12.4098
3788.0	0.226872	0.142598	0.084274	0.822156	9.61086
3789.0	0.976605	0.465975	0.51063	0.87785	6.87905
3790.0	0.393134	0.309295	0.0838386	0.782179	11.6392
3791.0	0.258647	0.0464816	0.212165	0.786134	11.3848
3792.0	0.5719	0.246819	0.325081	0.901764	6.07844
3793.0	0.587711	0.659123	0.0714117	0.848501	8.39478
3794.0	0.417186	0.505196	0.0880103	0.901868	6.16966
3795.0	0.398361	-0.118741	0.517103	0.865154	7.40128
3796.0	0.398209	-0.166628	0.564837	0.868191	7.22115
3797.0	0.374117	0.480607	0.10649	0.887641	6.72909
3798.0	0.812118	0.915679	0.103561	0.851722	8.24583
3799.0	0.37085	0.638689	0.267839	0.86515	7.60017
3800.0	0.00591971	0.226642	0.220722	0.81048	10.134
3801.0	0.983223	0.629882	0.353341	0.79741	10.7073
3802.0	0.128591	0.243645	0.115053	0.894057	6.47087
3803.0	0.0192613	0.360195	0.340934	0.865606	7.53547
3804.0	0.441791	0.392893	0.0488979	0.817277	9.85143
3805.0	0.574804	0.895005	0.320201	0.911701	5.70101
3806.0	0.581985	0.779768	0.197783	0.936625	4.84547
3807.0	0.343015	0.448655	0.105639	0.848865	8.37224
3808.0	0.616131	1.22935	0.613223	0.846533	8.09692
3809.0	0.0772288	-0.674282	0.751511	0.881288	6.43865
3810.0	0.372946	0.584356	0.21141	0.843816	8.56355
3811.0	0.666589	0.827172	0.160583	0.804677	10.4487
3812.0	0.686211	0.822697	0.136486	0.813947	9.99624
3813.0	0.39835	0.418335	0.0199855	0.810369	10.1926
3814.0	0.163316	-0.0592671	0.222583	0.856449	7.99801
3815.0	0.160046	0.239462	0.0794153	0.834909	9.01111
3816.0	0.36688	0.14093	0.22595	0.836994	8.86751
3817.0	0.911389	1.26822	0.35683	0.830265	9.09821
3818.0	0.0880085	-0.146487	0.234495	0.80743	10.2785
3819.0	0.285301	0.464021	0.17872	0.781632	11.6401
3820.0	0.543034	0.241037	0.301997	0.811757	10.0244
3821.0	0.737024	1.06114	0.32412	0.881403	6.88888
3822.0	0.668979	0.807695	0.138717	0.912311	5.75788
3823.0	0.685004	1.30384	0.618834	0.833832	8.66248
3824.0	0.710622	0.975556	0.264935	0.866822	7.53064
3825.0	0.0732709	0.936578	0.863307	0.816541	9.08662
3826.0	0.321133	0.359554	0.038421	0.815483	9.93982
3827.0	0.374067	0.0432472	0.33082	0.837363	8.78884
3828.0	0.349529	0.736585	0.387056	0.835927	8.8121
3829.0	0.945992	0.922015	0.0239769	0.807426	10.3387
3830.0	0.399099	0.914061	0.514962	0.894424	6.20964
3831.0	0.00522957	0.203144	0.197915	0.85855	7.91728
3832.0	0.0798865	0.251935	0.172048	0.829596	9.23385
3833.0	0.112111	0.531387	0.419275	0.75848	12.7583
3834.0	0.203793	0.370644	0.166851	0.872529	7.33311
3835.0	0.227681	0.406891	0.17921	0.831984	9.11949
3836.0	0.211334	0.475441	0.264106	0.8317	9.0926
3837.0	0.510491	1.06869	0.558199	0.958868	3.82603
3838.0	0.201362	-0.27044	0.471802	0.754412	12.9374
3839.0	0.537819	0.347395	0.190424	0.790208	11.1799
3840.0	0.685621	1.0434	0.357774	0.953364	4.17888
3841.0	0.695058	0.751502	0.0564436	0.861608	7.82204
3842.0	0.773243	-0.0216333	0.794876	0.860295	7.23911
3843.0	0.470169	0.875772	0.405602	0.746067	13.4973
3844.0	0.711986	0.99152	0.279534	0.967446	3.74996
3845.0	0.0323284	-0.386425	0.418753	0.813414	9.85127
3846.0	0.698273	0.811821	0.113548	0.748047	13.5619
3847.0	0.063136	0.0440484	0.0190876	0.867374	7.57828
3848.0	0.405929	0.755553	0.349625	0.76367	12.5257
3849.0	0.0641897	0.354733	0.290543	0.846109	8.41888
3850.0	0.96699	1.08367	0.116683	0.783613	11.5549
3851.0	0.938271	1.0144	0.0761282	0.874877	7.25732
3852.0	0.939547	0.689592	0.249955	0.879959	6.99047
3853.0	0.657425	0.241056	0.416369	0.786522	11.2187
3854.0	0.508677	0.559129	0.0504525	0.830492	9.2208
3855.0	0.988189	1.35833	0.370137	0.836419	8.80303
3856.0	0.985658	0.607646	0.378013	0.842565	8.51709
3857.0	0.279708	0.0649863	0.214722	0.848482	8.35286
3858.0	0.505303	0.68662	0.181317	0.95189	4.31638
3859.0	0.465957	0.215611	0.250346	0.80433	10.4253
3860.0	0.769801	0.550675	0.219126	0.805562	10.3796
3861.0	0.0731972	-0.367058	0.440255	0.833848	8.86128
3862.0	0.815044	0.91196	0.0969157	0.979936	3.40282
3863.0	0.292511	0.765016	0.472505	0.915005	5.46141
3864.0	0.839885	0.856151	0.0162661	0.863202	7.75646
3865.0	0.82348	0.818134	0.00534606	0.798568	10.7875
3866.0	0.898535	0.124285	0.77425	0.785996	10.767
3867.0	0.483699	0.74504	0.26134	0.753322	13.1844
3868.0	0.41479	0.513752	0.0989619	0.864949	7.67191
3869.0	0.299761	0.599783	0.300021	0.800661	10.5804
3870.0	0.673081	0.920132	0.247051	0.7885	11.2416
3871.0	0.461915	0.842437	0.380522	0.883019	6.78358
3872.0	0.658607	0.931686	0.273079	0.778561	11.7569
3873.0	0.59	0.608091	0.0180917	0.894935	6.44881
3874.0	0.435056	0.655584	0.220527	0.799898	10.6653
3875.0	0.150206	0.261592	0.111386	0.886671	6.76719
3876.0	0.175677	0.405004	0.229327	0.907851	5.89548
3877.0	0.174519	0.131247	0.0432716	0.812858	10.068
3878.0	0.757793	0.128411	0.629382	0.747937	13.1093
3879.0	0.756906	0.529526	0.22738	0.763763	12.6033
3880.0	0.498196	0.176732	0.321464	0.912707	5.66222
3881.0	0.744997	0.776934	0.0319377	0.784178	11.539
3882.0	0.354843	0.472911	0.118067	0.885329	6.81991
3883.0	0.294758	-0.102473	0.39723	0.884155	6.72464
3884.0	0.800633	0.803702	0.00306864	0.944207	4.6136
3885.0	0.00498988	0.395385	0.390395	0.762072	12.5808
3886.0	0.31595	0.554068	0.238118	0.873353	7.26955
3887.0	0.298585	0.885548	0.586964	0.877839	6.79613
3888.0	0.520654	0.651852	0.131198	0.717684	15.452
3889.0	0.927746	1.4455	0.517755	0.869498	7.21769
3890.0	0.462869	0.661599	0.19873	0.830497	9.18105
3891.0	0.845005	-0.124588	0.969593	0.87399	6.36502
3892.0	0.827413	0.511735	0.315678	0.848783	8.2837
3893.0	0.610894	0.609762	0.00113228	0.881431	6.99259
3894.0	0.515026	0.596486	0.0814599	0.808869	10.2601
3895.0	0.291461	0.455569	0.164108	0.914914	5.65229
3896.0	0.564487	0.838618	0.274131	0.835606	8.90587
3897.0	0.563385	0.371096	0.192289	0.802496	10.5463
3898.0	0.230277	0.301927	0.0716494	0.886484	6.78193
3899.0	0.713227	0.840714	0.127487	0.792432	11.0863
3900.0	0.695781	0.494078	0.201702	0.855083	8.06685
3901.0	0.777865	0.614064	0.163801	0.935645	4.89193
3902.0	0.775885	0.417311	0.358574	0.837577	8.75887
3903.0	0.77014	0.669196	0.100943	0.859154	7.92093
3904.0	0.193094	0.389769	0.196676	0.802768	10.5306
3905.0	0.835598	0.661021	0.174577	0.872063	7.34994
3906.0	0.419138	0.590248	0.17111	0.756262	13.0597
3907.0	0.735327	0.423959	0.311368	0.901499	6.0972
3908.0	0.643322	0.77005	0.126728	0.836787	8.91409
3909.0	0.0222454	0.048664	0.0264185	0.889006	6.68476
3910.0	0.0955946	-0.332484	0.428078	0.875472	7.05435
3911.0	0.459029	0.568042	0.109013	0.850643	8.29242
3912.0	0.0395708	0.418734	0.379163	0.906952	5.84191
3913.0	0.302802	0.361608	0.058806	0.797646	10.8309
3914.0	0.445022	0.310255	0.134767	0.789891	11.2171
3915.0	0.0825544	-0.109698	0.192252	0.833466	9.04541
3916.0	0.505146	0.160525	0.344621	0.834221	8.92357
3917.0	0.499374	-0.275023	0.774397	0.756753	12.3593
3918.0	0.206444	-0.00567871	0.212123	0.975634	3.51064
3919.0	0.556648	0.45424	0.102408	0.92223	5.39517
3920.0	0.742804	1.07631	0.333508	0.888697	6.58787
3921.0	0.736879	0.442467	0.294412	0.724219	14.9417
3922.0	0.279111	0.310921	0.0318105	0.841751	8.70298
3923.0	0.53246	0.639523	0.107062	0.848708	8.3789
3924.0	0.666261	0.793006	0.126745	0.815059	9.94461
3925.0	0.710109	1.31087	0.60076	0.894224	6.12423
3926.0	0.624285	0.412943	0.211342	0.899974	6.20744
3927.0	0.819795	0.910136	0.0903405	0.923362	5.35556
3928.0	0.916497	0.532211	0.384287	0.954213	4.13196
3929.0	0.704322	0.348595	0.355727	0.799555	10.5959
3930.0	0.673185	0.120861	0.552324	0.759425	12.5521
3931.0	0.965585	0.743032	0.222553	0.819702	9.68287
3932.0	0.381731	-0.408599	0.79033	0.773441	11.4052
3933.0	0.406575	0.579676	0.173101	0.864352	7.67684
3934.0	0.365695	-0.469119	0.834813	0.82869	8.56902
3935.0	0.927774	0.628839	0.298935	0.811656	10.0314
3936.0	0.177822	0.218018	0.0401957	0.884864	6.85104
3937.0	0.293788	0.164517	0.129271	0.909547	5.86534
3938.0	0.535203	0.815915	0.280712	0.761437	12.7035
3939.0	0.481385	0.781123	0.299738	0.902036	6.08326
3940.0	0.997399	0.764312	0.233087	0.809093	10.1965
3941.0	0.0202316	0.322725	0.302493	0.811189	10.052
3942.0	0.43956	0.44346	0.00389975	0.915533	5.65478
3943.0	0.200948	-0.0716246	0.272572	0.904765	5.99293
3944.0	0.55609	0.510543	0.0455464	0.851638	8.25853
3945.0	0.570205	0.591915	0.02171	0.837245	8.90953
3946.0	0.131929	0.309508	0.177578	0.902372	6.12693
3947.0	0.693704	0.666576	0.0271284	0.908353	5.92638
3948.0	0.66977	0.684124	0.0143536	0.762504	12.7354
3949.0	0.915618	0.599466	0.316152	0.840704	8.64643
3950.0	0.653416	1.43719	0.783774	0.726788	14.1275
3951.0	0.381885	0.512469	0.130584	0.858317	7.95017
3952.0	0.861385	1.08877	0.22739	0.920293	5.42773
3953.0	0.322067	0.589233	0.267166	0.727424	14.7567
3954.0	0.814955	0.830051	0.0150963	0.842606	8.66499
3955.0	0.75548	0.740398	0.0150814	0.843719	8.61462
3956.0	0.103357	-0.0187439	0.122101	0.846169	8.48889
3957.0	0.599811	1.20815	0.608343	0.780426	11.3192
3958.0	0.227998	-0.0162973	0.244295	0.72392	14.9946
3959.0	0.0460643	-0.2092	0.255264	0.801349	10.5731
3960.0	0.623374	0.603658	0.019716	0.872041	7.38133
3961.0	0.652546	0.42568	0.226867	0.718509	15.3548
3962.0	0.775988	0.714866	0.0611218	0.790159	11.2193
3963.0	0.796042	0.653137	0.142905	0.903077	6.1104
3964.0	0.16993	0.106706	0.0632247	0.822064	9.61865
3965.0	0.791671	0.926384	0.134714	0.899363	6.25716
3966.0	0.563042	0.254403	0.308639	0.937569	4.75957
3967.0	0.740245	0.521736	0.218508	0.81289	10.0162
3968.0	0.477702	0.175939	0.301764	0.834741	8.92891
3969.0	0.418853	0.128982	0.289871	0.834263	8.95846
3970.0	0.654675	0.475645	0.17903	0.787463	11.3292
3971.0	0.636359	0.879826	0.243467	0.885302	6.77599
3972.0	0.516769	0.43853	0.0782382	0.841443	8.71159
3973.0	0.212732	0.282182	0.0694498	0.856405	8.04611
3974.0	0.118741	-0.0210768	0.139818	0.835918	8.95045
3975.0	0.376328	0.0423617	0.333966	0.831005	9.08049
3976.0	0.335644	0.66768	0.332036	0.823797	9.42127
3977.0	0.783368	0.686968	0.0963995	0.836792	8.921
3978.0	0.539335	0.440566	0.0987695	0.721976	15.1822
3979.0	0.621769	0.270897	0.350872	0.873797	7.18418
3980.0	0.662515	0.964965	0.30245	0.858713	7.85647
3981.0	0.201343	0.322151	0.120808	0.864124	7.70229
3982.0	0.908751	0.87475	0.0340012	0.836018	8.96532
3983.0	0.0819644	-0.801953	0.883917	0.790009	10.3575
3984.0	0.806565	0.734691	0.0718735	0.777392	11.9003
3985.0	0.792952	0.415692	0.37726	0.881937	6.83001
3986.0	0.562767	0.419361	0.143407	0.751898	13.3249
3987.0	0.890086	1.02082	0.130737	0.740794	13.9933
3988.0	0.405672	1.37494	0.969267	0.864809	6.74216
3989.0	0.422228	0.0229652	0.399262	0.800706	10.501
3990.0	0.730696	0.565352	0.165344	0.9212	5.41726
3991.0	0.166055	0.430264	0.264208	0.849736	8.27242
3992.0	0.923061	0.90576	0.0173006	0.787983	11.3378
3993.0	0.895967	0.883407	0.01256	0.819951	9.7244
3994.0	0.918438	0.993106	0.0746679	0.775097	12.0252
3995.0	0.73539	0.565612	0.169778	0.932388	5.00701
3996.0	0.338125	-0.31095	0.649075	0.866576	7.18602
3997.0	0.839081	0.951345	0.112264	0.816996	9.85396
3998.0	0.0701463	0.0793753	0.00922902	0.821117	9.66835
3999.0	0.111323	0.473028	0.361705	0.89704	6.23807
4000.0	0.222122	0.0927572	0.129365	0.829414	9.25618
4001.0	0.779042	0.472342	0.306699	0.769794	12.2154
4002.0	0.731479	0.581492	0.149988	0.813113	10.0329
4003.0	0.901623	0.576496	0.325127	0.829327	9.16512
4004.0	0.655559	0.580448	0.0751109	0.817272	9.84811
4005.0	0.921562	0.841661	0.079901	0.855988	8.0627
4006.0	0.91741	1.07877	0.161363	0.745112	13.7215
4007.0	0.912769	1.12818	0.215412	0.742488	13.8548
4008.0	0.678192	0.588347	0.0898453	0.801563	10.6257
4009.0	0.842866	0.609318	0.233548	0.859336	7.86743
4010.0	0.733026	1.15779	0.424762	0.829873	9.05994
4011.0	0.130685	0.367253	0.236568	0.859604	7.85437
4012.0	0.153807	0.346538	0.192731	0.848192	8.37512
4013.0	0.322908	0.52637	0.203463	0.82251	9.55686
4014.0	0.95703	1.07067	0.113641	0.777513	11.8847
4015.0	0.612063	0.624078	0.0120154	0.834966	9.01501
4016.0	0.466059	0.685607	0.219548	0.853734	8.1183
4017.0	0.608233	0.462344	0.145888	0.752704	13.2767
4018.0	0.63597	0.165417	0.470553	0.908647	5.70268
4019.0	0.0646541	0.132436	0.0677823	0.757627	13.01
4020.0	0.163832	0.38839	0.224558	0.877825	7.09031
4021.0	0.458015	1.25268	0.794665	0.835499	8.32631
4022.0	0.497037	0.287555	0.209482	0.904099	6.04808
4023.0	0.712486	1.14541	0.432928	0.810545	9.97881
4024.0	0.725248	0.93311	0.207862	0.925886	5.22969
4025.0	0.657586	0.763287	0.105701	0.833092	9.09022
4026.0	0.257371	0.301695	0.0443239	0.793666	11.0382
4027.0	0.666319	0.546292	0.120027	0.845364	8.52558
4028.0	0.556205	0.275835	0.28037	0.720497	15.1914
4029.0	0.175595	0.32364	0.148045	0.941348	4.69389
4030.0	0.519547	0.733882	0.214335	0.861147	7.79806
4031.0	0.995655	0.811055	0.184601	0.88176	6.9451
4032.0	0.712835	1.06882	0.355983	0.800691	10.5381
4033.0	0.222625	0.0379093	0.184716	0.876951	7.14279
4034.0	0.282679	0.304198	0.0215186	0.748908	13.5257
4035.0	0.297489	0.348435	0.0509454	0.91927	5.51249
4036.0	0.730943	0.453856	0.277088	0.913249	5.66723
4037.0	0.356375	0.34536	0.011015	0.915682	5.6491
4038.0	0.118648	-0.137421	0.256069	0.880824	6.95191
4039.0	0.501929	0.766045	0.264116	0.756155	13.0178
4040.0	0.0419061	0.66123	0.619324	0.810624	9.76119
4041.0	0.709029	0.145035	0.563995	0.822786	9.24627
4042.0	0.411017	0.119915	0.291102	0.804455	10.3946
4043.0	0.537064	1.24152	0.704456	0.746954	13.048
4044.0	0.2666	0.505664	0.239064	0.861707	7.76245
4045.0	0.7652	0.705635	0.0595646	0.795919	10.9197
4046.0	0.55838	0.632135	0.0737554	0.905177	6.04378
4047.0	0.320539	0.483201	0.162662	0.802312	10.5673
4048.0	0.604285	0.617698	0.0134136	0.824243	9.5186
4049.0	0.326269	0.119713	0.206556	0.882454	6.90818
4050.0	0.526518	0.687497	0.160979	0.84317	8.61247
4051.0	0.553072	0.767279	0.214207	0.864399	7.65856
4052.0	0.975853	0.615482	0.360372	0.818004	9.67772
4053.0	0.0175067	0.441591	0.424084	0.801584	10.4339
4054.0	0.522207	0.346629	0.175577	0.736869	14.2167
4055.0	0.388133	0.168942	0.219191	0.866891	7.55025
4056.0	0.381038	0.250456	0.130583	0.867228	7.56749
4057.0	0.539055	1.04632	0.507261	0.81343	9.76132
4058.0	0.329807	0.421001	0.0911947	0.749214	13.4981
4059.0	0.313015	0.838008	0.524993	0.750851	13.0818
4060.0	0.281724	0.298712	0.0169883	0.818929	9.77365
4061.0	0.554371	0.745685	0.191314	0.842025	8.65307
4062.0	0.967214	0.595103	0.372111	0.81952	9.59538
4063.0	0.761067	0.663146	0.0979206	0.790736	11.1825
4064.0	0.180562	-0.29101	0.471572	0.799478	10.4934
4065.0	0.0424138	0.365942	0.323528	0.807746	10.208
4066.0	0.860295	0.676887	0.183408	0.881526	6.95511
4067.0	0.603523	0.514765	0.0887578	0.850784	8.29033
4068.0	0.168333	0.576814	0.408481	0.887269	6.59019
4069.0	0.661205	0.731348	0.0701427	0.814253	9.99622
4070.0	0.0236582	0.423623	0.399965	0.841763	8.53541
4071.0	0.116583	0.133949	0.0173655	0.923623	5.35339
4072.0	0.350978	0.021398	0.32958	0.859037	7.82487
4073.0	0.599687	0.578293	0.0213948	0.90306	6.13047
4074.0	0.580112	0.974013	0.393901	0.85499	7.95284
4075.0	0.560462	0.658118	0.0976559	0.760258	12.8527
4076.0	0.254728	0.511275	0.256547	0.855474	8.0238
4077.0	0.914246	0.511846	0.402401	0.821044	9.49693
4078.0	0.127083	0.441632	0.314549	0.837935	8.77373
4079.0	0.0956012	-0.103815	0.199416	0.856981	7.98493
4080.0	0.38944	0.319476	0.0699643	0.870014	7.46196
4081.0	0.568606	0.589017	0.0204114	0.699104	16.7284
4082.0	0.428075	0.59391	0.165835	0.878942	7.06726
4083.0	0.800059	1.00586	0.205797	0.852141	8.19447
4084.0	0.568873	0.798273	0.2294	0.77594	11.9247
4085.0	0.384795	0.118349	0.266447	0.817132	9.78383
4086.0	0.0604468	0.594873	0.534426	0.877949	6.85022
4087.0	0.221878	0.633601	0.411723	0.891792	6.40712
4088.0	0.598406	0.550534	0.0478718	0.884703	6.8569
4089.0	0.872522	0.218937	0.653585	0.794176	10.5364
4090.0	0.149225	0.089293	0.0599315	0.872966	7.33932
4091.0	0.90975	0.839175	0.0705756	0.876129	7.20613
4092.0	0.900227	0.812947	0.0872796	0.858046	7.97166
4093.0	0.803894	0.860972	0.0570775	0.835386	8.99228
4094.0	0.255913	0.358654	0.10274	0.879547	7.05935
4095.0	0.879601	1.18327	0.303666	0.831173	9.09324
4096.0	0.530557	0.542868	0.0123114	0.725212	14.9862
4097.0	0.524127	0.35758	0.166547	0.735961	14.2765
4098.0	0.592232	0.826079	0.233847	0.855253	8.04499
4099.0	0.822126	0.638883	0.183243	0.885287	6.80211
4100.0	0.799679	0.847788	0.0481087	0.823792	9.53782
4101.0	0.317914	1.018	0.700083	0.810421	9.65551
4102.0	0.87443	0.716249	0.158181	0.864026	7.69582
4103.0	0.869313	0.739098	0.130215	0.881087	6.98971
