IND_ID	PosInd_X	PosInd_Y	PhenValue	Region

7	1.05282	9.33143	0.739521	1
10	0.615644	21.7067	0.475331	1
17	1.46584	10.8277	0.20885	1
26	1.39847	6.57757	1.49247	1
46	1.72507	3.57463	1.06087	1
52	1.41946	22.973	1.05052	1
56	0.19935	21.5976	1.22215	1
58	0.133312	13.1944	1.16474	1
64	0.104239	24.0235	0.675503	1
70	1.48804	17.5054	1.19906	1
81	2.0471	12.5705	0.625691	1
93	1.72921	16.0715	1.08073	1
96	1.13868	10.6887	0.722031	1
119	2.35683	18.4377	0.149366	1
130	0.316136	18.5824	1.0238	1
137	1.21424	17.6452	0.448119	1
167	0.150475	17.7393	-0.305592	1
175	0.993476	23.0924	0.319496	1
181	2.34889	4.61243	1.38111	1
190	1.2675	12.942	0.462717	1
204	1.1273	20.4454	1.54966	1
205	0.209	5.23455	0.851076	1
213	2.33099	13.1466	0.267232	1
214	0.850953	22.1113	0.964206	1
222	1.01411	17.0444	0.204985	1
232	2.21655	5.95467	1.22113	1
242	2.005	7.28187	1.88363	1
248	0.895479	2.37606	0.347986	1
249	1.01114	15.6053	1.62366	1
270	0.305111	15.9133	0.847087	1
277	2.36547	1.67315	0.235532	1
289	0.209733	18.7002	1.05868	1
315	1.3658	4.94763	0.292181	1
323	1.23949	9.41615	-0.0621673	1
326	0.343345	8.39302	0.876055	1
349	0.851519	15.347	1.04833	1
352	0.443979	15.8304	1.39612	1
359	1.88583	5.44768	0.89124	1
365	1.62341	15.3482	0.985782	1
367	1.37704	3.35462	0.887533	1
374	0.719431	3.83731	0.2754	1
389	0.769357	20.0591	1.82329	1
396	2.48131	8.65827	0.846154	1
405	0.735583	16.4895	0.0524719	1
441	2.31048	22.7693	0.371013	1
495	1.11849	3.97782	1.08137	1
525	2.25995	15.8878	0.786727	1
544	2.48022	0.0112022	0.931431	1
557	0.935996	8.76622	-0.140572	1
566	1.81313	6.07723	0.920528	1
579	0.912848	1.73158	0.520853	1
585	0.0261891	6.59429	1.86029	1
587	0.438453	1.82592	0.660367	1
600	1.11723	22.1707	0.553864	1
612	0.134692	22.9057	0.328263	1
616	2.3302	22.7587	0.583865	1
620	2.42837	24.2539	0.435914	1
622	0.212162	11.7789	0.544315	1
626	1.30941	2.62339	1.01744	1
634	2.28279	24.1766	0.674529	1
636	0.556813	10.0181	1.34658	1
642	0.0862948	19.5174	0.353878	1
671	0.870767	13.3762	1.17353	1
684	1.2178	1.72282	1.13008	1
711	0.376801	8.59512	0.473803	1
712	1.28342	17.3097	0.81521	1
720	0.531781	10.9902	-0.0738447	1
722	1.02049	24.7369	0.697054	1
731	0.738324	1.47701	1.06442	1
733	0.687655	14.117	0.876254	1
737	1.34562	22.822	0.335798	1
744	1.53911	19.4241	1.67098	1
748	0.620515	19.1418	0.350268	1
755	0.451823	6.51727	0.734526	1
762	2.37542	12.0873	0.212189	1
777	1.12916	4.84468	1.55284	1
781	1.31768	7.30458	2.23642	1
799	1.00601	14.2365	0.410815	1
813	2.44285	20.6117	-0.0808808	1
825	1.32259	1.96976	0.0665729	1
832	0.830628	24.5735	0.633852	1
851	2.38736	7.13927	0.917932	1
861	1.46273	11.313	1.57116	1
862	2.49251	0.0451014	1.56736	1
864	1.20245	24.8386	0.73311	1
867	0.892703	0.701073	0.94546	1
869	0.912836	1.09229	1.03402	1
896	1.40987	8.58627	0.830584	1
903	2.28794	12.5544	1.1592	1
904	1.93841	14.2882	0.82141	1
905	1.04088	13.6776	1.2875	1
929	1.04242	11.0214	0.543889	1
972	1.52057	12.103	-0.0942009	1
975	2.03155	11.7379	0.374451	1
987	0.0507788	5.55234	0.264688	1
991	1.44814	1.13828	1.25503	1
1001	1.28345	20.4948	0.776878	1
1002	0.00125316	2.70423	1.33663	1
1009	0.637011	19.7091	0.531594	1
1015	2.25896	16.582	0.428696	1
1027	1.06742	7.35242	0.877106	1
1034	1.84159	20.9207	0.946366	1
1036	2.41477	21.7398	0.180258	1
1061	1.34207	1.47313	1.40635	1
1071	2.3776	9.00459	1.60148	1
1073	1.66481	14.0181	0.910146	1
1084	1.3336	0.7857	0.902048	1
1085	1.88616	7.81395	1.21054	1
1093	0.406193	9.11707	1.15018	1
1095	1.57901	12.8715	0.26679	1
1106	0.226041	7.50001	1.19693	1
1122	1.77095	3.71452	0.273968	1
1123	1.96448	3.77238	0.395855	1
1124	1.83747	16.4911	0.805597	1
1148	2.21676	1.31601	0.44799	1
1159	0.61299	0.545954	0.854436	1
1167	1.60108	15.6019	0.500548	1
1171	1.12386	21.1592	1.86624	1
1182	0.822535	1.79288	1.36406	1
1186	0.486379	3.90785	0.930493	1
1188	1.41995	4.78025	0.332558	1
1195	2.22504	11.8972	0.714949	1
1199	0.572381	7.20378	0.728143	1
1207	1.94982	15.2567	0.348708	1
1217	0.182242	10.1133	0.817782	1
1221	0.908559	11.0329	0.677375	1
1232	1.51624	5.79696	1.76023	1
1238	2.02361	13.0694	1.36879	1
1247	2.38808	11.7662	1.03043	1
1253	0.0661241	15.4009	0.988415	1
1263	0.910451	23.7221	0.176595	1
1291	0.813131	5.46437	0.472041	1
1302	2.46283	2.87816	2.29016	1
1322	0.0917485	12.8117	0.362325	1
1334	2.36594	11.4358	1.55986	1
1377	1.94458	19.8456	0.840396	1
1395	0.927488	5.93618	0.680079	1
1398	1.27376	14.8308	0.795081	1
1410	0.414081	23.4503	0.430441	1
1462	1.8229	15.1033	0.475627	1
1463	1.53079	3.72325	1.27272	1
1467	2.00038	11.268	-0.0896625	1
1499	2.4637	15.7582	0.00375441	1
1507	0.897276	8.35947	1.13903	1
1513	1.22042	18.8692	0.666735	1
1516	2.3078	0.780137	0.758987	1
1553	2.42905	11.1077	-0.0291632	1
1567	2.33543	15.5866	1.05021	1
1592	0.88945	19.0663	0.758717	1
1614	1.6069	20.2616	0.531028	1
1619	0.322106	16.0946	0.471168	1
1622	2.22688	21.7753	1.40222	1
1623	1.065	1.11629	0.394121	1
1629	2.18206	11.4637	0.26464	1
1632	1.39188	16.9275	1.13403	1
1634	2.0095	7.39546	1.40726	1
1636	0.682465	22.2347	1.31639	1
1650	1.26695	3.29428	0.441838	1
1667	1.01147	14.7192	0.628768	1
1683	2.0057	17.9384	0.183773	1
1689	1.4032	18.6339	0.998355	1
1695	2.04839	10.0154	1.08325	1
1700	0.217674	2.64784	0.555637	1
1707	1.75438	8.92795	1.337	1
1717	1.13878	4.4587	0.0654598	1
1725	1.24601	7.71775	0.759635	1
1729	0.437799	14.2833	1.25407	1
1734	0.517479	13.0638	1.52802	1
1744	2.3875	9.20838	0.0539117	1
1745	1.66989	8.46923	0.781544	1
1761	0.378	16.4876	0.830837	1
1774	1.82325	15.8427	1.13599	1
1775	1.31362	4.44627	1.50332	1
1776	0.0945024	8.25975	1.30435	1
1788	1.94174	19.7485	0.0627669	1
1824	1.0618	19.8049	0.675662	1
1834	0.457993	20.5953	0.637369	1
1835	1.64783	20.8455	0.747147	1
1841	2.28698	15.9362	0.489925	1
1860	2.31567	2.66799	0.683545	1
1862	2.48753	16.3339	-0.348489	1
1873	0.480024	12.0537	0.424837	1
1876	2.18538	23.7361	0.394977	1
1897	0.446285	16.749	-0.0043637	1
1925	0.361317	22.8284	0.645718	1
1936	1.26038	18.7919	1.27788	1
1939	0.300558	7.53965	0.648229	1
1944	2.28705	7.3689	1.3214	1
1948	0.92099	12.4413	0.644793	1
1950	0.0346616	17.8405	1.3282	1
1952	2.2181	5.45267	0.856918	1
1953	1.50544	0.178131	0.236289	1
1956	0.313348	16.6497	0.66551	1
1964	1.68095	6.36538	1.46715	1
1974	2.02839	16.648	0.318222	1
1975	2.38591	18.9388	0.663991	1
1981	0.570204	24.9454	0.453492	1
1982	1.01252	23.5257	0.411827	1
1983	0.541255	12.4341	1.51665	1
1984	1.26969	16.2357	0.306215	1
2000	1.75661	1.21606	0.602433	1
2037	1.6735	1.30243	0.769235	1
2038	2.04126	20.4301	-0.079782	1
2049	0.0472604	5.11449	1.1388	1
2087	1.24497	1.97963	0.771323	1
2097	2.02895	20.3801	0.914699	1
2123	0.666105	11.2416	1.01352	1
2138	0.548224	11.3202	0.494663	1
2151	1.01737	14.6317	0.200109	1
2154	0.592299	3.04199	1.4091	1
2188	1.48891	4.99178	1.51764	1
2189	1.36039	11.4526	0.106126	1
2201	1.52083	17.9583	1.21953	1
2212	2.07941	24.6363	0.765334	1
2214	1.98964	0.536931	1.4146	1
2216	1.62164	15.9298	0.907159	1
2217	1.97911	10.4942	0.81299	1
2220	0.393628	23.1365	0.0237849	1
2234	0.92516	11.0919	0.264834	1
2241	2.44301	17.6006	1.28428	1
2242	1.80563	13.6217	0.10224	1
2246	0.761733	1.27672	1.14446	1
2247	1.46648	14.9514	0.747626	1
2280	1.49763	3.10496	0.414048	1
2281	0.148945	13.4041	0.537956	1
2282	0.714076	11.7481	0.62375	1
2300	1.95289	7.38419	0.727358	1
2301	2.33643	0.289756	0.99722	1
2302	0.342213	16.0683	0.900391	1
2312	1.73641	10.3223	0.809067	1
2330	0.892213	19.2692	0.570203	1
2331	0.486407	18.1998	0.518756	1
2334	1.74936	7.45931	0.627144	1
2335	1.72811	12.8416	0.789822	1
2340	1.32605	0.497528	1.07896	1
2382	1.84542	1.84226	0.924023	1
2399	0.152079	23.5916	0.435455	1
2400	0.333124	5.44565	0.468633	1
2401	0.205966	16.499	1.37569	1
2402	0.437462	16.2419	0.505597	1
2411	1.96569	17.296	0.855448	1
2421	1.73432	19.9153	-0.0829506	1
2449	0.620829	13.8444	0.390476	1
2452	0.663819	22.4885	0.658866	1
2455	0.52361	11.9273	0.834672	1
2488	2.0961	18.3302	0.555743	1
2495	0.41658	5.91504	1.44356	1
2498	1.44964	11.6714	1.1722	1
2499	1.8808	12.3795	1.34256	1
2511	1.83044	16.1382	1.35252	1
2512	0.485368	21.1603	0.590595	1
2513	2.26516	13.0035	0.451496	1
2515	0.53906	22.6955	1.07005	1
2548	0.503115	23.9715	-0.276322	1
2572	1.30402	19.7529	0.544949	1
2602	1.00498	7.8494	0.494728	1
2615	1.01756	4.29842	0.920415	1
2632	2.44222	22.2659	0.383442	1
2640	1.94996	11.3257	0.750855	1
2646	0.806537	0.188184	0.364683	1
2653	1.05845	16.4393	1.57483	1
2654	0.63268	16.629	1.03539	1
2669	1.23323	13.4148	0.723218	1
2672	2.33778	7.63546	0.719256	1
2681	0.819346	13.3569	0.243139	1
2682	0.0838956	19.0579	0.140711	1
2683	0.625083	3.00582	1.08983	1
2684	0.0252416	2.47548	0.396796	1
2700	2.4582	20.8164	1.13115	1
2709	0.0659323	3.77588	0.527676	1
2721	2.48225	15.0563	-0.386739	1
2726	1.30224	1.35691	0.425038	1
2727	0.704772	0.807947	0.498588	1
2737	0.64482	20.9582	1.13496	1
2744	2.25779	8.63357	0.53796	1
2765	0.199711	16.9042	0.755749	1
2768	1.95336	20.9931	1.18	1
2772	2.46752	19.3762	1.21892	1
2787	0.4452	15.9042	0.514773	1
2796	2.31132	8.72118	0.816742	1
2817	2.11698	3.59982	0.668473	1
2824	1.15761	19.4135	0.602153	1
2829	2.33391	17.7198	0.717374	1
2834	2.0156	5.22389	0.898226	1
2838	0.698683	22.9779	0.919514	1
2851	1.1936	0.0876372	0.215701	1
2858	1.97416	15.76	1.06344	1
2871	0.291471	2.51551	0.801943	1
2889	0.486346	12.3218	0.525562	1
2892	0.0472119	17.9576	0.79758	1
2905	2.01924	22.1993	0.630816	1
2917	2.09195	15.7775	0.023876	1
2924	1.29947	18.1668	0.351811	1
2939	2.45025	12.0983	0.544229	1
2945	1.30328	6.39108	0.300872	1
2950	1.71625	23.7606	1.1186	1
2981	1.01702	23.6576	-0.42228	1
2983	0.783332	8.02354	1.46034	1
3001	1.80256	5.96808	0.932737	1
3006	0.746248	19.4686	1.08232	1
3008	0.558837	1.77094	0.578143	1
3039	2.04293	6.97538	1.30812	1
3044	0.12802	17.8181	1.04944	1
3092	2.20594	2.45749	1.32285	1
3093	1.89638	2.89743	1.51465	1
3097	1.41846	11.5459	0.742898	1
3106	0.229073	16.4688	0.717349	1
3107	2.3337	12.3449	0.0615479	1
3116	0.821807	9.76781	0.601418	1
3119	1.43019	23.4146	0.0760823	1
3120	1.15514	11.3793	0.686783	1
3157	1.96141	16.439	0.626531	1
3160	1.77788	11.1699	0.569712	1
3176	0.634369	12.169	0.258309	1
3184	1.96548	5.61179	0.653177	1
3196	0.789985	3.99549	0.603391	1
3214	1.65466	21.5737	0.369663	1
3219	2.21521	6.09202	1.11748	1
3226	1.68147	0.877902	0.514628	1
3288	1.63202	17.1405	0.337002	1
3346	1.33626	21.1659	0.953964	1
3354	0.338702	12.9766	1.43692	1
3360	0.7753	2.59825	1.0199	1
3364	2.25879	16.1925	-0.212908	1
3367	2.29626	16.6279	0.229632	1
3379	0.0114486	4.95406	1.19046	1
3388	2.34059	9.03015	0.892274	1
3389	1.89945	8.70346	1.03928	1
3397	0.768482	14.8415	0.642427	1
3399	1.65947	12.4214	0.218583	1
3401	1.36975	15.1279	0.826947	1
3413	1.75239	13.8282	0.0328641	1
3417	0.446405	23.4991	0.595205	1
3435	1.15474	13.9418	0.727969	1
3439	2.10205	20.8381	0.54213	1
3449	1.05184	19.3131	0.497826	1
3462	2.09552	8.13787	0.629163	1
3469	1.19452	14.4273	0.445236	1
3476	0.966881	20.4373	0.529262	1
3478	2.25655	20.4889	1.437	1
3510	1.49792	16.0308	0.94769	1
3511	1.29144	1.18492	0.860723	1
3528	1.30296	13.2467	0.80481	1
3531	1.28608	14.4271	0.631884	1
3534	1.9104	24.4148	0.88245	1
3537	2.16284	21.0465	0.609373	1
3579	0.48609	15.1501	1.05807	1
3588	2.49161	8.95598	0.599639	1
3613	0.720507	11.6866	0.581554	1
3623	1.1673	7.44806	0.506899	1
3626	1.26127	5.74013	1.96312	1
3628	2.44252	3.51371	0.375299	1
3637	1.27695	17.1778	0.592246	1
3642	0.943072	16.4833	0.545794	1
3647	0.625044	1.74072	1.49794	1
3658	2.31261	10.9064	-0.135934	1
3659	2.03421	16.93	0.61881	1
3678	1.44093	8.96456	1.05642	1
3704	2.121	23.8055	0.36174	1
3714	1.3387	20.1692	0.866931	1
3728	0.341297	9.70115	0.852694	1
3738	2.34939	0.816837	0.399691	1
3741	2.49008	16.5789	0.468355	1
3746	0.819617	16.8958	0.473366	1
3747	2.04111	7.29915	1.08679	1
3752	1.0158	4.06476	0.679501	1
3759	1.54941	2.86325	0.321679	1
3763	0.076452	19.2283	0.769442	1
3773	1.38316	13.7138	0.120897	1
3774	1.49214	12.7526	0.0327864	1
3800	1.55247	0.610194	0.338981	1
3846	0.23651	3.1817	1.21817	1
3855	0.236675	9.65584	1.82589	1
3865	1.94779	10.9584	0.413513	1
3883	0.526169	12.1736	0.403857	1
3884	0.771991	12.4419	1.05276	1
3914	1.49176	16.13	0.938368	1
3935	2.23574	2.63218	0.2194	1
3939	1.10762	1.25286	0.478233	1
3948	1.79313	21.3255	0.185978	1
3954	1.19998	9.33116	0.892315	1
4018	0.756672	6.76173	0.885257	1
4021	0.201005	10.9693	0.889946	1
4024	2.03505	6.60021	0.708566	1
41	3.51686	12.3187	0.549023	2
49	3.81473	4.48636	1.12024	2
92	3.48563	15.3704	0.754901	2
106	3.26875	20.4509	0.46534	2
107	4.55783	17.5309	-0.256504	2
109	2.57567	9.94755	1.33916	2
122	4.79692	17.2824	1.42055	2
124	3.15308	12.7153	0.384823	2
132	3.83369	3.00562	1.46251	2
139	4.94664	19.7432	1.40276	2
154	3.92636	24.2621	0.374849	2
165	2.80425	20.2647	0.492004	2
173	4.11457	9.9476	0.187548	2
179	3.03852	15.0761	1.08996	2
217	3.3754	10.9194	0.478742	2
228	4.25035	7.5417	0.168064	2
240	4.50021	17.2886	0.369962	2
259	3.23531	1.31625	1.59143	2
265	3.64629	3.5521	0.00537906	2
267	2.76292	1.56328	1.49327	2
271	2.73718	20.6222	0.880692	2
278	4.28058	0.699036	0.587242	2
296	3.11403	24.9808	0.181275	2
301	2.88613	10.8557	0.477198	2
316	3.33348	3.47996	0.854228	2
328	3.68558	0.468951	0.809516	2
335	3.59747	3.65909	1.31677	2
339	4.44417	22.8633	0.999929	2
351	3.29149	11.6629	0.39559	2
378	3.79452	21.9614	1.01139	2
390	3.17241	6.83994	0.651502	2
410	2.67311	8.0932	1.34384	2
416	4.52891	8.88963	0.423211	2
419	4.73291	12.5162	0.451865	2
466	4.03713	4.25624	1.34574	2
467	3.44097	14.063	0.555755	2
473	3.35855	18.5549	0.886925	2
487	4.6372	20.4027	0.582564	2
488	2.53814	18.9148	0.983796	2
507	3.83106	21.87	1.07165	2
511	4.97352	19.7054	1.26442	2
522	4.77496	17.4619	0.0246397	2
531	4.74691	23.9049	1.07212	2
534	2.79076	8.78738	1.04575	2
543	2.94143	1.99783	0.460007	2
563	4.54359	6.15476	0.941372	2
578	2.60553	8.89386	0.867167	2
595	4.67059	18.0329	0.384453	2
599	3.41996	7.85761	2.21496	2
601	4.03881	20.847	0.668437	2
610	2.55965	22.6943	1.30941	2
613	3.19221	18.8587	1.89771	2
630	3.75535	16.459	1.08257	2
631	3.39993	1.21664	0.109531	2
650	3.23833	22.7722	-0.401501	2
664	2.72823	0.310246	0.741983	2
692	4.0251	3.88289	0.690665	2
700	4.04318	23.0377	0.841897	2
701	4.30057	6.89123	0.184254	2
715	3.67753	9.98016	1.1504	2
721	3.07807	6.25731	0.850041	2
747	3.8192	15.4075	0.683946	2
750	3.47328	17.1423	-0.258855	2
752	3.05947	17.4075	1.05017	2
768	2.95908	15.093	0.395123	2
780	4.64726	0.822774	1.22211	2
793	3.88027	21.8904	-0.233359	2
794	4.30512	5.2825	1.36584	2
815	4.38828	2.19646	1.04604	2
818	3.38858	5.34421	1.6536	2
838	2.79933	21.3359	0.383418	2
846	2.99951	3.49657	0.770103	2
852	3.3803	20.6099	1.823	2
854	4.51103	2.14443	1.2937	2
860	2.66482	8.39131	0.696082	2
866	3.87449	8.59774	0.386111	2
868	2.83553	19.3267	0.750807	2
871	3.66817	9.98326	0.0784571	2
876	4.15278	24.6304	0.487381	2
889	4.17645	17.5778	1.61954	2
900	2.80597	11.144	0.0455067	2
907	3.86042	24.8147	0.785618	2
908	3.97678	5.92678	1.00051	2
916	4.85322	10.1039	0.598133	2
917	3.07838	10.6504	0.285452	2
919	2.79891	2.46884	0.492705	2
920	3.84708	8.74425	0.617051	2
931	4.61593	11.9173	0.569407	2
950	3.61832	23.0253	0.867151	2
959	3.66408	14.2417	0.726614	2
980	4.28896	1.43708	1.68679	2
990	3.86547	17.6065	1.61263	2
992	4.39197	12.2032	1.36466	2
1008	3.28125	14.2786	1.04791	2
1035	3.96891	1.43185	0.914174	2
1044	4.90489	1.89468	0.358871	2
1050	4.51665	16.0794	0.750188	2
1055	3.07892	23.5628	0.788322	2
1064	3.1174	3.50818	1.3966	2
1066	4.69045	16.0125	-0.312495	2
1076	3.62065	22.324	0.176919	2
1079	3.68375	12.7066	1.00371	2
1088	4.75732	22.2913	0.326514	2
1098	3.59676	9.72967	1.38878	2
1118	4.39788	5.23581	0.382974	2
1126	4.89189	15.1127	1.03267	2
1127	4.03503	20.2358	-0.258076	2
1128	3.57459	20.9913	0.80934	2
1129	3.50661	5.39501	1.18234	2
1130	3.889	7.81415	0.420166	2
1134	4.51673	4.97688	1.12218	2
1141	3.38012	18.533	0.969355	2
1153	2.59849	11.5249	0.443633	2
1160	4.03106	24.2719	0.364679	2
1190	2.96878	15.1841	0.996246	2
1223	3.42601	9.44086	0.456405	2
1233	3.84895	12.2824	0.720793	2
1248	4.39423	11.9482	1.20285	2
1252	4.55183	22.4708	1.46878	2
1276	4.3361	13.0483	1.18076	2
1281	4.44747	19.5395	0.794879	2
1289	3.52503	20.9492	0.300716	2
1311	4.59583	24.437	0.372314	2
1335	3.88229	17.7899	0.878168	2
1347	3.85731	18.0834	0.96564	2
1350	4.43512	17.9383	0.633433	2
1353	4.5382	0.27866	0.324783	2
1357	4.67595	10.1089	1.19591	2
1370	4.23759	9.26117	1.698	2
1389	4.36622	14.7677	-0.115506	2
1391	3.80366	21.097	1.06912	2
1392	2.59574	21.715	0.546844	2
1406	3.93426	7.87004	0.823258	2
1407	2.58339	19.7044	0.98046	2
1408	3.66192	12.0057	0.490809	2
1409	3.8979	6.59143	0.869524	2
1427	4.20242	10.1836	0.830741	2
1428	3.92279	18.3991	0.403469	2
1431	4.88462	20.8526	0.7151	2
1433	4.6424	17.7111	0.845621	2
1436	2.98424	19.3455	1.06283	2
1440	4.79311	3.96748	0.914173	2
1457	4.79966	22.0673	1.09211	2
1458	4.0292	5.22635	1.07709	2
1469	3.25081	16.0547	0.841126	2
1479	4.32965	2.8305	1.03619	2
1495	3.35316	12.9944	1.28401	2
1506	3.13264	10.1379	0.419614	2
1519	4.27324	8.51219	0.776178	2
1525	4.56609	13.8189	0.860446	2
1528	3.42821	15.0448	0.729784	2
1538	4.85944	3.51224	1.40766	2
1540	3.79948	22.8588	0.148012	2
1541	2.65404	18.2714	0.390421	2
1556	4.64117	1.97485	1.63937	2
1601	4.38097	18.5771	1.52289	2
1606	3.43347	21.0562	-0.0436011	2
1610	4.97533	17.2367	-0.453104	2
1613	3.7899	17.6962	0.077158	2
1616	2.52986	5.23197	1.24469	2
1617	2.7629	5.24487	1.25355	2
1618	4.31739	21.587	1.00643	2
1630	3.36462	2.6829	0.720222	2
1638	4.7684	22.3873	1.14105	2
1645	3.35576	13.2066	0.550835	2
1657	4.12528	19.4547	0.856861	2
1663	3.50449	24.1651	1.00408	2
1687	2.76608	13.2921	1.18966	2
1696	2.91831	7.24843	0.507622	2
1706	3.92379	0.415121	-0.424619	2
1722	4.52938	2.1085	0.58731	2
1749	3.90201	3.20882	1.19784	2
1766	3.86492	8.05655	1.7206	2
1784	2.97671	6.67611	1.52094	2
1797	4.21048	7.34429	0.751881	2
1826	3.09529	16.4271	0.0131057	2
1837	3.01184	16.5619	0.786617	2
1838	3.49932	18.5761	0.867409	2
1853	3.47357	5.87453	1.55507	2
1856	4.6503	9.39782	1.3301	2
1857	4.89582	9.55946	-0.213657	2
1858	3.72052	12.0538	0.557859	2
1868	3.83207	10.1131	0.000414774	2
1871	4.78605	7.14299	0.633323	2
1886	2.59427	0.951703	0.718113	2
1898	3.0326	9.23401	0.296454	2
1917	4.66261	18.1163	0.799863	2
1941	4.24208	1.59099	0.0743984	2
1951	4.00482	18.7846	1.63332	2
1958	2.67012	2.55139	1.71831	2
2012	2.9198	8.14338	0.0971635	2
2041	4.47406	10.5719	0.551454	2
2044	4.6963	6.40391	1.75802	2
2053	2.58084	19.4355	1.15733	2
2059	4.11383	23.7786	1.38183	2
2068	3.75953	4.45785	0.386097	2
2071	2.64777	14.2998	0.549603	2
2075	4.22041	6.95128	0.818516	2
2076	4.8563	6.12779	0.893026	2
2086	3.86956	21.6244	0.228747	2
2094	2.90719	23.8521	0.765575	2
2100	3.8135	10.0972	1.00086	2
2101	4.68091	3.22083	1.94126	2
2108	3.66989	10.783	0.8122	2
2146	3.97647	19.8933	0.820444	2
2156	2.85082	5.34256	1.31004	2
2157	3.86157	5.60557	1.54065	2
2163	2.8616	10.3443	0.967052	2
2170	4.53719	11.4915	0.460867	2
2171	4.97649	14.4598	0.32965	2
2178	4.14427	14.3592	1.48347	2
2191	4.47139	11.8316	0.246249	2
2197	3.04232	22.9536	1.27158	2
2202	3.0547	18.2721	0.624048	2
2211	2.65145	24.1936	0.844517	2
2215	4.94868	6.46385	0.276063	2
2250	2.60041	24.2487	0.224044	2
2266	4.72696	15.3078	0.888418	2
2272	3.18375	3.668	0.740594	2
2288	3.76859	14.998	0.508984	2
2289	4.59731	7.43395	0.196753	2
2290	4.81213	7.76671	0.184563	2
2299	3.02943	0.17152	0.546998	2
2305	4.98693	11.5915	0.93262	2
2338	4.53406	16.7988	0.0472193	2
2339	4.72662	7.21317	0.400027	2
2344	3.96465	22.3298	0.498737	2
2347	4.40039	6.45301	2.12689	2
2348	4.20457	2.77169	1.53286	2
2353	4.84107	19.8489	0.586916	2
2361	4.74784	13.3158	0.459729	2
2370	4.57477	1.01159	0.61431	2
2374	4.97694	8.18274	0.20214	2
2377	4.37604	16.1724	0.873969	2
2380	3.3021	22.9244	0.628909	2
2388	4.91333	10.545	0.67348	2
2390	3.57939	18.8161	0.476312	2
2398	3.45236	12.6223	0.22336	2
2406	4.77524	3.93325	1.31973	2
2408	2.65851	2.43616	2.11899	2
2420	3.34568	10.8258	0.0395893	2
2428	4.99527	19.614	0.649996	2
2433	4.62879	13.8691	0.463352	2
2436	3.72593	1.97066	1.76205	2
2437	4.44363	0.967241	0.293565	2
2458	2.74961	0.0677871	0.365948	2
2459	4.3632	5.77157	1.29359	2
2470	2.8076	16.1927	-0.259701	2
2473	2.87025	14.4956	-0.0588529	2
2477	3.71341	9.02479	0.0571493	2
2496	4.80618	20.532	0.36293	2
2522	4.40026	8.4583	0.572059	2
2523	2.79315	5.89013	1.13654	2
2524	3.88771	11.4296	0.923508	2
2533	2.76102	14.5352	0.446719	2
2543	3.1719	20.0481	0.853266	2
2544	3.71016	11.834	1.29763	2
2549	4.26405	4.60482	1.01877	2
2560	3.52084	16.1438	0.488423	2
2563	3.57432	21.7995	1.29107	2
2565	2.94633	6.26163	0.650274	2
2575	3.33913	15.0171	0.718454	2
2592	3.42742	13.5237	-0.0377162	2
2595	4.73547	18.6598	-0.0131723	2
2600	3.20486	3.76631	1.20372	2
2610	4.16596	3.33388	1.939	2
2620	3.61589	6.53213	1.36548	2
2629	2.90658	0.661562	0.687315	2
2630	4.15389	14.9715	1.07368	2
2631	4.24042	5.99806	1.73029	2
2635	4.03176	4.26214	1.36735	2
2657	4.94694	14.0548	0.793681	2
2661	2.74526	23.0491	1.45349	2
2665	4.661	21.7343	0.0706428	2
2671	2.62903	17.1668	-0.0851496	2
2673	4.09433	3.15074	1.7131	2
2675	2.88894	9.95955	1.20234	2
2676	3.97253	1.2058	1.19837	2
2690	3.84147	7.35764	0.402296	2
2693	4.80231	9.38495	0.470618	2
2699	3.0324	8.99185	-0.489805	2
2747	3.04542	24.6215	0.799544	2
2767	2.69257	10.631	0.344785	2
2779	4.52634	7.89778	0.886083	2
2781	3.24513	24.0611	0.311813	2
2782	4.13924	22.1248	0.628395	2
2790	3.41652	2.58309	0.917284	2
2799	2.52286	8.86232	1.26375	2
2823	2.88799	20.0659	0.103354	2
2846	2.71386	4.22799	1.38161	2
2855	4.78784	13.4682	-0.628156	2
2859	4.54715	16.5215	0.0629656	2
2860	3.494	6.23383	1.84693	2
2869	3.12452	18.1971	0.988735	2
2880	4.66952	4.71586	1.14099	2
2884	2.6442	18.9758	0.107778	2
2910	4.38924	23.2647	0.498369	2
2915	4.89902	14.218	0.9715	2
2925	4.39941	13.2951	0.775044	2
2927	3.69313	23.8526	0.81339	2
2947	4.35057	7.90391	0.519081	2
2956	4.31638	4.9762	0.285533	2
2959	4.41092	17.7928	1.13827	2
2993	4.35604	10.7415	0.617576	2
2994	4.21145	1.89277	1.0276	2
2997	3.01378	0.490456	0.627695	2
2999	3.86061	0.914247	0.719986	2
3022	4.50632	20.3593	-0.197351	2
3023	3.59823	19.0879	-0.117668	2
3028	3.1595	17.5866	0.260744	2
3037	4.84297	4.81889	0.385213	2
3043	3.84311	17.0889	-0.0134006	2
3046	4.09096	2.45617	0.929457	2
3047	3.76227	2.03923	1.54419	2
3068	3.72463	4.07933	1.4283	2
3078	4.46772	0.210405	0.668547	2
3083	2.52909	10.2598	1.02352	2
3117	2.68142	10.6936	1.15362	2
3118	2.84438	10.8216	0.63252	2
3155	3.51355	17.2284	0.571896	2
3159	4.53074	22.8245	0.961424	2
3180	3.40254	16.2138	0.79414	2
3183	3.53637	2.70278	1.14948	2
3194	3.9638	10.3864	1.00818	2
3206	2.73272	6.36274	0.745286	2
3211	3.3146	14.3083	0.885614	2
3217	2.75844	19.4851	0.901248	2
3221	4.92381	19.7052	0.775955	2
3256	4.87122	3.25056	0.0807273	2
3260	2.62769	18.2627	-0.123532	2
3261	2.92335	15.1821	0.888788	2
3263	2.51175	10.9985	0.0345255	2
3268	3.78792	21.306	0.83613	2
3285	3.64265	4.40618	0.7655	2
3307	3.62087	20.4625	-0.650902	2
3312	3.92559	19.9965	0.581074	2
3316	3.99779	3.32391	1.39147	2
3325	3.65176	6.26509	0.836354	2
3333	2.94768	5.71231	0.74244	2
3334	2.59165	6.17792	1.17904	2
3341	4.19486	11.5263	0.443618	2
3352	4.7761	9.27983	0.120456	2
3356	4.34703	22.4034	0.469852	2
3357	3.07686	19.5886	0.470277	2
3363	2.7241	21.4502	0.780446	2
3366	2.5809	17.6658	1.6077	2
3385	2.75068	0.0291893	0.977813	2
3402	4.82105	8.30309	0.90486	2
3427	4.70633	24.1995	0.984821	2
3429	3.27706	18.2377	1.00922	2
3432	3.93513	18.1406	0.692406	2
3442	3.30537	2.79759	1.16926	2
3446	4.33765	22.6392	1.37953	2
3461	3.81143	14.3908	1.25704	2
3475	2.8742	17.4607	0.156935	2
3479	4.03593	24.0508	0.899224	2
3483	4.15751	8.02211	0.185761	2
3489	4.07125	8.19998	1.11915	2
3499	3.29426	11.1674	1.04601	2
3512	2.66999	15.9149	1.0017	2
3517	4.75176	3.37767	1.59037	2
3533	2.55364	24.6346	-0.0429423	2
3535	3.97248	2.57296	1.22557	2
3548	4.09582	8.46536	0.539843	2
3552	2.54804	22.5603	0.621276	2
3556	4.30416	5.80412	0.876592	2
3565	3.6943	10.7582	0.641261	2
3566	4.4166	1.7332	0.661018	2
3580	3.41137	16.8535	1.13132	2
3592	3.70636	19.0297	0.402902	2
3593	3.37311	16.116	0.262	2
3596	4.32029	11.475	0.464154	2
3601	4.4048	18.6457	0.91947	2
3652	3.65681	3.31511	0.868251	2
3683	3.90937	3.51173	0.587839	2
3684	3.61255	3.58407	0.226145	2
3693	2.55969	9.20646	0.9221	2
3702	4.30601	16.8678	0.455619	2
3706	3.34016	9.93157	0.012494	2
3707	3.39011	17.1154	0.796606	2
3708	2.56215	21.9378	0.723654	2
3716	3.50364	11.2496	0.389512	2
3726	3.09323	1.73126	0.682455	2
3769	2.91927	3.75143	0.298222	2
3772	3.75114	17.7521	1.27913	2
3784	3.69106	11.302	0.991158	2
3785	3.63052	11.4582	0.803192	2
3795	4.4802	13.5193	0.859424	2
3796	4.68164	20.1823	0.0277583	2
3798	4.74453	15.3117	0.550629	2
3808	3.24692	4.79803	0.844811	2
3831	4.71336	1.45716	0.710374	2
3909	2.75692	13.0126	0.739796	2
3911	4.97135	1.44078	0.171763	2
3912	4.51481	1.08071	0.719674	2
3933	3.62628	13.3835	0.276267	2
3937	2.95147	20.6755	0.475087	2
3963	3.68965	3.67423	1.08493	2
3980	4.66275	3.16557	1.09089	2
3981	4.5496	20.4936	1.07646	2
3990	3.33	23.144	1.07151	2
4000	3.43023	20.6267	0.648717	2
4020	2.67928	21.3775	1.1908	2
4026	2.66486	18.4177	0.582532	2
1	5.59253	7.2586	-0.247815	3
3	6.68817	19.1966	0.576005	3
6	5.81094	10.0214	0.69557	3
9	6.49356	11.4082	0.696947	3
21	5.65777	24.0095	1.06335	3
22	7.31424	23.5759	0.337911	3
53	7.30344	24.8414	0.405215	3
59	6.27206	23.9406	-0.214876	3
65	5.09187	24.298	1.2166	3
75	5.52511	12.4052	1.05742	3
79	5.33705	23.0571	1.07391	3
80	5.63076	12.6079	1.06802	3
89	5.51309	3.70825	0.672802	3
95	6.0537	6.07219	0.12603	3
100	6.09293	10.4926	0.607935	3
104	7.06172	5.76432	0.663033	3
118	7.41064	3.48311	0.825173	3
121	5.83191	14.8426	0.395928	3
140	5.72388	0.155267	0.913417	3
146	5.95304	7.11257	1.81073	3
151	5.42159	1.97132	1.31915	3
170	5.57609	1.76748	0.428734	3
195	5.13364	9.66816	0.288268	3
207	7.1349	5.41204	0.311918	3
212	6.29725	22.9292	0.908916	3
221	7.47751	9.62254	1.16775	3
234	6.47787	6.39895	0.337999	3
256	6.48597	13.9501	0.663583	3
272	6.534	18.2839	0.378925	3
276	5.82117	20.4235	0.558189	3
304	6.2453	7.61578	1.22669	3
306	5.57603	21.4545	0.371713	3
308	7.21111	22.3157	0.39656	3
334	6.68364	22.4229	-0.688165	3
338	7.04948	12.3816	1.0744	3
341	5.98297	9.50802	0.766545	3
346	5.1347	22.7402	0.490724	3
348	5.30907	23.0411	0.206737	3
362	5.91606	2.68157	0.920767	3
373	6.52114	9.65489	0.234327	3
381	7.18825	10.1598	0.915669	3
383	6.57275	4.21714	0.552803	3
388	5.9567	5.9805	1.39613	3
392	5.54434	11.3632	0.609648	3
395	7.03897	17.4384	0.0751906	3
397	7.49595	8.25323	-0.462234	3
400	7.1374	8.28416	0.316411	3
409	6.43962	10.5969	0.839588	3
427	7.26183	23.2302	0.216362	3
452	5.99497	12.9072	1.25198	3
471	5.32158	23.0713	0.726077	3
490	6.71242	17.3426	1.10734	3
510	6.94866	14.7217	0.463348	3
515	6.9768	10.0958	1.7165	3
517	7.24212	6.34822	0.766851	3
526	6.67584	22.4296	-0.0444393	3
530	7.20437	12.8537	0.678512	3
532	6.31365	11.4687	1.06272	3
536	5.59322	14.4008	0.428081	3
542	6.88574	17.4175	0.723882	3
546	5.16114	6.20037	0.354987	3
549	6.22806	24.8369	0.24634	3
553	6.8255	14.4424	0.142986	3
570	6.86663	15.7147	0.0850097	3
589	5.69024	24.3512	0.770419	3
592	5.4977	14.5088	0.279361	3
603	5.87682	1.50703	0.510398	3
628	6.12894	14.6851	0.270493	3
632	6.54034	24.6929	0.365473	3
644	5.02295	4.46801	0.755502	3
648	5.02359	8.66899	0.482053	3
654	6.07895	24.0699	0.762251	3
655	5.88345	0.936547	0.787128	3
661	5.78092	0.226154	0.523548	3
704	6.20777	20.9575	0.285737	3
725	6.90895	23.0353	-0.48318	3
743	5.61211	10.0295	0.401203	3
778	5.82733	13.2287	0.872437	3
791	6.60788	16.0419	0.421361	3
823	6.1295	16.3723	-0.129238	3
826	5.29845	13.1705	0.135941	3
841	5.41107	9.17589	0.527488	3
847	6.35334	11.4969	0.875658	3
849	6.03073	4.56474	0.808536	3
858	7.04779	20.9769	0.259969	3
888	5.36567	6.60613	1.27925	3
890	5.54881	19.3282	1.15284	3
892	5.8639	22.7868	0.58899	3
893	6.27678	8.16389	0.789548	3
922	7.2375	11.0106	1.33596	3
928	6.30932	19.8075	0.940662	3
935	5.36576	3.83905	0.0550975	3
942	6.93243	20.5118	0.941767	3
945	6.5113	18.4724	1.29169	3
947	6.7226	14.9139	0.14759	3
952	7.17281	18.6551	0.720445	3
955	5.15084	22.1027	0.258	3
958	6.63306	17.8494	0.727982	3
966	5.25471	15.9252	0.747845	3
982	5.66121	18.8612	0.318983	3
984	6.30764	15.3915	0.691219	3
1003	5.92411	6.18008	0.551864	3
1014	5.00966	24.5178	0.155708	3
1022	5.24145	22.5173	1.25472	3
1028	6.70058	15.6385	0.556009	3
1047	7.37099	10.8185	0.484636	3
1048	7.33012	15.8206	1.32752	3
1051	5.9927	19.2685	1.09191	3
1054	5.7012	15.5833	0.224688	3
1059	6.48265	23.671	0.404983	3
1074	5.89905	6.74327	0.800929	3
1086	6.93131	6.97019	0.779794	3
1089	5.14525	10.1546	0.833312	3
1096	6.26505	11.8189	-0.380936	3
1100	7.1028	15.3237	0.551595	3
1104	5.86765	4.32693	1.03881	3
1131	6.18337	0.489651	0.924992	3
1140	5.20201	22.2054	0.374796	3
1155	6.2939	20.9394	0.626482	3
1174	6.68536	20.6888	1.07692	3
1183	7.27673	7.38371	0.567687	3
1193	7.05212	6.79389	1.20302	3
1203	5.44158	18.7339	0.420783	3
1208	7.24118	24.1318	0.524014	3
1235	5.41202	13.8037	0.97148	3
1242	6.77933	4.78047	0.392204	3
1257	6.2264	24.0218	0.271979	3
1268	6.54725	16.7705	0.164565	3
1271	5.2851	21.7476	1.28845	3
1274	5.2693	18.0551	0.46204	3
1284	6.49733	8.99835	0.840342	3
1305	7.04314	20.7657	0.263084	3
1326	6.31072	13.5841	0.764138	3
1346	5.86352	14.1756	0.886824	3
1360	6.89455	4.98721	0.876798	3
1361	6.51191	14.4552	1.23398	3
1362	6.09812	24.5006	1.18434	3
1364	6.1637	18.8325	1.17841	3
1373	5.7794	8.23181	0.546636	3
1375	5.35847	2.22599	-0.0805481	3
1381	6.78491	6.94302	1.39246	3
1384	5.92199	15.213	0.406594	3
1396	6.3971	24.7293	0.642719	3
1400	6.14173	18.4552	0.257452	3
1403	5.74765	16.693	0.717388	3
1453	6.9923	13.5188	0.219784	3
1455	5.54637	19.6553	0.202535	3
1468	6.8379	20.0024	-0.343151	3
1486	5.79732	24.8096	1.39265	3
1492	7.31307	22.1153	-0.0740577	3
1494	5.17542	15.3981	0.963611	3
1524	6.78365	10.5625	0.289138	3
1542	6.39538	16.0748	1.10832	3
1558	7.28825	4.4162	0.0147726	3
1575	5.01896	12.0809	0.641335	3
1587	5.14451	5.79308	0.560444	3
1594	6.94667	5.47528	0.49048	3
1603	5.79782	3.01222	1.1431	3
1620	6.63803	11.3195	0.533637	3
1621	6.38815	15.7024	0.620179	3
1631	7.47986	2.12341	0.0800263	3
1635	7.0882	20.8699	1.82579	3
1647	6.58977	9.88417	1.04339	3
1648	7.40107	9.61126	1.06154	3
1652	7.09384	19.796	0.0793709	3
1662	6.91267	1.25354	0.734801	3
1664	6.0274	7.20222	0.305305	3
1674	6.45053	11.6255	1.05791	3
1680	5.37773	17.9862	1.12486	3
1715	5.15144	1.6204	0.610109	3
1726	6.23747	20.3873	-0.337449	3
1735	6.59865	2.46046	0.710819	3
1736	5.11292	16.7842	-0.457516	3
1742	6.42129	15.5438	1.14518	3
1746	6.16721	20.3757	-0.000536873	3
1747	6.76629	14.0977	0.328188	3
1763	6.7383	14.0221	0.0634152	3
1782	6.59962	3.36381	0.533637	3
1783	6.42407	3.52851	0.267325	3
1786	6.97305	14.936	0.438932	3
1793	5.10412	10.6677	0.382412	3
1794	6.13192	6.48348	0.943305	3
1796	6.45757	6.00327	0.459065	3
1803	6.46981	0.45255	0.871853	3
1807	7.4454	18.7455	0.405285	3
1829	5.80108	3.30359	0.739116	3
1847	5.71023	17.4806	0.639927	3
1848	5.55103	2.34533	0.272472	3
1864	5.74262	13.6759	0.646103	3
1880	5.47895	17.7584	0.328647	3
1881	5.90606	17.5788	-0.0451672	3
1882	7.24393	17.812	0.864128	3
1883	5.9425	2.02023	0.888411	3
1893	6.22468	2.4604	0.655931	3
1894	6.66188	2.94361	0.817868	3
1899	5.98984	1.83407	0.216779	3
1900	6.95144	12.683	0.417923	3
1926	5.66832	18.6027	0.497401	3
1930	6.17318	17.975	0.220996	3
1933	6.50495	11.0121	1.64909	3
1945	6.92021	7.14904	0.982863	3
1961	5.81735	10.8429	1.36387	3
1971	6.80376	20.1367	0.271932	3
1991	5.76225	22.566	0.87071	3
1994	5.53361	2.62381	0.5827	3
1998	7.37693	2.7975	0.716524	3
2002	5.3133	2.44497	1.4281	3
2032	7.20451	15.4022	1.29952	3
2047	5.44717	23.7323	1.0575	3
2060	6.88147	8.07334	0.908759	3
2066	7.02924	9.55275	0.291967	3
2069	7.48799	3.6708	0.876942	3
2077	5.88441	24.975	0.539306	3
2113	6.96355	12.0849	0.36711	3
2120	5.73736	13.2357	0.931156	3
2133	6.72015	4.25676	0.986817	3
2149	5.51449	10.124	-0.00879268	3
2153	6.55872	20.0142	0.2266	3
2179	5.69187	1.49516	1.04263	3
2200	7.12632	6.17442	1.41886	3
2233	5.5266	8.00757	0.835331	3
2259	6.10232	5.36377	0.639375	3
2274	6.42883	2.69015	0.8179	3
2285	6.77449	20.8059	1.05434	3
2287	6.06379	17.4227	0.511762	3
2292	5.68817	11.5376	1.00115	3
2296	6.12539	18.6925	0.414817	3
2298	5.46607	17.0994	1.05714	3
2323	5.59272	10.9481	0.922685	3
2343	5.33279	1.45558	1.2668	3
2357	5.24469	0.91826	0.139748	3
2368	5.97849	2.04186	0.369584	3
2376	6.44337	22.732	0.164062	3
2381	6.63979	4.20307	0.430122	3
2395	6.01182	12.4104	0.447091	3
2403	6.90172	21.1058	0.968917	3
2407	5.27272	4.11552	1.00956	3
2413	6.87987	2.42912	0.116274	3
2414	5.70672	2.3479	0.426158	3
2415	7.47459	16.0315	1.47663	3
2417	6.84024	19.978	0.0248628	3
2435	7.19415	6.10039	0.705972	3
2440	5.99645	3.96054	0.83423	3
2441	6.24711	12.7343	0.197736	3
2450	6.8362	14.9451	-0.10799	3
2457	7.43688	24.6873	0.360147	3
2462	5.98241	18.1443	1.27975	3
2463	7.25402	10.4507	1.43949	3
2468	5.22931	3.47902	0.430236	3
2475	6.32221	12.0339	0.207085	3
2483	7.26068	18.595	0.571191	3
2486	5.76149	24.8389	0.745932	3
2490	5.18638	3.98914	0.912351	3
2493	7.18121	11.8804	0.45635	3
2503	5.09773	13.0053	1.07519	3
2538	5.64929	14.1573	0.636718	3
2545	6.85001	10.2955	0.566539	3
2564	5.65048	22.7104	0.627394	3
2571	6.90395	15.3869	1.30866	3
2577	7.42752	3.33331	0.482876	3
2617	5.55982	5.85415	0.631219	3
2639	7.44559	1.59616	0.266286	3
2642	7.01827	19.8153	0.389694	3
2648	6.89889	15.8333	1.03752	3
2650	6.17288	10.5827	1.24985	3
2658	6.23332	20.8688	0.327728	3
2666	5.75776	22.4943	0.0435237	3
2677	7.33244	16.3589	0.76809	3
2680	5.32057	2.51655	1.38897	3
2691	5.29565	9.3945	0.492972	3
2692	5.19211	9.00476	0.185005	3
2701	7.42183	17.2843	-0.423406	3
2710	5.5378	5.89543	0.845444	3
2719	6.70536	6.12193	0.252905	3
2730	6.68349	11.9723	0.459636	3
2731	6.31324	13.3856	0.471799	3
2742	5.29974	23.216	0.659666	3
2770	5.23775	1.17693	0.790505	3
2797	5.48403	4.67426	0.718338	3
2798	7.38207	7.62958	1.16483	3
2800	6.48988	4.76172	0.838716	3
2827	6.305	12.7366	0.537138	3
2857	7.21665	6.92939	0.80639	3
2877	5.29693	6.32326	0.535399	3
2882	6.2095	12.2637	0.3084	3
2885	5.44044	20.4653	0.437283	3
2898	6.04947	21.0476	0.606362	3
2908	7.41032	4.10801	0.218465	3
2909	5.44201	22.6714	-0.427704	3
2911	5.71058	16.8466	0.148265	3
2928	5.22315	3.11774	0.705579	3
2931	5.0042	18.0755	0.32186	3
2934	5.29334	15.7412	0.427005	3
2970	7.07283	5.0764	0.844539	3
2984	7.22789	23.8114	0.93338	3
2986	5.07058	8.19721	0.796081	3
3000	6.13104	2.21791	0.854721	3
3002	7.44085	15.9351	0.758872	3
3003	5.47116	18.305	1.0731	3
3021	6.74341	3.95043	-0.206486	3
3034	7.09955	21.3327	1.20769	3
3040	5.36291	5.86169	0.441579	3
3049	6.48292	1.14609	1.11993	3
3050	6.93657	0.975065	1.07873	3
3052	5.42824	5.78029	0.8017	3
3069	7.1237	1.55649	0.864163	3
3070	6.72457	1.85414	0.522579	3
3079	5.64279	6.9855	0.506866	3
3081	6.81269	24.4248	-0.677043	3
3082	5.21042	19.3373	0.75652	3
3084	6.20811	19.4875	-0.00351908	3
3114	5.15748	6.63687	0.728308	3
3137	5.14981	24.077	0.878286	3
3189	6.48421	20.6211	0.584147	3
3207	6.81327	9.66938	0.691492	3
3208	7.14434	17.6872	1.12374	3
3212	5.57376	9.84305	1.08285	3
3215	5.31021	4.01565	1.24062	3
3253	7.46554	6.16464	0.755808	3
3255	7.35876	9.51682	0.652435	3
3267	5.12381	6.29853	0.992732	3
3277	6.73024	19.6016	0.593114	3
3286	7.00362	20.2267	0.735398	3
3287	7.16859	20.656	1.44386	3
3289	5.74858	10.3188	0.979104	3
3293	6.67328	4.64297	-0.216864	3
3297	7.06413	14.979	0.104768	3
3324	6.73966	17.5878	0.8362	3
3348	5.00434	7.09657	0.912881	3
3349	5.10061	7.29937	0.575918	3
3358	5.01209	17.8066	1.00319	3
3365	6.99924	12.924	0.626183	3
3371	5.83619	3.76096	0.593898	3
3376	6.35451	0.241261	0.0290311	3
3387	6.02052	2.62892	1.71815	3
3411	5.05975	3.1498	1.42855	3
3420	5.05966	4.30825	1.64583	3
3424	7.42537	4.59765	0.47496	3
3425	5.98973	24.5472	0.485003	3
3426	5.0366	24.6053	0.171897	3
3428	5.50017	24.9507	-0.148839	3
3434	5.17998	16.9653	0.87408	3
3440	6.83141	17.1803	0.0441804	3
3441	5.09919	18.4856	0.687288	3
3457	5.23922	9.78136	-0.08681	3
3460	7.42224	18.9059	0.391892	3
3470	5.38945	14.1112	0.532185	3
3480	5.10271	10.0539	0.396307	3
3481	5.12184	2.05016	0.829894	3
3482	5.37936	3.18958	0.957669	3
3500	5.07243	16.4627	-0.0462414	3
3505	6.44152	11.5696	0.769981	3
3536	6.19285	10.1829	0.52042	3
3538	5.70508	13.1144	0.120995	3
3576	6.67407	3.02021	1.02022	3
3585	5.4185	4.63205	0.633817	3
3606	6.03598	22.1328	1.11773	3
3607	6.57823	9.80888	1.01534	3
3619	5.691	2.14207	0.319815	3
3624	6.776	22.6203	1.05385	3
3625	7.03103	22.6935	1.25269	3
3632	5.4963	22.815	0.751019	3
3633	6.44995	23.9936	0.23359	3
3644	7.00211	6.88773	0.760393	3
3654	6.27162	17.3022	0.343119	3
3655	6.42592	17.1644	1.29281	3
3670	6.49249	6.48192	0.239235	3
3671	5.7758	23.2815	1.68732	3
3675	5.31752	23.0198	-0.0419412	3
3676	5.51378	22.9729	0.341493	3
3709	6.071	18.5568	0.731502	3
3717	5.70783	15.8075	0.355381	3
3721	7.32554	12.9274	0.241653	3
3725	5.64323	5.6182	0.301337	3
3740	6.47107	22.0487	0.381185	3
3751	6.56815	8.7236	-0.109099	3
3766	6.74878	15.7729	0.529513	3
3778	5.10829	0.397929	0.813292	3
3799	6.56232	9.48752	1.20616	3
3809	5.02965	23.4717	0.570422	3
3816	5.82619	24.3786	0.807263	3
3817	5.52839	8.80302	0.0715671	3
3820	6.10379	19.4006	1.34531	3
3824	5.27644	13.44	0.348022	3
3830	6.69471	13.4964	0.636623	3
3833	7.19183	14.5275	0.480959	3
3870	5.35606	8.16411	0.65911	3
3882	6.45279	1.63531	0.0156126	3
3889	5.72125	6.89722	0.81602	3
3895	5.03288	4.49473	1.5702	3
3918	5.21259	20.1973	0.887976	3
3919	5.23118	23.1368	0.200101	3
3924	5.497	8.98414	-0.109312	3
3932	6.9744	20.3037	0.0325254	3
3938	6.50267	5.28277	0.279847	3
3941	5.54418	10.4483	-0.405964	3
3962	6.98129	18.0325	0.130084	3
3967	5.42603	18.7841	0.395366	3
3983	5.17864	19.5941	1.39242	3
3985	5.81942	4.08017	1.55765	3
3989	7.24709	8.91817	0.753395	3
3995	5.49855	24.7299	0.907771	3
3999	5.58806	4.82408	0.610064	3
4025	5.56022	6.63042	0.903358	3
20	9.98524	21.6569	-0.25868	4
23	7.5637	12.6534	0.700824	4
29	8.10554	2.27878	0.364987	4
34	9.78715	2.18845	1.18231	4
40	9.18461	19.9324	0.242336	4
43	8.78255	0.466002	1.15389	4
44	7.98263	22.7323	0.547168	4
57	8.5235	10.1411	0.335754	4
88	7.87569	21.6103	0.424513	4
94	9.7872	6.64677	1.02181	4
98	8.82347	8.25832	-0.200746	4
142	8.8665	12.9913	0.951437	4
144	9.69024	18.2928	0.46263	4
192	8.56278	22.9914	0.09905	4
194	8.29008	22.772	0.527406	4
239	8.66005	5.67571	0.543761	4
245	8.88734	22.0574	0.749625	4
247	9.6391	8.66892	0.309725	4
260	7.60053	15.9318	0.805901	4
261	8.23349	10.7578	1.04914	4
262	9.0611	14.5336	0.589856	4
292	8.02031	0.826503	-0.198793	4
295	8.30952	7.6122	-0.0285993	4
324	9.78323	18.4709	0.0625201	4
358	8.5282	18.9979	-0.0650604	4
360	8.21636	23.3329	0.8061	4
406	8.53422	0.630125	0.381238	4
413	8.01005	15.1227	0.849881	4
434	8.55154	21.4846	-0.156288	4
438	7.5966	12.7767	0.945388	4
440	8.45242	4.30244	0.362849	4
444	8.22488	15.1004	1.06931	4
448	8.31323	16.6241	0.813499	4
449	9.53491	15.9431	0.265796	4
463	8.82113	17.5809	0.854112	4
478	8.29337	19.5189	0.285923	4
480	8.15952	20.0304	-0.0532012	4
482	8.95975	17.4763	1.01292	4
508	7.64493	20.1183	0.393207	4
527	8.4545	22.6022	0.561512	4
533	8.91962	9.03031	0.830506	4
559	9.59838	14.1326	0.576019	4
573	8.06873	13.7922	0.508415	4
594	8.7463	19.7515	0.479927	4
598	8.1439	9.44515	0.889166	4
618	8.85147	15.5821	0.0436404	4
633	8.6359	8.68904	0.256766	4
646	9.0089	13.5415	0.51262	4
649	9.92201	8.92056	0.145029	4
657	9.39965	20.6372	0.141067	4
677	9.45469	15.8825	0.192884	4
680	7.81213	17.6629	0.45364	4
685	7.62479	9.70633	0.907292	4
699	9.86444	23.1437	0.760003	4
705	8.97948	13.9952	0.576395	4
717	9.98958	0.728376	0.294429	4
736	8.64396	23.8239	0.765052	4
738	7.83934	3.00417	-0.537011	4
745	8.20607	8.0481	1.62417	4
746	9.71029	1.27705	1.9741	4
757	9.70738	11.0335	0.296151	4
764	8.58864	24.7903	0.102159	4
765	8.96912	2.93109	0.964784	4
785	9.04772	16.2724	0.98186	4
789	9.00902	13.7743	-0.309221	4
792	9.8039	15.6437	0.77105	4
808	8.33316	11.5814	0.532902	4
835	7.95929	23.5805	0.87983	4
844	9.5518	23.1205	0.927285	4
853	8.37647	23.7995	0.972563	4
855	8.78955	4.40961	0.501143	4
872	7.90429	11.1215	1.16807	4
875	9.07988	21.1797	0.0315177	4
891	9.76142	5.29518	0.919432	4
918	8.20118	10.741	1.01651	4
936	7.73867	1.09435	0.631523	4
944	7.93073	12.6725	1.11753	4
948	9.38863	4.20521	0.515823	4
960	9.96379	16.763	1.58546	4
971	9.95702	19.7084	0.0852934	4
979	9.01529	17.6476	1.09909	4
994	8.11279	11.6282	0.509957	4
1006	9.44895	21.1077	0.469159	4
1032	9.91025	9.97172	0.669313	4
1038	9.34162	9.04024	0.547061	4
1040	9.44569	10.4636	1.15448	4
1052	8.24899	18.0372	0.447303	4
1057	9.7209	5.74435	0.851654	4
1068	8.68885	7.01673	0.696059	4
1099	9.24907	7.91076	0.74263	4
1108	8.18919	3.30177	0.386173	4
1149	9.51609	6.04455	0.346369	4
1161	9.59753	18.2781	1.34834	4
1165	7.69568	2.93908	0.846585	4
1177	9.54131	14.8512	0.156945	4
1196	9.13251	14.1915	0.279379	4
1198	9.86605	14.2951	0.271438	4
1210	8.94748	1.39775	0.780537	4
1213	8.01478	13.7653	-0.0499343	4
1219	8.19174	23.2568	-0.494	4
1226	8.94321	18.1127	1.23496	4
1239	9.37958	13.3553	0.769646	4
1241	8.52174	23.8805	0.344032	4
1246	7.51717	0.281394	0.462226	4
1249	9.42686	6.66027	0.555388	4
1250	7.794	17.6366	0.508684	4
1270	8.74801	21.6315	0.448233	4
1277	9.59135	23.22	-0.206204	4
1278	7.52833	22.7134	0.57586	4
1288	9.99984	15.7748	0.861091	4
1292	8.67981	11.8084	-0.838482	4
1297	9.68508	15.8778	0.554622	4
1298	8.98541	18.8596	0.607848	4
1315	8.59249	17.4668	1.02335	4
1320	8.51396	11.7196	0.0636079	4
1323	9.02602	6.77204	0.748359	4
1324	7.82917	17.452	0.99369	4
1329	9.59972	3.25098	0.78824	4
1333	9.99924	22.7867	-0.0629278	4
1340	8.64537	1.26686	0.35805	4
1341	9.31399	1.16718	0.505906	4
1351	8.65062	6.02543	0.218541	4
1358	9.2291	21.2319	-0.0192129	4
1359	7.63103	1.50945	-0.00807622	4
1368	9.50728	3.0966	0.134322	4
1371	7.82077	0.323999	0.669851	4
1390	9.55518	11.1503	0.953958	4
1393	8.43522	10.5958	0.899863	4
1402	9.88487	11.3595	0.198803	4
1404	7.73327	6.31866	1.17075	4
1405	9.28044	21.4828	0.473005	4
1415	8.0814	14.7496	0.600351	4
1418	9.71691	5.98715	0.628956	4
1422	9.09783	10.885	-0.227804	4
1424	8.08751	6.45211	1.0161	4
1426	9.24849	17.2118	0.688613	4
1429	9.90386	7.96712	0.380297	4
1439	9.29724	24.5	-0.357162	4
1441	8.50193	19.4411	0.164595	4
1446	7.86304	6.96676	1.26142	4
1447	9.45506	4.01689	1.15652	4
1461	9.48436	0.959594	0.620284	4
1476	9.45635	10.713	1.05072	4
1512	7.62095	21.4739	0.591701	4
1518	7.69032	23.9331	0.915159	4
1568	9.96067	12.2543	0.798256	4
1573	9.67204	2.58561	1.06132	4
1574	9.97827	2.51934	1.09028	4
1582	8.39438	12.8766	-0.214903	4
1584	8.53548	15.4131	1.0258	4
1595	8.01341	5.63065	0.304671	4
1627	8.39969	24.2602	0.241644	4
1637	8.12889	19.4591	0.843447	4
1649	8.19663	22.4415	-0.351931	4
1653	8.69279	20.5892	0.869644	4
1654	9.96469	20.468	1.15368	4
1655	7.50478	10.7071	0.339795	4
1658	9.02556	12.1643	1.31466	4
1675	9.58625	8.56716	-0.0614957	4
1677	8.847	12.8261	0.459649	4
1694	9.47319	2.51214	0.927224	4
1710	9.30975	9.86325	0.211491	4
1723	9.2394	14.9963	-0.208164	4
1732	9.9735	21.885	1.22867	4
1733	9.29008	3.31591	0.493187	4
1759	9.18593	23.4563	0.797831	4
1771	8.0185	22.3664	0.249521	4
1777	7.95528	0.831458	0.00531013	4
1819	8.9273	19.3939	0.918367	4
1831	8.79852	8.31864	1.26161	4
1832	7.65104	8.73909	0.875673	4
1851	9.29017	10.3816	0.944307	4
1891	7.80153	14.4736	-0.495545	4
1896	9.37803	24.21	0.424064	4
1942	7.98783	17.5668	0.982759	4
1943	9.41973	20.8572	0.607769	4
1963	8.8416	7.63823	0.888628	4
1970	9.17709	15.6259	0.28435	4
1972	8.90281	20.9067	0.23863	4
1978	9.55837	15.3508	0.280676	4
1987	9.70404	24.6993	0.272995	4
1992	7.8566	9.73319	1.03675	4
1996	9.05624	23.4373	-0.36182	4
2001	9.14349	17.3353	0.52287	4
2034	7.83499	2.96742	0.283198	4
2046	9.86157	5.20507	0.947738	4
2061	9.88836	15.572	0.46755	4
2064	7.97349	24.8776	0.564475	4
2085	8.47107	7.75798	0.310544	4
2095	9.40784	13.3843	0.793483	4
2111	9.8673	5.05473	0.332846	4
2114	7.6674	11.125	0.96921	4
2118	7.73338	20.7579	-0.33101	4
2122	9.52496	22.4374	0.578297	4
2136	8.67849	6.60455	0.44706	4
2145	7.914	6.6894	0.577557	4
2174	9.73793	24.034	0.108039	4
2192	8.12698	9.96012	1.18427	4
2203	9.71186	13.1486	1.02695	4
2205	8.5042	2.3007	0.412282	4
2235	8.27289	16.3875	1.07355	4
2236	7.59457	5.94585	0.280299	4
2239	9.00175	24.8676	0.675507	4
2267	7.87323	14.958	0.574912	4
2269	9.01932	20.5206	0.843075	4
2271	8.13995	19.2913	0.418584	4
2276	8.51736	23.9933	0.713696	4
2278	9.96404	23.5026	0.211798	4
2283	9.26075	20.9619	0.625089	4
2284	9.27373	12.1706	1.73623	4
2303	7.67802	5.63636	1.4393	4
2315	9.21328	4.24605	0.986301	4
2317	7.66671	9.8391	-0.132082	4
2318	8.96565	2.46301	0.195647	4
2319	8.06614	3.09234	0.358897	4
2320	7.8296	21.4928	0.647851	4
2326	9.51007	22.283	0.603699	4
2327	9.5748	16.4207	0.416812	4
2360	8.18729	12.8301	0.0517564	4
2363	8.79495	1.90672	0.899209	4
2372	9.012	7.44826	0.523651	4
2373	9.92488	8.37448	0.657571	4
2396	9.93963	17.1793	0.833835	4
2424	9.56095	14.9264	0.798908	4
2425	9.50193	14.3574	0.0611864	4
2429	9.59213	19.3149	0.880682	4
2446	8.26767	15.9962	-0.0351166	4
2448	9.99019	23.3444	-0.483047	4
2451	9.21139	7.38636	0.15556	4
2471	9.78138	13.1568	-0.425491	4
2484	8.59423	21.4669	0.930202	4
2489	8.44669	24.6761	-0.0898763	4
2492	8.02267	8.03773	0.0240832	4
2501	9.49936	13.0402	0.458419	4
2504	8.03612	4.33968	0.0307672	4
2506	8.50169	2.06288	-0.371927	4
2510	8.17918	17.9617	0.705824	4
2532	8.30367	3.59801	1.41154	4
2535	8.89227	15.1049	-0.183601	4
2539	8.27252	9.53883	0.557598	4
2551	9.42802	0.972887	0.548538	4
2562	7.97306	13.2341	0.263526	4
2567	9.54803	7.84887	0.109452	4
2568	8.13001	24.0271	0.279831	4
2569	7.99192	14.7833	0.337941	4
2580	9.44262	20.7274	0.629146	4
2582	7.72859	4.91942	-0.252675	4
2584	9.45897	0.548315	0.811245	4
2587	8.01122	24.7015	0.554991	4
2603	7.90915	5.00172	0.64946	4
2625	9.26038	8.75473	0.468086	4
2638	8.16443	0.0821969	1.20829	4
2643	8.22447	1.33211	0.427833	4
2656	9.3164	0.264466	0.471951	4
2660	8.97305	3.3936	0.944391	4
2678	7.83184	16.3781	0.699559	4
2688	8.20396	15.9244	0.537474	4
2707	8.47589	10.8655	-0.0893666	4
2708	9.84266	5.63783	0.0216947	4
2714	8.36676	24.8938	1.00732	4
2720	8.8978	1.072	0.347541	4
2738	7.80851	23.4105	0.384877	4
2751	8.88387	22.9707	0.607802	4
2758	9.76721	21.7923	0.213687	4
2759	9.41528	22.2176	-0.214254	4
2760	9.46884	21.9582	0.413793	4
2761	8.85715	12.1214	0.387658	4
2802	9.0061	20.8297	0.504659	4
2805	8.21597	17.4489	1.40497	4
2806	8.43968	17.3113	0.79821	4
2811	9.47989	22.6395	0.202545	4
2818	8.27573	19.5956	0.710731	4
2819	9.24161	18.8652	1.5075	4
2856	7.89246	10.6676	1.08765	4
2874	9.55899	10.0208	0.887893	4
2887	9.17308	2.80614	0.562731	4
2899	7.79513	12.9463	-0.0614484	4
2902	9.50685	12.9646	1.03906	4
2903	8.9779	24.7214	-0.478946	4
2907	7.75109	5.34179	0.188084	4
2913	7.94552	8.89186	1.43998	4
2954	9.09133	20.362	0.527291	4
2960	8.4081	21.4229	0.397845	4
2961	8.18703	7.89752	0.463513	4
2968	8.20393	5.58144	0.659035	4
2976	9.65777	16.3837	0.742027	4
2977	7.71259	1.63489	-0.164601	4
2980	8.9816	23.3867	0.189937	4
2987	8.65322	13.2629	0.220548	4
2990	9.75511	2.98592	0.294266	4
3009	9.20696	11.0484	1.65931	4
3013	7.67449	24.191	0.15245	4
3024	8.27837	18.0117	1.52176	4
3038	8.31387	15.4017	0.659193	4
3041	8.06824	13.4131	0.707319	4
3042	8.62974	8.0739	1.13041	4
3054	7.96538	6.96022	0.478806	4
3059	9.33149	2.65716	-0.220963	4
3066	7.70611	16.2636	0.668111	4
3067	9.51951	24.8499	0.598178	4
3080	9.00282	5.32938	1.77985	4
3090	8.29072	17.2329	0.504576	4
3099	7.88814	3.23953	0.990956	4
3121	9.07506	1.68366	-0.00459369	4
3127	8.76663	19.0329	-0.0917584	4
3162	8.53734	18.6174	0.846641	4
3169	8.52276	6.61424	0.388085	4
3174	8.53028	7.205	0.299652	4
3175	8.77649	7.77349	0.697504	4
3186	8.45159	11.5709	0.842929	4
3200	7.62053	5.37281	0.535984	4
3232	9.34955	0.713756	0.576612	4
3234	9.98163	17.4482	1.23219	4
3237	8.88255	7.98044	0.980655	4
3238	8.17668	14.1629	0.996266	4
3243	9.152	10.7761	0.608235	4
3251	8.60143	8.13261	0.677963	4
3252	7.84756	0.393612	-0.00121713	4
3264	9.26257	4.36945	0.427415	4
3283	8.65262	13.9143	0.518597	4
3284	8.72649	24.3087	0.512967	4
3306	8.20664	17.5027	0.399503	4
3318	8.95087	24.6709	0.457925	4
3322	9.2809	21.6818	1.20405	4
3330	9.72588	15.5043	0.705953	4
3331	9.89262	15.2873	0.948685	4
3342	8.50029	11.0593	-0.728352	4
3343	7.91144	10.2408	0.832231	4
3344	8.07221	9.64206	0.725124	4
3350	9.62622	8.23188	0.737854	4
3351	9.61031	8.94006	0.347574	4
3369	9.38981	22.2797	0.96291	4
3370	8.93472	11.1232	0.805081	4
3377	8.19993	6.61123	0.538709	4
3381	8.38237	8.4286	1.13701	4
3383	7.92529	24.1148	0.705396	4
3410	9.28437	19.2923	1.39567	4
3430	9.48627	0.43905	0.517517	4
3437	8.28693	12.8027	0.581962	4
3438	7.50387	5.11183	0.870014	4
3444	8.62824	13.5068	-0.198589	4
3451	8.75684	16.6295	0.000401913	4
3472	8.21176	23.0527	0.348733	4
3488	8.97807	23.7102	0.760816	4
3516	7.62	14.2822	0.693941	4
3520	7.5868	1.91985	0.770458	4
3550	8.01139	19.8045	0.963227	4
3564	7.60224	8.59874	0.716808	4
3570	7.86747	17.6739	0.577695	4
3590	9.5307	8.39468	0.528434	4
3597	7.97593	17.2588	0.602116	4
3605	9.03592	10.5101	0.791852	4
3630	8.57527	0.660281	0.313365	4
3631	8.80021	7.54794	0.805178	4
3669	8.42695	4.55942	0.181791	4
3673	8.49313	5.51155	0.652486	4
3703	9.41861	14.1161	0.116415	4
3713	9.58133	0.197264	1.18348	4
3737	8.50186	1.34348	-0.541787	4
3753	9.96985	6.50023	0.258057	4
3761	9.89648	2.64002	0.476149	4
3768	9.27223	13.0449	-0.371681	4
3770	7.51095	5.82869	1.5016	4
3789	9.36125	8.00231	0.677451	4
3790	9.53135	2.80158	0.020929	4
3791	9.46487	18.1941	0.770461	4
3804	8.54155	24.6125	-0.10336	4
3829	7.62221	23.9771	0.804252	4
3835	8.20831	2.20005	0.502431	4
3836	8.34986	2.22769	0.631109	4
3838	8.73596	13.7901	0.709037	4
3852	7.86067	3.35006	0.58246	4
3853	7.58232	3.54574	1.12057	4
3878	8.09355	6.13196	1.39124	4
3892	7.9201	9.01774	0.60079	4
3899	8.44358	19.9922	0.297436	4
3903	8.57049	5.72261	0.953297	4
3913	9.59683	22.8851	0.28627	4
3917	9.51552	7.19367	0.705642	4
3928	8.23736	12.7331	-0.777328	4
3929	8.42413	12.5715	0.514046	4
3951	8.86221	19.9246	0.159674	4
3955	8.82994	20.4298	1.10405	4
3960	9.37922	5.78748	0.185533	4
3984	8.25715	21.2975	0.486881	4
4007	9.17418	15.7466	0.810317	4
4017	9.26971	10.9071	0.790971	4
14	12.0606	0.389696	0.72681	5
50	10.8871	16.7269	0.606813	5
60	10.362	11.9553	0.496843	5
63	12.1376	3.01668	0.939188	5
66	11.7336	21.4132	0.296783	5
83	12.3772	5.96568	0.164832	5
86	10.9841	24.7375	-0.464268	5
117	10.2868	12.0422	-0.11456	5
129	11.7867	21.8073	0.758019	5
134	11.8585	15.1897	0.851128	5
136	11.4429	4.71547	-0.258887	5
152	11.605	11.2613	0.130701	5
158	12.1855	17.9051	1.05772	5
160	11.8712	4.17588	1.30949	5
162	11.2701	12.536	1.21835	5
166	10.5016	18.5238	1.25031	5
168	11.549	4.4046	0.407847	5
172	10.4857	14.6974	0.62561	5
180	10.8448	5.34674	0.412929	5
182	11.5724	16.4689	0.587111	5
183	12.1812	19.7902	0.79045	5
184	10.3498	4.90441	0.694522	5
191	11.6654	10.2319	-0.0174331	5
201	11.5823	24.0237	0.389028	5
206	10.7249	24.6246	0.324179	5
210	12.2328	5.41855	-0.234248	5
216	10.7734	18.1201	0.863452	5
224	11.7759	8.03991	0.16775	5
229	11.7185	23.3634	0.60107	5
230	12.2163	4.18586	0.81261	5
235	11.8339	17.6146	0.897493	5
237	12.2182	8.60739	1.86891	5
241	12.1178	17.9065	0.912909	5
264	12.0866	19.7606	0.157084	5
269	12.2731	15.232	0.281398	5
284	12.4594	22.5304	0.321445	5
298	12.1901	7.61034	0.784346	5
299	12.2306	13.011	0.391139	5
314	10.461	20.3494	0.74721	5
319	10.2745	15.5614	0.860641	5
337	10.4224	5.59763	0.630092	5
344	10.2403	9.42588	0.107193	5
355	11.1418	19.7296	-0.30522	5
357	11.6526	1.4514	0.718962	5
371	11.9679	9.67565	0.706083	5
377	10.3009	23.5543	-0.355797	5
401	11.3006	11.8606	0.712762	5
407	10.1217	10.7809	0.937094	5
430	11.8564	23.3816	0.573118	5
442	11.6807	9.11929	-0.0275464	5
454	12.1391	5.03826	-0.0102909	5
462	10.3584	24.1298	0.977097	5
465	11.6396	20.0961	0.551124	5
468	12.0897	2.20951	0.672143	5
469	10.6686	21.3306	0.602501	5
476	10.7356	7.51777	0.962896	5
492	12.0139	15.0699	1.54866	5
493	11.7553	7.5292	0.591078	5
497	10.0953	24.5958	0.97062	5
501	10.1983	16.1	-0.772878	5
502	10.4844	11.1976	0.355818	5
506	11.8612	11.3086	-0.055926	5
509	12.1816	11.5295	0.047434	5
519	10.3819	18.0545	0.276768	5
524	12.4043	14.3804	0.855709	5
548	11.5573	1.86149	0.817583	5
558	10.2935	6.82538	0.535462	5
560	10.8492	21.3729	-0.0452814	5
569	12.0932	9.57885	0.736493	5
583	10.9707	19.7152	1.82144	5
596	10.9983	7.72015	0.770353	5
611	11.8667	23.0811	0.453421	5
617	11.9806	12.1473	0.408776	5
621	10.0087	16.7165	0.616122	5
629	11.7415	21.7963	-0.244394	5
635	12.2399	15.3488	1.17131	5
659	11.5558	2.76185	0.0769057	5
660	11.848	9.67494	0.0850302	5
678	10.5281	8.32138	-0.0560264	5
688	10.8303	3.83473	0.237826	5
689	11.0702	2.25705	0.784844	5
693	10.9488	21.3001	0.580704	5
694	11.6376	2.66946	1.10234	5
697	10.5026	17.4208	0.105442	5
710	11.7769	10.758	0.175545	5
719	10.7867	22.8317	1.1077	5
723	11.9547	4.99979	1.0517	5
727	10.3953	15.7139	0.25149	5
734	12.112	4.40815	1.39415	5
741	11.1908	6.88988	-0.230088	5
742	11.7066	18.7844	1.17005	5
754	11.2247	23.0838	0.827461	5
767	12.1782	6.46075	0.237109	5
769	11.0317	13.8236	-0.285441	5
773	11.6854	11.2141	-0.156659	5
784	11.8077	6.23035	0.537055	5
796	11.5265	22.8787	0.172049	5
804	11.7219	17.4374	0.531046	5
811	11.2989	24.0468	1.19903	5
812	11.682	8.35221	-0.204285	5
824	11.4521	3.09979	0.810467	5
828	11.7573	15.3874	-0.241673	5
834	11.0721	11.9162	-0.0981758	5
836	12.3495	7.62792	0.796349	5
842	11.6313	7.59165	0.125851	5
843	10.2432	4.71793	0.349675	5
857	10.3363	12.959	-0.0929942	5
886	10.8738	15.6682	0.396722	5
901	10.0363	5.84602	0.305587	5
910	10.4368	18.557	0.898319	5
912	10.8177	23.1876	0.23879	5
913	10.6846	15.3903	0.286792	5
914	12.2074	15.8948	0.0707032	5
930	11.3073	22.6223	0.456636	5
933	11.6693	12.0299	1.3743	5
934	11.9837	0.921621	0.867861	5
938	11.4439	19.1194	0.985506	5
939	11.6874	18.8417	-0.245503	5
953	10.8079	15.6055	-0.429283	5
957	11.8785	3.276	1.0884	5
961	12.3301	9.77117	-0.383381	5
962	10.1624	18.2053	0.421683	5
973	11.5143	0.618893	0.171112	5
978	11.6138	24.3146	0.911489	5
985	10.5616	24.1542	0.672797	5
989	11.6123	2.19312	0.88961	5
996	10.0782	11.0705	0.516222	5
1011	10.4575	18.2709	1.27555	5
1013	10.6665	17.7667	0.377385	5
1021	10.6125	6.11104	1.24878	5
1025	11.9144	10.2281	0.315647	5
1033	11.9425	1.16214	1.27544	5
1046	11.6083	12.8218	0.131009	5
1065	10.8828	4.16148	0.819279	5
1067	11.5954	8.95177	0.521724	5
1069	11.0411	10.7905	-0.274813	5
1077	12.3176	2.35464	1.09185	5
1102	12.3216	12.8061	0.574669	5
1103	10.1274	19.9904	1.3903	5
1136	11.1012	3.447	0.499896	5
1147	11.2461	16.8866	0.800202	5
1150	10.7181	14.0001	2.04747	5
1154	11.3376	2.10882	0.341371	5
1158	12.0447	13.4795	0.203437	5
1169	11.8225	21.1594	0.880568	5
1170	12.4022	15.9493	0.253245	5
1181	12.1136	7.49051	0.260242	5
1187	11.7289	20.0159	0.138019	5
1215	10.8348	3.69999	0.406711	5
1216	10.2745	3.23176	0.76772	5
1225	12.3971	15.1093	0.149809	5
1231	12.1583	5.00182	0.754938	5
1243	10.3273	2.58108	0.383976	5
1275	11.8352	17.3901	0.367414	5
1285	10.1236	4.66459	0.898416	5
1286	10.6159	18.8875	0.581334	5
1300	11.1762	20.155	-0.124533	5
1301	10.9992	12.1248	-0.232208	5
1309	11.3196	16.3334	1.13293	5
1312	10.3617	16.6487	0.492428	5
1318	11.4592	7.41014	1.50975	5
1336	11.3852	12.9778	1.04833	5
1348	11.371	11.7344	0.521832	5
1363	10.7029	12.7834	1.05767	5
1365	10.1503	1.02217	-0.282156	5
1372	10.6774	11.4924	0.496258	5
1388	10.2978	0.392519	1.52208	5
1399	10.2584	12.0563	0.595044	5
1412	11.5291	8.28934	-0.306776	5
1413	12.2719	9.53754	0.847738	5
1419	11.5469	2.78395	1.26033	5
1460	10.0694	17.7679	1.36814	5
1474	10.8236	17.5147	0.311587	5
1478	10.8894	17.9812	0.465315	5
1480	10.6041	1.18411	1.48411	5
1481	10.4339	0.0346708	0.245802	5
1484	12.3703	22.9881	0.128384	5
1523	10.4294	9.31984	0.460422	5
1533	12.3465	8.19432	-0.55088	5
1537	11.89	12.1878	0.61113	5
1543	10.2663	7.09206	0.996386	5
1570	10.8584	4.93913	1.58541	5
1571	12.2303	21.3939	0.802921	5
1589	10.8038	14.8498	0.879224	5
1604	11.474	15.4752	0.477428	5
1607	10.3712	1.96944	1.45227	5
1612	12.1088	8.01129	1.4795	5
1628	10.8103	24.5183	0.46118	5
1640	12.1766	0.395639	1.21256	5
1642	10.5068	10.1268	0.295447	5
1660	11.7142	6.07166	0.326158	5
1681	11.7895	16.6274	-0.0799929	5
1690	12.0202	7.10675	0.328343	5
1703	12.4611	7.26194	0.999554	5
1705	10.9139	0.775001	0.880377	5
1708	12.395	22.9899	0.847705	5
1713	12.2663	1.6693	1.10241	5
1718	11.7381	6.86448	1.50586	5
1728	10.9647	4.88598	1.10127	5
1741	12.0468	13.1504	0.722703	5
1748	10.595	16.1288	-0.333127	5
1752	10.9343	16.4389	1.06642	5
1765	11.0652	0.654113	1.1639	5
1769	10.6979	20.6111	0.359608	5
1772	12.1182	14.662	1.4784	5
1778	10.5611	21.9951	0.263965	5
1779	10.4118	17.9311	1.0081	5
1800	10.4754	17.7861	0.53037	5
1805	12.3185	3.85828	0.516912	5
1810	11.141	22.4146	0.706788	5
1811	10.5902	22.5796	-0.123184	5
1822	10.5445	23.4909	0.215285	5
1823	10.6607	13.1697	0.248781	5
1830	11.115	24.4226	-0.137451	5
1833	11.6653	6.31219	0.68729	5
1846	12.3827	10.0667	0.182474	5
1895	10.7473	2.4539	0.507907	5
1906	10.9924	12.7469	0.476189	5
1935	10.2467	14.0483	1.43888	5
1962	11.4756	20.5317	1.26065	5
1965	11.3296	4.20521	1.19666	5
1977	11.997	10.8556	-0.250179	5
1989	10.5332	3.47891	0.967075	5
2009	10.2235	12.3965	0.0680859	5
2021	10.5175	13.2585	0.189729	5
2030	11.8697	21.1718	1.09057	5
2078	12.2291	15.0929	1.47107	5
2091	12.1614	23.118	0.627222	5
2093	11.8885	1.68951	0.450588	5
2096	10.6055	0.566151	1.18583	5
2125	11.0574	19.4738	1.11545	5
2129	10.4707	13.5059	0.770931	5
2130	10.1327	1.44591	0.841224	5
2132	12.0592	24.6208	-0.00635952	5
2137	10.8043	5.08606	0.952577	5
2147	10.7091	20.8028	-0.00691172	5
2172	11.2123	12.9262	0.14502	5
2173	10.6063	4.91585	0.61795	5
2193	11.1668	14.7537	0.473544	5
2194	11.2419	13.8777	0.860821	5
2204	11.3325	20.4886	0.215891	5
2208	12.0446	11.0335	0.472361	5
2209	11.3012	10.8762	0.0720209	5
2213	11.9049	10.0419	-0.150344	5
2218	10.8801	15.0932	1.17274	5
2238	11.7874	15.7626	-0.290719	5
2249	10.8614	1.90189	0.247816	5
2251	10.662	17.2243	0.627413	5
2255	12.1126	22.418	0.529919	5
2277	10.934	16.1487	0.879027	5
2306	11.6066	18.4163	1.02026	5
2311	11.1169	24.0799	0.49217	5
2313	10.1184	24.3978	-0.092234	5
2328	10.6877	12.7121	0.638244	5
2358	12.1896	3.92406	1.09489	5
2367	11.248	4.33019	0.946834	5
2387	10.4024	0.325369	0.387844	5
2410	10.2946	10.4481	0.681153	5
2416	11.9428	12.9662	0.21947	5
2430	10.8817	2.05753	1.52953	5
2432	11.5341	9.66544	0.121592	5
2439	11.6599	5.80152	0.810309	5
2442	12.1535	6.99759	0.255813	5
2443	12.3673	13.3076	0.621798	5
2444	10.1333	12.0861	0.20075	5
2454	11.7644	11.4181	0.215404	5
2464	12.4367	5.63672	0.270675	5
2474	10.6293	6.45925	0.0399465	5
2518	10.0101	24.3293	-0.531368	5
2528	10.5852	2.72624	0.733893	5
2529	11.2507	8.91454	0.0919753	5
2542	10.0087	11.8914	0.30056	5
2550	10.9526	17.1663	0.979429	5
2555	10.2626	9.29381	1.14422	5
2556	11.4676	14.9814	-0.0476218	5
2558	10.3526	11.0917	0.683764	5
2559	11.2556	11.9791	0.740657	5
2583	11.7958	3.22121	0.0760403	5
2585	10.8544	7.73535	0.976654	5
2589	12.1253	14.7004	0.925969	5
2590	11.61	0.47146	1.58669	5
2601	10.5756	15.6566	0.784041	5
2608	11.7188	19.4398	0.459881	5
2609	10.1352	3.57314	-0.318687	5
2613	10.1155	2.10585	0.240888	5
2636	11.8686	14.5649	0.692426	5
2637	12.3458	16.7646	0.271526	5
2645	10.472	24.0159	-0.171097	5
2647	10.7155	15.2345	0.938956	5
2667	11.4619	23.5503	-0.508299	5
2687	10.2452	14.7438	-0.00853602	5
2694	12.4736	22.4584	-0.2328	5
2695	11.4331	21.9942	0.616836	5
2696	11.2708	20.8279	0.225868	5
2703	10.5778	3.90779	0.793655	5
2716	12.0142	6.50338	2.11616	5
2732	10.9157	3.49006	0.691249	5
2736	11.0292	4.8549	0.740672	5
2753	11.3862	3.59222	0.243558	5
2754	10.6735	6.86486	0.741313	5
2764	10.8374	15.4181	1.09949	5
2773	11.319	19.613	-0.435909	5
2780	11.1298	22.1246	1.09205	5
2786	11.4428	24.0737	0.469174	5
2788	11.5718	5.25624	0.638622	5
2809	12.2774	19.3435	1.5749	5
2813	12.3607	14.5071	0.758038	5
2815	11.2283	1.65923	0.469164	5
2840	11.0759	11.9396	1.41826	5
2847	11.6355	12.2278	0.682369	5
2848	11.6392	17.0061	0.326873	5
2904	10.2531	16.8996	0.225986	5
2930	12.1494	6.06868	-0.581198	5
2955	10.5714	3.91814	0.900602	5
2964	10.3371	21.1042	0.470835	5
2973	10.0079	24.7474	0.711768	5
2982	11.4604	19.4335	0.834202	5
2985	11.2586	3.77621	0.937697	5
3029	12.2068	0.718138	0.941317	5
3033	10.4512	7.6389	0.777719	5
3036	10.0079	0.242617	0.285175	5
3045	11.5618	9.11295	0.659025	5
3051	12.1963	16.3509	0.0869704	5
3061	12.3238	10.5516	0.254122	5
3062	12.2892	17.6855	0.984356	5
3075	10.3707	4.81407	1.15501	5
3096	10.9041	7.28884	0.560509	5
3100	10.4461	14.1161	0.483035	5
3101	11.534	15.1393	0.869685	5
3105	10.628	5.37433	0.410004	5
3108	12.0912	23.9814	0.831449	5
3111	11.3422	16.9676	0.604059	5
3115	10.5878	14.0537	-0.367526	5
3122	10.3073	15.7197	-0.0915205	5
3123	10.6294	19.4938	0.569665	5
3124	11.5852	18.3399	0.685878	5
3130	10.6287	20.6818	1.20988	5
3140	11.008	22.8299	0.0850938	5
3146	10.1936	3.00471	0.457002	5
3156	10.4254	6.83866	0.908599	5
3168	11.1374	1.82528	0.660217	5
3178	11.4319	13.2756	1.02375	5
3179	10.4546	1.35348	1.29471	5
3198	12.476	23.5005	0.398358	5
3203	10.857	23.6991	-0.718127	5
3222	10.941	5.66933	-0.54093	5
3241	11.2686	2.7949	1.30896	5
3244	11.3014	10.379	0.537902	5
3258	10.6819	21.2741	1.2773	5
3259	10.4653	10.8556	0.753956	5
3273	10.423	12.4588	-0.275243	5
3282	11.9706	17.2098	0.726519	5
3296	10.2259	3.801	0.819872	5
3304	10.3864	7.55464	1.12957	5
3308	10.3331	3.38835	-0.446204	5
3310	10.2154	5.93573	0.0277591	5
3315	11.1542	21.5098	0.549234	5
3319	10.2714	17.1869	0.875827	5
3320	10.2173	17.1322	0.125026	5
3328	12.3131	7.41554	-0.0419217	5
3337	10.2253	24.1653	0.491207	5
3355	10.0836	13.1369	0.601961	5
3359	12.4282	9.3073	0.228114	5
3372	11.5609	12.5773	0.965648	5
3374	10.331	13.9587	1.47006	5
3391	11.2936	9.11883	0.909217	5
3414	10.6066	3.96586	1.23674	5
3452	12.2232	17.8823	0.615286	5
3453	11.9666	10.9821	0.418373	5
3465	10.4498	8.47017	0.450529	5
3466	10.9342	8.64148	1.33074	5
3484	10.2815	15.7259	-0.053499	5
3492	10.2488	20.3546	0.855998	5
3508	12.1528	10.8605	0.545299	5
3519	11.049	11.8052	0.612801	5
3543	10.8067	12.4582	0.622294	5
3544	10.2084	14.6678	1.04669	5
3545	12.4698	22.6133	0.558586	5
3555	10.0187	22.9849	0.246472	5
3557	11.033	4.09503	1.30648	5
3558	11.7334	12.101	0.650985	5
3562	12.3075	6.45765	0.0121848	5
3574	11.1842	10.5921	1.02599	5
3578	11.378	20.8743	0.0881035	5
3584	11.6833	2.33873	-0.410543	5
3586	11.8256	11.2998	0.80841	5
3598	10.9185	17.3574	0.240444	5
3599	12.4917	7.52599	0.858527	5
3650	10.9937	10.1934	0.0915613	5
3666	10.3505	15.7181	1.1457	5
3672	11.7579	14.9021	1.10084	5
3674	10.1826	22.9664	0.193169	5
3677	11.157	24.6221	0.97486	5
3685	12.0382	10.8775	-0.522117	5
3686	12.0149	10.8755	0.0658729	5
3701	12.3034	14.9063	-0.247978	5
3715	10.0647	5.26728	1.91461	5
3720	11.7259	7.38902	0.381471	5
3723	10.7679	7.80757	0.85204	5
3733	10.4436	7.38382	0.272721	5
3742	10.0203	15.4826	0.533896	5
3744	11.434	12.872	0.835736	5
3745	10.555	6.98591	0.722094	5
3755	10.9602	22.2419	0.734023	5
3756	10.7578	20.8515	0.980327	5
3758	12.3139	10.0952	1.08874	5
3760	10.5497	11.7656	0.24826	5
3782	11.8546	24.053	0.155579	5
3810	12.2327	19.4257	0.282571	5
3814	11.1485	23.6418	0.329973	5
3825	10.7729	2.14523	0.319342	5
3832	11.8114	10.1586	-0.576151	5
3841	11.0511	21.2088	0.322109	5
3842	10.9242	21.6948	0.461476	5
3845	10.5277	18.774	1.02907	5
3857	12.4117	5.5568	-0.324104	5
3858	12.144	2.9669	0.190805	5
3873	12.0738	7.28272	0.890184	5
3891	10.1905	19.1255	1.13496	5
3893	11.355	20.5744	1.09012	5
3898	10.1208	7.65645	-0.461171	5
3923	11.573	12.2006	0.68428	5
3930	10.5745	20.6362	1.77898	5
3950	11.7172	20.4431	-0.226972	5
3997	11.5606	14.643	-0.457838	5
3998	12.1807	15.0186	0.869375	5
4002	10.7235	16.0883	0.764985	5
4011	11.4826	13.7083	1.13559	5
4016	11.4638	10.773	0.669724	5
4027	11.728	5.77041	0.260457	5
11	12.922	3.91271	0.706116	6
25	14.1475	9.80013	-0.356313	6
31	14.8144	23.3288	1.09536	6
37	14.9568	15.4163	0.827299	6
42	14.0717	1.99098	0.126457	6
45	12.6471	1.75684	0.547369	6
48	12.5084	16.368	0.454361	6
61	12.8568	10.7049	0.251806	6
72	14.1666	9.57723	-0.227643	6
73	13.5762	18.6068	-0.0392798	6
74	12.9009	13.9275	1.80089	6
77	14.4107	14.6221	0.674653	6
91	13.45	5.73574	-0.421117	6
102	13.5259	0.191543	0.898784	6
103	14.0599	7.1323	0.526944	6
110	13.2317	9.20476	0.152123	6
112	12.8821	9.9679	0.817727	6
114	13.347	10.8037	0.879363	6
120	14.7885	13.7196	0.9324	6
150	13.004	1.51045	0.35258	6
163	12.6236	11.1825	0.605948	6
174	14.1126	11.5137	1.54098	6
188	13.8963	24.2158	0.564153	6
199	13.0877	4.49866	0.798069	6
220	14.8362	13.8359	-0.0898349	6
223	14.9526	22.8218	0.426208	6
250	12.6818	24.2258	0.238882	6
252	13.09	6.25114	0.659519	6
257	13.5863	20.7645	0.377542	6
279	14.6856	23.6648	0.458592	6
280	13.6321	8.35465	0.461048	6
281	12.8464	17.561	0.375187	6
282	13.09	18.751	0.601781	6
294	13.5687	21.1073	0.334308	6
311	14.5327	6.78865	0.128672	6
317	13.9828	17.1952	0.152349	6
340	14.153	10.5436	0.948651	6
345	13.976	13.2901	0.107264	6
350	12.5221	15.0252	-0.2438	6
356	13.3368	22.3222	0.148203	6
363	13.0839	3.50378	1.0915	6
368	13.6635	22.8233	0.849686	6
369	14.4798	20.4558	0.747827	6
370	13.4821	19.1926	0.56454	6
375	13.2523	7.27928	-0.274038	6
404	14.2294	0.827967	0.177214	6
423	13.1531	15.0681	0.959255	6
432	13.31	13.3464	1.00189	6
435	13.2829	11.5359	1.30828	6
436	12.6462	4.8139	0.993398	6
443	12.6229	23.7458	0.0260316	6
447	14.6153	11.5189	0.749195	6
450	13.4132	16.9802	1.10062	6
479	14.9494	17.6527	0.82828	6
484	12.9213	20.7605	-0.306645	6
489	14.1881	24.0788	0.725672	6
498	13.298	13.7944	0.387947	6
503	13.2232	23.918	1.04046	6
516	12.9757	10.6178	1.32523	6
528	14.5983	5.9478	-0.732322	6
551	14.6233	22.0202	0.721327	6
554	14.3088	14.3802	0.0795207	6
565	14.1494	15.7975	-0.0669192	6
574	13.7827	2.82793	0.315327	6
575	13.6015	12.9408	0.250465	6
576	13.9363	5.86985	0.996676	6
577	13.0375	24.7002	0.592139	6
590	12.7855	19.3591	0.255465	6
591	13.061	15.5473	0.613198	6
605	14.4103	14.4444	0.499435	6
608	13.7469	12.5823	0.454859	6
615	14.3127	1.40064	-0.321393	6
639	14.2154	11.2666	0.041954	6
652	14.9366	1.58224	0.451927	6
653	12.6919	1.13278	0.775241	6
670	13.572	3.58202	0.585346	6
674	12.9294	19.6446	-0.138256	6
681	12.6657	20.3832	0.643979	6
683	13.7615	5.04128	1.29353	6
687	14.7665	20.9003	0.545747	6
696	13.0491	10.1446	-0.0346661	6
706	13.4096	3.22064	0.596846	6
709	13.1666	12.2888	-0.770449	6
740	13.4471	14.4916	0.383377	6
772	14.9944	4.64713	-0.364004	6
783	14.8158	17.6527	0.633843	6
787	13.6771	17.1917	0.460416	6
798	14.4732	5.17484	0.912748	6
807	13.2457	0.092364	0.500463	6
820	14.9115	16.5547	-0.510975	6
833	13.7707	6.5381	0.712476	6
845	13.9582	12.3152	1.14489	6
848	13.063	5.53675	-0.45052	6
894	12.8562	9.08861	0.224764	6
909	12.9226	18.2978	0.781956	6
923	12.6941	3.3106	0.121284	6
927	12.5905	20.7329	0.341567	6
932	13.9865	24.0979	0.0824423	6
946	13.0261	1.82644	0.0646687	6
949	13.1119	17.5568	0.4911	6
956	12.6601	1.5289	0.859246	6
964	13.4912	13.7943	0.244428	6
969	13.4778	11.5288	0.637135	6
986	14.8375	1.17125	-0.515191	6
993	13.455	14.4036	0.328981	6
999	14.1888	20.0512	0.30515	6
1019	14.9344	15.3695	-0.37892	6
1043	13.9069	11.3751	1.23173	6
1045	14.3041	1.53596	-0.139022	6
1049	13.4137	16.5918	1.19881	6
1053	13.9476	7.18106	0.382628	6
1056	14.0657	0.714152	0.887288	6
1058	14.7468	8.84035	0.492167	6
1070	14.3632	15.0882	0.0395401	6
1092	14.623	16.244	0.604537	6
1097	13.9374	16.8046	0.860575	6
1105	14.5104	20.4208	0.349923	6
1109	13.5029	10.4787	0.0661829	6
1133	14.5185	3.22132	0.973182	6
1151	13.653	2.94093	0.621711	6
1166	13.598	21.492	0.592241	6
1184	13.0676	5.86339	0.197957	6
1205	13.703	21.8296	0.494554	6
1206	12.7827	2.38343	0.836964	6
1209	13.9751	17.5973	1.1116	6
1214	14.251	17.4916	0.275944	6
1218	13.0836	7.97517	0.325303	6
1251	13.5404	24.3469	1.13287	6
1254	12.918	18.2884	0.954578	6
1294	14.7134	5.5217	0.618514	6
1307	12.6628	12.4227	0.421921	6
1310	13.3986	15.8691	0.206441	6
1317	14.5342	13.6517	0.499814	6
1328	13.8395	13.0569	0.497608	6
1330	12.9083	8.62893	0.826737	6
1338	13.1067	21.4395	0.0892081	6
1343	14.6583	21.7709	0.417798	6
1349	14.8177	6.00635	1.48679	6
1352	14.6576	20.9371	1.7514	6
1354	12.7328	5.6899	0.0976044	6
1356	12.5071	8.97442	0.817148	6
1380	14.3641	12.0007	0.895657	6
1430	12.7715	15.3422	0.070739	6
1432	13.4296	22.5487	0.861479	6
1444	12.9933	16.8725	0.54358	6
1448	13.3336	24.5884	0.727819	6
1451	13.5928	21.9793	1.58112	6
1452	13.1116	19.7264	1.15099	6
1488	14.3484	7.93323	-0.168115	6
1490	14.0021	9.59979	0.0726796	6
1497	13.0532	1.11227	-0.1952	6
1504	13.7901	4.08049	0.692853	6
1505	13.4918	22.8127	0.823423	6
1508	12.9956	16.2361	0.254814	6
1520	13.5072	4.81842	0.418232	6
1531	14.1313	16.9847	0.484994	6
1532	13.8303	12.6675	0.84725	6
1534	12.6426	6.78041	-0.0246103	6
1539	12.7869	10.7404	-0.382958	6
1581	14.3969	19.2955	0.503044	6
1598	13.2416	0.429174	0.903028	6
1605	13.8912	1.65526	1.46753	6
1608	14.1326	1.03034	0.179789	6
1611	13.8143	15.5412	0.489348	6
1643	14.8121	3.10017	-0.134986	6
1644	14.9829	15.5474	0.683951	6
1651	14.3611	14.1628	0.372377	6
1669	13.9587	22.1975	0.60052	6
1671	14.5217	24.1911	0.174338	6
1678	13.1829	15.0465	0.674972	6
1682	14.247	16.311	0.534119	6
1699	13.3427	14.0935	0.295954	6
1701	12.9951	20.4599	-0.377168	6
1711	14.1099	9.83287	0.902072	6
1719	12.5029	3.10329	0.54875	6
1727	14.9773	24.8034	-0.0371613	6
1756	14.0802	16.8143	1.21611	6
1758	13.0453	7.15099	0.128453	6
1767	13.2215	21.9455	0.979174	6
1789	14.5557	1.38645	0.594745	6
1790	14.4482	19.5435	0.831878	6
1792	13.4345	18.1374	0.82559	6
1795	12.9606	11.14	0.540728	6
1806	13.9585	2.29961	-0.540605	6
1820	14.9699	24.7147	0.243603	6
1836	12.7145	23.0593	0.685569	6
1850	13.1605	12.5285	0.916585	6
1863	14.2821	5.00572	0.593713	6
1869	14.6272	8.7179	0.116744	6
1872	14.6079	15.6569	-0.742053	6
1879	14.8161	12.4727	1.33938	6
1911	12.8913	12.4304	0.00432739	6
1912	12.8707	12.4381	0.565535	6
1918	14.7748	10.7571	0.0489619	6
1922	14.2735	7.53166	0.381616	6
1923	14.9111	8.21241	1.08554	6
1924	13.5726	10.7696	0.126773	6
1929	13.4671	15.852	0.548778	6
1932	14.9547	0.161757	0.0965794	6
1937	12.8443	13.0498	0.462669	6
1955	14.7988	20.8009	0.587292	6
1960	13.7632	5.94339	-0.243895	6
1966	12.5614	5.90322	-0.14558	6
1986	12.6411	9.49954	1.2805	6
1999	12.9211	19.5527	1.27858	6
2011	13.5952	15.2209	0.777102	6
2013	13.2307	6.47384	0.192594	6
2019	12.5007	6.8435	-0.45125	6
2020	14.7183	4.03394	0.576402	6
2026	12.9084	5.23134	0.0702568	6
2031	14.5652	13.1656	0.313964	6
2043	13.8426	4.08609	0.807339	6
2045	12.6139	21.7084	0.745327	6
2058	13.8009	10.8153	0.543626	6
2083	14.0631	19.7597	0.470131	6
2088	14.5419	18.7978	0.0446563	6
2090	13.7435	9.64608	0.804784	6
2107	12.5866	24.2329	0.946273	6
2110	14.3927	18.1945	0.0266486	6
2161	14.4525	15.9941	0.386999	6
2166	14.8139	8.7194	0.814849	6
2182	13.3037	13.6484	-0.412375	6
2187	14.7288	20.5438	0.840281	6
2206	14.8475	21.9009	0.45549	6
2207	14.5983	21.0506	0.278073	6
2210	13.915	22.9882	0.535375	6
2224	12.7857	13.5805	0.434255	6
2225	13.7471	13.3123	0.370836	6
2231	13.766	9.52141	-0.297276	6
2232	12.8784	2.94005	-0.189294	6
2254	12.7961	18.2227	1.1672	6
2258	12.714	10.6327	-0.0662755	6
2263	12.517	17.8193	0.592928	6
2265	13.9835	10.1159	0.0864817	6
2273	13.5228	14.0078	-0.162754	6
2321	14.2517	13.0128	0.475443	6
2322	14.7928	13.602	0.59239	6
2332	13.4617	16.7397	1.04818	6
2356	13.9215	23.2681	-0.146706	6
2378	14.6685	6.80822	-0.743883	6
2383	14.1526	18.0397	0.229806	6
2384	14.0188	18.98	0.464121	6
2389	14.6095	23.0919	0.274268	6
2419	14.7665	1.81926	0.0163508	6
2422	14.3728	15.9512	0.367072	6
2423	14.1361	22.5454	1.26123	6
2438	14.6553	20.4169	-0.459599	6
2461	14.6431	13.3271	0.245016	6
2467	13.3272	10.615	0.898791	6
2480	13.0175	13.762	0.712316	6
2487	13.4762	20.2254	0.413341	6
2494	14.3604	19.376	0.780235	6
2509	13.2607	19.996	0.725378	6
2516	13.8418	4.48891	0.544793	6
2530	14.6106	1.57378	0.774675	6
2541	13.4048	9.76307	0.397075	6
2546	12.962	12.1591	-0.118075	6
2570	13.7637	8.62118	1.15004	6
2581	14.573	21.2048	1.16381	6
2604	14.122	18.063	0.0962954	6
2607	14.2689	11.0599	0.632405	6
2616	14.7072	20.118	0.911856	6
2618	13.0007	18.6992	0.788086	6
2649	14.4252	11.7871	0.627524	6
2659	14.556	10.3206	1.69215	6
2662	14.7981	17.4721	0.962744	6
2663	14.144	18.1438	0.246775	6
2704	13.9166	20.6445	0.669529	6
2717	14.7197	23.0181	0.468233	6
2718	13.727	21.3396	0.434454	6
2724	12.7785	17.8457	0.0725696	6
2741	12.8009	15.2774	-0.210791	6
2743	14.0286	5.09448	0.681326	6
2746	13.6438	8.57621	0.768005	6
2748	14.9636	19.2924	0.738415	6
2762	12.8075	1.15209	0.471092	6
2774	13.843	14.5744	1.01564	6
2804	14.5761	20.9897	0.522467	6
2808	14.4003	6.07236	0.784581	6
2820	13.6548	6.04244	-0.0601942	6
2821	13.0544	6.47877	-0.368647	6
2831	14.9964	20.5946	0.601832	6
2839	13.877	17.2209	0.783722	6
2849	12.896	7.94865	0.374775	6
2854	13.4611	9.19383	-0.494257	6
2862	13.4136	19.067	0.609684	6
2868	13.007	17.5367	0.455911	6
2893	13.9271	14.3362	0.372794	6
2912	12.8079	7.7343	-0.0626452	6
2918	12.8061	19.5784	0.559958	6
2922	14.5509	16.8562	0.113482	6
2926	14.6345	15.2514	-0.675604	6
2932	12.9058	14.3515	0.742741	6
2935	12.5728	15.216	1.33909	6
2941	13.1356	22.1921	1.25333	6
2952	13.6288	14.4977	-0.416773	6
2957	13.7468	0.505383	0.845735	6
2965	13.3988	15.5339	0.419698	6
2966	14.8184	23.6586	0.671292	6
2975	14.3135	15.499	0.326721	6
2978	13.2981	20.2452	0.365005	6
2989	13.6003	0.742464	-0.192306	6
2996	12.6809	17.1875	0.665971	6
2998	12.7293	21.4828	0.62804	6
3004	14.0953	4.53723	1.51101	6
3007	14.7441	20.4363	0.839286	6
3010	14.6892	17.3517	0.776643	6
3011	12.8951	10.92	0.365718	6
3015	13.375	5.34069	1.03023	6
3016	13.1416	20.4943	1.56289	6
3017	13.4995	20.6194	1.45593	6
3027	13.0825	9.35938	-0.589898	6
3056	14.1366	2.73088	-0.404844	6
3057	12.5086	3.66581	0.306846	6
3091	13.5693	9.76245	-0.0625064	6
3102	14.7893	5.49958	-0.0146461	6
3109	13.1907	10.4035	0.0209557	6
3110	12.7528	10.4594	0.698162	6
3113	12.5909	19.3292	0.988183	6
3125	12.7297	21.7828	0.299494	6
3133	14.8699	13.5389	0.48998	6
3142	12.5506	6.66425	-0.269374	6
3147	13.2421	23.454	1.12194	6
3161	12.6351	13.8252	0.226248	6
3163	13.3509	18.0044	0.903955	6
3201	13.7302	23.2211	0.630109	6
3205	14.5483	19.577	1.28212	6
3210	12.9066	2.46129	0.661776	6
3218	12.9152	16.4737	0.334537	6
3228	13.2781	15.5912	0.708409	6
3229	14.3686	24.056	0.715286	6
3233	13.6511	13.1312	0.540256	6
3247	12.8691	16.0453	0.0747624	6
3249	14.6453	13.2616	0.723175	6
3272	14.3554	8.90081	0.13652	6
3276	13.392	22.1823	1.12446	6
3278	12.6585	21.1032	0.653201	6
3292	14.9068	0.628556	0.121396	6
3294	12.9838	23.7648	0.984776	6
3298	13.7896	20.4006	0.670799	6
3309	14.2093	8.13515	0.554444	6
3313	13.6058	16.5249	1.16112	6
3335	13.8881	13.4359	0.655	6
3353	14.3439	11.0462	-0.670726	6
3361	13.2068	18.0996	0.0425742	6
3373	14.3267	14.0141	0.659668	6
3384	13.1163	10.2487	-0.252945	6
3392	13.6771	13.8896	0.893379	6
3419	13.5054	22.276	0.678222	6
3433	13.5121	4.1305	-0.389439	6
3459	13.1862	8.26928	0.234652	6
3463	14.7868	3.37559	0.0624997	6
3464	14.7644	3.10558	0.239096	6
3487	13.1759	13.7864	0.741632	6
3490	13.8881	18.602	0.558416	6
3491	14.4872	19.1903	0.865681	6
3494	13.2958	3.03462	0.48241	6
3495	13.6222	3.48721	0.714959	6
3515	12.8412	7.40444	0.473891	6
3522	14.2099	20.4031	0.6521	6
3526	12.6883	22.0162	0.408581	6
3539	13.6082	15.7966	0.222403	6
3546	12.6689	22.6769	-0.602007	6
3553	14.868	2.89299	0.399331	6
3560	14.9696	3.92616	0.115387	6
3569	13.2935	16.7855	1.02404	6
3573	14.5472	11.1164	-0.245178	6
3577	14.376	13.2693	1.06514	6
3589	14.8496	16.7793	1.38094	6
3600	14.8377	11.455	1.17223	6
3611	12.6591	1.68874	1.78954	6
3645	12.5405	5.97598	0.39457	6
3660	13.0933	18.5285	0.935252	6
3662	12.5766	15.5735	0.7632	6
3663	13.7133	10.3814	-0.320963	6
3664	13.1886	10.7826	0.18461	6
3689	12.5505	20.5525	-0.118136	6
3690	12.7583	20.896	0.104696	6
3731	13.8825	1.59463	0.32923	6
3732	14.5803	17.5703	0.0337205	6
3762	13.3834	12.7971	0.641958	6
3767	14.2992	17.2762	1.4158	6
3797	14.341	12.5476	0.475419	6
3801	14.8923	18.7381	0.351255	6
3811	14.124	18.1085	-0.433917	6
3812	14.8446	10.5282	0.418879	6
3815	14.9705	8.39984	-0.115201	6
3823	14.7538	6.66654	0.416571	6
3839	13.1639	15.6682	0.525909	6
3840	14.7975	14.4825	0.294219	6
3848	14.5314	22.5698	0.515077	6
3894	13.8918	17.6479	0.250287	6
3896	14.2069	18.6013	1.10994	6
3897	14.6487	4.52209	1.07135	6
3902	12.8617	20.3496	0.819679	6
3904	14.4556	11.1314	0.425194	6
3907	13.8606	13.4565	0.615648	6
3920	12.76	22.347	1.42319	6
3926	13.4475	3.26003	1.49801	6
3927	13.5274	18.066	-0.240042	6
3934	13.0936	2.54637	-0.129859	6
3945	14.7387	16.1736	-0.313208	6
3959	13.8356	15.6719	0.701963	6
3968	13.6659	8.3586	0.502764	6
3969	12.9887	23.4027	0.167944	6
3970	12.5357	23.879	0.0406849	6
3972	14.8063	1.20771	0.488363	6
3973	14.2243	6.56711	0.660664	6
3974	14.8094	6.5858	0.395	6
3977	12.9592	3.38675	1.77325	6
3978	13.8854	3.31204	1.16643	6
3979	13.14	2.84235	0.465636	6
3982	13.7749	10.4077	1.17448	6
4	15.1454	10.5297	0.320861	7
8	15.549	16.1482	0.685028	7
19	16.9952	14.0032	0.421802	7
38	15.4774	18.9688	0.096826	7
55	15.8286	5.50651	0.573204	7
67	15.1627	22.5771	0.168595	7
71	16.952	24.6376	0.918933	7
78	16.5379	4.54849	-0.172826	7
99	16.7382	11.5544	0.632155	7
113	15.1037	9.46303	0.00255662	7
131	16.9424	3.65729	0.364581	7
133	15.2946	23.6426	0.0865169	7
135	15.4918	15.6048	0.0967111	7
145	16.0612	1.33347	0.0101328	7
153	15.3308	8.53958	0.480579	7
164	15.9662	10.8456	0.20245	7
171	15.498	1.86838	0.304664	7
197	16.1521	14.4139	0.293119	7
209	16.314	17.8134	0.653153	7
218	16.9284	4.72864	-0.729171	7
219	16.6197	1.25394	0.190135	7
227	16.6648	12.9322	0.415955	7
233	15.6236	17.0152	1.24609	7
246	16.8161	23.7865	0.518417	7
251	15.0394	7.7546	-0.71889	7
258	17.2137	1.73109	0.452563	7
263	15.6339	18.7077	0.105755	7
273	15.7943	20.4398	0.798564	7
288	15.6652	20.6399	0.742987	7
297	15.7147	2.27861	0.0777061	7
305	15.8694	4.65819	0.428353	7
307	15.9187	0.586856	0.859003	7
312	17.3502	6.04617	0.108534	7
343	15.2227	9.50511	0.246174	7
347	16.3849	15.6808	-0.111993	7
354	15.0656	24.1091	-0.0281318	7
364	16.7344	24.1514	-0.129364	7
372	15.2943	10.6829	1.48909	7
376	15.2683	5.60284	0.0912325	7
384	15.9539	12.9565	0.73222	7
387	17.2536	4.53427	0.200508	7
393	17.467	4.58214	0.065434	7
398	17.2029	6.60959	-0.0965959	7
399	16.2267	0.0703889	-0.435305	7
408	16.5085	18.7912	-0.239711	7
411	17.1849	7.68669	0.290315	7
428	15.1191	22.0944	0.690217	7
433	15.2089	11.6421	-0.18768	7
439	16.4912	8.07899	0.597305	7
461	17.3596	6.50967	0.523774	7
472	16.8342	3.40971	1.04834	7
474	15.3488	2.3431	0.97721	7
486	17.3462	16.9168	1.17787	7
505	16.0402	13.0217	-0.26784	7
514	16.187	18.15	1.07149	7
529	15.449	4.97685	0.220001	7
540	16.2868	9.22611	0.421536	7
564	15.402	7.35097	1.11659	7
571	17.4607	9.89184	0.122557	7
582	16.8777	8.00654	0.549203	7
584	16.3744	14.9258	0.257706	7
586	16.4194	3.58124	0.672769	7
606	17.0245	3.52034	-0.792623	7
607	17.3614	12.9961	0.332944	7
625	16.2991	0.682451	0.792838	7
643	15.7739	15.487	0.0621069	7
645	17.4941	1.04397	0.79439	7
651	17.2597	22.1844	0.651713	7
656	17.2852	23.772	0.0138114	7
668	16.4844	6.88018	-0.114405	7
675	16.5711	20.3762	0.0267723	7
676	15.298	10.0504	0.0594887	7
690	16.1375	23.0719	1.00899	7
713	16.6677	22.5525	1.08821	7
714	15.0548	16.8939	0.739104	7
718	16.9369	2.15122	-0.20415	7
728	16.902	18.3801	0.952447	7
732	16.3515	1.77036	0.255042	7
739	16.5159	21.1133	1.02544	7
759	15.896	0.10675	0.59974	7
779	15.5343	3.15467	0.115754	7
786	15.5094	16.0292	0.297348	7
802	17.0447	19.6828	0.0180345	7
806	17.1063	18.4542	0.767363	7
814	16.7784	12.7851	1.11801	7
827	16.4746	15.5064	0.0278026	7
830	17.4429	20.3741	0.829521	7
850	15.9566	16.2237	-0.688458	7
863	15.3705	7.36738	0.283406	7
873	15.7302	2.31614	0.723738	7
878	16.9053	12.6081	-0.0118215	7
882	17.0143	10.7632	0.478272	7
897	17.2587	6.70411	0.798197	7
902	15.5964	1.55333	0.725361	7
906	15.2432	6.95898	0.888991	7
921	15.692	9.11145	0.0483431	7
924	15.8933	5.80397	0.249838	7
926	16.4814	20.5246	0.701515	7
963	15.2693	1.10105	0.868296	7
965	15.4902	8.44585	-0.475953	7
974	15.5965	0.767788	0.490148	7
977	16.626	8.33761	1.23171	7
981	15.933	4.77451	1.01382	7
983	16.3588	14.8257	0.401124	7
988	15.9992	17.7024	0.420513	7
1005	15.0472	16.5276	1.55541	7
1010	15.0312	13.6573	0.510383	7
1026	15.7967	22.5738	0.525901	7
1029	17.2703	19.2963	1.34388	7
1037	17.4797	3.51106	0.171888	7
1060	15.8436	23.0725	0.76886	7
1072	16.4773	22.4058	-0.307004	7
1075	16.9164	13.0168	0.522048	7
1087	15.8577	23.9912	0.000649967	7
1090	16.3412	6.04122	1.14819	7
1115	15.2191	18.6671	0.692672	7
1125	15.8481	24.1425	0.590562	7
1132	15.5515	4.0872	0.732275	7
1139	16.0074	7.99743	-0.0154011	7
1142	15.1024	16.6622	0.187665	7
1164	15.1766	16.2984	0.538609	7
1179	15.9425	11.5103	0.863943	7
1180	17.0154	22.5153	1.17898	7
1189	17.0731	11.3858	0.451709	7
1191	17.4622	4.28817	0.978711	7
1200	15.0825	6.08202	0.591719	7
1201	16.5471	23.3843	0.159926	7
1202	16.8116	9.55981	0.789162	7
1222	15.0554	4.89559	1.42078	7
1224	17.223	6.4571	0.394057	7
1229	17.3074	8.37423	-0.142661	7
1245	16.4631	22.3776	0.174135	7
1256	15.9265	0.696077	0.382402	7
1259	16.1145	2.63881	0.289505	7
1262	16.1268	20.1357	0.711733	7
1266	16.7775	21.3845	0.460679	7
1267	15.4893	13.4106	-0.367599	7
1269	17.2912	16.9589	0.0838702	7
1282	15.8308	5.54825	0.531514	7
1283	16.6489	7.13576	0.46783	7
1290	16.7025	19.9887	0.69646	7
1299	17.3217	7.59668	0.201958	7
1304	16.3645	21.4507	0.738297	7
1313	16.1483	10.4518	-0.171034	7
1316	16.5131	3.62369	0.549543	7
1321	17.465	12.7851	0.449261	7
1327	15.9608	12.487	1.25576	7
1342	15.758	18.0917	0.0453043	7
1367	16.8436	24.1917	-0.632582	7
1378	15.8663	13.4178	0.779687	7
1379	16.924	14.4403	0.876077	7
1414	17.4132	4.74998	0.837939	7
1421	17.0404	23.7731	0.595261	7
1434	15.4328	1.06582	0.580419	7
1435	15.4625	0.262722	-0.251357	7
1438	16.4549	4.26487	-0.216309	7
1442	15.0892	14.1108	0.51249	7
1459	15.0634	24.2643	0.0891504	7
1464	15.3547	17.542	0.0772046	7
1487	16.8535	8.71482	0.233107	7
1489	15.2917	4.37431	0.243211	7
1498	16.3659	16.4782	1.46364	7
1500	15.0634	5.42019	0.931438	7
1536	16.0249	16.1326	0.756862	7
1546	17.3208	2.31412	-0.113544	7
1552	15.8366	23.0794	0.857129	7
1561	16.4698	24.3421	0.15623	7
1566	15.7628	15.9718	0.192388	7
1572	15.1179	16.6748	0.50334	7
1580	16.7012	12.5216	0.958702	7
1583	15.6458	21.7799	0.678526	7
1625	15.7931	6.68507	0.388661	7
1626	17.1204	13.7036	1.01713	7
1685	16.6824	13.6393	1.01999	7
1692	16.3574	3.94825	0.537741	7
1704	16.6713	14.333	0.399639	7
1716	16.1771	2.73785	1.11663	7
1724	16.8943	14.202	0.229068	7
1755	16.3896	8.85515	0.117991	7
1757	15.1834	3.36348	0.784467	7
1762	16.58	22.9266	0.510663	7
1768	16.5245	1.61728	0.394712	7
1770	15.8887	9.36088	1.02745	7
1801	17.327	5.62924	0.845596	7
1808	16.5501	23.8314	-0.29796	7
1812	15.4178	7.73391	0.498759	7
1815	16.5868	16.9609	0.327081	7
1827	16.871	4.92564	-0.247396	7
1839	15.5389	16.7506	0.0175894	7
1844	15.9328	3.46692	-0.101512	7
1845	15.3518	1.39632	1.36203	7
1859	15.2821	8.72328	0.871296	7
1861	15.142	1.07187	-0.30559	7
1865	15.2034	3.48998	0.803365	7
1867	17.1158	22.114	0.39523	7
1877	16.79	2.44619	-0.279928	7
1884	16.8833	1.59838	0.322652	7
1887	15.2835	10.955	0.781761	7
1892	15.164	1.78866	-0.424811	7
1904	15.1957	17.5913	0.874789	7
1908	16.6996	13.2708	0.337041	7
1909	16.5471	12.8915	0.229147	7
1919	16.9177	7.24678	0.200126	7
1921	15.6601	7.16528	0.396856	7
1931	15.4396	1.0796	-0.183241	7
1957	15.1618	3.92906	-0.584368	7
1967	15.1649	10.551	-0.615779	7
2008	15.154	19.9535	0.481401	7
2018	15.2622	20.013	1.22319	7
2023	16.1461	5.98877	1.1886	7
2062	17.4094	6.84643	-0.197288	7
2065	16.7292	22.3764	-0.547622	7
2073	15.6228	7.38324	-0.140583	7
2074	17.0718	19.0152	0.0726856	7
2079	16.5116	24.9003	0.843323	7
2081	16.2231	9.24405	0.207283	7
2103	15.3104	8.30858	0.205321	7
2104	16.9729	9.73564	0.115843	7
2119	17.4491	21.5452	0.782321	7
2124	15.5335	18.2167	0.662289	7
2126	16.0406	7.74057	1.04585	7
2127	16.7317	17.3958	-0.973257	7
2134	17.0336	4.73373	0.676425	7
2148	15.031	22.4704	0.461545	7
2158	15.5059	17.9475	0.412314	7
2181	15.919	20.7446	0.511301	7
2190	16.2665	0.259491	0.423687	7
2196	16.395	16.2364	-0.31394	7
2223	17.2905	19.6626	0.322803	7
2226	17.0709	14.8998	0.64088	7
2228	16.4449	9.15939	0.704088	7
2237	16.5956	21.2528	0.260435	7
2240	16.9828	23.8739	0.50551	7
2243	16.299	7.2426	0.293798	7
2252	15.2158	0.88651	0.271435	7
2260	15.922	9.28682	0.173903	7
2270	17.237	17.0682	0.473166	7
2314	15.5586	23.6633	0.792746	7
2324	15.5606	13.9854	-0.0550755	7
2325	16.8515	19.186	0.490404	7
2329	16.2888	18.0845	0.549341	7
2341	17.2808	7.7606	-0.355197	7
2349	16.8545	11.0619	0.804154	7
2352	16.2735	14.3612	0.427538	7
2355	16.0967	18.3996	-0.285314	7
2362	16.7977	23.2635	0.228574	7
2386	15.386	8.56203	0.159576	7
2427	15.1182	8.17789	-0.0328895	7
2456	16.869	7.72124	0.446445	7
2465	15.4128	23.1418	1.13475	7
2466	16.6802	1.58998	0.799765	7
2485	15.6015	14.9748	0.452653	7
2500	15.8427	23.3914	1.04321	7
2502	15.1791	21.8967	0.155721	7
2507	15.0363	13.1335	0.0103438	7
2520	15.007	2.6909	-0.71607	7
2521	15.6078	12.6905	0.421453	7
2527	16.2092	17.5544	0.529403	7
2540	15.2139	23.8296	0.280611	7
2573	16.4154	22.1562	0.71971	7
2579	16.0449	4.9711	0.225338	7
2593	16.6903	10.9685	0.843642	7
2605	17.4236	18.987	0.760399	7
2606	15.5827	8.23487	-1.22935	7
2621	17.473	14.4594	0.684445	7
2622	17.4383	18.8532	0.764379	7
2623	16.0349	4.81481	-0.720662	7
2668	16.5013	10.7985	0.126866	7
2702	15.1345	4.73442	-0.00631713	7
2723	16.4612	12.6138	0.229288	7
2739	15.9253	14.5183	0.969442	7
2749	16.6791	20.2791	0.0971483	7
2783	15.2153	4.13196	0.474465	7
2784	15.7647	3.94933	0.776794	7
2785	16.5976	1.58723	0.862451	7
2793	17.0323	8.00245	0.444709	7
2816	16.0251	0.415824	-0.256889	7
2853	16.5228	3.16729	0.0855807	7
2865	16.2289	11.4894	0.846146	7
2866	16.223	11.3538	0.816369	7
2875	16.0172	20.3758	-0.0634735	7
2890	16.6406	16.527	-0.0443708	7
2895	17.0117	17.4352	0.633911	7
2919	16.3138	24.458	-0.0399323	7
2920	15.7501	20.9105	0.295748	7
2948	16.6029	19.9094	0.769017	7
2958	15.9887	10.5515	0.223481	7
2979	15.8168	3.35582	0.399962	7
2988	15.537	13.5599	0.766599	7
3005	15.6648	0.219791	0.98298	7
3019	17.1459	20.3414	0.02718	7
3031	16.9521	1.64745	-0.157895	7
3032	17.0137	14.9975	0.124633	7
3053	15.0177	18.6526	0.3967	7
3074	15.6412	17.4995	-0.646062	7
3086	15.4574	6.94938	0.206831	7
3087	15.1828	24.6258	0.103293	7
3089	15.241	1.50213	0.393295	7
3103	15.0877	15.9167	0.226182	7
3138	15.3159	20.9092	0.698873	7
3139	17.3363	24.9127	0.483769	7
3141	16.5951	15.9637	-0.0622594	7
3148	16.095	1.10843	0.498003	7
3170	15.9504	24.4218	0.452038	7
3195	16.5878	9.18059	0.606431	7
3202	17.1459	12.897	-0.657636	7
3204	15.8141	22.2033	0.41201	7
3225	17.0039	22.4935	0.439191	7
3230	15.7346	3.67083	1.36903	7
3236	15.9422	8.85807	-0.0873847	7
3254	17.4531	17.3443	1.03703	7
3280	15.6564	17.7055	1.12227	7
3299	16.9168	13.2074	0.0148336	7
3301	15.7594	5.93738	0.557869	7
3303	15.3242	0.744543	0.0276678	7
3323	17.1883	21.0754	0.128661	7
3338	15.3526	24.4444	0.468802	7
3340	15.5501	1.87236	0.114091	7
3368	16.6761	20.3725	-0.13384	7
3378	16.0802	2.47106	0.527899	7
3393	15.01	21.5115	0.216997	7
3412	15.9212	22.4823	0.7675	7
3415	16.8425	17.1183	0.238031	7
3416	17.4836	5.04065	-0.303337	7
3477	15.4129	17.8495	0.550534	7
3485	15.6329	20.5995	0.953076	7
3486	15.4039	20.6968	0.602415	7
3498	16.37	23.8116	0.802023	7
3518	15.0284	15.742	0.245335	7
3523	16.2773	9.22421	0.698778	7
3527	16.9297	16.6164	0.893704	7
3529	15.085	4.45556	-0.490685	7
3530	15.5379	4.99134	0.205892	7
3561	16.4186	3.76434	0.0303815	7
3563	15.9164	23.5092	1.07678	7
3575	15.7124	13.0149	0.62184	7
3591	16.0988	24.7527	0.085384	7
3615	16.6375	1.45702	0.309584	7
3620	16.1808	24.3281	0.21717	7
3622	15.3907	14.319	1.28943	7
3667	16.5612	6.33528	0.325598	7
3679	16.8757	7.45783	0.838512	7
3681	15.7018	6.5356	0.922572	7
3688	17.1544	22.851	-0.438256	7
3718	17.1169	16.2448	0.567395	7
3719	17.0247	1.30315	0.637543	7
3722	15.4847	8.27271	0.639617	7
3730	17.301	14.8472	1.1361	7
3757	15.4234	17.0727	0.288693	7
3780	15.133	9.14094	0.591993	7
3781	16.2332	11.2729	0.126226	7
3783	16.2472	17.7332	0.771435	7
3807	16.6245	24.4635	0.641431	7
3813	17.043	12.5833	0.289435	7
3818	15.5484	21.9462	0.724968	7
3826	17.1391	20.8524	0.580849	7
3828	16.2251	16.5392	0.103643	7
3854	17.0949	2.50489	-0.0120631	7
3856	16.4439	21.7538	-0.35605	7
3868	15.2486	21.6322	0.97402	7
3869	15.6624	22.1433	0.462922	7
3874	17.0543	11.1413	0.395176	7
3875	16.9777	11.3458	-0.247815	7
3876	16.8621	20.1784	0.578631	7
3877	16.6486	20.7219	0.545283	7
3881	17.3408	24.9106	0.443969	7
3885	17.0373	22.702	0.176239	7
3900	17.3845	12.7775	-0.237521	7
3906	16.5767	18.3878	0.714942	7
3915	17.469	14.697	0.643684	7
3953	15.7581	22.263	0.468006	7
3956	17.2535	1.12005	0.729154	7
3975	15.2037	21.6628	0.488394	7
3976	15.957	20.2409	0.379131	7
3996	16.8814	14.3027	0.0512968	7
4003	17.1406	22.2996	0.110661	7
4014	16.2349	16.5103	0.64815	7
12	17.7615	8.06132	0.139158	8
13	18.5268	6.94685	0.194874	8
15	18.7139	22.5851	0.341438	8
27	19.236	19.3055	-0.569329	8
32	18.2296	19.5057	0.915009	8
33	18.8249	16.9611	0.581641	8
47	18.1038	7.08341	-0.520243	8
82	18.2769	12.807	0.681434	8
97	18.2602	23.1426	0.483753	8
105	19.9246	16.7371	-0.0653692	8
108	18.3208	6.41379	0.203715	8
115	18.457	2.90855	0.499986	8
116	19.6329	1.99103	0.429841	8
125	18.1508	23.6283	0.127251	8
127	18.3954	10.2693	0.260594	8
141	18.8533	9.15084	0.882321	8
147	17.5679	4.38117	0.288163	8
149	18.6582	24.5905	-0.101409	8
156	19.0315	7.42981	1.19134	8
157	19.3595	10.632	-0.787953	8
177	17.8156	2.90997	0.297297	8
178	18.0117	22.7007	0.112291	8
202	19.2427	19.3686	0.768024	8
211	19.9492	10.0959	1.14983	8
215	17.7597	6.47945	1.00463	8
231	17.7903	15.9139	-0.496017	8
236	18.3457	2.07877	-0.0294768	8
244	19.2147	4.07537	0.321632	8
254	18.9169	9.36255	-0.600486	8
268	19.152	6.63797	0.572471	8
283	17.8976	4.87351	0.551738	8
287	17.6125	12.2563	0.219678	8
310	17.6819	10.027	0.0665751	8
322	19.8418	14.8744	0.282231	8
325	18.6983	0.525946	0.206738	8
327	19.6126	22.1573	-0.365486	8
329	19.1209	5.1771	0.905097	8
330	19.3751	5.27207	0.481198	8
336	18.7744	16.1841	0.369118	8
353	17.5967	1.10696	0.508083	8
361	18.5091	12.4297	0.763275	8
380	19.9874	4.73143	0.818134	8
382	18.4567	18.6301	-0.350941	8
385	19.8787	24.0845	1.44653	8
386	17.9192	11.1895	1.10096	8
391	19.1211	23.393	0.111301	8
402	18.2126	17.8613	1.59752	8
414	19.5984	23.5302	0.449998	8
422	19.9155	0.928701	0.289873	8
424	19.0014	18.385	0.915734	8
429	18.4044	17.0928	1.24129	8
464	18.1698	21.4576	0.365575	8
481	18.1281	15.6118	0.0603167	8
483	19.2929	15.4174	0.882154	8
512	17.9788	9.31035	0.583169	8
518	19.5197	16.6814	0.244004	8
520	18.604	13.2255	-0.314122	8
523	18.9073	11.5573	-0.155307	8
539	19.7506	18.9164	0.0422078	8
547	17.9022	9.17093	0.418143	8
555	17.604	7.1679	0.395245	8
567	17.793	24.8151	0.219456	8
593	18.227	24.9801	0.12963	8
597	19.7607	15.9301	-0.221301	8
619	17.684	18.1861	0.599419	8
637	19.1068	22.0619	0.499198	8
641	18.2856	18.4452	0.698566	8
658	18.3922	16.3267	-0.19795	8
663	18.7369	0.456286	0.26986	8
686	17.6156	4.91997	0.987089	8
702	19.3177	15.4921	0.217574	8
708	18.028	5.21821	0.726903	8
729	18.3835	20.8453	-0.220805	8
749	17.8324	6.00716	1.30314	8
753	18.7684	8.26746	0.549371	8
763	19.5841	20.3939	-0.850162	8
775	18.6905	17.6542	0.422874	8
776	19.8459	4.22051	-0.411712	8
782	17.8091	7.65326	-0.15751	8
788	18.6485	8.27008	0.134282	8
797	18.0025	24.7206	0.974959	8
800	19.2281	0.621439	-0.565157	8
801	18.9217	8.15448	0.394477	8
810	17.7533	7.87949	0.586823	8
817	19.7648	7.88298	0.248895	8
819	19.8306	10.2532	-0.0828157	8
839	19.7354	1.82905	0.790478	8
840	19.7321	15.7328	0.283888	8
856	18.8181	1.99064	0.122492	8
870	19.4343	14.3776	1.48857	8
874	17.9326	23.496	-0.30597	8
911	18.1523	10.8463	0.901585	8
940	18.8752	3.94695	-0.199451	8
941	18.5212	17.3685	0.78399	8
951	18.6801	10.5244	0.0486675	8
976	18.4011	23.7044	1.32029	8
997	19.5827	5.43226	0.434548	8
1000	17.771	1.99931	-0.234298	8
1016	18.6558	18.7519	-0.183735	8
1018	18.4698	12.8745	0.93263	8
1024	19.1415	8.63178	0.00729617	8
1042	19.5325	17.8512	0.322486	8
1080	19.4493	8.43584	0.619205	8
1081	19.3048	4.9292	0.149511	8
1082	18.0787	5.00845	-0.566456	8
1091	17.9311	16.5409	0.121775	8
1094	19.0177	6.01077	-0.0768614	8
1111	17.5297	21.1451	0.177978	8
1112	19.7195	14.4286	0.815832	8
1116	19.4495	22.664	0.377251	8
1119	19.2869	12.9856	-0.119037	8
1120	17.7033	20.1337	0.305616	8
1121	18.0277	12.1397	0.560184	8
1144	19.009	6.25361	-0.388887	8
1145	19.4686	18.0286	0.695249	8
1156	19.9766	10.8436	-0.0896521	8
1175	17.9055	2.37906	1.00485	8
1228	18.1988	8.61899	0.137694	8
1234	18.2767	1.34367	0.207316	8
1240	17.681	16.001	-0.28024	8
1258	19.8938	18.7253	-0.417279	8
1264	19.5912	9.32035	0.316808	8
1272	18.8003	18.6446	1.13912	8
1279	18.7049	15.7213	1.225	8
1293	18.7672	1.24988	0.309247	8
1296	17.8893	13.8298	0.632456	8
1303	18.014	17.5096	-0.346145	8
1337	18.097	2.94185	0.54943	8
1339	17.6354	15.5001	0.536798	8
1344	19.2789	7.61998	0.272616	8
1366	19.2295	24.3862	-0.0725549	8
1376	17.6999	20.5909	-0.107705	8
1382	19.5158	5.5472	0.0532909	8
1386	17.731	19.5788	0.38463	8
1387	18.7331	9.05266	0.401568	8
1423	19.3346	21.3522	0.67038	8
1437	18.1796	21.0763	-0.14096	8
1443	19.8729	18.4111	-0.0445816	8
1454	17.8393	11.9316	0.949667	8
1473	18.3249	2.93356	-0.131315	8
1493	18.0965	23.1062	0.147263	8
1496	18.3699	7.66452	0.127344	8
1522	19.8444	1.65796	-0.834211	8
1530	18.4925	16.3681	0.432171	8
1544	17.9098	13.7149	-0.350004	8
1549	17.9295	20.0806	-0.0405667	8
1550	17.5499	14.7642	-0.574448	8
1551	18.5245	4.74829	0.899866	8
1559	18.0464	23.5214	0.400278	8
1562	18.2758	6.85898	-0.164067	8
1563	18.24	14.6829	0.479691	8
1576	17.8688	9.33941	0.220547	8
1588	19.7547	10.972	0.578662	8
1591	19.8926	20.2586	-0.0900929	8
1639	19.9425	10.223	-0.674983	8
1656	18.8941	9.50979	0.223983	8
1659	19.2571	13.5852	-0.0128481	8
1666	17.9668	16.6013	0.591392	8
1668	19.3423	21.7244	0.878625	8
1673	19.6107	13.9743	-0.0946606	8
1676	19.7412	2.80872	0.306605	8
1679	18.1463	4.9704	-0.111342	8
1684	17.6227	5.1737	1.06101	8
1686	18.4772	21.4806	0.104032	8
1712	18.9294	19.9492	0.305865	8
1714	19.1364	4.62353	0.144769	8
1720	19.8322	16.2155	0.359628	8
1731	18.3298	8.56246	0.707469	8
1737	18.6401	22.1343	1.06045	8
1743	19.0846	7.04081	2.01642	8
1750	17.9879	9.62413	0.901747	8
1753	18.5609	4.81464	0.84569	8
1754	19.7604	16.847	0.765981	8
1764	19.3624	11.0668	0.890709	8
1773	18.7251	23.5075	0.325378	8
1781	19.9995	1.25363	0.089145	8
1802	19.07	20.5612	0.493419	8
1804	18.1457	23.5389	0.498304	8
1818	19.6626	14.8417	-0.181565	8
1825	18.4451	11.8334	1.05783	8
1840	18.0384	16.9589	0.237053	8
1842	17.9809	6.87593	0.0476339	8
1843	17.8023	3.80844	-0.0278776	8
1849	17.67	0.914661	-0.322596	8
1885	19.0904	8.44804	0.850651	8
1902	19.2371	22.4906	0.504991	8
1946	19.4409	11.005	-0.200892	8
1947	19.1689	11.315	-0.0687727	8
1959	19.8055	13.2176	0.449506	8
1973	18.4537	21.6161	0.659145	8
1976	18.3203	13.2339	0.143476	8
1979	19.6915	3.17221	1.07672	8
1980	19.3374	4.00672	-0.263829	8
1985	19.8112	4.68693	-0.126288	8
2004	19.5968	8.67291	0.169932	8
2005	19.831	9.77672	0.789022	8
2007	19.6986	12.2368	1.193	8
2016	18.3837	13.7253	-0.0785502	8
2017	17.8776	13.5118	-0.22369	8
2024	18.0208	3.01844	0.17376	8
2028	18.0152	6.63426	0.284365	8
2033	19.3752	2.97138	-1.38895	8
2039	19.6963	13.983	-0.302317	8
2070	19.9434	16.3326	-0.121734	8
2080	17.7301	23.5444	-0.25839	8
2084	18.556	15.9318	1.00344	8
2102	19.1076	16.1015	0.426833	8
2116	19.9744	20.0199	0.00458613	8
2121	18.5232	0.202053	-0.203019	8
2128	17.5503	12.1896	0.492017	8
2139	19.4257	17.5526	-0.088721	8
2140	18.7231	2.78737	-0.253348	8
2150	19.7414	6.21721	0.205647	8
2155	19.0689	9.2857	-0.04881	8
2159	19.0001	3.94911	0.333721	8
2160	19.4823	20.8374	0.977167	8
2164	19.0053	0.840852	-0.198939	8
2167	19.7613	23.0333	0.724129	8
2168	18.5201	3.47927	0.926841	8
2180	18.7618	0.367691	0.4615	8
2195	19.941	6.25712	-0.598104	8
2221	18.1682	20.5695	-0.303524	8
2227	18.7016	5.51502	-0.147252	8
2244	19.4906	23.3391	-0.464505	8
2262	18.1618	4.90813	-0.722744	8
2264	17.9175	21.7912	0.339735	8
2279	18.8249	12.8416	0.0887366	8
2295	19.9636	3.34382	0.491255	8
2304	17.8443	10.4626	0.623721	8
2307	19.0824	17.4418	0.493991	8
2308	18.4611	5.17432	0.381474	8
2309	19.4342	3.3036	0.238564	8
2310	19.8892	21.3269	-0.231669	8
2316	18.9802	12.5942	-0.396747	8
2336	17.9253	20.6997	0.439207	8
2342	17.8543	10.9026	0.618875	8
2345	18.8138	18.2817	0.688202	8
2350	19.857	17.7545	0.537847	8
2351	18.4594	11.3293	0.596281	8
2365	18.0489	23.0211	1.04717	8
2366	17.8618	15.5104	-0.296961	8
2369	17.9053	11.8902	0.672111	8
2375	18.2874	23.0306	-0.0439348	8
2379	19.7909	12.216	0.948239	8
2412	19.3895	16.2997	0.173363	8
2418	19.6505	12.6789	-0.167574	8
2445	18.6079	18.3233	-0.326589	8
2447	18.482	5.60496	0.358103	8
2453	18.1426	16.8837	0.58755	8
2476	18.8583	3.38878	0.0692911	8
2479	19.4789	5.76088	0.928628	8
2491	18.4388	17.641	-0.246123	8
2497	19.1633	8.87388	-0.238952	8
2514	19.4357	0.832224	0.784683	8
2517	18.527	2.68367	-0.567183	8
2519	19.3824	11.8061	0.362692	8
2526	19.5591	10.7271	-0.0920375	8
2552	19.8671	16.4296	0.198859	8
2553	18.5137	8.74427	-0.229958	8
2554	18.3084	9.69108	-0.176954	8
2578	17.846	5.78989	-0.228859	8
2588	18.4661	4.73054	1.98939	8
2614	17.532	9.5447	0.0709089	8
2633	18.3729	1.33351	1.05958	8
2634	18.0727	14.2989	-0.241806	8
2652	18.5199	21.7895	0.0111036	8
2655	19.6453	15.1766	-0.147959	8
2664	18.5182	12.893	0.313783	8
2670	19.1087	22.6186	1.09928	8
2674	19.0866	0.847634	0.0914893	8
2689	17.6595	9.58875	-0.187384	8
2698	17.9411	22.0369	0.631322	8
2705	19.7811	4.0812	0.553397	8
2706	19.5526	24.6442	1.24246	8
2711	17.8879	11.1634	-0.0483081	8
2729	18.3472	5.5555	-0.289026	8
2752	18.9527	1.76596	0.0685972	8
2755	17.6712	15.6679	-0.11726	8
2756	18.1584	15.205	0.156795	8
2763	18.2985	15.7227	0.928573	8
2766	18.7845	13.2485	0.0473924	8
2769	18.1259	4.74935	0.471746	8
2776	19.8331	5.65804	0.719509	8
2794	18.3992	24.9149	0.424671	8
2803	18.6492	5.36073	0.0982715	8
2807	17.9745	12.7728	0.241333	8
2814	17.6798	12.8622	-0.0252401	8
2833	18.8016	17.4829	0.569134	8
2835	18.7042	19.7437	-0.576297	8
2845	19.6542	0.285356	0.6016	8
2852	19.0991	3.50777	0.5296	8
2863	19.0038	10.7883	0.963569	8
2864	18.2227	11.5317	0.642083	8
2870	17.8945	1.12199	-0.382688	8
2873	18.8918	6.55714	0.247618	8
2876	18.1379	7.65144	-0.0466997	8
2896	17.8192	9.46575	-0.229176	8
2897	19.4794	9.97476	0.36661	8
2923	18.6928	2.1572	0.161104	8
2933	18.9434	15.8178	0.249405	8
2938	19.771	13.1543	0.0234614	8
2942	17.6776	4.39928	0.168203	8
2946	19.07	3.05072	0.706614	8
2949	17.5087	20.2996	0.940771	8
2951	18.5532	9.25771	-0.0467682	8
2962	18.1441	8.90155	0.242933	8
2967	18.487	4.87134	0.241584	8
2972	19.8083	6.70589	0.161801	8
2974	19.6464	2.00359	-0.622672	8
3012	19.0014	13.0659	-0.0905035	8
3014	18.799	24.8222	0.53413	8
3025	19.0763	1.50624	0.225933	8
3030	18.3663	3.91125	0.428713	8
3048	19.1638	2.40836	-0.411618	8
3076	19.5096	15.1107	0.0527112	8
3098	17.6285	12.9604	0.535286	8
3129	19.9072	12.811	-0.238983	8
3131	18.2857	19.0249	0.781753	8
3135	17.8022	13.164	0.667102	8
3143	19.5858	7.87964	-0.451575	8
3144	19.856	2.10396	0.437769	8
3145	19.0557	5.40245	0.656268	8
3149	18.63	8.2853	-0.367245	8
3151	18.2131	4.60761	-0.202326	8
3152	18.0508	1.4381	0.975666	8
3153	17.6241	10.4544	1.00196	8
3154	17.8337	3.2436	0.204017	8
3165	18.4298	17.5148	-0.682962	8
3171	18.233	11.5032	0.108183	8
3172	18.7719	1.52786	-0.209631	8
3173	19.0634	20.0213	0.961091	8
3182	19.8646	3.26149	0.149798	8
3188	17.708	5.00217	0.183861	8
3191	18.7961	19.9263	0.578302	8
3209	17.7783	12.9562	0.776722	8
3213	18.3827	12.2481	0.480687	8
3223	18.6138	18.9984	0.0662407	8
3242	19.262	10.8735	0.156675	8
3250	18.809	13.8106	0.85712	8
3274	19.836	1.15995	-0.0933149	8
3279	18.1622	6.92676	-0.515177	8
3300	19.0558	23.3048	-0.427608	8
3314	19.6722	4.25992	0.591819	8
3317	19.9785	19.4876	0.733494	8
3326	18.8419	19.6768	0.476687	8
3327	17.9184	18.6863	0.606655	8
3345	17.877	14.2598	1.01319	8
3362	18.0987	3.28948	1.06697	8
3394	19.917	3.32562	-0.374832	8
3396	19.6098	15.4323	-0.941349	8
3400	18.747	7.50955	0.923775	8
3407	19.4974	8.31906	0.581348	8
3418	17.5376	11.8729	0.677204	8
3445	19.338	15.9721	-0.352273	8
3454	19.6768	1.44178	0.580387	8
3455	19.7326	12.5957	-0.326967	8
3456	18.097	7.659	0.610061	8
3493	18.9704	12.839	0.591012	8
3496	18.6751	14.4056	1.17021	8
3506	19.3325	3.78401	0.262625	8
3509	18.1752	3.52051	0.00565436	8
3524	18.1203	17.1508	1.13428	8
3541	18.114	21.2309	1.23911	8
3549	17.8216	11.9068	-0.981822	8
3551	19.2763	9.42752	0.248845	8
3571	17.7665	6.3705	0.824312	8
3587	17.821	4.55056	0.907339	8
3603	18.7317	8.79956	0.819081	8
3604	17.9306	16.9198	0.23189	8
3608	17.6512	13.1114	0.974614	8
3609	18.0269	14.1422	1.0831	8
3610	19.8773	4.16347	0.592968	8
3614	18.1138	4.45021	-0.353975	8
3617	19.5709	17.8556	0.564074	8
3618	17.6323	22.9896	-0.456431	8
3627	17.5949	21.1	-0.264309	8
3629	19.5579	16.7862	0.226521	8
3634	17.9499	1.23532	0.283032	8
3639	19.6957	24.4862	0.57511	8
3640	19.7158	24.1552	-0.240386	8
3643	19.6083	21.1371	-0.395261	8
3649	18.8368	21.6094	0.337702	8
3653	18.7378	9.71088	0.165338	8
3665	18.8704	1.65578	-0.0485947	8
3668	19.4288	24.0896	0.119976	8
3682	18.8478	2.97058	-0.497496	8
3694	18.5929	5.67949	0.344032	8
3696	18.9656	5.01045	0.132378	8
3697	17.7271	9.12583	0.307829	8
3698	17.7808	10.3352	-0.0502396	8
3700	19.2242	0.952571	0.191488	8
3705	18.3702	22.4733	0.575025	8
3724	17.7311	21.2729	-0.460558	8
3729	17.6783	14.6949	0.203942	8
3736	19.3966	4.20195	0.213105	8
3743	19.2427	3.29082	-1.03904	8
3750	19.5644	12.4565	0.156385	8
3764	18.3564	10.7648	0.557143	8
3765	18.3559	10.4291	0.135222	8
3777	17.706	10.8628	0.407383	8
3779	18.7606	6.76904	0.796858	8
3788	18.625	14.9769	1.10624	8
3793	18.5408	17.7662	-0.303687	8
3794	19.3591	5.43756	0.686511	8
3802	18.6002	3.66374	0.682733	8
3803	17.8076	4.06653	0.460607	8
3862	17.5621	24.8067	-0.00578904	8
3871	19.6727	23.9224	-0.143617	8
3879	18.5042	19.7828	0.102622	8
3880	17.7523	24.7691	0.786485	8
3886	17.5099	23.7482	0.535031	8
3887	17.9741	5.34205	0.730318	8
3888	18.4364	10.6967	0.114972	8
3901	18.0242	1.04662	0.972951	8
3905	19.8105	4.60291	0.29984	8
3916	18.3809	14.2037	0.986542	8
3921	18.6004	7.14486	-0.0790936	8
3922	18.6651	8.46112	1.29133	8
3942	18.9657	1.17559	-0.320673	8
3947	17.5256	10.9942	0.875948	8
3993	19.3642	5.82581	-0.315862	8
4004	18.1816	12.6134	0.297274	8
4009	19.8469	6.13941	0.690396	8
4010	18.8772	2.36971	-0.558834	8
4013	19.8309	16.9922	-0.32213	8
4015	19.3672	20.451	0.191433	8
4023	18.8049	10.2872	0.7299	8
16	21.0667	7.57515	0.911237	9
18	21.6407	13.8394	-0.912874	9
28	21.2513	16.874	-0.291751	9
35	21.8756	24.8073	0.513259	9
36	21.5364	14.994	1.0099	9
51	21.4574	6.33746	-0.253205	9
62	22.3451	7.51635	-0.251822	9
68	21.2777	6.78974	-0.106219	9
76	21.7436	14.3199	0.591895	9
84	20.7165	24.1231	-0.458336	9
85	20.0752	0.845768	0.619282	9
87	22.3654	17.5617	-0.035145	9
90	21.694	14.695	-0.350484	9
101	20.7245	1.95686	0.700895	9
138	20.0087	15.6394	-0.022213	9
143	21.2936	19.9817	-0.154339	9
155	20.978	18.1004	0.456161	9
169	22.1131	7.08299	0.244899	9
176	22.4275	17.1571	-0.0136332	9
186	21.3836	13.036	-0.599159	9
187	20.2074	19.3349	0.057598	9
193	22.4255	12.3721	0.35877	9
198	21.0509	12.5242	0.24599	9
203	21.3027	22.7964	0.355152	9
208	20.3207	8.90769	-0.0514871	9
243	21.566	9.76408	0.41844	9
255	21.9203	9.33246	0.06273	9
275	21.121	8.7517	-1.34773	9
291	21.8234	22.4402	-0.506971	9
293	21.9537	12.6209	0.767284	9
302	21.0588	10.793	-0.431656	9
303	22.2727	18.7541	-0.468373	9
313	20.5041	2.40032	0.232119	9
332	21.4964	7.67269	0.574938	9
333	21.6613	0.99623	0.190118	9
342	20.9985	19.091	0.0488535	9
366	20.2105	2.90096	-0.649172	9
379	21.7397	23.6916	0.726421	9
394	21.3753	11.0812	-0.0395233	9
412	22.1754	7.382	-0.402971	9
415	21.5614	10.7553	-0.0648073	9
418	20.4189	7.85052	0.654819	9
431	20.8651	9.93397	0.926755	9
437	21.8744	2.8394	0.0229253	9
446	20.4721	6.36824	1.58002	9
451	22.4257	3.31562	0.136244	9
453	20.827	2.68414	-0.235321	9
455	21.6334	8.49054	0.300934	9
458	21.0156	15.7986	-0.0115816	9
459	20.9956	21.3687	0.359613	9
470	21.4688	7.65648	-0.0440573	9
475	20.3375	17.2806	-0.0895205	9
494	20.4961	22.7698	-0.464357	9
521	21.0104	5.06521	0.381841	9
545	21.9859	2.44118	0.17208	9
552	21.0618	23.9421	0.251746	9
561	22.0295	14.7446	-0.0477755	9
562	20.0491	1.11785	0.654602	9
572	21.4008	20.8547	0.076718	9
580	22.4871	9.16349	0.247178	9
581	21.1633	12.0539	0.807646	9
588	22.1288	1.29278	0.566716	9
604	20.9808	23.1847	0.260754	9
609	20.1132	17.9763	0.490261	9
614	22.2221	22.432	0.493471	9
623	22.1114	17.4215	-0.0146879	9
627	20.9118	19.6463	0.628457	9
638	21.1591	19.9542	0.0648473	9
647	20.1969	0.966478	1.20865	9
662	21.1436	1.87722	0.38001	9
665	20.2343	21.8125	0.329599	9
672	22.4643	23.4378	0.21694	9
673	20.758	5.07792	-0.294947	9
691	22.3343	22.0968	0.573719	9
695	22.0096	10.6412	-0.0287167	9
698	20.1975	7.04577	0.830615	9
735	22.0908	4.16512	-0.666034	9
751	21.8908	13.0919	0.327704	9
756	22.3933	10.35	0.384245	9
758	22.2597	16.6356	0.708208	9
761	20.3348	24.7051	0.0881439	9
766	22.1907	13.5975	-0.0122518	9
770	21.5879	22.172	0.389655	9
771	20.5758	4.198	-0.10803	9
774	20.2994	4.68165	0.66162	9
795	21.4313	3.14371	0.0780528	9
803	21.7142	10.3078	-0.23071	9
809	20.6263	6.16405	-0.0584529	9
829	20.0288	17.1086	0.508207	9
831	22.134	18.104	-0.787967	9
865	22.4536	20.0416	-0.335173	9
879	21.2058	3.1391	0.7044	9
881	21.7704	4.46436	-0.831216	9
887	21.2144	23.6849	-0.362821	9
895	21.8296	3.51666	-1.13767	9
899	21.9014	0.207117	0.215443	9
925	20.2051	21.9558	0.781853	9
937	21.8906	5.42672	0.950199	9
954	21.4072	11.2956	0.242793	9
970	22.3566	9.06448	0.412766	9
998	20.3312	12.3753	0.515112	9
1004	22.1174	6.2713	-0.640075	9
1007	20.9123	4.71953	0.186813	9
1012	20.8358	24.8956	-0.229215	9
1020	22.0726	16.5954	0.613739	9
1023	20.4008	16.8128	0.666068	9
1030	21.04	15.2894	0.119473	9
1031	21.7323	1.90356	-0.679894	9
1039	21.55	1.87495	-0.420586	9
1041	20.4387	0.425181	0.248555	9
1063	21.5879	17.711	0.969074	9
1083	22.4614	24.3418	0.525258	9
1107	20.7742	12.7993	-0.417525	9
1110	20.6356	0.667298	1.22674	9
1114	21.55	8.26405	0.208775	9
1117	22.1317	2.42602	0.325742	9
1135	21.178	16.4864	0.566506	9
1137	21.2476	6.37543	0.416909	9
1138	22.4181	16.0154	-0.470363	9
1143	20.6453	7.14348	0.106681	9
1172	21.8013	17.6207	-0.345094	9
1173	21.281	23.5615	-0.201001	9
1176	21.9086	0.322246	-0.210397	9
1178	21.6692	20.1071	0.204774	9
1185	20.1616	17.1679	0.305952	9
1194	22.315	16.8948	0.140678	9
1204	21.8081	18.7742	0.645338	9
1211	21.0678	17.0071	0.547816	9
1220	20.2548	13.5743	0.745333	9
1227	21.8421	22.1932	0.271759	9
1255	21.8438	9.94946	0.3722	9
1261	20.4602	19.6117	0.539752	9
1287	20.6261	20.6754	1.02904	9
1295	21.399	16.8174	0.0285566	9
1314	20.7304	13.2029	0.218441	9
1325	20.2247	5.43661	-0.0242148	9
1332	21.8485	1.19447	0.806944	9
1345	21.0357	9.75835	-0.0730466	9
1355	21.944	16.0383	0.276924	9
1369	20.5315	12.8169	0.512803	9
1374	20.2524	22.1975	0.542681	9
1397	21.0694	13.469	-0.138061	9
1411	20.5632	3.60225	-0.345792	9
1417	21.997	0.00292056	0.149774	9
1420	20.8285	11.8641	-0.219321	9
1425	20.3463	13.6962	0.739643	9
1456	21.8236	12.7031	-0.232015	9
1465	21.685	11.2515	-1.00874	9
1470	21.5733	23.393	-0.234898	9
1475	20.8809	19.7166	-0.139809	9
1477	20.8952	12.9331	0.475309	9
1483	21.4013	8.08022	0.264184	9
1491	21.4605	15.0917	0.229166	9
1503	22.1864	3.91889	0.234066	9
1509	21.7149	19.6052	0.513585	9
1510	22.0015	18.2795	0.534894	9
1514	22.4681	17.7153	-0.831846	9
1515	21.9171	17.9006	0.276067	9
1517	20.2156	6.03491	0.859986	9
1526	22.3999	3.10467	0.119285	9
1535	21.8822	8.1501	-0.626121	9
1545	20.1362	11.5765	-0.101464	9
1554	20.4356	22.615	-0.456586	9
1557	21.4894	7.16396	0.485746	9
1560	20.9959	4.02956	-0.0736754	9
1579	21.7727	0.986002	-0.422565	9
1593	21.8742	21.737	0.820957	9
1599	21.3146	17.7346	0.299175	9
1600	22.2463	5.41091	-0.812351	9
1602	21.7302	6.20454	1.4666	9
1615	22.376	1.67139	1.07573	9
1624	21.8292	20.0401	0.036659	9
1646	20.7286	14.5289	0.594422	9
1672	20.3717	13.6933	1.03839	9
1691	20.3114	19.4349	-0.333522	9
1693	22.4079	24.9915	0.436347	9
1697	20.7154	23.4144	0.996485	9
1709	21.5756	12.805	-1.12016	9
1721	21.4845	19.6156	0.312651	9
1730	20.2203	15.4893	0.102554	9
1738	22.4748	6.1289	0.62652	9
1740	21.8666	22.7304	-0.0701243	9
1751	22.2638	14.1989	-1.25613	9
1760	21.1387	6.42553	0.474943	9
1787	22.3959	0.230265	-0.0656831	9
1798	21.3176	5.11245	-0.167121	9
1799	21.4613	19.3478	0.0782885	9
1813	21.0419	5.3855	0.021943	9
1821	22.0687	22.2392	-0.255872	9
1828	21.8508	5.51307	0.829802	9
1852	21.7271	7.55124	0.610608	9
1854	21.008	21.2336	-0.0608773	9
1866	21.9356	9.1922	-0.137518	9
1874	22.0003	14.1415	0.631402	9
1875	22.1768	15.3387	0.000441302	9
1888	22.3144	5.72668	-0.771465	9
1890	22.1542	22.946	0.649022	9
1903	20.0271	23.2868	0.273164	9
1910	22.2785	5.67822	0.41221	9
1913	21.2021	7.69106	0.58633	9
1914	21.9477	18.6386	0.953557	9
1915	20.9867	15.1439	0.415051	9
1916	20.5802	15.6841	1.2918	9
1920	20.7236	23.4265	0.6179	9
1938	21.6786	23.312	0.0549821	9
1940	22.369	4.9675	-0.525572	9
1949	22.3479	24.2129	-0.231505	9
1954	22.0296	13.9275	0.652446	9
1969	21.2386	4.86966	-0.0526573	9
1988	20.5379	4.1719	0.290166	9
2006	20.2763	8.31499	-0.022068	9
2025	20.0721	20.9018	0.276053	9
2027	20.264	13.7334	-0.620457	9
2029	20.4807	13.1318	0.135267	9
2036	20.3439	2.33583	0.0279389	9
2040	20.858	14.4675	0.168352	9
2048	21.8193	0.54838	0.0918401	9
2050	21.114	3.86203	-0.0341408	9
2052	20.9933	24.4146	0.0323151	9
2054	22.3795	15.0065	0.965826	9
2057	20.1036	2.72942	-0.525232	9
2067	22.4565	16.2496	1.36882	9
2082	20.471	0.257894	-0.15487	9
2092	21.3475	8.82894	0.792164	9
2098	22.4741	19.3446	-0.36698	9
2106	21.57	2.24087	0.592362	9
2115	20.6777	18.3668	0.410185	9
2117	20.1319	21.556	-0.231826	9
2141	20.2279	23.8975	0.191666	9
2143	21.5322	18.8679	0.40618	9
2162	22.0499	13.4283	-0.548263	9
2177	21.9373	24.4999	-0.314592	9
2183	21.0984	21.0413	0.325368	9
2185	22.1069	10.6987	0.0112539	9
2186	20.3714	22.8156	-0.809327	9
2198	21.4881	9.50923	0.00598804	9
2199	21.766	8.93861	0.280605	9
2222	20.7877	23.1807	0.127829	9
2230	20.8882	18.8505	-0.20744	9
2245	20.4986	12.9961	0.480334	9
2248	20.7477	10.0594	0.686273	9
2253	21.1881	21.7629	-1.00414	9
2256	21.3932	5.34265	-0.163897	9
2257	20.9983	22.248	-0.336041	9
2268	21.0687	22.5361	0.751504	9
2275	21.5069	1.46746	0.266826	9
2286	20.1524	24.0985	0.304802	9
2294	20.9789	12.0071	1.38626	9
2333	21.8481	24.0695	-0.328754	9
2346	20.8948	6.02322	0.618816	9
2354	22.3245	0.576303	-0.102494	9
2359	22.3851	12.3545	0.237594	9
2371	20.7623	2.70431	0.995963	9
2385	21.6335	20.2755	0.0873415	9
2392	20.5997	22.7173	-0.173678	9
2393	20.2031	23.4511	0.909358	9
2394	20.9839	17.7948	-0.414177	9
2397	22.2942	6.69281	-0.337784	9
2472	21.5486	19.4827	0.0280657	9
2478	21.1495	15.3711	0.486081	9
2481	21.1565	20.6117	0.8765	9
2525	21.1053	23.064	-0.1298	9
2531	20.3997	17.1386	1.4503	9
2536	21.6309	17.868	0.257834	9
2557	21.6369	2.53791	0.997965	9
2566	22.4195	0.967186	1.05147	9
2574	20.0665	4.42347	-0.376697	9
2586	22.3858	6.1875	0.709649	9
2591	20.9985	23.8175	0.501744	9
2598	21.6792	19.7489	0.292402	9
2611	21.1743	12.9131	0.122699	9
2612	20.2652	0.416806	-0.702937	9
2619	21.5633	2.75801	0.182185	9
2624	21.3062	14.5506	0.201012	9
2626	22.0424	13.6378	0.538501	9
2644	21.6686	16.4641	0.450533	9
2679	20.8698	5.99823	0.924014	9
2685	21.9027	24.2882	0.236545	9
2697	20.8707	16.7647	0.946247	9
2722	22.4613	16.4285	-0.0244213	9
2725	22.4445	15.5582	1.42951	9
2728	22.2834	18.2067	0.555587	9
2735	21.4466	16.8284	0.57777	9
2740	21.5035	12.4534	0.123273	9
2750	21.7194	10.2092	0.677858	9
2757	21.9389	13.6818	-0.0611641	9
2777	22.3622	11.1595	-0.0280662	9
2778	22.0102	21.1039	-0.353491	9
2789	22.1449	7.00371	-0.505359	9
2791	22.45	19.6412	0.459977	9
2792	20.496	10.9359	0.229644	9
2795	21.3051	8.44919	0.393699	9
2801	22.042	11.1393	0.156877	9
2822	22.0425	19.4881	0.327185	9
2826	22.2844	7.12355	-0.161228	9
2828	21.4448	23.1287	-0.055804	9
2836	20.1249	0.146392	0.913712	9
2837	21.8117	10.5732	0.0999187	9
2841	20.5365	1.81371	0.629471	9
2842	20.7726	2.75911	-0.198431	9
2843	21.1962	8.46837	0.448348	9
2844	20.097	7.21252	0.38245	9
2872	20.8781	5.19515	0.781263	9
2883	22.012	20.9122	-0.028737	9
2886	22.0099	24.9019	-0.518592	9
2888	20.2566	23.156	0.958654	9
2891	21.581	19.5871	0.326603	9
2914	20.1498	1.25486	0.761156	9
2921	21.6406	15.8634	0.856962	9
2929	20.951	4.89214	0.424372	9
2936	21.0232	19.5619	-0.168966	9
2937	20.9174	16.2198	0.803799	9
2940	20.5698	21.3694	-0.181324	9
2943	20.9624	13.7339	-0.210066	9
2953	21.3649	7.13719	0.321174	9
2963	21.4983	24.9988	-0.715262	9
3018	20.444	23.6987	-0.311424	9
3020	20.5857	18.8733	0.0728507	9
3026	20.4002	5.6506	1.15797	9
3058	21.1249	11.6609	-0.618357	9
3060	21.5399	5.33735	-0.36675	9
3063	20.7059	20.0105	-0.243322	9
3065	21.3339	1.8403	0.533722	9
3071	22.2227	7.91159	-0.133603	9
3077	21.0211	14.9298	0.660011	9
3085	21.1967	21.7388	-0.230857	9
3104	20.387	15.9686	0.357168	9
3112	21.017	14.2154	0.7008	9
3126	20.8187	21.1166	0.507597	9
3134	20.0508	8.701	0.461104	9
3136	22.2991	5.04119	0.605652	9
3158	20.4794	8.84936	0.747798	9
3181	20.9192	22.0997	0.452705	9
3197	20.4012	13.9643	0.0668076	9
3199	21.6022	18.7619	0.0223467	9
3220	21.4794	7.13369	0.539997	9
3231	21.638	6.23436	0.803786	9
3239	21.4382	20.8436	0.97523	9
3266	22.3408	15.1279	0.279898	9
3275	21.3239	14.4456	-0.0883063	9
3290	21.2445	3.51221	0.368872	9
3295	21.099	15.1271	0.545163	9
3302	22.1062	24.6063	-0.303061	9
3305	21.4041	2.36106	1.11612	9
3311	22.2287	20.7202	0.257161	9
3329	20.8362	24.7338	0.340376	9
3332	20.4984	11.1969	-0.54474	9
3347	21.8022	2.06506	0.342168	9
3390	21.5694	9.9212	0.661131	9
3398	20.0536	19.9714	0.303551	9
3403	20.3659	17.9586	0.399998	9
3404	21.8996	18.6088	0.0826558	9
3405	22.1618	15.0526	-0.418136	9
3406	22.2613	14.8837	-0.480927	9
3409	20.3269	14.2049	0.667824	9
3421	21.8323	5.73236	0.927661	9
3422	21.3958	5.28506	-0.164731	9
3423	21.0781	5.42092	0.181657	9
3431	20.9424	3.12234	0.451688	9
3436	22.078	7.66139	-0.139875	9
3443	21.2923	19.8586	-0.144574	9
3448	21.2905	7.06481	0.424345	9
3450	20.5681	22.7898	-0.107835	9
3467	22.4557	7.80933	0.495566	9
3468	21.719	0.86974	1.20897	9
3471	22.0478	18.1	-0.160655	9
3473	20.0384	2.06606	0.0676673	9
3501	21.4895	21.8534	1.19791	9
3507	21.1278	5.70843	-0.0524341	9
3521	20.2689	1.32154	1.18734	9
3525	22.3599	12.3914	0.0089815	9
3540	22.4362	3.55245	-0.127699	9
3542	20.3081	19.7461	0.0572707	9
3554	21.9849	16.7212	-0.253749	9
3559	20.98	24.1417	0.405065	9
3568	21.1167	7.48544	0.377706	9
3581	20.3068	15.9085	0.454808	9
3582	21.2643	12.8784	0.0552356	9
3616	20.2216	18.4644	0.63184	9
3621	20.0812	10.1835	0.164794	9
3635	21.0026	15.4057	0.462332	9
3636	20.0855	0.197878	-0.190755	9
3641	21.721	11.1342	0.885466	9
3651	20.8904	3.55829	0.0751861	9
3657	22.1353	19.6179	0.211285	9
3661	21.7659	23.4023	1.06017	9
3680	20.1258	8.34922	0.776306	9
3687	21.3464	13.603	-0.346294	9
3710	22.1928	4.8789	0.75016	9
3711	22.3249	5.39133	0.747092	9
3727	22.4015	4.15764	0.308036	9
3735	20.2857	22.4266	-0.558243	9
3771	22.4669	8.83405	0.723347	9
3775	21.9332	1.24259	0.257079	9
3776	22.0342	0.69339	0.77799	9
3792	20.1291	20.0878	0.90595	9
3805	21.8008	6.17848	-0.211575	9
3806	22.1496	1.51329	0.649057	9
3819	22.4417	1.67261	-0.166712	9
3821	21.4952	14.8363	1.52919	9
3822	21.4876	1.84863	-0.305051	9
3827	21.4435	23.5695	0.315472	9
3837	20.9554	9.07274	0.101981	9
3847	22.2683	17.9948	0.132938	9
3849	21.7769	4.7912	0.372137	9
3850	20.5111	13.8864	-0.229556	9
3851	20.8707	13.9791	1.10124	9
3859	20.0934	23.2351	1.29839	9
3866	21.3576	8.53809	0.863348	9
3867	21.3472	8.16088	-0.221376	9
3908	21.0832	19.8309	0.331389	9
3925	21.1084	24.5341	0.473142	9
3936	20.3674	13.4386	0.140857	9
3940	21.4891	11.0333	-0.547016	9
3944	21.7566	23.5634	0.385246	9
3949	20.3987	2.59142	0.125097	9
3957	20.2557	15.7801	-0.702578	9
3961	21.8775	4.92	-0.0645969	9
3965	20.101	8.27701	0.150229	9
3966	21.2336	11.2008	0.158918	9
3988	21.116	2.64985	-0.447229	9
4001	20.0994	9.9343	-0.332788	9
4019	22.34	17.2003	-0.671322	9
2	22.6599	13.9033	-0.243931	10
5	23.7597	14.6255	-0.183474	10
24	22.687	20.4109	0.70776	10
30	24.2132	20.2687	0.478143	10
39	23.4506	13.6872	0.586199	10
54	22.9006	8.29214	0.475437	10
69	23.0883	21.7974	-0.204817	10
111	24.0139	21.189	0.410446	10
123	22.9184	8.1263	0.890846	10
126	22.6635	20.1123	0.0475433	10
128	22.6984	13.025	0.124898	10
148	24.6415	13.4801	0.227106	10
159	24.398	13.3831	0.1089	10
161	24.8812	15.2721	-0.122929	10
185	23.5151	14.3831	-0.0401906	10
189	22.8712	17.2516	0.0554523	10
196	23.7213	8.74623	0.0767824	10
200	24.6376	15.6272	0.459823	10
225	22.8437	11.3604	0.408675	10
226	24.3679	6.65529	0.804843	10
238	24.6131	3.21662	0.823173	10
253	23.9102	2.30676	0.215361	10
266	23.737	13.6806	0.700142	10
274	22.9499	17.7262	-0.0918766	10
285	23.5025	15.97	1.11291	10
286	23.4662	4.07301	0.598525	10
290	22.5338	10.1681	0.0243878	10
300	22.8274	17.4779	0.41771	10
309	22.8806	3.45187	0.601897	10
318	24.0138	3.41882	0.371258	10
320	24.4756	10.966	0.707602	10
321	22.8597	18.9275	-0.301878	10
331	23.9411	22.4199	0.430544	10
403	22.839	6.14688	0.33903	10
417	23.8342	4.35457	0.246885	10
420	24.068	19.72	-1.29642	10
421	24.9841	15.1044	0.0420936	10
425	23.2246	24.7376	0.386052	10
426	22.7008	6.43842	0.0143559	10
445	24.7713	16.9145	0.792917	10
456	24.7817	17.8406	0.443716	10
457	23.0731	20.1354	-0.121447	10
460	23.7679	10.9778	0.506176	10
477	23.2436	7.23217	0.359776	10
485	23.9515	1.67509	0.11227	10
491	22.9858	1.1942	0.156541	10
496	23.7399	9.62949	-0.660182	10
499	24.4487	19.8353	0.769905	10
500	23.6134	5.90759	0.891939	10
504	24.6499	8.63812	-0.196008	10
513	23.2655	1.99014	-0.0377018	10
535	23.1762	9.09428	0.406413	10
537	24.853	15.0111	0.194936	10
538	23.2068	18.4935	0.477131	10
541	24.5114	15.2012	-0.247482	10
550	24.939	2.90897	-0.00432499	10
556	23.3458	23.8044	0.232074	10
568	22.9919	20.2797	0.800523	10
602	23.436	6.38736	0.582448	10
624	23.5367	5.04715	-0.276506	10
640	24.2012	18.1054	-0.346592	10
666	24.9615	21.61	0.928121	10
667	24.1438	11.4647	0.245194	10
669	24.9645	9.73674	0.302207	10
679	24.9162	21.9073	0.336634	10
682	23.8681	14.3009	0.561348	10
703	24.6637	20.3165	0.7083	10
707	23.1206	7.983	1.18325	10
716	23.5402	1.01218	-0.0928029	10
724	23.1998	2.73114	-0.22948	10
726	23.5494	24.0855	0.446091	10
730	24.0063	23.5659	1.68174	10
760	23.714	2.69551	-0.428765	10
790	24.8748	8.05263	-0.507405	10
805	24.806	22.3758	0.233017	10
816	24.4268	23.5503	0.137447	10
821	22.9976	9.64767	-0.337268	10
822	24.7581	12.2551	0.0782292	10
837	24.3948	22.1628	0.693414	10
859	23.565	9.63383	-0.321601	10
877	24.4193	3.11712	0.313189	10
880	24.907	13.2753	-0.548198	10
883	23.7625	20.251	-0.293398	10
884	23.3277	18.3329	-0.174181	10
885	22.5025	7.86761	0.376357	10
898	22.9852	17.0231	-0.359447	10
915	24.6023	12.0791	-1.30549	10
943	23.4627	15.6446	0.948113	10
967	22.873	23.8369	0.668262	10
968	24.9213	5.43961	-0.159387	10
995	24.5534	21.2372	-0.309349	10
1017	23.6104	18.972	0.297999	10
1062	24.9698	11.501	-0.687484	10
1078	24.3929	9.39749	-0.758715	10
1101	22.9974	5.37901	-0.0221031	10
1113	24.0677	14.402	-0.61697	10
1146	22.9049	21.9781	0.488214	10
1152	23.1977	10.4644	1.1196	10
1157	24.1466	19.8726	-0.897545	10
1162	24.7894	3.74733	-0.4691	10
1163	22.7997	16.2978	0.162471	10
1168	22.7068	0.57892	-0.238231	10
1192	24.0843	15.2485	-0.000546376	10
1197	24.3578	19.6124	-0.624784	10
1212	23.171	14.7	-0.217623	10
1230	23.3614	23.9014	0.888449	10
1236	22.6308	18.345	-0.178919	10
1237	24.1195	18.2353	0.169339	10
1244	23.5802	3.50117	-0.0165469	10
1260	24.6098	5.01005	0.728785	10
1265	23.6122	19.5905	0.534347	10
1273	23.5931	18.0849	-0.512102	10
1280	24.504	8.94639	-0.225693	10
1306	22.5115	2.44509	0.152678	10
1308	23.9835	7.43173	-0.0631868	10
1319	23.7974	4.08707	0.197686	10
1331	22.611	12.928	-0.773291	10
1383	22.9549	13.0133	0.736106	10
1385	24.8956	10.6298	0.0209018	10
1394	23.0337	0.646984	-0.605616	10
1401	24.7739	18.9615	0.0249497	10
1416	24.2251	15.4784	0.0485382	10
1445	23.9251	15.2156	0.264162	10
1449	23.8854	2.72038	0.111708	10
1450	24.1147	1.29716	0.321818	10
1466	24.0241	3.47711	0.383882	10
1471	22.5536	22.8007	0.00409791	10
1472	23.4467	21.3024	0.0715355	10
1482	23.9463	21.9119	-0.778702	10
1485	23.2438	16.0586	0.592799	10
1501	24.6734	6.38913	-0.138011	10
1502	22.9207	18.8665	-0.836543	10
1511	24.3429	22.0187	-0.652291	10
1521	23.063	11.5221	0.665325	10
1527	22.9399	21.4021	0.428941	10
1529	22.9129	7.56704	-0.0867082	10
1547	24.3204	14.7969	0.217294	10
1548	24.3965	13.338	0.630256	10
1555	24.9761	24.0457	-0.310877	10
1564	24.7743	19.3887	-0.320675	10
1565	24.59	20.1395	0.161162	10
1569	23.1583	22.417	0.739445	10
1577	22.9635	7.74398	0.806384	10
1578	22.5419	24.0922	0.0577846	10
1585	23.6375	17.9278	0.00508783	10
1586	23.9298	4.496	-0.305193	10
1590	24.8063	7.11656	1.24363	10
1596	24.2903	24.2002	-0.274596	10
1597	24.7659	9.96489	-0.161454	10
1609	24.6762	14.8167	0.424133	10
1633	23.192	21.1736	0.205868	10
1641	22.647	2.17627	-0.756378	10
1661	23.7783	22.602	0.538113	10
1665	22.7845	23.6302	0.798727	10
1670	22.8225	0.818732	-0.238212	10
1688	24.8091	2.06448	0.22974	10
1698	23.3416	5.66423	1.06383	10
1702	24.1875	11.9301	0.472614	10
1739	23.2287	23.2357	0.477126	10
1780	22.9016	11.9158	0.563925	10
1785	24.8756	4.11077	0.144577	10
1791	24.3021	11.6064	-0.340854	10
1809	24.3503	24.5442	-0.269867	10
1814	23.3332	8.60477	0.327434	10
1816	24.3841	5.20162	-0.509329	10
1817	24.5061	3.51514	0.37144	10
1855	24.7601	11.6545	-0.265818	10
1870	23.3485	18.8177	-0.2691	10
1878	23.179	3.61262	1.41915	10
1889	24.7531	2.82734	0.630374	10
1901	22.8055	4.83925	0.0280058	10
1905	24.7707	21.7073	0.59411	10
1907	23.6202	19.4307	0.491006	10
1927	23.8315	17.4554	-0.139881	10
1928	24.502	22.3969	0.808882	10
1934	23.6741	15.5004	-0.383561	10
1968	24.4248	23.8286	0.102748	10
1990	24.8083	12.8777	-0.611982	10
1993	24.3929	1.23139	0.430304	10
1995	24.3862	11.4475	-0.662211	10
1997	23.5824	21.8806	1.1982	10
2003	23.3	11.3006	-0.621881	10
2010	23.7269	12.2939	0.607459	10
2014	23.5725	20.9604	0.242527	10
2015	23.3847	1.9123	0.196999	10
2022	22.955	20.3681	-0.502862	10
2035	22.9676	7.75617	0.544041	10
2042	22.7664	20.6744	0.342019	10
2051	22.679	4.61596	0.251518	10
2055	23.8589	8.39552	-0.350756	10
2056	23.6956	12.6882	-0.825265	10
2063	23.4902	2.9647	0.0268167	10
2072	23.3408	7.32792	1.00618	10
2089	23.0715	23.5035	-0.328772	10
2099	22.5371	18.6207	-0.29378	10
2105	22.9894	9.31361	0.659487	10
2109	23.2645	12.1781	0.180218	10
2112	24.1761	14.4873	-0.305247	10
2131	23.053	20.9023	0.175771	10
2135	24.6862	15.8305	0.0829587	10
2142	24.398	17.0025	0.924794	10
2144	22.6697	2.58531	0.876323	10
2152	23.8825	2.37046	0.912708	10
2165	22.7916	19.2169	0.474642	10
2169	24.199	3.90922	0.149188	10
2175	24.6599	17.3649	0.390466	10
2176	22.5868	24.4478	1.0884	10
2184	24.9112	11.8824	1.06411	10
2219	23.6982	22.3639	0.882721	10
2229	23.1456	10.3792	0.145402	10
2261	23.3031	11.5684	0.594437	10
2291	23.4397	13.3653	0.184452	10
2293	22.966	22.3045	-0.081026	10
2297	23.4105	20.9816	0.632847	10
2337	22.7956	1.45796	-0.725724	10
2364	24.7327	6.09059	0.0185614	10
2391	23.1993	9.71367	0.00650417	10
2404	24.4413	15.6662	-0.8631	10
2405	24.3278	16.8236	0.537862	10
2409	24.8075	24.4948	0.329268	10
2426	24.3925	6.23321	0.640747	10
2431	22.9334	24.8088	-0.110281	10
2434	23.5223	10.9441	-0.505954	10
2460	24.0928	2.76787	1.05883	10
2469	23.0329	13.0772	0.819877	10
2482	24.3792	15.5273	-0.996167	10
2505	24.3969	0.552409	0.512126	10
2508	24.5933	2.57517	0.00989941	10
2534	24.8959	21.9175	-0.366172	10
2537	24.0638	4.38549	0.259974	10
2547	23.9834	0.0386642	0.0266651	10
2561	23.3942	0.942112	1.39025	10
2576	23.1597	0.356091	-0.034038	10
2594	23.6315	11.3759	0.00542371	10
2596	22.8922	17.1473	0.195401	10
2597	24.6588	10.4268	-0.386516	10
2599	23.7946	15.3313	0.199406	10
2627	23.1658	23.2771	0.205301	10
2628	22.7733	13.4393	1.26055	10
2641	24.8957	1.74641	-0.444337	10
2651	22.9728	2.03901	-0.953197	10
2686	24.9206	18.1824	-0.444332	10
2712	23.0854	23.3159	0.274871	10
2713	23.8065	1.5048	0.0752381	10
2715	22.5257	20.2289	0.413897	10
2733	23.3869	22.4248	-0.461776	10
2734	23.1907	21.9717	0.169048	10
2745	24.4431	13.5234	-0.45627	10
2771	23.306	18.393	-0.166156	10
2775	24.6486	0.550612	0.613279	10
2810	23.9428	18.6978	-0.338817	10
2812	22.8337	15.711	-0.660272	10
2825	23.6738	2.57879	0.159087	10
2830	24.0376	4.38514	0.473212	10
2832	23.2933	22.1267	0.810763	10
2850	22.5001	11.5763	0.238581	10
2861	24.7083	15.7181	-0.740294	10
2867	22.8665	22.2348	1.07678	10
2878	22.6602	14.7894	0.735322	10
2879	22.8897	14.2993	0.204526	10
2881	24.1371	0.639808	0.674021	10
2894	23.3136	1.20589	0.686747	10
2900	23.1012	5.98446	0.21656	10
2901	22.7434	6.65374	0.267679	10
2906	23.4501	22.5973	0.461331	10
2916	23.8622	12.7311	1.01331	10
2944	23.17	6.87233	1.07764	10
2969	22.691	18.3482	0.351261	10
2971	22.7554	17.7549	0.0249254	10
2991	24.717	5.04279	0.811237	10
2992	24.4687	4.95116	-0.566383	10
2995	22.7117	11.9533	-0.404017	10
3035	24.6257	9.2502	-0.700586	10
3055	23.4891	2.55168	1.04274	10
3064	24.8758	22.2695	0.143537	10
3072	23.1035	12.1344	-0.0641656	10
3073	22.6764	12.2069	0.440886	10
3088	24.5573	17.1144	-0.128683	10
3094	23.1512	4.02508	0.753917	10
3095	23.1889	20.3978	-0.0440677	10
3128	24.6256	7.26569	0.110816	10
3132	23.772	9.87666	0.224122	10
3150	23.8818	18.2735	-0.339231	10
3164	23.164	4.12963	-0.0247162	10
3166	24.8778	14.7744	-0.0478443	10
3167	24.8665	16.0474	-0.0561364	10
3177	24.7715	3.83551	0.023024	10
3185	23.9116	21.5691	1.43559	10
3187	23.3755	0.430303	-0.706833	10
3190	22.5081	0.738248	1.1802	10
3192	23.0198	10.7763	-0.398973	10
3193	24.0342	10.4032	0.49026	10
3216	24.0991	17.6629	0.248415	10
3224	24.9922	10.0537	-0.701173	10
3227	23.4178	4.32506	0.252274	10
3235	23.5371	20.1171	0.508522	10
3240	23.1496	8.6159	0.616154	10
3245	23.276	12.0208	-0.189127	10
3246	22.8331	12.2664	-0.0716256	10
3248	24.9849	11.5205	-0.376774	10
3257	23.1115	20.3951	1.05673	10
3262	24.6253	14.842	-0.868278	10
3265	23.0679	1.26628	0.499231	10
3269	24.9003	17.8585	0.788555	10
3270	24.4989	18.1337	0.654353	10
3271	24.8127	17.3921	-0.000711302	10
3281	23.7056	4.52397	-0.132389	10
3291	23.7525	14.0564	-0.125788	10
3321	23.395	18.155	0.294468	10
3336	22.9964	14.4525	0.94242	10
3339	24.743	4.54414	-0.349355	10
3375	23.1438	1.47576	-0.62956	10
3380	24.616	3.64386	-0.206958	10
3382	22.5679	15.2171	0.928305	10
3386	24.8566	2.18743	0.295075	10
3395	23.7246	0.329347	0.740025	10
3408	23.356	15.5721	0.0965405	10
3447	22.8398	1.313	-0.655468	10
3458	23.3197	0.312279	-1.19099	10
3474	23.6246	18.716	0.0591059	10
3497	24.9403	0.374065	-0.483534	10
3502	24.1356	3.88505	0.397413	10
3503	24.6106	3.5671	0.342441	10
3504	23.9576	3.57276	-0.319513	10
3513	23.6631	7.60569	0.559026	10
3514	24.6135	24.2693	-0.0976491	10
3532	23.3905	16.2117	0.392755	10
3547	23.3781	1.94063	0.38537	10
3567	24.1081	10.8767	0.119828	10
3572	24.754	15.6005	-0.830641	10
3583	23.7357	10.1665	0.121616	10
3594	23.5796	9.6871	-0.00135283	10
3595	22.9298	11.8994	0.135038	10
3602	22.5271	0.766549	0.494825	10
3612	24.6602	13.1389	-0.148178	10
3638	24.1433	9.81062	1.25784	10
3646	22.7554	4.67519	-0.207652	10
3648	22.7727	11.4064	0.181684	10
3656	22.5545	1.51816	-0.819738	10
3691	24.6943	7.57706	0.229192	10
3692	24.9606	7.11112	0.715913	10
3695	24.4164	10.4155	-0.123901	10
3699	23.3096	18.8817	0.287298	10
3712	22.73	5.13691	0.283992	10
3734	24.545	1.36275	0.246918	10
3739	24.0056	6.94695	0.521338	10
3748	24.5388	9.60386	-0.207765	10
3749	24.4901	8.72687	-1.13029	10
3754	23.1729	23.3371	-0.193067	10
3786	23.6419	8.66934	0.566182	10
3787	23.3868	8.37108	0.161571	10
3834	24.634	16.8885	0.609132	10
3843	23.3894	7.47628	0.766488	10
3844	23.2407	7.44211	0.369629	10
3860	24.7389	10.564	0.0574589	10
3861	24.901	10.322	-0.0714313	10
3863	23.915	3.99089	-0.721132	10
3864	23.8427	4.07363	-0.281961	10
3872	23.4661	3.79815	-0.229789	10
3890	22.515	9.87859	0.242431	10
3910	24.3256	16.0025	0.35043	10
3931	22.6603	18.0871	-0.645347	10
3943	22.7718	8.39197	-0.516134	10
3946	24.3272	15.5656	0.000203763	10
3952	23.7714	18.6667	0.293838	10
3958	24.5493	9.7255	-0.427849	10
3964	24.3822	4.49428	0.0976897	10
3971	24.7534	1.32085	0.634056	10
3986	22.791	23.3193	0.542319	10
3987	24.2383	4.68718	0.207169	10
3991	23.7762	1.29935	-0.66454	10
3992	24.4548	19.9109	-0.276321	10
3994	24.8819	2.78097	1.1726	10
4005	23.8118	21.1941	0.94493	10
4006	23.8239	21.6814	0.78087	10
4008	22.8412	24.0803	-0.328062	10
4012	22.7582	7.22545	-0.246186	10
4022	24.9737	13.4163	0.25397	10
