IND_ID	Opt	Phen	AbsErr	Fitness	density

1.0	0.0642903	-0.03003	0.0943202	0.875361	7.23407
2.0	0.873341	0.95343	0.0800891	0.82791	9.33803
3.0	0.810177	0.471964	0.338213	0.896178	6.28797
4.0	0.37043	1.02079	0.650357	0.77234	11.6953
5.0	0.263298	0.653736	0.390438	0.901075	6.05976
6.0	0.0323986	-0.356662	0.38906	0.804448	10.3213
7.0	0.723434	0.477302	0.246132	0.873279	7.26872
8.0	0.0793818	0.189419	0.110037	0.901147	6.19346
9.0	0.809763	0.546001	0.263762	0.885771	6.74679
10.0	0.00638484	0.441781	0.435396	0.823857	9.33319
11.0	0.0111392	-0.378282	0.389421	0.865723	7.49451
12.0	0.298323	0.0658034	0.232519	0.857524	7.94656
13.0	0.174343	0.402992	0.228648	0.740024	13.9973
14.0	0.506753	0.362282	0.144471	0.836013	8.94464
15.0	0.930086	0.930162	7.6619e-05	0.816728	9.88076
16.0	0.00411894	-0.560256	0.564375	0.959484	3.79914
17.0	0.430405	0.818065	0.38766	0.900078	6.10054
18.0	0.327145	0.00632437	0.320821	0.818188	9.69803
19.0	0.482197	1.00215	0.519955	0.863747	7.45798
20.0	0.417101	0.535099	0.117998	0.83733	8.89135
21.0	0.773429	0.348372	0.425057	0.767917	12.2191
22.0	0.559396	0.684657	0.125261	0.891485	6.57072
23.0	0.421779	0.572124	0.150345	0.841196	8.70546
24.0	0.258669	0.253728	0.0049408	0.818712	9.78444
25.0	0.851452	0.737654	0.113798	0.836992	8.90795
26.0	0.215984	0.626115	0.410131	0.88527	6.66927
27.0	0.419129	0.493922	0.0747931	0.946178	4.53943
28.0	0.292825	0.574798	0.281973	1.01097	2.37505
29.0	0.503398	0.000775341	0.502623	0.819352	9.48019
30.0	0.490945	0.604356	0.113411	0.894769	6.44303
31.0	0.984091	0.606422	0.377669	0.923065	5.23918
32.0	0.814235	0.742504	0.0717313	0.880768	7.0146
33.0	0.179614	0.502247	0.322633	0.902146	6.06517
34.0	0.702224	1.04946	0.347238	0.940678	4.62607
35.0	0.602021	0.936582	0.334561	0.94987	4.31356
36.0	0.460661	0.503425	0.0427639	0.901644	6.18412
37.0	0.862503	0.660702	0.201801	0.881477	6.95002
38.0	0.306644	0.477274	0.170631	0.903152	6.09906
39.0	0.2757	0.506615	0.230915	0.946515	4.48368
40.0	0.00664321	0.285012	0.278369	0.868042	7.47158
41.0	0.310845	0.0268541	0.283991	0.870427	7.36788
42.0	0.293742	0.275813	0.0179287	0.829621	9.26404
43.0	0.849094	0.821806	0.0272877	0.840728	8.74978
44.0	0.395682	0.52825	0.132569	0.892457	6.53012
45.0	0.00235685	0.29909	0.296733	0.776071	11.8768
46.0	0.541443	0.296991	0.244452	0.873486	7.26091
47.0	0.576526	1.42007	0.843543	0.820632	8.92888
48.0	0.67849	0.224063	0.454427	0.837506	8.67999
49.0	0.597978	1.05007	0.452091	0.840826	8.53128
50.0	0.920176	0.422191	0.497985	0.838082	8.6101
51.0	0.767107	0.616766	0.150341	0.800629	10.657
52.0	0.550965	0.280858	0.270107	0.892478	6.47476
53.0	0.44193	0.0114516	0.430478	0.902424	5.9757
54.0	0.924998	0.802633	0.122365	0.943126	4.63767
55.0	0.929942	0.484234	0.445708	0.789191	11.0499
56.0	0.766858	0.715689	0.0511693	0.910987	5.82411
57.0	0.409768	0.302934	0.106833	0.890714	6.6057
58.0	0.733226	0.518278	0.214947	0.864913	7.63631
59.0	0.459342	0.308297	0.151045	0.871601	7.37706
60.0	0.598107	0.245847	0.35226	0.887521	6.62233
61.0	0.396219	0.0269595	0.36926	0.862187	7.66089
62.0	0.462072	0.303768	0.158304	0.80543	10.4116
63.0	0.0397842	0.035003	0.00478124	0.838262	8.86328
64.0	0.532548	1.1863	0.653752	0.785565	10.9824
65.0	0.113167	0.195916	0.0827485	0.812457	10.0823
66.0	0.547785	0.988976	0.441191	0.985066	3.07519
67.0	0.739585	0.275644	0.463941	0.773477	11.8719
68.0	0.229078	-0.203767	0.432846	0.835324	8.80016
69.0	0.272767	-0.0928907	0.365658	0.891794	6.4422
70.0	0.205335	0.533808	0.328473	0.852271	8.12083
71.0	0.00920142	-0.418695	0.427896	0.893784	6.31504
72.0	0.29715	0.189394	0.107756	0.836225	8.94468
73.0	0.0862845	0.343431	0.257147	0.844419	8.51393
74.0	0.260029	0.847308	0.587279	0.842296	8.31822
75.0	0.547	-0.297462	0.844462	0.879642	6.35932
76.0	0.500854	0.196589	0.304266	0.828709	9.20813
77.0	0.823367	1.05178	0.228415	0.831556	9.11806
78.0	0.787181	0.986674	0.199493	0.848639	8.35242
79.0	0.3073	0.516244	0.208944	0.808673	10.2291
80.0	0.843753	0.785245	0.0585088	0.872666	7.35204
81.0	0.170185	-0.000765043	0.17095	0.88437	6.8436
82.0	0.586252	0.191011	0.395241	0.890153	6.48537
83.0	0.24156	0.469333	0.227773	0.844351	8.53191
84.0	0.511479	0.827505	0.316026	0.89425	6.37816
85.0	0.48106	0.00417717	0.476883	0.842317	8.43982
86.0	0.339816	0.357017	0.0172008	0.896946	6.36947
87.0	0.263655	0.414099	0.150444	0.874269	7.2657
88.0	0.428605	0.686809	0.258204	0.924301	5.2656
89.0	0.0996477	0.414541	0.314893	0.910007	5.76846
90.0	0.447199	0.743965	0.296765	0.910447	5.76239
91.0	0.787992	1.03619	0.248198	0.779568	11.7173
92.0	0.634305	1.09364	0.45933	0.862135	7.58702
93.0	0.828511	1.39192	0.563409	0.822594	9.25608
94.0	0.109966	0.0382051	0.0717605	0.818976	9.76608
95.0	0.314098	0.453155	0.139057	0.885929	6.79026
96.0	0.068843	0.142378	0.0735351	0.811378	10.1371
97.0	0.597872	0.557162	0.0407097	0.876383	7.19894
98.0	0.178886	0.360218	0.181332	0.957868	4.1121
99.0	0.924226	1.22823	0.304005	0.854841	8.02406
100.0	0.253606	0.09294	0.160666	0.764343	12.6008
101.0	0.456832	0.404116	0.0527161	0.839054	8.82407
102.0	0.181443	0.57199	0.390548	0.8564	7.89413
103.0	0.422816	0.294862	0.127953	0.928152	5.17225
104.0	0.417917	0.175443	0.242475	0.840974	8.67743
105.0	0.206866	0.386262	0.179395	0.789681	11.2122
106.0	0.738815	0.872419	0.133604	0.818693	9.76596
107.0	0.547363	0.0257925	0.521571	0.84796	8.14132
108.0	0.157195	0.00122292	0.155972	0.821457	9.62578
109.0	0.552743	0.813094	0.260351	0.863111	7.69131
110.0	0.158207	0.329297	0.17109	0.89339	6.48156
111.0	0.742461	1.06988	0.327423	0.849293	8.25321
112.0	0.192771	0.43268	0.239909	0.951171	4.31852
113.0	0.403853	0.573709	0.169856	0.812258	10.068
114.0	0.580921	1.22385	0.642932	0.846413	8.06366
115.0	0.750155	0.0757472	0.674408	0.825568	8.9695
116.0	0.24439	0.438922	0.194532	0.863027	7.72553
117.0	0.359092	0.566591	0.207499	0.880999	6.96726
118.0	0.605574	-0.516518	1.12209	0.774811	10.618
119.0	0.278793	0.32798	0.0491873	0.857211	8.01339
120.0	0.87396	1.01971	0.145747	0.776304	11.9411
121.0	0.0976506	0.170236	0.0725852	0.785997	11.4373
122.0	0.589334	0.409998	0.179335	0.746936	13.6049
123.0	0.814998	0.739627	0.0753709	0.914279	5.69655
124.0	0.535066	0.574928	0.0398623	0.781921	11.6593
125.0	0.766958	0.780547	0.0135898	0.901346	6.19734
126.0	0.587699	0.379806	0.207893	0.826917	9.34539
127.0	0.0984778	0.542669	0.444191	0.906279	5.81605
128.0	0.153668	0.508161	0.354493	0.892702	6.41411
129.0	0.915186	0.705147	0.210039	0.851043	8.24117
130.0	0.302305	0.17932	0.122985	0.8457	8.50972
131.0	0.727271	1.09644	0.369174	0.860009	7.75454
132.0	0.261178	0.264085	0.0029065	0.87006	7.46498
133.0	0.776986	0.917651	0.140665	0.817777	9.80821
134.0	0.271407	0.435524	0.164117	0.868672	7.49627
135.0	0.40103	0.33947	0.0615594	0.89323	6.51298
136.0	0.960071	0.721482	0.238589	0.870145	7.40375
137.0	0.154108	0.230968	0.0768601	0.964074	3.92737
138.0	0.0746141	0.0828585	0.00824436	0.820211	9.71196
139.0	0.415829	0.420425	0.00459581	0.883087	6.92493
140.0	0.896288	0.922392	0.0261047	0.90615	6.01093
141.0	0.337744	0.574202	0.236458	0.911934	5.73691
142.0	0.665611	0.529067	0.136544	0.836124	8.94189
143.0	0.450909	0.70721	0.256301	0.933303	4.93956
144.0	0.681676	0.427657	0.254019	0.843564	8.55412
145.0	0.905397	0.723292	0.182105	0.813388	10.0078
146.0	0.353363	0.414753	0.0613905	0.836388	8.94552
147.0	0.933055	0.783763	0.149292	0.77669	11.9188
148.0	0.821099	1.04763	0.226531	0.903206	6.07541
149.0	0.490017	0.33637	0.153647	0.867682	7.54154
150.0	0.342814	0.416522	0.0737078	0.895093	6.43754
151.0	0.951362	0.719283	0.232079	0.816464	9.83492
152.0	0.316299	-0.165241	0.48154	0.823808	9.29018
153.0	0.384402	0.306979	0.077423	0.878476	7.10801
154.0	0.264658	0.201599	0.0630596	0.813536	10.0324
155.0	0.73102	0.811377	0.080357	0.791569	11.1424
156.0	0.215055	1.03557	0.820516	0.842265	7.9795
157.0	0.748119	1.02931	0.281192	0.917385	5.50986
158.0	0.595358	0.972204	0.376846	0.803264	10.3911
159.0	0.657201	0.825463	0.168262	0.839339	8.7841
160.0	0.858229	0.833354	0.0248752	0.796698	10.8829
161.0	0.478031	0.507693	0.0296617	0.765539	12.5625
162.0	0.365075	-0.0493481	0.414423	0.81631	9.71428
163.0	0.344618	0.577792	0.233174	0.90946	5.83237
164.0	0.717047	0.7627	0.0456533	0.840238	8.77074
165.0	0.554724	0.475192	0.0795321	0.936797	4.8699
166.0	0.153208	0.552834	0.399626	0.798782	10.5985
167.0	0.690332	0.501106	0.189226	0.867831	7.52284
168.0	0.193269	0.437769	0.2445	0.896325	6.33561
169.0	0.184066	0.293821	0.109755	0.837522	8.88456
170.0	0.957741	1.10767	0.149925	0.857244	7.99129
171.0	0.21527	0.240094	0.0248235	0.857446	8.00501
172.0	0.697417	0.575076	0.122341	0.897928	6.31651
173.0	0.28611	0.466493	0.180383	0.92451	5.29023
174.0	0.573558	0.185748	0.38781	0.884062	6.73575
175.0	0.310798	0.489213	0.178415	0.826745	9.36575
176.0	0.756552	0.746595	0.00995765	0.788428	11.3145
177.0	0.54516	0.497055	0.0481055	0.876388	7.19806
178.0	0.370918	0.38952	0.0186027	0.865192	7.67117
179.0	0.926185	0.773199	0.152986	0.850568	8.28374
180.0	0.890011	0.78666	0.103351	0.86729	7.57133
181.0	0.371993	0.275039	0.0969537	0.792737	11.0781
182.0	0.518961	0.158966	0.359995	0.869154	7.37187
183.0	0.389998	0.682021	0.292023	0.839531	8.71523
184.0	0.55985	0.58999	0.03014	0.867386	7.5772
185.0	0.098287	0.287797	0.18951	0.898983	6.25467
186.0	0.968956	0.906049	0.0629076	0.800398	10.6896
187.0	0.451205	0.786095	0.33489	0.956773	4.07717
188.0	0.727622	0.261842	0.465779	0.840275	8.54307
189.0	0.747226	0.166391	0.580835	0.841135	8.3783
190.0	0.827464	1.30088	0.473413	0.93325	4.79359
191.0	0.956086	0.856972	0.0991139	0.857968	7.97278
192.0	0.0334743	0.335768	0.302294	0.722682	15.0344
193.0	0.811724	0.151115	0.660609	0.902164	5.74356
194.0	0.683508	0.491625	0.191883	0.869808	7.43828
195.0	0.210944	0.113838	0.0971063	0.806113	10.3947
196.0	0.600499	0.804946	0.204447	0.891861	6.53
197.0	0.0706837	0.863188	0.792504	0.889892	6.03476
198.0	0.559155	0.460593	0.0985625	0.895714	6.4088
199.0	0.546372	0.742474	0.196103	0.898388	6.27551
200.0	0.570475	0.139231	0.431244	0.880867	6.83016
201.0	0.43911	0.604689	0.16558	0.932998	4.98637
202.0	0.549028	0.875687	0.326659	0.881234	6.89411
203.0	0.732017	0.641237	0.0907804	0.91127	5.80795
204.0	0.569249	0.25828	0.310969	0.841158	8.62922
205.0	0.629933	0.211941	0.417992	0.803853	10.3254
206.0	0.687078	0.536531	0.150547	0.879509	7.04877
207.0	0.964519	0.615117	0.349403	0.727693	14.6767
208.0	0.6778	0.417451	0.260349	0.816944	9.79645
209.0	0.689815	0.521456	0.168359	0.897955	6.30236
210.0	0.291068	0.706636	0.415567	0.826866	9.20911
211.0	0.311134	0.861016	0.549882	0.843015	8.33026
212.0	0.400738	-0.00401026	0.404748	0.912376	5.61678
213.0	0.818666	0.544685	0.273981	0.803388	10.459
214.0	0.228509	0.0592052	0.169303	0.89573	6.38957
215.0	0.74673	0.727172	0.0195575	0.926562	5.24542
216.0	0.18369	0.111931	0.0717587	0.931228	5.07113
217.0	0.467276	0.189596	0.27768	0.789613	11.165
218.0	0.667232	0.40174	0.265493	0.901531	6.1217
219.0	0.235001	0.0595156	0.175485	0.818521	9.76023
220.0	0.49365	0.0950761	0.398574	0.858467	7.79798
221.0	0.136371	-0.283666	0.420037	0.862912	7.58899
222.0	0.2075	0.480798	0.273298	0.87039	7.37546
223.0	0.0258512	-0.326344	0.352195	0.867891	7.43075
224.0	0.0176516	-0.0867711	0.104423	0.886563	6.77302
225.0	0.230831	0.575133	0.344302	0.836622	8.81323
226.0	0.229949	0.401123	0.171175	0.842239	8.65106
227.0	0.487149	0.311335	0.175814	0.848321	8.37587
228.0	0.41585	0.89786	0.482011	0.875643	6.99814
229.0	0.604665	0.176041	0.428625	0.758458	12.7502
230.0	0.527898	0.142873	0.385025	0.863368	7.59822
231.0	0.473928	0.405328	0.0685997	0.855208	8.09861
232.0	0.832261	0.872	0.0397388	0.83482	9.02024
233.0	0.247999	1.12587	0.877867	0.813864	9.18736
234.0	0.598889	0.165177	0.433712	0.776204	11.7544
235.0	0.430373	0.919972	0.489599	0.836334	8.6986
236.0	0.902077	1.02658	0.124503	0.800692	10.6617
237.0	0.537426	0.517408	0.0200185	0.777449	11.9027
238.0	0.147408	0.736738	0.58933	0.803071	10.1744
239.0	0.959493	0.574385	0.385108	0.77406	11.9172
240.0	0.686602	0.177512	0.50909	0.864624	7.43206
241.0	0.61016	0.314758	0.295402	0.922261	5.32116
242.0	0.935063	0.972763	0.0377003	0.83555	8.98667
243.0	0.252837	0.394734	0.141896	0.810813	10.1489
244.0	0.0534875	0.210427	0.15694	0.9442	4.59103
245.0	0.708904	0.283006	0.425899	0.792028	10.9215
246.0	0.267304	0.219178	0.0481263	0.81537	9.94441
247.0	0.849684	0.313736	0.535948	0.814709	9.66671
248.0	0.804796	0.451493	0.353303	0.829907	9.11759
249.0	0.298508	0.727026	0.428518	0.844116	8.40467
250.0	0.394645	0.685075	0.290431	0.907574	5.87543
251.0	0.472738	0.0164539	0.456284	0.912313	5.57674
252.0	0.557925	1.09683	0.538908	0.925809	4.99982
253.0	0.221844	0.037261	0.184583	0.883657	6.86778
254.0	0.702347	0.496259	0.206087	0.852343	8.18545
255.0	0.9097	0.788593	0.121107	0.844089	8.58274
256.0	0.696269	0.305961	0.390308	0.845073	8.39442
257.0	0.603936	0.259507	0.34443	0.745354	13.5951
258.0	0.970229	0.851544	0.118686	0.955539	4.20848
259.0	0.397028	0.580234	0.183206	0.835792	8.94135
260.0	0.651594	0.342243	0.309351	0.822741	9.48723
261.0	0.382813	0.385753	0.00294022	0.820581	9.69422
262.0	0.766346	0.440804	0.325542	0.778759	11.7101
263.0	0.280375	-0.120274	0.400649	0.878801	6.94001
264.0	0.309392	1.55395	1.24456	0.861833	6.26501
265.0	0.573587	0.992533	0.418947	0.835627	8.7987
266.0	0.682697	0.627096	0.0556016	0.823912	9.53124
267.0	0.287029	0.794203	0.507174	0.877137	6.91181
268.0	0.557822	0.960371	0.402549	0.840968	8.56922
269.0	0.0739302	0.683847	0.609917	0.910391	5.49278
270.0	0.210355	0.523721	0.313365	0.953408	4.20457
271.0	0.319598	0.389751	0.0701528	0.899318	6.27186
272.0	0.534053	0.743627	0.209574	0.903445	6.07332
273.0	0.157564	0.459314	0.30175	0.855353	8.00305
274.0	0.0703116	0.0951036	0.024792	0.954436	4.25852
275.0	0.664019	0.505584	0.158434	0.933024	4.9876
276.0	0.506922	0.670883	0.163961	0.858314	7.94018
277.0	0.556963	0.352094	0.204869	0.927237	5.18148
278.0	0.171437	0.0285715	0.142866	0.922894	5.36122
279.0	0.901693	1.05641	0.154714	0.840356	8.7423
280.0	0.623091	0.297092	0.325999	0.773354	12.0045
281.0	0.725823	1.01328	0.287453	0.878473	7.03135
282.0	0.470722	1.04163	0.57091	0.887647	6.41847
283.0	0.887955	0.477782	0.410173	0.938421	4.66161
284.0	0.0890475	-0.109283	0.198331	0.911231	5.77949
285.0	0.591305	0.448474	0.142831	0.897855	6.31403
286.0	0.322695	-0.144043	0.466738	0.900567	6.016
287.0	0.960635	1.19026	0.229627	0.83967	8.74322
288.0	0.0552472	0.365979	0.310732	0.875253	7.15038
289.0	0.310489	0.141847	0.168642	0.82984	9.22364
290.0	0.511195	0.0597538	0.451441	0.880213	6.8391
291.0	0.235894	0.219469	0.0164256	0.846923	8.47036
292.0	0.285629	0.426168	0.140539	0.876147	7.19051
293.0	0.875217	0.734831	0.140386	0.844715	8.54923
294.0	0.266509	0.220517	0.0459921	0.905197	6.04624
295.0	0.203423	0.106639	0.0967846	0.801115	10.647
296.0	0.0869222	0.34059	0.253667	0.783107	11.524
297.0	0.634699	0.014568	0.620131	0.863731	7.34299
298.0	0.206145	0.877757	0.671612	0.837604	8.41912
299.0	0.353212	0.334783	0.0184285	0.855855	8.07478
300.0	0.919592	0.95244	0.0328478	0.753203	13.2717
301.0	0.456416	0.684003	0.227587	0.836488	8.88996
302.0	0.171378	-0.106441	0.277819	0.874027	7.22079
303.0	0.648167	1.26888	0.620709	0.825059	9.06732
304.0	0.922789	0.964788	0.0419988	0.731701	14.5735
305.0	0.897942	1.25962	0.361674	0.854177	8.0135
306.0	0.136981	0.584962	0.447981	0.821492	9.4338
307.0	0.791038	0.857556	0.0665175	0.762826	12.7121
308.0	0.701534	0.252271	0.449263	0.80794	10.0917
309.0	0.798705	0.619657	0.179048	0.877997	7.10164
310.0	0.406173	0.162862	0.243311	0.930561	5.0445
311.0	0.646015	0.494528	0.151487	0.883724	6.8761
312.0	0.398714	0.436799	0.0380848	0.916052	5.6339
313.0	0.769282	0.121118	0.648164	0.862402	7.36343
314.0	0.0765501	0.603648	0.527098	0.814659	9.67932
315.0	0.239457	-0.481164	0.720621	0.840635	8.21147
316.0	0.615173	0.555331	0.0598413	0.875881	7.21784
317.0	0.598153	0.972451	0.374298	0.862911	7.62606
318.0	0.0367034	-0.219961	0.256665	0.9092	5.83116
319.0	0.77172	0.761323	0.0103962	0.780897	11.7161
320.0	0.153508	0.148527	0.00498111	0.830781	9.20997
321.0	0.835135	0.580859	0.254276	0.930446	5.04354
322.0	0.1661	0.139325	0.0267757	0.858769	7.94736
323.0	0.36081	0.85839	0.49758	0.855711	7.82646
324.0	0.736908	0.295238	0.44167	0.88634	6.59963
325.0	0.696391	0.600849	0.0955422	0.86875	7.51107
326.0	0.291017	0.608136	0.317119	0.855572	7.98369
327.0	0.00199639	-0.525826	0.527822	0.85657	7.75744
328.0	0.466	0.324551	0.141449	0.868353	7.5168
329.0	0.871351	0.571724	0.299627	0.912351	5.68866
330.0	0.564284	0.382691	0.181593	0.848516	8.36501
331.0	0.796772	1.01354	0.216769	0.788697	11.2472
332.0	0.411881	0.327078	0.0848034	0.889952	6.64039
333.0	0.374627	0.377921	0.00329357	0.872088	7.37971
334.0	0.482264	0.851992	0.369728	0.756086	12.9423
335.0	0.630029	0.701068	0.0710394	0.894002	6.48111
336.0	0.104923	-0.375797	0.48072	0.926529	5.02933
337.0	0.594525	0.838017	0.243492	0.828084	9.27314
338.0	0.122585	0.300056	0.177471	0.905252	6.01566
339.0	0.715929	0.164826	0.551102	0.87302	7.03518
340.0	0.379873	0.495782	0.115909	0.830244	9.22076
341.0	0.200728	0.336779	0.136051	0.947807	4.47079
342.0	0.503118	0.629365	0.126247	0.757854	12.9834
343.0	0.481107	0.205462	0.275645	0.865072	7.59919
344.0	0.210005	0.524613	0.314608	0.971794	3.58793
345.0	0.659075	0.43622	0.222855	0.807089	10.3014
346.0	0.615296	0.515952	0.0993439	0.920038	5.477
347.0	0.330083	0.0540028	0.27608	0.842916	8.5711
348.0	0.685967	0.8106	0.124634	0.869028	7.49277
349.0	0.0940605	0.00406924	0.0899913	0.889367	6.66293
350.0	0.059569	0.46321	0.403641	0.85985	7.73415
351.0	0.386107	0.747527	0.361421	0.83394	8.92397
352.0	0.759394	0.522576	0.236819	0.900555	6.17363
353.0	0.30184	0.677773	0.375934	0.836306	8.80363
354.0	0.316157	0.874642	0.558485	0.881995	6.65943
355.0	0.889744	0.805532	0.0842118	0.806336	10.3861
356.0	0.203037	0.52423	0.321193	0.955742	4.1204
357.0	0.978461	0.982685	0.00422345	0.800474	10.6901
358.0	0.0883377	-0.408096	0.496434	0.830541	8.95869
359.0	0.950057	0.783227	0.16683	0.849482	8.32737
360.0	0.89197	0.441742	0.450228	0.883068	6.72411
361.0	0.869187	1.01564	0.146453	0.862956	7.74532
362.0	0.348103	0.503446	0.155343	0.814055	9.98491
363.0	0.218796	-0.0262094	0.245005	0.85315	8.13171
364.0	0.0621595	-0.187262	0.249421	0.898743	6.23839
365.0	0.765427	0.205977	0.55945	0.877319	6.84879
366.0	0.192537	0.0413984	0.151139	0.816126	9.88517
367.0	0.187018	-0.0410086	0.228026	0.926301	5.20619
368.0	0.389326	0.672549	0.283224	0.886771	6.69587
369.0	0.542717	0.309306	0.233411	0.854009	8.09972
370.0	0.881548	0.576183	0.305365	0.792154	11.0141
371.0	0.206093	-0.161927	0.36802	0.881201	6.86684
372.0	0.13427	0.575957	0.441687	0.8003	10.482
373.0	0.96368	0.646357	0.317323	0.829989	9.13948
374.0	0.751312	0.646271	0.105041	0.913487	5.72131
375.0	0.247137	0.203272	0.0438657	0.876023	7.21362
376.0	0.187426	0.264942	0.0775154	0.839968	8.77891
377.0	0.579041	0.578842	0.000198571	0.908959	5.90391
378.0	0.0596104	0.0460873	0.013523	0.92141	5.43529
379.0	0.366381	0.784282	0.417901	0.799112	10.565
380.0	0.544589	0.658239	0.11365	0.864794	7.67534
381.0	0.867817	0.354154	0.513663	0.790961	10.8844
382.0	0.0947022	0.4814	0.386698	0.91964	5.35898
383.0	0.145635	0.594174	0.448539	0.863049	7.55797
384.0	0.154728	-0.162717	0.317444	0.849111	8.26795
385.0	0.760756	0.67737	0.0833862	0.813937	10.0095
386.0	0.13472	0.83909	0.70437	0.856859	7.52308
387.0	0.199697	0.525783	0.326086	0.843192	8.5271
388.0	0.693456	0.745182	0.0517264	0.870293	7.45248
389.0	0.442447	0.726047	0.2836	0.886475	6.70763
390.0	0.888961	0.801926	0.0870344	0.904221	6.07863
391.0	0.350629	0.852278	0.501649	0.846349	8.234
392.0	0.286632	0.213174	0.0734581	0.853471	8.1742
393.0	0.708973	0.849962	0.140988	0.866095	7.61277
394.0	0.919612	0.559444	0.360168	0.853057	8.06371
395.0	0.445536	0.615252	0.169717	0.927084	5.1995
396.0	0.997684	0.485614	0.51207	0.919853	5.24444
397.0	0.858088	1.0794	0.221315	0.88441	6.82236
398.0	0.553837	0.541783	0.0120537	0.784162	11.5409
399.0	0.938415	0.592659	0.345757	0.781773	11.5324
400.0	0.661572	0.522936	0.138636	0.822569	9.578
401.0	0.357917	0.424731	0.0668137	0.877639	7.14409
402.0	0.44773	1.17097	0.72324	0.785009	10.9042
403.0	0.410428	0.288294	0.122134	0.836236	8.9407
404.0	0.632461	0.539123	0.0933374	0.82824	9.32001
405.0	0.640707	0.242518	0.398189	0.968084	3.6567
406.0	0.39717	0.695802	0.298633	0.792841	10.9829
407.0	0.0121964	0.256028	0.243832	0.787248	11.3094
408.0	0.816263	0.848441	0.0321777	0.757753	13.007
409.0	0.452689	0.115941	0.336748	0.7954	10.8233
410.0	0.809535	0.560927	0.248608	0.88031	6.97671
411.0	0.267989	0.772843	0.504854	0.877338	6.90588
412.0	0.108053	0.443476	0.335423	0.827203	9.25766
413.0	0.264677	0.174073	0.0906041	0.873559	7.30989
414.0	0.804667	0.521863	0.282803	0.851683	8.17566
415.0	0.696126	0.359827	0.336298	0.861336	7.72116
416.0	0.804445	0.229246	0.575199	0.895976	6.08491
417.0	0.95611	0.747512	0.208598	0.897241	6.31555
418.0	0.945656	1.00204	0.0563816	0.8717	7.39279
419.0	0.160241	-0.0264566	0.186697	0.795188	10.9224
420.0	0.892937	0.789675	0.103262	0.894602	6.4518
421.0	0.00863495	-0.24308	0.251715	0.947811	4.42937
422.0	0.204386	0.272242	0.0678558	0.902848	6.13468
423.0	0.639154	0.754275	0.115121	0.874379	7.27057
424.0	0.668577	0.84664	0.178063	0.82556	9.42202
425.0	0.292349	-0.379029	0.671378	0.851901	7.78401
426.0	0.725989	0.706101	0.0198874	0.96421	3.92781
427.0	0.0107761	0.181568	0.170792	0.840405	8.73454
428.0	0.386369	-0.233387	0.619756	0.853748	7.77186
429.0	0.255308	0.487337	0.232029	0.890811	6.55997
430.0	0.093148	0.220338	0.12719	0.855626	8.06843
431.0	0.354438	0.846595	0.492157	0.755148	12.8716
432.0	0.606218	0.528255	0.0779632	0.736086	14.2954
433.0	0.467859	0.83221	0.364352	0.813959	9.87107
434.0	0.511198	0.353883	0.157315	0.822074	9.59573
435.0	0.268972	-0.159565	0.428537	0.911079	5.64677
436.0	0.8407	0.927063	0.0863626	0.944031	4.61285
437.0	0.141385	-0.143455	0.28484	0.788152	11.2372
438.0	0.888598	0.707103	0.181495	0.858864	7.91009
439.0	0.247148	0.443436	0.196288	0.866442	7.57899
440.0	0.134633	-0.0278941	0.162527	0.881452	6.96535
441.0	0.129563	0.754752	0.625189	0.861165	7.44565
442.0	0.350066	0.274699	0.0753668	0.855834	8.07019
443.0	0.337478	0.202621	0.134858	0.777289	11.8909
444.0	0.547446	0.585704	0.0382581	0.80984	10.2176
445.0	0.162341	0.073907	0.0884344	0.839133	8.81513
446.0	0.509933	0.477475	0.0324574	0.830268	9.2329
447.0	0.386389	1.04728	0.660895	0.771073	11.7488
448.0	0.643043	0.730048	0.0870052	0.967979	3.79572
449.0	0.461943	0.263709	0.198233	0.835487	8.94938
450.0	0.136685	0.668168	0.531483	0.75251	12.9769
451.0	0.268942	0.501189	0.232247	0.826851	9.33702
452.0	0.622963	0.999867	0.376904	0.893695	6.35873
453.0	0.700436	0.202338	0.498098	0.838692	8.58222
454.0	0.402564	0.454821	0.0522564	0.832302	9.13601
455.0	0.419113	0.331225	0.0878874	0.934023	4.96797
456.0	0.352625	0.987659	0.635034	0.8826	6.54475
457.0	0.29687	0.355563	0.0586926	0.792544	11.0949
458.0	0.223688	0.486304	0.262616	0.833753	8.99804
459.0	0.309649	0.562151	0.252502	0.854061	8.08785
460.0	0.855477	1.13688	0.281398	0.85295	8.1207
461.0	0.534924	1.05448	0.519556	0.893589	6.23785
462.0	0.814706	0.577406	0.2373	0.821512	9.58853
463.0	0.976875	0.644456	0.332419	0.818227	9.68793
464.0	0.114933	0.761694	0.646762	0.764859	12.1136
465.0	0.908986	0.964446	0.05546	0.840313	8.76626
466.0	0.765165	0.465447	0.299718	0.807092	10.2569
467.0	0.509418	1.05481	0.545388	0.788311	10.9847
468.0	0.287093	0.815101	0.528008	0.956432	3.93766
469.0	0.955853	0.867144	0.0887087	0.889877	6.64271
470.0	0.695911	0.214896	0.481014	0.87801	6.90175
471.0	0.62272	0.514989	0.107731	0.950995	4.36674
472.0	0.814708	0.0425252	0.772183	0.832186	8.51399
473.0	0.119516	0.529797	0.410281	0.892407	6.38393
474.0	0.312764	0.277211	0.0355531	0.872881	7.34524
475.0	0.512116	1.12705	0.614931	0.913577	5.36751
476.0	0.413007	0.753632	0.340625	0.914809	5.57098
477.0	0.287548	-0.0367064	0.324254	0.800142	10.5899
478.0	0.00710127	-0.206682	0.213783	0.840846	8.69704
479.0	0.579187	0.40005	0.179137	0.928505	5.14458
480.0	0.957713	0.974947	0.0172343	0.750051	13.4581
481.0	0.456559	0.693387	0.236828	0.822178	9.55688
482.0	0.0174216	0.299704	0.282282	0.781835	11.5746
483.0	0.903144	0.7902	0.112944	0.86846	7.51964
484.0	0.559339	0.795445	0.236106	0.867979	7.49631
485.0	0.15966	0.316683	0.157022	0.891318	6.56854
486.0	0.0915091	-0.295442	0.386951	0.765973	12.3638
487.0	0.4319	0.582892	0.150991	0.820356	9.68034
488.0	0.611126	0.867997	0.256871	0.85382	8.09608
489.0	0.57798	0.0634482	0.514531	0.821077	9.3847
490.0	0.127206	0.586581	0.459374	0.823614	9.32174
491.0	0.131584	1.03953	0.907949	0.851425	7.42399
492.0	0.464992	0.52753	0.0625387	0.771177	12.2435
493.0	0.863088	0.516209	0.346878	0.782667	11.4837
494.0	0.818244	0.468204	0.350039	0.759143	12.7831
495.0	0.331186	0.147264	0.183921	0.928193	5.15432
496.0	0.881494	0.703126	0.178368	0.937259	4.82968
497.0	0.357782	0.0864969	0.271285	0.83512	8.92994
498.0	0.342033	0.435818	0.0937851	0.887218	6.74866
499.0	0.439333	-0.521896	0.961229	0.870191	6.53563
500.0	0.300357	0.351445	0.0510872	0.770703	12.2713
501.0	0.49193	0.670045	0.178115	0.893318	6.48198
502.0	0.316538	0.199393	0.117145	0.892043	6.55041
503.0	0.308016	0.647612	0.339596	0.82757	9.23735
504.0	0.501026	0.405708	0.0953178	0.817869	9.81542
505.0	0.37456	0.371024	0.00353586	0.940436	4.74646
506.0	0.763244	1.15084	0.387592	0.869099	7.35334
507.0	0.587141	0.929225	0.342084	0.827952	9.21758
508.0	0.611272	0.233054	0.378218	0.903124	5.9896
509.0	0.183417	0.501406	0.317989	0.882035	6.86703
510.0	0.883014	0.970618	0.087603	0.92112	5.43891
511.0	0.40721	0.402545	0.00466479	0.866946	7.59681
512.0	0.907037	0.686068	0.220969	0.840506	8.70921
513.0	0.847923	0.488171	0.359752	0.697413	16.6782
514.0	0.901346	0.238963	0.662383	0.825178	9.00486
515.0	0.651587	0.487211	0.164376	0.79584	10.8975
516.0	0.510493	0.68846	0.177967	0.869858	7.44138
517.0	0.626724	0.332249	0.294475	0.780469	11.64
518.0	0.574288	0.208188	0.3661	0.911417	5.68151
519.0	0.62673	0.311921	0.314809	0.838953	8.72702
520.0	0.417243	0.447339	0.0300956	0.88133	6.99581
521.0	0.27359	0.670573	0.396983	0.82214	9.44926
522.0	0.45922	0.134776	0.324444	0.969731	3.65013
523.0	0.20911	0.135491	0.0736186	0.780937	11.7079
524.0	0.678388	1.03121	0.352825	0.84372	8.48429
525.0	0.137094	-0.380398	0.517492	0.785561	11.1626
526.0	0.808103	0.75821	0.0498928	0.834936	9.01392
527.0	0.104677	0.120783	0.0161058	0.893306	6.51343
528.0	0.92893	0.260598	0.668332	0.819153	9.28127
529.0	0.793441	0.628046	0.165394	0.929619	5.10856
530.0	0.773532	0.256022	0.517511	0.774299	11.7666
531.0	0.877097	0.436639	0.440458	0.868008	7.35501
532.0	0.994968	0.979533	0.0154347	0.855608	8.08569
533.0	0.494079	0.258511	0.235568	0.908637	5.86265
534.0	0.330582	0.501723	0.171141	0.807853	10.2858
535.0	0.0995537	0.102463	0.00290895	0.786445	11.4195
536.0	0.805978	0.589692	0.216286	0.893269	6.46913
537.0	0.107932	-0.0808617	0.188794	0.888414	6.67394
538.0	0.589399	0.033363	0.556036	0.815805	9.5899
539.0	0.126006	0.552846	0.426841	0.88607	6.6232
540.0	0.453818	-0.233769	0.687587	0.849836	7.85167
541.0	0.634055	0.63063	0.00342466	0.901728	6.18264
542.0	0.192096	0.454627	0.262531	0.798213	10.7286
543.0	0.946496	0.858953	0.087543	0.913496	5.72421
544.0	0.954233	0.803611	0.150622	0.809437	10.2142
545.0	0.0736676	0.583653	0.509985	0.936223	4.65433
546.0	0.106219	0.668163	0.561945	0.830722	8.87679
547.0	0.803033	0.667234	0.135799	0.823711	9.52428
548.0	0.00458361	0.569791	0.565208	0.889699	6.34317
549.0	0.0761402	0.0792708	0.0031306	0.839478	8.80763
550.0	0.100451	-0.570246	0.670697	0.87837	6.67005
551.0	0.0194739	0.0286022	0.00912832	0.906246	6.00781
552.0	0.857609	0.791502	0.0661074	0.903597	6.10589
553.0	0.685601	0.591845	0.0937556	0.870244	7.44832
554.0	0.408697	0.660406	0.251708	0.977557	3.43182
555.0	0.600385	0.957203	0.356817	0.977951	3.36233
556.0	0.0766778	-0.208219	0.284896	0.797701	10.7412
557.0	0.337682	0.3124	0.025282	0.827336	9.37131
558.0	0.909743	0.825176	0.0845667	0.804873	10.4595
559.0	0.405588	0.715581	0.309993	0.805263	10.3415
560.0	0.48568	0.895671	0.40999	0.83881	8.6609
561.0	0.0640797	0.215518	0.151438	0.821068	9.64593
562.0	0.54084	1.45297	0.912131	0.758943	11.9658
563.0	0.252631	0.146841	0.10579	0.845596	8.51851
564.0	0.0386849	0.249264	0.21058	0.891379	6.54668
565.0	0.685732	0.530563	0.155169	0.855509	8.06541
566.0	0.464049	-0.344249	0.808298	0.845673	7.84919
567.0	0.415828	0.765218	0.34939	0.806802	10.2359
568.0	0.149877	-0.312164	0.462041	0.8958	6.20605
569.0	0.945642	0.964165	0.0185233	0.912763	5.75896
570.0	0.722125	0.943773	0.221648	0.860792	7.81007
571.0	0.0968546	-0.485566	0.582421	0.726994	14.4523
572.0	0.926485	1.01991	0.0934293	0.818071	9.80601
573.0	0.435092	0.555476	0.120384	0.906324	5.99088
574.0	0.241094	-0.320677	0.561771	0.886748	6.46452
575.0	0.508252	0.382875	0.125377	0.845465	8.51967
576.0	0.873499	0.827896	0.0456029	0.796576	10.8875
577.0	0.976059	1.28994	0.313884	0.769976	12.2001
578.0	0.0165152	-0.277182	0.293697	0.956579	4.1073
579.0	0.508136	0.785966	0.277831	0.83946	8.72698
580.0	0.25323	0.243725	0.00950529	0.830356	9.22981
581.0	0.431537	0.894316	0.462779	0.913614	5.52213
582.0	0.912624	0.534876	0.377749	0.82465	9.34594
583.0	0.737014	0.772361	0.0353468	0.856837	8.03092
584.0	0.853388	0.959218	0.10583	0.787771	11.3366
585.0	0.961028	0.863604	0.0974233	0.806381	10.3812
586.0	0.479252	0.295821	0.183431	0.843791	8.57626
587.0	0.943341	0.739527	0.203814	0.86049	7.83089
588.0	0.854194	0.584794	0.2694	0.927505	5.14287
589.0	0.892897	0.729335	0.163562	0.884523	6.83986
590.0	0.719791	0.837145	0.117354	0.894477	6.45372
591.0	0.206855	-0.285681	0.492537	0.906473	5.76506
592.0	0.225926	0.258687	0.0327607	0.898934	6.29064
593.0	0.162586	0.284967	0.122381	0.805138	10.4375
594.0	0.533753	0.400624	0.133129	0.929625	5.1174
595.0	0.936454	0.795924	0.14053	0.803615	10.5089
596.0	0.269107	0.303384	0.0342774	0.959141	4.09778
597.0	0.087359	-0.621598	0.708957	0.881443	6.49351
598.0	0.707462	0.683881	0.0235812	0.820909	9.67784
599.0	0.818038	0.747458	0.07058	0.966438	3.84926
600.0	0.595818	0.855192	0.259374	0.785962	11.3686
601.0	0.3224	0.941388	0.618988	0.783818	11.1243
602.0	0.706958	1.09527	0.388312	0.853061	8.04176
603.0	0.593333	0.912825	0.319492	0.926675	5.1453
604.0	0.407697	0.467947	0.0602494	0.915214	5.6633
605.0	0.703927	0.475081	0.228846	0.884647	6.80934
606.0	0.665478	0.644895	0.0205835	0.87516	7.251
607.0	0.0670267	-0.366382	0.433409	0.825003	9.28081
608.0	0.0569703	-0.0831588	0.140129	0.8917	6.55826
609.0	0.584226	0.711952	0.127726	0.777321	11.8913
610.0	0.971621	0.658744	0.312877	0.896383	6.29603
611.0	0.680273	0.910116	0.229842	0.869463	7.43658
612.0	0.58177	0.702063	0.120293	0.729943	14.6682
613.0	0.715909	0.868883	0.152973	0.81565	9.90773
614.0	0.769423	0.367134	0.402289	0.862543	7.61966
615.0	0.427186	-0.0582236	0.48541	0.8878	6.50112
616.0	0.684885	0.493491	0.191393	0.886982	6.7306
617.0	0.14444	0.0775041	0.0669359	0.923439	5.35622
618.0	0.880675	1.01885	0.138177	0.805545	10.4125
619.0	0.526614	0.396487	0.130127	0.769921	12.2981
620.0	0.451808	0.321108	0.1307	0.896229	6.38126
621.0	0.858762	0.334783	0.523979	0.79877	10.4715
622.0	0.348466	0.42756	0.0790942	0.902156	6.1599
623.0	0.603111	0.762523	0.159412	0.808639	10.2509
624.0	0.324673	0.329563	0.00489003	0.893947	6.48824
625.0	0.449133	0.220404	0.228729	0.864944	7.62873
626.0	0.92684	0.819242	0.107598	0.726865	14.8665
627.0	0.679406	1.18336	0.503952	0.85942	7.65961
628.0	0.262945	-0.251864	0.514809	0.764448	12.3149
629.0	0.381894	0.202231	0.179663	0.812521	10.0513
630.0	0.705368	0.800069	0.0947015	0.861591	7.81684
631.0	0.500918	-0.649029	1.14995	0.793298	9.59976
632.0	0.508983	0.925657	0.416674	0.763487	12.4758
633.0	0.727894	0.888292	0.160398	0.916579	5.59091
634.0	0.814111	0.962817	0.148706	0.929159	5.1302
635.0	0.074818	0.432255	0.357437	0.88319	6.79353
636.0	0.888308	0.953544	0.065236	0.849521	8.35022
637.0	0.780062	1.11666	0.3366	0.86719	7.47129
638.0	0.0481201	-0.0297028	0.0778229	0.932117	5.03817
639.0	0.628904	0.412472	0.216431	0.917803	5.52498
640.0	0.678126	0.0768972	0.601229	0.932873	4.67943
641.0	0.452284	0.526046	0.0737617	0.890277	6.62909
642.0	0.893856	0.72872	0.165136	0.820668	9.66047
643.0	0.767931	0.522396	0.245535	0.78753	11.2936
644.0	0.852512	0.929002	0.0764899	0.828033	9.33284
645.0	0.773849	1.30398	0.530133	0.826273	9.12131
646.0	0.975713	0.69383	0.281883	0.770672	12.1836
647.0	0.379438	0.739398	0.35996	0.778764	11.6828
648.0	0.618229	0.187284	0.430945	0.85971	7.71685
649.0	0.0858934	-0.0993869	0.18528	0.845236	8.51043
650.0	0.164827	0.629242	0.464415	0.841997	8.46653
651.0	0.156721	0.873894	0.717172	0.806302	9.83124
652.0	0.119104	-0.191221	0.310325	0.822349	9.50531
653.0	0.598136	1.04229	0.444151	0.904293	5.89216
654.0	0.16165	0.245624	0.0839746	0.728453	14.7715
655.0	0.83638	0.672517	0.163864	0.856875	8.00286
656.0	0.813686	0.725409	0.0882772	0.897964	6.32212
657.0	0.715959	0.483898	0.232061	0.882371	6.90043
658.0	0.613341	0.616447	0.00310576	0.863544	7.74204
659.0	0.581942	0.323276	0.258665	0.889867	6.58481
660.0	0.666474	0.684053	0.0175794	0.830686	9.21411
661.0	0.30942	0.780928	0.471507	0.897005	6.15027
662.0	0.537566	0.567724	0.0301586	0.927573	5.20796
663.0	0.97474	0.261962	0.712778	0.82746	8.82483
664.0	0.878278	0.913262	0.0349834	0.855374	8.09492
665.0	0.835197	1.26199	0.426798	0.875131	7.06953
666.0	0.706174	1.35908	0.652908	0.894721	6.04131
667.0	0.318359	-0.218724	0.537082	0.873501	7.03053
668.0	0.525824	0.584424	0.0586	0.903837	6.09751
669.0	0.081087	0.16403	0.0829426	0.92398	5.33403
670.0	0.238296	0.0627138	0.175582	0.822524	9.56763
671.0	0.612088	0.383276	0.228811	0.824817	9.43508
672.0	0.42527	0.175388	0.249882	0.849307	8.29912
673.0	0.933936	0.991661	0.0577247	0.871373	7.40636
674.0	0.246404	0.167788	0.0786151	0.879849	7.05128
675.0	0.649778	0.459957	0.189822	0.911282	5.78075
676.0	0.189638	0.0981767	0.0914612	0.766516	12.4987
677.0	0.427701	1.11694	0.689241	0.917674	5.12399
678.0	0.605622	0.774149	0.168527	0.864833	7.65789
679.0	0.649627	0.923807	0.27418	0.890435	6.55393
680.0	0.306002	0.244486	0.0615159	0.903641	6.10473
681.0	0.762258	0.741313	0.0209449	0.7337	14.4503
682.0	0.0949088	0.92535	0.830441	0.837116	8.19284
683.0	0.161228	-0.118295	0.279523	0.729063	14.6447
684.0	0.140323	-0.247586	0.387909	0.815216	9.7905
685.0	0.841728	0.359326	0.482402	0.775984	11.7151
686.0	0.102196	-0.0113213	0.113517	0.854502	8.12109
687.0	0.211817	0.140192	0.0716252	0.803173	10.5474
688.0	0.724264	0.550079	0.174185	0.884745	6.82731
689.0	0.424967	0.360917	0.0640508	0.910056	5.85813
690.0	0.120955	0.261988	0.141033	0.898139	6.30339
691.0	0.577744	1.25565	0.677907	0.900201	5.79668
692.0	0.188714	0.207933	0.0192191	0.770141	12.3051
693.0	0.0668399	-0.081468	0.148308	0.771537	12.2025
694.0	0.478391	0.0131678	0.465223	0.874391	7.0658
695.0	0.442824	0.136766	0.306058	0.866726	7.51087
696.0	0.0408648	0.346095	0.30523	0.932906	4.92812
697.0	0.917328	0.778864	0.138464	0.870614	7.42222
698.0	0.441878	0.627303	0.185425	0.910959	5.79459
699.0	0.592615	0.36968	0.222936	0.817015	9.81265
700.0	0.273682	0.439254	0.165573	0.839686	8.76917
701.0	0.154688	0.242247	0.0875595	0.835151	8.99849
702.0	0.35773	0.823254	0.465524	0.860921	7.63318
703.0	0.493299	0.282447	0.210852	0.842795	8.60994
704.0	0.957385	0.894815	0.0625694	0.845913	8.51187
705.0	0.458192	0.34322	0.114972	0.903902	6.08549
706.0	0.472735	0.0464921	0.426243	0.838574	8.65738
707.0	0.52454	0.8374	0.31286	0.843171	8.53688
708.0	0.963687	0.849412	0.114275	0.764302	12.6182
709.0	0.863675	1.05955	0.195879	0.900579	6.18999
710.0	0.696039	0.864162	0.168122	0.944893	4.56343
711.0	0.641014	1.10374	0.462731	0.847924	8.20296
712.0	0.0949968	-0.157756	0.252753	0.928592	5.1115
713.0	0.305429	0.434	0.128571	0.876381	7.18404
714.0	0.118551	-0.378835	0.497386	0.842854	8.3948
715.0	0.764246	0.674928	0.0893185	0.921225	5.43473
716.0	0.689524	0.653223	0.0363004	0.892413	6.54789
717.0	0.55504	0.724411	0.169371	0.844296	8.55868
718.0	0.445891	0.573688	0.127797	0.850271	8.30429
719.0	0.0102432	0.534574	0.524331	0.904346	5.81529
720.0	0.917465	0.693826	0.223639	0.809729	10.1697
721.0	0.95405	0.967963	0.0139125	0.846323	8.49735
722.0	0.520489	0.425829	0.0946606	0.816685	9.87307
723.0	0.144611	0.0458797	0.0987309	0.841941	8.68514
724.0	0.990229	0.458566	0.531663	0.835913	8.67267
725.0	0.60138	1.19227	0.590894	0.870836	7.08039
726.0	0.182303	0.357896	0.175593	0.862235	7.76668
727.0	0.637362	1.11362	0.476263	0.871379	7.18057
728.0	0.384299	0.191061	0.193238	0.856535	8.00686
729.0	0.544514	0.873317	0.328803	0.926413	5.14917
730.0	0.554485	0.646842	0.0923564	0.911856	5.78543
731.0	0.859531	0.849234	0.0102967	0.829079	9.28972
732.0	0.171828	-0.253415	0.425243	0.918534	5.37031
733.0	0.959044	0.796781	0.162264	0.817157	9.83119
734.0	0.0362534	0.281313	0.245059	0.85052	8.24777
735.0	0.641936	0.352467	0.289469	0.784372	11.4343
736.0	0.764434	0.328257	0.436177	0.900599	6.04153
737.0	0.979145	0.779963	0.199183	0.785107	11.4454
738.0	0.759605	0.592282	0.167323	0.893831	6.46529
739.0	0.375489	0.913122	0.537633	0.8051	10.1372
740.0	0.447313	0.0237271	0.423586	0.85147	8.08211
741.0	0.120551	0.873207	0.752657	0.837564	8.30061
742.0	0.182842	0.217842	0.0349996	0.955633	4.21701
743.0	0.106767	0.79021	0.683443	0.833451	8.59151
744.0	0.980442	0.874702	0.10574	0.857784	7.97941
745.0	0.635209	0.485336	0.149873	0.809315	10.2205
746.0	0.540393	0.537781	0.00261247	0.892163	6.55917
747.0	0.224656	0.750446	0.52579	0.831272	8.89291
748.0	0.792446	0.484504	0.307941	0.867872	7.46116
749.0	0.325622	0.245413	0.0802093	0.857735	7.98643
750.0	0.821226	0.688498	0.132728	0.860847	7.84004
751.0	0.723419	0.203911	0.519509	0.80768	10.03
752.0	0.90408	1.29993	0.395854	0.977928	3.33703
753.0	0.68772	0.576303	0.111417	0.882622	6.93151
754.0	0.735275	0.665926	0.0693487	0.897247	6.35319
755.0	0.531313	-0.00322998	0.534543	0.900081	5.96907
756.0	0.0599794	0.649673	0.589694	0.853749	7.80905
757.0	0.0867862	0.902439	0.815653	0.849419	7.6728
758.0	0.886017	0.7251	0.160917	0.803041	10.531
759.0	0.381877	0.197549	0.184328	0.873164	7.30035
760.0	0.039159	-0.268582	0.307741	0.889023	6.59113
761.0	0.596367	0.632313	0.0359462	0.938368	4.81862
762.0	0.0343459	0.289368	0.255022	0.861097	7.78064
763.0	0.499721	0.414552	0.0851695	0.881062	7.00045
764.0	0.59297	0.134424	0.458546	0.818979	9.5438
765.0	0.741915	0.813134	0.071219	0.927015	5.22441
766.0	0.876549	0.828558	0.0479907	0.789577	11.2515
767.0	0.705094	0.566594	0.138501	0.804655	10.4571
768.0	0.629462	0.680861	0.051399	0.903609	6.1071
769.0	0.440646	0.0571727	0.383474	0.848633	8.24111
770.0	0.285144	-0.323482	0.608626	0.844165	8.20805
771.0	0.272256	0.706873	0.434617	0.839949	8.58728
772.0	0.974964	1.29801	0.323045	0.829766	9.14601
773.0	0.849228	0.914594	0.0653664	0.837826	8.87881
774.0	0.7254	0.723956	0.00144414	0.86863	7.52538
775.0	0.683229	0.752277	0.0690473	0.848752	8.3839
776.0	0.101627	-0.108245	0.209872	0.836017	8.91986
777.0	0.637957	0.716929	0.0789716	0.820305	9.70074
778.0	0.399214	0.621281	0.222068	0.871392	7.35905
779.0	0.802171	0.501473	0.300698	0.91072	5.74977
780.0	0.874642	0.774984	0.0996585	0.939796	4.75988
781.0	0.532034	0.653054	0.12102	0.900259	6.22558
782.0	0.639273	0.754801	0.115528	0.916269	5.61441
783.0	0.719383	1.18051	0.461124	0.747208	13.3716
784.0	0.884933	0.510772	0.374161	0.764029	12.4846
785.0	0.822152	0.792769	0.0293837	0.852771	8.20973
786.0	0.195703	0.635479	0.439775	0.865984	7.4411
787.0	0.709283	0.4026	0.306683	0.94354	4.55004
788.0	0.895247	0.993737	0.0984901	0.845059	8.54424
789.0	0.300026	0.452146	0.15212	0.906449	5.9777
790.0	0.382647	-0.186335	0.568981	0.825871	9.09472
791.0	0.298103	-0.001381	0.299484	0.941801	4.61511
792.0	0.728277	0.47178	0.256497	0.786262	11.3544
793.0	0.828851	0.767848	0.061003	0.777683	11.8861
794.0	0.988392	0.656389	0.332002	0.910628	5.73424
795.0	0.295112	0.672555	0.377443	0.780575	11.5705
796.0	0.250112	0.478506	0.228393	0.855066	8.05575
797.0	0.57088	0.450882	0.119998	0.852338	8.2148
798.0	0.0637982	-0.515608	0.579406	0.806719	10.0056
799.0	0.496064	0.873391	0.377327	0.900926	6.07529
800.0	0.604057	0.391163	0.212894	0.796834	10.8257
801.0	0.130078	0.339963	0.209885	0.804766	10.424
802.0	0.810995	0.992499	0.181504	0.789185	11.2374
803.0	0.501598	-0.197268	0.698866	0.825508	8.93665
804.0	0.882789	0.926014	0.0432253	0.778751	11.8302
805.0	0.367205	0.0618001	0.305404	0.800459	10.587
806.0	0.587294	0.146167	0.441128	0.851103	8.08258
807.0	0.934727	0.798946	0.135781	0.767203	12.4483
808.0	0.527543	0.619961	0.0924181	0.849485	8.34734
809.0	0.913123	1.03884	0.125721	0.805512	10.4178
810.0	0.33832	0.447415	0.109095	0.902678	6.13415
811.0	0.291842	0.252339	0.0395027	0.906	6.01585
812.0	0.875369	0.940897	0.0655279	0.842783	8.65268
813.0	0.39149	0.409205	0.0177158	0.78849	11.311
814.0	0.29814	-0.119479	0.417619	0.929379	4.97921
815.0	0.0463089	0.0928432	0.0465343	0.832908	9.10837
816.0	0.202048	0.330824	0.128776	0.956631	4.16898
817.0	0.363014	0.405841	0.0428266	0.879779	7.05852
818.0	0.336961	0.142031	0.194929	0.796149	10.8692
819.0	0.495688	1.38225	0.886561	0.856092	7.26252
820.0	0.854748	0.947487	0.092739	0.829292	9.2706
821.0	0.436027	0.592852	0.156826	0.816124	9.88331
822.0	0.291361	0.601087	0.309726	0.86256	7.68615
823.0	0.838331	0.871619	0.0332879	0.904303	6.08174
824.0	0.35699	0.351441	0.00554892	0.919086	5.52181
825.0	0.0525927	0.103283	0.0506899	0.902917	6.13396
826.0	0.816203	0.463934	0.352269	0.913216	5.62317
827.0	0.299288	0.559125	0.259837	0.957784	4.08345
828.0	0.472027	1.11815	0.646124	0.868379	7.11433
829.0	0.678055	1.16271	0.484655	0.86809	7.31024
830.0	0.79759	0.891887	0.094297	0.951775	4.34231
831.0	0.30243	0.460342	0.157912	0.839183	8.79477
832.0	0.689264	0.656659	0.0326049	0.82774	9.35181
833.0	0.347724	-0.124586	0.472311	0.752262	13.0619
834.0	0.621631	1.0381	0.416474	0.886625	6.60954
835.0	0.773929	0.806066	0.032137	0.770348	12.2929
836.0	0.100019	0.375254	0.275235	0.840405	8.68545
837.0	0.657494	0.681683	0.0241885	0.866369	7.62077
838.0	0.376382	0.803103	0.426721	0.790283	11.0115
839.0	0.98062	0.79837	0.18225	0.930955	5.05465
840.0	0.147628	0.470002	0.322374	0.790589	11.0836
841.0	0.826749	0.93601	0.10926	0.774331	12.06
842.0	0.156437	0.22885	0.0724129	0.894571	6.45838
843.0	0.837926	0.649135	0.188791	0.902849	6.10445
844.0	0.629038	0.513518	0.115521	0.850196	8.31071
845.0	0.264431	0.811817	0.547387	0.820711	9.36467
846.0	0.792657	0.935182	0.142525	0.942018	4.67173
847.0	0.557458	0.299772	0.257686	0.905609	5.9681
848.0	0.537802	0.0961018	0.4417	0.874401	7.08681
849.0	0.897147	0.576514	0.320633	0.883993	6.78574
850.0	0.700191	0.672525	0.0276658	0.894696	6.45781
851.0	0.818233	0.57228	0.245953	0.952718	4.26266
852.0	0.421275	0.860838	0.439563	0.915428	5.47419
853.0	0.630776	1.07383	0.443059	0.851719	8.05373
854.0	0.861623	1.07228	0.210655	0.928525	5.13229
855.0	0.818648	0.836422	0.0177736	0.88363	6.90251
856.0	0.357265	-0.266165	0.62343	0.798919	10.3377
857.0	0.188578	0.260563	0.0719849	0.873325	7.32272
858.0	0.258836	0.723093	0.464257	0.78651	11.1716
859.0	0.123389	0.161901	0.0385113	0.92916	5.14959
860.0	0.196417	0.00640242	0.190015	0.877229	7.12927
861.0	0.35521	0.433182	0.077972	0.918584	5.53475
862.0	0.598494	0.700872	0.102377	0.90558	6.02337
863.0	0.938715	1.00053	0.0618164	0.858287	7.96511
864.0	0.165614	-0.0197667	0.185381	0.755315	13.1086
865.0	0.785452	0.433128	0.352324	0.878286	6.99752
866.0	0.728461	0.356445	0.372016	0.807442	10.1861
867.0	0.963441	0.838964	0.124477	0.843175	8.62317
868.0	0.352849	0.248265	0.104585	0.830862	9.19448
869.0	0.978661	0.980649	0.00198788	0.926811	5.23666
870.0	0.516555	1.18814	0.671581	0.860972	7.39294
871.0	0.323554	0.475656	0.152102	0.784073	11.5194
872.0	0.757895	0.734721	0.0231744	0.915664	5.64934
873.0	0.803016	0.928393	0.125376	0.871644	7.38245
874.0	0.421871	0.91335	0.491479	0.784358	11.2559
875.0	0.914126	1.25979	0.345661	0.899473	6.15405
876.0	0.81985	0.915366	0.0955161	0.935828	4.90195
877.0	0.580325	0.781592	0.201267	0.844188	8.55114
878.0	0.327505	0.187813	0.139692	0.807629	10.3077
879.0	0.678686	0.262758	0.415928	0.896644	6.21246
880.0	0.786342	0.720693	0.0656487	0.780391	11.7386
881.0	0.449749	0.068406	0.381343	0.930577	4.96309
882.0	0.76938	0.55158	0.2178	0.819363	9.70151
883.0	0.430561	0.443825	0.0132643	0.899172	6.28219
884.0	0.82865	1.6575	0.828854	0.841499	7.99939
885.0	0.544843	0.770519	0.225676	0.90457	6.02309
886.0	0.929464	1.0896	0.160137	0.826498	9.38411
887.0	0.0433109	0.0156173	0.0276936	0.840624	8.75449
888.0	0.629479	-0.112035	0.741515	0.889961	6.108
889.0	0.497346	0.106394	0.390953	0.857445	7.84843
890.0	0.952203	1.02615	0.0739514	0.880336	7.03201
891.0	0.417274	0.931599	0.514324	0.848269	8.13541
892.0	0.325762	0.316693	0.00906905	0.836644	8.9376
893.0	0.85222	0.782716	0.0695036	0.851528	8.26056
894.0	0.191679	0.271694	0.0800152	0.873004	7.33488
895.0	0.395051	0.0517727	0.343278	0.799908	10.5877
896.0	0.959907	1.01821	0.0583006	0.96672	3.84131
897.0	0.286769	-0.167825	0.454594	0.884273	6.67147
898.0	0.523603	1.44083	0.917231	0.868256	6.69683
899.0	0.312099	0.635349	0.32325	0.824409	9.3984
900.0	0.142475	0.206041	0.063566	0.824733	9.49108
901.0	0.308418	0.606521	0.298102	0.800542	10.5877
902.0	0.86015	0.915495	0.0553447	0.828656	9.30645
903.0	0.835424	1.00718	0.171759	0.804462	10.4554
904.0	0.347474	0.286071	0.0614031	0.817934	9.81804
905.0	0.389917	0.259525	0.130392	0.835661	8.96501
906.0	0.337902	0.525359	0.187457	0.878031	7.09711
907.0	0.349161	0.483358	0.134196	0.783586	11.5513
908.0	0.774071	0.644456	0.129615	0.819184	9.74335
909.0	0.845389	0.959693	0.114304	0.804768	10.4582
910.0	0.628776	0.642211	0.0134354	0.790245	11.2188
911.0	0.513905	0.168999	0.344906	0.901114	6.09074
912.0	0.929497	1.07894	0.149446	0.857441	7.98284
913.0	0.762543	0.573761	0.188781	0.8636	7.70322
914.0	0.211618	0.14868	0.0629379	0.865959	7.6348
915.0	0.795037	0.764759	0.0302779	0.875376	7.24149
916.0	0.588651	0.756824	0.168172	0.865109	7.6462
917.0	0.260228	0.729883	0.469655	0.881548	6.76808
918.0	0.672759	0.652411	0.0203474	0.864689	7.69263
919.0	0.518171	0.377328	0.140843	0.850548	8.28836
920.0	0.579774	0.267347	0.312427	0.901629	6.09152
921.0	0.519669	0.314449	0.20522	0.896384	6.35059
922.0	0.104977	0.17024	0.0652632	0.782237	11.6393
923.0	0.958395	0.758779	0.199616	0.782074	11.6073
924.0	0.214259	0.0228566	0.191403	0.855015	8.07402
925.0	0.817061	0.481404	0.335656	0.838228	8.74586
926.0	0.680826	0.811234	0.130408	0.882138	6.94667
927.0	0.662646	0.580586	0.0820596	0.799785	10.7178
928.0	0.244857	0.0411122	0.203745	0.796204	10.8625
929.0	0.606853	0.575995	0.0308576	0.808574	10.2811
930.0	0.904392	0.555013	0.349379	0.8417	8.57803
931.0	0.930467	0.527308	0.403158	0.810181	10.0239
932.0	0.89767	0.516118	0.381553	0.864491	7.55304
933.0	0.624384	1.10285	0.478466	0.888554	6.47761
934.0	0.881784	0.473126	0.408658	0.842379	8.50023
935.0	0.933058	0.596679	0.336379	0.856547	7.92825
936.0	0.114491	-0.183153	0.297644	0.779768	11.6756
937.0	0.0581301	-0.129743	0.187873	0.777425	11.8638
938.0	0.0706495	0.405965	0.335316	0.906217	5.90027
939.0	0.77007	0.970222	0.200152	0.870961	7.38647
940.0	0.589543	0.330851	0.258693	0.796626	10.8123
941.0	0.813813	1.16031	0.346494	0.873421	7.20288
942.0	0.530505	0.268049	0.262456	0.804424	10.4137
943.0	0.458978	1.07508	0.616098	0.925075	4.94298
944.0	0.988704	0.623031	0.365673	0.833766	8.92875
945.0	0.586298	0.0950459	0.491252	0.932345	4.80998
946.0	0.807382	0.71056	0.0968216	0.923428	5.35199
947.0	0.421712	-0.118273	0.539985	0.831998	8.84333
948.0	0.247426	0.298707	0.0512808	0.86111	7.84405
949.0	0.722441	0.396374	0.326067	0.90229	6.05744
950.0	0.230508	0.477908	0.247401	0.846501	8.42559
951.0	0.317791	0.607143	0.289352	0.893158	6.4372
952.0	0.901859	0.467735	0.434123	0.797602	10.6266
953.0	0.264386	0.217533	0.0468526	0.922576	5.39026
954.0	0.793073	0.395734	0.397339	0.868794	7.35841
955.0	0.792923	1.04493	0.25201	0.778289	11.7843
956.0	0.632859	0.0442983	0.588561	0.911432	5.478
957.0	0.200602	0.368739	0.168137	0.901037	6.182
958.0	0.740555	0.973634	0.233079	0.894342	6.4192
959.0	0.364241	-0.326113	0.690354	0.759609	12.341
960.0	0.525715	0.56781	0.0420957	0.918498	5.54205
961.0	0.381877	0.234928	0.146949	0.832676	9.09848
962.0	0.456872	0.838067	0.381195	0.95009	4.27542
963.0	0.148524	-0.237177	0.3857	0.79084	11.02
964.0	0.574239	0.435193	0.139046	0.831009	9.17864
965.0	0.881078	0.91941	0.0383327	0.827792	9.34891
966.0	0.259471	0.496152	0.236681	0.801318	10.5848
967.0	0.165944	0.188707	0.0227632	0.89043	6.62783
968.0	0.212155	0.137765	0.07439	0.834655	9.02369
969.0	0.232611	0.42389	0.191279	0.943408	4.60778
970.0	0.685671	0.123367	0.562304	0.858377	7.64102
971.0	0.304767	0.200276	0.104491	0.88933	6.66164
972.0	0.863455	1.04958	0.186123	0.79527	10.9184
973.0	0.47986	0.650926	0.171066	0.904806	6.03498
974.0	0.51975	0.559096	0.0393458	0.828101	9.33423
975.0	0.771462	1.00487	0.233412	0.882443	6.89688
976.0	0.294369	-0.160817	0.455186	0.769209	12.1164
977.0	0.984462	0.889155	0.0953075	0.994148	2.95164
978.0	0.357292	0.310283	0.0470087	0.827937	9.34127
979.0	0.508747	0.975664	0.466916	0.814964	9.7294
980.0	0.228724	-0.372643	0.601367	0.836448	8.56524
981.0	0.430531	1.10729	0.676763	0.884106	6.43034
982.0	0.333093	-0.0203775	0.353471	0.809724	10.0877
983.0	0.0256084	0.52505	0.499442	0.875934	6.96906
984.0	0.958234	0.532221	0.426013	0.843485	8.43525
985.0	0.378413	-0.0836345	0.462048	0.87139	7.19353
986.0	0.823413	0.437592	0.385821	0.931502	4.92655
987.0	0.369606	0.535696	0.16609	0.887424	6.72173
988.0	0.386076	0.988327	0.602251	0.881519	6.62846
989.0	0.349581	-0.366977	0.716559	0.792304	10.5365
990.0	0.0513473	0.647292	0.595944	0.912401	5.43332
991.0	0.687871	0.615808	0.072063	0.857423	8.00128
992.0	0.99208	0.865342	0.126738	0.86658	7.596
993.0	0.915387	0.449446	0.465941	0.836162	8.73031
994.0	0.968179	0.979556	0.0113775	0.87156	7.40176
995.0	0.942884	0.86751	0.075374	0.837586	8.88835
996.0	0.96006	1.12239	0.162327	0.873815	7.28087
997.0	0.0535874	-0.150449	0.204036	0.788783	11.2487
998.0	0.967226	0.58248	0.384746	0.813057	9.89851
999.0	0.16259	0.24473	0.08214	0.934996	4.93395
1000.0	0.907052	0.850008	0.057044	0.875261	7.24394
1001.0	0.639381	0.780565	0.141184	0.876703	7.16731
1002.0	0.654737	1.29734	0.642606	0.921995	5.02385
1003.0	0.554513	0.588466	0.033953	0.756931	13.0544
1004.0	0.598156	0.997822	0.399667	0.939551	4.62954
1005.0	0.960452	0.67549	0.284962	0.926504	5.17121
1006.0	0.0728471	-0.0317321	0.104579	0.831394	9.16963
1007.0	0.101978	0.108443	0.00646515	0.875212	7.24918
1008.0	0.692058	1.22582	0.53376	0.891757	6.29547
1009.0	0.875166	1.03715	0.161984	0.794976	10.943
1010.0	0.77946	0.633479	0.145982	0.756218	13.0717
1011.0	0.625606	0.175859	0.449747	0.760471	12.6133
1012.0	0.238561	-0.0571679	0.295729	0.932721	4.94012
1013.0	0.109504	0.861257	0.751753	0.837244	8.31648
1014.0	0.780528	0.824397	0.0438693	0.782135	11.6474
1015.0	0.16121	0.396622	0.235411	0.824164	9.46283
1016.0	0.325833	0.775041	0.449207	0.776562	11.7192
1017.0	0.347173	0.714111	0.366938	0.878436	6.98085
1018.0	0.751405	0.655257	0.0961477	0.88962	6.65166
1019.0	0.669355	0.455173	0.214182	0.872056	7.3347
1020.0	0.0070305	0.348869	0.341839	0.793744	10.905
1021.0	0.428927	0.778913	0.349986	0.930963	4.97065
1022.0	0.252933	0.473422	0.22049	0.873351	7.27778
1023.0	0.114906	0.490121	0.375215	0.890214	6.49812
1024.0	0.805351	0.584754	0.220598	0.821611	9.59205
1025.0	0.55621	0.224954	0.331257	0.904215	5.97978
1026.0	0.656504	0.414639	0.241864	0.925226	5.23941
1027.0	0.141132	-0.229235	0.370367	0.844203	8.44931
1028.0	0.366732	0.773127	0.406396	0.893152	6.35756
1029.0	0.831248	0.750544	0.0807043	0.816485	9.88546
1030.0	0.525669	0.911894	0.386225	0.937805	4.70112
1031.0	0.87775	0.979314	0.101564	0.856282	8.04579
1032.0	0.844253	1.00659	0.162334	0.911622	5.77714
1033.0	0.0765388	-0.0205032	0.097042	0.87879	7.09162
1034.0	0.973145	0.84703	0.126115	0.840378	8.74974
1035.0	0.485546	0.451508	0.0340383	0.969214	3.76057
1036.0	0.955615	0.603737	0.351878	0.807204	10.214
1037.0	0.983478	0.768512	0.214967	0.892737	6.49079
1038.0	0.264475	-0.0924263	0.356902	0.771952	12.0573
1039.0	0.756006	0.647844	0.108162	0.735676	14.3139
1040.0	0.645078	0.196884	0.448194	0.741255	13.7421
1041.0	0.0227606	0.370559	0.347799	0.886866	6.65172
1042.0	0.681303	0.267928	0.413374	0.837299	8.72696
1043.0	0.514068	-0.0973279	0.611396	0.796396	10.4822
1044.0	0.0671865	0.471523	0.404337	0.911476	5.65106
1045.0	0.949117	0.697436	0.25168	0.844874	8.49637
1046.0	0.921564	0.864163	0.0574015	0.866706	7.60365
1047.0	0.00386986	0.303739	0.299869	0.81439	9.89669
1048.0	0.0132027	0.972338	0.959136	0.914552	4.82195
1049.0	0.501511	0.655663	0.154152	0.826536	9.3843
1050.0	0.61263	0.433804	0.178825	0.862382	7.75919
1051.0	0.977802	0.931077	0.0467249	0.861932	7.80909
1052.0	0.0390756	-0.243769	0.282844	0.907517	5.8818
1053.0	0.240972	0.579526	0.338554	0.858291	7.85098
1054.0	0.737048	1.10982	0.372773	0.823571	9.40113
1055.0	0.467127	0.522529	0.0554019	0.878681	7.1025
1056.0	0.222685	0.348386	0.125701	0.894363	6.45621
1057.0	0.730864	0.649489	0.0813742	0.748041	13.5698
1058.0	0.885738	1.01797	0.132231	0.819092	9.7471
1059.0	0.149693	0.143199	0.00649468	0.809458	10.2381
1060.0	0.294897	0.0193775	0.275519	0.810035	10.1261
1061.0	0.32012	0.218033	0.102087	0.890913	6.59874
1062.0	0.233446	0.198736	0.0347107	0.864993	7.6788
1063.0	0.221127	0.30733	0.0862033	0.819102	9.75751
1064.0	0.73652	0.340793	0.395727	0.924169	5.18549
1065.0	0.0292255	-0.283635	0.312861	0.929193	5.05771
1066.0	0.562777	1.19434	0.631565	0.818638	9.35708
1067.0	0.490452	0.400072	0.09038	0.841061	8.7268
1068.0	0.22235	0.155678	0.066672	0.810937	10.16
1069.0	0.286301	-0.225473	0.511774	0.885246	6.57764
1070.0	0.625751	-0.204737	0.830487	0.780688	10.9444
1071.0	0.787678	0.980152	0.192475	0.851442	8.23087
1072.0	0.615185	0.595403	0.0197829	0.749516	13.4897
1073.0	0.674438	0.780122	0.105684	0.861857	7.80308
1074.0	0.118577	0.099941	0.0186356	0.844475	8.58033
1075.0	0.635977	0.746077	0.110099	0.866782	7.59142
1076.0	0.792933	1.45879	0.665855	0.836416	8.4811
1077.0	0.691698	0.979115	0.287417	0.842499	8.58329
1078.0	0.783188	0.428581	0.354607	0.96777	3.69648
1079.0	0.12219	0.483196	0.361006	0.822765	9.4488
1080.0	0.437679	0.603008	0.165329	0.938959	4.77339
1081.0	0.764486	0.392204	0.372282	0.904943	5.92388
1082.0	0.628091	0.79289	0.164799	0.877163	7.141
1083.0	0.687019	0.782902	0.0958833	0.947842	4.47814
1084.0	0.318702	0.949933	0.631232	0.921332	5.0617
1085.0	0.356614	0.676292	0.319678	0.868926	7.40922
1086.0	0.708841	0.598669	0.110172	0.861912	7.79974
1087.0	0.474039	0.407152	0.0668867	0.846018	8.50655
1088.0	0.771348	0.897147	0.125799	0.848748	8.37258
1089.0	0.0932683	0.342714	0.249445	0.809692	10.1581
1090.0	0.389346	0.651866	0.26252	0.822306	9.53689
1091.0	0.15451	0.117967	0.0365429	0.915498	5.65483
1092.0	0.0410332	-0.0331845	0.0742176	0.847406	8.44327
1093.0	0.147939	0.50967	0.361731	0.863725	7.60073
1094.0	0.83491	0.977282	0.142372	0.832697	9.09892
1095.0	0.807597	0.599256	0.208341	0.866857	7.55642
1096.0	0.556411	0.696659	0.140249	0.886898	6.7508
1097.0	0.73781	0.981335	0.243525	0.837776	8.82289
1098.0	0.430263	0.205769	0.224493	0.876122	7.16074
1099.0	0.438212	0.268918	0.169295	0.876488	7.16744
1100.0	0.451612	0.518609	0.066997	0.795282	10.9516
1101.0	0.333249	0.147778	0.185471	0.871346	7.37605
1102.0	0.563123	1.02569	0.462568	0.898512	6.09957
1103.0	0.0240817	-0.461127	0.485208	0.925058	5.07878
1104.0	0.372224	-0.574471	0.946695	0.772446	11.1509
1105.0	0.158508	0.0463853	0.112122	0.814189	9.99098
1106.0	0.498612	0.405131	0.0934816	0.834452	9.02968
1107.0	0.336557	0.69638	0.359822	0.774268	11.9276
1108.0	0.964088	0.93917	0.0249178	0.763057	12.7034
1109.0	0.345214	0.645878	0.300664	0.76944	12.2393
1110.0	0.0825323	-0.331613	0.414145	0.896733	6.21042
1111.0	0.00631962	0.290394	0.284074	0.901316	6.12009
1112.0	0.138838	0.807537	0.668699	0.782353	11.1295
1113.0	0.680149	1.0245	0.344348	0.837263	8.78381
1114.0	0.918314	1.14872	0.230406	0.786284	11.3677
1115.0	0.253193	-0.00710984	0.260303	0.855789	8.00803
1116.0	0.445938	0.187954	0.257984	0.840231	8.70305
1117.0	0.817465	0.247759	0.569706	0.803666	10.1697
1118.0	0.371729	0.748904	0.377175	0.787823	11.1853
1119.0	0.891483	0.568406	0.323077	0.862419	7.68357
1120.0	0.54579	0.229376	0.316414	0.800303	10.5873
1121.0	0.0921004	0.145574	0.053474	0.792116	11.1179
1122.0	0.480485	0.75322	0.272735	0.844188	8.51568
1123.0	0.0598433	0.325437	0.265594	0.886997	6.69639
1124.0	0.500848	-0.421921	0.922769	0.80784	9.39132
1125.0	0.824216	0.217394	0.606821	0.883206	6.55489
1126.0	0.716303	1.13422	0.417919	0.858975	7.75988
1127.0	0.722056	0.952403	0.230348	0.846836	8.4191
1128.0	0.16713	-0.14172	0.308851	0.926591	5.15469
1129.0	0.524688	0.696756	0.172068	0.957712	4.12034
1130.0	0.22668	-0.40053	0.62721	0.860323	7.47903
1131.0	0.837141	0.790936	0.0462052	0.92411	5.33374
1132.0	0.948762	0.725142	0.223619	0.868946	7.46126
1133.0	0.929814	0.552894	0.37692	0.896694	6.24067
1134.0	0.645096	0.812258	0.167162	0.851687	8.22949
1135.0	0.980759	0.875426	0.105333	0.859456	7.9069
1136.0	0.579886	0.15691	0.422976	0.910633	5.66816
1137.0	0.465972	0.524711	0.0587392	0.906723	5.98622
1138.0	0.805656	0.842448	0.0367926	0.96229	3.99135
1139.0	0.0681578	-0.160411	0.228569	0.885728	6.76572
1140.0	0.627131	0.717565	0.0904337	0.85703	8.01536
1141.0	0.319392	0.69424	0.374848	0.885507	6.68715
1142.0	0.994495	0.629184	0.36531	0.801252	10.5021
1143.0	0.449251	-0.216774	0.666025	0.845872	8.0564
1144.0	0.846304	0.637133	0.20917	0.835432	8.94716
1145.0	0.362902	0.30191	0.060992	0.913788	5.71694
1146.0	0.735891	0.967081	0.23119	0.816435	9.83675
1147.0	0.797461	0.681588	0.115872	0.842053	8.67618
1148.0	0.590743	0.830357	0.239614	0.962854	3.92167
1149.0	0.940401	0.551751	0.38865	0.792863	10.9123
1150.0	0.939304	0.645376	0.293928	0.777652	11.7926
1151.0	0.236481	-0.218678	0.455159	0.8366	8.72072
1152.0	0.444338	0.611513	0.167175	0.936678	4.85398
1153.0	0.130674	0.366869	0.236196	0.788319	11.2571
1154.0	0.540366	0.264742	0.275624	0.99922	2.73593
1155.0	0.575037	-0.17798	0.753017	0.882977	6.36861
1156.0	0.868892	0.525181	0.343712	0.862107	7.68292
1157.0	0.31142	0.61656	0.30514	0.925834	5.18446
1158.0	0.126364	0.259086	0.132722	0.769981	12.2939
1159.0	0.207458	0.284494	0.0770362	0.90564	6.02547
1160.0	0.438966	0.420306	0.0186597	0.878198	7.12516
1161.0	0.16176	0.47261	0.31085	0.901057	6.11465
1162.0	0.895569	1.27258	0.377009	0.905511	5.89863
1163.0	0.589606	0.697395	0.107789	0.795716	10.9212
1164.0	0.293441	0.118226	0.175215	0.784769	11.4736
1165.0	0.366223	0.0493316	0.316892	0.897231	6.26028
1166.0	0.745321	0.413267	0.332054	0.758049	12.8604
1167.0	0.202539	0.989606	0.787066	0.825646	8.79155
1168.0	0.579079	0.485661	0.0934177	0.826226	9.41515
1169.0	0.400502	0.236376	0.164126	0.809263	10.2182
1170.0	0.295327	-0.0832557	0.378583	0.882806	6.79366
1171.0	0.305437	0.123746	0.181691	0.845352	8.50661
1172.0	0.700756	0.562952	0.137804	0.9113	5.79645
1173.0	0.794763	0.910031	0.115268	0.782558	11.6117
1174.0	0.745457	0.586564	0.158893	0.814096	9.98168
1175.0	0.746055	0.559976	0.186079	0.892152	6.52546
1176.0	0.545511	0.904973	0.359463	0.806147	10.2607
1177.0	0.206689	-0.0520254	0.258715	0.86272	7.70895
1178.0	0.297987	0.288177	0.0098092	0.889693	6.65777
1179.0	0.926618	0.818076	0.108542	0.817284	9.84088
1180.0	0.0309968	0.485969	0.454972	0.806852	10.14
1181.0	0.153019	0.264684	0.111665	0.838799	8.82551
1182.0	0.706872	0.272745	0.434127	0.913782	5.54035
1183.0	0.646124	0.595662	0.0504613	0.961405	4.02003
1184.0	0.69352	0.767103	0.0735831	0.917682	5.56905
1185.0	0.856012	0.919038	0.0630261	0.814823	9.96934
1186.0	0.475319	0.32593	0.149389	0.919751	5.47582
1187.0	0.13085	-0.492675	0.623525	0.813011	9.63917
1188.0	0.926304	2.08215	1.15584	0.894461	5.18118
1189.0	0.0329033	0.230357	0.197454	0.744437	13.7463
1190.0	0.568581	0.209217	0.359364	0.850936	8.1577
1191.0	0.395262	0.131328	0.263934	0.818339	9.72682
1192.0	0.636591	0.706392	0.0698011	0.787044	11.3822
1193.0	0.932511	1.22923	0.296718	0.810286	10.1004
1194.0	0.330296	-0.0852221	0.415518	0.826308	9.23546
1195.0	0.328637	-0.495998	0.824635	0.802497	9.83904
1196.0	0.102471	-0.0321125	0.134583	0.891428	6.57061
1197.0	0.811266	1.22713	0.415868	0.773734	11.9066
1198.0	0.259686	1.10458	0.844897	0.834493	8.28621
1199.0	0.723047	-0.171456	0.894503	0.856646	7.22462
1200.0	0.63258	1.03772	0.405138	0.847205	8.28684
1201.0	0.762117	0.429897	0.332219	0.845971	8.39799
1202.0	0.562638	0.515316	0.0473214	0.857456	8.00291
1203.0	0.326635	0.49823	0.171595	0.857173	7.98719
1204.0	0.0661424	-0.175381	0.241524	0.920907	5.39865
1205.0	0.439148	0.802792	0.363644	0.861716	7.68528
1206.0	0.813421	1.23141	0.417985	0.819415	9.56123
1207.0	0.0216427	0.551405	0.529762	0.842138	8.3923
1208.0	0.330756	0.298212	0.0325436	0.890908	6.60818
1209.0	0.384607	0.468354	0.0837467	0.885392	6.82428
1210.0	0.570409	0.43835	0.132058	0.90979	5.85538
1211.0	0.303208	0.435324	0.132116	0.891534	6.56701
1212.0	0.810027	0.350904	0.459123	0.781852	11.4241
1213.0	0.706905	1.05657	0.349663	0.870835	7.30867
1214.0	0.690648	1.03201	0.341358	0.879024	6.9748
1215.0	0.660161	0.427565	0.232596	0.868901	7.459
1216.0	0.0130674	-0.0494571	0.0625245	0.832111	9.14368
1217.0	0.16575	-0.0664897	0.23224	0.917538	5.52813
1218.0	0.276686	0.149416	0.12727	0.989677	3.08587
1219.0	0.14751	0.508003	0.360494	0.774942	11.8901
1220.0	0.235494	0.660198	0.424704	0.817045	9.66936
1221.0	0.239256	0.755261	0.516005	0.857656	7.7231
1222.0	0.93332	0.737436	0.195884	0.83251	9.08833
1223.0	0.879337	0.55706	0.322277	0.803693	10.4117
1224.0	0.515068	0.720335	0.205267	0.831572	9.12803
1225.0	0.304411	0.128906	0.175505	0.884987	6.81702
1226.0	0.849649	0.459762	0.389886	0.824589	9.33881
1227.0	0.83424	1.04415	0.209912	0.80261	10.5327
1228.0	0.351039	0.0671547	0.283884	0.903957	6.01796
1229.0	0.661911	0.160083	0.501828	0.802345	10.316
1230.0	0.680577	0.414716	0.265861	0.859691	7.8355
1231.0	0.632522	0.805001	0.172479	0.833473	9.05273
1232.0	0.436172	0.17507	0.261102	0.867451	7.50605
1233.0	0.383191	0.361677	0.021514	0.895852	6.41242
1234.0	0.460725	-0.731515	1.19224	0.813745	8.50471
1235.0	0.572658	0.268505	0.304153	0.859244	7.83242
1236.0	0.520968	0.3381	0.182869	0.910267	5.82181
1237.0	0.696984	0.693319	0.00366487	0.874383	7.28376
1238.0	0.34593	0.687362	0.341432	0.861464	7.71211
1239.0	0.471453	0.368398	0.103055	0.938503	4.80515
1240.0	0.110854	-0.772216	0.88307	0.684579	16.7363
1241.0	0.731852	0.888635	0.156783	0.82519	9.44726
1242.0	0.298762	0.336238	0.0374765	0.764631	12.6132
1243.0	0.735912	0.824552	0.08864	0.959034	4.09532
1244.0	0.130049	0.493123	0.363074	0.770706	12.1209
1245.0	0.11788	0.186207	0.0683268	0.766431	12.5078
1246.0	0.787091	1.08161	0.294519	0.769919	12.2169
1247.0	0.0652145	-0.143818	0.209032	0.929031	5.11454
1248.0	0.448398	0.376086	0.0723125	0.916337	5.6196
1249.0	0.344903	0.715407	0.370504	0.876003	7.07848
1250.0	0.207953	0.269772	0.061819	0.854734	8.12028
1251.0	0.361453	0.355174	0.00627886	0.803738	10.5246
1252.0	0.589781	0.0998178	0.489963	0.891759	6.33929
1253.0	0.294626	0.0312044	0.263421	0.81493	9.89273
1254.0	0.866563	0.589693	0.27687	0.830373	9.14717
1255.0	0.226925	-0.0941492	0.321074	0.855346	7.99094
1256.0	0.0525945	0.424437	0.371842	0.787389	11.2127
1257.0	0.64524	0.432805	0.212435	0.878728	7.05841
1258.0	0.562801	1.15644	0.593641	0.88735	6.40432
1259.0	0.15742	-0.0763757	0.233796	0.860173	7.83113
1260.0	0.459547	0.722743	0.263196	0.881552	6.91847
1261.0	0.0228406	-0.0481699	0.0710105	0.918889	5.52436
1262.0	0.261671	0.606161	0.34449	0.988939	3.0193
1263.0	0.248012	-0.1219	0.369911	0.899207	6.14753
1264.0	0.0683102	0.284967	0.216656	0.83518	8.95545
1265.0	0.963513	0.319667	0.643846	0.892117	6.15479
1266.0	0.674022	0.785033	0.111011	0.858703	7.93828
1267.0	0.770706	0.934844	0.164138	0.814333	9.96825
1268.0	0.941757	0.74619	0.195567	0.807612	10.2879
1269.0	0.787971	0.628449	0.159522	0.862486	7.76142
1270.0	0.620902	0.469946	0.150956	0.836604	8.91537
1271.0	0.821532	0.926265	0.104734	0.883338	6.90375
1272.0	0.0209034	0.707431	0.686527	0.921961	4.97038
1273.0	0.100931	-0.57948	0.680411	0.886305	6.33762
1274.0	0.384195	-0.14617	0.530365	0.849327	8.07127
1275.0	0.154903	0.296602	0.141699	0.742677	13.8754
1276.0	0.0605938	-0.310523	0.371117	0.772039	12.0404
1277.0	0.131986	0.770936	0.63895	0.821829	9.19518
1278.0	0.352915	0.614131	0.261216	0.836528	8.87076
1279.0	0.997718	0.641537	0.356181	0.779365	11.6535
1280.0	0.265183	0.924096	0.658912	0.836529	8.4856
1281.0	0.0216975	0.445744	0.424046	0.828755	9.11284
1282.0	0.544626	0.534067	0.0105593	0.878776	7.10156
1283.0	0.315705	0.661579	0.345873	0.880464	6.91269
1284.0	0.809775	0.810325	0.000549859	0.846481	8.49048
1285.0	0.164819	0.740359	0.575541	0.849092	8.03006
1286.0	0.270668	0.0856298	0.185038	0.81043	10.1523
1287.0	0.194497	0.963457	0.76896	0.96914	3.23744
1288.0	0.904311	0.670764	0.233547	0.95546	4.17426
1289.0	0.936941	0.83827	0.0986711	0.814158	9.99559
1290.0	0.135937	0.268403	0.132466	0.864127	7.69915
1291.0	0.375975	0.13301	0.242965	0.783423	11.5132
1292.0	0.74823	0.547403	0.200827	0.887404	6.70991
1293.0	0.261897	0.664271	0.402374	0.892264	6.39587
1294.0	0.216355	0.297149	0.0807935	0.838559	8.84278
1295.0	0.755048	1.0181	0.263047	0.852257	8.16152
1296.0	0.984789	0.439666	0.545123	0.840652	8.44206
1297.0	0.903962	0.971382	0.0674197	0.865885	7.63734
1298.0	0.934624	1.15181	0.217181	0.815183	9.90459
1299.0	0.873894	0.882609	0.00871451	0.849503	8.35535
1300.0	0.831717	0.891065	0.0593481	0.789091	11.2757
1301.0	0.112924	0.503696	0.390772	0.785773	11.2817
1302.0	0.692697	0.547267	0.14543	0.854133	8.12875
1303.0	0.675184	0.389969	0.285215	0.872209	7.29246
1304.0	0.715571	0.272512	0.443059	0.905048	5.86413
1305.0	0.929862	0.863962	0.0658999	0.819558	9.73882
1306.0	0.800434	0.71368	0.0867546	0.866352	7.61441
1307.0	0.365797	0.717311	0.351513	0.864172	7.58907
1308.0	0.531491	0.302278	0.229213	0.762367	12.6815
1309.0	0.62704	0.197356	0.429684	0.801426	10.4366
1310.0	0.858259	0.957262	0.0990033	0.85515	8.09588
1311.0	0.928947	0.636357	0.29259	0.925048	5.22032
1312.0	0.755621	0.543228	0.212393	0.778301	11.8048
1313.0	0.055977	0.375934	0.319957	0.781996	11.54
1314.0	0.392327	1.31512	0.922796	0.812241	9.17872
1315.0	0.190291	0.388464	0.198173	0.835711	8.93908
1316.0	0.390425	0.234526	0.1559	0.873313	7.30388
1317.0	0.0123464	-0.598102	0.610448	0.86792	7.17855
1318.0	0.775691	0.397242	0.378449	0.775147	11.8636
1319.0	0.965498	0.490687	0.474811	0.720173	15.0283
1320.0	0.99525	0.56099	0.43426	0.938328	4.64602
1321.0	0.0423234	0.51603	0.473706	0.723098	14.8417
1322.0	0.249829	0.363113	0.113285	0.923735	5.3374
1323.0	0.40026	0.516068	0.115808	0.803315	10.5311
1324.0	0.631262	0.256093	0.375168	0.813696	9.8752
1325.0	0.103686	0.281658	0.177972	0.846967	8.43555
1326.0	0.744104	0.2484	0.495704	0.873533	7.072
1327.0	0.0912625	0.044574	0.0466885	0.764187	12.6375
1328.0	0.557456	0.23918	0.318276	0.867366	7.476
1329.0	0.310135	0.741154	0.431019	0.906817	5.8066
1330.0	0.151986	-0.389891	0.541877	0.81701	9.54852
1331.0	0.909514	1.67262	0.763107	0.940707	4.20061
1332.0	0.33247	-0.263545	0.596016	0.77245	11.7671
1333.0	0.367419	0.513206	0.145787	0.918532	5.5222
1334.0	0.883745	0.921634	0.0378886	0.826924	9.38995
1335.0	0.107044	0.145509	0.0384643	0.8507	8.30069
1336.0	0.470661	0.258034	0.212627	0.743748	13.7803
1337.0	0.0678168	-0.140358	0.208175	0.778251	11.8096
1338.0	0.77857	0.753745	0.0248246	0.851573	8.26291
1339.0	0.820795	0.222942	0.597852	0.835503	8.61278
1340.0	0.116119	0.0735621	0.042557	0.780003	11.7625
1341.0	0.611996	0.386341	0.225654	0.935907	4.86007
1342.0	0.461514	0.627879	0.166365	0.859053	7.90731
1343.0	0.364766	0.247786	0.11698	0.793062	11.0564
1344.0	0.710286	0.812986	0.1027	0.857893	7.97533
1345.0	0.0811763	-0.0522613	0.133438	0.843107	8.62381
1346.0	0.172015	0.0421983	0.129817	0.917779	5.55452
1347.0	0.811138	0.79512	0.0160175	0.920513	5.46848
1348.0	0.862108	0.694286	0.167822	0.842274	8.65065
1349.0	0.873075	1.01684	0.143762	0.843677	8.59505
1350.0	0.269612	0.2143	0.0553116	0.824885	9.48493
1351.0	0.181348	0.555731	0.374383	0.909847	5.73511
1352.0	0.505845	0.786705	0.28086	0.86077	7.78052
1353.0	0.773975	0.504798	0.269177	0.759019	12.8494
1354.0	0.235968	0.0354095	0.200558	0.907158	5.93395
1355.0	0.891027	0.874254	0.0167729	0.776852	11.9354
1356.0	0.40057	0.898957	0.498387	0.895461	6.1853
1357.0	0.86167	0.825841	0.035829	0.853814	8.16334
1358.0	0.469521	0.648767	0.179247	0.772468	12.1392
1359.0	0.232014	0.0754597	0.156555	0.871418	7.38302
1360.0	0.933939	0.869885	0.0640542	0.859589	7.90831
1361.0	0.99383	0.990434	0.00339646	0.862262	7.7971
1362.0	0.442612	0.374268	0.0683446	0.88632	6.78904
1363.0	0.514134	0.609636	0.0955018	0.957995	4.12939
1364.0	0.594871	0.660942	0.0660707	0.892421	6.54457
1365.0	0.954372	0.896861	0.0575108	0.816927	9.86743
1366.0	0.455528	0.654331	0.198803	0.845421	8.49672
1367.0	0.387165	0.946077	0.558912	0.788066	10.9808
1368.0	0.354496	0.500858	0.146362	0.878957	7.07274
1369.0	0.486077	-0.0134688	0.499546	0.841612	8.4485
1370.0	0.483926	0.336364	0.147562	0.884955	6.82731
1371.0	0.771736	1.05938	0.287647	0.820977	9.58565
1372.0	0.27446	0.351894	0.077434	0.840263	8.76548
1373.0	0.25937	0.631347	0.371977	0.889471	6.53015
1374.0	0.175299	0.350646	0.175347	0.906824	5.95593
1375.0	0.966822	0.312099	0.654723	0.751025	12.89
1376.0	0.518349	0.883755	0.365407	0.851885	8.1113
1377.0	0.751575	0.488882	0.262693	0.827849	9.27378
1378.0	0.691636	0.098212	0.593424	0.916607	5.27942
1379.0	0.918381	0.601715	0.316666	0.88257	6.84607
1380.0	0.0959045	0.065921	0.0299835	0.89255	6.54285
1381.0	0.913066	0.288138	0.624928	0.837122	8.50429
1382.0	0.0740512	0.395615	0.321564	0.952258	4.23922
1383.0	0.214245	-0.241849	0.456094	0.857964	7.76939
1384.0	0.12535	-0.412647	0.537997	0.69323	16.7627
1385.0	0.369235	-0.00812575	0.377361	0.795517	10.7849
1386.0	0.961721	0.673781	0.287939	0.797768	10.7358
1387.0	0.044982	0.448027	0.403045	0.947989	4.33225
1388.0	0.966916	0.71106	0.255856	0.913562	5.66628
1389.0	0.747761	1.00748	0.25972	0.742738	13.8142
1390.0	0.850825	0.685066	0.165759	0.8889	6.66249
1391.0	0.228659	0.219187	0.00947153	0.875253	7.24745
1392.0	0.254881	-0.253059	0.507939	0.759999	12.5746
1393.0	0.945429	0.522418	0.42301	0.816574	9.69368
1394.0	0.652424	0.485234	0.16719	0.782188	11.6148
1395.0	0.111595	0.384611	0.273016	0.819738	9.65405
1396.0	0.413281	0.0433874	0.369894	0.906799	5.85446
1397.0	0.897137	0.547867	0.34927	0.888579	6.58196
1398.0	0.267327	0.463064	0.195738	0.794762	10.9405
1399.0	0.256756	0.406113	0.149357	0.854891	8.09428
1400.0	0.76134	0.102208	0.659132	0.786269	10.9376
1401.0	0.932936	1.02114	0.0882074	0.753722	13.2332
1402.0	0.985597	0.884395	0.101202	0.818503	9.78344
1403.0	0.469041	0.462397	0.00664366	0.880832	7.01708
1404.0	0.502763	0.884904	0.382141	0.911204	5.67808
1405.0	0.24537	0.0665634	0.178807	0.960158	4.03541
1406.0	0.215806	0.276328	0.0605226	0.810905	10.1624
1407.0	0.224702	0.258563	0.0338609	0.819299	9.75482
1408.0	0.787705	0.969277	0.181572	0.844359	8.55138
1409.0	0.244613	0.53774	0.293127	0.907246	5.88644
1410.0	0.365976	0.323195	0.042781	0.784133	11.5405
1411.0	0.469591	0.175396	0.294195	0.906899	5.89913
1412.0	0.546656	0.570929	0.0242736	0.818945	9.77255
1413.0	0.0973872	0.181509	0.0841214	0.905941	6.01279
1414.0	0.0941489	0.0602132	0.0339357	0.752125	13.3348
1415.0	0.0712206	-0.439669	0.510889	0.842709	8.38713
1416.0	0.166992	0.346351	0.179359	0.863659	7.70424
1417.0	0.578916	0.4865	0.0924158	0.758271	12.9681
1418.0	0.817988	0.651996	0.165992	0.888432	6.68122
1419.0	0.186008	0.769466	0.583458	0.872987	6.99982
1420.0	0.929204	1.00005	0.0708459	0.893889	6.4856
1421.0	0.632785	0.604494	0.0282911	0.862993	7.76487
1422.0	0.185695	-0.0504628	0.236158	0.903581	6.05655
1423.0	0.931474	0.717103	0.214371	0.847784	8.38415
1424.0	0.58475	0.27216	0.312589	0.925482	5.19299
1425.0	0.550047	0.358795	0.191253	0.782555	11.5852
1426.0	0.227527	0.144791	0.082736	0.838071	8.86481
1427.0	0.0120388	-0.120861	0.1329	0.873175	7.31636
1428.0	0.173434	0.677093	0.503659	0.879732	6.80915
1429.0	0.486761	0.549982	0.0632206	0.791117	11.1688
1430.0	0.0893326	0.0933576	0.00402497	0.88746	6.74764
1431.0	0.820271	0.403734	0.416537	0.819203	9.57275
1432.0	0.102474	0.23744	0.134966	0.811028	10.1403
1433.0	0.750595	1.2151	0.464503	0.777716	11.6407
1434.0	0.360442	-0.0283489	0.388791	0.9344	4.82045
1435.0	0.115244	0.606122	0.490879	0.918214	5.32514
1436.0	0.791524	0.5866	0.204924	0.771454	12.1838
1437.0	0.358996	0.24053	0.118466	0.887262	6.74172
1438.0	0.440741	0.605825	0.165084	0.885156	6.81369
1439.0	0.0588644	-0.208686	0.26755	0.949998	4.34611
1440.0	0.146815	0.266183	0.119369	0.839289	8.80121
1441.0	0.225421	0.139753	0.0856683	0.910922	5.82202
1442.0	0.655119	-0.0178339	0.672953	0.84785	7.95939
1443.0	0.352276	0.826815	0.474539	0.953478	4.08651
1444.0	0.91431	0.925108	0.010798	0.819001	9.77035
1445.0	0.0743781	0.582964	0.508586	0.809939	9.93081
1446.0	0.298197	0.424916	0.126718	0.808826	10.2519
1447.0	0.88032	0.59881	0.28151	0.803224	10.4626
1448.0	0.14806	0.584923	0.436862	0.876496	7.00448
1449.0	0.969011	0.726653	0.242358	0.823603	9.48599
1450.0	0.137038	-0.172168	0.309206	0.88164	6.8886
1451.0	0.0993288	-0.452216	0.551545	0.817096	9.53298
1452.0	0.127309	0.0310296	0.0962791	0.769031	12.3567
1453.0	0.140607	0.103602	0.0370047	0.765679	12.554
1454.0	0.149553	0.231938	0.0823846	0.798349	10.7911
1455.0	0.57294	0.711458	0.138518	0.842979	8.62814
1456.0	0.477389	0.409841	0.0675488	0.939552	4.77354
1457.0	0.904407	0.404356	0.500051	0.889347	6.42521
1458.0	0.108859	0.517704	0.408845	0.765392	12.3761
1459.0	0.738893	0.931681	0.192788	0.776704	11.9009
1460.0	0.71165	0.914145	0.202495	0.892883	6.49011
1461.0	0.32532	0.789379	0.464059	0.931056	4.88044
1462.0	0.650363	0.296705	0.353658	0.904534	5.95267
1463.0	0.587499	1.27087	0.683367	0.79122	10.6439
1464.0	0.802863	0.410948	0.391914	0.799117	10.5882
1465.0	0.312574	0.716151	0.403577	0.915971	5.48281
1466.0	0.341903	0.505718	0.163815	0.917092	5.57068
1467.0	0.795979	0.57448	0.221499	0.904254	6.03709
1468.0	0.613493	0.634423	0.0209294	0.725465	14.9697
1469.0	0.128382	0.295508	0.167126	0.815091	9.93008
1470.0	0.469702	0.556241	0.0865384	0.807373	10.3337
1471.0	0.895629	0.75607	0.139559	0.889588	6.64283
1472.0	0.664952	0.835559	0.170606	0.877047	7.14385
1473.0	0.67882	0.204819	0.474	0.889264	6.45348
1474.0	0.520992	0.630187	0.109195	0.891472	6.57495
1475.0	0.618119	-0.101776	0.719895	0.751144	12.7772
1476.0	0.77657	0.486364	0.290207	0.808783	10.179
1477.0	0.128735	-0.089793	0.218528	0.843574	8.57126
1478.0	0.0442061	1.07538	1.03118	0.913621	4.72258
1479.0	0.568541	0.772653	0.204112	0.841634	8.66548
1480.0	0.789046	0.781994	0.0070523	0.835192	9.00469
1481.0	0.128983	-0.184054	0.313038	0.845341	8.43913
1482.0	0.698019	0.695366	0.00265293	0.86032	7.8809
1483.0	0.8592	1.03218	0.172983	0.890158	6.60968
1484.0	0.0302376	-0.0534746	0.0837122	0.88985	6.64466
1485.0	0.161951	0.38742	0.22547	0.866279	7.57342
1486.0	0.0738606	0.849302	0.775442	0.845101	7.92792
1487.0	0.109313	-0.105901	0.215214	0.922402	5.3548
1488.0	0.629141	0.334641	0.294501	0.85347	8.09001
1489.0	0.763968	0.704305	0.0596633	0.905997	6.01403
1490.0	0.760147	0.803037	0.0428909	0.913541	5.72808
1491.0	0.0151098	0.443446	0.428337	0.851143	8.09231
1492.0	0.65376	0.20495	0.44881	0.865925	7.43546
1493.0	0.0308818	0.392898	0.362017	0.843215	8.50018
1494.0	0.0505719	-0.388705	0.439277	0.918784	5.34952
1495.0	0.580368	0.696061	0.115692	0.789624	11.2365
1496.0	0.7689	-0.0579136	0.826814	0.764175	11.8451
1497.0	0.0360516	-0.249541	0.285593	0.867889	7.47389
1498.0	0.897999	0.847431	0.0505678	0.80892	10.2621
1499.0	0.692606	0.261203	0.431403	0.831818	8.96338
1500.0	0.69171	0.926223	0.234513	0.843131	8.58369
1501.0	0.441036	0.280883	0.160153	0.989979	3.06804
1502.0	0.679807	0.0900792	0.589728	0.81699	9.49111
1503.0	0.229498	-0.172948	0.402446	0.856579	7.87664
1504.0	0.944175	1.13631	0.192135	0.804605	10.4399
1505.0	0.508153	0.596177	0.088024	0.883207	6.91232
1506.0	0.0508825	0.608798	0.557915	0.841647	8.38245
1507.0	0.284188	0.441147	0.156959	0.899907	6.2296
1508.0	0.449683	0.454461	0.0047782	0.791489	11.1538
1509.0	0.457471	-0.319942	0.777413	0.85383	7.54349
1510.0	0.217369	0.135258	0.0821117	0.798519	10.7825
1511.0	0.460512	1.14123	0.680714	0.92525	4.85835
1512.0	0.866014	0.232025	0.633989	0.853414	7.76811
1513.0	0.719157	0.67233	0.046827	0.885782	6.81328
1514.0	0.840359	0.59526	0.245099	0.875831	7.16308
1515.0	0.411995	0.707159	0.295164	0.866304	7.53543
1516.0	0.643023	0.575127	0.0678962	0.812661	10.0747
1517.0	0.666749	0.936759	0.270009	0.844479	8.5041
1518.0	0.0839165	0.344826	0.260909	0.812061	10.0348
1519.0	0.135854	0.571966	0.436112	0.753849	13.0085
1520.0	0.873803	0.696268	0.177535	0.799805	10.6891
1521.0	0.394983	0.425312	0.0303288	0.842518	8.66825
1522.0	0.0157478	0.749684	0.733936	0.867572	7.02658
1523.0	0.990312	0.830158	0.160153	0.826129	9.40156
1524.0	0.779075	0.718766	0.0603089	0.881503	6.98599
1525.0	0.840638	0.633486	0.207152	0.840899	8.69757
1526.0	0.24597	0.281627	0.0356574	0.864982	7.67923
1527.0	0.186844	0.284782	0.0979387	0.905966	6.00939
1528.0	0.655401	0.555724	0.0996772	0.929537	5.12792
1529.0	0.923439	0.900216	0.0232231	0.818906	9.77449
1530.0	0.437681	0.317849	0.119832	0.943552	4.62328
1531.0	0.619651	0.328283	0.291368	0.744287	13.6998
1532.0	0.600925	0.702704	0.101779	0.901086	6.19755
1533.0	0.922967	0.90032	0.0226473	0.786974	11.3909
1534.0	0.187808	0.0903187	0.0974897	0.821685	9.63085
1535.0	0.868545	0.724628	0.143916	0.986427	3.18487
1536.0	0.92208	0.503698	0.418383	0.885644	6.64743
1537.0	0.338789	0.243816	0.0949724	0.8023	10.5873
1538.0	0.792807	0.655284	0.137523	0.871663	7.37842
1539.0	0.906405	0.960041	0.0536367	0.879451	7.07098
1540.0	0.158707	0.0292314	0.129475	0.930093	5.10135
1541.0	0.125856	-0.255184	0.381041	0.828461	9.16356
1542.0	0.431281	0.501326	0.0700447	0.916865	5.60013
1543.0	0.166517	0.147995	0.0185219	0.85365	8.17156
1544.0	0.391734	-0.194896	0.58663	0.811886	9.74233
1545.0	0.747155	0.632491	0.114664	0.802664	10.5643
1546.0	0.770527	0.57864	0.191887	0.802492	10.5467
1547.0	0.102152	-0.670094	0.772247	0.729622	13.9732
1548.0	0.165389	0.294731	0.129342	0.83934	8.79629
1549.0	0.0768554	-0.155513	0.232368	0.848577	8.34038
1550.0	0.5608	0.767473	0.206673	0.766739	12.4459
1551.0	0.0999688	0.274488	0.174519	0.844817	8.53338
1552.0	0.0977087	-0.397988	0.495697	0.895983	6.16748
1553.0	0.30709	0.565049	0.257959	0.779964	11.6903
1554.0	0.936293	0.94925	0.0129565	0.895059	6.44405
1555.0	0.99115	1.51371	0.52256	0.941232	4.46579
1556.0	0.664556	0.489836	0.174719	0.837264	8.87684
1557.0	0.875353	0.812168	0.0631849	0.841381	8.71664
1558.0	0.805101	0.594713	0.210388	0.888092	6.67833
1559.0	0.21222	0.290999	0.0787786	0.873311	7.32223
1560.0	0.216799	0.0173481	0.199451	0.819722	9.69248
1561.0	0.914627	0.838878	0.0757482	0.830516	9.21624
1562.0	0.242283	0.390839	0.148557	0.962809	3.95514
1563.0	0.960687	0.912947	0.0477398	0.797626	10.8333
1564.0	0.272685	0.285004	0.0123183	0.84515	8.55013
1565.0	0.238515	0.153006	0.0855082	0.839525	8.79777
1566.0	0.89053	0.719321	0.171209	0.884612	6.83372
1567.0	0.743003	1.15747	0.41447	0.752431	13.1131
1568.0	0.86153	0.821527	0.040003	0.815822	9.92313
1569.0	0.108126	-0.160173	0.2683	0.783756	11.4806
1570.0	0.37774	-0.00250671	0.380247	0.882647	6.79888
1571.0	0.437131	0.604091	0.16696	0.885179	6.81216
1572.0	0.712129	0.307128	0.405002	0.882578	6.78237
1573.0	0.450785	0.423003	0.0277818	0.861786	7.81684
1574.0	0.859256	0.964138	0.104882	0.794128	11.004
1575.0	0.633946	0.556338	0.0776084	0.944346	4.60313
1576.0	0.146668	0.257795	0.111127	0.825383	9.45124
1577.0	0.637124	0.834069	0.196945	0.862904	7.72984
1578.0	0.109422	0.210356	0.100934	0.825019	9.47086
1579.0	0.253739	0.69205	0.438312	0.846319	8.29724
1580.0	0.45754	-0.0424219	0.499962	0.832161	8.87979
1581.0	0.0832174	-0.0159761	0.0991936	0.782499	11.6188
1582.0	0.587881	0.796822	0.208941	0.925026	5.26076
1583.0	0.368634	0.571519	0.202885	0.898383	6.27302
1584.0	0.889235	0.681018	0.208217	0.90062	6.18351
1585.0	0.735137	0.689929	0.0452083	0.948873	4.44892
1586.0	0.378179	-0.156642	0.534821	0.891537	6.30308
1587.0	0.367296	-0.000352449	0.367648	0.840121	8.63589
1588.0	0.69317	0.258127	0.435043	0.838706	8.64341
1589.0	0.209494	0.294424	0.0849302	0.799826	10.7151
1590.0	0.193241	0.0517454	0.141496	0.910801	5.81441
1591.0	0.383179	0.04702	0.336159	0.838105	8.75111
1592.0	0.211008	-0.00511204	0.21612	0.776822	11.8835
1593.0	0.677704	0.729016	0.0513117	0.882806	6.93376
1594.0	0.953242	0.964233	0.0109907	0.767547	12.4504
1595.0	0.858884	0.780921	0.0779634	0.839433	8.80326
1596.0	0.327352	0.683531	0.356179	0.936019	4.78532
1597.0	0.415746	0.678067	0.262321	0.884435	6.8016
1598.0	0.971435	0.924233	0.0472025	0.864588	7.69508
1599.0	0.360245	0.636545	0.2763	0.825572	9.37347
1600.0	0.274048	0.52616	0.252111	0.910728	5.77529
1601.0	0.721628	0.239916	0.481712	0.915317	5.44137
1602.0	0.674782	0.573168	0.101614	0.86105	7.83878
1603.0	0.636177	0.733987	0.0978103	0.773712	12.0968
1604.0	0.534068	0.288984	0.245085	0.759866	12.8154
1605.0	0.566174	0.182414	0.38376	0.987956	3.02526
1606.0	0.861426	0.968035	0.106609	0.925202	5.28484
1607.0	0.240323	0.323804	0.0834806	0.826203	9.41812
1608.0	0.807181	0.880904	0.0737225	0.917432	5.57837
1609.0	0.658767	1.82239	1.16362	0.84451	7.18794
1610.0	0.178065	1.22911	1.05104	0.91851	4.50689
1611.0	0.168658	0.408283	0.239625	0.90274	6.08749
1612.0	0.259966	0.129099	0.130866	0.881844	6.95857
1613.0	0.285136	0.307035	0.0218989	0.847709	8.43497
1614.0	0.974532	0.379607	0.594924	0.762175	12.3391
1615.0	0.738633	0.841326	0.102693	0.846108	8.49619
1616.0	0.783299	0.961874	0.178575	0.910417	5.81759
1617.0	0.168029	0.17012	0.00209128	0.796694	10.8837
1618.0	0.626779	0.441962	0.184817	0.807623	10.2918
1619.0	0.292456	0.0775468	0.214909	0.826517	9.36111
1620.0	0.193131	0.112348	0.0807825	0.899077	6.27971
1621.0	0.62575	0.742857	0.117107	0.868972	7.49701
1622.0	0.708692	0.532275	0.176417	0.897464	6.3189
1623.0	0.267098	0.206311	0.060787	0.78091	11.7113
1624.0	0.748371	0.636777	0.111594	0.827167	9.36661
1625.0	0.993058	0.811459	0.181599	0.883416	6.87865
1626.0	0.877371	0.517816	0.359554	0.789212	11.1271
1627.0	0.7157	0.200582	0.515118	0.892906	6.26924
1628.0	0.767098	0.248631	0.518466	0.821206	9.37421
1629.0	0.647711	0.0495393	0.598172	0.779043	11.4072
1630.0	0.438574	0.169506	0.269068	0.863285	7.67915
1631.0	0.768068	0.54032	0.227748	0.899594	6.21524
1632.0	0.858318	0.840125	0.018193	0.793884	11.0287
1633.0	0.0881192	0.188255	0.100136	0.856819	8.02264
1634.0	0.161544	0.440675	0.279131	0.841485	8.63415
1635.0	0.512068	0.227792	0.284275	0.795639	10.8475
1636.0	0.534132	0.784874	0.250742	0.912968	5.69115
1637.0	0.753057	0.727236	0.0258212	0.898723	6.29932
1638.0	0.0656376	-0.241203	0.30684	0.905616	5.94098
1639.0	0.168399	0.203512	0.0351124	0.925858	5.27037
1640.0	0.854291	0.728682	0.125609	0.846404	8.47743
1641.0	0.558783	0.843254	0.284472	0.876908	7.09759
1642.0	0.237808	0.118987	0.118821	0.827717	9.33885
1643.0	0.242978	-0.159615	0.402593	0.803026	10.3809
1644.0	0.96229	0.768394	0.193897	0.782137	11.6065
1645.0	0.461622	0.599619	0.137998	0.857517	7.98295
1646.0	0.820883	0.553121	0.267761	0.856875	7.95662
1647.0	0.703121	0.647536	0.0555849	0.943138	4.64828
1648.0	0.418809	0.0697557	0.349053	0.922445	5.28164
1649.0	0.38168	0.601985	0.220305	0.886904	6.72194
1650.0	0.617647	0.300573	0.317074	0.856904	7.92567
1651.0	0.143512	0.204837	0.0613249	0.892245	6.55218
1652.0	0.552454	1.17406	0.621605	0.883743	6.51536
1653.0	0.928242	0.420722	0.507521	0.874269	7.02965
1654.0	0.533944	0.603354	0.0694101	0.861569	7.82202
1655.0	0.696188	0.433838	0.26235	0.845659	8.45535
1656.0	0.398162	1.02139	0.623229	0.784836	11.0647
1657.0	0.997373	1.23988	0.242502	0.916663	5.55616
1658.0	0.903427	1.0065	0.103077	0.819416	9.73889
1659.0	0.481682	-0.190597	0.672279	0.863821	7.27117
1660.0	0.901746	0.565212	0.336534	0.888954	6.57556
1661.0	0.622987	0.674866	0.0518794	0.846752	8.47551
1662.0	0.192916	-0.0263592	0.219276	0.86887	7.46641
1663.0	0.854929	0.572272	0.282657	0.896122	6.3239
1664.0	0.841686	0.835798	0.00588721	0.869237	7.49972
1665.0	0.384383	0.749583	0.365201	0.880618	6.89269
1666.0	0.287579	0.291751	0.00417263	0.913117	5.74585
1667.0	0.349212	-0.17202	0.521233	0.862766	7.49835
1668.0	0.548755	0.511058	0.0376979	0.796678	10.883
1669.0	0.667259	0.372	0.29526	0.83755	8.8038
1670.0	0.629569	0.481893	0.147676	0.773124	12.115
1671.0	0.371561	0.973339	0.601777	0.810329	9.79892
1672.0	0.271898	0.239552	0.032346	0.833543	9.08006
1673.0	0.374739	-0.318106	0.692845	0.879609	6.58992
1674.0	0.569316	0.596788	0.0274721	0.845056	8.55374
1675.0	0.325384	0.569386	0.244002	0.847203	8.39591
1676.0	0.0577833	0.0737477	0.0159644	0.813277	10.0492
1677.0	0.996129	0.88652	0.109608	0.814206	9.99078
1678.0	0.111661	0.573914	0.462253	0.803428	10.3037
1679.0	0.494665	0.945071	0.450407	0.864585	7.49084
1680.0	0.997048	1.08328	0.0862371	0.843373	8.62269
1681.0	0.417933	0.749984	0.33205	0.962548	3.88419
1682.0	0.142158	-0.224855	0.367013	0.855309	7.95998
1683.0	0.676206	0.877396	0.20119	0.885853	6.77237
1684.0	0.388465	0.639927	0.251462	0.892189	6.49585
1685.0	0.00220261	-0.287282	0.289485	0.855634	7.99828
1686.0	0.581817	0.562676	0.0191407	0.818738	9.78281
1687.0	0.240935	-0.437607	0.678542	0.837515	8.41339
1688.0	0.0269691	-0.149103	0.176072	0.843818	8.57782
1689.0	0.479481	0.957599	0.478118	0.850244	8.0853
1690.0	0.456168	0.189887	0.266281	0.88568	6.74915
1691.0	0.146642	0.590096	0.443454	0.794146	10.7949
1692.0	0.43263	0.583961	0.151331	0.914494	5.67195
1693.0	0.98282	1.11454	0.131722	0.827917	9.32595
1694.0	0.771645	0.546169	0.225476	0.894583	6.41311
1695.0	0.294932	1.23809	0.943156	0.790454	10.2154
1696.0	0.376263	0.0357742	0.340489	0.874752	7.15168
1697.0	0.35773	0.0788009	0.278929	0.926578	5.17174
1698.0	0.798959	0.609768	0.189191	0.892339	6.51688
1699.0	0.642704	0.298333	0.344371	0.893667	6.38285
1700.0	0.911851	1.02801	0.116162	0.829985	9.23282
1701.0	0.275245	-0.411447	0.686692	0.849391	7.87243
1702.0	0.0409728	-0.536057	0.577029	0.871567	7.06621
1703.0	0.919292	1.06661	0.147319	0.877025	7.15218
1704.0	0.35382	0.641004	0.287184	0.804168	10.4115
1705.0	0.44182	0.434117	0.00770276	0.885239	6.8374
1706.0	0.955202	0.957913	0.0027111	0.928563	5.1727
1707.0	0.987828	0.982017	0.00581074	0.844055	8.59965
1708.0	0.0377409	-0.0935487	0.13129	0.83591	8.95323
1709.0	0.97904	1.0871	0.108061	0.913715	5.71208
1710.0	0.248327	0.344326	0.0959997	0.81358	10.0245
1711.0	0.67281	0.269251	0.403559	0.879454	6.91092
1712.0	0.931412	1.08192	0.150512	0.853661	8.14794
1713.0	0.467474	0.818045	0.350571	0.816382	9.7638
1714.0	0.265259	0.711452	0.446192	0.854264	7.93933
1715.0	0.939536	0.8471	0.092436	0.871056	7.41443
1716.0	0.681475	0.695128	0.013653	0.941063	4.72413
1717.0	0.146905	-0.190188	0.337093	0.8283	9.20484
1718.0	0.136562	0.0913492	0.0452124	0.816605	9.88447
1719.0	0.864251	0.559906	0.304346	0.862589	7.68831
1720.0	0.192493	-0.149593	0.342086	0.909259	5.77969
1721.0	0.784178	0.600933	0.183246	0.909	5.86994
1722.0	0.287554	-0.0569863	0.34454	0.789799	11.1082
1723.0	0.299385	0.00590676	0.293478	0.785468	11.3734
1724.0	0.394031	0.196401	0.19763	0.830921	9.16171
1725.0	0.622969	1.18958	0.566613	0.843917	8.27043
1726.0	0.875889	0.580384	0.295505	0.856692	7.9485
1727.0	0.900601	0.802502	0.0980993	0.849355	8.352
1728.0	0.767194	0.836789	0.0695947	0.845471	8.53077
1729.0	0.720253	0.486237	0.234016	0.913475	5.67979
1730.0	0.129683	0.750508	0.620825	0.791163	10.7379
1731.0	0.116639	-0.248382	0.365022	0.884086	6.75177
1732.0	0.0196018	0.318986	0.299384	0.902436	6.068
1733.0	0.540542	0.583384	0.0428425	0.912658	5.7615
1734.0	0.0941166	0.658908	0.564792	0.914469	5.3904
1735.0	0.336285	0.0540721	0.282213	0.909007	5.82525
1736.0	0.191439	0.740548	0.549108	0.852914	7.89292
1737.0	0.63059	0.113717	0.516873	0.811033	9.86782
1738.0	0.581772	0.233149	0.348622	0.884314	6.75414
1739.0	0.408989	0.404828	0.00416031	0.862381	7.79199
1740.0	0.214824	0.223264	0.00843951	0.863772	7.73223
1741.0	0.836236	0.876272	0.0400363	0.812876	10.0675
1742.0	0.456365	0.645019	0.188654	0.815038	9.92433
1743.0	0.707648	0.585305	0.122343	0.865517	7.64239
1744.0	0.567292	0.473042	0.0942503	0.928616	5.16243
1745.0	0.401275	0.411274	0.00999888	0.80277	10.5734
1746.0	0.554508	0.738201	0.183693	0.927432	5.18211
1747.0	0.392144	0.733564	0.341419	0.798753	10.6479
1748.0	0.944684	0.537566	0.407118	0.853252	8.01797
1749.0	0.744287	0.25343	0.490857	0.749332	13.2123
1750.0	0.273928	0.428315	0.154387	0.817467	9.81886
1751.0	0.29576	0.245405	0.0503551	0.822349	9.60655
1752.0	0.0853341	0.369461	0.284127	0.803148	10.4648
1753.0	0.843727	0.909273	0.0655459	0.868099	7.54352
1754.0	0.529872	0.453769	0.0761024	0.844751	8.56218
1755.0	0.753623	0.894236	0.140613	0.894143	6.46104
1756.0	0.423498	0.810653	0.387155	0.859826	7.74851
1757.0	0.110941	0.453364	0.342423	0.865229	7.55046
1758.0	0.00406077	-0.0802404	0.0843012	0.913977	5.70659
1759.0	0.0375476	0.418209	0.380662	0.806625	10.2196
1760.0	0.144068	0.477801	0.333734	0.879219	6.97193
1761.0	0.708295	0.474693	0.233602	0.824236	9.46034
1762.0	0.742464	0.774628	0.0321646	0.81802	9.81683
1763.0	0.3204	0.841397	0.520997	0.866788	7.32816
1764.0	0.391691	0.695282	0.303591	0.802691	10.4752
1765.0	0.11039	0.17546	0.0650694	0.89982	6.25289
1766.0	0.913575	1.31661	0.403032	0.82322	9.39259
1767.0	0.234702	-0.328653	0.563354	0.855987	7.74302
1768.0	0.26039	-0.0598004	0.320191	0.763705	12.5468
1769.0	0.291758	0.602316	0.310558	0.915133	5.57754
1770.0	0.882288	1.08594	0.203649	0.817995	9.77407
1771.0	0.726734	0.286439	0.440295	0.933679	4.80643
1772.0	0.579203	0.932203	0.352999	0.811358	10.0075
1773.0	0.737472	0.809966	0.0724938	0.832551	9.1217
1774.0	0.485259	-0.0105715	0.495831	0.833869	8.8053
1775.0	0.471555	0.470508	0.00104692	0.84473	8.56923
1776.0	0.37704	0.383434	0.00639384	0.898536	6.30726
1777.0	0.00214203	0.258336	0.256194	0.891439	6.5233
1778.0	0.415048	0.305178	0.10987	0.911923	5.77948
1779.0	0.334211	0.605006	0.270795	0.873057	7.2651
1780.0	0.968381	0.881834	0.0865468	0.915024	5.66675
1781.0	0.789756	1.00415	0.214395	0.850384	8.26845
1782.0	0.0346341	-0.485937	0.520571	0.87717	6.89671
1783.0	0.2943	0.918425	0.624125	0.785633	11.0215
1784.0	0.234516	0.551084	0.316568	0.859424	7.81674
1785.0	0.970257	0.854151	0.116106	0.773007	12.1311
1786.0	0.775357	-0.0323603	0.807718	0.815896	9.21651
1787.0	0.405234	0.587217	0.181983	0.783575	11.5346
1788.0	0.37866	0.430401	0.0517411	0.758333	12.9715
1789.0	0.394227	-0.877059	1.27129	0.828563	7.62414
1790.0	0.0507874	0.797987	0.747199	0.796509	10.2725
1791.0	0.718043	0.0942161	0.623827	0.821764	9.21869
1792.0	0.742561	0.93677	0.194208	0.883821	6.85748
1793.0	0.487528	-0.177794	0.665322	0.865484	7.21043
1794.0	0.987223	0.859363	0.12786	0.839539	8.7876
1795.0	0.709981	0.480297	0.229684	0.818154	9.75413
1796.0	0.117542	0.0426749	0.0748673	0.845764	8.51681
1797.0	0.504398	1.12815	0.623752	0.799253	10.3204
1798.0	0.227731	0.645666	0.417935	0.83642	8.76322
1799.0	0.895255	0.865317	0.0299372	0.890193	6.63695
1800.0	0.244635	0.518155	0.27352	0.856752	7.95878
1801.0	0.860324	1.20713	0.346804	0.795218	10.825
1802.0	0.901261	0.459856	0.441405	0.862662	7.58095
1803.0	0.625663	0.587042	0.0386203	0.891494	6.58438
1804.0	0.228554	0.31088	0.0823265	0.900321	6.23087
1805.0	0.625533	0.850647	0.225115	0.942753	4.61774
1806.0	0.760622	0.937753	0.177132	0.898252	6.28772
1807.0	0.39695	0.579776	0.182826	0.858211	7.93795
1808.0	0.965727	0.475419	0.490308	0.848373	8.15576
1809.0	0.910116	0.433177	0.476939	0.86381	7.49883
1810.0	0.346682	0.427529	0.0808471	0.878201	7.1188
1811.0	0.460099	0.256761	0.203338	0.81422	9.95803
1812.0	0.464343	0.327291	0.137051	0.831911	9.1371
1813.0	0.516847	0.560393	0.0435466	0.877268	7.16203
1814.0	0.325614	0.477727	0.152113	0.863537	7.7187
1815.0	0.283934	0.355097	0.071163	0.836577	8.93542
1816.0	0.571372	0.344301	0.227071	0.978273	3.41911
1817.0	0.930071	0.861026	0.0690448	0.788522	11.3042
1818.0	0.894921	1.07292	0.178001	0.863426	7.71471
1819.0	0.731417	1.17198	0.440561	0.848431	8.2012
1820.0	0.209435	0.445974	0.236539	0.862188	7.74302
1821.0	0.857111	0.903328	0.0462178	0.875521	7.23425
1822.0	0.109117	0.316787	0.20767	0.844191	8.54828
1823.0	0.977597	0.554442	0.423155	0.873364	7.14591
1824.0	0.779394	0.595477	0.183917	0.979936	3.38114
1825.0	0.0238835	-0.17688	0.200764	0.884917	6.81041
1826.0	0.0942787	0.546571	0.452292	0.830068	9.02519
1827.0	0.316715	0.713483	0.396768	0.870707	7.27855
1828.0	0.0550987	0.279505	0.224406	0.869258	7.44775
1829.0	0.873828	0.482489	0.391339	0.907052	5.82906
1830.0	0.183609	0.109329	0.0742797	0.934418	4.95583
1831.0	0.764976	0.932018	0.167042	0.759428	12.8786
1832.0	0.375461	0.637595	0.262134	0.871668	7.32786
1833.0	0.219854	-0.0288746	0.248728	0.854743	8.0599
1834.0	0.287389	0.746934	0.459545	0.943101	4.4574
1835.0	0.763993	0.579934	0.18406	0.853379	8.14871
1836.0	0.257131	-0.0597617	0.316893	0.784876	11.3886
1837.0	0.481924	0.806536	0.324612	0.870954	7.32074
1838.0	0.278794	0.320603	0.041809	0.832688	9.11907
1839.0	0.0279334	0.00223547	0.0256979	0.830274	9.233
1840.0	0.622923	-0.118618	0.741541	0.807216	9.7476
1841.0	0.768283	0.492344	0.275939	0.839343	8.73343
1842.0	0.733019	0.573272	0.159747	0.927156	5.19995
1843.0	0.643463	0.699334	0.0558711	0.788417	11.3117
1844.0	0.727921	0.490065	0.237855	0.851411	8.21197
1845.0	0.50559	0.695214	0.189624	0.849011	8.33988
1846.0	0.686762	0.616636	0.0701256	0.894583	6.45819
1847.0	0.328238	0.204386	0.123853	0.947405	4.48768
1848.0	0.123829	0.531629	0.407799	0.832466	8.95437
1849.0	0.361179	0.298111	0.0630672	0.845301	8.53932
1850.0	0.565599	0.359156	0.206443	0.847566	8.39733
1851.0	0.375868	0.502561	0.126693	0.849299	8.34777
1852.0	0.466879	0.309452	0.157427	0.961862	3.9845
1853.0	0.915637	1.02834	0.112706	0.772815	12.1425
1854.0	0.866909	0.799571	0.0673376	0.785857	11.4456
1855.0	0.331467	0.542063	0.210596	0.783412	11.5305
1856.0	0.585179	0.790581	0.205402	0.819299	9.71025
1857.0	0.071767	0.643406	0.571639	0.836271	8.6099
1858.0	0.0571461	0.508697	0.451551	0.926398	5.05962
1859.0	0.633239	0.670366	0.0371273	0.808723	10.2732
1860.0	0.991743	0.662009	0.329734	0.884653	6.75316
1861.0	0.97882	0.569771	0.409049	0.841005	8.56202
1862.0	0.369176	0.500702	0.131525	0.904144	6.07218
1863.0	0.927989	1.24455	0.316564	0.769452	12.2272
1864.0	0.992282	0.942308	0.0499736	0.909865	5.86695
1865.0	0.265285	0.426074	0.160789	0.815926	9.89163
1866.0	0.69733	0.602684	0.0946454	0.87016	7.45172
1867.0	0.437725	-0.404082	0.841807	0.838825	8.09641
1868.0	0.347282	0.529553	0.18227	0.85415	8.1155
1869.0	0.855242	0.160331	0.694911	0.695408	16.3592
1870.0	0.483512	0.296832	0.18668	0.880067	7.01364
1871.0	0.836906	0.570763	0.266143	0.954302	4.19894
1872.0	0.309155	0.549225	0.24007	0.898785	6.24121
1873.0	0.779211	0.936977	0.157767	0.831308	9.15873
1874.0	0.745855	1.16297	0.417116	0.911823	5.62791
1875.0	0.279327	0.716903	0.437576	0.960486	3.88004
1876.0	0.70601	0.828354	0.122344	0.927445	5.19936
1877.0	0.89679	0.773903	0.122886	0.88165	6.96853
1878.0	0.704402	0.447425	0.256976	0.906912	5.91844
1879.0	0.449033	0.426694	0.0223381	0.785125	11.4891
1880.0	0.687521	0.609618	0.0779032	0.867816	7.55372
1881.0	0.0278832	0.748533	0.720649	0.90708	5.47719
1882.0	0.0810866	-0.158744	0.23983	0.864348	7.64889
1883.0	0.0559196	-0.148182	0.204101	0.800421	10.6464
1884.0	0.298772	0.397901	0.0991293	0.828724	9.29601
1885.0	0.15914	0.535722	0.376582	0.784751	11.3482
1886.0	0.608281	0.689641	0.0813597	0.82408	9.51945
1887.0	0.283742	0.387001	0.103259	0.850835	8.28517
1888.0	0.250534	0.317811	0.0672763	0.890496	6.62125
1889.0	0.158065	0.114814	0.0432507	0.825292	9.46686
1890.0	0.507898	0.882169	0.374271	0.870503	7.30463
1891.0	0.974725	1.2788	0.304071	0.858983	7.84378
1892.0	0.781834	1.04035	0.258511	0.905684	5.9648
1893.0	0.252501	0.839279	0.586778	0.900598	5.89247
1894.0	0.177585	0.269336	0.0917503	0.84397	8.59467
1895.0	0.283156	0.400426	0.11727	0.813033	10.0464
1896.0	0.482997	0.877073	0.394076	0.802656	10.4071
1897.0	0.552313	0.656569	0.104256	0.799217	10.7421
1898.0	0.338415	0.435164	0.0967489	0.749992	13.4508
1899.0	0.46674	0.354581	0.112159	0.745728	13.7008
1900.0	0.859868	0.737046	0.122823	0.803533	10.5182
1901.0	0.349432	0.542127	0.192695	0.866989	7.55719
1902.0	0.106375	0.144955	0.0385804	0.769821	12.3217
1903.0	0.406571	0.742972	0.336402	0.901751	6.07168
1904.0	0.932947	0.990034	0.0570874	0.819918	9.72263
1905.0	0.598445	0.577881	0.0205634	0.927337	5.21704
1906.0	0.65691	0.0415489	0.615361	0.938714	4.45689
1907.0	0.543039	0.786819	0.243779	0.853406	8.12108
1908.0	0.350141	0.140975	0.209166	0.931758	5.01575
1909.0	0.955782	0.816585	0.139197	0.831784	9.1424
1910.0	0.425551	0.629134	0.203583	0.833397	9.04384
1911.0	0.374314	1.01387	0.639557	0.847479	8.02098
1912.0	0.537114	0.919299	0.382186	0.854279	7.99331
1913.0	0.241237	0.305319	0.0640815	0.890058	6.63918
1914.0	0.481835	0.169534	0.3123	0.803755	10.4156
1915.0	0.783802	0.370121	0.413681	0.842992	8.46828
1916.0	0.442524	0.57506	0.132536	0.820551	9.67661
1917.0	0.0336755	0.184948	0.151272	0.879755	7.03841
1918.0	0.00136225	0.314718	0.313356	0.939835	4.67653
1919.0	0.894935	0.989092	0.0941569	0.924949	5.29652
1920.0	0.171674	0.127184	0.0444901	0.839755	8.79287
1921.0	0.315533	0.375712	0.0601787	0.846904	8.46771
1922.0	0.965226	0.752755	0.212471	0.874617	7.22851
1923.0	0.19979	0.229012	0.0292223	0.871171	7.41735
1924.0	0.537282	0.0841158	0.453166	0.912064	5.58883
1925.0	0.232358	0.164447	0.0679114	0.830884	9.20025
1926.0	0.986154	1.02994	0.0437859	0.856855	8.02945
1927.0	0.956132	0.897251	0.0588815	0.848292	8.40579
1928.0	0.619636	0.190387	0.42925	0.876072	7.02856
1929.0	0.668557	0.423198	0.245359	0.842333	8.6143
1930.0	0.433818	1.36471	0.93089	0.893848	5.65082
1931.0	0.442177	0.736476	0.294298	0.889907	6.56373
1932.0	0.7465	0.728695	0.0178051	0.796022	10.9181
1933.0	0.68765	0.584777	0.102873	0.873118	7.32591
1934.0	0.860151	0.883364	0.0232131	0.714652	15.6727
1935.0	0.390979	0.726154	0.335175	0.780248	11.6225
1936.0	0.558265	0.329255	0.229009	0.85546	8.03822
1937.0	0.929316	0.695021	0.234295	0.806963	10.3019
1938.0	0.907539	0.846404	0.0611355	0.802893	10.5631
1939.0	0.814966	0.6536	0.161365	0.89742	6.32559
1940.0	0.254242	0.599903	0.345661	0.934299	4.8536
1941.0	0.776369	0.721896	0.0544728	0.827183	9.37605
1942.0	0.605495	0.171807	0.433689	0.788497	11.0982
1943.0	0.984021	0.940611	0.0434104	0.857244	8.01251
1944.0	0.645219	0.475154	0.170065	0.890862	6.58252
1945.0	0.923825	0.688455	0.235371	0.862075	7.7484
1946.0	0.107754	0.775057	0.667303	0.794278	10.511
1947.0	0.934407	0.832697	0.10171	0.749197	13.4967
1948.0	0.930326	0.224729	0.705597	0.848662	7.8774
1949.0	0.0930995	0.242391	0.149292	0.879663	7.04282
1950.0	0.820143	0.806368	0.013775	0.882897	6.93251
1951.0	0.794031	0.131638	0.662393	0.792741	10.5971
1952.0	0.887775	0.478524	0.409251	0.819348	9.57227
1953.0	0.421134	0.197658	0.223476	0.887612	6.69202
1954.0	0.176399	0.539351	0.362952	0.877347	7.02855
1955.0	0.577748	0.719631	0.141883	0.816301	9.87956
1956.0	0.154039	0.705517	0.551477	0.821977	9.29962
1957.0	0.656768	0.561923	0.0948443	0.811292	10.1375
1958.0	0.0851781	0.062933	0.0222451	0.847395	8.44899
1959.0	0.498993	0.179722	0.319271	0.815595	9.82486
1960.0	0.177414	0.508461	0.331047	0.803373	10.4215
1961.0	0.256995	0.578948	0.321954	0.870357	7.34755
1962.0	0.527509	-0.14476	0.672269	0.879123	6.63738
1963.0	0.480029	0.68422	0.20419	0.810816	10.1251
1964.0	0.630736	0.714066	0.0833297	0.860844	7.85113
1965.0	0.557699	0.793812	0.236114	0.909243	5.8393
1966.0	0.59771	0.850498	0.252788	0.877896	7.07384
1967.0	0.626291	0.331355	0.294936	0.840081	8.68839
1968.0	0.969895	0.704757	0.265138	0.791186	11.0903
1969.0	0.977655	0.815226	0.162429	0.817143	9.8318
1970.0	0.194851	0.29687	0.102019	0.852733	8.20152
1971.0	0.431009	1.22927	0.798258	0.853789	7.51189
1972.0	0.905224	1.37375	0.468522	0.826762	9.164
1973.0	0.298428	0.451741	0.153313	0.904034	6.0704
1974.0	0.559039	0.435524	0.123515	0.907502	5.94492
1975.0	0.263184	0.799263	0.536078	0.909027	5.62506
1976.0	0.957706	0.9463	0.0114055	0.730789	14.6328
1977.0	0.899981	1.03016	0.130175	0.816704	9.86345
1978.0	0.541468	0.582786	0.0413179	0.78293	11.605
1979.0	0.682837	0.462525	0.220313	0.86031	7.83151
1980.0	0.708772	0.934821	0.226049	0.886153	6.7497
1981.0	0.45509	0.207126	0.247964	0.826451	9.34784
1982.0	0.710806	0.767185	0.0563789	0.887584	6.73948
1983.0	0.269638	0.489737	0.220099	0.817716	9.78005
1984.0	0.398949	0.207089	0.19186	0.781481	11.6426
1985.0	0.293289	-0.330238	0.623528	0.779828	11.3299
1986.0	0.296914	0.355489	0.0585756	0.82239	9.60364
1987.0	0.17591	-0.203293	0.379203	0.880698	6.87906
1988.0	0.0463748	-0.376014	0.422388	0.823941	9.34119
1989.0	0.342275	0.228622	0.113653	0.792248	11.0996
1990.0	0.514145	0.583575	0.0694308	0.89527	6.43115
1991.0	0.355873	0.430822	0.0749494	0.745569	13.7187
1992.0	0.567618	0.250496	0.317123	0.780885	11.6017
1993.0	0.377116	0.519776	0.14266	0.883224	6.89905
1994.0	0.929012	1.11165	0.182634	0.845892	8.48198
1995.0	0.178538	0.210683	0.0321447	0.898807	6.29564
1996.0	0.788378	0.954179	0.1658	0.881234	6.97319
1997.0	0.960181	1.11196	0.151777	0.798008	10.7904
1998.0	0.207393	0.721584	0.514191	0.792103	10.8246
1999.0	0.676729	1.01705	0.340321	0.846384	8.37379
2000.0	0.0465767	0.736389	0.689813	0.907267	5.51158
2001.0	0.0168845	0.287375	0.27049	0.921644	5.35731
2002.0	0.670868	0.148139	0.52273	0.828028	9.04735
2003.0	0.500822	0.485475	0.0153478	0.923498	5.35807
2004.0	0.798955	0.957857	0.158902	0.889219	6.65188
2005.0	0.382319	1.148	0.765677	0.836215	8.34103
2006.0	0.638277	0.846853	0.208576	0.845543	8.48704
2007.0	0.232838	0.528037	0.295199	0.847032	8.37477
2008.0	0.535832	0.258904	0.276929	0.885253	6.76067
2009.0	0.00575844	0.0110019	0.00524342	0.850552	8.30881
2010.0	0.111565	0.720032	0.608467	0.887524	6.3799
2011.0	0.274979	0.310759	0.0357804	0.890053	6.64219
2012.0	0.394534	0.471476	0.0769415	0.780624	11.7242
2013.0	0.359752	0.513907	0.154155	0.876209	7.18389
2014.0	0.0741212	-0.306883	0.381004	0.891274	6.45163
2015.0	0.325596	0.782645	0.457049	0.853015	7.98386
2016.0	0.961752	0.608584	0.353168	0.84346	8.49576
2017.0	0.172497	0.840519	0.668023	0.894948	6.01309
2018.0	0.915398	0.897109	0.018289	0.85373	8.16803
2019.0	0.0399317	0.545829	0.505898	0.83025	8.96214
2020.0	0.720725	0.376801	0.343924	0.810301	10.0665
2021.0	0.107708	-0.40166	0.509367	0.899274	6.02581
2022.0	0.0368743	0.169256	0.132381	0.848018	8.40335
2023.0	0.143422	0.252164	0.108742	0.890357	6.61959
2024.0	0.93421	0.977725	0.0435147	0.849107	8.37107
2025.0	0.31384	0.988712	0.674871	0.903054	5.69121
2026.0	0.499884	0.534201	0.0343173	0.941741	4.69925
2027.0	0.719119	0.592985	0.126133	0.84613	8.48955
2028.0	0.732852	0.619626	0.113226	0.82958	9.25254
2029.0	0.911242	0.795204	0.116038	0.816899	9.85774
2030.0	0.641324	0.135504	0.50582	0.80201	10.3285
2031.0	0.412231	0.457177	0.0449458	0.897803	6.33408
2032.0	0.404855	0.857778	0.452924	0.839606	8.58577
2033.0	0.174955	0.749736	0.57478	0.84328	8.28926
2034.0	0.00540427	0.0721198	0.0667155	0.869903	7.46709
2035.0	0.0142697	0.332232	0.317962	0.861702	7.71769
2036.0	0.257069	-0.101153	0.358222	0.874296	7.15819
2037.0	0.197438	0.280879	0.083441	0.953669	4.27899
2038.0	0.948967	0.9417	0.00726691	0.866814	7.60238
2039.0	0.267583	0.35818	0.0905973	0.873368	7.31785
2040.0	0.545344	0.507086	0.0382579	0.900606	6.22493
2041.0	0.982362	0.675552	0.30681	0.872444	7.26973
2042.0	0.966692	0.885042	0.0816501	0.916303	5.6195
2043.0	0.177296	-0.226874	0.40417	0.839673	8.62662
2044.0	0.779771	0.771699	0.00807195	0.89993	6.25267
2045.0	0.161616	0.0258806	0.135736	0.804433	10.4691
2046.0	0.139426	-0.25999	0.399416	0.948299	4.32417
2047.0	0.0924507	-0.102075	0.194526	0.872086	7.34156
2048.0	0.873831	0.74743	0.126401	0.875853	7.20651
2049.0	0.474389	0.448582	0.0258066	0.938037	4.831
2050.0	0.442682	0.49334	0.0506574	0.861934	7.80859
2051.0	0.960892	1.08814	0.127253	0.904959	6.04176
2052.0	0.258972	0.78136	0.522388	0.746346	13.3505
2053.0	0.0396637	0.348174	0.30851	0.846529	8.38886
2054.0	0.116863	-0.198637	0.3155	0.681764	17.8393
2055.0	0.035087	0.30612	0.271033	0.863898	7.65183
2056.0	0.86653	0.817081	0.0494488	0.794148	11.0126
2057.0	0.369844	0.670004	0.30016	0.803714	10.4259
2058.0	0.0336459	0.219964	0.186318	0.88002	7.01571
2059.0	0.242082	0.129222	0.11286	0.82371	9.53049
2060.0	0.83841	0.551358	0.287053	0.932269	4.96111
2061.0	0.277172	0.881752	0.60458	0.84198	8.31098
2062.0	0.129881	0.071891	0.0579897	0.755277	13.1478
2063.0	0.667087	0.599115	0.067972	0.824365	9.508
2064.0	0.122368	0.63455	0.512183	0.79211	10.8265
2065.0	0.606768	0.392681	0.214087	0.842066	8.64151
2066.0	0.671451	0.937433	0.265982	0.912114	5.71586
2067.0	0.116739	-0.0773364	0.194076	0.778437	11.8061
2068.0	0.949451	0.857209	0.0922424	0.882001	6.96075
2069.0	0.424725	-0.156081	0.580805	0.885776	6.48206
2070.0	0.945116	1.31396	0.368843	0.819066	9.61984
2071.0	0.703901	0.313409	0.390492	0.876159	7.05677
2072.0	0.998372	1.00575	0.00737961	0.943834	4.62663
2073.0	0.950652	1.59696	0.646309	0.779841	11.2964
2074.0	0.00939848	0.767218	0.75782	0.879972	6.48231
2075.0	0.364823	0.652368	0.287545	0.891803	6.49205
2076.0	0.943694	0.829071	0.114623	0.905414	6.02719
2077.0	0.249024	0.797747	0.548723	0.879502	6.7714
2078.0	0.109391	0.0428777	0.0665131	0.869165	7.49829
2079.0	0.253385	0.607272	0.353887	0.8529	8.07525
2080.0	0.98794	0.735914	0.252026	0.913804	5.65899
2081.0	0.752428	0.894387	0.141959	0.908292	5.90995
2082.0	0.712387	0.535564	0.176824	0.855642	8.05213
2083.0	0.764169	0.763797	0.000371613	0.784135	11.5425
2084.0	0.875194	0.579188	0.296006	0.795495	10.8474
2085.0	0.440108	-0.39106	0.831168	0.839684	8.07636
2086.0	0.918516	0.391547	0.526969	0.869249	7.21841
2087.0	0.65022	0.0729219	0.577298	0.814057	9.64847
2088.0	0.479902	0.189316	0.290586	0.867347	7.49394
2089.0	0.0310021	-0.173521	0.204523	0.877301	7.12055
2090.0	0.590502	1.11269	0.522192	0.900119	5.98022
2091.0	0.837449	0.727321	0.110128	0.860199	7.87365
2092.0	0.41899	0.288671	0.130319	0.906781	5.9709
2093.0	0.913484	1.07564	0.162158	0.921508	5.40683
2094.0	0.799524	-0.280536	1.08006	0.814497	8.73709
2095.0	0.50942	0.247544	0.261876	0.899678	6.19565
2096.0	0.555337	0.914878	0.359541	0.907845	5.82176
2097.0	0.169269	0.137359	0.0319104	0.870911	7.42814
2098.0	0.140387	-0.145562	0.28595	0.757025	12.9532
2099.0	0.295155	-0.0623224	0.357478	0.886177	6.67271
2100.0	0.48556	0.980624	0.495064	0.812703	9.81011
2101.0	0.864054	0.58643	0.277624	0.910454	5.77269
2102.0	0.282737	0.488928	0.206191	0.910629	5.79932
2103.0	0.15378	0.244547	0.0907672	0.837668	8.88186
2104.0	0.395414	0.0543975	0.341016	0.880094	6.93115
2105.0	0.12146	0.0580046	0.0634559	0.686723	17.6042
2106.0	0.468879	-0.266822	0.735701	0.875695	6.68861
2107.0	0.605822	0.311518	0.294304	0.880589	6.94054
2108.0	0.72916	0.853529	0.124369	0.882363	6.93903
2109.0	0.219358	0.232723	0.0133653	0.917373	5.58562
2110.0	0.416825	0.486562	0.0697368	0.879171	7.08052
2111.0	0.371948	0.796998	0.42505	0.887635	6.56187
2112.0	0.428605	0.5027	0.0740953	0.894131	6.47555
2113.0	0.531806	0.0120135	0.519793	0.837451	8.61552
2114.0	0.401948	0.504469	0.102521	0.894453	6.45784
2115.0	0.522891	-0.102261	0.625152	0.837939	8.46688
2116.0	0.886783	0.17483	0.711953	0.837353	8.37226
2117.0	0.326017	-0.168696	0.494713	0.821512	9.38544
2118.0	0.495437	0.352914	0.142523	0.835629	8.96297
2119.0	0.995957	1.06236	0.066401	0.870672	7.43475
2120.0	0.614575	0.913697	0.299122	0.934321	4.8808
2121.0	0.233234	0.252622	0.0193876	0.897864	6.33328
2122.0	0.450735	0.414703	0.0360319	0.842787	8.65568
2123.0	0.567851	1.22397	0.656118	0.814782	9.50833
2124.0	0.722053	0.460049	0.262004	0.885858	6.7442
2125.0	0.491438	0.446214	0.0452237	0.947436	4.49885
2126.0	0.928969	1.25989	0.330917	0.82906	9.17358
2127.0	0.554337	0.0202761	0.534061	0.777495	11.5732
2128.0	0.12861	-0.0154103	0.144021	0.735375	14.3213
2129.0	0.98807	0.942486	0.0455834	0.958358	4.12349
2130.0	0.9924	0.813207	0.179193	0.908303	5.89799
2131.0	0.205483	-0.164211	0.369694	0.890663	6.48426
2132.0	0.333408	0.245546	0.0878616	0.855697	8.07408
2133.0	0.41099	0.619461	0.208471	0.978595	3.4159
2134.0	0.0869811	0.19394	0.106959	0.845037	8.54337
2135.0	0.901838	0.166697	0.735141	0.844596	8.01297
2136.0	0.409804	0.304841	0.104963	0.832534	9.11638
2137.0	0.400833	0.801255	0.400422	0.86186	7.65043
2138.0	0.194282	0.764942	0.570659	0.86805	7.22038
2139.0	0.77754	0.617126	0.160414	0.895282	6.41011
2140.0	0.00722477	0.325276	0.318051	0.813653	9.92049
2141.0	0.401569	0.470328	0.0687589	0.824506	9.50118
2142.0	0.102914	0.162553	0.0596387	0.767492	12.4494
2143.0	0.649606	0.626151	0.0234548	0.795347	10.9527
2144.0	0.212537	0.439368	0.226832	0.854349	8.08793
2145.0	0.0442073	0.204533	0.160326	0.898618	6.27893
2146.0	0.367359	0.575303	0.207943	0.846047	8.46471
2147.0	0.140528	-0.185569	0.326096	0.849118	8.26188
2148.0	0.820559	0.659833	0.160726	0.832145	9.11867
2149.0	0.839458	1.02996	0.1905	0.832734	9.0801
2150.0	0.30274	-0.391318	0.694058	0.763443	12.1192
2151.0	0.353237	-0.0852995	0.438536	0.829959	9.04331
2152.0	0.312316	0.542549	0.230233	0.881109	6.95281
2153.0	0.0330025	-0.0638982	0.0969007	0.789884	11.2273
2154.0	0.93649	0.522752	0.413738	0.822433	9.42066
2155.0	0.171586	0.697764	0.526178	0.962366	3.74026
2156.0	0.144788	0.0685298	0.0762583	0.77655	11.9455
2157.0	0.113902	0.700817	0.586915	0.839806	8.43081
2158.0	0.874768	0.648301	0.226467	0.841158	8.67696
2159.0	0.653202	0.900113	0.246911	0.967726	3.75611
2160.0	0.498627	0.303358	0.195269	0.822656	9.55342
2161.0	0.915566	0.928044	0.0124776	0.913074	5.74734
2162.0	0.807528	0.943272	0.135744	0.785046	11.4729
2163.0	0.745303	0.56534	0.179964	0.849015	8.34342
2164.0	0.723388	0.734765	0.0113768	0.845568	8.53136
2165.0	0.572909	-0.114142	0.68705	0.826032	8.92952
2166.0	0.697261	0.854848	0.157587	0.858327	7.94173
2167.0	0.650023	0.0203086	0.629714	0.792523	10.6553
2168.0	0.0926758	0.485791	0.393115	0.850133	8.16686
2169.0	0.0497223	0.270483	0.220761	0.80276	10.5199
2170.0	0.865186	0.765949	0.0992368	0.850145	8.31664
2171.0	0.815092	0.519589	0.295503	0.799098	10.6629
2172.0	0.491413	0.219826	0.271587	0.89674	6.30564
2173.0	0.473825	0.902833	0.429008	0.862379	7.60404
2174.0	0.66279	1.2823	0.619513	0.994719	2.60862
2175.0	0.354594	0.23402	0.120573	0.850694	8.28737
2176.0	0.168559	0.452596	0.284037	0.828497	9.23083
2177.0	0.247215	0.0906342	0.156581	0.814999	9.93831
2178.0	0.576136	0.683906	0.107769	0.864537	7.68764
2179.0	0.981908	0.712823	0.269085	0.931788	4.98782
2180.0	0.522791	0.321398	0.201393	0.915415	5.6204
2181.0	0.539037	1.47015	0.931115	0.797526	9.88294
2182.0	0.843126	0.391771	0.451355	0.708691	15.8111
2183.0	0.298542	-0.0910683	0.38961	0.914561	5.54614
2184.0	0.848162	0.706764	0.141398	0.875631	7.21171
2185.0	0.883099	1.0712	0.188099	0.939422	4.74948
2186.0	0.883064	1.15016	0.267095	0.951184	4.30546
2187.0	0.340572	0.39848	0.057908	0.760936	12.8212
2188.0	0.118178	0.945525	0.827347	0.789486	10.4915
2189.0	0.316496	0.466191	0.149694	0.859856	7.87795
2190.0	0.608516	0.269508	0.339008	0.725562	14.8208
2191.0	0.557687	1.00633	0.448642	0.782103	11.4215
2192.0	0.0353241	0.374533	0.339209	0.877399	7.04311
2193.0	0.521173	0.644947	0.123774	0.899466	6.25591
2194.0	0.248832	0.00361431	0.245218	0.909551	5.82336
2195.0	0.83501	1.27189	0.436875	0.816037	9.70677
2196.0	0.357959	-0.0244866	0.382445	0.894729	6.31381
2197.0	0.976139	0.814327	0.161811	0.793806	11.0036
2198.0	0.983597	0.907076	0.0765203	0.85249	8.21696
2199.0	0.123558	-0.11122	0.234778	0.702344	16.4331
2200.0	0.0202114	-0.118183	0.138394	0.919304	5.49546
2201.0	0.8474	0.714065	0.133335	0.941126	4.70555
2202.0	0.318023	0.267023	0.0510005	0.864342	7.70519
2203.0	0.627096	0.878167	0.25107	0.851476	8.20239
2204.0	0.203468	0.528211	0.324743	0.892893	6.42636
2205.0	0.596378	0.706663	0.110285	0.870808	7.42119
2206.0	0.399247	0.200157	0.199089	0.799498	10.6957
2207.0	0.832362	0.79382	0.0385426	0.860758	7.86043
2208.0	0.391218	0.220134	0.171084	0.782803	11.5803
2209.0	0.936735	0.116573	0.820162	0.84843	7.70844
2210.0	0.22067	0.610511	0.389841	0.860147	7.73256
2211.0	0.953317	0.759943	0.193374	0.775457	11.9688
2212.0	0.474952	1.19917	0.724216	0.841008	8.18938
2213.0	0.869811	0.826878	0.0429336	0.854794	8.11972
2214.0	0.941464	0.546417	0.395047	0.861261	7.68046
2215.0	0.891706	0.65482	0.236886	0.890432	6.57286
2216.0	0.902175	0.96546	0.063285	0.859021	7.93306
2217.0	0.681342	0.60914	0.072202	0.912505	5.76404
2218.0	0.791012	0.598605	0.192407	0.802231	10.5597
2219.0	0.706772	0.77808	0.0713078	0.888037	6.71937
2220.0	0.445741	-0.161198	0.606939	0.825819	9.04961
2221.0	0.789962	1.22197	0.432009	0.874619	7.08625
2222.0	0.495244	0.635758	0.140514	0.762471	12.7142
2223.0	0.616923	1.07821	0.461284	0.902008	5.96516
2224.0	0.475568	-0.299793	0.775361	0.799972	10.051
2225.0	0.319675	0.709134	0.389459	0.933378	4.85653
2226.0	0.849945	0.829374	0.0205711	0.722884	15.1353
2227.0	0.990157	1.15554	0.165386	0.931807	5.02935
2228.0	0.777348	0.443268	0.33408	0.898198	6.21151
2229.0	0.204389	-0.0131437	0.217532	0.800026	10.6602
2230.0	0.991485	0.791353	0.200131	0.860749	7.82126
2231.0	0.689383	0.577246	0.112137	0.892754	6.52323
2232.0	0.774905	0.45871	0.316195	0.776755	11.8257
2233.0	0.439869	0.347157	0.0927123	0.836984	8.91295
2234.0	0.694315	0.211124	0.483191	0.863435	7.50867
2235.0	0.479581	0.240603	0.238978	0.817201	9.79559
2236.0	0.0804342	0.293166	0.212731	0.787311	11.3222
2237.0	0.917307	0.720071	0.197236	0.851411	8.23034
2238.0	0.362316	0.287662	0.0746536	0.838726	8.83615
2239.0	0.231198	1.1338	0.9026	0.811838	9.23751
2240.0	0.939877	0.987284	0.0474061	0.894094	6.48019
2241.0	0.336414	0.430689	0.0942741	0.853139	8.18518
2242.0	0.0402211	0.409827	0.369606	0.866124	7.4928
2243.0	0.492219	0.72307	0.230851	0.837991	8.81937
2244.0	0.501612	1.10191	0.6003	0.827026	9.00159
2245.0	0.720735	0.655313	0.0654227	0.943453	4.63611
2246.0	0.193356	0.0801027	0.113253	0.922038	5.40005
2247.0	0.619483	0.707896	0.088413	0.835934	8.96215
2248.0	0.815058	0.211747	0.603311	0.883033	6.56604
2249.0	0.868868	0.822865	0.0460034	0.855981	8.06744
2250.0	0.823672	1.11592	0.292246	0.808037	10.2148
2251.0	0.888634	1.83874	0.950109	0.867248	6.67766
2252.0	0.343179	0.45262	0.109441	0.873128	7.32406
2253.0	0.819191	0.369807	0.449384	0.847352	8.24101
2254.0	0.314378	0.597011	0.282633	0.849081	8.291
2255.0	0.945422	0.869743	0.0756793	0.828209	9.32464
2256.0	0.203727	0.134292	0.0694353	0.860024	7.88873
2257.0	0.0185654	0.37821	0.359644	0.820863	9.54075
2258.0	0.467655	0.339128	0.128527	0.819522	9.72736
2259.0	0.934951	0.990989	0.0560377	0.765822	12.5439
2260.0	0.988589	0.696155	0.292434	0.840783	8.65802
2261.0	0.533902	0.810588	0.276687	0.759768	12.8016
2262.0	0.0328795	0.229408	0.196529	0.833141	9.05871
2263.0	0.399052	-0.0173212	0.416374	0.865923	7.46401
2264.0	0.595159	0.774375	0.179217	0.816714	9.84643
2265.0	0.418453	0.317831	0.100622	0.902219	6.15372
2266.0	0.792354	0.771156	0.0211982	0.849054	8.37495
2267.0	0.48352	0.538331	0.054811	0.820302	9.70439
2268.0	0.276267	0.374075	0.0978075	0.836675	8.92613
2269.0	0.367057	0.376179	0.00912234	0.787177	11.3806
2270.0	0.479209	0.324161	0.155048	0.900195	6.21893
2271.0	0.809422	0.304834	0.504587	0.872016	7.1261
2272.0	0.126587	0.127005	0.000418018	0.772584	12.1701
2273.0	0.576332	0.719378	0.143046	0.920537	5.44836
2274.0	0.211635	0.224751	0.0131157	0.809311	10.2453
2275.0	0.426081	0.489241	0.0631603	0.885399	6.827
2276.0	0.977061	1.01731	0.0402532	0.86172	7.81879
2277.0	0.973062	0.973289	0.000227332	0.769002	12.3691
2278.0	0.231264	-0.105252	0.336517	0.849213	8.25049
2279.0	0.127444	0.0183259	0.109118	0.801825	10.6082
2280.0	0.671639	0.813883	0.142244	0.822821	9.56485
2281.0	0.371519	0.031436	0.340083	0.822808	9.46256
2282.0	0.946815	0.867992	0.0788232	0.822955	9.57361
2283.0	0.540109	0.618448	0.0783387	0.815408	9.93839
2284.0	0.0758803	0.732887	0.657007	0.923229	4.96133
2285.0	0.890846	0.836239	0.0546068	0.802686	10.5745
2286.0	0.125008	0.475387	0.350379	0.846469	8.36277
2287.0	0.83694	1.26857	0.431628	0.933281	4.82773
2288.0	0.204088	0.174485	0.0296023	0.821947	9.62762
2289.0	0.403168	0.541974	0.138806	0.823749	9.52157
2290.0	0.50191	0.540835	0.0389247	0.839056	8.82535
2291.0	0.340519	0.499787	0.159268	0.915727	5.62322
2292.0	0.823218	0.6664	0.156818	0.870871	7.40595
2293.0	0.935939	0.946444	0.0105048	0.876874	7.18013
2294.0	0.605813	0.487534	0.11828	0.833415	9.07219
2295.0	0.603083	0.393132	0.20995	0.79927	10.7024
2296.0	0.620666	0.985457	0.364791	0.84911	8.23446
2297.0	0.785406	0.1665	0.618906	0.896412	6.01728
2298.0	0.371882	0.392569	0.0206868	0.913814	5.71916
2299.0	0.681186	0.983743	0.302558	0.847309	8.35779
2300.0	0.0171916	-0.559076	0.576267	0.874826	6.9322
2301.0	0.4085	0.758389	0.349889	0.849327	8.23589
2302.0	0.926743	0.702889	0.223854	0.838937	8.77944
2303.0	0.786457	0.841613	0.0551555	0.818683	9.78253
2304.0	0.116031	0.300258	0.184226	0.883053	6.89248
2305.0	0.857259	0.046789	0.81047	0.732875	13.6997
2306.0	0.768221	0.605578	0.162643	0.756875	13.0276
2307.0	0.867047	0.944412	0.0773648	0.840015	8.7768
2308.0	0.881117	0.928745	0.0476281	0.829857	9.25085
2309.0	0.711133	0.238651	0.472481	0.927082	5.0166
2310.0	0.305943	0.361349	0.0554059	0.813709	10.0249
2311.0	0.327977	0.257448	0.0705286	0.755702	13.1211
2312.0	0.299325	0.0877055	0.21162	0.821149	9.61843
2313.0	0.24657	-0.00351688	0.250087	0.934272	4.90774
2314.0	0.250497	0.163631	0.0868659	0.791836	11.1272
2315.0	0.979763	1.03612	0.0563538	0.919897	5.4886
2316.0	0.34094	0.960929	0.619989	0.867871	7.16882
2317.0	0.49733	0.873161	0.37583	0.828663	9.15829
2318.0	0.647957	0.812048	0.164091	0.889054	6.65686
2319.0	0.277536	-0.000314284	0.277851	0.823488	9.47156
2320.0	0.338556	-0.212708	0.551264	0.869459	7.18329
2321.0	0.253043	0.554175	0.301132	0.89616	6.31185
2322.0	0.462801	-0.00275247	0.465553	0.792793	10.8423
2323.0	0.796004	0.97463	0.178626	0.768678	12.35
2324.0	0.760917	0.497376	0.263541	0.807094	10.2793
2325.0	0.762776	1.03936	0.276581	0.801022	10.577
2326.0	0.911545	0.639865	0.27168	0.840682	8.6749
2327.0	0.759695	0.731118	0.0285771	0.798072	10.812
2328.0	0.686866	0.599118	0.0877485	0.834346	9.0357
2329.0	0.953798	1.12794	0.174143	0.804005	10.4775
2330.0	0.555593	-0.0991111	0.654704	0.917961	5.15713
2331.0	0.342807	0.2881	0.0547079	0.815574	9.93372
2332.0	0.0637374	0.149061	0.0853235	0.797915	10.8129
2333.0	0.370702	0.411668	0.0409658	0.893726	6.49535
2334.0	0.444475	0.0199208	0.424554	0.849126	8.18476
2335.0	0.68508	-0.0225912	0.707671	0.859736	7.39518
2336.0	0.197746	-0.124722	0.322468	0.881708	6.87749
2337.0	0.325753	0.769651	0.443898	0.835001	8.80475
2338.0	0.513226	0.496933	0.0162931	0.877638	7.14836
2339.0	0.407976	0.991693	0.583717	0.911251	5.49022
2340.0	0.210005	-0.219968	0.429973	0.913305	5.56169
2341.0	0.0421542	0.0893763	0.0472222	0.825352	9.4636
2342.0	0.862995	0.592085	0.270911	0.933314	4.93197
2343.0	0.944592	1.08046	0.135867	0.855489	8.07206
2344.0	0.727472	-0.0717902	0.799262	0.903618	5.49443
2345.0	0.972465	0.945397	0.0270687	0.937569	4.8476
2346.0	0.478484	0.654661	0.176176	0.790846	11.1524
2347.0	0.0997564	0.802222	0.702465	0.910632	5.36821
2348.0	0.048166	0.441372	0.393206	0.84596	8.35232
2349.0	0.934969	0.662117	0.272852	0.800093	10.6265
2350.0	0.920506	0.406977	0.51353	0.735047	14.0441
2351.0	0.285336	-0.106844	0.39218	0.902201	6.01482
2352.0	0.73457	0.879068	0.144498	0.862851	7.7504
2353.0	0.159789	0.268155	0.108367	0.782948	11.5926
2354.0	0.0528243	0.000246995	0.0525773	0.774054	12.0858
2355.0	0.780316	0.622296	0.15802	0.839596	8.77586
2356.0	0.960441	0.999548	0.0391062	0.910824	5.83135
2357.0	0.569696	-0.271168	0.840864	0.835619	8.24229
2358.0	0.47509	0.330658	0.144433	0.746306	13.6562
2359.0	0.133541	-0.284277	0.417818	0.830167	9.05245
2360.0	0.795805	0.675951	0.119853	0.88352	6.89299
2361.0	0.0636839	0.304329	0.240645	0.89305	6.46686
2362.0	0.168769	0.320082	0.151313	0.868883	7.49144
2363.0	0.0663648	0.0275392	0.0388257	0.89129	6.59248
2364.0	0.714891	0.0285144	0.686377	0.816749	9.36998
2365.0	0.925448	0.77736	0.148088	0.78285	11.5862
2366.0	0.842024	0.558885	0.283139	0.775838	11.8986
2367.0	0.0606277	-0.0816192	0.142247	0.846791	8.4554
2368.0	0.293619	0.257306	0.0363129	0.899063	6.28535
2369.0	0.420928	0.472819	0.0518906	0.813686	10.0265
2370.0	0.386206	0.199298	0.186908	0.838407	8.81974
2371.0	0.170413	1.16996	0.999549	0.89299	5.55716
2372.0	0.760912	0.900648	0.139735	0.890411	6.60981
2373.0	0.549529	0.267706	0.281823	0.792325	11.0207
2374.0	0.918738	1.19962	0.280881	0.844668	8.48934
2375.0	0.778039	0.642646	0.135392	0.791635	11.1255
2376.0	0.768989	0.896909	0.12792	0.861562	7.81047
2377.0	0.77887	0.817076	0.038206	0.889738	6.65464
2378.0	0.616139	-0.165011	0.78115	0.782081	10.9603
2379.0	0.605357	0.421619	0.183738	0.917317	5.55564
2380.0	0.135768	-0.581573	0.717341	0.958228	3.66511
2381.0	0.567409	0.921213	0.353804	0.904823	5.94144
2382.0	0.219181	0.583327	0.364146	0.900287	6.10961
2383.0	0.281807	0.765929	0.484122	0.898697	6.07256
2384.0	0.0567613	0.316413	0.259652	0.836338	8.88036
2385.0	0.72064	0.781114	0.0604742	0.902456	6.15079
2386.0	0.110124	0.130305	0.0201813	0.821265	9.6609
2387.0	0.258698	0.192905	0.0657927	0.812464	10.0848
2388.0	0.00258149	0.521614	0.519032	0.769644	12.0203
2389.0	0.823242	0.622384	0.200859	0.761446	12.7483
2390.0	0.306084	0.154307	0.151777	0.873947	7.27872
2391.0	0.56976	0.784033	0.214273	0.93764	4.80297
2392.0	0.83452	0.914744	0.0802245	0.881531	6.98206
2393.0	0.146917	0.679659	0.532742	0.911576	5.53228
2394.0	0.722457	0.6835	0.0389571	0.890648	6.61813
2395.0	0.0175372	0.448557	0.43102	0.983054	3.14695
2396.0	0.969292	0.945165	0.024127	0.934856	4.94475
2397.0	0.959523	0.733485	0.226037	0.848111	8.36418
2398.0	0.384801	0.536445	0.151645	0.784049	11.5208
2399.0	0.0769117	0.560351	0.483439	0.903623	5.88272
2400.0	0.949693	0.806074	0.143619	0.842334	8.65584
2401.0	0.0354384	0.181643	0.146204	0.847578	8.41901
2402.0	0.797306	0.811345	0.014039	0.881579	6.98635
2403.0	0.0448151	0.381031	0.336216	0.906996	5.86985
2404.0	0.0955	0.432058	0.336558	0.818569	9.66845
2405.0	0.34493	0.357098	0.0121685	0.811324	10.1456
2406.0	0.513085	0.33175	0.181335	0.89566	6.38818
2407.0	0.617075	0.338327	0.278748	0.781739	11.582
2408.0	0.677246	1.03348	0.356236	0.821676	9.50447
2409.0	0.845153	0.822639	0.0225139	0.891752	6.57506
2410.0	0.47589	-0.558592	1.03448	0.90016	5.21617
2411.0	0.543312	0.733113	0.189801	0.954358	4.22883
2412.0	0.690469	-0.127644	0.818113	0.819559	9.02437
2413.0	0.333376	0.117731	0.215645	0.822165	9.56787
2414.0	0.88812	0.674101	0.214019	0.889323	6.62739
2415.0	0.175191	0.20023	0.0250393	0.908621	5.91622
2416.0	0.541356	0.594175	0.0528188	0.781672	11.6713
2417.0	0.778026	0.968918	0.190892	0.933141	4.97276
2418.0	0.285009	-0.201006	0.486014	0.857083	7.77864
2419.0	0.154933	0.186216	0.0312828	0.78682	11.3985
2420.0	0.861185	0.88592	0.024735	0.829414	9.27343
2421.0	0.274693	0.421217	0.146524	0.902405	6.13546
2422.0	0.0694678	0.259046	0.189578	0.942497	4.64039
2423.0	0.701474	0.386607	0.314866	0.877826	7.04146
2424.0	0.783948	0.945544	0.161596	0.870884	7.40383
2425.0	0.858251	0.825417	0.0328341	0.8254	9.46261
2426.0	0.437446	0.920198	0.482752	0.820022	9.4692
2427.0	0.0392491	0.275597	0.236348	0.820066	9.65849
2428.0	0.347674	0.874831	0.527157	0.870503	7.16581
2429.0	0.33188	0.483929	0.152049	0.95338	4.27413
2430.0	0.865275	0.781531	0.0837443	0.839397	8.80394
2431.0	0.270719	0.149377	0.121342	0.802263	10.5828
2432.0	0.144301	0.597893	0.453592	0.819169	9.53956
2433.0	0.264158	0.214126	0.0500313	0.945463	4.5673
2434.0	0.0876007	0.0050791	0.0825216	0.787771	11.3416
2435.0	0.376521	-0.115976	0.492497	0.753573	12.9624
2436.0	0.43273	0.864838	0.432108	0.846475	8.29591
2437.0	0.588749	0.367446	0.221303	0.861641	7.77369
2438.0	0.577899	0.583137	0.00523766	0.894271	6.47539
2439.0	0.349649	0.581445	0.231796	0.903558	6.05943
2440.0	0.157309	0.747644	0.590334	0.84388	8.24356
2441.0	0.718949	0.72406	0.00511054	0.812993	10.0634
2442.0	0.0662459	0.409214	0.342968	0.896803	6.26026
2443.0	0.811692	0.0210666	0.790625	0.867782	6.93147
2444.0	0.666388	0.655886	0.0105024	0.956751	4.17992
2445.0	0.512921	0.412675	0.100247	0.818676	9.77527
2446.0	0.710573	0.389172	0.3214	0.80512	10.3407
2447.0	0.0826893	0.146602	0.0639123	0.823772	9.53686
2448.0	0.656874	0.301423	0.35545	0.924115	5.21603
2449.0	0.298084	0.265562	0.0325221	0.908051	5.93763
2450.0	0.015536	0.358232	0.342696	0.878699	6.98722
2451.0	0.108119	-0.363368	0.471487	0.782877	11.3564
2452.0	0.818914	0.60987	0.209044	0.925851	5.2305
2453.0	0.313162	-0.0273449	0.340506	0.823798	9.41512
2454.0	0.726513	0.852054	0.125542	0.79307	11.0537
2455.0	0.595311	0.689843	0.0945321	0.804324	10.4851
2456.0	0.957585	1.20019	0.24261	0.877377	7.10033
2457.0	0.993706	0.508891	0.484815	0.821125	9.41436
2458.0	0.51192	0.162705	0.349215	0.852927	8.07745
2459.0	0.490808	0.612569	0.121761	0.847873	8.41264
2460.0	0.583589	0.429101	0.154488	0.846718	8.45487
2461.0	0.484385	0.94935	0.464965	0.861315	7.6168
2462.0	0.823271	0.617577	0.205694	0.909964	5.8248
2463.0	0.240971	0.636751	0.39578	0.848423	8.24044
2464.0	0.358477	0.544893	0.186416	0.827542	9.32499
2465.0	0.674355	0.568691	0.105664	0.899443	6.26087
2466.0	0.428377	0.717513	0.289135	0.908139	5.85457
2467.0	0.564801	0.22044	0.344361	0.859687	7.78658
2468.0	0.16297	0.460311	0.297341	0.875363	7.15401
2469.0	0.0877899	0.397821	0.310031	0.79351	10.9404
2470.0	0.848824	0.705888	0.142937	0.742251	13.9008
2471.0	0.202837	-0.0077271	0.210564	0.782332	11.5883
2472.0	0.846604	0.505442	0.341162	0.856365	7.93283
2473.0	0.998801	0.861585	0.137215	0.876437	7.17941
2474.0	0.169214	-0.130597	0.299811	0.863427	7.6552
2475.0	0.160237	0.381657	0.221419	0.864041	7.67066
2476.0	0.24972	-0.378856	0.628577	0.812261	9.6688
2477.0	0.0248782	0.835326	0.810448	0.883176	6.27279
2478.0	0.54172	0.944013	0.402293	0.882913	6.77094
2479.0	0.456647	1.24215	0.7855	0.918303	4.9676
2480.0	0.0191692	0.307428	0.288258	0.880786	6.93596
2481.0	0.986009	0.854492	0.131518	0.870084	7.44646
2482.0	0.277739	0.484882	0.207142	0.846358	8.45111
2483.0	0.0442096	0.11523	0.0710199	0.797838	10.8193
2484.0	0.0457296	0.139799	0.0940692	0.905133	6.04219
2485.0	0.0448296	0.0136324	0.0311973	0.757671	13.0118
2486.0	0.885132	0.787529	0.097603	0.822456	9.5939
2487.0	0.531455	0.611742	0.0802871	0.889746	6.64938
2488.0	0.559638	0.323327	0.236311	0.855878	8.01645
2489.0	0.402558	0.233343	0.169215	0.829835	9.22367
2490.0	0.380486	1.00144	0.620951	0.888909	6.30978
2491.0	0.421999	0.363077	0.0589214	0.902821	6.13682
2492.0	0.594644	0.41624	0.178404	0.807764	10.2874
2493.0	0.929422	0.659033	0.270389	0.926889	5.1648
2494.0	0.331464	0.0853629	0.246101	0.840787	8.6841
2495.0	0.804647	0.191098	0.613549	0.813912	9.60876
2496.0	0.704509	0.531419	0.17309	0.804846	10.4356
2497.0	0.602419	0.711131	0.108712	0.78539	11.4621
2498.0	0.608955	0.394413	0.214542	0.724968	14.9446
2499.0	0.936233	0.974157	0.0379236	0.842715	8.65875
2500.0	0.791306	1.13082	0.339511	0.808556	10.1561
2501.0	0.634728	0.658183	0.0234555	0.889819	6.65227
2502.0	0.602698	0.904022	0.301324	0.840127	8.68226
2503.0	0.320631	0.633295	0.312664	0.779567	11.6759
2504.0	0.90155	0.981198	0.0796483	0.888001	6.71954
2505.0	0.593283	0.237796	0.355487	0.832138	9.01197
2506.0	0.06902	-0.282107	0.351127	0.795134	10.826
2507.0	0.0289719	0.382841	0.353869	0.855837	7.94674
2508.0	0.0549441	0.360379	0.305435	0.870855	7.33709
2509.0	0.277815	0.454176	0.176361	0.894968	6.41724
2510.0	0.580706	-0.0925744	0.67328	0.834286	8.56778
2511.0	0.969756	1.23128	0.261527	0.854938	8.04461
2512.0	0.948033	0.947765	0.000267985	0.83235	9.13668
2513.0	0.536808	0.346603	0.190205	0.875845	7.18651
2514.0	0.727375	0.573864	0.153511	0.877013	7.15082
2515.0	0.849919	0.605861	0.244058	0.805721	10.3589
2516.0	0.604787	0.630359	0.0255714	0.829699	9.26001
2517.0	0.918581	1.10336	0.184783	0.816863	9.83697
2518.0	0.950218	1.02492	0.0746971	0.950796	4.37911
2519.0	0.610947	0.447731	0.163216	0.924151	5.30901
2520.0	0.635684	0.343785	0.291898	0.904582	5.98939
2521.0	0.818047	1.13157	0.313521	0.886267	6.6983
2522.0	0.788976	0.699688	0.0892881	0.854697	8.11762
2523.0	0.109497	0.0386516	0.0708458	0.85265	8.21075
2524.0	0.0984039	-0.0701499	0.168554	0.868676	7.49459
2525.0	0.109691	0.17523	0.0655384	0.775328	12.0141
2526.0	0.217048	0.228386	0.0113379	0.867655	7.56656
2527.0	0.609675	0.96702	0.357345	0.818455	9.65832
2528.0	0.127145	-0.082245	0.20939	0.786654	11.3586
2529.0	0.244851	0.616345	0.371494	0.845769	8.37816
2530.0	0.526876	0.68183	0.154954	0.783482	11.55
2531.0	0.617032	0.468296	0.148736	0.877092	7.149
2532.0	0.862781	0.457976	0.404805	0.895509	6.26589
2533.0	0.766481	0.870903	0.104423	0.840525	8.74833
2534.0	0.473111	1.06672	0.59361	0.873477	6.96764
2535.0	0.811105	0.729695	0.0814104	0.928381	5.1731
2536.0	0.949911	1.20231	0.252396	0.83597	8.90123
2537.0	0.329441	0.384329	0.0548882	0.825668	9.44777
2538.0	0.76552	0.454165	0.311356	0.908444	5.83005
2539.0	0.956509	1.46955	0.513036	0.763395	12.3763
2540.0	0.341023	0.732661	0.391638	0.751983	13.1612
2541.0	0.896739	0.823172	0.0735671	0.951909	4.3409
2542.0	0.485518	0.82523	0.339711	0.856307	7.93638
2543.0	0.930624	1.48777	0.557143	0.847849	8.10649
2544.0	0.174764	0.256717	0.0819533	0.755165	13.1503
2545.0	0.626102	0.418879	0.207223	0.810897	10.1197
2546.0	0.765929	1.23621	0.470277	0.84728	8.22426
2547.0	0.493519	0.882111	0.388592	0.858509	7.80425
2548.0	0.729196	0.540208	0.188987	0.726326	14.8708
2549.0	0.698571	0.856729	0.158158	0.949897	4.39234
2550.0	0.95452	0.903267	0.0512526	0.778269	11.8555
2551.0	0.493825	0.67121	0.177385	0.924271	5.30002
2552.0	0.130357	0.272351	0.141994	0.85055	8.28794
2553.0	0.0954128	0.141834	0.0464213	0.834481	9.03537
2554.0	0.457563	0.569144	0.111581	0.812932	10.0528
2555.0	0.368557	-0.192148	0.560705	0.780212	11.3939
2556.0	0.844599	0.959839	0.11524	0.779431	11.7802
2557.0	0.291153	0.314095	0.0229423	0.795737	10.9325
2558.0	0.65361	1.77678	1.12317	0.913404	4.54696
2559.0	0.59976	0.866151	0.266391	0.868453	7.46082
2560.0	0.788473	0.901763	0.113291	0.91991	5.47893
2561.0	0.0239266	-0.0694918	0.0934184	0.860351	7.87058
2562.0	0.941989	0.75	0.191989	0.86567	7.61353
2563.0	0.4502	0.602793	0.152593	0.827944	9.31831
2564.0	0.873891	0.910537	0.0366459	0.847663	8.43611
2565.0	0.797425	0.586984	0.21044	0.837383	8.85678
2566.0	0.280364	-0.107714	0.388079	0.862406	7.63697
2567.0	0.937048	0.513027	0.424021	0.865535	7.47392
2568.0	0.955663	0.588949	0.366714	0.851281	8.13693
2569.0	0.259858	0.625243	0.365385	0.796594	10.7395
2570.0	0.5331	0.669499	0.136399	0.874992	7.23965
2571.0	0.0789998	-0.693817	0.772817	0.943493	4.0906
2572.0	0.0426033	0.0674517	0.0248484	0.906771	5.98712
2573.0	0.810431	0.903611	0.0931796	0.806903	10.3559
2574.0	0.817601	0.966187	0.148586	0.812374	10.0697
2575.0	0.741854	0.730358	0.011496	0.782017	11.6558
2576.0	0.0367184	-0.0687326	0.105451	0.867365	7.56771
2577.0	0.742252	0.454294	0.287958	0.842901	8.56478
2578.0	0.666298	1.0837	0.417399	0.863069	7.58455
2579.0	0.190473	-0.0108196	0.201293	0.854682	8.08462
2580.0	0.536152	0.353907	0.182245	0.789592	11.2157
2581.0	0.511595	1.09791	0.586314	0.919019	5.19818
2582.0	0.902401	0.672427	0.229974	0.797133	10.8019
2583.0	0.356739	-0.569355	0.926094	0.795067	10.0166
2584.0	0.658511	0.597712	0.0607983	0.809041	10.2548
2585.0	0.640292	0.731127	0.0908342	0.821499	9.64114
2586.0	0.607493	0.563341	0.0441522	0.772902	12.1503
2587.0	0.0790429	0.4987	0.419657	0.883386	6.7376
2588.0	0.120418	0.287313	0.166895	0.796743	10.85
2589.0	0.228837	0.881796	0.652959	0.960146	3.68016
2590.0	0.0237108	0.386797	0.363086	0.926841	5.11125
2591.0	0.140432	-0.1303	0.270732	0.813596	9.95365
2592.0	0.352214	0.165855	0.186359	0.964281	3.89442
2593.0	0.0847461	-0.0866849	0.171431	0.841082	8.70348
2594.0	0.639043	0.433306	0.205738	0.838001	8.83053
2595.0	0.782214	0.929595	0.14738	0.837661	8.86789
2596.0	0.114411	0.87862	0.764209	0.819563	9.11497
2597.0	0.155987	0.0307673	0.12522	0.786666	11.39
2598.0	0.567529	0.202842	0.364687	0.853874	8.02451
2599.0	0.839977	0.73972	0.100258	0.824215	9.50929
2600.0	0.304665	0.217026	0.0876385	0.856632	8.03323
2601.0	0.15834	0.705902	0.547562	0.854312	7.8337
2602.0	0.330375	0.548288	0.217913	0.873993	7.25212
2603.0	0.216131	0.390025	0.173893	0.822072	9.58989
2604.0	0.171419	0.333679	0.16226	0.892006	6.53944
2605.0	0.212099	0.0338141	0.178285	0.784412	11.4915
2606.0	0.0766736	0.496795	0.420121	0.786831	11.1988
2607.0	0.519281	0.380176	0.139105	0.86259	7.76319
2608.0	0.461255	0.183453	0.277802	0.877733	7.06726
2609.0	0.499943	0.13878	0.361164	0.84019	8.63771
2610.0	0.238144	0.514306	0.276162	0.836833	8.84823
2611.0	0.360502	0.202801	0.157702	0.861198	7.81743
2612.0	0.696318	0.959166	0.262848	0.826693	9.32821
2613.0	0.525168	0.271722	0.253446	0.898203	6.25753
2614.0	0.164524	0.0151652	0.149359	0.851176	8.25797
2615.0	0.927479	1.0536	0.12612	0.77975	11.76
2616.0	0.023319	-0.155712	0.179031	0.850928	8.25881
2617.0	0.808905	0.624846	0.184059	0.781839	11.6267
2618.0	0.21183	0.474777	0.262947	0.878035	7.06287
2619.0	0.371489	0.476581	0.105091	0.809569	10.2205
2620.0	0.571808	0.91576	0.343952	0.841468	8.59248
2621.0	0.596647	1.20398	0.607333	0.860401	7.50059
2622.0	0.617971	0.540259	0.0777121	0.855242	8.09573
2623.0	0.72179	0.814345	0.0925552	0.886185	6.79063
2624.0	0.0357488	0.117574	0.081825	0.904571	6.06594
2625.0	0.230219	0.00298053	0.227238	0.825354	9.41037
2626.0	0.130646	-0.53529	0.665936	0.851401	7.81329
2627.0	0.208668	-0.28715	0.495818	0.92199	5.18125
2628.0	0.369487	0.67475	0.305263	0.818949	9.67186
2629.0	0.750373	0.551028	0.199345	0.910552	5.80491
2630.0	0.574659	0.421126	0.153533	0.858882	7.91895
2631.0	0.796424	0.374661	0.421763	0.854224	7.96288
2632.0	0.95422	1.00506	0.0508377	0.794406	10.9991
2633.0	0.413304	0.43748	0.0241756	0.886071	6.80314
2634.0	0.236425	-0.0563611	0.292786	0.835588	8.89551
2635.0	0.264794	0.633666	0.368872	0.9738	3.48927
2636.0	0.276448	0.401685	0.125237	0.929235	5.13348
2637.0	0.246055	0.473784	0.227729	0.887759	6.6842
2638.0	0.661069	0.533215	0.127855	0.934259	4.95142
2639.0	0.405715	0.0241823	0.381533	0.838556	8.6962
2640.0	0.679312	0.744787	0.0654752	0.8591	7.92932
2641.0	0.617914	1.35162	0.733707	0.865643	7.10759
2642.0	0.1413	-0.236643	0.377942	0.793366	10.8954
2643.0	0.746395	0.538319	0.208076	0.91381	5.67817
2644.0	0.871325	0.287886	0.583439	0.752472	12.9104
2645.0	0.771366	0.799808	0.0284418	0.782679	11.6195
2646.0	0.636422	-0.0673306	0.703753	0.870578	6.94493
2647.0	0.804663	0.930431	0.125768	0.866401	7.60386
2648.0	0.666591	0.286939	0.379652	0.93001	4.98476
2649.0	0.737897	0.922925	0.185028	0.820532	9.65948
2650.0	0.252889	0.185091	0.0677978	0.778033	11.866
2651.0	0.182186	0.104484	0.0777024	0.90428	6.07786
2652.0	0.698742	0.536338	0.162404	0.776954	11.8997
2653.0	0.26738	0.293116	0.0257366	0.820125	9.7155
2654.0	0.00106074	-0.317484	0.318545	0.80926	10.1364
2655.0	0.349075	1.00903	0.65996	0.886663	6.35017
2656.0	0.301164	0.163136	0.138028	0.913947	5.69626
2657.0	0.49616	0.935742	0.439583	0.759996	12.651
2658.0	0.129819	0.336295	0.206477	0.847563	8.39749
2659.0	0.207175	0.978619	0.771443	0.757471	12.3239
2660.0	0.764886	0.182112	0.582774	0.779081	11.4258
2661.0	0.0651474	0.28713	0.221982	0.907322	5.91894
2662.0	0.725793	0.778676	0.052883	0.801946	10.6122
2663.0	0.710251	0.666601	0.0436509	0.809763	10.2209
2664.0	0.629064	0.24263	0.386433	0.862196	7.64725
2665.0	0.923701	1.13462	0.210915	0.872665	7.31059
2666.0	0.59958	0.31117	0.288411	0.830342	9.14167
2667.0	0.330621	0.591421	0.2608	0.822179	9.54395
2668.0	0.609786	0.551142	0.0586438	0.903195	6.12233
2669.0	0.740312	0.946417	0.206105	0.86764	7.52415
2670.0	0.0138189	0.246379	0.23256	0.780041	11.7004
2671.0	0.852513	0.498571	0.353942	0.826619	9.27151
2672.0	0.692658	0.421525	0.271133	0.853114	8.11933
2673.0	0.0583652	0.574401	0.516036	0.945566	4.32097
2674.0	0.532347	0.871982	0.339635	0.827326	9.24881
2675.0	0.490404	0.800518	0.310114	0.876108	7.11537
2676.0	0.849294	0.963187	0.113892	0.832858	9.09918
2677.0	0.984796	0.990893	0.00609729	0.824511	9.50599
2678.0	0.586708	0.977417	0.390709	0.840083	8.61921
2679.0	0.248483	0.222039	0.0264432	0.795548	10.9421
2680.0	0.213527	0.21409	0.000562209	0.81791	9.82329
2681.0	0.872786	1.02428	0.151494	0.852602	8.19426
2682.0	0.83045	0.39689	0.433561	0.892922	6.34428
2683.0	0.849462	0.605761	0.243701	0.835025	8.94938
2684.0	0.14061	-0.069277	0.209887	0.776751	11.8904
2685.0	0.283842	0.208424	0.0754178	0.834145	9.04715
2686.0	0.891111	0.573724	0.317387	0.849304	8.25941
2687.0	0.84594	0.840968	0.00497176	0.846769	8.47755
2688.0	0.837095	0.975661	0.138567	0.849654	8.32871
2689.0	0.917108	0.923135	0.00602691	0.874779	7.26725
2690.0	0.245641	-0.155191	0.400832	0.891825	6.41451
2691.0	0.669288	0.717993	0.0487051	0.794946	10.9714
2692.0	0.0754069	0.441506	0.366099	0.920208	5.35267
2693.0	0.7799	0.724471	0.0554299	0.820508	9.69443
2694.0	0.0494527	0.167914	0.118461	0.840959	8.72526
2695.0	0.401123	-0.0868456	0.487969	0.839451	8.55824
2696.0	0.249615	0.531403	0.281788	0.800873	10.5814
2697.0	0.765234	1.05326	0.288028	0.832028	9.06328
2698.0	0.445256	0.727032	0.281777	0.843735	8.53083
2699.0	0.157258	0.188611	0.0313524	0.773199	12.135
2700.0	0.478122	0.188726	0.289396	0.742896	13.7849
2701.0	0.062478	0.148497	0.0860185	0.911638	5.7948
2702.0	0.199264	0.256854	0.0575906	0.972028	3.66583
2703.0	0.372267	0.544628	0.17236	0.896623	6.35334
2704.0	0.629898	0.402872	0.227025	0.853944	8.10559
2705.0	0.655302	0.873609	0.218307	0.82741	9.31739
2706.0	0.904127	0.82931	0.074817	0.925197	5.2905
2707.0	0.0534156	0.321833	0.268418	0.906516	5.92782
2708.0	0.994801	0.906962	0.0878392	0.828647	9.30191
2709.0	0.839291	0.204459	0.634832	0.93215	4.66668
2710.0	0.61568	1.03621	0.420531	0.889071	6.50821
2711.0	0.537177	0.622173	0.0849963	0.778685	11.8276
2712.0	0.544494	0.686864	0.14237	0.941597	4.68661
2713.0	0.504929	0.857336	0.352408	0.817323	9.71683
2714.0	0.385983	0.441268	0.0552847	0.934904	4.94069
2715.0	0.906396	0.930158	0.0237627	0.876915	7.17798
2716.0	0.134969	0.652754	0.517785	0.795212	10.6602
2717.0	0.338027	0.819253	0.481226	0.885837	6.58382
2718.0	0.234574	0.666613	0.43204	0.894251	6.29312
2719.0	0.872855	2.4336	1.56074	0.840071	6.30453
2720.0	0.160637	0.523278	0.362641	0.896663	6.2522
2721.0	0.781548	0.944508	0.162961	0.801951	10.5855
2722.0	0.316354	0.034604	0.28175	0.807989	10.2238
2723.0	0.475948	0.232044	0.243904	0.863381	7.68821
2724.0	0.80026	0.548478	0.251782	0.925261	5.23351
2725.0	0.520419	0.93476	0.414341	0.860893	7.68035
2726.0	0.422344	0.424966	0.00262191	0.929495	5.1388
2727.0	0.377319	0.483626	0.106306	0.937552	4.83834
2728.0	0.364098	0.231269	0.132829	0.810047	10.1895
2729.0	0.138	0.633609	0.495608	0.819826	9.46507
2730.0	0.466746	0.739714	0.272968	0.790999	11.0954
2731.0	0.920396	1.10669	0.186295	0.803702	10.4879
2732.0	0.227596	0.600646	0.37305	0.858755	7.80571
2733.0	0.663832	0.896382	0.23255	0.841083	8.67744
2734.0	0.170875	0.346634	0.175759	0.760036	12.8402
2735.0	0.963452	0.803934	0.159519	0.758635	12.9271
2736.0	0.953501	0.920144	0.0333571	0.774114	12.0844
2737.0	0.411907	0.999013	0.587106	0.881705	6.63874
2738.0	0.432713	0.524873	0.0921599	0.897946	6.32212
2739.0	0.638103	0.693075	0.0549725	0.744567	13.7821
2740.0	0.229428	0.0832976	0.14613	0.838763	8.81778
2741.0	0.30284	0.247769	0.055071	0.855016	8.10875
2742.0	0.351787	-0.16863	0.520418	0.84334	8.34853
2743.0	0.115849	0.053769	0.0620799	0.870825	7.42886
2744.0	0.635522	0.182146	0.453376	0.768825	12.1396
2745.0	0.963076	0.51439	0.448685	0.804925	10.2424
2746.0	0.139209	0.0567285	0.08248	0.848749	8.38191
2747.0	0.648477	0.262335	0.386142	0.913368	5.5935
2748.0	0.0187679	0.0137411	0.00502686	0.921494	5.43233
2749.0	0.325038	1.1163	0.791265	0.934746	4.36895
2750.0	0.993911	0.890389	0.103523	0.849206	8.3575
2751.0	0.988347	0.731736	0.256611	0.890774	6.5496
2752.0	0.974273	0.802127	0.172146	0.87382	7.27734
2753.0	0.531018	0.398343	0.132675	0.876321	7.18545
2754.0	0.431527	0.674092	0.242565	0.910609	5.78435
2755.0	0.682856	1.05052	0.367666	0.848697	8.25057
2756.0	0.384039	0.755947	0.371907	0.767741	12.2782
2757.0	0.360671	0.409339	0.0486681	0.751775	13.354
2758.0	0.331603	0.500262	0.168659	0.809791	10.1904
2759.0	0.25459	0.148718	0.105873	0.879043	7.0794
2760.0	0.795871	0.390542	0.40533	0.853558	8.00604
2761.0	0.653235	0.609607	0.0436284	0.832955	9.10649
2762.0	0.52529	0.403692	0.121599	0.864736	7.67593
2763.0	0.69143	0.808174	0.116743	0.85779	7.97664
2764.0	0.232443	-0.351538	0.583981	0.816047	9.54382
2765.0	0.205832	0.121874	0.0839579	0.768752	12.3748
2766.0	0.635453	0.818664	0.183211	0.885656	6.78718
2767.0	0.321687	0.243269	0.0784172	0.841356	8.71553
2768.0	0.73761	0.347109	0.390502	0.88275	6.78686
2769.0	0.134831	0.963317	0.828486	0.819609	9.00382
2770.0	0.446742	0.327532	0.11921	0.894607	6.44811
2771.0	0.507932	0.183766	0.324165	0.851167	8.17244
2772.0	0.425192	0.769168	0.343976	0.827256	9.24893
2773.0	0.423354	0.540302	0.116948	0.877145	7.15529
2774.0	0.553841	0.842634	0.288793	0.853949	8.07244
2775.0	0.0999425	0.180855	0.0809121	0.82215	9.61174
2776.0	0.405601	0.322044	0.0835575	0.874471	7.27306
2777.0	0.691783	0.618808	0.072975	0.896391	6.3864
2778.0	0.124649	0.0350406	0.0896083	0.816643	9.87611
2779.0	0.917607	0.918841	0.00123467	0.808266	10.2975
2780.0	0.594857	0.331483	0.263374	0.760117	12.79
2781.0	0.560039	0.250531	0.309508	0.870037	7.36893
2782.0	0.840159	0.0756923	0.764467	0.814067	9.37712
2783.0	0.75241	0.969627	0.217217	0.897535	6.30039
2784.0	0.700934	0.333484	0.36745	0.856363	7.91374
2785.0	0.780574	1.0751	0.294522	0.885099	6.75692
2786.0	0.864809	0.592527	0.272281	0.845088	8.47544
2787.0	0.942754	0.647933	0.294821	0.861031	7.76107
2788.0	0.662507	0.654729	0.00777787	0.856542	8.04502
2789.0	0.0160539	0.44877	0.432716	0.901384	6.01403
2790.0	0.516263	-0.121231	0.637494	0.900005	5.85546
2791.0	0.120403	0.880486	0.760083	0.826071	8.81583
2792.0	0.239612	0.0314219	0.20819	0.821638	9.59651
2793.0	0.826246	1.01398	0.187733	0.863671	7.70059
2794.0	0.973639	0.795417	0.178222	0.889521	6.63335
2795.0	0.908993	1.30409	0.395102	0.800873	10.4962
2796.0	0.592676	-0.016844	0.60952	0.759512	12.4693
2797.0	0.382896	0.567203	0.184307	0.822742	9.55377
2798.0	0.195452	0.179464	0.0159875	0.772379	12.1811
2799.0	0.591138	0.60766	0.016522	0.800577	10.6846
2800.0	0.307071	1.03469	0.727617	0.857123	7.47795
2801.0	0.695103	0.774245	0.0791421	0.846927	8.46394
2802.0	0.841138	0.775095	0.0660428	0.863868	7.7237
2803.0	0.963494	0.674288	0.289205	0.834513	8.9473
2804.0	0.457174	0.498074	0.0408994	0.830097	9.24026
2805.0	0.674532	0.62783	0.0467012	0.83807	8.86983
2806.0	0.330406	-0.0242171	0.354624	0.743311	13.709
2807.0	0.745008	0.619737	0.125271	0.795107	10.9481
2808.0	0.0653594	0.137015	0.0716555	0.867871	7.55232
2809.0	0.317972	0.553093	0.235121	0.846233	8.44377
2810.0	0.66586	-0.137777	0.803636	0.81956	9.04927
2811.0	0.665954	1.03826	0.372302	0.785771	11.2977
2812.0	0.323938	0.569386	0.245448	0.892456	6.48814
2813.0	0.419515	0.124692	0.294823	0.861136	7.75654
2814.0	0.81745	0.55916	0.258289	0.784053	11.4708
2815.0	0.230223	0.420877	0.190654	0.905084	6.01742
2816.0	0.0613869	-0.00783071	0.0692176	0.859389	7.91628
2817.0	0.0628189	-0.212349	0.275168	0.801049	10.5766
2818.0	0.882936	0.696909	0.186027	0.911872	5.75975
2819.0	0.591417	0.287267	0.30415	0.917281	5.50092
2820.0	0.0516852	0.295018	0.243333	0.849134	8.31019
2821.0	0.965845	0.752865	0.21298	0.846603	8.43758
2822.0	0.500025	0.618909	0.118883	0.921061	5.43496
2823.0	0.438541	0.87277	0.43423	0.911601	5.62234
2824.0	0.0515637	0.578636	0.527073	0.845632	8.2388
2825.0	0.481069	0.743306	0.262237	0.887079	6.69484
2826.0	0.740516	0.782157	0.0416406	0.822293	9.61011
2827.0	0.825484	0.90256	0.0770757	0.802998	10.5554
2828.0	0.361548	0.0398817	0.321667	0.840445	8.65448
2829.0	0.256857	0.519969	0.263112	0.771748	12.1359
2830.0	0.258129	0.515103	0.256974	0.775685	11.9232
2831.0	0.454287	0.458398	0.00411113	0.880691	7.02289
2832.0	0.735578	0.820414	0.0848362	0.84683	8.4673
2833.0	0.968887	0.517217	0.451671	0.795603	10.7117
2834.0	0.411762	0.13914	0.272622	0.871828	7.31549
2835.0	0.132604	0.16737	0.0347665	0.914444	5.69462
2836.0	0.385794	0.300881	0.0849134	0.846464	8.48367
2837.0	0.320937	0.476993	0.156056	0.928997	5.13397
2838.0	0.616404	0.717392	0.100988	0.808838	10.2578
2839.0	0.934199	0.954607	0.0204079	0.818598	9.78952
2840.0	0.798148	0.108169	0.689979	0.808293	9.77488
2841.0	0.536502	0.780498	0.243996	0.902436	6.09723
2842.0	0.532118	0.84088	0.308761	0.848546	8.29873
2843.0	0.771185	0.275892	0.495292	0.943398	4.41564
2844.0	0.935655	1.08964	0.153986	0.767963	12.3995
2845.0	0.484356	1.15283	0.668474	0.827154	8.90385
2846.0	0.149044	0.79413	0.645086	0.807524	9.87796
2847.0	0.204689	0.0418124	0.162877	0.864129	7.68987
2848.0	0.8985	0.772272	0.126228	0.850568	8.29152
2849.0	0.943731	0.619283	0.324448	0.854315	8.03382
2850.0	0.567983	0.199779	0.368204	0.845203	8.40606
2851.0	0.218383	0.0584274	0.159956	0.859427	7.89323
2852.0	0.82381	0.643445	0.180365	0.827322	9.33776
2853.0	0.679516	0.252764	0.426752	0.871455	7.2224
2854.0	0.52008	1.29767	0.777586	0.794594	10.3186
2855.0	0.777692	0.546708	0.230984	0.880881	6.96181
2856.0	0.280385	0.542821	0.262436	0.88564	6.75278
2857.0	0.509236	0.606236	0.0969997	0.921354	5.4286
2858.0	0.684587	0.573177	0.111411	0.891958	6.55508
2859.0	0.792747	0.691596	0.101151	0.900206	6.23195
2860.0	0.247973	0.0479869	0.199986	0.790248	11.1736
2861.0	0.343927	0.365609	0.0216814	0.795345	10.9528
2862.0	0.175089	0.377513	0.202424	0.788018	11.2898
2863.0	0.717302	0.43832	0.278982	0.812386	10.0081
2864.0	0.693075	1.45866	0.765586	0.852902	7.60222
2865.0	0.382674	0.379661	0.00301345	0.938432	4.81756
2866.0	0.044384	0.405241	0.360857	0.859897	7.76558
2867.0	0.731128	0.645184	0.0859436	0.888035	6.71714
2868.0	0.019046	0.549834	0.530788	0.7943	10.6919
2869.0	0.022098	0.36267	0.340573	0.786963	11.2604
2870.0	0.149183	0.496166	0.346983	0.874348	7.16397
2871.0	0.916207	0.790035	0.126172	0.85574	8.06373
2872.0	0.84507	-0.154719	0.999789	0.872232	6.37806
2873.0	0.712299	0.661096	0.0512033	0.805804	10.4177
2874.0	0.743608	1.12005	0.376444	0.79771	10.6732
2875.0	0.501676	0.515338	0.0136619	0.885083	6.84357
2876.0	0.310373	-0.0935504	0.403923	0.839745	8.62358
2877.0	0.383322	1.10167	0.71835	0.846902	7.93614
2878.0	0.538411	0.48327	0.0551408	0.840284	8.76762
2879.0	0.195018	0.412208	0.21719	0.900479	6.1853
2880.0	0.486174	0.461578	0.0245952	0.841777	8.7022
2881.0	0.765489	0.707572	0.0579172	0.754693	13.1818
2882.0	0.0419472	-0.439699	0.481646	0.807097	10.1005
2883.0	0.0823048	-0.262473	0.344777	0.875036	7.13697
2884.0	0.859124	0.938334	0.0792103	0.899649	6.2576
2885.0	0.450383	0.313665	0.136718	0.936935	4.85347
2886.0	0.448566	0.743304	0.294739	0.845254	8.45467
2887.0	0.505935	1.20485	0.698919	0.796797	10.3349
2888.0	0.503179	1.08943	0.586256	0.804882	10.088
2889.0	0.359473	0.455511	0.0960387	0.838758	8.83083
2890.0	0.354695	0.129228	0.225467	0.840012	8.72961
2891.0	0.40948	0.35744	0.0520395	0.900376	6.23266
2892.0	0.991748	0.676373	0.315375	0.97018	3.64052
2893.0	0.617427	0.570721	0.0467065	0.796825	10.8745
2894.0	0.339338	0.0463187	0.293019	0.799291	10.6547
2895.0	0.580976	-0.161291	0.742266	0.718647	14.7209
2896.0	0.986416	1.03136	0.0449493	0.858859	7.9421
2897.0	0.138148	0.00488097	0.133267	0.812052	10.0903
2898.0	0.756477	0.661962	0.0945147	0.824093	9.51634
2899.0	0.0459887	0.384989	0.339	0.910663	5.72839
2900.0	0.167312	0.351348	0.184035	0.755799	13.0811
2901.0	0.0416629	-0.293718	0.335381	0.842424	8.55532
2902.0	0.504243	0.477531	0.0267126	0.898349	6.31394
2903.0	0.499364	0.0726538	0.42671	0.846105	8.31724
2904.0	0.114437	0.671325	0.556887	0.826308	9.0887
2905.0	0.450171	0.205688	0.244483	0.826336	9.35508
2906.0	0.51324	0.354024	0.159216	0.829377	9.24867
2907.0	0.631507	0.506191	0.125316	0.806099	10.3885
2908.0	0.539221	0.636448	0.097227	0.81222	10.0912
2909.0	0.535106	0.890004	0.354899	0.885643	6.69605
2910.0	0.089315	-0.554052	0.643367	0.941793	4.31684
2911.0	0.846173	0.335014	0.511159	0.814887	9.68619
2912.0	0.986702	0.787538	0.199164	0.903898	6.05994
2913.0	0.9358	1.39407	0.458271	0.88892	6.48159
2914.0	0.41074	0.0140626	0.396678	0.91902	5.37454
2915.0	0.362755	0.0334676	0.329287	0.834576	8.91814
2916.0	0.48404	0.333729	0.15031	0.828476	9.29401
2917.0	0.0654933	0.278549	0.213056	0.854275	8.09742
2918.0	0.48437	-0.070623	0.554993	0.83854	8.52628
2919.0	0.181453	0.074836	0.106617	0.729263	14.7149
2920.0	0.152512	0.709795	0.557283	0.864522	7.38437
2921.0	0.414613	0.729869	0.315255	0.894204	6.38045
2922.0	0.499406	0.386424	0.112982	0.845526	8.51998
2923.0	0.922512	1.24018	0.317665	0.830633	9.10916
2924.0	0.0895274	0.385582	0.296054	0.778324	11.7548
2925.0	0.397344	0.715528	0.318183	0.87028	7.35322
2926.0	0.735152	0.702982	0.0321692	0.720207	15.3078
2927.0	0.610823	0.571721	0.0391017	0.852017	8.24232
2928.0	0.168025	0.211994	0.0439691	0.866542	7.61203
2929.0	0.782512	0.519485	0.263028	0.904583	6.0049
2930.0	0.91786	1.38917	0.471306	0.871925	7.16252
2931.0	0.123071	-0.168678	0.291748	0.781195	11.6027
2932.0	0.564042	0.572653	0.008611	0.80266	10.579
2933.0	0.961298	0.752799	0.208498	0.902544	6.10863
2934.0	0.0378024	0.481414	0.443612	0.820051	9.50688
2935.0	0.717884	0.753734	0.0358502	0.851954	8.24538
2936.0	0.4109	0.257656	0.153244	0.859344	7.89898
2937.0	0.664542	-0.0995945	0.764136	0.818596	9.16101
2938.0	0.966982	1.07046	0.103481	0.823853	9.52585
2939.0	0.39739	0.265777	0.131613	0.835165	8.98755
2940.0	0.528311	0.378567	0.149744	0.87562	7.2097
2941.0	0.0628923	0.498435	0.435543	0.838876	8.63521
2942.0	0.207295	-0.116987	0.324282	0.897959	6.22714
2943.0	0.588393	0.449926	0.138468	0.803461	10.5173
2944.0	0.913506	0.711107	0.202398	0.862606	7.7404
2945.0	0.987928	0.954512	0.0334164	0.923567	5.3547
2946.0	0.478435	0.945246	0.46681	0.84474	8.34096
2947.0	0.56854	0.720789	0.152249	0.879319	7.05607
2948.0	0.429077	1.05575	0.626677	0.924216	4.96186
2949.0	0.0627473	-0.121891	0.184639	0.965783	3.84485
2950.0	0.896232	0.339019	0.557213	0.917463	5.28713
2951.0	0.851368	0.257526	0.593842	0.817591	9.45694
2952.0	0.878499	0.807747	0.0707527	0.798996	10.76
2953.0	0.783528	0.880962	0.0974339	0.910503	5.83591
2954.0	0.606944	0.612878	0.00593459	0.829744	9.25854
2955.0	0.6325	0.789987	0.157487	0.79944	10.7152
2956.0	0.179612	0.924828	0.745217	0.89438	5.92961
2957.0	0.841399	0.882274	0.0408747	0.828622	9.30955
2958.0	0.231875	0.294091	0.0622154	0.826623	9.40159
2959.0	0.0542127	0.28597	0.231757	0.868504	7.47618
2960.0	0.947174	0.743588	0.203586	0.831723	9.12173
2961.0	0.129553	0.416845	0.287292	0.869507	7.40465
2962.0	0.187808	0.257541	0.0697327	0.819792	9.72699
2963.0	0.137765	0.484213	0.346448	0.930704	4.9823
2964.0	0.592734	0.726141	0.133407	0.812677	10.0595
2965.0	0.676295	0.31847	0.357825	0.825035	9.34339
2966.0	0.242106	0.424834	0.182728	0.813076	10.0228
2967.0	0.633904	0.763246	0.129342	0.942486	4.65859
2968.0	0.0685022	0.0266517	0.0418505	0.804658	10.4763
2969.0	0.105559	0.265835	0.160277	0.889222	6.65135
2970.0	0.147296	0.810255	0.662958	0.980434	3.00776
2971.0	0.779033	1.20779	0.428754	0.890164	6.45775
2972.0	0.497138	0.541043	0.0439048	0.816456	9.8919
2973.0	0.307258	0.476962	0.169704	0.845969	8.48333
2974.0	0.277152	0.375391	0.0982389	0.882015	6.95907
2975.0	0.698247	0.930901	0.232653	0.856286	8.00041
2976.0	0.345031	1.13917	0.794135	0.847398	7.79664
2977.0	0.461417	0.341657	0.11976	0.887294	6.7401
2978.0	0.953622	0.991441	0.0378194	0.851244	8.27666
2979.0	0.409155	0.497104	0.0879485	0.805407	10.4319
2980.0	0.939698	1.02493	0.0852346	0.809686	10.2189
2981.0	0.57822	0.471925	0.106295	0.83737	8.89232
2982.0	0.717014	1.22409	0.507075	0.85269	7.9484
2983.0	0.698261	1.20722	0.508961	0.878132	6.86919
2984.0	0.447153	0.462239	0.0150868	0.908645	5.9157
2985.0	0.111944	0.315395	0.203451	0.892758	6.49471
2986.0	0.382368	-0.625663	1.00803	0.797834	9.70543
2987.0	0.851543	0.390524	0.461019	0.772639	11.921
2988.0	0.900106	0.421841	0.478265	0.880106	6.81868
2989.0	0.763948	0.518062	0.245887	0.878503	7.05229
2990.0	0.139049	-0.185727	0.324776	0.775975	11.8619
2991.0	0.433371	-0.149845	0.583217	0.82849	8.95471
2992.0	0.459447	-0.179776	0.639224	0.862205	7.3834
2993.0	0.757559	0.598599	0.15896	0.815367	9.9195
2994.0	0.93556	1.05176	0.116199	0.76534	12.5589
2995.0	0.666406	0.839687	0.17328	0.838654	8.81362
2996.0	0.336738	0.172497	0.164241	0.832266	9.11183
2997.0	0.0826189	0.23574	0.153121	0.967416	3.80013
2998.0	0.475633	0.189984	0.285649	0.873364	7.244
2999.0	0.938596	0.967118	0.028522	0.958565	4.11763
3000.0	0.693606	0.826101	0.132495	0.903023	6.11528
3001.0	0.0857752	0.595751	0.509976	0.860552	7.60479
3002.0	0.48529	0.415941	0.0693495	0.883051	6.9216
3003.0	0.158449	0.199707	0.0412577	0.796435	10.8952
3004.0	0.890078	0.892533	0.00245501	0.906738	5.989
3005.0	0.606121	0.390662	0.21546	0.768294	12.3544
3006.0	0.470983	0.385796	0.0851873	0.873568	7.31044
3007.0	0.634966	0.795989	0.161023	0.900696	6.19754
3008.0	0.616015	0.934831	0.318815	0.899935	6.15343
3009.0	0.603718	0.880666	0.276948	0.888372	6.635
3010.0	0.994962	0.828757	0.166205	0.85377	8.138
3011.0	0.118817	0.512136	0.393319	0.849262	8.20523
3012.0	0.309368	-0.150789	0.460157	0.882525	6.73716
3013.0	0.755725	1.03772	0.281994	0.956972	4.10008
3014.0	0.0835581	-0.182557	0.266115	0.826212	9.34909
3015.0	0.583569	0.862561	0.278992	0.773836	12.0109
3016.0	0.871689	1.06105	0.189362	0.870649	7.40388
3017.0	0.626783	0.495452	0.131331	0.840354	8.74946
3018.0	0.554801	0.470071	0.08473	0.883424	6.90403
3019.0	0.481363	1.18505	0.703686	0.933068	4.54876
3020.0	0.569358	0.20296	0.366399	0.850638	8.16556
3021.0	0.464411	1.30646	0.842052	0.779195	11.0016
3022.0	0.565561	0.32773	0.237831	0.869686	7.42343
3023.0	0.0170063	0.522364	0.505358	0.799997	10.4305
3024.0	0.410952	0.105897	0.305055	0.882609	6.85168
3025.0	0.752117	0.628038	0.124078	0.790579	11.1841
3026.0	0.741946	0.582229	0.159718	0.869953	7.44363
3027.0	0.582	1.18058	0.598585	0.892369	6.19967
3028.0	0.75689	0.998046	0.241156	0.894407	6.41289
3029.0	0.783555	0.885308	0.101754	0.830411	9.21625
3030.0	0.226424	0.0610688	0.165355	0.903416	6.09056
3031.0	0.241199	1.4135	1.1723	0.834437	7.60872
3032.0	0.58989	0.320575	0.269315	0.741605	13.8765
3033.0	0.567845	-0.355031	0.922877	0.764349	11.6425
3034.0	0.890593	1.03671	0.146112	0.908406	5.90444
3035.0	0.279508	0.584838	0.30533	0.888774	6.60257
3036.0	0.229069	0.428723	0.199654	0.904507	6.03623
3037.0	0.873544	0.774038	0.0995062	0.802769	10.5625
3038.0	0.856654	1.00935	0.1527	0.900793	6.19633
3039.0	0.452172	0.79976	0.347589	0.857098	7.8964
3040.0	0.635521	0.995148	0.359627	0.849214	8.2337
3041.0	0.673972	0.565898	0.108074	0.835712	8.96828
3042.0	0.0460694	0.328992	0.282922	0.913111	5.66931
3043.0	0.0464036	-0.187876	0.234279	0.90513	5.99769
3044.0	0.892972	0.818805	0.0741666	0.888036	6.719
3045.0	0.31739	0.141813	0.175577	0.779055	11.7804
3046.0	0.95335	1.0511	0.0977504	0.893464	6.498
3047.0	0.893498	0.786688	0.10681	0.835094	8.99714
3048.0	0.0104272	0.238064	0.227637	0.925753	5.22641
3049.0	0.0298647	0.215676	0.185811	0.89341	6.4756
3050.0	0.570126	0.916931	0.346805	0.909641	5.76204
3051.0	0.84422	0.358733	0.485488	0.845696	8.2797
3052.0	0.852049	0.557655	0.294393	0.837608	8.80168
3053.0	0.34894	0.366727	0.0177862	0.894921	6.44937
3054.0	0.832713	0.951977	0.119264	0.92697	5.2174
3055.0	0.780023	1.07516	0.295138	0.829642	9.17023
3056.0	0.703371	1.11625	0.412877	0.935937	4.74766
3057.0	0.0480071	0.4789	0.430893	0.850199	8.13169
3058.0	0.940482	0.984342	0.0438602	0.928854	5.1603
3059.0	0.477294	0.541294	0.0640002	0.858238	7.96696
3060.0	0.0836554	0.211292	0.127637	0.811429	10.1226
3061.0	0.98406	0.707273	0.276787	0.920565	5.39397
3062.0	0.27635	0.000127696	0.276223	0.891979	6.49131
3063.0	0.467814	0.73437	0.266556	0.87333	7.25602
3064.0	0.0228725	-0.0379755	0.060848	0.949618	4.4216
3065.0	0.524573	0.432631	0.091942	0.855616	8.07687
3066.0	0.308893	0.286701	0.0221915	0.79441	11.0012
3067.0	0.143891	0.373608	0.229718	0.842361	8.62087
3068.0	0.149588	0.455117	0.305529	0.809205	10.1481
3069.0	0.674192	0.371236	0.302956	0.818821	9.67954
3070.0	0.636301	0.328402	0.307898	0.832487	9.02933
3071.0	0.671487	0.854114	0.182627	0.832634	9.08792
3072.0	0.123014	0.546128	0.423114	0.832233	8.95166
3073.0	0.534899	0.162454	0.372444	0.92912	5.02202
3074.0	0.828299	0.771933	0.0563663	0.867877	7.55404
3075.0	0.0123549	0.129045	0.11669	0.841424	8.70454
3076.0	0.366066	0.518915	0.152848	0.802608	10.5558
3077.0	0.506329	1.1409	0.634572	0.800127	10.2613
3078.0	0.530216	1.27968	0.749463	0.889074	6.13144
3079.0	0.0761124	-0.341874	0.417986	0.895851	6.24186
3080.0	0.117441	-0.292116	0.409557	0.889382	6.50479
3081.0	0.623995	0.550392	0.0736026	0.863288	7.74749
3082.0	0.362464	0.409684	0.0472198	0.880373	7.03375
3083.0	0.216126	0.475674	0.259549	0.849943	8.26574
3084.0	0.40082	-0.186327	0.587146	0.909804	5.54087
3085.0	0.434779	-0.00915691	0.443936	0.893201	6.32436
3086.0	0.186719	0.758895	0.572176	0.917152	5.28266
3087.0	0.632444	0.366111	0.266333	0.796354	10.8218
3088.0	0.203844	0.40308	0.199236	0.766612	12.4566
3089.0	0.739434	0.741883	0.00244986	0.810731	10.1751
3090.0	0.619637	0.433853	0.185784	0.868461	7.49747
3091.0	0.338897	0.100589	0.238309	0.877588	7.09368
3092.0	0.720161	0.75603	0.0358689	0.884139	6.88083
3093.0	0.560031	0.814215	0.254184	0.822175	9.54783
3094.0	0.0364766	-0.132685	0.169162	0.811953	10.0833
3095.0	0.761587	0.673334	0.0882529	0.793447	11.043
3096.0	0.144007	0.185072	0.0410643	0.931188	5.07583
3097.0	0.654646	0.390889	0.263757	0.894201	6.4098
3098.0	0.801352	0.573425	0.227927	0.799122	10.7011
3099.0	0.955139	0.49744	0.457699	0.784488	11.2853
3100.0	0.35353	0.597062	0.243532	0.822623	9.53212
3101.0	0.33892	0.471583	0.132664	0.761935	12.7473
3102.0	0.263267	0.549236	0.28597	0.801378	10.5531
3103.0	0.982617	1.21478	0.232167	0.910099	5.8085
3104.0	0.7555	0.977284	0.221784	0.841183	8.67803
3105.0	0.812406	0.895282	0.0828762	0.807189	10.3437
3106.0	0.263677	0.586587	0.32291	0.799251	10.6363
3107.0	0.488119	0.0479597	0.440159	0.934928	4.76197
3108.0	0.786627	0.820939	0.034312	0.855775	8.0774
3109.0	0.763701	0.827729	0.0640282	0.852483	8.21907
3110.0	0.509821	0.332591	0.17723	0.839392	8.77839
3111.0	0.31609	0.0212522	0.294838	0.85669	7.949
3112.0	0.908775	0.97213	0.0633545	0.877762	7.13947
3113.0	0.078796	0.463946	0.38515	0.922775	5.24445
3114.0	0.178254	0.239845	0.0615915	0.856331	8.05037
3115.0	0.602499	0.55404	0.048459	0.940554	4.7401
3116.0	0.876475	0.888081	0.0116051	0.788834	11.2931
3117.0	0.671086	0.741501	0.070415	0.867771	7.55676
3118.0	0.936568	0.366612	0.569956	0.849621	8.01336
3119.0	0.619809	0.660709	0.0409	0.865043	7.67618
3120.0	0.192508	0.809585	0.617078	0.904601	5.70378
3121.0	0.344967	0.223067	0.121901	0.797117	10.8453
3122.0	0.526576	0.957921	0.431344	0.79058	10.9916
3123.0	0.662854	0.11531	0.547544	0.811559	9.80647
3124.0	0.726033	0.636146	0.0898869	0.8729	7.33754
3125.0	0.0911626	-0.133894	0.225057	0.798061	10.7569
3126.0	0.254417	-0.173313	0.42773	0.7814	11.48
3127.0	0.502952	1.09502	0.592069	0.756842	12.6462
3128.0	0.812112	0.720975	0.0911371	0.892399	6.54156
3129.0	0.226854	0.891075	0.664221	0.858129	7.52441
3130.0	0.663822	0.519316	0.144506	0.925054	5.28128
3131.0	0.0809303	0.461432	0.380502	0.907903	5.80461
3132.0	0.710633	0.600924	0.109709	0.917285	5.57759
3133.0	0.0182334	0.419811	0.401577	0.878373	6.95681
3134.0	0.753524	0.998288	0.244764	0.7902	11.1536
3135.0	0.85353	0.747115	0.106415	0.934916	4.93254
3136.0	0.408391	0.400738	0.00765318	0.87085	7.43167
3137.0	0.0551526	0.160271	0.105119	0.822628	9.58403
3138.0	0.469441	0.605911	0.136469	0.819295	9.73602
3139.0	0.333283	0.449648	0.116365	0.86979	7.46265
3140.0	0.830929	0.59564	0.235289	0.9641	3.88184
3141.0	0.455844	0.658292	0.202448	0.955051	4.20059
3142.0	0.461436	0.915959	0.454524	0.730163	14.417
3143.0	0.465071	1.03032	0.565249	0.775527	11.6405
3144.0	0.720557	0.715845	0.00471226	0.873471	7.3218
3145.0	0.990145	0.922796	0.0673491	0.82038	9.69898
3146.0	0.256789	0.33929	0.0825003	0.767478	12.4464
3147.0	0.79236	0.258115	0.534245	0.852338	7.93467
3148.0	0.816267	0.805197	0.0110706	0.828786	9.30349
3149.0	0.652549	1.33794	0.685389	0.924869	4.86618
3150.0	0.0370053	-0.282208	0.319213	0.923818	5.25001
3151.0	0.420014	-0.233964	0.653978	0.811651	9.66318
3152.0	0.470489	0.213041	0.257449	0.871054	7.35607
3153.0	0.496333	0.175027	0.321306	0.910262	5.75483
3154.0	0.926864	0.803686	0.123178	0.863217	7.74054
3155.0	0.477076	0.665519	0.188444	0.865942	7.60333
3156.0	0.145039	0.0637802	0.081259	0.812437	10.0836
3157.0	0.286512	0.613748	0.327236	0.805644	10.3103
3158.0	0.271724	-0.491367	0.763091	0.864458	7.11318
3159.0	0.496202	0.230588	0.265614	0.822216	9.53946
3160.0	0.110988	0.840937	0.729949	0.802643	9.99241
3161.0	0.533035	0.456918	0.0761171	0.8759	7.21482
3162.0	0.550238	-0.0176892	0.567927	0.862134	7.47364
3163.0	0.950653	0.764092	0.18656	0.816786	9.83999
3164.0	0.307571	0.68809	0.380519	0.896781	6.2346
3165.0	0.96943	0.878019	0.0914112	0.956461	4.18228
3166.0	0.647448	0.152361	0.495086	0.86183	7.56531
3167.0	0.714896	0.575776	0.139119	0.853425	8.16174
3168.0	0.0379393	0.941162	0.903223	0.843186	7.79222
3169.0	0.824601	0.927117	0.102517	0.884946	6.83888
3170.0	0.879377	0.102751	0.776626	0.811964	9.45848
3171.0	0.135278	0.0373742	0.0979041	0.844913	8.5509
3172.0	0.406865	0.769574	0.362709	0.838799	8.69989
3173.0	0.511515	0.863372	0.351857	0.851584	8.13464
3174.0	0.686982	0.715393	0.0284118	0.837012	8.91991
3175.0	0.571867	0.353601	0.218266	0.860129	7.84022
3176.0	0.696981	0.62104	0.0759404	0.825235	9.46538
3177.0	0.18452	0.367521	0.183001	0.847034	8.43066
3178.0	0.502328	1.13013	0.627797	0.926487	4.87825
3179.0	0.438753	0.432159	0.00659424	0.928294	5.18249
3180.0	0.2092	0.544387	0.335187	0.939101	4.68936
3181.0	0.954723	1.07919	0.124462	0.856094	8.04868
3182.0	0.0240184	-0.15108	0.175098	0.871222	7.38502
3183.0	0.31817	0.485574	0.167404	0.822313	9.58072
3184.0	0.79997	1.00391	0.203937	0.933195	4.96599
3185.0	0.807396	0.489353	0.318043	0.905507	5.9384
3186.0	0.668114	0.217926	0.450188	0.789144	11.0479
3187.0	0.610964	1.26398	0.653016	0.895666	6.00431
3188.0	0.219047	-0.684761	0.903808	0.869644	6.66385
3189.0	0.56677	0.547512	0.0192583	0.873485	7.32087
3190.0	0.504221	0.66165	0.157429	0.844779	8.54104
3191.0	0.751932	0.545787	0.206145	0.927677	5.16492
3192.0	0.419798	-0.220025	0.639824	0.891063	6.20132
3193.0	0.56804	0.597366	0.0293257	0.849024	8.37588
3194.0	0.928059	0.602806	0.325252	0.803315	10.4286
3195.0	0.017128	-0.00847101	0.025599	0.892753	6.53504
3196.0	0.525983	0.244033	0.28195	0.765376	12.4795
3197.0	0.926479	1.04578	0.119304	0.795961	10.9056
3198.0	0.331726	0.691196	0.35947	0.935469	4.80273
3199.0	0.954443	0.518029	0.436414	0.805463	10.2274
3200.0	0.104157	-0.0306754	0.134832	0.735555	14.3133
3201.0	0.438472	0.940018	0.501546	0.846214	8.24014
3202.0	0.756543	0.951447	0.194905	0.740732	13.9716
3203.0	0.859631	0.343232	0.516398	0.864305	7.43799
3204.0	0.11839	0.534383	0.415993	0.923365	5.19947
3205.0	0.914288	0.496136	0.418152	0.825447	9.27371
3206.0	0.470564	0.593728	0.123164	0.743766	13.8156
3207.0	0.546071	0.639297	0.0932262	0.864391	7.69688
3208.0	0.0421249	-0.36081	0.402934	0.848973	8.21012
3209.0	0.393079	0.34817	0.0449092	0.898258	6.31622
3210.0	0.341413	-0.143908	0.485322	0.933203	4.78465
3211.0	0.247432	-0.112717	0.36015	0.861518	7.69636
3212.0	0.19618	1.05358	0.8574	0.787134	10.5567
3213.0	0.394902	0.517298	0.122395	0.830136	9.22419
3214.0	0.050577	-0.062556	0.113133	0.950491	4.38303
3215.0	0.666336	0.126036	0.540301	0.837023	8.61219
3216.0	0.885996	0.738594	0.147402	0.828188	9.3085
3217.0	0.970084	0.719785	0.250299	0.871827	7.32734
3218.0	0.744944	0.725431	0.0195136	0.890582	6.62191
3219.0	0.485173	0.652144	0.166971	0.788429	11.2829
3220.0	0.386056	0.3221	0.0639563	0.894908	6.44616
3221.0	0.703017	0.93857	0.235553	0.887197	6.70322
3222.0	0.800135	0.518339	0.281796	0.810901	10.0795
3223.0	0.930903	0.72467	0.206233	0.962056	3.9619
3224.0	0.588786	0.496375	0.0924106	0.847595	8.43166
3225.0	0.594186	0.574999	0.0191873	0.794652	10.9888
3226.0	0.379438	-0.0473379	0.426776	0.928204	5.01447
3227.0	0.0371193	-0.219287	0.256406	0.879829	6.9925
3228.0	0.0214093	-0.353914	0.375323	0.842051	8.54243
3229.0	0.182167	-0.204781	0.386948	0.745125	13.5713
3230.0	0.976943	0.817481	0.159462	0.917741	5.54774
3231.0	0.217856	0.356388	0.138532	0.939562	4.75959
3232.0	0.86379	0.183442	0.680347	0.792879	10.5632
3233.0	0.490669	0.372429	0.11824	0.901896	6.16248
3234.0	0.617798	1.00156	0.383763	0.861245	7.69012
3235.0	0.141702	-0.424986	0.566688	0.916874	5.29888
3236.0	0.962259	0.671765	0.290495	0.887806	6.65013
3237.0	0.667131	1.00841	0.341276	0.86771	7.44606
3238.0	0.605058	0.871708	0.266649	0.861612	7.75228
3239.0	0.134806	0.335753	0.200947	0.855859	8.03322
3240.0	0.457424	0.565512	0.108088	0.798785	10.7633
3241.0	0.439574	0.987465	0.547891	0.907329	5.67718
3242.0	0.111099	0.255309	0.14421	0.867084	7.56977
3243.0	0.770869	0.287835	0.483034	0.891086	6.37255
3244.0	0.858775	0.943526	0.0847513	0.823488	9.54705
3245.0	0.25753	0.302773	0.0452424	0.839787	8.79133
3246.0	0.222161	0.428771	0.20661	0.831142	9.14751
3247.0	0.0440498	0.26205	0.218	0.907648	5.90815
3248.0	0.101574	0.464009	0.362434	0.838155	8.72946
3249.0	0.0850333	0.729124	0.644091	0.856013	7.64229
3250.0	0.331302	-0.0465653	0.377868	0.803117	10.3977
3251.0	0.185054	0.0673729	0.117681	0.949763	4.40723
3252.0	0.236583	0.192848	0.0437346	0.847042	8.46332
3253.0	0.669071	0.402996	0.266074	0.825586	9.37876
3254.0	0.409656	0.468896	0.0592405	0.948559	4.45849
3255.0	0.806997	0.742657	0.0643394	0.859747	7.90145
3256.0	0.205972	0.304633	0.0986611	0.874264	7.2789
3257.0	0.302872	-0.0431494	0.346021	0.878431	6.99595
3258.0	0.0158477	-0.413399	0.429247	0.928577	4.99897
3259.0	0.318466	0.413256	0.0947906	0.910498	5.83659
3260.0	0.533285	0.630219	0.0969338	0.802329	10.5854
3261.0	0.175009	0.533359	0.35835	0.914497	5.57088
3262.0	0.133692	0.0305054	0.103186	0.880872	7.00482
3263.0	0.118823	0.0736819	0.0451416	0.815415	9.94254
3264.0	0.82144	0.279802	0.541638	0.805037	10.1356
3265.0	0.302009	0.32213	0.0201213	0.783555	11.5731
3266.0	0.532826	0.527149	0.00567664	0.829064	9.29051
3267.0	0.721728	0.284325	0.437404	0.877751	6.95234
3268.0	0.828958	0.582265	0.246692	0.802644	10.5123
3269.0	0.46392	0.269891	0.194029	0.791983	11.0856
3270.0	0.968196	0.840172	0.128024	0.734932	14.3541
3271.0	0.670057	0.464209	0.205847	0.934731	4.91012
3272.0	0.898486	1.08143	0.18294	0.805007	10.4236
3273.0	0.642587	0.732161	0.0895743	0.897602	6.33608
3274.0	0.828985	0.224063	0.604922	0.856154	7.68612
3275.0	0.366661	0.575697	0.209035	0.782171	11.5977
3276.0	0.104454	0.0200912	0.084363	0.780497	11.7297
3277.0	0.411998	0.472937	0.0609395	0.805445	10.4345
3278.0	0.126363	0.184634	0.0582707	0.886448	6.78514
3279.0	0.798734	1.01173	0.212991	0.928403	5.13578
3280.0	0.471065	0.25339	0.217675	0.933297	4.95693
3281.0	0.636816	0.453214	0.183601	0.786161	11.3963
3282.0	0.496089	0.667163	0.171074	0.844566	8.54593
3283.0	0.942325	1.01492	0.0725934	0.796001	10.9136
3284.0	0.0908057	-0.0687499	0.159556	0.821995	9.59873
3285.0	0.848537	1.18678	0.338247	0.879985	6.93752
3286.0	0.797715	0.78028	0.0174351	0.798756	10.7775
3287.0	0.0844316	-0.141656	0.226088	0.866682	7.55599
3288.0	0.251884	0.382926	0.131041	0.84163	8.69146
3289.0	0.646053	0.624953	0.0211003	0.792913	11.079
3290.0	0.739916	0.907528	0.167611	0.722842	15.1034
3291.0	0.495861	0.730408	0.234547	0.855257	8.04448
3292.0	0.306862	0.515616	0.208754	0.811435	10.0924
3293.0	0.913601	0.869986	0.0436156	0.916808	5.60512
3294.0	0.224644	0.127217	0.0974273	0.807165	10.3419
3295.0	0.514403	0.391522	0.12288	0.824809	9.47559
3296.0	0.720809	0.615674	0.105135	0.935943	4.89602
3297.0	0.251925	0.163073	0.088852	0.874781	7.25921
3298.0	0.108704	0.0516526	0.0570516	0.854117	8.148
3299.0	0.124042	-0.195891	0.319933	0.814684	9.86877
3300.0	0.383546	0.746945	0.363399	0.893715	6.36775
3301.0	0.508658	1.13357	0.624916	0.753183	12.8099
3302.0	0.933123	1.06488	0.13176	0.83433	9.02618
3303.0	0.526621	0.433094	0.0935265	0.841821	8.69166
3304.0	0.0636387	0.000571421	0.0630673	0.819413	9.74623
3305.0	0.786534	0.382978	0.403556	0.798414	10.6137
3306.0	0.138	0.0415449	0.0964552	0.829098	9.27898
3307.0	0.242452	0.324489	0.0820376	0.872721	7.34641
3308.0	0.218887	0.293748	0.0748609	0.846256	8.49472
3309.0	0.783023	0.497278	0.285745	0.80717	10.2621
3310.0	0.270055	0.412367	0.142312	0.944405	4.5879
3311.0	0.252911	0.578099	0.325188	0.952651	4.22359
3312.0	0.902241	0.738032	0.164209	0.899753	6.23331
3313.0	0.00623367	-0.229757	0.23599	0.920328	5.42264
3314.0	0.631825	1.08114	0.449318	0.851289	8.06687
3315.0	0.840714	0.861865	0.021151	0.888087	6.72196
3316.0	0.294485	0.226838	0.0676466	0.827694	9.3502
3317.0	0.0727303	-0.0652411	0.137971	0.90458	6.05362
3318.0	0.0121602	0.271106	0.258946	0.844487	8.5099
3319.0	0.380088	-0.505401	0.885489	0.739771	13.1306
3320.0	0.112095	-0.0417097	0.153805	0.80781	10.2941
3321.0	0.527683	0.300677	0.227006	0.785676	11.4017
3322.0	0.524409	0.51703	0.00737892	0.814221	10.0031
3323.0	0.183645	0.0312591	0.152386	0.897658	6.31903
3324.0	0.368687	0.825867	0.45718	0.814366	9.76825
3325.0	0.420961	0.484448	0.0634869	0.894637	6.45695
3326.0	0.762785	0.625113	0.137672	0.885574	6.805
3327.0	0.991977	0.712683	0.279294	0.891133	6.52332
3328.0	0.673809	0.463005	0.210804	0.838023	8.82729
3329.0	0.640798	0.665729	0.024931	0.900084	6.2461
3330.0	0.332149	0.113714	0.218434	0.824163	9.47118
3331.0	0.150899	0.356369	0.205471	0.773997	12.0432
3332.0	0.952951	0.85599	0.096961	0.849314	8.35405
3333.0	0.283353	0.872651	0.589299	0.850705	7.9426
3334.0	0.433615	0.652476	0.21886	0.849579	8.30218
3335.0	0.619795	0.874542	0.254746	0.766802	12.4164
3336.0	0.183376	-0.192741	0.376117	0.896068	6.26584
3337.0	0.471689	-0.123493	0.595182	0.88155	6.63558
3338.0	0.071705	-0.0774507	0.149156	0.906046	5.99405
3339.0	0.842921	0.751675	0.0912467	0.826427	9.40609
3340.0	0.781692	0.636861	0.144831	0.839605	8.77968
3341.0	0.731795	0.639893	0.0919018	0.708605	16.0667
3342.0	0.955082	1.27527	0.320189	0.816957	9.75807
3343.0	0.839773	1.11023	0.270453	0.837973	8.79925
3344.0	0.994076	0.745329	0.248747	0.908755	5.85201
3345.0	0.332343	0.503873	0.17153	0.839547	8.77343
3346.0	0.34098	0.636066	0.295086	0.885574	6.7374
3347.0	0.82062	0.151344	0.669275	0.874027	6.84966
3348.0	0.751107	0.111555	0.639552	0.848473	7.97713
3349.0	0.708425	0.395764	0.312661	0.841255	8.62372
3350.0	0.40027	0.699329	0.299059	0.872771	7.26083
3351.0	0.674214	0.72946	0.0552455	0.85856	7.95406
3352.0	0.442524	0.379578	0.0629452	0.86185	7.81079
3353.0	0.992228	0.885997	0.106231	0.818363	9.7891
3354.0	0.160707	-0.0270602	0.187767	0.824493	9.46888
3355.0	0.784319	0.860105	0.0757857	0.929525	5.13234
3356.0	0.378743	1.23086	0.852118	0.937598	4.17762
3357.0	0.171099	0.856593	0.685494	0.899308	5.82112
3358.0	0.485305	1.07838	0.593076	0.776553	11.5481
3359.0	0.123503	0.0892944	0.0342089	0.906424	5.99993
3360.0	0.109639	0.122042	0.0124025	0.844598	8.57502
3361.0	0.210732	0.347754	0.137022	0.813945	9.99618
3362.0	0.0721582	0.286593	0.214435	0.865166	7.62574
3363.0	0.037463	0.13132	0.0938569	0.863521	7.73403
3364.0	0.0317738	-0.0838292	0.115603	0.82676	9.3849
3365.0	0.586803	0.689999	0.103196	0.843171	8.62845
3366.0	0.463935	0.408141	0.0557931	0.818706	9.78135
3367.0	0.188606	0.333385	0.144779	0.916607	5.59442
3368.0	0.527406	0.433103	0.0943032	0.93492	4.93468
3369.0	0.0503223	0.374032	0.32371	0.92664	5.14404
3370.0	0.344244	0.367915	0.0236717	0.901755	6.18106
3371.0	0.18077	0.674508	0.493738	0.858167	7.72404
3372.0	0.214867	-0.0799216	0.294789	0.920941	5.37027
3373.0	0.0463217	0.156016	0.109694	0.838975	8.81793
3374.0	0.614112	0.874419	0.260308	0.751814	13.2734
3375.0	0.817785	0.444939	0.372846	0.769455	12.1819
3376.0	0.584795	0.402951	0.181844	0.799588	10.6984
3377.0	0.443896	0.824106	0.38021	0.824857	9.33411
3378.0	0.388667	-0.276965	0.665633	0.804903	9.97822
3379.0	0.927189	1.0589	0.131714	0.782984	11.5843
3380.0	0.930491	1.14724	0.216751	0.832533	9.07811
3381.0	0.10561	0.369774	0.264165	0.819399	9.67553
3382.0	0.221528	0.509938	0.28841	0.874411	7.1988
3383.0	0.729313	1.14549	0.41618	0.832963	8.92401
3384.0	0.249997	-0.184749	0.434746	0.834933	8.81639
3385.0	0.852946	0.157804	0.695142	0.834378	8.53221
3386.0	0.718111	0.652674	0.0654364	0.873118	7.33228
3387.0	0.383309	0.368096	0.0152126	0.849698	8.34651
3388.0	0.368667	0.542286	0.173619	0.84782	8.39902
3389.0	0.470692	0.855351	0.384659	0.820319	9.54674
3390.0	0.304625	0.661601	0.356977	0.768193	12.2657
3391.0	0.776475	0.670121	0.106354	0.777969	11.8618
3392.0	0.114196	-0.30355	0.417746	0.781737	11.4716
3393.0	0.081444	0.354065	0.272621	0.843334	8.55424
3394.0	0.0813807	0.5783	0.496919	0.848538	8.14171
3395.0	0.734418	0.275621	0.458796	0.804574	10.2498
3396.0	0.988863	0.6889	0.299963	0.849975	8.24083
3397.0	0.765024	0.422069	0.342954	0.749481	13.3511
3398.0	0.0190325	0.339403	0.32037	0.85301	8.09379
3399.0	0.580724	0.172118	0.408605	0.811668	9.94593
3400.0	0.592263	0.708658	0.116395	0.808047	10.2934
3401.0	0.908392	0.883038	0.0253537	0.817154	9.85934
3402.0	0.431587	-0.213903	0.64549	0.792704	10.6236
3403.0	0.201034	-0.322887	0.523921	0.89593	6.14151
3404.0	0.386991	0.451077	0.0640864	0.828532	9.31118
3405.0	0.417998	0.49322	0.0752225	0.859776	7.89864
3406.0	0.205896	-0.193487	0.399383	0.796521	10.7142
3407.0	0.0280961	0.0438084	0.0157123	0.802625	10.5806
3408.0	0.0237371	0.551047	0.52731	0.823193	9.26986
3409.0	0.50225	1.30042	0.798175	0.795294	10.2473
3410.0	0.214421	0.186056	0.0283651	0.837909	8.87868
3411.0	0.67146	0.451444	0.220017	0.877817	7.09265
3412.0	0.846912	0.95738	0.110467	0.974713	3.56992
3413.0	0.137101	-0.0216855	0.158787	0.75747	12.9946
3414.0	0.425416	-1.06494	1.49035	0.844952	6.30885
3415.0	0.350979	-0.556489	0.907468	0.819494	8.86384
3416.0	0.935439	0.646285	0.289154	0.834473	8.94918
3417.0	0.652174	0.348583	0.303592	0.861323	7.74313
3418.0	0.301705	0.395452	0.093747	0.929122	5.14409
3419.0	0.320077	0.79191	0.471833	0.870405	7.22548
3420.0	0.332928	0.543182	0.210254	0.931173	5.03645
3421.0	0.0444433	0.205394	0.160951	0.901887	6.15123
3422.0	0.840077	0.918276	0.0781997	0.823549	9.54532
3423.0	0.341242	0.369427	0.0281851	0.864325	7.70779
3424.0	0.96696	0.92884	0.0381206	0.80101	10.6612
3425.0	0.243036	-0.174512	0.417548	0.87518	7.07534
3426.0	0.168803	0.418926	0.250123	0.868509	7.46699
3427.0	0.151706	-0.026115	0.177821	0.792003	11.0914
3428.0	0.118891	-0.205868	0.324759	0.70507	16.1816
3429.0	0.858872	1.5675	0.708627	0.782522	11.0585
3430.0	0.162092	0.00933484	0.152758	0.862819	7.74928
3431.0	0.521126	-0.339251	0.860378	0.820031	8.92675
3432.0	0.149348	0.616455	0.467107	0.810489	9.94794
3433.0	0.715786	0.515453	0.200333	0.858286	7.92776
3434.0	0.302656	-0.221337	0.523992	0.91619	5.36842
3435.0	0.92197	0.987232	0.0652618	0.774361	12.0672
3436.0	0.454633	0.658328	0.203695	0.844208	8.54924
3437.0	0.64643	0.658005	0.0115753	0.85855	7.9575
3438.0	0.824469	0.261026	0.563442	0.831144	8.85543
3439.0	0.492771	1.12492	0.632146	0.855808	7.66667
3440.0	0.862612	0.859754	0.00285792	0.8189	9.77534
3441.0	0.876207	1.07471	0.198501	0.790338	11.1696
3442.0	0.884647	1.13499	0.250344	0.786326	11.3546
3443.0	0.872839	1.15026	0.277416	0.776878	11.8456
3444.0	0.360226	-0.398685	0.758911	0.826684	8.78921
3445.0	0.880563	0.925141	0.0445784	0.827733	9.35112
3446.0	0.684905	0.530289	0.154615	0.840053	8.75612
3447.0	0.197186	0.0421778	0.155008	0.890856	6.5876
3448.0	0.697991	0.134083	0.563909	0.860947	7.52892
3449.0	0.457584	0.939537	0.481953	0.756693	12.7942
3450.0	0.371722	0.127847	0.243876	0.763382	12.6157
3451.0	0.978874	0.932982	0.0458923	0.800986	10.6617
3452.0	0.604673	0.251344	0.353329	0.729485	14.5604
3453.0	0.0372843	0.399119	0.361835	0.875211	7.1176
3454.0	0.510292	0.365273	0.145018	0.830419	9.20444
3455.0	0.482002	0.67815	0.196148	0.778901	11.78
3456.0	0.720913	0.689548	0.0313646	0.754224	13.212
3457.0	0.402366	-0.122499	0.524865	0.828865	9.00591
3458.0	0.507999	0.420861	0.0871375	0.875403	7.23365
3459.0	0.862691	0.821795	0.0408962	0.847357	8.44946
3460.0	0.777808	0.622618	0.15519	0.935002	4.91753
3461.0	0.0895541	0.175152	0.0855981	0.859561	7.90621
3462.0	0.137681	-0.178787	0.316469	0.857897	7.88291
3463.0	0.110725	0.118945	0.00822048	0.816313	9.90086
3464.0	0.816546	-0.12315	0.939696	0.894046	5.62741
3465.0	0.868367	0.771575	0.096792	0.882288	6.94817
3466.0	0.796855	0.5147	0.282156	0.794632	10.9009
3467.0	0.76806	0.81482	0.0467607	0.837758	8.88415
3468.0	0.849324	0.519726	0.329598	0.841583	8.59743
3469.0	0.644068	0.570784	0.0732836	0.821374	9.65025
3470.0	0.557526	0.530132	0.0273939	0.954516	4.25565
3471.0	0.191527	0.68733	0.495803	0.784082	11.2656
3472.0	0.748519	0.593948	0.154571	0.810269	10.1716
3473.0	0.129274	-0.0585931	0.187867	0.847441	8.4106
3474.0	0.137784	-0.103889	0.241674	0.831117	9.13189
3475.0	0.916808	0.486799	0.430009	0.84663	8.29084
3476.0	0.0407371	0.157698	0.116961	0.909597	5.86637
3477.0	0.270369	0.587951	0.317582	0.859099	7.83013
3478.0	0.47432	-0.285565	0.759885	0.886985	6.19875
3479.0	0.12435	0.608271	0.483921	0.793186	10.8024
3480.0	0.529121	1.03343	0.504308	0.760667	12.541
3481.0	0.13119	-0.0901777	0.221368	0.764877	12.5434
3482.0	0.98704	0.588284	0.398756	0.840788	8.58059
3483.0	0.227851	0.234346	0.00649461	0.843643	8.61826
3484.0	0.0698469	0.433475	0.363628	0.872853	7.21429
3485.0	0.841344	-0.13912	0.980464	0.910983	4.9145
3486.0	0.553788	0.259637	0.294151	0.818613	9.69529
3487.0	0.680209	0.765828	0.0856192	0.835829	8.96752
3488.0	0.507999	0.876146	0.368147	0.814867	9.82375
3489.0	0.0940513	0.263236	0.169185	0.872776	7.32197
3490.0	0.283482	-0.87493	1.15841	0.809358	8.79579
3491.0	0.0485173	0.435949	0.387432	0.817748	9.66819
3492.0	0.0609032	-0.316514	0.377418	0.907652	5.81643
3493.0	0.0466679	0.169767	0.123099	0.927334	5.20322
3494.0	0.97115	0.958363	0.0127869	0.795178	10.9618
3495.0	0.747497	0.832727	0.0852299	0.76954	12.3306
3496.0	0.0181368	0.331232	0.313095	0.926684	5.1488
3497.0	0.869788	0.298036	0.571753	0.801725	10.2644
3498.0	0.809012	0.833574	0.0245627	0.947524	4.49715
3499.0	0.678198	0.316455	0.361743	0.870834	7.30004
3500.0	0.694856	0.339468	0.355388	0.928759	5.04678
3501.0	0.576983	0.597214	0.0202308	0.855536	8.08866
3502.0	0.606719	0.670701	0.063982	0.7593	12.9141
3503.0	0.59993	0.979636	0.379706	0.777378	11.7411
3504.0	0.946297	0.784641	0.161656	0.812079	10.0798
3505.0	0.0990971	0.840187	0.74109	0.824317	8.92794
3506.0	0.68358	0.53343	0.15015	0.870893	7.40707
3507.0	0.0268955	0.128889	0.101994	0.894847	6.44237
3508.0	0.358945	0.765979	0.407034	0.876094	7.04624
3509.0	0.141526	0.266263	0.124737	0.862741	7.76061
3510.0	0.750234	0.990567	0.240334	0.889596	6.60465
3511.0	0.115862	0.707004	0.591142	0.870396	7.09841
3512.0	0.161313	0.557184	0.395871	0.909598	5.72868
3513.0	0.329598	0.285486	0.044112	0.744895	13.7636
3514.0	0.796523	0.993591	0.197067	0.872969	7.3036
3515.0	0.588972	1.04078	0.451806	0.841334	8.50855
3516.0	0.0696239	-0.141787	0.211411	0.78039	11.6924
3517.0	0.300259	-0.333443	0.633702	0.921848	5.03991
3518.0	0.103168	0.412721	0.309553	0.76714	12.3614
3519.0	0.579823	0.650854	0.0710306	0.888575	6.69775
3520.0	0.579674	0.579891	0.000217214	0.888315	6.71319
3521.0	0.739426	1.22941	0.489981	0.836074	8.71009
3522.0	0.400471	0.716108	0.315637	0.840125	8.67307
3523.0	0.10446	0.0728678	0.0315925	0.765554	12.5615
3524.0	0.382572	0.679158	0.296586	0.764938	12.4943
3525.0	0.361709	0.426882	0.0651735	0.824635	9.49556
3526.0	0.697509	0.345998	0.35151	0.852387	8.09955
3527.0	0.831966	0.736833	0.0951331	0.891758	6.56638
3528.0	0.941886	0.500719	0.441167	0.792339	10.8905
3529.0	0.0879036	-0.139697	0.2276	0.839806	8.738
3530.0	0.773047	0.779342	0.00629514	0.766779	12.4936
3531.0	0.4984	0.617084	0.118684	0.825068	9.46436
3532.0	0.843644	0.896999	0.0533553	0.77045	12.2851
3533.0	0.372156	0.5118	0.139644	0.875973	7.19801
3534.0	0.870093	0.768244	0.101849	0.836117	8.95099
3535.0	0.77742	0.969096	0.191676	0.774524	12.0207
3536.0	0.764543	0.66238	0.102163	0.747914	13.5728
3537.0	0.863069	1.12603	0.262965	0.792952	10.9997
3538.0	0.840684	0.900563	0.0598788	0.82421	9.51649
3539.0	0.327889	0.447071	0.119182	0.758647	12.9398
3540.0	0.733166	0.799821	0.0666544	0.890417	6.6245
3541.0	0.937944	1.06283	0.12489	0.771114	12.2334
3542.0	0.124501	0.0029854	0.121516	0.830182	9.22225
3543.0	0.629747	0.128778	0.500969	0.796156	10.6309
3544.0	0.163546	-0.124058	0.287604	0.732031	14.4529
3545.0	0.213211	0.2831	0.0698897	0.862285	7.79111
3546.0	0.717255	0.904761	0.187505	0.801598	10.5938
3547.0	0.403253	0.340394	0.0628589	0.834761	9.02047
3548.0	0.00924514	0.260593	0.251347	0.880116	6.98333
3549.0	0.753739	0.716342	0.0373963	0.814777	9.97443
3550.0	0.0188683	0.228493	0.209625	0.868046	7.50546
3551.0	0.694731	0.701715	0.00698375	0.803477	10.5377
3552.0	0.0130153	-0.13285	0.145865	0.876662	7.16763
3553.0	0.0424971	-0.34252	0.385017	0.8475	8.29025
3554.0	0.969275	0.602419	0.366856	0.832124	9.00393
3555.0	0.711345	2.04893	1.33758	0.818905	7.88418
3556.0	0.203574	0.401658	0.198083	0.874077	7.25693
3557.0	0.652704	0.193159	0.459546	0.77761	11.6517
3558.0	0.770808	0.777858	0.00704945	0.784441	11.5261
3559.0	0.246146	-0.361955	0.608101	0.880154	6.6768
3560.0	0.8663	0.461747	0.404554	0.739382	13.9008
3561.0	0.647179	0.309415	0.337764	0.915035	5.56438
3562.0	0.363537	0.70582	0.342283	0.897551	6.23142
3563.0	0.149702	0.315225	0.165524	0.832031	9.12234
3564.0	0.538545	0.785142	0.246597	0.822262	9.54775
3565.0	0.607084	0.883792	0.276708	0.895547	6.34981
3566.0	0.217998	0.236054	0.0180555	0.909616	5.87853
3567.0	0.59784	0.630828	0.0329877	0.821898	9.62977
3568.0	0.244269	0.21279	0.0314792	0.821614	9.64347
3569.0	0.229847	-0.0351533	0.265	0.873903	7.23299
3570.0	0.285021	-0.207226	0.492247	0.833412	8.83013
3571.0	0.583963	0.504743	0.0792198	0.76893	12.3658
3572.0	0.040728	0.0397316	0.000996465	0.873273	7.33012
3573.0	0.330151	0.763405	0.433254	0.858107	7.78398
3574.0	0.615249	1.44395	0.828698	0.854023	7.45153
3575.0	0.917562	1.02258	0.105019	0.787046	11.3751
3576.0	0.764902	0.556722	0.208181	0.80252	10.538
3577.0	0.465207	-0.00989857	0.475105	0.876344	6.97587
3578.0	0.369326	0.432052	0.062726	0.778781	11.8262
3579.0	0.872522	0.785329	0.0871934	0.861715	7.81289
3580.0	0.00509667	0.374372	0.369276	0.883177	6.78552
3581.0	0.121513	-0.478231	0.599743	0.835255	8.62176
3582.0	0.103154	0.717495	0.614341	0.792462	10.6798
3583.0	0.61736	0.488487	0.128873	0.81634	9.88152
3584.0	0.758262	1.17635	0.418086	0.90367	5.93786
3585.0	0.106392	0.869755	0.763363	0.796437	10.2493
3586.0	0.537327	0.739159	0.201833	0.895866	6.37235
3587.0	0.799615	1.0646	0.264986	0.798108	10.7326
3588.0	0.798785	0.672651	0.126135	0.827236	9.35966
3589.0	0.890878	0.980509	0.0896308	0.901673	6.17695
3590.0	0.841885	0.681196	0.160689	0.901505	6.16616
3591.0	0.619265	0.211214	0.40805	0.890339	6.46783
3592.0	0.916571	0.803608	0.112963	0.835079	8.99639
3593.0	0.656638	0.465861	0.190777	0.806984	10.3213
3594.0	0.716525	0.543989	0.172535	0.808949	10.2307
3595.0	0.885073	0.719472	0.1656	0.885619	6.79479
3596.0	0.329726	0.48814	0.158415	0.938625	4.78733
3597.0	0.0936497	0.180946	0.0872959	0.796353	10.8928
3598.0	0.292444	0.641691	0.349248	0.785771	11.3166
3599.0	0.499195	-0.154649	0.653844	0.910543	5.43419
3600.0	0.481571	0.640736	0.159165	0.777899	11.8495
3601.0	0.476014	0.423321	0.0526929	0.858091	7.97472
3602.0	0.310805	-0.328224	0.639028	0.816047	9.47121
3603.0	0.505099	0.264632	0.240467	0.833026	9.04365
3604.0	0.801871	1.13931	0.337443	0.877314	7.0478
3605.0	0.86157	0.807822	0.0537483	0.834792	9.02015
3606.0	0.721485	0.406112	0.315373	0.851742	8.1529
3607.0	0.896007	1.24059	0.344581	0.882376	6.83559
3608.0	0.696099	0.190708	0.50539	0.84852	8.13372
3609.0	0.29653	0.74832	0.451789	0.825749	9.22813
3610.0	0.125644	0.166157	0.0405123	0.788657	11.3007
3611.0	0.0290816	0.146554	0.117472	0.866611	7.59702
3612.0	0.754348	0.655625	0.0987227	0.801406	10.6318
3613.0	0.75624	0.605481	0.150758	0.808703	10.2506
3614.0	0.743762	0.771837	0.0280748	0.80828	10.2959
3615.0	0.58545	0.535975	0.0494744	0.847058	8.46203
3616.0	0.264927	0.928966	0.664038	0.808191	9.81813
3617.0	0.0162551	0.129345	0.11309	0.870241	7.4444
3618.0	0.919907	1.07047	0.15056	0.822524	9.57641
3619.0	0.895223	0.936695	0.0414727	0.820044	9.71823
3620.0	0.80425	0.9352	0.130949	0.805533	10.4152
3621.0	0.322925	0.930993	0.608067	0.835443	8.60259
3622.0	0.490979	0.772181	0.281202	0.850658	8.22191
3623.0	0.87448	0.757626	0.116855	0.840336	8.75405
3624.0	0.385253	0.680755	0.295502	0.819093	9.67128
3625.0	0.397287	0.940336	0.543048	0.780714	11.3893
3626.0	0.975731	0.841051	0.13468	0.788655	11.2821
3627.0	0.985214	0.922477	0.0627374	0.812327	10.0919
3628.0	0.772056	0.760276	0.0117808	0.765225	12.5811
3629.0	0.0469029	-0.402133	0.449036	0.921943	5.22467
3630.0	0.300269	-0.0305645	0.330833	0.831012	9.08237
3631.0	0.586654	0.566525	0.0201293	0.857039	8.02296
3632.0	0.959105	1.1913	0.232195	0.794034	10.9607
3633.0	0.113881	0.619706	0.505826	0.802337	10.312
3634.0	0.834348	1.37152	0.537177	0.790403	10.8857
3635.0	0.387774	0.763948	0.376173	0.820115	9.56348
3636.0	0.647669	0.191572	0.456097	0.820683	9.46455
3637.0	0.62582	0.669901	0.0440818	0.770357	12.2913
3638.0	0.34885	0.693057	0.344208	0.912973	5.63769
3639.0	0.396999	0.739356	0.342357	0.792001	10.995
3640.0	0.404239	0.586263	0.182025	0.893559	6.47106
3641.0	0.932993	1.12714	0.194152	0.783033	11.5584
3642.0	0.896158	0.980663	0.084505	0.891966	6.55997
3643.0	0.0291842	-0.0830516	0.112236	0.866329	7.61022
3644.0	0.249344	0.566768	0.317425	0.790151	11.1101
3645.0	0.833918	0.700539	0.133379	0.831126	9.17481
3646.0	0.252982	0.083802	0.16918	0.842048	8.66041
3647.0	0.258838	-0.0373961	0.296234	0.848443	8.31122
3648.0	0.9259	0.301186	0.624714	0.719739	14.8505
3649.0	0.0305118	-0.114822	0.145334	0.843453	8.60469
3650.0	0.0196156	-0.0223081	0.0419237	0.888792	6.69231
3651.0	0.339277	0.19694	0.142337	0.869268	7.47785
3652.0	0.654144	1.62645	0.972304	0.855538	7.12574
3653.0	0.735997	1.09805	0.362048	0.845968	8.3765
3654.0	0.187702	-0.851329	1.03903	0.796034	9.72626
3655.0	0.672621	0.679126	0.00650456	0.862695	7.77845
3656.0	0.551733	1.21806	0.666329	0.862814	7.32179
3657.0	0.0944386	0.266285	0.171846	0.837776	8.85438
3658.0	0.260437	1.01526	0.754828	0.819209	9.14695
3659.0	0.65758	0.464055	0.193525	0.945095	4.54786
3660.0	0.347253	0.081519	0.265734	0.897764	6.26849
3661.0	0.928773	0.905917	0.0228562	0.833703	9.07317
3662.0	0.0921917	0.21365	0.121459	0.874277	7.27332
3663.0	0.101658	0.64563	0.543972	0.934117	4.69593
3664.0	0.865863	0.88937	0.0235077	0.812742	10.0752
3665.0	0.177372	0.122228	0.0551431	0.862949	7.76447
3666.0	0.862316	0.791604	0.0707114	0.808152	10.2977
3667.0	0.521345	1.09084	0.56949	0.786926	11.027
3668.0	0.223888	-0.101968	0.325856	0.881135	6.89869
3669.0	0.151449	0.147015	0.00443404	0.867654	7.56672
3670.0	0.264014	0.279328	0.0153131	0.814807	9.9742
3671.0	0.805435	1.14746	0.342027	0.822844	9.4594
3672.0	0.556203	0.898476	0.342273	0.869275	7.37936
3673.0	0.572488	1.0127	0.440212	0.927437	5.03136
3674.0	0.850079	0.455148	0.39493	0.693974	16.8847
3675.0	0.761656	0.324742	0.436914	0.896921	6.18414
3676.0	0.16256	-0.707462	0.870022	0.860168	7.11867
3677.0	0.300291	0.10686	0.193431	0.795238	10.9169
3678.0	0.438314	1.01752	0.579201	0.880662	6.69012
3679.0	0.203514	0.187246	0.0162689	0.803754	10.5235
3680.0	0.0245127	-0.648206	0.672719	0.835213	8.52625
3681.0	0.752834	1.27547	0.522638	0.763748	12.3448
3682.0	0.395606	0.494798	0.0991919	0.784639	11.5044
3683.0	0.620555	0.0388963	0.581659	0.795801	10.552
3684.0	0.38912	0.789227	0.400107	0.869414	7.3301
3685.0	0.782402	0.525864	0.256538	0.801951	10.5419
3686.0	0.302801	0.3552	0.0523985	0.893971	6.48461
3687.0	0.106738	0.699693	0.592955	0.86335	7.39252
3688.0	0.83582	0.627935	0.207886	0.896898	6.32929
3689.0	0.763225	0.839855	0.0766292	0.877346	7.15481
3690.0	0.915149	1.1905	0.275351	0.84539	8.46013
3691.0	0.00249359	0.396755	0.394262	0.871415	7.25093
3692.0	0.654183	0.15207	0.502112	0.804023	10.2315
3693.0	0.552717	0.726984	0.174267	0.789939	11.2007
3694.0	0.0862122	0.0406624	0.0455498	0.787642	11.3538
3695.0	0.972623	0.326794	0.645829	0.831049	8.75457
3696.0	0.298716	0.00297485	0.295741	0.76658	12.4025
3697.0	0.590624	1.13331	0.542682	0.885992	6.51555
3698.0	0.224861	0.037174	0.187687	0.910358	5.81663
3699.0	0.322847	0.509917	0.18707	0.866823	7.56641
3700.0	0.226588	0.354606	0.128018	0.886153	6.78415
3701.0	0.825916	0.312578	0.513338	0.882487	6.68739
3702.0	0.841901	0.852153	0.0102518	0.906035	6.01593
3703.0	0.031504	0.362344	0.33084	0.902022	6.06479
3704.0	0.280296	0.43837	0.158074	0.934816	4.92335
3705.0	0.226898	-0.0628778	0.289776	0.908259	5.84963
3706.0	0.385234	0.488178	0.102944	0.875104	7.24304
3707.0	0.462486	0.889587	0.427102	0.785531	11.2608
3708.0	0.396447	0.9153	0.518852	0.873231	7.06102
3709.0	0.151807	0.554236	0.40243	0.919044	5.36931
3710.0	0.985171	0.379719	0.605451	0.813663	9.63154
3711.0	0.839108	1.30119	0.462084	0.808197	10.0662
3712.0	0.744728	0.260344	0.484384	0.818039	9.56272
3713.0	0.603542	0.69224	0.0886983	0.924917	5.29863
3714.0	0.488868	0.612344	0.123476	0.929031	5.14132
3715.0	0.786739	0.469309	0.317429	0.831599	9.06432
3716.0	0.604164	0.403669	0.200495	0.89575	6.37746
3717.0	0.229305	0.80073	0.571425	0.830813	8.8612
3718.0	0.421318	-0.20607	0.627388	0.870985	7.02962
3719.0	0.943982	1.24478	0.300794	0.836618	8.84305
3720.0	0.0879688	-0.518634	0.606603	0.778488	11.4254
3721.0	0.10743	-0.320632	0.428062	0.737306	14.0037
3722.0	0.122616	-0.388615	0.51123	0.719325	15.0382
3723.0	0.372371	0.345626	0.0267447	0.808023	10.3088
3724.0	0.0451496	0.013059	0.0320906	0.775855	11.989
3725.0	0.549941	0.254026	0.295915	0.885167	6.75336
3726.0	0.571745	0.762361	0.190617	0.897761	6.30214
3727.0	0.736465	0.182324	0.554142	0.762879	12.3541
3728.0	0.14743	-0.0783074	0.225737	0.866743	7.55355
3729.0	0.165247	-0.466477	0.631724	0.874176	6.89219
3730.0	0.979263	0.173402	0.805861	0.876892	6.53303
3731.0	0.665749	-0.0361479	0.701897	0.810771	9.63573
3732.0	0.752087	0.784375	0.0322882	0.784723	11.5099
3733.0	0.578619	0.668397	0.0897781	0.80657	10.3733
3734.0	0.993405	0.549637	0.443768	0.826005	9.22376
3735.0	0.869697	0.591176	0.27852	0.810482	10.1022
3736.0	0.374049	0.11275	0.261299	0.77217	12.1137
3737.0	0.192438	0.618869	0.426431	0.878884	6.91533
3738.0	0.892739	0.666169	0.226569	0.881033	6.95757
3739.0	0.735018	0.660559	0.0744597	0.729604	14.7006
3740.0	0.72936	0.642554	0.0868062	0.743315	13.852
3741.0	0.217008	0.0803792	0.136628	0.792307	11.0901
3742.0	0.184489	0.621767	0.437278	0.818469	9.58892
3743.0	0.707193	0.32568	0.381513	0.893839	6.34963
3744.0	0.545779	0.959817	0.414038	0.883361	6.74325
3745.0	0.708924	1.12026	0.411337	0.856757	7.86148
3746.0	0.641425	0.172476	0.468949	0.85267	7.98761
3747.0	0.288112	0.291414	0.00330233	0.852107	8.23993
3748.0	0.188893	-0.274253	0.463146	0.899359	6.06612
3749.0	0.16399	-0.116721	0.280711	0.867423	7.49645
3750.0	0.720062	0.887065	0.167003	0.745756	13.6806
3751.0	0.447564	0.281749	0.165815	0.882641	6.9157
3752.0	0.183511	-0.129514	0.313025	0.901587	6.09278
3753.0	0.588595	0.600314	0.0117184	0.899739	6.26007
3754.0	0.0138211	-0.281064	0.294885	0.911935	5.70708
3755.0	0.618882	0.389063	0.229819	0.857845	7.93387
3756.0	0.80023	0.684128	0.116102	0.81927	9.7428
3757.0	0.971893	0.685097	0.286796	0.824104	9.43679
3758.0	0.917693	1.10738	0.189689	0.863063	7.72587
3759.0	0.44001	0.775071	0.335061	0.820906	9.55713
3760.0	0.438139	-0.286952	0.725091	0.812002	9.54007
3761.0	0.385643	0.541105	0.155462	0.839399	8.78573
3762.0	0.646908	0.47616	0.170748	0.788307	11.2879
3763.0	0.475541	0.372744	0.102797	0.842834	8.64377
3764.0	0.210405	0.362757	0.152353	0.798101	10.7855
3765.0	0.0493066	0.186106	0.136799	0.829931	9.22979
3766.0	0.198473	0.919359	0.720886	0.907975	5.44312
3767.0	0.172007	0.962091	0.790084	0.848978	7.73398
3768.0	0.624073	0.709256	0.0851833	0.861296	7.8313
3769.0	0.113702	-0.24138	0.355081	0.87782	7.0147
3770.0	0.233346	0.96446	0.731115	0.804726	9.88714
3771.0	0.259243	-0.326034	0.585277	0.890383	6.29344
3772.0	0.872382	0.577609	0.294773	0.832837	9.02149
3773.0	0.88036	0.717325	0.163035	0.851876	8.22257
3774.0	0.224451	0.774169	0.549718	0.943531	4.35877
3775.0	0.626503	1.01074	0.384234	0.895401	6.28602
3776.0	0.646544	1.00021	0.353663	0.879331	6.95364
3777.0	0.162405	0.219594	0.0571894	0.827446	9.36328
3778.0	0.514021	-0.0531971	0.567218	0.922481	5.09177
3779.0	0.0258423	-0.446875	0.472717	0.844211	8.35885
3780.0	0.636348	0.298749	0.337599	0.785868	11.3206
3781.0	0.681499	0.743165	0.0616662	0.847725	8.43077
3782.0	0.594848	1.30053	0.705678	0.802514	10.037
3783.0	0.739501	0.299946	0.439555	0.810623	9.96863
3784.0	0.958435	0.559748	0.398687	0.879464	6.91441
3785.0	0.393017	0.446031	0.0530143	0.873966	7.29833
3786.0	0.405537	-0.180292	0.58583	0.904161	5.75668
3787.0	0.803827	1.10964	0.305814	0.819521	9.64394
3788.0	0.961553	0.772022	0.189531	0.790236	11.1789
3789.0	0.848961	1.03986	0.190894	0.842191	8.6457
3790.0	0.328638	0.76955	0.440912	0.855473	7.89142
3791.0	0.214295	0.108621	0.105674	0.867673	7.55461
3792.0	0.244006	0.0706803	0.173326	0.837884	8.84885
3793.0	0.0244935	0.539671	0.515178	0.785331	11.1774
3794.0	0.932529	0.953058	0.0205293	0.799797	10.7242
3795.0	0.65919	0.618874	0.0403164	0.833571	9.07812
3796.0	0.824765	1.01577	0.19101	0.854885	8.0799
3797.0	0.938025	0.962172	0.0241465	0.924858	5.30771
3798.0	0.0304685	0.0504899	0.0200214	0.837486	8.89851
3799.0	0.167165	0.685706	0.51854	0.843821	8.329
3800.0	0.175647	0.413588	0.237941	0.925446	5.23311
3801.0	0.154834	0.63988	0.485046	0.888893	6.45785
3802.0	0.142572	0.362528	0.219956	0.905389	5.99401
3803.0	0.170776	0.457536	0.28676	0.955535	4.1465
3804.0	0.765179	0.400172	0.365007	0.859858	7.76417
3805.0	0.951139	0.743481	0.207658	0.824359	9.46678
3806.0	0.977264	0.86036	0.116904	0.880961	6.99817
3807.0	0.938024	0.85365	0.0843743	0.798457	10.7852
3808.0	0.256622	-0.0269636	0.283585	0.809352	10.155
3809.0	0.556439	-0.0309386	0.587378	0.870313	7.10632
3810.0	0.724691	0.506111	0.21858	0.896464	6.34192
3811.0	0.787861	0.665216	0.122645	0.82715	9.36464
3812.0	0.0923968	0.0241704	0.0682264	0.833508	9.07783
3813.0	0.501162	1.14188	0.640718	0.839644	8.36918
3814.0	0.495898	1.32046	0.824559	0.776714	11.1666
3815.0	0.609762	0.711967	0.102205	0.877005	7.16433
3816.0	0.000428538	0.0596089	0.0591804	0.769162	12.356
3817.0	0.000638573	0.286826	0.286187	0.80076	10.5843
3818.0	0.0298575	0.163002	0.133145	0.884803	6.83749
3819.0	0.549363	0.727126	0.177763	0.852541	8.188
3820.0	0.776345	0.658555	0.11779	0.788276	11.3069
3821.0	0.839854	0.305968	0.533886	0.881946	6.68799
3822.0	0.947151	0.733182	0.213969	0.807567	10.2818
3823.0	0.937102	0.522729	0.414373	0.806267	10.208
3824.0	0.743472	0.994824	0.251352	0.751303	13.3089
3825.0	0.775174	1.51337	0.738195	0.895755	5.88625
3826.0	0.36239	0.517027	0.154637	0.84521	8.52251
3827.0	0.188736	0.138531	0.0502056	0.903476	6.11237
3828.0	0.777247	1.01691	0.239658	0.833846	9.00599
3829.0	0.805104	0.658338	0.146766	0.930475	5.08301
3830.0	0.759836	0.696986	0.0628505	0.829391	9.27095
3831.0	0.641714	0.470612	0.171102	0.74518	13.7134
3832.0	0.633007	0.61149	0.0215173	0.800374	10.6947
3833.0	0.639061	0.483214	0.155847	0.796096	10.8873
3834.0	0.7637	0.0992548	0.664445	0.796416	10.4062
3835.0	0.134006	0.191532	0.0575268	0.857026	8.02054
3836.0	0.00799301	-0.138781	0.146774	0.882672	6.92037
3837.0	0.606935	0.752575	0.14564	0.838715	8.82011
3838.0	0.252963	0.24242	0.0105438	0.789657	11.2498
3839.0	0.923125	0.735784	0.187341	0.819599	9.70351
3840.0	0.782582	0.301346	0.481236	0.851879	8.01025
3841.0	0.975888	0.528164	0.447724	0.862199	7.59502
3842.0	0.668389	0.846715	0.178326	0.819951	9.69008
3843.0	0.681489	0.671154	0.0103343	0.939632	4.77486
3844.0	0.466701	0.457614	0.00908733	0.867641	7.56723
3845.0	0.544495	0.321344	0.223151	0.801309	10.5922
3846.0	0.686181	0.224575	0.461607	0.812093	9.87476
3847.0	0.212471	0.380658	0.168186	0.824877	9.45816
3848.0	0.0580907	-0.62956	0.687651	0.779808	11.2356
3849.0	0.605185	0.456577	0.148608	0.839858	8.76695
3850.0	0.0926661	0.0209949	0.0716712	0.777552	11.8916
3851.0	0.100501	0.00639632	0.0941046	0.774038	12.0796
3852.0	0.284555	0.61728	0.332725	0.805869	10.295
3853.0	0.915248	0.420632	0.494616	0.853895	7.90857
3854.0	0.535193	0.310772	0.224421	0.911399	5.76253
3855.0	0.876928	0.622737	0.254191	0.797646	10.7625
3856.0	0.453823	0.289116	0.164707	0.806788	10.3413
3857.0	0.453478	0.931816	0.478338	0.762186	12.4848
3858.0	0.0861519	0.0858464	0.000305492	0.906185	6.01024
3859.0	0.196824	0.784712	0.587889	0.794673	10.6016
3860.0	0.208816	-0.0109585	0.219775	0.802639	10.5265
3861.0	0.332456	0.658684	0.326228	0.875213	7.14214
3862.0	0.0201102	0.391533	0.371422	0.833048	8.95748
3863.0	0.200667	0.559339	0.358672	0.904264	5.95961
3864.0	0.853145	0.698297	0.154848	0.786103	11.4104
3865.0	0.965251	0.864628	0.100623	0.918717	5.52593
3866.0	0.781235	0.815125	0.0338899	0.82192	9.62862
3867.0	0.359177	0.933893	0.574716	0.823411	9.20364
3868.0	0.62752	0.846116	0.218596	0.868752	7.47172
3869.0	0.550135	0.399372	0.150764	0.895004	6.42406
3870.0	0.180248	-0.0379828	0.218231	0.882762	6.89069
3871.0	0.190928	0.992695	0.801767	0.857901	7.32979
3872.0	0.276801	-0.119107	0.395907	0.953387	4.15189
3873.0	0.798554	0.242753	0.555801	0.804189	10.1607
3874.0	0.851907	0.744278	0.107629	0.865947	7.62754
3875.0	0.853458	0.616206	0.237252	0.895674	6.3647
3876.0	0.509171	0.683507	0.174336	0.797255	10.8208
3877.0	0.251138	-0.521123	0.77226	0.795924	10.2602
3878.0	0.509972	0.671261	0.161288	0.837787	8.85759
3879.0	0.568837	0.394226	0.174611	0.856511	8.01497
3880.0	0.141802	-0.21388	0.355682	0.852506	8.09124
3881.0	0.421788	-0.0827331	0.504521	0.882362	6.70134
3882.0	0.490393	0.590263	0.0998707	0.861238	7.83099
3883.0	0.135737	0.265947	0.13021	0.881387	6.97746
3884.0	0.756888	0.832307	0.0754184	0.908576	5.91304
3885.0	0.0200508	-0.385359	0.405409	0.93604	4.74969
3886.0	0.294009	0.48657	0.192561	0.892546	6.50736
3887.0	0.647957	0.444867	0.20309	0.81721	9.81239
3888.0	0.625374	0.230655	0.394718	0.775802	11.8134
3889.0	0.901841	1.09128	0.189434	0.877775	7.10695
3890.0	0.150756	-0.355577	0.506334	0.808934	9.98281
3891.0	0.894134	0.535966	0.358168	0.840085	8.64475
3892.0	0.866603	0.833652	0.0329505	0.822203	9.61513
3893.0	0.869917	0.989627	0.11971	0.844693	8.55584
3894.0	0.564404	0.317536	0.246868	0.861318	7.77529
3895.0	0.610937	0.475843	0.135094	0.738911	14.1068
3896.0	0.608068	0.524774	0.0832944	0.809693	10.2189
3897.0	0.106672	0.396251	0.289579	0.885124	6.75876
3898.0	0.721984	0.605525	0.116459	0.829414	9.25957
3899.0	0.105838	-0.0935977	0.199436	0.764691	12.5648
3900.0	0.133055	-0.411983	0.545037	0.722626	14.7815
3901.0	0.387537	0.431513	0.0439763	0.845314	8.54089
3902.0	0.484231	0.448927	0.0353037	0.809147	10.2522
3903.0	0.376661	0.424149	0.0474879	0.920234	5.47695
3904.0	0.157041	0.384264	0.227223	0.737106	14.1767
3905.0	0.765794	-0.344582	1.11038	0.781188	10.3134
3906.0	0.70003	0.0388793	0.661151	0.885125	6.41006
3907.0	0.700842	0.570979	0.129863	0.835954	8.95161
3908.0	0.753394	0.573498	0.179896	0.896915	6.33927
3909.0	0.725999	0.852027	0.126028	0.891622	6.56507
3910.0	0.888253	0.847061	0.0411916	0.803331	10.5432
3911.0	0.879811	0.873183	0.0066287	0.784213	11.5383
3912.0	0.244028	0.209364	0.0346648	0.805732	10.4229
3913.0	0.247825	-0.0735335	0.321358	0.79548	10.8306
3914.0	0.10982	-0.00166141	0.111481	0.943165	4.63868
3915.0	0.955618	0.902981	0.0526375	0.848492	8.39758
3916.0	0.969238	0.712494	0.256744	0.900335	6.17263
3917.0	0.367731	0.587308	0.219577	0.802904	10.5132
3918.0	0.430628	0.12089	0.309738	0.840734	8.64927
3919.0	0.591454	0.188966	0.402488	0.856608	7.87535
3920.0	0.606566	0.690179	0.0836123	0.870273	7.44892
3921.0	0.693473	0.298274	0.395199	0.841883	8.53398
3922.0	0.0463734	-0.0305124	0.0768858	0.801149	10.6492
3923.0	0.546298	0.306317	0.239981	0.801171	10.5905
3924.0	0.217565	0.283518	0.065953	0.872521	7.35717
3925.0	0.849326	0.998695	0.149369	0.842023	8.66818
3926.0	0.501495	0.222481	0.279015	0.833864	8.98347
3927.0	0.549206	0.559747	0.0105418	0.82974	9.25865
3928.0	0.283158	0.3947	0.111543	0.903456	6.10349
3929.0	0.32093	0.616478	0.295548	0.921165	5.36156
3930.0	0.896641	0.793725	0.102915	0.848882	8.37206
3931.0	0.228205	0.472717	0.244512	0.843134	8.57852
3932.0	0.740332	0.427293	0.313039	0.880631	6.92745
3933.0	0.745513	-0.065282	0.810795	0.877273	6.50971
3934.0	0.0621937	-0.16219	0.224383	0.873253	7.28012
3935.0	0.672891	0.378762	0.294129	0.811175	10.0582
3936.0	0.804218	0.718552	0.0856662	0.814517	9.98066
3937.0	0.290805	-0.0118365	0.302642	0.914183	5.61787
3938.0	0.238104	0.567059	0.328955	0.885277	6.72843
3939.0	0.22728	0.786134	0.558853	0.867057	7.27556
3940.0	0.492695	0.627061	0.134366	0.80535	10.4234
3941.0	0.42402	0.910879	0.486859	0.89901	6.05782
3942.0	0.603417	0.508698	0.0947187	0.870147	7.45221
3943.0	0.871727	0.708249	0.163478	0.898653	6.27659
3944.0	0.856898	0.838133	0.0187654	0.793662	11.0402
3945.0	0.254998	0.171223	0.0837758	0.751776	13.3483
3946.0	0.107959	0.169502	0.0615426	0.696236	16.9247
3947.0	0.835681	0.24524	0.590441	0.899025	5.94913
3948.0	0.994196	0.606099	0.388097	0.871151	7.26685
3949.0	0.949095	0.801211	0.147884	0.838166	8.84459
3950.0	0.377269	0.564668	0.187399	0.808837	10.2303
3951.0	0.102901	0.0314898	0.071411	0.789073	11.2749
3952.0	0.444519	0.0697215	0.374797	0.84611	8.36034
3953.0	0.0858865	0.480112	0.394226	0.797221	10.6829
3954.0	0.878359	0.843618	0.0347409	0.82285	9.58403
3955.0	0.88009	0.633603	0.246487	0.836459	8.88182
3956.0	0.215667	0.313876	0.0982088	0.894467	6.45817
3957.0	0.673123	0.22473	0.448393	0.867761	7.35827
3958.0	0.155671	0.773857	0.618186	0.840548	8.35805
3959.0	0.931249	0.579445	0.351804	0.782386	11.4947
3960.0	0.451171	0.784676	0.333505	0.900374	6.12701
3961.0	0.131182	0.148484	0.0173026	0.795006	10.9706
3962.0	0.148995	0.45864	0.309645	0.776237	11.8587
3963.0	0.664285	0.5443	0.119985	0.844093	8.58286
3964.0	0.55765	0.596504	0.0388542	0.854661	8.12588
3965.0	0.579631	0.987213	0.407582	0.905264	5.88498
3966.0	0.563934	0.430244	0.13369	0.869054	7.48931
3967.0	0.347733	0.388193	0.0404597	0.765911	12.5406
3968.0	0.0935509	0.319169	0.225618	0.856949	7.97483
3969.0	0.784636	0.746801	0.0378342	0.817173	9.85751
3970.0	0.465204	0.142981	0.322223	0.796507	10.7771
3971.0	0.743851	0.362129	0.381722	0.881278	6.85349
3972.0	0.463848	0.310093	0.153755	0.818644	9.76206
3973.0	0.17944	0.205679	0.0262386	0.732066	14.552
3974.0	0.379001	-0.360528	0.739529	0.756556	12.4323
3975.0	0.431098	0.528498	0.0973997	0.916584	5.60627
3976.0	0.621956	0.724628	0.102671	0.830883	9.19395
3977.0	0.0940034	-0.185107	0.27911	0.750929	13.3133
3978.0	0.535993	0.76683	0.230837	0.855154	8.05075
3979.0	0.51482	0.452465	0.0623548	0.891207	6.59346
3980.0	0.948212	0.881234	0.0669782	0.854997	8.10807
3981.0	0.50108	0.967815	0.466735	0.89114	6.38558
3982.0	0.126895	0.502702	0.375807	0.879625	6.92549
3983.0	0.0640057	0.250362	0.186356	0.856582	8.00751
3984.0	0.955538	0.619361	0.336177	0.792885	10.9538
3985.0	0.749578	0.273298	0.47628	0.809579	9.98327
3986.0	0.822718	0.936657	0.113939	0.81123	10.1361
3987.0	0.469593	0.820048	0.350455	0.847452	8.31885
3988.0	0.523767	0.292072	0.231695	0.858661	7.89756
3989.0	0.438256	0.487381	0.0491254	0.910418	5.84597
3990.0	0.987239	0.91043	0.076809	0.848802	8.38051
3991.0	0.643954	0.208231	0.435723	0.964805	3.73724
3992.0	0.608737	-0.30726	0.915997	0.807034	9.44391
3993.0	0.0264079	0.736705	0.710298	0.841057	8.20786
3994.0	0.130397	0.396326	0.265929	0.841837	8.62572
3995.0	0.649061	0.329232	0.319829	0.917364	5.4885
3996.0	0.721803	0.480769	0.241034	0.843321	8.57185
3997.0	0.945671	0.898868	0.0468027	0.840288	8.76835
3998.0	0.417554	0.167659	0.249895	0.910578	5.78207
3999.0	0.375334	-0.179212	0.554546	0.751624	12.9988
4000.0	0.389855	-0.661534	1.05139	0.757385	11.7382
4001.0	0.691468	0.788091	0.0966227	0.877032	7.16431
4002.0	0.153267	0.16705	0.0137827	0.77978	11.7764
4003.0	0.152641	0.821712	0.66907	0.801845	10.1255
4004.0	0.526777	0.162513	0.364264	0.899403	6.14392
4005.0	0.878906	0.885819	0.00691317	0.859812	7.90283
4006.0	0.0745145	-0.0774089	0.151923	0.825615	9.4287
4007.0	0.0692468	0.0989752	0.0297284	0.825585	9.45399
4008.0	0.548975	0.321788	0.227187	0.865305	7.61409
4009.0	0.951547	1.09198	0.14043	0.789807	11.2197
4010.0	0.277903	-0.0648075	0.34271	0.817492	9.71596
4011.0	0.473442	0.116601	0.35684	0.808511	10.1451
4012.0	0.300712	0.161735	0.138977	0.899673	6.24392
4013.0	0.879849	1.01846	0.138612	0.781548	11.6592
4014.0	0.583021	0.468424	0.114597	0.869444	7.47768
4015.0	0.506898	0.145224	0.361674	0.873393	7.19321
4016.0	0.822127	0.365008	0.457119	0.835533	8.76773
4017.0	0.97115	0.379275	0.591875	0.776206	11.5685
4018.0	0.814672	0.886752	0.07208	0.908392	5.92056
4019.0	0.068358	0.639704	0.571346	0.824101	9.17514
4020.0	0.239509	0.225007	0.0145025	0.92558	5.28156
4021.0	0.638475	0.467962	0.170513	0.780911	11.6821
4022.0	0.630421	0.553579	0.0768419	0.778658	11.8306
4023.0	0.906742	0.701424	0.205318	0.836797	8.88598
4024.0	0.635938	0.78945	0.153513	0.833274	9.06855
4025.0	0.630598	0.817029	0.186431	0.841537	8.67718
4026.0	0.266527	0.507178	0.240651	0.808561	10.219
4027.0	0.325359	0.719164	0.393805	0.813556	9.86639
4028.0	0.903532	0.728448	0.175084	0.859155	7.89984
4029.0	0.794817	0.949399	0.154582	0.809168	10.2263
4030.0	0.690554	0.751139	0.0605849	0.871698	7.39239
4031.0	0.412128	0.764706	0.352577	0.83823	8.73349
4032.0	0.345579	0.360694	0.0151153	0.854109	8.15147
4033.0	0.974134	1.35422	0.38009	0.895031	6.30368
4034.0	0.961049	0.914825	0.0462236	0.815735	9.9268
4035.0	0.311646	1.00938	0.697731	0.823491	9.03297
4036.0	0.331989	0.893839	0.56185	0.896385	6.08369
4037.0	0.848931	0.776221	0.0727107	0.780516	11.7308
4038.0	0.0667144	-0.0495406	0.116255	0.768146	12.4011
4039.0	0.211139	0.265864	0.0547248	0.89425	6.47327
4040.0	0.937511	0.436454	0.501056	0.894982	6.20151
4041.0	0.35366	0.0448092	0.308851	0.848631	8.29491
4042.0	0.365292	0.29652	0.0687717	0.874849	7.25959
4043.0	0.059461	0.564631	0.50517	0.864707	7.43259
4044.0	0.569249	0.0579853	0.511264	0.787333	11.0766
4045.0	0.0630792	0.580529	0.51745	0.88371	6.63376
4046.0	0.0493282	0.542058	0.492729	0.833367	8.83169
4047.0	0.237452	0.287179	0.0497274	0.887671	6.73669
4048.0	0.173023	0.587845	0.414823	0.83901	8.6476
4049.0	0.548649	0.528422	0.0202271	0.868388	7.53522
4050.0	0.0569354	-0.22476	0.281695	0.921213	5.36737
4051.0	0.0465223	-0.0737044	0.120227	0.90019	6.22846
4052.0	0.968095	1.13137	0.163274	0.857291	7.98493
4053.0	0.819782	0.435507	0.384275	0.899224	6.13631
4054.0	0.288076	-0.214947	0.503023	0.839915	8.52157
4055.0	0.12649	0.172693	0.0462028	0.829888	9.24956
4056.0	0.832315	0.590757	0.241558	0.825038	9.41816
4057.0	0.930722	0.845529	0.0851927	0.748274	13.5552
4058.0	0.289335	0.360375	0.0710406	0.858056	7.9739
4059.0	0.731507	0.916803	0.185295	0.868801	7.48328
4060.0	0.573366	0.319125	0.25424	0.839305	8.74729
4061.0	0.50271	0.744634	0.241925	0.856673	7.97901
4062.0	0.0671437	0.26773	0.200586	0.862611	7.74092
4063.0	0.847474	1.06486	0.217387	0.888773	6.64802
4064.0	0.842979	1.18581	0.342835	0.875896	7.10267
4065.0	0.532532	0.812339	0.279806	0.761645	12.6923
4066.0	0.869882	0.98363	0.113748	0.858008	7.96787
4067.0	0.273931	0.42276	0.148829	0.913073	5.72626
4068.0	0.236528	0.364222	0.127693	0.873175	7.31772
4069.0	0.738042	0.913302	0.175261	0.938874	4.77324
4070.0	0.285269	0.507378	0.222109	0.874691	7.22124
4071.0	0.58207	-0.0759602	0.65803	0.718377	14.885
4072.0	0.530666	0.392075	0.138591	0.790136	11.203
4073.0	0.51692	0.588999	0.0720785	0.834391	9.0363
4074.0	0.195852	0.183191	0.0126608	0.842542	8.66797
4075.0	0.550488	0.241248	0.30924	0.879999	6.95568
4076.0	0.507723	0.875756	0.368034	0.847182	8.31772
4077.0	0.512871	0.96139	0.448519	0.854287	7.93616
4078.0	0.895859	0.87022	0.0256393	0.86456	7.69789
4079.0	0.545709	0.413686	0.132022	0.787624	11.3373
4080.0	0.304631	0.24816	0.0564719	0.825469	9.45704
4081.0	0.4639	0.199022	0.264878	0.779112	11.7322
4082.0	0.751544	0.750225	0.00131921	0.763908	12.6558
4083.0	0.745235	0.608492	0.136742	0.877215	7.14734
4084.0	0.867894	0.0824424	0.785451	0.921318	4.85767
4085.0	0.100325	-0.227993	0.328318	0.718921	15.2571
4086.0	0.110155	-0.289329	0.399484	0.806862	10.1916
4087.0	0.693083	0.839079	0.145996	0.924039	5.31817
4088.0	0.988009	0.973006	0.0150031	0.914575	5.69064
4089.0	0.138627	0.155249	0.0166217	0.91127	5.81561
4090.0	0.15603	0.211854	0.0558242	0.845285	8.54096
4091.0	0.377771	0.211305	0.166466	0.828999	9.26393
4092.0	0.332226	0.866639	0.534413	0.874519	6.99131
4093.0	0.167233	0.349077	0.181844	0.793398	11.0171
4094.0	0.925079	0.906593	0.018486	0.862671	7.7792
4095.0	0.036064	0.401472	0.365408	0.705271	16.1318
4096.0	0.934728	1.12552	0.19079	0.833079	9.06395
4097.0	0.615564	0.548105	0.0674585	0.855129	8.10222
4098.0	0.0685541	0.463992	0.395438	0.83103	9.03164
4099.0	0.95577	1.01941	0.0636375	0.794744	10.9799
4100.0	0.0156874	0.0776037	0.0619163	0.842473	8.66724
4101.0	0.166766	0.131186	0.0355798	0.848563	8.39599
4102.0	0.341733	0.561489	0.219756	0.845112	8.50141
4103.0	0.955906	0.647367	0.308539	0.853213	8.09254
4104.0	0.938908	1.03581	0.0969032	0.782578	11.6151
4105.0	0.851217	0.246753	0.604464	0.69816	16.3203
4106.0	0.819851	0.98726	0.167409	0.755865	13.0842
4107.0	0.591472	0.349027	0.242445	0.800751	10.6105
4108.0	0.526464	0.211137	0.315327	0.891252	6.49747
4109.0	0.778699	0.423688	0.355011	0.904534	5.95175
4110.0	0.0287832	0.130736	0.101953	0.839117	8.81316
4111.0	0.0704967	-0.392378	0.462875	0.81423	9.76914
4112.0	0.49622	0.685208	0.188989	0.842179	8.647
4113.0	0.585726	0.265016	0.32071	0.908108	5.83718
4114.0	0.58386	0.10299	0.48087	0.887552	6.51538
4115.0	0.919741	0.868199	0.0515418	0.826666	9.40083
4116.0	0.044744	0.0996329	0.0548889	0.852656	8.21258
4117.0	0.670227	1.74705	1.07682	0.846266	7.30794
4118.0	0.293317	0.374175	0.080858	0.894398	6.46393
4119.0	0.344181	0.483361	0.13918	0.85937	7.9021
4120.0	0.363233	0.173318	0.189915	0.816251	9.86462
4121.0	0.226132	-0.188115	0.414247	0.819046	9.58234
4122.0	0.127449	0.298299	0.17085	0.803501	10.5042
4123.0	0.156102	0.461356	0.305254	0.837773	8.78725
4124.0	0.883114	0.603672	0.279442	0.801825	10.5346
4125.0	0.379476	0.25179	0.127686	0.779199	11.7893
4126.0	0.478107	0.361945	0.116161	0.862961	7.75327
4127.0	0.83638	0.783967	0.0524129	0.753622	13.2451
4128.0	0.56	0.754662	0.194662	0.765453	12.5239
4129.0	0.940302	1.05708	0.116778	0.808544	10.2686
4130.0	0.288741	0.433129	0.144388	0.809739	10.2013
4131.0	0.749288	1.00246	0.253175	0.836938	8.85627
4132.0	0.728169	0.613712	0.114457	0.875451	7.22612
4133.0	0.709601	0.347216	0.362385	0.882766	6.80724
4134.0	0.963672	0.687531	0.276141	0.81058	10.0988
4135.0	0.0716369	-0.251451	0.323087	0.827309	9.26133
4136.0	0.284439	0.321495	0.0370558	0.841234	8.7261
4137.0	0.257435	0.19794	0.059495	0.857147	8.01503
4138.0	0.910064	1.10967	0.19961	0.828489	9.27489
4139.0	0.91188	1.13032	0.218435	0.834967	8.96444
4140.0	0.241039	0.74656	0.505521	0.831607	8.89954
4141.0	0.792155	0.968122	0.175966	0.849834	8.30847
4142.0	0.323722	0.300986	0.022736	0.853757	8.16667
4143.0	0.373196	0.717394	0.344198	0.84878	8.26427
4144.0	0.892715	0.653113	0.239602	0.927941	5.14126
4145.0	0.540407	0.405801	0.134606	0.821363	9.63701
4146.0	0.0623596	-0.193932	0.256292	0.867755	7.4957
4147.0	0.956914	0.440004	0.51691	0.865769	7.37545
4148.0	0.866014	0.693039	0.172975	0.838884	8.80319
4149.0	0.387744	0.440351	0.0526071	0.878496	7.11043
4150.0	0.829495	0.404365	0.42513	0.876174	7.02786
4151.0	0.352802	0.334497	0.0183057	0.745341	13.7388
4152.0	0.914644	0.643454	0.271191	0.831778	9.08493
4153.0	0.00140114	0.0927515	0.0913504	0.888452	6.69943
4154.0	0.872662	0.585204	0.287458	0.895731	6.33662
4155.0	0.197521	0.706135	0.508614	0.790794	10.8988
4156.0	0.135831	0.730944	0.595112	0.820521	9.31525
4157.0	0.133941	0.363719	0.229777	0.842013	8.63657
4158.0	0.698189	0.416722	0.281468	0.866765	7.52388
4159.0	0.342796	-0.741737	1.08453	0.766735	11.143
4160.0	0.895824	0.889051	0.00677306	0.852947	8.20284
4161.0	0.874077	0.757938	0.116139	0.805553	10.4183
4162.0	0.230054	0.284416	0.0543619	0.835262	8.99835
4163.0	0.832258	0.98729	0.155032	0.87852	7.08811
4164.0	0.497896	1.09557	0.597673	0.787514	10.9592
