Region	Region	Fst

1.0	2.0	0.0949303
1.0	3.0	0.183882
1.0	4.0	0.324114
1.0	5.0	0.467846
2.0	3.0	0.0507307
2.0	4.0	0.179408
2.0	5.0	0.342852
3.0	4.0	0.101122
3.0	5.0	0.272633
4.0	5.0	0.176715
