Region	Region	Fst

1.0	2.0	0.155033
1.0	3.0	0.383183
2.0	3.0	0.182664
