Region	Region	Fst

1.0	2.0	0.0708447
1.0	3.0	0.15451
1.0	4.0	0.264141
1.0	5.0	0.339807
2.0	3.0	0.0663853
2.0	4.0	0.214704
2.0	5.0	0.286533
3.0	4.0	0.134012
3.0	5.0	0.248009
4.0	5.0	0.117379
