Region	Region	Fst

1.0	2.0	0.0941241
1.0	3.0	0.260976
2.0	3.0	0.172099
