IND_ID	PosInd_X	PosInd_Y	PhenValue	Region

4	2.47945	11.7334	-0.910801	1
5	0.514864	10.1182	0.232959	1
23	1.26749	1.55055	-0.00338503	1
32	2.37002	1.12565	-0.281534	1
48	2.03154	8.00655	-0.3952	1
63	1.37488	11.5077	0.0450223	1
65	0.23909	6.73677	-0.330964	1
68	1.63156	21.344	0.200063	1
86	0.551845	16.7628	-0.0442684	1
109	0.00969314	13.0829	0.238104	1
112	0.102721	7.75902	0.0923322	1
119	0.106337	22.3124	-0.37388	1
130	0.373384	14.2567	0.392936	1
132	2.0799	10.4913	0.0576755	1
136	0.187623	22.2977	0.396593	1
138	0.373914	5.99769	-0.280783	1
146	1.77777	17.3376	-0.222481	1
158	0.771301	15.9713	-0.183169	1
159	1.36318	19.5915	-0.0127054	1
167	1.83196	22.1993	0.0294036	1
173	2.34352	6.70221	-0.503473	1
200	1.04962	10.6945	-0.825958	1
209	1.13248	7.17379	0.574203	1
213	1.6316	7.80414	-0.564617	1
215	0.655343	8.60178	-0.461717	1
245	0.504354	1.1293	0.131205	1
246	0.598889	14.0336	0.362177	1
266	1.08146	0.433553	0.344473	1
276	2.48858	12.236	0.277833	1
292	0.982553	12.8918	0.0608501	1
302	0.911769	15.9735	-0.157019	1
308	0.277383	5.36643	-0.701389	1
316	1.78588	6.42294	0.181995	1
318	0.553542	23.6459	0.16386	1
342	0.446821	4.7589	-1.13715	1
393	1.50127	0.248065	0.34051	1
395	1.89057	16.6755	0.637746	1
399	0.653728	24.8474	-0.0149875	1
416	0.800412	11.2149	0.107417	1
454	0.271222	18.3206	0.296756	1
462	1.4016	4.97074	-0.0244875	1
463	0.692083	8.61903	1.00881	1
469	0.321183	20.7777	-0.925964	1
485	0.198484	10.1363	0.25967	1
498	2.01491	16.2451	-0.0520947	1
503	0.162634	7.73826	-0.0785656	1
504	0.993112	5.09109	-0.118217	1
523	1.94876	13.5007	-0.959514	1
525	0.845533	21.106	-0.170239	1
544	0.529901	6.97154	-0.221034	1
556	0.977607	9.09116	-0.321326	1
557	0.512122	6.39881	-0.322871	1
582	0.216743	9.37654	-0.135516	1
594	0.628453	11.1963	0.0363851	1
598	2.32051	9.19763	-0.490902	1
611	0.565429	4.08962	0.827002	1
613	0.760055	20.9243	0.404277	1
619	1.45974	2.41998	-0.104526	1
622	1.67303	14.3628	0.190403	1
631	2.10889	19.2716	0.339268	1
645	1.30968	4.16356	-0.293537	1
667	2.1297	15.4117	-0.541043	1
672	0.166638	20.6508	0.0408177	1
680	1.92863	8.88068	-1.18734	1
683	1.53044	15.4236	-0.364847	1
690	1.96678	3.03073	0.14228	1
697	0.738471	13.5212	0.0719486	1
708	2.35605	6.00006	0.0904336	1
712	0.0482669	10.2424	0.352608	1
716	0.95824	2.85766	-0.284184	1
745	0.358773	9.22362	-0.713421	1
783	0.835856	7.06331	-0.959298	1
785	1.36617	21.7378	-0.0558142	1
795	2.11879	14.1277	0.672414	1
824	0.801806	12.223	-0.769521	1
841	0.649542	17.6864	0.174833	1
847	2.00209	6.41321	-0.345904	1
875	2.13959	1.39006	-0.443592	1
876	1.5877	3.70035	-0.250793	1
901	0.918381	16.3248	0.192227	1
912	1.55722	10.5685	0.0913987	1
930	1.34133	2.25453	-0.486847	1
936	0.819058	24.0499	-0.487299	1
940	1.07665	1.54884	-0.431215	1
955	1.42821	17.7291	0.197221	1
1020	0.627844	19.7776	0.495886	1
1021	0.688705	19.7428	0.0136819	1
1028	1.38577	24.9743	-0.766337	1
1030	0.920011	2.03674	-0.116347	1
1035	0.0149706	23.368	-0.808126	1
1054	1.81471	3.90331	0.472723	1
1061	1.25689	6.17658	0.557569	1
1074	1.16563	12.3366	-0.212067	1
1078	1.76398	18.9457	-0.14123	1
1080	1.93622	11.7335	0.411153	1
1081	0.899295	4.38076	0.698994	1
1099	2.35187	22.0355	0.00434219	1
1112	1.96386	23.6421	0.715241	1
1113	0.561691	13.4685	-0.314958	1
1119	0.353538	7.38064	-0.353193	1
1125	0.199379	13.7275	0.281318	1
1141	0.597845	24.7655	0.374235	1
1144	2.29662	7.16129	-0.900187	1
1147	1.17721	22.9797	-0.670581	1
1150	0.796493	7.4807	0.24239	1
1156	0.49484	3.4319	-0.0457507	1
1161	0.516746	21.4837	0.0159052	1
1166	0.522276	15.1976	0.215475	1
1182	1.9231	22.8734	-0.0971495	1
1187	1.98928	0.0252933	-0.049852	1
1189	1.07589	15.0185	0.137413	1
1193	1.96985	10.3116	-0.526475	1
1196	1.73524	11.2648	-0.201192	1
1200	0.165693	5.28283	-0.150762	1
1201	2.25957	19.9864	-0.533151	1
1212	1.94213	15.3945	-0.0722051	1
1217	2.01337	0.269523	0.636636	1
1231	0.160312	13.9523	-0.732646	1
1263	2.19092	5.1712	0.228091	1
1273	0.151234	1.58862	0.205876	1
1275	0.335991	24.2724	0.212415	1
1279	1.42783	4.96699	-0.365265	1
1303	2.12643	19.8619	0.171662	1
1309	0.30936	23.9411	-0.0536584	1
1312	0.638587	5.0805	0.465686	1
1319	0.855323	6.88881	-1.01006	1
1325	2.05884	21.7505	-0.229489	1
1330	2.45203	12.4927	-0.237364	1
1332	0.717339	20.9104	-0.360257	1
1337	2.28835	21.266	-0.553338	1
1345	2.25414	7.3166	0.242427	1
1354	2.37974	24.0571	-0.264879	1
1355	0.109151	9.89484	-0.328007	1
1401	2.43011	7.25116	-0.359699	1
1407	1.58432	12.6949	-0.69318	1
1417	2.4598	9.85921	0.179988	1
1419	2.43298	11.0382	-0.0545927	1
1424	1.91677	11.8759	-0.285114	1
1451	2.0591	13.2607	-0.170969	1
1457	2.36361	22.523	0.231695	1
1459	1.458	10.1539	-0.407251	1
1463	0.189234	11.9881	-0.0896913	1
1464	1.79735	11.8168	-0.112979	1
1465	1.32343	12.7204	0.523614	1
1491	2.2113	6.80239	0.121229	1
1499	0.459608	10.1324	-0.38723	1
1501	1.91797	5.48623	0.346538	1
1523	0.884662	5.5394	0.0781664	1
1532	0.201151	12.233	-0.861484	1
1537	0.841734	17.3188	0.467674	1
1550	0.331656	3.1583	-0.0486577	1
1554	0.387687	4.02661	-0.259199	1
1556	1.28352	16.0661	0.473229	1
1573	0.396077	10.4619	-0.217715	1
1580	1.85807	4.18924	-0.38357	1
1594	1.82553	0.87547	-0.257196	1
1598	1.18542	20.9892	-0.33148	1
1611	1.37767	22.1768	0.050123	1
1620	1.63377	13.9801	0.236809	1
1625	0.425536	20.8818	-0.0636553	1
1626	0.889923	0.724867	-0.0960688	1
1629	1.60567	23.7239	-0.0969978	1
1632	1.28	5.964	0.122616	1
1650	0.298987	14.2172	-0.441559	1
1678	2.28882	14.4873	-0.374342	1
1698	0.430576	22.9884	-0.0243435	1
1707	2.45488	9.18509	-0.0312766	1
1731	2.26374	11.3261	-0.405699	1
1740	2.29002	19.178	-0.936094	1
1772	1.71309	14.5298	0.425555	1
1853	1.68385	18.9228	-4.85622e-05	1
1858	0.926308	9.90128	0.118592	1
1876	0.166638	18.9652	-0.0536209	1
1883	1.47729	24.1677	-0.050659	1
1887	2.37131	17.5076	-0.331525	1
1902	1.07227	20.6612	-0.00162571	1
1912	2.14521	13.6788	-0.470979	1
1921	1.49416	15.1421	0.157493	1
1922	0.781945	15.3983	-0.113421	1
1930	0.807481	11.5787	-0.0233303	1
1931	1.3508	12.2954	0.80937	1
1938	1.87779	11.043	-0.2553	1
1947	1.3993	20.9783	0.622497	1
1955	0.662693	7.93979	-0.87018	1
1962	0.752627	22.8914	-0.0903736	1
1968	1.89003	13.575	0.608347	1
2001	0.312386	13.0546	-0.885413	1
2006	1.40379	3.67409	-0.234044	1
2015	0.198849	1.26373	-1.08522	1
2020	1.30207	21.7171	-0.190495	1
2027	0.968323	21.9073	-0.552811	1
2031	1.11527	9.96559	0.467476	1
2036	0.879344	11.3683	0.11694	1
2055	0.891228	19.5468	0.43977	1
2060	0.24607	6.05369	-0.143393	1
2068	1.33541	22.4852	0.17696	1
2082	1.53891	16.8682	0.185313	1
2085	1.5816	13.0535	0.00646127	1
2093	0.814392	18.7202	-0.0212753	1
2105	0.140706	4.7668	0.66806	1
2109	2.33597	14.5557	0.0297867	1
2121	1.91156	21.013	0.292196	1
2149	2.32072	17.3259	0.384813	1
2161	1.38616	0.0433441	0.605138	1
2165	2.33049	24.1996	0.0275185	1
2168	2.37026	21.9436	-0.616522	1
2172	0.337086	6.32632	-0.341797	1
2189	1.32094	20.6731	0.0478054	1
2190	0.869895	20.0718	-0.368569	1
2202	1.32962	5.46627	-0.468319	1
2210	0.934391	23.1835	-0.768524	1
2218	1.9734	12.8682	0.275157	1
2221	0.707366	11.1353	0.438795	1
2242	2.25586	20.2954	-0.455975	1
2252	2.43295	15.6617	-0.0028203	1
2258	1.53991	11.9224	-0.449128	1
2282	2.21404	22.3408	0.363664	1
2288	0.0647527	5.18164	-0.382321	1
2289	1.28328	4.85294	-0.119785	1
2290	0.316637	7.14586	-0.721203	1
2303	0.707089	18.007	0.151432	1
2306	2.19819	18.2784	0.315451	1
2310	1.83988	18.711	-0.230545	1
2328	1.75888	8.3516	0.245594	1
2332	1.11866	21.0239	0.103637	1
2343	1.60672	6.9584	0.1341	1
2356	0.388231	18.3545	0.291983	1
2359	1.25184	12.9734	-0.311818	1
2371	2.11191	1.92847	-0.176199	1
2375	0.363301	13.5846	-0.504923	1
2378	0.416952	4.9788	-0.0608864	1
2393	1.76507	4.66835	-0.223862	1
2404	0.948617	14.6979	0.149963	1
2414	0.220877	10.6161	-0.176016	1
2434	1.93992	14.4664	0.617316	1
2435	1.87585	2.65768	-0.0759406	1
2448	2.05127	21.1838	-0.738685	1
2476	1.19703	24.371	-0.0988885	1
2477	0.96086	24.7204	0.208722	1
2491	2.36813	21.2814	0.142825	1
2492	2.43852	21.2875	-0.229035	1
2497	2.00399	17.9736	-0.205355	1
2510	0.297053	3.40124	0.181753	1
2524	1.34375	19.0424	-0.221313	1
2535	0.674828	17.6615	0.190558	1
2537	1.05241	9.29442	-0.457406	1
2549	0.292035	11.0713	-0.698749	1
2551	1.15278	10.3729	-0.337519	1
2569	1.16625	3.46258	-0.484413	1
2587	0.777556	8.26679	0.440712	1
2595	2.3268	8.41542	0.0548481	1
2605	1.72061	23.9118	0.101	1
2614	2.45694	5.75676	-0.47033	1
2623	1.30658	0.726331	-0.410085	1
2633	0.0528976	8.41728	-0.217893	1
2644	0.997184	24.3749	0.0408663	1
2661	0.506535	6.58127	-0.0584984	1
2671	0.106288	19.4593	0.0985676	1
2673	0.988347	23.6868	0.111263	1
2675	0.648703	1.92993	-0.382039	1
2683	1.64916	24.2858	0.561646	1
2690	0.227461	9.64397	-0.187105	1
2715	1.66491	13.3963	-0.21443	1
2749	1.66258	13.8249	0.00503948	1
2750	1.09024	14.6514	-0.717576	1
2753	2.40061	3.09231	-1.44472	1
2755	2.48343	10.4532	-0.655628	1
2760	0.670084	2.92944	-0.116177	1
2765	1.86422	17.3263	-0.147777	1
2770	0.567648	5.36391	-0.732326	1
2774	1.96941	21.1853	0.432204	1
2777	0.853472	0.336704	0.489325	1
2783	1.30875	6.80469	-0.703392	1
2785	1.53417	13.4123	-0.0938477	1
2852	1.42858	7.53292	-0.686957	1
2872	1.01369	2.15273	-0.293695	1
2874	2.45104	10.3059	-0.12182	1
2886	0.148738	15.5911	-0.125713	1
2889	0.566646	13.0111	0.273048	1
2911	0.511411	10.2987	0.187108	1
2920	0.635756	13.7963	-0.893457	1
2921	0.316013	8.74366	-1.52991	1
2933	0.496243	22.1723	-0.127534	1
2935	2.28243	0.454122	0.358079	1
2959	1.12434	17.1362	-0.112579	1
3009	1.98588	3.18982	0.388411	1
3022	1.2456	20.6248	0.10995	1
3029	2.00082	21.609	0.0432	1
3046	1.98053	7.17623	-0.0362511	1
3047	1.4968	7.57752	-0.259633	1
3048	0.735136	13.0884	-0.326414	1
3051	0.091665	20.889	-0.231873	1
3055	1.75006	11.4205	-0.231206	1
3059	1.68587	23.7376	-0.0320534	1
3061	1.23702	8.43368	-0.69003	1
3092	1.36693	13.1763	0.194217	1
3110	0.248144	17.9084	-0.102342	1
3118	2.23626	22.9885	-0.627105	1
3140	2.20871	4.69444	0.629346	1
3164	0.565834	9.65688	-0.000387572	1
3174	1.25657	17.0517	0.0940912	1
3186	0.898769	12.1749	0.117869	1
3192	2.11941	0.616451	0.535722	1
3196	0.66844	20.8899	0.228909	1
3197	0.698373	21.2912	0.117183	1
3198	1.59368	24.2218	-1.10644	1
3205	1.06986	9.21481	0.0408316	1
3207	0.630304	18.227	0.180776	1
3210	0.960502	10.7809	0.357255	1
3211	0.291911	18.9201	-0.304759	1
3228	1.42197	7.29097	0.25787	1
3230	0.0088573	21.7316	-1.3273	1
3244	1.14599	5.18102	-0.878818	1
3257	1.35485	0.00547134	-0.000799716	1
3262	0.347473	15.9014	0.323028	1
3270	0.793713	10.5594	0.0201904	1
3287	0.901961	17.8659	0.020115	1
3307	1.69281	17.2371	0.0178556	1
3312	1.46158	20.4838	-0.103625	1
3313	0.432186	16.6986	-0.671804	1
3315	2.28036	6.2674	-0.368805	1
3323	2.36082	1.38029	-0.661831	1
3332	0.631149	3.23494	0.742308	1
3333	0.981875	3.54747	0.465289	1
3334	0.394672	3.07473	0.919354	1
3335	0.957921	18.4834	0.374304	1
3338	0.674766	22.2504	-0.184055	1
3339	0.995739	21.9428	0.584633	1
3340	2.22744	24.0335	-0.589286	1
3365	0.992817	23.7297	0.391837	1
3378	2.11573	6.64498	0.117723	1
3391	1.52084	7.07633	0.837455	1
3394	0.427441	10.727	-0.24668	1
3413	1.62721	13.5828	-0.152707	1
3423	0.382632	14.0548	-0.0204662	1
3431	1.12938	8.93004	-0.21038	1
3433	0.554461	24.3172	0.10934	1
3441	2.06177	16.0553	0.381974	1
3446	1.28011	23.6405	0.411307	1
3447	1.6916	23.4207	0.0340125	1
3453	0.810775	3.01274	-0.659421	1
3484	0.555761	17.6879	-0.010299	1
3504	0.382576	19.0527	-0.642026	1
3528	0.286007	6.01499	0.0548451	1
3536	1.65241	24.3962	0.446412	1
3544	1.02792	9.14058	-0.826679	1
3547	2.13211	18.025	0.010274	1
3572	2.3976	0.0784133	-1.50848	1
3573	0.412724	24.5063	-0.170836	1
3606	1.89954	1.84537	-0.405987	1
3625	2.44803	7.84713	-0.453373	1
3646	1.99292	4.41302	0.192962	1
3648	1.61084	2.15561	0.122132	1
3650	0.529202	24.2003	-0.294381	1
3651	0.804305	23.6816	-0.941917	1
3659	1.7735	14.8464	-0.318064	1
3662	2.41517	21.2742	0.390247	1
3669	0.306846	14.1406	-0.647906	1
3671	0.753252	20.9993	-0.238955	1
3682	1.07417	5.27394	-0.454678	1
3683	1.55312	5.15605	-0.151624	1
3696	1.88225	13.6642	-0.124145	1
3708	1.84029	16.5551	-0.17777	1
3710	1.11912	11.5345	-0.0919669	1
3726	2.3315	11.8471	-0.280123	1
3729	0.0684082	18.0965	-0.0112406	1
3745	0.219891	5.49353	-0.525308	1
3751	2.41594	20.829	0.200384	1
3752	2.36003	13.4092	-0.31537	1
3765	0.174355	18.5315	-0.140467	1
3798	0.809848	8.08419	0.540597	1
3801	1.84237	18.8821	-0.201161	1
3802	1.86917	19.027	-0.685796	1
3803	0.526585	6.39789	-0.590643	1
3813	2.35187	2.13077	-0.691104	1
3829	1.16395	22.941	-0.0095841	1
3868	0.862574	13.8906	0.170138	1
3882	0.585925	21.4556	0.339615	1
3894	0.546034	9.09575	-0.398659	1
3899	1.74086	21.7511	-0.147352	1
3901	1.44725	13.3031	1.03997	1
3902	1.04405	13.1789	0.215991	1
3927	0.474023	18.0978	-0.301998	1
3959	1.63313	0.833728	0.327444	1
3963	1.64832	16.5176	0.00829727	1
3964	2.2555	16.2902	-0.135906	1
3973	1.19181	4.99113	-0.88436	1
3984	1.53766	14.6374	-0.346064	1
3999	1.04719	12.0355	-0.197995	1
4005	1.5093	8.7702	-1.29034	1
4021	1.83505	10.3225	-0.828008	1
4023	1.69247	18.7301	-0.0789856	1
4026	1.01699	0.671007	-0.347709	1
4027	0.832133	0.932417	0.13677	1
4035	0.580541	11.4511	0.018279	1
4039	2.24436	22.1516	-0.391888	1
4040	1.9834	11.4401	-0.164862	1
4041	1.87426	11.9765	0.565188	1
4042	2.16548	11.3084	0.356467	1
4047	0.593771	13.0055	-0.192396	1
4075	2.25135	2.93747	0.10156	1
4079	1.89775	11.8114	-0.369592	1
4085	2.00239	21.088	-0.160446	1
4086	2.12951	12.735	0.0184466	1
4093	1.40678	2.7772	0.394071	1
4094	2.01926	18.562	0.392092	1
4096	2.3604	20.4044	-0.473702	1
37	2.68253	14.2017	-0.0059505	2
38	3.5715	24.4636	-0.307958	2
39	4.64672	6.95897	-0.767921	2
76	2.81212	2.15992	-0.659767	2
77	2.93697	1.8151	0.0389667	2
102	2.78605	14.0338	-0.0414526	2
113	3.43132	11.4551	0.526217	2
117	4.48322	8.26286	0.548253	2
124	4.46597	16.099	-0.0566541	2
135	4.5752	24.3742	0.0795637	2
140	4.17543	17.2387	-0.404214	2
149	3.8133	9.85135	-0.460707	2
161	3.09412	9.08421	-0.448596	2
177	4.01231	24.5287	0.185061	2
203	4.30862	7.03265	0.701423	2
217	4.16123	21.2974	0.23774	2
222	2.85048	17.4626	-0.286018	2
224	3.8368	16.8463	0.468286	2
230	4.0244	18.5773	0.24285	2
236	4.23864	13.127	-0.101791	2
243	2.78475	11.4363	-0.287902	2
252	4.16953	1.1975	0.542818	2
258	3.93681	10.9772	0.825604	2
262	3.78483	8.11373	0.0269301	2
268	4.66255	7.19625	0.236436	2
274	4.44479	22.9873	-0.326455	2
285	3.0243	11.1194	-0.539229	2
300	3.45851	1.99927	0.639026	2
305	3.12403	16.2395	-0.261406	2
306	2.80961	19.6436	-0.690661	2
324	3.68239	3.23778	0.389084	2
356	4.97478	5.4664	-0.39497	2
362	2.67522	24.5505	0.520306	2
386	4.58492	18.1632	0.191619	2
396	2.89919	12.7838	-0.0726678	2
406	4.37404	6.11462	-0.203627	2
420	4.14142	23.7378	0.0981323	2
422	4.00331	10.7108	0.256412	2
437	3.25729	13.6432	0.851188	2
444	3.89968	18.2179	0.41581	2
451	3.02999	19.9934	-0.202766	2
453	3.34937	22.9777	-0.49033	2
455	3.24852	16.6896	0.545782	2
459	4.47291	8.11134	-0.617651	2
464	3.26246	4.89964	0.105901	2
474	2.62641	3.38732	-0.359861	2
479	4.70094	20.8741	0.103749	2
515	4.26842	8.52481	0.831603	2
531	4.62549	14.0522	0.0462128	2
532	2.85408	20.536	-0.21639	2
558	3.77241	16.2393	0.052838	2
574	3.72	13.3053	0.447635	2
575	3.23509	20.3991	-0.235787	2
581	3.35291	9.93125	0.329465	2
586	4.55249	2.0788	-0.190721	2
618	4.82186	1.79135	0.428218	2
620	3.4702	17.061	-0.243863	2
627	3.95348	21.0182	0.0127145	2
628	3.56708	23.0708	-0.00379782	2
637	3.94765	2.36181	0.297806	2
639	4.87327	22.9854	-0.312982	2
644	2.71981	10.2477	0.00217016	2
660	4.00334	23.7998	0.351722	2
665	4.16091	22.9447	-0.978363	2
670	4.30742	15.1017	0.0357644	2
679	4.708	0.244237	-0.594035	2
687	3.97261	19.3851	-0.0494429	2
693	3.86715	2.53959	-0.982695	2
706	2.66327	23.6097	-0.725591	2
713	4.35823	14.1805	0.358388	2
720	3.66829	20.3028	0.0891424	2
728	3.85079	5.99688	0.830378	2
744	3.31859	3.51204	0.0727971	2
746	3.6189	8.44307	0.231131	2
748	4.70964	16.8854	-0.155036	2
757	4.08098	4.95738	0.409115	2
763	2.84175	13.86	-0.100117	2
778	4.07436	8.90749	0.516345	2
781	4.90706	20.902	0.0661871	2
784	4.21919	11.4822	0.168273	2
794	3.39901	2.47554	-0.258456	2
809	4.56976	16.0605	-0.848458	2
817	4.21491	9.48392	0.0544291	2
825	3.182	16.8876	0.151121	2
834	3.9401	13.3584	0.0252566	2
835	4.28103	13.5744	-0.314703	2
844	4.04342	3.16378	-0.636626	2
853	3.57475	21.5603	-0.00825095	2
860	2.68027	3.99878	-0.308664	2
871	4.96949	24.6582	-0.179931	2
884	2.50486	5.11225	-0.351138	2
888	2.78672	21.5919	-0.478553	2
889	3.86453	21.5191	-0.259341	2
891	2.87466	11.6056	-1.11859	2
915	4.987	7.6261	-0.453157	2
919	2.91818	11.9672	0.487788	2
951	2.83414	22.3176	-0.464676	2
952	3.98812	14.1046	0.642248	2
953	4.46343	5.03318	-0.496867	2
968	2.50851	17.7729	-0.389996	2
983	3.44374	19.7939	-0.363377	2
984	4.36506	5.61515	-0.455116	2
987	4.35573	16.3559	-0.0384696	2
991	3.06153	9.56285	0.0948248	2
999	3.1608	11.2118	0.462656	2
1001	3.50125	4.84198	-0.345759	2
1002	2.82361	6.2443	0.192885	2
1004	3.22604	7.75304	0.776827	2
1006	3.23278	10.8099	-0.447509	2
1010	4.97978	7.5928	0.386536	2
1017	3.96741	15.1445	0.466719	2
1024	4.17519	8.94829	0.796171	2
1029	4.89709	5.44329	0.180912	2
1055	4.01884	3.55264	1.0507	2
1056	4.54023	21.8343	-0.0551973	2
1064	4.61032	12.1793	0.23705	2
1076	4.82791	12.5149	0.23736	2
1090	3.27166	24.8412	-0.201298	2
1091	3.74282	13.3314	0.0786679	2
1092	3.21065	5.75138	-0.624515	2
1105	2.81831	13.4368	0.39461	2
1149	4.52949	17.5411	0.611706	2
1154	2.93909	2.68165	-0.602394	2
1167	2.543	11.535	-0.216984	2
1169	4.97911	21.6643	0.160575	2
1176	2.66031	22.0712	-0.281976	2
1177	4.14097	0.500111	-0.314912	2
1190	4.49092	11.4623	-0.314134	2
1218	2.67741	8.30369	-0.228692	2
1224	3.19749	9.33022	0.866928	2
1228	3.64049	20.8892	0.0264363	2
1237	2.53987	8.34308	-0.405295	2
1238	2.8592	4.65284	-0.235278	2
1248	2.83554	23.5216	-0.186677	2
1269	3.29453	8.27404	0.203144	2
1270	2.84516	6.01348	-0.966354	2
1274	4.22193	14.928	0.484698	2
1290	2.59416	5.49712	0.305129	2
1298	4.76924	7.44345	1.0965	2
1301	2.57709	18.7581	-0.343227	2
1308	4.48371	14.6661	-0.306319	2
1310	3.83936	20.7003	-0.0134779	2
1323	4.62205	6.73791	-0.16283	2
1327	3.86894	6.22963	0.453801	2
1334	3.02638	14.2069	0.710631	2
1382	4.18372	5.98865	0.00159162	2
1396	3.95763	1.50701	0.577344	2
1408	2.70923	1.84765	0.631799	2
1418	2.84652	2.99392	-0.0190151	2
1450	3.05966	19.3737	-0.663355	2
1454	3.24427	10.6469	-0.14726	2
1461	3.14797	16.3652	0.165673	2
1467	3.6571	10.8884	-0.010346	2
1479	3.90682	19.4579	-0.168676	2
1507	4.93607	9.16335	0.323594	2
1541	3.47587	11.8211	-0.553836	2
1548	3.48397	9.64416	-0.204336	2
1551	4.19953	4.32391	0.449429	2
1555	4.64509	0.327818	-1.1806	2
1571	4.85084	6.75405	-0.416894	2
1582	2.59068	20.629	-0.225696	2
1596	2.99162	12.961	-1.06117	2
1603	3.63435	20.0179	0.0975555	2
1610	2.75804	24.4108	-0.250894	2
1612	3.46026	6.64333	0.323642	2
1630	3.71552	14.8145	0.902443	2
1644	4.21086	2.1892	0.148743	2
1651	3.11367	13.5105	0.152122	2
1662	4.97445	21.7368	0.461456	2
1669	2.99162	14.3313	0.549824	2
1679	3.25378	1.51859	-0.0715302	2
1685	2.67012	18.7066	0.156625	2
1703	4.43299	22.4269	-0.168744	2
1706	2.73389	9.93341	-0.550589	2
1713	4.34511	9.66559	0.0782478	2
1714	3.83285	10.1165	0.250659	2
1716	3.92137	8.42367	-0.311283	2
1724	4.62162	11.2755	-0.462537	2
1729	3.06708	6.63333	-0.708349	2
1757	3.35151	17.6584	-0.331962	2
1790	3.98202	0.921422	0.338807	2
1807	3.17877	23.9483	-0.509787	2
1821	4.43421	8.7395	0.5463	2
1827	4.27974	3.12731	0.294402	2
1850	3.63578	23.1385	-0.0957742	2
1854	4.08822	22.6187	0.166763	2
1855	3.29162	4.97164	-0.0602202	2
1856	3.18799	14.077	-0.775793	2
1859	3.74409	4.25267	0.121987	2
1861	3.91348	10.0346	-0.252279	2
1867	4.96823	5.16665	-0.126953	2
1879	4.25189	3.81869	-0.698587	2
1881	3.3261	1.11796	-0.124494	2
1888	4.46247	2.46859	0.4751	2
1894	4.77787	12.9531	-0.286551	2
1898	4.41655	16.1556	0.10834	2
1899	4.76545	8.40725	-0.566307	2
1910	3.24186	16.2663	0.614265	2
1923	4.39627	10.0472	-0.408908	2
1924	3.52534	13.3613	-0.073605	2
1933	2.61452	24.0985	0.381075	2
1934	3.45911	5.51483	0.355945	2
1937	4.33365	21.3242	-0.190321	2
1941	4.21187	7.25931	-0.623788	2
1972	3.26735	7.63718	0.732507	2
1977	4.54537	1.45838	0.272191	2
1992	4.80868	8.50746	0.585474	2
1997	3.92418	1.59952	0.420906	2
2000	4.73739	11.9829	-0.229253	2
2007	4.56708	14.0771	-0.485149	2
2016	3.34865	22.155	0.417785	2
2022	2.51636	7.74035	-0.16692	2
2028	3.21714	20.1595	0.64877	2
2056	4.51264	3.49348	0.174632	2
2058	4.3834	22.3554	0.056799	2
2069	3.17753	11.8825	-0.220696	2
2079	3.31168	7.27378	0.468068	2
2086	3.10535	20.955	-0.39068	2
2096	2.68575	8.29903	-1.1823	2
2097	4.8201	23.8245	0.199978	2
2104	4.70618	5.19457	0.514768	2
2113	4.61835	3.82603	0.0708387	2
2120	4.54918	19.1649	-0.367712	2
2130	4.39922	22.0005	0.175985	2
2139	4.12163	4.84985	-0.818852	2
2140	4.5368	11.1994	-0.0620271	2
2145	3.95186	14.7617	0.0314506	2
2163	3.93182	19.6271	0.53484	2
2166	4.97318	6.23369	0.898245	2
2201	2.72605	14.9334	-0.351502	2
2228	4.84936	10.1859	0.240772	2
2234	3.01478	18.9755	-1.29109	2
2244	4.19515	23.8529	-0.940137	2
2246	3.64707	18.575	0.159841	2
2247	4.47443	16.6629	-0.606045	2
2270	4.87675	17.8832	-0.559667	2
2281	3.06539	13.6436	0.0694256	2
2283	2.72821	0.675177	-0.0762136	2
2287	3.42732	22.0811	-0.406947	2
2293	3.36097	6.23215	0.145586	2
2304	2.52235	21.1236	0.525539	2
2305	4.22079	5.0893	-0.0368297	2
2319	4.72895	18.2075	0.240848	2
2320	4.31412	8.4984	0.263657	2
2337	4.65081	11.6693	0.398812	2
2350	3.93427	21.6099	-0.321363	2
2366	3.313	9.51253	-0.299715	2
2401	2.94871	19.7242	-0.055112	2
2417	3.62893	0.219158	-0.0183542	2
2426	3.96504	1.02893	1.25644	2
2428	4.3073	4.86805	-0.0797518	2
2436	4.69583	6.88061	0.285963	2
2437	2.52727	8.7785	-0.239607	2
2439	4.36642	8.81	0.49821	2
2441	3.16929	20.2117	-0.304991	2
2450	3.23269	12.1747	-0.110832	2
2452	4.32555	1.10087	-0.174009	2
2465	4.90855	0.532143	0.0556924	2
2496	4.41123	7.84238	-0.212131	2
2501	3.25177	22.9726	-0.322056	2
2504	3.18507	12.5095	0.467137	2
2515	4.48049	16.4338	0.153485	2
2528	3.2223	0.386228	-0.445096	2
2529	2.74481	1.10103	0.067571	2
2531	2.95953	12.4042	0.184928	2
2534	3.4781	4.70721	0.0207424	2
2536	4.03746	9.53671	-0.122661	2
2543	2.91251	21.2687	0.241739	2
2552	3.89211	22.6637	0.226991	2
2563	4.19564	19.0919	-0.716905	2
2571	3.2727	19.3195	-0.237835	2
2580	2.55995	2.28046	-0.177554	2
2586	4.9413	22.3433	0.277877	2
2610	3.89628	17.2031	-0.397034	2
2624	3.15318	22.3271	0.136987	2
2638	2.76494	15.1204	0.433916	2
2640	3.82392	10.1598	-0.182054	2
2666	4.51816	19.7878	-0.521481	2
2695	4.56981	11.0542	0.0452211	2
2697	4.08683	14.4003	-0.19285	2
2698	4.09905	15.5529	0.522673	2
2725	4.17327	14.5779	0.283946	2
2728	2.86698	14.7725	-0.394915	2
2732	3.89209	21.452	0.112039	2
2735	3.20901	1.8623	-0.560211	2
2737	4.37192	12.2992	-0.172542	2
2743	3.41159	19.2578	-0.389572	2
2744	2.58082	8.17048	-0.391146	2
2757	4.38259	9.98786	0.286556	2
2761	3.96813	18.1219	-0.896726	2
2764	2.7374	7.67759	0.965432	2
2779	4.31365	12.8257	0.8234	2
2805	4.27683	2.53703	0.344287	2
2806	4.64377	3.00143	0.271612	2
2815	3.41582	14.3143	-0.149595	2
2822	4.13208	14.1797	0.43089	2
2833	4.47962	16.0324	-0.204949	2
2834	4.55892	15.7988	-0.024691	2
2836	2.93288	5.40453	-0.124451	2
2839	2.70583	12.2219	-0.678708	2
2846	3.89832	4.85125	0.725578	2
2847	4.32927	5.68083	0.674507	2
2853	4.69727	5.79205	-0.11159	2
2867	3.5832	16.831	0.142245	2
2870	3.98107	20.9104	-0.438572	2
2878	4.79327	1.0792	-0.173294	2
2879	3.62762	7.29867	0.82005	2
2948	3.83252	21.9988	0.503223	2
2960	4.54258	7.52776	0.850168	2
2978	2.89638	12.458	-0.0192505	2
2983	4.17052	6.00566	0.590049	2
2992	3.38233	17.0899	-0.27607	2
3001	4.09499	9.1416	0.495403	2
3008	4.80377	24.1859	-0.549616	2
3010	4.7847	2.39004	-0.139024	2
3012	4.5682	18.0228	-0.243605	2
3020	4.94579	20.8472	0.0504489	2
3024	3.72086	21.3299	-0.195156	2
3038	4.20881	8.98431	0.774992	2
3075	4.86883	24.2931	-0.358034	2
3081	4.65269	9.09603	0.537948	2
3104	3.3633	7.45151	-0.857937	2
3113	4.65466	8.1879	1.67723	2
3119	4.73843	20.3069	0.204595	2
3120	3.05483	6.9702	0.00551027	2
3157	3.27491	16.6035	-0.0819375	2
3166	4.65284	7.82218	-0.375217	2
3179	4.07756	22.035	0.178182	2
3188	3.87772	15.7599	0.0413591	2
3191	3.98067	23.5482	0.442564	2
3194	3.00354	22.568	-0.420364	2
3201	3.73608	8.98397	0.0781133	2
3221	4.62221	5.60191	-0.582875	2
3227	2.74579	14.5635	0.00659099	2
3246	4.43119	18.0668	0.411311	2
3251	3.87246	19.6583	0.0349024	2
3254	2.73297	20.3264	-0.265412	2
3268	4.01545	23.292	-0.321423	2
3278	3.28519	10.0782	0.451374	2
3280	3.1834	3.83569	0.0320003	2
3284	2.67339	14.5018	-0.201454	2
3288	2.82631	8.92526	0.542602	2
3292	4.26309	22.5539	-0.444869	2
3295	4.52708	8.84434	-0.085163	2
3320	4.28022	18.2905	0.25457	2
3342	4.06862	2.22425	-0.751165	2
3350	4.68014	7.39842	-0.567029	2
3359	2.97324	7.90026	0.739402	2
3364	4.14172	11.7027	0.0844988	2
3366	3.51281	2.53098	-0.0691649	2
3376	4.25068	16.3203	-0.484719	2
3377	3.7819	16.6393	0.342983	2
3380	2.86038	11.7264	-0.24331	2
3385	2.90365	24.9878	-0.0317467	2
3390	3.56771	4.08254	-0.620436	2
3425	2.61819	9.53962	0.218116	2
3452	4.17032	15.1873	-0.304418	2
3459	3.30438	17.0391	0.0802429	2
3468	3.63412	9.53695	-0.0698541	2
3471	3.57194	0.969544	-0.463811	2
3474	2.97649	3.22459	-0.35047	2
3476	4.46528	7.90046	1.75808	2
3477	3.10059	18.3503	-0.532638	2
3485	4.45615	9.41259	0.261283	2
3494	4.43882	12.9231	-0.0170824	2
3495	4.84763	20.9587	-0.587426	2
3522	4.05263	18.8075	-0.394645	2
3523	4.36517	24.0118	-0.373556	2
3535	3.85092	2.2359	0.012599	2
3537	2.53553	17.8486	0.245983	2
3550	4.00036	17.4924	-0.306583	2
3551	3.67624	16.6388	-0.73795	2
3552	2.84134	12.392	-0.167144	2
3553	3.27431	12.0297	-0.0147533	2
3563	4.21625	6.87743	-0.221965	2
3570	2.55628	16.4548	0.259092	2
3571	2.62417	19.6156	-0.600334	2
3577	4.08058	8.5589	-0.186946	2
3580	2.97178	17.3592	-0.0848517	2
3587	4.58471	5.36063	0.134855	2
3588	3.87735	21.8716	-0.825829	2
3592	4.35004	14.2703	0.0453446	2
3596	4.46537	9.94054	-0.00982677	2
3601	3.58225	8.68086	-0.608525	2
3602	2.75387	15.3509	0.265247	2
3607	2.83899	4.85183	0.0610095	2
3616	3.08013	2.10428	0.0793094	2
3618	3.78176	2.8835	-0.323588	2
3637	3.97701	21.7823	0.593059	2
3638	3.76982	21.7414	-0.311498	2
3639	3.58078	4.88428	-0.484108	2
3649	4.68679	24.3456	0.0735336	2
3701	2.98459	17.3761	-0.0546023	2
3703	4.92961	5.34657	-0.168713	2
3727	4.13597	22.0192	0.0505329	2
3728	3.67496	22.6369	0.272856	2
3733	2.83892	12.7902	0.0214706	2
3735	4.25471	3.69591	0.118467	2
3754	4.2924	22.6003	-0.261337	2
3766	4.54889	8.85901	-0.666783	2
3777	3.4166	19.6697	0.292153	2
3783	4.3452	11.0053	0.104158	2
3818	2.6312	5.24921	-0.259943	2
3820	2.88301	11.6028	0.659	2
3826	4.61195	11.8844	-0.108137	2
3848	3.59706	8.39935	0.714505	2
3856	4.35417	12.1681	-0.40345	2
3857	2.54788	13.0676	-0.0066202	2
3876	3.14033	16.4832	-0.4642	2
3888	4.48702	22.5166	-0.805264	2
3890	3.17216	1.65078	0.00672892	2
3892	4.27622	3.5514	-0.600957	2
3893	4.28701	22.9521	-0.601238	2
3896	4.5075	23.7546	-0.426937	2
3908	2.55644	1.31425	0.444057	2
3921	4.68585	17.9641	-0.330383	2
3929	3.24314	24.3695	-0.344183	2
3934	4.22138	21.0442	0.0580558	2
3937	3.47733	22.9544	-0.321714	2
3972	3.00366	5.53145	-0.248235	2
3990	3.70283	5.22233	-0.176836	2
3991	2.55256	9.55502	0.540676	2
3998	4.64502	24.789	-0.560532	2
4053	4.57218	3.59124	-1.02187	2
4054	3.85293	3.61808	0.0443638	2
4060	3.07742	21.6158	-0.477284	2
4068	3.83443	21.7973	-0.0961379	2
4071	4.02	21.8626	0.693834	2
4080	3.55522	10.855	-0.00460684	2
4089	4.7983	15.9642	0.137921	2
6	6.43052	24.9999	-0.369741	3
15	7.334	6.97205	0.636712	3
21	5.81941	22.2591	-0.628328	3
78	5.30651	5.07226	-0.230174	3
83	7.45469	15.0743	0.567167	3
87	5.00884	7.04481	0.413432	3
96	6.14835	5.38892	-0.143165	3
123	5.98237	12.6057	0.111536	3
125	7.15025	20.2696	-0.0773566	3
128	6.46692	14.8478	-0.856082	3
129	7.09354	1.97041	-0.164041	3
155	5.07283	16.1763	0.334996	3
198	5.85701	20.154	0.124537	3
208	7.17517	17.399	-0.201802	3
223	5.79128	14.4684	-0.292089	3
229	5.67589	8.2832	0.339071	3
259	7.05739	3.42952	0.174528	3
260	5.63536	23.1663	-0.0977299	3
265	6.4066	16.4901	-0.129034	3
272	6.74812	3.28341	-0.554962	3
277	5.78959	19.3516	0.627243	3
289	6.34	17.4776	0.099661	3
296	6.35977	20.8274	0.347088	3
317	7.04306	5.70145	0.0274916	3
319	6.90925	9.0155	0.0574786	3
344	6.90228	20.1604	-0.423261	3
352	5.71166	18.0765	-0.117585	3
363	6.15252	15.1112	-0.0185518	3
366	7.01714	19.2366	0.152105	3
374	5.7539	11.2314	0.275824	3
375	5.48411	8.65288	0.635528	3
378	5.60248	15.4299	0.410588	3
383	5.02215	16.1091	-0.293978	3
390	5.60723	11.371	0.114179	3
413	6.15747	23.4732	-0.363857	3
417	5.56035	16.1201	0.158578	3
425	6.95703	17.9689	-0.258757	3
430	6.56306	1.72892	-0.569441	3
440	5.29263	23.2158	0.0250319	3
447	7.0882	3.26869	-0.173301	3
477	6.01177	18.2092	-0.204785	3
481	5.7666	20.6271	0.0760542	3
483	5.77993	13.145	-0.901082	3
493	6.38904	9.1473	0.0874229	3
514	7.33802	10.2042	0.63785	3
526	7.12129	18.199	0.461549	3
533	6.18707	21.4659	0.400631	3
543	5.04482	6.42798	-0.219031	3
547	6.95059	2.60897	-0.588215	3
563	6.75259	21.0688	-1.10493	3
568	5.4577	17.2757	-0.198788	3
570	6.05486	8.45419	-0.256212	3
592	7.20227	3.53835	-0.353656	3
604	5.74598	13.919	-0.393085	3
651	7.25672	13.6911	-0.523338	3
658	6.99665	5.83617	-0.295613	3
673	6.9849	20.5169	-0.0676971	3
677	7.48416	11.9349	-0.880966	3
684	6.10816	8.46455	0.511799	3
695	6.54319	24.6546	0.292716	3
705	6.84165	12.4298	-0.630988	3
721	5.35166	15.3971	0.340722	3
725	6.31595	12.8585	-0.18769	3
727	7.38384	3.06953	0.754911	3
730	7.31644	22.8967	-0.628485	3
737	5.93648	7.92881	0.94272	3
740	7.08901	18.935	-0.510545	3
751	6.96541	22.5611	-0.13624	3
755	7.41589	6.09371	-0.0169201	3
766	5.63919	0.843173	-0.0887179	3
770	5.60858	10.2893	0.412892	3
771	6.20125	23.6065	0.219292	3
797	5.61964	16.4716	0.0176128	3
806	5.34697	18.8427	0.554251	3
826	6.50622	2.03838	0.233621	3
843	5.07287	20.0379	0.255063	3
846	6.60618	8.23634	0.1127	3
852	6.77094	10.8959	0.450318	3
854	7.49919	24.2045	0.190187	3
855	5.65753	22.021	0.164962	3
863	6.01072	5.85922	-0.265037	3
882	6.09706	6.90834	-0.166611	3
907	7.22453	21.329	-0.346869	3
943	5.40297	14.0907	-0.176489	3
956	5.11095	20.717	0.639008	3
989	7.048	23.6604	-0.25338	3
992	5.25782	2.67497	-0.980709	3
995	7.43235	15.0087	-0.499458	3
1005	5.75346	24.1624	-0.567934	3
1009	7.29687	16.239	-0.554354	3
1037	7.29839	9.83922	-0.502193	3
1051	5.12931	5.34361	0.260428	3
1053	6.15844	9.5715	-0.524707	3
1065	6.22981	1.54721	-0.618193	3
1123	6.66198	14.9637	0.0727961	3
1132	5.68511	14.7843	-0.540626	3
1134	5.43634	9.15596	-0.290345	3
1143	6.98673	18.4368	-0.0670821	3
1146	5.85404	23.7539	-0.775994	3
1151	6.38074	23.4162	0.18824	3
1152	5.2849	17.1643	-0.730634	3
1155	5.91627	11.0407	0.262536	3
1175	6.14005	10.8066	0.459627	3
1178	6.29118	7.08189	-0.201808	3
1185	5.11165	15.3768	0.10478	3
1186	5.46531	21.298	-0.483656	3
1207	6.11595	13.3611	0.0113662	3
1223	6.67185	19.7917	0.457467	3
1226	6.37925	4.11707	-0.28546	3
1227	5.21633	3.25971	-0.548649	3
1239	5.17544	12.5254	0.313391	3
1241	5.05383	14.2265	0.196138	3
1247	6.74605	18.9743	0.343274	3
1272	5.2448	14.8639	0.161066	3
1302	5.26781	8.44269	0.54274	3
1307	5.84015	0.947623	-0.784201	3
1322	5.92421	16.1451	-0.612837	3
1342	5.96264	18.0134	-0.0785117	3
1363	6.56988	6.83037	0.42145	3
1371	7.44793	19.5877	-0.545161	3
1385	6.46877	13.6253	-0.0190836	3
1393	6.65079	0.302686	-0.258	3
1394	6.66835	9.19724	-0.525749	3
1403	6.41448	19.7918	-0.221811	3
1404	6.23582	20.0143	-0.445248	3
1405	6.43764	22.2994	0.354363	3
1425	5.60997	3.14933	-0.149225	3
1433	6.73347	2.97163	-0.627106	3
1437	6.76852	3.90607	-1.1984	3
1438	6.86952	17.1567	-0.368221	3
1443	5.17294	21.692	0.0996225	3
1444	6.53371	21.2768	-0.212198	3
1473	6.53331	24.604	0.315527	3
1493	5.3045	4.20698	-0.806344	3
1506	7.21297	8.97976	0.163411	3
1529	5.72436	1.70871	0.349907	3
1535	5.0809	22.5072	0.657037	3
1577	7.10642	3.47778	-0.155744	3
1592	7.27006	18.6207	-0.333324	3
1597	5.01283	19.286	-0.308786	3
1604	5.44338	9.08157	0.412666	3
1607	6.25184	9.3972	-0.132037	3
1640	5.43513	13.5924	-0.437402	3
1642	6.55301	10.2322	-0.186638	3
1645	6.33436	18.3668	-0.468802	3
1658	5.23553	0.974273	-0.142014	3
1664	7.43437	21.8938	-0.015114	3
1683	6.29853	6.71675	-0.00533925	3
1695	7.41151	22.2114	-0.250425	3
1705	7.29464	24.7372	0.162677	3
1717	6.62767	4.99539	1.35136	3
1732	7.37248	0.505933	-0.0480457	3
1739	5.72864	12.0757	0.953177	3
1749	5.81426	11.7004	-0.380906	3
1756	6.02244	2.78654	-0.168709	3
1758	6.36006	22.7776	-0.825175	3
1762	7.22435	15.3042	0.410731	3
1764	5.83946	12.0535	0.751273	3
1769	7.00356	12.9769	-0.120585	3
1783	6.66804	23.7309	0.156899	3
1792	6.65719	6.14158	0.0235001	3
1810	7.28056	20.1228	0.391665	3
1813	6.92063	21.2182	-0.570828	3
1823	5.23891	21.0094	-0.53506	3
1828	5.50987	4.99757	-0.128389	3
1831	5.30142	5.42677	0.859324	3
1835	5.19945	6.52577	-0.181861	3
1849	5.27301	1.07871	-0.247849	3
1869	5.30125	0.711076	-0.263471	3
1870	7.43471	22.812	-0.736845	3
1872	6.0387	5.47	-0.649518	3
1882	5.73204	17.8794	0.230439	3
1889	6.49239	7.27434	-0.0258531	3
1890	5.63	3.43122	-0.401838	3
1892	6.28121	13.9686	-0.197659	3
1907	5.97673	20.7367	0.0191365	3
1909	6.25985	24.2398	0.269503	3
1950	6.17789	13.3069	0.168971	3
1965	6.98186	23.713	0.317086	3
1995	7.2002	4.38293	-0.000555321	3
1996	5.96027	10.4827	0.382629	3
2012	5.60929	19.0573	0.131957	3
2014	5.9711	2.30905	-0.155967	3
2032	6.2646	10.2734	0.846053	3
2043	5.30284	9.47635	0.0223539	3
2053	7.38546	9.71247	0.789586	3
2054	5.04717	1.76034	-0.0143657	3
2063	5.17031	9.01373	-0.432324	3
2094	7.2599	14.5136	0.0458122	3
2095	5.9062	10.0046	0.546266	3
2106	5.02302	2.80801	0.26895	3
2112	6.96926	8.52297	0.0178503	3
2122	6.06559	1.16895	-0.37738	3
2123	6.57523	1.53002	-0.151212	3
2136	7.19933	19.2163	-0.567741	3
2138	5.89848	20.1999	-0.338332	3
2144	5.77876	7.39144	0.37653	3
2164	5.86609	0.64893	-0.263899	3
2167	6.23856	14.1907	-0.448816	3
2169	7.31096	7.05482	-0.0907033	3
2185	6.48427	19.1515	0.00732225	3
2214	6.98648	14.7328	-0.293638	3
2220	6.69482	4.81973	-0.0485865	3
2265	7.09201	6.50403	0.2938	3
2285	6.49602	4.26289	0.697101	3
2301	5.35336	12.5893	-0.189826	3
2309	7.48176	7.97959	0.190385	3
2318	5.67007	12.3991	-0.212989	3
2325	6.26082	1.23355	-0.607941	3
2327	6.80473	8.81469	-0.301461	3
2341	5.50027	12.6196	0.239802	3
2358	6.99697	21.4934	-0.262736	3
2365	5.15082	7.47613	-0.561374	3
2385	7.11779	5.28744	-0.384638	3
2392	6.31333	15.7236	-0.144812	3
2394	5.41785	24.7726	-0.471442	3
2416	5.57958	15.2805	0.283405	3
2440	6.14146	21.4611	0.305357	3
2454	7.0116	6.53048	0.141969	3
2458	6.25859	20.0936	0.180428	3
2460	6.00392	10.9047	-0.411616	3
2466	6.24423	7.40233	-0.357318	3
2471	6.00326	5.46847	0.039128	3
2481	6.38962	1.16513	0.0323894	3
2502	7.25199	23.7078	-0.523874	3
2506	6.81669	11.7842	0.923345	3
2511	7.12661	12.3954	-0.332054	3
2550	5.71381	0.177098	-0.205163	3
2554	6.85287	12.2092	0.570753	3
2575	6.54832	4.24118	0.986372	3
2579	7.32454	9.38028	0.215499	3
2597	6.67315	22.4973	0.455126	3
2608	6.92891	14.0108	-0.0149581	3
2612	7.00912	4.32726	-0.00694722	3
2617	6.81898	8.87124	0.161286	3
2622	7.17807	7.86523	-0.0935231	3
2628	6.37996	22.3083	-0.124909	3
2641	6.9421	0.882851	0.124345	3
2646	5.45252	9.98772	-0.38431	3
2658	6.06673	15.4865	0.401636	3
2660	6.26447	2.88911	-0.471321	3
2665	6.37307	23.9149	-0.0911688	3
2670	7.38716	12.6346	0.375931	3
2679	7.16241	6.5645	0.569241	3
2704	5.93061	10.2837	0.0183563	3
2720	7.01043	12.8096	0.783294	3
2731	6.57475	20.0588	0.0667233	3
2741	7.12863	6.90432	0.19073	3
2745	5.01016	18.1153	0.465283	3
2758	5.22821	20.3676	0.0996143	3
2771	7.45994	14.0676	-0.697084	3
2786	5.18141	0.955663	0.140677	3
2807	6.66692	23.2552	-0.200893	3
2811	6.71129	2.03668	-0.0563591	3
2812	7.44486	1.14349	0.610269	3
2813	6.28009	14.5102	-0.253187	3
2817	5.23224	24.3035	-0.334406	3
2835	5.00164	16.2028	-0.488235	3
2844	6.16327	22.5048	-0.767961	3
2880	6.20546	1.84361	-0.998252	3
2888	6.79488	18.3305	-0.112003	3
2898	5.67559	7.11434	0.0902592	3
2900	7.23365	5.78112	0.52776	3
2906	6.64954	17.0653	-0.0989724	3
2907	5.16288	23.0534	0.115494	3
2912	5.84657	5.37568	0.251519	3
2929	5.86494	14.2939	0.347974	3
2937	5.87429	16.6264	-0.108407	3
2969	7.31777	22.0137	0.293696	3
2970	5.41879	9.36354	-0.0223479	3
2972	6.21134	23.1587	0.0198211	3
2985	7.13819	8.27052	-1.14036	3
3006	6.67604	12.2321	0.0892215	3
3018	5.27883	3.91848	0.0445713	3
3023	7.34443	3.99289	-0.0616082	3
3039	5.72499	8.78214	0.892617	3
3040	5.27963	11.8024	0.141579	3
3057	7.48139	23.9813	-0.190237	3
3063	5.86179	11.4368	0.317635	3
3065	6.60425	10.3591	0.188995	3
3071	6.90185	13.4997	0.333855	3
3077	6.99653	5.13144	0.127225	3
3079	5.59365	3.51188	0.505944	3
3097	5.71918	19.6076	-0.631935	3
3098	7.2457	1.57323	0.0995983	3
3106	6.52668	3.64277	0.188386	3
3126	7.38773	12.5097	-0.187281	3
3147	5.24728	24.1811	-0.00116968	3
3165	7.33967	4.25532	0.125995	3
3169	7.328	11.9164	0.626631	3
3175	7.20672	16.9361	0.247264	3
3177	7.4289	23.2803	-0.723661	3
3209	5.29412	19.9872	0.343316	3
3213	7.15841	1.76061	-0.655968	3
3214	5.51022	10.462	0.458747	3
3224	6.96222	9.61091	0.154339	3
3225	5.76585	17.5121	0.0504408	3
3239	6.69577	16.6457	-0.686795	3
3253	6.75858	3.15289	0.574449	3
3258	5.00839	17.1352	0.48428	3
3272	6.18664	16.0069	0.429496	3
3297	6.05453	17.1654	-0.933976	3
3298	6.15819	17.8086	-0.0908392	3
3299	7.00522	12.2375	-0.0606643	3
3300	6.75156	20.8254	0.28577	3
3316	5.43198	7.87068	0.537825	3
3318	6.34843	1.5847	0.819712	3
3319	5.91352	21.2106	-0.669798	3
3325	5.8393	19.7291	0.353554	3
3326	5.56012	19.7681	-0.422649	3
3352	6.41767	9.90231	0.151812	3
3382	7.24993	1.17651	0.170086	3
3389	6.54286	24.8424	0.0469791	3
3392	7.40691	9.56506	0.0414923	3
3396	6.96271	23.7909	-0.114639	3
3405	6.89467	19.6326	-0.0286706	3
3409	6.0069	13.6939	0.41605	3
3421	7.34822	8.92739	1.09426	3
3448	6.44916	22.9979	0.0649419	3
3455	6.4999	6.29419	0.130573	3
3460	5.74335	3.05819	-0.0795901	3
3488	5.54439	17.1636	-0.00586733	3
3497	6.42258	4.52044	0.0439251	3
3500	5.48464	4.50863	-0.299778	3
3529	7.1328	22.2448	0.110521	3
3531	6.88608	6.11562	-0.201642	3
3533	7.02621	9.82353	0.0521406	3
3538	7.49464	14.1257	-0.26162	3
3597	6.46994	22.4914	0.122361	3
3603	6.27641	5.65651	-0.204495	3
3627	7.14996	15.5118	-0.69511	3
3644	5.27535	22.298	-0.255576	3
3658	6.78031	22.4512	0.367142	3
3661	6.50668	21.332	0.219182	3
3668	5.09681	3.547	0.521599	3
3677	6.1663	7.22518	-0.35007	3
3680	6.18636	10.4027	0.8457	3
3685	5.13332	2.04177	-0.118515	3
3700	7.202	0.350509	0.177999	3
3704	6.02936	12.5294	0.690602	3
3715	6.64535	3.32526	-0.192036	3
3716	6.37399	10.7724	0.457511	3
3718	6.98065	6.56068	-0.435232	3
3742	7.14208	10.1116	0.429541	3
3810	6.08536	2.46479	-0.386858	3
3815	5.81837	10.8513	0.333592	3
3817	6.20806	6.04122	0.0804799	3
3843	5.88219	5.01798	0.430911	3
3859	7.4229	23.3782	0.411595	3
3861	6.35852	3.20672	0.430771	3
3862	7.00643	5.29122	0.70289	3
3869	5.58705	14.0407	-0.536753	3
3891	7.14787	24.6787	0.0413964	3
3898	5.87704	10.5188	0.177792	3
3907	5.78429	12.8675	-0.516338	3
3911	6.20181	22.7927	-0.047285	3
3913	6.12332	7.25544	0.046108	3
3918	5.62176	22.4738	-0.0795417	3
3952	6.47959	17.0969	-0.469119	3
3982	5.48233	14.2234	-0.266811	3
4011	6.89843	5.77592	0.610081	3
4012	7.35455	1.60303	0.247769	3
4017	5.53803	15.5329	0.326693	3
4018	6.13991	20.7459	-0.12123	3
4031	5.47126	16.1956	0.927986	3
4034	6.2621	9.52246	0.131366	3
4050	7.29701	6.64819	0.517608	3
4052	7.06161	10.8604	0.162278	3
4061	5.87785	5.46995	0.377288	3
4078	6.70827	17.0867	-0.802134	3
14	7.67213	24.2799	-0.540088	4
24	7.74549	15.6498	-0.652276	4
30	7.75163	20.8551	0.355305	4
33	7.8383	9.75315	0.832379	4
43	8.39598	12.8724	0.281021	4
49	8.12994	6.00645	-0.0259151	4
55	8.54196	4.90041	-0.374867	4
57	9.68763	21.9275	0.239028	4
66	7.57074	2.90719	-0.527687	4
84	8.96723	2.04055	0.245162	4
95	8.84159	10.9842	0.123728	4
99	8.51527	19.1052	0.10451	4
100	7.74016	4.44617	0.64429	4
111	7.97824	9.01003	0.468852	4
141	9.52686	23.2158	-0.472404	4
144	8.06855	4.18066	-0.557783	4
152	7.70312	7.84996	0.848233	4
162	8.09154	7.51265	0.732957	4
163	9.87512	16.1198	-0.671589	4
168	7.87375	13.0661	0.0170228	4
176	8.49958	7.73744	0.130072	4
181	9.2849	11.483	0.298329	4
186	8.75289	11.1017	0.30081	4
188	8.4485	6.22534	-0.0813206	4
196	9.49865	6.47206	-0.167351	4
199	8.53239	23.8235	-0.287792	4
201	7.71627	22.2542	-0.528843	4
228	9.7966	0.562204	0.498668	4
239	9.71501	14.9755	0.223294	4
247	9.93614	4.93621	0.136222	4
251	9.30574	10.7427	0.145521	4
261	8.5857	12.3887	-0.740427	4
267	8.47787	22.1514	-0.484912	4
269	9.91623	16.3117	-0.558298	4
270	8.00653	18.3661	0.594379	4
281	8.57021	12.2497	1.08652	4
283	9.89247	6.19986	-0.819132	4
284	8.71422	1.03079	-0.703482	4
288	8.48164	24.6468	0.453276	4
294	9.83071	10.1896	0.763692	4
295	9.95913	10.0767	-0.0992655	4
325	7.81629	10.2552	0.223507	4
329	8.0571	0.287752	-0.283971	4
333	7.62649	18.604	-0.359842	4
339	9.97208	23.9199	-0.169772	4
346	9.87721	13.8279	-0.0358259	4
359	8.95177	13.9372	-0.227952	4
373	7.93205	18.7478	-0.207675	4
382	9.47414	20.1436	0.0957969	4
394	8.49984	22.4529	0.115981	4
400	8.73607	16.0148	0.347231	4
401	9.08238	19.1903	-0.643466	4
412	8.52701	24.9839	0.268679	4
421	8.941	13.03	0.471537	4
441	9.71192	6.60727	-0.118543	4
472	7.84903	11.3744	-0.723382	4
473	9.37457	18.545	0.357053	4
475	8.83208	2.86798	0.18747	4
497	7.54175	2.32891	0.490276	4
501	9.19846	24.1747	-0.261769	4
518	7.65069	21.8187	0.0898439	4
542	7.96225	14.9248	0.629992	4
550	9.81821	18.7292	-0.180207	4
555	7.8902	11.4551	-0.317967	4
562	8.60169	6.39364	0.593502	4
565	9.4593	23.7284	0.535515	4
572	7.59326	4.68013	0.217195	4
579	9.11075	18.6608	0.366132	4
607	7.86495	9.14816	-0.396553	4
630	9.9927	14.8258	-0.451545	4
643	9.616	24.6758	0.441226	4
659	7.90182	8.40462	0.635894	4
678	9.25952	5.7546	0.0345464	4
698	9.90595	11.2307	0.0791778	4
699	8.7632	16.9144	-0.692429	4
752	9.37779	7.30756	-0.0711495	4
754	9.71311	22.8899	-0.00816571	4
774	8.06778	20.9969	-0.0284307	4
782	8.91121	16.6556	0.283008	4
787	8.03615	13.8032	0.464608	4
799	8.19346	3.49202	-0.113899	4
805	8.88645	20.2759	0.382463	4
807	8.07044	14.2915	0.0977662	4
827	8.33559	3.72889	0.24849	4
838	8.22394	10.4449	0.423667	4
842	7.5982	2.67616	0.13964	4
851	8.83532	16.3966	0.339499	4
887	9.56497	7.9376	0.404227	4
894	8.48054	9.01966	0.157036	4
896	7.67542	3.85051	0.567176	4
903	8.5845	20.747	-0.00735849	4
922	8.85735	22.8958	-0.933634	4
928	9.96488	18.5582	-0.0467358	4
942	8.01706	6.7841	0.0776177	4
966	9.35289	12.5081	-0.522894	4
972	8.58506	8.02304	0.55627	4
979	8.06958	0.0227599	-0.586586	4
997	8.38613	1.34456	-0.434321	4
1025	8.35121	15.8401	-0.391115	4
1027	9.43603	11.2678	0.121935	4
1033	8.78783	7.67025	-0.0227508	4
1052	7.54531	17.7518	0.121569	4
1062	8.23457	4.56492	-0.630957	4
1082	9.56793	11.992	-0.253284	4
1089	9.58093	10.7533	-0.536303	4
1111	7.55944	12.6625	0.239281	4
1128	7.6085	3.66426	0.229936	4
1136	9.28218	13.7176	0.500319	4
1148	9.63329	0.0238452	0.792952	4
1153	9.54491	21.076	0.256498	4
1162	8.8172	6.56777	-0.424447	4
1163	8.62674	10.2353	-0.553617	4
1170	8.27105	5.25635	0.136286	4
1171	9.63344	17.2009	-0.102081	4
1195	7.82542	1.03439	0.117376	4
1198	9.81098	3.75164	-0.154873	4
1199	7.98969	10.8155	0.562183	4
1208	9.6507	10.9193	0.209514	4
1215	7.92163	24.0091	0.499394	4
1222	8.34619	8.95548	-0.706408	4
1235	9.74434	22.4615	-0.477677	4
1244	8.48639	2.91712	-0.438347	4
1258	7.95779	4.83444	-0.0679545	4
1284	7.52265	13.6424	-0.482667	4
1311	8.38387	11.5673	0.136152	4
1317	9.28713	12.5673	0.175277	4
1318	8.63877	20.621	-0.740495	4
1331	9.78565	13.2102	0.341487	4
1343	8.21202	14.3708	0.0708801	4
1356	9.33245	17.5485	0.0535263	4
1362	7.8584	1.02757	-0.695904	4
1364	8.30949	8.76004	0.547369	4
1373	8.90358	6.04296	-0.0667148	4
1388	9.65771	9.08626	0.245208	4
1399	8.99215	8.91841	0.513767	4
1415	8.04665	18.8345	-0.0402641	4
1421	9.0131	2.24738	-0.884673	4
1422	7.82437	20.8167	-0.052346	4
1429	8.88698	2.04017	-0.551821	4
1432	8.78302	19.5788	0.331306	4
1436	7.87133	18.3451	-0.0395994	4
1442	8.58073	12.5012	0.466941	4
1452	8.61527	6.30166	-0.167261	4
1453	8.47435	13.7697	0.120918	4
1476	7.84704	7.42617	-0.434875	4
1478	7.58643	3.96513	-0.171537	4
1494	8.64706	15.5416	-0.558058	4
1500	7.87191	6.23733	-1.15582	4
1512	8.5041	1.51938	0.0198147	4
1524	9.69206	20.1565	0.0564796	4
1526	9.66265	1.19388	0.532429	4
1546	8.14322	12.3831	-0.155237	4
1547	9.20204	22.1577	0.122968	4
1552	8.74388	17.1381	-0.173642	4
1561	9.72656	9.5248	-0.0459241	4
1572	9.02665	18.4376	-0.12975	4
1575	8.6617	1.94661	-0.144408	4
1590	9.87285	5.00291	-0.0515741	4
1606	8.70628	0.288433	0.2824	4
1609	8.38879	6.07542	0.45399	4
1615	9.13885	6.40542	-0.0770143	4
1616	9.4805	21.5873	-0.124078	4
1621	9.64368	9.29384	-0.629439	4
1636	8.76339	7.69417	-0.134708	4
1638	8.96196	19.9166	0.633676	4
1643	7.62713	2.3174	0.735391	4
1647	8.35718	23.0993	0.331527	4
1648	9.21027	11.4094	-0.246408	4
1666	8.53085	21.2606	-0.181405	4
1670	7.89125	5.62681	-0.419891	4
1681	8.00248	16.8799	0.0270247	4
1688	8.36242	19.6506	0.425509	4
1692	9.68751	8.89248	0.48273	4
1702	9.80925	20.9792	-0.0946906	4
1737	8.52464	7.3825	-0.0263064	4
1743	9.22966	7.43952	0.255293	4
1747	9.63238	13.5901	-0.106718	4
1755	9.46998	0.384557	-0.356416	4
1759	9.81016	15.8632	0.0968837	4
1777	9.50467	11.9818	-0.524724	4
1778	9.1956	12.2885	0.0675617	4
1788	9.13924	9.67045	0.369207	4
1806	9.68997	13.729	0.0459822	4
1833	8.56112	15.5243	-0.143895	4
1860	8.03909	11.1062	0.191207	4
1871	7.74992	5.41483	-0.0721168	4
1873	9.62521	1.37377	0.00525528	4
1880	8.70946	7.04067	0.223623	4
1895	8.23538	15.2237	0.506882	4
1913	7.63781	2.7262	-0.0210417	4
1914	8.42394	10.7356	0.518308	4
1915	8.58301	16.5286	-0.787869	4
1918	7.83054	7.21809	0.261421	4
1926	9.49669	16.2376	-0.238033	4
1945	8.20235	0.725447	0.190487	4
2005	9.82829	24.3682	-0.240132	4
2009	8.53446	14.491	0.874179	4
2024	7.79669	17.5839	0.668294	4
2049	7.58619	15.8228	0.743061	4
2052	7.9271	18.026	0.743163	4
2071	8.83706	12.6591	0.25642	4
2077	7.78816	3.76973	-0.413749	4
2083	9.39751	0.167951	-0.322982	4
2084	7.8696	16.9922	-0.150894	4
2087	9.25256	18.4908	0.30849	4
2092	8.72628	16.6478	-0.527243	4
2102	9.22462	15.4349	-0.409721	4
2115	8.03609	24.2031	0.4982	4
2117	8.22677	18.013	-0.0772106	4
2154	7.52971	9.01143	0.155362	4
2157	9.01416	17.6717	-0.460088	4
2159	9.25293	2.37071	0.605365	4
2170	8.68481	0.886005	0.13305	4
2174	8.26723	20.846	0.046011	4
2184	9.04796	4.94759	0.885336	4
2192	8.73214	23.2215	-0.472437	4
2193	8.25658	15.9497	-0.267666	4
2224	9.26617	9.11994	0.0542173	4
2241	7.52178	10.3487	0.446151	4
2249	8.40149	11.7021	-0.247864	4
2255	7.89621	19.9742	0.00486916	4
2272	7.67692	21.8158	-0.0992179	4
2276	8.39919	18.7229	0.154939	4
2291	9.81016	21.1247	0.360548	4
2308	9.33648	5.09609	0.403274	4
2312	9.9802	16.3191	-0.0670365	4
2326	8.67691	4.26608	0.143282	4
2329	8.82575	3.08042	-0.527471	4
2338	9.40324	17.441	0.117188	4
2345	8.65294	15.4055	0.670582	4
2349	8.44762	15.0629	-0.0600118	4
2352	9.89945	24.2146	-0.419839	4
2357	8.06773	21.1353	0.470533	4
2369	8.04598	17.3003	0.773084	4
2372	9.60527	3.78236	0.192559	4
2376	7.54059	19.3407	0.60439	4
2379	7.51599	9.16297	0.848801	4
2382	8.52893	3.60448	1.05856	4
2397	9.76548	3.37976	-0.158898	4
2424	9.9634	4.75401	0.0715792	4
2433	7.94259	3.17775	-0.617879	4
2473	9.90111	2.78666	0.378854	4
2474	8.40538	9.97045	0.547931	4
2498	8.52879	1.98621	-0.501084	4
2503	8.24934	4.90811	0.365531	4
2519	7.8212	10.5469	0.578583	4
2533	8.58597	11.0825	-0.760301	4
2545	7.67452	22.5708	0.326961	4
2546	7.73403	22.9167	0.290582	4
2548	8.49834	6.2162	0.273491	4
2566	9.93973	7.60597	0.258786	4
2573	7.84796	1.47532	-0.169513	4
2588	9.82537	1.81183	0.233134	4
2589	7.51718	18.958	-0.19533	4
2607	8.15394	13.8096	-0.0947567	4
2616	9.7211	11.4021	0.662257	4
2621	9.68065	6.47199	-0.272396	4
2626	9.12061	13.5112	0.226188	4
2629	9.6015	22.5931	-0.358153	4
2631	8.45684	14.0365	0.312915	4
2632	8.69996	14.1924	-0.405434	4
2634	8.63565	2.46662	-0.276873	4
2639	9.43242	16.2339	-0.249686	4
2652	8.47403	12.0438	0.216892	4
2654	9.91218	11.8685	0.651641	4
2687	7.90579	17.2094	0.861972	4
2703	9.62335	2.39406	-0.380402	4
2710	8.77591	3.41814	0.38837	4
2724	8.94397	1.29839	-0.0714534	4
2747	9.01061	17.3394	-0.0169925	4
2773	8.33033	7.56674	0.489662	4
2776	8.53516	3.87171	-0.0663092	4
2780	9.68048	1.82185	-0.11677	4
2788	9.30906	9.3273	0.034703	4
2796	8.90572	7.34175	0.36517	4
2797	9.52603	7.5581	-0.0505751	4
2824	8.60403	16.0805	0.568593	4
2826	8.54665	17.2043	-1.16819	4
2868	8.52648	11.4586	0.473127	4
2871	8.2599	10.9922	0.0390065	4
2873	9.82955	11.5323	0.616721	4
2894	7.67248	3.8905	-0.444704	4
2905	8.60489	22.6164	0.410881	4
2914	9.62962	5.11917	-0.726114	4
2915	9.33973	4.86187	-0.252726	4
2923	7.69802	14.4147	0.259586	4
2924	8.33919	19.8689	0.161902	4
2928	7.66101	21.1035	-1.06773	4
2946	8.76569	6.5007	0.357235	4
2953	8.91443	17.6431	-0.153945	4
2956	7.62113	4.48174	-0.3482	4
2965	8.72638	4.92081	0.937527	4
2968	9.84996	17.7213	-0.351365	4
2986	9.21273	20.4139	0.0642178	4
2989	7.83377	6.34015	0.0789787	4
2995	8.42537	14.6264	0.351787	4
3016	9.28631	16.191	-0.158956	4
3035	8.78146	20.7696	0.0204995	4
3041	9.08923	12.8688	0.619388	4
3050	9.72907	19.6569	-0.641606	4
3053	8.96599	21.0192	-0.134193	4
3056	9.44695	18.0957	0.196475	4
3066	8.62312	7.46017	-0.268515	4
3069	9.61641	16.2643	-0.619706	4
3074	9.82113	2.70423	-0.473086	4
3078	7.59968	10.2181	-0.0477209	4
3084	9.64848	22.2932	-0.0551246	4
3117	9.52173	21.0982	-0.157731	4
3123	9.39055	13.0966	-0.0842326	4
3130	8.20337	3.52063	-0.610246	4
3131	8.82525	2.88699	-0.284969	4
3132	8.1145	3.81723	-0.121356	4
3134	7.5914	20.7819	-0.409804	4
3142	9.52345	23.0238	-0.212754	4
3145	8.3189	10.2752	0.168073	4
3160	7.87289	1.50361	0.43178	4
3163	7.69962	24.0416	-0.320427	4
3176	7.79991	16.7536	-0.721516	4
3183	8.62832	23.2925	-0.387326	4
3203	9.99991	13.9505	-0.444277	4
3206	9.83998	1.86322	0.226187	4
3222	7.6993	4.35835	0.738458	4
3247	7.75757	16.2571	-0.081412	4
3252	8.43113	18.1183	0.974698	4
3256	8.2706	17.2404	0.109256	4
3282	9.40813	6.24969	0.0287777	4
3286	7.50058	6.14293	0.0649675	4
3296	8.99553	19.8891	0.0533433	4
3351	7.80274	11.0994	0.924623	4
3368	9.98035	6.25856	0.454486	4
3374	9.08631	18.7371	-0.0394848	4
3379	8.77576	24.0709	0.0543547	4
3398	8.11774	15.9253	0.106557	4
3399	7.82749	16.2178	-0.335104	4
3414	7.61241	7.34409	-0.0758066	4
3415	8.43981	12.3667	0.622945	4
3416	8.89613	12.2138	0.33891	4
3426	8.9974	1.44253	0.221427	4
3442	9.04256	17.5804	-0.566209	4
3457	9.91511	5.61185	0.637587	4
3465	8.01116	20.1183	1.04489	4
3470	7.65009	8.93204	0.438883	4
3472	9.39078	1.05035	-0.0119367	4
3506	8.96343	20.2697	0.263552	4
3507	9.60323	18.2799	-0.135061	4
3534	9.8557	0.287395	-0.125321	4
3540	7.82128	23.981	-0.273136	4
3545	7.74296	17.6616	0.470366	4
3578	9.48805	13.2083	0.164348	4
3585	9.15084	21.6281	0.548442	4
3612	9.55315	17.491	-0.126323	4
3619	9.42549	16.3677	0.224782	4
3632	9.79702	2.55193	-0.46926	4
3645	9.01052	10.3441	-1.3987	4
3653	9.90891	21.273	0.0185598	4
3675	7.9331	4.76771	-0.123139	4
3687	9.34668	23.314	0.203725	4
3698	7.77718	6.12228	0.340828	4
3713	8.39268	23.3894	-0.261852	4
3724	8.52857	0.812455	-0.339641	4
3730	9.0449	5.69038	0.148466	4
3734	7.90493	18.4776	0.0599597	4
3736	9.99643	18.1211	-0.427187	4
3739	9.00746	9.15819	0.467739	4
3740	8.94579	4.99521	-0.0222502	4
3748	7.60825	12.0351	0.0654069	4
3750	9.03304	4.65892	0.109988	4
3785	7.65541	17.0996	-0.331847	4
3816	8.52829	9.97731	0.265091	4
3832	9.42761	23.9952	0.0502324	4
3841	9.56011	7.91745	-0.423399	4
3846	7.76821	5.90821	-0.00738244	4
3849	8.69619	5.63216	0.502165	4
3853	8.59498	21.3415	-0.204985	4
3885	8.07813	0.4533	-0.0427563	4
3886	8.4729	8.67217	-0.307206	4
3919	8.31016	7.72547	-0.224042	4
3922	9.61367	1.3044	-0.0162933	4
3923	9.3203	1.30871	-0.507067	4
3924	9.22465	1.72033	-0.427795	4
3966	7.7971	4.21117	-0.32787	4
3967	7.75433	4.43115	-0.0297188	4
3968	8.2139	3.58828	0.97951	4
3969	8.46876	21.8233	0.562136	4
3971	7.5086	9.13414	0.503345	4
3975	8.39742	0.12225	0.275943	4
3976	9.05938	19.6414	0.557744	4
3977	8.42617	19.5839	0.260744	4
3986	7.73484	10.3495	1.36166	4
3988	7.72737	9.97432	0.390916	4
3995	8.49968	15.7649	0.110755	4
3996	8.87294	15.8234	0.265913	4
4016	9.43709	16.2762	-0.0250386	4
4036	8.94299	16.3406	-0.764571	4
4056	8.22558	5.46257	-0.369519	4
4059	9.64017	12.8672	-0.0677959	4
4064	9.49681	11.0759	0.200195	4
4076	9.40242	24.7877	-0.247473	4
4077	9.56692	24.8335	-0.656746	4
4082	7.56652	18.1808	0.626981	4
4088	9.75518	2.04276	-1.02501	4
4099	9.29538	20.5322	0.357542	4
4100	8.13298	16.5902	-0.62166	4
8	10.4796	4.72757	-0.338787	5
16	10.2193	18.4829	0.056168	5
27	12.339	12.332	0.126566	5
58	10.2611	2.48477	0.214228	5
71	11.7949	6.61964	-0.0810279	5
74	12.0036	21.0091	0.308077	5
75	10.1428	22.6264	-0.0120649	5
88	10.7653	13.1545	0.319762	5
89	11.0254	23.1216	0.390445	5
91	10.1676	8.05193	-0.163439	5
133	10.2182	11.4867	0.311745	5
139	11.0476	20.0154	0.0621354	5
148	11.6413	13.5612	0.616921	5
154	11.923	24.423	0.0767199	5
156	10.477	21.5181	0.118353	5
193	11.8023	23.6214	-0.0175746	5
205	10.8406	17.09	-0.39206	5
218	11.655	14.0649	0.249777	5
244	11.3806	11.7217	-0.0106578	5
255	11.7427	13.085	0.0759098	5
320	11.1911	24.0191	-0.218936	5
321	10.2457	9.64464	-0.571985	5
340	10.0373	22.4625	0.443619	5
343	11.4266	21.6932	0.419179	5
367	11.8735	17.6687	0.150901	5
389	11.5506	22.7096	-0.455138	5
408	10.1143	3.62767	-0.216407	5
418	11.0452	23.6069	0.368205	5
423	12.1592	23.2963	0.0397918	5
436	10.7773	1.74534	0.350801	5
458	11.8273	13.0175	-0.439597	5
465	12.1593	9.8481	-0.231633	5
482	11.8152	7.57004	-0.134542	5
487	11.7981	4.06989	0.110519	5
496	10.7274	10.2473	0.547654	5
516	11.9525	5.80907	0.338854	5
537	11.8782	21.5624	-0.478272	5
559	11.3736	16.6189	-0.241655	5
576	11.8274	14.8114	-0.0292208	5
580	11.4392	1.10642	-0.0599301	5
588	10.0792	20.5158	0.0416425	5
596	12.0777	2.80283	0.81831	5
601	10.9687	7.96501	-0.536343	5
614	10.0175	10.3088	0.493893	5
629	10.4187	0.244904	-0.0615878	5
654	11.0003	13.5617	-0.239884	5
686	12.4843	16.9097	0.213908	5
692	10.7245	23.1039	-0.469603	5
701	12.166	20.8061	-0.0635219	5
711	11.0545	1.61357	0.0473522	5
734	10.6778	11.2687	1.24451	5
736	11.743	24.6626	0.33606	5
741	10.1917	17.5183	0.507365	5
742	10.6823	14.138	-0.672639	5
743	12.4568	1.34047	-0.424345	5
750	11.6854	20.1625	0.727733	5
764	10.2655	23.5219	0.410845	5
773	10.3863	2.32006	0.524271	5
775	11.7422	19.4013	0.528293	5
788	10.9195	23.8003	0.241572	5
791	10.534	16.7176	-0.286701	5
792	11.1449	18.6309	-0.212786	5
810	10.7521	17.1112	0.0215541	5
815	11.2156	22.3286	-0.0945339	5
819	10.3787	2.34688	0.4627	5
833	12.3462	1.81299	-0.745314	5
856	10.3884	4.00123	0.0853263	5
859	11.8595	22.6005	-0.152829	5
862	11.3819	9.19918	-0.245257	5
865	12.074	24.0916	0.639305	5
866	10.2463	21.2876	0.383434	5
868	11.5112	24.5857	0.473719	5
872	11.9141	0.366455	0.671977	5
877	10.1995	17.631	0.140283	5
878	11.6761	18.6206	0.445125	5
893	12.2858	2.72462	-0.251354	5
897	11.484	15.4933	-0.172188	5
898	11.2735	14.8656	-0.34057	5
905	12.2231	14.7494	-0.194164	5
910	10.249	7.14059	0.385886	5
920	11.5722	22.2062	0.47787	5
926	10.5546	11.9296	-0.0423647	5
929	12.4697	7.96236	0.476284	5
931	11.6471	14.1147	-0.73966	5
932	10.6451	24.7319	-0.142689	5
941	10.5533	22.2239	-0.169046	5
946	12.2364	8.59641	0.166902	5
949	12.3683	9.32543	-0.492628	5
998	12.0185	10.0272	0.735437	5
1019	12.0444	6.6865	0.229819	5
1032	10.5084	23.4645	0.0878271	5
1039	11.6417	22.1239	0.255363	5
1045	11.6176	0.117353	-0.596562	5
1046	12.1723	10.7161	0.86158	5
1075	11.0452	8.7738	0.327352	5
1097	10.4	8.80158	-0.0159786	5
1116	11.4091	20.2606	0.183105	5
1129	11.7775	2.63982	-0.343154	5
1137	10.1482	3.74819	-0.231107	5
1139	11.8707	19.0856	-0.0527811	5
1160	11.2477	10.7792	0.00882152	5
1181	11.4426	0.438305	-0.557304	5
1192	10.7777	8.95369	-0.96493	5
1221	11.6559	16.124	0.250948	5
1230	11.9644	22.6115	-0.428297	5
1243	11.2604	9.19095	-0.257381	5
1255	10.355	18.4039	0.0733941	5
1259	11.8633	3.98367	0.254134	5
1262	10.9925	20.6027	-0.134162	5
1265	11.5346	14.5949	0.612555	5
1267	10.8933	6.60129	-0.600695	5
1276	10.371	11.5139	0.132787	5
1306	10.5797	20.9209	0.575067	5
1313	12.0511	18.3527	-0.589781	5
1326	10.7151	15.2969	0.509471	5
1328	10.8248	14.7931	0.11273	5
1329	11.1743	6.94685	-0.610882	5
1341	10.1612	1.86008	-0.110736	5
1346	12.1019	9.35568	-0.303196	5
1351	10.0886	0.905422	0.413741	5
1365	11.9749	8.15397	-0.160839	5
1366	12.2996	10.0455	0.687794	5
1367	11.6886	15.2009	0.13923	5
1374	11.7034	11.5007	0.87379	5
1378	11.0421	24.242	0.179144	5
1380	11.431	23.6805	-0.584587	5
1386	11.6845	3.33668	0.27564	5
1387	11.7538	18.1702	0.598848	5
1389	10.9152	22.7421	-0.188147	5
1395	10.3238	8.7604	-0.14211	5
1410	10.0975	12.3696	0.375003	5
1412	11.0633	21.5776	0.308214	5
1431	10.2284	9.24108	-0.77994	5
1455	12.0259	14.8804	0.0474383	5
1462	10.6794	9.76079	0.357734	5
1468	10.0101	24.6871	-0.0697828	5
1471	10.7173	17.5254	-0.417545	5
1474	11.7649	3.20138	0.953353	5
1482	12.1269	20.7593	0.59285	5
1489	11.7281	23.364	-0.386072	5
1522	10.0127	13.4758	0.430521	5
1528	11.6432	16.4216	0.0632609	5
1533	11.3961	6.1308	0.172059	5
1562	11.5725	11.5229	-0.0563658	5
1569	11.9663	20.0672	-0.306612	5
1570	12.4092	17.6139	-0.0394856	5
1576	12.3785	11.4033	-0.346773	5
1586	11.1019	10.46	-0.241945	5
1600	11.1459	13.6751	0.135426	5
1619	10.7422	17.0512	-0.471968	5
1623	11.6315	3.96715	0.12124	5
1628	10.4861	13.9464	0.215147	5
1646	11.7809	7.47773	0.159572	5
1654	11.9865	2.18424	-0.391094	5
1668	12.0177	20.1175	0.0476603	5
1704	11.8991	7.06178	-0.19891	5
1708	10.4984	5.33411	0.447851	5
1712	10.3461	4.82767	0.0663256	5
1719	11.5543	20.8078	-0.483732	5
1736	11.9894	4.44795	0.482335	5
1738	10.687	21.0315	0.460133	5
1741	11.4125	12.368	0.557405	5
1754	11.7592	24.0364	-0.109221	5
1763	11.0712	22.5128	-0.0146842	5
1766	11.2733	15.9574	0.112358	5
1771	12.3797	7.73256	0.514019	5
1785	12.4123	12.6956	0.6214	5
1794	10.9019	2.23294	-0.000559816	5
1796	10.9699	6.21166	-0.242357	5
1809	11.8124	0.679762	-0.576637	5
1834	11.4632	6.20554	0.860156	5
1836	10.3398	13.8439	0.142939	5
1840	11.0501	2.21094	-0.548549	5
1842	10.5189	2.66567	-0.614038	5
1851	12.4593	20.4879	-0.412123	5
1868	11.3263	1.47154	0.3567	5
1877	11.6985	19.5714	-0.698859	5
1878	10.4521	0.753008	0.116949	5
1886	10.4478	8.9597	-0.553929	5
1903	12.4522	17.7727	0.35757	5
1904	11.3691	16.1584	-0.590911	5
1911	12.4724	21.3734	-0.123747	5
1927	10.6792	12.1737	0.631888	5
1942	11.1044	24.8458	-0.395722	5
1956	10.8166	20.1561	-0.116856	5
1966	12.4851	12.9694	-0.0136144	5
1975	12.3477	15.9231	0.171926	5
1976	12.4916	4.61422	0.0666033	5
1989	10.6809	10.9661	0.112711	5
1994	10.3881	5.686	0.723776	5
2013	12.0715	3.66765	0.126536	5
2018	11.2252	13.7536	-0.624318	5
2030	10.7841	15.9334	-0.197265	5
2037	12.1526	16.5527	-0.159109	5
2045	10.5386	20.3474	-0.226341	5
2065	12.3681	11.8015	-0.165239	5
2089	10.1253	18.6615	-0.173762	5
2090	10.6079	18.8382	0.145192	5
2091	11.6365	17.9541	0.0759158	5
2107	11.7008	11.0448	0.598603	5
2148	10.5833	12.9033	0.738941	5
2150	10.4884	20.176	-0.300929	5
2156	11.7564	21.4616	-0.0413269	5
2158	10.2556	23.9283	0.0420111	5
2160	10.5652	3.05785	-0.977472	5
2171	11.311	5.56339	0.134538	5
2182	10.1762	6.05296	0.259724	5
2183	10.5644	6.21734	0.0217535	5
2188	12.1984	12.5878	0.572494	5
2191	10.6417	9.63036	0.571253	5
2197	11.0308	2.78316	-0.694698	5
2199	11.1108	14.6424	-0.764308	5
2206	10.2441	11.8633	-1.07889	5
2213	11.55	14.5538	-0.114355	5
2219	12.3498	13.4521	-0.317948	5
2226	11.027	24.5256	0.438905	5
2235	11.4714	15.8596	-0.117213	5
2238	10.8175	12.3187	0.218727	5
2248	12.0502	8.59748	-0.470781	5
2250	10.9538	7.4624	-0.070888	5
2251	11.6563	0.517969	-0.57529	5
2268	10.2495	20.9949	-0.105089	5
2273	11.5633	18.4446	0.0217408	5
2280	10.4609	9.78878	-0.573924	5
2284	10.6876	19.4647	0.450093	5
2286	10.2953	16.9099	-0.0952199	5
2299	12.1051	16.3319	0.00807404	5
2307	11.4544	10.0726	0.853737	5
2313	11.4656	22.3223	-0.517497	5
2322	10.339	2.80908	-0.0466185	5
2331	11.8884	19.0153	0.306948	5
2334	11.7743	0.28596	-0.636358	5
2336	11.1208	12.1571	0.235337	5
2342	10.3463	10.4684	0.407599	5
2348	12.3234	9.71688	-0.526743	5
2351	10.7006	15.3884	-0.102026	5
2383	10.5826	2.62567	-0.208542	5
2399	11.5055	1.76809	-0.616056	5
2405	10.6853	5.44013	-0.279087	5
2406	10.9094	5.64831	0.432728	5
2408	10.4482	6.84965	-0.409031	5
2409	11.4835	11.3159	0.350719	5
2411	10.7302	20.0787	0.41545	5
2442	10.0622	5.87464	-0.389544	5
2445	11.4357	23.0613	-0.0396292	5
2475	11.3802	0.245193	-0.306832	5
2482	10.85	5.04643	0.513515	5
2483	11.8161	4.68538	-0.0210555	5
2485	12.4475	7.40367	-0.361475	5
2490	10.7598	12.6136	0.228914	5
2518	10.892	17.4254	-0.400348	5
2547	12.482	20.3933	0.0585955	5
2555	10.386	8.02455	0.53374	5
2556	10.6419	3.78547	-0.602977	5
2564	11.237	16.8632	0.551293	5
2568	11.9923	10.9559	-0.16803	5
2576	11.2793	10.4354	0.44579	5
2581	11.0434	16.0434	-0.191054	5
2583	11.4302	6.9486	-0.0984396	5
2584	11.8341	0.399018	-0.369957	5
2594	10.9796	13.492	-0.114745	5
2609	10.2366	18.0697	-0.0155063	5
2615	12.0268	1.95128	0.622241	5
2643	11.5935	23.2397	-0.411075	5
2669	11.9993	7.30243	0.156229	5
2692	11.4214	20.7221	0.0670806	5
2699	10.3623	20.2224	0.45926	5
2708	10.9572	15.7155	0.0718458	5
2716	10.9285	24.8049	-0.174684	5
2719	11.7861	16.9449	0.139075	5
2742	11.6114	21.2331	0.206899	5
2746	11.1658	1.36882	-0.102275	5
2763	10.2977	4.63771	-0.07725	5
2772	11.8456	12.1618	-0.0719566	5
2808	11.3493	19.362	-0.1027	5
2810	11.6966	10.6538	-0.0268672	5
2816	11.0817	7.45856	-0.958136	5
2819	10.9777	19.4431	0.162585	5
2840	11.6151	15.2117	-0.00891361	5
2841	11.5987	17.4099	0.135709	5
2842	12.4399	18.1891	-0.227541	5
2854	12.3638	6.72582	-0.196381	5
2856	10.7177	0.537408	-0.35292	5
2858	11.7584	5.43827	-0.130752	5
2869	10.8677	3.48279	0.00217467	5
2901	12.3871	2.28422	-0.17273	5
2939	11.5288	16.406	0.12231	5
2941	11.2767	13.9674	-0.0566351	5
2944	12.1693	17.3632	-0.189106	5
2949	11.9332	18.9833	0.698164	5
2962	10.3229	22.3645	-0.1254	5
2971	10.2908	21.0321	-0.214714	5
2990	10.5043	24.1054	-0.389938	5
2994	11.8609	23.4058	-0.330947	5
2996	12.2833	17.373	-0.0162911	5
3000	12.3714	8.75326	0.60447	5
3003	11.0747	4.85523	0.107573	5
3014	10.5975	15.6805	-0.34131	5
3015	10.4051	15.635	-0.48319	5
3017	10.7698	0.284817	-0.43394	5
3021	12.0729	9.81589	-0.496867	5
3033	11.6513	22.4004	0.110992	5
3042	11.5799	14.0159	-0.450151	5
3045	11.6968	15.0309	0.243496	5
3076	10.3915	5.45215	-0.00628715	5
3085	11.4774	20.4546	0.152816	5
3089	12.2219	12.7423	0.277061	5
3095	10.3133	18.4508	0.215235	5
3109	10.9503	24.564	-0.0435739	5
3115	10.8334	14.0371	-0.017476	5
3127	10.3062	7.47334	0.189102	5
3136	10.5865	19.7942	-0.0719537	5
3138	11.1098	2.96193	-0.0673111	5
3143	12.3649	3.99253	-0.259701	5
3144	11.3931	3.13437	-0.169474	5
3148	10.5136	8.14584	0.604228	5
3158	11.992	9.78916	-0.17496	5
3173	10.3764	8.59976	-0.614767	5
3193	11.1173	2.06071	0.0395593	5
3219	12.4748	16.5366	0.090644	5
3236	11.4729	3.56637	-0.11095	5
3255	11.5152	21.6716	0.133312	5
3273	10.5841	6.63831	0.0518807	5
3308	10.039	0.489405	0.703535	5
3314	11.5576	24.9159	0.160449	5
3322	11.3306	10.1479	-0.0508527	5
3367	10.6503	1.31621	-0.400238	5
3381	12.4944	12.7403	0.721527	5
3384	10.4658	24.0329	0.69708	5
3386	12.3365	13.3128	-1.04396	5
3406	10.5643	7.11557	-0.631484	5
3410	10.4787	13.406	-0.24323	5
3411	10.2201	13.1471	-0.19327	5
3436	11.9285	20.386	0.299421	5
3437	11.0596	15.9482	-0.797709	5
3438	10.9118	1.50588	-0.787819	5
3439	11.0427	1.1991	-1.23777	5
3440	11.5427	3.87571	0.354019	5
3449	11.9176	4.68474	0.120266	5
3450	11.5169	5.00617	0.175067	5
3456	10.4373	5.45977	0.135339	5
3463	10.2946	2.96008	0.311012	5
3464	11.2499	6.10767	-0.0683467	5
3499	11.9376	20.6859	0.526747	5
3502	11.6869	13.9183	-0.252525	5
3503	11.3171	14.0122	-0.436995	5
3505	12.4896	8.61206	-0.29165	5
3516	11.0276	5.78505	0.350039	5
3517	11.6452	16.3245	0.336976	5
3527	11.6913	10.6246	-0.230171	5
3530	11.0669	23.3647	-0.160906	5
3559	12.3992	19.1809	-0.0651438	5
3568	10.6426	2.5568	-0.832393	5
3582	11.6097	15.0221	-0.029594	5
3583	11.2066	15.4527	0.469353	5
3599	10.2608	20.2468	0.39325	5
3624	11.6952	0.786504	-0.725551	5
3626	10.6444	1.08631	-0.139617	5
3631	11.5278	0.191733	-0.375779	5
3647	10.7668	2.98803	-1.195	5
3654	10.3126	18.3372	0.308011	5
3666	10.5307	19.9844	0.45718	5
3674	12.0762	16.1381	-0.303016	5
3681	10.4711	4.95994	-0.323918	5
3688	11.1518	10.713	0.0334484	5
3691	11.6049	21.0059	0.306618	5
3692	11.9216	18.7024	-0.0713062	5
3702	11.3057	15.6575	-0.180455	5
3725	10.2962	23.0003	-0.197577	5
3744	12.1901	10.7871	0.36545	5
3749	11.6919	6.85068	0.223373	5
3755	11.2254	14.6711	0.226366	5
3757	10.3577	11.8237	-0.492315	5
3767	11.892	7.37124	-0.562502	5
3768	11.7617	7.11369	0.394103	5
3771	10.9198	24.5716	0.0466064	5
3776	11.5369	22.7856	-0.480526	5
3779	11.27	4.55985	0.08582	5
3788	12.0531	6.54085	-0.491806	5
3799	10.5472	0.879249	-0.352588	5
3800	12.3565	11.8725	0.702012	5
3819	12.4049	9.81496	0.285223	5
3822	10.843	23.4063	0.163257	5
3825	10.6687	9.22333	0.0862046	5
3827	11.0103	23.8908	0.340409	5
3831	10.0189	7.1822	0.0763728	5
3842	10.3833	10.1944	-0.590995	5
3844	11.9289	14.9671	-0.0824678	5
3864	11.2104	12.0891	-0.338725	5
3874	10.5604	5.02249	-0.010179	5
3878	11.4655	11.301	0.166886	5
3880	10.925	12.1717	0.162245	5
3883	10.4901	12.1531	0.204257	5
3915	10.733	21.4783	0.0016924	5
3950	11.7688	7.74151	0.363494	5
3951	12.2037	7.63276	-0.363879	5
3958	12.1065	16.0309	-0.0247887	5
3965	11.6839	22.7659	-0.450819	5
3992	11.798	17.8801	-0.00276469	5
4002	10.9709	5.09413	0.22115	5
4004	12.3579	1.48917	-0.157253	5
4006	11.7938	15.8264	0.464115	5
4028	11.5661	1.1116	-0.435501	5
4044	11.6126	19.5604	0.199647	5
4049	11.0966	1.12214	-0.276528	5
4051	10.8252	11.7278	0.638116	5
4073	10.9956	13.5959	0.731059	5
4084	10.8593	0.6391	-0.271369	5
10	13.431	23.1482	-0.0210069	6
18	12.8066	14.9299	-0.452108	6
25	14.1521	16.4707	-0.524807	6
34	12.5215	7.01031	0.379771	6
41	14.731	15.4673	0.289613	6
42	12.6802	21.0457	-0.312243	6
56	12.8434	7.29461	0.148371	6
60	13.6385	6.38312	-0.394439	6
64	14.2753	13.6426	0.58217	6
70	13.5613	1.26267	0.288153	6
81	14.2308	22.1438	0.393198	6
94	14.6475	12.4457	-0.0561307	6
110	12.7236	0.576998	0.121745	6
118	14.5161	19.2337	1.17982	6
151	13.6093	12.1344	0.702572	6
166	13.9461	5.40303	-0.678098	6
170	14.7232	2.07009	0.388206	6
171	12.8341	8.95548	0.643726	6
183	12.9616	16.1491	0.0133697	6
219	13.7893	10.7328	0.43049	6
227	14.0944	7.84495	0.195197	6
234	13.0767	9.24634	0.479941	6
264	14.9102	3.0289	1.10025	6
280	14.0612	2.4844	0.230431	6
282	13.4964	4.94746	0.631315	6
293	13.7214	8.47253	0.177791	6
323	13.8535	5.52072	0.0798967	6
332	13.8471	21.3953	0.370198	6
337	14.1478	18.3983	0.451166	6
357	14.3847	23.8814	0.0169106	6
360	14.9693	19.9991	-0.454342	6
370	14.9395	5.50593	-0.149202	6
372	12.8468	11.9893	0.912689	6
377	13.4371	4.1628	-0.707902	6
384	14.8167	23.1071	0.0217084	6
388	14.0831	2.31618	-0.163173	6
391	14.3316	5.69688	0.203324	6
402	12.8936	3.4831	0.521784	6
409	13.8017	19.0492	-0.0276911	6
414	13.1944	5.91561	-0.091525	6
415	13.8998	5.29246	-0.491632	6
424	14.8114	23.5611	-0.32593	6
429	14.7212	17.0728	-0.160219	6
445	13.7227	11.9427	-0.211191	6
449	14.4201	10.5588	-0.089637	6
460	14.5597	3.55321	-0.83818	6
461	14.1129	19.0221	0.0183682	6
466	13.3761	4.68534	0.965293	6
470	14.3966	3.23548	0.497563	6
471	13.326	13.8921	0.427316	6
476	13.3795	24.5504	0.372943	6
484	14.5215	12.324	0.0662293	6
491	13.2281	22.5726	-0.372768	6
492	13.1612	14.4073	-0.0955	6
499	13.7108	16.4617	-0.295721	6
502	14.0603	1.55771	0.435615	6
522	12.7064	17.846	0.591805	6
528	14.9324	17.6354	-0.119846	6
538	14.5157	19.299	0.128037	6
548	14.3814	17.4437	-0.481146	6
564	12.9947	4.16282	0.490706	6
583	12.8197	13.5244	0.0270053	6
585	13.581	24.961	-0.0333732	6
587	14.733	7.84547	0.152106	6
599	14.3521	21.192	-0.288482	6
602	13.2835	22.1972	-0.513402	6
616	13.9873	15.2216	0.0879629	6
621	13.4023	11.4248	0.483215	6
624	13.7095	17.0465	0.619994	6
625	13.3129	20.414	0.4755	6
626	14.1195	18.5488	0.697171	6
635	13.2842	1.36213	-0.496265	6
638	14.5601	6.94442	0.0677292	6
641	13.7715	3.31564	0.0830048	6
648	13.768	22.8906	-0.188863	6
662	12.6783	15.1847	-0.435941	6
668	14.5902	2.95375	0.518487	6
669	13.7419	0.0515819	-0.0500728	6
675	13.2521	17.3339	-0.376292	6
704	13.7763	21.5117	-0.369237	6
710	12.5866	15.2506	0.0533202	6
724	13.6734	11.8733	0.037396	6
733	12.5604	6.85522	-0.356369	6
738	12.9073	10.8865	0.258101	6
747	14.0885	23.6566	0.420977	6
759	13.0438	23.0198	-0.495959	6
767	13.6183	10.3143	-0.000349301	6
798	13.3447	6.35236	-0.246193	6
822	14.3146	8.88844	0.369069	6
823	13.2642	19.4348	-0.945458	6
848	14.882	21.014	0.281176	6
850	13.1569	24.9983	-0.335988	6
857	14.8261	18.6488	0.112299	6
861	13.074	16.3603	0.531085	6
867	13.3363	4.71998	-0.133159	6
881	13.2821	12.3813	-0.389365	6
895	12.7394	16.3714	0.037021	6
909	14.6407	12.0426	0.389	6
921	14.2599	24.373	-0.0494262	6
923	14.5758	24.7822	0.397463	6
937	14.5445	18.9187	0.0441873	6
959	14.9872	10.771	0.146466	6
960	14.1363	20.3281	-0.271618	6
964	13.016	4.1429	-0.661458	6
974	13.4515	18.792	-0.166392	6
980	14.6853	16.3703	-0.0234706	6
985	12.5255	19.7685	-0.0739034	6
1011	13.2235	22.1695	-0.195538	6
1013	13.3897	19.4745	-0.312728	6
1016	14.0046	14.2546	-0.0974162	6
1022	14.0747	19.8153	-0.560266	6
1023	13.3967	17.9959	-0.175939	6
1036	12.6573	9.04093	-0.23053	6
1038	13.6419	15.0563	-0.169757	6
1050	13.3933	10.1528	0.107633	6
1068	14.1019	2.11924	-0.18123	6
1088	12.5642	2.02573	-0.248539	6
1096	14.7726	19.0862	-0.0825148	6
1142	12.6459	6.02519	0.227563	6
1164	14.7686	9.99398	0.113411	6
1168	14.2424	1.05674	-0.275487	6
1191	13.5237	8.45747	0.260187	6
1204	14.8811	22.7445	0.190003	6
1211	14.3332	13.2503	-0.657273	6
1220	12.5476	16.2808	-0.0349958	6
1225	14.6518	9.81144	0.167372	6
1229	14.1685	2.32033	0.340387	6
1249	13.8216	16.1432	0.3834	6
1251	12.975	17.5091	0.555348	6
1260	12.8063	2.12879	-0.407542	6
1261	14.119	17.7249	-0.17946	6
1264	13.5653	14.0696	-0.180687	6
1288	12.7235	8.74223	0.200075	6
1304	14.6772	19.5971	0.421847	6
1324	12.6143	9.7942	0.0685236	6
1353	13.2321	15.9663	-0.67643	6
1357	14.9267	4.50327	0.222756	6
1370	12.6406	24.4352	0.107054	6
1416	14.3228	3.90459	0.646454	6
1439	14.313	21.564	0.302038	6
1440	12.557	7.96894	-0.113835	6
1449	12.7213	22.1117	0.110199	6
1466	14.6559	15.2775	0.757745	6
1488	14.648	1.22469	-0.247308	6
1496	13.6888	11.0115	1.08149	6
1498	14.8509	23.3436	-0.843737	6
1504	14.225	13.4906	0.342164	6
1505	14.4744	11.9623	0.471463	6
1508	13.45	24.2737	-0.0171078	6
1509	12.8278	24.0021	0.227553	6
1519	14.3293	6.91469	0.354865	6
1542	14.5243	6.81195	-0.603956	6
1574	14.347	22.4097	0.101444	6
1579	14.0319	8.65517	-0.53194	6
1585	12.9638	12.8437	0.280443	6
1593	13.2742	11.47	0.5333	6
1617	13.5661	12.1082	0.102485	6
1639	14.3911	14.8513	0.195156	6
1649	13.0888	3.55296	0.440447	6
1652	14.7342	20.4426	0.438389	6
1672	13.2491	20.9036	0.0800923	6
1677	12.6633	1.96562	-0.629664	6
1684	12.7704	11.0152	0.355395	6
1699	14.0931	19.8726	0.198002	6
1711	14.0988	23.7812	-0.0553786	6
1721	13.2346	8.98428	-0.231993	6
1722	13.9283	6.89764	-0.220658	6
1727	14.2028	24.3739	-0.361813	6
1735	13.9672	10.8138	-0.316328	6
1742	12.709	17.4543	-0.0473618	6
1748	13.8642	3.76981	-0.329342	6
1750	13.0944	17.0226	0.0457678	6
1760	12.9584	5.50412	-0.23847	6
1761	13.923	7.02781	-0.553579	6
1775	13.9911	3.88679	-0.143994	6
1787	12.7454	22.8508	0.0813293	6
1803	13.8481	1.29667	-0.0446964	6
1804	14.4377	16.1051	0.0397525	6
1808	14.675	4.33156	-0.55283	6
1815	13.8788	12.8339	0.235377	6
1816	13.3839	13.3559	0.232897	6
1819	13.1867	15.7724	0.321564	6
1832	12.8937	19.5517	-0.396641	6
1874	12.9931	24.0803	0.593601	6
1920	14.141	5.23606	-0.403748	6
1943	13.7633	4.43655	-0.117263	6
1946	14.3691	8.3674	0.321951	6
1952	14.0395	19.0367	-0.592671	6
1953	13.5331	8.26271	-0.0351423	6
1984	13.2543	14.7292	-0.473941	6
1988	14.1523	11.8624	0.121636	6
1990	13.8266	7.9169	0.586888	6
2008	14.4645	22.3473	-0.518463	6
2019	12.5837	10.3488	-0.0305176	6
2023	12.6365	20.299	-0.186036	6
2025	13.4518	5.67998	0.138491	6
2044	13.8747	3.93621	-0.125347	6
2059	14.6365	12.4743	0.0278363	6
2067	12.5102	11.7018	-0.14823	6
2078	12.9249	2.92674	-0.394986	6
2080	13.7091	21.4673	-0.86591	6
2081	13.1145	5.32477	-0.0300067	6
2101	13.9496	17.1654	0.500375	6
2108	12.8099	10.7501	1.29389	6
2124	13.4652	0.35016	-0.208054	6
2125	14.6879	3.16636	0.582418	6
2134	13.1236	4.18973	0.438872	6
2135	14.2974	0.563284	0.0946347	6
2146	12.8196	10.2196	0.182789	6
2152	14.6702	13.9552	-0.321034	6
2179	13.5934	13.5274	0.215685	6
2181	13.5172	6.81255	0.231105	6
2194	13.5226	11.3173	0.670002	6
2200	14.6453	24.3593	0.105996	6
2211	12.6769	3.89101	-0.373988	6
2225	13.9348	4.21327	1.46866	6
2231	13.4931	5.00712	0.0709283	6
2236	14.4297	0.873754	0.124447	6
2262	13.0206	7.61677	-0.306645	6
2263	13.0059	12.4114	0.325511	6
2292	14.1019	0.611242	-0.125928	6
2294	13.9682	10.0217	0.386678	6
2330	12.9854	11.192	-0.161472	6
2339	14.3128	22.8912	-0.0510889	6
2367	13.297	20.9908	-0.0870362	6
2370	14.6798	8.75835	0.260514	6
2374	13.2818	22.6856	-0.367205	6
2381	12.8351	15.816	0.306875	6
2387	14.8397	16.7377	0.120962	6
2391	13.8986	14.683	-0.296216	6
2398	12.6689	2.83228	0.178131	6
2420	12.9029	13.9412	-0.177316	6
2431	13.3987	12.0826	0.196086	6
2444	12.6644	8.51971	0.759692	6
2447	14.8828	13.9276	-0.0656393	6
2453	14.1754	2.83268	-0.342938	6
2456	13.7876	21.939	-0.380057	6
2467	14.675	3.67982	0.271564	6
2468	12.5509	14.4125	0.198041	6
2470	12.9818	9.71657	-0.392941	6
2478	13.8979	13.7372	1.19751	6
2507	13.8907	6.10184	-0.249264	6
2516	13.1941	13.2	-0.75035	6
2517	14.2604	20.8419	-0.576007	6
2526	14.8003	21.049	-0.509432	6
2527	14.093	15.0795	-0.0966049	6
2540	13.5612	7.49752	-0.194476	6
2541	14.1268	19.106	-0.373137	6
2561	13.2969	14.1392	0.878909	6
2570	14.8395	5.673	-0.109616	6
2591	13.8703	8.30738	0.172216	6
2606	14.4696	21.9508	0.146665	6
2611	12.6043	4.5248	-0.201994	6
2620	13.0816	18.9489	-0.0438274	6
2636	14.0304	21.0774	-0.538913	6
2637	12.5753	18.4247	-0.522594	6
2647	13.8944	8.18731	0.119257	6
2655	12.8606	12.1413	0.93154	6
2659	14.5384	20.3831	0.253263	6
2680	13.8678	12.9364	-0.125173	6
2684	13.6606	3.37959	-0.525452	6
2686	13.2749	10.9604	0.874245	6
2689	14.0472	13.8959	-0.372088	6
2713	12.9395	21.791	0.0937661	6
2751	13.5723	3.44974	0.914348	6
2769	13.2655	16.2947	0.482524	6
2778	14.2901	20.4309	-0.620677	6
2782	12.9046	17.1447	-0.602517	6
2791	12.7173	5.86935	0.0209787	6
2794	14.0679	1.5918	-0.493675	6
2830	13.6336	14.1392	0.291568	6
2837	12.8526	18.8618	-0.075812	6
2838	14.9621	14.3022	0.621104	6
2859	12.7074	4.84181	-0.150707	6
2884	12.9167	1.08686	-0.121142	6
2885	13.0309	0.430928	-0.460355	6
2887	14.086	21.1138	0.0268876	6
2904	14.2202	4.92471	-0.753437	6
2909	14.5088	20.8529	-0.53138	6
2917	12.5394	9.30381	0.765446	6
2919	13.5033	21.27	-0.202574	6
2922	13.9787	16.0845	0.410832	6
2936	14.2944	8.02574	-0.00522628	6
2942	14.8382	12.5027	0.150275	6
2951	13.4444	7.75335	-0.0867194	6
2974	13.1354	8.57815	0.129338	6
2975	12.6345	7.61604	1.15854	6
2987	13.5114	20.9124	-0.709694	6
2991	14.2704	4.04974	0.146072	6
2993	13.2257	12.7597	-0.0497594	6
2997	13.4488	8.97556	0.872692	6
2999	14.4778	21.7341	0.028903	6
3011	14.3657	2.41561	0.00969244	6
3030	12.8589	23.7775	0.643262	6
3032	13.7597	17.3246	-0.1525	6
3034	13.0596	16.0673	-0.0367867	6
3072	13.7341	1.11014	-0.0528508	6
3080	14.3036	15.6913	-0.10086	6
3083	14.3854	0.663045	0.247274	6
3090	12.8937	7.03898	-0.935729	6
3096	13.7051	19.4265	-0.626437	6
3100	13.5583	8.41379	0.903387	6
3105	14.7778	8.68871	-0.0768096	6
3124	12.5377	2.98011	0.280941	6
3128	12.8341	21.0498	0.659989	6
3129	12.6468	19.9674	-0.000916915	6
3139	12.74	3.88384	0.0606469	6
3141	13.2541	0.440753	0.429904	6
3156	14.4977	15.0393	0.250824	6
3162	12.9418	7.021	0.0969929	6
3168	14.6475	15.4123	-0.265689	6
3182	13.7287	19.7198	-0.251061	6
3187	13.0358	9.64062	-0.713601	6
3190	14.8585	4.68183	0.208474	6
3212	13.6787	14.1509	0.137902	6
3217	12.9009	17.4073	0.264057	6
3218	12.8975	17.4879	0.0155158	6
3223	14.8776	16.2567	0.263422	6
3237	14.0744	13.8486	0.298478	6
3241	14.8497	11.9282	-0.339468	6
3242	13.5872	16.0935	0.203271	6
3243	13.3107	15.2328	0.00582111	6
3249	13.7798	3.24979	0.638481	6
3250	12.6094	9.63642	0.163639	6
3265	13.0351	4.72817	0.685939	6
3302	13.3408	16.1016	-0.077458	6
3303	13.5386	7.17101	-0.465794	6
3304	14.1225	15.8988	0.244161	6
3309	13.9516	13.849	-0.276005	6
3310	12.688	7.56319	-1.06714	6
3343	14.0851	24.0235	-0.120241	6
3353	12.6851	4.79222	0.684779	6
3358	12.6657	5.52216	0.595539	6
3361	14.9264	15.0877	0.987918	6
3371	14.5756	5.05132	-0.269937	6
3372	14.5054	4.94029	-0.24119	6
3375	13.1204	12.153	0.507658	6
3420	13.9684	13.1754	-0.256984	6
3424	13.5329	19.6404	-0.0472019	6
3443	14.2035	5.22921	-0.131721	6
3451	13.5971	5.01794	1.00497	6
3458	12.6671	13.1331	-0.310831	6
3461	13.8783	2.29046	-0.554567	6
3467	13.8002	9.40254	-0.316367	6
3480	14.4593	15.0855	0.689833	6
3481	13.4528	19.5675	-0.515606	6
3482	13.5076	14.6979	0.0326802	6
3483	12.9944	14.8402	-0.00592156	6
3489	14.2614	19.5016	-0.720592	6
3492	12.9933	4.92801	0.116044	6
3508	13.0371	17.2339	-0.244894	6
3513	13.1976	15.2492	-0.495165	6
3515	13.8289	14.4486	0.103929	6
3532	14.5923	3.26586	0.615895	6
3541	13.3426	4.73127	0.867811	6
3548	12.7453	12.5222	-0.0281878	6
3558	13.6388	3.52714	1.09919	6
3584	14.8714	12.2194	0.197251	6
3586	13.621	2.15271	0.606444	6
3591	14.5489	0.0251358	0.900578	6
3608	13.9197	5.46136	0.0372684	6
3634	13.1135	24.6846	0.52604	6
3636	14.2259	14.967	0.193852	6
3694	13.3482	16.552	0.442334	6
3695	12.9132	16.5678	0.0759053	6
3706	13.9153	15.2789	-0.35578	6
3738	14.9975	22.1265	0.521163	6
3763	14.7284	10.2687	0.881063	6
3772	13.4734	6.72926	-0.201659	6
3780	13.0264	15.0395	-0.285493	6
3781	12.9522	14.948	0.211045	6
3782	12.5368	15.1435	0.0138579	6
3784	12.5505	11.7626	0.440514	6
3790	14.7244	20.8703	-0.530609	6
3791	13.7704	16.7372	0.268373	6
3794	12.5842	20.3963	-0.727977	6
3795	13.2783	13.4147	1.28476	6
3823	13.6397	17.203	0.190831	6
3852	13.5945	7.40691	0.0726577	6
3854	13.2676	13.5077	-0.0740132	6
3858	14.5302	8.82248	0.174822	6
3871	13.0923	3.42082	0.606577	6
3872	12.5166	3.40143	0.329162	6
3903	13.6735	21.5937	-0.229399	6
3910	13.4915	23.3261	0.800608	6
3912	12.6029	11.5152	0.668629	6
3914	13.3044	7.01735	0.296328	6
3920	14.5906	18.335	-0.410109	6
3926	12.7363	2.43277	-0.654688	6
3930	14.4458	22.9585	-0.684208	6
3938	14.7071	3.35355	0.351634	6
3939	14.5122	20.4726	-0.305882	6
3953	12.5972	0.950384	0.0128411	6
3954	13.3581	0.934722	0.0585848	6
3955	12.5008	0.820562	0.172756	6
3957	14.6043	1.43376	-0.118183	6
3960	13.3277	10.0925	-0.233252	6
3961	13.3732	10.0755	-0.394957	6
3962	13.4482	10.3136	-0.0192404	6
3989	14.4649	11.7554	0.0791437	6
3993	14.9841	16.7606	-0.124538	6
4087	13.9263	3.22187	-0.223656	6
4090	12.5624	4.56146	0.257276	6
1	17.0597	20.6383	-0.0844708	7
3	15.1827	2.7064	0.156481	7
22	15.094	2.81718	-0.373423	7
31	17.1426	15.8824	0.0641137	7
45	16.6482	8.32081	0.568013	7
50	16.3989	1.66227	-0.0412749	7
67	16.4098	2.99398	0.501817	7
73	17.3805	18.4446	-0.0713032	7
82	16.3993	9.06949	0.532768	7
85	15.278	19.8862	0.265277	7
101	17.2586	16.1005	0.486185	7
107	15.5267	7.83571	0.295009	7
108	16.6204	4.47696	0.172693	7
120	15.8428	17.9255	0.273713	7
121	15.6456	11.9163	0.601077	7
126	16.5142	9.91104	-0.0080717	7
145	15.7679	11.9649	-0.0630392	7
153	16.7349	24.4729	0.179097	7
160	16.6863	13.2399	-0.631968	7
165	16.3611	22.2814	1.0925	7
169	15.7874	24.3828	0.0981228	7
174	16.0443	11.6263	-0.0154324	7
182	15.4756	1.55703	-0.203439	7
194	15.2317	5.61716	0.0322021	7
197	16.4796	21.3293	-0.257177	7
202	15.3102	15.012	0.244466	7
207	16.8286	12.4545	0.144104	7
226	17.1497	20.1283	-0.204141	7
248	16.1185	6.56939	-0.527983	7
254	16.0648	1.61573	0.644231	7
263	17.1945	24.7889	0.94537	7
275	17.2691	13.7256	-0.110241	7
286	16.3572	5.50921	-0.0285367	7
322	17.1338	9.11665	0.574408	7
327	15.1998	7.62981	-0.174034	7
328	15.0624	24.3859	-0.386396	7
335	16.0367	9.82881	0.369982	7
345	17.2457	20.4984	-0.109035	7
354	15.2273	13.1026	0.132509	7
361	15.2299	20.7719	0.360076	7
369	16.9168	23.7444	-0.458136	7
371	15.9612	14.1369	-0.0130583	7
387	17.2174	12.6476	0.548119	7
403	17.4279	4.60709	-0.453727	7
405	15.825	1.63026	-0.321262	7
407	15.4576	24.0439	0.813894	7
410	17.1199	16.6078	0.0531714	7
419	16.4988	11.1357	0.188873	7
428	16.9866	8.24507	0.321468	7
434	15.974	20.6765	0.418101	7
438	17.297	13.6072	-0.0962777	7
468	16.7555	3.09491	-0.324975	7
486	16.0675	15.5646	0.146714	7
506	15.981	0.474055	0.757464	7
513	15.3867	16.9586	0.20239	7
521	16.3333	19.1923	-0.183557	7
529	16.7483	20.7287	-0.0235491	7
530	16.6743	24.8967	-0.149149	7
534	16.188	3.68063	-0.222932	7
536	16.9535	11.1504	0.348866	7
539	15.1418	21.6648	-0.20935	7
560	15.8032	8.52909	0.152196	7
578	15.2183	9.37638	-0.368617	7
600	15.0974	0.000634409	0.666046	7
612	16.0619	21.9267	0.910537	7
647	17.1695	13.7981	0.121949	7
652	17.4718	7.73867	0.812001	7
653	16.4808	7.25393	0.751535	7
655	15.5058	13.4722	-0.0421569	7
656	15.0306	6.81212	-0.34491	7
657	17.0477	13.6383	0.516445	7
688	15.0246	21.891	0.181295	7
689	16.0053	19.4043	-0.289748	7
691	15.8196	7.97093	0.234548	7
694	16.4865	4.31336	0.296097	7
723	17.0127	4.96908	-0.57061	7
732	16.0264	17.2361	0.204925	7
760	16.9094	19.4571	0.134253	7
769	16.8419	18.3718	-0.54994	7
772	16.0083	22.0152	-0.208193	7
779	17.3712	0.678165	-0.488537	7
780	16.8631	9.45843	-0.172748	7
789	17.3496	3.26527	0.259862	7
802	17.0096	16.9196	0.473107	7
803	16.9499	7.80574	0.202923	7
808	15.7961	23.4667	0.329409	7
812	15.8462	9.11922	-0.336215	7
814	15.6365	1.6283	0.0739049	7
837	15.7513	16.7927	-0.864732	7
886	15.5255	16.2584	-0.161938	7
890	15.2828	23.217	0.766854	7
902	16.5451	2.87627	-0.646405	7
938	16.7656	1.34517	-0.39965	7
954	16.6879	15.5621	-0.644236	7
957	15.5109	5.81879	-0.35083	7
962	16.534	0.262305	-0.0133585	7
963	15.3186	19.9448	0.0355184	7
965	15.8612	9.64978	0.499885	7
967	16.9884	19.5352	-0.0802757	7
969	15.4253	20.0576	-0.312316	7
970	16.4844	0.40821	0.0415393	7
994	16.4027	20.7601	0.284415	7
1007	17.0122	17.899	-0.525091	7
1014	15.1032	14.821	-0.230315	7
1042	15.7512	2.2421	-0.201166	7
1044	16.5373	0.346766	0.882675	7
1047	16.347	21.6461	-0.14585	7
1048	17.0402	0.624668	1.08637	7
1071	16.167	1.65588	-0.395027	7
1077	15.0367	21.5121	-0.376077	7
1085	16.9101	16.6636	-0.392644	7
1086	17.207	18.3747	0.849231	7
1094	15.8128	15.8886	-0.109423	7
1095	17.1983	23.3352	-0.744295	7
1117	17.1701	0.772476	-0.0408184	7
1118	15.9913	0.459556	0.0273544	7
1120	16.4017	23.5495	-0.251667	7
1121	16.0544	22.334	-0.15643	7
1122	15.8373	24.7357	0.902672	7
1126	15.481	21.1435	0.0242887	7
1130	15.4848	22.6751	0.646502	7
1138	16.7512	4.14424	-0.219343	7
1140	15.2664	8.67669	0.0336712	7
1158	16.4078	21.318	-0.189775	7
1159	15.8512	14.8111	-0.621321	7
1165	17.1501	14.4255	-0.408036	7
1180	16.6298	3.16834	-0.329915	7
1183	16.5802	16.4658	0.314844	7
1184	17.2761	15.1445	-0.202681	7
1197	15.133	5.15438	-0.434844	7
1205	15.8488	2.20595	-0.0409799	7
1210	15.8033	15.4102	-0.836056	7
1214	16.8437	5.54982	0.381206	7
1216	16.3288	13.2138	-0.0803421	7
1233	16.8413	24.2642	0.00607442	7
1234	17.2875	10.0105	1.08494	7
1254	17.3355	11.6293	0.0463161	7
1277	16.6894	6.15108	-0.425726	7
1282	16.1572	11.0973	-0.289667	7
1292	16.5183	2.68051	-0.0195243	7
1293	16.7044	19.7102	0.260558	7
1305	16.6017	24.5033	-0.161042	7
1320	15.0545	2.47544	0.0293879	7
1336	15.9394	6.49312	-0.51501	7
1376	16.1516	21.9178	-0.154484	7
1381	16.9859	12.4485	0.861427	7
1384	15.0408	14.5394	0.199981	7
1392	15.8925	5.7232	0.172236	7
1402	17.1552	8.63209	-0.337986	7
1406	17.47	10.9257	0.0178927	7
1414	16.6963	5.37628	-0.0795219	7
1430	15.8372	18.2784	-0.695842	7
1441	15.6405	5.47493	-0.152852	7
1447	17.0958	1.01554	0.831284	7
1448	15.4146	12.9619	-0.0706227	7
1456	15.5276	8.79385	0.0443971	7
1458	16.0766	12.3956	-0.737965	7
1460	16.606	12.1778	0.0549406	7
1469	16.4232	18.3486	0.275543	7
1472	15.7814	13.5602	0.487961	7
1480	17.1478	16.1862	-0.320875	7
1503	17.3328	2.84698	-0.0958463	7
1517	17.1668	6.92027	-0.153503	7
1525	16.1979	2.05378	-0.0542843	7
1527	15.037	22.1316	0.223229	7
1538	17.2575	0.729166	0.141495	7
1557	15.4673	13.3866	0.357128	7
1558	15.4665	14.733	0.261253	7
1559	15.1571	1.22646	0.282674	7
1560	17.2313	13.7917	-0.175343	7
1564	15.383	13.133	-0.310023	7
1566	17.2697	17.0315	-0.183754	7
1567	15.1517	23.9549	0.537945	7
1578	16.1588	4.30152	-0.40821	7
1583	15.5322	2.16429	0.0883336	7
1595	17.2718	8.64842	-0.0255123	7
1599	17.2472	2.02359	0.36157	7
1602	15.1611	1.65791	0.109383	7
1608	15.1172	9.60579	1.10365	7
1613	15.6462	6.8978	0.090814	7
1618	15.3698	4.13043	-0.223082	7
1631	15.855	4.77472	-0.55912	7
1633	15.5906	15.0143	0.201014	7
1634	16.0116	11.5261	0.111632	7
1653	15.666	17.2318	-0.502218	7
1667	16.2129	15.8652	-0.0802286	7
1673	15.7826	21.251	0.942564	7
1690	16.797	16.1524	-0.669026	7
1691	17.307	8.01372	0.0499813	7
1696	16.5227	19.7534	0.0782367	7
1697	17.4158	4.79915	0.130292	7
1718	16.5599	19.7857	0.307186	7
1726	16.1318	23.3977	-0.160229	7
1730	17.4117	1.01045	0.707825	7
1765	15.945	9.59325	0.64161	7
1770	15.6889	6.69744	-0.368566	7
1779	16.0768	2.16579	0.995549	7
1780	16.3932	2.43574	0.639678	7
1786	17.3717	17.0028	-0.0479007	7
1795	15.8148	1.62627	0.537062	7
1798	17.2387	18.6451	-0.318614	7
1802	16.4395	4.58151	-0.229925	7
1814	16.8922	12.4743	-0.250379	7
1822	17.2121	22.4331	0.458411	7
1837	16.9421	1.53035	-0.695985	7
1839	15.2763	24.9347	0.214069	7
1841	16.8452	5.17098	-0.582533	7
1845	15.5771	19.7533	0.656015	7
1846	16.3682	10.4006	0.459388	7
1847	16.1561	9.34814	0.947631	7
1852	15.2806	19.4165	-0.490822	7
1857	15.1574	21.8869	0.0895468	7
1864	17.2059	3.3071	-0.27008	7
1893	16.494	8.86506	0.12147	7
1935	15.6375	0.615054	0.564037	7
1940	17.2167	0.622839	0.194763	7
1949	16.022	18.0885	0.0477907	7
1978	17.0256	14.8861	-0.374705	7
1980	15.7328	20.9227	-0.0481626	7
1981	16.1326	23.1145	0.105349	7
1987	17.0966	22.2913	-0.0597049	7
2002	15.5315	11.0293	0.130568	7
2003	16.9712	23.7583	-0.204719	7
2004	16.4263	9.70784	0.0690928	7
2010	15.4479	9.22628	0.0319322	7
2017	15.6302	5.01646	-0.490119	7
2021	17.3136	6.80645	-0.606665	7
2029	15.7373	15.6575	0.173738	7
2046	15.4573	4.56133	0.544547	7
2048	16.19	12.4822	0.109628	7
2073	16.4237	17.7429	0.0101875	7
2076	15.5093	2.62133	-0.498378	7
2099	17.2104	10.3955	0.478274	7
2100	16.9671	12.8342	0.181525	7
2118	16.4442	5.6767	0.334234	7
2129	15.7902	15.7671	-0.0571346	7
2132	16.5102	17.9617	-0.393871	7
2141	16.1432	2.99597	0.260763	7
2142	16.7451	17.0607	-0.0987271	7
2162	16.8126	15.4894	0.554059	7
2175	16.4104	15.849	-0.343247	7
2205	15.6313	3.59679	-0.161228	7
2212	16.8933	12.5461	0.180904	7
2222	15.4689	16.9043	-0.160359	7
2232	16.179	17.7761	0.213881	7
2237	15.9973	24.1604	-0.474143	7
2253	17.4276	11.9508	-0.103071	7
2264	16.5689	6.90096	-0.2328	7
2298	16.8294	13.0268	0.214715	7
2300	16.7318	16.7118	0.639963	7
2314	15.0668	10.9929	0.133865	7
2324	15.4962	20.0219	0.394608	7
2333	17.3559	21.2102	-0.565158	7
2335	17.1764	2.73747	-0.359923	7
2353	15.6416	14.5973	-0.272131	7
2360	16.0039	6.03545	-0.732476	7
2362	16.0405	24.889	0.0261735	7
2363	15.8641	15.7089	0.646428	7
2386	15.9077	15.5733	0.107939	7
2395	17.3127	13.0249	0.326755	7
2396	17.3452	17.6811	-0.228754	7
2410	15.2654	10.2834	0.453435	7
2423	15.1352	12.6513	0.092486	7
2446	15.5506	3.01776	0.159652	7
2457	17.1004	21.1131	0.0771704	7
2462	16.9566	4.46894	-0.295174	7
2463	16.1859	7.52635	-0.0892382	7
2479	15.558	11.6543	-0.0413389	7
2489	16.9162	13.1321	0.373681	7
2494	17.2708	23.6604	0.169975	7
2505	16.2366	14.8248	-0.311125	7
2513	16.7527	2.38084	0.760346	7
2514	16.968	6.07534	-0.0580071	7
2532	15.6073	3.64906	0.0686672	7
2538	17.3406	16.9531	0.11034	7
2539	16.6583	22.4168	0.458686	7
2542	17.4728	23.8105	0.333403	7
2574	16.2805	19.9812	0.255985	7
2582	15.5074	17.5975	0.160066	7
2600	16.9684	17.3736	-0.0527926	7
2613	16.7384	13.7852	-0.12774	7
2625	15.0898	4.18235	0.847611	7
2627	15.0796	17.73	0.665295	7
2630	15.1966	8.52021	-0.249354	7
2635	15.06	17.6458	-0.532815	7
2648	16.1652	5.22587	0.197539	7
2649	15.3332	3.19725	-0.477051	7
2657	16.6689	12.135	0.544221	7
2667	16.4245	13.2818	-0.0314448	7
2672	16.5963	12.9801	-0.0519536	7
2677	15.5304	2.69799	-0.428059	7
2685	16.9468	7.7727	-0.267068	7
2693	16.4427	21.8432	0.276776	7
2694	15.9057	22.711	0.371448	7
2696	16.4487	0.497134	-0.130904	7
2701	15.2599	12.4677	0.00832956	7
2707	15.3395	15.3076	0.151199	7
2721	15.9611	9.57249	0.0386323	7
2722	16.3695	10.5622	1.06925	7
2730	17.1753	15.7693	0.693363	7
2752	17.2227	15.9336	0.296948	7
2766	15.2425	5.86934	-0.0936409	7
2781	16.6596	21.9748	-0.363004	7
2800	15.9175	4.81972	-0.292731	7
2825	16.5176	4.05247	0.0558392	7
2832	17.2998	8.5608	0.0478314	7
2843	16.4331	7.96273	-0.629422	7
2850	16.3079	24.2706	0.198637	7
2851	17.013	3.05557	-0.845591	7
2855	16.8418	1.49032	0.77361	7
2881	15.6493	24.3546	-0.0611875	7
2891	16.9591	20.6757	-0.420361	7
2892	17.3715	20.7539	0.137734	7
2910	16.939	21.8164	0.111469	7
2913	16.2555	24.1466	0.98996	7
2916	15.4757	24.9483	-0.0714294	7
2938	15.7306	16.7976	-0.152006	7
2945	17.4343	15.3537	-0.0872402	7
2954	16.2553	4.91114	-0.587177	7
2967	16.7175	2.19547	0.0673071	7
3007	16.8324	13.3663	-0.251969	7
3019	15.5142	21.4949	0.257596	7
3025	15.7208	9.36814	-0.302716	7
3043	15.0858	3.59005	-0.0423549	7
3054	15.4323	6.80944	-0.0873178	7
3064	16.2647	16.5027	0.740631	7
3086	15.5423	10.2857	0.161092	7
3091	15.6828	7.66352	-0.0540352	7
3094	15.6015	6.09434	0.217212	7
3107	17.0496	10.2633	0.445427	7
3111	15.2802	10.6047	0.0131827	7
3125	16.794	16.2406	0.279528	7
3133	15.0178	10.7718	1.46983	7
3184	17.0768	2.35426	0.499804	7
3185	16.6045	13.7111	0.446	7
3189	15.8181	8.29743	0.180679	7
3195	17.3086	14.7968	-0.957187	7
3226	15.8944	5.0899	-0.100813	7
3234	15.906	17.0037	-0.315739	7
3235	16.0554	17.8163	0.18329	7
3263	15.5205	3.4922	0.201387	7
3264	15.3566	9.5045	0.0457488	7
3277	15.9102	18.5413	-0.02661	7
3283	15.5399	20.4157	0.278733	7
3285	15.1908	13.4911	-0.240257	7
3311	16.3225	5.48766	0.288976	7
3317	16.4214	8.95462	0.125802	7
3331	15.9086	4.79264	-0.558656	7
3341	16.4278	21.8065	0.209935	7
3354	17.089	15.3479	-0.121878	7
3363	15.2418	14.4382	0.53342	7
3370	16.9731	23.3579	0.444975	7
3383	17.4069	24.2623	0.33322	7
3393	15.9814	10.807	0.486842	7
3395	15.9365	12.5075	0.480217	7
3400	17.2595	2.85941	-0.176981	7
3408	15.8237	10.3013	0.0708487	7
3412	16.1242	24.2332	-0.420723	7
3435	15.2469	12.6174	-0.412744	7
3469	17.1606	2.5673	0.0770641	7
3490	15.4013	24.6795	0.187706	7
3491	15.2307	24.3405	-0.17308	7
3493	15.7512	3.99855	-0.298732	7
3496	15.9835	24.7554	0.0314129	7
3498	17.4906	14.7672	0.632059	7
3514	15.1267	12.5595	-0.120602	7
3549	15.0096	5.75219	0.245928	7
3561	15.7591	22.8591	1.32318	7
3562	16.1348	23.0411	0.00612544	7
3574	15.3901	0.807763	1.0234	7
3576	15.8746	22.8514	-0.340377	7
3579	15.5137	14.9346	-0.521654	7
3590	15.1058	0.830165	0.677105	7
3604	15.6607	18.806	-0.544101	7
3611	16.1514	8.96372	-0.244072	7
3633	16.3566	18.0636	0.466253	7
3652	17.4611	16.5553	0.127904	7
3655	15.8635	4.71338	-0.270712	7
3657	16.8856	19.5152	-0.197457	7
3660	16.201	10.4016	0.0591094	7
3670	16.8323	10.3885	0.39123	7
3672	15.5272	13.8135	-0.294862	7
3693	16.8917	12.6991	0.0284525	7
3709	15.7056	7.51759	0.108203	7
3721	16.9888	2.33226	0.161049	7
3731	15.7448	19.6148	-0.445571	7
3737	15.8225	2.52435	-0.0324111	7
3762	17.0556	17.879	-0.318013	7
3786	15.7198	20.4401	-0.914619	7
3787	16.0028	19.945	-0.194859	7
3804	16.0778	17.1525	0.270556	7
3806	16.7783	0.561444	0.476369	7
3807	16.1341	0.443722	0.15281	7
3828	17.0474	3.40486	0.443432	7
3835	15.8953	18.7272	-0.603662	7
3836	17.433	23.9071	-0.149405	7
3837	15.9904	9.10208	-0.490549	7
3840	17.0515	1.46677	-0.16025	7
3850	16.5173	17.4996	0.237727	7
3866	16.2956	12.2336	0.0864973	7
3879	16.0143	13.058	0.884335	7
3889	16.5652	16.3019	0.826282	7
3917	16.5462	9.37323	-0.0967095	7
3943	16.9423	0.493639	0.354564	7
3944	16.5774	6.80265	0.188121	7
3947	16.9938	15.0518	-1.03284	7
3956	16.4801	4.30477	-0.926648	7
3974	15.9339	9.58208	0.336151	7
3997	16.3476	12.27	-0.413006	7
4003	17.0843	3.08964	0.70832	7
4007	17.3768	10.4609	0.209145	7
4010	15.1642	15.2139	0.352103	7
4014	15.4814	7.5788	0.337725	7
4020	15.1066	7.01336	-0.15068	7
4033	16.5725	3.35983	-0.68065	7
4046	16.1224	9.53967	-0.25743	7
4055	15.6111	1.88318	-0.24644	7
4058	16.0992	22.3427	0.123499	7
4065	16.1864	22.1333	0.653505	7
4069	17.1863	2.52372	-0.139188	7
4072	15.3119	6.71264	-0.0245772	7
4092	16.1027	17.6112	-0.321127	7
4095	17.0823	11.994	-0.186234	7
2	17.7735	6.23998	-0.287894	8
9	19.5622	19.4919	0.375832	8
11	17.6659	1.31675	-0.577931	8
13	17.6302	21.1663	0.409917	8
19	18.132	3.49091	-0.088445	8
20	19.3637	9.35276	-0.464037	8
28	19.6596	0.259987	0.150611	8
29	19.0978	8.5771	0.291765	8
35	18.2671	2.9009	-0.320852	8
44	18.6551	2.8659	-0.190577	8
52	19.6616	14.9418	0.257865	8
61	18.9246	12.3642	-0.190986	8
69	18.6833	11.628	0.833658	8
80	18.3684	16.9651	-0.451305	8
92	18.6739	19.5598	0.487728	8
93	19.9513	24.2604	0.0463173	8
98	19.1367	11.5636	0.55402	8
103	18.7844	11.9187	-0.463781	8
104	19.7825	22.9395	0.299504	8
105	18.648	18.1963	0.442625	8
106	17.5576	5.99385	0.697149	8
116	18.7161	24.5783	0.0810999	8
122	17.5418	10.2269	-0.540771	8
127	17.8792	9.65447	0.474588	8
131	18.0175	8.12634	-0.521724	8
142	19.6306	5.31083	-0.0725432	8
175	19.1061	19.0527	0.142612	8
180	18.8428	8.8803	-0.06493	8
185	18.5851	3.33769	-0.211978	8
190	19.1097	5.76223	0.178	8
191	17.9723	7.39457	-0.0875796	8
204	18.7924	18.5858	-0.580907	8
212	19.0719	15.5286	-1.0857	8
216	18.5398	7.42352	-0.0621729	8
237	18.0913	21.381	-0.274431	8
249	18.5356	21.837	0.0479069	8
253	18.2977	2.71017	0.0916223	8
271	18.2595	11.0748	-0.072689	8
279	19.846	20.428	-0.0509914	8
299	19.6147	9.31523	-0.22797	8
301	17.7161	23.6838	0.312941	8
312	19.039	7.04368	-0.239935	8
315	18.254	15.7703	-0.515936	8
326	19.3699	1.62154	0.0514995	8
331	17.8334	17.1334	0.881077	8
347	17.8091	11.6003	-0.130841	8
358	18.2514	5.89045	0.360129	8
379	19.6903	2.06631	0.0610959	8
385	18.4144	11.1814	-0.30024	8
392	17.7399	1.95377	0.095102	8
397	17.7586	4.39237	-0.350541	8
404	18.236	8.72254	-0.0488019	8
426	18.0443	8.54612	0.203263	8
427	19.6039	5.28298	-0.474353	8
446	19.9223	23.0575	0.576955	8
450	19.4003	7.08525	-0.459171	8
452	17.9328	0.979705	-0.8134	8
489	18.4852	9.16341	-0.183456	8
490	19.2224	24.4406	0.092895	8
508	17.8512	17.3609	0.0747583	8
510	18.1816	13.3413	0.126576	8
511	18.3013	8.22832	-0.898653	8
517	18.9378	15.2295	0.387918	8
519	19.9919	4.78487	-0.451897	8
527	18.9465	2.42407	-0.192162	8
540	18.5995	6.58064	0.812864	8
546	19.6649	1.64698	-0.89626	8
554	19.6702	6.0158	0.87913	8
566	19.243	17.5512	0.550386	8
573	18.7291	15.2401	0.453087	8
590	19.779	12.3717	-0.143916	8
603	18.4891	10.6498	0.424325	8
608	17.9582	19.2282	-0.417159	8
609	18.3514	21.6973	-0.16139	8
617	18.8244	21.2578	0.0941454	8
650	18.6449	18.7916	-0.134774	8
671	18.0823	22.2766	-0.438371	8
682	19.2972	16.2858	-0.269563	8
702	17.7983	19.9163	-0.457332	8
707	19.4272	2.57267	-1.09178	8
715	19.7828	12.5831	0.263695	8
718	18.6953	8.92204	0.0318131	8
722	19.32	17.0181	0.348354	8
749	17.8174	0.590365	-0.325419	8
753	18.4772	8.03793	0.0152673	8
756	17.5958	17.8531	0.109822	8
762	19.1036	8.58109	0.250686	8
765	17.6596	22.2793	0.19364	8
768	18.2943	12.8239	-0.0419705	8
793	19.6062	5.08096	0.396446	8
800	17.9502	16.1426	-0.435684	8
801	18.6942	18.5488	-0.372247	8
813	18.2221	5.24265	-0.242285	8
816	18.8269	10.8275	0.804122	8
821	17.7016	0.666709	0.640583	8
829	17.6346	20.8674	-0.11267	8
864	17.5303	6.3534	-0.073474	8
874	18.6318	21.7088	0.396862	8
899	18.4443	24.2356	0.513605	8
906	19.2599	14.6176	0.670745	8
908	17.663	15.4445	0.868839	8
917	19.385	19.119	-0.0955606	8
925	18.1096	9.39496	0.468609	8
933	19.483	2.32311	-0.445382	8
934	19.2725	22.5607	0.559317	8
944	19.6046	24.7728	-0.626958	8
948	19.2336	20.4269	0.0548615	8
950	19.9704	11.3308	0.23106	8
977	17.6965	24.0782	0.567381	8
982	17.7683	19.4155	-0.0253523	8
986	19.7832	19.3798	0.0252112	8
988	18.6281	20.1899	-0.891308	8
993	19.3957	0.244396	-0.13761	8
996	17.7032	7.0929	-0.169008	8
1000	19.9019	13.5567	-0.230621	8
1003	17.947	0.419945	0.0280361	8
1012	18.3431	12.06	-0.0901238	8
1015	19.874	14.724	-0.0541415	8
1031	18.3138	6.65633	0.082659	8
1049	18.3172	18.3484	-0.0599169	8
1060	18.9648	23.6347	-0.374639	8
1066	19.9372	3.69503	0.43935	8
1083	19.0542	9.62116	-0.130785	8
1093	17.8274	18.2048	0.00867987	8
1101	18.3746	15.6869	-0.0830799	8
1102	19.4617	24.0814	-0.776821	8
1106	19.5135	0.161049	1.37582	8
1107	19.2212	22.5651	0.840607	8
1127	19.6309	5.13778	0.0966646	8
1173	19.2141	16.421	-0.13476	8
1174	19.6296	2.7246	-0.298592	8
1203	17.7375	0.0450565	-0.463475	8
1206	19.7011	7.37568	-0.32085	8
1213	19.7197	22.3715	0.376637	8
1252	18.8514	19.9428	0.0566267	8
1253	17.9648	20.5223	-0.287818	8
1257	18.503	12.5897	-0.817857	8
1266	17.741	5.39088	1.05444	8
1283	18.075	5.30331	-0.16892	8
1294	18.0598	19.9674	0.00842419	8
1300	19.5417	20.8944	0.0674248	8
1315	19.0433	18.2151	0.464086	8
1335	17.958	12.5798	0.0504545	8
1340	17.9373	7.65077	-0.597257	8
1350	18.2763	14.2407	-0.0409298	8
1358	18.9132	1.66197	0.453878	8
1359	18.4852	0.686789	0.18262	8
1360	18.6024	22.9604	0.394405	8
1368	17.8795	22.0794	0.2662	8
1375	18.9068	8.92688	-0.106208	8
1377	17.898	10.6711	0.0764904	8
1397	19.2559	10.5208	0.0443425	8
1398	18.6046	1.20555	-0.374383	8
1413	18.3724	9.21773	0.743794	8
1428	18.858	14.2511	-0.486362	8
1434	19.2326	13.6643	0.0873253	8
1481	18.5545	2.39837	-0.147235	8
1485	19.2386	21.5413	-0.714933	8
1486	18.0111	21.5824	0.0626218	8
1502	18.9518	17.0848	-0.447748	8
1511	17.6101	24.3827	-0.115349	8
1516	18.1825	4.36971	-0.554471	8
1520	18.3998	15.3354	0.446851	8
1531	19.0941	4.73386	-0.596969	8
1540	18.9691	18.9224	-0.0896836	8
1553	19.9967	2.54526	0.110417	8
1568	19.3911	0.727168	-0.350115	8
1584	19.7569	13.8785	0.613088	8
1588	17.6119	18.2683	-0.0227434	8
1589	17.8134	5.67753	-0.165456	8
1627	19.3616	14.8072	-0.536423	8
1637	19.6697	19.7571	-0.217321	8
1656	18.5415	7.85676	0.169016	8
1660	18.4377	13.383	0.501584	8
1663	17.7886	9.93395	-0.296228	8
1665	19.2046	18.199	-0.279684	8
1674	18.9226	20.5482	-1.23712	8
1687	18.6502	14.6141	0.351999	8
1689	19.8002	21.2039	-0.157089	8
1693	18.7269	12.9195	0.24184	8
1701	18.7962	0.248305	0.694315	8
1710	18.4928	3.82734	-0.367408	8
1720	18.3036	4.26597	-0.739868	8
1733	19.3449	6.52143	-0.444085	8
1752	18.9533	2.34621	-0.515683	8
1784	19.8515	19.2265	-0.747151	8
1791	18.0243	1.97298	-0.397367	8
1801	18.5606	23.7536	0.217489	8
1811	19.7881	11.5023	-0.448098	8
1812	19.0759	9.81689	0.192294	8
1824	18.7989	18.4196	0.0127423	8
1843	18.1853	4.42988	0.56422	8
1862	19.0675	15.8546	0.113778	8
1866	18.4399	17.5432	-0.300382	8
1885	19.2191	19.7356	-0.0250369	8
1891	19.1735	2.27329	0.684223	8
1896	17.6265	7.89609	-0.267451	8
1897	17.8053	6.98871	0.0825401	8
1901	18.4078	8.54345	0.365858	8
1905	18.1561	3.53976	-0.189683	8
1936	18.8655	13.3286	0.13435	8
1944	17.8155	12.5068	0.277522	8
1954	17.5512	15.1112	-0.381849	8
1958	17.8451	20.6179	-0.200627	8
1959	18.6655	6.40856	-0.294876	8
1967	19.5689	17.6839	-0.446798	8
1971	18.7749	13.1407	0.0325381	8
1982	18.8294	2.40884	0.256904	8
1983	19.5975	2.98869	-0.0152175	8
1993	17.8602	7.89978	-0.749626	8
2026	18.6481	20.0655	-0.0527093	8
2033	18.2411	10.1956	-0.219871	8
2035	18.2701	15.5591	0.50413	8
2038	19.1819	7.37986	-0.587272	8
2042	18.7708	8.44564	0.873251	8
2047	17.5131	11.4159	0.429521	8
2057	17.5657	18.9425	0.289825	8
2064	19.1778	11.0106	0.444005	8
2070	18.8432	1.34867	0.425267	8
2098	19.2044	20.336	0.206639	8
2110	19.1551	18.3244	-0.229367	8
2131	18.3986	10.1653	-0.634986	8
2137	19.2169	0.719227	0.689268	8
2153	18.8842	2.65781	0.827123	8
2173	18.9666	5.97358	-0.454884	8
2176	18.0169	21.9061	-0.453338	8
2178	18.617	4.78573	1.06004	8
2203	19.2114	22.4219	-0.119838	8
2207	18.1595	14.5972	-0.738411	8
2223	18.9125	4.55905	-0.425697	8
2227	18.4565	4.35423	-0.101439	8
2229	18.0266	5.23605	-0.614442	8
2230	19.3901	6.50412	0.109514	8
2239	19.2968	15.0327	0.144768	8
2240	19.6228	20.4387	0.420613	8
2243	17.9434	21.4967	0.470106	8
2245	19.2921	3.68147	0.156084	8
2254	19.5751	23.7027	0.854528	8
2259	18.0052	8.5593	0.0839112	8
2266	18.3432	11.8217	0.229155	8
2267	19.7196	13.225	-0.562909	8
2269	17.8724	17.8799	0.150404	8
2277	19.4182	15.5107	0.106843	8
2311	19.6714	16.6667	-0.244156	8
2346	19.784	13.213	-0.166298	8
2347	19.5925	9.14433	0.592676	8
2364	19.7844	20.7392	-0.222928	8
2368	17.8768	7.4098	0.143329	8
2373	17.7637	5.1462	-0.583292	8
2384	19.5601	10.9709	0.347561	8
2388	19.0054	10.4121	-0.417699	8
2400	17.8404	21.8038	0.0952951	8
2403	17.7787	21.2055	-0.27333	8
2412	18.6955	5.46798	0.462723	8
2432	18.033	18.6587	-0.0440846	8
2451	19.1414	4.65596	-0.330502	8
2469	19.544	20.5968	0.310574	8
2493	17.5609	24.1872	0.55803	8
2495	18.2078	23.4238	0.872448	8
2500	19.2658	2.68624	0.527439	8
2508	17.5502	20.7144	0.407713	8
2509	18.9449	5.25453	-0.44986	8
2521	18.0313	1.28398	0.178334	8
2523	19.6832	11.0314	0.613642	8
2558	18.0075	9.84917	0.518515	8
2559	18.0343	9.79913	0.454207	8
2560	18.8046	10.6042	-0.427389	8
2578	19.8643	23.497	-0.368864	8
2585	19.7657	3.42285	-0.921556	8
2593	19.5381	13.8788	-0.0970698	8
2596	19.3199	2.27584	-0.0611574	8
2645	18.6193	24.1588	-0.240111	8
2653	17.5566	1.29887	0.368261	8
2656	17.6738	11.6417	0.843669	8
2662	18.9389	16.7549	-0.253855	8
2688	18.1049	9.03765	0.0192875	8
2691	19.2596	24.8312	-0.354546	8
2700	18.8993	14.2994	-0.599755	8
2709	19.5	12.4206	-0.701991	8
2714	18.7589	4.69095	-0.360642	8
2717	19.8176	0.289311	0.268282	8
2723	17.5807	0.387237	0.639995	8
2727	19.1121	5.20531	0.226247	8
2733	17.6097	5.50252	-0.0160215	8
2734	18.8253	5.39207	-0.131019	8
2738	19.2713	13.6693	0.408049	8
2748	19.4441	6.80227	0.318329	8
2756	19.7841	20.4728	-0.240782	8
2759	18.906	16.1846	0.172938	8
2767	19.0351	15.9153	0.452174	8
2790	19.1411	20.8302	0.546529	8
2801	18.3847	20.166	-0.140097	8
2821	17.9731	14.9208	-0.544335	8
2828	18.2165	2.86074	0.197041	8
2865	19.7406	15.9775	0.34471	8
2876	19.9972	14.6656	-0.682946	8
2877	19.8369	14.7538	-0.0364738	8
2893	17.5556	19.7109	-0.477304	8
2895	18.0611	9.05829	-0.521488	8
2897	17.8974	1.15928	-0.296747	8
2899	19.4455	24.9422	-0.727194	8
2903	19.4318	21.1849	0.594739	8
2908	19.3068	17.8244	0.0544928	8
2918	18.404	7.20282	-0.152749	8
2930	17.8203	13.1718	0.0662268	8
2931	18.0468	17.3726	0.0829119	8
2955	18.0048	4.8222	0.29673	8
2958	18.7022	14.6813	0.309496	8
2981	18.0171	13.3092	0.602348	8
2984	19.6205	2.37111	-0.702474	8
2988	17.834	2.52104	0.157856	8
3005	18.0266	6.95607	-0.161325	8
3013	19.3229	17.0056	-0.0452903	8
3027	19.9692	15.1034	-0.937473	8
3036	19.6489	22.2198	-0.268284	8
3037	18.7597	21.9876	-0.149785	8
3049	19.5894	23.2916	-0.725734	8
3060	18.3833	19.8307	-0.161886	8
3070	19.5572	4.3987	-0.491126	8
3073	17.8812	16.7939	0.247053	8
3082	18.6888	13.3947	-0.170444	8
3101	17.508	3.58812	0.303782	8
3103	17.8605	17.5879	0.397504	8
3135	18.5615	5.14541	0.684348	8
3149	18.816	23.997	0.382565	8
3153	17.6548	21.3006	-0.0578652	8
3161	18.3799	13.6888	0.352045	8
3167	18.6846	22.3315	-0.0970205	8
3170	18.4991	6.61733	-0.328017	8
3172	19.1649	7.60308	0.179273	8
3178	17.8587	19.3696	0.10246	8
3180	18.1297	22.7681	-0.1972	8
3202	18.3596	11.9079	0.626418	8
3204	19.1888	13.6017	-0.11943	8
3220	18.2276	17.1326	0.0579073	8
3240	18.7048	18.7096	0.209924	8
3259	18.117	10.0253	0.13538	8
3269	18.3786	4.57936	0.0447622	8
3271	18.0428	6.789	0.122283	8
3279	19.2563	18.7226	-0.452298	8
3289	19.8025	8.0907	0.877237	8
3290	18.5221	1.09355	-0.00578704	8
3291	18.8181	0.822116	-0.0607889	8
3294	17.5672	23.8936	0.552815	8
3301	19.9019	9.64564	-0.211282	8
3305	17.6374	13.5881	-0.91958	8
3321	19.6408	5.09498	0.486686	8
3324	19.8105	2.79868	-0.102107	8
3330	17.5935	0.826396	-0.0781814	8
3336	19.4021	0.246829	0.405501	8
3349	17.8906	15.8238	-0.396742	8
3362	17.5277	24.2567	0.158607	8
3369	19.4813	4.57008	0.0629598	8
3387	17.8768	17.5329	0.703063	8
3397	18.8658	4.26103	-0.0319871	8
3401	19.1626	5.88937	0.0568392	8
3402	17.825	9.47162	0.0171056	8
3403	19.9364	1.22728	-0.24519	8
3444	18.1805	10.7775	0.346337	8
3466	18.4477	8.17415	0.298914	8
3486	19.3214	11.4357	0.581776	8
3511	19.9188	14.1745	-1.08087	8
3512	18.4002	9.75508	0.44553	8
3519	18.0276	21.3049	-0.0522709	8
3520	19.797	20.3999	0.370973	8
3525	19.4452	7.24672	-0.0774349	8
3542	19.4319	4.92527	0.254984	8
3555	17.5218	2.31176	-0.340191	8
3557	19.654	2.08837	0.303002	8
3565	17.9408	11.7895	0.0914202	8
3566	17.9614	12.1512	0.424011	8
3569	18.3311	0.620566	-0.21335	8
3575	17.8941	2.76659	-0.0284376	8
3581	18.0908	7.31156	0.626856	8
3589	19.5176	18.1367	0.0818913	8
3598	19.4278	0.494071	0.38507	8
3600	18.0888	10.2183	0.0689726	8
3614	18.8908	21.3297	0.153309	8
3620	19.5261	19.5804	-0.744659	8
3623	19.985	19.8921	-0.390705	8
3628	17.7479	7.09674	-0.132598	8
3629	19.5058	20.8509	-0.386304	8
3630	18.8051	18.6137	-0.0676528	8
3640	18.5293	6.15289	-0.0324033	8
3642	18.8701	10.7688	0.150224	8
3643	18.8947	17.7962	-0.0906388	8
3656	19.3869	0.980694	-0.411839	8
3664	18.5415	3.29864	-0.511865	8
3665	17.6356	3.47829	-0.145957	8
3673	18.6295	5.69932	0.0258559	8
3679	18.0927	8.41105	0.100951	8
3684	19.3245	22.5868	0.691289	8
3686	19.6867	0.264121	-0.106788	8
3689	17.824	14.5439	-0.295314	8
3699	17.591	21.7341	0.556243	8
3707	18.4275	6.98025	0.636647	8
3712	18.8711	17.9086	0.307104	8
3714	18.7716	7.25797	0.142987	8
3723	17.9594	23.4853	0.051286	8
3732	19.7069	16.5769	0.306301	8
3743	18.6547	15.5815	-0.474322	8
3746	18.2176	5.78919	0.747502	8
3756	18.9108	14.8418	-0.35388	8
3760	19.311	19.3473	0.876384	8
3773	17.7495	23.6285	-0.126358	8
3789	18.2164	5.4961	-0.753725	8
3793	19.6398	15.5362	-1.23236	8
3811	19.8886	2.75882	1.20179	8
3821	19.5948	11.6277	0.558547	8
3830	18.9685	16.7668	-0.564708	8
3833	17.9227	11.1365	0.0918585	8
3839	18.1803	18.4058	0.421037	8
3870	17.7537	1.77381	0.0855461	8
3875	18.0161	24.5344	-0.379701	8
3877	19.5912	13.3411	-0.311169	8
3881	18.1786	11.0082	0.268458	8
3897	19.8761	0.0760867	0.29229	8
3928	17.9193	22.5115	0.120599	8
3933	17.9501	13.9662	-0.624641	8
3935	18.3504	7.52698	-0.051625	8
3945	19.8997	3.65749	0.014857	8
3948	18.4357	13.8955	0.606326	8
3949	18.1545	12.8045	0.713414	8
3980	19.7333	14.7643	-0.384597	8
3981	19.8878	17.7307	0.000839984	8
3985	19.7059	6.38451	-0.56747	8
3994	18.6099	17.1537	-0.0124482	8
4000	18.8637	15.6212	-0.0524575	8
4008	18.6692	19.5592	-0.316428	8
4009	18.802	20.6463	-0.0253697	8
4013	18.4564	10.4044	-0.543902	8
4019	17.834	5.36158	-0.150328	8
4024	18.7338	12.6667	0.416792	8
4067	19.8008	19.9627	-0.138758	8
4081	18.0206	22.4161	-0.278702	8
4097	18.9713	10.3396	-0.196004	8
4101	18.0185	10.3389	0.558445	8
17	22.4557	19.5471	0.754408	9
26	20.3486	3.12305	-0.442286	9
36	21.6218	7.95852	0.0203943	9
40	20.0153	22.7715	0.007002	9
47	20.8107	6.11539	-0.336357	9
51	21.0629	4.05184	1.75266	9
59	20.2752	12.7652	0.698171	9
62	20.3824	0.429794	0.434946	9
90	22.2801	17.47	0.271111	9
97	22.339	10.4348	0.0469866	9
134	20.5383	6.42631	0.224791	9
147	20.8763	15.4656	0.252862	9
157	21.159	5.69059	-0.230918	9
164	22.0846	19.842	0.343722	9
172	22.3789	0.470923	-0.428875	9
184	20.3004	3.37654	0.560206	9
187	20.7935	17.9672	-0.148571	9
192	20.7212	23.2939	-0.294916	9
195	20.9974	16.2061	-0.0172588	9
221	21.2106	20.7352	-0.305727	9
225	21.6977	18.6482	-0.672877	9
231	20.6753	9.60066	-0.097319	9
233	22.2382	7.81701	0.534937	9
235	21.8414	9.18967	-0.362214	9
240	21.2181	16.5705	-0.243387	9
241	20.6101	24.2768	-0.0814571	9
242	20.673	8.9283	-0.611975	9
250	21.888	10.3221	0.0227518	9
256	20.3998	3.94208	-0.615757	9
257	21.9381	2.1847	-0.0137332	9
287	20.3114	18.5416	0.163109	9
298	22.0713	6.62747	0.113236	9
303	21.1964	6.67678	0.0252184	9
330	20.0141	20.4414	0.0488545	9
336	21.2405	18.5113	0.645371	9
338	22.2472	12.6712	0.0991357	9
348	20.6208	5.5184	-0.595823	9
353	20.4033	21.5411	0.0197857	9
364	20.9151	5.2357	0.348706	9
365	20.4318	11.2788	-0.57108	9
376	20.412	18.5342	0.181084	9
381	20.4727	6.73846	-0.125516	9
411	21.6436	10.8913	-0.768005	9
431	22.3193	16.2064	0.676661	9
435	21.0901	7.9528	-0.207064	9
448	21.1833	11.3579	-0.199997	9
457	21.6611	8.16152	0.00453938	9
467	22.3559	22.8707	0.487086	9
480	21.8219	3.42049	-0.449472	9
500	21.7979	10.8636	0.120626	9
505	22.2206	14.4367	-0.383353	9
507	20.8571	23.2222	0.691143	9
520	21.7614	15.8058	-0.315106	9
524	21.6165	11.4283	-0.0902311	9
545	20.0238	11.7099	-1.19756	9
549	20.3921	24.3531	-0.267611	9
551	20.5944	17.9971	-0.280579	9
569	22.0451	21.2061	0.0366676	9
577	20.3428	2.01973	0.0613017	9
589	21.6705	2.73961	-0.393985	9
593	20.4189	5.83055	0.282708	9
595	21.013	18.767	-0.167028	9
597	20.9709	15.1109	-0.227671	9
615	21.0699	8.08782	0.102967	9
623	22.4379	3.25511	-0.0316032	9
633	20.5627	13.5551	-0.224922	9
634	20.5767	5.32421	-0.335474	9
636	21.9453	20.0155	0.0266483	9
640	20.5875	7.1022	0.372008	9
642	20.0853	9.43797	0.947667	9
676	21.6774	5.05094	0.0620075	9
685	21.814	12.2213	-0.0644967	9
703	21.5663	19.8238	-0.280874	9
717	20.1628	15.5231	-0.89785	9
726	20.3055	12.8209	-0.0702808	9
729	20.9953	9.00339	-0.0979529	9
731	22.3636	6.81974	0.0770338	9
735	21.1598	21.3987	-0.0320042	9
739	22.048	19.0673	0.667728	9
758	21.8966	12.6414	-0.262428	9
761	20.4915	1.47739	-0.0691254	9
790	22.4744	15.5337	0.382897	9
811	21.021	6.5878	0.246993	9
820	21.4945	13.3772	0.601148	9
836	21.1577	7.33753	-0.259295	9
839	20.6044	21.8915	0.334927	9
840	20.982	3.57134	-0.404722	9
845	22.1633	11.1373	-0.215355	9
849	22.274	23.6944	-0.335027	9
869	21.6355	0.603604	0.278287	9
880	22.4371	9.62769	-0.350262	9
892	21.1439	15.8608	-0.0973164	9
900	21.5588	4.3491	0.127468	9
911	21.3907	22.3363	0.314719	9
914	22.4805	21.9409	0.381733	9
916	21.072	13.0949	0.756172	9
927	20.3264	13.2173	-1.10254	9
939	21.5561	6.11533	0.0928354	9
945	21.2455	18.2646	0.693078	9
947	21.5958	1.37398	0.0296911	9
971	21.7359	23.9215	0.203095	9
976	20.9416	13.1023	0.852458	9
978	21.6881	4.29001	0.446618	9
1008	21.3863	3.39586	0.48622	9
1034	21.2043	13.7896	-0.454673	9
1043	22.2887	5.65247	-0.321897	9
1057	20.2485	2.86525	0.441928	9
1058	21.8362	17.8816	-0.507848	9
1059	22.3159	16.0962	0.549162	9
1069	20.0063	13.9673	-0.0565068	9
1079	20.3629	0.742304	0.348074	9
1084	21.1231	9.78701	-0.552684	9
1087	20.155	11.3696	-0.0868074	9
1100	20.0291	22.558	0.511085	9
1103	20.2625	9.75859	-0.764642	9
1114	20.6317	24.5868	-0.607917	9
1115	22.4532	6.56262	0.0568152	9
1133	22.1337	18.9881	-0.638146	9
1145	21.5184	20.5728	0.760446	9
1172	21.0392	19.1078	-0.323942	9
1179	21.0104	20.7655	-0.317128	9
1219	20.6125	15.8709	-0.64437	9
1232	21.9826	12.0274	0.193498	9
1240	20.5589	18.8083	-0.0127344	9
1250	22.0215	10.0374	0.2348	9
1256	20.9274	4.69396	-0.486644	9
1268	21.7228	2.20973	-0.0604137	9
1280	21.0092	2.95136	0.0663062	9
1281	21.2017	16.6205	-0.715473	9
1286	21.9598	7.57425	-0.00392441	9
1291	20.4597	7.20494	-0.163324	9
1295	21.8252	20.5187	0.613694	9
1314	20.7671	23.7264	-0.0872763	9
1316	21.4853	7.27504	-0.0617925	9
1338	21.5109	8.04227	-0.496307	9
1339	22.4185	20.3437	-0.0116198	9
1349	21.8506	14.4026	0.0789109	9
1369	21.2248	22.3177	-0.27809	9
1379	22.405	23.7418	0.220482	9
1391	20.242	1.04349	-0.608774	9
1411	22.2754	9.0676	0.483426	9
1420	21.8725	12.4499	-0.0209909	9
1426	22.4212	23.0712	-0.0777691	9
1427	20.6026	6.78802	-0.38568	9
1435	22.4369	8.58537	0.870155	9
1445	21.0142	9.53502	-0.363219	9
1475	21.4905	15.7717	-0.339326	9
1487	21.3968	17.8194	-0.224941	9
1492	21.754	19.3777	-0.401742	9
1495	21.0237	19.8503	0.435659	9
1514	20.5153	18.0629	-0.231794	9
1518	20.5105	9.50187	0.483614	9
1521	20.7165	16.9093	-0.519485	9
1536	22.1199	15.1819	0.13609	9
1539	20.3948	7.5905	0.189785	9
1543	21.2295	22.451	0.615501	9
1544	21.6251	10.9861	0.480711	9
1549	21.4689	23.6632	0.0956411	9
1565	22.1628	0.548752	0.286053	9
1581	22.2781	5.16707	0.273705	9
1601	21.8554	12.0603	1.14683	9
1605	22.0336	8.22411	-0.140017	9
1622	20.6727	10.7479	-0.422896	9
1624	21.6322	24.9892	0.0956428	9
1635	20.9039	24.4088	-0.158425	9
1641	21.3518	6.32337	-0.313016	9
1659	22.0924	9.16752	-0.487472	9
1671	21.2841	24.3817	0.304709	9
1675	20.2807	19.4222	0.274539	9
1676	21.0456	19.2999	0.0285503	9
1680	20.1278	20.6015	-0.563794	9
1686	20.3402	8.57785	0.558007	9
1700	21.5675	8.3363	0.289689	9
1709	22.2325	21.9744	-0.207774	9
1715	20.327	23.1984	0.453609	9
1723	20.298	15.9618	0.38025	9
1725	21.1497	23.6264	0.1679	9
1728	22.4825	1.17942	-0.453838	9
1734	21.5085	8.65655	0.037187	9
1744	22.4268	20.6121	0.456328	9
1745	20.6355	12.6456	0.0444079	9
1746	20.0199	20.6119	0.0689314	9
1767	20.1047	15.0515	-1.25581	9
1773	20.48	1.669	-0.0535664	9
1774	20.3635	16.0324	-0.795035	9
1781	22.0769	8.61389	1.03106	9
1789	21.8457	18.4205	-0.301427	9
1793	20.4901	18.865	0.331932	9
1799	21.7841	24.9661	-0.369813	9
1817	21.7436	20.5129	0.0938138	9
1820	20.7325	13.8772	-0.246488	9
1829	21.2765	20.9783	0.431453	9
1830	20.1909	5.96068	0.127018	9
1838	22.4682	3.57902	0.181499	9
1844	21.0867	0.2939	0.649073	9
1848	21.6857	15.0713	0.203294	9
1863	21.6065	4.26751	0.0139884	9
1865	21.1274	9.12621	0.0506845	9
1906	20.9956	3.29108	0.33191	9
1928	21.406	10.5834	-0.0483729	9
1939	21.9807	13.7126	-0.189666	9
1951	21.8972	16.263	-1.12954	9
1957	21.6745	13.4354	-0.458	9
1963	20.2378	13.249	-0.186598	9
1964	21.2824	4.48371	0.692158	9
1985	22.0015	17.6665	-0.0204339	9
1986	22.4284	7.22446	-0.355559	9
2011	22.2296	6.9604	-0.267178	9
2039	22.1838	19.6278	0.0495793	9
2050	21.1354	0.0507195	0.317495	9
2051	20.9506	14.5463	0.157153	9
2066	20.8236	13.961	-0.488318	9
2072	22.1093	22.7735	0.0661575	9
2074	20.4723	17.1776	-0.245015	9
2103	20.7442	6.79421	-0.525357	9
2116	20.8293	20.1606	0.347585	9
2126	21.2266	2.86751	-0.259245	9
2147	21.9907	15.7975	-0.0723508	9
2151	21.992	21.232	-0.474876	9
2155	22.0055	5.35837	-0.0636846	9
2180	20.8232	14.6471	-0.54123	9
2186	20.9223	0.941199	0.256418	9
2196	20.1954	13.7848	-0.130992	9
2198	22.1879	17.3814	0.0632141	9
2204	20.615	11.1075	0.0593098	9
2216	21.9914	7.15093	-0.242008	9
2256	20.3182	8.63296	-0.214695	9
2257	20.3887	7.85699	-0.282641	9
2261	20.6379	6.57378	0.0611275	9
2271	22.2438	24.372	0.259005	9
2274	21.6837	16.2303	-0.00190911	9
2275	20.9496	16.7067	-0.184699	9
2278	22.0737	1.31203	0.425315	9
2279	20.0321	3.61013	0.213918	9
2296	20.5887	13.1398	0.0414905	9
2302	20.347	17.5695	-1.02456	9
2340	20.3877	17.1125	0.0972093	9
2355	20.311	13.1636	0.27162	9
2389	21.3986	14.042	-0.173509	9
2390	21.4752	7.0181	0.0180821	9
2407	20.3211	7.64077	0.110184	9
2413	20.478	19.6629	0.350352	9
2415	20.1713	6.07374	-0.480913	9
2421	21.4313	21.9094	-0.369007	9
2422	21.8223	19.0057	0.0138646	9
2430	22.1444	16.6043	1.26152	9
2438	20.5907	15.8036	0.0460437	9
2443	21.8093	19.0321	0.137069	9
2449	22.0787	15.7467	-0.974931	9
2459	20.1484	3.81323	-0.456964	9
2461	20.6921	3.74817	0.380254	9
2464	21.3694	1.8284	-0.318086	9
2480	22.1303	24.9124	-0.508895	9
2544	22.2379	22.6731	0.0431437	9
2562	20.9026	9.90947	0.101057	9
2577	21.0009	14.891	-0.241514	9
2592	20.1527	13.4713	0.282519	9
2598	20.6843	4.60758	0.634606	9
2599	20.9836	5.17323	0.34848	9
2603	20.5911	15.8974	-0.126306	9
2604	20.4266	2.62559	-0.350607	9
2618	21.5188	6.95996	-0.208379	9
2619	21.9756	13.4681	-0.370612	9
2642	20.0313	6.12118	-1.0819	9
2650	21.3622	24.1939	0.511625	9
2664	20.0107	18.0503	-0.00975265	9
2676	22.2619	10.4966	-0.613901	9
2681	21.7441	3.00246	-0.399389	9
2702	22.0339	23.3462	-0.214609	9
2706	20.3977	8.69288	-0.374013	9
2711	22.2968	2.30786	0.578709	9
2712	22.242	1.63482	-0.555581	9
2718	20.1825	0.330088	-0.71019	9
2726	21.0473	21.281	0.477782	9
2729	20.0392	24.3379	0.197623	9
2739	20.4556	17.6784	-0.197624	9
2740	20.6326	9.49897	0.412568	9
2768	21.5569	15.7536	-0.0593932	9
2799	20.8913	3.83926	0.50501	9
2802	20.3785	2.14999	0.219258	9
2818	20.2107	20.137	0.09746	9
2823	21.8141	16.6447	-0.100851	9
2827	22.2539	11.7453	0.689938	9
2829	20.2786	7.43707	-0.192998	9
2831	20.8048	6.2188	0.885109	9
2849	22.1307	8.078	0.729902	9
2860	20.0829	16.2961	-0.311355	9
2861	21.5405	0.311568	-0.335209	9
2862	22.2897	0.713842	-0.624455	9
2882	21.6527	18.2958	-0.598344	9
2883	21.7866	1.90102	-1.60966	9
2896	20.3802	10.2154	-0.551279	9
2925	21.6641	14.0874	0.124748	9
2943	21.0053	11.3743	-0.186501	9
2963	21.2418	17.7188	-0.25474	9
2973	20.7558	21.3624	0.275946	9
2977	22.3755	8.10688	0.0900257	9
2979	22.3048	24.609	-0.280597	9
2982	21.2139	3.82162	0.750863	9
2998	21.8401	19.8713	0.151615	9
3002	21.5347	9.58613	0.40276	9
3028	20.2423	6.55468	-0.240864	9
3031	20.8226	14.4994	0.0311312	9
3067	20.7681	18.1413	0.568837	9
3087	20.3536	2.84841	-0.596358	9
3088	22.0085	21.9449	-0.310177	9
3093	20.1753	1.10854	0.811375	9
3099	21.2013	22.8841	0.51628	9
3102	20.1504	16.9852	-0.126105	9
3121	20.8585	24.8194	-0.0608869	9
3137	20.2661	10.3339	-0.302925	9
3146	21.6275	7.59722	0.569503	9
3150	21.0126	20.8146	0.57684	9
3151	21.5485	21.9168	0.223788	9
3152	22.13	5.62164	0.529547	9
3154	20.6441	10.2707	0.501931	9
3155	21.857	8.97465	-0.538485	9
3159	21.0332	2.68495	0.203122	9
3171	21.6168	15.233	0.148762	9
3208	22.494	4.79081	0.334683	9
3215	20.4561	1.04252	0.0424377	9
3216	22.4893	6.19327	0.788429	9
3229	21.6249	8.62973	1.00304	9
3231	22.0549	24.2556	-0.128872	9
3238	21.7319	4.32644	0.644921	9
3248	21.6012	12.6902	-0.46398	9
3274	21.5787	24.3154	-0.0207462	9
3281	21.0749	7.54597	0.0534096	9
3306	21.4315	9.2785	-0.705053	9
3328	20.3234	20.0441	0.294483	9
3347	20.4954	10.5147	-0.0294013	9
3348	20.6414	10.1831	-0.0271994	9
3356	21.2216	17.0542	-0.494991	9
3360	21.4535	8.32098	0.528661	9
3404	21.4078	23.7924	-0.114409	9
3417	21.3388	1.0535	-0.389548	9
3427	22.4605	19.2693	0.0694849	9
3430	21.0849	22.9444	0.0574503	9
3434	21.3571	23.0304	-0.146849	9
3445	21.7837	17.0567	-0.402029	9
3473	20.1812	7.64511	-0.796155	9
3475	22.3403	24.7768	0.627813	9
3501	20.0563	14.691	0.0885487	9
3509	20.8767	18.7425	-0.0471776	9
3510	20.2555	18.9171	0.0459752	9
3518	20.9103	8.17527	-0.00822538	9
3526	21.7216	5.18572	0.663671	9
3543	20.0157	11.1195	-0.679391	9
3546	20.3087	10.067	-0.246669	9
3556	20.6565	8.81885	-0.712959	9
3593	20.6783	20.1972	-0.0691039	9
3594	20.5077	20.5576	-0.146335	9
3622	20.6896	19.076	0.27943	9
3635	21.2631	9.44408	0.762314	9
3641	20.8747	22.7807	0.265373	9
3697	20.1976	16.7595	0.21998	9
3719	20.6493	17.2626	-0.138357	9
3720	21.1715	17.3556	-0.867803	9
3722	20.1467	10.7001	-0.174072	9
3747	22.162	11.6359	0.154734	9
3753	20.6415	0.338345	0.373376	9
3758	21.9334	7.64754	0.165266	9
3764	21.8727	2.71176	0.352322	9
3792	20.0733	15.4708	-0.502248	9
3805	20.7082	12.601	0.318589	9
3834	20.7334	17.2094	0.152859	9
3838	20.9655	17.3528	0.601752	9
3845	22.31	7.47993	0.38285	9
3847	22.214	7.32072	0.293525	9
3855	21.6304	8.41717	0.886187	9
3867	21.8264	7.99	0.0371647	9
3873	20.7804	19.7532	0.0515292	9
3887	22.2285	17.1889	-0.558243	9
3895	21.6615	19.6695	-0.292195	9
3900	22.352	3.40293	0.486627	9
3925	21.8948	9.88626	0.0870769	9
3931	20.4196	13.2142	-0.299331	9
3936	21.8679	11.5306	-0.290093	9
3946	20.5739	3.04706	0.133238	9
3970	21.2813	22.6559	0.550188	9
3987	20.1882	16.9825	0.732529	9
4001	21.4088	15.1882	0.156692	9
4025	21.4788	1.18863	-0.215361	9
4030	20.8273	15.0733	-0.466753	9
4045	20.8507	11.4583	0.022253	9
4048	22.4445	13.9721	-0.129521	9
4062	20.2102	18.5639	-0.39505	9
4063	20.2591	17.9937	-0.410021	9
4066	20.1455	20.9844	-0.0746132	9
4070	20.0539	11.0012	-0.134512	9
4091	20.7057	0.694246	-0.550907	9
4098	22.3784	1.7319	0.214836	9
7	23.4752	24.4159	0.294325	10
12	23.2235	20.1672	0.660809	10
46	24.9471	11.9274	0.472611	10
53	24.3104	22.9615	-0.115272	10
54	24.7202	10.0025	-0.358256	10
72	23.9802	3.52914	0.829109	10
79	24.7564	17.9985	0.86039	10
114	24.1675	2.01281	-0.0709124	10
115	23.582	9.00005	0.721597	10
137	24.5035	11.0295	0.46446	10
143	23.6032	14.7925	0.0636633	10
150	22.9599	16.336	-0.333663	10
178	24.2929	11.1988	-0.349011	10
179	23.2476	4.81524	0.358522	10
189	24.0545	8.87258	0.271491	10
206	24.3239	7.09544	-0.386446	10
210	22.8466	3.36709	0.141612	10
211	24.1862	12.408	0.0325246	10
214	22.7213	11.6072	-0.264501	10
220	24.0265	2.90799	-0.350105	10
232	23.6884	20.1225	-0.211316	10
238	24.9553	10.9412	-0.0869467	10
273	23.5308	11.331	0.312659	10
278	24.7974	21.7899	-0.257627	10
290	23.2	21.7728	0.0244521	10
291	24.5105	12.0594	0.0634138	10
297	24.0245	16.2505	0.0539322	10
304	22.8577	21.0544	0.330444	10
307	24.0708	15.3257	0.104639	10
309	23.6547	4.71522	0.229062	10
310	24.2612	17.9527	0.518304	10
311	23.9163	13.6466	-0.570575	10
313	24.5478	11.3649	-0.327225	10
314	24.7723	9.29231	0.241111	10
334	24.3049	8.50131	-0.446586	10
341	24.7626	1.46759	-0.382572	10
349	23.4205	14.6212	-0.776203	10
350	24.8979	18.8888	0.469717	10
351	24.5234	17.8991	0.0763921	10
355	24.5121	7.80857	0.352576	10
368	23.2953	11.7096	-0.0521306	10
380	24.6406	10.264	-0.318823	10
398	23.4644	16.0811	0.946687	10
432	23.5023	6.0652	0.646352	10
433	22.887	4.85642	-0.138174	10
439	22.5392	15.7427	0.196227	10
442	23.2965	11.5042	-0.448617	10
443	22.9251	11.236	0.246183	10
456	24.2036	19.1501	-0.106599	10
478	23.9525	7.37626	-0.319078	10
488	24.1566	6.88769	0.126132	10
494	23.6764	24.9476	0.878205	10
495	24.156	13.2263	0.0720214	10
509	22.6541	19.5152	0.357737	10
512	23.5149	14.5368	-0.306674	10
535	23.1625	4.39776	0.318932	10
541	23.5949	12.9319	-0.461591	10
552	24.1876	18.895	0.644286	10
553	23.7786	1.60264	-0.185672	10
561	24.4133	1.60861	0.656799	10
567	23.133	22.6294	-0.594873	10
571	24.1434	1.30609	-0.876645	10
584	22.869	19.2784	0.604676	10
591	24.6101	2.41625	-0.741785	10
605	22.8663	6.5987	-0.63513	10
606	23.5785	19.3282	0.22166	10
610	24.5134	5.95042	-0.0536335	10
632	24.916	23.4592	0.261314	10
646	24.312	16.8353	0.163614	10
649	23.7765	0.156405	-0.229495	10
661	23.8268	24.2184	-0.409569	10
663	24.204	20.8279	-0.306065	10
664	23.4109	24.117	-0.216493	10
666	24.7569	3.36234	-0.892683	10
674	22.9476	8.38192	0.662508	10
681	24.78	17.3914	0.0958919	10
696	23.7984	5.47515	0.891034	10
700	24.4875	8.81277	-0.900375	10
709	23.4123	0.957186	-0.457349	10
714	23.7639	22.8882	-0.0485114	10
719	23.7499	5.52017	0.482239	10
776	23.4237	10.1992	-0.466544	10
777	24.5947	24.0562	0.172179	10
786	23.1844	10.0324	0.300071	10
796	22.7574	13.2004	-0.118114	10
804	22.6494	2.0933	0.511942	10
818	23.6295	1.03643	-0.571355	10
828	23.4609	3.7429	0.178603	10
830	23.4783	3.67216	0.221258	10
831	23.8626	19.6762	-0.0909418	10
832	23.6858	1.65436	-0.202569	10
858	22.5058	1.55501	0.0362217	10
870	22.5163	18.0129	-0.585514	10
873	23.0711	4.08872	0.238917	10
879	23.3791	10.3828	0.210275	10
883	22.9607	9.7753	-0.610229	10
885	23.762	12.2258	-0.14179	10
904	24.3961	21.9716	0.172371	10
913	24.392	21.9699	0.850392	10
918	24.953	0.411838	-0.719094	10
924	24.0283	11.6168	-0.130077	10
935	23.2459	18.8121	-0.157049	10
958	22.5748	24.4216	-0.340105	10
961	24.0223	16.284	0.116578	10
973	24.675	19.6906	0.655849	10
975	24.9184	8.32836	0.350609	10
981	22.704	21.254	-0.0127379	10
990	22.7379	0.369446	-0.33889	10
1018	24.1093	16.7204	-0.234619	10
1026	24.0124	20.5202	-0.189559	10
1040	23.3482	21.2307	-0.0807971	10
1041	23.8344	24.1668	-0.5039	10
1063	22.8327	22.3714	-0.287326	10
1067	22.7917	21.7566	0.246197	10
1070	23.3163	16.4427	-0.229034	10
1072	24.4878	8.77629	-0.922529	10
1073	24.94	8.82513	0.730544	10
1098	23.6256	16.8585	0.354205	10
1104	23.8261	14.2528	0.760726	10
1108	23.0471	22.6824	0.654791	10
1109	22.7476	21.5605	0.0405756	10
1110	24.7873	0.227083	0.240512	10
1124	23.8415	23.0588	-0.158349	10
1131	23.5119	22.2543	-0.665479	10
1135	23.9794	7.98922	0.0291019	10
1157	24.3665	21.4399	-0.415522	10
1188	23.1927	18.2783	-0.220828	10
1194	24.266	20.587	-0.450497	10
1202	24.4296	7.95436	-0.17645	10
1209	24.2681	5.02068	-0.16982	10
1236	24.5922	24.4581	-0.266384	10
1242	22.8922	21.0293	0.21439	10
1245	24.327	9.4868	0.0424843	10
1246	24.3371	8.94293	0.804844	10
1271	23.1387	16.5598	0.190697	10
1278	22.7128	14.9294	-0.232406	10
1285	22.8463	22.4168	0.137024	10
1287	24.8658	3.96743	-0.183385	10
1289	23.0956	7.42364	-0.404799	10
1296	23.9557	4.53997	0.352937	10
1297	23.8626	12.2894	-0.794686	10
1299	22.6207	16.5994	-0.115008	10
1321	23.4371	3.10236	-0.224409	10
1333	22.5273	18.5001	0.410531	10
1344	24.9057	18.9977	0.473058	10
1347	24.8184	2.44147	-0.266883	10
1348	24.7232	2.61624	0.0117445	10
1352	23.8056	4.19856	0.0506505	10
1361	24.4797	17.2092	-0.282282	10
1372	23.249	16.8864	-0.00944949	10
1383	23.0841	14.7596	-0.125344	10
1390	23.6173	13.2498	-0.283537	10
1400	22.6275	20.4593	-0.1142	10
1409	22.5195	5.70442	-0.566246	10
1423	23.7434	15.7481	0.455631	10
1446	23.5385	20.1989	0.252352	10
1470	23.5157	19.2189	-0.250455	10
1477	24.2344	14.6665	0.440595	10
1483	24.0366	12.6252	0.448073	10
1484	24.8414	13.4837	0.0899867	10
1490	24.1851	9.61948	0.0835965	10
1497	24.6546	3.13653	-0.459425	10
1510	24.1659	23.2163	0.525434	10
1513	23.1626	5.73223	0.267615	10
1515	22.9903	3.99747	0.773723	10
1530	22.8627	1.03976	0.464309	10
1534	23.1702	19.5595	0.0675283	10
1545	24.3962	3.13729	-0.103559	10
1563	22.9424	11.9168	-0.159583	10
1587	23.2844	13.959	-0.653828	10
1591	24.5827	14.9088	0.431772	10
1614	22.6363	8.85497	0.541054	10
1655	23.7294	19.4369	-0.484215	10
1657	24.2838	12.5003	-0.437599	10
1661	23.6376	8.17262	1.04991	10
1682	22.6364	24.8395	0.12513	10
1694	23.4312	6.44044	0.124979	10
1751	22.8993	13.9522	0.826656	10
1753	24.7334	18.1732	0.23984	10
1768	23.0909	21.5582	-0.0747162	10
1776	24.3693	17.8436	0.172012	10
1782	23.627	13.2236	-0.763098	10
1797	22.9986	10.6594	0.688049	10
1800	23.4017	20.6822	-0.21124	10
1805	22.5207	15.3701	0.914732	10
1818	22.9217	19.5754	-0.294171	10
1825	24.3932	24.4889	0.228398	10
1826	23.42	24.8376	-0.0535852	10
1875	23.4152	0.698851	0.598348	10
1884	23.5174	16.1059	0.829389	10
1900	23.2574	2.36489	-1.16812	10
1908	23.8002	7.81388	-0.0171607	10
1916	23.1031	13.5689	0.0301548	10
1917	23.7048	0.910709	0.044913	10
1919	24.4186	11.2163	-0.252895	10
1925	24.9504	1.25215	0.443335	10
1929	23.9	13.7088	-0.381702	10
1932	22.5148	8.04236	0.520857	10
1948	23.5507	2.14785	-0.248314	10
1960	24.0213	13.1272	-0.328265	10
1961	24.2549	15.2022	0.731437	10
1969	23.3608	21.9427	0.22171	10
1970	24.4023	21.6551	0.36354	10
1973	24.1781	5.8661	0.0948475	10
1974	24.7476	17.7841	-0.231702	10
1979	23.853	8.22215	-1.02171	10
1991	24.9504	22.1537	0.461657	10
1998	22.7789	8.10274	0.754138	10
1999	23.8417	4.50845	0.0903779	10
2034	23.402	0.161206	-0.488581	10
2040	23.9785	9.85139	-0.218193	10
2041	24.3201	8.74956	-0.660747	10
2061	22.8372	7.19667	-0.211483	10
2062	22.8526	5.16372	-0.0323854	10
2075	23.4395	3.98389	-0.320383	10
2088	22.537	1.13516	0.27639	10
2111	23.363	13.1564	0.596799	10
2114	24.5335	23.0455	0.574144	10
2119	24.3912	13.8243	-0.381796	10
2127	24.8563	19.454	-0.177171	10
2128	24.9727	19.4361	-0.682516	10
2133	24.4077	7.6534	-0.50481	10
2143	24.2833	16.6516	-0.00899033	10
2177	23.3152	15.8624	0.550229	10
2187	24.4585	12.6824	0.0183403	10
2195	22.7471	7.30194	0.675456	10
2208	24.0411	6.82272	-0.574614	10
2209	22.8044	9.35627	0.513502	10
2215	22.9784	6.26139	0.0614698	10
2217	22.7684	2.76525	1.36972	10
2233	23.6318	15.5218	0.269758	10
2260	23.4687	15.1412	0.588825	10
2295	24.0143	17.7398	-0.188819	10
2297	23.0894	13.7097	0.159787	10
2315	23.9439	11.0232	-0.218215	10
2316	23.6432	18.1128	0.0135891	10
2317	23.8951	23.8799	0.14686	10
2321	23.2884	18.6195	0.541209	10
2323	24.7993	20.9072	-0.381696	10
2344	24.8414	23.4946	0.0374003	10
2354	24.8876	7.76119	0.432403	10
2361	22.7206	2.69847	-0.401718	10
2377	22.9698	11.5996	0.129536	10
2380	23.9702	10.2953	1.03046	10
2402	23.1649	23.7572	-0.959561	10
2418	24.3817	10.4594	-0.34011	10
2419	24.8732	9.86708	-0.334041	10
2425	22.7272	20.1299	0.148745	10
2427	24.9343	8.90898	0.10808	10
2429	23.0741	2.52559	0.257432	10
2455	23.903	21.015	-0.201258	10
2472	23.5585	7.63922	-0.145409	10
2484	24.0122	23.964	-0.157415	10
2486	23.6644	10.2799	-0.0600891	10
2487	23.0592	20.7365	0.0539382	10
2488	24.3147	5.12336	0.530759	10
2499	24.6908	7.93958	-0.156697	10
2512	23.1844	21.5028	0.281698	10
2520	24.0484	20.3566	-0.245755	10
2522	24.1198	18.6221	0.473984	10
2525	24.0336	6.32556	0.0799261	10
2530	23.6034	7.80576	-0.101765	10
2553	23.1055	14.8595	0.758322	10
2557	23.8576	23.3345	0.187122	10
2565	23.3931	12.4565	-0.491416	10
2567	22.5144	13.8998	0.289659	10
2572	24.2196	24.1474	0.000840722	10
2590	24.7437	18.0469	-0.602018	10
2601	22.7397	11.0837	0.14132	10
2602	22.9579	0.536144	-0.039371	10
2651	24.8458	11.8136	-0.397443	10
2663	23.8793	3.94743	0.181709	10
2668	22.7909	14.0351	-0.237648	10
2674	23.814	24.6952	0.190493	10
2678	23.3617	16.8383	-0.156464	10
2682	23.7579	20.7109	-0.309014	10
2705	22.8338	8.87705	0.480985	10
2736	23.7922	6.84315	0.494257	10
2754	23.5748	20.0968	0.381116	10
2762	24.0129	17.79	0.968201	10
2775	24.6306	22.887	0.301592	10
2784	23.6952	18.1455	0.0444183	10
2787	24.3979	14.1687	0.317609	10
2789	23.9676	2.23151	0.216937	10
2792	23.3757	15.5335	0.267254	10
2793	22.9418	14.9291	0.320359	10
2795	24.5067	6.10496	-0.649751	10
2798	23.7334	23.63	-0.344819	10
2803	23.6169	0.321183	-0.16406	10
2804	23.8741	1.13324	-0.553064	10
2809	23.4224	7.713	-0.596283	10
2814	23.8765	12.0893	-0.164933	10
2820	23.0915	13.3459	0.243058	10
2845	22.7947	19.5897	0.0605001	10
2848	23.3724	23.0998	0.56213	10
2857	23.3139	9.7929	-0.031424	10
2863	23.5819	3.51417	-0.470985	10
2864	24.4919	13.4304	-0.306661	10
2866	22.8584	17.0307	0.0907223	10
2875	22.9143	13.3287	0.259717	10
2890	24.8803	23.1194	-0.499894	10
2902	24.4937	10.2731	-0.864237	10
2926	24.0023	23.2614	-0.11255	10
2927	24.9337	18.9668	0.280976	10
2932	23.6243	5.78057	-0.503515	10
2934	23.171	0.0226353	-0.708123	10
2940	24.638	22.5733	0.817177	10
2947	23.8602	2.99316	0.438443	10
2950	24.8676	2.21417	-0.666108	10
2952	22.7588	3.11031	0.791054	10
2957	24.3493	1.01242	-0.065886	10
2961	22.9202	23.1203	-0.297166	10
2964	23.4735	3.8135	0.28661	10
2966	23.2921	12.7978	-0.272717	10
2976	23.7413	17.1007	0.391919	10
2980	22.8334	22.4643	0.444462	10
3004	24.3828	20.1962	-0.110287	10
3026	24.6149	19.3402	0.404265	10
3044	23.6412	9.34727	0.39916	10
3052	24.3254	10.215	-0.14296	10
3058	23.7334	12.5093	0.184982	10
3062	24.3119	7.9429	0.0231371	10
3068	22.6347	0.997142	0.398774	10
3108	24.9473	14.2767	-0.340974	10
3112	24.088	18.4493	-0.0506867	10
3114	22.8968	9.61925	-0.176649	10
3116	23.7721	17.4022	0.220577	10
3122	22.7679	24.2611	-0.0326724	10
3181	23.4473	5.93492	0.4441	10
3199	24.7489	24.4854	0.27271	10
3200	22.9715	1.88695	0.347801	10
3232	23.7744	4.6404	0.512018	10
3233	22.6074	16.0279	0.462325	10
3245	23.8947	3.68957	-0.213088	10
3260	24.0938	1.8784	-0.359283	10
3261	23.2568	11.1829	0.238404	10
3266	23.5567	21.2274	-0.105927	10
3267	22.7553	21.7896	-0.1663	10
3275	23.4286	8.19925	0.775862	10
3276	23.5764	8.08203	0.113803	10
3293	23.9715	21.5455	0.308741	10
3327	24.5707	9.92461	-0.020671	10
3329	23.1148	8.01525	0.373952	10
3337	23.578	7.80929	0.431155	10
3344	23.9977	4.43922	0.671638	10
3345	23.8798	5.27167	0.840026	10
3346	23.1756	23.7425	0.580376	10
3355	24.8527	17.7933	0.549626	10
3357	22.8914	8.17672	-0.361241	10
3373	24.1202	10.3791	-0.172925	10
3388	22.6341	20.2008	0.31879	10
3407	24.2113	8.06073	-0.358244	10
3418	24.6182	14.0461	0.344027	10
3419	22.5764	14.7576	-0.123411	10
3422	22.6373	14.7381	0.175543	10
3428	23.7916	8.07608	0.206128	10
3429	24.0566	23.5416	-0.0795989	10
3432	24.3534	18.8561	0.412532	10
3454	22.5535	6.00232	0.28511	10
3462	23.8598	0.716941	-0.192222	10
3478	24.2466	18.5859	0.117056	10
3479	24.7252	18.9307	0.0698937	10
3487	24.9588	23.4883	-0.354063	10
3521	24.004	3.26598	0.424632	10
3524	24.0309	22.8365	0.360433	10
3539	22.636	1.06812	-0.49979	10
3554	24.3394	23.2436	0.429605	10
3560	22.8973	8.28532	0.15665	10
3564	23.2397	3.32952	0.527926	10
3567	23.6527	24.102	0.426066	10
3595	24.308	20.6034	-0.351304	10
3605	23.9174	12.6496	-0.0293722	10
3609	23.5997	17.1079	0.133468	10
3610	22.7346	22.2226	-0.436263	10
3613	24.1674	15.0424	0.448303	10
3615	23.8304	4.83544	0.137638	10
3617	24.8059	13.51	-0.649193	10
3621	24.3779	17.6441	-0.0483244	10
3663	22.613	6.1251	0.508064	10
3667	23.0485	14.1151	0.0800038	10
3676	24.0304	4.1337	-1.01647	10
3678	24.666	1.44012	-0.421005	10
3690	24.6278	0.26975	-0.42721	10
3705	22.6759	2.21687	0.416698	10
3711	24.0103	19.6796	0.533096	10
3717	22.668	15.1049	0.760036	10
3741	23.6949	4.74095	0.0677033	10
3759	22.5719	7.64256	0.288883	10
3761	24.7955	21.8667	0.176305	10
3769	23.4219	11.0179	-0.233126	10
3770	22.988	22.6768	0.27481	10
3774	23.827	0.741991	-0.248439	10
3775	24.3525	1.57314	0.21705	10
3778	22.6831	3.8291	0.129626	10
3796	23.5686	12.4056	-0.110652	10
3797	23.4567	12.2022	-0.0120187	10
3808	23.0531	14.8342	-0.152658	10
3809	23.1226	14.0667	0.357864	10
3812	22.7425	18.4112	0.565637	10
3814	22.6531	19.3846	-0.135291	10
3824	23.7037	14.7722	-0.380095	10
3851	22.7951	11.6372	0.124884	10
3860	24.0193	2.77405	-0.00925098	10
3863	23.2025	15.4476	1.0735	10
3865	23.9392	1.58824	-0.286473	10
3884	22.6136	12.3477	-0.122583	10
3904	24.6765	10.8547	0.068217	10
3905	24.5321	21.6926	-0.0232779	10
3906	23.5241	22.7036	-0.457189	10
3909	23.2206	6.18066	-0.0872633	10
3916	23.1619	16.9317	-0.360732	10
3932	24.7383	11.8317	0.17524	10
3940	24.9335	3.43851	0.0791591	10
3941	23.3472	12.4099	-0.75689	10
3942	23.6031	16.5748	-0.151227	10
3978	23.9903	15.2732	1.07873	10
3979	24.4493	15.5028	0.384346	10
3983	23.8826	10.4736	-0.32947	10
4015	23.7081	21.6316	0.769037	10
4022	24.1201	7.20628	-0.403278	10
4029	22.6666	20.5373	-0.0568992	10
4032	24.1309	7.79887	0.417181	10
4037	24.2514	4.86623	0.0799157	10
4038	23.5051	5.49641	-0.909769	10
4043	23.4847	7.67421	-0.0242169	10
4057	23.76	24.687	-1.06603	10
4074	24.7663	14.4569	-0.253377	10
4083	24.2546	3.72163	0.398996	10
