IND_ID	Opt	Phen	AbsErr	Fitness	density

1.0	0.0	0.0182485	0.0182485	0.93347	4.99478
2.0	0.0	0.69945	0.69945	0.917969	5.09977
3.0	0.0	-0.459055	0.459055	0.84236	8.45535
4.0	0.0	0.624571	0.624571	0.784959	11.0563
5.0	0.0	0.179673	0.179673	0.881807	6.94496
6.0	0.0	-0.749705	0.749705	0.78657	10.7789
7.0	0.0	-0.289242	0.289242	0.833776	8.9814
8.0	0.0	-0.031329	0.031329	0.856362	8.05193
9.0	0.0	0.149047	0.149047	0.82682	9.37253
10.0	0.0	-0.230989	0.230989	0.884134	6.82918
11.0	0.0	-0.0927282	0.0927282	0.840196	8.76575
12.0	0.0	-0.887527	0.887527	0.795924	10.05
13.0	0.0	0.0477952	0.0477952	0.899378	6.27209
14.0	0.0	-0.227196	0.227196	0.8391	8.77041
15.0	0.0	0.137466	0.137466	0.841038	8.71653
16.0	0.0	0.284441	0.284441	0.789011	11.1923
17.0	0.0	0.361828	0.361828	0.916096	5.50858
18.0	0.0	0.725781	0.725781	0.871465	6.87679
19.0	0.0	-0.106521	0.106521	0.841783	8.69061
20.0	0.0	-0.661879	0.661879	0.911523	5.38742
21.0	0.0	0.0956653	0.0956653	0.736521	14.2648
22.0	0.0	0.196757	0.196757	0.845729	8.48372
23.0	0.0	0.511057	0.511057	0.847246	8.18425
24.0	0.0	-0.00548823	0.00548823	0.744431	13.7939
25.0	0.0	-0.283849	0.283849	0.843751	8.52889
26.0	0.0	0.306474	0.306474	0.873684	7.21825
27.0	0.0	-0.300311	0.300311	0.911804	5.70894
28.0	0.0	-0.408475	0.408475	0.892694	6.37402
29.0	0.0	-0.290644	0.290644	0.855383	8.00853
30.0	0.0	0.269271	0.269271	0.831445	9.10155
31.0	0.0	-0.264015	0.264015	0.919953	5.42321
32.0	0.0	0.165622	0.165622	0.920539	5.44168
33.0	0.0	-0.0913495	0.0913495	0.81889	9.76677
34.0	0.0	0.0756098	0.0756098	0.788754	11.291
35.0	0.0	-0.112254	0.112254	0.86	7.88177
36.0	0.0	-0.695833	0.695833	0.876197	6.72466
37.0	0.0	0.220542	0.220542	0.816074	9.85958
38.0	0.0	-0.165757	0.165757	0.880048	7.0218
39.0	0.0	0.612426	0.612426	0.774559	11.6294
40.0	0.0	0.225136	0.225136	0.763094	12.6424
41.0	0.0	0.520637	0.520637	0.911944	5.53057
42.0	0.0	0.587837	0.587837	0.719475	14.9233
43.0	0.0	0.674952	0.674952	0.83847	8.37524
44.0	0.0	0.100429	0.100429	0.823188	9.55828
45.0	0.0	-0.62748	0.62748	0.86379	7.33125
46.0	0.0	0.362147	0.362147	0.805318	10.3
47.0	0.0	-0.221062	0.221062	0.921984	5.36779
48.0	0.0	0.683538	0.683538	0.843533	8.13588
49.0	0.0	0.767229	0.767229	0.876486	6.6095
50.0	0.0	0.0449884	0.0449884	0.891131	6.59832
51.0	0.0	-0.222321	0.222321	0.899313	6.2286
52.0	0.0	0.532771	0.532771	0.836873	8.62754
53.0	0.0	-0.254119	0.254119	0.922706	5.32627
54.0	0.0	-0.510097	0.510097	0.801666	10.3409
55.0	0.0	-0.639122	0.639122	0.863368	7.33421
56.0	0.0	0.201502	0.201502	0.768433	12.3535
57.0	0.0	-0.248564	0.248564	0.789912	11.1666
58.0	0.0	-0.0553686	0.0553686	0.865618	7.65025
59.0	0.0	-0.296701	0.296701	0.876694	7.09927
60.0	0.0	-0.337764	0.337764	0.845749	8.40404
61.0	0.0	-0.294236	0.294236	0.822686	9.49969
62.0	0.0	-0.334003	0.334003	0.831477	9.05848
63.0	0.0	-0.620985	0.620985	0.808005	9.88752
64.0	0.0	0.226514	0.226514	0.824864	9.43397
65.0	0.0	-0.86899	0.86899	0.800039	9.87943
66.0	0.0	-0.422026	0.422026	0.837343	8.71735
67.0	0.0	-0.490579	0.490579	0.791853	10.8641
68.0	0.0	-0.525838	0.525838	0.855019	7.82687
69.0	0.0	0.476287	0.476287	0.885383	6.60674
70.0	0.0	0.108337	0.108337	0.803574	10.5199
71.0	0.0	0.197795	0.197795	0.847737	8.39336
72.0	0.0	-0.605863	0.605863	0.827204	8.98617
73.0	0.0	-0.0925538	0.0925538	0.817672	9.82551
74.0	0.0	-0.139054	0.139054	0.86814	7.52649
75.0	0.0	-0.649524	0.649524	0.893807	6.08132
76.0	0.0	0.494	0.494	0.898481	6.07159
77.0	0.0	-0.034634	0.034634	0.80546	10.4365
78.0	0.0	-0.601292	0.601292	0.884089	6.52591
79.0	0.0	-0.631109	0.631109	0.953408	3.93194
80.0	0.0	-0.510757	0.510757	0.79307	10.7785
81.0	0.0	-0.201631	0.201631	0.879607	7.02671
82.0	0.0	-0.176568	0.176568	0.858325	7.93531
83.0	0.0	0.516896	0.516896	0.836981	8.64013
84.0	0.0	-0.486479	0.486479	0.805109	10.1942
85.0	0.0	0.116103	0.116103	0.803397	10.5269
86.0	0.0	-0.622754	0.622754	0.93573	4.55363
87.0	0.0	0.573873	0.573873	0.792124	10.7509
88.0	0.0	-0.473981	0.473981	0.781662	11.4185
89.0	0.0	0.231496	0.231496	0.964679	3.8641
90.0	0.0	0.236001	0.236001	0.968612	3.73149
91.0	0.0	0.0896541	0.0896541	0.811886	10.1092
92.0	0.0	-0.334129	0.334129	0.78314	11.4683
93.0	0.0	-0.20092	0.20092	0.913642	5.68731
94.0	0.0	0.00931604	0.00931604	0.809692	10.2265
95.0	0.0	0.0228605	0.0228605	0.836512	8.94323
96.0	0.0	0.0666349	0.0666349	0.793708	11.0332
97.0	0.0	0.278394	0.278394	0.905615	5.95712
98.0	0.0	-0.946619	0.946619	0.888534	5.82891
99.0	0.0	-0.0369704	0.0369704	0.803414	10.5394
100.0	0.0	-0.204687	0.204687	0.82464	9.45473
101.0	0.0	-0.233354	0.233354	0.822411	9.54751
102.0	0.0	0.232504	0.232504	0.755599	13.0687
103.0	0.0	-0.134663	0.134663	0.891271	6.57684
104.0	0.0	-0.696117	0.696117	0.812272	9.57147
105.0	0.0	0.151463	0.151463	0.861394	7.81098
106.0	0.0	-0.995757	0.995757	0.903573	5.16185
107.0	0.0	-0.893189	0.893189	0.792064	10.2344
108.0	0.0	-0.950951	0.950951	0.765594	11.5138
109.0	0.0	-0.172134	0.172134	0.869685	7.45077
110.0	0.0	0.332042	0.332042	0.895928	6.30183
111.0	0.0	0.287438	0.287438	0.757769	12.9093
112.0	0.0	0.404318	0.404318	0.912089	5.62796
113.0	0.0	-0.28174	0.28174	0.905297	5.96755
114.0	0.0	-0.0825546	0.0825546	0.830445	9.21843
115.0	0.0	0.154117	0.154117	0.933126	4.9852
116.0	0.0	-0.419544	0.419544	0.925703	5.11116
117.0	0.0	0.0825498	0.0825498	0.901156	6.19825
118.0	0.0	0.00905397	0.00905397	0.938394	4.81885
119.0	0.0	-0.696538	0.696538	0.805991	9.87837
120.0	0.0	0.722377	0.722377	0.832916	8.55858
121.0	0.0	-0.291142	0.291142	0.82451	9.41478
122.0	0.0	0.190612	0.190612	0.908275	5.89496
123.0	0.0	-0.398453	0.398453	0.822099	9.44993
124.0	0.0	0.276728	0.276728	0.773304	12.0416
125.0	0.0	-0.248113	0.248113	0.875232	7.18645
126.0	0.0	0.648676	0.648676	0.792962	10.6057
127.0	0.0	0.520895	0.520895	0.845721	8.24154
128.0	0.0	0.154027	0.154027	0.88425	6.85395
129.0	0.0	0.614263	0.614263	0.881951	6.59654
130.0	0.0	-0.687596	0.687596	0.940641	4.30305
131.0	0.0	0.165261	0.165261	0.935233	4.90622
132.0	0.0	0.308176	0.308176	0.765451	12.4572
133.0	0.0	-0.189257	0.189257	0.83098	9.16238
134.0	0.0	-0.240468	0.240468	0.853345	8.1254
135.0	0.0	0.532567	0.532567	0.758696	12.6189
136.0	0.0	-1.02458	1.02458	0.897948	5.31925
137.0	0.0	-0.503006	0.503006	0.77563	11.7111
138.0	0.0	-0.37084	0.37084	0.883227	6.78237
139.0	0.0	0.273167	0.273167	0.846666	8.40418
140.0	0.0	0.558698	0.558698	0.755001	12.7974
141.0	0.0	0.0365255	0.0365255	0.822491	9.60105
142.0	0.0	0.0881883	0.0881883	0.750733	13.4089
143.0	0.0	0.341889	0.341889	0.714613	15.5277
144.0	0.0	0.170455	0.170455	0.857466	7.97481
145.0	0.0	-0.0668091	0.0668091	0.805686	10.4216
146.0	0.0	-0.642256	0.642256	0.797013	10.408
147.0	0.0	-0.609579	0.609579	0.667768	18.5237
148.0	0.0	-0.483798	0.483798	0.865038	7.43999
149.0	0.0	-0.558706	0.558706	0.886482	6.47854
150.0	0.0	0.402964	0.402964	0.771956	12.0165
151.0	0.0	0.205088	0.205088	0.856458	8.00534
152.0	0.0	-0.142403	0.142403	0.828411	9.29954
153.0	0.0	-0.245262	0.245262	0.903561	6.0531
154.0	0.0	-0.124368	0.124368	0.807969	10.2952
155.0	0.0	0.318345	0.318345	0.796115	10.8
156.0	0.0	0.0127882	0.0127882	0.922695	5.38779
157.0	0.0	-0.69686	0.69686	0.819106	9.24179
158.0	0.0	-0.163012	0.163012	0.90966	5.85154
159.0	0.0	-0.0874163	0.0874163	0.883382	6.9053
160.0	0.0	0.316963	0.316963	0.913576	5.6322
161.0	0.0	-0.388277	0.388277	0.914501	5.54939
162.0	0.0	-0.0110902	0.0110902	0.913014	5.74965
163.0	0.0	-0.431435	0.431435	0.883681	6.71573
164.0	0.0	-0.159566	0.159566	0.842678	8.63519
165.0	0.0	-0.206521	0.206521	0.881906	6.93058
166.0	0.0	-0.777974	0.777974	0.767603	11.7458
167.0	0.0	-0.419097	0.419097	0.924785	5.14502
168.0	0.0	0.485807	0.485807	0.832055	8.89948
169.0	0.0	-0.00157259	0.00157259	0.862084	7.80478
170.0	0.0	0.0944308	0.0944308	0.883015	6.91898
171.0	0.0	0.193577	0.193577	0.912969	5.71549
172.0	0.0	-0.51669	0.51669	0.955407	3.98303
173.0	0.0	-0.499293	0.499293	0.882275	6.71009
174.0	0.0	-0.471472	0.471472	0.864267	7.48465
175.0	0.0	0.123183	0.123183	0.904912	6.04457
176.0	0.0	-0.399888	0.399888	0.812903	9.89306
177.0	0.0	0.240643	0.240643	0.932575	4.97305
178.0	0.0	0.360409	0.360409	0.769704	12.1787
179.0	0.0	0.510939	0.510939	0.950726	4.14789
180.0	0.0	0.796755	0.796755	0.812164	9.41475
181.0	0.0	-0.192666	0.192666	0.738669	14.0985
182.0	0.0	-0.598531	0.598531	0.85609	7.69675
183.0	0.0	0.389077	0.389077	0.843889	8.44856
184.0	0.0	-0.193656	0.193656	0.815447	9.90225
185.0	0.0	0.505913	0.505913	0.902388	5.9088
186.0	0.0	-0.258531	0.258531	0.930776	5.02957
187.0	0.0	-0.145143	0.145143	0.854969	8.09217
188.0	0.0	-0.0111925	0.0111925	0.831263	9.18729
189.0	0.0	-0.141927	0.141927	0.862164	7.7807
190.0	0.0	0.504252	0.504252	0.911076	5.5793
191.0	0.0	-0.0162307	0.0162307	0.832315	9.13803
192.0	0.0	-0.370134	0.370134	0.811977	9.9635
193.0	0.0	0.270534	0.270534	0.831427	9.10167
194.0	0.0	0.207077	0.207077	0.804181	10.4547
195.0	0.0	-0.323828	0.323828	0.919079	5.42224
196.0	0.0	-0.174692	0.174692	0.848343	8.3753
197.0	0.0	-0.570695	0.570695	0.854097	7.81654
198.0	0.0	0.272556	0.272556	0.827953	9.26323
199.0	0.0	-0.11691	0.11691	0.891518	6.57138
200.0	0.0	0.561134	0.561134	0.832375	8.80128
201.0	0.0	-0.160185	0.160185	0.871286	7.3874
202.0	0.0	0.0622365	0.0622365	0.882646	6.93904
203.0	0.0	-0.475039	0.475039	0.75579	12.8541
204.0	0.0	-0.378556	0.378556	0.902157	6.02671
205.0	0.0	-0.397033	0.397033	0.800829	10.4968
206.0	0.0	-0.633313	0.633313	0.796486	10.4474
207.0	0.0	0.0928512	0.0928512	0.864251	7.70296
208.0	0.0	-0.393413	0.393413	0.768139	12.2368
209.0	0.0	0.514727	0.514727	0.911572	5.5504
210.0	0.0	0.418969	0.418969	0.852221	8.05312
211.0	0.0	-0.591763	0.591763	0.86706	7.23725
212.0	0.0	-0.324957	0.324957	0.829204	9.171
213.0	0.0	0.552836	0.552836	0.802522	10.2478
214.0	0.0	-0.13083	0.13083	0.833518	9.06409
215.0	0.0	-0.110104	0.110104	0.825395	9.45091
216.0	0.0	0.872578	0.872578	0.792512	10.2516
217.0	0.0	0.53688	0.53688	0.874052	7.00794
218.0	0.0	-0.147144	0.147144	0.87952	7.04933
219.0	0.0	0.301773	0.301773	0.912031	5.69949
220.0	0.0	-0.458269	0.458269	0.877367	6.94948
221.0	0.0	0.0951212	0.0951212	0.908724	5.90414
222.0	0.0	-0.457541	0.457541	0.893293	6.3087
223.0	0.0	-0.226187	0.226187	0.803299	10.49
224.0	0.0	-0.332811	0.332811	0.914689	5.58054
225.0	0.0	0.218375	0.218375	0.900432	6.18662
226.0	0.0	0.629627	0.629627	0.870085	7.06425
227.0	0.0	0.271097	0.271097	0.799796	10.6427
228.0	0.0	0.151926	0.151926	0.963761	3.92233
229.0	0.0	0.0351194	0.0351194	0.848875	8.38211
230.0	0.0	-0.161853	0.161853	0.790634	11.169
231.0	0.0	-0.258254	0.258254	0.867609	7.50086
232.0	0.0	-0.685172	0.685172	0.855226	7.62059
233.0	0.0	0.125232	0.125232	0.80672	10.3573
234.0	0.0	-0.256612	0.256612	0.819472	9.6763
235.0	0.0	-0.298085	0.298085	0.882163	6.87403
236.0	0.0	0.607438	0.607438	0.912873	5.40251
237.0	0.0	-0.125938	0.125938	0.844832	8.54799
238.0	0.0	0.283126	0.283126	0.763818	12.5667
239.0	0.0	0.0258316	0.0258316	0.901506	6.19062
240.0	0.0	0.351557	0.351557	0.866156	7.50463
241.0	0.0	-0.48412	0.48412	0.878431	6.88153
242.0	0.0	-0.0758672	0.0758672	0.849057	8.36929
243.0	0.0	0.0154003	0.0154003	0.833241	9.09496
244.0	0.0	-0.0651119	0.0651119	0.865411	7.65786
245.0	0.0	-0.428386	0.428386	0.935302	4.75816
246.0	0.0	-0.611941	0.611941	0.809549	9.82372
247.0	0.0	-0.410181	0.410181	0.874981	7.08967
248.0	0.0	-0.748858	0.748858	0.749214	12.8391
249.0	0.0	-0.704038	0.704038	0.843727	8.09784
250.0	0.0	-0.101012	0.101012	0.785615	11.452
251.0	0.0	0.373636	0.373636	0.832602	8.9764
252.0	0.0	-0.84867	0.84867	0.933811	4.3155
253.0	0.0	0.197708	0.197708	0.885967	6.76913
254.0	0.0	0.281873	0.281873	0.857614	7.9165
255.0	0.0	0.553258	0.553258	0.773773	11.7513
256.0	0.0	-0.508675	0.508675	0.868524	7.26792
257.0	0.0	0.568548	0.568548	0.91703	5.29108
258.0	0.0	0.250704	0.250704	0.924016	5.27969
259.0	0.0	-0.338388	0.338388	0.993537	2.87874
260.0	0.0	0.149105	0.149105	0.863591	7.7173
261.0	0.0	-0.604687	0.604687	0.79268	10.6817
262.0	0.0	-0.257299	0.257299	0.790435	11.1342
263.0	0.0	0.109145	0.109145	0.886639	6.76893
264.0	0.0	0.500111	0.500111	0.946042	4.3193
265.0	0.0	0.0763696	0.0763696	0.832642	9.11686
266.0	0.0	0.301913	0.301913	0.898988	6.20058
267.0	0.0	0.144439	0.144439	0.90207	6.14904
268.0	0.0	-0.106401	0.106401	0.846559	8.47512
269.0	0.0	0.218204	0.218204	0.954622	4.20922
270.0	0.0	0.862434	0.862434	0.879993	6.31516
271.0	0.0	-0.831825	0.831825	0.898682	5.63202
272.0	0.0	0.0764304	0.0764304	0.764365	12.6231
273.0	0.0	0.210671	0.210671	0.981013	3.3371
274.0	0.0	-0.711595	0.711595	0.754821	12.579
275.0	0.0	-0.167308	0.167308	0.862069	7.77674
276.0	0.0	0.373364	0.373364	0.905381	5.90628
277.0	0.0	-0.260833	0.260833	0.806206	10.3253
278.0	0.0	-0.0503468	0.0503468	0.806124	10.4017
279.0	0.0	0.184063	0.184063	0.915104	5.63848
280.0	0.0	-0.562087	0.562087	0.908399	5.62148
281.0	0.0	-0.431973	0.431973	0.879955	6.86677
282.0	0.0	-0.196849	0.196849	0.845552	8.49163
283.0	0.0	-0.16627	0.16627	0.844489	8.55107
284.0	0.0	0.200048	0.200048	0.852267	8.19133
285.0	0.0	-0.13345	0.13345	0.880553	7.01076
286.0	0.0	-0.0820893	0.0820893	0.850956	8.28391
287.0	0.0	-0.70153	0.70153	0.899517	5.79167
288.0	0.0	0.521072	0.521072	0.799449	10.4405
289.0	0.0	0.189676	0.189676	0.905112	6.01669
290.0	0.0	-0.271991	0.271991	0.914702	5.6152
291.0	0.0	0.251355	0.251355	0.97786	3.42217
292.0	0.0	0.209076	0.209076	0.867665	7.52184
293.0	0.0	0.273026	0.273026	0.852638	8.13921
294.0	0.0	-0.494127	0.494127	0.807701	10.0571
295.0	0.0	-0.458654	0.458654	0.812539	9.85591
296.0	0.0	0.238647	0.238647	0.827902	9.28421
297.0	0.0	0.0913233	0.0913233	0.84968	8.33885
298.0	0.0	0.501473	0.501473	0.840456	8.49871
299.0	0.0	-0.165385	0.165385	0.750437	13.4029
300.0	0.0	-0.419993	0.419993	0.827438	9.17825
301.0	0.0	0.281242	0.281242	0.875139	7.17266
302.0	0.0	0.465886	0.465886	0.806789	10.1321
303.0	0.0	0.249039	0.249039	0.8957	6.35803
304.0	0.0	0.0269344	0.0269344	0.864381	7.70544
305.0	0.0	-0.394308	0.394308	0.957062	4.02802
306.0	0.0	0.233965	0.233965	0.875708	7.17354
307.0	0.0	-0.0274621	0.0274621	0.892552	6.54292
308.0	0.0	0.330141	0.330141	0.912108	5.67942
309.0	0.0	0.239685	0.239685	0.812456	10.0269
310.0	0.0	-0.222152	0.222152	0.876073	7.16381
311.0	0.0	-0.0528598	0.0528598	0.789495	11.2553
312.0	0.0	-0.81321	0.81321	0.845828	7.83417
313.0	0.0	-0.611358	0.611358	0.883466	6.53897
314.0	0.0	0.719695	0.719695	0.780818	11.131
315.0	0.0	-0.442134	0.442134	0.926514	5.0633
316.0	0.0	-0.618098	0.618098	0.835253	8.59836
317.0	0.0	-0.373579	0.373579	0.908157	5.79998
318.0	0.0	-0.631077	0.631077	0.80681	9.9327
319.0	0.0	-0.0984453	0.0984453	0.88205	6.9576
320.0	0.0	0.312619	0.312619	0.840893	8.64015
321.0	0.0	0.656976	0.656976	0.890612	6.19744
322.0	0.0	0.115775	0.115775	0.935517	4.90906
323.0	0.0	0.293517	0.293517	0.945596	4.48547
324.0	0.0	-0.599207	0.599207	0.859702	7.54049
325.0	0.0	0.469919	0.469919	0.681723	17.6802
326.0	0.0	-0.409649	0.409649	0.885319	6.66767
327.0	0.0	-0.15262	0.15262	0.869627	7.45963
328.0	0.0	-0.533387	0.533387	0.951708	4.09297
329.0	0.0	-0.00397505	0.00397505	0.896724	6.37849
330.0	0.0	-0.138054	0.138054	0.879605	7.04844
331.0	0.0	0.68217	0.68217	0.902971	5.68487
332.0	0.0	-0.394292	0.394292	0.78645	11.2427
333.0	0.0	0.345996	0.345996	0.84836	8.28163
334.0	0.0	-0.233349	0.233349	0.919311	5.46158
335.0	0.0	-0.286813	0.286813	0.931718	4.98108
336.0	0.0	-0.362832	0.362832	0.790323	11.0662
337.0	0.0	-0.0571741	0.0571741	0.829745	9.25504
338.0	0.0	-0.286435	0.286435	0.783447	11.4856
339.0	0.0	-0.103995	0.103995	0.792772	11.0747
340.0	0.0	1.12177	1.12177	0.818771	8.44039
341.0	0.0	0.220944	0.220944	0.831829	9.10889
342.0	0.0	0.315313	0.315313	0.85419	8.04531
343.0	0.0	-0.139174	0.139174	0.807755	10.3016
344.0	0.0	-0.233929	0.233929	0.815529	9.87949
345.0	0.0	0.0960059	0.0960059	0.864257	7.70207
346.0	0.0	0.736813	0.736813	0.831074	8.62099
347.0	0.0	0.0620714	0.0620714	0.901878	6.17305
348.0	0.0	-0.214569	0.214569	0.91409	5.665
349.0	0.0	0.490788	0.490788	0.838998	8.57591
350.0	0.0	-0.373995	0.373995	0.821478	9.49997
351.0	0.0	-0.464827	0.464827	0.943589	4.43587
352.0	0.0	-0.46145	0.46145	0.890717	6.40718
353.0	0.0	0.0559515	0.0559515	0.817632	9.83338
354.0	0.0	0.357013	0.357013	0.959118	3.98394
355.0	0.0	0.328036	0.328036	0.934252	4.86637
356.0	0.0	0.189701	0.189701	0.858636	7.91683
357.0	0.0	0.121102	0.121102	0.815666	9.91649
358.0	0.0	0.184503	0.184503	0.898603	6.27137
359.0	0.0	0.201359	0.201359	0.887446	6.708
360.0	0.0	0.448455	0.448455	0.937594	4.66042
361.0	0.0	-0.0122374	0.0122374	0.869025	7.50853
362.0	0.0	0.376369	0.376369	0.867941	7.41078
363.0	0.0	-1.00283	1.00283	0.787564	10.2353
364.0	0.0	-0.137839	0.137839	0.749494	13.4686
365.0	0.0	-0.227628	0.227628	0.962143	3.9506
366.0	0.0	-0.153326	0.153326	0.836706	8.90992
367.0	0.0	-0.538424	0.538424	0.867963	7.26007
368.0	0.0	-0.32635	0.32635	0.817536	9.72569
369.0	0.0	-0.185072	0.185072	0.816226	9.86786
370.0	0.0	0.197455	0.197455	0.799859	10.678
371.0	0.0	-0.893715	0.893715	0.811893	9.25193
372.0	0.0	-0.399308	0.399308	0.938834	4.65515
373.0	0.0	0.248378	0.248378	0.89743	6.29034
374.0	0.0	0.794862	0.794862	0.815009	9.28105
375.0	0.0	-0.484421	0.484421	0.874341	7.04964
376.0	0.0	0.118101	0.118101	0.790746	11.177
377.0	0.0	0.206936	0.206936	0.870182	7.41647
378.0	0.0	-0.456777	0.456777	0.89971	6.05816
379.0	0.0	-0.0898043	0.0898043	0.874019	7.29079
380.0	0.0	-0.270898	0.270898	0.92433	5.25818
381.0	0.0	-0.376514	0.376514	0.884139	6.74119
382.0	0.0	0.0814089	0.0814089	0.837676	8.88321
383.0	0.0	-0.21585	0.21585	0.911811	5.75053
384.0	0.0	0.510574	0.510574	0.896636	6.12735
385.0	0.0	-0.0733994	0.0733994	0.865629	7.6474
386.0	0.0	0.365126	0.365126	0.800991	10.5155
387.0	0.0	-0.598772	0.598772	0.838945	8.45509
388.0	0.0	0.219921	0.219921	0.885178	6.79184
389.0	0.0	0.672044	0.672044	0.786363	10.9134
390.0	0.0	0.0235666	0.0235666	0.862548	7.78426
391.0	0.0	-0.212356	0.212356	0.952676	4.27819
392.0	0.0	-0.536618	0.536618	0.904658	5.79076
393.0	0.0	-0.119267	0.119267	0.789272	11.254
394.0	0.0	-0.00869925	0.00869925	0.890678	6.61836
395.0	0.0	0.52102	0.52102	0.843269	8.35107
396.0	0.0	0.554512	0.554512	0.890503	6.323
397.0	0.0	-0.0392418	0.0392418	0.886639	6.77925
398.0	0.0	-0.0785387	0.0785387	0.90345	6.1098
399.0	0.0	-0.0312404	0.0312404	0.820204	9.71134
400.0	0.0	-0.304787	0.304787	0.798804	10.6717
401.0	0.0	0.251769	0.251769	0.876873	7.11663
402.0	0.0	-0.810047	0.810047	0.849194	7.6919
403.0	0.0	0.218601	0.218601	0.866193	7.58017
404.0	0.0	0.475054	0.475054	0.800966	10.4145
405.0	0.0	0.367287	0.367287	0.903417	5.98618
406.0	0.0	-0.530534	0.530534	0.852746	7.92088
407.0	0.0	-0.390033	0.390033	0.83549	8.82974
408.0	0.0	-0.315342	0.315342	0.893111	6.42366
409.0	0.0	0.00530227	0.00530227	0.915439	5.65831
410.0	0.0	-0.331732	0.331732	0.902852	6.0321
411.0	0.0	0.259623	0.259623	0.903401	6.05224
412.0	0.0	0.568917	0.568917	0.856153	7.72936
413.0	0.0	0.0673374	0.0673374	0.852066	8.23707
414.0	0.0	0.930019	0.930019	0.917157	4.77801
415.0	0.0	0.319653	0.319653	0.88202	6.86657
416.0	0.0	-0.35305	0.35305	0.785599	11.3227
417.0	0.0	0.378294	0.378294	0.956811	4.04777
418.0	0.0	-0.506635	0.506635	0.954797	4.01305
419.0	0.0	-0.423793	0.423793	0.804303	10.2974
420.0	0.0	0.178948	0.178948	0.861111	7.81387
421.0	0.0	0.434755	0.434755	0.88006	6.86009
422.0	0.0	0.600532	0.600532	0.84588	8.14182
423.0	0.0	0.388678	0.388678	0.883848	6.74373
424.0	0.0	-0.0431563	0.0431563	0.827884	9.34411
425.0	0.0	0.393247	0.393247	0.964088	3.79276
426.0	0.0	0.413594	0.413594	0.780347	11.55
427.0	0.0	-0.0421469	0.0421469	0.914326	5.69854
428.0	0.0	0.491723	0.491723	0.828564	9.05577
429.0	0.0	-0.151445	0.151445	0.784615	11.4907
430.0	0.0	0.39576	0.39576	0.772203	12.0096
431.0	0.0	0.322016	0.322016	0.801957	10.4995
432.0	0.0	0.42168	0.42168	0.819459	9.55579
433.0	0.0	-0.184542	0.184542	0.884305	6.84146
434.0	0.0	-0.557948	0.557948	0.899698	5.95916
435.0	0.0	-0.307808	0.307808	0.751828	13.2403
436.0	0.0	-0.181344	0.181344	0.827673	9.32081
437.0	0.0	-0.793629	0.793629	0.945071	4.00671
438.0	0.0	-0.215332	0.215332	0.907093	5.93051
439.0	0.0	0.138989	0.138989	0.878592	7.08988
440.0	0.0	0.0322923	0.0322923	0.849404	8.35877
441.0	0.0	0.476708	0.476708	0.809341	9.99459
442.0	0.0	0.493403	0.493403	0.824084	9.26471
443.0	0.0	0.0574737	0.0574737	0.84422	8.58874
444.0	0.0	-0.339419	0.339419	0.935736	4.80626
445.0	0.0	-0.818433	0.818433	0.797458	10.1019
446.0	0.0	0.548049	0.548049	0.858125	7.66803
447.0	0.0	0.560127	0.560127	0.739742	13.697
448.0	0.0	-0.346138	0.346138	0.828424	9.1924
449.0	0.0	-0.92997	0.92997	0.845114	7.65726
450.0	0.0	-0.308979	0.308979	0.827951	9.24066
451.0	0.0	0.138553	0.138553	0.928416	5.15997
452.0	0.0	-0.0734562	0.0734562	0.78825	11.3179
453.0	0.0	-0.763692	0.763692	0.773928	11.426
454.0	0.0	0.238809	0.238809	0.81025	10.1362
455.0	0.0	-0.481346	0.481346	0.846032	8.26887
456.0	0.0	-0.0231679	0.0231679	0.95026	4.40228
457.0	0.0	0.35915	0.35915	0.78494	11.3527
458.0	0.0	0.755463	0.755463	0.80547	9.81092
459.0	0.0	-0.110322	0.110322	0.811964	10.1008
460.0	0.0	0.403821	0.403821	0.836355	8.77845
461.0	0.0	0.101056	0.101056	0.723518	15.0823
462.0	0.0	-0.110297	0.110297	0.815218	9.94111
463.0	0.0	-0.60269	0.60269	0.910184	5.50891
464.0	0.0	0.0652453	0.0652453	0.931365	5.06702
465.0	0.0	0.225661	0.225661	0.850276	8.26809
466.0	0.0	0.244316	0.244316	0.903798	6.04436
467.0	0.0	-0.429206	0.429206	0.814252	9.80072
468.0	0.0	0.709386	0.709386	0.890501	6.13208
469.0	0.0	-0.118784	0.118784	0.740858	13.993
470.0	0.0	0.341635	0.341635	0.841031	8.61396
471.0	0.0	0.173113	0.173113	0.766715	12.4622
472.0	0.0	-0.225071	0.225071	0.78745	11.3087
473.0	0.0	0.507065	0.507065	0.938426	4.57917
474.0	0.0	0.0504793	0.0504793	0.93487	4.94241
475.0	0.0	-0.0545013	0.0545013	0.939621	4.77257
476.0	0.0	-0.841639	0.841639	0.859488	7.19626
477.0	0.0	0.372434	0.372434	0.882389	6.81523
478.0	0.0	-0.315674	0.315674	0.7974	10.736
479.0	0.0	0.134376	0.134376	0.838865	8.81659
480.0	0.0	0.202831	0.202831	0.791748	11.0939
481.0	0.0	0.380557	0.380557	0.932296	4.90176
482.0	0.0	0.685701	0.685701	0.794624	10.4658
483.0	0.0	-0.471734	0.471734	0.785137	11.2362
484.0	0.0	-0.599461	0.599461	0.91099	5.48227
485.0	0.0	0.0250695	0.0250695	0.924832	5.30861
486.0	0.0	0.242889	0.242889	0.869402	7.43293
487.0	0.0	0.0312263	0.0312263	0.848577	8.39567
488.0	0.0	0.321231	0.321231	0.838518	8.7426
489.0	0.0	0.278666	0.278666	0.882992	6.85141
490.0	0.0	-0.117257	0.117257	0.936404	4.87703
491.0	0.0	0.160646	0.160646	0.823089	9.54602
492.0	0.0	-0.458139	0.458139	0.745573	13.4721
493.0	0.0	0.540635	0.540635	0.899312	5.99254
494.0	0.0	-0.185987	0.185987	0.90718	5.93857
495.0	0.0	0.340424	0.340424	0.757854	12.865
496.0	0.0	-2.66402e-05	2.66402e-05	0.845975	8.51321
497.0	0.0	0.064676	0.064676	0.920114	5.47959
498.0	0.0	-0.02169	0.02169	0.894712	6.45748
499.0	0.0	-0.386757	0.386757	0.794642	10.8219
500.0	0.0	0.158819	0.158819	0.977492	3.46785
501.0	0.0	-0.223687	0.223687	0.86249	7.73607
502.0	0.0	0.372269	0.372269	0.828548	9.16654
503.0	0.0	0.0791943	0.0791943	0.94386	4.61996
504.0	0.0	0.158605	0.158605	0.894093	6.4577
505.0	0.0	0.128325	0.128325	0.915169	5.6527
506.0	0.0	0.248943	0.248943	0.882398	6.89123
507.0	0.0	0.33131	0.33131	0.827665	9.2388
508.0	0.0	-0.169959	0.169959	0.87709	7.14228
509.0	0.0	-0.55315	0.55315	0.939233	4.50561
510.0	0.0	-0.352666	0.352666	0.846327	8.36742
511.0	0.0	-0.270704	0.270704	0.868177	7.47013
512.0	0.0	-0.186147	0.186147	0.849769	8.30751
513.0	0.0	0.474178	0.474178	0.830255	8.99492
514.0	0.0	-0.410689	0.410689	0.875364	7.07344
515.0	0.0	-0.461459	0.461459	0.871755	7.17886
516.0	0.0	-0.358381	0.358381	0.879161	6.95727
517.0	0.0	0.292533	0.292533	0.799754	10.6314
518.0	0.0	0.986254	0.986254	0.850564	7.31105
519.0	0.0	-0.442942	0.442942	0.909203	5.70577
520.0	0.0	0.0915108	0.0915108	0.897823	6.32706
521.0	0.0	0.112062	0.112062	0.782384	11.6219
522.0	0.0	-0.225194	0.225194	0.908334	5.87885
523.0	0.0	-0.787679	0.787679	0.709023	15.2611
524.0	0.0	-0.0111897	0.0111897	0.801568	10.6343
525.0	0.0	0.614125	0.614125	0.856295	7.66859
526.0	0.0	0.36328	0.36328	0.906122	5.88503
527.0	0.0	-0.168279	0.168279	0.942435	4.64962
528.0	0.0	-0.0484681	0.0484681	0.924287	5.32703
529.0	0.0	0.00509251	0.00509251	0.911217	5.81786
530.0	0.0	0.248018	0.248018	0.854949	8.05123
531.0	0.0	-0.111196	0.111196	0.861734	7.80719
532.0	0.0	0.357445	0.357445	0.928769	5.04503
533.0	0.0	-0.343595	0.343595	0.834818	8.89673
534.0	0.0	-0.500759	0.500759	0.80135	10.3673
535.0	0.0	0.570392	0.570392	0.801372	10.2839
536.0	0.0	1.0697	1.0697	0.746616	12.3048
537.0	0.0	-0.440268	0.440268	0.825365	9.25725
538.0	0.0	0.0263947	0.0263947	0.880756	7.01957
539.0	0.0	0.25586	0.25586	0.870225	7.39171
540.0	0.0	0.0361532	0.0361532	0.849918	8.3356
541.0	0.0	0.171769	0.171769	0.931301	5.04562
542.0	0.0	0.316678	0.316678	0.86587	7.54048
543.0	0.0	-0.191453	0.191453	0.824665	9.45922
544.0	0.0	-0.168851	0.168851	0.938503	4.78849
545.0	0.0	-0.168734	0.168734	0.906026	5.9888
546.0	0.0	0.669164	0.669164	0.817619	9.35335
547.0	0.0	-0.0475915	0.0475915	0.855776	8.07623
548.0	0.0	0.302033	0.302033	0.92607	5.17762
549.0	0.0	-0.143789	0.143789	0.874428	7.26105
550.0	0.0	0.268358	0.268358	0.897251	6.28726
551.0	0.0	0.0313855	0.0313855	0.97893	3.44279
552.0	0.0	-0.262705	0.262705	0.821568	9.57211
553.0	0.0	0.317041	0.317041	0.850909	8.18859
554.0	0.0	-0.265645	0.265645	0.9104	5.78101
555.0	0.0	-0.401608	0.401608	0.906154	5.85554
556.0	0.0	-0.0717894	0.0717894	0.838322	8.85511
557.0	0.0	0.0879085	0.0879085	0.914008	5.70482
558.0	0.0	-0.22601	0.22601	0.899466	6.221
559.0	0.0	0.763907	0.763907	0.909556	5.32306
560.0	0.0	-0.329035	0.329035	0.83663	8.82373
561.0	0.0	-0.175692	0.175692	0.840351	8.73522
562.0	0.0	0.00222345	0.00222345	0.814817	9.97397
563.0	0.0	-0.486395	0.486395	0.846081	8.26161
564.0	0.0	-0.234706	0.234706	0.810784	10.1119
565.0	0.0	0.197787	0.197787	0.878024	7.09344
566.0	0.0	-0.247639	0.247639	0.827256	9.31
567.0	0.0	-0.075448	0.075448	0.906349	5.99845
568.0	0.0	-0.386932	0.386932	0.760376	12.6805
569.0	0.0	-0.628845	0.628845	0.797575	10.3983
570.0	0.0	-0.0124432	0.0124432	0.862838	7.77219
571.0	0.0	-0.0859834	0.0859834	0.871756	7.38619
572.0	0.0	-0.45131	0.45131	0.813736	9.80472
573.0	0.0	0.386468	0.386468	0.760965	12.6473
574.0	0.0	-0.44849	0.44849	0.805289	10.2243
575.0	0.0	-0.634107	0.634107	0.854281	7.7303
576.0	0.0	-0.659663	0.659663	0.828385	8.85895
577.0	0.0	-0.461135	0.461135	0.809994	9.97835
578.0	0.0	0.502247	0.502247	0.811947	9.83925
579.0	0.0	-0.355323	0.355323	0.786709	11.2621
580.0	0.0	-0.457854	0.457854	0.883585	6.69631
581.0	0.0	0.00498647	0.00498647	0.891262	6.59506
582.0	0.0	-0.153654	0.153654	0.915547	5.63166
583.0	0.0	-0.225299	0.225299	0.828384	9.26815
584.0	0.0	0.226577	0.226577	0.855284	8.04707
585.0	0.0	0.410498	0.410498	0.892923	6.36333
586.0	0.0	-0.476071	0.476071	0.812426	9.84371
587.0	0.0	0.0169183	0.0169183	0.895141	6.44068
588.0	0.0	0.332936	0.332936	0.875563	7.12319
589.0	0.0	-0.21846	0.21846	0.867705	7.51605
590.0	0.0	0.493032	0.493032	0.902482	5.91759
591.0	0.0	0.00899968	0.00899968	0.848396	8.40469
592.0	0.0	0.36937	0.36937	0.811555	9.98486
593.0	0.0	-1.08003	1.08003	0.855348	6.9126
594.0	0.0	-0.243659	0.243659	0.80638	10.3261
595.0	0.0	0.455315	0.455315	0.850485	8.09667
596.0	0.0	-0.617956	0.617956	0.855064	7.71701
597.0	0.0	-0.795486	0.795486	0.846733	7.82362
598.0	0.0	0.738876	0.738876	0.847704	7.87011
599.0	0.0	0.27413	0.27413	0.842979	8.56938
600.0	0.0	0.0288982	0.0288982	0.847965	8.42317
601.0	0.0	0.0347297	0.0347297	0.800685	10.678
602.0	0.0	0.15837	0.15837	0.793271	11.0327
603.0	0.0	0.140634	0.140634	0.708479	16.0606
604.0	0.0	0.0622314	0.0622314	0.881977	6.96637
605.0	0.0	0.0747627	0.0747627	0.814961	9.96085
606.0	0.0	-0.297431	0.297431	0.816006	9.81953
607.0	0.0	0.150942	0.150942	0.826941	9.36619
608.0	0.0	-0.434277	0.434277	0.864056	7.52786
609.0	0.0	-0.0909534	0.0909534	0.794733	10.9757
610.0	0.0	-0.486952	0.486952	0.798835	10.5097
611.0	0.0	-0.733361	0.733361	0.911359	5.29898
612.0	0.0	0.268239	0.268239	0.867854	7.48515
613.0	0.0	-0.0251561	0.0251561	0.81269	10.0777
614.0	0.0	0.0501923	0.0501923	0.862788	7.77194
615.0	0.0	-0.0495645	0.0495645	0.806284	10.3938
616.0	0.0	0.236726	0.236726	0.783306	11.5228
617.0	0.0	-0.26191	0.26191	0.892303	6.48603
618.0	0.0	-0.25213	0.25213	0.819141	9.69471
619.0	0.0	0.14059	0.14059	0.859175	7.91016
620.0	0.0	-0.0612404	0.0612404	0.938144	4.82433
621.0	0.0	0.243564	0.243564	0.807936	10.2485
622.0	0.0	-0.277755	0.277755	0.812369	10.0097
623.0	0.0	-0.562786	0.562786	0.865632	7.33117
624.0	0.0	-0.234125	0.234125	0.78859	11.2439
625.0	0.0	0.0828014	0.0828014	0.799212	10.7469
626.0	0.0	-0.180973	0.180973	0.882388	6.92078
627.0	0.0	0.119593	0.119593	0.825471	9.44495
628.0	0.0	0.124559	0.124559	0.830011	9.22947
629.0	0.0	-0.164696	0.164696	0.87218	7.34845
630.0	0.0	0.130181	0.130181	0.861598	7.80832
631.0	0.0	-0.11023	0.11023	0.880786	7.00685
632.0	0.0	1.14412	1.14412	0.819843	8.33776
633.0	0.0	0.00287418	0.00287418	0.829783	9.25674
634.0	0.0	0.169848	0.169848	0.85653	8.01586
635.0	0.0	0.0961844	0.0961844	0.785991	11.4331
636.0	0.0	-0.564968	0.564968	0.866931	7.27391
637.0	0.0	-0.226222	0.226222	0.834456	8.9844
638.0	0.0	0.190656	0.190656	0.871069	7.38571
639.0	0.0	-0.289196	0.289196	0.837602	8.80516
640.0	0.0	-0.582588	0.582588	0.894766	6.12391
641.0	0.0	-0.453705	0.453705	0.820434	9.47879
642.0	0.0	-0.105119	0.105119	0.704618	16.3341
643.0	0.0	0.15802	0.15802	0.860151	7.86253
644.0	0.0	0.840809	0.840809	0.89795	5.64572
645.0	0.0	-0.705327	0.705327	0.85765	7.48777
646.0	0.0	-0.532904	0.532904	0.919683	5.23013
647.0	0.0	0.154322	0.154322	0.869706	7.45579
648.0	0.0	0.527991	0.527991	0.78566	11.145
649.0	0.0	0.16932	0.16932	0.904687	6.04015
650.0	0.0	0.303382	0.303382	0.905614	5.94312
651.0	0.0	-0.56641	0.56641	0.878649	6.78662
652.0	0.0	0.507131	0.507131	0.854638	7.86329
653.0	0.0	0.352565	0.352565	0.811513	10.0002
654.0	0.0	0.0206658	0.0206658	0.844511	8.57863
655.0	0.0	0.518711	0.518711	0.78249	11.3239
656.0	0.0	0.254037	0.254037	0.777625	11.8192
657.0	0.0	0.572059	0.572059	0.863466	7.41224
658.0	0.0	-0.644501	0.644501	0.763269	12.206
659.0	0.0	0.0110565	0.0110565	0.918721	5.53531
660.0	0.0	0.282696	0.282696	0.813554	9.9485
661.0	0.0	-0.169042	0.169042	0.85533	8.06857
662.0	0.0	0.149596	0.149596	0.841094	8.71032
663.0	0.0	-0.0142431	0.0142431	0.810243	10.199
664.0	0.0	0.414069	0.414069	0.878676	6.93421
665.0	0.0	0.712436	0.712436	0.966444	3.39951
666.0	0.0	-0.199598	0.199598	0.879504	7.03178
667.0	0.0	-0.141979	0.141979	0.814213	9.98153
668.0	0.0	0.235107	0.235107	0.807008	10.2993
669.0	0.0	-0.110689	0.110689	0.868017	7.53888
670.0	0.0	-0.22429	0.22429	0.989095	3.0743
671.0	0.0	0.341116	0.341116	0.91535	5.55038
672.0	0.0	0.148932	0.148932	0.923394	5.3411
673.0	0.0	0.0402776	0.0402776	0.895407	6.42885
674.0	0.0	-0.514075	0.514075	0.755781	12.809
675.0	0.0	-0.200601	0.200601	0.786781	11.356
676.0	0.0	-1.00542	1.00542	0.746824	12.4485
677.0	0.0	-0.510974	0.510974	0.799343	10.4574
678.0	0.0	-0.118648	0.118648	0.845688	8.51132
679.0	0.0	-0.762236	0.762236	0.840416	8.1573
680.0	0.0	0.102584	0.102584	0.891956	6.55702
681.0	0.0	0.22336	0.22336	0.825304	9.41459
682.0	0.0	-0.314305	0.314305	0.859328	7.82236
683.0	0.0	-0.273385	0.273385	0.788403	11.2312
684.0	0.0	-0.0336717	0.0336717	0.81266	10.0786
685.0	0.0	0.854473	0.854473	0.881062	6.28569
686.0	0.0	-0.704291	0.704291	0.838997	8.30929
687.0	0.0	0.211402	0.211402	0.803603	10.4818
688.0	0.0	-0.260126	0.260126	0.871347	7.34237
689.0	0.0	-0.318431	0.318431	0.821649	9.5333
690.0	0.0	0.359971	0.359971	0.822992	9.4388
691.0	0.0	-0.108812	0.108812	0.788305	11.3077
692.0	0.0	0.479951	0.479951	0.865284	7.43331
693.0	0.0	0.432949	0.432949	0.938955	4.62495
694.0	0.0	-0.0354593	0.0354593	0.858912	7.94061
695.0	0.0	-0.0808963	0.0808963	0.885355	6.82624
696.0	0.0	-0.0477531	0.0477531	0.762074	12.7574
697.0	0.0	-0.131886	0.131886	0.8873	6.73682
698.0	0.0	0.305677	0.305677	0.880014	6.95726
699.0	0.0	-0.342577	0.342577	0.821676	9.51476
700.0	0.0	-0.343769	0.343769	0.750279	13.3033
701.0	0.0	-0.232386	0.232386	0.912345	5.72321
702.0	0.0	0.605593	0.605593	0.80875	9.87143
703.0	0.0	-0.403201	0.403201	0.778969	11.6339
704.0	0.0	-0.316348	0.316348	0.904656	5.97216
705.0	0.0	-0.741797	0.741797	0.767106	11.8364
706.0	0.0	-0.140787	0.140787	0.915485	5.63761
707.0	0.0	-0.456403	0.456403	0.925946	5.07193
708.0	0.0	-0.235695	0.235695	0.930475	5.05105
709.0	0.0	-0.284598	0.284598	0.907953	5.86416
710.0	0.0	-0.0696275	0.0696275	0.818124	9.80765
711.0	0.0	-0.292858	0.292858	0.96714	3.75322
712.0	0.0	1.47228	1.47228	0.809127	7.94562
713.0	0.0	-0.0916133	0.0916133	0.837686	8.88085
714.0	0.0	0.912504	0.912504	0.888696	5.88372
715.0	0.0	0.00994725	0.00994725	0.811314	10.1461
716.0	0.0	0.235154	0.235154	0.882821	6.88064
717.0	0.0	-0.376683	0.376683	0.864738	7.54632
718.0	0.0	-0.828581	0.828581	0.807752	9.57332
719.0	0.0	0.66395	0.66395	0.757237	12.5176
720.0	0.0	-0.182417	0.182417	0.849718	8.31123
721.0	0.0	-0.42526	0.42526	0.863534	7.55794
722.0	0.0	-0.092495	0.092495	0.878391	7.10894
723.0	0.0	-0.404168	0.404168	0.867215	7.41949
724.0	0.0	0.0552205	0.0552205	0.877009	7.17161
725.0	0.0	-0.200831	0.200831	0.896153	6.36144
726.0	0.0	1.02132	1.02132	0.832492	8.03546
727.0	0.0	-0.204554	0.204554	0.856769	7.99202
728.0	0.0	-1.09426	1.09426	0.849843	7.11579
729.0	0.0	0.0112128	0.0112128	0.877843	7.14003
730.0	0.0	0.375875	0.375875	0.901574	6.05124
731.0	0.0	-0.620125	0.620125	0.804795	10.0476
732.0	0.0	-0.491547	0.491547	0.798011	10.5467
733.0	0.0	0.033938	0.033938	0.923155	5.36984
734.0	0.0	0.197499	0.197499	0.791862	11.0903
735.0	0.0	0.0771099	0.0771099	0.798094	10.8052
736.0	0.0	-0.249035	0.249035	0.902968	6.0742
737.0	0.0	-0.547329	0.547329	0.833424	8.76907
738.0	0.0	-0.189154	0.189154	0.824173	9.48355
739.0	0.0	0.21298	0.21298	0.830325	9.18283
740.0	0.0	-0.358416	0.358416	0.808304	10.1542
741.0	0.0	0.106521	0.106521	0.943426	4.63051
742.0	0.0	-0.226955	0.226955	0.910571	5.79285
743.0	0.0	-0.678411	0.678411	0.858525	7.48808
744.0	0.0	0.0967814	0.0967814	0.863778	7.72243
745.0	0.0	0.0865818	0.0865818	0.861479	7.82315
746.0	0.0	0.166746	0.166746	0.988428	3.11515
747.0	0.0	-0.476229	0.476229	0.864957	7.45077
748.0	0.0	-0.393143	0.393143	0.769213	12.1773
749.0	0.0	0.0355594	0.0355594	0.8333	9.09109
750.0	0.0	-0.55074	0.55074	0.8987	6.00556
751.0	0.0	0.51018	0.51018	0.83603	8.69084
752.0	0.0	0.28184	0.28184	0.861194	7.76169
753.0	0.0	0.668044	0.668044	0.894959	6.01261
754.0	0.0	0.472658	0.472658	0.830799	8.97116
755.0	0.0	-0.182166	0.182166	0.874949	7.22677
756.0	0.0	0.79501	0.79501	0.88698	6.14573
757.0	0.0	0.370908	0.370908	0.833521	8.93599
758.0	0.0	0.323536	0.323536	0.937446	4.75518
759.0	0.0	-0.954096	0.954096	0.821831	8.66278
760.0	0.0	-0.732467	0.732467	0.799958	10.1226
761.0	0.0	-0.0218728	0.0218728	0.889903	6.64898
762.0	0.0	0.615138	0.615138	0.803537	10.117
763.0	0.0	0.570427	0.570427	0.89021	6.31708
764.0	0.0	-0.25373	0.25373	0.719674	15.2627
765.0	0.0	0.367403	0.367403	0.85632	7.91565
766.0	0.0	-0.530556	0.530556	0.91291	5.48436
767.0	0.0	-0.480116	0.480116	0.840054	8.53885
768.0	0.0	0.473166	0.473166	0.817421	9.6041
769.0	0.0	-0.315756	0.315756	0.938437	4.72463
770.0	0.0	1.46267	1.46267	0.711011	13.2698
771.0	0.0	0.123587	0.123587	0.86701	7.57857
772.0	0.0	0.762699	0.762699	0.851149	7.68281
773.0	0.0	0.221974	0.221974	0.847524	8.39227
774.0	0.0	-0.260886	0.260886	0.808278	10.2219
775.0	0.0	0.329991	0.329991	0.894254	6.36915
776.0	0.0	-0.261549	0.261549	0.88927	6.6072
777.0	0.0	-0.0599768	0.0599768	0.901528	6.18692
778.0	0.0	-0.537461	0.537461	0.870571	7.15192
779.0	0.0	-0.0906957	0.0906957	0.921123	5.43827
780.0	0.0	0.47672	0.47672	0.950077	4.20099
781.0	0.0	-0.0132575	0.0132575	0.86035	7.87942
782.0	0.0	0.0327892	0.0327892	0.841855	8.69818
783.0	0.0	-0.158056	0.158056	0.947129	4.48842
784.0	0.0	0.244803	0.244803	0.869313	7.43571
785.0	0.0	0.0376621	0.0376621	0.865021	7.67739
786.0	0.0	0.734555	0.734555	0.870862	6.88898
787.0	0.0	0.37569	0.37569	0.910979	5.69126
788.0	0.0	-0.181298	0.181298	0.913398	5.70371
789.0	0.0	-0.236402	0.236402	0.8012	10.591
790.0	0.0	-0.0821847	0.0821847	0.906738	5.98246
791.0	0.0	-0.994007	0.994007	0.88205	5.9953
792.0	0.0	0.580978	0.580978	0.942204	4.37257
793.0	0.0	-0.165365	0.165365	0.824646	9.47011
794.0	0.0	0.47099	0.47099	0.863416	7.52131
795.0	0.0	-0.153217	0.153217	0.822128	9.59452
796.0	0.0	0.811739	0.811739	0.852983	7.52463
797.0	0.0	0.185858	0.185858	0.674127	18.4974
798.0	0.0	-0.957052	0.957052	0.844433	7.635
799.0	0.0	-0.306828	0.306828	0.843999	8.50349
800.0	0.0	-0.41915	0.41915	0.901881	6.00599
801.0	0.0	0.203839	0.203839	0.753075	13.2307
802.0	0.0	0.232784	0.232784	0.925339	5.23932
803.0	0.0	-0.32961	0.32961	0.862476	7.67679
804.0	0.0	0.346102	0.346102	0.789215	11.1376
805.0	0.0	0.483047	0.483047	0.913156	5.52106
806.0	0.0	0.343843	0.343843	0.811148	10.0248
807.0	0.0	0.153261	0.153261	0.919905	5.46898
808.0	0.0	0.1396	0.1396	0.952402	4.31104
809.0	0.0	0.214848	0.214848	0.871471	7.35892
810.0	0.0	0.979508	0.979508	0.91133	4.90345
811.0	0.0	-0.537397	0.537397	0.874284	6.99782
812.0	0.0	-0.161541	0.161541	0.920793	5.43354
813.0	0.0	-0.206593	0.206593	0.839229	8.77395
814.0	0.0	-0.131017	0.131017	0.836929	8.90636
815.0	0.0	-0.37797	0.37797	0.853001	8.0526
816.0	0.0	0.455691	0.455691	0.896981	6.16548
817.0	0.0	0.412759	0.412759	0.8751	7.08262
818.0	0.0	-0.726844	0.726844	0.894085	5.96727
819.0	0.0	-0.39647	0.39647	0.905	5.90374
820.0	0.0	-0.261582	0.261582	0.89435	6.40505
821.0	0.0	0.050471	0.050471	0.936225	4.89387
822.0	0.0	-0.036355	0.036355	0.842406	8.67289
823.0	0.0	0.701828	0.701828	0.844333	8.07407
824.0	0.0	-0.61502	0.61502	0.835616	8.58579
825.0	0.0	-0.419023	0.419023	0.803469	10.3437
826.0	0.0	0.0471342	0.0471342	0.76385	12.6565
827.0	0.0	0.356984	0.356984	0.955069	4.12122
828.0	0.0	0.449298	0.449298	0.864841	7.48097
829.0	0.0	0.0337065	0.0337065	0.86099	7.85079
830.0	0.0	0.399788	0.399788	0.918984	5.37353
831.0	0.0	-0.165323	0.165323	0.885211	6.81141
832.0	0.0	0.78529	0.78529	0.869307	6.87653
833.0	0.0	-0.654117	0.654117	0.799173	10.2816
834.0	0.0	-0.229424	0.229424	0.865515	7.60409
835.0	0.0	-0.13472	0.13472	0.890346	6.61378
836.0	0.0	-0.646964	0.646964	0.894223	6.06825
837.0	0.0	-0.418939	0.418939	0.848238	8.22908
838.0	0.0	0.650987	0.650987	0.827797	8.89833
839.0	0.0	0.0806686	0.0806686	0.863569	7.73431
840.0	0.0	-0.437029	0.437029	0.863262	7.55922
841.0	0.0	-0.47806	0.47806	0.953412	4.08572
842.0	0.0	-0.244539	0.244539	0.901413	6.13668
843.0	0.0	0.585802	0.585802	0.886322	6.45444
844.0	0.0	0.383595	0.383595	0.984586	3.13215
845.0	0.0	0.467966	0.467966	0.811236	9.91033
846.0	0.0	-0.327032	0.327032	0.841618	8.59759
847.0	0.0	-0.44775	0.44775	0.796416	10.6739
848.0	0.0	-0.0976927	0.0976927	0.85393	8.1497
849.0	0.0	0.145032	0.145032	0.799858	10.698
850.0	0.0	-0.499671	0.499671	0.729729	14.3911
851.0	0.0	-0.193417	0.193417	0.859171	7.89219
852.0	0.0	0.331978	0.331978	0.842954	8.53377
853.0	0.0	0.198339	0.198339	0.785636	11.4177
854.0	0.0	0.106305	0.106305	0.926864	5.22404
855.0	0.0	0.0930339	0.0930339	0.918731	5.52681
856.0	0.0	-0.028262	0.028262	0.869379	7.49292
857.0	0.0	0.0132071	0.0132071	0.847816	8.43049
858.0	0.0	0.141483	0.141483	0.869995	7.44743
859.0	0.0	0.44983	0.44983	0.763082	12.4651
860.0	0.0	0.192244	0.192244	0.851785	8.21581
861.0	0.0	-0.00164488	0.00164488	0.836343	8.95155
862.0	0.0	-0.430556	0.430556	0.901709	6.00327
863.0	0.0	0.189701	0.189701	0.915547	5.61982
864.0	0.0	-0.225161	0.225161	0.89023	6.58626
865.0	0.0	0.387648	0.387648	0.818663	9.62386
866.0	0.0	-0.319621	0.319621	0.893579	6.40244
867.0	0.0	-0.827505	0.827505	0.848707	7.68395
868.0	0.0	0.201052	0.201052	0.845224	8.50463
869.0	0.0	0.733284	0.733284	0.933622	4.48988
870.0	0.0	0.428655	0.428655	0.831363	8.98702
871.0	0.0	-0.0967448	0.0967448	0.835082	8.99988
872.0	0.0	-0.125815	0.125815	0.931802	5.04037
873.0	0.0	0.14518	0.14518	0.774025	12.0662
874.0	0.0	-0.0613556	0.0613556	0.82085	9.6772
875.0	0.0	-0.0159645	0.0159645	0.770768	12.2704
876.0	0.0	0.549391	0.549391	0.856131	7.75268
877.0	0.0	-0.355681	0.355681	0.917202	5.4715
878.0	0.0	0.244518	0.244518	0.85691	7.96739
879.0	0.0	0.215582	0.215582	0.90663	5.94817
880.0	0.0	0.210899	0.210899	0.825834	9.39531
881.0	0.0	0.25373	0.25373	0.938038	4.77162
882.0	0.0	0.0072955	0.0072955	0.82058	9.69424
883.0	0.0	0.37129	0.37129	0.766108	12.3701
884.0	0.0	0.453469	0.453469	0.674739	18.2194
885.0	0.0	0.252019	0.252019	0.914219	5.64337
886.0	0.0	-0.51189	0.51189	0.803926	10.2255
887.0	0.0	-0.0826531	0.0826531	0.977406	3.48698
888.0	0.0	0.510137	0.510137	0.764522	12.3163
889.0	0.0	-0.200162	0.200162	0.892047	6.52427
890.0	0.0	0.446908	0.446908	0.850287	8.11327
891.0	0.0	-0.0863011	0.0863011	0.741155	13.9831
892.0	0.0	-0.489515	0.489515	0.750084	13.1697
893.0	0.0	0.174261	0.174261	0.898706	6.27094
894.0	0.0	-0.346967	0.346967	0.893437	6.39019
895.0	0.0	-0.20405	0.20405	0.859076	7.89197
896.0	0.0	-0.707781	0.707781	0.917397	5.10983
897.0	0.0	-0.542135	0.542135	0.847908	8.12094
898.0	0.0	-0.412276	0.412276	0.826137	9.24637
899.0	0.0	0.253585	0.253585	0.817402	9.77801
900.0	0.0	-0.57653	0.57653	0.796317	10.5322
901.0	0.0	-0.133009	0.133009	0.890781	6.59686
902.0	0.0	0.408851	0.408851	0.769037	12.1724
903.0	0.0	-0.164299	0.164299	0.867392	7.55041
904.0	0.0	-0.354586	0.354586	0.837514	8.76474
905.0	0.0	-0.129051	0.129051	0.843901	8.58915
906.0	0.0	-0.0716225	0.0716225	0.932626	5.02068
907.0	0.0	-0.507704	0.507704	0.812078	9.82686
908.0	0.0	0.110729	0.110729	0.894977	6.43539
909.0	0.0	-0.0339985	0.0339985	0.868759	7.51878
910.0	0.0	0.179848	0.179848	0.915894	5.61027
911.0	0.0	0.103448	0.103448	0.6908	17.3013
912.0	0.0	0.337348	0.337348	0.932375	4.92793
913.0	0.0	-0.0918228	0.0918228	0.912409	5.76456
914.0	0.0	0.145881	0.145881	0.894781	6.43431
915.0	0.0	0.63325	0.63325	0.812211	9.6648
916.0	0.0	0.462373	0.462373	0.857853	7.76827
917.0	0.0	-0.64243	0.64243	0.890205	6.23193
918.0	0.0	-0.106534	0.106534	0.850162	8.31432
919.0	0.0	0.0152122	0.0152122	0.821921	9.62959
920.0	0.0	-0.613907	0.613907	0.946228	4.19698
921.0	0.0	-0.452612	0.452612	0.727638	14.5777
922.0	0.0	-0.128013	0.128013	0.77894	11.8033
923.0	0.0	-0.24534	0.24534	0.853122	8.13278
924.0	0.0	-0.265051	0.265051	0.687225	17.4797
925.0	0.0	0.437523	0.437523	0.742458	13.6809
926.0	0.0	-0.129518	0.129518	0.973365	3.60993
927.0	0.0	-0.0335653	0.0335653	0.84809	8.41726
928.0	0.0	0.552083	0.552083	0.805205	10.1146
929.0	0.0	0.420705	0.420705	0.904033	5.92175
930.0	0.0	-0.36256	0.36256	0.856848	7.8963
931.0	0.0	-0.366629	0.366629	0.774982	11.8828
932.0	0.0	-0.131878	0.131878	0.949594	4.40984
933.0	0.0	0.0131899	0.0131899	0.879117	7.08745
934.0	0.0	-0.187658	0.187658	0.840294	8.73323
935.0	0.0	-0.335766	0.335766	0.788643	11.1756
936.0	0.0	-0.00476429	0.00476429	0.841017	8.73739
937.0	0.0	0.448238	0.448238	0.794915	10.7505
938.0	0.0	-0.402332	0.402332	0.811884	9.94088
939.0	0.0	0.404249	0.404249	0.807834	10.1391
940.0	0.0	-0.235147	0.235147	0.785413	11.4114
941.0	0.0	-0.131568	0.131568	0.853171	8.17503
942.0	0.0	0.239513	0.239513	0.884695	6.80247
943.0	0.0	-0.202899	0.202899	0.896101	6.36267
944.0	0.0	-0.997375	0.997375	0.769708	11.1871
945.0	0.0	0.22197	0.22197	0.936929	4.82517
946.0	0.0	-0.347434	0.347434	0.841157	8.60406
947.0	0.0	0.215463	0.215463	0.837049	8.86986
948.0	0.0	0.262831	0.262831	0.912172	5.71528
949.0	0.0	0.14562	0.14562	0.917928	5.5448
950.0	0.0	-0.596669	0.596669	0.832715	8.74219
951.0	0.0	0.341647	0.341647	0.854981	7.99286
952.0	0.0	0.478179	0.478179	0.784022	11.2883
953.0	0.0	0.0149259	0.0149259	0.903994	6.09453
954.0	0.0	0.446748	0.446748	0.864188	7.51108
955.0	0.0	-0.515256	0.515256	0.830399	8.94507
956.0	0.0	-0.084619	0.084619	0.907003	5.97188
957.0	0.0	-0.325564	0.325564	0.725287	14.8495
958.0	0.0	0.555987	0.555987	0.847676	8.11551
959.0	0.0	-1.15904	1.15904	0.801396	9.17788
960.0	0.0	1.2056	1.2056	0.852519	6.74654
961.0	0.0	-0.176389	0.176389	0.88934	6.64125
962.0	0.0	0.453279	0.453279	0.878717	6.8986
963.0	0.0	0.624255	0.624255	0.870902	7.03702
964.0	0.0	0.227205	0.227205	0.862365	7.73984
965.0	0.0	-0.139908	0.139908	0.807165	10.3308
966.0	0.0	-0.096876	0.096876	0.833326	9.08127
967.0	0.0	-0.608782	0.608782	0.795628	10.5249
968.0	0.0	-0.484477	0.484477	0.837466	8.65211
969.0	0.0	0.227042	0.227042	0.807886	10.2596
970.0	0.0	-0.609235	0.609235	0.723895	14.6088
971.0	0.0	-0.00938877	0.00938877	0.94843	4.46609
972.0	0.0	0.137846	0.137846	0.831484	9.15682
973.0	0.0	0.144602	0.144602	0.801086	10.6357
974.0	0.0	0.597744	0.597744	0.948763	4.12757
975.0	0.0	-1.27071	1.27071	0.869127	5.90492
976.0	0.0	-0.213813	0.213813	0.88853	6.6593
977.0	0.0	0.257833	0.257833	0.900726	6.15687
978.0	0.0	0.116841	0.116841	0.819012	9.75508
979.0	0.0	0.194553	0.194553	0.926105	5.22671
980.0	0.0	0.399739	0.399739	0.881698	6.82238
981.0	0.0	-0.255472	0.255472	0.849847	8.27219
982.0	0.0	-0.0522698	0.0522698	0.796514	10.89
983.0	0.0	-0.288677	0.288677	0.757518	12.9229
984.0	0.0	-0.154263	0.154263	0.780793	11.6946
985.0	0.0	0.540141	0.540141	0.895286	6.14992
986.0	0.0	-0.885333	0.885333	0.920628	4.72734
987.0	0.0	0.0658729	0.0658729	0.859271	7.92185
988.0	0.0	-0.0607777	0.0607777	0.843438	8.62366
989.0	0.0	0.291353	0.291353	0.845385	8.45088
990.0	0.0	-0.0577698	0.0577698	0.818837	9.77477
991.0	0.0	-0.183998	0.183998	0.864233	7.67793
992.0	0.0	-0.181044	0.181044	0.851974	8.21181
993.0	0.0	0.00257415	0.00257415	0.788305	11.3211
994.0	0.0	0.196375	0.196375	0.85939	7.8815
995.0	0.0	0.211044	0.211044	0.853931	8.11341
996.0	0.0	-0.219815	0.219815	0.807104	10.3021
997.0	0.0	0.227299	0.227299	0.88869	6.64698
998.0	0.0	0.826754	0.826754	0.792314	10.3476
999.0	0.0	0.0644079	0.0644079	0.897806	6.33186
1000.0	0.0	0.472198	0.472198	0.841086	8.50005
1001.0	0.0	0.372413	0.372413	0.82745	9.21799
1002.0	0.0	-0.0875313	0.0875313	0.865037	7.67034
1003.0	0.0	1.37787	1.37787	0.911519	4.03188
1004.0	0.0	-0.499305	0.499305	0.841958	8.43316
1005.0	0.0	-0.174601	0.174601	0.861635	7.79287
1006.0	0.0	-0.0415169	0.0415169	0.887555	6.74209
1007.0	0.0	-0.495606	0.495606	0.818111	9.54735
1008.0	0.0	0.289687	0.289687	0.783709	11.4695
1009.0	0.0	-0.0420102	0.0420102	0.908549	5.9179
1010.0	0.0	0.0895371	0.0895371	0.912654	5.75569
1011.0	0.0	-0.211336	0.211336	0.879621	7.02216
1012.0	0.0	0.82005	0.82005	0.922538	4.76167
1013.0	0.0	-0.502531	0.502531	0.791158	10.8869
1014.0	0.0	0.618678	0.618678	0.955361	3.8799
1015.0	0.0	-0.16995	0.16995	0.910994	5.79855
1016.0	0.0	-0.374849	0.374849	0.857672	7.85126
1017.0	0.0	-0.141045	0.141045	0.710367	15.9335
1018.0	0.0	-0.0383587	0.0383587	0.972911	3.63849
1019.0	0.0	0.625084	0.625084	0.882616	6.55648
1020.0	0.0	0.791457	0.791457	0.761538	12.0582
1021.0	0.0	0.20735	0.20735	0.865965	7.59473
1022.0	0.0	-0.95458	0.95458	0.859809	6.9793
1023.0	0.0	-0.130371	0.130371	0.887429	6.73202
1024.0	0.0	-0.305265	0.305265	0.949948	4.32805
1025.0	0.0	0.164886	0.164886	0.914883	5.6532
1026.0	0.0	-0.588334	0.588334	0.77514	11.631
1027.0	0.0	-0.0437726	0.0437726	0.850008	8.331
1028.0	0.0	-0.513308	0.513308	0.788631	11.0062
1029.0	0.0	-0.523177	0.523177	0.952412	4.07875
1030.0	0.0	-0.656899	0.656899	0.881596	6.55741
1031.0	0.0	0.0861068	0.0861068	0.966458	3.84641
1032.0	0.0	0.341756	0.341756	0.873859	7.18793
1033.0	0.0	-0.736175	0.736175	0.870245	6.91213
1034.0	0.0	0.127032	0.127032	0.760108	12.8535
1035.0	0.0	0.415103	0.415103	0.837275	8.72657
1036.0	0.0	0.289727	0.289727	0.847403	8.36153
1037.0	0.0	0.205352	0.205352	0.867692	7.52227
1038.0	0.0	-1.04259	1.04259	0.818303	8.64185
1039.0	0.0	0.580466	0.580466	0.866878	7.25827
1040.0	0.0	-0.611492	0.611492	0.916695	5.25557
1041.0	0.0	-0.0305627	0.0305627	0.713755	15.7317
1042.0	0.0	-0.0827239	0.0827239	0.848667	8.38554
1043.0	0.0	0.245385	0.245385	0.967947	3.74947
1044.0	0.0	-0.273115	0.273115	0.802167	10.5212
1045.0	0.0	0.0776694	0.0776694	0.77178	12.2075
1046.0	0.0	-0.145567	0.145567	0.979017	3.42202
1047.0	0.0	0.0512761	0.0512761	0.852868	8.2036
1048.0	0.0	-0.522154	0.522154	0.83953	8.51845
1049.0	0.0	-0.132367	0.132367	0.867044	7.5748
1050.0	0.0	-0.334745	0.334745	0.838331	8.7418
1051.0	0.0	-0.152154	0.152154	0.797115	10.8361
1052.0	0.0	-0.454017	0.454017	0.904244	5.88551
1053.0	0.0	-0.399576	0.399576	0.799542	10.5598
1054.0	0.0	-0.0266355	0.0266355	0.835684	8.98123
1055.0	0.0	0.113327	0.113327	0.821743	9.62446
1056.0	0.0	0.34176	0.34176	0.780837	11.5857
1057.0	0.0	0.224024	0.224024	0.878387	7.06739
1058.0	0.0	-0.197662	0.197662	0.786898	11.3511
1059.0	0.0	0.381651	0.381651	0.927833	5.06218
1060.0	0.0	-0.770144	0.770144	0.809531	9.58747
1061.0	0.0	-0.702222	0.702222	0.81262	9.54533
1062.0	0.0	-0.506843	0.506843	0.805469	10.1541
1063.0	0.0	0.274602	0.274602	0.797041	10.7815
1064.0	0.0	0.405345	0.405345	0.841067	8.56237
1065.0	0.0	-0.0821377	0.0821377	0.886062	6.79738
1066.0	0.0	0.520265	0.520265	0.900585	5.96413
1067.0	0.0	-0.0620553	0.0620553	0.84633	8.49323
1068.0	0.0	0.0166775	0.0166775	0.925592	5.28103
1069.0	0.0	-0.0391156	0.0391156	0.862282	7.79472
1070.0	0.0	-0.266633	0.266633	0.863369	7.67686
1071.0	0.0	-0.491957	0.491957	0.857215	7.76695
1072.0	0.0	-0.0717196	0.0717196	0.97351	3.61557
1073.0	0.0	0.104432	0.104432	0.822131	9.60794
1074.0	0.0	0.0478149	0.0478149	0.829507	9.26727
1075.0	0.0	-0.304395	0.304395	0.914676	5.59834
1076.0	0.0	-0.622815	0.622815	0.811082	9.7341
1077.0	0.0	0.680856	0.680856	0.787875	10.8211
1078.0	0.0	-0.820583	0.820583	0.792931	10.3274
1079.0	0.0	0.355414	0.355414	0.833861	8.93219
1080.0	0.0	-0.135926	0.135926	0.885376	6.81353
1081.0	0.0	-0.48496	0.48496	0.878942	6.85981
1082.0	0.0	-0.359611	0.359611	0.732033	14.3954
1083.0	0.0	-0.243271	0.243271	0.79255	11.0318
1084.0	0.0	-0.502174	0.502174	0.797967	10.5372
1085.0	0.0	-0.595858	0.595858	0.799605	10.3402
1086.0	0.0	-0.187454	0.187454	0.817512	9.80439
1087.0	0.0	-0.247784	0.247784	0.887125	6.70028
1088.0	0.0	-0.593198	0.593198	0.800188	10.3142
1089.0	0.0	-0.279073	0.279073	0.854825	8.03973
1090.0	0.0	0.428421	0.428421	0.913314	5.56262
1091.0	0.0	-0.790723	0.790723	0.81641	9.22101
1092.0	0.0	-0.791296	0.791296	0.791601	10.4476
1093.0	0.0	-0.106772	0.106772	0.870762	7.42389
1094.0	0.0	0.315866	0.315866	0.886178	6.70043
1095.0	0.0	-0.0607241	0.0607241	0.912854	5.75228
1096.0	0.0	-0.0930082	0.0930082	0.808817	10.2605
1097.0	0.0	-1.36646	1.36646	0.698095	14.4301
1098.0	0.0	0.0342757	0.0342757	0.888977	6.68544
1099.0	0.0	-0.458144	0.458144	0.819067	9.53998
1100.0	0.0	-0.399387	0.399387	0.842511	8.5021
1101.0	0.0	-1.0462	1.0462	0.743957	12.517
1102.0	0.0	-0.201745	0.201745	0.893591	6.46232
1103.0	0.0	0.777708	0.777708	0.909592	5.30156
1104.0	0.0	0.468281	0.468281	0.756546	12.818
1105.0	0.0	-0.0491236	0.0491236	0.915646	5.64824
1106.0	0.0	0.544171	0.544171	0.83721	8.5993
1107.0	0.0	0.546692	0.546692	0.823495	9.23328
1108.0	0.0	0.163448	0.163448	0.870804	7.40662
1109.0	0.0	0.61707	0.61707	0.856994	7.63471
1110.0	0.0	-0.286408	0.286408	0.756679	12.9729
1111.0	0.0	0.914459	0.914459	0.804557	9.56802
1112.0	0.0	0.601059	0.601059	0.839975	8.40564
1113.0	0.0	-0.61998	0.61998	0.802716	10.1515
1114.0	0.0	-0.14148	0.14148	0.810004	10.1891
1115.0	0.0	0.660019	0.660019	0.745636	13.1979
1116.0	0.0	-0.350842	0.350842	0.869864	7.34862
1117.0	0.0	-0.521571	0.521571	0.816207	9.61061
1118.0	0.0	0.462618	0.462618	0.85541	7.87403
1119.0	0.0	-0.768109	0.768109	0.765966	11.8537
1120.0	0.0	-0.2279	0.2279	0.929873	5.07625
1121.0	0.0	-0.510699	0.510699	0.817437	9.56342
1122.0	0.0	-0.127567	0.127567	0.848396	8.3878
1123.0	0.0	-0.444482	0.444482	0.832511	8.91912
1124.0	0.0	-0.0122538	0.0122538	0.765189	12.5831
1125.0	0.0	-0.522039	0.522039	0.877951	6.86318
1126.0	0.0	0.249775	0.249775	0.805606	10.3615
1127.0	0.0	0.0841976	0.0841976	0.905227	6.04027
1128.0	0.0	-0.448012	0.448012	0.785794	11.2261
1129.0	0.0	0.311399	0.311399	0.859249	7.82766
1130.0	0.0	-0.382301	0.382301	0.784595	11.3515
1131.0	0.0	-0.522258	0.522258	0.876455	6.92433
1132.0	0.0	-0.368911	0.368911	0.836351	8.80711
1133.0	0.0	-0.380073	0.380073	0.811919	9.95821
1134.0	0.0	-0.768059	0.768059	0.844917	7.94778
1135.0	0.0	-0.762296	0.762296	0.777163	11.2544
1136.0	0.0	-0.523848	0.523848	0.85634	7.77165
1137.0	0.0	0.188578	0.188578	0.847306	8.41633
1138.0	0.0	-0.533893	0.533893	0.95932	3.83479
1139.0	0.0	-0.79608	0.79608	0.873542	6.6851
1140.0	0.0	-0.0302826	0.0302826	0.856642	8.0398
1141.0	0.0	-0.0159501	0.0159501	0.874169	7.29245
1142.0	0.0	-0.057708	0.057708	0.82549	9.45587
1143.0	0.0	0.97346	0.97346	0.81436	8.97521
1144.0	0.0	0.234891	0.234891	0.852499	8.16538
1145.0	0.0	-0.357571	0.357571	0.80755	10.1923
1146.0	0.0	-0.310632	0.310632	0.867438	7.47782
1147.0	0.0	0.414186	0.414186	0.945922	4.39555
1148.0	0.0	-0.376164	0.376164	0.774979	11.8748
1149.0	0.0	-0.286203	0.286203	0.840993	8.65228
1150.0	0.0	-0.149996	0.149996	0.918117	5.53649
1151.0	0.0	-0.371056	0.371056	0.849401	8.21673
1152.0	0.0	-0.462719	0.462719	0.807932	10.0786
1153.0	0.0	-0.0558767	0.0558767	0.81806	9.81264
1154.0	0.0	-0.568957	0.568957	0.83467	8.6864
1155.0	0.0	-0.354797	0.354797	0.863266	7.62538
1156.0	0.0	-0.18581	0.18581	0.857346	7.9744
1157.0	0.0	0.0364121	0.0364121	0.753626	13.2466
1158.0	0.0	0.0602684	0.0602684	0.8985	6.30514
1159.0	0.0	0.0219674	0.0219674	0.861106	7.84643
1160.0	0.0	-0.0803978	0.0803978	0.884503	6.86089
1161.0	0.0	0.825482	0.825482	0.824607	8.77456
1162.0	0.0	-0.109825	0.109825	0.886987	6.75476
1163.0	0.0	0.312199	0.312199	0.853677	8.06984
1164.0	0.0	0.247824	0.247824	0.851715	8.19353
1165.0	0.0	0.450053	0.450053	0.844344	8.3747
1166.0	0.0	-0.409341	0.409341	0.786246	11.2398
1167.0	0.0	-0.0187242	0.0187242	0.857371	8.00856
1168.0	0.0	0.0983006	0.0983006	0.862824	7.76306
1169.0	0.0	0.444658	0.444658	0.871634	7.19919
1170.0	0.0	0.291185	0.291185	0.909682	5.79463
1171.0	0.0	0.226795	0.226795	0.826178	9.37153
1172.0	0.0	0.0741592	0.0741592	0.871485	7.39947
1173.0	0.0	-0.0318058	0.0318058	0.917305	5.58736
1174.0	0.0	-0.253141	0.253141	0.771156	12.1746
1175.0	0.0	0.319618	0.319618	0.858698	7.84618
1176.0	0.0	-0.94754	0.94754	0.828741	8.35661
1177.0	0.0	-0.244254	0.244254	0.847312	8.39092
1178.0	0.0	-0.156792	0.156792	0.931474	5.044
1179.0	0.0	0.139827	0.139827	0.845551	8.51179
1180.0	0.0	-0.362911	0.362911	0.834607	8.89203
1181.0	0.0	0.712844	0.712844	0.773152	11.5536
1182.0	0.0	0.0553441	0.0553441	0.890645	6.61672
1183.0	0.0	0.0699136	0.0699136	0.762065	12.7549
1184.0	0.0	-0.446323	0.446323	0.799463	10.5199
1185.0	0.0	-0.293847	0.293847	0.833964	8.96984
1186.0	0.0	0.1817	0.1817	0.837563	8.86045
1187.0	0.0	-0.830275	0.830275	0.813118	9.31017
1188.0	0.0	0.142212	0.142212	0.847286	8.43324
1189.0	0.0	-0.575454	0.575454	0.781921	11.2837
1190.0	0.0	-0.561181	0.561181	0.848124	8.08966
1191.0	0.0	0.175059	0.175059	0.937434	4.82454
1192.0	0.0	-0.165076	0.165076	0.820504	9.66838
1193.0	0.0	-0.620997	0.620997	0.803999	10.086
1194.0	0.0	0.353591	0.353591	0.820152	9.57954
1195.0	0.0	0.139757	0.139757	0.877553	7.13252
1196.0	0.0	0.000645929	0.000645929	0.947895	4.48478
1197.0	0.0	0.436958	0.436958	0.925381	5.10885
1198.0	0.0	-0.0317267	0.0317267	0.734559	14.3962
1199.0	0.0	0.138444	0.138444	0.85457	8.11163
1200.0	0.0	-0.238123	0.238123	0.822061	9.5618
1201.0	0.0	0.00632918	0.00632918	0.865691	7.65021
1202.0	0.0	-0.158979	0.158979	0.900482	6.20653
1203.0	0.0	-0.201175	0.201175	0.901172	6.16485
1204.0	0.0	-0.728983	0.728983	0.735484	13.6922
1205.0	0.0	-0.597303	0.597303	0.766931	12.0695
1206.0	0.0	-0.037324	0.037324	0.910488	5.84427
1207.0	0.0	-0.312931	0.312931	0.771729	12.1037
1208.0	0.0	0.373355	0.373355	0.867978	7.41154
1209.0	0.0	-0.180327	0.180327	0.864204	7.68055
1210.0	0.0	0.0892486	0.0892486	0.894292	6.46673
1211.0	0.0	0.809187	0.809187	0.93443	4.35374
1212.0	0.0	0.0937195	0.0937195	0.839752	8.78583
1213.0	0.0	-0.634051	0.634051	0.877209	6.76479
1214.0	0.0	0.258736	0.258736	0.760327	12.7809
1215.0	0.0	0.0237771	0.0237771	0.88634	6.7923
1216.0	0.0	0.249691	0.249691	0.902019	6.11068
1217.0	0.0	-0.0915867	0.0915867	0.882554	6.93832
1218.0	0.0	-0.652074	0.652074	0.823555	9.09556
1219.0	0.0	-0.599629	0.599629	0.789905	10.832
1220.0	0.0	-0.612756	0.612756	0.802852	10.1545
1221.0	0.0	0.692471	0.692471	0.867918	7.07135
1222.0	0.0	0.532377	0.532377	0.745637	13.38
1223.0	0.0	0.298339	0.298339	0.877004	7.08548
1224.0	0.0	-0.0629163	0.0629163	0.76579	12.5448
1225.0	0.0	-0.140323	0.140323	0.836542	8.92152
1226.0	0.0	-0.019054	0.019054	0.836863	8.92721
1227.0	0.0	-0.0347056	0.0347056	0.788476	11.3107
1228.0	0.0	-0.174165	0.174165	0.786275	11.394
1229.0	0.0	0.162883	0.162883	0.820051	9.691
1230.0	0.0	0.0763072	0.0763072	0.750477	13.4263
1231.0	0.0	-0.52973	0.52973	0.936456	4.62705
1232.0	0.0	-0.216923	0.216923	0.862286	7.74788
1233.0	0.0	-0.844673	0.844673	0.826038	8.67423
1234.0	0.0	-0.431917	0.431917	0.940266	4.57952
1235.0	0.0	0.370519	0.370519	0.862255	7.65702
1236.0	0.0	-0.720734	0.720734	0.856476	7.51586
1237.0	0.0	-0.109059	0.109059	0.892906	6.51787
1238.0	0.0	0.097565	0.097565	0.932997	5.00319
1239.0	0.0	-0.313177	0.313177	0.841742	8.60128
1240.0	0.0	-1.17588	1.17588	0.920427	4.18332
1241.0	0.0	-0.437067	0.437067	0.831859	8.95627
1242.0	0.0	0.46868	0.46868	0.801761	10.381
1243.0	0.0	0.31001	0.31001	0.91833	5.4584
1244.0	0.0	-0.0662087	0.0662087	0.859143	7.92735
1245.0	0.0	0.316965	0.316965	0.903766	6.00609
1246.0	0.0	-0.332588	0.332588	0.89871	6.19245
1247.0	0.0	0.365433	0.365433	0.790995	11.0291
1248.0	0.0	0.0965013	0.0965013	0.784359	11.5199
1249.0	0.0	0.650569	0.650569	0.812599	9.62188
1250.0	0.0	0.38251	0.38251	0.908813	5.76848
1251.0	0.0	0.320811	0.320811	0.816931	9.75888
1252.0	0.0	0.189109	0.189109	0.790663	11.1567
1253.0	0.0	-0.539018	0.539018	0.959766	3.81485
1254.0	0.0	-0.722117	0.722117	0.753577	12.6328
1255.0	0.0	-0.032153	0.032153	0.886085	6.80214
1256.0	0.0	-0.315554	0.315554	0.86225	7.69575
1257.0	0.0	-0.447099	0.447099	0.786626	11.1832
1258.0	0.0	-0.667603	0.667603	0.873224	6.88497
1259.0	0.0	0.222036	0.222036	0.978762	3.4053
1260.0	0.0	-0.476427	0.476427	0.835414	8.75416
1261.0	0.0	0.24243	0.24243	0.989517	3.05356
1262.0	0.0	-0.104229	0.104229	0.831377	9.17052
1263.0	0.0	-0.327112	0.327112	0.769861	12.1966
1264.0	0.0	0.011751	0.011751	0.788895	11.2899
1265.0	0.0	-0.808606	0.808606	0.911138	5.19753
1266.0	0.0	-0.472136	0.472136	0.791018	10.9274
1267.0	0.0	-0.16427	0.16427	0.845782	8.49358
1268.0	0.0	-0.156927	0.156927	0.90249	6.12906
1269.0	0.0	0.321648	0.321648	0.805608	10.3161
1270.0	0.0	0.456626	0.456626	0.804503	10.2555
1271.0	0.0	-1.07358	1.07358	0.805085	9.20237
1272.0	0.0	-0.783876	0.783876	0.849958	7.70122
1273.0	0.0	-0.706351	0.706351	0.829375	8.74563
1274.0	0.0	-0.341987	0.341987	0.850747	8.17867
1275.0	0.0	-0.683098	0.683098	0.915606	5.20834
1276.0	0.0	0.222168	0.222168	0.899693	6.21381
1277.0	0.0	-0.280342	0.280342	0.773734	12.0156
1278.0	0.0	0.0614104	0.0614104	0.824495	9.50274
1279.0	0.0	0.231623	0.231623	0.813863	9.96205
1280.0	0.0	-0.166004	0.166004	0.828538	9.28577
1281.0	0.0	0.299207	0.299207	0.743261	13.7559
1282.0	0.0	0.470043	0.470043	0.814426	9.75237
1283.0	0.0	0.118586	0.118586	0.897054	6.35172
1284.0	0.0	0.126518	0.126518	0.866819	7.58592
1285.0	0.0	0.446938	0.446938	0.773479	11.8897
1286.0	0.0	0.00151045	0.00151045	0.930135	5.11557
1287.0	0.0	-0.145523	0.145523	0.833575	9.05711
1288.0	0.0	-0.830487	0.830487	0.832439	8.40472
1289.0	0.0	-0.045842	0.045842	0.952344	4.32894
1290.0	0.0	0.462463	0.462463	0.82642	9.18609
1291.0	0.0	0.495085	0.495085	0.83489	8.75911
1292.0	0.0	-0.73727	0.73727	0.841938	8.12799
1293.0	0.0	-0.0534426	0.0534426	0.88106	7.00493
1294.0	0.0	0.566212	0.566212	0.863411	7.42133
1295.0	0.0	-0.195755	0.195755	0.784101	11.5006
1296.0	0.0	-0.135937	0.135937	0.858118	7.95737
1297.0	0.0	0.328886	0.328886	0.812188	9.98466
1298.0	0.0	0.558995	0.558995	0.934232	4.67646
1299.0	0.0	-0.210042	0.210042	0.965292	3.85219
1300.0	0.0	0.128669	0.128669	0.821114	9.65066
1301.0	0.0	-0.145768	0.145768	0.891148	6.57866
1302.0	0.0	-0.232865	0.232865	0.956061	4.15409
1303.0	0.0	-0.375409	0.375409	0.896631	6.24427
1304.0	0.0	-0.156121	0.156121	0.850664	8.27847
1305.0	0.0	0.335843	0.335843	0.885587	6.71137
1306.0	0.0	0.133763	0.133763	0.831459	9.15915
1307.0	0.0	-0.347484	0.347484	0.852832	8.08287
1308.0	0.0	-0.227049	0.227049	0.791054	11.1184
1309.0	0.0	-0.00942152	0.00942152	0.880021	7.05033
1310.0	0.0	-0.945643	0.945643	0.895409	5.56421
1311.0	0.0	0.0109124	0.0109124	0.884895	6.85127
1312.0	0.0	-0.326364	0.326364	0.785021	11.3739
1313.0	0.0	-0.403689	0.403689	0.762095	12.5671
1314.0	0.0	0.482664	0.482664	0.821837	9.38261
1315.0	0.0	0.544692	0.544692	0.828249	9.01212
1316.0	0.0	-1.09569	1.09569	0.798148	9.49045
1317.0	0.0	0.931179	0.931179	0.901025	5.37567
1318.0	0.0	-0.346223	0.346223	0.881016	6.88989
1319.0	0.0	-0.646949	0.646949	0.887421	6.33664
1320.0	0.0	-0.259066	0.259066	0.871189	7.34954
1321.0	0.0	-0.260258	0.260258	0.867705	7.49575
1322.0	0.0	-0.1065	0.1065	0.765756	12.538
1323.0	0.0	0.0722576	0.0722576	0.947658	4.48823
1324.0	0.0	-0.420576	0.420576	0.807097	10.1609
1325.0	0.0	0.323001	0.323001	0.719703	15.2106
1326.0	0.0	-0.177339	0.177339	0.916639	5.58322
1327.0	0.0	0.27229	0.27229	0.75111	13.3071
1328.0	0.0	-1.00842	1.00842	0.932035	4.10697
1329.0	0.0	-0.151825	0.151825	0.774117	12.0589
1330.0	0.0	0.018738	0.018738	0.816262	9.90306
1331.0	0.0	-0.0609338	0.0609338	0.830671	9.21118
1332.0	0.0	0.176058	0.176058	0.850074	8.29778
1333.0	0.0	-0.62691	0.62691	0.82367	9.12446
1334.0	0.0	0.137987	0.137987	0.81216	10.0836
1335.0	0.0	-0.460287	0.460287	0.834663	8.80465
1336.0	0.0	0.663014	0.663014	0.799021	10.2764
1337.0	0.0	0.908922	0.908922	0.883524	6.09391
1338.0	0.0	-0.141157	0.141157	0.806204	10.3785
1339.0	0.0	-0.102072	0.102072	0.835775	8.9667
1340.0	0.0	-0.75761	0.75761	0.872566	6.78445
1341.0	0.0	0.00287941	0.00287941	0.897764	6.33756
1342.0	0.0	0.724675	0.724675	0.845982	7.96736
1343.0	0.0	-0.162325	0.162325	0.916383	5.59767
1344.0	0.0	-0.27425	0.27425	0.878629	7.03235
1345.0	0.0	0.188057	0.188057	0.874656	7.23675
1346.0	0.0	-0.227773	0.227773	0.795193	10.903
1347.0	0.0	-0.443956	0.443956	0.841972	8.4871
1348.0	0.0	0.437956	0.437956	0.824261	9.31166
1349.0	0.0	0.552612	0.552612	0.795029	10.6281
1350.0	0.0	-0.161471	0.161471	0.769157	12.33
1351.0	0.0	-0.00759761	0.00759761	0.93407	4.97345
1352.0	0.0	-0.176674	0.176674	0.881334	6.96537
1353.0	0.0	-0.240902	0.240902	0.783049	11.5343
1354.0	0.0	-0.326322	0.326322	0.800865	10.5517
1355.0	0.0	0.0876622	0.0876622	0.884941	6.84186
1356.0	0.0	-0.524724	0.524724	0.859962	7.61454
1357.0	0.0	0.161908	0.161908	0.913735	5.69737
1358.0	0.0	-0.797347	0.797347	0.857961	7.33441
1359.0	0.0	0.247629	0.247629	0.827118	9.31648
1360.0	0.0	0.127361	0.127361	0.884301	6.85936
1361.0	0.0	0.102392	0.102392	0.910865	5.82117
1362.0	0.0	0.454275	0.454275	0.93062	4.90453
1363.0	0.0	0.113466	0.113466	0.842713	8.64684
1364.0	0.0	0.308223	0.308223	0.819499	9.64338
1365.0	0.0	0.295779	0.295779	0.878681	7.01792
1366.0	0.0	-0.0812831	0.0812831	0.82008	9.71121
1367.0	0.0	-0.036255	0.036255	0.928824	5.16198
1368.0	0.0	-0.575163	0.575163	0.857501	7.66382
1369.0	0.0	-0.227653	0.227653	0.820817	9.62677
1370.0	0.0	-0.525857	0.525857	0.90892	5.63948
1371.0	0.0	-0.294736	0.294736	0.858281	7.87994
1372.0	0.0	-0.371699	0.371699	0.852866	8.0634
1373.0	0.0	-0.441549	0.441549	0.825599	9.24499
1374.0	0.0	0.443632	0.443632	0.781781	11.4438
1375.0	0.0	-0.175541	0.175541	0.786191	11.398
1376.0	0.0	0.094108	0.094108	0.839304	8.80622
1377.0	0.0	0.37946	0.37946	0.918052	5.4232
1378.0	0.0	0.302845	0.302845	0.793436	10.9492
1379.0	0.0	0.74571	0.74571	0.905607	5.49789
1380.0	0.0	-0.324443	0.324443	0.832606	9.01268
1381.0	0.0	-0.140399	0.140399	0.801947	10.5933
1382.0	0.0	0.176608	0.176608	0.855967	8.03801
1383.0	0.0	-0.330805	0.330805	0.808366	10.172
1384.0	0.0	0.910947	0.910947	0.875777	6.40083
1385.0	0.0	0.2492	0.2492	0.762551	12.6598
1386.0	0.0	0.0687556	0.0687556	0.831278	9.18169
1387.0	0.0	-0.231472	0.231472	0.812503	10.0289
1388.0	0.0	0.116271	0.116271	0.775172	12.0119
1389.0	0.0	-0.181069	0.181069	0.839186	8.78634
1390.0	0.0	-1.16253	1.16253	0.774425	10.5357
1391.0	0.0	-0.0338099	0.0338099	0.918672	5.53615
1392.0	0.0	-0.737536	0.737536	0.925904	4.75965
1393.0	0.0	-0.0267617	0.0267617	0.825937	9.4375
1394.0	0.0	-0.225003	0.225003	0.896553	6.3356
1395.0	0.0	-0.270109	0.270109	0.934419	4.89274
1396.0	0.0	0.262446	0.262446	0.827928	9.2702
1397.0	0.0	-0.0150167	0.0150167	0.821774	9.63662
1398.0	0.0	0.191066	0.191066	0.777075	11.8814
1399.0	0.0	-0.0210944	0.0210944	0.909292	5.89079
1400.0	0.0	0.277259	0.277259	0.89346	6.43197
1401.0	0.0	-0.374242	0.374242	0.916068	5.5009
1402.0	0.0	-0.0847688	0.0847688	0.850012	8.32532
1403.0	0.0	-0.0490985	0.0490985	0.82883	9.29899
1404.0	0.0	0.491789	0.491789	0.845723	8.27209
1405.0	0.0	-0.262627	0.262627	0.896296	6.32778
1406.0	0.0	-0.376779	0.376779	0.826012	9.28229
1407.0	0.0	0.600593	0.600593	0.897512	5.99612
1408.0	0.0	-0.425319	0.425319	0.859497	7.73096
1409.0	0.0	0.50486	0.50486	0.775559	11.7128
1410.0	0.0	0.7148	0.7148	0.88646	6.28449
1411.0	0.0	0.567326	0.567326	0.850895	7.96042
1412.0	0.0	-0.118908	0.118908	0.919414	5.49614
1413.0	0.0	0.871734	0.871734	0.952371	3.64166
1414.0	0.0	-0.577962	0.577962	0.8644	7.36576
1415.0	0.0	0.158684	0.158684	0.839176	8.79485
1416.0	0.0	0.365739	0.365739	0.827889	9.20265
1417.0	0.0	0.338597	0.338597	0.935589	4.812
1418.0	0.0	-0.10952	0.10952	0.831073	9.1835
1419.0	0.0	-0.103654	0.103654	0.821677	9.62993
1420.0	0.0	0.474936	0.474936	0.885222	6.61449
1421.0	0.0	0.00826984	0.00826984	0.964303	3.92499
1422.0	0.0	-0.772404	0.772404	0.805326	9.78991
1423.0	0.0	0.135214	0.135214	0.894409	6.45197
1424.0	0.0	0.399623	0.399623	0.894788	6.29835
1425.0	0.0	-0.826981	0.826981	0.852376	7.52544
1426.0	0.0	0.0349938	0.0349938	0.751865	13.35
1427.0	0.0	0.432464	0.432464	0.827889	9.14573
1428.0	0.0	-0.371314	0.371314	0.794072	10.8645
1429.0	0.0	-0.0813847	0.0813847	0.920717	5.45486
1430.0	0.0	-0.502611	0.502611	0.897793	6.09005
1431.0	0.0	0.31863	0.31863	0.840812	8.63984
1432.0	0.0	-0.171096	0.171096	0.81638	9.86579
1433.0	0.0	-0.0739292	0.0739292	0.81663	9.87954
1434.0	0.0	0.274995	0.274995	0.785452	11.3862
1435.0	0.0	0.159308	0.159308	0.909527	5.85776
1436.0	0.0	0.300708	0.300708	0.968909	3.69054
1437.0	0.0	-0.0148318	0.0148318	0.814302	9.99897
1438.0	0.0	0.308767	0.308767	0.957735	4.05983
1439.0	0.0	-0.236704	0.236704	0.872519	7.30505
1440.0	0.0	-0.343836	0.343836	0.800256	10.5696
1441.0	0.0	-0.158688	0.158688	0.921998	5.38978
1442.0	0.0	0.0956436	0.0956436	0.906222	5.99997
1443.0	0.0	-0.308963	0.308963	0.933984	4.88729
1444.0	0.0	0.225076	0.225076	0.947596	4.44852
1445.0	0.0	0.0498073	0.0498073	0.846927	8.46787
1446.0	0.0	0.152474	0.152474	0.849206	8.34444
1447.0	0.0	-0.155507	0.155507	0.881216	6.97721
1448.0	0.0	-0.245647	0.245647	0.92307	5.31687
1449.0	0.0	-0.705843	0.705843	0.806718	9.82831
1450.0	0.0	0.129554	0.129554	0.882576	6.92903
1451.0	0.0	-0.219964	0.219964	0.776638	11.8915
1452.0	0.0	-0.886063	0.886063	0.852637	7.41149
1453.0	0.0	0.826077	0.826077	0.823897	8.80662
1454.0	0.0	-0.448327	0.448327	0.898009	6.1318
1455.0	0.0	-0.21838	0.21838	0.872936	7.29603
1456.0	0.0	-0.174108	0.174108	0.913621	5.69775
1457.0	0.0	0.0304629	0.0304629	0.892439	6.54726
1458.0	0.0	0.00122741	0.00122741	0.882101	6.96517
1459.0	0.0	0.233904	0.233904	0.86951	7.4327
1460.0	0.0	0.0834281	0.0834281	0.878031	7.12542
1461.0	0.0	0.117573	0.117573	0.750167	13.435
1462.0	0.0	0.0728148	0.0728148	0.929491	5.13396
1463.0	0.0	-0.53998	0.53998	0.840007	8.47703
1464.0	0.0	-0.114887	0.114887	0.835943	8.95602
1465.0	0.0	-0.367703	0.367703	0.846103	8.36614
1466.0	0.0	0.0333089	0.0333089	0.814047	10.0105
1467.0	0.0	-0.590452	0.590452	0.845467	8.17262
1468.0	0.0	0.696015	0.696015	0.835339	8.48714
1469.0	0.0	-0.171515	0.171515	0.907014	5.94991
1470.0	0.0	0.398585	0.398585	0.936064	4.75395
1471.0	0.0	-0.328612	0.328612	0.823812	9.42298
1472.0	0.0	-0.240763	0.240763	0.88975	6.59831
1473.0	0.0	-0.249208	0.249208	0.881081	6.94488
1474.0	0.0	0.503619	0.503619	0.696867	16.5547
1475.0	0.0	0.0288802	0.0288802	0.747933	13.5832
1476.0	0.0	0.680693	0.680693	0.94023	4.32606
1477.0	0.0	-0.130422	0.130422	0.972199	3.64796
1478.0	0.0	-0.010249	0.010249	0.867492	7.5735
1479.0	0.0	-0.0215606	0.0215606	0.801505	10.6372
1480.0	0.0	-0.139501	0.139501	0.922306	5.38384
1481.0	0.0	0.361713	0.361713	0.916742	5.48454
1482.0	0.0	0.522402	0.522402	0.981496	3.12005
1483.0	0.0	-0.317349	0.317349	0.826215	9.31692
1484.0	0.0	0.408597	0.408597	0.892938	6.36425
1485.0	0.0	-0.508223	0.508223	0.918448	5.30008
1486.0	0.0	-0.581573	0.581573	0.908004	5.61512
1487.0	0.0	-0.778933	0.778933	0.868828	6.90629
1488.0	0.0	0.645589	0.645589	0.852901	7.77521
1489.0	0.0	-0.0986445	0.0986445	0.865569	7.64551
1490.0	0.0	0.330345	0.330345	0.775338	11.8925
1491.0	0.0	-0.189248	0.189248	0.898236	6.28402
1492.0	0.0	-0.310915	0.310915	0.830869	9.10269
1493.0	0.0	6.68434e-05	6.68434e-05	0.88609	6.80296
1494.0	0.0	-0.0389822	0.0389822	0.9167	5.60954
1495.0	0.0	0.236702	0.236702	0.835881	8.91347
1496.0	0.0	-0.270115	0.270115	0.761219	12.7229
1497.0	0.0	-0.123683	0.123683	0.832147	9.12983
1498.0	0.0	0.336064	0.336064	0.956598	4.08239
1499.0	0.0	-0.768347	0.768347	0.925544	4.72952
1500.0	0.0	-0.418082	0.418082	0.854771	7.94222
1501.0	0.0	-0.562069	0.562069	0.819733	9.39386
1502.0	0.0	0.141694	0.141694	0.827042	9.36435
1503.0	0.0	0.200094	0.200094	0.814018	9.96933
1504.0	0.0	0.38949	0.38949	0.877474	7.00334
1505.0	0.0	-0.185808	0.185808	0.811801	10.0843
1506.0	0.0	-0.737569	0.737569	0.753744	12.5967
1507.0	0.0	0.439916	0.439916	0.840661	8.5501
1508.0	0.0	0.112049	0.112049	0.782754	11.6021
1509.0	0.0	-0.702949	0.702949	0.905191	5.57279
1510.0	0.0	0.0579	0.0579	0.925959	5.26468
1511.0	0.0	0.470485	0.470485	0.806924	10.1207
1512.0	0.0	0.208797	0.208797	0.827781	9.30423
1513.0	0.0	0.285888	0.285888	0.839427	8.72371
1514.0	0.0	0.344364	0.344364	0.764212	12.4994
1515.0	0.0	-0.101408	0.101408	0.918376	5.53849
1516.0	0.0	0.750204	0.750204	0.757645	12.3517
1517.0	0.0	0.314923	0.314923	0.846421	8.38951
1518.0	0.0	-0.385583	0.385583	0.927644	5.0662
1519.0	0.0	-0.744265	0.744265	0.805777	9.81405
1520.0	0.0	-0.0749941	0.0749941	0.794313	11.0005
1521.0	0.0	0.608065	0.608065	0.89326	6.15348
1522.0	0.0	0.141068	0.141068	0.837657	8.87003
1523.0	0.0	-0.327578	0.327578	0.874203	7.18317
1524.0	0.0	0.232687	0.232687	0.870046	7.41069
1525.0	0.0	0.623249	0.623249	0.980417	3.05302
1526.0	0.0	-0.225613	0.225613	0.772047	12.1406
1527.0	0.0	-0.0325927	0.0325927	0.850965	8.28939
1528.0	0.0	-0.132298	0.132298	0.906544	5.97951
1529.0	0.0	0.928037	0.928037	0.890808	5.77374
1530.0	0.0	0.381386	0.381386	0.800443	10.5298
1531.0	0.0	0.00954234	0.00954234	0.801094	10.6584
1532.0	0.0	-0.0816635	0.0816635	0.914162	5.70001
1533.0	0.0	-0.0679982	0.0679982	0.848035	8.41607
1534.0	0.0	0.229381	0.229381	0.754064	13.1597
1535.0	0.0	-0.154801	0.154801	0.831402	9.15532
1536.0	0.0	-0.193703	0.193703	0.802991	10.5207
1537.0	0.0	0.403362	0.403362	0.845822	8.35005
1538.0	0.0	0.164453	0.164453	0.903937	6.0707
1539.0	0.0	0.131412	0.131412	0.812685	10.0597
1540.0	0.0	-0.268432	0.268432	0.888732	6.62517
1541.0	0.0	0.0975939	0.0975939	0.80116	10.6446
1542.0	0.0	-0.123774	0.123774	0.907344	5.95092
1543.0	0.0	0.211627	0.211627	0.848699	8.34455
1544.0	0.0	0.90096	0.90096	0.81643	9.02121
1545.0	0.0	-1.01484	1.01484	0.930092	4.16329
1546.0	0.0	-0.157692	0.157692	0.83059	9.19236
1547.0	0.0	-0.11754	0.11754	0.853183	8.17814
1548.0	0.0	-0.421613	0.421613	0.869691	7.30063
1549.0	0.0	-0.444684	0.444684	0.889903	6.45447
1550.0	0.0	-0.610041	0.610041	0.833502	8.689
1551.0	0.0	0.0956108	0.0956108	0.87648	7.18737
1552.0	0.0	0.56145	0.56145	0.826204	9.08813
1553.0	0.0	-0.340736	0.340736	1.00235	2.60515
1554.0	0.0	-0.357809	0.357809	0.81148	9.99773
1555.0	0.0	0.00736517	0.00736517	0.819402	9.75104
1556.0	0.0	-0.21233	0.21233	0.81554	9.88944
1557.0	0.0	-0.468739	0.468739	0.838145	8.63695
1558.0	0.0	0.419691	0.419691	0.745084	13.5419
1559.0	0.0	0.22132	0.22132	0.888509	6.65692
1560.0	0.0	0.318343	0.318343	0.863426	7.64358
1561.0	0.0	-0.219003	0.219003	0.81965	9.68709
1562.0	0.0	0.335743	0.335743	0.856607	7.92605
1563.0	0.0	-0.129053	0.129053	0.857885	7.96939
1564.0	0.0	-0.401799	0.401799	0.811239	9.97306
1565.0	0.0	0.0814147	0.0814147	0.783321	11.5785
1566.0	0.0	-0.516549	0.516549	0.818261	9.51729
1567.0	0.0	0.264896	0.264896	0.842616	8.59102
1568.0	0.0	-0.270082	0.270082	0.87837	7.04526
1569.0	0.0	-0.864156	0.864156	0.840045	8.00249
1570.0	0.0	-0.265074	0.265074	0.853861	8.08988
1571.0	0.0	0.266646	0.266646	0.829267	9.20491
1572.0	0.0	0.804595	0.804595	0.843304	7.96004
1573.0	0.0	-0.206617	0.206617	0.856034	8.02323
1574.0	0.0	-0.360574	0.360574	0.827593	9.22056
1575.0	0.0	-0.493707	0.493707	0.884529	6.62445
1576.0	0.0	0.201427	0.201427	0.766441	12.4652
1577.0	0.0	0.502932	0.502932	0.850803	8.03553
1578.0	0.0	0.168765	0.168765	0.757822	12.9704
1579.0	0.0	0.140788	0.140788	0.808447	10.2666
1580.0	0.0	0.0221665	0.0221665	0.79474	10.9841
1581.0	0.0	0.255979	0.255979	0.800488	10.6164
1582.0	0.0	-0.140028	0.140028	0.843475	8.6053
1583.0	0.0	0.4576	0.4576	0.886261	6.58868
1584.0	0.0	0.118983	0.118983	0.827651	9.34192
1585.0	0.0	-0.579579	0.579579	0.85612	7.71829
1586.0	0.0	-0.789759	0.789759	0.896553	5.77941
1587.0	0.0	-0.740257	0.740257	0.872276	6.82221
1588.0	0.0	-0.0682259	0.0682259	0.749127	13.5077
1589.0	0.0	0.41855	0.41855	0.83047	9.0377
1590.0	0.0	0.139862	0.139862	0.919726	5.47937
1591.0	0.0	0.173596	0.173596	0.8494	8.32861
1592.0	0.0	-0.0657769	0.0657769	0.759627	12.8951
1593.0	0.0	0.0496841	0.0496841	0.931912	5.04894
1594.0	0.0	0.012291	0.012291	0.763612	12.6724
1595.0	0.0	0.594871	0.594871	0.836227	8.58347
1596.0	0.0	1.06913	1.06913	0.845649	7.35137
1597.0	0.0	-0.0196937	0.0196937	0.830698	9.21344
1598.0	0.0	0.028219	0.028219	0.80449	10.4858
1599.0	0.0	-0.321689	0.321689	0.899438	6.171
1600.0	0.0	0.259389	0.259389	0.737191	14.1523
1601.0	0.0	-1.58433	1.58433	0.774469	9.26981
1602.0	0.0	-0.862974	0.862974	0.899005	5.56916
1603.0	0.0	-0.877105	0.877105	0.786415	10.5559
1604.0	0.0	-0.723351	0.723351	0.90172	5.67724
1605.0	0.0	0.0608629	0.0608629	0.817179	9.85476
1606.0	0.0	-0.222321	0.222321	0.822325	9.55702
1607.0	0.0	0.0985595	0.0985595	0.814943	9.95723
1608.0	0.0	0.0927006	0.0927006	0.995974	2.89509
1609.0	0.0	-0.062824	0.062824	0.900967	6.20844
1610.0	0.0	-0.0852645	0.0852645	0.939263	4.78128
1611.0	0.0	-0.127518	0.127518	0.892735	6.52037
1612.0	0.0	-0.852462	0.852462	0.816309	9.11751
1613.0	0.0	0.0916993	0.0916993	0.898976	6.28185
1614.0	0.0	-0.195287	0.195287	0.802449	10.5474
1615.0	0.0	-0.376711	0.376711	0.829375	9.12425
1616.0	0.0	0.399308	0.399308	0.932068	4.89627
1617.0	0.0	0.34558	0.34558	0.874506	7.15839
1618.0	0.0	0.058231	0.058231	0.865249	7.66565
1619.0	0.0	0.59942	0.59942	0.766364	12.0982
1620.0	0.0	0.271335	0.271335	0.860411	7.80142
1621.0	0.0	0.379173	0.379173	0.74303	13.7042
1622.0	0.0	0.229032	0.229032	0.764302	12.5719
1623.0	0.0	-0.793764	0.793764	0.840127	8.11941
1624.0	0.0	-0.571929	0.571929	0.957119	3.87084
1625.0	0.0	0.0905652	0.0905652	0.925999	5.25862
1626.0	0.0	-0.250185	0.250185	0.845152	8.48462
1627.0	0.0	0.710799	0.710799	0.753449	12.6592
1628.0	0.0	0.410368	0.410368	0.786437	11.2288
1629.0	0.0	-0.597191	0.597191	0.887143	6.40842
1630.0	0.0	0.366724	0.366724	0.837447	8.75856
1631.0	0.0	0.07622	0.07622	0.767601	12.4407
1632.0	0.0	0.837668	0.837668	0.812689	9.31759
1633.0	0.0	0.57552	0.57552	0.923708	5.03805
1634.0	0.0	-0.0495003	0.0495003	0.860849	7.85551
1635.0	0.0	-0.522842	0.522842	0.868289	7.26305
1636.0	0.0	-0.271817	0.271817	0.866882	7.52438
1637.0	0.0	-0.467691	0.467691	0.843554	8.39326
1638.0	0.0	-0.225322	0.225322	0.898377	6.26389
1639.0	0.0	0.756025	0.756025	0.831567	8.56826
1640.0	0.0	0.338949	0.338949	0.843183	8.51853
1641.0	0.0	-0.584107	0.584107	0.893803	6.15997
1642.0	0.0	-0.117287	0.117287	0.880996	6.99664
1643.0	0.0	0.246956	0.246956	0.904606	6.01194
1644.0	0.0	-0.198721	0.198721	0.866658	7.56886
1645.0	0.0	0.125076	0.125076	0.854102	8.1358
1646.0	0.0	-0.581949	0.581949	0.869872	7.13108
1647.0	0.0	-0.108179	0.108179	0.801337	10.6332
1648.0	0.0	0.599491	0.599491	0.818297	9.41585
1649.0	0.0	0.988285	0.988285	0.782106	10.5494
1650.0	0.0	0.132509	0.132509	0.882196	6.94375
1651.0	0.0	-0.11048	0.11048	0.857113	8.00757
1652.0	0.0	0.10182	0.10182	0.887968	6.7169
1653.0	0.0	0.364494	0.364494	0.827646	9.21501
1654.0	0.0	-0.225119	0.225119	0.804951	10.4074
1655.0	0.0	-0.389346	0.389346	0.798299	10.6321
1656.0	0.0	-0.199794	0.199794	0.879186	7.04479
1657.0	0.0	-0.389333	0.389333	0.91291	5.60838
1658.0	0.0	-0.169833	0.169833	0.81337	10.0134
1659.0	0.0	0.18861	0.18861	0.918902	5.49477
1660.0	0.0	-0.493458	0.493458	0.89393	6.25023
1661.0	0.0	-0.136524	0.136524	0.791233	11.1462
1662.0	0.0	0.168054	0.168054	0.955735	4.18889
1663.0	0.0	-0.393773	0.393773	0.801941	10.4434
1664.0	0.0	-0.236268	0.236268	0.845334	8.48357
1665.0	0.0	0.0932353	0.0932353	0.861549	7.81891
1666.0	0.0	-0.986093	0.986093	0.850753	7.30323
1667.0	0.0	-0.522034	0.522034	0.833886	8.77636
1668.0	0.0	-0.654475	0.654475	0.875078	6.82593
1669.0	0.0	-0.0957518	0.0957518	0.832113	9.13797
1670.0	0.0	0.431757	0.431757	0.800156	10.499
1671.0	0.0	-0.464966	0.464966	0.771309	11.9899
1672.0	0.0	-0.150444	0.150444	0.907598	5.9341
1673.0	0.0	0.506525	0.506525	0.774248	11.7822
1674.0	0.0	-0.110944	0.110944	0.931388	5.05862
1675.0	0.0	-0.309302	0.309302	0.895787	6.32166
1676.0	0.0	-0.213985	0.213985	0.863062	7.71591
1677.0	0.0	-0.555237	0.555237	0.838136	8.54438
1678.0	0.0	-0.0113543	0.0113543	0.873064	7.3387
1679.0	0.0	-0.66872	0.66872	0.887976	6.28656
1680.0	0.0	-0.70527	0.70527	0.783523	11.0111
1681.0	0.0	-0.266673	0.266673	0.884896	6.78067
1682.0	0.0	0.77697	0.77697	0.922869	4.81373
1683.0	0.0	-0.481092	0.481092	0.837642	8.64753
1684.0	0.0	-0.288703	0.288703	0.917096	5.51656
1685.0	0.0	0.251388	0.251388	0.856469	7.98307
1686.0	0.0	0.328237	0.328237	0.822472	9.48712
1687.0	0.0	0.187809	0.187809	0.940653	4.70602
1688.0	0.0	-0.432152	0.432152	0.755714	12.9045
1689.0	0.0	-0.512571	0.512571	0.805483	10.1469
1690.0	0.0	-0.0928344	0.0928344	0.855433	8.08471
1691.0	0.0	-0.546176	0.546176	0.880429	6.73641
1692.0	0.0	0.740089	0.740089	0.794381	10.3923
1693.0	0.0	-0.0825262	0.0825262	0.887751	6.72917
1694.0	0.0	0.418527	0.418527	0.90348	5.94479
1695.0	0.0	0.160012	0.160012	0.870369	7.42605
1696.0	0.0	0.971351	0.971351	0.815903	8.9063
1697.0	0.0	-0.478583	0.478583	0.825538	9.21144
1698.0	0.0	0.787732	0.787732	0.762823	11.9931
1699.0	0.0	-0.305695	0.305695	0.844612	8.47664
1700.0	0.0	-0.342796	0.342796	0.938483	4.70646
1701.0	0.0	-0.0443342	0.0443342	0.770118	12.3045
1702.0	0.0	-0.0978156	0.0978156	0.82544	9.45152
1703.0	0.0	0.0251723	0.0251723	0.928947	5.15815
1704.0	0.0	-0.163448	0.163448	0.928134	5.16317
1705.0	0.0	0.377431	0.377431	0.957007	4.04171
1706.0	0.0	-0.177105	0.177105	0.951782	4.32147
1707.0	0.0	-0.194988	0.194988	0.869826	7.43632
1708.0	0.0	0.109713	0.109713	0.892347	6.53995
1709.0	0.0	0.154134	0.154134	0.787475	11.338
1710.0	0.0	1.06579	1.06579	0.754623	11.858
1711.0	0.0	-0.73975	0.73975	0.846882	7.90494
1712.0	0.0	0.28192	0.28192	0.892717	6.45886
1713.0	0.0	-0.699194	0.699194	0.797497	10.2991
1714.0	0.0	-0.645935	0.645935	0.831974	8.71178
1715.0	0.0	0.363156	0.363156	0.935567	4.79674
1716.0	0.0	0.12917	0.12917	0.81082	10.1523
1717.0	0.0	-0.67049	0.67049	0.8754	6.79166
1718.0	0.0	0.579994	0.579994	0.839461	8.45489
1719.0	0.0	-0.118351	0.118351	0.767376	12.4437
1720.0	0.0	-0.134407	0.134407	0.791656	11.1247
1721.0	0.0	0.359009	0.359009	0.877611	7.02052
1722.0	0.0	0.203993	0.203993	0.840559	8.71441
1723.0	0.0	-0.0179992	0.0179992	0.847719	8.43466
1724.0	0.0	-0.552633	0.552633	0.920905	5.16491
1725.0	0.0	-0.424408	0.424408	0.854746	7.93782
1726.0	0.0	-0.644235	0.644235	0.852075	7.81301
1727.0	0.0	-0.151692	0.151692	0.836318	8.92832
1728.0	0.0	-0.30356	0.30356	0.823265	9.46608
1729.0	0.0	-0.271888	0.271888	0.827093	9.30414
1730.0	0.0	0.366015	0.366015	0.808817	10.1227
1731.0	0.0	-0.501137	0.501137	0.776473	11.6675
1732.0	0.0	0.0756287	0.0756287	0.90793	5.93776
1733.0	0.0	0.359648	0.359648	0.891416	6.46152
1734.0	0.0	-0.278224	0.278224	0.843716	8.53379
1735.0	0.0	0.0739618	0.0739618	0.966261	3.85474
1736.0	0.0	-0.338102	0.338102	0.885046	6.73171
1737.0	0.0	-0.0176898	0.0176898	0.804336	10.4941
1738.0	0.0	-0.458217	0.458217	0.811988	9.88332
1739.0	0.0	-0.111924	0.111924	0.909778	5.86057
1740.0	0.0	-0.742929	0.742929	0.894335	5.93468
1741.0	0.0	-0.232735	0.232735	0.907668	5.90095
1742.0	0.0	0.275283	0.275283	0.858446	7.88419
1743.0	0.0	0.0775121	0.0775121	0.909799	5.86607
1744.0	0.0	-0.0416141	0.0416141	0.829801	9.25406
1745.0	0.0	-0.174344	0.174344	0.858205	7.94131
1746.0	0.0	0.759211	0.759211	0.78841	10.6673
1747.0	0.0	0.313007	0.313007	0.827414	9.26325
1748.0	0.0	0.0276055	0.0276055	0.912406	5.77205
1749.0	0.0	0.0383728	0.0383728	0.808005	10.3089
1750.0	0.0	0.312643	0.312643	0.827857	9.24265
1751.0	0.0	0.521595	0.521595	0.835543	8.70076
1752.0	0.0	-0.0545747	0.0545747	0.774275	12.0734
1753.0	0.0	0.358613	0.358613	0.901618	6.06183
1754.0	0.0	-0.526961	0.526961	0.894674	6.18762
1755.0	0.0	-0.294586	0.294586	0.808817	10.1745
1756.0	0.0	-0.494611	0.494611	0.838101	8.61274
1757.0	0.0	-0.682799	0.682799	0.94605	4.12171
1758.0	0.0	0.143751	0.143751	0.823117	9.55022
1759.0	0.0	-0.0431423	0.0431423	0.917063	5.59562
1760.0	0.0	0.346692	0.346692	0.858748	7.82549
1761.0	0.0	0.152139	0.152139	0.895114	6.41929
1762.0	0.0	-0.0628743	0.0628743	0.878977	7.08943
1763.0	0.0	0.320034	0.320034	0.945533	4.47267
1764.0	0.0	-0.127447	0.127447	0.882174	6.94598
1765.0	0.0	-0.364002	0.364002	0.80353	10.3883
1766.0	0.0	0.153728	0.153728	0.850946	8.26679
1767.0	0.0	0.214496	0.214496	0.828486	9.26845
1768.0	0.0	-0.26241	0.26241	0.824428	9.43583
1769.0	0.0	0.339129	0.339129	0.952442	4.22229
1770.0	0.0	0.181013	0.181013	0.963754	3.91379
1771.0	0.0	-0.37935	0.37935	0.856893	7.88157
1772.0	0.0	-0.137821	0.137821	0.926476	5.23096
1773.0	0.0	0.35845	0.35845	0.76977	12.1767
1774.0	0.0	0.321379	0.321379	0.866534	7.50925
1775.0	0.0	-0.505607	0.505607	0.833889	8.79406
1776.0	0.0	0.534519	0.534519	0.953426	4.03332
1777.0	0.0	0.0910327	0.0910327	0.795022	10.9608
1778.0	0.0	0.329685	0.329685	0.798433	10.673
1779.0	0.0	0.484671	0.484671	0.924056	5.11584
1780.0	0.0	0.0754594	0.0754594	0.807065	10.3511
1781.0	0.0	-0.495201	0.495201	0.917009	5.36582
1782.0	0.0	0.411844	0.411844	0.83145	8.998
1783.0	0.0	-0.219785	0.219785	0.915652	5.60409
1784.0	0.0	-0.0799744	0.0799744	0.907425	5.95645
1785.0	0.0	0.212868	0.212868	0.887852	6.68694
1786.0	0.0	-0.869661	0.869661	0.791345	10.3168
1787.0	0.0	0.447204	0.447204	0.808113	10.0851
1788.0	0.0	0.172427	0.172427	0.914088	5.68068
1789.0	0.0	-0.631415	0.631415	0.869068	7.10439
1790.0	0.0	0.0474116	0.0474116	0.81729	9.85095
1791.0	0.0	0.984258	0.984258	0.769621	11.2212
1792.0	0.0	-0.610257	0.610257	0.909403	5.52957
1793.0	0.0	-0.049526	0.049526	0.834018	9.05649
1794.0	0.0	-1.11823	1.11823	0.748277	12.0859
1795.0	0.0	0.263185	0.263185	0.845699	8.4531
1796.0	0.0	-0.358792	0.358792	0.801844	10.4774
1797.0	0.0	0.231195	0.231195	0.819154	9.70503
1798.0	0.0	-0.159563	0.159563	0.831193	9.16352
1799.0	0.0	-0.246474	0.246474	0.933221	4.94713
1800.0	0.0	-0.567052	0.567052	0.951329	4.07223
1801.0	0.0	0.341671	0.341671	0.831742	9.04066
1802.0	0.0	-0.576374	0.576374	0.848567	8.05223
1803.0	0.0	0.18893	0.18893	0.73375	14.4038
1804.0	0.0	0.498606	0.498606	0.922032	5.1771
1805.0	0.0	-0.115332	0.115332	0.832277	9.1259
1806.0	0.0	-0.110292	0.110292	0.885605	6.81052
1807.0	0.0	0.339919	0.339919	0.851744	8.13614
1808.0	0.0	-0.391277	0.391277	0.871342	7.25637
1809.0	0.0	0.0288513	0.0288513	0.793118	11.068
1810.0	0.0	-0.0351648	0.0351648	0.899289	6.27658
1811.0	0.0	-0.196092	0.196092	0.761091	12.7708
1812.0	0.0	-0.781158	0.781158	0.873209	6.72207
1813.0	0.0	-0.266139	0.266139	0.816624	9.80865
1814.0	0.0	-1.08687	1.08687	0.824125	8.27316
1815.0	0.0	-0.876834	0.876834	0.937138	4.15471
1816.0	0.0	0.287989	0.287989	0.794801	10.8884
1817.0	0.0	0.26661	0.26661	0.817864	9.74827
1818.0	0.0	-0.785659	0.785659	0.771263	11.5317
1819.0	0.0	-0.548862	0.548862	0.772626	11.8195
1820.0	0.0	0.243269	0.243269	0.841397	8.65784
1821.0	0.0	0.351749	0.351749	0.816365	9.76374
1822.0	0.0	-0.337184	0.337184	0.787194	11.2508
1823.0	0.0	0.0267556	0.0267556	0.818828	9.77805
1824.0	0.0	-0.175753	0.175753	0.852126	8.20704
1825.0	0.0	-0.225198	0.225198	0.845826	8.4668
1826.0	0.0	0.242471	0.242471	0.899809	6.20007
1827.0	0.0	-0.777792	0.777792	0.9281	4.62423
1828.0	0.0	-0.49181	0.49181	0.761559	12.5049
1829.0	0.0	0.00260031	0.00260031	0.84905	8.37559
1830.0	0.0	0.145118	0.145118	0.875322	7.22345
1831.0	0.0	-0.0950978	0.0950978	0.825421	9.453
1832.0	0.0	-0.216827	0.216827	0.799506	10.687
1833.0	0.0	-0.176764	0.176764	0.924355	5.29716
1834.0	0.0	-0.250213	0.250213	0.82004	9.65242
1835.0	0.0	0.207094	0.207094	0.806042	10.3612
1836.0	0.0	-0.0195893	0.0195893	0.882408	6.95224
1837.0	0.0	0.380271	0.380271	0.869401	7.34632
1838.0	0.0	-0.490003	0.490003	0.929005	4.93121
1839.0	0.0	-0.580678	0.580678	0.863124	7.41667
1840.0	0.0	0.281338	0.281338	0.862364	7.71172
1841.0	0.0	-0.42331	0.42331	0.867637	7.38562
1842.0	0.0	0.402011	0.402011	0.763421	12.4936
1843.0	0.0	-0.00867516	0.00867516	0.90764	5.9543
1844.0	0.0	-0.193449	0.193449	0.878939	7.05743
1845.0	0.0	0.365206	0.365206	0.851715	8.11897
1846.0	0.0	0.119113	0.119113	0.761345	12.785
1847.0	0.0	-0.1095	0.1095	0.964713	3.90048
1848.0	0.0	-0.715021	0.715021	0.944793	4.12401
1849.0	0.0	-0.154873	0.154873	0.899866	6.23181
1850.0	0.0	-0.232985	0.232985	0.899127	6.23112
1851.0	0.0	0.202279	0.202279	0.925332	5.25214
1852.0	0.0	0.259086	0.259086	0.801828	10.5466
1853.0	0.0	-0.394023	0.394023	0.837886	8.71659
1854.0	0.0	0.630578	0.630578	0.854643	7.71916
1855.0	0.0	0.312201	0.312201	0.851988	8.14409
1856.0	0.0	-0.388025	0.388025	0.806766	10.2064
1857.0	0.0	0.0937251	0.0937251	0.904618	6.06213
1858.0	0.0	-0.56612	0.56612	0.849789	8.01046
1859.0	0.0	0.320851	0.320851	0.828896	9.18826
1860.0	0.0	0.178399	0.178399	0.79026	11.1823
1861.0	0.0	0.440683	0.440683	0.766799	12.2657
1862.0	0.0	0.0325913	0.0325913	0.952478	4.32529
1863.0	0.0	-0.081584	0.081584	0.759512	12.899
1864.0	0.0	-0.734631	0.734631	0.908362	5.40952
1865.0	0.0	-0.571061	0.571061	0.896713	6.06077
1866.0	0.0	-0.874516	0.874516	0.761763	11.8857
1867.0	0.0	-0.0786786	0.0786786	0.812666	10.0728
1868.0	0.0	0.0962007	0.0962007	0.915052	5.66404
1869.0	0.0	0.413562	0.413562	0.851298	8.09835
1870.0	0.0	0.372421	0.372421	0.964842	3.78199
1871.0	0.0	-0.256398	0.256398	0.882071	6.9008
1872.0	0.0	-0.0922331	0.0922331	0.848523	8.39023
1873.0	0.0	0.128206	0.128206	0.828099	9.31834
1874.0	0.0	0.482694	0.482694	0.804544	10.2265
1875.0	0.0	-0.465611	0.465611	0.883309	6.70039
1876.0	0.0	-0.783093	0.783093	0.936537	4.31784
1877.0	0.0	-0.321429	0.321429	0.898004	6.22717
1878.0	0.0	-0.0816638	0.0816638	0.840552	8.75156
1879.0	0.0	-0.167246	0.167246	0.767007	12.4481
1880.0	0.0	-0.365629	0.365629	0.935044	4.81374
1881.0	0.0	-0.635904	0.635904	0.817244	9.41794
1882.0	0.0	0.17063	0.17063	0.821713	9.6083
1883.0	0.0	0.411765	0.411765	0.928304	5.02266
1884.0	0.0	-0.644317	0.644317	0.958754	3.73671
1885.0	0.0	-0.477264	0.477264	0.815656	9.68523
1886.0	0.0	-0.507063	0.507063	0.762928	12.4097
1887.0	0.0	-0.846022	0.846022	0.893365	5.81436
1888.0	0.0	-0.613508	0.613508	0.769595	11.8994
1889.0	0.0	0.745045	0.745045	0.82354	8.95815
1890.0	0.0	-0.176919	0.176919	0.903283	6.09187
1891.0	0.0	0.303992	0.303992	0.871409	7.31475
1892.0	0.0	0.233077	0.233077	0.818398	9.74061
1893.0	0.0	-0.116574	0.116574	0.868655	7.51054
1894.0	0.0	-0.283032	0.283032	0.937565	4.7738
1895.0	0.0	-0.248613	0.248613	0.844651	8.50799
1896.0	0.0	0.499021	0.499021	0.797473	10.5659
1897.0	0.0	-0.28011	0.28011	0.873065	7.25961
1898.0	0.0	-0.461872	0.461872	0.879592	6.85499
1899.0	0.0	-1.40713	1.40713	0.738866	11.7839
1900.0	0.0	0.0915241	0.0915241	0.901735	6.1742
1901.0	0.0	0.676419	0.676419	0.816142	9.41367
1902.0	0.0	-0.33754	0.33754	0.893644	6.3883
1903.0	0.0	-0.475196	0.475196	0.821623	9.40053
1904.0	0.0	-0.557245	0.557245	0.810992	9.82257
1905.0	0.0	-0.199066	0.199066	0.92477	5.27395
1906.0	0.0	0.184587	0.184587	0.839389	8.77571
1907.0	0.0	-0.166508	0.166508	0.88173	6.95265
1908.0	0.0	0.0365256	0.0365256	0.866754	7.6036
1909.0	0.0	-0.285607	0.285607	0.822312	9.52297
1910.0	0.0	0.105146	0.105146	0.862267	7.78558
1911.0	0.0	-0.193729	0.193729	0.896084	6.36689
1912.0	0.0	0.426001	0.426001	0.93954	4.60981
1913.0	0.0	-0.0120315	0.0120315	0.918614	5.53927
1914.0	0.0	0.576355	0.576355	0.835606	8.6346
1915.0	0.0	-0.185154	0.185154	0.837514	8.86138
1916.0	0.0	-0.716856	0.716856	0.755576	12.5269
1917.0	0.0	0.0841081	0.0841081	0.818999	9.7629
1918.0	0.0	-0.461153	0.461153	0.84814	8.19488
1919.0	0.0	-0.256625	0.256625	0.910969	5.76395
1920.0	0.0	-0.18121	0.18121	0.792008	11.0897
1921.0	0.0	-0.622077	0.622077	0.862118	7.40902
1922.0	0.0	0.405492	0.405492	0.86917	7.33598
1923.0	0.0	-1.17735	1.17735	0.817626	8.36023
1924.0	0.0	0.34508	0.34508	0.930086	5.00548
1925.0	0.0	-0.237701	0.237701	0.767415	12.3919
1926.0	0.0	0.561824	0.561824	0.796625	10.5351
1927.0	0.0	0.592592	0.592592	0.765098	12.1782
1928.0	0.0	-0.425587	0.425587	0.928288	5.01239
1929.0	0.0	-0.691917	0.691917	0.779338	11.2541
1930.0	0.0	0.0943064	0.0943064	0.873981	7.29157
1931.0	0.0	-0.769593	0.769593	0.794393	10.3424
1932.0	0.0	0.468999	0.468999	0.704285	16.0878
1933.0	0.0	-0.113956	0.113956	0.787748	11.3358
1934.0	0.0	-0.259779	0.259779	0.824778	9.42064
1935.0	0.0	-0.025622	0.025622	0.871807	7.39084
1936.0	0.0	-0.383442	0.383442	0.896451	6.24537
1937.0	0.0	0.0260481	0.0260481	0.94128	4.716
1938.0	0.0	0.380234	0.380234	0.842644	8.51176
1939.0	0.0	0.0795788	0.0795788	0.872307	7.36414
1940.0	0.0	-0.209472	0.209472	0.791659	11.0955
1941.0	0.0	0.614416	0.614416	0.833468	8.68492
1942.0	0.0	-0.350886	0.350886	0.852786	8.08244
1943.0	0.0	-0.48656	0.48656	0.883345	6.67917
1944.0	0.0	-0.694076	0.694076	0.93009	4.66721
1945.0	0.0	-0.0322647	0.0322647	0.912495	5.76844
1946.0	0.0	-0.24716	0.24716	0.76263	12.6565
1947.0	0.0	-0.902133	0.902133	0.867037	6.77449
1948.0	0.0	0.283402	0.283402	0.960815	3.96945
1949.0	0.0	-0.631305	0.631305	0.783471	11.1253
1950.0	0.0	0.163129	0.163129	0.91966	5.47509
1951.0	0.0	-0.402583	0.402583	0.908096	5.78063
1952.0	0.0	0.441729	0.441729	0.810977	9.94914
1953.0	0.0	-0.10268	0.10268	0.888206	6.70713
1954.0	0.0	-0.515306	0.515306	0.839383	8.53257
1955.0	0.0	0.452891	0.452891	0.833514	8.86477
1956.0	0.0	0.0985604	0.0985604	0.843093	8.63297
1957.0	0.0	-0.0641335	0.0641335	0.811792	10.1181
1958.0	0.0	-0.773804	0.773804	0.85011	7.7106
1959.0	0.0	-0.00624452	0.00624452	0.892839	6.53221
1960.0	0.0	0.35325	0.35325	0.897615	6.22145
1961.0	0.0	0.16237	0.16237	0.842897	8.62431
1962.0	0.0	0.232933	0.232933	0.761892	12.7065
1963.0	0.0	0.364912	0.364912	0.918984	5.39888
1964.0	0.0	0.720892	0.720892	0.904871	5.56051
1965.0	0.0	-0.137226	0.137226	0.925646	5.26149
1966.0	0.0	1.17331	1.17331	0.770227	10.7301
1967.0	0.0	0.102726	0.102726	0.880572	7.01723
1968.0	0.0	0.175055	0.175055	0.883977	6.85817
1969.0	0.0	0.539128	0.539128	0.84889	8.08088
1970.0	0.0	-0.502691	0.502691	0.816399	9.62228
1971.0	0.0	0.132538	0.132538	0.906705	5.97325
1972.0	0.0	-0.0800495	0.0800495	0.82798	9.33471
1973.0	0.0	0.242739	0.242739	0.830201	9.17418
1974.0	0.0	0.265255	0.265255	0.804499	10.4083
1975.0	0.0	0.271072	0.271072	0.845241	8.46926
1976.0	0.0	0.189688	0.189688	0.915229	5.63176
1977.0	0.0	-0.271227	0.271227	0.762296	12.6608
1978.0	0.0	-0.15527	0.15527	0.908983	5.87973
1979.0	0.0	-0.0773553	0.0773553	0.810575	10.1762
1980.0	0.0	0.67615	0.67615	0.811506	9.6383
1981.0	0.0	-0.242943	0.242943	0.775707	11.9301
1982.0	0.0	-0.346311	0.346311	0.926138	5.14807
1983.0	0.0	-0.392059	0.392059	0.783615	11.395
1984.0	0.0	0.252963	0.252963	0.855155	8.03965
1985.0	0.0	0.108692	0.108692	0.905512	6.02472
1986.0	0.0	1.75476	1.75476	0.75404	9.71732
1987.0	0.0	-0.112234	0.112234	0.896772	6.36425
1988.0	0.0	-0.21364	0.21364	0.848491	8.35293
1989.0	0.0	-0.878102	0.878102	0.777702	11.0111
1990.0	0.0	0.287637	0.287637	0.922697	5.30939
1991.0	0.0	-0.375547	0.375547	0.849947	8.18907
1992.0	0.0	-0.528201	0.528201	0.848102	8.12783
1993.0	0.0	0.494508	0.494508	0.915347	5.42836
1994.0	0.0	0.21793	0.21793	0.884523	6.81923
1995.0	0.0	0.322703	0.322703	0.815794	9.81277
1996.0	0.0	0.0391458	0.0391458	0.848222	8.41092
1997.0	0.0	0.835455	0.835455	0.897146	5.68522
1998.0	0.0	0.0786063	0.0786063	0.825545	9.45021
1999.0	0.0	-0.14344	0.14344	0.886799	6.75388
2000.0	0.0	-0.205223	0.205223	0.835282	8.95585
2001.0	0.0	-1.08625	1.08625	0.844048	7.38361
2002.0	0.0	0.0548711	0.0548711	0.922021	5.40998
2003.0	0.0	-0.241437	0.241437	0.856187	8.00045
2004.0	0.0	0.532901	0.532901	0.779427	11.4706
2005.0	0.0	-0.679719	0.679719	0.927027	4.79547
2006.0	0.0	-0.532782	0.532782	0.874071	7.01154
2007.0	0.0	0.138853	0.138853	0.830884	9.18455
2008.0	0.0	0.0700177	0.0700177	0.933368	4.99414
2009.0	0.0	0.514394	0.514394	0.854462	7.86331
2010.0	0.0	-0.111524	0.111524	0.976384	3.51521
2011.0	0.0	0.400225	0.400225	0.786286	11.2461
2012.0	0.0	0.335476	0.335476	0.857436	7.8902
2013.0	0.0	0.590499	0.590499	0.916014	5.30472
2014.0	0.0	-0.184773	0.184773	0.83608	8.92749
2015.0	0.0	0.534834	0.534834	0.845314	8.2444
2016.0	0.0	0.197084	0.197084	0.862905	7.72974
2017.0	0.0	0.386983	0.386983	0.85536	7.94228
2018.0	0.0	0.229948	0.229948	0.85561	8.03121
2019.0	0.0	0.428328	0.428328	0.828872	9.10351
2020.0	0.0	-0.635232	0.635232	0.875304	6.84136
2021.0	0.0	0.0313112	0.0313112	0.880638	7.02409
2022.0	0.0	-0.614229	0.614229	0.906954	5.61758
2023.0	0.0	0.0723165	0.0723165	0.848152	8.41022
2024.0	0.0	-0.795939	0.795939	0.837447	8.23619
2025.0	0.0	0.35773	0.35773	0.845834	8.38576
2026.0	0.0	-0.010659	0.010659	0.923569	5.35557
2027.0	0.0	-0.803023	0.803023	0.826905	8.70626
2028.0	0.0	0.0979909	0.0979909	0.849559	8.34293
2029.0	0.0	1.05172	1.05172	0.85478	6.99688
2030.0	0.0	-0.547851	0.547851	0.865813	7.34029
2031.0	0.0	-0.0747871	0.0747871	0.852604	8.21217
2032.0	0.0	0.00601291	0.00601291	0.938367	4.81984
2033.0	0.0	0.03036	0.03036	0.79684	10.8752
2034.0	0.0	-0.689107	0.689107	0.8535	7.68978
2035.0	0.0	-0.456724	0.456724	0.735542	14.0809
2036.0	0.0	0.22925	0.22925	0.924373	5.2763
2037.0	0.0	0.619569	0.619569	0.811213	9.73205
2038.0	0.0	-0.624746	0.624746	0.833392	8.67494
2039.0	0.0	-0.76755	0.76755	0.910471	5.28358
2040.0	0.0	0.110836	0.110836	0.854867	8.10572
2041.0	0.0	0.595853	0.595853	0.94961	4.10061
2042.0	0.0	0.0151319	0.0151319	0.898568	6.30581
2043.0	0.0	-0.415353	0.415353	0.829448	9.08824
2044.0	0.0	-0.187911	0.187911	0.866198	7.59265
2045.0	0.0	0.285744	0.285744	0.748578	13.4476
2046.0	0.0	0.0255613	0.0255613	0.918122	5.55717
2047.0	0.0	-0.417652	0.417652	0.821451	9.46401
2048.0	0.0	-0.31816	0.31816	0.882919	6.83093
2049.0	0.0	0.0407717	0.0407717	0.803793	10.52
2050.0	0.0	-0.322772	0.322772	0.822348	9.49686
2051.0	0.0	-0.426719	0.426719	0.884932	6.66919
2052.0	0.0	0.493244	0.493244	0.770518	12.0022
2053.0	0.0	0.343173	0.343173	0.793764	10.9029
2054.0	0.0	-0.170311	0.170311	0.917268	5.56201
2055.0	0.0	-0.167416	0.167416	0.892511	6.5177
2056.0	0.0	-0.0622843	0.0622843	0.905355	6.03847
2057.0	0.0	-0.116013	0.116013	0.881213	6.98805
2058.0	0.0	-0.211051	0.211051	0.741925	13.8912
2059.0	0.0	-0.682452	0.682452	0.800328	10.1818
2060.0	0.0	-0.447863	0.447863	0.871078	7.21954
2061.0	0.0	-0.999886	0.999886	0.797714	9.72912
2062.0	0.0	-0.3607	0.3607	0.864648	7.56213
2063.0	0.0	0.0515665	0.0515665	0.896597	6.38091
2064.0	0.0	0.467873	0.467873	0.89214	6.34492
2065.0	0.0	-0.47637	0.47637	0.778813	11.5687
2066.0	0.0	-0.109553	0.109553	0.792375	11.0941
2067.0	0.0	-0.0400968	0.0400968	0.88914	6.67848
2068.0	0.0	0.125	0.125	0.962052	3.9864
2069.0	0.0	-0.000340973	0.000340973	0.957568	4.15222
2070.0	0.0	-0.457658	0.457658	0.828109	9.1115
2071.0	0.0	-0.136149	0.136149	0.837905	8.86006
2072.0	0.0	-0.251286	0.251286	0.740846	13.934
2073.0	0.0	-0.0865925	0.0865925	0.904401	6.07173
2074.0	0.0	0.10302	0.10302	0.806476	10.3752
2075.0	0.0	0.110403	0.110403	0.835538	8.9758
2076.0	0.0	-0.122887	0.122887	0.804113	10.4889
2077.0	0.0	-0.0224305	0.0224305	0.811096	10.1564
2078.0	0.0	-0.505083	0.505083	0.864952	7.4223
2079.0	0.0	-0.223314	0.223314	0.918049	5.51293
2080.0	0.0	-0.249318	0.249318	0.80344	10.4707
2081.0	0.0	0.274353	0.274353	0.899191	6.20816
2082.0	0.0	-0.887285	0.887285	0.836637	8.11326
2083.0	0.0	0.819682	0.819682	0.839165	8.11924
2084.0	0.0	-0.441031	0.441031	0.87004	7.26911
2085.0	0.0	0.160831	0.160831	0.836874	8.89967
2086.0	0.0	0.258444	0.258444	0.870737	7.36886
2087.0	0.0	0.388576	0.388576	0.838456	8.69507
2088.0	0.0	-0.0815156	0.0815156	0.900694	6.21644
2089.0	0.0	-0.257436	0.257436	0.956456	4.12965
2090.0	0.0	-0.363098	0.363098	0.866537	7.48013
2091.0	0.0	0.0575506	0.0575506	0.774651	12.0524
2092.0	0.0	-0.0346553	0.0346553	0.729559	14.7089
2093.0	0.0	0.245537	0.245537	0.794529	10.9279
2094.0	0.0	-0.213425	0.213425	0.886494	6.74141
2095.0	0.0	-0.106481	0.106481	0.911593	5.79272
2096.0	0.0	-0.155049	0.155049	0.887777	6.71102
2097.0	0.0	-0.00563051	0.00563051	0.818362	9.80135
2098.0	0.0	0.490501	0.490501	0.848008	8.17175
2099.0	0.0	-0.557067	0.557067	0.811424	9.80163
2100.0	0.0	-0.82533	0.82533	0.776001	11.2033
2101.0	0.0	0.276872	0.276872	0.839723	8.71555
2102.0	0.0	0.271181	0.271181	0.882903	6.85914
2103.0	0.0	0.565126	0.565126	0.944831	4.29785
2104.0	0.0	-0.33517	0.33517	0.779532	11.6611
2105.0	0.0	-0.0998507	0.0998507	0.901119	6.19661
2106.0	0.0	0.514847	0.514847	0.849014	8.10187
2107.0	0.0	-0.0241667	0.0241667	0.893189	6.51778
2108.0	0.0	-0.0919108	0.0919108	0.944712	4.58807
2109.0	0.0	0.239966	0.239966	0.92814	5.13385
2110.0	0.0	-0.295574	0.295574	0.813345	9.95059
2111.0	0.0	-0.864022	0.864022	0.835086	8.22537
2112.0	0.0	-1.73156	1.73156	0.746955	10.1863
2113.0	0.0	-1.68788	1.68788	0.775178	8.87322
2114.0	0.0	0.0657345	0.0657345	0.824243	9.51413
2115.0	0.0	-0.673835	0.673835	0.90076	5.78047
2116.0	0.0	0.337779	0.337779	0.835816	8.85495
2117.0	0.0	-0.267682	0.267682	0.844165	8.51955
2118.0	0.0	-0.381334	0.381334	0.802052	10.4484
2119.0	0.0	-0.344014	0.344014	0.81214	9.97587
2120.0	0.0	-0.169484	0.169484	0.884013	6.8586
2121.0	0.0	0.0880877	0.0880877	0.902605	6.14101
2122.0	0.0	-0.471558	0.471558	0.783852	11.3045
2123.0	0.0	-0.255411	0.255411	0.811503	10.0653
2124.0	0.0	-0.46951	0.46951	0.847545	8.21322
2125.0	0.0	-0.348261	0.348261	0.846663	8.35563
2126.0	0.0	0.430244	0.430244	0.897548	6.16529
2127.0	0.0	-1.30293	1.30293	0.861361	6.13933
2128.0	0.0	0.146357	0.146357	0.819747	9.71118
2129.0	0.0	0.29137	0.29137	0.790924	11.0875
2130.0	0.0	0.620714	0.620714	0.910731	5.46733
2131.0	0.0	0.225591	0.225591	0.866368	7.56958
2132.0	0.0	1.04865	1.04865	0.875108	6.16402
2133.0	0.0	1.0397	1.0397	0.877549	6.08433
2134.0	0.0	0.589544	0.589544	0.888227	6.37414
2135.0	0.0	-0.0937425	0.0937425	0.882102	6.95634
2136.0	0.0	-0.592694	0.592694	0.800296	10.3094
2137.0	0.0	-0.222919	0.222919	0.834799	8.97014
2138.0	0.0	0.517581	0.517581	0.864418	7.43198
2139.0	0.0	0.118732	0.118732	0.8572	8.00182
2140.0	0.0	-0.841798	0.841798	0.918863	4.86148
2141.0	0.0	0.0229836	0.0229836	0.877536	7.15234
2142.0	0.0	0.0407168	0.0407168	0.855743	8.07832
2143.0	0.0	0.469388	0.469388	0.875908	6.99923
2144.0	0.0	0.12115	0.12115	0.693585	17.0976
2145.0	0.0	-0.165066	0.165066	0.880094	7.02015
2146.0	0.0	0.181607	0.181607	0.892626	6.50824
2147.0	0.0	0.230416	0.230416	0.918409	5.49644
2148.0	0.0	0.480741	0.480741	0.868042	7.31607
2149.0	0.0	-0.0789611	0.0789611	0.980629	3.38327
2150.0	0.0	0.138185	0.138185	0.813379	10.0236
2151.0	0.0	0.597793	0.597793	0.868991	7.14911
2152.0	0.0	0.100575	0.100575	0.771008	12.2456
2153.0	0.0	-0.326934	0.326934	0.842933	8.53818
2154.0	0.0	0.343543	0.343543	0.900613	6.11112
2155.0	0.0	0.207399	0.207399	0.871715	7.35187
2156.0	0.0	0.0824901	0.0824901	0.774577	12.0524
2157.0	0.0	0.251824	0.251824	0.914554	5.6309
2158.0	0.0	-0.0477018	0.0477018	0.860898	7.85356
2159.0	0.0	-0.914235	0.914235	0.909459	5.08858
2160.0	0.0	0.123323	0.123323	0.810762	10.1568
2161.0	0.0	-0.759964	0.759964	0.922439	4.85369
2162.0	0.0	-0.186328	0.186328	0.858418	7.92762
2163.0	0.0	-0.101691	0.101691	0.949175	4.43083
2164.0	0.0	-0.921945	0.921945	0.763247	11.7053
2165.0	0.0	-0.921213	0.921213	0.827867	8.44802
2166.0	0.0	-0.428212	0.428212	0.88217	6.77975
2167.0	0.0	0.0336876	0.0336876	0.882732	6.93828
2168.0	0.0	0.388148	0.388148	0.80145	10.473
2169.0	0.0	-0.114014	0.114014	0.830107	9.22764
2170.0	0.0	-0.37292	0.37292	0.851438	8.12526
2171.0	0.0	-0.146301	0.146301	1.02644	1.96707
2172.0	0.0	-0.541362	0.541362	0.89319	6.23096
2173.0	0.0	0.773326	0.773326	0.792875	10.4135
2174.0	0.0	-0.66015	0.66015	0.797758	10.3444
2175.0	0.0	-0.154556	0.154556	0.937289	4.83598
2176.0	0.0	-0.0766469	0.0766469	0.812353	10.0885
2177.0	0.0	0.682672	0.682672	0.878011	6.66863
2178.0	0.0	-0.340483	0.340483	0.823627	9.42327
2179.0	0.0	-0.409493	0.409493	0.85593	7.89898
2180.0	0.0	0.0937107	0.0937107	0.97256	3.64348
2181.0	0.0	-0.554172	0.554172	0.833748	8.7462
2182.0	0.0	0.464331	0.464331	0.907321	5.75869
2183.0	0.0	-0.153907	0.153907	0.791993	11.1008
2184.0	0.0	-0.00973132	0.00973132	0.874691	7.27082
2185.0	0.0	0.284604	0.284604	0.967938	3.73108
2186.0	0.0	0.190584	0.190584	0.901766	6.14578
2187.0	0.0	-0.236888	0.236888	0.826956	9.32973
2188.0	0.0	-0.123866	0.123866	0.750809	13.3953
2189.0	0.0	-0.875649	0.875649	0.888672	5.94834
2190.0	0.0	0.391649	0.391649	0.92281	5.2384
2191.0	0.0	-0.528684	0.528684	0.885397	6.55421
2192.0	0.0	-0.273678	0.273678	0.81017	10.1205
2193.0	0.0	0.0359714	0.0359714	0.810669	10.1767
2194.0	0.0	-0.0544979	0.0544979	0.838575	8.84581
2195.0	0.0	-0.0397787	0.0397787	0.837037	8.91792
2196.0	0.0	-0.882005	0.882005	0.808168	9.4545
2197.0	0.0	-0.670083	0.670083	0.863553	7.28546
2198.0	0.0	-1.05147	1.05147	0.795548	9.72226
2199.0	0.0	0.0993264	0.0993264	0.790134	11.2137
2200.0	0.0	-0.131922	0.131922	0.879148	7.06886
2201.0	0.0	-0.585884	0.585884	0.838438	8.49402
2202.0	0.0	-0.0732893	0.0732893	0.769926	12.3113
2203.0	0.0	0.137431	0.137431	0.825118	9.45678
2204.0	0.0	-0.337031	0.337031	0.832996	8.98574
2205.0	0.0	0.313345	0.313345	0.871683	7.29749
2206.0	0.0	-0.00117446	0.00117446	0.913517	5.73078
2207.0	0.0	0.907896	0.907896	0.881614	6.17173
2208.0	0.0	0.40272	0.40272	0.795282	10.7749
2209.0	0.0	-1.22229	1.22229	0.811391	8.53943
2210.0	0.0	0.0595747	0.0595747	0.769357	12.3451
2211.0	0.0	-0.26593	0.26593	0.830325	9.15575
2212.0	0.0	-1.06267	1.06267	0.729216	13.3543
2213.0	0.0	0.616417	0.616417	0.757038	12.6004
2214.0	0.0	0.322162	0.322162	0.76266	12.6046
2215.0	0.0	0.0125547	0.0125547	0.796802	10.878
2216.0	0.0	0.352517	0.352517	0.877356	7.03565
2217.0	0.0	0.641043	0.641043	0.879284	6.67138
2218.0	0.0	-0.821263	0.821263	0.853339	7.49346
2219.0	0.0	-0.221814	0.221814	0.902353	6.11049
2220.0	0.0	0.566772	0.566772	0.81265	9.72994
2221.0	0.0	-0.71222	0.71222	0.845651	8.00048
2222.0	0.0	-0.375454	0.375454	0.813096	9.90428
2223.0	0.0	0.712938	0.712938	0.865962	7.12435
2224.0	0.0	-0.492363	0.492363	0.813464	9.77585
2225.0	0.0	0.546335	0.546335	0.761347	12.4507
2226.0	0.0	1.06675	1.06675	0.802378	9.34986
2227.0	0.0	-0.748451	0.748451	0.838348	8.27179
2228.0	0.0	0.112742	0.112742	0.834156	9.03917
2229.0	0.0	-0.268527	0.268527	0.919592	5.43434
2230.0	0.0	-0.178615	0.178615	0.817982	9.78511
2231.0	0.0	-0.122365	0.122365	0.768921	12.3562
2232.0	0.0	0.126181	0.126181	0.843124	8.62504
2233.0	0.0	0.0182106	0.0182106	0.933916	4.97874
2234.0	0.0	-0.57948	0.57948	0.852471	7.87705
2235.0	0.0	-0.0301574	0.0301574	0.832879	9.11108
2236.0	0.0	0.468185	0.468185	0.867275	7.36043
2237.0	0.0	0.148112	0.148112	0.958597	4.09731
2238.0	0.0	0.127657	0.127657	0.878819	7.08356
2239.0	0.0	0.285221	0.285221	0.876597	7.11001
2240.0	0.0	0.758045	0.758045	0.861646	7.2395
2241.0	0.0	-0.538156	0.538156	0.870467	7.1555
2242.0	0.0	0.523289	0.523289	0.839312	8.52708
2243.0	0.0	0.97265	0.97265	0.886135	5.87474
2244.0	0.0	-0.309533	0.309533	0.783303	11.4776
2245.0	0.0	-0.497355	0.497355	0.861483	7.57786
2246.0	0.0	-0.0652647	0.0652647	0.821007	9.66913
2247.0	0.0	0.330116	0.330116	0.79825	10.6821
2248.0	0.0	0.081695	0.081695	0.861095	7.84056
2249.0	0.0	-0.0721854	0.0721854	0.867231	7.5794
2250.0	0.0	-0.535556	0.535556	0.786109	11.1122
2251.0	0.0	0.180045	0.180045	0.876895	7.14681
2252.0	0.0	-0.495328	0.495328	0.926879	5.00326
2253.0	0.0	0.110964	0.110964	0.752505	13.2991
2254.0	0.0	0.471314	0.471314	0.855314	7.86987
2255.0	0.0	0.217787	0.217787	0.806699	10.3233
2256.0	0.0	0.131212	0.131212	0.834064	9.03864
2257.0	0.0	-0.9568	0.9568	0.829119	8.32095
2258.0	0.0	-0.0340641	0.0340641	0.818579	9.78963
2259.0	0.0	0.85565	0.85565	0.825031	8.70136
2260.0	0.0	-0.397517	0.397517	0.83435	8.876
2261.0	0.0	-0.750499	0.750499	0.875924	6.65752
2262.0	0.0	-0.166058	0.166058	0.866536	7.58617
2263.0	0.0	1.13838	1.13838	0.821948	8.25421
2264.0	0.0	0.353115	0.353115	0.802181	10.4649
2265.0	0.0	0.153687	0.153687	0.835311	8.97414
2266.0	0.0	-0.380681	0.380681	0.852717	8.06293
2267.0	0.0	-0.339622	0.339622	0.832749	8.99532
2268.0	0.0	-0.323229	0.323229	0.860129	7.78195
2269.0	0.0	0.153108	0.153108	0.873047	7.31589
2270.0	0.0	-0.0368222	0.0368222	0.902315	6.1585
2271.0	0.0	0.188992	0.188992	0.767323	12.4213
2272.0	0.0	0.74604	0.74604	0.811702	9.52139
2273.0	0.0	-0.117154	0.117154	0.802258	10.5842
2274.0	0.0	0.413683	0.413683	0.90289	5.97144
2275.0	0.0	-0.473109	0.473109	0.794081	10.7678
2276.0	0.0	-0.813896	0.813896	0.847904	7.74191
2277.0	0.0	0.23272	0.23272	0.830542	9.16329
2278.0	0.0	0.142871	0.142871	0.798257	10.7806
2279.0	0.0	-0.0868038	0.0868038	0.872013	7.37523
2280.0	0.0	-0.018034	0.018034	0.849708	8.34598
2281.0	0.0	-0.17995	0.17995	0.789924	11.1992
2282.0	0.0	-0.58108	0.58108	0.830914	8.84474
2283.0	0.0	0.336335	0.336335	0.780861	11.5887
2284.0	0.0	0.0536214	0.0536214	0.956331	4.1917
2285.0	0.0	-1.02075	1.02075	0.852342	7.16502
2286.0	0.0	0.315104	0.315104	0.777617	11.7797
2287.0	0.0	-0.262517	0.262517	0.893072	6.45519
2288.0	0.0	-0.440333	0.440333	0.858474	7.7618
2289.0	0.0	-0.268888	0.268888	0.858061	7.90447
2290.0	0.0	-0.208585	0.208585	0.8795	7.02825
2291.0	0.0	-0.140877	0.140877	0.817592	9.81712
2292.0	0.0	0.899057	0.899057	0.812105	9.23149
2293.0	0.0	0.4517	0.4517	0.82694	9.17216
2294.0	0.0	-0.184171	0.184171	0.783208	11.5533
2295.0	0.0	-0.0266835	0.0266835	0.836519	8.94269
2296.0	0.0	0.340526	0.340526	0.845749	8.4021
2297.0	0.0	-0.155436	0.155436	0.815404	9.91892
2298.0	0.0	0.219261	0.219261	0.797626	10.782
2299.0	0.0	-0.21547	0.21547	0.857176	7.96957
2300.0	0.0	-0.397291	0.397291	0.887325	6.59685
2301.0	0.0	-0.0941731	0.0941731	0.854512	8.12482
2302.0	0.0	-0.597352	0.597352	0.779657	11.3754
2303.0	0.0	0.732156	0.732156	0.873711	6.77504
2304.0	0.0	0.343593	0.343593	0.855152	7.98401
2305.0	0.0	0.20213	0.20213	0.885878	6.77094
2306.0	0.0	0.136491	0.136491	0.902942	6.11737
2307.0	0.0	0.145689	0.145689	0.805791	10.3978
2308.0	0.0	-0.201833	0.201833	0.865103	7.63376
2309.0	0.0	0.201029	0.201029	0.848083	8.37657
2310.0	0.0	0.34632	0.34632	0.788736	11.1626
2311.0	0.0	-0.229424	0.229424	0.857599	7.94474
2312.0	0.0	-0.189481	0.189481	0.791602	11.1074
2313.0	0.0	0.207038	0.207038	0.870787	7.39097
2314.0	0.0	0.270274	0.270274	0.88758	6.67044
2315.0	0.0	-0.233892	0.233892	0.85885	7.88832
2316.0	0.0	-0.303899	0.303899	0.90187	6.08726
2317.0	0.0	0.450607	0.450607	0.841253	8.51336
2318.0	0.0	-0.226197	0.226197	0.83112	9.13948
2319.0	0.0	-0.347468	0.347468	0.816636	9.75382
2320.0	0.0	0.208302	0.208302	0.899089	6.24324
2321.0	0.0	-0.659395	0.659395	0.915462	5.24371
2322.0	0.0	-0.324039	0.324039	0.943497	4.54144
2323.0	0.0	0.449469	0.449469	0.83957	8.59069
2324.0	0.0	-0.687488	0.687488	0.836716	8.43686
2325.0	0.0	-0.515474	0.515474	0.803891	10.2232
2326.0	0.0	-1.12349	1.12349	0.82643	8.08382
2327.0	0.0	1.05025	1.05025	0.815501	8.75667
2328.0	0.0	0.249726	0.249726	0.944809	4.53489
2329.0	0.0	-0.185103	0.185103	0.860108	7.85486
2330.0	0.0	-0.312644	0.312644	0.899767	6.16376
2331.0	0.0	-0.00160997	0.00160997	0.924256	5.33037
2332.0	0.0	0.335673	0.335673	0.939918	4.66019
2333.0	0.0	0.262107	0.262107	0.865398	7.59268
2334.0	0.0	-0.401319	0.401319	0.879998	6.89046
2335.0	0.0	0.242819	0.242819	0.822555	9.53577
2336.0	0.0	-0.557724	0.557724	0.829031	8.96038
2337.0	0.0	-0.371776	0.371776	0.725985	14.765
2338.0	0.0	0.211972	0.211972	0.837425	8.85417
2339.0	0.0	0.110912	0.110912	0.932365	5.02335
2340.0	0.0	0.327248	0.327248	0.927324	5.11694
2341.0	0.0	0.423461	0.423461	0.824829	9.29814
2342.0	0.0	0.523404	0.523404	0.934478	4.70345
2343.0	0.0	-0.263185	0.263185	0.897318	6.28731
2344.0	0.0	0.829203	0.829203	0.843308	7.91849
2345.0	0.0	-0.234389	0.234389	0.820617	9.63297
2346.0	0.0	-0.413701	0.413701	0.843086	8.46401
2347.0	0.0	0.619102	0.619102	0.848939	7.9831
2348.0	0.0	0.251265	0.251265	0.847274	8.38899
2349.0	0.0	-0.625226	0.625226	0.739672	13.608
2350.0	0.0	0.287214	0.287214	0.740433	13.9356
2351.0	0.0	-0.613057	0.613057	0.796512	10.4741
2352.0	0.0	-0.143422	0.143422	0.85372	8.14749
2353.0	0.0	-0.030942	0.030942	0.764995	12.5931
2354.0	0.0	-0.0517578	0.0517578	0.859272	7.92354
2355.0	0.0	-0.949425	0.949425	0.893355	5.63647
2356.0	0.0	-1.11643	1.11643	0.791919	9.75111
2357.0	0.0	-0.558141	0.558141	0.864408	7.38821
2358.0	0.0	-0.198499	0.198499	0.856611	8.00142
2359.0	0.0	0.131906	0.131906	0.879605	7.05007
2360.0	0.0	0.0729085	0.0729085	0.831196	9.18486
2361.0	0.0	0.598007	0.598007	0.797973	10.42
2362.0	0.0	-0.165599	0.165599	0.791197	11.1382
2363.0	0.0	0.106905	0.106905	0.770436	12.2759
2364.0	0.0	0.261987	0.261987	0.830054	9.17065
2365.0	0.0	0.0196112	0.0196112	0.79221	11.1158
2366.0	0.0	-0.345134	0.345134	0.855811	7.95414
2367.0	0.0	0.57345	0.57345	0.922993	5.06638
2368.0	0.0	-0.00196676	0.00196676	0.956711	4.18137
2369.0	0.0	0.274389	0.274389	0.843271	8.55605
2370.0	0.0	0.0253323	0.0253323	0.816741	9.8794
2371.0	0.0	0.148439	0.148439	0.879414	7.05332
2372.0	0.0	0.555455	0.555455	0.870862	7.12003
2373.0	0.0	-0.303731	0.303731	0.881664	6.89098
2374.0	0.0	-0.358268	0.358268	0.889337	6.54535
2375.0	0.0	0.357047	0.357047	0.868986	7.38107
2376.0	0.0	0.00376829	0.00376829	0.831615	9.17094
2377.0	0.0	-0.372328	0.372328	0.950201	4.27771
2378.0	0.0	-0.112707	0.112707	0.791229	11.1531
2379.0	0.0	-0.277457	0.277457	0.929792	5.05564
2380.0	0.0	0.0728988	0.0728988	0.760325	12.8539
2381.0	0.0	0.077368	0.077368	0.787676	11.3475
2382.0	0.0	-0.65823	0.65823	0.78892	10.8007
2383.0	0.0	0.319682	0.319682	0.822433	9.49497
2384.0	0.0	-0.0932833	0.0932833	0.796426	10.8878
2385.0	0.0	-0.589363	0.589363	0.774413	11.6691
2386.0	0.0	-0.413881	0.413881	0.7657	12.3539
2387.0	0.0	0.371748	0.371748	0.866377	7.48046
2388.0	0.0	0.0816226	0.0816226	0.915529	5.64858
2389.0	0.0	-0.370943	0.370943	0.898504	6.17422
2390.0	0.0	-0.969707	0.969707	0.817395	8.83916
2391.0	0.0	0.362003	0.362003	0.886857	6.64212
2392.0	0.0	0.377216	0.377216	0.887183	6.61791
2393.0	0.0	-0.336918	0.336918	0.811863	9.99476
2394.0	0.0	-0.66065	0.66065	0.827266	8.90963
2395.0	0.0	-0.193416	0.193416	0.864329	7.67022
2396.0	0.0	-0.423149	0.423149	0.831197	8.99975
2397.0	0.0	-0.593503	0.593503	0.810755	9.78879
2398.0	0.0	-0.28388	0.28388	0.910434	5.77008
2399.0	0.0	-0.113064	0.113064	0.788121	11.3163
2400.0	0.0	-0.294026	0.294026	0.835143	8.91526
2401.0	0.0	-0.841906	0.841906	0.948608	3.81463
2402.0	0.0	-0.100936	0.100936	0.891734	6.56621
2403.0	0.0	-0.0535339	0.0535339	0.90439	6.07667
2404.0	0.0	-0.285351	0.285351	0.900765	6.1408
2405.0	0.0	0.0977829	0.0977829	0.987695	3.15442
2406.0	0.0	-0.621413	0.621413	0.829157	8.87492
2407.0	0.0	0.367165	0.367165	0.917692	5.44532
2408.0	0.0	0.200543	0.200543	0.885483	6.78758
2409.0	0.0	1.15351	1.15351	0.83771	7.50844
2410.0	0.0	0.623143	0.623143	0.949991	4.05732
2411.0	0.0	0.226628	0.226628	0.838081	8.8173
2412.0	0.0	-0.0967638	0.0967638	0.799953	10.7062
2413.0	0.0	-0.0287363	0.0287363	0.870913	7.42826
2414.0	0.0	-0.515424	0.515424	0.875913	6.95374
2415.0	0.0	0.158602	0.158602	0.810504	10.1586
2416.0	0.0	0.16509	0.16509	0.72642	14.8753
2417.0	0.0	0.574046	0.574046	0.893739	6.1738
2418.0	0.0	-0.501381	0.501381	0.811128	9.88032
2419.0	0.0	0.0623699	0.0623699	0.855819	8.07267
2420.0	0.0	0.648494	0.648494	0.953928	3.89425
2421.0	0.0	-0.213666	0.213666	0.812689	10.0284
2422.0	0.0	0.0344538	0.0344538	0.837558	8.89438
2423.0	0.0	-0.241612	0.241612	0.813771	9.96141
2424.0	0.0	0.554938	0.554938	0.78263	11.2723
2425.0	0.0	-0.441338	0.441338	0.838919	8.62791
2426.0	0.0	-0.555666	0.555666	0.935678	4.62855
2427.0	0.0	0.741316	0.741316	0.858658	7.39186
2428.0	0.0	-0.48253	0.48253	0.851682	8.01763
2429.0	0.0	-0.138152	0.138152	0.89416	6.46103
2430.0	0.0	0.0331656	0.0331656	0.867309	7.58027
2431.0	0.0	0.0694512	0.0694512	0.836182	8.95387
2432.0	0.0	-0.0552371	0.0552371	0.805614	10.4268
2433.0	0.0	0.157491	0.157491	0.89555	6.40046
2434.0	0.0	-0.181545	0.181545	0.786467	11.3808
2435.0	0.0	-0.234227	0.234227	0.797766	10.7672
2436.0	0.0	-0.177241	0.177241	0.808645	10.244
2437.0	0.0	-0.248625	0.248625	0.888025	6.66366
2438.0	0.0	-0.374032	0.374032	0.824439	9.35893
2439.0	0.0	-0.392662	0.392662	0.801483	10.4675
2440.0	0.0	-0.410357	0.410357	0.807763	10.1372
2441.0	0.0	-0.640348	0.640348	0.925318	4.90569
2442.0	0.0	-0.541075	0.541075	0.824355	9.19917
2443.0	0.0	-0.0152895	0.0152895	0.770728	12.2727
2444.0	0.0	0.594529	0.594529	0.885729	6.46807
2445.0	0.0	-0.293871	0.293871	0.836428	8.85615
2446.0	0.0	0.132571	0.132571	0.821065	9.65189
2447.0	0.0	0.746511	0.746511	0.792069	10.4999
2448.0	0.0	-0.527265	0.527265	0.885655	6.54535
2449.0	0.0	-0.129157	0.129157	0.864654	7.6775
2450.0	0.0	0.545614	0.545614	0.914705	5.4018
2451.0	0.0	-0.50712	0.50712	0.888397	6.45609
2452.0	0.0	0.642712	0.642712	0.798482	10.3329
2453.0	0.0	0.0481058	0.0481058	0.833896	9.06232
2454.0	0.0	-0.224438	0.224438	0.799881	10.6642
2455.0	0.0	-0.0750325	0.0750325	0.862894	7.7642
2456.0	0.0	-0.354605	0.354605	0.799005	10.6249
2457.0	0.0	0.497549	0.497549	0.836455	8.68481
2458.0	0.0	0.0794056	0.0794056	0.82127	9.65427
2459.0	0.0	-0.356749	0.356749	0.963687	3.83076
2460.0	0.0	-0.248894	0.248894	0.878818	7.03786
2461.0	0.0	-0.238816	0.238816	0.884246	6.821
2462.0	0.0	0.230204	0.230204	0.769016	12.3065
2463.0	0.0	-0.529794	0.529794	0.840254	8.47726
2464.0	0.0	-0.702643	0.702643	0.853747	7.65984
2465.0	0.0	0.957974	0.957974	0.873709	6.3984
2466.0	0.0	0.269552	0.269552	0.796231	10.8262
2467.0	0.0	-0.490222	0.490222	0.816604	9.62576
2468.0	0.0	0.207608	0.207608	0.840581	8.71183
2469.0	0.0	0.383779	0.383779	0.875551	7.08713
2470.0	0.0	0.295705	0.295705	0.833481	8.99102
2471.0	0.0	-0.278086	0.278086	0.834578	8.95101
2472.0	0.0	-0.818941	0.818941	0.85693	7.34314
2473.0	0.0	-0.16354	0.16354	0.79826	10.7734
2474.0	0.0	-0.0559416	0.0559416	0.881943	6.96852
2475.0	0.0	0.542855	0.542855	0.890716	6.32709
2476.0	0.0	-0.683834	0.683834	0.822417	9.10402
2477.0	0.0	-0.24581	0.24581	0.860215	7.82338
2478.0	0.0	-0.100505	0.100505	0.856776	8.02445
2479.0	0.0	0.431817	0.431817	0.830497	9.02443
2480.0	0.0	0.195835	0.195835	0.826331	9.37833
2481.0	0.0	0.186455	0.186455	0.840139	8.74078
2482.0	0.0	0.383265	0.383265	0.884506	6.72125
2483.0	0.0	0.357759	0.357759	0.813995	9.87449
2484.0	0.0	-0.281345	0.281345	0.823427	9.47238
2485.0	0.0	-0.903733	0.903733	0.850073	7.49016
2486.0	0.0	0.0679727	0.0679727	0.869165	7.49809
2487.0	0.0	-0.727821	0.727821	0.771609	11.6129
2488.0	0.0	-0.826227	0.826227	0.862218	7.10673
2489.0	0.0	0.433726	0.433726	0.792084	10.911
2490.0	0.0	-0.276884	0.276884	0.801612	10.547
2491.0	0.0	0.00325807	0.00325807	0.865823	7.64459
2492.0	0.0	0.49898	0.49898	0.743845	13.5283
2493.0	0.0	0.677889	0.677889	0.864924	7.21698
2494.0	0.0	-0.852285	0.852285	0.909288	5.19804
2495.0	0.0	-0.0765835	0.0765835	0.842305	8.67269
2496.0	0.0	-0.034125	0.034125	0.884943	6.84828
2497.0	0.0	-0.717867	0.717867	0.767705	11.8436
2498.0	0.0	-0.0521253	0.0521253	0.85705	8.0201
2499.0	0.0	0.379825	0.379825	0.922237	5.2681
2500.0	0.0	-0.32786	0.32786	0.93859	4.71199
2501.0	0.0	0.338321	0.338321	0.93456	4.84895
2502.0	0.0	-0.367796	0.367796	0.839726	8.65372
2503.0	0.0	0.483447	0.483447	0.873006	7.10593
2504.0	0.0	0.914164	0.914164	0.896406	5.58184
2505.0	0.0	-0.55921	0.55921	0.870874	7.11534
2506.0	0.0	0.119556	0.119556	0.84195	8.67993
2507.0	0.0	0.266651	0.266651	0.865346	7.59248
2508.0	0.0	-0.620048	0.620048	0.893007	6.14906
2509.0	0.0	0.2838	0.2838	0.840974	8.65457
2510.0	0.0	1.07358	1.07358	0.903277	5.02147
2511.0	0.0	0.367643	0.367643	0.907132	5.84333
2512.0	0.0	-1.32199	1.32199	0.873673	5.59595
2513.0	0.0	-0.0809593	0.0809593	0.918176	5.54952
2514.0	0.0	0.468429	0.468429	0.784918	11.2513
2515.0	0.0	-0.178752	0.178752	0.913138	5.71442
2516.0	0.0	-0.431793	0.431793	0.837439	8.70414
2517.0	0.0	-0.216092	0.216092	0.712816	15.7358
2518.0	0.0	-0.0361106	0.0361106	0.901736	6.18108
2519.0	0.0	0.0908574	0.0908574	0.866348	7.61385
2520.0	0.0	0.454489	0.454489	0.856578	7.83091
2521.0	0.0	-0.345024	0.345024	0.825136	9.3483
2522.0	0.0	0.41082	0.41082	0.83321	8.91727
2523.0	0.0	-0.228713	0.228713	0.680658	17.9843
2524.0	0.0	-0.0572341	0.0572341	0.929018	5.15307
2525.0	0.0	-0.46438	0.46438	0.843688	8.39047
2526.0	0.0	0.0762934	0.0762934	0.841389	8.71434
2527.0	0.0	0.211891	0.211891	0.874463	7.23519
2528.0	0.0	0.00449611	0.00449611	0.941443	4.71086
2529.0	0.0	0.566793	0.566793	0.820668	9.34353
2530.0	0.0	-0.433952	0.433952	0.841161	8.53295
2531.0	0.0	-0.18029	0.18029	0.892576	6.5107
2532.0	0.0	0.217516	0.217516	0.849634	8.30033
2533.0	0.0	-0.292899	0.292899	0.808491	10.1918
2534.0	0.0	-0.740432	0.740432	0.833786	8.49117
2535.0	0.0	-0.48679	0.48679	0.889453	6.43388
2536.0	0.0	-0.230261	0.230261	0.811739	10.0671
2537.0	0.0	0.507581	0.507581	0.826593	9.13124
2538.0	0.0	0.355706	0.355706	0.798988	10.6248
2539.0	0.0	-0.10042	0.10042	0.837752	8.87606
2540.0	0.0	-0.980582	0.980582	0.818902	8.74588
2541.0	0.0	0.0124595	0.0124595	0.912657	5.76314
2542.0	0.0	-0.882368	0.882368	0.749809	12.5481
2543.0	0.0	0.33146	0.33146	0.864708	7.58019
2544.0	0.0	-0.0348309	0.0348309	0.916795	5.60629
2545.0	0.0	0.498949	0.498949	0.910725	5.59761
2546.0	0.0	-0.11209	0.11209	0.829116	9.27463
2547.0	0.0	-0.0843222	0.0843222	0.760405	12.8471
2548.0	0.0	0.88223	0.88223	0.778339	10.9691
2549.0	0.0	0.138577	0.138577	0.891041	6.58498
2550.0	0.0	-0.701646	0.701646	0.788936	10.7338
2551.0	0.0	0.127721	0.127721	0.869027	7.49204
2552.0	0.0	1.17741	1.17741	0.870887	6.05522
2553.0	0.0	0.14856	0.14856	0.84291	8.62826
2554.0	0.0	0.795211	0.795211	0.855794	7.43055
2555.0	0.0	0.318705	0.318705	0.791006	11.0645
2556.0	0.0	0.350022	0.350022	0.851693	8.13117
2557.0	0.0	0.0742794	0.0742794	0.901042	6.20399
2558.0	0.0	0.287881	0.287881	0.895739	6.33606
2559.0	0.0	0.485787	0.485787	0.887197	6.52492
2560.0	0.0	0.59418	0.59418	0.781558	11.2782
2561.0	0.0	0.0794877	0.0794877	0.866967	7.58947
2562.0	0.0	0.367409	0.367409	0.836143	8.81784
2563.0	0.0	-0.281753	0.281753	0.818706	9.69856
2564.0	0.0	-0.338082	0.338082	0.7849	11.3715
2565.0	0.0	-1.26743	1.26743	0.748068	11.6875
2566.0	0.0	0.398089	0.398089	0.867359	7.41835
2567.0	0.0	-0.446298	0.446298	0.76486	12.3686
2568.0	0.0	0.575405	0.575405	0.813825	9.66211
2569.0	0.0	-0.0607703	0.0607703	0.855751	8.07585
2570.0	0.0	0.0758657	0.0758657	0.886121	6.79599
2571.0	0.0	0.110688	0.110688	0.891471	6.57468
2572.0	0.0	-0.966112	0.966112	0.886392	5.87687
2573.0	0.0	-0.582599	0.582599	0.925611	4.96111
2574.0	0.0	0.849375	0.849375	0.827724	8.58785
2575.0	0.0	0.533857	0.533857	0.852394	7.93267
2576.0	0.0	-0.182384	0.182384	0.820683	9.65328
2577.0	0.0	-0.411087	0.411087	0.867343	7.40834
2578.0	0.0	-0.512598	0.512598	0.885112	6.5822
2579.0	0.0	-0.440143	0.440143	0.867161	7.39098
2580.0	0.0	-0.401191	0.401191	0.894255	6.31813
2581.0	0.0	-0.58713	0.58713	0.876768	6.83979
2582.0	0.0	0.568408	0.568408	0.851431	7.93561
2583.0	0.0	-0.486694	0.486694	0.807103	10.0948
2584.0	0.0	-0.497221	0.497221	0.839252	8.55771
2585.0	0.0	-0.385695	0.385695	0.760641	12.6665
2586.0	0.0	-0.147905	0.147905	0.719662	15.317
2587.0	0.0	0.311567	0.311567	0.807276	10.2398
2588.0	0.0	-0.359117	0.359117	0.848051	8.28575
2589.0	0.0	0.687959	0.687959	0.831145	8.69093
2590.0	0.0	-0.030201	0.030201	0.83661	8.93831
2591.0	0.0	-0.317205	0.317205	0.857302	7.90829
2592.0	0.0	-0.153429	0.153429	0.818244	9.78152
2593.0	0.0	0.612136	0.612136	0.833877	8.66907
2594.0	0.0	0.197208	0.197208	0.872708	7.31446
2595.0	0.0	-0.0721767	0.0721767	0.772747	12.155
2596.0	0.0	-0.595439	0.595439	0.907452	5.62046
2597.0	0.0	0.602763	0.602763	0.776306	11.5482
2598.0	0.0	-0.90682	0.90682	0.782001	10.7268
2599.0	0.0	-0.184329	0.184329	0.930389	5.07444
2600.0	0.0	-0.677462	0.677462	0.911355	5.37387
2601.0	0.0	-0.45882	0.45882	0.880092	6.83738
2602.0	0.0	-0.256167	0.256167	0.785488	11.3957
2603.0	0.0	0.0685905	0.0685905	0.820767	9.68016
2604.0	0.0	-0.14107	0.14107	0.891556	6.56372
2605.0	0.0	0.377437	0.377437	0.856312	7.90832
2606.0	0.0	-0.154551	0.154551	0.756117	13.0745
2607.0	0.0	-0.12474	0.12474	0.823079	9.55754
2608.0	0.0	-0.141644	0.141644	0.947134	4.49277
2609.0	0.0	0.0613243	0.0613243	0.798206	10.8018
2610.0	0.0	-0.943935	0.943935	0.863028	6.86449
2611.0	0.0	0.0980201	0.0980201	0.779432	11.7844
2612.0	0.0	-0.525018	0.525018	0.818391	9.50153
2613.0	0.0	-0.676607	0.676607	0.89421	6.03069
2614.0	0.0	-0.718991	0.718991	0.81616	9.34901
2615.0	0.0	-0.987859	0.987859	0.86526	6.68742
2616.0	0.0	-0.395352	0.395352	0.826923	9.22397
2617.0	0.0	0.169648	0.169648	0.84951	8.32514
2618.0	0.0	0.765444	0.765444	0.834354	8.42589
2619.0	0.0	-0.14156	0.14156	0.864877	7.66452
2620.0	0.0	0.288958	0.288958	0.905986	5.93709
2621.0	0.0	-0.0198375	0.0198375	0.882841	6.93457
2622.0	0.0	-0.898437	0.898437	0.793178	10.1674
2623.0	0.0	-0.121869	0.121869	0.868224	7.52749
2624.0	0.0	0.0145356	0.0145356	0.908091	5.9369
2625.0	0.0	0.385351	0.385351	0.79108	11.0078
2626.0	0.0	-0.70285	0.70285	0.880093	6.55654
2627.0	0.0	0.188227	0.188227	0.915415	5.62532
2628.0	0.0	-0.0839833	0.0839833	0.852717	8.20569
2629.0	0.0	0.0249185	0.0249185	0.857246	8.01374
2630.0	0.0	-0.408389	0.408389	0.846519	8.31466
2631.0	0.0	-0.14345	0.14345	0.762799	12.6946
2632.0	0.0	-0.219906	0.219906	0.790419	11.1552
2633.0	0.0	0.131532	0.131532	0.909592	5.86305
2634.0	0.0	0.0552926	0.0552926	0.800095	10.706
2635.0	0.0	-0.375179	0.375179	0.750417	13.2682
2636.0	0.0	0.1449	0.1449	0.816299	9.87872
2637.0	0.0	-0.132861	0.132861	0.795948	10.9024
2638.0	0.0	0.162315	0.162315	0.779212	11.7771
2639.0	0.0	0.267211	0.267211	0.886799	6.70351
2640.0	0.0	0.127804	0.127804	0.836851	8.91083
2641.0	0.0	-0.469781	0.469781	0.95289	4.11065
2642.0	0.0	-0.0436652	0.0436652	0.91932	5.5113
2643.0	0.0	0.0137604	0.0137604	0.884767	6.85641
2644.0	0.0	-0.55098	0.55098	0.88056	6.7259
2645.0	0.0	0.270889	0.270889	0.825837	9.36411
2646.0	0.0	-0.458744	0.458744	0.842037	8.47018
2647.0	0.0	0.410927	0.410927	0.782788	11.4219
2648.0	0.0	0.363208	0.363208	0.90855	5.79236
2649.0	0.0	-0.365666	0.365666	0.903393	5.98828
2650.0	0.0	-0.34269	0.34269	0.899501	6.15495
2651.0	0.0	0.270065	0.270065	0.80165	10.5492
2652.0	0.0	-0.172296	0.172296	0.796453	10.8629
2653.0	0.0	-0.151245	0.151245	0.856174	8.03756
2654.0	0.0	0.677717	0.677717	0.9235	4.92559
2655.0	0.0	0.401638	0.401638	0.741833	13.7551
2656.0	0.0	-0.0191725	0.0191725	0.88403	6.88618
2657.0	0.0	0.419565	0.419565	0.915588	5.48457
2658.0	0.0	0.194784	0.194784	0.818227	9.76668
2659.0	0.0	0.327591	0.327591	0.81519	9.8387
2660.0	0.0	0.298293	0.298293	0.825405	9.36782
2661.0	0.0	0.0811259	0.0811259	0.874978	7.25233
2662.0	0.0	0.284665	0.284665	0.843161	8.55501
2663.0	0.0	0.22674	0.22674	0.764502	12.5618
2664.0	0.0	-0.422129	0.422129	0.937516	4.68441
2665.0	0.0	-0.310115	0.310115	0.88979	6.559
2666.0	0.0	-0.266283	0.266283	0.865414	7.58978
2667.0	0.0	0.770186	0.770186	0.853258	7.5796
2668.0	0.0	-0.637293	0.637293	0.802525	10.1371
2669.0	0.0	-0.224317	0.224317	0.944618	4.55266
2670.0	0.0	0.164953	0.164953	0.888385	6.68345
2671.0	0.0	-0.365321	0.365321	0.897541	6.21587
2672.0	0.0	-0.121218	0.121218	0.84084	8.72998
2673.0	0.0	0.394777	0.394777	0.828545	9.14826
2674.0	0.0	-0.678387	0.678387	0.961015	3.62092
2675.0	0.0	0.219467	0.219467	0.832616	9.07298
2676.0	0.0	0.490458	0.490458	0.821168	9.40638
2677.0	0.0	0.632366	0.632366	0.877589	6.75139
2678.0	0.0	-0.533034	0.533034	0.857518	7.7108
2679.0	0.0	0.235742	0.235742	0.674164	18.466
2680.0	0.0	0.34608	0.34608	0.842663	8.53688
2681.0	0.0	0.661172	0.661172	0.858382	7.51765
2682.0	0.0	-0.200159	0.200159	0.854888	8.07608
2683.0	0.0	0.212207	0.212207	0.753892	13.1789
2684.0	0.0	0.257062	0.257062	0.903825	6.03716
2685.0	0.0	-0.251204	0.251204	0.80403	10.4399
2686.0	0.0	-0.0970574	0.0970574	0.777069	11.913
2687.0	0.0	0.523325	0.523325	0.823378	9.26555
2688.0	0.0	-0.575191	0.575191	0.796676	10.5156
2689.0	0.0	-0.032598	0.032598	0.878009	7.13222
2690.0	0.0	0.090274	0.090274	0.890332	6.62421
2691.0	0.0	-0.458492	0.458492	0.780048	11.5214
2692.0	0.0	0.089259	0.089259	0.852888	8.19722
2693.0	0.0	0.0680726	0.0680726	0.872204	7.37017
2694.0	0.0	0.273058	0.273058	0.737438	14.1282
2695.0	0.0	-0.302076	0.302076	0.750296	13.3346
2696.0	0.0	-0.696743	0.696743	0.758464	12.3955
2697.0	0.0	-0.349487	0.349487	0.764201	12.4958
2698.0	0.0	0.673985	0.673985	0.839907	8.31176
2699.0	0.0	0.340891	0.340891	0.796608	10.7581
2700.0	0.0	-0.210927	0.210927	0.838036	8.82664
2701.0	0.0	-1.10842	1.10842	0.835517	7.70943
2702.0	0.0	0.0831646	0.0831646	0.960239	4.0554
2703.0	0.0	-0.354537	0.354537	0.899097	6.16266
2704.0	0.0	-0.495325	0.495325	0.907674	5.71667
2705.0	0.0	0.219719	0.219719	0.829763	9.20603
2706.0	0.0	0.743086	0.743086	0.896252	5.85996
2707.0	0.0	0.106474	0.106474	0.915958	5.62796
2708.0	0.0	0.0940834	0.0940834	0.862595	7.77374
2709.0	0.0	-0.602442	0.602442	0.875382	6.87855
2710.0	0.0	-0.314716	0.314716	0.776345	11.8492
2711.0	0.0	-0.296963	0.296963	0.816092	9.81563
2712.0	0.0	0.198656	0.198656	0.892006	6.52652
2713.0	0.0	0.69414	0.69414	0.829549	8.75563
2714.0	0.0	-0.351453	0.351453	0.908301	5.80993
2715.0	0.0	0.642071	0.642071	0.862303	7.37558
2716.0	0.0	0.45943	0.45943	0.805127	10.2215
2717.0	0.0	-0.66921	0.66921	0.861032	7.39359
2718.0	0.0	-0.114708	0.114708	0.950642	4.37749
2719.0	0.0	0.450443	0.450443	0.763736	12.4275
2720.0	0.0	-0.0995899	0.0995899	0.799701	10.7185
2721.0	0.0	-0.203381	0.203381	0.796045	10.8708
2722.0	0.0	-0.515424	0.515424	0.856015	7.79472
2723.0	0.0	-0.0283622	0.0283622	0.82119	9.66406
2724.0	0.0	0.330226	0.330226	0.9322	4.93864
2725.0	0.0	-0.0273886	0.0273886	0.938054	4.8303
2726.0	0.0	0.51829	0.51829	0.860027	7.6186
2727.0	0.0	0.125046	0.125046	0.797681	10.8155
2728.0	0.0	0.367115	0.367115	0.896032	6.27377
2729.0	0.0	-0.457569	0.457569	0.809747	9.99409
2730.0	0.0	-0.244486	0.244486	0.787461	11.2979
2731.0	0.0	-0.337515	0.337515	0.879262	6.96763
2732.0	0.0	-0.868771	0.868771	0.756859	12.1727
2733.0	0.0	-0.631751	0.631751	0.792323	10.6627
2734.0	0.0	0.261345	0.261345	0.805407	10.365
2735.0	0.0	-0.0904544	0.0904544	0.889184	6.67017
2736.0	0.0	-0.0267532	0.0267532	0.814187	10.004
2737.0	0.0	-0.346762	0.346762	0.780068	11.6231
2738.0	0.0	0.174326	0.174326	0.854924	8.08447
2739.0	0.0	-0.563834	0.563834	0.775042	11.6686
2740.0	0.0	0.0219867	0.0219867	0.924061	5.3371
2741.0	0.0	-0.713684	0.713684	0.829553	8.72646
2742.0	0.0	0.152452	0.152452	0.848144	8.39176
2743.0	0.0	-0.158175	0.158175	0.878354	7.09395
2744.0	0.0	-0.204312	0.204312	0.85648	8.00474
2745.0	0.0	-0.456909	0.456909	0.899362	6.07159
2746.0	0.0	-0.208402	0.208402	0.986401	3.16567
2747.0	0.0	0.17549	0.17549	0.833634	9.04414
2748.0	0.0	0.296385	0.296385	0.825314	9.37336
2749.0	0.0	-0.537328	0.537328	0.84902	8.07715
2750.0	0.0	0.41254	0.41254	0.902828	5.97474
2751.0	0.0	0.0464645	0.0464645	0.876343	7.20007
2752.0	0.0	0.163362	0.163362	0.85405	8.12666
2753.0	0.0	-0.155959	0.155959	0.925306	5.26878
2754.0	0.0	-0.29253	0.29253	0.908522	5.83804
2755.0	0.0	0.105406	0.105406	0.798828	10.7618
2756.0	0.0	-0.438735	0.438735	0.897558	6.15769
2757.0	0.0	0.153148	0.153148	0.851326	8.25013
2758.0	0.0	0.171074	0.171074	0.844828	8.53411
2759.0	0.0	0.334683	0.334683	0.823342	9.44104
2760.0	0.0	-0.399693	0.399693	0.830956	9.03147
2761.0	0.0	0.104498	0.104498	0.816125	9.89819
2762.0	0.0	-0.392509	0.392509	0.80108	10.488
2763.0	0.0	0.111066	0.111066	0.812189	10.0895
2764.0	0.0	0.609119	0.609119	0.91199	5.43365
2765.0	0.0	0.473389	0.473389	0.907735	5.73475
2766.0	0.0	-0.642807	0.642807	0.881315	6.58683
2767.0	0.0	-0.395972	0.395972	0.755384	12.9591
2768.0	0.0	0.245428	0.245428	0.844676	8.50849
2769.0	0.0	0.10742	0.10742	0.86642	7.60742
2770.0	0.0	0.663156	0.663156	0.883202	6.48455
2771.0	0.0	-0.138341	0.138341	0.784865	11.4817
2772.0	0.0	0.133401	0.133401	0.93499	4.92384
2773.0	0.0	-0.296157	0.296157	0.883651	6.81462
2774.0	0.0	0.630937	0.630937	0.858622	7.54709
2775.0	0.0	0.155731	0.155731	0.891295	6.56983
2776.0	0.0	0.438082	0.438082	0.905579	5.84803
2777.0	0.0	-0.374285	0.374285	0.912387	5.63907
2778.0	0.0	-0.045086	0.045086	0.747687	13.5964
2779.0	0.0	0.0700975	0.0700975	0.815248	9.94753
2780.0	0.0	0.280842	0.280842	0.934472	4.8853
2781.0	0.0	-0.193669	0.193669	0.871705	7.35786
2782.0	0.0	-0.339049	0.339049	0.783045	11.4696
2783.0	0.0	-0.351397	0.351397	0.855891	7.94618
2784.0	0.0	-0.619186	0.619186	0.797223	10.4295
2785.0	0.0	-0.0720156	0.0720156	0.882113	6.95953
2786.0	0.0	0.882906	0.882906	0.87796	6.36197
2787.0	0.0	-0.513265	0.513265	0.820417	9.41762
2788.0	0.0	-0.327301	0.327301	0.767683	12.3178
2789.0	0.0	-0.644683	0.644683	0.721852	14.6837
2790.0	0.0	-0.0818697	0.0818697	0.808616	10.2726
2791.0	0.0	-0.3774	0.3774	0.848556	8.24933
2792.0	0.0	-0.148837	0.148837	0.903047	6.10988
2793.0	0.0	-0.175875	0.175875	0.955449	4.19617
2794.0	0.0	0.542942	0.542942	0.86201	7.50713
2795.0	0.0	0.230536	0.230536	0.813594	9.97579
2796.0	0.0	0.73417	0.73417	0.850037	7.77497
2797.0	0.0	-0.739662	0.739662	0.913126	5.22435
2798.0	0.0	-0.197208	0.197208	0.815302	9.90783
2799.0	0.0	-0.616278	0.616278	0.892097	6.18939
2800.0	0.0	-0.347109	0.347109	0.8085	10.1532
2801.0	0.0	0.374321	0.374321	0.816155	9.75613
2802.0	0.0	-0.406621	0.406621	0.920283	5.32021
2803.0	0.0	-0.530961	0.530961	0.748724	13.1991
2804.0	0.0	-0.138305	0.138305	0.894848	6.43377
2805.0	0.0	-0.216312	0.216312	0.79085	11.1344
2806.0	0.0	0.0296261	0.0296261	0.881	7.00936
2807.0	0.0	0.0521365	0.0521365	0.803973	10.5097
2808.0	0.0	0.31023	0.31023	0.824934	9.38234
2809.0	0.0	-0.0308139	0.0308139	0.943602	4.63395
2810.0	0.0	-0.242129	0.242129	0.765634	12.4894
2811.0	0.0	-0.266086	0.266086	0.766931	12.4023
2812.0	0.0	-0.242792	0.242792	0.754619	13.1199
2813.0	0.0	-0.568876	0.568876	0.853467	7.84607
2814.0	0.0	0.0743344	0.0743344	0.817108	9.85624
2815.0	0.0	0.15026	0.15026	0.7345	14.3733
2816.0	0.0	-0.453793	0.453793	0.874931	7.054
2817.0	0.0	0.207432	0.207432	0.8208	9.6371
2818.0	0.0	0.386323	0.386323	0.829862	9.09368
2819.0	0.0	-0.120288	0.120288	0.911889	5.77847
2820.0	0.0	0.009213	0.009213	0.858746	7.94901
2821.0	0.0	0.559624	0.559624	0.88062	6.71394
2822.0	0.0	0.327066	0.327066	0.922603	5.28991
2823.0	0.0	0.131608	0.131608	0.825007	9.46378
2824.0	0.0	-0.162118	0.162118	0.861103	7.82009
2825.0	0.0	0.186839	0.186839	0.83368	9.03767
2826.0	0.0	-0.622788	0.622788	0.900682	5.84721
2827.0	0.0	-0.229637	0.229637	0.815604	9.87801
2828.0	0.0	-0.473659	0.473659	0.847483	8.21191
2829.0	0.0	-0.286743	0.286743	0.810492	10.0966
2830.0	0.0	0.213244	0.213244	0.913459	5.68931
2831.0	0.0	-0.365541	0.365541	0.805252	10.3006
2832.0	0.0	0.791026	0.791026	0.796539	10.1967
2833.0	0.0	0.200584	0.200584	0.787353	11.3257
2834.0	0.0	0.452396	0.452396	0.845227	8.33296
2835.0	0.0	0.882093	0.882093	0.881274	6.23034
2836.0	0.0	0.0563866	0.0563866	0.83854	8.84719
2837.0	0.0	-0.170809	0.170809	0.880617	6.99677
2838.0	0.0	-0.693801	0.693801	0.824116	9.0094
2839.0	0.0	0.0833028	0.0833028	0.780886	11.7089
2840.0	0.0	-0.0991686	0.0991686	0.891848	6.56201
2841.0	0.0	0.993505	0.993505	0.834328	8.01064
2842.0	0.0	0.621334	0.621334	0.867129	7.19824
2843.0	0.0	0.32238	0.32238	0.921705	5.32588
2844.0	0.0	-0.485423	0.485423	0.863369	7.50929
2845.0	0.0	0.10804	0.10804	0.955976	4.19577
2846.0	0.0	-0.0113135	0.0113135	0.857467	8.00459
2847.0	0.0	0.186008	0.186008	0.913077	5.71416
2848.0	0.0	0.560732	0.560732	0.898346	6.00855
2849.0	0.0	0.348529	0.348529	0.869406	7.36949
2850.0	0.0	-0.146132	0.146132	0.858512	7.93727
2851.0	0.0	-0.121707	0.121707	0.752859	13.2754
2852.0	0.0	-1.31372	1.31372	0.880643	5.34343
2853.0	0.0	0.0311854	0.0311854	0.796774	10.8785
2854.0	0.0	-0.252629	0.252629	0.786825	11.3269
2855.0	0.0	0.0650664	0.0650664	0.868719	7.51733
2856.0	0.0	0.0119538	0.0119538	0.921323	5.43855
2857.0	0.0	0.12695	0.12695	0.88194	6.95566
2858.0	0.0	0.658175	0.658175	0.826177	8.96394
2859.0	0.0	-0.501951	0.501951	0.790219	10.9363
2860.0	0.0	-0.075697	0.075697	0.766312	12.5132
2861.0	0.0	-0.186641	0.186641	0.945361	4.54097
2862.0	0.0	0.174939	0.174939	0.87059	7.41166
2863.0	0.0	-0.693238	0.693238	0.810757	9.64949
2864.0	0.0	-0.201003	0.201003	0.853314	8.14483
2865.0	0.0	-0.151425	0.151425	0.849345	8.33857
2866.0	0.0	-0.17128	0.17128	0.773434	12.0891
2867.0	0.0	-0.0902476	0.0902476	0.844233	8.58309
2868.0	0.0	0.477241	0.477241	0.830802	8.96638
2869.0	0.0	-0.547391	0.547391	0.885614	6.52565
2870.0	0.0	-0.133055	0.133055	0.896828	6.35703
2871.0	0.0	0.289834	0.289834	0.766987	12.3837
2872.0	0.0	0.0130812	0.0130812	0.923244	5.36751
2873.0	0.0	0.569332	0.569332	0.855974	7.73663
2874.0	0.0	0.1853	0.1853	0.825021	9.4448
2875.0	0.0	0.227116	0.227116	0.808009	10.2534
2876.0	0.0	-0.223299	0.223299	0.890839	6.56277
2877.0	0.0	0.460505	0.460505	0.865414	7.44632
2878.0	0.0	-0.362406	0.362406	0.843312	8.4955
2879.0	0.0	0.0408379	0.0408379	0.790573	11.1999
2880.0	0.0	0.330339	0.330339	0.821553	9.52956
2881.0	0.0	-0.592032	0.592032	0.822346	9.23243
2882.0	0.0	0.429609	0.429609	0.830084	9.04571
2883.0	0.0	0.379686	0.379686	0.82645	9.25926
2884.0	0.0	-0.262954	0.262954	0.770486	12.2059
2885.0	0.0	0.0967204	0.0967204	0.853402	8.1731
2886.0	0.0	-0.482282	0.482282	0.85316	7.95307
2887.0	0.0	-0.321723	0.321723	0.845805	8.41259
2888.0	0.0	-0.784735	0.784735	0.931006	4.51061
2889.0	0.0	-0.0755449	0.0755449	0.834945	9.01009
2890.0	0.0	0.466926	0.466926	0.869026	7.28791
2891.0	0.0	0.119231	0.119231	0.787467	11.3492
2892.0	0.0	0.121096	0.121096	0.803474	10.5216
2893.0	0.0	-1.13654	1.13654	0.694718	15.3737
2894.0	0.0	0.0426474	0.0426474	0.827954	9.34088
2895.0	0.0	-0.21495	0.21495	0.821578	9.59629
2896.0	0.0	0.225513	0.225513	0.844059	8.54612
2897.0	0.0	0.0548275	0.0548275	0.82136	9.65349
2898.0	0.0	0.00786727	0.00786727	0.839317	8.81495
2899.0	0.0	-0.00493754	0.00493754	0.861857	7.81452
2900.0	0.0	-0.00321511	0.00321511	0.859148	7.93163
2901.0	0.0	0.196393	0.196393	0.939098	4.75802
2902.0	0.0	0.113911	0.113911	0.793276	11.046
2903.0	0.0	-0.183255	0.183255	0.891765	6.54192
2904.0	0.0	-0.273578	0.273578	0.801419	10.5587
2905.0	0.0	0.813512	0.813512	0.735429	13.5382
2906.0	0.0	0.32325	0.32325	0.875572	7.12917
2907.0	0.0	-0.316867	0.316867	0.823749	9.43414
2908.0	0.0	-0.0928328	0.0928328	0.900754	6.21219
2909.0	0.0	-0.144605	0.144605	0.840589	8.73487
2910.0	0.0	-0.632304	0.632304	0.785312	11.0268
2911.0	0.0	0.427068	0.427068	0.884218	6.69772
2912.0	0.0	0.471522	0.471522	0.826725	9.1627
2913.0	0.0	-0.295378	0.295378	0.771891	12.1071
2914.0	0.0	-0.100939	0.100939	0.935832	4.90078
2915.0	0.0	0.225502	0.225502	0.777607	11.836
2916.0	0.0	0.238706	0.238706	0.840894	8.683
2917.0	0.0	0.352002	0.352002	0.795941	10.7837
2918.0	0.0	0.103842	0.103842	0.861326	7.82637
2919.0	0.0	0.894612	0.894612	0.857979	7.16775
2920.0	0.0	0.615397	0.615397	0.964625	3.57409
2921.0	0.0	-0.371709	0.371709	0.965017	3.77666
2922.0	0.0	0.532987	0.532987	0.785568	11.1438
2923.0	0.0	-0.830135	0.830135	0.908627	5.25792
2924.0	0.0	0.426873	0.426873	0.764765	12.3937
2925.0	0.0	-0.0945744	0.0945744	0.932909	5.00688
2926.0	0.0	-0.0201943	0.0201943	0.814293	9.99921
2927.0	0.0	-0.0121382	0.0121382	0.847253	8.45571
2928.0	0.0	0.149475	0.149475	0.908697	5.89234
2929.0	0.0	0.0203018	0.0203018	0.863526	7.74241
2930.0	0.0	0.402777	0.402777	0.808024	10.131
2931.0	0.0	0.494268	0.494268	0.779693	11.5016
2932.0	0.0	-0.562679	0.562679	0.790795	10.8339
2933.0	0.0	0.130416	0.130416	0.825179	9.45593
2934.0	0.0	0.173473	0.173473	0.868276	7.5098
2935.0	0.0	-0.118971	0.118971	0.816728	9.86533
2936.0	0.0	-0.244315	0.244315	0.796653	10.819
2937.0	0.0	0.0927534	0.0927534	0.891041	6.59543
2938.0	0.0	-0.32348	0.32348	0.847096	8.35365
2939.0	0.0	0.703469	0.703469	0.836981	8.40163
2940.0	0.0	0.105852	0.105852	0.884698	6.84825
2941.0	0.0	-0.184972	0.184972	0.867091	7.55584
2942.0	0.0	-0.314276	0.314276	0.768223	12.2974
2943.0	0.0	-0.0622969	0.0622969	0.836726	8.9298
2944.0	0.0	-0.413726	0.413726	0.906049	5.85001
2945.0	0.0	-0.149678	0.149678	0.89914	6.26175
2946.0	0.0	-0.277884	0.277884	0.891848	6.49561
2947.0	0.0	-0.00692679	0.00692679	0.896083	6.4037
2948.0	0.0	-0.174998	0.174998	0.91464	5.65904
2949.0	0.0	-0.360964	0.360964	0.828125	9.19523
2950.0	0.0	0.279884	0.279884	0.791548	11.0624
2951.0	0.0	-0.704946	0.704946	0.844383	8.06733
2952.0	0.0	-0.127253	0.127253	0.768331	12.3877
2953.0	0.0	0.622474	0.622474	0.900394	5.85868
2954.0	0.0	0.73117	0.73117	0.891492	6.06262
2955.0	0.0	0.146144	0.146144	0.868727	7.49958
2956.0	0.0	-1.20895	1.20895	0.746094	11.9665
2957.0	0.0	-0.918528	0.918528	0.672476	17.5337
2958.0	0.0	-0.733367	0.733367	0.867948	7.01174
2959.0	0.0	-0.216616	0.216616	0.905771	5.98072
2960.0	0.0	0.155181	0.155181	0.782755	11.5888
2961.0	0.0	-0.022709	0.022709	0.770621	12.2783
2962.0	0.0	-0.138678	0.138678	0.83274	9.098
2963.0	0.0	0.0847405	0.0847405	0.806779	10.3638
2964.0	0.0	0.704661	0.704661	0.867584	7.06824
2965.0	0.0	-0.158586	0.158586	0.851184	8.25463
2966.0	0.0	-0.459847	0.459847	0.94236	4.48304
2967.0	0.0	-0.189523	0.189523	0.82923	9.24428
2968.0	0.0	0.154239	0.154239	0.823268	9.53967
2969.0	0.0	0.16189	0.16189	0.784687	11.4832
2970.0	0.0	-0.691402	0.691402	0.816116	9.39289
2971.0	0.0	-0.00443663	0.00443663	0.891432	6.58829
2972.0	0.0	-0.261227	0.261227	0.857824	7.91892
2973.0	0.0	0.01399	0.01399	0.941587	4.70561
2974.0	0.0	-0.0540656	0.0540656	0.72867	14.7629
2975.0	0.0	-0.228119	0.228119	0.823671	9.48996
2976.0	0.0	-0.652256	0.652256	0.754827	12.6738
2977.0	0.0	-1.32251	1.32251	0.830658	7.39582
2978.0	0.0	0.53333	0.53333	0.848735	8.09416
2979.0	0.0	-0.797012	0.797012	0.927728	4.60951
2980.0	0.0	1.24132	1.24132	0.806866	8.70469
2981.0	0.0	-0.669945	0.669945	0.835765	8.505
2982.0	0.0	-0.116383	0.116383	0.925395	5.2757
2983.0	0.0	0.0266297	0.0266297	0.849072	8.3739
2984.0	0.0	-0.191375	0.191375	0.814129	9.96764
2985.0	0.0	-0.00221833	0.00221833	0.888483	6.70646
2986.0	0.0	-0.29322	0.29322	0.911629	5.71961
2987.0	0.0	-0.274498	0.274498	0.808628	10.1965
2988.0	0.0	0.10361	0.10361	0.827561	9.34983
2989.0	0.0	-0.371808	0.371808	0.891478	6.45032
2990.0	0.0	-0.0404627	0.0404627	0.882409	6.95097
2991.0	0.0	0.201999	0.201999	0.820397	9.65887
2992.0	0.0	-0.104538	0.104538	0.685933	17.6524
2993.0	0.0	-0.0658061	0.0658061	0.844983	8.55325
2994.0	0.0	0.484835	0.484835	0.825714	9.1967
2995.0	0.0	-0.211757	0.211757	0.811085	10.1083
2996.0	0.0	-0.305067	0.305067	0.885872	6.71941
2997.0	0.0	-0.139438	0.139438	0.861748	7.79931
2998.0	0.0	-0.738452	0.738452	0.901226	5.67499
2999.0	0.0	0.325322	0.325322	0.768923	12.2501
3000.0	0.0	-0.111823	0.111823	0.886779	6.7627
3001.0	0.0	0.177578	0.177578	0.833668	9.0418
3002.0	0.0	0.227683	0.227683	0.868771	7.46682
3003.0	0.0	-0.634089	0.634089	0.870401	7.04545
3004.0	0.0	-0.623244	0.623244	0.982021	3.00201
3005.0	0.0	-0.392327	0.392327	0.765637	12.3778
3006.0	0.0	-0.432415	0.432415	0.823867	9.33551
3007.0	0.0	0.0173538	0.0173538	0.842685	8.66131
3008.0	0.0	0.531943	0.531943	0.84018	8.47823
3009.0	0.0	0.23181	0.23181	0.816276	9.8442
3010.0	0.0	-0.330662	0.330662	0.800952	10.5441
3011.0	0.0	0.0196469	0.0196469	0.844126	8.59604
3012.0	0.0	-0.499549	0.499549	0.818112	9.54306
3013.0	0.0	0.0728359	0.0728359	0.851018	8.28263
3014.0	0.0	-0.260449	0.260449	0.838938	8.76071
3015.0	0.0	0.0270968	0.0270968	0.847565	8.44114
3016.0	0.0	-0.838165	0.838165	0.855703	7.36341
3017.0	0.0	-0.695579	0.695579	0.870714	6.9507
3018.0	0.0	-0.484008	0.484008	0.88367	6.66848
3019.0	0.0	-0.186977	0.186977	0.84234	8.64051
3020.0	0.0	0.213773	0.213773	0.874855	7.21806
3021.0	0.0	-0.644369	0.644369	0.866301	7.20366
3022.0	0.0	-0.324638	0.324638	0.883604	6.79895
3023.0	0.0	0.295115	0.295115	0.925162	5.21474
3024.0	0.0	-0.320743	0.320743	0.910121	5.76055
3025.0	0.0	0.368038	0.368038	0.912319	5.64611
3026.0	0.0	-0.0122141	0.0122141	0.888335	6.71226
3027.0	0.0	-0.246542	0.246542	0.839828	8.72752
3028.0	0.0	0.551645	0.551645	0.791705	10.8005
3029.0	0.0	0.385592	0.385592	0.865202	7.51967
3030.0	0.0	0.723525	0.723525	0.884679	6.3432
3031.0	0.0	-0.641759	0.641759	0.846171	8.07591
3032.0	0.0	0.0644363	0.0644363	0.88115	6.99993
3033.0	0.0	-2.03122	2.03122	0.716276	10.6591
3034.0	0.0	0.116656	0.116656	0.909768	5.85991
3035.0	0.0	-0.215794	0.215794	0.836386	8.9002
3036.0	0.0	1.09155	1.09155	0.819373	8.48233
3037.0	0.0	0.386994	0.386994	0.82547	9.29954
3038.0	0.0	0.35111	0.35111	0.853513	8.05034
3039.0	0.0	-0.134859	0.134859	0.816566	9.86881
3040.0	0.0	-0.0014216	0.0014216	0.829608	9.26495
3041.0	0.0	-0.263708	0.263708	0.872716	7.28319
3042.0	0.0	0.00738918	0.00738918	0.860539	7.87136
3043.0	0.0	-0.252633	0.252633	0.915995	5.57639
3044.0	0.0	-0.857609	0.857609	0.851044	7.53065
3045.0	0.0	-0.2726	0.2726	0.846165	8.42694
3046.0	0.0	-0.365671	0.365671	0.882339	6.82219
3047.0	0.0	0.0458564	0.0458564	0.906026	6.01434
3048.0	0.0	-0.0875276	0.0875276	0.815923	9.9116
3049.0	0.0	-0.160333	0.160333	0.865905	7.61493
3050.0	0.0	-0.00849548	0.00849548	0.968746	3.77705
3051.0	0.0	-0.127043	0.127043	0.961127	4.01708
3052.0	0.0	0.503505	0.503505	0.839563	8.53699
3053.0	0.0	-0.265697	0.265697	0.81807	9.73885
3054.0	0.0	-0.237411	0.237411	0.946029	4.49782
3055.0	0.0	0.083424	0.083424	0.818231	9.80017
3056.0	0.0	0.453799	0.453799	0.829558	9.04752
3057.0	0.0	0.466092	0.466092	0.753907	12.973
3058.0	0.0	-0.42796	0.42796	0.885891	6.62949
3059.0	0.0	-0.495723	0.495723	0.897411	6.11161
3060.0	0.0	-0.236606	0.236606	0.746803	13.5841
3061.0	0.0	-0.0267907	0.0267907	0.76133	12.8018
3062.0	0.0	0.860471	0.860471	0.855806	7.3207
3063.0	0.0	0.465534	0.465534	0.825449	9.22881
3064.0	0.0	-0.356354	0.356354	0.874086	7.16826
3065.0	0.0	0.506537	0.506537	0.827156	9.10597
3066.0	0.0	0.417042	0.417042	0.796792	10.6842
3067.0	0.0	-0.324324	0.324324	0.868701	7.41565
3068.0	0.0	-0.283865	0.283865	0.77768	11.7978
3069.0	0.0	-0.76929	0.76929	0.909306	5.32463
3070.0	0.0	0.191929	0.191929	0.870369	7.41467
3071.0	0.0	0.0763469	0.0763469	0.926868	5.22908
3072.0	0.0	-0.594351	0.594351	0.686918	17.1278
3073.0	0.0	-0.389642	0.389642	0.789468	11.0882
3074.0	0.0	-0.468295	0.468295	0.84402	8.37177
3075.0	0.0	-0.592248	0.592248	0.895203	6.09578
3076.0	0.0	-0.661137	0.661137	0.892738	6.10842
3077.0	0.0	0.711179	0.711179	0.938789	4.33751
3078.0	0.0	-0.0895269	0.0895269	0.824906	9.47858
3079.0	0.0	0.455339	0.455339	0.913968	5.51537
3080.0	0.0	-0.0632512	0.0632512	0.929231	5.14464
3081.0	0.0	-0.122789	0.122789	0.954348	4.2483
3082.0	0.0	0.343627	0.343627	0.766724	12.3587
3083.0	0.0	-0.529748	0.529748	0.943704	4.37252
3084.0	0.0	-0.0735351	0.0735351	0.767063	12.4714
3085.0	0.0	-1.05139	1.05139	0.905501	4.98273
3086.0	0.0	-0.314959	0.314959	0.886885	6.67252
3087.0	0.0	0.517839	0.517839	0.822312	9.32225
3088.0	0.0	0.320996	0.320996	0.827237	9.26616
3089.0	0.0	-0.788127	0.788127	0.828794	8.64382
3090.0	0.0	0.949273	0.949273	0.814561	9.01503
3091.0	0.0	-0.0342138	0.0342138	0.876741	7.18457
3092.0	0.0	-0.596904	0.596904	0.928725	4.83282
3093.0	0.0	-0.790971	0.790971	0.883763	6.27981
3094.0	0.0	0.423711	0.423711	0.87583	7.04328
3095.0	0.0	-0.204703	0.204703	0.805684	10.3803
3096.0	0.0	-0.307746	0.307746	0.767921	12.319
3097.0	0.0	0.251959	0.251959	0.716662	15.4605
3098.0	0.0	-0.501	0.501	0.864541	7.44386
3099.0	0.0	-0.609532	0.609532	0.865219	7.29327
3100.0	0.0	-0.135128	0.135128	0.899119	6.26661
3101.0	0.0	-0.0929752	0.0929752	0.93558	4.91127
3102.0	0.0	1.05093	1.05093	0.850558	7.17855
3103.0	0.0	-0.131794	0.131794	0.864996	7.66217
3104.0	0.0	-0.400302	0.400302	0.798542	10.61
3105.0	0.0	0.0849613	0.0849613	0.819879	9.72024
3106.0	0.0	-0.454661	0.454661	0.883847	6.68861
3107.0	0.0	-0.200079	0.200079	0.892838	6.49286
3108.0	0.0	1.16976	1.16976	0.853851	6.77486
3109.0	0.0	0.493436	0.493436	0.815541	9.67376
3110.0	0.0	-0.230457	0.230457	0.901535	6.13843
3111.0	0.0	-1.14766	1.14766	0.747229	12.0686
3112.0	0.0	-0.597813	0.597813	0.82364	9.16388
3113.0	0.0	-1.04531	1.04531	0.808291	9.11134
3114.0	0.0	-0.279955	0.279955	0.78159	11.5892
3115.0	0.0	0.236346	0.236346	0.836663	8.87764
3116.0	0.0	-0.134106	0.134106	0.858435	7.94409
3117.0	0.0	-0.20154	0.20154	0.892678	6.49864
3118.0	0.0	-0.266098	0.266098	0.870884	7.35862
3119.0	0.0	0.429259	0.429259	0.784479	11.3144
3120.0	0.0	-0.806832	0.806832	0.761149	12.0515
3121.0	0.0	0.212174	0.212174	0.909562	5.83749
3122.0	0.0	0.415548	0.415548	0.906677	5.82454
3123.0	0.0	0.130982	0.130982	0.828816	9.28381
3124.0	0.0	-0.0961034	0.0961034	0.817791	9.81901
3125.0	0.0	0.629991	0.629991	0.921562	5.05475
3126.0	0.0	0.802431	0.802431	0.926441	4.64759
3127.0	0.0	0.157832	0.157832	0.950763	4.36253
3128.0	0.0	0.0695486	0.0695486	0.791005	11.1737
3129.0	0.0	0.0662288	0.0662288	0.932072	5.04137
3130.0	0.0	-0.704757	0.704757	0.911462	5.33408
3131.0	0.0	-0.151507	0.151507	0.930827	5.06894
3132.0	0.0	0.203377	0.203377	0.887545	6.7032
3133.0	0.0	0.441621	0.441621	0.836722	8.72793
3134.0	0.0	0.306233	0.306233	0.866323	7.52784
3135.0	0.0	0.016164	0.016164	0.933915	4.97883
3136.0	0.0	-0.0651436	0.0651436	0.841695	8.70209
3137.0	0.0	0.136953	0.136953	0.875831	7.20461
3138.0	0.0	0.332668	0.332668	0.809797	10.0997
3139.0	0.0	0.779142	0.779142	0.807286	9.68213
3140.0	0.0	0.22018	0.22018	0.857859	7.93774
3141.0	0.0	0.184759	0.184759	0.851195	8.24482
3142.0	0.0	-0.652982	0.652982	0.83311	8.6499
3143.0	0.0	0.112037	0.112037	0.967244	3.81563
3144.0	0.0	0.416179	0.416179	0.853133	8.01547
3145.0	0.0	-0.514493	0.514493	0.873953	7.03562
3146.0	0.0	-0.271779	0.271779	0.86239	7.716
3147.0	0.0	-0.501703	0.501703	0.828922	9.02851
3148.0	0.0	0.00137649	0.00137649	0.779485	11.7926
3149.0	0.0	0.998766	0.998766	0.772703	11.0229
3150.0	0.0	0.52479	0.52479	0.899724	5.99288
3151.0	0.0	-0.606446	0.606446	0.83797	8.48962
3152.0	0.0	0.280189	0.280189	0.846395	8.41225
3153.0	0.0	-0.456046	0.456046	0.855153	7.89141
3154.0	0.0	-0.588968	0.588968	0.829662	8.89302
3155.0	0.0	-0.0968565	0.0968565	0.841052	8.72595
3156.0	0.0	0.484956	0.484956	0.77611	11.7055
3157.0	0.0	-0.193655	0.193655	0.809969	10.1716
3158.0	0.0	0.141233	0.141233	0.748809	13.5081
3159.0	0.0	-0.355056	0.355056	0.860819	7.73015
3160.0	0.0	-0.00577246	0.00577246	0.833021	9.10542
3161.0	0.0	-0.208525	0.208525	0.824792	9.44581
3162.0	0.0	-0.77897	0.77897	0.861616	7.20839
3163.0	0.0	0.0619587	0.0619587	0.874588	7.27137
3164.0	0.0	-0.021989	0.021989	0.839445	8.80862
3165.0	0.0	-0.0486447	0.0486447	0.840165	8.77375
3166.0	0.0	0.545842	0.545842	0.850339	8.00947
3167.0	0.0	-0.0699762	0.0699762	0.893328	6.508
3168.0	0.0	-0.15898	0.15898	0.885224	6.81289
3169.0	0.0	-0.441941	0.441941	0.893339	6.32064
3170.0	0.0	-0.613345	0.613345	0.87652	6.81867
3171.0	0.0	-0.295457	0.295457	0.758296	12.8734
3172.0	0.0	-0.155671	0.155671	0.969862	3.71843
3173.0	0.0	-0.212568	0.212568	0.929209	5.10667
3174.0	0.0	-0.456264	0.456264	0.728635	14.5108
3175.0	0.0	-0.222784	0.222784	0.799462	10.6863
3176.0	0.0	0.891907	0.891907	0.765726	11.631
3177.0	0.0	-0.249538	0.249538	0.889922	6.58718
3178.0	0.0	-0.35997	0.35997	0.811359	10.002
3179.0	0.0	-0.766328	0.766328	0.867547	6.97899
3180.0	0.0	-0.031996	0.031996	0.788357	11.3172
3181.0	0.0	0.0718567	0.0718567	0.858158	7.96935
3182.0	0.0	0.646837	0.646837	0.901791	5.77517
3183.0	0.0	-0.0507168	0.0507168	0.822025	9.62204
3184.0	0.0	0.228089	0.228089	0.872061	7.32825
3185.0	0.0	0.584504	0.584504	0.913446	5.40707
3186.0	0.0	-0.444562	0.444562	0.772552	11.943
3187.0	0.0	0.0391851	0.0391851	0.837721	8.88651
3188.0	0.0	-0.190096	0.190096	0.855041	8.07339
3189.0	0.0	-0.178923	0.178923	0.868361	7.50425
3190.0	0.0	-0.061487	0.061487	0.867182	7.58294
3191.0	0.0	0.106509	0.106509	0.923068	5.3634
3192.0	0.0	-0.912961	0.912961	0.839075	7.9564
3193.0	0.0	-0.24056	0.24056	0.827093	9.32137
3194.0	0.0	-0.253991	0.253991	0.87055	7.37903
3195.0	0.0	-0.306808	0.306808	0.718579	15.2965
3196.0	0.0	0.564728	0.564728	0.800096	10.3553
3197.0	0.0	0.172618	0.172618	0.792218	11.0822
3198.0	0.0	-0.00718526	0.00718526	0.91617	5.63084
3199.0	0.0	0.281892	0.281892	0.836503	8.86002
3200.0	0.0	-0.0386433	0.0386433	0.840829	8.74441
3201.0	0.0	0.174796	0.174796	0.874443	7.25045
3202.0	0.0	-0.320672	0.320672	0.845945	8.40703
3203.0	0.0	-0.34953	0.34953	0.891201	6.47712
3204.0	0.0	-0.169091	0.169091	0.835297	8.96951
3205.0	0.0	-0.190928	0.190928	0.846701	8.44249
3206.0	0.0	0.063217	0.063217	0.878844	7.09484
3207.0	0.0	-0.419023	0.419023	0.878144	6.95195
3208.0	0.0	0.159562	0.159562	0.837441	8.87408
3209.0	0.0	0.0314184	0.0314184	0.838876	8.83412
3210.0	0.0	0.0119968	0.0119968	0.868902	7.51373
3211.0	0.0	0.028334	0.028334	0.83168	9.1671
3212.0	0.0	0.770678	0.770678	0.948614	3.91803
3213.0	0.0	0.257618	0.257618	0.804163	10.4296
3214.0	0.0	0.348425	0.348425	0.847225	8.33044
3215.0	0.0	0.385459	0.385459	0.844128	8.44073
3216.0	0.0	0.572842	0.572842	0.828345	8.97423
3217.0	0.0	0.786828	0.786828	0.825618	8.79325
3218.0	0.0	0.323243	0.323243	0.867209	7.47943
3219.0	0.0	0.384553	0.384553	0.754972	12.9936
3220.0	0.0	0.295835	0.295835	0.833152	9.00619
3221.0	0.0	0.103264	0.103264	0.856729	8.02593
3222.0	0.0	-0.552047	0.552047	0.8195	9.41699
3223.0	0.0	0.0413948	0.0413948	0.895746	6.41538
3224.0	0.0	-0.396397	0.396397	0.829189	9.11673
3225.0	0.0	0.242346	0.242346	0.802124	10.5409
3226.0	0.0	0.516322	0.516322	0.897781	6.07693
3227.0	0.0	-0.00477812	0.00477812	0.90219	6.16467
3228.0	0.0	-0.426277	0.426277	0.849301	8.17551
3229.0	0.0	-0.174565	0.174565	0.890143	6.60972
3230.0	0.0	-0.305238	0.305238	0.783304	11.4805
3231.0	0.0	0.44253	0.44253	0.891876	6.37798
3232.0	0.0	-0.360696	0.360696	0.689804	17.215
3233.0	0.0	0.13436	0.13436	0.92293	5.36211
3234.0	0.0	-0.572828	0.572828	0.835554	8.64127
3235.0	0.0	0.201818	0.201818	0.850527	8.26757
3236.0	0.0	0.362042	0.362042	0.829219	9.14312
3237.0	0.0	-0.349938	0.349938	0.870397	7.32686
3238.0	0.0	0.323928	0.323928	0.863231	7.64826
3239.0	0.0	0.489462	0.489462	0.796978	10.6016
3240.0	0.0	0.228015	0.228015	0.895905	6.3598
3241.0	0.0	-0.253681	0.253681	0.852874	8.1394
3242.0	0.0	-0.0741798	0.0741798	0.907478	5.95526
3243.0	0.0	-0.224874	0.224874	0.84936	8.30913
3244.0	0.0	0.0271029	0.0271029	0.825558	9.45546
3245.0	0.0	-0.111467	0.111467	0.904436	6.0656
3246.0	0.0	-0.751457	0.751457	0.792656	10.4616
3247.0	0.0	-0.509187	0.509187	0.756816	12.7552
3248.0	0.0	-0.828009	0.828009	0.886731	6.10347
3249.0	0.0	0.0728405	0.0728405	0.799193	10.7496
3250.0	0.0	0.00475301	0.00475301	0.848406	8.40431
3251.0	0.0	0.517934	0.517934	0.867189	7.31448
3252.0	0.0	-0.0524363	0.0524363	0.868519	7.52729
3253.0	0.0	-0.647938	0.647938	0.804212	10.038
3254.0	0.0	-0.416313	0.416313	0.915417	5.49356
3255.0	0.0	-0.0430837	0.0430837	0.887119	6.75956
3256.0	0.0	0.1013	0.1013	0.872281	7.36126
3257.0	0.0	1.00701	1.00701	0.853567	7.14072
3258.0	0.0	-0.649288	0.649288	0.813346	9.58741
3259.0	0.0	0.630078	0.630078	0.775353	11.5612
3260.0	0.0	-0.483207	0.483207	0.831349	8.9349
3261.0	0.0	-0.404932	0.404932	0.769153	12.1697
3262.0	0.0	-0.359439	0.359439	0.825708	9.31031
3263.0	0.0	-0.197278	0.197278	0.857059	7.9824
3264.0	0.0	0.098851	0.098851	0.858068	7.96851
3265.0	0.0	0.321955	0.321955	0.764503	12.5004
3266.0	0.0	0.506113	0.506113	0.906622	5.74636
3267.0	0.0	0.173281	0.173281	0.91791	5.53705
3268.0	0.0	0.231685	0.231685	0.909631	5.8265
3269.0	0.0	-0.160867	0.160867	0.820774	9.65691
3270.0	0.0	-0.0212726	0.0212726	0.88376	6.89706
3271.0	0.0	-0.313302	0.313302	0.925482	5.19259
3272.0	0.0	-0.382883	0.382883	0.950833	4.24867
3273.0	0.0	0.33093	0.33093	0.863721	7.62262
3274.0	0.0	-0.390342	0.390342	0.849003	8.21917
3275.0	0.0	0.241643	0.241643	0.815841	9.86029
3276.0	0.0	-0.699053	0.699053	0.789231	10.7226
3277.0	0.0	-0.232573	0.232573	0.942273	4.63147
3278.0	0.0	-0.0486643	0.0486643	0.796313	10.9007
3279.0	0.0	0.544593	0.544593	0.788715	10.9646
3280.0	0.0	-0.44058	0.44058	0.881571	6.79339
3281.0	0.0	-0.250961	0.250961	0.816591	9.8188
3282.0	0.0	0.136507	0.136507	0.778602	11.819
3283.0	0.0	-0.470742	0.470742	0.861614	7.59849
3284.0	0.0	-0.486279	0.486279	0.824522	9.25147
3285.0	0.0	-0.797713	0.797713	0.924855	4.7116
3286.0	0.0	-0.413094	0.413094	0.86763	7.39457
3287.0	0.0	-0.0168447	0.0168447	0.769549	12.3382
3288.0	0.0	-0.865127	0.865127	0.813888	9.20992
3289.0	0.0	0.300566	0.300566	0.777281	11.8082
3290.0	0.0	-0.222365	0.222365	0.795711	10.879
3291.0	0.0	0.319144	0.319144	0.915674	5.55211
3292.0	0.0	0.378642	0.378642	0.773508	11.9532
3293.0	0.0	0.0749401	0.0749401	0.822687	9.58703
3294.0	0.0	0.291451	0.291451	0.891947	6.48409
3295.0	0.0	-0.931532	0.931532	0.902869	5.30529
3296.0	0.0	-0.294047	0.294047	0.83435	8.95184
3297.0	0.0	-0.460427	0.460427	0.833805	8.84406
3298.0	0.0	-1.13647	1.13647	0.839821	7.45524
3299.0	0.0	0.207721	0.207721	0.797526	10.7927
3300.0	0.0	-0.237475	0.237475	0.796485	10.8313
3301.0	0.0	0.306233	0.306233	0.786622	11.3036
3302.0	0.0	-0.42001	0.42001	0.847843	8.24571
3303.0	0.0	0.352253	0.352253	0.858727	7.82241
3304.0	0.0	0.412477	0.412477	0.78453	11.3277
3305.0	0.0	-0.275667	0.275667	0.82259	9.51571
3306.0	0.0	0.283931	0.283931	0.845178	8.46464
3307.0	0.0	0.857726	0.857726	0.830345	8.45242
3308.0	0.0	-0.393647	0.393647	0.971574	3.54517
3309.0	0.0	0.398337	0.398337	0.688037	17.304
3310.0	0.0	0.0791166	0.0791166	0.841872	8.69196
3311.0	0.0	-1.01616	1.01616	0.808413	9.16958
3312.0	0.0	-0.133461	0.133461	0.881062	6.98988
3313.0	0.0	-0.164648	0.164648	0.84601	8.48324
3314.0	0.0	-0.270787	0.270787	0.893845	6.4202
3315.0	0.0	0.688848	0.688848	0.817271	9.34132
3316.0	0.0	0.102368	0.102368	0.829545	9.25673
3317.0	0.0	-0.0961069	0.0961069	0.882499	6.93971
3318.0	0.0	-0.505101	0.505101	0.869943	7.21209
3319.0	0.0	0.253803	0.253803	0.724282	14.9655
3320.0	0.0	-0.437547	0.437547	0.851617	8.06323
3321.0	0.0	-0.212118	0.212118	0.816782	9.8291
3322.0	0.0	-0.39908	0.39908	0.895788	6.25943
3323.0	0.0	-0.575118	0.575118	0.841152	8.38443
3324.0	0.0	-0.271345	0.271345	0.799542	10.6555
3325.0	0.0	-0.127075	0.127075	0.926468	5.23393
3326.0	0.0	-0.344927	0.344927	0.737036	14.0986
3327.0	0.0	-0.511133	0.511133	0.739888	13.7517
3328.0	0.0	0.305922	0.305922	0.832471	9.03139
3329.0	0.0	-0.163434	0.163434	0.847875	8.40014
3330.0	0.0	-0.741937	0.741937	0.830147	8.65572
3331.0	0.0	-0.323842	0.323842	0.855751	7.97144
3332.0	0.0	-0.259732	0.259732	0.882726	6.87238
3333.0	0.0	0.263622	0.263622	0.856573	7.97205
3334.0	0.0	0.755051	0.755051	0.858794	7.36524
3335.0	0.0	0.906487	0.906487	0.819081	8.88519
3336.0	0.0	0.0563921	0.0563921	0.863401	7.74493
3337.0	0.0	-0.346759	0.346759	0.84721	8.3323
3338.0	0.0	-0.0112827	0.0112827	0.949046	4.4447
3339.0	0.0	0.124954	0.124954	0.829882	9.23539
3340.0	0.0	-0.280914	0.280914	0.944541	4.52896
3341.0	0.0	-0.0289872	0.0289872	0.782916	11.6068
3342.0	0.0	-0.814934	0.814934	0.826874	8.68742
3343.0	0.0	-0.207891	0.207891	0.884833	6.81092
3344.0	0.0	-0.482346	0.482346	0.744036	13.5365
3345.0	0.0	0.511673	0.511673	0.81755	9.55688
3346.0	0.0	-0.159682	0.159682	0.814326	9.97014
3347.0	0.0	0.177817	0.177817	0.872167	7.34446
3348.0	0.0	-0.393458	0.393458	0.904959	5.90759
3349.0	0.0	0.109702	0.109702	0.850555	8.29614
3350.0	0.0	-0.362296	0.362296	0.833773	8.93102
3351.0	0.0	0.130667	0.130667	0.709772	15.977
3352.0	0.0	-0.5964	0.5964	0.799511	10.3442
3353.0	0.0	0.231602	0.231602	0.902108	6.11565
3354.0	0.0	-0.765819	0.765819	0.892457	5.97455
3355.0	0.0	-0.862189	0.862189	0.759051	12.0623
3356.0	0.0	0.0664438	0.0664438	0.805392	10.4364
3357.0	0.0	-0.28334	0.28334	0.835165	8.92074
3358.0	0.0	0.0854535	0.0854535	0.912342	5.76821
3359.0	0.0	-1.44188	1.44188	0.830242	7.0817
3360.0	0.0	-0.794179	0.794179	0.831808	8.49522
3361.0	0.0	0.182167	0.182167	0.899056	6.25449
3362.0	0.0	-0.224096	0.224096	0.877837	7.08999
3363.0	0.0	0.694369	0.694369	0.838317	8.35445
3364.0	0.0	-0.127304	0.127304	0.842428	8.65626
3365.0	0.0	-0.116513	0.116513	0.860584	7.85553
3366.0	0.0	0.409969	0.409969	0.802123	10.4198
3367.0	0.0	0.187285	0.187285	0.881288	6.96338
3368.0	0.0	0.00794423	0.00794423	0.816675	9.88326
3369.0	0.0	0.765102	0.765102	0.771541	11.553
3370.0	0.0	-1.44442	1.44442	0.804931	8.22599
3371.0	0.0	-0.0692228	0.0692228	0.815681	9.92651
3372.0	0.0	-0.15047	0.15047	0.836126	8.93754
3373.0	0.0	-0.024638	0.024638	0.681157	18.0169
3374.0	0.0	0.234362	0.234362	0.807068	10.2966
3375.0	0.0	-0.115747	0.115747	0.813654	10.0163
3376.0	0.0	-0.000698319	0.000698319	0.856256	8.05759
3377.0	0.0	0.18758	0.18758	0.776298	11.9253
3378.0	0.0	-0.669599	0.669599	0.751162	12.8587
3379.0	0.0	-0.859187	0.859187	0.891461	5.86683
3380.0	0.0	-0.300247	0.300247	0.799149	10.6572
3381.0	0.0	-0.264741	0.264741	0.728639	14.6814
3382.0	0.0	0.566663	0.566663	0.85447	7.80501
3383.0	0.0	0.255274	0.255274	0.878206	7.05982
3384.0	0.0	-0.0727995	0.0727995	0.945757	4.55443
3385.0	0.0	-0.160126	0.160126	0.864961	7.65522
3386.0	0.0	-0.110382	0.110382	0.820773	9.67179
3387.0	0.0	0.552711	0.552711	0.797232	10.5154
3388.0	0.0	-0.614714	0.614714	0.854442	7.74808
3389.0	0.0	0.00280803	0.00280803	0.77969	11.7815
3390.0	0.0	0.437136	0.437136	0.839547	8.60323
3391.0	0.0	-0.882295	0.882295	0.838258	8.04966
3392.0	0.0	0.132757	0.132757	0.811666	10.1095
3393.0	0.0	-0.470309	0.470309	0.818989	9.53153
3394.0	0.0	0.250306	0.250306	0.85068	8.23801
3395.0	0.0	0.142122	0.142122	0.825922	9.41723
3396.0	0.0	-0.561845	0.561845	0.891551	6.27353
3397.0	0.0	0.317989	0.317989	0.897766	6.23864
3398.0	0.0	0.0878335	0.0878335	0.82308	9.566
3399.0	0.0	-0.947599	0.947599	0.809983	9.23775
3400.0	0.0	-0.399757	0.399757	0.806753	10.1968
3401.0	0.0	-0.325608	0.325608	0.916694	5.50999
3402.0	0.0	-0.874502	0.874502	0.852053	7.45731
3403.0	0.0	-0.0630883	0.0630883	0.86767	7.56204
3404.0	0.0	-0.68916	0.68916	0.736743	13.6839
3405.0	0.0	-0.2194	0.2194	0.865702	7.60069
3406.0	0.0	-0.586131	0.586131	0.779118	11.4194
3407.0	0.0	0.0191417	0.0191417	0.788352	11.3182
3408.0	0.0	0.301175	0.301175	0.775272	11.9173
3409.0	0.0	0.330307	0.330307	0.830253	9.11818
3410.0	0.0	0.239345	0.239345	0.809632	10.1665
3411.0	0.0	0.0917297	0.0917297	0.798669	10.7729
3412.0	0.0	-0.458478	0.458478	0.803273	10.3153
3413.0	0.0	0.0762997	0.0762997	0.891398	6.58393
3414.0	0.0	-0.0676923	0.0676923	0.77743	11.8989
3415.0	0.0	-0.450181	0.450181	0.864148	7.50964
3416.0	0.0	0.331423	0.331423	0.887934	6.61982
3417.0	0.0	-0.0856487	0.0856487	0.795289	10.948
3418.0	0.0	0.0862885	0.0862885	0.834664	9.02123
3419.0	0.0	-0.794623	0.794623	0.738131	13.4114
3420.0	0.0	0.0430236	0.0430236	0.900282	6.23717
3421.0	0.0	0.0893647	0.0893647	0.844504	8.57104
3422.0	0.0	-0.0477967	0.0477967	0.85468	8.12427
3423.0	0.0	0.229631	0.229631	0.878991	7.03995
3424.0	0.0	0.33467	0.33467	0.863591	7.62566
3425.0	0.0	-0.480176	0.480176	0.788289	11.0612
3426.0	0.0	-0.354326	0.354326	0.85988	7.77112
3427.0	0.0	0.348085	0.348085	0.792339	10.973
3428.0	0.0	0.249786	0.249786	0.921287	5.38072
3429.0	0.0	-0.151745	0.151745	0.920926	5.4315
3430.0	0.0	0.0872528	0.0872528	0.841791	8.69421
3431.0	0.0	-0.341601	0.341601	0.83874	8.71821
3432.0	0.0	-0.479019	0.479019	0.871761	7.162
3433.0	0.0	0.481358	0.481358	0.832893	8.86531
3434.0	0.0	-0.167904	0.167904	0.807875	10.2859
3435.0	0.0	0.711769	0.711769	0.910326	5.3672
3436.0	0.0	-0.570914	0.570914	0.709798	15.5817
3437.0	0.0	-0.25412	0.25412	0.814722	9.90814
3438.0	0.0	-0.545776	0.545776	0.803081	10.2283
3439.0	0.0	-0.345352	0.345352	0.782802	11.4776
3440.0	0.0	0.0552679	0.0552679	0.783712	11.5616
3441.0	0.0	0.650447	0.650447	0.901596	5.77816
3442.0	0.0	-0.17798	0.17798	0.912831	5.72629
3443.0	0.0	-0.275691	0.275691	0.878994	7.01652
3444.0	0.0	0.376526	0.376526	0.875873	7.07932
3445.0	0.0	0.869728	0.869728	0.867799	6.79997
3446.0	0.0	-0.0790292	0.0790292	0.815602	9.92882
3447.0	0.0	0.294444	0.294444	0.797541	10.7432
3448.0	0.0	-0.461762	0.461762	0.83435	8.81762
3449.0	0.0	-0.0387674	0.0387674	0.867377	7.57696
3450.0	0.0	-0.211416	0.211416	0.786533	11.364
3451.0	0.0	0.399828	0.399828	0.817769	9.65659
3452.0	0.0	0.0444187	0.0444187	0.890744	6.61384
3453.0	0.0	-0.168161	0.168161	0.763285	12.6579
3454.0	0.0	-0.0704001	0.0704001	0.872363	7.36317
3455.0	0.0	0.481708	0.481708	0.877363	6.92765
3456.0	0.0	-0.139949	0.139949	0.824702	9.47582
3457.0	0.0	-0.274072	0.274072	0.811057	10.0765
3458.0	0.0	0.315969	0.315969	0.757611	12.898
3459.0	0.0	-0.130164	0.130164	0.817308	9.8341
3460.0	0.0	-0.15861	0.15861	0.947273	4.48325
3461.0	0.0	0.0765662	0.0765662	0.908072	5.93216
3462.0	0.0	-0.235765	0.235765	0.975852	3.49411
3463.0	0.0	-0.570864	0.570864	0.753647	12.8594
3464.0	0.0	-0.107731	0.107731	0.810654	10.1661
3465.0	0.0	0.170505	0.170505	0.813855	9.98931
3466.0	0.0	0.307594	0.307594	0.852554	8.12213
3467.0	0.0	-0.218734	0.218734	0.872905	7.29717
3468.0	0.0	0.283162	0.283162	0.874965	7.1788
3469.0	0.0	0.485644	0.485644	0.920395	5.24937
3470.0	0.0	0.200075	0.200075	0.77163	12.1763
3471.0	0.0	-0.633227	0.633227	0.811697	9.6899
3472.0	0.0	0.175214	0.175214	0.850188	8.29304
3473.0	0.0	0.447437	0.447437	0.848537	8.19021
3474.0	0.0	0.565977	0.565977	0.832261	8.80077
3475.0	0.0	-0.301492	0.301492	0.889334	6.58244
3476.0	0.0	0.0241898	0.0241898	0.837256	8.90891
3477.0	0.0	0.162222	0.162222	0.899046	6.26161
3478.0	0.0	0.0833109	0.0833109	0.778553	11.8351
3479.0	0.0	0.370226	0.370226	0.839548	8.65995
3480.0	0.0	0.116139	0.116139	0.804463	10.4731
3481.0	0.0	0.0769846	0.0769846	0.673971	18.5481
3482.0	0.0	0.475379	0.475379	0.828519	9.0747
3483.0	0.0	-0.235247	0.235247	0.838688	8.78533
3484.0	0.0	-0.0125389	0.0125389	0.808244	10.2984
3485.0	0.0	0.165451	0.165451	0.867695	7.53716
3486.0	0.0	-0.222138	0.222138	0.946378	4.49211
3487.0	0.0	0.228447	0.228447	0.794443	10.9414
3488.0	0.0	-0.141769	0.141769	0.797419	10.824
3489.0	0.0	0.187863	0.187863	0.796936	10.8317
3490.0	0.0	-0.779869	0.779869	0.84415	7.96289
3491.0	0.0	1.06822	1.06822	0.794324	9.7449
3492.0	0.0	0.245899	0.245899	0.858796	7.88475
3493.0	0.0	-0.113352	0.113352	0.783336	11.5706
3494.0	0.0	-0.648232	0.648232	0.820474	9.24669
3495.0	0.0	-0.233161	0.233161	0.8919	6.51606
3496.0	0.0	0.446955	0.446955	0.897833	6.13989
3497.0	0.0	0.00839733	0.00839733	0.830392	9.22814
3498.0	0.0	-0.505123	0.505123	0.827831	9.07586
3499.0	0.0	0.0263437	0.0263437	0.915559	5.65314
3500.0	0.0	-0.145571	0.145571	0.889496	6.64481
3501.0	0.0	0.505897	0.505897	0.854182	7.88444
3502.0	0.0	0.526173	0.526173	0.809907	9.91253
3503.0	0.0	-0.472578	0.472578	0.907812	5.73258
3504.0	0.0	-0.502079	0.502079	0.761524	12.495
3505.0	0.0	0.531689	0.531689	0.814584	9.67766
3506.0	0.0	0.482544	0.482544	0.84839	8.16284
3507.0	0.0	-0.129363	0.129363	0.844516	8.56131
3508.0	0.0	-0.438898	0.438898	0.835902	8.76802
3509.0	0.0	0.0098775	0.0098775	0.787262	11.3761
3510.0	0.0	0.213005	0.213005	0.865695	7.60383
3511.0	0.0	0.133512	0.133512	0.808723	10.2551
3512.0	0.0	0.150797	0.150797	0.785479	11.4449
3513.0	0.0	-0.582139	0.582139	0.865822	7.30078
3514.0	0.0	0.18194	0.18194	0.866736	7.57203
3515.0	0.0	-0.3084	0.3084	0.794486	10.891
3516.0	0.0	-0.245224	0.245224	0.819595	9.67655
3517.0	0.0	0.727664	0.727664	0.836662	8.37995
3518.0	0.0	0.441647	0.441647	0.893176	6.32731
3519.0	0.0	-0.616162	0.616162	0.750051	13.0049
3520.0	0.0	0.317735	0.317735	0.750885	13.2882
3521.0	0.0	0.570283	0.570283	0.881723	6.65727
3522.0	0.0	0.491466	0.491466	0.779391	11.521
3523.0	0.0	-0.0984258	0.0984258	0.825038	9.47052
3524.0	0.0	-0.589411	0.589411	0.860209	7.5306
3525.0	0.0	0.626815	0.626815	0.813455	9.61313
3526.0	0.0	0.151409	0.151409	0.874323	7.26313
3527.0	0.0	0.284001	0.284001	0.782303	11.5484
3528.0	0.0	0.461019	0.461019	0.818046	9.58623
3529.0	0.0	-0.577343	0.577343	0.849004	8.03177
3530.0	0.0	-0.0211174	0.0211174	0.893593	6.50184
3531.0	0.0	-0.150118	0.150118	0.827436	9.34309
3532.0	0.0	-0.0400161	0.0400161	0.801369	10.6428
3533.0	0.0	-0.223099	0.223099	0.76791	12.372
3534.0	0.0	-0.213089	0.213089	0.879592	7.02258
3535.0	0.0	-0.141795	0.141795	0.839114	8.80302
3536.0	0.0	0.498972	0.498972	0.854254	7.88847
3537.0	0.0	-0.157837	0.157837	0.757272	13.0064
3538.0	0.0	0.0832636	0.0832636	0.835789	8.96978
3539.0	0.0	-0.462641	0.462641	0.806096	10.1699
3540.0	0.0	-0.542203	0.542203	0.772157	11.8535
3541.0	0.0	-0.0215066	0.0215066	0.855282	8.09975
3542.0	0.0	-0.120855	0.120855	0.910488	5.83153
3543.0	0.0	-1.11091	1.11091	0.772015	10.7941
3544.0	0.0	-0.785652	0.785652	0.756656	12.3443
3545.0	0.0	-0.0853978	0.0853978	0.780938	11.7057
3546.0	0.0	0.146708	0.146708	0.79872	10.7556
3547.0	0.0	0.0771264	0.0771264	0.761988	12.758
3548.0	0.0	-0.234987	0.234987	0.855594	8.0295
3549.0	0.0	0.0107839	0.0107839	0.861835	7.8154
3550.0	0.0	-0.229898	0.229898	0.846348	8.44117
3551.0	0.0	-0.704444	0.704444	0.802731	10.0281
3552.0	0.0	0.10278	0.10278	0.929332	5.1348
3553.0	0.0	-0.181243	0.181243	0.824053	9.49243
3554.0	0.0	0.197777	0.197777	0.884157	6.84242
3555.0	0.0	0.31808	0.31808	0.858338	7.86278
3556.0	0.0	-0.285107	0.285107	0.782926	11.5143
3557.0	0.0	0.0635233	0.0635233	0.929985	5.11724
3558.0	0.0	0.715025	0.715025	0.824396	8.96449
3559.0	0.0	0.312405	0.312405	0.824338	9.40916
3560.0	0.0	-0.295712	0.295712	0.849985	8.24303
3561.0	0.0	0.509968	0.509968	0.802557	10.2963
3562.0	0.0	0.328679	0.328679	0.786022	11.3192
3563.0	0.0	-1.48659	1.48659	0.830695	6.93089
3564.0	0.0	0.544572	0.544572	0.811468	9.81447
3565.0	0.0	-0.214657	0.214657	0.781449	11.6337
3566.0	0.0	-0.0576307	0.0576307	0.776143	11.9706
3567.0	0.0	0.484478	0.484478	0.958426	3.91023
3568.0	0.0	0.139471	0.139471	0.900123	6.2262
3569.0	0.0	0.0730599	0.0730599	0.812913	10.0615
3570.0	0.0	-0.126463	0.126463	0.787425	11.3494
3571.0	0.0	-0.564002	0.564002	0.82092	9.3349
3572.0	0.0	-0.168656	0.168656	0.889972	6.61859
3573.0	0.0	0.257187	0.257187	0.81079	10.0995
3574.0	0.0	-0.624287	0.624287	0.922886	5.01312
3575.0	0.0	-0.26686	0.26686	0.869801	7.40373
3576.0	0.0	0.361066	0.361066	0.785325	11.3308
3577.0	0.0	-0.0906374	0.0906374	0.883376	6.90498
3578.0	0.0	0.548274	0.548274	0.896307	6.10138
3579.0	0.0	-0.481439	0.481439	0.844556	8.33475
3580.0	0.0	0.00102062	0.00102062	0.902928	6.13603
3581.0	0.0	-0.370677	0.370677	0.885033	6.70937
3582.0	0.0	0.0368406	0.0368406	0.804472	10.4861
3583.0	0.0	0.0589197	0.0589197	0.894467	6.46423
3584.0	0.0	0.117472	0.117472	0.826794	9.3828
3585.0	0.0	-0.111017	0.111017	0.849295	8.35183
3586.0	0.0	-0.733975	0.733975	0.710338	15.2771
3587.0	0.0	-0.0629086	0.0629086	0.765377	12.568
3588.0	0.0	-0.271029	0.271029	0.864299	7.63472
3589.0	0.0	-0.145872	0.145872	0.820629	9.66887
3590.0	0.0	-0.0530276	0.0530276	0.851491	8.26428
3591.0	0.0	0.0318783	0.0318783	0.83577	8.97692
3592.0	0.0	-0.566253	0.566253	0.874036	6.97624
3593.0	0.0	-0.476325	0.476325	0.836245	8.71617
3594.0	0.0	-0.178841	0.178841	0.810968	10.1282
3595.0	0.0	0.297756	0.297756	0.886726	6.68933
3596.0	0.0	-0.125514	0.125514	0.924834	5.29422
3597.0	0.0	0.323527	0.323527	0.882763	6.83384
3598.0	0.0	0.129297	0.129297	0.839836	8.7736
3599.0	0.0	0.400809	0.400809	0.893108	6.36372
3600.0	0.0	-0.58673	0.58673	0.761721	12.376
3601.0	0.0	0.368166	0.368166	0.852005	8.10394
3602.0	0.0	-0.362122	0.362122	0.860477	7.73967
3603.0	0.0	0.330879	0.330879	0.91721	5.48742
3604.0	0.0	0.303991	0.303991	0.814375	9.89471
3605.0	0.0	0.069542	0.069542	0.912476	5.76551
3606.0	0.0	-0.1023	0.1023	0.813968	10.0041
3607.0	0.0	0.348583	0.348583	0.911175	5.7027
3608.0	0.0	-0.0435502	0.0435502	0.857433	8.00425
3609.0	0.0	-0.16508	0.16508	0.813076	10.0295
3610.0	0.0	-0.767608	0.767608	0.936355	4.34624
3611.0	0.0	-0.768972	0.768972	0.932687	4.47359
3612.0	0.0	0.33549	0.33549	0.780497	11.6089
3613.0	0.0	-0.438712	0.438712	0.933271	4.82233
3614.0	0.0	-0.611872	0.611872	0.815456	9.53634
3615.0	0.0	0.0301584	0.0301584	0.878985	7.09215
3616.0	0.0	-0.191489	0.191489	0.83193	9.11714
3617.0	0.0	-0.356879	0.356879	0.942079	4.57049
3618.0	0.0	-0.0546442	0.0546442	0.879886	7.05296
3619.0	0.0	0.376225	0.376225	0.772967	11.9849
3620.0	0.0	0.282075	0.282075	0.856153	7.97999
3621.0	0.0	-0.204362	0.204362	0.793235	11.0158
3622.0	0.0	-0.413186	0.413186	0.757117	12.8425
3623.0	0.0	-0.913243	0.913243	0.736314	13.278
3624.0	0.0	1.36822	1.36822	0.895025	4.65875
3625.0	0.0	-0.275903	0.275903	0.878441	7.03918
3626.0	0.0	-0.430741	0.430741	0.893963	6.30558
3627.0	0.0	0.259749	0.259749	0.758947	12.8594
3628.0	0.0	-0.486102	0.486102	0.895112	6.21079
3629.0	0.0	0.124716	0.124716	0.776012	11.9636
3630.0	0.0	0.0692139	0.0692139	0.804354	10.4882
3631.0	0.0	-0.271512	0.271512	0.796803	10.7956
3632.0	0.0	-0.132807	0.132807	0.861882	7.7954
3633.0	0.0	0.000881912	0.000881912	0.834382	9.04221
3634.0	0.0	0.332875	0.332875	0.750894	13.276
3635.0	0.0	-0.223252	0.223252	0.76558	12.5027
3636.0	0.0	0.478751	0.478751	0.745331	13.4633
3637.0	0.0	-0.629201	0.629201	0.896619	5.99676
3638.0	0.0	-0.255522	0.255522	0.910071	5.79858
3639.0	0.0	0.327799	0.327799	0.884933	6.74307
3640.0	0.0	0.128016	0.128016	0.879067	7.07322
3641.0	0.0	-0.3139	0.3139	0.869232	7.40002
3642.0	0.0	-0.249528	0.249528	0.886784	6.71315
3643.0	0.0	0.472272	0.472272	0.867426	7.35016
3644.0	0.0	-0.610421	0.610421	0.802299	10.1853
3645.0	0.0	0.378832	0.378832	0.916238	5.49127
3646.0	0.0	0.00247581	0.00247581	0.918166	5.55614
3647.0	0.0	-0.105753	0.105753	0.851183	8.26921
3648.0	0.0	0.218653	0.218653	0.714287	15.6368
3649.0	0.0	-0.213246	0.213246	0.979708	3.37817
3650.0	0.0	0.773795	0.773795	0.823627	8.90777
3651.0	0.0	0.503964	0.503964	0.910643	5.59592
3652.0	0.0	-0.0719307	0.0719307	0.823048	9.57025
3653.0	0.0	-0.746867	0.746867	0.74701	12.9716
3654.0	0.0	0.775395	0.775395	0.790584	10.5274
3655.0	0.0	-0.493856	0.493856	0.794745	10.7112
3656.0	0.0	0.198796	0.198796	0.829953	9.20653
3657.0	0.0	-0.396581	0.396581	0.930585	4.9517
3658.0	0.0	0.340083	0.340083	0.843815	8.48924
3659.0	0.0	1.06761	1.06761	0.740862	12.645
3660.0	0.0	0.567998	0.567998	0.85061	7.97214
3661.0	0.0	0.839274	0.839274	0.811247	9.38426
3662.0	0.0	-0.541727	0.541727	0.892592	6.25413
3663.0	0.0	0.128938	0.128938	0.819514	9.72761
3664.0	0.0	0.305541	0.305541	0.879991	6.9583
3665.0	0.0	-0.169786	0.169786	0.844222	8.56187
3666.0	0.0	0.129667	0.129667	0.823167	9.55199
3667.0	0.0	0.56408	0.56408	0.889728	6.34324
3668.0	0.0	0.24569	0.24569	0.765036	12.5211
3669.0	0.0	0.170374	0.170374	0.767512	12.4186
3670.0	0.0	-0.121267	0.121267	0.806571	10.3659
3671.0	0.0	0.306162	0.306162	0.940446	4.6591
3672.0	0.0	0.185531	0.185531	0.888499	6.67174
3673.0	0.0	0.20346	0.20346	0.761508	12.7436
3674.0	0.0	-0.62189	0.62189	0.814063	9.59035
3675.0	0.0	-0.215066	0.215066	0.746241	13.6294
3676.0	0.0	0.0119007	0.0119007	0.884671	6.86036
3677.0	0.0	0.95419	0.95419	0.774018	11.0506
3678.0	0.0	-0.73116	0.73116	0.79984	10.1306
3679.0	0.0	-0.620916	0.620916	0.757152	12.5874
3680.0	0.0	-0.54389	0.54389	0.794697	10.6558
3681.0	0.0	-0.755416	0.755416	0.868659	6.94933
3682.0	0.0	-0.595153	0.595153	0.72843	14.3438
3683.0	0.0	-0.411356	0.411356	0.86481	7.51546
3684.0	0.0	-0.612457	0.612457	0.842472	8.27892
3685.0	0.0	-0.837516	0.837516	0.730306	13.8033
3686.0	0.0	0.181963	0.181963	0.730782	14.5924
3687.0	0.0	0.0992231	0.0992231	0.786746	11.3924
3688.0	0.0	0.258203	0.258203	0.789266	11.195
3689.0	0.0	-0.924571	0.924571	0.890558	5.78965
3690.0	0.0	0.0854676	0.0854676	0.790756	11.184
3691.0	0.0	0.892167	0.892167	0.808841	9.40241
3692.0	0.0	-0.467855	0.467855	0.821088	9.43347
3693.0	0.0	-0.344063	0.344063	0.881173	6.88499
3694.0	0.0	-0.451079	0.451079	0.841979	8.48009
3695.0	0.0	-0.558857	0.558857	0.744738	13.3988
3696.0	0.0	-0.330733	0.330733	0.853138	8.08116
3697.0	0.0	0.0479169	0.0479169	0.833241	9.09274
3698.0	0.0	0.789494	0.789494	0.823594	8.8833
3699.0	0.0	0.354603	0.354603	0.907196	5.84994
3700.0	0.0	0.137392	0.137392	0.865146	7.65424
3701.0	0.0	-0.109272	0.109272	0.902927	6.12445
3702.0	0.0	0.643993	0.643993	0.811734	9.67317
3703.0	0.0	-0.0530425	0.0530425	0.811349	10.1414
3704.0	0.0	-0.116768	0.116768	0.812538	10.0709
3705.0	0.0	-0.417101	0.417101	0.822656	9.40703
3706.0	0.0	-0.578607	0.578607	0.817637	9.47398
3707.0	0.0	-0.753721	0.753721	0.726141	14.2245
3708.0	0.0	-0.25337	0.25337	0.735314	14.2717
3709.0	0.0	0.420661	0.420661	0.918964	5.35803
3710.0	0.0	-0.0418745	0.0418745	0.756242	13.0936
3711.0	0.0	-0.58894	0.58894	0.790563	10.8121
3712.0	0.0	-0.316173	0.316173	0.767621	12.3296
3713.0	0.0	0.81052	0.81052	0.94646	3.93462
3714.0	0.0	0.291397	0.291397	0.836693	8.84552
3715.0	0.0	-0.085899	0.085899	0.771184	12.239
3716.0	0.0	-0.233834	0.233834	0.789213	11.2114
3717.0	0.0	0.257117	0.257117	0.837139	8.84492
3718.0	0.0	0.0689527	0.0689527	0.896101	6.3984
3719.0	0.0	-0.211778	0.211778	0.833353	9.04226
3720.0	0.0	0.510722	0.510722	0.852296	7.96184
3721.0	0.0	-0.69407	0.69407	0.754887	12.6042
3722.0	0.0	-0.535898	0.535898	0.782185	11.3195
3723.0	0.0	-0.092991	0.092991	0.935257	4.92281
3724.0	0.0	0.235922	0.235922	0.89014	6.58498
3725.0	0.0	0.318265	0.318265	0.674965	18.3435
3726.0	0.0	-0.520299	0.520299	0.85467	7.848
3727.0	0.0	0.47216	0.47216	0.836331	8.7164
3728.0	0.0	0.014759	0.014759	0.826388	9.41666
3729.0	0.0	0.464432	0.464432	0.771479	11.9812
3730.0	0.0	-0.08902	0.08902	0.887506	6.73792
3731.0	0.0	-0.093238	0.093238	0.841256	8.71737
3732.0	0.0	0.380236	0.380236	0.864008	7.57466
3733.0	0.0	-0.711585	0.711585	0.795185	10.3971
3734.0	0.0	0.520006	0.520006	0.77561	11.6922
3735.0	0.0	-0.567458	0.567458	0.803456	10.183
3736.0	0.0	-0.155072	0.155072	0.899283	6.25454
3737.0	0.0	-1.3756	1.3756	0.833692	7.11774
3738.0	0.0	0.700998	0.700998	0.785239	10.9277
3739.0	0.0	-0.0285485	0.0285485	0.820203	9.71157
3740.0	0.0	0.107117	0.107117	0.768035	12.4098
3741.0	0.0	0.0876511	0.0876511	0.827676	9.3477
3742.0	0.0	0.190166	0.190166	0.867498	7.53659
3743.0	0.0	-0.259504	0.259504	0.877577	7.08357
3744.0	0.0	-0.163209	0.163209	0.828896	9.26993
3745.0	0.0	0.333611	0.333611	0.894029	6.37568
3746.0	0.0	0.299024	0.299024	0.882284	6.86855
3747.0	0.0	0.312599	0.312599	0.89481	6.35815
3748.0	0.0	-0.180809	0.180809	0.792977	11.0394
3749.0	0.0	-0.426191	0.426191	0.80657	10.1819
3750.0	0.0	0.241354	0.241354	0.798937	10.7036
3751.0	0.0	0.965291	0.965291	0.842212	7.71644
3752.0	0.0	0.170581	0.170581	0.798538	10.7565
3753.0	0.0	0.431561	0.431561	0.770609	12.0632
3754.0	0.0	-0.366167	0.366167	0.883317	6.7821
3755.0	0.0	0.0601477	0.0601477	0.877624	7.1456
3756.0	0.0	-0.361471	0.361471	1.00234	2.59284
3757.0	0.0	-0.084281	0.084281	0.783133	11.588
3758.0	0.0	0.279042	0.279042	0.831642	9.08666
3759.0	0.0	-0.134892	0.134892	0.808432	10.2692
3760.0	0.0	-0.127829	0.127829	0.824106	9.50769
3761.0	0.0	0.198574	0.198574	0.912489	5.73177
3762.0	0.0	0.899512	0.899512	0.815979	9.04543
3763.0	0.0	0.262178	0.262178	0.775079	11.9533
3764.0	0.0	0.0558585	0.0558585	0.899829	6.25364
3765.0	0.0	0.176934	0.176934	0.818093	9.7804
3766.0	0.0	0.181344	0.181344	0.85959	7.87871
3767.0	0.0	-0.955144	0.955144	0.804448	9.49129
3768.0	0.0	-0.0703215	0.0703215	0.796555	10.8854
3769.0	0.0	0.28787	0.28787	0.807941	10.2223
3770.0	0.0	-0.184511	0.184511	0.934379	4.93055
3771.0	0.0	-1.08387	1.08387	0.753809	11.8591
3772.0	0.0	-0.416595	0.416595	0.913768	5.55513
3773.0	0.0	0.566522	0.566522	0.86764	7.24235
3774.0	0.0	0.837967	0.837967	0.789411	10.4758
3775.0	0.0	0.126802	0.126802	0.844993	8.54051
3776.0	0.0	-0.498429	0.498429	0.810805	9.8994
3777.0	0.0	-0.0602869	0.0602869	0.767903	12.4263
3778.0	0.0	0.179786	0.179786	0.839731	8.76195
3779.0	0.0	-0.367551	0.367551	0.788369	11.1647
3780.0	0.0	0.0275839	0.0275839	0.818891	9.77496
3781.0	0.0	0.0192362	0.0192362	0.892108	6.56098
3782.0	0.0	0.489932	0.489932	0.835517	8.73571
3783.0	0.0	0.202765	0.202765	0.948394	4.4296
3784.0	0.0	0.990485	0.990485	0.892356	5.59885
3785.0	0.0	0.246882	0.246882	0.779475	11.7231
3786.0	0.0	-0.718618	0.718618	0.868689	7.00225
3787.0	0.0	0.531199	0.531199	0.821763	9.33333
3788.0	0.0	0.0763754	0.0763754	0.808479	10.2804
3789.0	0.0	0.293853	0.293853	0.837451	8.80922
3790.0	0.0	0.270544	0.270544	0.857725	7.91814
3791.0	0.0	0.376145	0.376145	0.853735	8.02183
3792.0	0.0	0.487929	0.487929	0.784933	11.2294
3793.0	0.0	-0.38285	0.38285	0.838457	8.69965
3794.0	0.0	0.773904	0.773904	0.809647	9.57556
3795.0	0.0	-0.194705	0.194705	0.832673	9.08126
3796.0	0.0	-0.263781	0.263781	0.891638	6.5115
3797.0	0.0	0.390082	0.390082	0.810614	10.014
3798.0	0.0	0.0404256	0.0404256	0.807496	10.3341
3799.0	0.0	0.396068	0.396068	0.841922	8.53147
3800.0	0.0	-0.310391	0.310391	0.845769	8.42165
3801.0	0.0	0.376727	0.376727	0.774066	11.9242
3802.0	0.0	0.087595	0.087595	0.853972	8.14978
3803.0	0.0	-0.108161	0.108161	0.813221	10.0395
3804.0	0.0	-0.163787	0.163787	0.831667	9.13992
3805.0	0.0	0.104828	0.104828	0.918506	5.53297
3806.0	0.0	0.155898	0.155898	0.940018	4.73868
3807.0	0.0	0.303156	0.303156	0.937128	4.77835
3808.0	0.0	-0.152214	0.152214	0.816589	9.86227
3809.0	0.0	-1.04082	1.04082	0.834267	7.91424
3810.0	0.0	-0.579027	0.579027	0.734986	13.9606
3811.0	0.0	0.344715	0.344715	0.806552	10.252
3812.0	0.0	0.0782179	0.0782179	0.824808	9.48531
3813.0	0.0	0.0556503	0.0556503	0.890249	6.63254
3814.0	0.0	0.180267	0.180267	0.853903	8.1271
3815.0	0.0	-0.255118	0.255118	0.81391	9.94726
3816.0	0.0	-0.0294965	0.0294965	0.87504	7.25552
3817.0	0.0	-0.654341	0.654341	0.809547	9.76545
3818.0	0.0	-0.218657	0.218657	0.881812	6.92927
3819.0	0.0	-0.21144	0.21144	0.841097	8.6867
3820.0	0.0	-0.27589	0.27589	0.870762	7.35838
3821.0	0.0	-1.08432	1.08432	0.817591	8.58198
3822.0	0.0	-0.206437	0.206437	0.875217	7.2061
3823.0	0.0	-0.0780035	0.0780035	0.777019	11.9195
3824.0	0.0	-0.1448	0.1448	0.86602	7.61486
3825.0	0.0	-0.172854	0.172854	0.865721	7.61848
3826.0	0.0	0.0717933	0.0717933	0.850301	8.31462
3827.0	0.0	-0.0750804	0.0750804	0.792335	11.1033
3828.0	0.0	-0.347885	0.347885	0.848964	8.25346
3829.0	0.0	0.6165	0.6165	0.7529	12.8386
3830.0	0.0	-0.197454	0.197454	0.848108	8.37693
3831.0	0.0	0.832342	0.832342	0.757626	12.2014
3832.0	0.0	-0.21722	0.21722	0.900032	6.20271
3833.0	0.0	0.694801	0.694801	0.835003	8.5042
3834.0	0.0	-0.167654	0.167654	0.7769	11.9006
3835.0	0.0	0.00941763	0.00941763	0.801979	10.6135
3836.0	0.0	0.246676	0.246676	0.788575	11.2379
3837.0	0.0	-0.213679	0.213679	0.828836	9.25236
3838.0	0.0	-0.117293	0.117293	0.939208	4.7772
3839.0	0.0	0.060866	0.060866	0.755859	13.1135
3840.0	0.0	0.467522	0.467522	0.709387	15.7456
3841.0	0.0	-0.393205	0.393205	0.921261	5.29426
3842.0	0.0	-0.449545	0.449545	0.785899	11.219
3843.0	0.0	0.487604	0.487604	0.778476	11.5745
3844.0	0.0	0.480124	0.480124	0.799601	10.4782
3845.0	0.0	-0.339751	0.339751	0.784442	11.3946
3846.0	0.0	-0.129778	0.129778	0.796361	10.882
3847.0	0.0	-0.0211205	0.0211205	0.896816	6.37442
3848.0	0.0	0.260146	0.260146	0.713506	15.6633
3849.0	0.0	0.313137	0.313137	0.878681	7.00735
3850.0	0.0	-0.556368	0.556368	0.766813	12.1309
3851.0	0.0	0.328737	0.328737	0.90713	5.86951
3852.0	0.0	-0.12677	0.12677	0.802709	10.5588
3853.0	0.0	-0.0640292	0.0640292	0.805812	10.4157
3854.0	0.0	0.702403	0.702403	0.866336	7.12363
3855.0	0.0	-0.20683	0.20683	0.857677	7.9515
3856.0	0.0	0.569808	0.569808	0.813023	9.70803
3857.0	0.0	0.274365	0.274365	0.882403	6.87778
3858.0	0.0	-0.168472	0.168472	0.805935	10.3827
3859.0	0.0	-0.236377	0.236377	0.85813	7.91835
3860.0	0.0	-0.0171408	0.0171408	0.806836	10.3686
3861.0	0.0	-0.286166	0.286166	0.886863	6.69053
3862.0	0.0	0.480131	0.480131	0.813772	9.77376
3863.0	0.0	-0.868665	0.868665	0.815127	9.1441
3864.0	0.0	0.357062	0.357062	0.878937	6.96741
3865.0	0.0	0.0927087	0.0927087	0.829524	9.25973
3866.0	0.0	0.403287	0.403287	0.840096	8.60816
3867.0	0.0	-0.874326	0.874326	0.80586	9.58174
3868.0	0.0	0.123464	0.123464	0.905015	6.04053
3869.0	0.0	0.0947777	0.0947777	0.871641	7.3894
3870.0	0.0	-0.078455	0.078455	0.882717	6.93389
3871.0	0.0	0.159885	0.159885	0.838952	8.8047
3872.0	0.0	0.135425	0.135425	0.838656	8.82585
3873.0	0.0	0.448966	0.448966	0.832305	8.92442
3874.0	0.0	-0.236612	0.236612	0.86543	7.60429
3875.0	0.0	0.937197	0.937197	0.947427	3.70233
3876.0	0.0	-0.36077	0.36077	0.841702	8.56945
3877.0	0.0	0.790833	0.790833	0.956932	3.6092
3878.0	0.0	0.28916	0.28916	0.87135	7.32614
3879.0	0.0	0.713654	0.713654	0.915036	5.18917
3880.0	0.0	0.214807	0.214807	0.811234	10.0995
3881.0	0.0	0.270419	0.270419	0.902369	6.08661
3882.0	0.0	0.226491	0.226491	0.877498	7.10293
3883.0	0.0	0.448393	0.448393	0.831777	8.94942
3884.0	0.0	-0.103258	0.103258	0.823599	9.53801
3885.0	0.0	-0.338214	0.338214	0.834516	8.91459
3886.0	0.0	0.0723231	0.0723231	0.775662	11.9947
3887.0	0.0	0.93331	0.93331	0.755015	12.1421
3888.0	0.0	-0.339783	0.339783	0.879794	6.9443
3889.0	0.0	-0.0172866	0.0172866	0.860655	7.8661
3890.0	0.0	0.156966	0.156966	0.814013	9.98641
3891.0	0.0	-1.03992	1.03992	0.783348	10.3689
3892.0	0.0	-0.501758	0.501758	0.884052	6.63575
3893.0	0.0	-0.0226242	0.0226242	0.836554	8.9413
3894.0	0.0	0.043327	0.043327	0.875054	7.25391
3895.0	0.0	0.624535	0.624535	0.897616	5.9637
3896.0	0.0	-0.168798	0.168798	0.945911	4.52763
3897.0	0.0	0.524908	0.524908	0.802272	10.2935
3898.0	0.0	0.542263	0.542263	0.822832	9.26982
3899.0	0.0	-0.334906	0.334906	0.940397	4.64375
3900.0	0.0	-0.608692	0.608692	0.775967	11.5583
3901.0	0.0	-0.363835	0.363835	0.831022	9.05754
3902.0	0.0	-0.664675	0.664675	0.874915	6.81925
3903.0	0.0	-0.396281	0.396281	0.811296	9.97504
3904.0	0.0	-0.0805606	0.0805606	0.877144	7.16256
3905.0	0.0	-0.286316	0.286316	0.833426	8.99937
3906.0	0.0	-0.119152	0.119152	0.853776	8.15162
3907.0	0.0	-0.403333	0.403333	0.881682	6.82015
3908.0	0.0	-0.627718	0.627718	0.85699	7.62139
3909.0	0.0	0.442832	0.442832	0.829438	9.06355
3910.0	0.0	0.499052	0.499052	0.852568	7.96206
3911.0	0.0	0.205826	0.205826	0.841769	8.65861
3912.0	0.0	0.703935	0.703935	0.770332	11.7219
3913.0	0.0	-0.479623	0.479623	0.809605	9.97851
3914.0	0.0	-0.212807	0.212807	0.842365	8.62853
3915.0	0.0	0.203089	0.203089	0.837053	8.87515
3916.0	0.0	0.353884	0.353884	0.907895	5.82374
3917.0	0.0	-0.67436	0.67436	0.814327	9.50413
3918.0	0.0	-0.467228	0.467228	0.82229	9.37683
3919.0	0.0	0.39684	0.39684	0.769231	12.1729
3920.0	0.0	-0.202744	0.202744	0.850576	8.26498
3921.0	0.0	0.892992	0.892992	0.799099	9.88019
3922.0	0.0	5.04204e-05	5.04204e-05	0.810129	10.2049
3923.0	0.0	0.413749	0.413749	0.749825	13.2666
3924.0	0.0	0.853399	0.853399	0.75204	12.4784
3925.0	0.0	-0.223261	0.223261	0.854526	8.08181
3926.0	0.0	-1.54182	1.54182	0.77992	9.13653
3927.0	0.0	-0.326311	0.326311	0.881421	6.88673
3928.0	0.0	0.467349	0.467349	0.875249	7.02835
3929.0	0.0	0.388756	0.388756	0.914904	5.53392
3930.0	0.0	-0.175629	0.175629	0.847571	8.40942
3931.0	0.0	-0.398123	0.398123	0.8239	9.36451
3932.0	0.0	-0.105734	0.105734	0.916442	5.60996
3933.0	0.0	-0.264856	0.264856	0.786562	11.3336
3934.0	0.0	0.00877695	0.00877695	0.759011	12.9355
3935.0	0.0	-0.546911	0.546911	0.812328	9.76968
3936.0	0.0	0.220088	0.220088	0.909509	5.83619
3937.0	0.0	0.380508	0.380508	0.920857	5.31848
3938.0	0.0	0.206566	0.206566	0.81651	9.84488
3939.0	0.0	-0.0118359	0.0118359	0.818968	9.77193
3940.0	0.0	0.152807	0.152807	0.862035	7.78296
3941.0	0.0	0.848872	0.848872	0.752042	12.4873
3942.0	0.0	-0.345633	0.345633	0.778905	11.6868
3943.0	0.0	-0.8616	0.8616	0.746058	12.8088
3944.0	0.0	-0.179766	0.179766	0.929598	5.10466
3945.0	0.0	-0.231447	0.231447	0.859242	7.87252
3946.0	0.0	0.124013	0.124013	0.885218	6.823
3947.0	0.0	-0.0300312	0.0300312	0.956337	4.19328
3948.0	0.0	0.0689205	0.0689205	0.836079	8.95872
3949.0	0.0	0.392274	0.392274	0.737594	14.0218
3950.0	0.0	0.0426309	0.0426309	0.91442	5.69493
3951.0	0.0	0.51301	0.51301	0.827813	9.06812
3952.0	0.0	-0.715214	0.715214	0.695115	16.3425
3953.0	0.0	0.0199381	0.0199381	0.780432	11.7409
3954.0	0.0	-0.432634	0.432634	0.778363	11.6385
3955.0	0.0	-0.105196	0.105196	0.890756	6.6044
3956.0	0.0	-0.598472	0.598472	0.7377	13.7671
3957.0	0.0	-0.199473	0.199473	0.737142	14.189
3958.0	0.0	-0.506134	0.506134	0.89437	6.22056
3959.0	0.0	-0.595236	0.595236	0.860517	7.51041
3960.0	0.0	0.82125	0.82125	0.810025	9.47567
3961.0	0.0	-0.697899	0.697899	0.941302	4.26697
3962.0	0.0	1.01777	1.01777	0.824017	8.42975
3963.0	0.0	-0.678894	0.678894	0.774833	11.5165
3964.0	0.0	-0.981625	0.981625	0.899144	5.3555
3965.0	0.0	0.110232	0.110232	0.82157	9.63354
3966.0	0.0	0.376172	0.376172	0.844166	8.44641
3967.0	0.0	-0.142589	0.142589	0.860645	7.84597
3968.0	0.0	0.303867	0.303867	0.832032	9.05313
3969.0	0.0	-0.142945	0.142945	0.797728	10.8077
3970.0	0.0	-0.366829	0.366829	0.840231	8.63151
3971.0	0.0	-0.396539	0.396539	0.839999	8.61824
3972.0	0.0	0.501865	0.501865	0.776206	11.6811
3973.0	0.0	-0.828233	0.828233	0.786507	10.6439
3974.0	0.0	0.284311	0.284311	0.847155	8.37583
3975.0	0.0	-0.80187	0.80187	0.789846	10.519
3976.0	0.0	0.0277933	0.0277933	0.869867	7.47235
3977.0	0.0	0.174715	0.174715	0.798773	10.7429
3978.0	0.0	0.0881731	0.0881731	0.785414	11.4654
3979.0	0.0	-0.309253	0.309253	0.808513	10.1799
3980.0	0.0	0.41821	0.41821	0.769251	12.1516
3981.0	0.0	-0.213108	0.213108	0.896498	6.3429
3982.0	0.0	0.136309	0.136309	0.832027	9.1319
3983.0	0.0	0.495532	0.495532	0.913021	5.51448
3984.0	0.0	-0.599381	0.599381	0.80331	10.1494
3985.0	0.0	0.607744	0.607744	0.81062	9.77684
3986.0	0.0	-0.559426	0.559426	0.848648	8.06852
3987.0	0.0	-0.20571	0.20571	0.793982	10.9764
3988.0	0.0	-0.382422	0.382422	0.861261	7.69051
3989.0	0.0	-0.112654	0.112654	0.914814	5.66967
3990.0	0.0	-0.40681	0.40681	0.878758	6.93679
3991.0	0.0	0.459936	0.459936	0.849673	8.12814
3992.0	0.0	0.0432044	0.0432044	0.903937	6.09515
3993.0	0.0	-0.192401	0.192401	0.807064	10.3166
3994.0	0.0	-0.832395	0.832395	0.788409	10.5378
3995.0	0.0	0.408403	0.408403	0.956521	4.03609
3996.0	0.0	0.773008	0.773008	0.819378	9.10931
3997.0	0.0	-0.0654952	0.0654952	0.80612	10.4
3998.0	0.0	0.0940582	0.0940582	0.86365	7.72846
3999.0	0.0	0.575964	0.575964	0.829217	8.92976
4000.0	0.0	0.136773	0.136773	0.825482	9.43971
4001.0	0.0	-0.692206	0.692206	0.777175	11.3694
4002.0	0.0	-0.401477	0.401477	0.801072	10.4805
4003.0	0.0	0.283017	0.283017	0.883277	6.83739
4004.0	0.0	0.04801	0.04801	0.853344	8.18298
4005.0	0.0	0.381318	0.381318	0.798866	10.6101
4006.0	0.0	-0.253649	0.253649	0.854371	8.07362
4007.0	0.0	-0.464295	0.464295	0.6993	16.4353
4008.0	0.0	0.104364	0.104364	0.836247	8.94445
4009.0	0.0	1.25552	1.25552	0.745853	11.8479
4010.0	0.0	-0.248915	0.248915	0.892991	6.46524
4011.0	0.0	0.342706	0.342706	0.909886	5.75545
4012.0	0.0	0.661409	0.661409	0.968518	3.39383
4013.0	0.0	0.364835	0.364835	0.796674	10.7359
4014.0	0.0	-0.783243	0.783243	0.854897	7.48828
4015.0	0.0	-0.0539619	0.0539619	0.860672	7.86271
4016.0	0.0	0.70076	0.70076	0.894465	5.9885
4017.0	0.0	0.17026	0.17026	0.889228	6.64785
4018.0	0.0	0.091823	0.091823	0.873432	7.31496
4019.0	0.0	0.714053	0.714053	0.842956	8.11745
4020.0	0.0	0.789353	0.789353	0.894184	5.87187
4021.0	0.0	0.391378	0.391378	0.809291	10.0781
4022.0	0.0	-0.206183	0.206183	0.777142	11.8709
4023.0	0.0	1.33815	1.33815	0.777767	9.87846
4024.0	0.0	0.488997	0.488997	0.802713	10.3116
4025.0	0.0	-0.699186	0.699186	0.829858	8.73395
4026.0	0.0	0.282637	0.282637	0.77977	11.6854
4027.0	0.0	-0.00201252	0.00201252	0.859606	7.91178
4028.0	0.0	0.4741	0.4741	0.935521	4.71203
4029.0	0.0	-0.832323	0.832323	0.863088	7.05998
4030.0	0.0	-0.718245	0.718245	0.776601	11.3585
4031.0	0.0	-0.160347	0.160347	0.838802	8.81139
4032.0	0.0	-0.084746	0.084746	0.863872	7.72067
4033.0	0.0	-0.212439	0.212439	0.836614	8.89124
4034.0	0.0	0.109522	0.109522	0.864171	7.70293
4035.0	0.0	-0.440906	0.440906	0.91849	5.35907
4036.0	0.0	-0.233727	0.233727	0.800327	10.6367
4037.0	0.0	0.0380435	0.0380435	0.765428	12.5681
4038.0	0.0	-0.0541137	0.0541137	0.900763	6.21738
4039.0	0.0	0.221113	0.221113	0.841096	8.68232
4040.0	0.0	-0.754332	0.754332	0.877189	6.60028
4041.0	0.0	-0.272491	0.272491	0.860597	7.79276
4042.0	0.0	0.423106	0.423106	0.847992	8.23636
4043.0	0.0	-0.378377	0.378377	0.75862	12.7887
4044.0	0.0	-0.542501	0.542501	0.803585	10.207
4045.0	0.0	-0.265371	0.265371	0.930156	5.04861
4046.0	0.0	-0.329365	0.329365	0.848588	8.2832
4047.0	0.0	0.68572	0.68572	0.771454	11.6895
4048.0	0.0	0.354041	0.354041	0.875244	7.12184
4049.0	0.0	0.481297	0.481297	0.824265	9.26878
4050.0	0.0	0.367906	0.367906	0.81721	9.71017
4051.0	0.0	0.249112	0.249112	0.918792	5.47364
4052.0	0.0	0.0478477	0.0478477	0.767045	12.476
4053.0	0.0	-0.173506	0.173506	0.861843	7.7843
4054.0	0.0	-1.00164	1.00164	0.825172	8.41047
4055.0	0.0	0.0660933	0.0660933	0.853236	8.1856
4056.0	0.0	-0.676974	0.676974	0.860422	7.40901
4057.0	0.0	-0.152834	0.152834	0.810658	10.153
4058.0	0.0	0.0491918	0.0491918	0.940298	4.74909
4059.0	0.0	0.43133	0.43133	0.910294	5.67415
4060.0	0.0	-0.566243	0.566243	0.877048	6.85231
4061.0	0.0	-0.564443	0.564443	0.847292	8.12272
4062.0	0.0	-0.303745	0.303745	0.833995	8.9621
4063.0	0.0	0.277823	0.277823	0.836369	8.86859
4064.0	0.0	0.134933	0.134933	0.807258	10.3277
4065.0	0.0	-0.281447	0.281447	0.817812	9.74197
4066.0	0.0	0.61743	0.61743	0.8601	7.50091
4067.0	0.0	-0.188804	0.188804	0.837505	8.86031
4068.0	0.0	-0.660891	0.660891	0.878335	6.68442
4069.0	0.0	0.323854	0.323854	0.751711	13.2351
4070.0	0.0	0.589954	0.589954	0.753874	12.8201
4071.0	0.0	0.0768374	0.0768374	0.972683	3.642
4072.0	0.0	-1.01932	1.01932	0.753229	12.0487
4073.0	0.0	-0.0929666	0.0929666	0.784665	11.5044
4074.0	0.0	-0.516212	0.516212	0.781782	11.3645
4075.0	0.0	0.0438079	0.0438079	0.888886	6.68836
4076.0	0.0	0.446207	0.446207	0.839279	8.60699
4077.0	0.0	-0.0355468	0.0355468	0.783907	11.5533
4078.0	0.0	0.235976	0.235976	0.836472	8.88662
