IND_ID	Opt	Phen	AbsErr	Fitness	density

1.0	0.0	0.0276689	0.0276689	0.84075	8.74875
2.0	0.0	0.189968	0.189968	0.794635	10.9495
3.0	0.0	0.474596	0.474596	0.815615	9.68993
4.0	0.0	0.527886	0.527886	0.793178	10.7531
5.0	0.0	0.304444	0.304444	0.809686	10.125
6.0	0.0	0.0256226	0.0256226	0.800431	10.6916
7.0	0.0	0.159116	0.159116	0.859308	7.89866
8.0	0.0	-0.451454	0.451454	0.908824	5.71284
9.0	0.0	0.737337	0.737337	0.849864	7.77775
10.0	0.0	0.80287	0.80287	0.862338	7.13989
11.0	0.0	0.343295	0.343295	0.769381	12.2106
12.0	0.0	-0.849712	0.849712	0.749063	12.6577
13.0	0.0	0.264525	0.264525	0.899876	6.18658
14.0	0.0	0.0200146	0.0200146	0.903681	6.1065
15.0	0.0	0.218716	0.218716	0.878062	7.0831
16.0	0.0	-1.04701	1.04701	0.7986	9.5807
17.0	0.0	0.181028	0.181028	0.886657	6.74751
18.0	0.0	-0.61516	0.61516	0.834598	8.63212
19.0	0.0	-0.202339	0.202339	0.891986	6.52585
20.0	0.0	-0.104594	0.104594	0.941488	4.69914
21.0	0.0	0.533233	0.533233	0.937957	4.57056
22.0	0.0	-0.219775	0.219775	0.858343	7.9169
23.0	0.0	-0.46477	0.46477	0.749559	13.2287
24.0	0.0	0.0729465	0.0729465	0.882794	6.93159
25.0	0.0	-0.112652	0.112652	0.845568	8.51817
26.0	0.0	-0.499705	0.499705	0.866563	7.3596
27.0	0.0	-0.241278	0.241278	0.853395	8.1228
28.0	0.0	0.352181	0.352181	0.87572	7.10347
29.0	0.0	-0.175648	0.175648	0.802753	10.5401
30.0	0.0	-0.14701	0.14701	0.826758	9.3761
31.0	0.0	0.124288	0.124288	0.8659	7.6256
32.0	0.0	-0.28302	0.28302	0.827611	9.27314
33.0	0.0	-0.431609	0.431609	0.817268	9.65216
34.0	0.0	-1.03283	1.03283	0.8005	9.51868
35.0	0.0	0.277354	0.277354	0.90339	6.04343
36.0	0.0	0.737777	0.737777	0.920459	4.95683
37.0	0.0	-0.103052	0.103052	0.843466	8.61513
38.0	0.0	-0.622271	0.622271	0.853854	7.76404
39.0	0.0	-0.349615	0.349615	0.867397	7.45344
40.0	0.0	-0.273727	0.273727	0.890325	6.55857
41.0	0.0	-0.60338	0.60338	0.794794	10.5748
42.0	0.0	0.109438	0.109438	0.917607	5.56559
43.0	0.0	-0.187907	0.187907	0.830903	9.16653
44.0	0.0	0.0741272	0.0741272	0.803838	10.5134
45.0	0.0	0.275179	0.275179	0.786532	11.3289
46.0	0.0	0.131213	0.131213	0.910139	5.84232
47.0	0.0	-0.819252	0.819252	0.872185	6.70368
48.0	0.0	0.0637656	0.0637656	0.840972	8.73516
49.0	0.0	0.321134	0.321134	0.907027	5.87823
50.0	0.0	-0.624642	0.624642	0.873797	6.91668
51.0	0.0	0.42359	0.42359	0.834894	8.8283
52.0	0.0	0.484511	0.484511	0.895811	6.18489
53.0	0.0	-0.17769	0.17769	0.815631	9.89974
54.0	0.0	-0.163057	0.163057	0.76832	12.3761
55.0	0.0	-0.624801	0.624801	0.886323	6.40805
56.0	0.0	0.355925	0.355925	0.881606	6.85904
57.0	0.0	-0.446117	0.446117	0.767457	12.2234
58.0	0.0	0.0173695	0.0173695	0.80702	10.3593
59.0	0.0	0.331388	0.331388	0.784827	11.3805
60.0	0.0	-0.233494	0.233494	0.762546	12.669
61.0	0.0	-0.446059	0.446059	0.837397	8.69292
62.0	0.0	0.398686	0.398686	0.818478	9.62338
63.0	0.0	-1.03723	1.03723	0.949198	3.46624
64.0	0.0	0.199197	0.199197	0.797548	10.7954
65.0	0.0	0.175975	0.175975	0.756812	13.0258
66.0	0.0	0.493301	0.493301	0.818073	9.55163
67.0	0.0	0.194961	0.194961	0.922604	5.35521
68.0	0.0	0.0291128	0.0291128	0.973537	3.61853
69.0	0.0	0.169025	0.169025	0.885485	6.79907
70.0	0.0	-0.441244	0.441244	0.819008	9.55921
71.0	0.0	-0.954193	0.954193	0.834115	8.0993
72.0	0.0	-0.139615	0.139615	0.883682	6.88128
73.0	0.0	0.267171	0.267171	0.85102	8.21388
74.0	0.0	0.108095	0.108095	0.829099	9.2764
75.0	0.0	-0.299855	0.299855	0.785369	11.3743
76.0	0.0	0.349697	0.349697	0.929435	5.02604
77.0	0.0	0.165077	0.165077	0.834677	8.99959
78.0	0.0	-0.164419	0.164419	0.752474	13.2833
79.0	0.0	-0.199685	0.199685	0.808182	10.2577
80.0	0.0	-0.45445	0.45445	0.887801	6.52977
81.0	0.0	-0.387995	0.387995	0.91567	5.5058
82.0	0.0	0.223336	0.223336	0.827918	9.29103
83.0	0.0	-0.317819	0.317819	0.827044	9.27743
84.0	0.0	-0.336487	0.336487	0.863188	7.64164
85.0	0.0	-1.00174	1.00174	0.807208	9.25893
86.0	0.0	0.524329	0.524329	0.8899	6.37881
87.0	0.0	-0.483164	0.483164	0.863812	7.49265
88.0	0.0	0.573471	0.573471	0.975502	3.2631
89.0	0.0	0.0425159	0.0425159	0.873125	7.33449
90.0	0.0	0.478632	0.478632	0.901055	5.98621
91.0	0.0	-0.324373	0.324373	0.94392	4.52641
92.0	0.0	0.541038	0.541038	0.927011	4.95407
93.0	0.0	0.656417	0.656417	0.789042	10.797
94.0	0.0	0.201841	0.201841	0.76994	12.2693
95.0	0.0	0.707655	0.707655	0.887765	6.2426
96.0	0.0	-0.0219148	0.0219148	0.89743	6.35024
97.0	0.0	-0.17429	0.17429	0.940969	4.69941
98.0	0.0	-0.355872	0.355872	0.857082	7.89111
99.0	0.0	-0.325321	0.325321	0.874835	7.1584
100.0	0.0	-0.523012	0.523012	0.893216	6.249
101.0	0.0	0.16458	0.16458	0.894126	6.45453
102.0	0.0	-0.264224	0.264224	0.824908	9.41198
103.0	0.0	-0.0872679	0.0872679	0.850377	8.30867
104.0	0.0	0.251563	0.251563	0.96369	3.88839
105.0	0.0	0.285036	0.285036	0.842734	8.57408
106.0	0.0	0.365778	0.365778	0.8977	6.20935
107.0	0.0	-0.227328	0.227328	0.855788	8.02467
108.0	0.0	0.543455	0.543455	0.924242	5.05225
109.0	0.0	-0.345679	0.345679	0.791276	11.0302
110.0	0.0	0.315488	0.315488	0.828703	9.20098
111.0	0.0	-0.227436	0.227436	0.970288	3.67973
112.0	0.0	0.549316	0.549316	0.902078	5.87649
113.0	0.0	0.694107	0.694107	0.79545	10.4108
114.0	0.0	0.470429	0.470429	0.859008	7.71072
115.0	0.0	0.217897	0.217897	0.993186	2.9482
116.0	0.0	-0.5656	0.5656	0.808193	9.94995
117.0	0.0	0.328575	0.328575	0.873089	7.22889
118.0	0.0	0.23582	0.23582	0.831826	9.10181
119.0	0.0	0.50442	0.50442	0.89745	6.10165
120.0	0.0	-0.626835	0.626835	0.789988	10.7903
121.0	0.0	-0.655903	0.655903	0.960093	3.67847
122.0	0.0	0.74253	0.74253	0.772056	11.5638
123.0	0.0	-0.0188714	0.0188714	0.865781	7.64603
124.0	0.0	-0.288574	0.288574	0.889903	6.56718
125.0	0.0	0.492929	0.492929	0.84373	8.3601
126.0	0.0	-0.0110595	0.0110595	0.890172	6.63856
127.0	0.0	0.547464	0.547464	0.833849	8.74935
128.0	0.0	0.631801	0.631801	0.856126	7.65342
129.0	0.0	0.224599	0.224599	0.919886	5.444
130.0	0.0	0.349945	0.349945	0.888923	6.56772
131.0	0.0	0.0913438	0.0913438	0.926012	5.25801
132.0	0.0	-0.679098	0.679098	0.827759	8.86049
133.0	0.0	-0.210411	0.210411	0.808675	10.2283
134.0	0.0	-0.614607	0.614607	0.920754	5.10233
135.0	0.0	0.217747	0.217747	0.808944	10.2115
136.0	0.0	0.069816	0.069816	0.78119	11.6949
137.0	0.0	-0.0582031	0.0582031	0.848957	8.37624
138.0	0.0	-0.874595	0.874595	0.910202	5.12767
139.0	0.0	0.0333895	0.0333895	0.902351	6.15736
140.0	0.0	-0.0191848	0.0191848	0.884123	6.88238
141.0	0.0	-0.618556	0.618556	0.897239	5.98554
142.0	0.0	0.377853	0.377853	0.811863	9.9628
143.0	0.0	-0.367091	0.367091	0.891001	6.4727
144.0	0.0	0.552808	0.552808	0.830117	8.91565
145.0	0.0	0.899933	0.899933	0.791733	10.2379
146.0	0.0	0.113641	0.113641	0.888434	6.69562
147.0	0.0	0.437564	0.437564	0.757703	12.7843
148.0	0.0	-0.0413984	0.0413984	0.980781	3.38239
149.0	0.0	0.101125	0.101125	0.826051	9.42182
150.0	0.0	0.248817	0.248817	0.828815	9.23594
151.0	0.0	-0.640255	0.640255	0.873259	6.91917
152.0	0.0	0.20505	0.20505	0.741515	13.9191
153.0	0.0	-0.158129	0.158129	0.799232	10.7256
154.0	0.0	0.337894	0.337894	0.856848	7.91408
155.0	0.0	-0.449108	0.449108	0.885896	6.61096
156.0	0.0	-0.217376	0.217376	0.937314	4.81332
157.0	0.0	0.0443916	0.0443916	0.858838	7.94308
158.0	0.0	0.750484	0.750484	0.877181	6.60631
159.0	0.0	0.375612	0.375612	0.873712	7.16964
160.0	0.0	-0.10565	0.10565	0.872733	7.34143
161.0	0.0	0.06137	0.06137	0.798089	10.8078
162.0	0.0	-0.984289	0.984289	0.821683	8.60817
163.0	0.0	-0.474928	0.474928	0.87674	6.95972
164.0	0.0	0.0543481	0.0543481	0.829529	9.26552
165.0	0.0	-0.115738	0.115738	0.861611	7.81144
166.0	0.0	0.0934969	0.0934969	0.826413	9.40629
167.0	0.0	-0.452397	0.452397	0.841539	8.49873
168.0	0.0	-1.25251	1.25251	0.821608	7.98735
169.0	0.0	0.517397	0.517397	0.849018	8.09896
170.0	0.0	-0.494163	0.494163	0.976828	3.29512
171.0	0.0	-0.201407	0.201407	0.801061	10.615
172.0	0.0	-0.445299	0.445299	0.853207	7.98637
173.0	0.0	0.142587	0.142587	0.876451	7.17735
174.0	0.0	0.749495	0.749495	0.772596	11.5226
175.0	0.0	-0.39533	0.39533	0.952751	4.17406
176.0	0.0	0.556907	0.556907	0.857622	7.67973
177.0	0.0	0.836896	0.836896	0.817295	9.09861
178.0	0.0	-0.148587	0.148587	0.94464	4.57801
179.0	0.0	-0.455871	0.455871	0.83538	8.77596
180.0	0.0	-0.456808	0.456808	0.969826	3.55458
181.0	0.0	0.297057	0.297057	0.778212	11.7601
182.0	0.0	-0.208389	0.208389	0.850462	8.26765
183.0	0.0	0.00793272	0.00793272	0.894487	6.4668
184.0	0.0	-0.718898	0.718898	0.778673	11.2464
185.0	0.0	0.0938012	0.0938012	0.864639	7.68618
186.0	0.0	0.241578	0.241578	0.820068	9.65567
187.0	0.0	0.430231	0.430231	0.851584	8.07123
188.0	0.0	-0.329509	0.329509	0.827826	9.23251
189.0	0.0	0.238098	0.238098	0.860938	7.79604
190.0	0.0	-0.216222	0.216222	0.942174	4.64175
191.0	0.0	-0.346417	0.346417	0.939734	4.65988
192.0	0.0	0.294328	0.294328	0.907909	5.86041
193.0	0.0	0.407718	0.407718	0.853656	7.99975
194.0	0.0	0.380877	0.380877	0.879221	6.93821
195.0	0.0	-0.333454	0.333454	0.860154	7.77399
196.0	0.0	-0.287112	0.287112	0.84761	8.35385
197.0	0.0	-0.0106986	0.0106986	0.951737	4.35168
198.0	0.0	0.571872	0.571872	0.836166	8.61445
199.0	0.0	0.0212978	0.0212978	0.894736	6.45654
200.0	0.0	0.836306	0.836306	0.912891	5.08955
201.0	0.0	0.323708	0.323708	0.84998	8.22522
202.0	0.0	-0.0307102	0.0307102	0.833177	9.09718
203.0	0.0	-0.0647965	0.0647965	0.939449	4.77754
204.0	0.0	0.350747	0.350747	0.837373	8.77405
205.0	0.0	-0.210307	0.210307	0.862041	7.76133
206.0	0.0	0.0379536	0.0379536	0.850479	8.31057
207.0	0.0	-0.22201	0.22201	0.947658	4.44762
208.0	0.0	-0.289339	0.289339	0.801431	10.5483
209.0	0.0	-0.150147	0.150147	0.849733	8.32174
210.0	0.0	-0.37065	0.37065	0.88908	6.54675
211.0	0.0	0.242541	0.242541	0.774702	11.9853
212.0	0.0	0.156595	0.156595	0.889808	6.62901
213.0	0.0	-0.429804	0.429804	0.81903	9.56891
214.0	0.0	0.522387	0.522387	0.927017	4.97245
215.0	0.0	0.711541	0.711541	0.855571	7.56818
216.0	0.0	0.206243	0.206243	0.907427	5.92143
217.0	0.0	0.285887	0.285887	0.930117	5.03943
218.0	0.0	-0.103775	0.103775	0.820389	9.69178
219.0	0.0	-0.328977	0.328977	0.892214	6.45058
220.0	0.0	-0.183776	0.183776	0.873877	7.27079
221.0	0.0	0.263509	0.263509	0.861311	7.76692
222.0	0.0	0.427339	0.427339	0.956784	4.01283
223.0	0.0	-0.471028	0.471028	0.783028	11.3488
224.0	0.0	0.462717	0.462717	0.922095	5.20734
225.0	0.0	0.479687	0.479687	0.917729	5.35341
226.0	0.0	0.161555	0.161555	0.918603	5.51494
227.0	0.0	0.138257	0.138257	0.806711	10.354
228.0	0.0	-0.125046	0.125046	0.827879	9.32961
229.0	0.0	-0.150187	0.150187	0.958497	4.10014
230.0	0.0	0.30047	0.30047	0.78876	11.1949
231.0	0.0	-0.0946674	0.0946674	0.820571	9.68501
232.0	0.0	0.489862	0.489862	0.773414	11.8469
233.0	0.0	0.334394	0.334394	0.961173	3.9289
234.0	0.0	-0.915384	0.915384	0.843466	7.75722
235.0	0.0	0.0552732	0.0552732	0.762974	12.7053
236.0	0.0	1.06158	1.06158	0.838976	7.65992
237.0	0.0	-0.662635	0.662635	0.923119	4.95839
238.0	0.0	-0.359644	0.359644	0.792944	10.9324
239.0	0.0	-0.395224	0.395224	0.944598	4.45575
240.0	0.0	0.162793	0.162793	0.930614	5.07331
241.0	0.0	0.251279	0.251279	0.826977	9.32118
242.0	0.0	-0.0863604	0.0863604	0.82685	9.387
243.0	0.0	0.598987	0.598987	0.811784	9.7314
244.0	0.0	-0.120012	0.120012	0.816126	9.89433
245.0	0.0	0.2899	0.2899	0.862104	7.71786
246.0	0.0	-0.0269728	0.0269728	0.770679	12.2748
247.0	0.0	0.804389	0.804389	0.776023	11.2407
248.0	0.0	0.0801594	0.0801594	0.790931	11.1758
249.0	0.0	0.188685	0.188685	0.824181	9.48335
250.0	0.0	0.105436	0.105436	0.947276	4.49609
251.0	0.0	-0.0408609	0.0408609	0.952201	4.33428
252.0	0.0	0.139326	0.139326	0.868797	7.4986
253.0	0.0	-0.268156	0.268156	0.927753	5.13445
254.0	0.0	-0.00646115	0.00646115	0.915553	5.65401
255.0	0.0	0.357358	0.357358	0.809503	10.0956
256.0	0.0	0.286093	0.286093	0.941304	4.63988
257.0	0.0	0.379942	0.379942	0.806788	10.2121
258.0	0.0	0.025938	0.025938	0.842009	8.69162
259.0	0.0	0.576794	0.576794	0.826597	9.05113
260.0	0.0	-0.0434732	0.0434732	0.805514	10.433
261.0	0.0	0.961842	0.961842	0.922646	4.52374
262.0	0.0	-0.320909	0.320909	0.773886	11.9791
263.0	0.0	0.255937	0.255937	0.933836	4.92059
264.0	0.0	0.0047576	0.0047576	0.861296	7.83871
265.0	0.0	-0.264675	0.264675	0.93864	4.74499
266.0	0.0	0.578667	0.578667	0.869991	7.12993
267.0	0.0	-0.0186693	0.0186693	0.79542	10.9491
268.0	0.0	0.558242	0.558242	0.838425	8.52772
269.0	0.0	-0.1137	0.1137	0.906412	5.989
270.0	0.0	-0.256527	0.256527	0.834067	8.98687
271.0	0.0	0.0313796	0.0313796	0.834345	9.0429
272.0	0.0	0.140601	0.140601	0.859603	7.8916
273.0	0.0	0.163942	0.163942	0.908253	5.90492
274.0	0.0	-0.160119	0.160119	0.789034	11.2536
275.0	0.0	0.215254	0.215254	0.940332	4.70711
276.0	0.0	0.105654	0.105654	0.792739	11.076
277.0	0.0	-0.669508	0.669508	0.906752	5.5574
278.0	0.0	-0.442896	0.442896	0.800345	10.4786
279.0	0.0	0.139109	0.139109	0.923479	5.34065
280.0	0.0	0.338243	0.338243	0.928348	5.07286
281.0	0.0	0.24977	0.24977	0.885609	6.76048
282.0	0.0	-0.194414	0.194414	0.805538	10.3921
283.0	0.0	-0.126619	0.126619	0.840224	8.75665
284.0	0.0	-1.25855	1.25855	0.861576	6.24137
285.0	0.0	0.251163	0.251163	0.74353	13.7717
286.0	0.0	-0.236081	0.236081	0.896195	6.34471
287.0	0.0	0.608064	0.608064	0.78961	10.8359
288.0	0.0	-0.637783	0.637783	0.976834	3.15153
289.0	0.0	-0.412992	0.412992	0.846037	8.33225
290.0	0.0	-0.0782206	0.0782206	0.869894	7.46578
291.0	0.0	-0.139068	0.139068	0.866369	7.60167
292.0	0.0	0.226004	0.226004	0.840032	8.72845
293.0	0.0	0.0163513	0.0163513	0.898152	6.32208
294.0	0.0	-0.0246852	0.0246852	0.779041	11.8159
295.0	0.0	-0.00731789	0.00731789	0.848635	8.39405
296.0	0.0	-0.032583	0.032583	0.801517	10.6359
297.0	0.0	0.660259	0.660259	0.786209	10.9391
298.0	0.0	-0.125248	0.125248	0.774495	12.0466
299.0	0.0	-0.164713	0.164713	0.847333	8.42394
300.0	0.0	-0.766419	0.766419	0.817905	9.19016
301.0	0.0	0.0167304	0.0167304	0.839254	8.81759
302.0	0.0	-0.270786	0.270786	0.897779	6.26528
303.0	0.0	-0.0794906	0.0794906	0.879344	7.07193
304.0	0.0	0.0976344	0.0976344	0.759269	12.9095
305.0	0.0	0.0291583	0.0291583	0.794081	11.0179
306.0	0.0	0.573821	0.573821	0.855425	7.75517
307.0	0.0	-0.531209	0.531209	0.900547	5.95449
308.0	0.0	-0.301112	0.301112	0.806425	10.2893
309.0	0.0	-0.301605	0.301605	0.834304	8.94918
310.0	0.0	-0.753819	0.753819	0.828134	8.73003
311.0	0.0	-0.365422	0.365422	0.865016	7.54297
312.0	0.0	0.129689	0.129689	0.874541	7.26022
313.0	0.0	-0.00835802	0.00835802	0.923054	5.3746
314.0	0.0	-0.750209	0.750209	0.940117	4.23894
315.0	0.0	-0.427188	0.427188	0.850952	8.10176
316.0	0.0	0.261447	0.261447	0.856848	7.96123
317.0	0.0	-0.669327	0.669327	0.758972	12.4104
318.0	0.0	0.450329	0.450329	0.883505	6.70631
319.0	0.0	-0.0293117	0.0293117	0.978168	3.4676
320.0	0.0	-0.289125	0.289125	0.829371	9.18668
321.0	0.0	-0.454389	0.454389	0.867117	7.37998
322.0	0.0	-0.0192155	0.0192155	0.919061	5.52239
323.0	0.0	-0.108712	0.108712	0.808556	10.27
324.0	0.0	-0.648896	0.648896	0.851346	7.83868
325.0	0.0	-0.304822	0.304822	0.837129	8.81702
326.0	0.0	-0.129236	0.129236	0.792649	11.0745
327.0	0.0	0.332794	0.332794	0.933288	4.89798
328.0	0.0	-0.366588	0.366588	0.916174	5.50235
329.0	0.0	-0.0931379	0.0931379	0.894353	6.46364
330.0	0.0	-0.384217	0.384217	0.722912	14.9494
331.0	0.0	-0.364221	0.364221	0.917452	5.45632
332.0	0.0	-0.331581	0.331581	0.936949	4.76795
333.0	0.0	-0.414536	0.414536	0.968695	3.62467
334.0	0.0	0.00301195	0.00301195	0.816802	9.87714
335.0	0.0	-0.351639	0.351639	0.797252	10.7168
336.0	0.0	-0.435734	0.435734	0.904866	5.87734
337.0	0.0	0.483504	0.483504	0.789165	11.0117
338.0	0.0	0.231221	0.231221	0.956604	4.1363
339.0	0.0	-0.303066	0.303066	0.879573	6.97691
340.0	0.0	-0.194755	0.194755	0.826723	9.36026
341.0	0.0	-0.518546	0.518546	0.91951	5.25078
342.0	0.0	0.343206	0.343206	0.802536	10.4546
343.0	0.0	-0.463402	0.463402	0.916831	5.40138
344.0	0.0	-0.411784	0.411784	0.801336	10.4579
345.0	0.0	0.00764817	0.00764817	0.872243	7.37318
346.0	0.0	0.277143	0.277143	0.831264	9.10541
347.0	0.0	-0.111043	0.111043	0.755561	13.1206
348.0	0.0	0.0386657	0.0386657	0.877458	7.15458
349.0	0.0	-0.182303	0.182303	0.857949	7.9495
350.0	0.0	-0.248392	0.248392	0.883269	6.85602
351.0	0.0	0.290836	0.290836	0.923408	5.28147
352.0	0.0	0.13167	0.13167	0.810929	10.1462
353.0	0.0	-0.263106	0.263106	0.965629	3.81833
354.0	0.0	-0.490749	0.490749	0.947082	4.29179
355.0	0.0	0.448572	0.448572	0.880661	6.82341
356.0	0.0	0.715122	0.715122	0.879748	6.55331
357.0	0.0	-0.601314	0.601314	0.854793	7.74953
358.0	0.0	-0.166341	0.166341	0.906176	5.98378
359.0	0.0	-0.179283	0.179283	0.871036	7.39136
360.0	0.0	0.406825	0.406825	0.840311	8.5954
361.0	0.0	0.253899	0.253899	0.778196	11.7883
362.0	0.0	0.240886	0.240886	0.890324	6.57527
363.0	0.0	-0.261851	0.261851	0.820247	9.63601
364.0	0.0	-0.183362	0.183362	0.785061	11.4548
365.0	0.0	0.0128904	0.0128904	0.864959	7.68131
366.0	0.0	-0.266071	0.266071	0.808938	10.1861
367.0	0.0	-0.0950711	0.0950711	0.88442	6.86168
368.0	0.0	0.33639	0.33639	0.886872	6.65922
369.0	0.0	-0.426235	0.426235	0.870119	7.27874
370.0	0.0	0.52526	0.52526	0.831784	8.86981
371.0	0.0	-0.461021	0.461021	0.864689	7.47659
372.0	0.0	-0.461189	0.461189	0.824831	9.26231
373.0	0.0	0.172017	0.172017	0.889523	6.63544
374.0	0.0	0.416862	0.416862	0.826614	9.21983
375.0	0.0	0.256601	0.256601	0.893631	6.43605
376.0	0.0	0.753769	0.753769	0.829876	8.64959
377.0	0.0	0.705693	0.705693	0.839204	8.2979
378.0	0.0	0.580372	0.580372	0.822992	9.21648
379.0	0.0	0.172246	0.172246	0.782323	11.6056
380.0	0.0	0.397667	0.397667	0.860508	7.71071
381.0	0.0	0.0835668	0.0835668	0.8697	7.47311
382.0	0.0	-0.278361	0.278361	0.855874	7.99431
383.0	0.0	0.243449	0.243449	0.755517	13.0673
384.0	0.0	-0.15875	0.15875	0.877573	7.126
385.0	0.0	0.33986	0.33986	0.821754	9.51303
386.0	0.0	0.0212329	0.0212329	0.932646	5.02436
387.0	0.0	-0.440908	0.440908	0.753287	13.0362
388.0	0.0	-0.0658585	0.0658585	0.806791	10.3663
389.0	0.0	-0.412586	0.412586	0.844449	8.40371
390.0	0.0	-0.391613	0.391613	0.832008	8.98937
391.0	0.0	-0.174589	0.174589	0.916336	5.59548
392.0	0.0	-0.436824	0.436824	0.879052	6.89948
393.0	0.0	-0.326351	0.326351	0.981224	3.27538
394.0	0.0	0.150269	0.150269	0.87509	7.23157
395.0	0.0	-0.0156728	0.0156728	0.847927	8.42548
396.0	0.0	0.378835	0.378835	0.774697	11.8879
397.0	0.0	-0.263459	0.263459	0.832683	9.04722
398.0	0.0	0.0416459	0.0416459	0.879017	7.08998
399.0	0.0	-0.117	0.117	0.839962	8.77106
400.0	0.0	-0.390394	0.390394	0.782566	11.4525
401.0	0.0	-0.0899705	0.0899705	0.940688	4.73002
402.0	0.0	-0.105365	0.105365	0.885861	6.8012
403.0	0.0	0.329007	0.329007	0.807344	10.2241
404.0	0.0	-0.145913	0.145913	0.878586	7.08813
405.0	0.0	0.167644	0.167644	0.844397	8.55473
406.0	0.0	-0.154039	0.154039	0.909551	5.85843
407.0	0.0	0.219693	0.219693	0.81762	9.7849
408.0	0.0	-0.196153	0.196153	0.968221	3.75991
409.0	0.0	-0.307802	0.307802	0.891542	6.49053
410.0	0.0	0.229589	0.229589	0.914979	5.62516
411.0	0.0	0.164693	0.164693	0.721713	15.1774
412.0	0.0	-0.124802	0.124802	0.81884	9.76133
413.0	0.0	-0.179797	0.179797	0.852172	8.20353
414.0	0.0	-0.19725	0.19725	0.876565	7.15393
415.0	0.0	-0.507842	0.507842	0.872222	7.11423
416.0	0.0	-0.154574	0.154574	0.81959	9.71607
417.0	0.0	0.0621053	0.0621053	0.944429	4.60225
418.0	0.0	0.306048	0.306048	0.744616	13.6694
419.0	0.0	-0.120991	0.120991	0.809861	10.2021
420.0	0.0	-0.0723539	0.0723539	0.729182	14.7276
421.0	0.0	-0.072835	0.072835	0.841735	8.69919
422.0	0.0	0.493347	0.493347	0.798436	10.523
423.0	0.0	-0.581864	0.581864	0.829705	8.89983
424.0	0.0	0.154846	0.154846	0.861883	7.78884
425.0	0.0	-0.255178	0.255178	0.792284	11.0389
426.0	0.0	0.0832452	0.0832452	0.857915	7.97809
427.0	0.0	0.478014	0.478014	0.805542	10.1816
428.0	0.0	0.794848	0.794848	0.893279	5.89865
429.0	0.0	-0.376821	0.376821	0.952087	4.20983
430.0	0.0	-0.507057	0.507057	0.810656	9.89723
431.0	0.0	0.144828	0.144828	0.753399	13.2364
432.0	0.0	-0.0303479	0.0303479	0.838566	8.84842
433.0	0.0	0.00545399	0.00545399	0.923673	5.35181
434.0	0.0	0.38224	0.38224	0.836895	8.77161
435.0	0.0	0.0475215	0.0475215	0.905591	6.03091
436.0	0.0	-0.193386	0.193386	0.970536	3.68441
437.0	0.0	1.2705	1.2705	0.817399	8.13387
438.0	0.0	-0.0455143	0.0455143	0.841567	8.71021
439.0	0.0	-1.61609	1.61609	0.815957	7.18158
440.0	0.0	0.582981	0.582981	0.839941	8.42952
441.0	0.0	-0.688939	0.688939	0.861208	7.359
442.0	0.0	0.181392	0.181392	0.803246	10.5129
443.0	0.0	0.667212	0.667212	0.771067	11.7394
444.0	0.0	0.0944605	0.0944605	0.812416	10.0821
445.0	0.0	-0.70415	0.70415	0.817612	9.30213
446.0	0.0	0.0311795	0.0311795	0.909361	5.88764
447.0	0.0	0.53531	0.53531	0.859509	7.62258
448.0	0.0	-0.309539	0.309539	0.881591	6.89042
449.0	0.0	0.644927	0.644927	0.809699	9.77129
450.0	0.0	-0.224798	0.224798	0.887851	6.68183
451.0	0.0	-0.0912678	0.0912678	0.834896	9.00957
452.0	0.0	-0.328911	0.328911	0.900507	6.1248
453.0	0.0	0.0262175	0.0262175	0.716404	15.5569
454.0	0.0	0.711145	0.711145	0.887038	6.2666
455.0	0.0	0.308265	0.308265	0.81294	9.96208
456.0	0.0	-0.0463696	0.0463696	0.897586	6.34246
457.0	0.0	0.114084	0.114084	0.83387	9.05211
458.0	0.0	-0.578132	0.578132	0.896177	6.07379
459.0	0.0	-0.0850472	0.0850472	0.783908	11.5464
460.0	0.0	0.397139	0.397139	0.877133	7.01135
461.0	0.0	0.0374148	0.0374148	0.833676	9.07348
462.0	0.0	-0.30099	0.30099	0.816943	9.77171
463.0	0.0	-0.0296847	0.0296847	0.97897	3.4416
464.0	0.0	0.0266333	0.0266333	0.903006	6.13235
465.0	0.0	-0.0579073	0.0579073	0.862935	7.76475
466.0	0.0	-0.715682	0.715682	0.777325	11.3238
467.0	0.0	-0.173533	0.173533	0.906566	5.96644
468.0	0.0	0.831765	0.831765	0.819367	9.00949
469.0	0.0	0.394897	0.394897	0.819649	9.57028
470.0	0.0	-0.113589	0.113589	0.87935	7.0651
471.0	0.0	-0.203019	0.203019	0.826675	9.35898
472.0	0.0	0.060953	0.060953	0.799259	10.748
473.0	0.0	-0.514529	0.514529	0.847331	8.17676
474.0	0.0	-0.245015	0.245015	0.952193	4.28108
475.0	0.0	0.23233	0.23233	0.819381	9.69351
476.0	0.0	-0.151694	0.151694	0.936257	4.87363
477.0	0.0	-0.392577	0.392577	0.927652	5.06081
478.0	0.0	0.319283	0.319283	0.798501	10.6771
479.0	0.0	0.421315	0.421315	0.811919	9.9221
480.0	0.0	1.08453	1.08453	0.821769	8.3871
481.0	0.0	0.227618	0.227618	0.928642	5.12103
482.0	0.0	-0.0449236	0.0449236	0.789553	11.2531
483.0	0.0	0.419855	0.419855	0.787953	11.1401
484.0	0.0	-0.0990058	0.0990058	0.894945	6.4391
485.0	0.0	-0.0296015	0.0296015	0.810078	10.2064
486.0	0.0	-1.01464	1.01464	0.814129	8.89933
487.0	0.0	0.3637	0.3637	0.877815	7.00873
488.0	0.0	0.874166	0.874166	0.814392	9.16903
489.0	0.0	-0.989184	0.989184	0.824384	8.47273
490.0	0.0	-0.0907816	0.0907816	0.801029	10.6527
491.0	0.0	0.425858	0.425858	0.90747	5.78592
492.0	0.0	-0.258308	0.258308	0.862486	7.71921
493.0	0.0	-0.0585496	0.0585496	0.891659	6.57586
494.0	0.0	-0.344682	0.344682	0.774614	11.9209
495.0	0.0	-0.0553094	0.0553094	0.764555	12.6156
496.0	0.0	0.210691	0.210691	0.829846	9.20629
497.0	0.0	0.336516	0.336516	0.849323	8.24557
498.0	0.0	0.122006	0.122006	0.779251	11.7881
499.0	0.0	-0.138258	0.138258	0.852576	8.1994
500.0	0.0	0.586223	0.586223	0.840841	8.38498
501.0	0.0	-0.29199	0.29199	0.849695	8.25815
502.0	0.0	0.154414	0.154414	0.88315	6.89857
503.0	0.0	0.268109	0.268109	0.883719	6.82762
504.0	0.0	0.197601	0.197601	0.82414	9.4816
505.0	0.0	0.644699	0.644699	0.881114	6.59254
506.0	0.0	0.00329832	0.00329832	0.793997	11.0232
507.0	0.0	-0.0608428	0.0608428	0.8256	9.45026
508.0	0.0	-0.555657	0.555657	0.883791	6.58997
509.0	0.0	0.0451308	0.0451308	0.828642	9.30824
510.0	0.0	-0.276007	0.276007	0.882304	6.88089
511.0	0.0	0.379846	0.379846	0.965258	3.76314
512.0	0.0	-0.0466852	0.0466852	0.843944	8.60239
513.0	0.0	-0.0664873	0.0664873	0.84644	8.4877
514.0	0.0	-0.438402	0.438402	0.891183	6.40902
515.0	0.0	0.0725236	0.0725236	0.822822	9.58098
516.0	0.0	0.684982	0.684982	0.888531	6.24304
517.0	0.0	-0.305008	0.305008	0.86905	7.41329
518.0	0.0	0.466366	0.466366	0.865332	7.44429
519.0	0.0	0.0334849	0.0334849	0.818721	9.78281
520.0	0.0	0.136246	0.136246	0.736431	14.2588
521.0	0.0	0.632595	0.632595	0.806804	9.93094
522.0	0.0	0.400918	0.400918	0.843314	8.46463
523.0	0.0	0.0967115	0.0967115	0.815296	9.94036
524.0	0.0	-0.451279	0.451279	0.862781	7.56691
525.0	0.0	0.0147698	0.0147698	0.877463	7.15565
526.0	0.0	-0.389763	0.389763	0.858903	7.78625
527.0	0.0	0.445677	0.445677	0.864267	7.50866
528.0	0.0	0.712186	0.712186	0.914388	5.21515
529.0	0.0	0.287181	0.287181	0.869783	7.39308
530.0	0.0	-0.748728	0.748728	0.808172	9.6891
531.0	0.0	-0.0517997	0.0517997	0.905844	6.02075
532.0	0.0	-0.23871	0.23871	0.842175	8.62484
533.0	0.0	-0.555067	0.555067	0.822792	9.25667
534.0	0.0	-0.202466	0.202466	0.835998	8.92399
535.0	0.0	0.402513	0.402513	0.90111	6.0491
536.0	0.0	-0.37125	0.37125	0.807236	10.197
537.0	0.0	0.545495	0.545495	0.798292	10.4703
538.0	0.0	-0.0244151	0.0244151	0.89527	6.43527
539.0	0.0	-0.149414	0.149414	0.793968	10.9996
540.0	0.0	-0.0714457	0.0714457	0.864394	7.70042
541.0	0.0	-0.375291	0.375291	0.889326	6.5335
542.0	0.0	-0.72624	0.72624	0.830865	8.64688
543.0	0.0	0.0806583	0.0806583	0.882046	6.96093
544.0	0.0	0.0879736	0.0879736	0.912748	5.75242
545.0	0.0	0.257148	0.257148	0.817046	9.79328
546.0	0.0	0.332648	0.332648	0.892203	6.44865
547.0	0.0	-0.240749	0.240749	0.850164	8.26573
548.0	0.0	-0.100007	0.100007	0.85392	8.14967
549.0	0.0	0.176328	0.176328	0.827106	9.3495
550.0	0.0	-0.445418	0.445418	0.817203	9.6422
551.0	0.0	0.304001	0.304001	0.759771	12.7826
552.0	0.0	-0.181128	0.181128	0.829446	9.23748
553.0	0.0	-0.118521	0.118521	0.789553	11.2395
554.0	0.0	-0.0373284	0.0373284	0.947685	4.49081
555.0	0.0	-0.0552792	0.0552792	0.851838	8.24866
556.0	0.0	0.628644	0.628644	0.824933	9.06265
557.0	0.0	0.220363	0.220363	0.847198	8.40761
558.0	0.0	-0.127129	0.127129	0.828887	9.28157
559.0	0.0	-0.217342	0.217342	0.822809	9.53627
560.0	0.0	0.219433	0.219433	0.896039	6.35827
561.0	0.0	-0.748491	0.748491	0.783498	10.9418
562.0	0.0	-0.0841082	0.0841082	0.845728	8.51688
563.0	0.0	-0.0322044	0.0322044	0.813334	10.0456
564.0	0.0	0.214144	0.214144	0.813244	10.0009
565.0	0.0	-0.277551	0.277551	0.787343	11.2845
566.0	0.0	0.198123	0.198123	0.883436	6.87158
567.0	0.0	-0.395037	0.395037	0.959291	3.95222
568.0	0.0	-0.470369	0.470369	0.905135	5.83676
569.0	0.0	0.0189653	0.0189653	0.852604	8.21762
570.0	0.0	0.481971	0.481971	0.905927	5.79582
571.0	0.0	0.0553494	0.0553494	0.798193	10.8033
572.0	0.0	-0.864596	0.864596	0.919262	4.8107
573.0	0.0	0.0984299	0.0984299	0.82995	9.23857
574.0	0.0	-0.0608358	0.0608358	0.844669	8.56806
575.0	0.0	0.594266	0.594266	0.832484	8.75585
576.0	0.0	0.417787	0.417787	0.861828	7.63732
577.0	0.0	0.0688351	0.0688351	0.855049	8.10551
578.0	0.0	-0.0653876	0.0653876	0.819974	9.71885
579.0	0.0	-0.0350106	0.0350106	0.879501	7.07058
580.0	0.0	0.108302	0.108302	0.942562	4.66053
581.0	0.0	0.309357	0.309357	0.915997	5.54587
582.0	0.0	-0.143772	0.143772	0.783174	11.5703
583.0	0.0	-0.23287	0.23287	0.806758	10.3129
584.0	0.0	-0.0950378	0.0950378	0.865846	7.63443
585.0	0.0	0.714448	0.714448	0.741512	13.3537
586.0	0.0	-0.178973	0.178973	0.854897	8.08396
587.0	0.0	-0.198973	0.198973	0.840951	8.69872
588.0	0.0	-0.504548	0.504548	0.738391	13.8506
589.0	0.0	0.689085	0.689085	0.904168	5.63012
590.0	0.0	0.301328	0.301328	0.838579	8.75289
591.0	0.0	0.029382	0.029382	0.93222	5.03932
592.0	0.0	0.126762	0.126762	0.932934	4.99931
593.0	0.0	0.203566	0.203566	0.895914	6.36977
594.0	0.0	0.316463	0.316463	0.879233	6.98256
595.0	0.0	0.0752045	0.0752045	0.914203	5.69944
596.0	0.0	-0.0331345	0.0331345	0.848756	8.38758
597.0	0.0	-0.387952	0.387952	0.90428	5.93783
598.0	0.0	-0.268672	0.268672	0.807129	10.2746
599.0	0.0	-0.637277	0.637277	0.770749	11.8017
600.0	0.0	0.24406	0.24406	0.825692	9.38583
601.0	0.0	-0.558604	0.558604	0.802245	10.2547
602.0	0.0	0.0931339	0.0931339	0.859231	7.91913
603.0	0.0	-0.304124	0.304124	0.777438	11.7972
604.0	0.0	-0.743378	0.743378	0.870912	6.87391
605.0	0.0	0.790242	0.790242	0.892855	5.92224
606.0	0.0	0.146037	0.146037	0.788785	11.2716
607.0	0.0	-0.245498	0.245498	0.775703	11.9289
608.0	0.0	0.0397034	0.0397034	0.903758	6.10237
609.0	0.0	0.368994	0.368994	0.865134	7.5353
610.0	0.0	-0.219558	0.219558	0.852401	8.17694
611.0	0.0	-0.410133	0.410133	0.900228	6.0773
612.0	0.0	0.0577323	0.0577323	0.952294	4.32953
613.0	0.0	-0.413598	0.413598	0.848532	8.22064
614.0	0.0	-0.132811	0.132811	0.961474	4.00402
615.0	0.0	0.478598	0.478598	0.850009	8.09519
616.0	0.0	0.13712	0.13712	0.910757	5.81729
617.0	0.0	0.236136	0.236136	0.930732	5.04156
618.0	0.0	-0.0606238	0.0606238	0.85645	8.04531
619.0	0.0	0.183957	0.183957	0.855744	8.045
620.0	0.0	-0.35537	0.35537	0.765022	12.4446
621.0	0.0	-0.121787	0.121787	0.823391	9.54345
622.0	0.0	0.536558	0.536558	0.880258	6.75372
623.0	0.0	-0.0640059	0.0640059	0.871918	7.38271
624.0	0.0	0.450599	0.450599	0.843449	8.41437
625.0	0.0	-0.544734	0.544734	0.811763	9.79986
626.0	0.0	0.268682	0.268682	0.738746	14.051
627.0	0.0	0.0700349	0.0700349	0.955886	4.20501
628.0	0.0	-0.0227745	0.0227745	0.881996	6.96894
629.0	0.0	-0.364286	0.364286	0.844966	8.41969
630.0	0.0	-0.0651805	0.0651805	0.973881	3.60421
631.0	0.0	-0.302989	0.302989	0.862366	7.69872
632.0	0.0	0.374976	0.374976	0.771963	12.0413
633.0	0.0	-0.193673	0.193673	0.822732	9.55046
634.0	0.0	0.0782517	0.0782517	0.819023	9.76275
635.0	0.0	-0.279876	0.279876	0.959439	4.01762
636.0	0.0	-0.0295645	0.0295645	0.829986	9.24631
637.0	0.0	-0.0447301	0.0447301	0.769651	12.3305
638.0	0.0	-0.323132	0.323132	0.827277	9.26282
639.0	0.0	0.686951	0.686951	0.866004	7.15916
640.0	0.0	-0.0501334	0.0501334	0.846801	8.4735
641.0	0.0	0.0887947	0.0887947	0.876351	7.19402
642.0	0.0	-0.188381	0.188381	0.797942	10.7799
643.0	0.0	0.029417	0.029417	0.904916	6.05831
644.0	0.0	0.307804	0.307804	0.9255	5.19514
645.0	0.0	0.492858	0.492858	0.86402	7.4742
646.0	0.0	-0.31195	0.31195	0.756686	12.9544
647.0	0.0	-0.279205	0.279205	0.78478	11.4192
648.0	0.0	-0.325779	0.325779	0.780495	11.6163
649.0	0.0	0.0789687	0.0789687	0.815416	9.93789
650.0	0.0	-0.0131787	0.0131787	0.872093	7.37933
651.0	0.0	-0.430046	0.430046	0.912218	5.60253
652.0	0.0	-0.105005	0.105005	0.85015	8.3152
653.0	0.0	-0.0863	0.0863	0.863636	7.73048
654.0	0.0	0.280464	0.280464	0.784486	11.4341
655.0	0.0	-0.355315	0.355315	0.886454	6.6631
656.0	0.0	0.183822	0.183822	0.959103	4.06941
657.0	0.0	0.0461497	0.0461497	0.935704	4.91291
658.0	0.0	-0.212288	0.212288	0.91764	5.53276
659.0	0.0	0.388823	0.388823	0.806084	10.2397
660.0	0.0	-0.154422	0.154422	0.919037	5.5009
661.0	0.0	0.190003	0.190003	0.82188	9.59275
662.0	0.0	-0.34876	0.34876	0.838631	8.71798
663.0	0.0	0.452556	0.452556	0.888001	6.52343
664.0	0.0	-0.214097	0.214097	0.913829	5.675
665.0	0.0	0.197385	0.197385	0.87199	7.34444
666.0	0.0	0.278508	0.278508	0.822487	9.51894
667.0	0.0	-0.521961	0.521961	0.864419	7.42731
668.0	0.0	-0.0259408	0.0259408	0.892038	6.56346
669.0	0.0	-0.0347792	0.0347792	0.864023	7.72028
670.0	0.0	-0.5271	0.5271	0.787743	11.0366
671.0	0.0	0.377223	0.377223	0.890939	6.46777
672.0	0.0	0.607093	0.607093	0.756629	12.6372
673.0	0.0	0.122816	0.122816	0.824564	9.48726
674.0	0.0	-0.252806	0.252806	0.925652	5.21867
675.0	0.0	-0.5763	0.5763	0.871709	7.06116
676.0	0.0	-0.41761	0.41761	0.83014	9.0539
677.0	0.0	0.78076	0.78076	0.836678	8.29578
678.0	0.0	-0.718173	0.718173	0.847378	7.91546
679.0	0.0	-0.183561	0.183561	0.914656	5.65549
680.0	0.0	-0.154448	0.154448	0.85234	8.20489
681.0	0.0	0.100169	0.100169	0.857598	7.98867
682.0	0.0	0.3844	0.3844	0.89066	6.47349
683.0	0.0	0.322218	0.322218	0.864353	7.60145
684.0	0.0	-0.365922	0.365922	0.879687	6.93026
685.0	0.0	0.400628	0.400628	0.690077	17.1554
686.0	0.0	0.115472	0.115472	0.805109	10.4407
687.0	0.0	0.0770565	0.0770565	0.778049	11.8636
688.0	0.0	0.0446211	0.0446211	0.961823	4.00648
689.0	0.0	0.458462	0.458462	0.931525	4.8684
690.0	0.0	0.0859544	0.0859544	0.871195	7.40973
691.0	0.0	-0.241067	0.241067	0.948855	4.39801
692.0	0.0	-0.319432	0.319432	0.817125	9.75045
693.0	0.0	0.238507	0.238507	0.860103	7.83188
694.0	0.0	0.426797	0.426797	0.857465	7.8175
695.0	0.0	0.0811654	0.0811654	0.781332	11.6853
696.0	0.0	-0.0689071	0.0689071	0.832919	9.10512
697.0	0.0	-0.237309	0.237309	0.807558	10.2706
698.0	0.0	-0.0279866	0.0279866	0.866708	7.60616
699.0	0.0	-0.100994	0.100994	0.818475	9.78484
700.0	0.0	-0.253175	0.253175	0.812165	10.034
701.0	0.0	0.105926	0.105926	0.813507	10.0259
702.0	0.0	0.576527	0.576527	0.862486	7.44869
703.0	0.0	0.622063	0.622063	0.9166	5.24677
704.0	0.0	0.31551	0.31551	0.899937	6.15541
705.0	0.0	0.25496	0.25496	0.799386	10.6731
706.0	0.0	0.425332	0.425332	0.831438	8.98655
707.0	0.0	0.147011	0.147011	0.857495	7.98125
708.0	0.0	0.167562	0.167562	0.810312	10.1649
709.0	0.0	0.476556	0.476556	0.872019	7.1536
710.0	0.0	-0.606479	0.606479	0.904765	5.70993
711.0	0.0	0.529111	0.529111	0.843864	8.31556
712.0	0.0	0.0851644	0.0851644	0.786294	11.4193
713.0	0.0	0.0629529	0.0629529	0.776461	11.9525
714.0	0.0	-0.546311	0.546311	0.926847	4.95465
715.0	0.0	0.355657	0.355657	0.888866	6.56604
716.0	0.0	0.143643	0.143643	0.848924	8.35972
717.0	0.0	-0.448817	0.448817	0.900193	6.04643
718.0	0.0	0.607674	0.607674	0.853525	7.79673
719.0	0.0	0.461756	0.461756	0.892573	6.33335
720.0	0.0	-0.877173	0.877173	0.881556	6.22753
721.0	0.0	0.0816091	0.0816091	0.864029	7.71445
722.0	0.0	-0.027021	0.027021	0.841622	8.70913
723.0	0.0	0.119938	0.119938	0.839998	8.7687
724.0	0.0	0.0701177	0.0701177	0.970811	3.70446
725.0	0.0	0.280728	0.280728	0.946909	4.4465
726.0	0.0	0.134398	0.134398	0.830191	9.2183
727.0	0.0	0.181674	0.181674	0.825052	9.44476
728.0	0.0	0.175284	0.175284	0.816881	9.83981
729.0	0.0	-0.449128	0.449128	0.894009	6.28792
730.0	0.0	-0.237858	0.237858	0.8908	6.55773
731.0	0.0	-0.125276	0.125276	0.80202	10.5941
732.0	0.0	0.357054	0.357054	0.872746	7.22352
733.0	0.0	-0.179714	0.179714	0.812298	10.0623
734.0	0.0	-0.110747	0.110747	0.903943	6.08482
735.0	0.0	-0.395141	0.395141	0.921648	5.27856
736.0	0.0	-0.313565	0.313565	0.820532	9.59012
737.0	0.0	-0.32989	0.32989	0.860527	7.76034
738.0	0.0	-0.438322	0.438322	0.812117	9.89643
739.0	0.0	-1.0844	1.0844	0.883048	5.7746
740.0	0.0	-0.293158	0.293158	0.894593	6.37826
741.0	0.0	-0.11564	0.11564	0.904682	6.05519
742.0	0.0	0.272605	0.272605	0.997763	2.7824
743.0	0.0	-0.145865	0.145865	0.830053	9.22132
744.0	0.0	-0.154217	0.154217	0.837373	8.87894
745.0	0.0	0.196811	0.196811	0.821066	9.62893
746.0	0.0	0.215096	0.215096	0.85671	7.99004
747.0	0.0	0.528612	0.528612	0.822817	9.28621
748.0	0.0	1.01457	1.01457	0.87341	6.30115
749.0	0.0	0.137641	0.137641	0.79786	10.8026
750.0	0.0	-0.159997	0.159997	0.890875	6.58528
751.0	0.0	-0.096246	0.096246	0.969201	3.75374
752.0	0.0	-0.141808	0.141808	0.914919	5.65861
753.0	0.0	0.101912	0.101912	0.901209	6.19273
754.0	0.0	-0.146973	0.146973	0.895307	6.41319
755.0	0.0	-0.380109	0.380109	0.883086	6.78116
756.0	0.0	0.277091	0.277091	0.869024	7.43085
757.0	0.0	-0.528952	0.528952	0.873594	7.03538
758.0	0.0	0.343703	0.343703	0.891343	6.47544
759.0	0.0	-0.174024	0.174024	0.877606	7.11956
760.0	0.0	0.162991	0.162991	0.72014	15.28
761.0	0.0	0.154489	0.154489	0.831442	9.1536
762.0	0.0	-0.306093	0.306093	0.920601	5.37642
763.0	0.0	-0.479896	0.479896	0.918043	5.3416
764.0	0.0	0.514224	0.514224	0.937629	4.60054
765.0	0.0	0.291374	0.291374	0.79726	10.7596
766.0	0.0	-0.316428	0.316428	0.710673	15.8105
767.0	0.0	0.0187548	0.0187548	0.863563	7.7409
768.0	0.0	0.145029	0.145029	0.840501	8.73873
769.0	0.0	0.237765	0.237765	0.83724	8.85039
770.0	0.0	-0.0533437	0.0533437	0.842463	8.66873
771.0	0.0	-0.735791	0.735791	0.93622	4.3949
772.0	0.0	-0.0587523	0.0587523	0.848235	8.40837
773.0	0.0	-0.501299	0.501299	0.836541	8.67691
774.0	0.0	0.480212	0.480212	0.91397	5.49312
775.0	0.0	-0.100023	0.100023	0.890904	6.59952
776.0	0.0	0.40073	0.40073	0.857255	7.84872
777.0	0.0	-0.579948	0.579948	0.828652	8.95119
778.0	0.0	-0.413786	0.413786	0.902016	6.00509
779.0	0.0	-0.0480534	0.0480534	0.8815	6.98745
780.0	0.0	0.155142	0.155142	0.814851	9.94604
781.0	0.0	-0.399018	0.399018	0.842741	8.49207
782.0	0.0	0.0701341	0.0701341	0.923937	5.33746
783.0	0.0	0.0697966	0.0697966	0.742624	13.8971
784.0	0.0	0.11595	0.11595	0.928801	5.1514
785.0	0.0	0.289268	0.289268	0.872191	7.29088
786.0	0.0	0.187135	0.187135	0.926166	5.22717
787.0	0.0	-0.527231	0.527231	0.835137	8.71312
788.0	0.0	0.29881	0.29881	0.879519	6.98172
789.0	0.0	0.292666	0.292666	0.750597	13.3235
790.0	0.0	0.09648	0.09648	0.914719	5.67652
791.0	0.0	0.845377	0.845377	0.78367	10.7597
792.0	0.0	-0.0672326	0.0672326	0.916703	5.60656
793.0	0.0	-0.208141	0.208141	0.930392	5.06553
794.0	0.0	-0.21509	0.21509	0.862558	7.73703
795.0	0.0	-0.040526	0.040526	0.878619	7.10649
796.0	0.0	0.314316	0.314316	0.80071	10.5681
797.0	0.0	-0.276479	0.276479	0.904896	5.98579
798.0	0.0	0.559567	0.559567	0.889181	6.36997
799.0	0.0	0.0367801	0.0367801	0.843592	8.61918
800.0	0.0	-0.060656	0.060656	0.904483	6.07229
801.0	0.0	-0.264033	0.264033	0.785946	11.3667
802.0	0.0	-0.38147	0.38147	0.879945	6.90811
803.0	0.0	0.0266097	0.0266097	0.871691	7.39566
804.0	0.0	-0.197487	0.197487	0.94992	4.37872
805.0	0.0	0.10509	0.10509	0.806607	10.3681
806.0	0.0	-0.172788	0.172788	0.840509	8.72909
807.0	0.0	0.455328	0.455328	0.852534	8.00654
808.0	0.0	0.8709	0.8709	0.753773	12.3439
809.0	0.0	0.508417	0.508417	0.854938	7.84887
810.0	0.0	-0.375843	0.375843	0.884015	6.74668
811.0	0.0	0.0879201	0.0879201	0.82236	9.60044
812.0	0.0	0.709673	0.709673	0.832733	8.58606
813.0	0.0	0.0671772	0.0671772	0.768417	12.3965
814.0	0.0	-0.0427453	0.0427453	0.861772	7.81635
815.0	0.0	0.47801	0.47801	0.846056	8.27112
816.0	0.0	0.53281	0.53281	0.779046	11.4912
817.0	0.0	0.517721	0.517721	0.831201	8.90513
818.0	0.0	-0.0559905	0.0559905	0.899495	6.26668
819.0	0.0	-0.311545	0.311545	0.91422	5.61125
820.0	0.0	-0.674887	0.674887	0.869494	7.02973
821.0	0.0	0.278042	0.278042	0.892479	6.47046
822.0	0.0	0.803036	0.803036	0.840252	8.09849
823.0	0.0	-0.0839133	0.0839133	0.874717	7.26276
824.0	0.0	-0.692351	0.692351	0.85338	7.69041
825.0	0.0	-0.430556	0.430556	0.866504	7.42721
826.0	0.0	-0.242324	0.242324	0.863129	7.69979
827.0	0.0	-0.299563	0.299563	0.903622	6.02202
828.0	0.0	-0.400777	0.400777	0.838296	8.69222
829.0	0.0	0.685129	0.685129	0.857196	7.53579
830.0	0.0	-0.324066	0.324066	0.807166	10.2366
831.0	0.0	-0.00381758	0.00381758	0.934134	4.9712
832.0	0.0	-0.785608	0.785608	0.833311	8.44071
833.0	0.0	0.164454	0.164454	0.78212	11.6195
834.0	0.0	-0.300443	0.300443	0.948769	4.37145
835.0	0.0	0.185802	0.185802	0.892338	6.51818
836.0	0.0	0.13371	0.13371	0.808443	10.269
837.0	0.0	-0.35297	0.35297	0.800818	10.534
838.0	0.0	-0.468857	0.468857	0.856644	7.81444
839.0	0.0	-0.446266	0.446266	0.884056	6.68766
840.0	0.0	0.620327	0.620327	0.816576	9.47109
841.0	0.0	0.328237	0.328237	0.857625	7.88695
842.0	0.0	0.225054	0.225054	0.777613	11.8359
843.0	0.0	0.00643965	0.00643965	0.875908	7.22029
844.0	0.0	0.373421	0.373421	0.820854	9.53027
845.0	0.0	-0.494917	0.494917	0.798017	10.5427
846.0	0.0	-0.655041	0.655041	0.871144	6.98757
847.0	0.0	-0.0544777	0.0544777	0.812605	10.0793
848.0	0.0	-0.740763	0.740763	0.812386	9.49669
849.0	0.0	-0.306845	0.306845	0.872264	7.27726
850.0	0.0	0.00560645	0.00560645	0.933543	4.99243
851.0	0.0	0.238017	0.238017	0.842603	8.60582
852.0	0.0	0.123716	0.123716	0.848939	8.36458
853.0	0.0	0.0708706	0.0708706	0.852156	8.23257
854.0	0.0	0.269108	0.269108	0.78493	11.4176
855.0	0.0	0.45882	0.45882	0.818838	9.55033
856.0	0.0	0.0105885	0.0105885	0.782469	11.6315
857.0	0.0	-0.406682	0.406682	0.884013	6.72284
858.0	0.0	-0.182187	0.182187	0.821696	9.60469
859.0	0.0	-0.294645	0.294645	0.855042	8.02104
860.0	0.0	0.171023	0.171023	0.906799	5.95833
861.0	0.0	0.0515109	0.0515109	0.885033	6.84317
862.0	0.0	-0.266977	0.266977	0.856429	7.97651
863.0	0.0	0.370113	0.370113	0.932049	4.91796
864.0	0.0	-0.0668599	0.0668599	0.748688	13.5339
865.0	0.0	-0.230202	0.230202	0.837106	8.86032
866.0	0.0	0.211311	0.211311	0.825972	9.38857
867.0	0.0	0.523292	0.523292	0.839776	8.50608
868.0	0.0	-0.0750758	0.0750758	0.854373	8.13427
869.0	0.0	0.105794	0.105794	0.819527	9.73291
870.0	0.0	0.207577	0.207577	0.936961	4.82978
871.0	0.0	0.336623	0.336623	0.869765	7.36265
872.0	0.0	-1.06237	1.06237	0.857887	6.84331
873.0	0.0	0.267893	0.267893	0.889625	6.58967
874.0	0.0	-0.502287	0.502287	0.907341	5.72266
875.0	0.0	-0.386738	0.386738	0.910944	5.68452
876.0	0.0	-0.214226	0.214226	0.776997	11.8749
877.0	0.0	0.121488	0.121488	0.77111	12.2346
878.0	0.0	-0.232799	0.232799	0.858239	7.91536
879.0	0.0	-0.395193	0.395193	0.886816	6.61892
880.0	0.0	-0.283507	0.283507	0.820902	9.59177
881.0	0.0	-0.625732	0.625732	0.950768	4.02785
882.0	0.0	1.4866	1.4866	0.761553	10.2681
883.0	0.0	-0.201607	0.201607	0.80064	10.6363
884.0	0.0	-0.0501664	0.0501664	0.904455	6.07448
885.0	0.0	0.641467	0.641467	0.855972	7.64749
886.0	0.0	-0.390044	0.390044	0.8555	7.93374
887.0	0.0	0.916389	0.916389	0.788015	10.3952
888.0	0.0	0.0290766	0.0290766	0.76386	12.6575
889.0	0.0	-0.044065	0.044065	0.919731	5.49595
890.0	0.0	0.343969	0.343969	0.856697	7.91641
891.0	0.0	0.718483	0.718483	0.934251	4.48746
892.0	0.0	0.767357	0.767357	0.926454	4.69819
893.0	0.0	0.235745	0.235745	0.828878	9.23977
894.0	0.0	0.0447148	0.0447148	0.861704	7.81911
895.0	0.0	-0.067931	0.067931	0.784009	11.544
896.0	0.0	-0.175068	0.175068	0.867409	7.54596
897.0	0.0	0.408918	0.408918	0.688119	17.2869
898.0	0.0	-0.497025	0.497025	0.886985	6.5225
899.0	0.0	-0.0357104	0.0357104	0.870691	7.43712
900.0	0.0	-0.0469074	0.0469074	0.874283	7.28572
901.0	0.0	-0.855458	0.855458	0.939703	4.09928
902.0	0.0	0.0847249	0.0847249	0.880569	7.02074
903.0	0.0	-0.0546014	0.0546014	0.889742	6.65295
904.0	0.0	-0.244531	0.244531	0.826475	9.34849
905.0	0.0	-0.311431	0.311431	0.85406	8.05352
906.0	0.0	-0.0642044	0.0642044	0.788975	11.2811
907.0	0.0	0.495079	0.495079	0.876839	6.93616
908.0	0.0	0.133488	0.133488	0.769746	12.3068
909.0	0.0	0.11052	0.11052	0.872643	7.34413
910.0	0.0	0.406177	0.406177	0.913659	5.5674
911.0	0.0	0.474926	0.474926	0.894686	6.23801
912.0	0.0	0.0370354	0.0370354	0.852583	8.2175
913.0	0.0	0.781496	0.781496	0.872247	6.76107
914.0	0.0	0.359714	0.359714	0.885687	6.69087
915.0	0.0	0.085223	0.085223	0.82231	9.60333
916.0	0.0	0.211158	0.211158	0.872829	7.30364
917.0	0.0	0.485667	0.485667	0.738904	13.8421
918.0	0.0	-0.503342	0.503342	0.864072	7.46142
919.0	0.0	0.488236	0.488236	0.831897	8.90432
920.0	0.0	0.099847	0.099847	0.821521	9.63822
921.0	0.0	-0.272334	0.272334	0.80916	10.1714
922.0	0.0	-0.0298512	0.0298512	0.896666	6.3799
923.0	0.0	0.13261	0.13261	0.848142	8.39776
924.0	0.0	-0.314638	0.314638	0.937506	4.75834
925.0	0.0	0.353596	0.353596	0.872668	7.22926
926.0	0.0	-0.671147	0.671147	0.862186	7.34193
927.0	0.0	-0.0494783	0.0494783	0.822111	9.61804
928.0	0.0	0.933384	0.933384	0.7708	11.268
929.0	0.0	-0.142933	0.142933	0.8452	8.52664
930.0	0.0	0.394796	0.394796	0.866126	7.47316
931.0	0.0	0.106759	0.106759	0.796079	10.9027
932.0	0.0	0.222713	0.222713	0.83473	8.97342
933.0	0.0	0.466641	0.466641	0.887143	6.54502
934.0	0.0	0.0718097	0.0718097	0.951807	4.34465
935.0	0.0	-0.196881	0.196881	0.84534	8.50113
936.0	0.0	-0.357208	0.357208	0.933711	4.86708
937.0	0.0	0.081876	0.081876	0.789031	11.2752
938.0	0.0	-0.112574	0.112574	0.909107	5.88602
939.0	0.0	0.408097	0.408097	0.992194	2.87534
940.0	0.0	0.538154	0.538154	0.700093	16.2849
941.0	0.0	0.121693	0.121693	0.886265	6.7812
942.0	0.0	0.059772	0.059772	0.890399	6.62606
943.0	0.0	0.171908	0.171908	0.89122	6.56759
944.0	0.0	0.266566	0.266566	0.812761	9.99706
945.0	0.0	-0.546905	0.546905	0.864426	7.40003
946.0	0.0	-0.531397	0.531397	0.85733	7.72067
947.0	0.0	0.942752	0.942752	0.778876	10.8169
948.0	0.0	-0.518241	0.518241	0.774784	11.7393
949.0	0.0	0.544116	0.544116	0.906509	5.71232
950.0	0.0	0.255468	0.255468	0.938612	4.75044
951.0	0.0	0.19874	0.19874	0.818032	9.77444
952.0	0.0	0.194961	0.194961	0.82134	9.61657
953.0	0.0	-0.353038	0.353038	0.883724	6.77497
954.0	0.0	-0.413344	0.413344	0.872938	7.1719
955.0	0.0	-0.465777	0.465777	0.859698	7.68545
956.0	0.0	-0.0902594	0.0902594	0.791926	11.1218
957.0	0.0	0.157161	0.157161	0.9202	5.45686
958.0	0.0	-0.24067	0.24067	0.859964	7.83682
959.0	0.0	0.344832	0.344832	0.803431	10.4083
960.0	0.0	-0.280522	0.280522	0.892023	6.48722
961.0	0.0	-0.384335	0.384335	0.941708	4.56474
962.0	0.0	0.778323	0.778323	0.864376	7.09308
963.0	0.0	-0.0488498	0.0488498	0.851351	8.2709
964.0	0.0	-0.372116	0.372116	0.780676	11.5696
965.0	0.0	-0.398091	0.398091	0.826789	9.22793
966.0	0.0	0.102198	0.102198	0.981096	3.36448
967.0	0.0	-0.0692194	0.0692194	0.839724	8.79132
968.0	0.0	-0.0474413	0.0474413	0.879371	7.0749
969.0	0.0	0.268836	0.268836	0.843615	8.54371
970.0	0.0	0.23201	0.23201	0.846717	8.4236
971.0	0.0	0.87773	0.87773	0.778945	10.9459
972.0	0.0	-0.217109	0.217109	0.925137	5.25341
973.0	0.0	0.511035	0.511035	0.879288	6.81982
974.0	0.0	-0.883701	0.883701	0.853933	7.36003
975.0	0.0	0.610399	0.610399	0.868214	7.1663
976.0	0.0	-0.250379	0.250379	0.836436	8.88085
977.0	0.0	-0.496437	0.496437	0.91577	5.41079
978.0	0.0	-0.266266	0.266266	0.848371	8.33194
979.0	0.0	-0.363079	0.363079	0.877427	7.02517
980.0	0.0	-0.550359	0.550359	0.859128	7.62228
981.0	0.0	0.291496	0.291496	0.91347	5.65103
982.0	0.0	0.492456	0.492456	0.893362	6.27356
983.0	0.0	0.00982749	0.00982749	0.922789	5.38435
984.0	0.0	0.446013	0.446013	0.794186	10.7902
985.0	0.0	0.430581	0.430581	0.90044	6.05237
986.0	0.0	-0.309765	0.309765	0.908886	5.81416
987.0	0.0	0.0418794	0.0418794	0.946306	4.53853
988.0	0.0	-0.454391	0.454391	0.842883	8.43625
989.0	0.0	-0.858215	0.858215	0.841182	7.96241
990.0	0.0	-0.0279518	0.0279518	0.849855	8.33896
991.0	0.0	-0.375684	0.375684	0.892284	6.41546
992.0	0.0	0.794841	0.794841	0.896612	5.76939
993.0	0.0	0.500056	0.500056	0.77512	11.7422
994.0	0.0	0.257242	0.257242	0.877109	7.10406
995.0	0.0	-0.383313	0.383313	0.893522	6.36078
996.0	0.0	-0.199396	0.199396	0.783626	11.5243
997.0	0.0	-0.0725643	0.0725643	0.81188	10.1125
998.0	0.0	0.155205	0.155205	0.964751	3.88829
999.0	0.0	-0.0772397	0.0772397	0.800054	10.7049
1000.0	0.0	-0.467124	0.467124	0.93402	4.7716
1001.0	0.0	-0.175031	0.175031	0.771873	12.1738
1002.0	0.0	0.127816	0.127816	0.915542	5.63883
1003.0	0.0	-0.253959	0.253959	0.930798	5.03095
1004.0	0.0	-0.398107	0.398107	0.852735	8.04815
1005.0	0.0	0.272217	0.272217	0.870264	7.38135
1006.0	0.0	-0.175579	0.175579	0.924869	5.27867
1007.0	0.0	-0.0964747	0.0964747	0.786189	11.4225
1008.0	0.0	-0.153787	0.153787	0.919263	5.4927
1009.0	0.0	-0.330418	0.330418	0.891463	6.47947
1010.0	0.0	-0.0943926	0.0943926	0.878081	7.12139
1011.0	0.0	0.092063	0.092063	0.953096	4.29725
1012.0	0.0	-0.351411	0.351411	0.799496	10.6024
1013.0	0.0	-0.00935333	0.00935333	0.962206	3.99531
1014.0	0.0	-0.0581827	0.0581827	0.746357	13.6742
1015.0	0.0	-0.177219	0.177219	0.905208	6.01743
1016.0	0.0	0.269919	0.269919	0.796976	10.7877
1017.0	0.0	0.498088	0.498088	0.757667	12.7196
1018.0	0.0	0.529055	0.529055	0.900905	5.94285
1019.0	0.0	-0.315218	0.315218	0.868747	7.41961
1020.0	0.0	0.330506	0.330506	0.82461	9.38373
1021.0	0.0	-0.29387	0.29387	0.85453	8.04392
1022.0	0.0	0.648574	0.648574	0.851178	7.84645
1023.0	0.0	0.0861448	0.0861448	0.932665	5.0171
1024.0	0.0	0.296164	0.296164	0.829686	9.16754
1025.0	0.0	-0.132527	0.132527	0.813467	10.0209
1026.0	0.0	0.451132	0.451132	0.810998	9.93891
1027.0	0.0	0.0618905	0.0618905	0.876997	7.1713
1028.0	0.0	0.00984676	0.00984676	0.83571	8.98068
1029.0	0.0	0.23797	0.23797	0.794076	10.9554
1030.0	0.0	0.278132	0.278132	0.967697	3.74234
1031.0	0.0	0.107812	0.107812	0.9013	6.18798
1032.0	0.0	0.733276	0.733276	0.798274	10.206
1033.0	0.0	-0.438371	0.438371	0.87253	7.16744
1034.0	0.0	-0.42092	0.42092	0.886409	6.61456
1035.0	0.0	-0.23696	0.23696	0.913145	5.69093
1036.0	0.0	-0.507368	0.507368	0.887069	6.50893
1037.0	0.0	0.671389	0.671389	0.876247	6.75576
1038.0	0.0	0.12824	0.12824	0.895122	6.42556
1039.0	0.0	0.616345	0.616345	0.888794	6.31993
1040.0	0.0	-0.371904	0.371904	0.841621	8.56457
1041.0	0.0	-0.173399	0.173399	0.846946	8.43821
1042.0	0.0	0.0043845	0.0043845	0.906975	5.97989
1043.0	0.0	-0.466869	0.466869	0.861398	7.61145
1044.0	0.0	-0.0752138	0.0752138	0.850431	8.30829
1045.0	0.0	0.414902	0.414902	0.854562	7.95406
1046.0	0.0	-0.557174	0.557174	0.839942	8.46024
1047.0	0.0	-0.08862	0.08862	0.792398	11.0975
1048.0	0.0	0.739002	0.739002	0.705722	15.5746
1049.0	0.0	1.07053	1.07053	0.833833	7.86921
1050.0	0.0	-0.0855664	0.0855664	0.948728	4.44912
1051.0	0.0	0.739632	0.739632	0.831517	8.59626
1052.0	0.0	0.184223	0.184223	0.822837	9.54927
1053.0	0.0	-0.0999483	0.0999483	0.867828	7.54923
1054.0	0.0	-0.312855	0.312855	0.93628	4.80299
1055.0	0.0	0.202318	0.202318	0.915149	5.63002
1056.0	0.0	-0.454356	0.454356	0.828151	9.11274
1057.0	0.0	-0.274301	0.274301	0.931386	4.99963
1058.0	0.0	-0.000839883	0.000839883	0.843152	8.64047
1059.0	0.0	0.53835	0.53835	0.893727	6.21302
1060.0	0.0	-0.279855	0.279855	0.828739	9.22197
1061.0	0.0	-0.0447322	0.0447322	0.801325	10.6446
1062.0	0.0	0.0700539	0.0700539	0.785785	11.449
1063.0	0.0	0.901321	0.901321	0.899315	5.49276
1064.0	0.0	-0.0557647	0.0557647	0.842998	8.6442
1065.0	0.0	0.121999	0.121999	0.913945	5.70031
1066.0	0.0	-0.605967	0.605967	0.827437	8.97512
1067.0	0.0	-0.150756	0.150756	0.919172	5.49696
1068.0	0.0	0.366574	0.366574	0.909139	5.76756
1069.0	0.0	0.0368068	0.0368068	0.878144	7.12637
1070.0	0.0	-0.480444	0.480444	0.852426	7.98705
1071.0	0.0	0.420987	0.420987	0.939824	4.60372
1072.0	0.0	-0.219236	0.219236	0.920881	5.40937
1073.0	0.0	-0.342941	0.342941	0.903701	5.99199
1074.0	0.0	-0.0283341	0.0283341	0.914745	5.68369
1075.0	0.0	0.234465	0.234465	0.742332	13.8539
1076.0	0.0	-0.130707	0.130707	0.813583	10.0158
1077.0	0.0	-0.141956	0.141956	0.758965	12.9144
1078.0	0.0	-0.764656	0.764656	0.805992	9.77001
1079.0	0.0	0.13845	0.13845	0.846468	8.47102
1080.0	0.0	0.0229612	0.0229612	0.964368	3.92239
1081.0	0.0	-0.153943	0.153943	0.874907	7.23805
1082.0	0.0	0.584871	0.584871	0.863235	7.40703
1083.0	0.0	-0.129286	0.129286	0.826559	9.39079
1084.0	0.0	0.34064	0.34064	0.834723	8.90327
1085.0	0.0	-0.24679	0.24679	0.863158	7.69631
1086.0	0.0	-0.233131	0.233131	0.818242	9.74815
1087.0	0.0	0.467226	0.467226	0.825186	9.23953
1088.0	0.0	0.380221	0.380221	0.890931	6.46584
1089.0	0.0	0.0586372	0.0586372	0.907868	5.94234
1090.0	0.0	0.163305	0.163305	0.95249	4.30142
1091.0	0.0	0.257202	0.257202	0.803623	10.457
1092.0	0.0	0.372185	0.372185	0.820922	9.52805
1093.0	0.0	0.270971	0.270971	0.824545	9.42533
1094.0	0.0	0.371374	0.371374	0.858605	7.81352
1095.0	0.0	0.951075	0.951075	0.763824	11.6109
1096.0	0.0	-0.193013	0.193013	0.847343	8.41292
1097.0	0.0	0.262528	0.262528	0.859147	7.86083
1098.0	0.0	-0.0164161	0.0164161	0.788895	11.2897
1099.0	0.0	-0.0494597	0.0494597	0.920492	5.46719
1100.0	0.0	1.42237	1.42237	0.723246	12.655
1101.0	0.0	-0.0697946	0.0697946	0.938351	4.8159
1102.0	0.0	0.0947294	0.0947294	0.861852	7.80556
1103.0	0.0	0.319446	0.319446	0.834545	8.92631
1104.0	0.0	-0.339028	0.339028	0.86494	7.56512
1105.0	0.0	-0.20533	0.20533	0.819511	9.70005
1106.0	0.0	-0.493213	0.493213	0.857217	7.76561
1107.0	0.0	-0.174516	0.174516	0.754083	13.1851
1108.0	0.0	0.0420226	0.0420226	0.860284	7.88063
1109.0	0.0	0.493374	0.493374	0.832699	8.86185
1110.0	0.0	-0.345331	0.345331	0.898024	6.21085
1111.0	0.0	0.252725	0.252725	0.867554	7.50604
1112.0	0.0	0.156952	0.156952	0.841382	8.69485
1113.0	0.0	-0.420136	0.420136	0.828844	9.1122
1114.0	0.0	-0.743276	0.743276	0.88997	6.10508
1115.0	0.0	0.242759	0.242759	0.781743	11.6033
1116.0	0.0	-0.156636	0.156636	0.787086	11.3577
1117.0	0.0	-0.39933	0.39933	0.889516	6.50757
1118.0	0.0	0.315708	0.315708	0.802007	10.5014
1119.0	0.0	-0.457904	0.457904	0.830171	9.01494
1120.0	0.0	0.341645	0.341645	0.882676	6.82541
1121.0	0.0	-0.448578	0.448578	0.884482	6.66838
1122.0	0.0	-0.532858	0.532858	0.923006	5.1081
1123.0	0.0	0.162165	0.162165	0.897105	6.33774
1124.0	0.0	-0.25945	0.25945	0.952187	4.27463
1125.0	0.0	-0.143384	0.143384	0.967536	3.79874
1126.0	0.0	0.49143	0.49143	0.873771	7.06636
1127.0	0.0	0.134831	0.134831	0.860853	7.83919
1128.0	0.0	0.212391	0.212391	0.945944	4.51116
1129.0	0.0	0.399158	0.399158	0.819881	9.55549
1130.0	0.0	0.0107832	0.0107832	0.806571	10.382
1131.0	0.0	0.278342	0.278342	0.808823	10.1845
1132.0	0.0	-0.378514	0.378514	0.872228	7.22925
1133.0	0.0	0.11129	0.11129	0.945385	4.56087
1134.0	0.0	0.139285	0.139285	0.904969	6.03826
1135.0	0.0	0.422816	0.422816	0.920892	5.28503
1136.0	0.0	-0.321157	0.321157	0.911721	5.69963
1137.0	0.0	0.21409	0.21409	0.8398	8.74454
1138.0	0.0	-0.00153632	0.00153632	0.841368	8.72143
1139.0	0.0	0.26153	0.26153	0.845659	8.45582
1140.0	0.0	0.803857	0.803857	0.782207	10.9132
1141.0	0.0	0.139024	0.139024	0.891607	6.56227
1142.0	0.0	1.11723	1.11723	0.786407	10.0282
1143.0	0.0	-0.0212001	0.0212001	0.838649	8.8451
1144.0	0.0	0.479601	0.479601	0.864454	7.46886
1145.0	0.0	0.0471654	0.0471654	0.814198	10.0018
1146.0	0.0	-0.035797	0.035797	0.983912	3.28223
1147.0	0.0	0.438749	0.438749	0.852353	8.02978
1148.0	0.0	-0.131169	0.131169	0.895583	6.40659
1149.0	0.0	0.296477	0.296477	0.867801	7.47122
1150.0	0.0	-0.235837	0.235837	0.774502	12.0
1151.0	0.0	0.355368	0.355368	0.799635	10.5922
1152.0	0.0	-0.155518	0.155518	0.946168	4.52265
1153.0	0.0	-0.632757	0.632757	0.854857	7.70705
1154.0	0.0	-0.163544	0.163544	0.871315	7.38509
1155.0	0.0	-0.0524793	0.0524793	0.836547	8.93923
1156.0	0.0	-0.257196	0.257196	0.93559	4.85719
1157.0	0.0	-0.276615	0.276615	0.871703	7.3185
1158.0	0.0	-0.292264	0.292264	0.820168	9.6216
1159.0	0.0	0.0269605	0.0269605	0.838779	8.83886
1160.0	0.0	0.00842497	0.00842497	0.887549	6.74398
1161.0	0.0	-0.37875	0.37875	0.852145	8.08962
1162.0	0.0	0.439151	0.439151	0.950883	4.20469
1163.0	0.0	0.469585	0.469585	0.869304	7.27375
1164.0	0.0	-0.306974	0.306974	0.884152	6.78784
1165.0	0.0	0.571307	0.571307	0.81553	9.58456
1166.0	0.0	0.0399894	0.0399894	0.750957	13.4031
1167.0	0.0	-0.364522	0.364522	0.829102	9.14668
1168.0	0.0	-0.122503	0.122503	0.821407	9.63827
1169.0	0.0	-0.0224015	0.0224015	0.826962	9.38913
1170.0	0.0	-0.400606	0.400606	0.782613	11.4408
1171.0	0.0	-0.535386	0.535386	0.889664	6.3767
1172.0	0.0	-0.427955	0.427955	0.862374	7.60515
1173.0	0.0	0.130667	0.130667	0.787055	11.3678
1174.0	0.0	-0.543667	0.543667	0.923462	5.08051
1175.0	0.0	0.00966841	0.00966841	0.8573	8.01193
1176.0	0.0	0.132606	0.132606	0.919967	5.47227
1177.0	0.0	-0.219074	0.219074	0.864836	7.63775
1178.0	0.0	-0.151882	0.151882	0.852839	8.18372
1179.0	0.0	0.0453701	0.0453701	0.799033	10.7614
1180.0	0.0	-0.324804	0.324804	0.772961	12.027
1181.0	0.0	-0.480547	0.480547	0.820472	9.44998
1182.0	0.0	0.142268	0.142268	0.826816	9.37485
1183.0	0.0	-0.269502	0.269502	0.858441	7.88762
1184.0	0.0	-0.513567	0.513567	0.869617	7.21703
1185.0	0.0	0.771534	0.771534	0.800422	10.035
1186.0	0.0	-0.273931	0.273931	0.927014	5.15842
1187.0	0.0	0.341196	0.341196	0.858195	7.85333
1188.0	0.0	0.14641	0.14641	0.835383	8.97314
1189.0	0.0	-0.306411	0.306411	0.875223	7.15429
1190.0	0.0	0.0107543	0.0107543	0.898262	6.31792
1191.0	0.0	0.183593	0.183593	0.895482	6.39439
1192.0	0.0	-0.723093	0.723093	0.84642	7.95039
1193.0	0.0	0.171388	0.171388	0.84481	8.53482
1194.0	0.0	0.34368	0.34368	0.826333	9.29265
1195.0	0.0	0.259076	0.259076	0.828	9.26868
1196.0	0.0	-0.338095	0.338095	0.84641	8.37424
1197.0	0.0	-0.149526	0.149526	0.82264	9.57121
1198.0	0.0	-0.756823	0.756823	0.739769	13.3834
1199.0	0.0	-0.305681	0.305681	0.911684	5.71035
1200.0	0.0	0.0745364	0.0745364	0.786702	11.3996
1201.0	0.0	-0.0640211	0.0640211	0.827559	9.35709
1202.0	0.0	0.630563	0.630563	0.869958	7.06834
1203.0	0.0	-0.0359897	0.0359897	0.896538	6.38455
1204.0	0.0	-0.254262	0.254262	0.800093	10.6375
1205.0	0.0	0.260984	0.260984	0.860267	7.81328
1206.0	0.0	0.801983	0.801983	0.885601	6.18954
1207.0	0.0	-0.0967619	0.0967619	0.922933	5.37026
1208.0	0.0	0.0421196	0.0421196	0.837097	8.91495
1209.0	0.0	-0.0381114	0.0381114	0.906166	6.00958
1210.0	0.0	0.484829	0.484829	0.943102	4.43537
1211.0	0.0	-0.186238	0.186238	0.838935	8.79583
1212.0	0.0	0.0769977	0.0769977	0.855711	8.07528
1213.0	0.0	-0.172119	0.172119	0.835104	8.97734
1214.0	0.0	0.287581	0.287581	0.845533	8.4465
1215.0	0.0	-0.230259	0.230259	0.88317	6.86872
1216.0	0.0	0.0329515	0.0329515	0.788869	11.2902
1217.0	0.0	-0.199319	0.199319	0.781284	11.6499
1218.0	0.0	-0.0558194	0.0558194	0.764631	12.6112
1219.0	0.0	0.632396	0.632396	0.853122	7.78289
1220.0	0.0	0.899657	0.899657	0.773536	11.1905
1221.0	0.0	0.454264	0.454264	0.91216	5.58425
1222.0	0.0	0.166449	0.166449	0.910974	5.80046
1223.0	0.0	-0.22911	0.22911	0.823952	9.4761
1224.0	0.0	-0.403166	0.403166	0.859448	7.75184
1225.0	0.0	0.400307	0.400307	0.896252	6.24025
1226.0	0.0	-0.414029	0.414029	0.830797	9.02646
1227.0	0.0	0.508152	0.508152	0.886185	6.54356
1228.0	0.0	-0.10393	0.10393	0.861701	7.8102
1229.0	0.0	0.261524	0.261524	0.881178	6.93464
1230.0	0.0	0.66016	0.66016	0.82078	9.21545
1231.0	0.0	0.180354	0.180354	0.896709	6.34722
1232.0	0.0	0.0936363	0.0936363	0.817677	9.82508
1233.0	0.0	0.437098	0.437098	0.948272	4.29623
1234.0	0.0	-0.129126	0.129126	0.937589	4.83204
1235.0	0.0	-0.171259	0.171259	0.869502	7.45876
1236.0	0.0	0.23855	0.23855	0.884826	6.79762
1237.0	0.0	-0.229658	0.229658	0.814471	9.93328
1238.0	0.0	0.269446	0.269446	0.845914	8.43998
1239.0	0.0	0.101241	0.101241	0.796985	10.8573
1240.0	0.0	1.03256	1.03256	0.834102	7.93924
1241.0	0.0	-0.678198	0.678198	0.780734	11.201
1242.0	0.0	0.0630419	0.0630419	0.885048	6.84124
1243.0	0.0	-0.110655	0.110655	0.847621	8.4266
1244.0	0.0	0.875311	0.875311	0.804622	9.64062
1245.0	0.0	0.0842549	0.0842549	0.855155	8.09845
1246.0	0.0	0.0254854	0.0254854	0.796582	10.8888
1247.0	0.0	0.136383	0.136383	0.921237	5.42419
1248.0	0.0	-0.349014	0.349014	0.86254	7.66061
1249.0	0.0	-0.158442	0.158442	0.866112	7.60671
1250.0	0.0	-0.188203	0.188203	0.926591	5.21126
1251.0	0.0	0.294967	0.294967	0.807666	10.2315
1252.0	0.0	-0.138461	0.138461	0.903983	6.07658
1253.0	0.0	0.283519	0.283519	0.831932	9.07049
1254.0	0.0	-0.21768	0.21768	0.850372	8.26753
1255.0	0.0	-0.706678	0.706678	0.849227	7.85102
1256.0	0.0	-0.0346636	0.0346636	0.858557	7.95607
1257.0	0.0	-0.203911	0.203911	0.768993	12.3211
1258.0	0.0	-0.105946	0.105946	0.832393	9.1227
1259.0	0.0	-0.128106	0.128106	0.839632	8.78326
1260.0	0.0	-0.247456	0.247456	0.818399	9.73305
1261.0	0.0	-0.852777	0.852777	0.85428	7.39946
1262.0	0.0	-0.539255	0.539255	0.891936	6.28263
1263.0	0.0	-0.19634	0.19634	0.845463	8.49581
1264.0	0.0	-0.167154	0.167154	0.844917	8.53151
1265.0	0.0	-0.161233	0.161233	0.858453	7.93505
1266.0	0.0	-1.03	1.03	0.760445	11.6189
1267.0	0.0	0.192196	0.192196	0.882139	6.92674
1268.0	0.0	0.181867	0.181867	0.812061	10.0731
1269.0	0.0	0.334983	0.334983	0.833008	8.98664
1270.0	0.0	0.177853	0.177853	0.949215	4.40988
1271.0	0.0	-0.517954	0.517954	0.826239	9.13655
1272.0	0.0	-0.387039	0.387039	0.872085	7.22862
1273.0	0.0	0.311703	0.311703	0.86657	7.51393
1274.0	0.0	-0.0254215	0.0254215	0.824209	9.51973
1275.0	0.0	0.435488	0.435488	0.926675	5.06294
1276.0	0.0	-0.266223	0.266223	0.832342	9.06154
1277.0	0.0	-0.574001	0.574001	0.802712	10.212
1278.0	0.0	0.731022	0.731022	0.823884	8.96396
1279.0	0.0	1.1169	1.1169	0.820511	8.37102
1280.0	0.0	-0.286792	0.286792	0.885848	6.73109
1281.0	0.0	-0.430355	0.430355	0.792179	10.9094
1282.0	0.0	-0.00716183	0.00716183	0.905549	6.0347
1283.0	0.0	-0.058458	0.058458	0.913123	5.74239
1284.0	0.0	-0.770137	0.770137	0.827262	8.74425
1285.0	0.0	-0.467556	0.467556	0.75458	12.9324
1286.0	0.0	-0.864902	0.864902	0.829975	8.45643
1287.0	0.0	0.165322	0.165322	0.832363	9.10692
1288.0	0.0	0.246359	0.246359	0.797227	10.7884
1289.0	0.0	-0.436089	0.436089	0.877637	6.9582
1290.0	0.0	0.48878	0.48878	0.791274	10.8961
1291.0	0.0	0.334427	0.334427	0.817102	9.74093
1292.0	0.0	1.00659	1.00659	0.820139	8.63356
1293.0	0.0	-0.548598	0.548598	0.887255	6.45866
1294.0	0.0	0.548907	0.548907	0.930203	4.83093
1295.0	0.0	-0.247846	0.247846	0.857608	7.93532
1296.0	0.0	0.94287	0.94287	0.749239	12.4516
1297.0	0.0	0.278691	0.278691	0.787666	11.2667
1298.0	0.0	0.0965563	0.0965563	0.858869	7.93417
1299.0	0.0	-0.95116	0.95116	0.821445	8.68671
1300.0	0.0	-0.65232	0.65232	0.91063	5.43283
1301.0	0.0	-0.228679	0.228679	0.877966	7.08262
1302.0	0.0	0.566935	0.566935	0.83382	8.72782
1303.0	0.0	-0.908903	0.908903	0.807163	9.45155
1304.0	0.0	0.291435	0.291435	0.803287	10.4531
1305.0	0.0	0.13759	0.13759	0.83643	8.9275
1306.0	0.0	0.695931	0.695931	0.885665	6.3422
1307.0	0.0	0.102337	0.102337	0.879469	7.06263
1308.0	0.0	-0.501493	0.501493	0.816779	9.6052
1309.0	0.0	-0.000768056	0.000768056	0.861733	7.8199
1310.0	0.0	-0.0315061	0.0315061	0.874139	7.29293
1311.0	0.0	-1.42832	1.42832	0.797579	8.62474
1312.0	0.0	0.258201	0.258201	0.930187	5.05101
1313.0	0.0	0.0243211	0.0243211	0.868646	7.52411
1314.0	0.0	0.359728	0.359728	0.906413	5.87638
1315.0	0.0	-0.0556772	0.0556772	0.84835	8.40359
1316.0	0.0	0.648716	0.648716	0.85697	7.59493
1317.0	0.0	1.10152	1.10152	0.865919	6.42605
1318.0	0.0	-0.0152773	0.0152773	0.884761	6.8566
1319.0	0.0	0.461493	0.461493	0.766301	12.2717
1320.0	0.0	-0.0207508	0.0207508	0.849405	8.35935
1321.0	0.0	-0.111928	0.111928	0.834994	9.00059
1322.0	0.0	-0.206554	0.206554	0.814205	9.95731
1323.0	0.0	0.50094	0.50094	0.939108	4.56082
1324.0	0.0	0.202557	0.202557	0.934616	4.9155
1325.0	0.0	-0.146149	0.146149	0.875427	7.21879
1326.0	0.0	0.590699	0.590699	0.829193	8.91265
1327.0	0.0	-0.2487	0.2487	0.807913	10.2469
1328.0	0.0	0.228452	0.228452	0.944429	4.55754
1329.0	0.0	0.203033	0.203033	0.782188	11.5996
1330.0	0.0	0.937738	0.937738	0.811144	9.20172
1331.0	0.0	-0.934637	0.934637	0.825903	8.51244
1332.0	0.0	-0.639327	0.639327	0.799411	10.2907
1333.0	0.0	-0.429107	0.429107	0.826553	9.21163
1334.0	0.0	0.569391	0.569391	0.908891	5.59495
1335.0	0.0	0.175445	0.175445	0.861989	7.77733
1336.0	0.0	-0.531571	0.531571	0.792588	10.7792
1337.0	0.0	-0.420102	0.420102	0.814136	9.81478
1338.0	0.0	0.905969	0.905969	0.8509	7.45026
1339.0	0.0	0.143667	0.143667	0.942291	4.66183
1340.0	0.0	0.460027	0.460027	0.87706	6.96047
1341.0	0.0	-0.0478704	0.0478704	0.9263	5.25318
1342.0	0.0	-0.148623	0.148623	0.826432	9.39102
1343.0	0.0	0.551091	0.551091	0.825089	9.15284
1344.0	0.0	0.613252	0.613252	0.870331	7.07439
1345.0	0.0	0.218186	0.218186	0.867485	7.52551
1346.0	0.0	-0.425679	0.425679	0.863347	7.56556
1347.0	0.0	0.194966	0.194966	0.90228	6.12418
1348.0	0.0	-0.273864	0.273864	0.770511	12.1977
1349.0	0.0	0.456635	0.456635	0.933343	4.8048
1350.0	0.0	-0.71287	0.71287	0.844327	8.05821
1351.0	0.0	0.122524	0.122524	0.810989	10.1458
1352.0	0.0	-0.885362	0.885362	0.905023	5.30355
1353.0	0.0	0.217067	0.217067	0.879013	7.04468
1354.0	0.0	0.757306	0.757306	0.843517	8.02671
1355.0	0.0	0.21197	0.21197	0.931278	5.03198
1356.0	0.0	0.0210637	0.0210637	0.941106	4.72236
1357.0	0.0	0.511011	0.511011	0.825915	9.15941
1358.0	0.0	0.452323	0.452323	0.83546	8.77571
1359.0	0.0	0.484749	0.484749	0.867861	7.31976
1360.0	0.0	0.187129	0.187129	0.857154	7.98228
1361.0	0.0	-0.222124	0.222124	0.887724	6.68811
1362.0	0.0	0.691278	0.691278	0.831526	8.66858
1363.0	0.0	1.04272	1.04272	0.864157	6.62288
1364.0	0.0	-0.410674	0.410674	0.758058	12.7909
1365.0	0.0	0.540048	0.540048	0.965239	3.63161
1366.0	0.0	-0.857349	0.857349	0.768777	11.5328
1367.0	0.0	0.745124	0.745124	0.819083	9.1685
1368.0	0.0	0.0336848	0.0336848	0.81565	9.93206
1369.0	0.0	0.0916504	0.0916504	0.820404	9.69364
1370.0	0.0	-0.0594728	0.0594728	0.890956	6.60384
1371.0	0.0	-0.653755	0.653755	0.835928	8.52001
1372.0	0.0	-0.457676	0.457676	0.830914	8.98057
1373.0	0.0	0.749049	0.749049	0.838255	8.27507
1374.0	0.0	-0.0967197	0.0967197	0.897551	6.3368
1375.0	0.0	-0.46766	0.46766	0.826189	9.1918
1376.0	0.0	0.190085	0.190085	0.884392	6.83586
1377.0	0.0	-0.0108523	0.0108523	0.867673	7.56582
1378.0	0.0	-0.0998976	0.0998976	0.788934	11.2766
1379.0	0.0	0.885705	0.885705	0.886923	5.99995
1380.0	0.0	-0.637948	0.637948	0.829449	8.83934
1381.0	0.0	-0.330785	0.330785	0.908047	5.83317
1382.0	0.0	0.342917	0.342917	0.787387	11.2362
1383.0	0.0	-0.0709907	0.0709907	0.905063	6.04859
1384.0	0.0	-0.399823	0.399823	0.816153	9.73477
1385.0	0.0	0.256421	0.256421	0.887346	6.68706
1386.0	0.0	0.483463	0.483463	0.811147	9.89864
1387.0	0.0	-0.214089	0.214089	0.836742	8.88463
1388.0	0.0	0.345147	0.345147	0.884251	6.75909
1389.0	0.0	0.187197	0.187197	0.871672	7.36171
1390.0	0.0	-0.418489	0.418489	0.853271	8.00746
1391.0	0.0	-0.511498	0.511498	0.920878	5.20722
1392.0	0.0	0.304252	0.304252	0.861516	7.7344
1393.0	0.0	0.482262	0.482262	0.780346	11.4799
1394.0	0.0	-0.271223	0.271223	0.950327	4.33294
1395.0	0.0	-0.134909	0.134909	0.837466	8.88059
1396.0	0.0	0.184548	0.184548	0.87532	7.21045
1397.0	0.0	-0.236512	0.236512	0.831779	9.10367
1398.0	0.0	0.677291	0.677291	0.864103	7.25243
1399.0	0.0	0.76049	0.76049	0.817901	9.2
1400.0	0.0	0.29443	0.29443	0.752254	13.225
1401.0	0.0	0.233476	0.233476	0.799929	10.6571
1402.0	0.0	-0.0869937	0.0869937	0.944225	4.60597
1403.0	0.0	0.406454	0.406454	0.795016	10.7852
1404.0	0.0	0.140148	0.140148	0.832821	9.09383
1405.0	0.0	0.573767	0.573767	0.80479	10.1085
1406.0	0.0	-0.170459	0.170459	0.877921	7.10775
1407.0	0.0	0.598694	0.598694	0.860128	7.52288
1408.0	0.0	-0.206642	0.206642	0.859391	7.87721
1409.0	0.0	-0.249047	0.249047	0.792675	11.0221
1410.0	0.0	0.402095	0.402095	0.796373	10.7194
1411.0	0.0	0.702152	0.702152	0.807059	9.81715
1412.0	0.0	-0.794806	0.794806	0.877624	6.52079
1413.0	0.0	0.413307	0.413307	0.85574	7.90402
1414.0	0.0	0.0915078	0.0915078	1.00366	2.65801
1415.0	0.0	0.373838	0.373838	0.861435	7.68964
1416.0	0.0	0.387573	0.387573	0.852618	8.06181
1417.0	0.0	-0.153821	0.153821	0.823501	9.52865
1418.0	0.0	-0.712538	0.712538	0.754873	12.5744
1419.0	0.0	-0.312314	0.312314	0.732224	14.4226
1420.0	0.0	0.551891	0.551891	0.948546	4.18308
1421.0	0.0	0.10013	0.10013	0.864826	7.67695
1422.0	0.0	-0.0235216	0.0235216	0.852022	8.24314
1423.0	0.0	-0.35663	0.35663	0.834157	8.91757
1424.0	0.0	-0.113593	0.113593	0.892437	6.53554
1425.0	0.0	0.0904471	0.0904471	0.856916	8.02034
1426.0	0.0	0.544031	0.544031	0.744192	13.451
1427.0	0.0	-0.608513	0.608513	0.816025	9.5133
1428.0	0.0	-1.18641	1.18641	0.890113	5.27941
1429.0	0.0	-0.14243	0.14243	0.856789	8.01338
1430.0	0.0	-0.410302	0.410302	0.912913	5.59223
1431.0	0.0	0.107652	0.107652	0.82645	9.40149
1432.0	0.0	-0.348543	0.348543	0.890368	6.51098
1433.0	0.0	0.221796	0.221796	0.866736	7.55566
1434.0	0.0	-0.221742	0.221742	0.776588	11.8934
1435.0	0.0	0.238221	0.238221	0.910013	5.80903
1436.0	0.0	-0.334554	0.334554	0.861515	7.71465
1437.0	0.0	-0.169336	0.169336	0.922027	5.38538
1438.0	0.0	0.0595172	0.0595172	0.799354	10.7433
1439.0	0.0	0.113479	0.113479	0.932657	5.01228
1440.0	0.0	-0.184817	0.184817	0.99667	2.8512
1441.0	0.0	-0.335653	0.335653	0.774723	11.922
1442.0	0.0	0.313384	0.313384	0.934972	4.84937
1443.0	0.0	-0.454496	0.454496	0.821175	9.4426
1444.0	0.0	-0.0736683	0.0736683	0.901479	6.18703
1445.0	0.0	-0.273107	0.273107	0.951338	4.29716
1446.0	0.0	-0.319054	0.319054	0.880972	6.90971
1447.0	0.0	0.638392	0.638392	0.948387	4.09479
1448.0	0.0	-0.850817	0.850817	0.828177	8.5644
1449.0	0.0	0.555581	0.555581	0.817502	9.50862
1450.0	0.0	-0.200376	0.200376	0.924898	5.26876
1451.0	0.0	0.0625671	0.0625671	0.826563	9.40436
1452.0	0.0	0.538533	0.538533	0.897581	6.06197
1453.0	0.0	0.573022	0.573022	0.923306	5.05538
1454.0	0.0	-0.0646541	0.0646541	0.880337	7.03326
1455.0	0.0	0.221582	0.221582	0.748236	13.5071
1456.0	0.0	-0.1517	0.1517	0.785082	11.4658
1457.0	0.0	0.420394	0.420394	0.768744	12.1776
1458.0	0.0	-0.696117	0.696117	0.782109	11.1002
1459.0	0.0	0.167507	0.167507	0.814019	9.9824
1460.0	0.0	0.319801	0.319801	0.926368	5.15633
1461.0	0.0	-0.386273	0.386273	0.81888	9.61453
1462.0	0.0	0.127875	0.127875	0.875648	7.21464
1463.0	0.0	0.155346	0.155346	0.866172	7.60516
1464.0	0.0	0.151968	0.151968	0.947724	4.46945
1465.0	0.0	0.76158	0.76158	0.823865	8.91646
1466.0	0.0	0.314118	0.314118	0.876421	7.09989
1467.0	0.0	-0.0721473	0.0721473	0.8528	8.20396
1468.0	0.0	0.523488	0.523488	0.807598	10.0295
1469.0	0.0	0.205653	0.205653	0.805894	10.3693
1470.0	0.0	0.0380419	0.0380419	0.90617	6.00944
1471.0	0.0	0.261369	0.261369	0.928141	5.12373
1472.0	0.0	0.431177	0.431177	0.929807	4.95295
1473.0	0.0	0.174199	0.174199	0.883855	6.86341
1474.0	0.0	-0.400082	0.400082	0.821341	9.48472
1475.0	0.0	0.127838	0.127838	0.894266	6.45954
1476.0	0.0	-0.313335	0.313335	0.834846	8.91651
1477.0	0.0	-0.0684208	0.0684208	0.870422	7.44501
1478.0	0.0	0.0338662	0.0338662	0.864424	7.70317
1479.0	0.0	-0.665184	0.665184	0.880719	6.58206
1480.0	0.0	-0.527922	0.527922	0.93536	4.66771
1481.0	0.0	-0.784919	0.784919	0.820938	9.01579
1482.0	0.0	0.357088	0.357088	0.916276	5.50511
1483.0	0.0	-0.124901	0.124901	0.848366	8.38984
1484.0	0.0	-1.07237	1.07237	0.882947	5.80355
1485.0	0.0	-0.379407	0.379407	0.790735	11.0309
1486.0	0.0	-0.00203454	0.00203454	0.89315	6.5199
1487.0	0.0	-0.186202	0.186202	0.929636	5.10106
1488.0	0.0	0.321633	0.321633	0.767832	12.3138
1489.0	0.0	0.0262088	0.0262088	0.876999	7.17436
1490.0	0.0	-0.462161	0.462161	0.886122	6.59011
1491.0	0.0	0.122013	0.122013	0.864475	7.68699
1492.0	0.0	-0.00118606	0.00118606	0.860429	7.87617
1493.0	0.0	-0.279889	0.279889	0.916598	5.53997
1494.0	0.0	0.295605	0.295605	0.823413	9.46415
1495.0	0.0	-0.35576	0.35576	0.854868	7.98765
1496.0	0.0	-0.0565288	0.0565288	0.797214	10.8534
1497.0	0.0	0.139047	0.139047	0.842717	8.63986
1498.0	0.0	0.685194	0.685194	0.848044	7.93372
1499.0	0.0	0.667334	0.667334	0.744467	13.2557
1500.0	0.0	0.0903303	0.0903303	0.877004	7.16665
1501.0	0.0	-0.663884	0.663884	0.820352	9.23052
1502.0	0.0	0.484364	0.484364	0.771948	11.9335
1503.0	0.0	-0.460081	0.460081	0.853967	7.93935
1504.0	0.0	-0.316108	0.316108	0.873115	7.23589
1505.0	0.0	0.0202046	0.0202046	0.805248	10.4481
1506.0	0.0	0.000501043	0.000501043	0.837272	8.90879
1507.0	0.0	0.162443	0.162443	0.848614	8.36751
1508.0	0.0	-0.345277	0.345277	0.832213	9.01612
1509.0	0.0	-0.691937	0.691937	0.792948	10.542
1510.0	0.0	0.0781378	0.0781378	0.800258	10.6943
1511.0	0.0	0.401788	0.401788	0.816158	9.73285
1512.0	0.0	-0.0494297	0.0494297	0.897365	6.35086
1513.0	0.0	0.27306	0.27306	0.87771	7.07083
1514.0	0.0	0.715298	0.715298	0.838469	8.31686
1515.0	0.0	0.487202	0.487202	0.910386	5.62152
1516.0	0.0	0.34153	0.34153	0.785082	11.3592
1517.0	0.0	-0.297145	0.297145	0.908421	5.83928
1518.0	0.0	-0.436497	0.436497	0.857766	7.79587
1519.0	0.0	0.324512	0.324512	0.829772	9.14474
1520.0	0.0	0.0682513	0.0682513	0.852503	8.21764
1521.0	0.0	-0.0404127	0.0404127	0.877689	7.14487
1522.0	0.0	-0.226419	0.226419	0.857858	7.9349
1523.0	0.0	0.556445	0.556445	0.753916	12.863
1524.0	0.0	0.283209	0.283209	0.767966	12.3334
1525.0	0.0	-0.034879	0.034879	0.819006	9.76891
1526.0	0.0	0.368202	0.368202	0.928356	5.05265
1527.0	0.0	0.0504352	0.0504352	0.765824	12.5445
1528.0	0.0	0.314116	0.314116	0.871628	7.29929
1529.0	0.0	-1.47725	1.47725	0.87669	5.06596
1530.0	0.0	0.263695	0.263695	0.89897	6.22237
1531.0	0.0	0.312066	0.312066	0.972778	3.55712
1532.0	0.0	-0.0534172	0.0534172	0.8038	10.5183
1533.0	0.0	-0.502731	0.502731	0.92704	4.99047
1534.0	0.0	0.71762	0.71762	0.894344	5.97009
1535.0	0.0	0.557912	0.557912	0.857825	7.6698
1536.0	0.0	0.0159198	0.0159198	0.829	9.29326
1537.0	0.0	0.41184	0.41184	0.872447	7.1936
1538.0	0.0	1.05788	1.05788	0.862099	6.67672
1539.0	0.0	-0.354298	0.354298	0.862488	7.65903
1540.0	0.0	-0.0334616	0.0334616	0.973574	3.61706
1541.0	0.0	-0.0824793	0.0824793	0.873793	7.30149
1542.0	0.0	0.411409	0.411409	0.788754	11.1059
1543.0	0.0	-0.0380196	0.0380196	0.896462	6.38739
1544.0	0.0	-0.155634	0.155634	0.741905	13.9171
1545.0	0.0	-0.0455842	0.0455842	0.831008	9.19715
1546.0	0.0	-1.42885	1.42885	0.801236	8.44782
1547.0	0.0	0.515105	0.515105	0.799172	10.4613
1548.0	0.0	0.0845057	0.0845057	0.86035	7.87226
1549.0	0.0	0.0105009	0.0105009	0.931521	5.06528
1550.0	0.0	0.585931	0.585931	0.807884	9.93964
1551.0	0.0	-0.153924	0.153924	0.896968	6.34569
1552.0	0.0	0.323911	0.323911	0.899624	6.16235
1553.0	0.0	-1.20634	1.20634	0.83461	7.51868
1554.0	0.0	-0.294958	0.294958	0.874629	7.18591
1555.0	0.0	-0.182819	0.182819	0.829802	9.22011
1556.0	0.0	-0.161497	0.161497	0.95363	4.26283
1557.0	0.0	0.775066	0.775066	0.711674	15.1114
1558.0	0.0	0.00939503	0.00939503	0.829816	9.25511
1559.0	0.0	-0.0389741	0.0389741	0.875961	7.21659
1560.0	0.0	-0.481787	0.481787	0.799197	10.4969
1561.0	0.0	0.14522	0.14522	0.912682	5.74209
1562.0	0.0	0.732607	0.732607	0.861818	7.27044
1563.0	0.0	0.104162	0.104162	0.930134	5.10543
1564.0	0.0	-0.0884017	0.0884017	0.741461	13.964
1565.0	0.0	-0.545838	0.545838	0.952429	4.05617
1566.0	0.0	-0.22622	0.22622	0.843254	8.58212
1567.0	0.0	0.0264813	0.0264813	0.938689	4.80776
1568.0	0.0	-0.150293	0.150293	0.982396	3.31197
1569.0	0.0	-0.398555	0.398555	0.827978	9.17166
1570.0	0.0	-0.0615348	0.0615348	0.854188	8.1443
1571.0	0.0	0.0955841	0.0955841	0.854181	8.13906
1572.0	0.0	-0.49615	0.49615	0.932577	4.79713
1573.0	0.0	-0.751516	0.751516	0.837161	8.32057
1574.0	0.0	-0.118117	0.118117	0.896965	6.35535
1575.0	0.0	-0.224685	0.224685	0.761016	12.7609
1576.0	0.0	0.39704	0.39704	0.787723	11.1732
1577.0	0.0	-0.198987	0.198987	0.823615	9.50603
1578.0	0.0	-0.67873	0.67873	0.74551	13.1755
1579.0	0.0	0.586561	0.586561	0.810812	9.7949
1580.0	0.0	-0.478638	0.478638	0.824526	9.25915
1581.0	0.0	0.321143	0.321143	0.818868	9.66497
1582.0	0.0	0.419874	0.419874	0.818789	9.58965
1583.0	0.0	0.422738	0.422738	0.831323	8.99425
1584.0	0.0	-0.87651	0.87651	0.838656	8.04235
1585.0	0.0	0.389073	0.389073	0.755705	12.947
1586.0	0.0	0.641406	0.641406	0.84279	8.22695
1587.0	0.0	-0.34978	0.34978	0.78568	11.321
1588.0	0.0	0.352071	0.352071	0.790542	11.0635
1589.0	0.0	-0.135413	0.135413	0.890746	6.59762
1590.0	0.0	-0.186634	0.186634	0.880165	7.00966
1591.0	0.0	0.470504	0.470504	0.805738	10.1797
1592.0	0.0	-1.4774	1.4774	0.839081	6.59546
1593.0	0.0	-0.139223	0.139223	0.82738	9.34914
1594.0	0.0	0.968304	0.968304	0.902168	5.26564
1595.0	0.0	0.23733	0.23733	0.857994	7.9238
1596.0	0.0	0.275269	0.275269	0.799587	10.6508
1597.0	0.0	-0.0257559	0.0257559	0.770388	12.2911
1598.0	0.0	-0.331877	0.331877	0.824091	9.40743
1599.0	0.0	0.413648	0.413648	0.887969	6.55795
1600.0	0.0	0.498615	0.498615	0.81986	9.46022
1601.0	0.0	0.433816	0.433816	0.767838	12.2147
1602.0	0.0	0.131546	0.131546	0.960662	4.03172
1603.0	0.0	0.178323	0.178323	0.869779	7.44461
1604.0	0.0	0.183543	0.183543	0.877348	7.12678
1605.0	0.0	-0.13075	0.13075	0.921191	5.42734
1606.0	0.0	0.232074	0.232074	0.801647	10.5705
1607.0	0.0	-0.460695	0.460695	0.947873	4.29063
1608.0	0.0	-0.158198	0.158198	0.939901	4.74216
1609.0	0.0	0.74936	0.74936	0.916541	5.08436
1610.0	0.0	0.302477	0.302477	0.930956	4.99993
1611.0	0.0	0.577436	0.577436	0.866618	7.27274
1612.0	0.0	0.562979	0.562979	0.872786	7.03164
1613.0	0.0	0.062853	0.062853	0.783932	11.5488
1614.0	0.0	0.317243	0.317243	0.836553	8.83532
1615.0	0.0	0.228494	0.228494	0.779142	11.7512
1616.0	0.0	-0.296954	0.296954	0.772083	12.0954
1617.0	0.0	-0.0252303	0.0252303	0.950469	4.39495
1618.0	0.0	0.194325	0.194325	0.902127	6.13038
1619.0	0.0	0.144644	0.144644	0.935203	4.91326
1620.0	0.0	-0.790474	0.790474	0.859439	7.28247
1621.0	0.0	-0.213762	0.213762	0.925804	5.23032
1622.0	0.0	-0.136988	0.136988	0.779082	11.7928
1623.0	0.0	-0.195377	0.195377	0.864566	7.65931
1624.0	0.0	-0.251485	0.251485	0.866031	7.5713
1625.0	0.0	-0.293661	0.293661	0.808235	10.204
1626.0	0.0	0.443384	0.443384	0.801377	10.4258
1627.0	0.0	-0.194866	0.194866	0.854135	8.11123
1628.0	0.0	0.39309	0.39309	0.824257	9.35187
1629.0	0.0	0.14506	0.14506	0.897459	6.32897
1630.0	0.0	-0.388715	0.388715	0.798941	10.5999
1631.0	0.0	0.105879	0.105879	0.826624	9.39366
1632.0	0.0	0.195578	0.195578	0.881931	6.93395
1633.0	0.0	0.251407	0.251407	0.90449	6.01426
1634.0	0.0	0.407497	0.407497	0.922916	5.22254
1635.0	0.0	-0.344364	0.344364	0.93533	4.81758
1636.0	0.0	0.187753	0.187753	0.816587	9.8492
1637.0	0.0	0.928981	0.928981	0.876418	6.34236
1638.0	0.0	0.100983	0.100983	0.84859	8.38546
1639.0	0.0	-0.327906	0.327906	0.807074	10.2384
1640.0	0.0	0.105459	0.105459	0.886783	6.76394
1641.0	0.0	-0.0390168	0.0390168	0.864937	7.68088
1642.0	0.0	-0.149779	0.149779	0.788525	11.284
1643.0	0.0	0.924723	0.924723	0.80212	9.66754
1644.0	0.0	0.00328096	0.00328096	0.840189	8.77512
1645.0	0.0	0.200082	0.200082	0.844337	8.54495
1646.0	0.0	-0.255165	0.255165	0.7772	11.8417
1647.0	0.0	-0.135744	0.135744	0.870729	7.41815
1648.0	0.0	-0.170522	0.170522	0.821344	9.62606
1649.0	0.0	0.55431	0.55431	0.799864	10.3799
1650.0	0.0	-0.116319	0.116319	0.869704	7.46628
1651.0	0.0	-0.0966858	0.0966858	0.787888	11.3325
1652.0	0.0	0.171638	0.171638	0.825832	9.41156
1653.0	0.0	0.147773	0.147773	0.800211	10.6792
1654.0	0.0	-0.0140805	0.0140805	0.86294	7.76779
1655.0	0.0	0.0909797	0.0909797	0.864249	7.7034
1656.0	0.0	-0.692209	0.692209	0.808549	9.759
1657.0	0.0	-0.0850843	0.0850843	0.795248	10.9503
1658.0	0.0	-0.40431	0.40431	0.875183	7.08611
1659.0	0.0	0.401333	0.401333	0.857683	7.82967
1660.0	0.0	0.35926	0.35926	0.835988	8.83121
1661.0	0.0	-0.445217	0.445217	0.870621	7.24105
1662.0	0.0	0.508573	0.508573	0.897132	6.10996
1663.0	0.0	0.59234	0.59234	0.862541	7.42759
1664.0	0.0	0.515886	0.515886	0.865591	7.38406
1665.0	0.0	0.040732	0.040732	0.885843	6.81133
1666.0	0.0	-0.807977	0.807977	0.768263	11.655
1667.0	0.0	-0.425586	0.425586	0.976504	3.36143
1668.0	0.0	-0.206553	0.206553	0.875691	7.18639
1669.0	0.0	-0.339338	0.339338	0.885596	6.70868
1670.0	0.0	-0.663602	0.663602	0.856013	7.61625
1671.0	0.0	0.22073	0.22073	0.824232	9.46682
1672.0	0.0	0.42705	0.42705	0.86574	7.4626
1673.0	0.0	-0.122588	0.122588	0.88384	6.87928
1674.0	0.0	0.256657	0.256657	0.896881	6.30778
1675.0	0.0	0.115956	0.115956	0.855959	8.05668
1676.0	0.0	-0.00045879	0.00045879	0.840466	8.76252
1677.0	0.0	0.13687	0.13687	0.883469	6.89071
1678.0	0.0	0.277178	0.277178	0.980016	3.34046
1679.0	0.0	-0.18597	0.18597	0.79908	10.7226
1680.0	0.0	-0.394306	0.394306	0.82436	9.34593
1681.0	0.0	-0.827998	0.827998	0.890976	5.93659
1682.0	0.0	-0.253578	0.253578	0.85481	8.05441
1683.0	0.0	0.0949545	0.0949545	0.942822	4.6539
1684.0	0.0	-0.667729	0.667729	0.848547	7.93591
1685.0	0.0	-0.145483	0.145483	0.83235	9.1141
1686.0	0.0	0.774706	0.774706	0.828493	8.67981
1687.0	0.0	-0.579488	0.579488	0.869466	7.15088
1688.0	0.0	-0.167636	0.167636	0.921024	5.42305
1689.0	0.0	0.300853	0.300853	0.802616	10.4808
1690.0	0.0	-0.177291	0.177291	0.849547	8.32074
1691.0	0.0	0.526902	0.526902	0.841864	8.4078
1692.0	0.0	-0.862923	0.862923	0.770879	11.4074
1693.0	0.0	-0.628669	0.628669	0.860726	7.45994
1694.0	0.0	-0.155325	0.155325	0.86883	7.49243
1695.0	0.0	0.826883	0.826883	0.823462	8.82556
1696.0	0.0	-0.840347	0.840347	0.852383	7.50252
1697.0	0.0	-0.0560833	0.0560833	0.794283	11.0048
1698.0	0.0	0.0581276	0.0581276	0.83007	9.23966
1699.0	0.0	-0.080276	0.080276	0.915026	5.66771
1700.0	0.0	0.288331	0.288331	0.83701	8.83281
1701.0	0.0	-0.0671878	0.0671878	0.895544	6.42061
1702.0	0.0	0.100382	0.100382	0.895682	6.40971
1703.0	0.0	0.0433843	0.0433843	0.85908	7.93265
1704.0	0.0	0.21884	0.21884	0.902813	6.09394
1705.0	0.0	-0.145961	0.145961	0.908051	5.91805
1706.0	0.0	-0.168052	0.168052	0.917483	5.55472
1707.0	0.0	0.11337	0.11337	0.838888	8.82102
1708.0	0.0	-0.588088	0.588088	0.890413	6.28903
1709.0	0.0	-0.107386	0.107386	0.833324	9.07904
1710.0	0.0	0.549826	0.549826	0.856526	7.73506
1711.0	0.0	-0.547176	0.547176	0.793199	10.7288
1712.0	0.0	-0.00491503	0.00491503	0.822408	9.60645
1713.0	0.0	0.482825	0.482825	0.790184	10.9593
1714.0	0.0	0.0105318	0.0105318	0.835331	8.99817
1715.0	0.0	-0.521849	0.521849	0.850578	8.02541
1716.0	0.0	0.410071	0.410071	0.785714	11.2673
1717.0	0.0	0.100037	0.100037	0.929704	5.12182
1718.0	0.0	0.223589	0.223589	0.788086	11.2759
1719.0	0.0	0.3185	0.3185	0.835811	8.86859
1720.0	0.0	0.364692	0.364692	0.806584	10.2348
1721.0	0.0	-0.653799	0.653799	0.802374	10.1213
1722.0	0.0	0.805418	0.805418	0.800354	9.9799
1723.0	0.0	0.424558	0.424558	0.819488	9.55175
1724.0	0.0	-0.216764	0.216764	0.820089	9.66697
1725.0	0.0	0.0729455	0.0729455	0.843703	8.60996
1726.0	0.0	0.293793	0.293793	0.803552	10.4383
1727.0	0.0	0.302666	0.302666	0.971401	3.60742
1728.0	0.0	-0.285568	0.285568	0.867184	7.50376
1729.0	0.0	0.0849791	0.0849791	0.800065	10.7029
1730.0	0.0	-0.491994	0.491994	0.844327	8.33428
1731.0	0.0	-0.549017	0.549017	0.767771	12.087
1732.0	0.0	0.19327	0.19327	0.852179	8.19799
1733.0	0.0	0.225672	0.225672	0.84627	8.44668
1734.0	0.0	0.286648	0.286648	0.808148	10.2128
1735.0	0.0	0.10142	0.10142	0.799161	10.7457
1736.0	0.0	-0.0938018	0.0938018	0.792236	11.1049
1737.0	0.0	0.93573	0.93573	0.839117	7.9112
1738.0	0.0	-0.743712	0.743712	0.697038	16.1559
1739.0	0.0	0.129739	0.129739	0.955622	4.20314
1740.0	0.0	-0.440695	0.440695	0.826905	9.18429
1741.0	0.0	0.0643488	0.0643488	0.800676	10.6752
1742.0	0.0	-0.0854754	0.0854754	0.823493	9.54671
1743.0	0.0	-0.245942	0.245942	0.891686	6.51853
1744.0	0.0	0.28356	0.28356	0.876276	7.12424
1745.0	0.0	0.636793	0.636793	0.848834	7.96484
1746.0	0.0	0.119397	0.119397	0.797971	10.8021
1747.0	0.0	-0.202066	0.202066	0.783087	11.5519
1748.0	0.0	0.123676	0.123676	0.81589	9.90488
1749.0	0.0	0.736475	0.736475	0.863569	7.19071
1750.0	0.0	0.160763	0.160763	0.891402	6.56402
1751.0	0.0	0.194106	0.194106	0.888633	6.66311
1752.0	0.0	0.0782518	0.0782518	0.977401	3.48778
1753.0	0.0	-0.0908471	0.0908471	0.915398	5.65198
1754.0	0.0	-0.412582	0.412582	0.745771	13.508
1755.0	0.0	-0.220999	0.220999	0.838526	8.79958
1756.0	0.0	0.368107	0.368107	0.891069	6.46927
1757.0	0.0	0.317629	0.317629	0.815957	9.80838
1758.0	0.0	-0.156921	0.156921	0.926909	5.20981
1759.0	0.0	-0.124552	0.124552	0.739189	14.0931
1760.0	0.0	0.121411	0.121411	0.911724	5.78448
1761.0	0.0	-0.352329	0.352329	0.83242	9.00126
1762.0	0.0	-0.694974	0.694974	0.909919	5.40489
1763.0	0.0	0.105824	0.105824	0.796565	10.8778
1764.0	0.0	0.541424	0.541424	0.83924	8.51015
1765.0	0.0	-0.352695	0.352695	0.864815	7.56083
1766.0	0.0	0.10884	0.10884	0.940857	4.72055
1767.0	0.0	0.371358	0.371358	0.881662	6.84561
1768.0	0.0	-0.262765	0.262765	0.906665	5.92499
1769.0	0.0	0.181821	0.181821	0.867373	7.54504
1770.0	0.0	0.220964	0.220964	0.805463	10.3837
1771.0	0.0	-0.5289	0.5289	0.817901	9.52066
1772.0	0.0	-0.194873	0.194873	0.961511	3.98437
1773.0	0.0	0.340233	0.340233	0.892186	6.44428
1774.0	0.0	-0.323522	0.323522	0.847323	8.3435
1775.0	0.0	-0.557544	0.557544	0.822095	9.28681
1776.0	0.0	-0.797747	0.797747	0.8902	6.01457
1777.0	0.0	-0.06836	0.06836	0.892314	6.54854
1778.0	0.0	-0.265652	0.265652	0.850234	8.24952
1779.0	0.0	0.205531	0.205531	0.842017	8.6475
1780.0	0.0	0.425755	0.425755	0.871771	7.21004
1781.0	0.0	0.0539884	0.0539884	0.939411	4.78008
1782.0	0.0	-0.311546	0.311546	0.91347	5.63945
1783.0	0.0	-0.864737	0.864737	0.847908	7.65451
1784.0	0.0	-0.711502	0.711502	0.748754	12.9306
1785.0	0.0	-0.2768	0.2768	0.867916	7.47777
1786.0	0.0	0.629755	0.629755	0.886642	6.38922
1787.0	0.0	0.261575	0.261575	0.882507	6.88035
1788.0	0.0	-0.164516	0.164516	0.883147	6.8955
1789.0	0.0	0.0882085	0.0882085	0.850176	8.31741
1790.0	0.0	0.238154	0.238154	0.868374	7.47863
1791.0	0.0	-0.103962	0.103962	0.861962	7.79894
1792.0	0.0	-0.615224	0.615224	0.833493	8.68272
1793.0	0.0	0.434805	0.434805	0.802997	10.3525
1794.0	0.0	0.1233	0.1233	0.858271	7.9541
1795.0	0.0	0.248875	0.248875	0.934447	4.90203
1796.0	0.0	-0.817617	0.817617	0.912197	5.14436
1797.0	0.0	-0.18816	0.18816	0.956149	4.16822
1798.0	0.0	0.0375794	0.0375794	0.852164	8.23599
1799.0	0.0	0.537051	0.537051	0.832189	8.83783
1800.0	0.0	-0.0444035	0.0444035	0.77134	12.2366
1801.0	0.0	0.621893	0.621893	0.860056	7.49719
1802.0	0.0	-0.419094	0.419094	0.823748	9.35333
1803.0	0.0	-0.414738	0.414738	0.831599	8.98854
1804.0	0.0	0.18108	0.18108	0.876039	7.18188
1805.0	0.0	-0.501108	0.501108	0.879665	6.81443
1806.0	0.0	0.788957	0.788957	0.8668	6.97499
1807.0	0.0	0.0436144	0.0436144	0.927156	5.22225
1808.0	0.0	-0.609676	0.609676	0.905486	5.67873
1809.0	0.0	0.370496	0.370496	0.919233	5.38572
1810.0	0.0	0.18914	0.18914	0.866918	7.56159
1811.0	0.0	-0.0795696	0.0795696	0.829901	9.24443
1812.0	0.0	0.331124	0.331124	0.854794	8.00833
1813.0	0.0	-0.07118	0.07118	0.927464	5.20801
1814.0	0.0	-0.268457	0.268457	0.870316	7.3812
1815.0	0.0	-0.121018	0.121018	0.913156	5.73036
1816.0	0.0	0.225535	0.225535	0.898712	6.25069
1817.0	0.0	0.143072	0.143072	0.83767	8.8688
1818.0	0.0	-0.365448	0.365448	0.867771	7.42618
1819.0	0.0	-0.275933	0.275933	0.843587	8.54092
1820.0	0.0	0.306336	0.306336	0.840723	8.65197
1821.0	0.0	-0.041912	0.041912	0.788577	11.3048
1822.0	0.0	-0.82022	0.82022	0.884519	6.20371
1823.0	0.0	-0.170201	0.170201	0.919227	5.48895
1824.0	0.0	0.273082	0.273082	0.921796	5.35037
1825.0	0.0	-0.795379	0.795379	0.766417	11.7797
1826.0	0.0	-0.777878	0.777878	0.866925	6.98709
1827.0	0.0	0.044646	0.044646	0.915688	5.64708
1828.0	0.0	0.712536	0.712536	0.703228	15.7914
1829.0	0.0	0.295039	0.295039	0.882321	6.86937
1830.0	0.0	0.735901	0.735901	0.816504	9.30613
1831.0	0.0	0.497951	0.497951	0.885522	6.5803
1832.0	0.0	0.00643291	0.00643291	0.982783	3.31949
1833.0	0.0	0.0604991	0.0604991	0.933232	5.00022
1834.0	0.0	-0.774737	0.774737	0.828023	8.70149
1835.0	0.0	-0.0491135	0.0491135	0.871484	7.40262
1836.0	0.0	0.262036	0.262036	0.86771	7.49457
1837.0	0.0	-0.280155	0.280155	0.871898	7.30834
1838.0	0.0	-0.06057	0.06057	0.802737	10.5711
1839.0	0.0	-0.000224404	0.000224404	0.884344	6.87375
1840.0	0.0	-0.234616	0.234616	0.926247	5.20531
1841.0	0.0	0.171441	0.171441	0.94902	4.41868
1842.0	0.0	0.680378	0.680378	0.848882	7.90367
1843.0	0.0	-0.578321	0.578321	0.859881	7.55782
1844.0	0.0	0.0704457	0.0704457	0.824903	9.48201
1845.0	0.0	-0.118833	0.118833	0.851623	8.24668
1846.0	0.0	0.0448281	0.0448281	0.714424	15.686
1847.0	0.0	-0.40426	0.40426	0.747592	13.4079
1848.0	0.0	-0.146437	0.146437	0.881568	6.96557
1849.0	0.0	0.495441	0.495441	0.84329	8.37725
1850.0	0.0	-0.119527	0.119527	0.845649	8.51288
1851.0	0.0	0.227967	0.227967	0.922514	5.3453
1852.0	0.0	-0.0690125	0.0690125	0.854025	8.15045
1853.0	0.0	0.497062	0.497062	0.832784	8.85407
1854.0	0.0	0.0317531	0.0317531	0.848516	8.39837
1855.0	0.0	-0.165989	0.165989	0.806284	10.3661
1856.0	0.0	-0.341149	0.341149	0.849959	8.21415
1857.0	0.0	-0.284259	0.284259	0.795394	10.8602
1858.0	0.0	0.148414	0.148414	0.858131	7.95314
1859.0	0.0	0.0300069	0.0300069	0.810464	10.1873
1860.0	0.0	-0.0113874	0.0113874	0.874993	7.25823
1861.0	0.0	0.314058	0.314058	0.789846	11.1285
1862.0	0.0	-0.32349	0.32349	0.832229	9.03085
1863.0	0.0	0.401052	0.401052	0.871316	7.24963
1864.0	0.0	0.257283	0.257283	0.938126	4.76682
1865.0	0.0	0.124608	0.124608	0.785571	11.4482
1866.0	0.0	-0.551498	0.551498	0.834941	8.69457
1867.0	0.0	0.213298	0.213298	0.899454	6.22693
1868.0	0.0	-0.0372935	0.0372935	0.887994	6.72474
1869.0	0.0	-0.202799	0.202799	0.801022	10.6164
1870.0	0.0	0.223561	0.223561	0.840674	8.70034
1871.0	0.0	-0.388329	0.388329	0.91014	5.71378
1872.0	0.0	0.468436	0.468436	0.820167	9.47696
1873.0	0.0	0.251892	0.251892	0.767365	12.3866
1874.0	0.0	0.27658	0.27658	0.813686	9.94579
1875.0	0.0	-0.806323	0.806323	0.866938	6.94156
1876.0	0.0	-0.183538	0.183538	0.88267	6.90832
1877.0	0.0	-0.205398	0.205398	0.839224	8.77469
1878.0	0.0	0.623309	0.623309	0.8524	7.82603
1879.0	0.0	-0.406535	0.406535	0.850087	8.15775
1880.0	0.0	-0.808873	0.808873	0.830059	8.55078
1881.0	0.0	0.288689	0.288689	0.833712	8.9847
1882.0	0.0	-0.261497	0.261497	0.830156	9.16618
1883.0	0.0	0.38875	0.38875	0.736637	14.0838
1884.0	0.0	-0.465854	0.465854	0.844115	8.36989
1885.0	0.0	0.196626	0.196626	0.852778	8.17023
1886.0	0.0	0.273193	0.273193	0.770268	12.2116
1887.0	0.0	0.50201	0.50201	0.813035	9.78634
1888.0	0.0	0.0686995	0.0686995	0.851029	8.28273
1889.0	0.0	0.102055	0.102055	0.897616	6.33319
1890.0	0.0	-0.140431	0.140431	0.786787	11.379
1891.0	0.0	0.264978	0.264978	0.752265	13.244
1892.0	0.0	0.395037	0.395037	0.807845	10.1467
1893.0	0.0	-0.122887	0.122887	0.88633	6.77828
1894.0	0.0	0.340419	0.340419	0.838107	8.74798
1895.0	0.0	-0.607116	0.607116	0.792552	10.685
1896.0	0.0	-0.331588	0.331588	0.79352	10.9243
1897.0	0.0	0.449888	0.449888	0.873727	7.10742
1898.0	0.0	-0.15809	0.15809	0.870355	7.42725
1899.0	0.0	-0.918389	0.918389	0.837544	8.01452
1900.0	0.0	-0.0816146	0.0816146	0.789042	11.2747
1901.0	0.0	-0.266357	0.266357	0.877062	7.10121
1902.0	0.0	-0.0768344	0.0768344	0.83554	8.98238
1903.0	0.0	0.147353	0.147353	0.877929	7.11481
1904.0	0.0	0.188788	0.188788	0.874262	7.25288
1905.0	0.0	-0.332919	0.332919	0.829178	9.16664
1906.0	0.0	-0.727937	0.727937	0.784149	10.9416
1907.0	0.0	0.0659618	0.0659618	0.89173	6.57213
1908.0	0.0	0.422881	0.422881	0.833459	8.89511
1909.0	0.0	0.106576	0.106576	0.76274	12.7088
1910.0	0.0	-0.115243	0.115243	0.909708	5.86251
1911.0	0.0	0.150062	0.150062	0.857162	7.99478
1912.0	0.0	0.244733	0.244733	0.882159	6.90305
1913.0	0.0	0.365474	0.365474	0.92778	5.07545
1914.0	0.0	-0.0241734	0.0241734	0.838714	8.84196
1915.0	0.0	0.269995	0.269995	0.900868	6.1451
1916.0	0.0	0.454301	0.454301	0.8844	6.66661
1917.0	0.0	0.175804	0.175804	0.762774	12.6838
1918.0	0.0	0.251442	0.251442	0.788541	11.237
1919.0	0.0	-0.4959	0.4959	0.913304	5.5035
1920.0	0.0	0.0257515	0.0257515	0.879523	7.07023
1921.0	0.0	-0.369154	0.369154	0.874224	7.15319
1922.0	0.0	0.564837	0.564837	0.947516	4.20534
1923.0	0.0	-0.0402983	0.0402983	0.842029	8.6897
1924.0	0.0	-0.115976	0.115976	0.865458	7.64647
1925.0	0.0	0.430834	0.430834	0.814971	9.7642
1926.0	0.0	0.379548	0.379548	0.879175	6.94111
1927.0	0.0	0.33124	0.33124	0.924726	5.20932
1928.0	0.0	-0.116985	0.116985	0.895947	6.39569
1929.0	0.0	-0.414599	0.414599	0.818865	9.59072
1930.0	0.0	0.573569	0.573569	0.855142	7.76774
1931.0	0.0	0.274642	0.274642	0.879334	7.00313
1932.0	0.0	-0.139122	0.139122	0.870313	7.43473
1933.0	0.0	0.444234	0.444234	0.733515	14.2198
1934.0	0.0	0.273148	0.273148	0.748017	13.4894
1935.0	0.0	-0.478596	0.478596	0.825498	9.21334
1936.0	0.0	-0.00803478	0.00803478	0.836667	8.93655
1937.0	0.0	-0.180071	0.180071	0.819082	9.73133
1938.0	0.0	0.534961	0.534961	0.868087	7.25862
1939.0	0.0	0.287421	0.287421	0.889474	6.585
1940.0	0.0	-0.33897	0.33897	0.818219	9.68356
1941.0	0.0	0.147204	0.147204	0.942865	4.64068
1942.0	0.0	-0.357164	0.357164	0.847154	8.32718
1943.0	0.0	0.408525	0.408525	0.882975	6.7634
1944.0	0.0	0.243971	0.243971	0.828385	9.25873
1945.0	0.0	-0.174793	0.174793	0.843039	8.61349
1946.0	0.0	-0.427574	0.427574	0.922243	5.23141
1947.0	0.0	-0.523785	0.523785	0.806558	10.0807
1948.0	0.0	0.131977	0.131977	0.878137	7.11052
1949.0	0.0	-0.0324565	0.0324565	0.836932	8.92333
1950.0	0.0	0.496418	0.496418	0.844936	8.30249
1951.0	0.0	-0.230811	0.230811	0.844695	8.51493
1952.0	0.0	0.0847141	0.0847141	0.913345	5.73038
1953.0	0.0	-0.121397	0.121397	0.936857	4.85994
1954.0	0.0	-0.0635206	0.0635206	0.900731	6.21752
1955.0	0.0	-0.498228	0.498228	0.851994	7.98807
1956.0	0.0	0.163732	0.163732	0.797184	10.8285
1957.0	0.0	0.117449	0.117449	0.925381	5.276
1958.0	0.0	-0.2548	0.2548	0.896245	6.33372
1959.0	0.0	0.445196	0.445196	0.814706	9.76345
1960.0	0.0	-0.309112	0.309112	0.862182	7.70277
1961.0	0.0	-0.145649	0.145649	0.899248	6.25867
1962.0	0.0	0.252871	0.252871	0.948928	4.3901
1963.0	0.0	-0.914472	0.914472	0.764207	11.668
1964.0	0.0	-0.0441317	0.0441317	0.792223	11.1133
1965.0	0.0	0.115725	0.115725	0.816193	9.89219
1966.0	0.0	-0.476413	0.476413	0.854462	7.90199
1967.0	0.0	-0.880483	0.880483	0.841166	7.92327
1968.0	0.0	-0.768061	0.768061	0.867329	6.98543
1969.0	0.0	0.423487	0.423487	0.808948	10.0664
1970.0	0.0	0.268746	0.268746	0.81695	9.79131
1971.0	0.0	-0.261568	0.261568	0.885896	6.74287
1972.0	0.0	0.20396	0.20396	0.848451	8.35895
1973.0	0.0	0.534056	0.534056	0.804155	10.1885
1974.0	0.0	-0.17616	0.17616	0.904136	6.05913
1975.0	0.0	-0.625473	0.625473	0.902157	5.78726
1976.0	0.0	-0.0454407	0.0454407	0.776723	11.9404
1977.0	0.0	-0.698122	0.698122	0.841077	8.22477
1978.0	0.0	-0.920356	0.920356	0.841607	7.82993
1979.0	0.0	-0.296365	0.296365	0.853458	8.08941
1980.0	0.0	0.183158	0.183158	0.903399	6.08517
1981.0	0.0	-0.85634	0.85634	0.853828	7.41271
1982.0	0.0	0.110337	0.110337	0.845243	8.53334
1983.0	0.0	-0.266456	0.266456	0.897189	6.29069
1984.0	0.0	0.140694	0.140694	0.747873	13.5639
1985.0	0.0	-0.533096	0.533096	0.901589	5.9123
1986.0	0.0	-0.285825	0.285825	0.842709	8.57473
1987.0	0.0	0.345951	0.345951	0.895255	6.31911
1988.0	0.0	0.144751	0.144751	0.868277	7.51906
1989.0	0.0	0.334357	0.334357	0.859654	7.79494
1990.0	0.0	0.00558202	0.00558202	0.881356	6.99564
1991.0	0.0	0.269861	0.269861	0.905822	5.95369
1992.0	0.0	-0.115042	0.115042	0.873972	7.28757
1993.0	0.0	0.738225	0.738225	0.798941	10.1644
1994.0	0.0	-0.575154	0.575154	0.882357	6.62608
1995.0	0.0	0.302248	0.302248	0.875652	7.13905
1996.0	0.0	0.153447	0.153447	0.981977	3.32455
1997.0	0.0	-0.370047	0.370047	0.775975	11.8257
1998.0	0.0	-0.401673	0.401673	0.835027	8.84131
1999.0	0.0	0.356061	0.356061	0.91873	5.41434
2000.0	0.0	-0.122059	0.122059	0.921626	5.41329
2001.0	0.0	-0.297439	0.297439	0.862764	7.68506
2002.0	0.0	0.375236	0.375236	0.925495	5.15191
2003.0	0.0	-0.23773	0.23773	0.778773	11.7662
2004.0	0.0	-0.204137	0.204137	0.845287	8.50046
2005.0	0.0	0.645573	0.645573	0.815506	9.48822
2006.0	0.0	-0.166297	0.166297	0.906774	5.96085
2007.0	0.0	0.259111	0.259111	0.880819	6.95057
2008.0	0.0	0.376475	0.376475	0.850595	8.1597
2009.0	0.0	0.428522	0.428522	0.914006	5.53655
2010.0	0.0	0.935714	0.935714	0.815012	9.02075
2011.0	0.0	0.275265	0.275265	0.858471	7.88307
2012.0	0.0	-0.0874127	0.0874127	0.802868	10.5601
2013.0	0.0	-0.358709	0.358709	0.882773	6.80957
2014.0	0.0	0.152723	0.152723	0.85764	7.97317
2015.0	0.0	-0.295517	0.295517	0.831142	9.09988
2016.0	0.0	-0.0211623	0.0211623	0.895183	6.43886
2017.0	0.0	-0.670707	0.670707	0.86308	7.30461
2018.0	0.0	-0.209062	0.209062	0.876736	7.14205
2019.0	0.0	0.246418	0.246418	0.925522	5.22644
2020.0	0.0	0.476885	0.476885	0.920435	5.25585
2021.0	0.0	-0.0860502	0.0860502	0.794618	10.9827
2022.0	0.0	-0.00126902	0.00126902	0.86781	7.56015
2023.0	0.0	-0.0543969	0.0543969	0.8413	8.72144
2024.0	0.0	-0.725218	0.725218	0.919897	4.99457
2025.0	0.0	0.434395	0.434395	0.807092	10.1482
2026.0	0.0	0.225668	0.225668	0.849354	8.309
2027.0	0.0	-0.0557673	0.0557673	0.824768	9.49046
2028.0	0.0	-0.342067	0.342067	0.792482	10.9703
2029.0	0.0	0.172828	0.172828	0.826821	9.36426
2030.0	0.0	0.358537	0.358537	0.805588	10.2894
2031.0	0.0	-0.408103	0.408103	0.866767	7.43516
2032.0	0.0	-0.542118	0.542118	0.806714	10.0516
2033.0	0.0	-0.0439242	0.0439242	0.794434	10.9984
2034.0	0.0	0.698667	0.698667	0.899541	5.79461
2035.0	0.0	0.0524766	0.0524766	0.870144	7.45867
2036.0	0.0	-0.0466774	0.0466774	0.81239	10.0907
2037.0	0.0	-0.407099	0.407099	0.846799	8.30329
2038.0	0.0	0.20909	0.20909	0.821485	9.60344
2039.0	0.0	-0.411626	0.411626	0.879036	6.92146
2040.0	0.0	0.595965	0.595965	0.816263	9.51814
2041.0	0.0	0.288974	0.288974	0.89823	6.23768
2042.0	0.0	0.594037	0.594037	0.915826	5.30771
2043.0	0.0	1.18766	1.18766	0.832381	7.66326
2044.0	0.0	0.536949	0.536949	0.917142	5.32004
2045.0	0.0	0.123874	0.123874	0.829051	9.27469
2046.0	0.0	-0.174667	0.174667	0.77071	12.2384
2047.0	0.0	-0.538077	0.538077	0.766699	12.1605
2048.0	0.0	-0.196843	0.196843	0.767789	12.3917
2049.0	0.0	-0.901266	0.901266	0.875603	6.42508
2050.0	0.0	0.25846	0.25846	0.840802	8.67685
2051.0	0.0	-0.105604	0.105604	0.872833	7.33725
2052.0	0.0	-0.104074	0.104074	0.89459	6.45212
2053.0	0.0	-0.428346	0.428346	0.892559	6.36305
2054.0	0.0	0.00233918	0.00233918	0.876507	7.19547
2055.0	0.0	0.463429	0.463429	0.836422	8.72084
2056.0	0.0	-0.0560853	0.0560853	0.851155	8.2788
2057.0	0.0	-0.352984	0.352984	0.960928	3.9256
2058.0	0.0	0.108916	0.108916	0.865269	7.65613
2059.0	0.0	-0.517902	0.517902	0.952384	4.08469
2060.0	0.0	-0.853759	0.853759	0.879292	6.35794
2061.0	0.0	0.23904	0.23904	0.816981	9.80624
2062.0	0.0	0.616539	0.616539	0.957718	3.80291
2063.0	0.0	-0.289024	0.289024	0.835591	8.89768
2064.0	0.0	-0.0551828	0.0551828	0.950274	4.39948
2065.0	0.0	0.227249	0.227249	0.945977	4.50398
2066.0	0.0	0.725328	0.725328	0.82321	9.00443
2067.0	0.0	-0.341417	0.341417	0.892253	6.44084
2068.0	0.0	0.041969	0.041969	0.78574	11.4549
2069.0	0.0	-0.345483	0.345483	0.848956	8.25554
2070.0	0.0	0.403768	0.403768	0.794124	10.8336
2071.0	0.0	-0.918642	0.918642	0.823769	8.64241
2072.0	0.0	0.102152	0.102152	0.903003	6.12298
2073.0	0.0	-0.25249	0.25249	0.919721	5.43748
2074.0	0.0	0.43153	0.43153	0.8657	7.46043
2075.0	0.0	-0.0444987	0.0444987	0.806652	10.3759
2076.0	0.0	0.195826	0.195826	0.899592	6.22848
2077.0	0.0	-0.207661	0.207661	0.813574	9.98774
2078.0	0.0	-0.746631	0.746631	0.83201	8.56272
2079.0	0.0	0.787623	0.787623	0.849817	7.70133
2080.0	0.0	-0.230495	0.230495	0.879931	7.00094
2081.0	0.0	-0.577413	0.577413	0.858665	7.61109
2082.0	0.0	0.485665	0.485665	0.746004	13.4152
2083.0	0.0	0.366187	0.366187	0.848771	8.24844
2084.0	0.0	-0.456241	0.456241	0.909071	5.69929
2085.0	0.0	0.101942	0.101942	0.811152	10.1428
2086.0	0.0	1.00584	1.00584	0.832581	8.06386
2087.0	0.0	-0.888242	0.888242	0.838143	8.04394
2088.0	0.0	-0.0617237	0.0617237	0.99489	2.93307
2089.0	0.0	0.220412	0.220412	0.885148	6.79284
2090.0	0.0	-0.138439	0.138439	0.824748	9.47412
2091.0	0.0	0.590842	0.590842	0.841868	8.33308
2092.0	0.0	0.772365	0.772365	0.81516	9.31156
2093.0	0.0	0.246438	0.246438	0.874964	7.19838
2094.0	0.0	-0.331996	0.331996	0.938245	4.72167
2095.0	0.0	-0.350552	0.350552	0.758006	12.8479
2096.0	0.0	0.247916	0.247916	0.842171	8.62031
2097.0	0.0	0.435632	0.435632	0.879749	6.87204
2098.0	0.0	-0.172348	0.172348	0.886556	6.75463
2099.0	0.0	-1.26792	1.26792	0.799233	9.00167
2100.0	0.0	0.11784	0.11784	0.764389	12.6123
2101.0	0.0	-0.416125	0.416125	0.849853	8.15994
2102.0	0.0	-0.126619	0.126619	0.844821	8.54828
2103.0	0.0	0.165067	0.165067	0.927573	5.1831
2104.0	0.0	-0.269053	0.269053	0.783488	11.4944
2105.0	0.0	-0.0165422	0.0165422	0.711222	15.9013
2106.0	0.0	-0.268363	0.268363	0.798309	10.7203
2107.0	0.0	0.630199	0.630199	0.861593	7.42107
2108.0	0.0	0.648932	0.648932	0.786677	10.9313
2109.0	0.0	-0.191368	0.191368	0.854711	8.08738
2110.0	0.0	0.330746	0.330746	0.908131	5.83002
2111.0	0.0	0.305625	0.305625	0.982927	3.23237
2112.0	0.0	-0.171451	0.171451	0.784869	11.4698
2113.0	0.0	-0.201333	0.201333	0.875871	7.18106
2114.0	0.0	-0.0334361	0.0334361	0.784218	11.5368
2115.0	0.0	-0.565885	0.565885	0.891123	6.28599
2116.0	0.0	-0.488696	0.488696	0.906798	5.75627
2117.0	0.0	0.2553	0.2553	0.814067	9.93948
2118.0	0.0	-0.163597	0.163597	0.813743	9.99732
2119.0	0.0	-0.257362	0.257362	0.922076	5.34794
2120.0	0.0	0.432309	0.432309	0.749161	13.287
2121.0	0.0	0.51457	0.51457	0.8659	7.37238
2122.0	0.0	-0.051267	0.051267	0.851527	8.26289
2123.0	0.0	-0.440974	0.440974	0.852658	8.01439
2124.0	0.0	0.537034	0.537034	0.868959	7.21978
2125.0	0.0	0.256008	0.256008	0.845251	8.47712
2126.0	0.0	-0.721322	0.721322	0.872585	6.837
2127.0	0.0	-0.355607	0.355607	0.780371	11.5997
2128.0	0.0	0.106608	0.106608	0.90195	6.16296
2129.0	0.0	-0.0329724	0.0329724	0.85214	8.23738
2130.0	0.0	-0.298086	0.298086	0.832231	9.04758
2131.0	0.0	-0.465136	0.465136	0.937023	4.6665
2132.0	0.0	0.0506362	0.0506362	0.790725	11.191
2133.0	0.0	0.741668	0.741668	0.810194	9.60171
2134.0	0.0	-0.392937	0.392937	0.763875	12.4765
2135.0	0.0	-0.378302	0.378302	0.880569	6.88502
2136.0	0.0	-0.0109605	0.0109605	0.902883	6.13769
2137.0	0.0	0.14601	0.14601	0.975085	3.54962
2138.0	0.0	-0.454336	0.454336	0.810575	9.95655
2139.0	0.0	0.621806	0.621806	0.947282	4.15173
2140.0	0.0	0.206286	0.206286	0.742859	13.8371
2141.0	0.0	-0.382085	0.382085	0.901531	6.04832
2142.0	0.0	0.16366	0.16366	0.829375	9.24724
2143.0	0.0	-0.260105	0.260105	0.838734	8.77022
2144.0	0.0	-0.177376	0.177376	0.789348	11.2305
2145.0	0.0	0.664512	0.664512	0.797477	10.3523
2146.0	0.0	-0.384473	0.384473	0.838	8.71921
2147.0	0.0	0.0588908	0.0588908	0.875903	7.21704
2148.0	0.0	0.402082	0.402082	0.8509	8.12558
2149.0	0.0	-0.462623	0.462623	0.805202	10.2145
2150.0	0.0	0.57029	0.57029	0.927516	4.90541
2151.0	0.0	0.163138	0.163138	0.889435	6.64189
2152.0	0.0	-0.405972	0.405972	0.834346	8.869
2153.0	0.0	-0.533734	0.533734	0.880932	6.72929
2154.0	0.0	-0.0372987	0.0372987	0.850254	8.32059
2155.0	0.0	-0.417536	0.417536	0.787207	11.1815
2156.0	0.0	0.507443	0.507443	0.857569	7.73583
2157.0	0.0	0.16463	0.16463	0.922921	5.35388
2158.0	0.0	0.424653	0.424653	0.803255	10.3492
2159.0	0.0	0.274956	0.274956	0.825972	9.35535
2160.0	0.0	0.344183	0.344183	0.897436	6.23464
2161.0	0.0	-0.612703	0.612703	0.925622	4.92706
2162.0	0.0	0.293027	0.293027	0.846368	8.4058
2163.0	0.0	0.284493	0.284493	0.805862	10.3282
2164.0	0.0	-0.349574	0.349574	0.906052	5.89715
2165.0	0.0	-0.160434	0.160434	0.824115	9.49714
2166.0	0.0	0.546693	0.546693	0.882261	6.66156
2167.0	0.0	0.0534577	0.0534577	0.853471	8.17682
2168.0	0.0	-0.044656	0.044656	0.800825	10.67
2169.0	0.0	-0.144107	0.144107	0.832789	9.09409
2170.0	0.0	-0.581985	0.581985	0.776944	11.5418
2171.0	0.0	0.0760498	0.0760498	0.69988	16.6675
2172.0	0.0	-0.19473	0.19473	0.802049	10.5679
2173.0	0.0	-0.0414412	0.0414412	0.802984	10.5608
2174.0	0.0	0.140676	0.140676	0.855753	8.05916
2175.0	0.0	-0.38796	0.38796	0.83848	8.69446
2176.0	0.0	0.405534	0.405534	0.846061	8.33757
2177.0	0.0	-0.924143	0.924143	0.843152	7.75455
2178.0	0.0	-0.0839713	0.0839713	0.9499	4.40875
2179.0	0.0	0.0851783	0.0851783	0.932338	5.02906
2180.0	0.0	0.00675153	0.00675153	0.894213	6.47767
2181.0	0.0	0.360849	0.360849	0.932479	4.90882
2182.0	0.0	0.426061	0.426061	0.838136	8.67749
2183.0	0.0	0.337459	0.337459	0.886854	6.65921
2184.0	0.0	0.346856	0.346856	0.837025	8.79288
2185.0	0.0	-0.0300848	0.0300848	0.809779	10.2212
2186.0	0.0	0.250737	0.250737	0.77022	12.228
2187.0	0.0	0.191456	0.191456	0.883355	6.87748
2188.0	0.0	-0.336014	0.336014	0.789925	11.1082
2189.0	0.0	0.130935	0.130935	0.774837	12.0262
2190.0	0.0	0.0204891	0.0204891	0.948104	4.47713
2191.0	0.0	0.307573	0.307573	0.808285	10.1924
2192.0	0.0	0.0305761	0.0305761	0.852021	8.2428
2193.0	0.0	0.067061	0.067061	0.776747	11.9362
2194.0	0.0	0.101157	0.101157	0.871575	7.3909
2195.0	0.0	0.517506	0.517506	0.905009	5.79675
2196.0	0.0	0.547441	0.547441	0.802724	10.2442
2197.0	0.0	-0.171961	0.171961	0.853658	8.1409
2198.0	0.0	0.114961	0.114961	0.865503	7.64478
2199.0	0.0	0.659649	0.659649	0.821213	9.19567
2200.0	0.0	-0.0897994	0.0897994	0.825998	9.42666
2201.0	0.0	0.753814	0.753814	0.834595	8.43335
2202.0	0.0	0.180411	0.180411	0.86735	7.54655
2203.0	0.0	-0.240853	0.240853	0.930006	5.06571
2204.0	0.0	0.574578	0.574578	0.87221	7.04233
2205.0	0.0	-0.0226071	0.0226071	0.825485	9.45914
2206.0	0.0	0.178369	0.178369	0.832357	9.10242
2207.0	0.0	0.261825	0.261825	0.792474	11.0252
2208.0	0.0	0.14686	0.14686	0.876206	7.18626
2209.0	0.0	0.225581	0.225581	0.809717	10.1693
2210.0	0.0	0.0935172	0.0935172	0.989299	3.10435
2211.0	0.0	0.888775	0.888775	0.862984	6.96714
2212.0	0.0	0.788425	0.788425	0.836605	8.28658
2213.0	0.0	0.098615	0.098615	0.849151	8.36097
2214.0	0.0	-0.420332	0.420332	0.799436	10.5463
2215.0	0.0	-0.0875483	0.0875483	0.815338	9.94013
2216.0	0.0	-0.404814	0.404814	0.78263	11.436
2217.0	0.0	-0.350489	0.350489	0.813884	9.88551
2218.0	0.0	-0.195667	0.195667	0.849979	8.29443
2219.0	0.0	-0.399449	0.399449	0.773277	11.9471
2220.0	0.0	0.552189	0.552189	0.89021	6.33714
2221.0	0.0	-0.0272049	0.0272049	0.878545	7.11045
2222.0	0.0	0.0420242	0.0420242	0.740203	14.0479
2223.0	0.0	1.09865	1.09865	0.793477	9.71573
2224.0	0.0	0.2114	0.2114	0.849184	8.32307
2225.0	0.0	-0.0037847	0.0037847	0.846405	8.49386
2226.0	0.0	0.0326236	0.0326236	0.971167	3.69617
2227.0	0.0	0.411652	0.411652	0.86967	7.30989
2228.0	0.0	-0.534919	0.534919	0.854493	7.83988
2229.0	0.0	0.192042	0.192042	0.773429	12.0807
2230.0	0.0	0.265701	0.265701	0.766995	12.3989
2231.0	0.0	0.261974	0.261974	0.868252	7.47168
2232.0	0.0	-0.792959	0.792959	0.892575	5.92901
2233.0	0.0	0.188704	0.188704	0.790801	11.1496
2234.0	0.0	-0.500661	0.500661	0.849645	8.0889
2235.0	0.0	0.439369	0.439369	0.925187	5.11395
2236.0	0.0	0.472624	0.472624	0.843915	8.37222
2237.0	0.0	0.68738	0.68738	0.768419	11.8535
2238.0	0.0	0.125092	0.125092	0.868158	7.5295
2239.0	0.0	-0.472205	0.472205	0.757243	12.7735
2240.0	0.0	0.14228	0.14228	0.834329	9.02313
2241.0	0.0	0.0410493	0.0410493	0.925256	5.29202
2242.0	0.0	-0.0422579	0.0422579	0.976147	3.53244
2243.0	0.0	-0.467591	0.467591	0.787907	11.0947
2244.0	0.0	-0.157085	0.157085	0.813303	10.0212
2245.0	0.0	-0.218667	0.218667	0.864347	7.65883
2246.0	0.0	-0.188028	0.188028	0.908723	5.87879
2247.0	0.0	-0.653775	0.653775	0.848004	7.97884
2248.0	0.0	0.331501	0.331501	0.880401	6.92497
2249.0	0.0	-0.0958769	0.0958769	0.877938	7.12699
2250.0	0.0	-0.149246	0.149246	0.906567	5.97399
2251.0	0.0	0.263393	0.263393	0.789118	11.1997
2252.0	0.0	0.281656	0.281656	0.795881	10.8367
2253.0	0.0	0.143366	0.143366	0.966168	3.84423
2254.0	0.0	-0.470688	0.470688	0.900591	6.01148
2255.0	0.0	0.313035	0.313035	0.829398	9.17006
2256.0	0.0	-0.138868	0.138868	0.86622	7.60807
2257.0	0.0	-0.675848	0.675848	0.861014	7.3853
2258.0	0.0	0.596295	0.596295	0.812027	9.72306
2259.0	0.0	0.541552	0.541552	0.796046	10.5895
2260.0	0.0	0.12103	0.12103	0.882665	6.92753
2261.0	0.0	0.174553	0.174553	0.88031	7.00807
2262.0	0.0	0.254977	0.254977	0.842141	8.61794
2263.0	0.0	0.703586	0.703586	0.908481	5.44753
2264.0	0.0	-0.566223	0.566223	0.800781	10.3189
2265.0	0.0	-0.97367	0.97367	0.781937	10.5901
2266.0	0.0	0.59192	0.59192	0.827885	8.9721
2267.0	0.0	-0.16594	0.16594	0.829642	9.23393
2268.0	0.0	0.244684	0.244684	0.871907	7.3268
2269.0	0.0	-0.443252	0.443252	0.832174	8.93589
2270.0	0.0	0.591429	0.591429	0.868135	7.19253
2271.0	0.0	0.213496	0.213496	0.880963	6.96619
2272.0	0.0	-1.17376	1.17376	0.829732	7.81548
2273.0	0.0	-0.474906	0.474906	0.918394	5.3331
2274.0	0.0	-0.163837	0.163837	0.858129	7.94826
2275.0	0.0	0.170376	0.170376	0.883913	6.8624
2276.0	0.0	-0.305344	0.305344	0.787133	11.2772
2277.0	0.0	-0.0943994	0.0943994	0.827039	9.37647
2278.0	0.0	0.335051	0.335051	0.761802	12.6434
2279.0	0.0	0.275125	0.275125	0.819489	9.66479
2280.0	0.0	0.421566	0.421566	0.84253	8.4822
2281.0	0.0	0.36959	0.36959	0.81958	9.59452
2282.0	0.0	0.443268	0.443268	0.810782	9.9572
2283.0	0.0	-0.247755	0.247755	0.824099	9.45952
2284.0	0.0	-0.623691	0.623691	0.878976	6.70567
2285.0	0.0	-0.105296	0.105296	0.864437	7.69247
2286.0	0.0	-0.0592851	0.0592851	0.844931	8.55649
2287.0	0.0	-0.0936407	0.0936407	0.94164	4.69576
2288.0	0.0	-0.201697	0.201697	0.907036	5.9382
2289.0	0.0	0.527765	0.527765	0.820372	9.40351
2290.0	0.0	0.242436	0.242436	0.949483	4.37565
2291.0	0.0	-0.700593	0.700593	0.892778	6.05469
2292.0	0.0	0.2772	0.2772	0.863251	7.67606
2293.0	0.0	-0.0355436	0.0355436	0.804783	10.4705
2294.0	0.0	0.334808	0.334808	0.968633	3.6802
2295.0	0.0	-0.00607523	0.00607523	0.82277	9.5891
2296.0	0.0	0.185185	0.185185	0.74062	13.9829
2297.0	0.0	0.236463	0.236463	0.764823	12.5383
2298.0	0.0	-0.0879093	0.0879093	0.768707	12.3765
2299.0	0.0	-0.125603	0.125603	0.88108	6.99121
2300.0	0.0	-0.194899	0.194899	0.82899	9.25334
2301.0	0.0	0.218558	0.218558	0.883318	6.86792
2302.0	0.0	-0.96267	0.96267	0.813679	9.02982
2303.0	0.0	0.866578	0.866578	0.808221	9.48095
2304.0	0.0	-0.084568	0.084568	0.847785	8.42461
2305.0	0.0	0.282369	0.282369	0.832497	9.0449
2306.0	0.0	-0.51561	0.51561	0.855737	7.8066
2307.0	0.0	-0.467091	0.467091	0.867227	7.36349
2308.0	0.0	-0.330745	0.330745	0.829878	9.13542
2309.0	0.0	0.609091	0.609091	0.750721	12.9761
2310.0	0.0	0.185364	0.185364	0.884098	6.84955
2311.0	0.0	0.154323	0.154323	0.956545	4.1653
2312.0	0.0	0.613901	0.613901	0.83347	8.68548
2313.0	0.0	0.130241	0.130241	0.800118	10.6894
2314.0	0.0	0.865552	0.865552	0.797944	9.99061
2315.0	0.0	0.45204	0.45204	0.908142	5.73824
2316.0	0.0	0.300134	0.300134	0.893213	6.42878
2317.0	0.0	-0.273404	0.273404	0.846696	8.40271
2318.0	0.0	0.12169	0.12169	0.865786	7.63109
2319.0	0.0	0.137143	0.137143	0.836614	8.91915
2320.0	0.0	-0.0403814	0.0403814	0.796933	10.8696
2321.0	0.0	0.0840513	0.0840513	0.776618	11.9403
2322.0	0.0	-0.688173	0.688173	0.867487	7.09532
2323.0	0.0	-0.651768	0.651768	0.842165	8.241
2324.0	0.0	0.715176	0.715176	0.891555	6.0826
2325.0	0.0	0.60521	0.60521	0.80331	10.1417
2326.0	0.0	0.0361394	0.0361394	0.886154	6.79908
2327.0	0.0	0.0322125	0.0322125	0.832472	9.1299
2328.0	0.0	-0.680713	0.680713	0.778736	11.3037
2329.0	0.0	0.0853622	0.0853622	0.865292	7.65983
2330.0	0.0	0.600966	0.600966	0.880356	6.67711
2331.0	0.0	-1.03891	1.03891	0.753677	11.9767
2332.0	0.0	-0.213445	0.213445	0.796994	10.8173
2333.0	0.0	0.337127	0.337127	0.862619	7.66554
2334.0	0.0	6.79305e-05	6.79305e-05	0.884966	6.84853
2335.0	0.0	-0.690885	0.690885	0.864239	7.22796
2336.0	0.0	-0.294993	0.294993	0.729458	14.6089
2337.0	0.0	-0.332699	0.332699	0.815837	9.80355
2338.0	0.0	0.340527	0.340527	0.832233	9.01865
2339.0	0.0	-0.495879	0.495879	0.827981	9.07866
2340.0	0.0	0.172675	0.172675	0.854402	8.10796
2341.0	0.0	-0.669789	0.669789	0.925372	4.8677
2342.0	0.0	0.685116	0.685116	0.835118	8.51296
2343.0	0.0	0.106853	0.106853	0.898907	6.28159
2344.0	0.0	0.244989	0.244989	0.850545	8.24672
2345.0	0.0	0.226689	0.226689	0.929444	5.09231
2346.0	0.0	0.0820055	0.0820055	0.830765	9.20354
2347.0	0.0	0.52371	0.52371	0.951918	4.09509
2348.0	0.0	0.141267	0.141267	0.9216	5.40945
2349.0	0.0	0.207819	0.207819	0.851026	8.24289
2350.0	0.0	0.114355	0.114355	0.811326	10.1313
2351.0	0.0	0.0314322	0.0314322	0.934916	4.94219
2352.0	0.0	-0.0679104	0.0679104	0.860002	7.88993
2353.0	0.0	0.259679	0.259679	0.899498	6.20379
2354.0	0.0	-0.121352	0.121352	0.823282	9.54875
2355.0	0.0	-0.814842	0.814842	0.852651	7.53383
2356.0	0.0	-0.32606	0.32606	0.87439	7.17638
2357.0	0.0	-0.0945258	0.0945258	0.871945	7.37667
2358.0	0.0	-0.211517	0.211517	0.87503	7.21175
2359.0	0.0	0.493516	0.493516	0.84868	8.13891
2360.0	0.0	0.0763934	0.0763934	0.971958	3.66588
2361.0	0.0	-0.0506189	0.0506189	0.802063	10.6065
2362.0	0.0	-0.472154	0.472154	0.824107	9.28561
2363.0	0.0	-0.136211	0.136211	0.868223	7.52375
2364.0	0.0	0.0835407	0.0835407	0.858816	7.93886
2365.0	0.0	-0.219537	0.219537	0.836836	8.87779
2366.0	0.0	0.300008	0.300008	0.824073	9.42991
2367.0	0.0	-0.281698	0.281698	0.812437	10.0039
2368.0	0.0	0.214981	0.214981	0.905695	5.98434
2369.0	0.0	-0.726351	0.726351	0.799749	10.1429
2370.0	0.0	-0.201962	0.201962	0.872	7.34215
2371.0	0.0	-0.679271	0.679271	0.868396	7.06954
2372.0	0.0	0.81712	0.81712	0.837833	8.18334
2373.0	0.0	0.0616681	0.0616681	0.900457	6.22847
2374.0	0.0	-0.270127	0.270127	0.820366	9.62553
2375.0	0.0	-0.149477	0.149477	0.790157	11.1984
2376.0	0.0	-0.123473	0.123473	0.854149	8.13414
2377.0	0.0	0.0216194	0.0216194	0.866166	7.62954
2378.0	0.0	0.253979	0.253979	0.832924	9.04127
2379.0	0.0	-0.339531	0.339531	0.829478	9.14783
2380.0	0.0	0.346342	0.346342	0.837192	8.78558
2381.0	0.0	-0.120319	0.120319	0.874346	7.27072
2382.0	0.0	-0.566732	0.566732	0.855578	7.75679
2383.0	0.0	-0.285173	0.285173	0.810701	10.0873
2384.0	0.0	-0.537555	0.537555	0.825701	9.13977
2385.0	0.0	0.239914	0.239914	0.856095	8.0052
2386.0	0.0	-0.0755234	0.0755234	0.94433	4.604
2387.0	0.0	0.341781	0.341781	0.872033	7.26405
2388.0	0.0	-0.42919	0.42919	0.961611	3.84886
2389.0	0.0	0.471425	0.471425	0.828407	9.08394
2390.0	0.0	0.390078	0.390078	0.835532	8.82775
2391.0	0.0	0.101568	0.101568	0.928604	5.1615
2392.0	0.0	-0.209628	0.209628	0.746599	13.6108
2393.0	0.0	-0.339639	0.339639	0.824367	9.38869
2394.0	0.0	-0.337968	0.337968	0.860806	7.74282
2395.0	0.0	-0.891552	0.891552	0.779766	10.8751
2396.0	0.0	-1.04768	1.04768	0.839569	7.66366
2397.0	0.0	-0.173042	0.173042	0.883766	6.86745
2398.0	0.0	0.440122	0.440122	0.869673	7.28531
2399.0	0.0	0.368209	0.368209	0.925228	5.16658
2400.0	0.0	-0.269732	0.269732	0.925109	5.2302
2401.0	0.0	0.629872	0.629872	0.914705	5.30787
2402.0	0.0	-0.0900894	0.0900894	0.860105	7.88185
2403.0	0.0	-0.0876449	0.0876449	0.78455	11.5116
2404.0	0.0	-0.258164	0.258164	0.87036	7.38486
2405.0	0.0	-0.0277473	0.0277473	0.817869	9.82444
2406.0	0.0	0.230637	0.230637	0.870119	7.4086
2407.0	0.0	-0.487037	0.487037	0.860283	7.63967
2408.0	0.0	0.0809628	0.0809628	0.879875	7.04987
2409.0	0.0	0.00992641	0.00992641	0.917526	5.57998
2410.0	0.0	0.774141	0.774141	0.85427	7.52967
2411.0	0.0	0.317488	0.317488	0.820373	9.59508
2412.0	0.0	0.247756	0.247756	0.767946	12.3565
2413.0	0.0	-0.0943547	0.0943547	0.89806	6.31723
2414.0	0.0	-0.0810997	0.0810997	0.799222	10.7467
2415.0	0.0	-0.171368	0.171368	0.99391	2.94135
2416.0	0.0	-0.0423462	0.0423462	0.785862	11.4485
2417.0	0.0	-0.279921	0.279921	0.751052	13.3055
2418.0	0.0	0.0253906	0.0253906	0.807275	10.3462
2419.0	0.0	0.103625	0.103625	0.854926	8.10473
2420.0	0.0	0.0128966	0.0128966	0.822391	9.60711
2421.0	0.0	-1.11583	1.11583	0.816032	8.58223
2422.0	0.0	-0.669664	0.669664	0.775175	11.5121
2423.0	0.0	0.855685	0.855685	0.820352	8.92016
2424.0	0.0	0.226101	0.226101	0.925111	5.25059
2425.0	0.0	0.171051	0.171051	0.794713	10.9532
2426.0	0.0	0.189839	0.189839	0.78582	11.4117
2427.0	0.0	-0.399391	0.399391	0.835001	8.84444
2428.0	0.0	0.181901	0.181901	0.792537	11.0619
2429.0	0.0	-0.0287826	0.0287826	0.857257	8.01302
2430.0	0.0	0.81802	0.81802	0.798647	10.0429
2431.0	0.0	0.463511	0.463511	0.833536	8.85345
2432.0	0.0	-0.0270347	0.0270347	0.87993	7.05343
2433.0	0.0	-0.335824	0.335824	0.753363	13.129
2434.0	0.0	0.144111	0.144111	0.854537	8.11141
2435.0	0.0	0.0254213	0.0254213	0.891355	6.59075
2436.0	0.0	-0.609899	0.609899	0.873357	6.95302
2437.0	0.0	-0.00972412	0.00972412	0.876829	7.18201
2438.0	0.0	-0.289234	0.289234	0.917026	5.5189
2439.0	0.0	-0.561231	0.561231	0.841838	8.37
2440.0	0.0	0.0516286	0.0516286	0.846912	8.46834
2441.0	0.0	-0.691749	0.691749	0.888253	6.24495
2442.0	0.0	-0.415605	0.415605	0.991278	2.8986
2443.0	0.0	0.142242	0.142242	0.945608	4.54585
2444.0	0.0	-0.067303	0.067303	0.810692	10.172
2445.0	0.0	0.256957	0.256957	0.896993	6.30325
2446.0	0.0	0.294196	0.294196	0.879187	6.99805
2447.0	0.0	-0.451419	0.451419	0.894129	6.2812
2448.0	0.0	0.499553	0.499553	0.818701	9.51479
2449.0	0.0	0.369739	0.369739	0.985433	3.11441
2450.0	0.0	-0.223053	0.223053	0.886506	6.73678
2451.0	0.0	0.118691	0.118691	0.827458	9.35113
2452.0	0.0	0.0791026	0.0791026	0.936589	4.8774
2453.0	0.0	-0.10129	0.10129	0.843067	8.63358
2454.0	0.0	0.984215	0.984215	0.747482	12.4598
2455.0	0.0	0.331591	0.331591	0.847843	8.31483
2456.0	0.0	-0.0800067	0.0800067	0.877192	7.16065
2457.0	0.0	-0.526105	0.526105	0.901992	5.9039
2458.0	0.0	-0.260792	0.260792	0.896563	6.31821
2459.0	0.0	0.195064	0.195064	0.907146	5.93653
2460.0	0.0	0.155279	0.155279	0.862032	7.78232
2461.0	0.0	1.01119	1.01119	0.827423	8.28709
2462.0	0.0	0.292742	0.292742	0.8748	7.18009
2463.0	0.0	1.06956	1.06956	0.8672	6.44169
2464.0	0.0	0.476327	0.476327	0.816128	9.66333
2465.0	0.0	-0.906202	0.906202	0.918551	4.76798
2466.0	0.0	-0.45322	0.45322	0.828577	9.09391
2467.0	0.0	-0.181697	0.181697	0.895135	6.40876
2468.0	0.0	0.426903	0.426903	0.857232	7.82751
2469.0	0.0	0.333137	0.333137	0.921709	5.31906
2470.0	0.0	-0.276071	0.276071	0.846157	8.42529
2471.0	0.0	-0.805823	0.805823	0.796454	10.175
2472.0	0.0	0.415386	0.415386	0.804581	10.2913
2473.0	0.0	-0.263871	0.263871	0.859695	7.8364
2474.0	0.0	-0.360312	0.360312	0.88875	6.5674
2475.0	0.0	-0.474599	0.474599	0.814622	9.73813
2476.0	0.0	0.51297	0.51297	0.857008	7.75431
2477.0	0.0	-0.204727	0.204727	0.868858	7.4732
2478.0	0.0	0.538584	0.538584	0.781439	11.356
2479.0	0.0	0.446239	0.446239	0.872817	7.14851
2480.0	0.0	0.633157	0.633157	0.73638	13.7956
2481.0	0.0	0.286281	0.286281	0.871161	7.33571
2482.0	0.0	0.0349079	0.0349079	0.886963	6.76648
2483.0	0.0	0.575099	0.575099	0.76752	12.067
2484.0	0.0	0.454539	0.454539	0.710816	15.6655
2485.0	0.0	0.8955	0.8955	0.80582	9.54318
2486.0	0.0	0.54462	0.54462	0.798511	10.4602
2487.0	0.0	0.469798	0.469798	0.781889	11.4108
2488.0	0.0	-0.355519	0.355519	0.982845	3.2059
2489.0	0.0	0.944916	0.944916	0.782926	10.5999
2490.0	0.0	0.420959	0.420959	0.849265	8.18178
2491.0	0.0	-0.559654	0.559654	0.849668	8.02326
2492.0	0.0	0.431117	0.431117	0.816848	9.67293
2493.0	0.0	0.217465	0.217465	0.849035	8.32697
2494.0	0.0	-0.619959	0.619959	0.876361	6.81708
2495.0	0.0	0.000335572	0.000335572	0.836369	8.95038
2496.0	0.0	-0.838222	0.838222	0.842583	7.93514
2497.0	0.0	0.903609	0.903609	0.817212	8.97905
2498.0	0.0	0.622722	0.622722	0.799675	10.3005
2499.0	0.0	0.595903	0.595903	0.906866	5.64214
2500.0	0.0	-0.541741	0.541741	0.778842	11.4912
2501.0	0.0	-0.692991	0.692991	0.875358	6.76289
2502.0	0.0	-0.29794	0.29794	0.82159	9.54972
2503.0	0.0	-0.068288	0.068288	0.825985	9.43095
2504.0	0.0	-0.197609	0.197609	0.892352	6.51314
2505.0	0.0	0.108068	0.108068	0.977189	3.48972
2506.0	0.0	0.0285024	0.0285024	0.872003	7.38248
2507.0	0.0	0.151938	0.151938	0.871616	7.37616
2508.0	0.0	0.473008	0.473008	0.867051	7.36528
2509.0	0.0	0.393661	0.393661	0.845156	8.38796
2510.0	0.0	-0.594409	0.594409	0.889403	6.32174
2511.0	0.0	-0.619401	0.619401	0.865981	7.24891
2512.0	0.0	0.219705	0.219705	0.839101	8.77389
2513.0	0.0	-0.103481	0.103481	0.867867	7.54684
2514.0	0.0	0.375341	0.375341	0.830851	9.05646
2515.0	0.0	0.364386	0.364386	0.836687	8.7952
2516.0	0.0	0.0965546	0.0965546	0.832195	9.13397
2517.0	0.0	0.346003	0.346003	0.759514	12.7651
2518.0	0.0	0.170804	0.170804	0.902545	6.12253
2519.0	0.0	-0.430532	0.430532	0.907832	5.7683
2520.0	0.0	0.11122	0.11122	0.815244	9.93962
2521.0	0.0	-0.0454635	0.0454635	0.881076	7.00508
2522.0	0.0	0.252732	0.252732	0.924109	5.27529
2523.0	0.0	0.354718	0.354718	0.889858	6.52705
2524.0	0.0	0.0785027	0.0785027	0.910693	5.83188
2525.0	0.0	0.588637	0.588637	0.800935	10.2825
2526.0	0.0	0.635063	0.635063	0.8847	6.4603
2527.0	0.0	0.271172	0.271172	0.840945	8.66324
2528.0	0.0	0.409376	0.409376	0.903666	5.94496
2529.0	0.0	0.0823976	0.0823976	0.844341	8.57964
2530.0	0.0	-0.127438	0.127438	0.906108	5.99746
2531.0	0.0	-0.0688364	0.0688364	0.825637	9.44737
2532.0	0.0	-0.140373	0.140373	0.839019	8.80782
2533.0	0.0	0.729948	0.729948	0.829044	8.72525
2534.0	0.0	0.198053	0.198053	0.932527	4.99227
2535.0	0.0	-0.50877	0.50877	0.826754	9.12242
2536.0	0.0	0.678898	0.678898	0.872005	6.92014
2537.0	0.0	-0.0986525	0.0986525	0.820095	9.70709
2538.0	0.0	0.148899	0.148899	0.890261	6.61322
2539.0	0.0	0.245909	0.245909	0.802093	10.5406
2540.0	0.0	-0.122688	0.122688	0.978998	3.42811
2541.0	0.0	-0.077127	0.077127	0.863846	7.72302
2542.0	0.0	-0.0825315	0.0825315	0.848905	8.37497
2543.0	0.0	0.0731296	0.0731296	0.854397	8.1335
2544.0	0.0	-0.128906	0.128906	0.799254	10.7338
2545.0	0.0	-0.473196	0.473196	0.823323	9.32171
2546.0	0.0	-0.182443	0.182443	0.832295	9.10374
2547.0	0.0	0.714434	0.714434	0.836638	8.40096
2548.0	0.0	0.379299	0.379299	0.88482	6.71154
2549.0	0.0	0.242214	0.242214	0.864902	7.62405
2550.0	0.0	0.569138	0.569138	0.834468	8.69541
2551.0	0.0	0.401509	0.401509	0.807066	10.1797
2552.0	0.0	-0.0018009	0.0018009	0.778119	11.8667
2553.0	0.0	0.723635	0.723635	0.868076	7.02055
2554.0	0.0	0.505886	0.505886	0.862506	7.52546
2555.0	0.0	-0.124973	0.124973	0.884956	6.83338
2556.0	0.0	0.169679	0.169679	0.794936	10.9422
2557.0	0.0	-0.225287	0.225287	0.840429	8.71071
2558.0	0.0	-0.247808	0.247808	0.841456	8.65282
2559.0	0.0	0.363253	0.363253	0.934427	4.83739
2560.0	0.0	0.032517	0.032517	0.882821	6.93474
2561.0	0.0	0.222377	0.222377	0.769613	12.2773
2562.0	0.0	0.636727	0.636727	0.765231	12.1078
2563.0	0.0	0.377597	0.377597	0.818665	9.63206
2564.0	0.0	0.179392	0.179392	0.86386	7.6956
2565.0	0.0	0.277687	0.277687	0.832695	9.03849
2566.0	0.0	-0.592704	0.592704	0.806537	9.99752
2567.0	0.0	-0.0146448	0.0146448	0.785802	11.4534
2568.0	0.0	-0.937067	0.937067	0.808279	9.34143
2569.0	0.0	-0.962713	0.962713	0.862518	6.85015
2570.0	0.0	-0.481341	0.481341	0.827139	9.13331
2571.0	0.0	-0.617415	0.617415	0.894084	6.11001
2572.0	0.0	-0.65239	0.65239	0.84667	8.03964
2573.0	0.0	0.118271	0.118271	0.835981	8.95341
2574.0	0.0	0.503953	0.503953	0.825288	9.19658
2575.0	0.0	0.219212	0.219212	0.938974	4.75358
2576.0	0.0	-0.0534258	0.0534258	0.858852	7.94155
2577.0	0.0	0.419833	0.419833	0.898461	6.13826
2578.0	0.0	0.0814218	0.0814218	0.921642	5.42058
2579.0	0.0	-0.40777	0.40777	0.832266	8.96368
2580.0	0.0	0.351521	0.351521	0.834355	8.91227
2581.0	0.0	-0.113639	0.113639	0.843986	8.5892
2582.0	0.0	0.60051	0.60051	0.919842	5.15198
2583.0	0.0	-0.738779	0.738779	0.780972	11.0914
2584.0	0.0	0.313426	0.313426	0.827143	9.27573
2585.0	0.0	0.226436	0.226436	0.895124	6.39131
2586.0	0.0	-0.0354873	0.0354873	0.906072	6.01337
2587.0	0.0	-0.14276	0.14276	0.866105	7.61182
2588.0	0.0	-0.23447	0.23447	0.868858	7.45994
2589.0	0.0	-0.431568	0.431568	0.840036	8.5861
2590.0	0.0	-0.677419	0.677419	0.870008	7.00491
2591.0	0.0	0.437965	0.437965	0.870252	7.26293
2592.0	0.0	0.0427093	0.0427093	0.823304	9.56165
2593.0	0.0	-0.297639	0.297639	0.847889	8.33499
2594.0	0.0	0.164239	0.164239	0.836031	8.93733
2595.0	0.0	-1.00365	1.00365	0.857838	6.96632
2596.0	0.0	-0.289248	0.289248	0.849427	8.27173
2597.0	0.0	-0.0085976	0.0085976	0.902886	6.13759
2598.0	0.0	0.321718	0.321718	0.797413	10.731
2599.0	0.0	0.05488	0.05488	0.860674	7.86249
2600.0	0.0	-0.616435	0.616435	0.866859	7.21568
2601.0	0.0	-0.256698	0.256698	0.805881	10.3439
2602.0	0.0	-0.0712751	0.0712751	0.843245	8.63096
2603.0	0.0	0.333913	0.333913	0.854729	8.00927
2604.0	0.0	0.520549	0.520549	0.800293	10.3983
2605.0	0.0	-0.833351	0.833351	0.875664	6.53851
2606.0	0.0	-0.155349	0.155349	0.956029	4.18259
2607.0	0.0	-0.279169	0.279169	0.762901	12.6213
2608.0	0.0	0.0667355	0.0667355	0.809332	10.2395
2609.0	0.0	-0.149451	0.149451	0.872757	7.32913
2610.0	0.0	0.30955	0.30955	0.866034	7.53806
2611.0	0.0	0.145314	0.145314	0.811546	10.1116
2612.0	0.0	0.927044	0.927044	0.805161	9.51343
2613.0	0.0	-0.0577273	0.0577273	0.789468	11.256
2614.0	0.0	-0.057767	0.057767	0.912817	5.75401
2615.0	0.0	0.0648274	0.0648274	0.876301	7.19978
2616.0	0.0	0.170528	0.170528	0.835968	8.93802
2617.0	0.0	-0.0332299	0.0332299	0.885206	6.83766
2618.0	0.0	0.640277	0.640277	0.895528	6.02564
2619.0	0.0	0.236846	0.236846	0.881264	6.94338
2620.0	0.0	-0.0514216	0.0514216	0.800765	10.6723
2621.0	0.0	-0.612177	0.612177	0.857304	7.62749
2622.0	0.0	0.293588	0.293588	0.868275	7.45289
2623.0	0.0	1.09211	1.09211	0.857525	6.7948
2624.0	0.0	0.29486	0.29486	0.799005	10.6681
2625.0	0.0	0.84027	0.84027	0.804907	9.69172
2626.0	0.0	-0.0689204	0.0689204	0.879434	7.0698
2627.0	0.0	-0.139299	0.139299	0.812581	10.0625
2628.0	0.0	-0.458838	0.458838	0.938713	4.61211
2629.0	0.0	0.387227	0.387227	0.783125	11.4255
2630.0	0.0	0.0693539	0.0693539	0.856092	8.05978
2631.0	0.0	-0.464308	0.464308	0.906049	5.80723
2632.0	0.0	-0.0116243	0.0116243	0.93461	4.95398
2633.0	0.0	-0.163969	0.163969	0.88233	6.92899
2634.0	0.0	-0.156367	0.156367	0.850521	8.28474
2635.0	0.0	-0.534051	0.534051	0.923717	5.08091
2636.0	0.0	0.812525	0.812525	0.890546	5.97798
2637.0	0.0	-0.0187017	0.0187017	0.868727	7.52093
2638.0	0.0	-0.0749664	0.0749664	0.996347	2.8861
2639.0	0.0	-0.201302	0.201302	0.895424	6.39001
2640.0	0.0	0.116671	0.116671	0.744278	13.7866
2641.0	0.0	0.412504	0.412504	0.875007	7.08672
2642.0	0.0	-0.0280676	0.0280676	0.836521	8.94251
2643.0	0.0	-0.0913804	0.0913804	0.906796	5.9787
2644.0	0.0	0.301925	0.301925	0.84598	8.41764
2645.0	0.0	0.555386	0.555386	0.760068	12.5116
2646.0	0.0	-0.372628	0.372628	0.845875	8.37255
2647.0	0.0	0.397514	0.397514	0.908959	5.75169
2648.0	0.0	0.424324	0.424324	0.839688	8.60839
2649.0	0.0	-0.501494	0.501494	0.859404	7.66285
2650.0	0.0	-0.396459	0.396459	0.896632	6.22836
2651.0	0.0	0.240137	0.240137	0.857183	7.95768
2652.0	0.0	0.446299	0.446299	0.797301	10.6301
2653.0	0.0	0.252513	0.252513	0.851162	8.21551
2654.0	0.0	0.728012	0.728012	0.832442	8.57172
2655.0	0.0	-0.333692	0.333692	0.788405	11.1897
2656.0	0.0	-0.156898	0.156898	0.78721	11.351
2657.0	0.0	0.397055	0.397055	0.806154	10.2291
2658.0	0.0	0.335312	0.335312	0.776613	11.8191
2659.0	0.0	0.271024	0.271024	0.805333	10.363
2660.0	0.0	0.70092	0.70092	0.7859	10.8932
2661.0	0.0	-0.644478	0.644478	0.813055	9.60827
2662.0	0.0	0.654538	0.654538	0.812554	9.61847
2663.0	0.0	-0.495743	0.495743	0.854815	7.86731
2664.0	0.0	-0.0239602	0.0239602	0.87694	7.17692
2665.0	0.0	-0.152558	0.152558	0.87455	7.25334
2666.0	0.0	0.11656	0.11656	0.869473	7.47597
2667.0	0.0	0.527819	0.527819	0.797145	10.5497
2668.0	0.0	0.446866	0.446866	0.813083	9.84094
2669.0	0.0	-0.441157	0.441157	0.867254	7.38617
2670.0	0.0	-0.923249	0.923249	0.744078	12.7949
2671.0	0.0	-0.32929	0.32929	0.83721	8.79692
2672.0	0.0	0.167871	0.167871	0.952507	4.29946
2673.0	0.0	0.406736	0.406736	0.818481	9.6162
2674.0	0.0	0.932058	0.932058	0.789618	10.281
2675.0	0.0	-0.174196	0.174196	0.834028	9.02636
2676.0	0.0	0.795068	0.795068	0.814368	9.31145
2677.0	0.0	0.223753	0.223753	0.832163	9.092
2678.0	0.0	0.227729	0.227729	0.952024	4.29439
2679.0	0.0	0.471346	0.471346	0.857202	7.78786
2680.0	0.0	-0.2489	0.2489	0.961904	3.94946
2681.0	0.0	0.256806	0.256806	0.951264	4.30763
2682.0	0.0	0.426365	0.426365	0.89754	6.16882
2683.0	0.0	0.206364	0.206364	0.765013	12.5432
2684.0	0.0	0.118319	0.118319	0.978532	3.44411
2685.0	0.0	-0.0616991	0.0616991	0.884715	6.85493
2686.0	0.0	-0.303481	0.303481	0.844272	8.49334
2687.0	0.0	0.400172	0.400172	0.954078	4.12523
2688.0	0.0	0.484803	0.484803	0.906865	5.75736
2689.0	0.0	-0.709739	0.709739	0.781869	11.0913
2690.0	0.0	-0.606774	0.606774	0.827144	8.98778
2691.0	0.0	-0.53268	0.53268	0.787324	11.0519
2692.0	0.0	-0.513595	0.513595	0.865674	7.38293
2693.0	0.0	0.705701	0.705701	0.846501	7.97241
2694.0	0.0	-0.271507	0.271507	0.877741	7.07041
2695.0	0.0	-0.110594	0.110594	0.778466	11.8337
2696.0	0.0	0.015535	0.015535	0.9373	4.85766
2697.0	0.0	-0.214441	0.214441	0.857704	7.94702
2698.0	0.0	-0.0482979	0.0482979	0.832812	9.11269
2699.0	0.0	-0.169224	0.169224	0.769417	12.3125
2700.0	0.0	0.414132	0.414132	0.908905	5.74076
2701.0	0.0	-0.0619362	0.0619362	0.86249	7.78339
2702.0	0.0	0.0432492	0.0432492	0.910044	5.86073
2703.0	0.0	-0.0647663	0.0647663	0.877279	7.15927
2704.0	0.0	0.021993	0.021993	0.908671	5.91444
2705.0	0.0	0.124769	0.124769	0.790255	11.2009
2706.0	0.0	-0.53649	0.53649	0.781717	11.3438
2707.0	0.0	0.00449138	0.00449138	0.853757	8.16718
2708.0	0.0	0.239376	0.239376	0.918585	5.48588
2709.0	0.0	0.43147	0.43147	0.830151	9.04087
2710.0	0.0	-1.32635	1.32635	0.794997	9.04721
2711.0	0.0	0.0971019	0.0971019	0.854575	8.12147
2712.0	0.0	-0.745543	0.745543	0.914216	5.17568
2713.0	0.0	0.383019	0.383019	0.826157	9.27036
2714.0	0.0	-0.500876	0.500876	0.936314	4.65964
2715.0	0.0	-0.538083	0.538083	0.864411	7.41034
2716.0	0.0	-0.210436	0.210436	0.831095	9.14798
2717.0	0.0	-0.287368	0.287368	0.919196	5.43907
2718.0	0.0	-0.377872	0.377872	0.787982	11.1764
2719.0	0.0	-0.127753	0.127753	0.846114	8.48985
2720.0	0.0	0.432699	0.432699	0.875093	7.06602
2721.0	0.0	0.318863	0.318863	0.902727	6.04505
2722.0	0.0	0.937655	0.937655	0.778207	10.8629
2723.0	0.0	-0.649134	0.649134	0.873874	6.8824
2724.0	0.0	-0.155764	0.155764	0.887776	6.71085
2725.0	0.0	0.589336	0.589336	0.804535	10.1013
2726.0	0.0	-0.233542	0.233542	0.80971	10.1657
2727.0	0.0	-0.0346171	0.0346171	0.869011	7.50805
2728.0	0.0	-0.265458	0.265458	0.860165	7.81526
2729.0	0.0	-0.258135	0.258135	0.848947	8.31076
2730.0	0.0	-0.257838	0.257838	0.819406	9.67879
2731.0	0.0	-0.166149	0.166149	0.876333	7.17491
2732.0	0.0	0.00264566	0.00264566	0.847342	8.45189
2733.0	0.0	0.134895	0.134895	0.819455	9.72877
2734.0	0.0	0.0431165	0.0431165	0.884934	6.84794
2735.0	0.0	0.127431	0.127431	0.792613	11.0769
2736.0	0.0	-1.32972	1.32972	0.799639	8.81188
2737.0	0.0	0.424904	0.424904	0.920083	5.31321
2738.0	0.0	0.149194	0.149194	0.90879	5.88887
2739.0	0.0	0.182309	0.182309	0.779747	11.7402
2740.0	0.0	-0.198689	0.198689	0.879911	7.01542
2741.0	0.0	-1.09366	1.09366	0.852031	7.02369
2742.0	0.0	0.193407	0.193407	0.799725	10.6866
2743.0	0.0	-0.213017	0.213017	0.852226	8.18761
2744.0	0.0	0.228047	0.228047	0.746247	13.6221
2745.0	0.0	-0.410498	0.410498	0.874361	7.11511
2746.0	0.0	0.158605	0.158605	0.943369	4.61973
2747.0	0.0	0.0316007	0.0316007	0.878443	7.11441
2748.0	0.0	-0.918047	0.918047	0.883115	6.09396
2749.0	0.0	-0.531783	0.531783	0.856368	7.76188
2750.0	0.0	0.165483	0.165483	0.863074	7.73418
2751.0	0.0	0.426491	0.426491	0.914449	5.52162
2752.0	0.0	0.246005	0.246005	0.782727	11.5486
2753.0	0.0	-0.698254	0.698254	0.81866	9.26096
2754.0	0.0	0.223733	0.223733	0.806638	10.3235
2755.0	0.0	-0.0127892	0.0127892	0.859131	7.93222
2756.0	0.0	-0.0397248	0.0397248	0.885833	6.81182
2757.0	0.0	0.785141	0.785141	0.868351	6.91643
2758.0	0.0	0.277934	0.277934	0.828097	9.25329
2759.0	0.0	0.0568333	0.0568333	0.900879	6.21254
2760.0	0.0	-0.161635	0.161635	0.840375	8.73914
2761.0	0.0	0.369806	0.369806	0.831556	9.02799
2762.0	0.0	0.338137	0.338137	0.818711	9.66045
2763.0	0.0	-0.318119	0.318119	0.82362	9.43944
2764.0	0.0	-0.257752	0.257752	0.856194	7.99174
2765.0	0.0	-0.401203	0.401203	0.834208	8.87944
2766.0	0.0	0.0718285	0.0718285	0.785684	11.4541
2767.0	0.0	-0.494446	0.494446	0.92965	4.90384
2768.0	0.0	0.0703301	0.0703301	0.84689	8.46696
2769.0	0.0	0.0154644	0.0154644	0.903224	6.12434
2770.0	0.0	-0.0768586	0.0768586	0.822234	9.60841
2771.0	0.0	0.219454	0.219454	0.74297	13.8236
2772.0	0.0	-0.635274	0.635274	0.857015	7.61056
2773.0	0.0	-0.0438306	0.0438306	0.92899	5.15538
2774.0	0.0	-0.338567	0.338567	0.726507	14.7611
2775.0	0.0	0.230105	0.230105	0.862141	7.74811
2776.0	0.0	-0.163695	0.163695	0.796616	10.8578
2777.0	0.0	0.203968	0.203968	0.927827	5.1603
2778.0	0.0	-0.0556747	0.0556747	0.780176	11.7516
2779.0	0.0	0.156042	0.156042	0.885581	6.79939
2780.0	0.0	-0.0497842	0.0497842	0.910761	5.83282
2781.0	0.0	0.0365271	0.0365271	0.866959	7.59489
2782.0	0.0	0.352641	0.352641	0.839044	8.69628
2783.0	0.0	-0.34399	0.34399	0.839633	8.67579
2784.0	0.0	-0.0619455	0.0619455	0.906149	6.00793
2785.0	0.0	-0.950912	0.950912	0.86884	6.61056
2786.0	0.0	-1.42251	1.42251	0.760408	10.5357
2787.0	0.0	-0.714648	0.714648	0.852337	7.70363
2788.0	0.0	-0.0623715	0.0623715	0.879391	7.07244
2789.0	0.0	0.176999	0.176999	0.818097	9.78015
2790.0	0.0	-0.0860918	0.0860918	0.877104	7.16329
2791.0	0.0	-0.0734373	0.0734373	0.873783	7.30336
2792.0	0.0	-0.426502	0.426502	0.900594	6.0498
2793.0	0.0	-0.545011	0.545011	0.886776	6.48164
2794.0	0.0	-0.114782	0.114782	0.899643	6.25109
2795.0	0.0	0.131379	0.131379	0.918218	5.53773
2796.0	0.0	0.052206	0.052206	0.858731	7.94694
2797.0	0.0	-0.189399	0.189399	0.957611	4.1181
2798.0	0.0	0.133725	0.133725	0.953531	4.27373
2799.0	0.0	-0.594483	0.594483	0.908658	5.57587
2800.0	0.0	0.521191	0.521191	0.915072	5.41288
2801.0	0.0	0.105668	0.105668	0.850415	8.30326
2802.0	0.0	-0.118119	0.118119	0.829445	9.25769
2803.0	0.0	0.00415114	0.00415114	0.859078	7.93467
2804.0	0.0	-0.161635	0.161635	0.751342	13.351
2805.0	0.0	0.033589	0.033589	0.794426	10.9997
2806.0	0.0	0.288188	0.288188	0.775967	11.8882
2807.0	0.0	0.0174454	0.0174454	0.809251	10.2481
2808.0	0.0	-0.677851	0.677851	0.942647	4.24545
2809.0	0.0	-0.104413	0.104413	0.818539	9.78097
2810.0	0.0	0.231705	0.231705	0.921336	5.38721
2811.0	0.0	-0.366983	0.366983	0.764474	12.4658
2812.0	0.0	0.261413	0.261413	0.776408	11.8811
2813.0	0.0	-0.85664	0.85664	0.763662	11.8157
2814.0	0.0	0.6866	0.6866	0.748929	12.9616
2815.0	0.0	-0.352169	0.352169	0.923197	5.25192
2816.0	0.0	-0.729825	0.729825	0.917124	5.09005
2817.0	0.0	0.0229487	0.0229487	0.804137	10.5039
2818.0	0.0	-0.179869	0.179869	0.86728	7.54971
2819.0	0.0	0.192288	0.192288	0.762674	12.6824
2820.0	0.0	0.198819	0.198819	0.793064	11.0272
2821.0	0.0	-0.045041	0.045041	0.843804	8.60888
2822.0	0.0	-1.03718	1.03718	0.922676	4.38405
2823.0	0.0	-0.11434	0.11434	0.787836	11.331
2824.0	0.0	0.271704	0.271704	0.894875	6.37902
2825.0	0.0	-0.441892	0.441892	0.786952	11.1713
2826.0	0.0	-0.0241859	0.0241859	0.945453	4.56942
2827.0	0.0	0.287392	0.287392	0.816719	9.79125
2828.0	0.0	-0.252363	0.252363	0.927439	5.15363
2829.0	0.0	0.195485	0.195485	0.772947	12.1057
2830.0	0.0	0.250949	0.250949	0.813995	9.94543
2831.0	0.0	-0.488667	0.488667	0.904018	5.86268
2832.0	0.0	0.15707	0.15707	0.799912	10.6912
2833.0	0.0	-0.0426857	0.0426857	0.90307	6.12878
2834.0	0.0	0.221446	0.221446	0.786059	11.3842
2835.0	0.0	0.127857	0.127857	0.838819	8.82052
2836.0	0.0	0.139026	0.139026	0.897306	6.33665
2837.0	0.0	-0.533757	0.533757	0.891029	6.32426
2838.0	0.0	-0.0816393	0.0816393	0.836455	8.93932
2839.0	0.0	-0.182645	0.182645	0.834571	8.99803
2840.0	0.0	0.169246	0.169246	0.967541	3.79128
2841.0	0.0	-0.650638	0.650638	0.822258	9.15879
2842.0	0.0	-0.212091	0.212091	0.900728	6.17772
2843.0	0.0	0.0361384	0.0361384	0.901556	6.18807
2844.0	0.0	0.43674	0.43674	0.951582	4.18266
2845.0	0.0	0.107632	0.107632	0.779259	11.7915
2846.0	0.0	0.65428	0.65428	0.732055	14.0279
2847.0	0.0	-0.39191	0.39191	0.84879	8.22735
2848.0	0.0	0.057442	0.057442	0.933225	5.00079
2849.0	0.0	-0.734963	0.734963	0.864065	7.17204
2850.0	0.0	0.251499	0.251499	0.824433	9.44162
2851.0	0.0	0.0836008	0.0836008	0.853539	8.16954
2852.0	0.0	0.125327	0.125327	0.845919	8.49925
2853.0	0.0	-0.0785101	0.0785101	0.837058	8.91209
2854.0	0.0	0.75494	0.75494	0.866437	7.04266
2855.0	0.0	-0.246604	0.246604	0.838151	8.80408
2856.0	0.0	0.459179	0.459179	0.879969	6.84207
2857.0	0.0	-1.02694	1.02694	0.928558	4.19474
2858.0	0.0	1.02193	1.02193	0.803288	9.40591
2859.0	0.0	0.392769	0.392769	0.928907	5.01515
2860.0	0.0	0.156449	0.156449	0.765418	12.5416
2861.0	0.0	-0.188906	0.188906	0.859033	7.89994
2862.0	0.0	-0.584461	0.584461	0.937577	4.53106
2863.0	0.0	0.355937	0.355937	0.836162	8.82572
2864.0	0.0	-0.330585	0.330585	0.883126	6.81449
2865.0	0.0	0.342737	0.342737	0.928184	5.0759
2866.0	0.0	0.0441345	0.0441345	0.771575	12.2236
2867.0	0.0	0.266768	0.266768	0.833677	8.99925
2868.0	0.0	-0.492384	0.492384	0.798041	10.5442
2869.0	0.0	-0.827917	0.827917	0.881721	6.30297
2870.0	0.0	0.757035	0.757035	0.938183	4.29702
2871.0	0.0	0.110111	0.110111	0.90398	6.08352
2872.0	0.0	0.579758	0.579758	0.806177	10.032
2873.0	0.0	0.857111	0.857111	0.782044	10.8226
2874.0	0.0	-0.428703	0.428703	0.795754	10.7265
2875.0	0.0	-0.0803095	0.0803095	0.737378	14.2153
2876.0	0.0	-0.467445	0.467445	0.929714	4.92582
2877.0	0.0	0.157161	0.157161	0.749809	13.4431
2878.0	0.0	-0.426787	0.426787	0.844972	8.36785
2879.0	0.0	-0.882933	0.882933	0.827536	8.53555
2880.0	0.0	0.174738	0.174738	0.907066	5.94686
2881.0	0.0	-0.878553	0.878553	0.814574	9.1521
2882.0	0.0	-0.259173	0.259173	0.850061	8.26075
2883.0	0.0	-0.105731	0.105731	0.776288	11.9536
2884.0	0.0	-0.181194	0.181194	0.859507	7.88232
2885.0	0.0	0.354619	0.354619	0.834261	8.91431
2886.0	0.0	-0.0851766	0.0851766	0.88542	6.8229
2887.0	0.0	1.31198	1.31198	0.816906	8.04588
2888.0	0.0	0.602464	0.602464	0.851029	7.91222
2889.0	0.0	0.108884	0.108884	0.866326	7.6111
2890.0	0.0	-0.499384	0.499384	0.870093	7.21158
2891.0	0.0	0.340633	0.340633	0.813341	9.91953
2892.0	0.0	0.950417	0.950417	0.851799	7.328
2893.0	0.0	0.259565	0.259565	0.855962	8.00087
2894.0	0.0	0.148323	0.148323	0.916642	5.59211
2895.0	0.0	0.562246	0.562246	0.835207	8.66977
2896.0	0.0	0.139924	0.139924	0.823144	9.55014
2897.0	0.0	-0.0439327	0.0439327	0.871224	7.41405
2898.0	0.0	0.598968	0.598968	0.852544	7.85028
2899.0	0.0	-0.0169168	0.0169168	0.799496	10.7397
2900.0	0.0	-0.298355	0.298355	0.813549	9.9388
2901.0	0.0	0.414419	0.414419	0.855218	7.92586
2902.0	0.0	-0.380066	0.380066	0.902017	6.03103
2903.0	0.0	-0.111049	0.111049	0.813901	10.0053
2904.0	0.0	0.075347	0.075347	0.834227	9.04337
2905.0	0.0	0.850725	0.850725	0.905171	5.35495
2906.0	0.0	0.570991	0.570991	0.85566	7.74832
2907.0	0.0	-0.062852	0.062852	0.838089	8.86709
2908.0	0.0	-0.0408114	0.0408114	0.823411	9.55671
2909.0	0.0	-0.536165	0.536165	0.90981	5.59537
2910.0	0.0	-0.103909	0.103909	0.876192	7.19766
2911.0	0.0	0.171503	0.171503	0.802996	10.5294
2912.0	0.0	0.408146	0.408146	0.795299	10.7691
2913.0	0.0	0.397197	0.397197	0.907061	5.82426
2914.0	0.0	0.433786	0.433786	0.85102	8.09288
2915.0	0.0	0.54735	0.54735	0.844317	8.27483
2916.0	0.0	0.151191	0.151191	0.785439	11.4469
2917.0	0.0	-0.513137	0.513137	0.767966	12.1203
2918.0	0.0	-0.00659692	0.00659692	0.887578	6.74285
2919.0	0.0	-0.151159	0.151159	0.821638	9.61868
2920.0	0.0	-0.0645671	0.0645671	0.815137	9.95377
2921.0	0.0	-0.360533	0.360533	0.973796	3.49483
2922.0	0.0	-0.105947	0.105947	0.84864	8.38219
2923.0	0.0	0.155516	0.155516	0.865007	7.65473
2924.0	0.0	-0.328857	0.328857	0.871525	7.29402
2925.0	0.0	-0.211905	0.211905	0.873365	7.28094
2926.0	0.0	-0.169038	0.169038	0.817463	9.81391
2927.0	0.0	0.57751	0.57751	0.854126	7.80726
2928.0	0.0	-0.328088	0.328088	0.74976	13.3465
2929.0	0.0	0.460952	0.460952	0.796399	10.6614
2930.0	0.0	0.251218	0.251218	0.817509	9.77411
2931.0	0.0	-0.905634	0.905634	0.859986	7.06295
2932.0	0.0	-0.936456	0.936456	0.86334	6.86548
2933.0	0.0	-0.127248	0.127248	0.747185	13.6093
2934.0	0.0	-0.409957	0.409957	0.861572	7.65487
2935.0	0.0	1.08543	1.08543	0.861462	6.64481
2936.0	0.0	-0.504233	0.504233	0.763143	12.4009
2937.0	0.0	0.138539	0.138539	0.820231	9.69027
2938.0	0.0	-0.510154	0.510154	0.786378	11.1281
2939.0	0.0	-0.00983498	0.00983498	0.881563	6.98709
2940.0	0.0	-0.53547	0.53547	0.833066	8.79914
2941.0	0.0	0.0471791	0.0471791	0.875099	7.25169
2942.0	0.0	0.234713	0.234713	0.824677	9.43878
2943.0	0.0	-0.119688	0.119688	0.868495	7.51656
2944.0	0.0	0.0630062	0.0630062	0.860796	7.85626
2945.0	0.0	0.283489	0.283489	0.91062	5.76323
2946.0	0.0	-0.236387	0.236387	0.857141	7.96134
2947.0	0.0	0.411305	0.411305	0.824302	9.33402
2948.0	0.0	-0.226616	0.226616	0.802954	10.5072
2949.0	0.0	-0.629454	0.629454	0.854192	7.74016
2950.0	0.0	0.381677	0.381677	0.856327	7.90434
2951.0	0.0	-0.0822396	0.0822396	0.876227	7.20029
2952.0	0.0	-0.267756	0.267756	0.782002	11.5748
2953.0	0.0	-0.562685	0.562685	0.804598	10.1319
2954.0	0.0	-0.289838	0.289838	0.833631	8.98773
2955.0	0.0	-0.174662	0.174662	0.824727	9.46288
2956.0	0.0	-0.122136	0.122136	0.903157	6.11265
2957.0	0.0	0.55317	0.55317	0.816553	9.55721
2958.0	0.0	-0.116831	0.116831	0.735517	14.3213
2959.0	0.0	-0.743671	0.743671	0.844121	8.02102
2960.0	0.0	-0.137536	0.137536	0.75289	13.2687
2961.0	0.0	0.322411	0.322411	0.87119	7.31229
2962.0	0.0	0.0384134	0.0384134	0.838998	8.82801
2963.0	0.0	0.0472559	0.0472559	0.816009	9.91331
2964.0	0.0	0.36338	0.36338	0.865308	7.53207
2965.0	0.0	0.0695317	0.0695317	0.84696	8.46394
2966.0	0.0	-0.0623739	0.0623739	0.884726	6.85436
2967.0	0.0	-0.309101	0.309101	0.862963	7.66932
2968.0	0.0	0.321997	0.321997	0.83151	9.06534
2969.0	0.0	0.0704452	0.0704452	0.932278	5.0334
2970.0	0.0	0.164667	0.164667	0.844235	8.56307
2971.0	0.0	0.0105261	0.0105261	0.809362	10.2428
2972.0	0.0	0.427822	0.427822	0.811836	9.92015
2973.0	0.0	-0.554129	0.554129	0.897996	6.02932
2974.0	0.0	-0.118567	0.118567	0.857418	7.99236
2975.0	0.0	0.384033	0.384033	0.968269	3.66052
2976.0	0.0	-0.112736	0.112736	0.857813	7.97656
2977.0	0.0	-0.401111	0.401111	0.787568	11.1777
2978.0	0.0	0.521717	0.521717	0.878483	6.84175
2979.0	0.0	-0.116142	0.116142	0.866635	7.5963
2980.0	0.0	0.168718	0.168718	0.788534	11.2767
2981.0	0.0	0.208025	0.208025	0.974656	3.54405
2982.0	0.0	-0.482585	0.482585	0.826332	9.16992
2983.0	0.0	-0.205386	0.205386	0.795361	10.9052
2984.0	0.0	-0.47193	0.47193	0.802711	10.3297
2985.0	0.0	0.4672	0.4672	0.868964	7.29027
2986.0	0.0	0.00647517	0.00647517	0.877305	7.16237
2987.0	0.0	0.306875	0.306875	0.868623	7.43012
2988.0	0.0	1.0852	1.0852	0.810441	8.91792
2989.0	0.0	1.47085	1.47085	0.741401	11.4292
2990.0	0.0	0.379939	0.379939	0.914919	5.53983
2991.0	0.0	0.383845	0.383845	0.898552	6.16285
2992.0	0.0	-0.559444	0.559444	0.778789	11.4718
2993.0	0.0	-0.458779	0.458779	0.784105	11.3045
2994.0	0.0	0.000166345	0.000166345	0.909653	5.87742
2995.0	0.0	-0.896831	0.896831	0.810197	9.32776
2996.0	0.0	0.205054	0.205054	0.764118	12.5945
2997.0	0.0	0.345005	0.345005	0.909626	5.76381
2998.0	0.0	-0.0178162	0.0178162	0.851958	8.24622
2999.0	0.0	-0.487655	0.487655	0.852929	7.95784
3000.0	0.0	-0.476448	0.476448	0.857268	7.78005
3001.0	0.0	0.795981	0.795981	0.770415	11.5593
3002.0	0.0	0.180179	0.180179	0.931077	5.05096
3003.0	0.0	-0.105284	0.105284	0.822614	9.58464
3004.0	0.0	0.398092	0.398092	0.794748	10.8065
3005.0	0.0	0.0652339	0.0652339	0.889228	6.67233
3006.0	0.0	-0.977012	0.977012	0.873322	6.37798
3007.0	0.0	0.0726318	0.0726318	0.842117	8.68188
3008.0	0.0	0.506983	0.506983	0.918365	5.30433
3009.0	0.0	0.267691	0.267691	0.787968	11.2576
3010.0	0.0	0.437688	0.437688	0.856517	7.84893
3011.0	0.0	0.0146877	0.0146877	0.890783	6.61403
3012.0	0.0	-0.256075	0.256075	0.910939	5.76533
3013.0	0.0	-0.689777	0.689777	0.880997	6.53794
3014.0	0.0	-0.460522	0.460522	0.882481	6.73862
3015.0	0.0	-0.353242	0.353242	0.892334	6.42954
3016.0	0.0	0.331026	0.331026	0.896005	6.29947
3017.0	0.0	0.383901	0.383901	0.82373	9.38452
3018.0	0.0	-0.184252	0.184252	0.803969	10.4753
3019.0	0.0	-0.159313	0.159313	0.746136	13.6609
3020.0	0.0	-0.201192	0.201192	0.83991	8.74516
3021.0	0.0	0.647455	0.647455	0.818572	9.33844
3022.0	0.0	0.386582	0.386582	0.862964	7.61426
3023.0	0.0	-0.269016	0.269016	0.852294	8.1566
3024.0	0.0	-0.212292	0.212292	0.807874	10.2673
3025.0	0.0	0.364686	0.364686	0.849185	8.23119
3026.0	0.0	-0.0979236	0.0979236	0.747526	13.5969
3027.0	0.0	-0.0371925	0.0371925	0.859854	7.89961
3028.0	0.0	-0.0517309	0.0517309	0.771582	12.2224
3029.0	0.0	0.0020034	0.0020034	0.824472	9.50788
3030.0	0.0	0.0375426	0.0375426	0.824463	9.5068
3031.0	0.0	-0.420578	0.420578	0.812211	9.90845
3032.0	0.0	0.0595766	0.0595766	0.856735	8.03301
3033.0	0.0	-0.735046	0.735046	0.961739	3.52538
3034.0	0.0	0.126977	0.126977	0.843747	8.59666
3035.0	0.0	-0.192676	0.192676	0.834908	8.97843
3036.0	0.0	-0.0890223	0.0890223	0.838566	8.84102
3037.0	0.0	0.556192	0.556192	0.810375	9.85408
3038.0	0.0	-0.51652	0.51652	0.907753	5.69308
3039.0	0.0	0.413565	0.413565	0.842552	8.48819
3040.0	0.0	-0.0390083	0.0390083	0.878025	7.13111
3041.0	0.0	0.065112	0.065112	0.980614	3.38554
3042.0	0.0	0.0785666	0.0785666	0.820793	9.67732
3043.0	0.0	0.305119	0.305119	0.872962	7.24917
3044.0	0.0	-0.676183	0.676183	0.852225	7.76326
3045.0	0.0	-0.570731	0.570731	0.748244	13.1752
3046.0	0.0	0.0997085	0.0997085	0.962692	3.97004
3047.0	0.0	0.329833	0.329833	0.852673	8.10221
3048.0	0.0	-0.787136	0.787136	0.875745	6.60912
3049.0	0.0	0.598231	0.598231	0.879622	6.7102
3050.0	0.0	0.352208	0.352208	0.784812	11.3651
3051.0	0.0	-0.517862	0.517862	0.928757	4.91392
3052.0	0.0	0.718801	0.718801	0.843153	8.10164
3053.0	0.0	-0.301478	0.301478	0.918054	5.47365
3054.0	0.0	0.224873	0.224873	0.903315	6.0719
3055.0	0.0	0.669222	0.669222	0.727731	14.2725
3056.0	0.0	0.626447	0.626447	0.841989	8.28254
3057.0	0.0	-0.67684	0.67684	0.74894	12.9768
3058.0	0.0	0.450539	0.450539	0.770932	12.026
3059.0	0.0	-0.0708064	0.0708064	0.810619	10.1751
3060.0	0.0	0.375049	0.375049	0.773071	11.9803
3061.0	0.0	0.907693	0.907693	0.777025	10.9877
3062.0	0.0	0.07129	0.07129	0.940095	4.75383
3063.0	0.0	-0.100132	0.100132	0.865474	7.64929
3064.0	0.0	0.146783	0.146783	0.898067	6.30461
3065.0	0.0	-0.11261	0.11261	0.766187	12.5122
3066.0	0.0	-0.45085	0.45085	0.860146	7.68017
3067.0	0.0	0.421768	0.421768	0.873186	7.15452
3068.0	0.0	0.285257	0.285257	0.830088	9.15551
3069.0	0.0	0.00154741	0.00154741	0.925849	5.27186
3070.0	0.0	0.245093	0.245093	0.884256	6.81757
3071.0	0.0	0.524369	0.524369	0.906258	5.74214
3072.0	0.0	0.494979	0.494979	0.826771	9.13638
3073.0	0.0	0.45502	0.45502	0.761962	12.5229
3074.0	0.0	0.45467	0.45467	0.810065	9.98134
3075.0	0.0	0.172108	0.172108	0.974863	3.54948
3076.0	0.0	-0.553724	0.553724	0.848571	8.07848
3077.0	0.0	0.308773	0.308773	0.877826	7.04523
3078.0	0.0	-0.390869	0.390869	0.847895	8.26795
3079.0	0.0	-0.50448	0.50448	0.862623	7.52194
3080.0	0.0	0.204427	0.204427	0.904983	6.01601
3081.0	0.0	-0.339185	0.339185	0.851942	8.12791
3082.0	0.0	-0.357187	0.357187	0.829137	9.1507
3083.0	0.0	-0.951846	0.951846	0.808033	9.32342
3084.0	0.0	0.227769	0.227769	0.935806	4.8628
3085.0	0.0	0.159012	0.159012	0.856949	8.00125
3086.0	0.0	-0.0891948	0.0891948	0.864391	7.69766
3087.0	0.0	-0.888011	0.888011	0.799307	9.8795
3088.0	0.0	-0.10419	0.10419	0.906069	6.00421
3089.0	0.0	0.364988	0.364988	0.81944	9.60491
3090.0	0.0	-0.0726668	0.0726668	0.88562	6.81673
3091.0	0.0	-0.0997512	0.0997512	0.757594	13.0056
3092.0	0.0	0.06445	0.06445	0.941403	4.70841
3093.0	0.0	-0.356819	0.356819	0.857375	7.87768
3094.0	0.0	-0.514775	0.514775	0.810152	9.91342
3095.0	0.0	-0.885049	0.885049	0.912171	5.03735
3096.0	0.0	0.429666	0.429666	0.794742	10.7776
3097.0	0.0	0.439986	0.439986	0.826551	9.2016
3098.0	0.0	0.531042	0.531042	0.802172	10.2914
3099.0	0.0	-0.734928	0.734928	0.778878	11.2091
3100.0	0.0	-0.496541	0.496541	0.832201	8.88156
3101.0	0.0	-1.09144	1.09144	0.810681	8.89206
3102.0	0.0	0.802782	0.802782	0.813612	9.33457
3103.0	0.0	0.716267	0.716267	0.881557	6.47868
3104.0	0.0	0.772958	0.772958	0.848286	7.79167
3105.0	0.0	-0.21053	0.21053	0.822696	9.54482
3106.0	0.0	-0.813667	0.813667	0.814377	9.27894
3107.0	0.0	-0.0479214	0.0479214	0.837825	8.88095
3108.0	0.0	0.0128487	0.0128487	0.835027	9.0122
3109.0	0.0	-0.498585	0.498585	0.82627	9.15608
3110.0	0.0	0.0378431	0.0378431	0.763901	12.6545
3111.0	0.0	0.479327	0.479327	0.929572	4.92043
3112.0	0.0	1.41823	1.41823	0.826054	7.33503
3113.0	0.0	-0.0802923	0.0802923	0.834887	9.012
3114.0	0.0	-0.0594571	0.0594571	0.789215	11.2692
3115.0	0.0	0.654895	0.654895	0.744641	13.2649
3116.0	0.0	0.4291	0.4291	0.796351	10.6955
3117.0	0.0	-0.352585	0.352585	0.927532	5.09317
3118.0	0.0	-0.0607075	0.0607075	0.839939	8.78267
3119.0	0.0	0.493872	0.493872	0.755225	12.8651
3120.0	0.0	0.2163	0.2163	0.826029	9.38358
3121.0	0.0	-0.0501761	0.0501761	0.803738	10.5218
3122.0	0.0	-0.472058	0.472058	0.832397	8.89762
3123.0	0.0	-0.0562114	0.0562114	0.855213	8.1
3124.0	0.0	0.305028	0.305028	0.872841	7.25427
3125.0	0.0	0.0473678	0.0473678	0.792455	11.1009
3126.0	0.0	0.969294	0.969294	0.831186	8.20177
3127.0	0.0	-0.107192	0.107192	0.938972	4.78766
3128.0	0.0	0.186791	0.186791	0.883606	6.86903
3129.0	0.0	0.185128	0.185128	0.83827	8.82672
3130.0	0.0	-0.533743	0.533743	0.833196	8.79511
3131.0	0.0	-0.124576	0.124576	0.821605	9.62819
3132.0	0.0	0.321897	0.321897	0.849045	8.26794
3133.0	0.0	-0.238528	0.238528	0.887416	6.69301
3134.0	0.0	-0.544002	0.544002	0.866839	7.30127
3135.0	0.0	-0.0814564	0.0814564	0.817031	9.85876
3136.0	0.0	-0.049323	0.049323	0.818349	9.7994
3137.0	0.0	0.299953	0.299953	0.935234	4.8477
3138.0	0.0	-0.13896	0.13896	0.91295	5.73364
3139.0	0.0	-0.455421	0.455421	0.812033	9.88389
3140.0	0.0	-0.0761208	0.0761208	0.834095	9.04938
3141.0	0.0	0.245329	0.245329	0.942562	4.61564
3142.0	0.0	0.18664	0.18664	0.940274	4.71982
3143.0	0.0	-0.185662	0.185662	0.859307	7.88932
3144.0	0.0	-0.250441	0.250441	0.777215	11.8436
3145.0	0.0	-0.714056	0.714056	0.820812	9.13485
3146.0	0.0	0.213777	0.213777	0.838929	8.78447
3147.0	0.0	-0.190026	0.190026	0.864071	7.68255
3148.0	0.0	-0.0143933	0.0143933	0.852031	8.24309
3149.0	0.0	-0.502398	0.502398	0.867338	7.32419
3150.0	0.0	0.318069	0.318069	0.855412	7.99007
3151.0	0.0	0.50906	0.50906	0.829315	9.00228
3152.0	0.0	-0.510988	0.510988	0.900497	5.9768
3153.0	0.0	-0.17939	0.17939	0.788274	11.2862
3154.0	0.0	-0.674409	0.674409	0.77364	11.588
3155.0	0.0	-0.315267	0.315267	0.836557	8.83644
3156.0	0.0	0.471284	0.471284	0.825998	9.19718
3157.0	0.0	-0.345047	0.345047	0.873358	7.2065
3158.0	0.0	0.398797	0.398797	0.75548	12.9509
3159.0	0.0	0.103433	0.103433	0.826542	9.39805
3160.0	0.0	-0.672386	0.672386	0.81496	9.47643
3161.0	0.0	0.229136	0.229136	0.879434	7.02197
3162.0	0.0	0.402395	0.402395	0.87594	7.05639
3163.0	0.0	0.265085	0.265085	0.873443	7.2521
3164.0	0.0	0.324002	0.324002	0.864756	7.58311
3165.0	0.0	0.333568	0.333568	0.857885	7.87204
3166.0	0.0	-0.172851	0.172851	0.925581	5.25346
3167.0	0.0	1.2848	1.2848	0.827505	7.63631
3168.0	0.0	0.403892	0.403892	0.95723	4.01541
3169.0	0.0	0.145218	0.145218	0.873012	7.3197
3170.0	0.0	-0.346317	0.346317	0.899181	6.16499
3171.0	0.0	-0.765722	0.765722	0.756435	12.393
3172.0	0.0	-0.531399	0.531399	0.84359	8.32531
3173.0	0.0	0.210892	0.210892	0.893972	6.44354
3174.0	0.0	0.580563	0.580563	0.873708	6.97336
3175.0	0.0	0.355435	0.355435	0.806465	10.248
3176.0	0.0	0.442706	0.442706	0.90235	5.96821
3177.0	0.0	0.551255	0.551255	0.871194	7.11089
3178.0	0.0	0.043918	0.043918	0.819695	9.73483
3179.0	0.0	0.368378	0.368378	0.92474	5.18429
3180.0	0.0	0.511981	0.511981	0.838446	8.5787
3181.0	0.0	0.865947	0.865947	0.79077	10.3533
3182.0	0.0	0.528323	0.528323	0.939902	4.50687
3183.0	0.0	0.275472	0.275472	0.829203	9.20281
3184.0	0.0	0.358431	0.358431	0.876638	7.06104
3185.0	0.0	-1.14621	1.14621	0.74304	12.314
3186.0	0.0	-0.218607	0.218607	0.81174	10.0728
3187.0	0.0	-0.291679	0.291679	0.833112	9.01068
3188.0	0.0	-0.147398	0.147398	0.906483	5.97774
3189.0	0.0	-0.0481506	0.0481506	0.84381	8.60831
3190.0	0.0	0.517667	0.517667	0.810393	9.89829
3191.0	0.0	-0.182312	0.182312	0.832462	9.09604
3192.0	0.0	0.0712847	0.0712847	0.803158	10.5482
3193.0	0.0	0.510704	0.510704	0.798043	10.5237
3194.0	0.0	-0.386322	0.386322	0.878872	6.94835
3195.0	0.0	0.480708	0.480708	0.841389	8.47785
3196.0	0.0	0.207407	0.207407	0.857122	7.97542
3197.0	0.0	-0.765695	0.765695	0.803398	9.8965
3198.0	0.0	0.0684978	0.0684978	0.787705	11.3475
3199.0	0.0	0.128652	0.128652	0.887812	6.71706
3200.0	0.0	-0.326801	0.326801	0.88188	6.86769
3201.0	0.0	-0.00255069	0.00255069	0.741248	13.9865
3202.0	0.0	0.541779	0.541779	0.777914	11.5411
3203.0	0.0	0.0336025	0.0336025	0.772435	12.177
3204.0	0.0	-0.321371	0.321371	0.786181	11.3162
3205.0	0.0	-0.594861	0.594861	0.879755	6.70879
3206.0	0.0	-0.0928725	0.0928725	0.859026	7.92808
3207.0	0.0	0.196877	0.196877	0.901081	6.17006
3208.0	0.0	0.557997	0.557997	0.846412	8.16928
3209.0	0.0	0.373836	0.373836	0.87484	7.12412
3210.0	0.0	-0.966379	0.966379	0.891317	5.68424
3211.0	0.0	-0.624166	0.624166	0.865767	7.25195
3212.0	0.0	0.140559	0.140559	0.828158	9.31201
3213.0	0.0	0.187212	0.187212	0.9037	6.07209
3214.0	0.0	0.371163	0.371163	0.853769	8.02419
3215.0	0.0	0.0191092	0.0191092	0.830752	9.21095
3216.0	0.0	-0.754822	0.754822	0.843877	8.01461
3217.0	0.0	-0.0834377	0.0834377	0.78063	11.7227
3218.0	0.0	-0.223501	0.223501	0.876914	7.12842
3219.0	0.0	-0.126158	0.126158	0.707153	16.1553
3220.0	0.0	-0.0183873	0.0183873	0.902734	6.14323
3221.0	0.0	-0.833112	0.833112	0.794312	10.2343
3222.0	0.0	0.452505	0.452505	0.748967	13.277
3223.0	0.0	-0.533003	0.533003	0.878442	6.83158
3224.0	0.0	-0.322106	0.322106	0.816092	9.79871
3225.0	0.0	0.430273	0.430273	0.756513	12.8603
3226.0	0.0	-0.0578861	0.0578861	0.859423	7.91628
3227.0	0.0	0.178134	0.178134	0.846951	8.43622
3228.0	0.0	-0.414292	0.414292	0.954516	4.09983
3229.0	0.0	0.344702	0.344702	0.798093	10.6791
3230.0	0.0	-0.219955	0.219955	0.856055	8.01643
3231.0	0.0	-0.42489	0.42489	0.879219	6.90292
3232.0	0.0	0.725301	0.725301	0.901113	5.69775
3233.0	0.0	0.027846	0.027846	0.939656	4.77338
3234.0	0.0	-0.36739	0.36739	0.835916	8.8283
3235.0	0.0	-0.295795	0.295795	0.848238	8.32059
3236.0	0.0	-0.913835	0.913835	0.834152	8.1757
3237.0	0.0	-0.241703	0.241703	0.794748	10.9186
3238.0	0.0	-0.328137	0.328137	0.815613	9.81771
3239.0	0.0	0.201528	0.201528	0.859253	7.88532
3240.0	0.0	0.356833	0.356833	0.760779	12.6839
3241.0	0.0	0.565711	0.565711	0.894069	6.17011
3242.0	0.0	0.158026	0.158026	0.927819	5.17629
3243.0	0.0	0.539124	0.539124	0.864399	7.4097
3244.0	0.0	0.533223	0.533223	0.811112	9.84522
3245.0	0.0	0.160637	0.160637	0.816429	9.86715
3246.0	0.0	-0.287203	0.287203	0.921265	5.36246
3247.0	0.0	0.234139	0.234139	0.851131	8.22618
3248.0	0.0	-0.221385	0.221385	0.81715	9.80686
3249.0	0.0	0.0637279	0.0637279	0.893991	6.48249
3250.0	0.0	0.269275	0.269275	0.931514	4.9976
3251.0	0.0	-0.0597915	0.0597915	0.842332	8.67388
3252.0	0.0	0.0507562	0.0507562	0.913912	5.71337
3253.0	0.0	0.933135	0.933135	0.82108	8.73952
3254.0	0.0	0.480389	0.480389	0.858314	7.73097
3255.0	0.0	1.30526	1.30526	0.827304	7.59134
3256.0	0.0	-0.754594	0.754594	0.826104	8.82311
3257.0	0.0	0.631568	0.631568	0.838504	8.43287
3258.0	0.0	0.598673	0.598673	0.807711	9.93172
3259.0	0.0	-0.588973	0.588973	0.845531	8.17161
3260.0	0.0	0.0767304	0.0767304	0.754792	13.173
3261.0	0.0	-0.251327	0.251327	0.924821	5.24985
3262.0	0.0	0.112377	0.112377	0.909952	5.85386
3263.0	0.0	-0.0643447	0.0643447	0.849258	8.36203
3264.0	0.0	-0.261755	0.261755	0.877632	7.08012
3265.0	0.0	0.17673	0.17673	0.894492	6.43597
3266.0	0.0	0.141935	0.141935	0.87963	7.04633
3267.0	0.0	-0.208421	0.208421	0.793572	10.9964
3268.0	0.0	-0.0255848	0.0255848	0.806476	10.3862
3269.0	0.0	0.21722	0.21722	0.82527	9.41911
3270.0	0.0	0.503601	0.503601	0.836324	8.68443
3271.0	0.0	0.291225	0.291225	0.857555	7.91356
3272.0	0.0	0.346354	0.346354	0.839183	8.69459
3273.0	0.0	-0.09878	0.09878	0.864647	7.68486
3274.0	0.0	0.594543	0.594543	0.818498	9.41259
3275.0	0.0	-0.431404	0.431404	0.815772	9.72479
3276.0	0.0	-0.33108	0.33108	0.941766	4.5979
3277.0	0.0	-0.441717	0.441717	0.817394	9.63652
3278.0	0.0	-0.0869162	0.0869162	0.803089	10.549
3279.0	0.0	0.748075	0.748075	0.730409	13.9693
3280.0	0.0	-0.0710586	0.0710586	0.808894	10.2607
3281.0	0.0	-0.411047	0.411047	0.894073	6.31745
3282.0	0.0	-0.869886	0.869886	0.830966	8.40203
3283.0	0.0	0.268487	0.268487	0.814054	9.93256
3284.0	0.0	-0.0502086	0.0502086	0.790284	11.2141
3285.0	0.0	-0.423254	0.423254	0.806692	10.1786
3286.0	0.0	0.23687	0.23687	0.878259	7.06671
3287.0	0.0	-0.840821	0.840821	0.883766	6.2003
3288.0	0.0	0.420516	0.420516	0.73967	13.8673
3289.0	0.0	0.75991	0.75991	0.80941	9.6103
3290.0	0.0	0.308506	0.308506	0.883103	6.82946
3291.0	0.0	0.348165	0.348165	0.820451	9.56928
3292.0	0.0	-0.449257	0.449257	0.806744	10.1511
3293.0	0.0	0.155139	0.155139	0.890179	6.61462
3294.0	0.0	0.141238	0.141238	0.811457	10.1173
3295.0	0.0	0.382754	0.382754	0.892669	6.39497
3296.0	0.0	-0.334127	0.334127	0.883171	6.81035
3297.0	0.0	0.244114	0.244114	0.84363	8.55633
3298.0	0.0	-0.264949	0.264949	0.823419	9.48237
3299.0	0.0	-0.0925316	0.0925316	0.860213	7.87673
3300.0	0.0	-0.35127	0.35127	0.771646	12.0787
3301.0	0.0	0.00957825	0.00957825	0.829416	9.27391
3302.0	0.0	-0.412556	0.412556	0.865244	7.49601
3303.0	0.0	0.0740556	0.0740556	0.841267	8.72025
3304.0	0.0	-0.526061	0.526061	0.775989	11.6644
3305.0	0.0	0.574579	0.574579	0.777724	11.5096
3306.0	0.0	-0.03124	0.03124	0.857538	8.00065
3307.0	0.0	-0.384187	0.384187	0.880033	6.90245
3308.0	0.0	-0.497962	0.497962	0.907871	5.70668
3309.0	0.0	-0.450133	0.450133	0.943149	4.46361
3310.0	0.0	0.439414	0.439414	0.855711	7.88241
3311.0	0.0	0.0608771	0.0608771	0.854209	8.14347
3312.0	0.0	0.119353	0.119353	0.935689	4.90213
3313.0	0.0	0.436731	0.436731	0.824141	9.31852
3314.0	0.0	-0.288243	0.288243	0.919434	5.42975
3315.0	0.0	-0.121018	0.121018	0.833957	9.04633
3316.0	0.0	-0.28498	0.28498	0.876101	7.13065
3317.0	0.0	0.325789	0.325789	0.809094	10.1395
3318.0	0.0	0.317561	0.317561	0.7966	10.7757
3319.0	0.0	-0.147348	0.147348	0.877135	7.14762
3320.0	0.0	0.028394	0.028394	0.840473	8.76136
3321.0	0.0	0.478627	0.478627	0.855174	7.8688
3322.0	0.0	-0.646319	0.646319	0.848565	7.96411
3323.0	0.0	0.0523642	0.0523642	0.831927	9.15351
3324.0	0.0	-0.386358	0.386358	0.857538	7.84807
3325.0	0.0	0.329602	0.329602	0.852167	8.12467
3326.0	0.0	-0.457557	0.457557	0.834804	8.80079
3327.0	0.0	0.273572	0.273572	0.778812	11.743
3328.0	0.0	0.0813009	0.0813009	0.816873	9.86649
3329.0	0.0	-0.346136	0.346136	0.728745	14.6132
3330.0	0.0	0.714602	0.714602	0.784626	10.9382
3331.0	0.0	0.0725986	0.0725986	0.882422	6.9468
3332.0	0.0	0.33704	0.33704	0.771537	12.0961
3333.0	0.0	0.0401983	0.0401983	0.883703	6.89822
3334.0	0.0	-0.0122029	0.0122029	0.857264	8.01343
3335.0	0.0	-0.187291	0.187291	0.875467	7.20331
3336.0	0.0	0.160223	0.160223	0.896893	6.34668
3337.0	0.0	0.0518705	0.0518705	0.847289	8.45144
3338.0	0.0	0.264575	0.264575	0.857461	7.93287
3339.0	0.0	0.527164	0.527164	0.896552	6.1139
3340.0	0.0	1.19237	1.19237	0.803339	9.00007
3341.0	0.0	0.605693	0.605693	0.765004	12.1652
3342.0	0.0	-0.177193	0.177193	0.724523	14.9913
3343.0	0.0	-0.263194	0.263194	0.902183	6.09757
3344.0	0.0	-0.913311	0.913311	0.876674	6.36035
3345.0	0.0	0.171871	0.171871	0.864417	7.67447
3346.0	0.0	-0.145428	0.145428	0.915639	5.63055
3347.0	0.0	0.221333	0.221333	0.82481	9.43906
3348.0	0.0	-0.0091231	0.0091231	0.886746	6.77636
3349.0	0.0	0.0217772	0.0217772	0.872888	7.34572
3350.0	0.0	0.427772	0.427772	0.828054	9.14229
3351.0	0.0	0.357228	0.357228	0.871378	7.28055
3352.0	0.0	-0.176296	0.176296	0.798664	10.7478
3353.0	0.0	0.0928918	0.0928918	0.747955	13.5725
3354.0	0.0	-0.221989	0.221989	0.872292	7.32137
3355.0	0.0	0.715691	0.715691	0.840927	8.20573
3356.0	0.0	0.423372	0.423372	0.877606	6.97037
3357.0	0.0	-0.784553	0.784553	0.847833	7.79304
3358.0	0.0	-0.36337	0.36337	0.792541	10.9503
3359.0	0.0	-0.0497855	0.0497855	0.824554	9.50131
3360.0	0.0	0.0203967	0.0203967	0.839531	8.80478
3361.0	0.0	-0.246991	0.246991	0.841881	8.63396
3362.0	0.0	-0.870252	0.870252	0.791241	10.3209
3363.0	0.0	0.326266	0.326266	0.946022	4.45192
3364.0	0.0	-0.277512	0.277512	0.87815	7.05025
3365.0	0.0	-0.106626	0.106626	0.895023	6.43447
3366.0	0.0	-0.38584	0.38584	0.846436	8.33702
3367.0	0.0	-0.125407	0.125407	0.817037	9.8486
3368.0	0.0	-0.432316	0.432316	0.906665	5.81131
3369.0	0.0	-0.784558	0.784558	0.899072	5.69025
3370.0	0.0	-0.0691184	0.0691184	0.832396	9.12944
3371.0	0.0	-0.611097	0.611097	0.797147	10.4444
3372.0	0.0	0.27863	0.27863	0.894303	6.39788
3373.0	0.0	-0.434754	0.434754	0.871338	7.22033
3374.0	0.0	0.188342	0.188342	0.846908	8.43424
3375.0	0.0	0.645388	0.645388	0.84795	7.99243
3376.0	0.0	0.272437	0.272437	0.774241	11.9928
3377.0	0.0	0.137309	0.137309	0.758364	12.9506
3378.0	0.0	-0.0198903	0.0198903	0.840096	8.77898
3379.0	0.0	0.570225	0.570225	0.836405	8.6055
3380.0	0.0	-0.0128867	0.0128867	0.761635	12.785
3381.0	0.0	0.157191	0.157191	0.862497	7.76172
3382.0	0.0	-0.236394	0.236394	0.902997	6.07904
3383.0	0.0	-0.285324	0.285324	0.874835	7.18296
3384.0	0.0	0.133142	0.133142	0.837067	8.89945
3385.0	0.0	-0.230602	0.230602	0.860513	7.81795
3386.0	0.0	0.318401	0.318401	0.861921	7.70802
3387.0	0.0	0.337391	0.337391	0.856081	7.94782
3388.0	0.0	-0.22699	0.22699	0.866642	7.55728
3389.0	0.0	-0.293453	0.293453	0.808689	10.1816
3390.0	0.0	0.547343	0.547343	0.90524	5.75735
3391.0	0.0	0.12803	0.12803	0.85061	8.2892
3392.0	0.0	0.0488466	0.0488466	0.950403	4.39563
3393.0	0.0	-0.0452734	0.0452734	0.737982	14.1836
3394.0	0.0	-0.604597	0.604597	0.809085	9.85624
3395.0	0.0	0.3634	0.3634	0.887996	6.59539
3396.0	0.0	0.107496	0.107496	0.902944	6.12419
3397.0	0.0	-0.799236	0.799236	0.748087	12.8127
3398.0	0.0	-0.50332	0.50332	0.880287	6.78685
3399.0	0.0	0.142017	0.142017	0.891055	6.58344
3400.0	0.0	-0.0472364	0.0472364	0.868212	7.54082
3401.0	0.0	-0.253421	0.253421	0.8475	8.37778
3402.0	0.0	-0.0101915	0.0101915	0.856278	8.05652
3403.0	0.0	-0.668278	0.668278	0.780607	11.2228
3404.0	0.0	0.0415985	0.0415985	0.874682	7.26958
3405.0	0.0	-0.999413	0.999413	0.836134	7.91753
3406.0	0.0	-0.343362	0.343362	0.873293	7.21039
3407.0	0.0	-0.753631	0.753631	0.859232	7.34872
3408.0	0.0	0.75131	0.75131	0.869947	6.90204
3409.0	0.0	0.143275	0.143275	0.81304	10.0386
3410.0	0.0	0.422558	0.422558	0.737656	13.9879
3411.0	0.0	0.321303	0.321303	0.833951	8.95252
3412.0	0.0	-0.376529	0.376529	0.857579	7.85398
3413.0	0.0	-0.973766	0.973766	0.847679	7.46055
3414.0	0.0	0.13727	0.13727	0.863183	7.73826
3415.0	0.0	0.564729	0.564729	0.824882	9.14637
3416.0	0.0	0.801741	0.801741	0.787067	10.6629
3417.0	0.0	0.53044	0.53044	0.883179	6.64174
3418.0	0.0	-0.0179164	0.0179164	0.812939	10.0657
3419.0	0.0	0.932159	0.932159	0.783516	10.5958
3420.0	0.0	0.657869	0.657869	0.819136	9.29692
3421.0	0.0	0.3353	0.3353	0.785613	11.3358
3422.0	0.0	0.213525	0.213525	0.856329	8.00734
3423.0	0.0	0.450941	0.450941	0.852602	8.00766
3424.0	0.0	0.0442931	0.0442931	0.801236	10.6492
3425.0	0.0	-0.414302	0.414302	0.886027	6.63536
3426.0	0.0	0.12822	0.12822	0.840132	8.7604
3427.0	0.0	0.452622	0.452622	0.875752	7.02113
3428.0	0.0	0.00362667	0.00362667	0.847924	8.42586
3429.0	0.0	-0.288752	0.288752	0.860673	7.78012
3430.0	0.0	-0.788909	0.788909	0.764126	11.9184
3431.0	0.0	-0.189027	0.189027	0.861208	7.80587
3432.0	0.0	-0.556922	0.556922	0.811498	9.79822
3433.0	0.0	-0.583388	0.583388	0.731622	14.1619
3434.0	0.0	0.0741339	0.0741339	0.869402	7.48719
3435.0	0.0	-0.635719	0.635719	0.914112	5.32292
3436.0	0.0	-0.832842	0.832842	0.822469	8.86159
3437.0	0.0	0.212174	0.212174	0.811788	10.0734
3438.0	0.0	0.406498	0.406498	0.911576	5.64559
3439.0	0.0	0.163709	0.163709	0.878368	7.09159
3440.0	0.0	-0.278674	0.278674	0.790636	11.1108
3441.0	0.0	-0.279027	0.279027	0.95284	4.24258
3442.0	0.0	0.311369	0.311369	0.891773	6.47917
3443.0	0.0	-0.275224	0.275224	0.819811	9.64922
3444.0	0.0	0.00115119	0.00115119	0.825242	9.47125
3445.0	0.0	-0.525323	0.525323	0.887736	6.46402
3446.0	0.0	-0.0442982	0.0442982	0.787468	11.3631
3447.0	0.0	-0.239045	0.239045	0.836048	8.90456
3448.0	0.0	0.666992	0.666992	0.890193	6.20102
3449.0	0.0	-0.110257	0.110257	0.8019	10.6041
3450.0	0.0	-0.938125	0.938125	0.742801	12.8372
3451.0	0.0	-0.113746	0.113746	0.918201	5.54248
3452.0	0.0	0.206766	0.206766	0.772834	12.1066
3453.0	0.0	0.317275	0.317275	0.871241	7.31348
3454.0	0.0	0.199622	0.199622	0.800893	10.6244
3455.0	0.0	0.506249	0.506249	0.936388	4.652
3456.0	0.0	0.182272	0.182272	0.801776	10.5869
3457.0	0.0	-0.510297	0.510297	0.827492	9.08613
3458.0	0.0	0.0164914	0.0164914	0.864554	7.69854
3459.0	0.0	-1.0025	1.0025	0.837629	7.84448
3460.0	0.0	0.481091	0.481091	0.723167	14.8286
3461.0	0.0	0.126449	0.126449	0.714177	15.6845
3462.0	0.0	0.374151	0.374151	0.88226	6.81917
3463.0	0.0	0.513654	0.513654	0.843918	8.32991
3464.0	0.0	-0.238795	0.238795	0.847334	8.39268
3465.0	0.0	-0.394517	0.394517	0.784639	11.3384
3466.0	0.0	0.567874	0.567874	0.891085	6.28529
3467.0	0.0	0.301469	0.301469	0.881022	6.91856
3468.0	0.0	-0.179917	0.179917	0.945167	4.55006
3469.0	0.0	-0.0597401	0.0597401	0.747225	13.6221
3470.0	0.0	0.0317104	0.0317104	0.926128	5.2607
3471.0	0.0	-0.293331	0.293331	0.766439	12.4121
3472.0	0.0	0.367124	0.367124	0.791548	10.9988
3473.0	0.0	-0.305841	0.305841	0.849674	8.25049
3474.0	0.0	0.415202	0.415202	0.828055	9.15358
3475.0	0.0	0.343041	0.343041	0.862308	7.67477
3476.0	0.0	-0.865623	0.865623	0.875913	6.4744
3477.0	0.0	-0.265547	0.265547	0.822542	9.5239
3478.0	0.0	0.000288269	0.000288269	0.897074	6.36471
3479.0	0.0	-0.29468	0.29468	0.817943	9.72733
3480.0	0.0	0.0338147	0.0338147	0.930182	5.11281
3481.0	0.0	-0.320763	0.320763	0.90288	6.03796
3482.0	0.0	-0.827362	0.827362	0.820084	8.9834
3483.0	0.0	0.152764	0.152764	0.750475	13.4054
3484.0	0.0	-0.230377	0.230377	0.872497	7.30896
3485.0	0.0	0.278607	0.278607	0.916305	5.55161
3486.0	0.0	-0.159451	0.159451	0.878976	7.06793
3487.0	0.0	0.24237	0.24237	0.803543	10.4692
3488.0	0.0	-0.0579743	0.0579743	0.891708	6.57399
3489.0	0.0	0.556035	0.556035	0.854171	7.83025
3490.0	0.0	-0.477906	0.477906	0.783714	11.3049
3491.0	0.0	0.123272	0.123272	0.827982	9.32518
3492.0	0.0	-0.201112	0.201112	0.863304	7.71098
3493.0	0.0	-0.42343	0.42343	0.85629	7.87139
3494.0	0.0	-0.153659	0.153659	0.918999	5.50256
3495.0	0.0	-0.299471	0.299471	0.837151	8.81944
3496.0	0.0	0.858123	0.858123	0.736712	13.371
3497.0	0.0	0.470566	0.470566	0.733189	14.2104
3498.0	0.0	-0.299026	0.299026	0.819035	9.67179
3499.0	0.0	0.380752	0.380752	0.843387	8.47785
3500.0	0.0	0.496561	0.496561	0.839421	8.55073
3501.0	0.0	-0.227852	0.227852	0.81922	9.70353
3502.0	0.0	-0.118851	0.118851	0.884186	6.86611
3503.0	0.0	0.0704473	0.0704473	0.77636	11.9568
3504.0	0.0	-0.0608975	0.0608975	0.856893	8.02593
3505.0	0.0	-0.21259	0.21259	0.807059	10.3078
3506.0	0.0	-0.0318561	0.0318561	0.79643	10.8962
3507.0	0.0	0.525836	0.525836	0.788316	11.008
3508.0	0.0	0.113427	0.113427	0.807913	10.3009
3509.0	0.0	-0.86775	0.86775	0.758116	12.1038
3510.0	0.0	-0.371277	0.371277	0.779038	11.6586
3511.0	0.0	-0.0885321	0.0885321	0.870927	7.42056
3512.0	0.0	-0.317246	0.317246	0.864797	7.58575
3513.0	0.0	0.187255	0.187255	0.784548	11.4805
3514.0	0.0	-0.0806679	0.0806679	0.945788	4.55222
3515.0	0.0	0.0669842	0.0669842	0.836996	8.91671
3516.0	0.0	-0.453127	0.453127	0.849263	8.15272
3517.0	0.0	-0.480916	0.480916	0.830539	8.97484
3518.0	0.0	0.0804599	0.0804599	0.799422	10.7366
3519.0	0.0	0.0857666	0.0857666	0.775861	11.9814
3520.0	0.0	0.295214	0.295214	0.893811	6.40798
3521.0	0.0	1.03588	1.03588	0.88144	5.93723
3522.0	0.0	-0.169714	0.169714	0.896427	6.36197
3523.0	0.0	0.40695	0.40695	0.828718	9.12976
3524.0	0.0	-0.623954	0.623954	0.82761	8.94359
3525.0	0.0	0.250452	0.250452	0.821389	9.58751
3526.0	0.0	0.285481	0.285481	0.928077	5.11362
3527.0	0.0	-0.445158	0.445158	0.781777	11.4425
3528.0	0.0	1.22144	1.22144	0.73624	12.5034
3529.0	0.0	0.29644	0.29644	0.923292	5.28263
3530.0	0.0	0.406047	0.406047	0.81886	9.59854
3531.0	0.0	0.500714	0.500714	0.787895	11.0591
3532.0	0.0	-0.173379	0.173379	0.828066	9.3053
3533.0	0.0	0.168703	0.168703	0.795106	10.9338
3534.0	0.0	1.07031	1.07031	0.875346	6.10979
3535.0	0.0	0.0691494	0.0691494	0.922244	5.40006
3536.0	0.0	-0.209676	0.209676	0.809745	10.1755
3537.0	0.0	0.28841	0.28841	0.816067	9.82232
3538.0	0.0	0.119029	0.119029	0.821908	9.61512
3539.0	0.0	-0.464396	0.464396	0.889565	6.45032
3540.0	0.0	0.0503109	0.0503109	0.828786	9.30093
3541.0	0.0	-0.416904	0.416904	0.817428	9.65795
3542.0	0.0	-0.0792263	0.0792263	0.821067	9.66403
3543.0	0.0	0.225993	0.225993	0.827461	9.3113
3544.0	0.0	0.149529	0.149529	0.842983	8.62462
3545.0	0.0	0.9545	0.9545	0.734118	13.3182
3546.0	0.0	0.149096	0.149096	0.878451	7.09277
3547.0	0.0	-0.160154	0.160154	0.888208	6.69209
3548.0	0.0	-0.745098	0.745098	0.709077	15.3397
3549.0	0.0	-0.643617	0.643617	0.929298	4.75826
3550.0	0.0	0.933573	0.933573	0.802153	9.64813
3551.0	0.0	0.375723	0.375723	0.841843	8.55153
3552.0	0.0	-0.394358	0.394358	0.789249	11.0955
3553.0	0.0	-0.193885	0.193885	0.825418	9.42241
3554.0	0.0	0.301616	0.301616	0.919552	5.41788
3555.0	0.0	0.499351	0.499351	0.784646	11.2318
3556.0	0.0	-0.0267728	0.0267728	0.852933	8.20272
3557.0	0.0	-0.0970538	0.0970538	0.768494	12.3865
3558.0	0.0	0.0192652	0.0192652	0.820654	9.69029
3559.0	0.0	-0.166687	0.166687	0.912268	5.7513
3560.0	0.0	1.24509	1.24509	0.861593	6.27357
3561.0	0.0	0.106486	0.106486	0.729846	14.6782
3562.0	0.0	-0.447426	0.447426	0.784466	11.297
3563.0	0.0	0.890042	0.890042	0.778563	10.9417
3564.0	0.0	0.489658	0.489658	0.804561	10.2182
3565.0	0.0	0.483828	0.483828	0.876855	6.94649
3566.0	0.0	-0.224897	0.224897	0.905131	6.00182
3567.0	0.0	-0.0442555	0.0442555	0.815236	9.95137
3568.0	0.0	-0.845941	0.845941	0.846765	7.73737
3569.0	0.0	0.119781	0.119781	0.903953	6.0824
3570.0	0.0	-0.360597	0.360597	0.821719	9.49906
3571.0	0.0	-0.47662	0.47662	0.821505	9.40471
3572.0	0.0	-0.38066	0.38066	0.764282	12.4646
3573.0	0.0	-0.465222	0.465222	0.894585	6.25087
3574.0	0.0	0.184233	0.184233	0.804295	10.4589
3575.0	0.0	-0.383091	0.383091	0.845591	8.37701
3576.0	0.0	0.107487	0.107487	0.829219	9.27087
3577.0	0.0	0.789165	0.789165	0.823905	8.8693
3578.0	0.0	0.360171	0.360171	0.867474	7.44263
3579.0	0.0	0.821181	0.821181	0.751529	12.5711
3580.0	0.0	-0.111016	0.111016	0.878789	7.08874
3581.0	0.0	-0.139104	0.139104	0.871439	7.38736
3582.0	0.0	-0.0674875	0.0674875	0.839474	8.80302
3583.0	0.0	0.0445987	0.0445987	0.86066	7.86417
3584.0	0.0	-0.0683569	0.0683569	0.803402	10.5363
3585.0	0.0	-0.249797	0.249797	0.823935	9.46622
3586.0	0.0	0.385375	0.385375	0.718632	15.2246
3587.0	0.0	-0.0364209	0.0364209	0.801554	10.6337
3588.0	0.0	0.572647	0.572647	0.706069	15.8289
3589.0	0.0	0.392014	0.392014	0.779773	11.6008
3590.0	0.0	0.0376693	0.0376693	0.857475	8.00291
3591.0	0.0	0.171245	0.171245	0.817963	9.78883
3592.0	0.0	0.335843	0.335843	0.83512	8.8884
3593.0	0.0	-0.92066	0.92066	0.826699	8.50287
3594.0	0.0	-0.555065	0.555065	0.805656	10.0886
3595.0	0.0	-0.449567	0.449567	0.8898	6.45427
3596.0	0.0	-1.26427	1.26427	0.770216	10.484
3597.0	0.0	-0.420277	0.420277	0.815507	9.74794
3598.0	0.0	-0.00615258	0.00615258	0.830238	9.23539
3599.0	0.0	-0.838176	0.838176	0.866629	6.90218
3600.0	0.0	0.414871	0.414871	0.876057	7.04134
3601.0	0.0	-0.194048	0.194048	0.824202	9.48016
3602.0	0.0	-0.250612	0.250612	0.815052	9.89395
3603.0	0.0	-0.915744	0.915744	0.791147	10.2362
3604.0	0.0	-0.708114	0.708114	0.845442	8.01572
3605.0	0.0	-0.122514	0.122514	0.829178	9.26911
3606.0	0.0	-0.206478	0.206478	0.820604	9.64694
3607.0	0.0	0.0889476	0.0889476	0.876439	7.19034
3608.0	0.0	0.442582	0.442582	0.786759	11.1807
3609.0	0.0	-0.179269	0.179269	0.781076	11.6698
3610.0	0.0	0.310976	0.310976	0.882225	6.86368
3611.0	0.0	0.209292	0.209292	0.872788	7.30615
3612.0	0.0	0.222595	0.222595	0.777199	11.8597
3613.0	0.0	0.144321	0.144321	0.771001	12.2335
3614.0	0.0	-0.542604	0.542604	0.840561	8.44903
3615.0	0.0	0.406931	0.406931	0.85671	7.86723
3616.0	0.0	-0.360302	0.360302	0.819493	9.60602
3617.0	0.0	-0.778738	0.778738	0.848482	7.77392
3618.0	0.0	0.0104854	0.0104854	0.864549	7.6989
3619.0	0.0	-0.589701	0.589701	0.828162	8.96193
3620.0	0.0	0.268899	0.268899	0.782185	11.5642
3621.0	0.0	0.436667	0.436667	0.823871	9.33135
3622.0	0.0	0.325929	0.325929	0.796684	10.7653
3623.0	0.0	0.0242702	0.0242702	0.862718	7.77692
3624.0	0.0	0.248854	0.248854	0.925207	5.23685
3625.0	0.0	-0.0886499	0.0886499	0.798933	10.76
3626.0	0.0	-0.0414583	0.0414583	0.941917	4.69253
3627.0	0.0	-0.131215	0.131215	0.731182	14.5869
3628.0	0.0	-0.172541	0.172541	0.764203	12.6041
3629.0	0.0	-0.15548	0.15548	0.776784	11.9115
3630.0	0.0	-0.534733	0.534733	0.870283	7.16687
3631.0	0.0	0.736992	0.736992	0.824071	8.9459
3632.0	0.0	0.297976	0.297976	0.904329	5.99567
3633.0	0.0	-0.414834	0.414834	0.870403	7.27652
3634.0	0.0	0.742467	0.742467	0.885715	6.27472
3635.0	0.0	-0.261157	0.261157	0.86493	7.61313
3636.0	0.0	-0.121705	0.121705	0.872851	7.33277
3637.0	0.0	-0.551743	0.551743	0.81926	9.42885
3638.0	0.0	-0.495576	0.495576	0.873519	7.07273
3639.0	0.0	-0.197401	0.197401	0.809785	10.1791
3640.0	0.0	0.673887	0.673887	0.772169	11.6689
3641.0	0.0	-0.224402	0.224402	0.935241	4.88441
3642.0	0.0	0.388749	0.388749	0.821302	9.49624
3643.0	0.0	-0.570583	0.570583	0.913126	5.43431
3644.0	0.0	0.34561	0.34561	0.839614	8.67548
3645.0	0.0	0.788066	0.788066	0.838754	8.19031
3646.0	0.0	0.24474	0.24474	0.896644	6.32297
3647.0	0.0	-0.154762	0.154762	0.915368	5.63806
3648.0	0.0	0.180173	0.180173	0.923239	5.33705
3649.0	0.0	-0.128233	0.128233	0.965771	3.86117
3650.0	0.0	0.265493	0.265493	0.827472	9.28996
3651.0	0.0	0.352922	0.352922	0.775674	11.8563
3652.0	0.0	0.293668	0.293668	0.819652	9.6455
3653.0	0.0	-0.791729	0.791729	0.841428	8.06463
3654.0	0.0	0.577402	0.577402	0.823744	9.1846
3655.0	0.0	-0.142955	0.142955	0.851214	8.25821
3656.0	0.0	0.384739	0.384739	0.823586	9.39069
3657.0	0.0	-0.340608	0.340608	0.846784	8.35572
3658.0	0.0	-0.406501	0.406501	0.882296	6.79263
3659.0	0.0	0.673634	0.673634	0.801045	10.1589
3660.0	0.0	0.242004	0.242004	0.773226	12.0667
3661.0	0.0	-0.486838	0.486838	0.857237	7.77114
3662.0	0.0	-0.0244585	0.0244585	0.881307	6.99708
3663.0	0.0	0.421849	0.421849	0.780852	11.5151
3664.0	0.0	-0.857988	0.857988	0.871755	6.65699
3665.0	0.0	0.183988	0.183988	0.789313	11.2297
3666.0	0.0	-0.516945	0.516945	0.755939	12.7963
3667.0	0.0	0.179903	0.179903	0.841241	8.69315
3668.0	0.0	-0.414369	0.414369	0.881523	6.81765
3669.0	0.0	-0.26709	0.26709	0.743231	13.7797
3670.0	0.0	0.170329	0.170329	0.74239	13.8819
3671.0	0.0	0.131627	0.131627	0.916911	5.58653
3672.0	0.0	0.535875	0.535875	0.760052	12.5375
3673.0	0.0	0.0914959	0.0914959	0.828085	9.32765
3674.0	0.0	-0.56052	0.56052	0.844151	8.26709
3675.0	0.0	0.132794	0.132794	0.846561	8.46842
3676.0	0.0	-0.336814	0.336814	0.783734	11.4345
3677.0	0.0	-0.485105	0.485105	0.977281	3.28833
3678.0	0.0	-0.0709853	0.0709853	0.819234	9.75375
3679.0	0.0	0.140808	0.140808	0.915754	5.62753
3680.0	0.0	0.459635	0.459635	0.802263	10.3649
3681.0	0.0	0.376475	0.376475	0.912265	5.64211
3682.0	0.0	0.894293	0.894293	0.900456	5.4613
3683.0	0.0	-0.237015	0.237015	0.864746	7.63327
3684.0	0.0	-0.492857	0.492857	0.807475	10.0697
3685.0	0.0	-0.340866	0.340866	0.843095	8.52114
3686.0	0.0	-0.271924	0.271924	0.840255	8.69419
3687.0	0.0	0.14487	0.14487	0.891552	6.5628
3688.0	0.0	-0.304076	0.304076	0.804147	10.4015
3689.0	0.0	-0.285278	0.285278	0.778735	11.7397
3690.0	0.0	-0.125607	0.125607	0.876977	7.16013
3691.0	0.0	0.365223	0.365223	0.739811	13.9115
3692.0	0.0	-0.615787	0.615787	0.857702	7.60582
3693.0	0.0	-0.0980546	0.0980546	0.827987	9.33096
3694.0	0.0	0.976974	0.976974	0.797062	9.81087
3695.0	0.0	-0.85649	0.85649	0.857232	7.26676
3696.0	0.0	0.934629	0.934629	0.818848	8.84134
3697.0	0.0	-0.120351	0.120351	0.835222	8.98793
3698.0	0.0	-0.281553	0.281553	0.828194	9.24655
3699.0	0.0	-0.103866	0.103866	0.865967	7.6275
3700.0	0.0	0.0169726	0.0169726	0.849277	8.36519
3701.0	0.0	-0.0744281	0.0744281	0.886754	6.77064
3702.0	0.0	0.327146	0.327146	0.814088	9.89278
3703.0	0.0	-0.100524	0.100524	0.836755	8.92187
3704.0	0.0	-0.556783	0.556783	0.839283	8.49054
3705.0	0.0	0.66848	0.66848	0.872671	6.90662
3706.0	0.0	0.709453	0.709453	0.768509	11.8131
3707.0	0.0	-0.37453	0.37453	0.793603	10.886
3708.0	0.0	0.283319	0.283319	0.802856	10.48
3709.0	0.0	0.0771686	0.0771686	0.939813	4.76299
3710.0	0.0	0.431523	0.431523	0.766966	12.2657
3711.0	0.0	0.134628	0.134628	0.798101	10.7912
3712.0	0.0	-0.0274021	0.0274021	0.846445	8.49131
3713.0	0.0	-0.278601	0.278601	0.899822	6.18123
3714.0	0.0	0.357126	0.357126	0.743103	13.7194
3715.0	0.0	-0.55241	0.55241	0.740205	13.6793
3716.0	0.0	-0.317814	0.317814	0.83091	9.09614
3717.0	0.0	-0.185009	0.185009	0.845726	8.48853
3718.0	0.0	0.199146	0.199146	0.9151	5.63309
3719.0	0.0	-0.447602	0.447602	0.881894	6.7741
3720.0	0.0	-0.340927	0.340927	0.830493	9.0994
3721.0	0.0	0.324365	0.324365	0.861357	7.7283
3722.0	0.0	0.101168	0.101168	0.94609	4.53824
3723.0	0.0	0.206007	0.206007	0.805216	10.4031
3724.0	0.0	-0.764307	0.764307	0.829151	8.66621
3725.0	0.0	-1.02043	1.02043	0.825013	8.37814
3726.0	0.0	-0.16245	0.16245	0.835299	8.97175
3727.0	0.0	-0.504049	0.504049	0.806883	10.0869
3728.0	0.0	0.304475	0.304475	0.83558	8.88847
3729.0	0.0	0.229847	0.229847	0.829092	9.23269
3730.0	0.0	0.81751	0.81751	0.93195	4.42881
3731.0	0.0	-0.299582	0.299582	0.834288	8.95124
3732.0	0.0	-0.112326	0.112326	0.800253	10.6873
3733.0	0.0	-0.0517822	0.0517822	0.85449	8.13218
3734.0	0.0	-0.00443334	0.00443334	0.845384	8.53973
3735.0	0.0	0.250178	0.250178	0.814435	9.92432
3736.0	0.0	0.0357366	0.0357366	0.862466	7.78703
3737.0	0.0	0.495444	0.495444	0.870805	7.18579
3738.0	0.0	-0.0847018	0.0847018	0.807157	10.3449
3739.0	0.0	-0.212706	0.212706	0.834469	8.9901
3740.0	0.0	-0.471436	0.471436	0.843001	8.41443
3741.0	0.0	-0.00222371	0.00222371	0.841802	8.70171
3742.0	0.0	-0.274607	0.274607	0.878602	7.03324
3743.0	0.0	-0.453615	0.453615	0.858451	7.75065
3744.0	0.0	1.00885	1.00885	0.887886	5.73716
3745.0	0.0	-0.155453	0.155453	0.87905	7.06613
3746.0	0.0	0.603346	0.603346	0.827435	8.97858
3747.0	0.0	-0.186059	0.186059	0.742344	13.8779
3748.0	0.0	-0.317501	0.317501	0.747188	13.5072
3749.0	0.0	0.270804	0.270804	0.848007	8.34564
3750.0	0.0	-0.053726	0.053726	0.869035	7.50533
3751.0	0.0	0.546216	0.546216	0.844892	8.25045
3752.0	0.0	0.387133	0.387133	0.839867	8.63197
3753.0	0.0	0.165092	0.165092	0.897697	6.31352
3754.0	0.0	0.276184	0.276184	0.779114	11.725
3755.0	0.0	0.161761	0.161761	0.932999	4.98753
3756.0	0.0	-0.453556	0.453556	0.887361	6.54819
3757.0	0.0	0.14997	0.14997	0.809268	10.2228
3758.0	0.0	0.374492	0.374492	0.800996	10.5076
3759.0	0.0	0.374572	0.374572	0.857765	7.84743
3760.0	0.0	0.746665	0.746665	0.776463	11.3186
3761.0	0.0	0.133904	0.133904	0.831132	9.17442
3762.0	0.0	0.220204	0.220204	0.770523	12.2279
3763.0	0.0	0.0155769	0.0155769	0.755047	13.1649
3764.0	0.0	-0.113762	0.113762	0.832965	9.09423
3765.0	0.0	-0.219392	0.219392	0.825851	9.39054
3766.0	0.0	-0.0229913	0.0229913	0.769749	12.3268
3767.0	0.0	0.247215	0.247215	0.832881	9.04687
3768.0	0.0	-0.884141	0.884141	0.903943	5.3463
3769.0	0.0	0.485923	0.485923	0.830508	8.97117
3770.0	0.0	0.139522	0.139522	0.791096	11.1524
3771.0	0.0	0.327566	0.327566	0.782851	11.4887
3772.0	0.0	0.354359	0.354359	0.802054	10.4703
3773.0	0.0	0.493822	0.493822	0.845101	8.29779
3774.0	0.0	0.374535	0.374535	0.818824	9.62688
3775.0	0.0	-0.0470582	0.0470582	0.769789	12.3226
3776.0	0.0	-0.221028	0.221028	0.791551	11.0955
3777.0	0.0	-0.221774	0.221774	0.859327	7.87334
3778.0	0.0	-0.475327	0.475327	0.825836	9.20072
3779.0	0.0	0.17162	0.17162	0.979886	3.38662
3780.0	0.0	-0.244482	0.244482	0.808821	10.204
3781.0	0.0	0.154074	0.154074	0.917663	5.55228
3782.0	0.0	-1.51588	1.51588	0.784685	8.98308
3783.0	0.0	0.0547273	0.0547273	0.84439	8.58142
3784.0	0.0	0.0941767	0.0941767	0.800762	10.6656
3785.0	0.0	-0.786538	0.786538	0.754093	12.4891
3786.0	0.0	0.0836514	0.0836514	0.845483	8.52795
3787.0	0.0	0.355524	0.355524	0.869872	7.34491
3788.0	0.0	0.111572	0.111572	0.754312	13.1932
3789.0	0.0	0.212221	0.212221	0.884082	6.8396
3790.0	0.0	0.177349	0.177349	0.805	10.4262
3791.0	0.0	0.0877919	0.0877919	0.963085	3.95889
3792.0	0.0	-0.391626	0.391626	0.801072	10.4892
3793.0	0.0	-0.324291	0.324291	0.840003	8.67282
3794.0	0.0	0.2908	0.2908	0.797834	10.7306
3795.0	0.0	0.252392	0.252392	0.869326	7.43136
3796.0	0.0	-0.524824	0.524824	0.927196	4.96355
3797.0	0.0	0.152467	0.152467	0.802784	10.547
3798.0	0.0	0.219222	0.219222	0.783433	11.5251
3799.0	0.0	0.662666	0.662666	0.732473	13.9887
3800.0	0.0	-0.107551	0.107551	0.774977	12.0249
3801.0	0.0	-0.278278	0.278278	0.86294	7.68878
3802.0	0.0	0.00709894	0.00709894	0.866875	7.59979
3803.0	0.0	-0.193918	0.193918	0.822052	9.5829
3804.0	0.0	0.904064	0.904064	0.815308	9.06863
3805.0	0.0	-0.0204054	0.0204054	0.82488	9.48802
3806.0	0.0	0.248636	0.248636	0.949109	4.3858
3807.0	0.0	0.153102	0.153102	0.876552	7.17001
3808.0	0.0	0.461507	0.461507	0.828977	9.06714
3809.0	0.0	-0.617276	0.617276	0.835625	8.58243
3810.0	0.0	-0.538474	0.538474	0.766484	12.172
3811.0	0.0	-0.408739	0.408739	0.886068	6.63825
3812.0	0.0	-0.201766	0.201766	0.780489	11.6916
3813.0	0.0	-0.0353583	0.0353583	0.811806	10.1206
3814.0	0.0	0.0698804	0.0698804	0.767215	12.4635
3815.0	0.0	-0.29962	0.29962	0.910204	5.76999
3816.0	0.0	-0.0578019	0.0578019	0.974676	3.57901
3817.0	0.0	0.155348	0.155348	0.78643	11.3929
3818.0	0.0	-0.00421104	0.00421104	0.888593	6.70202
3819.0	0.0	0.12071	0.12071	0.80597	10.3961
3820.0	0.0	0.163496	0.163496	0.906695	5.96478
3821.0	0.0	-0.346928	0.346928	0.838889	8.70755
3822.0	0.0	-0.132454	0.132454	0.800261	10.6814
3823.0	0.0	-0.238832	0.238832	0.877563	7.0945
3824.0	0.0	0.350791	0.350791	0.822308	9.47842
3825.0	0.0	0.275803	0.275803	0.89595	6.33444
3826.0	0.0	0.619443	0.619443	0.785807	11.0189
3827.0	0.0	-0.0147572	0.0147572	0.871888	7.38791
3828.0	0.0	-0.0400504	0.0400504	0.801491	10.6366
3829.0	0.0	0.00360597	0.00360597	0.804852	10.4684
3830.0	0.0	-0.930502	0.930502	0.817509	8.91264
3831.0	0.0	0.517264	0.517264	0.799116	10.4617
3832.0	0.0	0.437651	0.437651	0.793934	10.8115
3833.0	0.0	-0.320004	0.320004	0.844229	8.48449
3834.0	0.0	0.187022	0.187022	0.824958	9.44709
3835.0	0.0	-0.148585	0.148585	0.721845	15.1752
3836.0	0.0	-0.280342	0.280342	0.868169	7.4651
3837.0	0.0	-0.285414	0.285414	0.944403	4.53143
3838.0	0.0	-0.214352	0.214352	0.827185	9.3298
3839.0	0.0	-0.207552	0.207552	0.742675	13.8476
3840.0	0.0	0.483052	0.483052	0.822122	9.36865
3841.0	0.0	0.177929	0.177929	0.958124	4.10451
3842.0	0.0	0.456812	0.456812	0.752883	13.0428
3843.0	0.0	-0.214904	0.214904	0.848836	8.33702
3844.0	0.0	-0.296046	0.296046	0.772144	12.0927
3845.0	0.0	0.0746156	0.0746156	0.777925	11.8708
3846.0	0.0	0.410504	0.410504	0.869699	7.30962
3847.0	0.0	0.321092	0.321092	0.874512	7.17455
3848.0	0.0	-0.673833	0.673833	0.802592	10.0812
3849.0	0.0	-0.0441853	0.0441853	0.840909	8.74027
3850.0	0.0	-0.739554	0.739554	0.746096	13.0382
3851.0	0.0	0.372922	0.372922	0.868376	7.39507
3852.0	0.0	-0.209309	0.209309	0.746344	13.6262
3853.0	0.0	0.0971019	0.0971019	0.74799	13.5695
3854.0	0.0	-0.126978	0.126978	0.791105	11.1557
3855.0	0.0	0.305538	0.305538	0.828761	9.20487
3856.0	0.0	-0.211571	0.211571	0.773134	12.0878
3857.0	0.0	-0.0901512	0.0901512	0.813991	10.0055
3858.0	0.0	-0.801849	0.801849	0.793086	10.353
3859.0	0.0	0.306059	0.306059	0.878892	7.00306
3860.0	0.0	-0.593536	0.593536	0.894011	6.141
3861.0	0.0	0.563859	0.563859	0.801378	10.2917
3862.0	0.0	0.703857	0.703857	0.902989	5.65539
3863.0	0.0	0.127005	0.127005	0.871628	7.3827
3864.0	0.0	-0.105279	0.105279	0.798621	10.7724
3865.0	0.0	0.412097	0.412097	0.794215	10.8213
3866.0	0.0	-0.51181	0.51181	0.865762	7.38107
3867.0	0.0	-0.130866	0.130866	0.749096	13.4945
3868.0	0.0	0.341919	0.341919	0.759407	12.7746
3869.0	0.0	0.605628	0.605628	0.778246	11.4397
3870.0	0.0	0.316655	0.316655	0.744877	13.6458
3871.0	0.0	0.247184	0.247184	0.738871	14.0569
3872.0	0.0	-0.566953	0.566953	0.824845	9.1454
3873.0	0.0	0.268787	0.268787	0.878185	7.05358
3874.0	0.0	0.954839	0.954839	0.787072	10.3642
3875.0	0.0	0.37171	0.37171	0.887757	6.59893
3876.0	0.0	0.28781	0.28781	0.848214	8.3265
3877.0	0.0	1.11844	1.11844	0.87599	5.98181
3878.0	0.0	0.29211	0.29211	0.816072	9.81972
3879.0	0.0	-0.0149625	0.0149625	0.819978	9.72303
3880.0	0.0	-0.371624	0.371624	0.833707	8.92679
3881.0	0.0	-0.767446	0.767446	0.772927	11.4736
3882.0	0.0	1.59415	1.59415	0.819962	7.07307
3883.0	0.0	0.0523021	0.0523021	0.870944	7.42502
3884.0	0.0	0.613979	0.613979	0.829524	8.8676
3885.0	0.0	1.07537	1.07537	0.683181	16.3468
3886.0	0.0	-0.115795	0.115795	0.732534	14.507
3887.0	0.0	0.185517	0.185517	0.749485	13.4506
3888.0	0.0	-0.327057	0.327057	0.771583	12.1013
3889.0	0.0	0.715699	0.715699	0.872518	6.84784
3890.0	0.0	-0.808073	0.808073	0.869754	6.82188
3891.0	0.0	0.446964	0.446964	0.81295	9.84736
3892.0	0.0	0.147428	0.147428	0.814144	9.98318
3893.0	0.0	-0.0491621	0.0491621	0.89618	6.39757
3894.0	0.0	-0.0949021	0.0949021	0.84309	8.63385
3895.0	0.0	-0.339153	0.339153	0.867077	7.47431
3896.0	0.0	-0.0125595	0.0125595	0.861727	7.81998
3897.0	0.0	0.167862	0.167862	0.828245	9.29889
3898.0	0.0	0.031854	0.031854	0.862878	7.76958
3899.0	0.0	0.497517	0.497517	0.804117	10.2319
3900.0	0.0	-0.0445453	0.0445453	0.896237	6.39575
3901.0	0.0	0.166112	0.166112	0.835802	8.94725
3902.0	0.0	-0.438216	0.438216	0.786101	11.2198
3903.0	0.0	0.364788	0.364788	0.79681	10.7289
3904.0	0.0	0.317747	0.317747	0.841342	8.61641
3905.0	0.0	-0.151565	0.151565	0.820233	9.68609
3906.0	0.0	-0.475258	0.475258	0.823752	9.29928
3907.0	0.0	0.450902	0.450902	0.849017	8.1657
3908.0	0.0	0.0234959	0.0234959	0.849943	8.33529
3909.0	0.0	0.21957	0.21957	0.947715	4.44664
3910.0	0.0	-0.383458	0.383458	0.885284	6.68965
3911.0	0.0	0.21294	0.21294	0.798549	10.7378
3912.0	0.0	-0.239487	0.239487	0.888476	6.64996
3913.0	0.0	0.036029	0.036029	0.927891	5.19599
3914.0	0.0	-0.00520466	0.00520466	0.91046	5.84667
3915.0	0.0	0.618257	0.618257	0.824651	9.08971
3916.0	0.0	-0.720269	0.720269	0.784669	10.9268
3917.0	0.0	0.48478	0.48478	0.898504	6.07946
3918.0	0.0	-0.619753	0.619753	0.812183	9.6845
3919.0	0.0	0.406488	0.406488	0.77916	11.6206
3920.0	0.0	0.182299	0.182299	0.790752	11.1549
3921.0	0.0	0.0301693	0.0301693	0.892475	6.54584
3922.0	0.0	-0.387171	0.387171	0.835697	8.82259
3923.0	0.0	-0.554979	0.554979	0.926157	4.97073
3924.0	0.0	0.241431	0.241431	0.842461	8.61052
3925.0	0.0	0.139203	0.139203	0.852651	8.19582
3926.0	0.0	0.180672	0.180672	0.818453	9.76149
3927.0	0.0	-0.408062	0.408062	0.842191	8.50925
3928.0	0.0	0.148234	0.148234	0.907037	5.95625
3929.0	0.0	-0.432094	0.432094	0.800475	10.4824
3930.0	0.0	-0.207324	0.207324	0.861095	7.8033
3931.0	0.0	-0.124695	0.124695	0.793848	11.0135
3932.0	0.0	0.0864278	0.0864278	0.761377	12.7911
3933.0	0.0	0.53995	0.53995	0.806617	10.0589
3934.0	0.0	-0.164809	0.164809	0.853299	8.1592
3935.0	0.0	-0.513976	0.513976	0.824288	9.23289
3936.0	0.0	0.0196133	0.0196133	0.727157	14.8619
3937.0	0.0	0.497372	0.497372	0.797632	10.5596
3938.0	0.0	0.240023	0.240023	0.77903	11.751
3939.0	0.0	0.302317	0.302317	0.836918	8.82833
3940.0	0.0	0.342141	0.342141	0.913422	5.62211
3941.0	0.0	-0.615926	0.615926	0.828271	8.92332
3942.0	0.0	0.23332	0.23332	0.81335	9.98633
3943.0	0.0	-0.022364	0.022364	0.906852	5.98415
3944.0	0.0	-0.428353	0.428353	0.936921	4.7006
3945.0	0.0	0.778409	0.778409	0.904634	5.48724
3946.0	0.0	0.994585	0.994585	0.915521	4.72211
3947.0	0.0	0.699158	0.699158	0.777646	11.3331
3948.0	0.0	0.116281	0.116281	0.834448	9.0248
3949.0	0.0	0.0718823	0.0718823	0.82959	9.26027
3950.0	0.0	0.0763671	0.0763671	0.729869	14.6835
3951.0	0.0	0.470311	0.470311	0.892839	6.31504
3952.0	0.0	0.290993	0.290993	0.791188	11.074
3953.0	0.0	-0.163421	0.163421	0.944831	4.56702
3954.0	0.0	0.763813	0.763813	0.888657	6.12675
3955.0	0.0	-0.278774	0.278774	0.73359	14.362
3956.0	0.0	-0.26832	0.26832	0.838051	8.79687
3957.0	0.0	-0.681695	0.681695	0.788941	10.7644
3958.0	0.0	0.147578	0.147578	0.749714	13.4523
3959.0	0.0	0.523782	0.523782	0.851141	7.99856
3960.0	0.0	0.0272699	0.0272699	0.853623	8.17232
3961.0	0.0	0.247278	0.247278	0.86061	7.80563
3962.0	0.0	0.347796	0.347796	0.85257	8.09415
3963.0	0.0	0.367693	0.367693	0.807348	10.1943
3964.0	0.0	0.643407	0.643407	0.855669	7.65802
3965.0	0.0	-0.622423	0.622423	0.863368	7.35553
3966.0	0.0	0.25884	0.25884	0.825369	9.39315
3967.0	0.0	-0.969889	0.969889	0.884451	5.94623
3968.0	0.0	-0.217638	0.217638	0.851453	8.21967
3969.0	0.0	0.56687	0.56687	0.853414	7.85075
3970.0	0.0	0.342188	0.342188	0.833042	8.97991
3971.0	0.0	-0.711361	0.711361	0.836198	8.42547
3972.0	0.0	-0.259467	0.259467	0.883245	6.85141
3973.0	0.0	-0.715701	0.715701	0.821063	9.12049
3974.0	0.0	0.0937377	0.0937377	0.765691	12.5447
3975.0	0.0	0.75998	0.75998	0.805192	9.81724
3976.0	0.0	-0.734449	0.734449	0.805783	9.82958
3977.0	0.0	0.703333	0.703333	0.886297	6.30688
3978.0	0.0	0.306573	0.306573	0.882941	6.83725
3979.0	0.0	-0.106436	0.106436	0.884436	6.85874
3980.0	0.0	0.136211	0.136211	0.795902	10.9038
3981.0	0.0	0.0387823	0.0387823	0.848471	8.39986
3982.0	0.0	0.277466	0.277466	0.887862	6.65519
3983.0	0.0	0.322076	0.322076	0.837837	8.77317
3984.0	0.0	0.39778	0.39778	0.824362	9.3429
3985.0	0.0	0.228356	0.228356	0.852348	8.1752
3986.0	0.0	0.16765	0.16765	0.885773	6.78788
3987.0	0.0	0.160043	0.160043	0.931715	5.03432
3988.0	0.0	-0.360796	0.360796	0.840102	8.64199
3989.0	0.0	0.677152	0.677152	0.841581	8.23216
3990.0	0.0	0.0426629	0.0426629	0.826749	9.39782
3991.0	0.0	-0.816124	0.816124	0.787049	10.638
3992.0	0.0	-0.119715	0.119715	0.82506	9.46449
3993.0	0.0	0.31259	0.31259	0.760699	12.7233
3994.0	0.0	-0.226446	0.226446	0.782248	11.5849
3995.0	0.0	-0.191233	0.191233	0.937729	4.8085
3996.0	0.0	-0.525468	0.525468	0.916909	5.34025
3997.0	0.0	0.0502801	0.0502801	0.90451	6.07235
3998.0	0.0	0.450787	0.450787	0.859146	7.72329
3999.0	0.0	0.0868978	0.0868978	0.862754	7.76824
4000.0	0.0	0.466859	0.466859	0.826326	9.18617
4001.0	0.0	0.456479	0.456479	0.891659	6.37428
4002.0	0.0	0.302693	0.302693	0.78134	11.5875
4003.0	0.0	0.0372625	0.0372625	0.85357	8.17396
4004.0	0.0	0.501729	0.501729	0.837723	8.6225
4005.0	0.0	0.250488	0.250488	0.902642	6.08614
4006.0	0.0	-0.200131	0.200131	0.870443	7.40827
4007.0	0.0	-0.197851	0.197851	0.85539	8.05504
4008.0	0.0	-0.48137	0.48137	0.850236	8.08244
4009.0	0.0	0.558168	0.558168	0.860416	7.55822
4010.0	0.0	-0.349952	0.349952	0.815667	9.79901
4011.0	0.0	-0.906435	0.906435	0.773752	11.1651
4012.0	0.0	-0.19874	0.19874	0.888288	6.67517
4013.0	0.0	-0.456544	0.456544	0.816108	9.68426
4014.0	0.0	0.622008	0.622008	0.846879	8.07035
4015.0	0.0	0.108323	0.108323	0.938338	4.80997
4016.0	0.0	0.0820146	0.0820146	0.793972	11.0169
4017.0	0.0	0.416228	0.416228	0.822996	9.39166
4018.0	0.0	0.0381042	0.0381042	0.860208	7.88423
4019.0	0.0	-0.311504	0.311504	0.877248	7.06736
4020.0	0.0	-0.724286	0.724286	0.90178	5.67361
4021.0	0.0	-0.308299	0.308299	0.781634	11.5678
4022.0	0.0	1.19393	1.19393	0.731505	12.8632
4023.0	0.0	-0.471604	0.471604	0.830326	8.99421
4024.0	0.0	-0.181173	0.181173	0.873172	7.30116
4025.0	0.0	0.487165	0.487165	0.863058	7.52081
4026.0	0.0	-0.0630858	0.0630858	0.834372	9.03847
4027.0	0.0	-0.509275	0.509275	0.831956	8.87936
4028.0	0.0	-0.124221	0.124221	0.82726	9.35903
4029.0	0.0	0.124192	0.124192	0.884878	6.83674
4030.0	0.0	0.119613	0.119613	0.831149	9.17745
4031.0	0.0	0.043173	0.043173	0.833133	9.09825
4032.0	0.0	-0.463978	0.463978	0.834489	8.80907
4033.0	0.0	-0.471022	0.471022	0.856821	7.80468
4034.0	0.0	-0.730783	0.730783	0.905884	5.50839
4035.0	0.0	-0.123714	0.123714	0.83133	9.16795
4036.0	0.0	0.163385	0.163385	0.810801	10.1422
4037.0	0.0	0.22054	0.22054	0.893093	6.47427
4038.0	0.0	0.376851	0.376851	0.888226	6.57634
4039.0	0.0	0.249577	0.249577	0.928193	5.12749
4040.0	0.0	-0.225088	0.225088	0.906129	5.96333
4041.0	0.0	-0.948341	0.948341	0.795387	9.95489
4042.0	0.0	-0.406059	0.406059	0.800707	10.4949
4043.0	0.0	-0.466297	0.466297	0.901441	5.98257
4044.0	0.0	-0.248985	0.248985	0.749657	13.4074
4045.0	0.0	-0.412531	0.412531	0.825846	9.25989
4046.0	0.0	0.214958	0.214958	0.75719	12.9858
4047.0	0.0	0.34834	0.34834	0.905005	5.93818
4048.0	0.0	0.19873	0.19873	0.864493	7.66108
4049.0	0.0	-0.174908	0.174908	0.899192	6.25169
4050.0	0.0	-0.169815	0.169815	0.851613	8.23183
4051.0	0.0	0.115982	0.115982	0.806386	10.3765
4052.0	0.0	-0.37887	0.37887	0.834429	8.88771
4053.0	0.0	-0.193443	0.193443	0.77448	12.0223
4054.0	0.0	0.0423847	0.0423847	0.815996	9.91442
4055.0	0.0	0.253945	0.253945	0.821299	9.58992
4056.0	0.0	-0.254538	0.254538	0.813408	9.9722
4057.0	0.0	0.655437	0.655437	0.807573	9.86088
4058.0	0.0	-0.282218	0.282218	0.871465	7.32531
4059.0	0.0	-0.538309	0.538309	0.774973	11.7046
4060.0	0.0	0.26268	0.26268	0.835222	8.93009
4061.0	0.0	-0.0599838	0.0599838	0.792539	11.095
4062.0	0.0	-0.252883	0.252883	0.846746	8.41174
4063.0	0.0	0.81227	0.81227	0.822514	8.89528
4064.0	0.0	0.0877176	0.0877176	0.883547	6.89852
4065.0	0.0	-0.60483	0.60483	0.777351	11.4889
4066.0	0.0	-0.242581	0.242581	0.952609	4.26788
4067.0	0.0	0.0116764	0.0116764	0.881948	6.97131
4068.0	0.0	0.0158612	0.0158612	0.887611	6.7413
4069.0	0.0	0.23038	0.23038	0.925087	5.24961
4070.0	0.0	-0.18447	0.18447	0.856638	8.00576
4071.0	0.0	-0.374815	0.374815	0.694926	16.838
4072.0	0.0	0.347401	0.347401	0.829398	9.14583
