IND_ID	PosInd_X	PosInd_Y	PhenValue	Region

2	1.97268	15.6593	0.189968	1
4	0.626051	4.43381	0.527886	1
6	0.365935	5.85944	0.0256226	1
9	2.42017	21.3207	0.737337	1
13	1.78737	6.68614	0.264525	1
28	0.22221	21.8936	0.352181	1
35	1.31168	22.6806	0.277354	1
36	0.12527	2.96932	0.737777	1
41	0.101303	23.8156	-0.60338	1
50	0.0383728	10.6303	-0.624642	1
63	1.43985	20.9278	-1.03723	1
84	2.33226	8.90572	-0.336487	1
91	2.28888	9.38782	-0.324373	1
92	0.846212	9.12003	0.541038	1
95	0.535803	3.72457	0.707655	1
99	0.464337	5.20403	-0.325321	1
100	1.69469	4.16343	-0.523012	1
103	2.31249	3.02479	-0.0872679	1
110	0.171705	20.0367	0.315488	1
113	1.66245	7.54641	0.694107	1
115	0.730473	13.5703	0.217897	1
122	1.44561	0.400984	0.74253	1
143	0.180232	17.2641	-0.367091	1
144	0.035613	6.69116	0.552808	1
146	1.96605	15.0594	0.113641	1
164	0.39659	14.5747	0.0543481	1
224	0.782388	2.74265	0.462717	1
250	1.73862	14.1806	0.105436	1
272	0.446454	21.626	0.140601	1
275	0.876773	5.96193	0.215254	1
295	0.628914	14.3376	-0.00731789	1
313	0.394453	10.694	-0.00835802	1
325	0.119689	23.1243	-0.304822	1
328	2.18898	18.7367	-0.366588	1
330	1.88782	8.44204	-0.384217	1
342	2.22571	15.4635	0.343206	1
364	1.57567	8.17664	-0.183362	1
370	1.30965	16.6141	0.52526	1
375	0.896649	21.8371	0.256601	1
377	1.04696	9.99361	0.705693	1
379	0.832325	4.56381	0.172246	1
383	0.435115	16.0607	0.243449	1
388	1.23501	13.1039	-0.0658585	1
391	2.33507	24.4125	-0.174589	1
395	1.01799	2.04528	-0.0156728	1
405	1.54094	10.9037	0.167644	1
407	2.02909	19.5484	0.219693	1
411	0.10748	12.2096	0.164693	1
414	2.43453	17.7034	-0.19725	1
422	2.4679	10.6882	0.493347	1
425	0.573051	16.3825	-0.255178	1
438	0.321666	23.5445	-0.0455143	1
444	2.29327	7.4557	0.0944605	1
447	2.38238	3.34879	0.53531	1
515	0.757553	16.4172	0.0725236	1
516	0.892625	3.06812	0.684982	1
517	0.601305	8.13513	-0.305008	1
522	1.11893	15.3985	0.400918	1
527	0.184252	12.6974	0.445677	1
535	2.45403	23.9828	0.402513	1
537	1.3144	2.295	0.545495	1
546	0.0253003	1.5618	0.332648	1
582	1.77605	0.710379	-0.143772	1
592	2.25715	22.3021	0.126762	1
593	0.46354	6.21867	0.203566	1
603	0.623392	19.8292	-0.304124	1
612	1.34006	6.26177	0.0577323	1
618	0.447561	24.3231	-0.0606238	1
621	1.99306	0.455646	-0.121787	1
627	2.18404	20.5954	0.0700349	1
640	1.03085	9.91445	-0.0501334	1
641	1.37297	10.6163	0.0887947	1
647	1.33838	14.7259	-0.279205	1
649	0.221495	12.5228	0.0789687	1
652	2.20897	3.02014	-0.105005	1
658	2.49443	22.8558	-0.212288	1
698	0.559861	21.289	-0.0279866	1
699	2.17	15.3572	-0.100994	1
701	1.04125	14.9302	0.105926	1
707	1.07624	10.0496	0.147011	1
722	1.24366	11.1421	-0.027021	1
734	0.488831	7.50967	-0.110747	1
763	0.720773	6.95497	-0.479896	1
764	0.0474963	22.4645	0.514224	1
797	0.339624	16.9485	-0.276479	1
818	0.523077	18.7905	-0.0559905	1
831	1.8247	23.0647	-0.00381758	1
834	0.760879	22.4133	-0.300443	1
866	2.41814	0.704015	0.211311	1
870	0.777136	6.85096	0.207577	1
878	1.06498	22.9415	-0.232799	1
882	2.35771	2.53203	1.4866	1
883	1.38488	13.1459	-0.201607	1
890	1.30606	9.35257	0.343969	1
907	2.21222	1.76455	0.495079	1
908	1.87505	7.89484	0.133488	1
911	2.26923	19.978	0.474926	1
919	1.81342	15.3146	0.488236	1
923	1.02416	3.61025	0.13261	1
935	1.6328	9.79933	-0.196881	1
936	2.38676	12.1272	-0.357208	1
937	0.57257	11.846	0.081876	1
949	2.24497	11.4252	0.544116	1
958	0.503979	21.853	-0.24067	1
959	2.42964	16.4499	0.344832	1
961	2.01807	23.9255	-0.384335	1
966	1.71286	5.6213	0.102198	1
969	0.693699	17.7387	0.268836	1
975	0.358916	8.07481	0.610399	1
993	1.80787	16.7906	0.500056	1
999	1.82561	16.4033	-0.0772397	1
1016	1.56179	14.8928	0.269919	1
1023	0.349837	10.4632	0.0861448	1
1040	0.419403	15.5025	-0.371904	1
1048	1.24678	1.15328	0.739002	1
1062	0.812908	4.72415	0.0700539	1
1072	0.871598	18.4636	-0.219236	1
1075	0.634249	16.0053	0.234465	1
1077	1.89113	7.58923	-0.141956	1
1078	0.510801	19.3327	-0.764656	1
1095	0.28346	5.88436	0.951075	1
1096	2.42997	19.2367	-0.193013	1
1105	0.594425	19.3097	-0.20533	1
1131	0.619681	4.90373	0.278342	1
1139	1.74003	9.60862	0.26153	1
1146	0.0922553	8.88178	-0.035797	1
1151	2.29452	17.1885	0.355368	1
1164	1.96911	12.7753	-0.306974	1
1165	0.887747	4.12153	0.571307	1
1188	1.60886	21.7492	0.14641	1
1204	1.42689	2.09809	-0.254262	1
1214	2.4073	15.4624	0.287581	1
1222	1.62034	11.2789	0.166449	1
1229	0.328058	7.96254	0.261524	1
1235	0.502169	1.7865	-0.171259	1
1246	2.14946	15.6741	0.0254854	1
1259	1.72375	17.1218	-0.128106	1
1267	2.07094	9.99831	0.192196	1
1278	0.511496	14.3647	0.731022	1
1280	2.25777	4.21382	-0.286792	1
1314	1.40918	20.233	0.359728	1
1344	2.10584	13.0038	0.613252	1
1348	1.35	15.0306	-0.273864	1
1349	1.29731	5.06922	0.456635	1
1357	2.15797	10.6084	0.511011	1
1368	1.25073	13.203	0.0336848	1
1383	2.01773	22.8917	-0.0709907	1
1388	2.34213	10.0968	0.345147	1
1396	2.1815	6.8406	0.184548	1
1407	1.76033	3.86704	0.598694	1
1417	1.88591	2.19941	-0.153821	1
1418	1.98925	8.09699	-0.712538	1
1421	2.28365	3.89422	0.10013	1
1423	1.56346	21.7953	-0.35663	1
1425	1.49075	17.0515	0.0904471	1
1427	0.551849	14.4557	-0.608513	1
1429	2.10954	3.82613	-0.14243	1
1446	2.48764	3.43769	-0.319054	1
1447	1.23559	18.9237	0.638392	1
1450	2.49405	17.9679	-0.200376	1
1451	0.59389	14.455	0.0625671	1
1464	0.304206	2.3558	0.151968	1
1467	2.09125	10.4429	-0.0721473	1
1468	1.58572	7.74171	0.523488	1
1472	2.24145	24.4904	0.431177	1
1503	0.733557	17.9506	-0.460081	1
1516	1.642	0.0783692	0.34153	1
1539	1.28838	7.98304	-0.354298	1
1544	1.51391	0.919979	-0.155634	1
1557	1.16386	1.26735	0.775066	1
1567	2.32834	5.37987	0.0264813	1
1568	1.63808	24.5949	-0.150293	1
1572	1.26781	24.9695	-0.49615	1
1579	1.83625	9.12848	0.586561	1
1589	0.60287	5.40188	-0.135413	1
1591	1.22772	12.7697	0.470504	1
1598	0.213824	20.0444	-0.331877	1
1610	2.33217	23.49	0.302477	1
1623	2.30668	21.4727	-0.195377	1
1629	2.26345	20.9887	0.14506	1
1632	1.39028	21.9985	0.195578	1
1634	2.20736	12.5431	0.407497	1
1638	0.557863	14.9767	0.100983	1
1652	1.07635	3.81896	0.171638	1
1660	0.100963	7.13058	0.35926	1
1671	0.924199	3.95431	0.22073	1
1672	0.871861	11.2081	0.42705	1
1688	0.23708	3.65903	-0.167636	1
1715	0.472777	24.0289	-0.521849	1
1717	1.28059	5.55962	0.100037	1
1723	2.0289	15.8676	0.424558	1
1730	0.698376	17.8734	-0.491994	1
1737	0.159627	21.2967	0.93573	1
1745	0.994222	11.8376	0.636793	1
1746	0.616478	11.9505	0.119397	1
1761	2.06375	17.5022	-0.352329	1
1780	0.499622	11.3639	0.425755	1
1786	1.55098	6.64559	0.629755	1
1824	1.86495	4.46017	0.273082	1
1825	1.7854	16.5658	-0.795379	1
1828	1.38756	1.19389	0.712536	1
1831	0.299716	0.229672	0.497951	1
1841	1.65113	18.9256	0.171441	1
1847	2.29062	16.8175	-0.40426	1
1848	1.09066	15.7254	-0.146437	1
1858	0.737959	23.2099	0.148414	1
1882	1.91066	19.5441	-0.261497	1
1883	1.09006	1.32862	0.38875	1
1900	0.0780857	23.4572	-0.0816146	1
1902	1.35436	8.25046	-0.0768344	1
1916	1.02839	2.98865	0.454301	1
1966	0.119086	19.3976	-0.476413	1
1967	0.571093	17.8045	-0.880483	1
1968	1.10711	16.9397	-0.768061	1
1978	1.13029	23.2148	-0.920356	1
1990	1.79343	13.4331	0.00558202	1
1994	1.27022	23.678	-0.575154	1
1997	2.23671	17.0716	-0.370047	1
2006	2.12994	1.31734	-0.166297	1
2008	1.98364	19.8928	0.376475	1
2018	0.147881	17.0646	-0.209062	1
2028	2.011	7.30002	-0.342067	1
2034	0.548346	0.303679	0.698667	1
2038	0.340864	16.3776	0.20909	1
2047	0.186394	5.77889	-0.538077	1
2048	2.06373	7.58746	-0.196843	1
2060	1.95108	22.5501	-0.853759	1
2073	2.42164	11.6027	-0.25249	1
2086	1.65182	3.43634	1.00584	1
2098	1.22941	23.4754	-0.172348	1
2109	1.09116	13.2451	-0.191368	1
2112	0.739639	19.696	-0.171451	1
2129	1.71665	15.9839	-0.0329724	1
2144	0.492431	19.9201	-0.177376	1
2148	1.00174	11.4589	0.402082	1
2149	0.686431	19.4292	-0.462623	1
2152	1.20858	0.364228	-0.405972	1
2158	1.80147	0.118408	0.424653	1
2171	0.0100236	12.1609	0.0760498	1
2196	1.21227	2.21564	0.547441	1
2210	0.4131	9.77391	0.0935172	1
2215	2.0047	2.19479	-0.0875483	1
2221	0.737345	24.4161	-0.0272049	1
2222	0.631783	16.0467	0.0420242	1
2229	2.47272	16.5856	0.192042	1
2248	0.590681	21.9969	0.331501	1
2270	1.12215	23.9746	0.591429	1
2290	1.88647	23.6086	0.242436	1
2325	0.567909	4.8719	0.60521	1
2340	0.0339522	15.3726	0.172675	1
2354	0.830725	20.2967	-0.121352	1
2373	1.80255	13.6853	0.0616681	1
2378	2.49214	6.87654	0.253979	1
2388	2.08272	18.453	-0.42919	1
2389	1.28853	12.5414	0.471425	1
2401	1.33426	11.8687	0.629872	1
2412	1.75992	8.80493	0.247756	1
2447	1.04784	17.485	-0.451419	1
2449	1.55987	18.1111	0.369739	1
2454	1.54826	0.560405	0.984215	1
2455	1.21356	2.4931	0.331591	1
2460	0.276423	7.15067	0.155279	1
2489	0.5252	20.4542	0.944916	1
2497	1.44527	11.0153	0.903609	1
2507	1.84323	19.9843	0.151938	1
2518	2.47067	6.46668	0.170804	1
2535	1.6819	12.9749	-0.50877	1
2562	1.33339	1.55843	0.636727	1
2563	1.55361	1.99873	0.377597	1
2574	1.00665	4.348	0.503953	1
2592	2.13293	2.0885	0.0427093	1
2600	1.09011	23.9529	-0.616435	1
2634	0.6073	15.4209	-0.156367	1
2641	1.54784	19.9306	0.412504	1
2673	1.61387	12.9398	0.406736	1
2683	1.98181	16.7802	0.206364	1
2684	0.104601	0.918554	0.118319	1
2699	1.36759	14.8298	-0.169224	1
2703	0.798681	17.409	-0.0647663	1
2717	0.636698	7.46652	-0.287368	1
2720	1.82968	10.5957	0.432699	1
2721	2.44547	10.0718	0.318863	1
2725	2.16254	19.4149	0.589336	1
2728	1.89156	17.5524	-0.265458	1
2737	2.49701	22.9672	0.424904	1
2746	1.38813	7.05728	0.158605	1
2752	0.73496	19.9823	0.246005	1
2760	1.2654	10.8239	-0.161635	1
2770	2.21748	2.64027	-0.0768586	1
2779	0.133524	18.9922	0.156042	1
2806	0.161379	5.97278	0.288188	1
2807	1.53688	16.4268	0.0174454	1
2813	0.213648	24.9479	-0.85664	1
2814	0.00092484	24.886	0.6866	1
2816	1.26712	5.72278	-0.729825	1
2830	0.667742	20.6469	0.250949	1
2833	1.2139	24.2254	-0.0426857	1
2856	1.93072	2.77989	0.459179	1
2868	0.482622	20.7179	-0.492384	1
2870	1.6673	4.63677	0.757035	1
2877	0.467405	16.1425	0.157161	1
2902	2.29883	20.9281	-0.380066	1
2904	1.10921	12.5921	0.075347	1
2913	0.725356	8.43059	0.397197	1
2915	0.155101	6.7719	0.54735	1
2947	0.834493	11.6392	0.411305	1
2962	0.393938	15.1512	0.0384134	1
2963	1.25132	15.2701	0.0472559	1
2964	1.20028	21.6475	0.36338	1
2965	0.547005	21.0979	0.0695317	1
2999	1.31087	3.44694	-0.487655	1
3003	2.02816	19.2476	-0.105284	1
3020	2.44166	7.3329	-0.201192	1
3030	2.13018	19.1659	0.0375426	1
3043	1.72847	9.99623	0.305119	1
3051	1.16361	21.1941	-0.517862	1
3055	0.187146	12.1755	0.669222	1
3063	1.21649	20.1002	-0.100132	1
3113	1.16806	3.84571	-0.0802923	1
3119	2.0847	8.2456	0.493872	1
3120	1.58631	9.26723	0.2163	1
3128	2.02049	21.4953	0.186791	1
3131	1.82336	15.7095	-0.124576	1
3135	1.66055	16.2942	-0.0814564	1
3145	1.3866	14.5655	-0.714056	1
3148	1.65714	3.51523	-0.0143933	1
3156	2.05282	0.517795	0.471284	1
3159	0.259676	23.8572	0.103433	1
3176	1.35106	3.00579	0.442706	1
3193	1.40393	2.2764	0.510704	1
3197	0.369595	24.9723	-0.765695	1
3201	1.75449	8.52481	-0.00255069	1
3207	2.3168	1.58984	0.196877	1
3211	2.49833	13.8304	-0.624166	1
3220	0.891373	24.5128	-0.0183873	1
3229	0.860427	1.46738	0.344702	1
3233	0.757539	9.24525	0.027846	1
3250	1.42195	13.9601	0.269275	1
3262	2.23385	13.8157	0.112377	1
3263	1.32237	12.4716	-0.0643447	1
3273	0.523533	0.0865838	-0.09878	1
3289	0.749384	1.60078	0.75991	1
3291	1.80536	9.18633	0.348165	1
3297	0.868586	23.1081	0.244114	1
3302	0.71904	22.9764	-0.412556	1
3305	0.417883	11.7971	0.574579	1
3316	0.372372	1.6584	-0.28498	1
3341	1.6446	1.1167	0.605693	1
3342	1.29395	1.0476	-0.177193	1
3355	1.27209	8.19937	0.715691	1
3356	0.695763	8.27054	0.423372	1
3370	0.986894	16.1399	-0.0691184	1
3376	0.457758	11.9098	0.272437	1
3380	1.7128	8.66921	-0.0128867	1
3410	1.91131	8.68436	0.422558	1
3416	2.18994	2.34558	0.801741	1
3420	0.780139	1.72515	0.657869	1
3434	0.581593	18.9767	0.0741339	1
3460	1.14217	1.30389	0.481091	1
3470	0.391695	3.37489	0.0317104	1
3476	1.26283	9.0432	-0.865623	1
3483	2.22704	16.7945	0.152764	1
3485	0.255579	11.189	0.278607	1
3488	1.44202	13.6422	-0.0579743	1
3498	1.39208	16.6565	-0.299026	1
3503	0.665795	4.58554	0.0704473	1
3506	2.35158	10.897	-0.0318561	1
3507	0.264507	5.69695	0.525836	1
3518	0.906318	19.8546	0.0804599	1
3531	1.18707	15.1317	0.500714	1
3540	0.284304	20.9831	0.0503109	1
3551	0.231597	23.1736	0.375723	1
3558	0.510314	4.47828	0.0192652	1
3560	1.573	6.59498	1.24509	1
3578	1.04131	4.93855	0.360171	1
3586	1.43796	1.22412	0.385375	1
3611	0.921175	12.4046	0.209292	1
3620	1.31698	0.726315	0.268899	1
3621	1.25111	0.208817	0.436667	1
3632	1.96385	22.4206	0.297976	1
3647	1.32975	22.5779	-0.154762	1
3669	2.08256	8.4343	-0.26709	1
3670	1.97839	8.25916	0.170329	1
3679	0.812669	18.4225	0.140808	1
3748	0.696382	16.0135	-0.317501	1
3758	1.52895	1.5275	0.374492	1
3766	1.99567	7.42499	-0.0229913	1
3775	1.85423	7.48453	-0.0470582	1
3801	1.91156	3.37954	-0.278278	1
3816	1.70181	12.0158	-0.0578019	1
3829	2.34919	10.98	0.00360597	1
3842	0.641906	15.9192	0.456812	1
3849	2.38177	0.963614	-0.0441853	1
3850	2.42355	16.7636	-0.739554	1
3857	0.715047	20.479	-0.0901512	1
3858	0.409286	20.726	-0.801849	1
3904	0.281195	15.0221	0.317747	1
3907	2.4423	19.1269	0.450902	1
3908	1.0055	9.85848	0.0234959	1
3934	0.330003	24.2914	-0.164809	1
3952	1.44261	14.7185	0.290993	1
3954	0.548605	12.6171	0.763813	1
3955	0.130842	11.983	-0.278774	1
3977	0.0332852	2.49709	0.703333	1
3982	0.993438	10.8158	0.277466	1
3988	1.68346	21.6566	-0.360796	1
4003	1.45989	21.5074	0.0372625	1
4037	0.969728	17.127	0.22054	1
4040	1.81658	17.7451	-0.225088	1
4041	2.15717	17.3588	-0.948341	1
4046	2.03166	8.71372	0.214958	1
4047	1.14344	19.3536	0.34834	1
4048	1.17734	19.6895	0.19873	1
4059	1.76713	0.690156	-0.538309	1
4060	1.42472	9.67848	0.26268	1
4067	2.4318	21.5866	0.0116764	1
4068	2.33622	4.16528	0.0158612	1
18	3.2421	14.7847	-0.61516	2
51	3.80946	8.75042	0.42359	2
66	4.0311	5.16059	0.493301	2
68	3.07703	20.6188	0.0291128	2
102	3.93131	4.67802	-0.264224	2
131	2.65583	23.607	0.0913438	2
135	4.28451	9.03307	0.217747	2
158	4.09959	2.32218	0.750484	2
159	3.54705	4.5184	0.375612	2
162	4.19942	20.3589	-0.984289	2
186	2.81509	0.906622	0.241578	2
190	3.97669	11.0954	-0.216222	2
196	3.24134	2.15027	-0.287112	2
214	4.39157	21.5367	0.522387	2
225	2.79637	12.7124	0.479687	2
229	3.98535	12.9684	-0.150187	2
235	3.47569	23.4187	0.0552732	2
248	2.55464	10.8697	0.0801594	2
263	2.84086	24.4574	0.255937	2
267	3.75963	5.1632	-0.0186693	2
276	3.59766	16.1425	0.105654	2
277	4.56042	12.6364	-0.669508	2
294	3.48331	14.5505	-0.0246852	2
299	3.74093	0.481958	-0.164713	2
300	3.72224	4.60424	-0.766419	2
303	4.71697	24.9588	-0.0794906	2
309	4.63552	14.4851	-0.301605	2
326	3.68345	14.3492	-0.129236	2
346	2.56368	6.89611	0.277143	2
348	4.16419	11.5139	0.0386657	2
354	3.04662	19.6109	-0.490749	2
360	3.41805	3.73439	0.406825	2
394	4.74768	5.2949	0.150269	2
406	3.58385	12.644	-0.154039	2
412	4.09063	6.18666	-0.124802	2
413	3.16392	21.887	-0.179797	2
415	3.85661	13.6477	-0.507842	2
424	4.54807	10.9904	0.154846	2
441	4.51031	5.05896	-0.688939	2
446	4.74035	9.7728	0.0311795	2
449	2.59083	0.672931	0.644927	2
459	3.31579	19.0335	-0.0850472	2
472	2.71157	16.7558	0.060953	2
473	4.78248	20.8136	-0.514529	2
518	3.44481	8.37848	0.466366	2
526	3.38054	18.3396	-0.389763	2
528	4.51157	0.629935	0.712186	2
529	4.85741	14.2588	0.287181	2
532	4.14151	16.372	-0.23871	2
540	4.9466	11.2466	-0.0714457	2
572	3.51213	20.4366	-0.864596	2
574	4.60807	11.6705	-0.0608358	2
584	3.14051	10.1825	-0.0950378	2
595	3.77915	20.8601	0.0752045	2
619	3.36973	1.67816	0.183957	2
620	3.58707	16.0174	-0.35537	2
622	3.2303	0.461937	0.536558	2
645	4.92666	9.97574	0.492858	2
678	4.32077	11.597	-0.718173	2
690	2.95548	17.7464	0.0859544	2
709	2.73222	5.43788	0.476556	2
725	4.79299	13.4122	0.280728	2
730	4.04837	21.4697	-0.237858	2
735	4.17133	7.87319	-0.395141	2
748	4.2684	21.3516	1.01457	2
752	3.27614	24.1018	-0.141808	2
753	3.85394	11.6261	0.101912	2
768	3.17893	9.76951	0.145029	2
772	4.39435	20.7025	-0.0587523	2
803	3.29999	13.2466	0.0266097	2
813	3.54568	15.876	0.0671772	2
814	4.69196	5.7648	-0.0427453	2
828	2.75197	11.0724	-0.400777	2
839	4.11793	2.37528	-0.446266	2
843	3.83414	5.98603	0.00643965	2
860	3.8193	9.9738	0.171023	2
869	3.30493	14.7342	0.105794	2
884	4.63531	2.44058	-0.0501664	2
891	2.56407	5.07197	0.718483	2
894	3.52402	13.5408	0.0447148	2
900	3.30973	0.499258	-0.0469074	2
916	4.17735	2.86749	0.211158	2
920	3.1649	13.9267	0.099847	2
942	2.79974	1.437	0.059772	2
1004	3.20235	13.6804	-0.398107	2
1010	4.74784	10.7477	-0.0943926	2
1011	4.87402	3.27386	0.092063	2
1020	3.95517	18.9388	0.330506	2
1030	4.68776	19.2262	0.278132	2
1031	4.42561	1.91123	0.107812	2
1033	4.9197	4.68315	-0.438371	2
1076	2.61688	13.1549	-0.130707	2
1081	3.6238	23.9347	-0.153943	2
1082	3.41084	12.9227	0.584871	2
1086	4.98988	8.01231	-0.233131	2
1087	4.27099	6.4961	0.467226	2
1091	4.89376	2.00069	0.257202	2
1093	2.66422	10.7309	0.270971	2
1106	4.30038	5.7236	-0.493213	2
1112	2.8147	2.35678	0.156952	2
1121	3.19846	5.08228	-0.448578	2
1144	3.86803	0.786132	0.479601	2
1149	3.94119	19.2805	0.296477	2
1179	3.80672	5.51384	0.0453701	2
1197	2.58775	11.1473	-0.149526	2
1200	4.28298	8.7392	0.0745364	2
1218	3.18088	3.25185	-0.0558194	2
1237	2.96549	8.375	-0.229658	2
1238	2.63184	8.69915	0.269446	2
1274	3.96419	8.6753	-0.0254215	2
1287	3.99587	22.6252	0.165322	2
1289	4.04214	22.3436	-0.436089	2
1296	3.48129	23.0121	0.94287	2
1305	4.02221	9.07028	0.13759	2
1312	4.33888	4.08173	0.258201	2
1316	4.04395	14.0816	0.648716	2
1320	4.05218	3.32181	-0.0207508	2
1333	4.54193	14.5197	-0.429107	2
1342	2.93948	16.7559	-0.148623	2
1355	4.45962	12.7332	0.21197	2
1360	4.7473	1.63835	0.187129	2
1361	4.16296	3.3949	-0.222124	2
1362	4.639	15.6639	0.691278	2
1371	4.53456	15.4618	-0.653755	2
1373	4.03916	7.16855	0.749049	2
1379	4.70995	0.117283	0.885705	2
1384	4.23158	23.6018	-0.399823	2
1393	4.38861	6.28201	0.482262	2
1394	3.50063	11.146	-0.271223	2
1404	3.26148	23.5222	0.140148	2
1412	3.55618	12.7272	-0.794806	2
1416	4.14554	16.7383	0.387573	2
1419	4.67655	8.56606	-0.312314	2
1420	2.79102	4.01525	0.551891	2
1430	4.6863	14.0232	-0.410302	2
1443	4.87881	2.14956	-0.454496	2
1448	4.7998	23.7202	-0.850817	2
1449	4.12739	24.0809	0.555581	2
1458	3.41008	15.933	-0.696117	2
1465	4.39571	14.7931	0.76158	2
1493	2.60679	12.2616	-0.279889	2
1498	2.83466	6.46672	0.685194	2
1502	4.92447	8.74928	0.484364	2
1504	2.63673	7.86846	-0.316108	2
1521	3.62444	22.2115	-0.0404127	2
1523	3.40338	23.1589	0.556445	2
1524	3.74131	22.933	0.283209	2
1526	4.69079	18.6627	0.368202	2
1527	3.08521	14.4537	0.0504352	2
1532	4.12226	8.93823	-0.0534172	2
1552	2.76287	24.2484	0.323911	2
1565	3.92381	24.9103	-0.545838	2
1570	3.60549	0.823608	-0.0615348	2
1573	4.78117	11.5539	-0.751516	2
1593	4.33572	8.28305	-0.139223	2
1594	4.77533	0.856219	0.968304	2
1596	3.42205	14.0401	0.275269	2
1603	3.23251	10.2943	0.178323	2
1608	4.61285	18.5	-0.158198	2
1609	4.34393	0.459305	0.74936	2
1635	2.91481	18.5064	-0.344364	2
1643	4.20227	15.4015	0.924723	2
1659	3.15384	1.70468	0.401333	2
1663	3.94837	20.3355	0.59234	2
1679	3.25105	2.95199	-0.18597	2
1680	4.76522	6.10026	-0.394306	2
1683	4.04193	10.0031	0.0949545	2
1686	2.70066	6.90545	0.774706	2
1690	4.49877	20.7637	-0.177291	2
1693	4.24809	7.34851	-0.628669	2
1695	2.60303	2.16568	0.826883	2
1701	4.44489	24.9316	-0.0671878	2
1706	3.66658	11.8347	-0.168052	2
1707	2.83234	14.0506	0.11337	2
1764	3.04617	16.8825	0.541424	2
1775	3.9981	3.10887	-0.557544	2
1778	4.62831	24.3539	-0.265652	2
1781	2.94124	12.3064	0.0539884	2
1785	4.47733	10.9529	-0.2768	2
1789	4.29546	14.3618	0.0882085	2
1799	3.73183	0.658521	0.537051	2
1801	4.31185	17.0142	0.621893	2
1805	3.77702	21.1782	-0.501108	2
1815	4.72182	17.7629	-0.121018	2
1840	3.99376	17.5579	-0.234616	2
1852	3.31774	8.30279	-0.0690125	2
1886	3.43925	2.98295	0.273193	2
1887	2.51986	8.49018	0.50201	2
1891	3.36824	3.47455	0.264978	2
1893	4.77293	16.4469	-0.122887	2
1913	4.49019	18.9953	0.365474	2
1925	2.81282	8.52021	0.430834	2
1927	4.21663	9.58411	0.33124	2
1951	3.9373	7.43637	-0.230811	2
1963	4.60506	24.0453	-0.914472	2
1971	2.89177	9.39279	-0.261568	2
1976	2.98555	14.345	-0.0454407	2
1983	4.61806	4.47433	-0.266456	2
1984	3.96289	15.9064	0.140694	2
1988	3.40783	13.1049	0.144751	2
1989	2.97807	21.4126	0.334357	2
2001	3.94024	13.8494	-0.297439	2
2007	3.49414	21.3382	0.259111	2
2013	2.83253	17.5072	-0.358709	2
2025	4.1817	23.6491	0.434395	2
2036	2.53965	16.4442	-0.0466774	2
2040	3.80819	4.52806	0.595965	2
2043	3.80513	4.29053	1.18766	2
2064	3.30053	11.0071	-0.0551828	2
2065	4.79847	13.3637	0.227249	2
2089	4.48058	9.36799	0.220412	2
2101	3.34188	21.8596	-0.416125	2
2113	2.96669	16.0149	-0.201333	2
2122	3.52742	18.1393	-0.051267	2
2130	3.22605	15.9319	-0.298086	2
2134	3.3918	23.3587	-0.392937	2
2140	3.78398	15.8373	0.206286	2
2146	4.39672	14.837	-0.384473	2
2155	3.78246	5.21497	-0.417536	2
2162	3.11765	6.11338	0.293027	2
2166	3.72786	0.225463	0.546693	2
2175	3.64403	15.5356	-0.38796	2
2178	2.99501	11.8853	-0.0839713	2
2179	3.61429	11.9369	0.0851783	2
2194	2.87834	21.3666	0.101157	2
2214	4.03763	23.1325	-0.420332	2
2235	2.88621	11.5027	0.439369	2
2245	3.85001	15.1162	-0.218667	2
2261	4.12605	4.2622	0.174553	2
2268	3.296	18.4198	0.244684	2
2292	3.88234	24.102	0.2772	2
2296	4.73353	8.6405	0.185185	2
2299	4.29291	7.21337	-0.125603	2
2301	3.08625	10.3255	0.218558	2
2304	3.84261	22.4351	-0.084568	2
2318	3.41475	7.32179	0.12169	2
2336	3.52828	3.24777	-0.294993	2
2338	3.7064	13.815	0.340527	2
2343	3.60009	1.03497	0.106853	2
2351	3.2142	20.959	0.0314322	2
2356	3.1467	7.46524	-0.32606	2
2362	3.10706	18.974	-0.472154	2
2367	3.36499	5.62585	-0.281698	2
2372	4.73318	16.1878	0.81712	2
2379	3.25682	22.9925	-0.339531	2
2413	2.56421	5.46496	-0.0943547	2
2430	2.7712	0.897823	0.81802	2
2435	2.76139	3.12962	0.0254213	2
2442	4.80684	19.8021	-0.415605	2
2443	3.07806	22.5747	0.142242	2
2459	4.59286	17.6299	0.195064	2
2462	3.11958	8.84983	0.292742	2
2478	4.27893	6.13909	0.538584	2
2509	3.44093	9.94286	0.393661	2
2522	3.62158	10.3469	0.252732	2
2533	3.97996	16.8593	0.729948	2
2534	3.72591	20.1562	0.198053	2
2559	4.23365	1.53298	0.363253	2
2573	3.39487	16.8149	0.118271	2
2575	3.96368	1.50926	0.219212	2
2607	4.05724	15.7301	-0.279169	2
2611	2.59876	13.5293	0.145314	2
2616	3.56475	16.9236	0.170528	2
2635	4.95932	4.31571	-0.534051	2
2640	3.9252	15.8548	0.116671	2
2646	4.00822	7.18806	-0.372628	2
2651	4.84045	4.9743	0.240137	2
2678	3.34664	6.86434	0.227729	2
2701	3.59725	1.86892	-0.0619362	2
2707	2.74057	0.560619	0.00449138	2
2714	3.52906	24.3548	-0.500876	2
2719	3.90786	14.9205	-0.127753	2
2722	3.31634	9.53718	0.937655	2
2754	3.6131	5.62046	0.223733	2
2757	4.2253	2.81236	0.785141	2
2782	3.37266	17.8208	0.352641	2
2804	4.71146	8.26061	-0.161635	2
2817	3.45182	19.3089	0.0229487	2
2820	3.35919	9.42736	0.198819	2
2840	4.77229	3.78	0.169246	2
2850	3.42473	9.18903	0.251499	2
2864	4.40895	17.3072	-0.330585	2
2865	4.78682	17.2918	0.342737	2
2887	3.31056	2.55899	1.31198	2
2888	2.84056	6.30611	0.602464	2
2903	4.7514	23.8081	-0.111049	2
2908	2.64364	2.44548	-0.0408114	2
2919	4.21367	24.1316	-0.151159	2
2923	3.28899	7.90753	0.155516	2
2928	4.00988	15.877	-0.328088	2
2929	2.52392	13.4012	0.460952	2
2933	3.31873	3.42797	-0.127248	2
2936	3.65043	19.0593	-0.504233	2
2946	3.384	7.40346	-0.236387	2
2992	4.65106	24.0834	-0.559444	2
2994	2.9075	23.878	0.000166345	2
3001	2.95477	14.2999	0.795981	2
3011	4.3122	20.1485	0.0146877	2
3016	3.55572	17.4022	0.331026	2
3018	3.44241	9.49309	-0.184252	2
3024	3.81191	18.8573	-0.212292	2
3036	3.10342	16.6804	-0.0890223	2
3042	4.44666	15.5862	0.0785666	2
3045	3.17957	14.3858	-0.570731	2
3053	4.45209	12.2384	-0.301478	2
3065	3.49419	19.048	-0.11261	2
3070	2.99864	1.38728	0.245093	2
3099	4.52891	24.1241	-0.734928	2
3118	4.20509	20.5033	-0.0607075	2
3139	2.68499	1.00037	-0.455421	2
3141	3.99707	18.2338	0.245329	2
3146	3.12601	21.7753	0.213777	2
3171	3.88902	23.333	-0.765722	2
3181	3.32539	5.39044	0.865947	2
3182	4.90636	6.73497	0.528323	2
3191	4.0368	14.6567	-0.182312	2
3199	4.95173	14.5013	0.128652	2
3208	3.14581	6.20961	0.557997	2
3217	3.57975	14.3071	-0.0834377	2
3226	4.77179	15.9952	-0.0578861	2
3247	4.75951	11.6885	0.234139	2
3256	4.14033	15.168	-0.754594	2
3260	4.8373	8.22867	0.0767304	2
3267	3.74421	3.40884	-0.208421	2
3268	4.20699	23.7101	-0.0255848	2
3283	3.52261	5.14253	0.268487	2
3306	4.87805	9.2058	-0.03124	2
3308	4.60781	22.8072	-0.497962	2
3325	3.15843	6.19918	0.329602	2
3329	4.76622	8.50533	-0.346136	2
3333	4.67245	21.0877	0.0401983	2
3354	4.28032	4.6433	-0.221989	2
3389	2.57458	13.1716	-0.293453	2
3397	3.63266	23.4425	-0.799236	2
3426	3.0823	5.67788	0.12822	2
3433	4.76772	8.60448	-0.583388	2
3467	2.80171	19.0061	0.301469	2
3487	2.56701	13.208	0.24237	2
3493	4.11082	17.1593	-0.42343	2
3501	3.13647	19.1943	-0.227852	2
3502	2.90055	16.0318	-0.118851	2
3510	3.97016	23.205	-0.371277	2
3511	3.70158	2.1628	-0.0885321	2
3512	3.6584	2.5759	-0.317246	2
3533	3.67926	14.5049	0.168703	2
3539	4.46064	10.7626	-0.464396	2
3542	2.87877	14.4777	-0.0792263	2
3544	3.44174	17.8061	0.149529	2
3545	3.61179	3.15109	0.9545	2
3561	3.33661	3.23131	0.106486	2
3570	2.68736	2.3382	-0.360597	2
3573	4.75843	16.5396	-0.465222	2
3581	4.24037	22.6849	-0.139104	2
3599	3.90194	18.568	-0.838176	2
3615	3.64877	8.66763	0.406931	2
3643	4.67739	22.8068	-0.570583	2
3649	2.5555	20.071	-0.128233	2
3661	3.70484	7.60886	-0.486838	2
3662	3.73643	21.4582	-0.0244585	2
3690	2.77976	7.84927	-0.125607	2
3703	3.67557	16.9521	-0.100524	2
3704	3.57961	16.639	-0.556783	2
3709	4.6996	1.15977	0.0771686	2
3717	2.99801	21.7127	-0.185009	2
3732	3.36924	9.32444	-0.112326	2
3734	3.37938	1.77273	-0.00443334	2
3737	2.83693	7.15047	0.495444	2
3751	4.22904	8.2928	0.546216	2
3753	4.34879	11.9848	0.165092	2
3764	3.08582	5.48188	-0.113762	2
3773	3.33772	2.32728	0.493822	2
3797	4.52341	8.9764	0.152467	2
3805	4.47859	16.0892	-0.0204054	2
3817	3.73066	22.8525	0.155348	2
3818	2.56447	15.6339	-0.00421104	2
3846	3.4888	7.8319	0.410504	2
3854	3.80811	19.0855	-0.126978	2
3860	4.63077	20.3033	-0.593536	2
3886	3.59833	23.2336	-0.115795	2
3887	4.82479	8.25664	0.185517	2
3889	3.66649	22.0765	0.715699	2
3902	3.44811	19.2622	-0.438216	2
3919	4.39064	6.24223	0.406488	2
3920	4.47775	6.24543	0.182299	2
3943	3.23456	3.88976	-0.022364	2
3950	3.33301	3.30809	0.0763671	2
3961	2.99404	9.1988	0.247278	2
3963	3.88233	5.54476	0.367693	2
3979	4.041	6.55938	-0.106436	2
3998	4.29946	5.25708	0.450787	2
4006	2.8098	17.6759	-0.200131	2
4032	3.46675	17.8903	-0.463978	2
4036	2.73137	13.4218	0.163385	2
4045	4.23761	16.2688	-0.412531	2
4055	2.6777	8.23953	0.253945	2
4057	2.95774	8.27183	0.655437	2
4066	2.69724	22.3832	-0.242581	2
12	5.64651	15.4418	-0.849712	3
24	5.72517	11.969	0.0729465	3
25	6.903	22.0057	-0.112652	3
26	7.0395	17.7503	-0.499705	3
46	6.57047	6.23411	0.131213	3
53	5.03502	8.04962	-0.17769	3
78	7.13312	17.0715	-0.164419	3
80	7.42222	24.3449	-0.45445	3
83	5.9787	16.741	-0.317819	3
134	7.42684	18.9842	-0.614607	3
140	7.04575	1.31697	-0.0191848	3
156	5.22361	14.162	-0.217376	3
172	6.06824	10.9594	-0.445299	3
178	7.04423	12.0943	-0.148587	3
191	7.4628	8.91848	-0.346417	3
193	6.2277	12.8331	0.407718	3
197	5.53297	14.5027	-0.0106986	3
213	5.99861	16.6722	-0.429804	3
219	6.56413	21.5185	-0.328977	3
223	6.96908	0.396951	-0.471028	3
233	7.1761	7.97765	0.334394	3
236	5.25257	5.48802	1.06158	3
241	7.29512	15.227	0.251279	3
251	6.32237	4.48529	-0.0408609	3
268	6.12318	8.43034	0.558242	3
269	5.00351	12.4631	-0.1137	3
271	7.27789	0.254281	0.0313796	3
282	7.39254	11.0788	-0.194414	3
283	5.30202	18.1101	-0.126619	3
284	5.93813	17.9243	-1.25855	3
306	5.34017	5.02286	0.573821	3
312	6.03905	5.93689	0.129689	3
339	6.70771	7.6417	-0.303066	3
353	5.36498	16.7987	-0.263106	3
362	6.539	17.6062	0.240886	3
366	6.37358	9.49545	-0.266071	3
371	6.03686	14.419	-0.461021	3
373	6.71642	4.88004	0.172017	3
386	7.46119	12.3146	0.0212329	3
390	6.15012	0.44473	-0.391613	3
396	5.9288	2.94396	0.378835	3
399	6.36886	15.8468	-0.117	3
401	5.71829	23.4968	-0.0899705	3
404	5.96781	22.5635	-0.145913	3
430	6.27474	23.1192	-0.507057	3
442	6.87975	16.4694	0.181392	3
460	7.04656	16.1445	0.397139	3
463	5.30395	22.15	-0.0296847	3
466	7.32127	11.2145	-0.715682	3
469	6.06127	23.2468	0.394897	3
483	7.25377	6.50735	0.419855	3
492	5.15074	9.82288	-0.258308	3
507	6.75277	0.826991	-0.0608428	3
519	6.51544	5.89863	0.0334849	3
548	6.82564	1.57011	-0.100007	3
550	5.29399	17.9714	-0.445418	3
554	6.20975	20.1949	-0.0373284	3
577	6.45702	23.343	0.0688351	3
585	7.05026	17.0927	0.714448	3
589	5.04228	12.7199	0.689085	3
599	7.39692	21.0845	-0.637277	3
601	7.15723	6.59745	-0.558604	3
604	5.76223	16.914	-0.743378	3
616	5.0687	11.8569	0.13712	3
643	5.48666	13.0056	0.029417	3
646	5.53581	15.4862	-0.31195	3
651	5.19471	24.6716	-0.430046	3
654	6.36743	0.0355602	0.280464	3
657	5.09726	6.65595	0.0461497	3
689	6.20924	7.14835	0.458462	3
695	5.33785	9.09087	0.0811654	3
697	5.89481	23.0095	-0.237309	3
706	5.21236	6.06891	0.425332	3
712	7.34265	10.231	0.0851644	3
714	5.97308	19.1958	-0.546311	3
718	5.77468	12.46	0.607674	3
751	6.07273	6.93767	-0.096246	3
754	5.70372	5.02595	-0.146973	3
769	7.38378	16.3388	0.237765	3
771	5.67033	19.5244	-0.735791	3
773	6.18859	8.29761	-0.501299	3
780	6.64878	0.746794	0.155142	3
782	6.73504	22.9729	0.0701341	3
791	5.83403	3.15214	0.845377	3
795	6.97396	22.5072	-0.040526	3
808	6.83609	16.6292	0.8709	3
816	5.90833	3.16416	0.53281	3
825	5.19523	24.1178	-0.430556	3
868	5.28247	20.7929	-0.0750758	3
874	5.86765	7.70209	-0.502287	3
901	5.47545	20.298	-0.855458	3
903	7.12573	8.75201	-0.0546014	3
905	7.26745	4.60942	-0.311431	3
910	6.31259	3.76804	0.406177	3
912	6.59139	19.7267	0.0370354	3
915	6.98129	15.2892	0.085223	3
921	5.79809	24.934	-0.272334	3
927	5.77629	11.0205	-0.0494783	3
939	6.06014	21.9133	0.408097	3
964	7.47555	19.7528	-0.372116	3
984	7.03635	21.4494	0.446013	3
987	6.02372	4.76225	0.0418794	3
996	7.09922	0.0506549	-0.199396	3
1005	6.00908	5.88252	0.272217	3
1024	5.00588	5.97752	0.296164	3
1049	5.15476	17.7005	1.07053	3
1052	6.39609	16.569	0.184223	3
1054	5.0034	22.9805	-0.312855	3
1103	5.95221	9.07837	0.319446	3
1104	6.26556	8.55258	-0.339028	3
1116	7.13301	11.1461	-0.156636	3
1119	6.13061	9.96831	-0.457904	3
1140	5.24776	0.156217	0.803857	3
1153	6.52261	13.5048	-0.632757	3
1159	7.30233	3.5075	0.0269605	3
1168	7.33933	7.06993	-0.122503	3
1177	6.63354	1.58881	-0.219074	3
1202	5.27569	1.74225	0.630563	3
1215	6.35406	3.45181	-0.230259	3
1228	6.54402	19.7387	-0.10393	3
1230	5.4033	11.2239	0.66016	3
1233	5.16617	23.2258	0.437098	3
1242	7.08303	3.2965	0.0630419	3
1256	5.70832	24.7196	-0.0346636	3
1258	6.42393	10.163	-0.105946	3
1265	5.16047	10.4047	-0.161233	3
1269	7.34667	4.34036	0.334983	3
1276	5.1888	21.1543	-0.266223	3
1282	6.86395	12.4633	-0.00716183	3
1304	5.00166	1.80534	0.291435	3
1307	6.97884	10.6898	0.102337	3
1313	5.87718	9.8401	0.0243211	3
1324	7.29222	18.2635	0.202557	3
1329	5.62487	8.97111	0.203033	3
1330	5.25234	21.1116	0.937738	3
1350	5.16037	10.9776	-0.71287	3
1353	6.88444	6.14357	0.217067	3
1356	5.5472	3.94041	0.0210637	3
1366	7.29186	10.2053	-0.857349	3
1377	6.84656	13.3744	-0.0108523	3
1392	6.66929	23.9757	0.304252	3
1409	6.43799	9.34769	-0.249047	3
1413	6.28705	12.0021	0.413307	3
1422	6.80763	1.50975	-0.0235216	3
1426	7.17248	16.977	0.544031	3
1433	7.18031	22.4872	0.221796	3
1434	6.48327	0.463229	-0.221742	3
1440	6.0803	1.3244	-0.184817	3
1444	5.99894	2.44087	-0.0736683	3
1452	7.43629	5.90395	0.538533	3
1453	7.0635	7.44925	0.573022	3
1457	5.95287	3.11382	0.420394	3
1470	5.28518	21.639	0.0380419	3
1471	5.83703	18.9926	0.261369	3
1488	7.2873	21.2034	0.321633	3
1494	5.04919	1.71056	0.295605	3
1514	5.09814	10.0132	0.715298	3
1525	6.75078	5.25887	-0.034879	3
1530	5.05881	2.48544	0.263695	3
1536	6.14005	12.4406	0.0159198	3
1555	5.57507	10.9351	-0.182819	3
1563	5.14083	0.808109	0.104162	3
1602	7.13794	18.5971	0.131546	3
1604	7.0251	3.96277	0.183543	3
1607	5.51849	19.1983	-0.460695	3
1615	6.73004	9.46399	0.228494	3
1626	6.45498	9.19139	0.443384	3
1636	6.98932	0.698284	0.187753	3
1644	6.46418	7.7779	0.00328096	3
1650	5.1348	4.839	-0.116319	3
1673	7.36961	15.9093	-0.122588	3
1675	7.0253	11.4744	0.115956	3
1704	6.82048	18.0716	0.21884	3
1720	6.11217	3.30461	0.364692	3
1726	6.28177	2.89094	0.293793	3
1741	5.17732	9.09706	0.0643488	3
1757	7.00582	15.1646	0.317629	3
1765	6.56581	17.2746	-0.352695	3
1770	6.72597	5.35962	0.220964	3
1779	7.4231	3.01936	0.205531	3
1808	7.40722	13.111	-0.609676	3
1812	6.41093	22.8401	0.331124	3
1814	7.36318	22.1986	-0.268457	3
1832	6.70136	18.9649	0.00643291	3
1834	6.37248	5.41927	-0.774737	3
1843	6.00212	8.14418	-0.578321	3
1866	5.5416	9.40023	-0.551498	3
1870	6.1756	16.2782	0.223561	3
1878	6.53098	12.4651	0.623309	3
1879	6.50247	16.0232	-0.406535	3
1880	7.42046	3.9846	-0.808873	3
1884	5.27877	24.9979	-0.465854	3
1890	7.09992	21.0108	-0.140431	3
1930	6.67777	13.1535	0.573569	3
1935	6.75098	9.04348	-0.478596	3
1952	6.52033	15.3454	0.0847141	3
1954	5.11062	2.4577	-0.0635206	3
1960	5.06591	20.7012	-0.309112	3
1964	6.83612	9.48717	-0.0441317	3
1977	5.12372	7.97573	-0.698122	3
1987	6.5761	17.809	0.345951	3
1991	5.20535	12.2743	0.269861	3
1995	6.20629	13.9598	0.302248	3
1996	5.56738	7.19088	0.153447	3
2058	6.97206	14.0583	0.108916	3
2061	6.86276	5.34873	0.23904	3
2066	6.34319	12.2629	0.725328	3
2074	5.76585	2.6993	0.43153	3
2084	5.89784	17.5885	-0.456241	3
2087	5.14998	24.0311	-0.888242	3
2092	7.20725	13.7417	0.772365	3
2099	7.04382	13.7271	-1.26792	3
2102	6.12837	10.2988	-0.126619	3
2104	7.39521	6.93431	-0.269053	3
2107	5.77548	17.992	0.630199	3
2123	6.60519	7.95898	-0.440974	3
2138	5.29242	15.6747	-0.454336	3
2141	6.52449	11.0108	-0.382085	3
2151	5.42306	6.2909	0.163138	3
2153	6.55468	19.4907	-0.533734	3
2160	7.10094	3.05931	0.344183	3
2168	6.92447	21.1555	-0.044656	3
2186	7.25197	17.1073	0.250737	3
2197	7.09892	15.5623	-0.171961	3
2201	5.93365	11.2594	0.753814	3
2239	5.48058	15.5461	-0.472205	3
2241	6.02807	24.5079	0.0410493	3
2246	6.49938	21.635	-0.188028	3
2253	5.47847	19.9305	0.143366	3
2267	6.95773	4.33066	-0.16594	3
2271	5.41926	21.371	0.213496	3
2305	5.59413	11.2756	0.282369	3
2319	5.94558	15.885	0.137143	3
2321	6.71364	16.6502	0.0840513	3
2328	7.24203	11.2953	-0.680713	3
2350	5.70887	15.7966	0.114355	3
2364	6.58927	23.7325	0.0835407	3
2368	5.49976	13.3073	0.214981	3
2369	6.21314	0.364919	-0.726351	3
2380	6.27333	14.4824	0.346342	3
2381	5.68341	12.0418	-0.120319	3
2384	5.67907	8.56878	-0.537555	3
2387	6.7668	12.823	0.341781	3
2403	7.15525	11.1499	-0.0876449	3
2407	7.03723	14.0406	-0.487037	3
2415	5.83056	1.92935	-0.171368	3
2421	7.03893	15.5029	-1.11583	3
2422	7.02929	0.203824	-0.669664	3
2427	5.06609	23.9761	-0.399391	3
2429	6.47696	8.14419	-0.0287826	3
2445	5.70017	4.94694	0.256957	3
2446	5.83524	10.6755	0.294196	3
2465	7.37578	23.9364	-0.906202	3
2511	6.48811	10.4621	-0.619401	3
2515	5.24253	6.11744	0.364386	3
2517	5.4225	0.0163853	0.346003	3
2530	6.97997	2.39409	-0.127438	3
2548	5.61832	22.6248	0.379299	3
2549	5.29342	10.3265	0.242214	3
2551	7.46617	16.9973	0.401509	3
2552	6.76197	17.0406	-0.0018009	3
2553	7.00808	17.9518	0.723635	3
2557	6.67577	14.3635	-0.225287	3
2564	7.03798	5.0686	0.179392	3
2582	6.50239	3.9019	0.60051	3
2618	7.02678	8.53731	0.640277	3
2638	5.90574	20.854	-0.0749664	3
2645	6.55485	0.205834	0.555386	3
2695	6.18833	3.02187	-0.110594	3
2727	6.05054	13.6266	-0.0346171	3
2741	6.88404	8.72526	-1.09366	3
2742	6.93316	9.98087	0.193407	3
2753	7.34395	13.6628	-0.698254	3
2783	7.15448	22.0662	-0.34399	3
2790	5.00886	15.3985	-0.0860918	3
2795	5.36761	3.22498	0.131379	3
2798	5.80221	3.98924	0.133725	3
2836	6.75277	20.7801	0.139026	3
2838	6.9135	19.6691	-0.0816393	3
2839	7.12371	19.7668	-0.182645	3
2843	5.97008	5.49988	0.0361384	3
2844	5.77363	18.5085	0.43674	3
2855	5.62147	8.52682	-0.246604	3
2859	6.92499	20.1945	0.392769	3
2860	5.6967	15.4901	0.156449	3
2879	6.02632	13.2658	-0.882933	3
2880	5.3227	13.152	0.174738	3
2881	6.35562	9.82419	-0.878553	3
2897	7.14367	24.9941	-0.0439327	3
2898	6.42862	23.516	0.598968	3
2926	5.49856	8.64172	-0.169038	3
2927	7.32915	2.21362	0.57751	3
2938	6.60841	5.58075	-0.510154	3
2951	6.7334	4.4067	-0.0822396	3
2959	5.23976	5.27886	-0.743671	3
2987	6.25984	2.54903	0.306875	3
2988	5.87128	16.7239	1.0852	3
3008	6.71857	20.6378	0.506983	3
3017	5.82283	23.0937	0.383901	3
3060	7.44659	19.6682	0.375049	3
3066	5.65222	12.3503	-0.45085	3
3071	5.5231	0.574953	0.524369	3
3097	7.17639	4.52914	0.439986	3
3103	6.75872	22.3086	0.716267	3
3117	5.13784	3.24076	-0.352585	3
3123	7.21044	14.8787	-0.0562114	3
3124	6.23299	11.2946	0.305028	3
3154	7.01628	21.1166	-0.674409	3
3169	5.59992	17.6161	0.145218	3
3185	6.63061	0.441093	-1.14621	3
3187	6.85752	19.7691	-0.291679	3
3200	5.97034	14.5274	-0.326801	3
3204	5.32637	9.15345	-0.321371	3
3206	6.15251	12.9044	-0.0928725	3
3216	6.26871	22.7313	-0.754822	3
3227	6.0019	13.3106	0.178134	3
3228	5.71467	24.2001	-0.414292	3
3230	5.12601	5.60878	-0.219955	3
3234	6.19916	15.7365	-0.36739	3
3235	5.88122	15.2213	-0.295795	3
3239	6.67595	23.8576	0.201528	3
3252	5.15111	21.6402	0.0507562	3
3280	6.84446	9.23897	-0.0710586	3
3281	6.37919	11.3597	-0.411047	3
3282	6.64645	14.6557	-0.869886	3
3303	6.27285	13.3732	0.0740556	3
3313	5.38865	11.199	0.436731	3
3314	6.85172	2.5422	-0.288243	3
3322	6.93723	5.81622	-0.646319	3
3351	6.57847	24.091	0.357228	3
3367	7.08148	4.30276	-0.125407	3
3369	7.46171	14.8172	-0.784558	3
3384	6.3707	15.8872	0.133142	3
3391	6.17969	0.575488	0.12803	3
3407	7.04206	7.03654	-0.753631	3
3411	5.29497	20.945	0.321303	3
3427	5.53555	9.71468	0.452622	3
3441	5.65007	13.8566	-0.279027	3
3444	5.85263	24.8909	0.00115119	3
3453	5.8091	10.0587	0.317275	3
3454	5.01717	1.88711	0.199622	3
3477	7.01936	21.6811	-0.265547	3
3538	6.10087	12.2468	0.119029	3
3572	7.26536	21.1875	-0.38066	3
3574	6.64565	5.79925	0.184233	3
3585	5.34817	18.0323	-0.249797	3
3595	5.62725	22.5709	-0.449567	3
3596	5.93284	22.9921	-1.26427	3
3603	5.79893	9.00487	-0.915744	3
3605	6.46351	14.3839	-0.122514	3
3650	6.97933	17.4236	0.265493	3
3657	6.71005	14.6407	-0.340608	3
3658	6.30312	11.8747	-0.406501	3
3664	7.32766	5.26317	-0.857988	3
3676	7.28385	6.89833	-0.336814	3
3682	5.43244	0.694037	0.894293	3
3697	7.3176	3.49192	-0.120351	3
3708	5.55973	15.2601	0.283319	3
3718	5.14674	15.1012	0.199146	3
3727	7.06789	10.9986	-0.504049	3
3739	6.96135	0.832991	-0.212706	3
3740	6.39922	7.67864	-0.471436	3
3742	6.55493	1.57845	-0.274607	3
3761	6.00082	16.4924	0.133904	3
3765	7.45842	19.3366	-0.219392	3
3768	6.78267	2.15014	-0.884141	3
3779	6.27034	18.6871	0.17162	3
3806	6.02826	20.1233	0.248636	3
3814	7.33655	6.58113	0.0698804	3
3844	5.419	9.0053	-0.296046	3
3861	5.39567	15.7335	0.563859	3
3862	6.09925	15.008	0.703857	3
3864	6.98492	10.1305	-0.105279	3
3870	5.2699	0.0352695	0.316655	3
3871	5.18948	0.00638134	0.247184	3
3888	6.70923	16.6935	-0.327057	3
3890	6.16383	7.51293	-0.808073	3
3894	6.2832	10.3388	-0.0949021	3
3895	6.42152	13.9704	-0.339153	3
3898	5.10195	10.4482	0.031854	3
3909	5.52188	7.66609	0.21957	3
3916	7.255	16.6387	-0.720269	3
3921	7.49468	0.621484	0.0301693	3
3926	6.29777	2.80845	0.180672	3
3929	7.00474	10.2019	-0.432094	3
3930	7.47607	9.87669	-0.207324	3
3931	6.84153	9.53211	-0.124695	3
3941	7.40517	13.5056	-0.615926	3
3948	7.01326	14.9548	0.116281	3
3953	5.29134	3.91607	-0.163421	3
3973	5.35219	17.7457	-0.715701	3
3980	7.48181	10.2121	0.136211	3
3984	6.95767	21.7451	0.39778	3
3986	6.92231	12.9276	0.16765	3
3997	7.10006	24.8834	0.0502801	3
4001	7.25032	11.7099	0.456479	3
4012	5.59283	6.03386	-0.19874	3
4013	6.29353	5.74586	-0.456544	3
4015	5.13263	18.4729	0.108323	3
4019	7.40506	22.3818	-0.311504	3
4022	6.79671	16.9507	1.19393	3
4039	6.48186	24.332	0.249577	3
4051	6.98495	9.83702	0.115982	3
4052	6.22833	9.13532	-0.37887	3
4069	7.39506	1.40222	0.23038	3
5	8.79792	16.8613	0.304444	4
14	7.81389	17.4019	0.0200146	4
22	7.75829	20.5586	-0.219775	4
42	9.89887	20.4867	0.109438	4
48	8.17148	16.3106	0.0637656	4
70	7.52279	6.23502	-0.441244	4
74	9.35369	18.682	0.108095	4
77	8.64362	21.1178	0.165077	4
81	9.75456	12.6568	-0.387995	4
96	9.1927	12.4971	-0.0219148	4
97	7.84325	12.5091	-0.17429	4
104	9.12392	17.9166	0.251563	4
105	8.49508	14.5023	0.285036	4
108	8.85422	22.6205	0.543455	4
121	9.41573	8.27149	-0.655903	4
123	8.5128	24.3527	-0.0188714	4
124	9.77128	9.60473	-0.288574	4
128	9.12307	21.7318	0.631801	4
171	7.81608	6.57259	-0.201407	4
194	7.87215	20.4348	0.380877	4
220	9.98376	21.9461	-0.183776	4
226	9.07498	12.266	0.161555	4
227	8.69581	16.8	0.138257	4
237	9.05744	14.6156	-0.662635	4
239	7.57798	17.8989	-0.395224	4
253	8.85064	11.9361	-0.268156	4
256	8.89077	23.1104	0.286093	4
286	8.97582	11.2332	-0.236081	4
288	7.93388	18.0932	-0.637783	4
314	9.40345	7.67243	-0.750209	4
318	9.51365	1.35104	0.450329	4
332	9.00118	23.8005	-0.331581	4
333	8.89918	13.5253	-0.414536	4
337	8.57091	6.3417	0.483504	4
345	8.70035	1.72679	0.00764817	4
369	9.46023	17.2236	-0.426235	4
385	9.45819	9.82579	0.33986	4
387	8.78432	10.3527	-0.440908	4
408	9.0824	8.51207	-0.196153	4
416	7.91133	23.947	-0.154574	4
420	8.91341	10.2942	-0.0723539	4
427	7.58391	10.216	0.478014	4
434	8.72375	21.2198	0.38224	4
435	8.99747	11.3526	0.0475215	4
440	9.39084	20.4977	0.582981	4
448	8.40742	23.4975	-0.309539	4
470	7.9198	9.40009	-0.113589	4
474	8.21292	13.761	-0.245015	4
497	8.29251	19.7909	0.336516	4
498	7.86108	3.67927	0.122006	4
499	9.72496	23.0094	-0.138258	4
505	9.44604	14.1478	0.644699	4
508	8.42983	8.46924	-0.555657	4
533	8.77974	6.78502	-0.555067	4
538	8.53103	22.7596	-0.0244151	4
542	9.48539	6.85616	-0.72624	4
543	8.26663	10.6655	0.0806583	4
545	7.99433	2.94296	0.257148	4
580	7.52737	12.7159	0.108302	4
597	7.99359	17.3873	-0.387952	4
607	9.07636	10.013	-0.245498	4
608	8.49255	0.00561536	0.0397034	4
624	7.98261	15.2165	0.450599	4
628	8.70033	21.8249	-0.0227745	4
638	8.5652	16.4848	-0.323132	4
639	8.84707	1.66101	0.686951	4
677	8.65002	12.924	0.78076	4
703	8.82372	4.05167	0.622063	4
715	7.95919	22.7953	0.355657	4
717	8.42538	21.5697	-0.448817	4
729	7.75131	23.3892	-0.449128	4
737	7.6103	13.5484	-0.32989	4
760	8.99174	10.3905	0.162991	4
767	8.33641	24.5427	0.0187548	4
774	8.39441	12.9714	0.480212	4
777	8.74579	18.6936	-0.579948	4
779	9.61667	9.54203	-0.0480534	4
781	7.86761	10.4848	-0.399018	4
798	9.70681	1.83226	0.559567	4
799	9.69823	3.82993	0.0367801	4
815	8.37608	9.59011	0.47801	4
819	9.86698	16.4391	-0.311545	4
845	9.04775	6.44542	-0.494917	4
846	8.30508	1.19714	-0.655041	4
857	9.56237	21.5004	-0.406682	4
858	8.84025	5.97749	-0.182187	4
876	7.659	6.4973	-0.214226	4
929	9.62559	15.1734	-0.142933	4
934	8.5235	7.37241	0.0718097	4
970	9.29992	6.50951	0.23201	4
979	9.66758	11.9668	-0.363079	4
986	9.3581	23.5386	-0.309765	4
990	8.07201	9.40274	-0.0279518	4
992	9.2112	23.4378	0.794841	4
998	8.54169	0.291763	0.155205	4
1017	7.77852	19.646	0.498088	4
1019	7.68774	15.9394	-0.315218	4
1022	9.07141	12.7913	0.648574	4
1028	9.60951	11.662	0.00984676	4
1037	7.66795	4.18959	0.671389	4
1067	9.59346	2.08066	-0.150756	4
1080	7.85248	21.6325	0.0229612	4
1115	9.80692	7.12386	0.242759	4
1120	9.54506	21.4611	0.341645	4
1125	9.74274	24.142	-0.143384	4
1142	8.52981	10.3496	1.11723	4
1143	9.01332	20.9512	-0.0212001	4
1145	8.3969	6.1314	0.0471654	4
1148	7.74733	13.5156	-0.131169	4
1158	9.65893	4.654	-0.292264	4
1171	9.72924	20.1582	-0.535386	4
1181	8.2616	11.9926	-0.480547	4
1190	9.82944	5.81533	0.0107543	4
1225	8.66612	23.9275	0.400307	4
1240	7.52632	1.85108	1.03256	4
1248	8.49236	15.8443	-0.349014	4
1253	7.8832	11.1297	0.283519	4
1266	7.71063	3.18753	-1.03	4
1294	7.84628	1.30412	0.548907	4
1299	8.45962	17.0371	-0.95116	4
1311	7.59621	20.7009	-1.42832	4
1317	8.83319	2.59671	1.10152	4
1326	8.38993	5.23802	0.590699	4
1343	9.96314	11.4119	0.551091	4
1358	8.25799	9.22479	0.452323	4
1387	9.04369	19.8478	-0.214089	4
1391	9.29852	3.09176	-0.511498	4
1397	9.15411	17.2631	-0.236512	4
1424	9.48467	3.67816	-0.113593	4
1441	7.69239	3.3157	-0.335653	4
1445	9.11615	14.0759	-0.273107	4
1461	8.52846	14.615	-0.386273	4
1475	9.75963	5.67704	0.127838	4
1478	9.2856	20.9808	0.0338662	4
1479	9.11577	16.4578	-0.665184	4
1484	8.14795	20.6355	-1.07237	4
1490	9.05773	3.77988	-0.462161	4
1491	8.41722	1.347	0.122013	4
1500	9.08697	19.3353	0.0903303	4
1501	8.86285	17.2859	-0.663884	4
1512	7.96565	2.27617	-0.0494297	4
1546	9.44226	6.89958	-1.42885	4
1554	8.35483	8.64317	-0.294958	4
1577	9.82	15.3428	-0.198987	4
1581	9.1219	20.3725	0.321143	4
1586	8.55577	2.94206	0.641406	4
1614	9.04052	18.9306	0.317243	4
1619	8.19144	1.86705	0.144644	4
1641	9.59065	14.1979	-0.0390168	4
1645	8.84804	17.3556	0.200082	4
1648	8.58943	14.7485	-0.170522	4
1655	8.40802	1.46475	0.0909797	4
1656	8.98481	20.2011	-0.692209	4
1664	9.26002	18.3837	0.515886	4
1665	9.4958	19.1702	0.040732	4
1677	9.46015	21.2652	0.13687	4
1708	8.45647	23.4136	-0.588088	4
1718	9.97535	4.11516	0.223589	4
1734	9.74249	22.7695	0.286648	4
1754	9.32953	10.2469	-0.412582	4
1755	9.53086	22.217	-0.220999	4
1774	8.19642	19.9047	-0.323522	4
1790	7.89489	5.97327	0.238154	4
1792	8.36101	15.8468	-0.615224	4
1800	7.8939	3.56265	-0.0444035	4
1809	9.97516	10.3753	0.370496	4
1813	7.68333	22.7791	-0.07118	4
1833	8.93228	4.35528	0.0604991	4
1844	8.09473	19.7349	0.0704457	4
1845	9.4737	9.68035	-0.118833	4
1850	8.12737	16.7731	-0.119527	4
1853	8.79259	3.3407	0.497062	4
1873	7.54248	6.49143	0.251892	4
1896	9.92772	14.5193	-0.331588	4
1905	8.23712	16.8064	-0.332919	4
1919	9.83054	17.307	-0.4959	4
1922	9.67266	19.5219	0.564837	4
1938	8.91724	7.08204	0.534961	4
1939	7.72691	23.5244	0.287421	4
1950	9.24154	4.08719	0.496418	4
1982	7.66156	24.4988	0.110337	4
1992	8.78103	7.11914	-0.115042	4
1993	9.47178	4.2683	0.738225	4
2004	9.11462	6.11867	-0.204137	4
2005	7.81883	5.4541	0.645573	4
2033	9.68296	22.5717	-0.0439242	4
2044	9.39564	12.8632	0.536949	4
2069	9.09803	19.7945	-0.345483	4
2078	8.33662	15.5439	-0.746631	4
2083	8.80977	12.7513	0.366187	4
2091	8.84957	13.0396	0.590842	4
2096	8.40012	5.47426	0.247916	4
2124	8.86985	18.412	0.537034	4
2128	8.53408	11.2211	0.106608	4
2142	8.44532	10.3042	0.16366	4
2164	9.15623	24.6815	-0.349574	4
2173	8.84443	6.58452	-0.0414412	4
2174	8.70892	13.0802	0.140676	4
2187	8.57715	9.0123	0.191456	4
2190	7.86439	0.116293	0.0204891	4
2206	8.24963	23.8304	0.178369	4
2212	8.33622	14.5508	0.788425	4
2225	7.8746	15.2527	-0.0037847	4
2230	8.10537	11.7947	0.265701	4
2255	9.27634	20.3174	0.313035	4
2256	8.46541	21.0355	-0.138868	4
2264	9.54714	22.4458	-0.566223	4
2274	9.17195	21.8606	-0.163837	4
2275	8.34426	22.0889	0.170376	4
2276	8.26117	11.4335	-0.305344	4
2285	9.18935	22.1933	-0.105296	4
2298	9.99289	4.70456	-0.0879093	4
2311	8.21205	13.9094	0.154323	4
2315	9.39219	2.00916	0.45204	4
2316	8.18511	22.2728	0.300134	4
2326	9.4816	14.548	0.0361394	4
2333	8.42408	8.93948	0.337127	4
2345	8.9527	2.19081	0.226689	4
2347	9.37587	2.50308	0.52371	4
2358	9.83323	15.8332	-0.211517	4
2363	8.49656	15.155	-0.136211	4
2370	7.73463	11.963	-0.201962	4
2391	9.31759	24.6483	0.101568	4
2397	9.59173	10.9771	-0.173042	4
2418	9.07486	6.39273	0.0253906	4
2433	9.33131	10.3589	-0.335824	4
2436	9.88998	5.38901	-0.609899	4
2437	9.23976	16.8066	-0.00972412	4
2461	8.81239	5.84117	1.01119	4
2496	9.64167	11.8684	-0.838222	4
2498	8.24326	24.0324	0.622722	4
2510	9.40783	0.226939	-0.594409	4
2516	7.52582	2.13124	0.0965546	4
2527	8.06903	2.8089	0.271172	4
2528	7.58368	0.786472	0.409376	4
2531	9.85033	14.2297	-0.0688364	4
2537	8.78122	3.0863	-0.0986525	4
2541	8.77084	3.4612	-0.077127	4
2556	7.65379	19.3928	0.169679	4
2560	8.52013	6.93864	0.032517	4
2566	8.32913	16.6239	-0.592704	4
2591	8.82494	1.67114	0.437965	4
2612	7.84941	2.754	0.927044	4
2613	8.56353	6.19704	-0.0577273	4
2614	8.21374	4.66225	-0.057767	4
2626	8.93249	19.4452	-0.0689204	4
2633	9.44623	15.3387	-0.163969	4
2636	8.55774	18.9787	0.812525	4
2642	7.50111	16.5206	-0.0280676	4
2644	9.12196	10.8773	0.301925	4
2648	8.63826	20.0749	0.424324	4
2656	9.92081	4.09881	-0.156898	4
2662	8.73674	3.11591	0.654538	4
2671	7.65224	7.00821	-0.32929	4
2676	8.37202	14.937	0.795068	4
2682	9.93967	18.8967	0.426365	4
2704	9.43658	0.48635	0.021993	4
2706	9.57934	4.21829	-0.53649	4
2709	8.73225	20.1123	0.43147	4
2710	8.12096	5.56929	-1.32635	4
2724	8.31292	22.0324	-0.155764	4
2743	9.11492	24.9881	-0.213017	4
2748	8.4613	4.6465	-0.918047	4
2750	9.42294	11.5555	0.165483	4
2766	9.79192	7.1805	0.0718285	4
2768	8.07134	5.06638	0.0703301	4
2773	9.17685	1.11676	-0.0438306	4
2781	8.49837	4.89973	0.0365271	4
2809	9.91255	22.5247	-0.104413	4
2862	9.587	8.7564	-0.584461	4
2876	7.8781	0.753582	-0.467445	4
2894	9.69054	23.5702	0.148323	4
2901	8.22263	10.3329	0.414419	4
2905	9.24827	0.773478	0.850725	4
2906	8.58505	5.63555	0.570991	4
2916	7.97949	3.63423	0.151191	4
2921	9.37556	5.21809	-0.360533	4
2924	9.42006	0.0129845	-0.328857	4
2960	9.32556	10.3536	-0.137536	4
2969	9.92533	17.3938	0.0704452	4
2970	8.68968	19.8045	0.164667	4
2975	9.28703	15.7315	0.384033	4
2976	8.83446	20.6988	-0.112736	4
2978	9.45474	17.4187	0.521717	4
2981	7.51645	8.26304	0.208025	4
2995	8.96985	17.3027	-0.896831	4
3007	7.82846	6.85167	0.0726318	4
3019	9.03124	10.5402	-0.159313	4
3033	9.01359	7.73121	-0.735046	4
3039	8.07285	15.9256	0.413565	4
3041	8.07779	8.03927	0.065112	4
3050	9.60543	4.12762	0.352208	4
3062	7.54061	9.30003	0.07129	4
3064	9.58285	18.4698	0.146783	4
3067	8.35088	22.6846	0.421768	4
3078	7.71453	5.181	-0.390869	4
3085	9.06628	3.14041	0.159012	4
3100	7.73402	20.741	-0.496541	4
3105	7.86295	5.47529	-0.21053	4
3108	9.37686	18.6299	0.0128487	4
3115	7.93558	11.5671	0.654895	4
3122	7.56323	1.97617	-0.472058	4
3134	9.58956	1.28878	-0.544002	4
3143	9.77753	4.98632	-0.185662	4
3155	8.72915	16.4899	-0.315267	4
3160	8.32506	24.3382	-0.672386	4
3164	9.49739	22.9665	0.324002	4
3166	9.6156	6.04162	-0.172851	4
3180	7.77015	2.63798	0.511981	4
3218	8.14637	22.7962	-0.223501	4
3222	7.63974	19.631	0.452505	4
3224	7.74849	3.86051	-0.322106	4
3231	9.1659	16.5457	-0.42489	4
3242	8.39233	0.966612	0.158026	4
3248	9.47257	22.5051	-0.221385	4
3277	9.97466	11.2085	-0.441717	4
3294	7.76559	24.2862	0.141238	4
3309	9.61489	8.81304	-0.450133	4
3321	7.7301	24.6011	0.478627	4
3349	9.98442	12.784	0.0217772	4
3373	7.96045	23.4236	-0.434754	4
3374	7.68408	16.2678	0.188342	4
3386	8.1236	6.59109	0.318401	4
3388	8.95176	21.9929	-0.22699	4
3401	7.86835	15.475	-0.253421	4
3403	8.29586	11.7501	-0.668278	4
3415	9.66356	11.5758	0.564729	4
3421	8.57744	6.21724	0.3353	4
3429	9.54695	15.1447	-0.288752	4
3462	8.60263	9.37172	0.374151	4
3463	8.22482	9.57895	0.513654	4
3464	9.40475	18.9649	-0.238795	4
3491	7.68908	10.4466	0.123272	4
3492	7.8556	10.7161	-0.201112	4
3494	8.0872	8.54462	-0.153659	4
3504	8.49041	5.0349	-0.0608975	4
3514	8.57152	8.19437	-0.0806679	4
3517	7.6497	2.09346	-0.480916	4
3523	9.92791	10.9871	0.40695	4
3537	9.04395	10.768	0.28841	4
3548	9.12487	10.2172	-0.745098	4
3567	7.57374	21.167	-0.0442555	4
3580	9.62021	0.858457	-0.111016	4
3594	8.45364	14.8142	-0.555065	4
3612	7.96887	11.3221	0.222595	4
3618	8.63998	18.6012	0.0104854	4
3638	8.57709	9.84349	-0.495576	4
3665	8.02553	3.56404	0.183988	4
3668	8.69173	2.65433	-0.414369	4
3675	8.4151	15.6778	0.132794	4
3677	7.8396	18.8141	-0.485105	4
3694	9.93664	15.5545	0.976974	4
3710	9.82826	4.59663	0.431523	4
3714	8.01924	11.5078	0.357126	4
3715	8.04742	11.4935	-0.55241	4
3725	8.02964	6.20112	-1.02043	4
3728	8.73821	18.7513	0.304475	4
3746	8.64495	21.1219	0.603346	4
3762	7.83682	19.6691	0.220204	4
3763	7.68146	19.6688	0.0155769	4
3767	7.74416	5.27271	0.247215	4
3770	7.77463	3.04338	0.139522	4
3776	8.03363	24.2557	-0.221028	4
3786	7.95179	16.3524	0.0836514	4
3788	7.93475	11.594	0.111572	4
3789	8.15406	12.2225	0.212221	4
3809	7.57674	17.116	-0.617276	4
3826	7.94241	24.1565	0.619443	4
3835	9.08311	10.204	-0.148585	4
3912	8.54209	12.0796	-0.239487	4
3917	9.84165	20.1431	0.48478	4
3925	7.71044	15.262	0.139203	4
3942	9.74384	7.33167	0.23332	4
3944	8.29912	17.5272	-0.428353	4
3983	9.24315	20.7189	0.322076	4
4007	7.74447	21.1371	-0.197851	4
4027	9.8311	6.78885	-0.509275	4
4043	8.6821	24.8837	-0.466297	4
4044	9.96615	4.42671	-0.248985	4
4063	8.1638	3.65856	0.81227	4
4070	9.68424	9.93286	-0.18447	4
4072	9.99414	14.8821	0.347401	4
1	10.9818	7.33999	0.0276689	5
8	10.315	23.7453	-0.451454	5
10	12.3923	11.2762	0.80287	5
11	12.2283	6.02565	0.343295	5
31	11.3861	21.9848	0.124288	5
39	10.3218	3.56264	-0.349615	5
47	10.7751	10.1517	-0.819252	5
58	12.267	17.7886	0.0173695	5
60	11.6021	6.6983	-0.233494	5
71	11.1482	24.6014	-0.954193	5
76	10.805	2.87425	0.349697	5
90	10.3901	19.0385	0.478632	5
112	11.4563	15.0618	0.549316	5
127	10.3981	8.9514	0.547464	5
129	10.356	20.2196	0.224599	5
141	10.9714	19.0242	-0.618556	5
148	11.4568	0.225633	-0.0413984	5
154	10.731	5.06814	0.337894	5
160	12.1216	18.2988	-0.10565	5
177	10.8265	17.3279	0.836896	5
181	12.1984	5.80871	0.297057	5
182	11.6802	8.66554	-0.208389	5
195	10.5249	18.1008	-0.333454	5
198	12.3856	2.54072	0.571872	5
203	10.2295	3.11401	-0.0647965	5
205	11.3308	2.18747	-0.210307	5
217	11.0886	21.3883	0.285887	5
222	12.1416	14.6402	0.427339	5
246	11.5763	17.4465	-0.0269728	5
254	12.2081	15.6497	-0.00646115	5
266	10.4931	11.2022	0.578667	5
279	11.8841	9.44407	0.139109	5
291	10.6237	17.1009	-0.139068	5
302	11.7699	19.2576	-0.270786	5
311	11.0725	10.1756	-0.365422	5
316	10.3768	11.5133	0.261447	5
323	11.742	17.007	-0.108712	5
327	10.6304	9.89046	0.332794	5
335	12.4538	20.9058	-0.351639	5
338	10.0782	24.3589	0.231221	5
340	10.8889	23.5214	-0.194755	5
349	11.7257	18.7245	-0.182303	5
350	10.5452	13.7733	-0.248392	5
372	10.5342	4.4352	-0.461189	5
384	10.1143	3.4343	-0.15875	5
392	10.0612	23.2801	-0.436824	5
400	12.2339	17.308	-0.390394	5
409	12.4127	18.2846	-0.307802	5
461	11.9781	9.86048	0.0374148	5
464	11.2857	23.1077	0.0266333	5
465	10.2752	12.2078	-0.0579073	5
486	10.4197	8.85552	-1.01464	5
490	11.3378	17.3045	-0.0907816	5
493	11.404	23.6487	-0.0585496	5
503	11.5341	23.1898	0.268109	5
525	11.9134	3.98572	0.0147698	5
530	11.1528	17.5362	-0.748728	5
541	10.765	0.500914	-0.375291	5
547	11.6983	11.9108	-0.240749	5
552	10.0406	10.971	-0.181128	5
553	11.8799	6.10571	-0.118521	5
565	12.1422	6.16952	-0.277551	5
566	11.2724	12.9982	0.198123	5
575	10.3167	13.6055	0.594266	5
581	10.4571	10.2526	0.309357	5
586	10.2574	7.86931	-0.178973	5
605	10.9457	3.62805	0.790242	5
606	10.1205	14.4264	0.146037	5
611	10.8388	6.22041	-0.410133	5
629	10.8325	21.974	-0.364286	5
631	10.2894	12.1611	-0.302989	5
644	11.4475	0.815593	0.307804	5
663	12.0796	11.3486	0.452556	5
667	12.2304	12.7681	-0.521961	5
681	10.0844	22.0291	0.100169	5
687	12.3199	17.6118	0.0770565	5
728	10.5466	2.09379	0.175284	5
745	12.3006	9.72775	0.196811	5
758	11.282	13.478	0.343703	5
775	11.8275	1.41834	-0.100023	5
785	10.5268	6.47774	0.289268	5
786	11.122	8.95248	0.187135	5
790	10.239	19.2082	0.09648	5
806	11.5512	12.1891	-0.172788	5
812	10.9618	15.0279	0.709673	5
826	11.0202	18.6062	-0.242324	5
842	10.417	15.687	0.225054	5
848	12.3963	5.70672	-0.740763	5
861	10.414	3.78009	0.0515109	5
873	11.8391	4.84538	0.267893	5
893	11.3221	11.8337	0.235745	5
909	10.1919	3.43593	0.11052	5
930	10.6715	5.17406	0.394796	5
933	12.2794	12.2594	0.466641	5
941	12.3976	7.64315	0.121693	5
947	11.2941	7.26631	0.942752	5
952	12.2587	9.74599	0.194961	5
973	10.1539	8.13302	0.511035	5
976	10.194	16.2936	-0.250379	5
982	10.1318	18.9167	0.492456	5
997	11.9053	2.32819	-0.0725643	5
1003	12.3001	7.92292	-0.253959	5
1007	10.079	1.13508	-0.0964747	5
1009	11.8648	22.3281	-0.330418	5
1026	11.7421	2.13414	0.451132	5
1039	11.2003	12.3211	0.616345	5
1050	10.7348	19.6556	-0.0855664	5
1063	10.3418	20.3173	0.901321	5
1064	10.6217	18.0056	-0.0557647	5
1066	11.649	8.57747	-0.605967	5
1069	12.0532	13.4392	0.0368068	5
1074	10.8724	8.61848	-0.0283341	5
1090	12.2114	10.5047	0.163305	5
1098	10.6216	15.3674	-0.0164161	5
1100	10.1487	4.65369	1.42237	5
1102	12.4074	21.7637	0.0947294	5
1114	11.6675	4.89825	-0.743276	5
1122	11.6795	14.7519	-0.532858	5
1136	11.3532	15.7631	-0.321157	5
1137	12.2622	1.6846	0.21409	5
1173	11.6811	3.39382	0.130667	5
1184	11.5959	10.1234	-0.513567	5
1198	11.9902	17.2629	-0.756823	5
1210	11.9285	24.6088	0.484829	5
1216	11.3938	7.05108	0.0329515	5
1217	12.3054	17.6591	-0.199319	5
1220	11.3925	3.58576	0.899657	5
1249	11.4791	16.9145	-0.158442	5
1250	11.4464	0.852112	-0.188203	5
1252	10.6692	11.9293	-0.138461	5
1262	11.1714	23.7651	-0.539255	5
1283	10.1047	23.7398	-0.058458	5
1291	12.1692	2.10443	0.334427	5
1321	11.3457	2.54646	-0.111928	5
1322	10.0663	0.969252	-0.206554	5
1327	11.6738	2.30541	-0.2487	5
1338	10.5643	2.31507	0.905969	5
1365	11.5258	24.2641	0.540048	5
1369	11.4256	12.0429	0.0916504	5
1398	10.4288	7.39869	0.677291	5
1408	11.7321	23.3918	-0.206642	5
1474	12.3158	23.2905	-0.400082	5
1486	11.7117	8.11369	-0.00203454	5
1518	11.0451	15.9095	-0.436497	5
1537	10.6059	7.58031	0.41184	5
1538	12.0829	6.6913	1.05788	5
1556	12.2773	0.401588	-0.161497	5
1564	11.9973	17.3319	-0.0884017	5
1585	10.1023	1.56303	0.389073	5
1595	11.2167	7.81033	0.23733	5
1601	12.2897	17.579	0.433816	5
1606	10.2224	15.4297	0.232074	5
1612	10.9885	4.67985	0.562979	5
1624	12.4677	13.1662	-0.251485	5
1625	11.261	17.3089	-0.293661	5
1654	10.2986	23.291	-0.0140805	5
1667	11.5988	16.4274	-0.425586	5
1674	10.1672	6.5292	0.256657	5
1678	10.3359	20.9045	0.277178	5
1705	11.1605	5.02986	-0.145961	5
1710	10.3972	7.98686	0.549826	5
1711	10.0523	7.1291	-0.547176	5
1719	11.5736	3.12234	0.3185	5
1743	11.9207	13.5791	-0.245942	5
1762	10.4187	9.33565	-0.694974	5
1768	12.2355	19.0284	-0.262765	5
1788	12.3249	10.8594	-0.164516	5
1794	11.9869	2.86816	0.1233	5
1804	10.6449	22.7308	0.18108	5
1806	11.4599	5.92762	0.788957	5
1819	11.8474	9.90876	-0.275933	5
1823	10.7592	16.4664	-0.170201	5
1826	12.3382	12.3015	-0.777878	5
1830	11.4429	2.57007	0.735901	5
1839	11.6721	12.4417	-0.000224404	5
1857	11.3153	7.22626	-0.284259	5
1888	11.914	24.9648	0.0686995	5
1895	10.2365	14.4966	-0.607116	5
1897	11.1253	3.38315	0.449888	5
1904	10.4432	5.22309	0.188788	5
1917	12.1724	5.96105	0.175804	5
1923	10.0141	22.6607	-0.0402983	5
1934	11.7569	17.465	0.273148	5
1941	10.7848	21.4049	0.147204	5
1943	11.9995	22.2654	0.408525	5
1956	10.4737	15.8527	0.163732	5
1957	12.0024	15.0126	0.117449	5
1969	11.9877	1.79321	0.423487	5
1975	12.2081	7.52528	-0.625473	5
2003	11.3971	6.80319	-0.23773	5
2020	11.2575	10.5849	0.476885	5
2022	10.7459	21.8504	-0.00126902	5
2039	10.6155	6.53099	-0.411626	5
2049	10.7855	11.5437	-0.901266	5
2055	10.1427	16.284	0.463429	5
2059	12.4357	3.60453	-0.517902	5
2076	10.6029	0.406717	0.195826	5
2085	10.2989	4.231	0.101942	5
2088	11.3222	19.6566	-0.0617237	5
2090	12.248	1.95256	-0.138439	5
2100	11.5995	6.62397	0.11784	5
2106	11.3605	6.55213	-0.268363	5
2120	10.2844	1.30332	0.432309	5
2121	11.414	18.921	0.51457	5
2135	10.6346	22.5839	-0.378302	5
2139	11.0437	5.51122	0.621806	5
2154	11.15	15.3539	-0.0372987	5
2169	12.3766	21.5133	-0.144107	5
2180	10.6592	16.7851	0.00675153	5
2181	11.6111	10.5418	0.360849	5
2195	11.0717	6.06834	0.517506	5
2211	11.7486	12.8061	0.888775	5
2220	11.8485	11.294	0.552189	5
2223	10.8788	23.4572	1.09865	5
2227	10.9858	4.76239	0.411652	5
2250	12.2099	16.8177	-0.149246	5
2266	10.6856	17.9986	0.59192	5
2279	10.7302	23.4237	0.275125	5
2284	11.8622	4.73275	-0.623691	5
2286	12.3398	23.5557	-0.0592851	5
2287	11.3484	20.7764	-0.0936407	5
2294	10.7693	20.1977	0.334808	5
2303	12.2102	9.81168	0.866578	5
2309	10.1561	4.59198	0.609091	5
2310	11.5736	9.75718	0.185364	5
2329	11.7983	18.3224	0.0853622	5
2330	11.5421	7.87218	0.600966	5
2346	12.0716	2.67009	0.0820055	5
2357	11.3631	18.1953	-0.0945258	5
2374	10.8364	1.614	-0.270127	5
2396	11.3082	22.2585	-1.04768	5
2398	10.4759	6.4358	0.440122	5
2400	12.1843	15.5379	-0.269732	5
2409	10.4851	18.4311	0.00992641	5
2440	10.4559	14.4802	0.0516286	5
2441	11.8781	20.9448	-0.691749	5
2480	11.8148	17.4708	0.633157	5
2505	11.6253	20.4316	0.108068	5
2508	11.3177	2.98442	0.473008	5
2514	10.4056	12.7473	0.375341	5
2521	11.7129	21.9179	-0.0454635	5
2525	10.6553	24.8381	0.588637	5
2532	10.0519	14.9627	-0.140373	5
2538	11.9574	19.2423	0.148899	5
2542	12.4048	16.1291	-0.0825315	5
2554	12.2213	11.0152	0.505886	5
2571	10.2854	10.5497	-0.617415	5
2580	10.6795	14.9833	0.351521	5
2581	10.4689	16.1913	-0.113639	5
2589	10.2225	13.4644	-0.431568	5
2595	11.2424	11.4788	-1.00365	5
2596	10.1181	10.8341	-0.289248	5
2599	11.5098	18.8346	0.05488	5
2615	10.9651	18.7612	0.0648274	5
2622	10.4674	2.29059	0.293588	5
2627	10.0515	7.42773	-0.139299	5
2632	11.3678	20.9475	-0.0116243	5
2643	10.867	2.65819	-0.0913804	5
2652	11.6853	3.88144	0.446299	5
2663	12.4829	15.8344	-0.495743	5
2674	10.0039	6.97886	0.932058	5
2675	11.073	7.64663	-0.174196	5
2693	12.4454	2.64738	0.705701	5
2696	10.7584	19.4602	0.015535	5
2697	10.007	0.785324	-0.214441	5
2736	10.5766	23.149	-1.32972	5
2751	12.2442	1.31734	0.426491	5
2767	11.8396	22.8818	-0.494446	5
2774	10.2548	1.4818	-0.338567	5
2784	12.3448	14.011	-0.0619455	5
2799	11.1697	11.1805	-0.594483	5
2825	10.695	15.6687	-0.441892	5
2837	12.2239	16.393	-0.533757	5
2841	11.3448	2.38754	-0.650638	5
2842	12.0713	20.6829	-0.212091	5
2853	11.5544	8.6902	-0.0785101	5
2854	11.2377	22.3683	0.75494	5
2861	10.8968	22.2974	-0.188906	5
2866	12.0481	6.08051	0.0441345	5
2878	12.0828	2.80708	-0.426787	5
2883	11.5218	6.52032	-0.105731	5
2884	10.3048	22.0422	-0.181194	5
2885	11.9452	3.64291	0.354619	5
2889	11.97	18.4289	0.108884	5
2890	12.0361	19.0629	-0.499384	5
2910	12.1414	12.7636	-0.103909	5
2935	10.6467	14.6038	1.08543	5
2939	11.5294	18.1349	-0.00983498	5
2957	10.8498	1.66126	0.55317	5
2958	10.2529	1.40374	-0.116831	5
2968	10.9644	17.7462	0.321997	5
2974	10.2759	22.0704	-0.118567	5
2979	11.3985	8.19447	-0.116142	5
2986	10.627	12.8312	0.00647517	5
3000	10.3403	11.584	-0.476448	5
3009	10.7483	1.6292	0.267691	5
3021	11.4852	6.23126	0.647455	5
3022	11.7296	5.73859	0.386582	5
3040	10.4849	13.9719	-0.0390083	5
3044	10.6799	17.0398	-0.676183	5
3057	10.6421	1.67531	-0.67684	5
3073	11.649	3.52355	0.45502	5
3075	10.1504	21.2652	0.172108	5
3083	10.0258	7.51699	-0.951846	5
3092	10.333	0.156102	0.06445	5
3093	10.3228	12.2482	-0.356819	5
3111	10.2648	17.7654	0.479327	5
3149	10.3667	8.15643	-0.502398	5
3151	12.3102	23.2029	0.50906	5
3184	11.2915	13.4206	0.358431	5
3198	10.0154	14.4918	0.0684978	5
3209	11.0872	15.9597	0.373836	5
3210	10.7579	0.832244	-0.966379	5
3221	10.3698	4.79212	-0.833112	5
3257	10.537	24.7664	0.631568	5
3266	12.3392	13.698	0.141935	5
3269	11.5298	8.46789	0.21722	5
3270	12.4935	8.87955	0.503601	5
3271	11.3039	8.71121	0.291225	5
3276	10.2299	5.82622	-0.33108	5
3279	10.2315	1.65241	0.748075	5
3296	11.9988	21.1458	-0.334127	5
3298	10.5039	4.4118	-0.264949	5
3300	11.5891	3.76707	-0.35127	5
3301	10.2569	12.8894	0.00957825	5
3323	11.2922	11.8789	0.0523642	5
3324	11.6856	11.7405	-0.386358	5
3339	11.749	15.0136	0.527164	5
3346	11.6036	4.46749	-0.145428	5
3353	11.8317	17.4981	0.0928918	5
3358	11.703	17.053	-0.36337	5
3360	12.49	16.378	0.0203967	5
3364	12.3255	13.7409	-0.277512	5
3382	11.201	4.13075	-0.236394	5
3400	11.1105	10.1778	-0.0472364	5
3402	11.9085	23.4744	-0.0101915	5
3404	11.95	21.9954	0.0415985	5
3405	12.2303	21.626	-0.999413	5
3406	10.1008	5.2758	-0.343362	5
3414	11.2764	13.2142	0.13727	5
3419	10.1132	15.711	0.932159	5
3425	11.2819	9.89289	-0.414302	5
3430	10.39	15.6098	-0.788909	5
3431	11.7096	1.80509	-0.189027	5
3447	10.5008	8.86674	-0.239045	5
3480	11.6781	1.19095	0.0338147	5
3499	10.1723	14.0364	0.380752	5
3500	10.2161	13.509	0.496561	5
3521	10.7534	12.5484	1.03588	5
3530	10.9421	23.3843	0.406047	5
3532	10.2819	12.8904	-0.173379	5
3555	11.7625	6.73954	0.499351	5
3556	11.8576	6.94891	-0.0267728	5
3569	12.3616	4.66911	0.119781	5
3583	10.1868	16.4421	0.0445987	5
3593	10.2456	13.2808	-0.92066	5
3642	12.1747	1.70398	0.388749	5
3648	11.55	11.0866	0.180173	5
3653	10.4719	9.08782	-0.791729	5
3663	10.3785	1.93687	0.421849	5
3667	10.698	24.666	0.179903	5
3678	10.9917	15.6127	-0.0709853	5
3706	11.6378	3.41768	0.709453	5
3730	10.0191	24.7693	0.81751	5
3793	10.976	17.9494	-0.324291	5
3795	11.6915	13.3226	0.252392	5
3804	11.0828	24.6447	0.904064	5
3820	10.9907	0.613838	0.163496	5
3821	10.169	0.864476	-0.346928	5
3827	12.4995	22.9574	-0.0147572	5
3839	10.4602	1.77662	-0.207552	5
3848	12.3615	21.1793	-0.673833	5
3856	11.0835	24.9883	-0.211571	5
3859	10.3137	8.56387	0.306059	5
3866	11.9742	23.5837	-0.51181	5
3899	10.8853	15.1656	0.497517	5
3903	11.0709	24.7825	0.364788	5
3911	10.7472	15.2004	0.21294	5
3923	10.7737	11.0129	-0.554979	5
3936	10.2974	1.48781	0.0196133	5
3939	11.9881	5.65843	0.302317	5
3940	12.3975	5.22721	0.342141	5
3957	11.353	7.22912	-0.681695	5
3960	12.0153	24.9806	0.0272699	5
3969	11.1179	18.4076	0.56687	5
3970	10.7959	17.3473	0.342188	5
3987	11.4657	21.5452	0.160043	5
3990	11.0665	7.59131	0.0426629	5
4004	11.0	21.9951	0.501729	5
4018	10.5596	22.9355	0.0381042	5
4020	10.9222	4.06638	-0.724286	5
4021	11.5623	3.80888	-0.308299	5
4025	11.5582	12.9619	0.487165	5
4049	12.3981	4.69203	-0.174908	5
7	14.1438	20.3367	0.159116	6
16	13.0093	12.2137	-1.04701	6
33	13.2303	0.689882	-0.431609	6
34	13.3553	17.3949	-1.03283	6
43	14.3674	8.6827	-0.187907	6
44	12.7716	23.395	0.0741272	6
45	14.3592	0.310801	0.275179	6
55	14.8233	24.1412	-0.624801	6
62	14.7693	24.7036	0.398686	6
64	14.3013	2.19143	0.199197	6
85	14.8531	21.6452	-1.00174	6
93	14.5362	7.08154	0.656417	6
98	13.4799	1.24741	-0.355872	6
101	14.3362	24.2006	0.16458	6
109	12.8226	20.9317	-0.345679	6
111	13.9199	9.33892	-0.227436	6
120	12.949	0.838215	-0.626835	6
126	13.8477	2.64973	-0.0110595	6
133	14.2889	6.396	-0.210411	6
138	14.3055	16.6977	-0.874595	6
139	12.5326	22.2189	0.0333895	6
169	14.6506	3.02495	0.517397	6
174	13.3468	20.0348	0.749495	6
208	12.7052	23.378	-0.289339	6
211	14.772	19.2998	0.242541	6
212	14.7355	13.0014	0.156595	6
216	13.7038	5.40067	0.206243	6
228	14.8331	0.1872	-0.125046	6
234	13.5521	6.65014	-0.915384	6
257	13.1968	21.5104	0.379942	6
273	14.8131	14.1805	0.163942	6
287	14.2164	2.2238	0.608064	6
305	13.2603	16.0598	0.0291583	6
320	14.3441	22.0689	-0.289125	6
336	14.9627	10.6393	-0.435734	6
343	14.9643	10.2796	-0.463402	6
355	14.0268	12.6178	0.448572	6
356	13.4425	10.0821	0.715122	6
393	13.3133	18.9389	-0.326351	6
428	14.1271	4.8946	0.794848	6
433	12.7306	2.0821	0.00545399	6
437	14.5361	2.06824	1.2705	6
445	13.9256	0.754754	-0.70415	6
450	13.8797	1.87388	-0.224798	6
451	14.2249	12.162	-0.0912678	6
452	12.5326	0.445478	-0.328911	6
454	13.2745	10.882	0.711145	6
481	13.5731	8.7462	0.227618	6
495	13.443	21.4866	-0.0553094	6
504	14.8354	24.5544	0.197601	6
510	12.879	15.3412	-0.276007	6
534	14.266	12.1387	-0.202466	6
551	13.5129	21.4037	0.304001	6
558	14.8775	21.6256	-0.127129	6
560	12.6727	7.45844	0.219433	6
567	14.8926	15.5956	-0.395037	6
570	14.5793	21.1796	0.481971	6
576	13.2468	8.20399	0.417787	6
594	14.6991	3.44498	0.316463	6
598	14.9995	8.31422	-0.268672	6
600	13.9529	7.71429	0.24406	6
615	12.9062	24.4885	0.478598	6
623	13.364	2.81655	-0.0640059	6
630	12.7844	18.6476	-0.0651805	6
632	13.1486	20.0194	0.374976	6
637	13.0467	20.121	-0.0447301	6
642	13.3721	6.21416	-0.188381	6
661	13.1558	12.6303	0.190003	6
662	14.0701	8.0897	-0.34876	6
664	14.4889	23.4489	-0.214097	6
673	14.5902	12.6273	0.122816	6
682	14.5224	11.4923	0.3844	6
683	13.9924	1.89782	0.322218	6
686	12.762	9.79244	0.115472	6
694	14.6346	5.13619	0.426797	6
696	12.7159	0.837576	-0.0689071	6
702	12.9641	3.52839	0.576527	6
704	14.9977	7.34484	0.31551	6
705	14.1608	18.0115	0.25496	6
716	13.4323	16.2191	0.143643	6
720	14.6691	13.8993	-0.877173	6
733	14.4822	4.46567	-0.179714	6
750	14.5616	1.08648	-0.159997	6
755	13.2239	9.40857	-0.380109	6
761	14.7312	4.24087	0.154489	6
776	14.0187	12.3066	0.40073	6
794	13.5582	18.3878	-0.21509	6
800	12.5131	22.713	-0.060656	6
805	13.9551	17.9711	0.10509	6
809	14.7613	5.22833	0.508417	6
811	13.2246	23.3644	0.0879201	6
833	12.9708	16.2204	0.164454	6
836	13.4481	20.7547	0.13371	6
838	14.8512	4.17035	-0.468857	6
840	14.3475	22.2538	0.620327	6
851	12.705	17.5996	0.238017	6
854	13.4926	6.09966	0.269108	6
855	12.71	23.5832	0.45882	6
867	14.5631	2.30417	0.523292	6
889	14.8802	1.2597	-0.044065	6
896	13.953	3.65372	-0.175068	6
918	13.3913	12.4186	-0.503342	6
926	14.6368	22.617	-0.671147	6
928	14.3419	6.96189	0.933384	6
932	14.8269	11.8209	0.222713	6
945	14.6854	7.45295	-0.546905	6
955	13.4352	15.0335	-0.465777	6
956	12.9338	15.9328	-0.0902594	6
965	14.5521	6.16252	-0.398091	6
971	13.4604	6.27735	0.87773	6
974	12.8935	5.93466	-0.883701	6
978	12.6831	13.0146	-0.266266	6
983	14.5557	23.0135	0.00982749	6
989	14.7094	15.0386	-0.858215	6
991	14.6397	11.2253	-0.375684	6
1000	14.4256	13.4209	-0.467124	6
1002	14.8774	13.4754	0.127816	6
1018	14.9351	9.78253	0.529055	6
1034	14.3302	15.2178	-0.42092	6
1046	14.0632	2.56907	-0.557174	6
1056	14.3507	18.3312	-0.454356	6
1060	13.0585	15.436	-0.279855	6
1068	14.6791	10.5771	0.366574	6
1079	13.7858	22.8528	0.13845	6
1083	14.964	11.5585	-0.129286	6
1085	12.9786	17.093	-0.24679	6
1089	12.8933	4.77945	0.0586372	6
1092	13.4935	13.6958	0.372185	6
1117	13.8563	19.3451	-0.39933	6
1123	13.2244	13.3223	0.162165	6
1132	12.9489	3.10139	-0.378514	6
1134	14.1247	5.14477	0.139285	6
1156	12.9322	7.31957	-0.257196	6
1172	14.3142	8.89498	-0.427955	6
1196	14.7038	3.04485	-0.338095	6
1211	14.3714	12.1195	-0.186238	6
1232	13.997	6.9151	0.0936363	6
1239	13.5453	15.5604	0.101241	6
1244	14.4698	19.2045	0.875311	6
1251	13.4018	15.9398	0.294967	6
1254	14.137	4.35752	-0.21768	6
1270	13.9222	11.4972	0.177853	6
1272	14.3662	20.6435	-0.387039	6
1302	13.4655	17.5516	0.566935	6
1328	13.9389	16.3041	0.228452	6
1331	12.548	20.3588	-0.934637	6
1332	12.575	20.5956	-0.639327	6
1334	13.2333	11.5962	0.569391	6
1346	13.2099	14.0292	-0.425679	6
1351	13.0399	8.32751	0.122524	6
1352	14.5015	15.5247	-0.885362	6
1359	12.9266	13.0836	0.484749	6
1367	13.1772	1.22951	0.745124	6
1374	13.5788	10.199	-0.0967197	6
1375	14.6093	12.7322	-0.46766	6
1402	12.867	14.5818	-0.0869937	6
1405	14.772	22.1568	0.573767	6
1411	12.8196	23.5441	0.702152	6
1428	13.6362	24.3927	-1.18641	6
1432	14.1974	3.68083	-0.348543	6
1437	13.1168	6.56229	-0.169336	6
1454	12.576	12.1743	-0.0646541	6
1455	12.8871	8.70971	0.221582	6
1466	13.2649	22.0517	0.314118	6
1480	13.9325	11.6301	-0.527922	6
1483	14.9831	0.167009	-0.124901	6
1505	13.562	20.943	0.0202046	6
1513	14.1421	5.73729	0.27306	6
1517	13.9633	15.88	-0.297145	6
1520	14.3756	8.28361	0.0682513	6
1540	13.4735	4.56532	-0.0334616	6
1541	14.2296	5.86398	-0.0824793	6
1545	12.5909	20.3925	-0.0455842	6
1559	12.9218	5.7849	-0.0389741	6
1561	13.1345	2.18802	0.14522	6
1562	12.8994	3.5009	0.732607	6
1569	13.37	1.16873	-0.398555	6
1574	13.4463	9.94093	-0.118117	6
1575	12.8251	8.82307	-0.224685	6
1576	13.0764	8.47588	0.39704	6
1578	12.817	8.47903	-0.67873	6
1588	14.7043	6.83513	0.352071	6
1592	12.6416	5.02164	-1.4774	6
1600	13.3375	23.041	0.498615	6
1628	14.517	4.6581	0.39309	6
1631	14.9959	22.0498	0.105879	6
1657	12.804	20.7321	-0.0850843	6
1658	14.3417	23.8639	-0.40431	6
1661	13.8608	13.5389	-0.445217	6
1676	14.4877	0.71099	-0.00045879	6
1685	14.3397	24.8072	-0.145483	6
1698	13.6609	7.8802	0.0581276	6
1716	12.8422	16.0517	0.410071	6
1727	12.634	19.3107	0.302666	6
1750	14.1379	1.46246	0.160763	6
1753	14.4225	10.2589	-0.0908471	6
1756	13.2912	7.57863	0.368107	6
1760	13.3636	16.8012	0.121411	6
1766	13.3781	1.93087	0.10884	6
1773	13.3801	18.0633	0.340233	6
1776	13.5295	3.3666	-0.797747	6
1782	12.6526	19.7755	-0.311546	6
1795	13.0224	14.6809	0.248875	6
1816	14.3826	1.66737	0.225535	6
1820	14.6968	12.5993	0.306336	6
1859	14.6458	4.50299	0.0300069	6
1861	14.879	19.0994	0.314058	6
1863	13.9183	1.20103	0.401052	6
1906	13.1071	16.287	-0.727937	6
1911	13.5655	3.80394	0.150062	6
1912	12.8853	24.1689	0.244733	6
1926	13.017	22.0424	0.379548	6
1936	13.1842	12.6785	-0.00803478	6
1944	14.0374	7.13649	0.243971	6
1945	14.8218	21.5464	-0.174793	6
1946	14.3139	20.1496	-0.427574	6
1947	13.9037	20.4395	-0.523785	6
1948	13.7226	23.8195	0.131977	6
1959	14.6773	22.3637	0.445196	6
1970	14.6861	4.29826	0.268746	6
1972	13.8994	4.16554	0.20396	6
1979	14.4512	12.8828	-0.296365	6
2000	13.0192	5.45421	-0.122059	6
2002	14.8219	18.5309	0.375236	6
2009	14.3735	16.8971	0.428522	6
2019	13.4815	5.34837	0.246418	6
2026	13.3559	13.5267	0.225668	6
2029	13.6722	5.8635	0.172828	6
2037	14.0202	21.9696	-0.407099	6
2042	14.9413	20.8677	0.594037	6
2071	12.8622	15.5948	-0.918642	6
2094	14.3466	9.28696	-0.331996	6
2095	13.5242	21.4156	-0.350552	6
2103	13.6648	24.9611	0.165067	6
2114	12.5794	20.995	-0.0334361	6
2147	13.115	13.9212	0.0588908	6
2156	14.2437	3.97593	0.507443	6
2157	13.4154	10.6111	0.16463	6
2159	13.9578	21.5005	0.274956	6
2163	14.0541	0.486387	0.284493	6
2177	13.8229	15.2343	-0.924143	6
2182	13.1925	23.4965	0.426061	6
2188	14.789	19.4687	-0.336014	6
2193	13.4213	20.198	0.067061	6
2200	14.3588	18.1648	-0.0897994	6
2207	13.4589	6.00343	0.261825	6
2208	12.9522	3.01258	0.14686	6
2209	12.8367	0.895202	0.225581	6
2216	14.4791	6.58445	-0.404814	6
2226	13.6253	14.5718	0.0326236	6
2231	14.3355	20.7566	0.261974	6
2258	13.9685	6.68408	0.596295	6
2269	12.5808	5.89546	-0.443252	6
2278	13.5065	21.5562	0.335051	6
2324	14.663	17.803	0.715176	6
2331	14.8529	19.2079	-1.03891	6
2337	13.1049	17.6138	-0.332699	6
2342	14.1587	8.63667	0.685116	6
2344	14.9795	5.11266	0.244989	6
2365	13.5548	7.73591	-0.219537	6
2366	14.8936	11.573	0.300008	6
2402	13.0796	16.6939	-0.0900894	6
2404	14.8885	14.8038	-0.258164	6
2405	12.6426	16.3711	-0.0277473	6
2419	13.622	3.65832	0.103625	6
2444	12.9246	9.74884	-0.067303	6
2463	14.536	17.5483	1.06956	6
2464	12.9861	21.1835	0.476327	6
2468	14.4099	18.8967	0.426903	6
2470	12.6936	0.646852	-0.276071	6
2471	13.0108	1.08816	-0.805823	6
2472	13.1942	17.5502	0.415386	6
2475	13.2836	23.132	-0.474599	6
2476	14.1845	23.9124	0.51297	6
2481	12.6094	11.1713	0.286281	6
2485	14.7297	0.257643	0.8955	6
2486	14.0562	0.537204	0.54462	6
2487	14.2766	0.373291	0.469798	6
2501	14.4031	14.9157	-0.692991	6
2506	12.7893	17.2108	0.0285024	6
2526	14.213	23.4127	0.635063	6
2540	12.9835	4.17737	-0.122688	6
2544	12.8638	9.71354	-0.128906	6
2547	14.1564	21.7791	0.714434	6
2555	12.7	10.9847	-0.124973	6
2572	13.307	0.54108	-0.65239	6
2578	12.8974	1.47495	0.0814218	6
2584	14.9364	6.4117	0.313426	6
2586	12.9093	4.87657	-0.0354873	6
2590	13.1619	11.2797	-0.677419	6
2597	14.157	10.2324	-0.0085976	6
2598	13.8056	20.7261	0.321718	6
2606	12.9443	10.5018	-0.155349	6
2647	12.5844	22.4642	0.397514	6
2666	13.2524	2.5479	0.11656	6
2667	12.7711	9.77943	0.527819	6
2668	13.6096	6.42128	0.446866	6
2685	14.5114	14.8138	-0.0616991	6
2691	14.4976	6.34707	-0.53268	6
2694	14.8192	3.46364	-0.271507	6
2716	14.2488	0.969217	-0.210436	6
2718	13.4901	15.4789	-0.377872	6
2777	14.0963	9.84785	0.203968	6
2780	14.5592	17.1258	-0.0497842	6
2788	12.8484	21.8617	-0.0623715	6
2789	14.4378	6.19141	0.176999	6
2818	13.7927	23.8566	-0.179869	6
2824	14.2727	23.1298	0.271704	6
2827	14.1219	2.45314	0.287392	6
2849	14.9175	9.5807	-0.734963	6
2851	13.3833	17.2381	0.0836008	6
2857	12.6438	6.45778	-1.02694	6
2863	12.893	16.5785	0.355937	6
2918	13.8798	19.3165	-0.00659692	6
2932	14.2674	21.0308	-0.936456	6
2941	14.919	24.2429	0.0471791	6
2942	12.7962	12.5573	0.234713	6
2950	12.8812	24.5133	0.381677	6
2953	12.5749	8.4357	-0.562685	6
2954	12.9546	9.30922	-0.289838	6
2989	13.9173	18.3728	1.47085	6
2990	13.9186	17.5323	0.379939	6
3004	13.0338	12.3923	0.398092	6
3013	13.4589	0.424183	-0.689777	6
3037	13.1481	20.628	0.556192	6
3054	14.7958	10.9309	0.224873	6
3068	14.4036	24.7637	0.285257	6
3072	14.5063	8.61136	0.494979	6
3081	14.8566	4.83202	-0.339185	6
3089	12.7378	9.07202	0.364988	6
3121	14.7696	6.44539	-0.0501761	6
3126	14.754	8.27046	0.969294	6
3147	13.7976	19.9765	-0.190026	6
3150	13.0243	24.4612	0.318069	6
3190	13.7999	21.1252	0.517667	6
3192	13.5549	15.328	0.0712847	6
3195	14.3038	7.71011	0.480708	6
3245	14.4708	22.3318	0.160637	6
3253	13.7254	3.87963	0.933135	6
3255	14.0131	19.1471	1.30526	6
3290	13.462	2.404	0.308506	6
3295	14.2555	5.47323	0.382754	6
3330	12.5463	8.57245	0.714602	6
3336	14.0605	10.1457	0.160223	6
3359	13.0347	19.8479	-0.0497855	6
3385	13.8363	8.35266	-0.230602	6
3390	13.536	7.30178	0.547343	6
3396	12.6481	24.3081	0.107496	6
3398	13.389	14.1528	-0.50332	6
3399	12.5032	7.40022	0.142017	6
3412	13.5167	22.7346	-0.376529	6
3413	14.0603	22.6315	-0.973766	6
3432	13.9684	6.73892	-0.556922	6
3439	13.7039	19.8362	0.163709	6
3440	13.6969	20.4331	-0.278674	6
3459	13.9121	22.6857	-1.0025	6
3471	13.6649	21.5463	-0.293331	6
3472	13.7119	20.733	0.367124	6
3474	13.0682	17.6754	0.415202	6
3475	13.2568	2.85308	0.343041	6
3486	13.8545	13.7542	-0.159451	6
3519	13.3921	20.295	0.0857666	6
3536	14.7113	7.08209	-0.209676	6
3547	13.0678	11.373	-0.160154	6
3549	14.3793	16.0656	-0.643617	6
3552	13.3483	15.7017	-0.394358	6
3559	13.4212	24.4198	-0.166687	6
3563	14.0523	18.007	0.890042	6
3564	13.716	18.2415	0.489658	6
3565	13.7798	18.7496	0.483828	6
3577	14.8894	3.13993	0.789165	6
3590	14.7637	8.84244	0.0376693	6
3592	14.1879	12.549	0.335843	6
3601	13.4439	13.771	-0.194048	6
3626	14.4987	16.3307	-0.0414583	6
3634	14.4281	17.3686	0.742467	6
3639	14.1411	18.4592	-0.197401	6
3640	13.9184	18.3396	0.673887	6
3644	13.5118	7.84854	0.34561	6
3645	13.9246	8.3802	0.788066	6
3655	12.5898	13.0381	-0.142955	6
3659	14.2836	7.19292	0.673634	6
3696	14.3606	19.1769	0.934629	6
3723	12.8199	21.199	0.206007	6
3738	14.4002	2.33714	-0.0847018	6
3744	13.4454	11.0502	1.00885	6
3745	12.6291	2.49391	-0.155453	6
3750	13.8804	4.29689	-0.053726	6
3755	12.5198	14.2014	0.161761	6
3757	13.5483	5.89888	0.14997	6
3759	13.8665	23.8806	0.374572	6
3782	13.6015	22.8586	-1.51588	6
3787	13.373	22.0166	0.355524	6
3819	13.1273	12.3555	0.12071	6
3828	12.927	19.9781	-0.0400504	6
3831	12.6801	9.56781	0.517264	6
3834	14.1525	0.946638	0.187022	6
3840	13.9184	21.7895	0.483052	6
3843	14.2327	24.8097	-0.214904	6
3852	12.8645	8.53119	-0.209309	6
3853	12.7222	8.70754	0.0971019	6
3873	13.8562	13.5062	0.268787	6
3874	14.8576	19.5995	0.954839	6
3882	14.4902	2.84251	1.59415	6
3893	14.7045	13.9304	-0.0491621	6
3905	13.3777	23.2063	-0.151565	6
3906	13.4567	0.885305	-0.475258	6
3938	12.9875	20.2929	0.240023	6
3947	14.386	0.341549	0.699158	6
3951	13.2821	9.05826	0.470311	6
3964	14.425	7.7155	0.643407	6
3978	12.9796	11.9763	0.306573	6
3996	12.6411	18.2518	-0.525468	6
4023	13.3469	15.1613	-0.471604	6
4024	13.956	15.4921	-0.181173	6
4030	14.0445	7.63402	0.119613	6
4050	14.9032	12.0193	-0.169815	6
4054	12.584	21.3844	0.0423847	6
4064	13.0275	3.65879	0.0877176	6
15	16.8413	12.2691	0.218716	7
17	16.8825	12.1861	0.181028	7
32	16.3812	7.72673	-0.28302	7
52	15.9694	24.7538	0.484511	7
65	17.3439	10.6833	0.175975	7
69	16.9965	7.46262	0.169025	7
106	15.3937	1.5523	0.365778	7
107	15.1574	9.3415	-0.227328	7
117	16.3093	13.9519	0.328575	7
130	15.6544	1.2698	0.349945	7
136	17.3452	14.9852	0.069816	7
147	16.4633	14.7557	0.437564	7
150	16.7879	21.9333	0.248817	7
153	16.0696	15.145	-0.158129	7
166	15.0162	20.0079	0.0934969	7
168	16.7175	17.972	-1.25251	7
175	16.2102	21.6957	-0.39533	7
185	16.4104	12.5509	0.0938012	7
188	15.2721	3.14553	-0.329509	7
210	15.8179	14.3835	-0.37065	7
221	17.127	7.13746	0.263509	7
240	16.899	23.479	0.162793	7
243	15.1953	20.5299	0.598987	7
296	17.0791	10.8529	-0.032583	7
301	16.9169	6.91966	0.0167304	7
304	16.4535	10.7472	0.0976344	7
329	15.6287	5.96353	-0.0931379	7
351	15.4152	2.24412	0.290836	7
357	16.2246	11.2731	-0.601314	7
359	17.3906	16.4145	-0.179283	7
361	15.031	19.5044	0.253899	7
376	15.7647	20.4424	0.753769	7
381	15.2076	21.4772	0.0835668	7
421	17.4444	6.01934	-0.072835	7
426	15.7351	21.1311	0.0832452	7
429	16.4639	9.69998	-0.376821	7
431	16.4442	4.08788	0.144828	7
436	16.1635	8.66741	-0.193386	7
439	16.0061	22.5951	-1.61609	7
443	16.3271	10.3799	0.667212	7
471	16.5223	13.2359	-0.203019	7
477	17.0114	2.08929	-0.392577	7
485	17.4548	18.5207	-0.0296015	7
487	15.4262	7.85752	0.3637	7
488	16.7829	21.5388	0.874166	7
500	15.0802	9.3767	0.586223	7
502	16.3868	6.58675	0.154414	7
539	15.5596	19.6312	-0.149414	7
549	16.9885	6.41233	0.176328	7
561	15.5204	3.85107	-0.748491	7
571	17.096	15.1062	0.0553494	7
590	17.3382	10.3295	0.301328	7
596	17.2802	20.2679	-0.0331345	7
635	16.0543	6.23315	-0.279876	7
636	16.7447	6.44322	-0.0295645	7
650	17.2945	23.321	-0.0131787	7
653	15.0479	8.96609	-0.0863	7
671	16.5684	14.1787	0.377223	7
672	17.2062	16.903	0.607093	7
674	15.5198	13.1988	-0.252806	7
679	15.9103	23.3463	-0.183561	7
685	15.9613	3.89964	0.400628	7
688	16.813	9.2211	0.0446211	7
700	15.7158	16.2361	-0.253175	7
721	16.4993	6.86305	0.0816091	7
724	16.9573	24.1457	0.0701177	7
726	16.1165	14.4791	0.134398	7
784	15.9322	2.91204	0.11595	7
807	15.8459	21.0719	0.455328	7
821	16.2945	7.37906	0.278042	7
829	16.7621	1.00339	0.685129	7
837	17.1367	5.13412	-0.35297	7
856	17.3273	10.8533	0.0105885	7
863	15.5908	10.1622	0.370113	7
872	16.2362	17.1606	-1.06237	7
877	17.0322	17.0849	0.121488	7
886	16.7443	0.544461	-0.390044	7
888	17.1042	4.07789	0.0290766	7
895	15.596	20.3009	-0.067931	7
913	15.2514	22.1741	0.781496	7
914	15.9358	5.6973	0.359714	7
917	17.0258	4.47939	0.485667	7
940	16.1041	3.84372	0.538154	7
946	16.2061	11.4724	-0.531397	7
972	15.4389	9.68126	-0.217109	7
981	17.1353	9.81461	0.291496	7
985	15.9056	24.1217	0.430581	7
1006	15.146	1.81135	-0.175579	7
1013	16.7389	24.3899	-0.00935333	7
1014	15.6953	4.16487	-0.0581827	7
1042	16.7804	3.29372	0.0043845	7
1045	16.1628	5.03856	0.414902	7
1047	17.3899	19.8018	-0.08862	7
1070	15.0198	22.3273	-0.480444	7
1071	16.6092	24.7889	0.420987	7
1073	15.4345	7.04271	-0.342941	7
1088	17.4637	11.9471	0.380221	7
1097	15.673	0.48511	0.262528	7
1101	15.3698	10.379	-0.0697946	7
1107	16.4018	10.5158	-0.174516	7
1111	15.7164	23.8852	0.252725	7
1118	16.6434	13.3246	0.315708	7
1124	16.0812	9.61667	-0.25945	7
1127	15.6788	23.7365	0.134831	7
1138	16.4489	12.2771	-0.00153632	7
1141	15.7705	11.5547	0.139024	7
1150	17.1724	4.61096	-0.235837	7
1174	15.3328	17.091	-0.543667	7
1176	16.4067	18.8844	0.132606	7
1180	15.2222	20.0141	-0.324804	7
1185	17.3309	14.6766	0.771534	7
1191	15.791	2.09429	0.183593	7
1193	16.6384	7.80443	0.171388	7
1203	15.0023	15.0815	-0.0359897	7
1212	16.4219	5.46658	0.0769977	7
1221	15.0448	1.31404	0.454264	7
1226	15.6801	16.1647	-0.414029	7
1234	15.4429	0.979798	-0.129126	7
1236	17.2298	20.4069	0.23855	7
1243	17.3848	1.35867	-0.110655	7
1245	15.6929	22.8422	0.0842549	7
1247	16.8811	2.10623	0.136383	7
1257	16.9804	5.44631	-0.203911	7
1264	15.5961	19.1745	-0.167154	7
1279	17.1531	6.41037	1.1169	7
1284	15.7915	16.721	-0.770137	7
1286	16.113	15.5506	-0.864902	7
1300	16.1942	18.0082	-0.65232	7
1306	16.4813	2.30405	0.695931	7
1309	15.6831	23.0402	-0.000768056	7
1310	15.1674	5.29813	-0.0315061	7
1315	15.7782	12.3176	-0.0556772	7
1323	15.4666	14.1447	0.50094	7
1336	17.1312	15.1094	-0.531571	7
1345	15.4116	6.65388	0.218186	7
1399	17.128	17.567	0.76049	7
1400	16.7845	5.01676	0.29443	7
1406	16.1542	13.6041	-0.170459	7
1410	17.2505	17.1232	0.402095	7
1415	15.6578	21.2393	0.373838	7
1431	16.2466	10.2384	0.107652	7
1469	16.0051	3.44098	0.205653	7
1473	16.7821	16.004	0.174199	7
1476	17.1793	13.303	-0.313335	7
1499	16.7154	4.52318	0.667334	7
1506	15.0106	20.3481	0.000501043	7
1508	16.901	17.9801	-0.345277	7
1509	16.7952	15.4574	-0.691937	7
1511	16.9559	5.70489	0.401788	7
1528	15.1706	11.9235	0.314116	7
1529	15.584	14.7654	-1.47725	7
1531	16.903	2.81493	0.312066	7
1533	17.2369	14.1301	-0.502731	7
1534	15.8707	13.2938	0.71762	7
1535	16.4249	11.9342	0.557912	7
1549	16.8561	19.9069	0.0105009	7
1560	15.199	8.12682	-0.481787	7
1566	16.9715	5.81148	-0.22622	7
1571	17.4861	24.5387	0.0955841	7
1587	16.1685	0.329022	-0.34978	7
1611	17.132	23.3489	0.577436	7
1613	15.6094	20.0238	0.062853	7
1618	15.0429	14.7028	0.194325	7
1692	16.8741	14.9638	-0.862923	7
1697	16.4575	10.3148	-0.0560833	7
1699	15.4022	2.73952	-0.080276	7
1722	17.4589	4.51428	0.805418	7
1728	15.5972	17.9866	-0.285568	7
1763	17.347	16.9599	0.105824	7
1767	17.1669	9.46962	0.371358	7
1783	16.9533	15.7035	-0.864737	7
1784	16.6026	14.9162	-0.711502	7
1787	15.9034	1.88832	0.261575	7
1791	16.2566	11.3889	-0.103962	7
1827	17.435	3.28461	0.044646	7
1842	15.8631	22.6789	0.680378	7
1846	15.9504	3.74371	0.0448281	7
1851	16.5312	8.57195	0.227967	7
1864	15.1563	17.1024	0.257283	7
1865	16.2019	15.2759	0.124608	7
1867	17.3252	0.232009	0.213298	7
1872	16.6682	14.585	0.468436	7
1894	15.7265	0.357326	0.340419	7
1909	17.2156	4.18715	0.106576	7
1914	17.3691	21.7521	-0.0241734	7
1920	15.8484	5.55597	0.0257515	7
1955	16.4734	1.41079	-0.498228	7
1958	16.4618	2.275	-0.2548	7
1985	17.4463	12.081	-0.533096	7
2010	15.6911	3.1735	0.935714	7
2021	17.153	16.6074	-0.0860502	7
2023	17.3147	16.4741	-0.0543969	7
2030	17.4205	21.5706	0.358537	7
2031	17.0884	1.56047	-0.408103	7
2041	15.528	5.93043	0.288974	7
2046	16.966	5.4661	-0.174667	7
2051	16.6582	21.0658	-0.105604	7
2052	15.0247	12.2132	-0.104074	7
2053	15.5164	5.17917	-0.428346	7
2054	15.4983	18.8324	0.00233918	7
2056	15.9583	1.15144	-0.0560853	7
2062	15.0538	16.5815	0.616539	7
2067	15.4372	2.00344	-0.341417	7
2072	15.9013	7.98149	0.102152	7
2093	16.8667	0.30053	0.246438	7
2125	15.1797	24.6463	0.256008	7
2131	15.3226	16.0539	-0.465136	7
2150	17.4645	6.58784	0.57029	7
2161	16.7797	19.2557	-0.612703	7
2167	16.4444	1.39635	0.0534577	7
2183	17.3617	23.0152	0.337459	7
2189	16.4918	15.3526	0.130935	7
2191	17.0262	21.743	0.307573	7
2192	16.3172	13.6082	0.0305761	7
2199	15.2902	20.6013	0.659649	7
2213	15.7448	19.016	0.098615	7
2224	17.2866	18.1351	0.2114	7
2233	16.731	16.8987	0.188704	7
2236	16.0655	1.34141	0.472624	7
2237	17.0812	5.36543	0.68738	7
2240	17.4302	24.7761	0.14228	7
2242	15.5144	15.363	-0.0422579	7
2243	15.8485	16.393	-0.467591	7
2254	16.9491	12.6022	-0.470688	7
2273	17.1232	14.1706	-0.474906	7
2291	16.2133	18.538	-0.700593	7
2302	15.6019	4.67074	-0.96267	7
2313	16.7184	13.2842	0.130241	7
2314	16.9505	13.1847	0.865552	7
2334	15.495	22.9568	6.79305e-05	7
2339	15.5731	4.65907	-0.495879	7
2341	15.6934	17.2864	-0.669789	7
2353	16.9632	22.9987	0.259679	7
2410	15.9357	18.8556	0.774141	7
2414	15.082	8.3969	-0.0810997	7
2416	17.4052	19.8532	-0.0423462	7
2420	16.4666	7.79417	0.0128966	7
2423	16.8348	6.35508	0.855685	7
2425	17.3905	10.4476	0.171051	7
2426	16.8424	10.8156	0.189839	7
2451	17.1718	18.5285	0.118691	7
2457	17.0477	19.0776	-0.526105	7
2469	15.6595	22.3799	0.333137	7
2490	15.9016	12.4761	0.420959	7
2495	16.4365	8.05873	0.000335572	7
2502	16.4425	7.95739	-0.29794	7
2503	15.3835	8.46991	-0.068288	7
2529	16.9719	21.3203	0.0823976	7
2550	16.0012	11.9749	0.569138	7
2568	15.0086	24.6054	-0.937067	7
2576	16.4763	6.76915	-0.0534258	7
2583	16.486	10.9301	-0.738779	7
2585	17.4046	9.38478	0.226436	7
2594	15.0218	18.9217	0.164239	7
2603	15.7325	4.76163	0.333913	7
2619	16.4878	12.8467	0.236846	7
2623	16.7592	21.0055	1.09211	7
2637	15.6073	24.4183	-0.0187017	7
2650	16.1401	20.8086	-0.396459	7
2672	16.9745	8.48681	0.167871	7
2679	15.6001	17.9193	0.471346	7
2687	15.7971	10.7117	0.400172	7
2708	16.7009	22.9727	0.239376	7
2723	17.1363	22.0324	-0.649134	7
2733	15.1939	6.70238	0.134895	7
2740	16.602	18.1296	-0.198689	7
2745	16.163	21.1321	-0.410498	7
2759	16.6463	16.226	0.0568333	7
2762	17.0386	17.6242	0.338137	7
2769	17.4328	8.42598	0.0154644	7
2785	17.0635	9.54223	-0.950912	7
2791	16.0034	5.37128	-0.0734373	7
2794	15.129	17.8885	-0.114782	7
2800	16.8993	19.5682	0.521191	7
2801	17.1415	3.51339	0.105668	7
2812	16.8519	17.013	0.261413	7
2815	15.1737	13.5122	-0.352169	7
2819	16.7619	4.73253	0.192288	7
2829	16.711	14.8827	0.195485	7
2858	15.0908	6.93055	1.02193	7
2869	15.7248	8.36956	-0.827917	7
2871	15.3404	23.3709	0.110111	7
2873	16.6962	16.8846	0.857111	7
2875	16.7848	4.3133	-0.0803095	7
2882	15.181	21.7129	-0.259173	7
2911	17.2934	19.9792	0.171503	7
2922	15.0126	9.19895	-0.105947	7
2937	17.0231	17.7438	0.138539	7
2944	17.1908	3.44701	0.0630062	7
2955	16.9209	17.484	-0.174662	7
2971	16.9244	13.404	0.0105261	7
2980	16.4522	5.07806	0.168718	7
2984	17.385	18.5586	-0.47193	7
2985	17.0215	18.7613	0.4672	7
2997	15.2781	23.6443	0.345005	7
3002	15.8821	9.83248	0.180179	7
3005	16.6307	8.33622	0.0652339	7
3006	15.9184	17.9351	-0.977012	7
3012	16.6299	22.2905	-0.256075	7
3026	16.341	4.16729	-0.0979236	7
3027	16.9159	3.56648	-0.0371925	7
3031	16.186	0.869236	-0.420578	7
3038	16.0226	12.8656	-0.51652	7
3046	17.4632	23.7389	0.0997085	7
3052	16.6301	21.9444	0.718801	7
3056	15.7669	12.3196	0.626447	7
3074	15.4692	4.42881	0.45467	7
3077	15.1828	18.786	0.308773	7
3079	16.2229	15.8185	-0.50448	7
3087	15.9995	16.3502	-0.888011	7
3112	16.8253	1.08542	1.41823	7
3137	16.0578	19.666	0.299953	7
3158	16.0138	3.59033	0.398797	7
3162	15.2523	11.3716	0.402395	7
3173	17.3462	7.40786	0.210892	7
3219	15.8592	3.82906	-0.126158	7
3225	15.3704	20.2631	0.430273	7
3232	15.6059	13.3559	0.725301	7
3240	15.3093	20.2663	0.356833	7
3254	15.5617	17.8156	0.480389	7
3264	15.3756	0.0627239	-0.261755	7
3265	17.4251	0.210994	0.17673	7
3272	16.5396	0.208693	0.346354	7
3284	16.0412	0.639309	-0.0502086	7
3287	15.6894	11.5143	-0.840821	7
3288	15.7577	4.1869	0.420516	7
3326	16.6225	0.596789	-0.457557	7
3327	16.2118	0.517601	0.273572	7
3328	16.3842	4.88925	0.0813009	7
3332	16.1329	15.0147	0.33704	7
3340	17.2154	21.3384	1.19237	7
3344	15.1519	17.8518	-0.913311	7
3350	16.3455	1.23641	0.427772	7
3352	17.0055	10.5825	-0.176296	7
3378	15.7795	19.6905	-0.0198903	7
3387	15.622	23.6178	0.337391	7
3393	16.775	4.31882	-0.0452734	7
3394	17.3927	3.96504	-0.604597	7
3409	15.1405	6.68849	0.143275	7
3422	17.1062	1.42624	0.213525	7
3442	16.1626	24.916	0.311369	7
3443	16.8556	15.5478	-0.275224	7
3448	17.2986	12.8323	0.666992	7
3449	16.0284	14.8396	-0.110257	7
3450	16.6703	10.6286	-0.938125	7
3455	16.7744	11.7069	0.506249	7
3465	17.0698	3.95322	-0.394517	7
3468	15.8889	7.21859	-0.179917	7
3469	16.3374	14.9031	-0.0597401	7
3481	16.501	18.5507	-0.320763	7
3496	16.6235	4.28274	0.858123	7
3497	16.1147	4.18557	0.470566	7
3522	16.405	22.6914	-0.169714	7
3524	15.296	3.05354	-0.623954	7
3525	15.6042	3.23371	0.250452	7
3528	16.296	14.7288	1.22144	7
3550	16.9177	6.73193	0.933573	7
3568	16.2139	17.0506	-0.845941	7
3571	16.501	15.7494	-0.47662	7
3575	16.2295	16.936	-0.383091	7
3576	15.4094	3.32573	0.107487	7
3587	16.8298	16.6948	-0.0364209	7
3588	16.1911	4.0218	0.572647	7
3608	15.9952	0.338181	0.442582	7
3609	16.1329	0.603615	-0.179269	7
3610	15.9464	1.77796	0.310976	7
3613	15.4587	19.7901	0.144321	7
3614	16.6906	11.0967	-0.542604	7
3616	15.64	16.5383	-0.360302	7
3617	16.3018	16.5713	-0.778738	7
3624	16.4231	3.25486	0.248854	7
3630	16.0787	14.2166	-0.534733	7
3633	15.1266	11.2715	-0.414834	7
3646	15.3863	6.25464	0.24474	7
3660	16.2997	10.4565	0.242004	7
3687	15.1177	5.42294	0.14487	7
3689	17.4874	19.9162	-0.285278	7
3691	16.3179	3.92232	0.365223	7
3693	16.2696	12.187	-0.0980546	7
3695	15.717	24.346	-0.85649	7
3698	17.3044	18.275	-0.281553	7
3701	16.4903	20.9455	-0.0744281	7
3711	15.3066	8.15628	0.134628	7
3721	16.9797	7.2788	0.324365	7
3729	15.9049	12.1314	0.229847	7
3735	15.4171	4.28044	0.250178	7
3736	15.9043	18.9214	0.0357366	7
3747	17.1154	4.29829	-0.186059	7
3752	17.3927	1.39993	0.387133	7
3756	16.3413	22.7079	-0.453556	7
3760	16.4347	15.4916	0.746665	7
3771	15.214	19.53	0.327566	7
3774	15.4273	8.07949	0.374535	7
3781	15.1469	14.0332	0.154074	7
3798	17.2996	16.734	0.219222	7
3807	17.2426	24.7252	0.153102	7
3808	15.7593	20.3691	0.461507	7
3867	16.8554	5.19563	-0.130866	7
3868	16.6385	4.98424	0.341919	7
3875	15.6561	21.4324	0.37171	7
3881	15.4633	19.616	-0.767446	7
3883	15.4894	24.6452	0.0523021	7
3897	15.2519	8.563	0.167862	7
3915	15.3974	3.91097	0.618257	7
3927	17.1361	13.4276	-0.408062	7
3932	17.4944	10.7785	0.0864278	7
3958	16.4911	10.689	0.147578	7
3967	15.9732	7.53455	-0.969889	7
3974	16.6866	5.30816	0.0937377	7
3975	16.7793	21.7782	0.75998	7
4011	15.8039	16.4228	-0.906435	7
4014	16.6064	13.7157	0.622008	7
4034	16.3551	2.47549	-0.730783	7
4038	17.3916	20.4519	0.376851	7
4071	15.8883	3.96663	-0.374815	7
3	18.4358	18.136	0.474596	8
20	19.8578	13.4885	-0.104594	8
21	19.0706	22.8155	0.533233	8
27	18.319	23.2386	-0.241278	8
37	19.7597	8.29679	-0.103052	8
54	17.6708	10.6139	-0.163057	8
56	19.4679	9.51571	0.355925	8
57	19.5606	12.3142	-0.446117	8
67	18.037	2.65718	0.194961	8
72	18.4617	15.4056	-0.139615	8
86	18.9201	10.5694	0.524329	8
94	19.1801	12.2219	0.201841	8
132	19.9832	16.2475	-0.679098	8
151	18.7562	14.3099	-0.640255	8
161	19.0135	12.0769	0.06137	8
165	19.4613	6.59077	-0.115738	8
173	18.1335	5.24222	0.142587	8
192	17.5145	11.634	0.294328	8
201	18.8181	12.8805	0.323708	8
202	18.5459	23.8406	-0.0307102	8
209	19.8569	1.13548	-0.150147	8
215	18.108	18.6041	0.711541	8
218	17.9236	19.5217	-0.103775	8
230	19.3556	11.9925	0.30047	8
242	18.9748	8.05884	-0.0863604	8
247	19.4812	0.0305879	0.804389	8
249	18.0245	10.5517	0.188685	8
260	17.9916	19.9294	-0.0434732	8
261	18.0548	16.3383	0.961842	8
274	19.8354	3.49026	-0.160119	8
293	19.5481	1.87839	0.0163513	8
297	19.7538	5.80568	0.660259	8
298	17.7583	15.2249	-0.125248	8
310	19.9748	15.2949	-0.753819	8
317	19.4283	12.1076	-0.669327	8
319	19.5167	10.4156	-0.0293117	8
322	19.2751	20.0816	-0.0192155	8
324	18.6246	17.5786	-0.648896	8
341	19.7722	17.4285	-0.518546	8
365	18.5415	15.975	0.0128904	8
368	19.9038	9.58839	0.33639	8
374	18.5871	23.8196	0.416862	8
382	17.55	13.0941	-0.278361	8
397	18.4538	7.33294	-0.263459	8
402	18.917	5.81115	-0.105365	8
403	19.2715	3.60484	0.329007	8
455	17.6974	21.6117	0.308265	8
456	19.5875	9.92396	-0.0463696	8
467	18.641	0.583418	-0.173533	8
475	19.0665	9.22666	0.23233	8
479	18.9987	4.96698	0.421315	8
491	18.4387	1.72253	0.425858	8
496	18.3983	7.50382	0.210691	8
506	19.3771	3.31417	0.00329832	8
509	19.5015	8.16011	0.0451308	8
523	19.1595	7.98853	0.0967115	8
544	18.4177	2.71234	0.0879736	8
559	18.6234	9.82472	-0.217342	8
564	19.027	12.4802	0.214144	8
579	17.6508	1.8539	-0.0350106	8
591	19.1384	7.0895	0.029382	8
617	17.8144	22.825	0.236136	8
625	18.4435	23.5054	-0.544734	8
659	19.9191	5.77907	0.388823	8
675	19.122	5.48543	-0.5763	8
676	19.8568	8.15774	-0.41761	8
711	18.2861	17.7185	0.529111	8
719	18.0661	1.88904	0.461756	8
738	19.5452	21.7233	-0.438322	8
740	18.8736	8.39035	-0.293158	8
742	19.221	24.4209	0.272605	8
749	18.3286	4.03146	0.137641	8
756	17.9519	7.85294	0.277091	8
759	18.1218	12.875	-0.174024	8
787	18.6011	13.1868	-0.527231	8
788	18.8892	15.1364	0.29881	8
804	18.7921	16.7929	-0.197487	8
810	19.5955	9.80984	-0.375843	8
824	19.06	8.37375	-0.692351	8
827	17.9475	7.0606	-0.299563	8
830	17.5343	15.2866	-0.324066	8
841	19.2324	8.97843	0.328237	8
853	19.9522	8.266	0.0708706	8
859	17.6691	8.71974	-0.294645	8
875	18.7983	16.5707	-0.386738	8
879	18.397	21.7865	-0.395193	8
899	18.1037	23.434	-0.0357104	8
931	18.6664	9.44634	0.106759	8
951	17.6008	5.94166	0.19874	8
953	18.9611	1.22547	-0.353038	8
960	17.963	12.7683	-0.280522	8
963	17.8526	3.82136	-0.0488498	8
968	18.2	15.6814	-0.0474413	8
977	19.0456	1.77256	-0.496437	8
980	19.5969	15.0897	-0.550359	8
995	17.8686	18.9273	-0.383313	8
1015	19.1488	16.0044	-0.177219	8
1036	19.567	2.06092	-0.507368	8
1043	19.6817	2.57376	-0.466869	8
1057	17.8135	16.8646	-0.274301	8
1059	17.7603	0.665062	0.53835	8
1094	18.8103	16.1436	0.371374	8
1108	18.6137	12.8264	0.0420226	8
1130	19.0072	4.39414	0.0107832	8
1133	19.047	17.3393	0.11129	8
1152	19.4948	19.8407	-0.155518	8
1154	19.7881	22.1937	-0.163544	8
1155	19.47	0.40733	-0.0524793	8
1157	19.4335	9.10277	-0.276615	8
1160	17.6564	9.75794	0.00842497	8
1161	19.6051	18.699	-0.37875	8
1194	18.256	20.5523	0.34368	8
1205	19.3909	0.952316	0.260984	8
1209	18.4826	6.10846	-0.0381114	8
1219	17.8232	9.70773	0.632396	8
1268	18.7903	13.7354	0.181867	8
1271	18.0067	8.33002	-0.517954	8
1273	18.6843	12.3686	0.311703	8
1281	18.7123	22.0319	-0.430355	8
1288	18.8704	22.0185	0.246359	8
1292	19.1783	13.9181	1.00659	8
1295	18.1916	23.6216	-0.247846	8
1297	17.7366	5.7293	0.278691	8
1298	18.7061	23.8774	0.0965563	8
1301	18.1784	19.5113	-0.228679	8
1335	18.1633	13.4292	0.175445	8
1340	19.104	1.42275	0.460027	8
1341	18.5964	2.35971	-0.0478704	8
1376	18.6023	19.9425	0.190085	8
1386	18.9888	21.9272	0.483463	8
1390	19.2327	5.22592	-0.418489	8
1438	19.8313	5.77727	0.0595172	8
1460	19.9282	17.5072	0.319801	8
1485	19.5441	0.094373	-0.379407	8
1489	18.38	10.3374	0.0262088	8
1507	19.3892	3.92252	0.162443	8
1510	19.8215	5.75066	0.0781378	8
1519	18.3358	7.34373	0.324512	8
1542	18.0259	21.2672	0.411409	8
1547	17.7362	15.3434	0.515105	8
1553	19.6462	15.8567	-1.20634	8
1590	18.8764	18.2571	-0.186634	8
1597	19.3026	12.3146	-0.0257559	8
1599	18.8888	6.10228	0.413648	8
1621	17.9135	17.8046	-0.213762	8
1622	17.8296	19.6738	-0.136988	8
1637	18.5441	10.7025	0.928981	8
1700	17.854	8.70752	0.288331	8
1714	19.0741	3.56858	0.0105318	8
1724	18.4163	20.6652	-0.216764	8
1733	18.4354	3.82764	0.225672	8
1739	18.6785	19.0645	0.129739	8
1751	18.192	0.906846	0.194106	8
1758	18.1976	6.94219	-0.156921	8
1772	19.5736	11.4501	-0.194873	8
1777	19.2378	21.0328	-0.06836	8
1803	19.1389	13.6909	-0.414738	8
1807	18.0384	16.0492	0.0436144	8
1817	17.5241	4.75315	0.143072	8
1838	19.8082	5.71455	-0.06057	8
1854	18.5903	17.6918	0.0317531	8
1855	19.4453	21.7749	-0.165989	8
1856	19.1619	13.5967	-0.341149	8
1868	17.6924	7.37573	-0.0372935	8
1876	19.0074	0.309518	-0.183538	8
1877	18.8193	10.0473	-0.205398	8
1898	19.0402	0.647475	-0.15809	8
1899	18.8125	14.6747	-0.918389	8
1901	18.8945	0.577599	-0.266357	8
1903	19.0418	1.33797	0.147353	8
1907	18.5739	5.0958	0.0659618	8
1908	18.1087	10.5303	0.422881	8
1915	17.88	0.0505141	0.269995	8
1931	17.7518	11.8952	0.274642	8
1932	18.7837	7.36628	-0.139122	8
1937	18.6291	20.5287	-0.180071	8
1940	19.746	0.25378	-0.33897	8
1949	17.9868	8.12745	-0.0324565	8
1980	17.7287	24.2932	0.183158	8
2011	18.2467	18.555	0.275265	8
2016	18.1593	11.012	-0.0211623	8
2017	19.2493	7.72835	-0.670707	8
2045	18.1118	3.81248	0.123874	8
2077	17.6384	5.92253	-0.207661	8
2079	19.8627	21.7879	0.787623	8
2097	17.7036	4.87887	0.435632	8
2110	19.7828	12.8491	0.330746	8
2115	19.0341	19.0013	-0.565885	8
2116	19.2083	20.1309	-0.488696	8
2126	19.1891	14.6774	-0.721322	8
2132	18.7073	9.30022	0.0506362	8
2133	17.8784	8.54817	0.741668	8
2204	19.1127	9.92317	0.574578	8
2205	19.4719	15.6129	-0.0226071	8
2217	19.1464	4.40262	-0.350489	8
2218	17.6228	3.96018	-0.195667	8
2234	19.6022	18.6966	-0.500661	8
2238	19.2361	6.47699	0.125092	8
2251	19.9533	3.23188	0.263393	8
2262	18.219	20.1986	0.254977	8
2277	18.1309	14.7676	-0.0943994	8
2281	18.2206	4.286	0.36959	8
2282	18.6154	4.2257	0.443268	8
2283	19.8459	15.5645	-0.247755	8
2295	19.1485	4.97337	-0.00607523	8
2300	18.6414	11.5838	-0.194899	8
2306	17.829	1.57594	-0.51561	8
2312	18.2416	13.3508	0.613901	8
2320	17.841	21.0252	-0.0403814	8
2323	18.8477	12.8318	-0.651768	8
2348	18.9046	7.02147	0.141267	8
2406	17.58	1.29065	0.230637	8
2424	19.0052	10.9626	0.226101	8
2438	19.3706	22.5299	-0.289234	8
2448	18.4273	18.3298	0.499553	8
2466	19.7636	8.09564	-0.45322	8
2473	18.5559	17.5328	-0.263871	8
2474	19.3906	21.0135	-0.360312	8
2491	19.8237	1.30874	-0.559654	8
2493	19.8618	0.927191	0.217465	8
2494	18.9005	10.4536	-0.619959	8
2513	19.4644	19.0143	-0.103481	8
2520	18.3965	9.1661	0.11122	8
2524	18.5054	1.43461	0.0785027	8
2539	19.8531	12.0391	0.245909	8
2565	19.3552	21.653	0.277687	8
2569	18.3145	23.1076	-0.962713	8
2570	18.6344	23.7945	-0.481341	8
2577	18.1495	12.0376	0.419833	8
2579	18.5452	9.90103	-0.40777	8
2587	19.118	11.5595	-0.14276	8
2601	18.8538	13.6005	-0.256698	8
2602	19.3594	5.98635	-0.0712751	8
2604	18.0826	5.71845	0.520549	8
2608	17.9623	5.4699	0.0667355	8
2621	19.8807	22.0665	-0.612177	8
2639	19.3437	14.6106	-0.201302	8
2649	17.8008	24.5032	-0.501494	8
2654	19.453	6.32422	0.728012	8
2658	17.9654	21.1656	0.335312	8
2659	18.0244	21.391	0.271024	8
2664	17.8619	18.3142	-0.0239602	8
2665	19.7039	16.6617	-0.152558	8
2669	18.8844	11.2818	-0.441157	8
2680	19.3087	17.5562	-0.2489	8
2689	17.503	14.7495	-0.709739	8
2690	17.5029	14.5708	-0.606774	8
2698	19.1404	4.01229	-0.0482979	8
2711	17.7749	13.0476	0.0971019	8
2712	19.0305	21.2174	-0.745543	8
2713	18.8093	22.3193	0.383019	8
2729	19.9867	20.6209	-0.258135	8
2734	19.0744	18.4698	0.0431165	8
2749	19.4109	18.5994	-0.531783	8
2755	19.8419	4.37144	-0.0127892	8
2756	19.451	5.04739	-0.0397248	8
2778	19.7304	12.0997	-0.0556747	8
2796	18.6332	20.0615	0.052206	8
2797	17.6872	2.47049	-0.189399	8
2810	17.9521	21.9714	0.231705	8
2811	17.8513	15.0361	-0.366983	8
2821	19.5146	0.700082	-0.045041	8
2822	19.4029	23.2267	-1.03718	8
2823	17.8891	5.6509	-0.11434	8
2867	17.6594	18.6938	0.266768	8
2886	19.4547	9.03342	-0.0851766	8
2893	18.0478	0.597158	0.259565	8
2896	18.6401	13.7015	0.139924	8
2909	19.4967	19.3083	-0.536165	8
2917	17.8376	19.7718	-0.513137	8
2934	19.3697	6.60844	-0.409957	8
2940	18.3581	7.5727	-0.53547	8
2948	19.5623	21.9052	-0.226616	8
2949	18.3887	20.9153	-0.629454	8
2961	19.67	4.39179	0.322411	8
2966	19.969	18.3471	-0.0623739	8
2996	19.6674	3.32408	0.205054	8
3010	18.0638	0.554316	0.437688	8
3014	19.9092	6.50997	-0.460522	8
3025	18.5907	14.9261	0.364686	8
3028	17.6566	21.3329	-0.0517309	8
3029	18.3697	18.1208	0.0020034	8
3035	17.9739	20.857	-0.192676	8
3069	18.1913	12.2673	0.00154741	8
3076	18.702	4.96497	-0.553724	8
3080	19.3297	12.9036	0.204427	8
3086	19.8145	2.34188	-0.0891948	8
3088	18.301	22.4468	-0.10419	8
3090	17.8667	11.4452	-0.0726668	8
3091	17.5798	10.6709	-0.0997512	8
3094	17.6732	10.9321	-0.514775	8
3095	19.3932	16.8373	-0.885049	8
3096	18.8153	9.21201	0.429666	8
3098	18.1836	9.50673	0.531042	8
3101	19.9237	14.466	-1.09144	8
3104	18.1371	0.752589	0.772958	8
3106	18.7825	9.92341	-0.813667	8
3107	18.0261	9.65048	-0.0479214	8
3142	17.6814	2.9041	0.18664	8
3153	18.0221	15.1843	-0.17939	8
3163	17.7583	1.85886	0.265085	8
3167	18.05	11.5775	1.2848	8
3168	19.1067	24.9788	0.403892	8
3174	17.7816	7.39397	0.580563	8
3175	18.9346	12.1305	0.355435	8
3186	19.3593	15.4537	-0.218607	8
3189	19.3583	5.78	-0.0481506	8
3194	18.5864	5.97875	-0.386322	8
3215	19.1421	3.85682	0.0191092	8
3243	19.0686	2.78494	0.539124	8
3249	19.9511	6.52401	0.0637279	8
3259	18.9961	7.73466	-0.588973	8
3285	18.6634	13.5837	-0.423254	8
3292	18.0843	9.32035	-0.449257	8
3319	18.4336	15.6668	-0.147348	8
3338	19.3884	2.85022	0.264575	8
3343	19.0392	20.5766	-0.263194	8
3348	17.914	24.5713	-0.0091231	8
3361	18.4649	4.47613	-0.246991	8
3362	19.4636	15.4305	-0.870252	8
3371	17.6052	14.7148	-0.611097	8
3372	19.8439	17.0257	0.27863	8
3392	17.8808	22.4984	0.0488466	8
3395	18.6983	2.92594	0.3634	8
3417	18.9225	2.52045	0.53044	8
3423	18.0697	4.33412	0.450941	8
3435	19.4921	23.0631	-0.635719	8
3436	19.6932	0.897154	-0.832842	8
3437	18.7947	4.43546	0.212174	8
3445	18.2069	1.50203	-0.525323	8
3451	18.3415	14.3433	-0.113746	8
3457	19.8745	14.2243	-0.510297	8
3458	17.5085	18.8991	0.0164914	8
3508	18.1911	14.9493	0.113427	8
3509	17.8352	15.2165	-0.86775	8
3515	18.5142	11.5989	0.0669842	8
3516	19.4901	12.6772	-0.453127	8
3534	19.5388	20.959	1.07031	8
3535	18.9724	2.24628	0.0691494	8
3543	19.2709	15.2125	0.225993	8
3553	18.7021	20.3587	-0.193885	8
3579	17.748	21.34	0.821181	8
3591	17.5418	5.61113	0.171245	8
3602	19.2601	8.12064	-0.250612	8
3604	18.6548	14.5261	-0.708114	8
3607	19.0213	18.8159	0.0889476	8
3622	18.3636	4.05172	0.325929	8
3623	18.0271	3.69256	0.0242702	8
3635	19.3937	14.0484	-0.261157	8
3636	19.4595	14.1527	-0.121705	8
3637	18.4566	9.10876	-0.551743	8
3651	19.796	12.1587	0.352922	8
3656	19.7244	2.87338	0.384739	8
3671	19.7453	22.7888	0.131627	8
3680	18.9569	4.78974	0.459635	8
3683	17.8417	8.99816	-0.237015	8
3684	18.0517	9.33985	-0.492857	8
3699	18.2544	11.4351	-0.103866	8
3700	18.2866	5.80514	0.0169726	8
3720	19.9806	1.84378	-0.340927	8
3724	18.6635	18.33	-0.764307	8
3726	17.7924	8.12462	-0.16245	8
3741	18.2788	13.4087	-0.00222371	8
3743	18.9274	3.12582	-0.453615	8
3772	18.4824	20.4493	0.354359	8
3778	18.3139	14.7632	-0.475327	8
3780	18.8868	9.14734	-0.244482	8
3785	19.7043	3.24906	-0.786538	8
3791	19.7087	24.404	0.0877919	8
3794	17.6201	19.6123	0.2908	8
3803	19.361	22.0493	-0.193918	8
3810	19.5651	3.3729	-0.538474	8
3822	17.6243	21.1387	-0.132454	8
3825	18.5992	7.97761	0.275803	8
3833	18.938	11.4876	-0.320004	8
3847	18.933	16.1828	0.321092	8
3851	18.5373	16.2061	0.372922	8
3876	18.3857	22.1205	0.28781	8
3877	18.7033	23.2434	1.11844	8
3878	17.7886	8.27405	0.29211	8
3900	17.5591	23.1086	-0.0445453	8
3901	18.6314	11.7434	0.166112	8
3913	17.9645	17.2318	0.036029	8
3924	17.5632	4.74385	0.241431	8
3928	18.0635	17.392	0.148234	8
3933	17.9432	10.5564	0.53995	8
3935	19.2123	15.3084	-0.513976	8
3937	18.0465	19.8466	0.497372	8
3959	17.6581	13.1101	0.523782	8
3965	19.7243	16.6267	-0.622423	8
3966	18.1477	5.46612	0.25884	8
3981	19.9235	1.53794	0.0387823	8
3992	19.2239	4.53375	-0.119715	8
3995	18.0488	2.99855	-0.191233	8
4016	18.7506	22.0355	0.0820146	8
4017	18.6937	22.3176	0.416228	8
4026	17.7022	24.9057	-0.0630858	8
4033	18.9459	3.28698	-0.471022	8
19	20.3955	9.18593	-0.202339	9
23	21.2087	15.2936	-0.46477	9
29	20.0543	14.3188	-0.175648	9
30	20.0075	4.80504	-0.14701	9
38	21.3411	19.6525	-0.622271	9
40	21.1743	24.7051	-0.273727	9
49	20.59	23.876	0.321134	9
82	20.9214	2.65545	0.223336	9
87	20.1638	22.6821	-0.483164	9
88	20.2251	10.999	0.573471	9
114	21.6916	15.5608	0.470429	9
116	20.0155	3.45934	-0.5656	9
119	21.9715	21.2171	0.50442	9
125	22.1851	11.332	0.492929	9
137	22.366	19.0987	-0.0582031	9
152	22.2271	5.38121	0.20505	9
163	20.3289	8.23283	-0.474928	9
179	22.4388	12.2442	-0.455871	9
204	20.0371	16.571	0.350747	9
207	22.4337	24.6774	-0.22201	9
245	20.8127	0.546715	0.2899	9
255	21.2083	17.2087	0.357358	9
258	21.4356	17.585	0.025938	9
264	21.5243	19.3657	0.0047576	9
265	21.6825	23.4457	-0.264675	9
270	22.4435	3.91625	-0.256527	9
278	20.4871	7.33688	-0.442896	9
280	22.3816	23.3785	0.338243	9
289	22.2127	3.85311	-0.412992	9
292	21.5687	13.5192	0.226004	9
307	21.0334	23.9504	-0.531209	9
308	20.9054	19.1269	-0.301112	9
315	21.3371	7.80152	-0.427188	9
321	21.5332	8.77026	-0.454389	9
331	21.2303	1.00743	-0.364221	9
344	20.0626	4.6982	-0.411784	9
352	20.6616	5.38368	0.13167	9
389	22.3929	23.9638	-0.412586	9
398	22.1306	1.90911	0.0416459	9
410	20.2397	7.07899	0.229589	9
453	20.7207	18.36	0.0262175	9
457	21.6659	16.7138	0.114084	9
458	21.5897	11.6186	-0.578132	9
468	21.7171	1.91291	0.831765	9
478	20.2594	7.64919	0.319283	9
480	20.1711	12.6315	1.08453	9
489	20.1625	24.6863	-0.989184	9
494	22.0412	8.48073	-0.344682	9
501	21.2162	16.3518	-0.29199	9
512	20.2247	22.9557	-0.0466852	9
520	21.1385	15.0713	0.136246	9
521	20.2419	14.0336	0.632595	9
524	20.4451	20.8224	-0.451279	9
536	20.6152	16.2645	-0.37125	9
556	21.3178	22.0794	0.628644	9
562	21.7257	18.7001	-0.0841082	9
563	21.1769	17.2939	-0.0322044	9
578	20.3597	14.3419	-0.0653876	9
583	21.0928	19.2025	-0.23287	9
609	21.5669	22.4539	0.368994	9
610	22.3742	23.8813	-0.219558	9
613	20.0912	2.66808	-0.413598	9
626	21.325	15.2015	0.268682	9
633	20.4194	24.7802	-0.193673	9
634	20.0373	15.8398	0.0782517	9
655	21.8003	3.7749	-0.355315	9
656	20.8496	3.53448	0.183822	9
660	20.1878	6.34368	-0.154422	9
669	22.4845	20.181	-0.0347792	9
670	20.8737	2.46139	-0.5271	9
680	20.9599	13.0882	-0.154448	9
684	20.2518	9.95518	-0.365922	9
692	22.1088	15.1368	-0.319432	9
693	20.5869	13.5253	0.238507	9
708	21.3544	20.7897	0.167562	9
710	21.4622	5.03279	-0.606479	9
723	22.0981	4.78862	0.119938	9
732	21.9349	22.2291	0.357054	9
739	21.0724	11.4519	-1.0844	9
743	21.827	2.09383	-0.145865	9
744	20.3395	13.873	-0.154217	9
746	20.1522	19.5801	0.215096	9
747	21.0652	2.24878	0.528612	9
762	20.9058	10.1256	-0.306093	9
766	20.785	18.1707	-0.316428	9
770	22.1102	15.3185	-0.0533437	9
778	21.0121	12.5975	-0.413786	9
783	22.2289	5.23263	0.0697966	9
793	22.0356	24.7826	-0.208141	9
802	20.2199	0.704093	-0.38147	9
817	21.7631	20.5951	0.517721	9
820	20.172	24.2608	-0.674887	9
822	20.3142	20.0389	0.803036	9
823	21.814	20.9173	-0.0839133	9
832	20.6382	17.5083	-0.785608	9
844	22.1988	8.70667	0.373421	9
850	21.1719	10.7175	0.00560645	9
852	21.9997	2.74424	0.123716	9
865	21.4478	1.71693	-0.230202	9
880	21.865	2.33758	-0.283507	9
881	21.4778	24.0289	-0.625732	9
885	21.2696	8.05611	0.641467	9
897	20.5631	18.1317	0.408918	9
902	21.7366	22.4461	0.0847249	9
925	21.9323	10.9977	0.353596	9
938	22.4512	2.33593	-0.112574	9
943	20.5874	12.5433	0.171908	9
944	20.8545	20.5051	0.266566	9
948	21.1339	15.3717	-0.518241	9
950	20.2542	21.414	0.255468	9
957	20.8176	7.01549	0.157161	9
962	21.2711	3.59467	0.778323	9
988	20.4076	9.36461	-0.454391	9
1001	21.5578	14.6938	-0.175031	9
1025	20.1913	1.67085	-0.132527	9
1027	20.4407	12.6692	0.0618905	9
1029	20.1657	0.135898	0.23797	9
1038	21.06	9.40055	0.12824	9
1041	21.4953	24.8454	-0.173399	9
1053	22.3812	21.8704	-0.0999483	9
1061	21.7756	15.0955	-0.0447322	9
1109	21.0803	21.7351	0.493374	9
1110	21.4651	11.5247	-0.345331	9
1113	21.3614	21.997	-0.420136	9
1126	22.249	12.2574	0.49143	9
1128	21.3725	6.32157	0.212391	9
1147	21.5802	10.0449	0.438749	9
1162	20.5598	11.9603	0.439151	9
1175	20.6414	5.82687	0.00966841	9
1182	22.2735	14.735	0.142268	9
1186	22.1498	6.81055	-0.273931	9
1187	22.1731	7.79593	0.341196	9
1199	20.5232	4.20214	-0.305681	9
1201	20.3084	2.24113	-0.0640211	9
1206	21.0813	22.3646	0.801983	9
1207	20.7434	19.9672	-0.0967619	9
1208	20.0193	19.2614	0.0421196	9
1213	21.3428	20.2263	-0.172119	9
1224	20.7481	13.216	-0.403166	9
1227	22.0383	18.504	0.508152	9
1231	21.0942	9.95953	0.180354	9
1241	20.2828	15.7338	-0.678198	9
1260	20.2762	14.482	-0.247456	9
1263	21.2297	18.0855	-0.19634	9
1275	20.5849	10.6492	0.435488	9
1285	20.9362	18.2666	-0.467556	9
1303	21.4894	22.1491	-0.908903	9
1308	20.5101	22.7634	-0.501493	9
1318	21.4768	23.0189	-0.0152773	9
1337	20.5158	24.9708	-0.420102	9
1354	21.9315	16.9011	0.757306	9
1372	20.4088	14.4158	-0.457676	9
1380	22.1133	2.34904	-0.637948	9
1382	21.9681	14.2056	0.342917	9
1385	21.4083	16.1609	0.256421	9
1389	22.331	19.3212	0.187197	9
1395	22.4877	1.2054	-0.134909	9
1401	21.6309	15.3179	0.233476	9
1403	20.6228	0.331304	0.406454	9
1439	21.0425	6.72297	0.113479	9
1456	21.63	8.10615	-0.1517	9
1463	22.4042	6.47434	0.155346	9
1482	20.4959	10.4293	0.357088	9
1487	20.9602	11.1649	-0.186202	9
1497	22.3147	11.0723	0.139047	9
1543	22.471	16.7405	-0.0380196	9
1548	20.2942	13.5147	0.0845057	9
1551	21.9437	15.6342	-0.153924	9
1580	21.5371	0.00157832	-0.478638	9
1582	20.3792	22.9663	0.419874	9
1583	21.6077	1.76882	0.422738	9
1617	20.827	0.990562	-0.0252303	9
1627	21.4646	3.38546	-0.194866	9
1633	22.318	16.4926	0.251407	9
1640	22.0086	8.99079	0.105459	9
1649	21.0841	20.4868	0.55431	9
1651	20.6936	17.7469	-0.0966858	9
1666	21.3254	14.4899	-0.807977	9
1668	21.5993	3.29694	-0.206553	9
1669	20.8664	6.08655	-0.339338	9
1681	21.8278	18.1895	-0.827998	9
1682	22.2354	19.2435	-0.253578	9
1684	20.9153	14.5662	-0.667729	9
1694	20.6567	24.2323	-0.155325	9
1696	21.9024	19.9349	-0.840347	9
1712	21.6707	20.1812	-0.00491503	9
1725	20.4064	19.0721	0.0729455	9
1729	20.8973	2.53163	0.0849791	9
1731	20.3951	15.372	-0.549017	9
1732	21.3418	13.7701	0.19327	9
1736	21.7698	14.5567	-0.0938018	9
1738	20.6342	18.02	-0.743712	9
1742	20.1762	7.62845	-0.0854754	9
1748	21.0921	23.3819	0.123676	9
1771	20.228	20.3015	-0.5289	9
1796	21.3534	7.31093	-0.817617	9
1797	22.0128	23.3277	-0.18816	9
1798	20.5345	24.32	0.0375794	9
1810	21.1286	5.72559	0.18914	9
1811	20.7485	16.5875	-0.0795696	9
1818	22.3455	8.32517	-0.365448	9
1821	21.1145	23.1111	-0.041912	9
1822	21.1701	23.7742	-0.82022	9
1829	22.4549	2.78837	0.295039	9
1835	21.3469	0.630728	-0.0491135	9
1837	20.5973	21.3652	-0.280155	9
1849	20.1202	18.7569	0.495441	9
1875	22.1564	11.5877	-0.806323	9
1881	21.6307	16.8299	0.288689	9
1889	21.5857	9.64717	0.102055	9
1921	21.5164	24.6146	-0.369154	9
1928	21.569	4.5668	-0.116985	9
1929	22.4671	3.39672	-0.414599	9
1933	22.2516	5.28741	0.444234	9
1942	20.3448	4.32107	-0.357164	9
1961	20.6182	22.0665	-0.145649	9
1962	20.0852	11.6535	0.252871	9
1986	21.5909	12.6102	-0.285825	9
1998	20.0372	19.1728	-0.401673	9
2014	20.071	24.8225	0.152723	9
2015	20.4874	9.52474	-0.295517	9
2032	20.5725	22.8869	-0.542118	9
2050	20.5086	16.6738	0.25846	9
2057	21.7576	6.25448	-0.352984	9
2068	20.9482	23.137	0.041969	9
2070	20.9551	20.9673	0.403768	9
2105	20.4162	18.1808	-0.0165422	9
2108	22.1175	14.2047	0.648932	9
2118	20.4102	1.83512	-0.163597	9
2127	20.3569	15.2974	-0.355607	9
2143	20.019	20.4908	-0.260105	9
2145	21.7896	7.52772	0.664512	9
2176	21.6304	2.65586	0.405534	9
2185	20.5549	2.36565	-0.0300848	9
2202	21.7416	11.1861	0.180411	9
2203	21.3122	10.8044	-0.240853	9
2247	21.844	19.0559	-0.653775	9
2252	20.3364	15.8918	0.281656	9
2257	21.5749	24.6599	-0.675848	9
2259	20.2763	16.3993	0.541552	9
2260	20.7808	15.8788	0.12103	9
2263	20.8218	9.10037	0.703586	9
2265	20.9621	18.9923	-0.97367	9
2288	22.4053	2.01415	-0.201697	9
2289	21.1908	17.0431	0.527765	9
2297	21.7054	7.76662	0.236463	9
2307	22.246	22.001	-0.467091	9
2308	20.9127	21.6654	-0.330745	9
2322	22.4916	20.5265	-0.688173	9
2327	20.1204	2.12916	0.0322125	9
2349	20.5905	1.59867	0.207819	9
2352	21.4363	1.52446	-0.0679104	9
2359	20.5586	22.6189	0.493516	9
2371	20.7594	24.5907	-0.679271	9
2382	22.0862	20.2533	-0.566732	9
2383	20.5869	18.9144	-0.285173	9
2386	20.1738	10.5357	-0.0755234	9
2392	21.4081	14.8959	-0.209628	9
2393	22.1939	14.0014	-0.339639	9
2399	22.2416	9.61401	0.368209	9
2428	20.8452	2.48162	0.181901	9
2431	21.1296	13.2231	0.463511	9
2432	21.3309	12.4413	-0.0270347	9
2456	20.0248	20.8166	-0.0800067	9
2477	21.7242	0.5165	-0.204727	9
2479	21.8733	0.605403	0.446239	9
2482	21.1337	5.03037	0.0349079	9
2483	20.448	18.6138	0.575099	9
2484	20.4197	18.114	0.454539	9
2492	20.4396	1.65746	0.431117	9
2499	21.46	5.71227	0.595903	9
2519	21.1822	9.36472	-0.430532	9
2523	21.4935	1.32629	0.354718	9
2543	21.2672	21.1786	0.0731296	9
2546	20.8571	16.4908	-0.182443	9
2558	21.746	18.7333	-0.247808	9
2567	20.9994	23.2172	-0.0146448	9
2605	20.0333	3.7498	-0.833351	9
2624	20.838	20.7817	0.29486	9
2629	20.521	4.92021	0.387227	9
2630	20.1035	2.82454	0.0693539	9
2631	20.4692	22.0429	-0.464308	9
2657	20.9565	21.0699	0.397055	9
2661	21.3152	0.240926	-0.644478	9
2670	22.3617	5.1345	-0.923249	9
2677	20.7931	20.4091	0.223753	9
2700	21.7887	5.77696	0.414132	9
2702	22.292	17.8196	0.0432492	9
2705	22.0318	5.44461	0.124769	9
2731	22.0492	2.8663	-0.166149	9
2732	21.9007	13.6847	0.00264566	9
2735	22.0858	14.4258	0.127431	9
2738	20.5623	8.3582	0.149194	9
2739	20.5578	7.54384	0.182309	9
2747	20.158	9.90916	0.0316007	9
2761	20.1825	12.1873	0.369806	9
2764	22.0365	16.8457	-0.257752	9
2765	21.4335	16.4428	-0.401203	9
2771	20.5215	18.5173	0.219454	9
2772	22.4775	21.9667	-0.635274	9
2775	21.3853	12.4966	0.230105	9
2792	21.1013	3.25575	-0.426502	9
2803	21.1574	14.1044	0.00415114	9
2805	20.2862	7.50396	0.033589	9
2826	20.0572	23.3316	-0.0241859	9
2832	20.7701	5.09637	0.15707	9
2845	20.4489	15.2705	0.107632	9
2846	21.103	15.0864	0.65428	9
2847	21.449	13.1466	-0.39191	9
2848	22.4423	13.4944	0.057442	9
2874	21.7854	7.55161	-0.428703	9
2891	21.2361	23.0366	0.340633	9
2892	21.5045	10.1755	0.950417	9
2895	21.5838	19.8717	0.562246	9
2899	20.3059	0.348166	-0.0169168	9
2900	20.1528	0.356845	-0.298355	9
2914	20.17	3.26371	0.433786	9
2930	20.2248	4.41776	0.251218	9
2931	21.4298	2.73047	-0.905634	9
2943	20.1472	19.6849	-0.119688	9
2952	20.4233	15.599	-0.267756	9
2967	22.2804	0.817806	-0.309101	9
2973	22.481	6.93856	-0.554129	9
2977	21.0763	20.8985	-0.401111	9
2993	20.5772	7.46837	-0.458779	9
3015	21.8904	4.2074	-0.353242	9
3023	21.611	19.7371	-0.269016	9
3047	21.7172	12.6157	0.329833	9
3048	22.4873	18.9037	-0.787136	9
3058	21.838	8.20733	0.450539	9
3059	20.0128	4.65795	-0.0708064	9
3061	20.7235	0.220364	0.907693	9
3084	20.9026	11.5666	0.227769	9
3102	21.1596	18.0689	0.802782	9
3129	21.0578	13.2568	0.185128	9
3130	21.6159	13.985	-0.533743	9
3136	22.2164	14.753	-0.049323	9
3138	21.8491	12.2277	-0.13896	9
3140	21.132	19.3691	-0.0761208	9
3144	20.9196	18.4416	-0.250441	9
3157	21.0835	1.81389	-0.345047	9
3165	21.5757	10.0811	0.333568	9
3170	20.5204	23.4263	-0.346317	9
3172	22.4841	10.6179	-0.531399	9
3188	21.9783	21.3291	-0.147398	9
3196	21.3913	8.46038	0.207407	9
3202	21.9735	8.66267	0.541779	9
3203	21.9903	8.45162	0.0336025	9
3205	20.5365	5.98005	-0.594861	9
3212	21.7797	2.56209	0.140559	9
3213	21.8356	17.6375	0.187212	9
3236	21.4377	3.45905	-0.913835	9
3237	21.8732	8.71309	-0.241703	9
3238	21.5624	8.51277	-0.328137	9
3258	21.3577	20.3878	0.598673	9
3274	21.573	20.7398	0.594543	9
3275	20.565	15.0508	-0.431404	9
3286	21.8201	12.8201	0.23687	9
3299	20.4024	13.4759	-0.0925316	9
3304	20.6085	15.2949	-0.526061	9
3312	21.1846	6.8368	0.119353	9
3315	20.2755	5.18286	-0.121018	9
3317	20.8523	5.22392	0.325789	9
3331	20.0466	14.8131	0.0725986	9
3337	20.497	1.53386	0.0518705	9
3345	20.7882	16.963	0.171871	9
3365	22.0426	11.7146	-0.106626	9
3366	22.2448	15.212	-0.38584	9
3375	20.7523	17.3332	0.645388	9
3377	20.5299	17.8447	0.137309	9
3379	21.6797	13.5361	0.570225	9
3381	22.1403	16.6437	0.157191	9
3408	21.6114	17.8949	0.75131	9
3428	20.054	13.8463	0.00362667	9
3446	21.9761	14.2412	-0.0442982	9
3452	21.4722	14.5597	0.206766	9
3466	21.7554	0.914555	0.567874	9
3473	20.3579	5.45195	-0.305841	9
3484	21.6564	9.81465	-0.230377	9
3490	20.4175	4.97083	-0.477906	9
3495	20.0487	19.3927	-0.299471	9
3541	21.2418	19.1177	-0.416904	9
3546	22.1951	0.728938	0.149096	9
3554	20.2338	17.1479	0.301616	9
3557	21.7956	7.70152	-0.0970538	9
3562	20.5265	0.302006	-0.447426	9
3566	21.7901	21.6096	-0.224897	9
3582	21.8789	20.3783	-0.0674875	9
3584	20.8966	18.9218	-0.0683569	9
3589	20.9953	23.1289	0.392014	9
3600	22.4521	24.2724	0.414871	9
3619	20.3249	9.56251	-0.589701	9
3627	21.2996	15.111	-0.131215	9
3631	21.0394	21.5687	0.736992	9
3641	20.876	8.45957	-0.224402	9
3652	20.1595	12.4776	0.293668	9
3672	20.949	15.2026	0.535875	9
3707	20.2462	16.2488	-0.37453	9
3713	22.2726	1.37213	-0.278601	9
3733	21.5994	17.4098	-0.0517822	9
3749	20.7022	21.5982	0.270804	9
3777	22.4203	6.6228	-0.221774	9
3783	22.2147	18.9522	0.0547273	9
3784	20.523	16.2318	0.0941767	9
3796	21.814	16.12	-0.524824	9
3799	20.3247	18.2769	0.662666	9
3800	21.8705	8.0144	-0.107551	9
3811	22.1987	13.6012	-0.408739	9
3830	21.3725	0.360696	-0.930502	9
3836	22.0417	3.95995	-0.280342	9
3837	21.4391	4.12201	-0.285414	9
3838	21.9375	4.84617	-0.214352	9
3845	21.2433	14.5842	0.0746156	9
3863	20.828	7.94417	0.127005	9
3865	20.003	12.3615	0.412097	9
3879	20.2102	20.4998	-0.0149625	9
3880	20.3403	20.1761	-0.371624	9
3885	20.4747	18.0955	1.07537	9
3891	20.6865	4.83178	0.446964	9
3892	20.5028	4.63303	0.147428	9
3896	20.7006	9.62021	-0.0125595	9
3910	20.2129	24.1575	-0.383458	9
3956	22.3289	14.8793	-0.26832	9
3968	21.7615	21.9985	-0.217638	9
3972	21.785	13.1152	-0.259467	9
3976	20.536	2.49539	-0.734449	9
3985	21.1914	2.04902	0.228356	9
3993	22.238	5.49841	0.31259	9
3994	22.2562	5.56591	-0.226446	9
3999	21.0024	5.91357	0.0868978	9
4000	20.9093	5.47347	0.466859	9
4008	21.6382	18.6795	-0.48137	9
4009	21.7079	4.62885	0.558168	9
4010	21.9772	4.90932	-0.349952	9
4028	21.1584	14.3229	-0.124221	9
4029	21.0549	13.7619	0.124192	9
4031	20.5984	7.91752	0.043173	9
4035	21.335	16.5557	-0.123714	9
4042	21.0469	0.0602941	-0.406059	9
4053	21.8302	7.6723	-0.193443	9
4056	21.2858	17.3564	-0.254538	9
4062	21.9196	11.161	-0.252883	9
4065	20.586	7.5836	-0.60483	9
59	24.931	1.16262	0.331388	10
61	23.084	7.36725	-0.446059	10
73	24.5776	8.53988	0.267171	10
75	24.2733	0.906566	-0.299855	10
79	24.2278	3.97504	-0.199685	10
89	24.9613	22.3126	0.0425159	10
118	22.7717	1.52319	0.23582	10
142	23.6481	3.97228	0.377853	10
145	24.6811	1.38801	0.899933	10
149	24.4842	14.7401	0.101125	10
155	24.0494	16.3147	-0.449108	10
157	24.679	11.2577	0.0443916	10
167	22.8577	3.70902	-0.452397	10
170	24.3792	23.013	-0.494163	10
176	24.1775	1.30845	0.556907	10
180	23.1151	22.3192	-0.456808	10
183	22.6725	21.0542	0.00793272	10
184	24.397	18.1324	-0.718898	10
187	24.7401	11.4042	0.430231	10
189	23.7955	20.157	0.238098	10
199	22.7018	21.7225	0.0212978	10
200	24.9447	24.2282	0.836306	10
206	24.0391	4.32367	0.0379536	10
231	24.5155	21.8581	-0.0946674	10
232	24.0946	9.11976	0.489862	10
238	22.5613	3.6664	-0.359644	10
244	24.1619	0.676298	-0.120012	10
252	22.5356	18.0149	0.139326	10
259	22.7674	3.02437	0.576794	10
262	24.2934	20.772	-0.320909	10
281	24.9185	3.57555	0.24977	10
285	24.085	8.96859	0.251163	10
290	22.505	17.9667	-0.0782206	10
334	22.647	10.0752	0.00301195	10
347	24.89	14.7188	-0.111043	10
358	22.6128	21.0934	-0.166341	10
363	22.9725	11.9886	-0.261851	10
367	23.5863	2.14926	-0.0950711	10
378	23.14	13.0454	0.580372	10
380	23.1473	19.5533	0.397667	10
417	23.8996	12.4343	0.0621053	10
418	24.0403	8.96516	0.306048	10
419	23.2752	8.95955	-0.120991	10
423	23.1241	17.5183	-0.581864	10
432	23.707	10.6679	-0.0303479	10
462	23.912	5.88965	-0.30099	10
476	24.3112	23.7117	-0.151694	10
482	22.9274	10.1658	-0.0449236	10
484	23.729	23.1507	-0.0990058	10
511	23.7888	23.8868	0.379846	10
513	24.4022	7.80563	-0.0664873	10
514	24.1966	2.28781	-0.438402	10
531	23.7239	18.9063	-0.0517997	10
555	23.5874	14.628	-0.0552792	10
557	23.1246	14.892	0.220363	10
568	23.4695	5.25481	-0.470369	10
569	24.3276	7.84255	0.0189653	10
573	24.4899	5.65158	0.0984299	10
587	23.238	1.37517	-0.198973	10
588	24.063	8.94311	-0.504548	10
602	24.8743	20.828	0.0931339	10
614	24.8399	2.63402	-0.132811	10
648	23.2238	0.0840909	-0.325779	10
665	24.1994	14.7035	0.197385	10
666	24.8817	13.1616	0.278508	10
668	24.0487	3.03409	-0.0259408	10
691	22.7841	4.57109	-0.241067	10
713	24.4326	1.06636	0.0629529	10
727	22.603	10.7317	0.181674	10
731	24.0263	16.8621	-0.125276	10
736	24.3061	18.5642	-0.313565	10
741	24.4524	10.0353	-0.11564	10
757	23.6244	7.56875	-0.528952	10
765	24.715	21.7542	0.291374	10
789	24.6018	13.637	0.292666	10
792	24.8444	6.27089	-0.0672326	10
796	24.8446	21.5097	0.314316	10
801	24.8253	18.0202	-0.264033	10
835	22.8925	23.1693	0.185802	10
847	23.6112	20.7562	-0.0544777	10
849	24.4908	2.10579	-0.306845	10
862	23.2531	19.516	-0.266977	10
864	23.5032	0.0932164	-0.0668599	10
871	23.7156	2.10815	0.336623	10
887	23.3441	8.89112	0.916389	10
892	23.4344	2.34089	0.767357	10
898	24.1237	21.8078	-0.497025	10
904	24.3417	5.86623	-0.244531	10
906	24.4167	18.1975	-0.0642044	10
922	23.2924	19.0619	-0.0298512	10
924	24.6791	23.9652	-0.314638	10
954	23.5873	12.2253	-0.413344	10
967	24.024	6.99756	-0.0692194	10
994	22.6981	4.85015	0.257242	10
1008	23.7834	1.60371	-0.153787	10
1012	23.1953	0.150317	-0.351411	10
1021	24.5558	18.8251	-0.29387	10
1032	23.0315	12.4894	0.733276	10
1035	23.0783	24.3464	-0.23696	10
1044	22.8606	24.2677	-0.0752138	10
1051	23.4643	10.7802	0.739632	10
1055	22.5868	8.52745	0.202318	10
1058	22.5462	0.922656	-0.000839883	10
1065	23.4933	6.09478	0.121999	10
1084	23.8366	6.97551	0.34064	10
1099	23.4329	21.6621	-0.0494597	10
1129	24.5166	17.7239	0.399158	10
1135	24.0779	23.6704	0.422816	10
1163	22.7604	17.2189	0.469585	10
1166	24.9021	13.6651	0.0399894	10
1167	23.1513	13.3465	-0.364522	10
1169	22.8132	23.709	-0.0224015	10
1170	24.7739	18.0699	-0.400606	10
1178	23.2522	1.66835	-0.151882	10
1183	24.7282	7.7277	-0.269502	10
1189	23.5091	5.4737	-0.306411	10
1192	24.5297	0.0610585	-0.723093	10
1195	22.6358	9.41841	0.259076	10
1223	24.298	3.38429	-0.22911	10
1255	23.3886	19.3416	-0.706678	10
1261	22.6734	20.211	-0.852777	10
1277	22.7882	12.6884	-0.574001	10
1290	22.9847	10.0714	0.48878	10
1293	23.7293	16.6103	-0.548598	10
1319	23.8471	3.84815	0.461493	10
1325	24.4654	7.27021	-0.146149	10
1339	23.0951	16.2817	0.143667	10
1347	24.2762	6.2093	0.194966	10
1363	24.0688	10.458	1.04272	10
1364	24.2714	20.6391	-0.410674	10
1370	24.9261	11.6907	-0.0594728	10
1378	23.1937	14.0074	-0.0998976	10
1381	24.6928	17.028	-0.330785	10
1414	24.1451	24.6549	0.0915078	10
1435	24.8832	19.7739	0.238221	10
1436	24.7168	14.1544	-0.334554	10
1442	23.4409	3.13668	0.313384	10
1459	23.0374	1.47042	0.167507	10
1462	24.7098	7.4005	0.127875	10
1477	24.8533	8.86227	-0.0684208	10
1481	23.7424	14.0698	-0.784919	10
1492	24.6707	2.08088	-0.00118606	10
1495	23.4483	17.6894	-0.35576	10
1496	22.9682	10.2398	-0.0565288	10
1515	24.031	15.1849	0.487202	10
1522	23.8107	17.6077	-0.226419	10
1550	24.2424	5.72741	0.585931	10
1558	23.9467	7.22864	0.00939503	10
1584	22.8455	13.8422	-0.87651	10
1605	22.7113	22.195	-0.13075	10
1616	23.6922	0.192501	-0.296954	10
1620	22.5948	7.47684	-0.790474	10
1630	23.1403	14.2857	-0.388715	10
1639	22.9635	7.64365	-0.327906	10
1642	24.0105	0.196547	-0.149779	10
1646	24.4193	20.6257	-0.255165	10
1647	23.9944	21.284	-0.135744	10
1653	22.5888	5.42045	0.147773	10
1662	23.1072	15.8912	0.508573	10
1670	23.1441	21.0588	-0.663602	10
1687	22.8744	17.1331	-0.579488	10
1689	22.8499	12.6789	0.300853	10
1691	22.5512	11.1098	0.526902	10
1702	22.986	5.03848	0.100382	10
1703	23.8577	6.07047	0.0433843	10
1709	23.1268	13.4056	-0.107386	10
1713	22.6614	12.3519	0.482825	10
1721	23.1193	14.3761	-0.653799	10
1735	23.2368	11.9904	0.10142	10
1740	23.7361	14.1628	-0.440695	10
1744	24.6583	8.19295	0.28356	10
1747	23.8022	20.4655	-0.202066	10
1749	23.3857	7.32237	0.736475	10
1752	24.4206	12.5258	0.0782518	10
1759	24.7886	14.9774	-0.124552	10
1769	24.1233	4.35289	0.181821	10
1793	24.9906	19.3607	0.434805	10
1802	23.311	11.378	-0.419094	10
1836	23.523	11.1324	0.262036	10
1860	23.8038	8.03587	-0.0113874	10
1862	22.8965	3.2124	-0.32349	10
1869	24.0328	16.7966	-0.202799	10
1871	23.583	12.7947	-0.388329	10
1874	22.6005	23.7744	0.27658	10
1885	24.4605	9.23458	0.196626	10
1892	24.007	16.696	0.395037	10
1910	24.9604	4.33781	-0.115243	10
1918	23.9362	3.46352	0.251442	10
1924	23.9412	8.16252	-0.115976	10
1953	23.6283	21.8678	-0.121397	10
1965	23.4147	13.8271	0.115725	10
1973	24.3057	3.57725	0.534056	10
1974	24.0806	2.36691	-0.17616	10
1981	23.1588	18.0879	-0.85634	10
1999	22.9689	18.5187	0.356061	10
2012	24.3969	20.3847	-0.0874127	10
2024	23.8485	22.8557	-0.725218	10
2027	22.6882	10.7639	-0.0557673	10
2035	24.2937	18.9176	0.0524766	10
2063	24.5282	5.6058	-0.289024	10
2075	23.6991	3.5669	-0.0444987	10
2080	22.7753	3.98456	-0.230495	10
2081	22.9933	20.5926	-0.577413	10
2082	24.5844	13.3966	0.485665	10
2111	24.0443	15.8059	0.305625	10
2117	22.6721	9.54125	0.2553	10
2119	24.2828	19.686	-0.257362	10
2136	24.3252	16.2876	-0.0109605	10
2137	23.6189	4.92051	0.14601	10
2165	22.6671	10.4209	-0.160434	10
2170	24.3849	13.4007	-0.581985	10
2172	24.0835	20.3098	-0.19473	10
2184	23.2731	1.49841	0.346856	10
2198	22.6405	7.45666	0.114961	10
2219	23.7756	20.6525	-0.399449	10
2228	23.2787	0.594955	-0.534919	10
2232	22.9837	22.9049	-0.792959	10
2244	24.1816	18.2497	-0.157085	10
2249	22.5202	14.1524	-0.0958769	10
2272	22.8106	20.6099	-1.17376	10
2280	23.8706	0.697812	0.421566	10
2293	24.9698	15.4385	-0.0355436	10
2317	23.2025	20.803	-0.273404	10
2332	23.3156	11.5651	-0.213445	10
2335	23.7977	7.98017	-0.690885	10
2355	24.9139	8.35974	-0.814842	10
2360	23.1586	6.79507	0.0763934	10
2361	22.858	23.9105	-0.0506189	10
2375	23.4331	0.305108	-0.149477	10
2376	22.6515	12.774	-0.123473	10
2377	23.5626	14.9877	0.0216194	10
2385	23.5263	0.679143	0.239914	10
2390	24.436	7.5157	0.390078	10
2394	24.754	22.2163	-0.337968	10
2395	23.6298	8.93851	-0.891552	10
2408	23.8676	10.3053	0.0809628	10
2411	24.5326	15.2928	0.317488	10
2417	24.6191	13.6609	-0.279921	10
2434	24.2587	17.5789	0.144111	10
2439	22.6842	0.938324	-0.561231	10
2450	23.0357	18.3491	-0.223053	10
2452	24.1559	19.4656	0.0791026	10
2453	24.8145	19.2961	-0.10129	10
2458	24.9087	5.51898	-0.260792	10
2467	23.8376	11.5713	-0.181697	10
2488	24.4628	11.973	-0.355519	10
2500	24.0045	4.07351	-0.541741	10
2504	23.845	18.5105	-0.197609	10
2512	24.543	21.4792	0.219705	10
2536	24.7594	3.68527	0.678898	10
2545	24.367	3.81374	-0.473196	10
2561	23.8294	20.6524	0.222377	10
2588	23.0372	19.3567	-0.23447	10
2593	24.7914	19.144	-0.297639	10
2609	23.3289	23.1588	-0.149451	10
2610	23.4827	12.3309	0.30955	10
2617	24.0815	14.3015	-0.0332299	10
2620	22.6323	3.71753	-0.0514216	10
2625	22.8363	9.58543	0.84027	10
2628	24.1698	9.80422	-0.458838	10
2653	22.8327	18.0624	0.252513	10
2655	23.4265	14.1174	-0.333692	10
2660	23.4584	11.6884	0.70092	10
2681	24.2057	22.5822	0.256806	10
2686	23.7765	17.3877	-0.303481	10
2688	23.5123	18.2842	0.484803	10
2692	24.0937	13.2581	-0.513595	10
2715	23.8247	21.3558	-0.538083	10
2726	22.9454	7.5303	-0.233542	10
2730	22.7266	1.28778	-0.257838	10
2744	23.9931	8.89284	0.228047	10
2758	23.677	13.9861	0.277934	10
2763	23.9101	5.64694	-0.318119	10
2776	24.5475	13.1464	-0.163695	10
2786	24.2452	18.2268	-1.42251	10
2787	23.1727	21.0413	-0.714648	10
2793	23.1338	8.02154	-0.545011	10
2802	23.4413	10.3658	-0.118119	10
2808	24.7103	4.48818	-0.677851	10
2828	22.8081	15.8142	-0.252363	10
2831	24.3127	11.0838	-0.488667	10
2834	24.3466	1.10951	0.221446	10
2835	24.7345	1.8204	0.127857	10
2852	22.8201	17.689	0.125327	10
2872	22.6444	9.68982	0.579758	10
2907	23.9124	6.95047	-0.062852	10
2912	24.8797	18.1809	0.408146	10
2920	22.7735	3.16086	-0.0645671	10
2925	23.0265	11.1544	-0.211905	10
2945	24.4957	9.90125	0.283489	10
2956	23.7194	19.0907	-0.122136	10
2972	23.6282	3.67895	0.427822	10
2982	24.4675	21.9155	-0.482585	10
2983	24.8402	14.596	-0.205386	10
2991	22.5619	6.21985	0.383845	10
2998	22.7904	9.00419	-0.0178162	10
3032	22.8129	11.0483	0.0595766	10
3034	24.3697	15.2091	0.126977	10
3049	23.3476	22.9434	0.598231	10
3082	22.9015	9.19059	-0.357187	10
3109	23.701	8.61652	-0.498585	10
3110	24.3127	8.9392	0.0378431	10
3114	23.2458	11.8329	-0.0594571	10
3116	24.4277	13.1563	0.4291	10
3125	22.7801	9.97748	0.0473678	10
3127	24.6706	6.41293	-0.107192	10
3132	24.7298	20.981	0.321897	10
3133	24.3294	20.0028	-0.238528	10
3152	24.9855	15.8809	-0.510988	10
3161	22.5383	20.043	0.229136	10
3177	24.6799	17.3144	0.551255	10
3178	24.2018	16.7229	0.043918	10
3179	23.6028	19.778	0.368378	10
3183	22.8988	1.58279	0.275472	10
3214	23.2955	10.1007	0.371163	10
3223	23.8606	1.92889	-0.533003	10
3241	23.5093	0.947521	0.565711	10
3244	24.9366	0.875878	0.533223	10
3246	22.9581	21.7054	-0.287203	10
3251	22.8773	8.99198	-0.0597915	10
3261	23.6994	13.2816	-0.251327	10
3278	24.6367	1.34133	-0.0869162	10
3293	23.7721	17.9812	0.155139	10
3307	24.4051	5.40469	-0.384187	10
3310	23.3494	17.3488	0.439414	10
3311	23.64	17.3079	0.0608771	10
3318	22.8285	24.0175	0.317561	10
3320	23.6526	11.5886	0.028394	10
3334	22.8425	5.16226	-0.0122029	10
3335	24.2841	14.4566	-0.187291	10
3347	23.5044	10.414	0.221333	10
3357	23.5147	20.37	-0.784553	10
3363	22.8569	6.16206	0.326266	10
3368	23.7846	23.3457	-0.432316	10
3383	23.7498	21.4549	-0.285324	10
3418	23.0875	7.68326	-0.0179164	10
3424	22.5769	3.41979	0.0442931	10
3438	24.2721	11.3475	0.406498	10
3456	22.799	12.206	0.182272	10
3461	24.9669	14.9254	0.126449	10
3478	23.4968	4.14418	0.000288269	10
3479	22.9696	14.0853	-0.29468	10
3482	23.0048	23.9458	-0.827362	10
3489	23.0305	14.8699	0.556035	10
3505	23.3575	8.96851	-0.21259	10
3513	24.0159	0.172709	0.187255	10
3520	22.7675	16.9789	0.295214	10
3526	23.2012	15.7766	0.285481	10
3527	24.266	8.67963	-0.445158	10
3529	24.3927	2.97836	0.29644	10
3597	24.5007	20.406	-0.420277	10
3598	23.5352	10.6871	-0.00615258	10
3606	23.1199	13.7017	-0.206478	10
3625	24.2048	0.833271	-0.0886499	10
3628	24.6435	13.7537	-0.172541	10
3629	24.6376	13.8027	-0.15548	10
3654	23.1376	13.1925	0.577402	10
3666	24.6953	15.127	-0.516945	10
3673	23.6996	5.66992	0.0914959	10
3674	24.6073	9.09787	-0.56052	10
3681	22.8395	16.1102	0.376475	10
3685	24.0291	7.39897	-0.340866	10
3686	24.396	18.754	-0.271924	10
3688	24.7858	21.5015	-0.304076	10
3692	24.8389	11.1377	-0.615787	10
3702	23.3795	8.78511	0.327146	10
3705	24.628	0.509983	0.66848	10
3712	24.3274	17.155	-0.0274021	10
3716	23.758	3.3371	-0.317814	10
3719	23.7547	6.77463	-0.447602	10
3722	24.6177	16.2273	0.101168	10
3731	22.991	17.594	-0.299582	10
3754	24.6577	15.2143	0.276184	10
3769	23.1867	12.8062	0.485923	10
3790	22.6315	12.2546	0.177349	10
3792	24.2318	0.142399	-0.391626	10
3802	22.5863	6.54053	0.00709894	10
3812	23.9415	20.8025	-0.201766	10
3813	24.172	3.35497	-0.0353583	10
3815	22.761	19.6284	-0.29962	10
3823	23.6009	15.0305	-0.238832	10
3824	23.3426	14.8271	0.350791	10
3832	22.5996	5.38335	0.437651	10
3841	24.3545	24.2176	0.177929	10
3855	23.0756	14.6647	0.305538	10
3869	24.574	0.933846	0.605628	10
3872	24.1428	8.47174	-0.566953	10
3884	24.7511	1.8404	0.613979	10
3914	22.9086	0.654904	-0.00520466	10
3918	24.0624	17.0977	-0.619753	10
3922	24.3079	13.0693	-0.387171	10
3945	24.2197	10.7209	0.778409	10
3946	24.6938	10.2481	0.994585	10
3949	24.5587	17.674	0.0718823	10
3962	22.814	2.9491	0.347796	10
3971	23.1103	7.86977	-0.711361	10
3989	23.5518	5.79951	0.677152	10
3991	24.3181	20.881	-0.816124	10
4002	23.8976	4.05646	0.302693	10
4005	24.3227	22.2351	0.250488	10
4058	23.088	23.2175	-0.282218	10
4061	23.2084	11.7837	-0.0599838	10
