Region	Region	Fst

1.0	2.0	0.115498
1.0	3.0	0.279153
2.0	3.0	0.114789
