Region	Region	Fst

1.0	2.0	0.0828147
1.0	3.0	0.174645
1.0	4.0	0.310063
1.0	5.0	0.361735
2.0	3.0	0.0795385
2.0	4.0	0.206496
2.0	5.0	0.274279
3.0	4.0	0.0833432
3.0	5.0	0.170717
4.0	5.0	0.0774876
