Ind_ID	PosInd_X	PosInd_Y	MutEffect	Region

5	3.01523	7.55285	0.30827	1
7	1.46307	5.08109	0.636719	1
16	3.50852	1.2942	0.0834815	1
20	1.62717	22.4591	0.964988	1
30	4.44785	2.94437	0.906848	1
33	4.7556	3.52604	1.5212	1
42	4.9936	18.5781	-0.278418	1
50	3.32878	20.7279	-0.292976	1
51	2.61397	24.5104	0.662467	1
65	0.025573	18.0536	-0.197439	1
73	3.22061	9.96175	0.513289	1
77	4.24504	20.9655	0.231948	1
84	0.0194501	24.9365	0.397636	1
90	0.683605	7.90002	0.218302	1
98	2.75404	17.1615	0.151972	1
101	1.3952	12.4204	0.445423	1
103	2.69776	23.8391	0.713168	1
106	4.85334	4.28464	1.10861	1
113	2.68144	4.30706	0.385946	1
119	2.50776	19.5044	0.556168	1
123	2.26791	20.2473	0.0293438	1
124	4.15825	14.8047	0.573583	1
126	1.69815	20.3012	-0.276305	1
134	3.34206	12.3587	0.845714	1
135	0.284902	9.07628	0.0158344	1
150	3.75222	2.58007	-0.0397292	1
152	0.258263	23.9632	-0.427699	1
155	0.748616	16.5502	0.774498	1
162	2.04985	10.6419	-0.362516	1
163	4.46589	4.06581	0.371159	1
167	2.53233	2.65331	0.707156	1
172	4.66619	14.8773	-0.0797504	1
185	0.348345	18.7372	-0.113709	1
189	3.49876	15.8212	1.27553	1
190	1.06515	17.2275	0.17756	1
191	3.77832	9.71392	0.42435	1
197	1.76696	5.56348	0.497616	1
201	2.2838	8.09397	-0.142849	1
213	4.9135	2.02642	0.079475	1
214	0.936434	6.97223	0.697045	1
228	2.29187	9.89852	0.897976	1
235	2.36647	2.84569	0.620564	1
237	1.60385	21.5738	0.141056	1
239	4.51109	15.0589	1.64493	1
242	4.01261	10.6941	0.462075	1
249	1.93549	2.40216	0.725557	1
250	2.28927	15.3514	0.281604	1
251	3.82121	24.0033	0.535497	1
254	3.36116	11.9119	-0.0751192	1
255	2.0946	7.47813	-0.344753	1
257	4.01197	8.92794	0.711132	1
259	4.98432	9.31345	0.242044	1
265	3.09391	11.2436	0.468666	1
267	4.24059	20.3728	0.670112	1
287	3.19495	14.0873	0.248835	1
288	4.1464	4.76567	-0.285219	1
293	0.143626	7.16887	0.739166	1
300	2.25386	0.0388341	-0.15477	1
305	3.74466	19.0855	0.741607	1
306	2.29776	0.294292	0.417699	1
315	4.0607	17.0084	0.570572	1
317	2.75954	0.650599	0.431834	1
321	1.25451	3.47011	1.15156	1
322	1.79895	20.2149	0.385375	1
324	4.72336	4.91213	0.117491	1
332	0.991176	14.7968	0.29293	1
333	3.82175	13.4246	0.735534	1
345	2.57444	23.0189	-0.0502201	1
349	3.82534	19.3773	-0.123161	1
352	2.03217	24.9241	-0.518068	1
354	3.55451	20.2174	-0.462893	1
355	2.95159	19.4327	-0.302867	1
357	1.67989	7.98586	0.0809681	1
365	4.99534	14.0848	0.60736	1
368	0.79392	12.1653	-0.121136	1
375	4.64197	10.9348	0.315115	1
377	1.60317	1.18997	0.86952	1
392	2.00278	4.71646	0.51241	1
393	3.55566	21.2754	1.36619	1
400	4.89546	1.99084	0.0669704	1
406	1.37993	11.3838	1.53266	1
407	4.61905	10.7224	0.707578	1
416	3.03316	3.94568	0.099104	1
417	2.92705	2.81574	0.554017	1
423	0.574049	15.1584	0.853899	1
428	2.20041	15.9705	-0.128138	1
452	0.661603	17.3902	0.115925	1
464	2.01417	9.38162	0.56333	1
476	1.81851	6.5555	0.686457	1
480	2.37835	3.17063	0.583332	1
485	4.97725	9.68887	0.21204	1
486	3.84275	11.3238	0.16801	1
489	2.76838	24.0743	-0.0966433	1
494	3.1076	11.8597	1.11382	1
495	2.00364	18.0687	0.987829	1
499	1.07912	9.50641	0.446142	1
503	3.58533	4.03203	-0.162012	1
506	4.15475	6.96195	0.262419	1
510	1.52111	14.5188	0.292822	1
516	2.83991	19.0799	0.248421	1
517	0.677296	5.71122	-0.399812	1
521	2.14529	0.633256	-0.253268	1
522	2.16645	23.6899	1.28733	1
526	1.18186	21.9169	0.345262	1
527	1.63247	5.73111	-0.0173453	1
529	4.93443	20.3754	0.254734	1
538	0.649279	22.3373	0.147459	1
540	1.98531	6.31449	-0.467367	1
542	3.94394	13.0592	-0.0915161	1
544	0.925419	3.31031	0.853296	1
553	0.943907	22.2606	1.01958	1
557	2.36668	0.716801	0.490681	1
565	0.796582	3.14165	0.294068	1
566	0.961948	16.0224	1.39767	1
570	3.96206	23.7028	0.707334	1
574	4.88603	5.44094	0.782799	1
588	4.81493	17.5085	-0.201217	1
595	4.00082	24.1328	-0.557759	1
596	1.05184	19.1284	-0.342523	1
597	3.51516	4.1858	0.558373	1
599	0.824392	14.9534	0.317983	1
610	4.03647	20.4726	0.0719661	1
615	0.585265	11.8685	0.670999	1
622	0.704896	11.703	0.0505457	1
628	3.54089	14.845	0.336651	1
646	0.629915	7.79493	-0.573478	1
648	1.12598	17.1702	0.621815	1
652	2.57059	14.9869	0.170294	1
656	1.73441	15.5128	0.272135	1
665	3.65365	23.7697	0.0524597	1
673	4.42819	22.6055	-0.632531	1
674	1.36019	7.97703	0.90777	1
680	4.14708	3.61542	0.791155	1
686	0.286008	14.7707	0.159451	1
690	4.17059	11.6636	1.08815	1
693	4.21075	0.887106	0.233756	1
697	4.9262	1.18899	0.899062	1
700	0.847694	5.40499	0.0208989	1
703	4.33902	16.1046	0.758496	1
709	4.6459	10.7705	0.0863761	1
710	2.15831	17.4635	0.317932	1
715	0.149214	11.7645	-0.140941	1
718	1.22124	16.711	0.359542	1
719	0.18101	19.5526	-0.274787	1
734	2.83721	22.8364	0.893312	1
744	4.84671	20.4869	0.0237712	1
746	1.09568	15.1627	1.0414	1
753	1.13157	21.8335	-0.0895043	1
760	0.615302	22.9088	0.94262	1
767	4.87231	15.3255	0.830513	1
769	4.11299	0.0942787	1.27355	1
773	3.54412	9.70344	-0.0399013	1
774	3.9505	4.41172	0.696345	1
790	1.92397	20.9972	-0.259515	1
793	3.15531	3.25388	0.819624	1
794	0.61279	1.76796	-0.0362581	1
795	4.37395	7.0403	0.190557	1
805	1.61047	5.77978	0.281321	1
812	2.82253	15.5443	-0.526856	1
813	0.724237	13.5349	0.680247	1
815	4.44768	19.0344	0.0477177	1
819	1.13635	20.019	0.793781	1
827	1.56884	7.47305	0.970168	1
830	2.41905	19.4853	0.192352	1
843	3.20985	6.37501	0.591256	1
844	0.217429	17.941	0.306758	1
845	1.73236	18.0378	0.3515	1
846	1.7998	14.8523	0.258873	1
855	2.52417	16.8309	0.935727	1
857	4.30196	6.89582	0.314506	1
867	0.747543	17.5945	-0.69088	1
868	0.786364	5.86963	1.2968	1
879	0.903682	19.6191	0.834442	1
881	3.50547	19.8903	-0.23682	1
894	3.65739	7.59033	0.795507	1
897	4.41981	2.52394	1.0756	1
902	0.548667	1.02225	0.491229	1
904	1.66069	2.39431	0.15081	1
907	1.04526	14.668	0.590067	1
920	1.72896	5.87605	0.757463	1
921	1.6306	21.5116	0.0686287	1
926	0.74227	24.5994	0.343417	1
929	1.72387	1.61104	0.0685881	1
930	1.89238	14.3891	0.888209	1
931	4.53259	13.3025	0.780155	1
940	1.96857	7.95525	1.07765	1
954	3.39925	5.34566	-0.023618	1
974	3.02108	20.0042	0.309306	1
979	1.24899	2.00706	0.378145	1
996	0.454589	14.6994	0.420052	1
1000	2.64771	12.8793	0.38774	1
1008	3.14586	22.704	0.553188	1
1013	3.26379	7.39245	0.307316	1
1016	0.57632	7.65058	0.358049	1
1031	3.53905	22.7528	0.636294	1
1038	3.44238	13.8974	-0.0919206	1
1040	0.719463	24.4721	0.508072	1
1041	1.45474	13.7568	0.486119	1
1048	3.19789	18.6932	0.53086	1
1055	4.29187	16.056	1.16183	1
1067	2.69627	17.4839	0.370067	1
1078	0.0655632	5.73189	0.521712	1
1082	3.79323	12.9543	1.2555	1
1083	0.356444	15.2319	-0.00258904	1
1087	0.728388	7.49629	-0.0726156	1
1090	0.039826	20.3338	0.622247	1
1093	0.363942	0.248995	0.300708	1
1094	0.742139	0.269819	0.517879	1
1096	4.17118	21.2168	0.249756	1
1097	4.17542	8.04107	1.0959	1
1103	1.67471	13.5314	-0.312444	1
1104	4.49623	5.06637	0.105856	1
1118	1.25199	16.7445	0.00273305	1
1120	1.3939	23.5999	1.18952	1
1121	1.55034	6.25118	-0.482376	1
1123	0.206169	15.9823	0.0658964	1
1125	2.10518	7.2127	0.945368	1
1128	4.74682	16.1577	0.449943	1
1130	4.2371	1.82372	0.384756	1
1131	0.515947	23.1705	0.721075	1
1135	2.69505	5.13855	0.274237	1
1142	1.05455	0.599781	0.313204	1
1148	3.88861	14.4976	0.37358	1
1153	0.682718	20.2974	0.32802	1
1154	0.714247	18.6198	-0.513	1
1158	2.72813	15.3218	0.797879	1
1166	2.28844	13.2352	1.91983	1
1167	4.40065	0.481872	0.169374	1
1168	2.04995	10.2852	0.435315	1
1174	2.38424	5.44127	0.460026	1
1175	1.5411	13.8645	0.251909	1
1186	0.924069	2.78485	0.753179	1
1187	0.875237	3.31904	0.993963	1
1190	4.77886	23.6819	0.301539	1
1193	3.66611	1.98599	0.822318	1
1198	4.13769	7.97174	0.0333021	1
1215	1.14478	7.28168	0.69429	1
1220	3.78498	14.5137	0.450868	1
1232	4.80192	2.6547	0.36282	1
1233	0.261724	12.6722	-0.230844	1
1244	3.66986	7.30686	0.00950897	1
1245	2.94983	13.0113	0.525949	1
1256	4.73817	14.0796	-0.256993	1
1260	2.5033	22.386	-0.324986	1
1270	2.3309	20.7741	0.607411	1
1271	0.705775	14.2305	-0.69081	1
1281	3.80081	5.65004	0.653252	1
1285	3.2405	0.174921	0.413288	1
1287	2.97153	16.9967	0.0287989	1
1289	3.22769	7.47078	-0.763895	1
1290	1.52242	9.78019	0.235625	1
1294	3.20908	4.28543	0.447256	1
1301	1.96576	19.445	-0.122522	1
1302	2.36495	0.442339	-0.0641745	1
1304	0.295616	23.5434	-0.184995	1
1314	1.70095	21.5058	0.0305458	1
1318	2.69051	1.73738	0.517874	1
1320	2.63398	16.6478	-0.00553825	1
1327	1.27232	4.56121	-0.594659	1
1338	2.91379	23.8413	0.14384	1
1341	0.600864	1.93266	0.727227	1
1344	3.67259	14.4007	0.0410276	1
1346	0.836658	19.0153	0.95029	1
1350	4.63118	12.4202	0.127886	1
1351	3.36809	11.465	1.07752	1
1354	1.97886	2.49201	0.592341	1
1363	3.32673	0.716466	1.50854	1
1364	3.38661	23.9193	0.248486	1
1370	3.39044	17.2864	1.17355	1
1373	2.35364	18.4953	0.0865945	1
1374	0.602179	19.5155	0.622124	1
1375	3.57796	16.6729	0.546196	1
1384	2.41664	14.4647	0.104891	1
1385	3.7022	10.0077	0.391322	1
1391	4.37103	7.89844	0.693792	1
1397	4.08711	16.127	0.713221	1
1398	2.10329	10.7804	0.430294	1
1403	0.11112	24.4697	0.180466	1
1405	1.882	4.32896	0.970039	1
1407	3.45127	10.796	0.54995	1
1417	4.38786	21.0402	0.531611	1
1421	0.407492	13.7314	-0.693954	1
1426	1.6385	24.5537	0.671491	1
1435	4.4253	2.90072	0.396425	1
1438	4.40314	22.8057	0.238812	1
1439	4.13972	5.78836	0.318074	1
1449	2.61028	4.41164	-0.00428804	1
1456	1.17024	11.9031	0.714656	1
1473	4.34823	9.1846	0.777401	1
1475	2.83248	0.611376	0.192665	1
1477	0.867885	2.62947	-0.185151	1
1478	2.18061	17.2004	0.540506	1
1480	4.5223	9.60255	-0.0567627	1
1482	1.42082	6.24552	-0.0519297	1
1493	4.29845	12.9507	-0.144892	1
1494	4.7341	3.19341	0.352494	1
1498	0.644064	8.87174	0.351362	1
1507	0.626111	7.04927	0.511456	1
1510	1.99947	24.7571	0.784666	1
1514	2.66232	19.082	0.352111	1
1516	0.623681	17.9192	0.519719	1
1522	1.37147	17.0011	0.807446	1
1531	1.6655	22.6568	-0.0781102	1
1536	0.415994	2.20577	0.173213	1
1541	3.75727	3.22965	0.38994	1
1548	2.92628	12.2668	0.136071	1
1572	3.46991	4.44973	-0.306109	1
1575	1.42466	0.647909	0.562612	1
1580	1.64016	10.2585	0.615864	1
1585	3.55802	11.2997	0.267174	1
1588	3.79204	8.75189	0.323699	1
1589	4.60557	17.2638	1.07793	1
1592	3.9128	21.5644	0.866823	1
1601	1.90534	4.22323	-0.0296801	1
1604	4.79277	19.0238	0.22153	1
1611	4.29616	13.1067	0.0466509	1
1616	2.7083	6.9539	0.776004	1
1618	0.721232	12.0078	0.317326	1
1635	3.56714	9.22774	-0.677818	1
1636	4.54098	13.5579	0.969137	1
1639	3.38973	6.43821	0.942089	1
1641	1.45731	5.27879	0.527794	1
1643	2.89032	7.98439	0.283937	1
1652	4.56031	17.3243	0.627585	1
1659	1.5799	8.08323	0.714281	1
1663	4.47662	22.8417	0.00872856	1
1665	3.83582	5.34058	-0.223958	1
1674	1.63908	17.2666	0.825372	1
1678	1.62163	20.6789	-0.797327	1
1683	4.8324	8.35704	1.01528	1
1686	0.566615	4.29291	-0.588754	1
1687	2.79013	17.5231	0.152545	1
1688	1.18382	11.0237	0.980509	1
1704	3.4076	8.03554	0.152269	1
1708	1.02461	22.6303	-0.526925	1
1709	0.631158	22.0255	-0.947846	1
1710	2.41684	20.2205	-0.12822	1
1712	3.39024	18.34	0.865355	1
1713	3.29606	20.4317	0.253892	1
1720	0.716513	15.6998	0.0776771	1
1721	0.127092	16.7026	-0.419495	1
1737	1.8656	15.0801	0.416746	1
1746	4.35192	8.78003	1.0771	1
1756	4.43392	16.6353	0.266881	1
1757	3.13023	19.2882	0.66548	1
1758	1.63017	18.6237	0.153343	1
1759	1.24915	17.4004	0.830767	1
1766	1.52378	24.0439	0.450922	1
1777	0.140372	1.2657	-0.434636	1
1780	2.44521	21.1085	0.463744	1
1785	0.949644	11.8252	0.454188	1
1791	1.99191	16.2946	0.253759	1
1792	1.73742	23.2995	0.0590354	1
1793	2.72722	11.4656	0.291341	1
1794	2.73709	23.7229	0.266628	1
1796	3.11309	14.9206	-0.047078	1
1803	1.84486	23.8835	0.669686	1
1808	4.4874	3.45391	0.909013	1
1816	0.826503	19.1329	1.17633	1
1817	3.78146	17.6064	0.0211555	1
1823	0.146256	21.4392	0.404196	1
1827	1.74334	18.4454	0.694179	1
1830	3.6848	4.40742	0.505293	1
1831	0.76834	18.5152	0.600333	1
1835	4.45085	4.42238	-0.16989	1
1847	0.836859	21.2083	0.765502	1
1853	2.87697	5.48417	-0.0704385	1
1856	2.83646	16.4175	1.24594	1
1861	1.37295	6.2493	1.36989	1
1862	4.28225	20.6175	0.257953	1
1866	2.45368	23.5095	0.151832	1
1868	3.60444	5.41723	0.800339	1
1872	1.1861	12.7322	0.441799	1
1873	2.90929	16.8639	0.00200237	1
1876	2.83373	20.983	0.973654	1
1886	1.64895	8.15497	0.40533	1
1895	1.0471	14.0013	-0.0683382	1
1901	4.9537	22.5109	-0.292397	1
1902	1.10186	19.3501	0.448234	1
1908	1.6442	15.6874	0.158322	1
1918	3.41902	14.5725	0.858641	1
1920	4.08924	12.6362	1.08969	1
1924	2.08173	12.8177	0.701646	1
1928	4.97027	14.4501	-0.474952	1
1934	0.948122	6.78942	-0.523902	1
1946	0.360109	23.7855	0.060921	1
1955	1.2416	21.3035	-0.679919	1
1962	0.778547	4.05862	0.664603	1
1963	2.51532	1.9856	0.277788	1
1964	0.12899	8.14666	0.110645	1
1965	4.98768	6.96519	-0.0619968	1
1970	1.32498	23.4546	0.796744	1
1971	4.49676	6.92741	0.568079	1
1975	2.98351	17.9059	0.103819	1
1976	2.05836	1.16227	0.5894	1
1978	4.99783	19.2056	0.559275	1
1983	2.08233	1.5973	0.784068	1
1988	2.76914	10.9916	1.108	1
1992	4.21514	9.91831	0.0544353	1
2001	4.87404	21.7629	0.228485	1
2015	1.83119	24.8508	0.868517	1
2017	4.35926	0.868401	0.761379	1
2018	4.00373	22.7328	0.33305	1
2020	2.64646	22.597	0.240273	1
2036	0.852912	14.6094	1.07602	1
2037	2.12845	19.218	-0.433112	1
2041	0.810124	6.26964	-0.118547	1
2047	4.15906	22.6348	0.540356	1
2049	2.56508	8.75775	0.133825	1
2051	4.95282	16.3368	-0.00459339	1
2055	1.68455	0.491002	0.0574747	1
2060	4.99631	24.9401	0.954964	1
2066	3.80012	12.4413	0.459765	1
2067	2.16985	3.49272	0.643494	1
2068	2.22949	18.5304	1.04886	1
2074	4.86319	3.55047	-0.415392	1
2081	2.12298	4.22542	-0.287228	1
2091	4.87626	12.6869	-0.0744419	1
2092	1.14263	2.42527	0.365433	1
2093	2.62118	18.7951	-0.355035	1
2098	1.7191	8.80561	0.32329	1
2099	3.51579	9.07597	0.809971	1
2104	1.57046	17.8391	0.380809	1
2113	1.27761	21.1506	-0.497703	1
2116	3.01855	19.5627	0.562119	1
2135	1.96233	9.0026	-0.425344	1
2141	1.21804	6.28798	1.50262	1
2142	3.87477	19.1258	0.554512	1
2146	2.82434	5.28157	0.339732	1
2151	1.94859	23.1472	0.128514	1
2153	0.856103	7.6397	-0.266404	1
2154	1.69203	12.4735	0.252788	1
2155	2.27735	12.1253	0.298186	1
2168	3.20393	8.82908	-0.330918	1
2169	4.18639	10.3708	0.515733	1
2171	4.21124	8.66375	0.487236	1
2174	3.63503	13.3585	0.143209	1
2175	0.185302	7.04964	-0.361084	1
2181	4.39171	24.3987	-0.69245	1
2182	4.45934	24.2386	0.8188	1
2183	0.0395474	17.9303	0.408208	1
2184	2.95994	21.6032	0.488408	1
2193	1.88066	10.0943	-0.278398	1
2201	3.43745	11.2723	-0.159964	1
2207	0.90677	23.3528	0.841362	1
2217	2.91501	7.31044	0.511953	1
2219	1.16621	21.1189	1.11121	1
2220	3.81225	16.2274	0.511886	1
2228	2.79149	23.1947	0.701175	1
2240	0.754317	11.6418	1.01644	1
2242	4.06106	9.43702	-0.234886	1
2245	0.717032	12.3918	0.826807	1
2259	0.850432	0.468796	-0.0482416	1
2263	1.37795	10.6515	0.22414	1
2265	2.85338	4.05492	0.150196	1
2268	3.23824	4.761	1.23216	1
2272	1.51867	11.8358	0.428999	1
2273	0.975412	7.16533	0.189238	1
2279	3.5881	19.8646	-0.0719566	1
2285	0.936461	4.87013	0.929624	1
2287	2.7069	22.2808	0.0361368	1
2288	0.546464	13.3077	0.670934	1
2294	0.81199	18.9352	0.17545	1
2312	3.93754	0.879663	0.696772	1
2320	4.5979	19.9586	-0.269927	1
2324	1.55447	8.90436	-0.196526	1
2329	2.29755	9.4716	0.456567	1
2339	2.80333	20.1997	0.165154	1
2343	0.187463	3.43076	0.214209	1
2346	3.98621	8.16272	0.0980722	1
2352	2.64026	18.6403	1.24474	1
2353	2.31371	20.3684	0.501167	1
2356	0.818944	4.88924	0.499603	1
2363	4.18555	4.13628	-0.0393952	1
2368	2.16197	20.8311	0.755713	1
2369	2.54955	18.9139	-0.120795	1
2370	2.1014	11.7075	0.372503	1
2372	2.82198	5.72812	0.663475	1
2373	4.11577	22.5917	1.1326	1
2383	4.9459	8.25516	-0.144821	1
2384	4.55488	4.70769	0.444256	1
2396	0.709963	11.0804	0.374235	1
2409	2.22977	11.6093	1.2992	1
2414	1.15739	0.781525	0.52414	1
2415	0.544339	24.8603	0.748348	1
2416	2.67942	22.7349	1.34965	1
2422	2.96693	6.94787	1.19481	1
2428	4.93767	20.3561	0.672489	1
2429	4.28707	16.3646	1.08336	1
2431	1.78135	8.34916	0.0470077	1
2433	2.24349	18.9571	0.640168	1
2439	0.139054	10.1283	0.889384	1
2440	4.45744	17.4578	0.348202	1
2442	4.0408	10.6882	0.195397	1
2443	0.724899	21.6868	0.585277	1
2457	0.956339	8.18274	0.544478	1
2461	3.86702	10.6897	0.203142	1
2464	0.538212	14.3889	0.862145	1
2467	3.63018	7.10241	0.220634	1
2468	4.01429	5.67808	0.998099	1
2474	1.82351	14.0569	-0.684707	1
2475	4.72509	22.0667	-0.435747	1
2487	0.508762	1.88561	0.601472	1
2488	2.92986	8.74494	0.187497	1
2490	1.24315	19.3097	-0.346736	1
2494	4.80878	11.8503	1.09069	1
2502	3.25392	10.6216	1.1952	1
2505	0.36366	17.9966	0.700029	1
2508	1.27451	7.85106	0.256351	1
2515	4.03537	21.1012	0.89611	1
2523	0.0982862	19.9684	0.419571	1
2531	0.0827417	9.95058	0.414488	1
2561	3.19829	5.22857	0.856499	1
2566	0.38963	14.0988	0.192732	1
2570	1.95373	11.8557	0.767277	1
2587	3.02432	6.42534	-0.224412	1
2591	1.75081	13.2412	0.444427	1
2592	0.698309	6.03866	0.895288	1
2594	2.29091	16.4834	0.0381496	1
2595	4.6133	3.65325	0.208562	1
2602	3.14615	0.166707	0.845944	1
2603	1.19124	11.7687	-0.624991	1
2605	4.78914	21.6636	-0.432477	1
2606	1.81308	16.9813	1.07	1
2613	1.55404	18.0064	0.488398	1
2615	0.002057	23.3688	0.404494	1
2626	2.28314	13.7764	0.267543	1
2637	2.41903	23.2764	0.25251	1
2640	3.10376	20.4445	0.12446	1
2657	3.09491	23.2669	-0.710072	1
2660	0.284553	21.2057	0.584773	1
2663	2.25053	22.5412	0.196571	1
2667	1.51095	4.68129	0.643233	1
2683	2.33103	3.52575	0.355151	1
2686	1.32545	15.3609	0.623725	1
2687	2.56601	10.4363	0.433796	1
2703	0.240567	22.8856	-0.0714696	1
2710	3.25693	2.22113	1.40602	1
2712	2.06155	22.6432	0.672448	1
2713	4.46595	16.4707	1.1516	1
2715	3.14031	1.67916	0.807454	1
2716	1.3613	5.6194	0.151502	1
2722	4.98439	5.05727	0.16658	1
2723	3.70909	3.5178	0.233128	1
2726	4.37142	18.6252	1.0323	1
2737	2.33948	12.1175	0.150543	1
2739	4.43932	11.4492	0.75762	1
2754	0.891209	8.87612	-0.0230894	1
2768	0.826979	7.62994	-0.283378	1
2769	1.64471	0.809299	0.786993	1
2777	4.06289	11.4847	-0.244283	1
2780	1.99442	6.25914	0.428735	1
2784	3.32523	7.24037	-0.265681	1
2787	3.6156	5.76371	0.150741	1
2795	0.966803	10.3766	0.497869	1
2797	2.38139	2.76261	0.734131	1
2798	1.04898	6.81049	-0.81077	1
2799	3.66967	0.912247	0.0542399	1
2804	0.402645	21.9153	0.463829	1
2805	0.309768	21.5605	1.18808	1
2808	2.25573	12.0033	0.540548	1
2814	3.6873	22.2592	0.929984	1
2830	1.6231	12.2902	0.197995	1
2831	3.70673	13.4436	0.257413	1
2841	1.7494	17.4268	1.05144	1
2846	2.33649	3.49806	0.0583703	1
2848	0.447121	1.21141	0.294738	1
2851	0.222712	10.3947	0.145715	1
2853	4.06755	18.8476	0.563169	1
2854	4.71006	18.4289	0.819682	1
2855	4.20429	12.0225	0.457577	1
2860	0.382838	17.2333	0.018668	1
2864	0.529129	5.32133	0.132212	1
2878	3.47738	6.79369	0.432822	1
2898	1.78978	16.2375	0.372429	1
2914	1.90646	13.4817	-0.0429988	1
2920	2.80922	15.3964	0.14929	1
2925	0.700386	1.64895	0.36757	1
2953	2.91904	13.004	0.273098	1
2971	1.46072	7.52265	0.228458	1
2978	0.655448	10.4075	-0.367294	1
2979	0.490364	17.1215	-0.41145	1
2983	2.62752	8.26179	-1.00394	1
2991	2.57633	14.2264	-0.207737	1
3000	3.11119	20.3109	0.482402	1
3001	3.0512	18.7339	0.0634803	1
3005	2.17626	7.35681	0.0251383	1
3009	0.509	24.5874	1.3816	1
3010	1.89095	24.8913	0.669886	1
3014	3.72254	4.28466	0.37123	1
3029	0.967345	10.3792	0.309582	1
3036	0.892054	11.1011	0.218921	1
3042	2.30805	17.6647	0.159996	1
3049	1.19995	2.49228	0.704108	1
3054	1.16371	14.9416	0.319823	1
3080	0.908784	15.1329	0.0973591	1
3082	2.7183	3.69875	0.506688	1
3089	3.42151	16.0476	0.248523	1
3100	0.796113	10.2985	0.261446	1
3101	4.45635	3.8316	0.168136	1
3104	4.81586	15.2135	0.709272	1
3107	0.107502	20.8103	0.5864	1
3109	3.87629	24.4825	0.411346	1
3111	0.362385	18.2942	-0.107494	1
3114	1.91456	15.2318	0.82915	1
3115	1.82773	14.7914	0.987476	1
3116	4.15535	6.72909	0.268614	1
3119	2.19696	3.83747	1.71892	1
3127	4.77495	24.3699	0.574629	1
3129	2.07139	4.34936	-0.518188	1
3130	3.34984	12.8836	0.342321	1
3133	1.62547	14.0768	1.03026	1
3138	4.13302	10.7843	0.486069	1
3139	1.97632	23.5085	0.469377	1
3148	3.71031	3.12045	1.94822	1
3159	1.93302	11.5252	-0.419674	1
3169	1.17764	24.1742	0.0969769	1
3180	2.46541	12.4345	0.353407	1
3183	4.36688	1.89198	0.531819	1
3192	3.75103	5.26741	0.500261	1
3195	3.79335	18.8698	0.817946	1
3200	0.0808703	7.95242	-0.505469	1
3204	4.30827	21.9353	-0.353168	1
3207	3.94868	9.58341	1.09331	1
3208	4.51199	9.69151	-0.0200953	1
3212	1.52276	18.4576	0.311521	1
3249	0.20087	3.41179	0.36868	1
3251	0.165359	9.40877	0.363308	1
3261	3.49094	13.689	0.742261	1
3266	2.36537	18.8282	0.727489	1
3270	3.45714	17.3047	0.212124	1
3275	4.917	9.49604	1.74698	1
3290	3.82959	8.2941	0.486062	1
3293	1.40745	5.27953	0.733847	1
3296	4.35028	23.6731	0.326445	1
3310	4.67133	18.6421	1.0426	1
3312	4.25604	11.9293	-0.151254	1
3317	4.57128	19.2673	0.355554	1
3319	1.86331	10.1506	0.850336	1
3320	0.247261	6.47679	0.375694	1
3321	2.4007	13.0034	0.938023	1
3327	2.20023	23.0533	-0.178682	1
3336	2.96076	23.3709	0.509919	1
3342	3.22959	14.3642	0.24512	1
3348	3.64669	12.4986	1.45574	1
3360	0.300782	13.4439	-0.130652	1
3361	3.66953	6.22852	0.624341	1
3362	1.29566	6.13672	-0.173232	1
3363	1.80969	14.6812	0.647854	1
3370	2.59361	17.4635	-0.266801	1
3372	1.3389	6.67332	0.556721	1
3374	1.59085	14.9574	0.516841	1
3375	0.865765	15.3396	0.0832646	1
3379	2.3631	1.18972	0.0470967	1
3403	2.78733	2.16486	-0.340402	1
3407	1.81746	15.0942	0.725327	1
3414	3.49864	11.722	0.770598	1
3421	2.73485	21.5284	0.0249213	1
3422	4.76245	21.8675	0.541692	1
3424	4.24685	5.69397	-0.676738	1
3436	0.825438	10.147	-0.586551	1
3439	2.95549	12.0201	0.0349533	1
3443	1.6531	18.6635	-0.45262	1
3448	2.61839	8.48705	0.188948	1
3449	3.16197	19.7635	-0.424533	1
3450	3.10467	3.22988	0.546318	1
3460	4.41032	6.50617	-0.106152	1
3461	4.1589	7.11753	0.258213	1
3462	1.06028	9.50923	0.885819	1
3463	3.65563	22.7639	0.0260324	1
3468	1.68625	11.3529	0.90241	1
3471	3.22226	4.29697	0.25708	1
3472	0.944684	2.29067	-0.289834	1
3473	0.949467	2.88807	-0.458682	1
3474	1.10967	15.5486	0.559199	1
3476	4.76687	18.4056	-0.627271	1
3478	1.50098	13.1696	-0.0115602	1
3482	1.74775	12.6586	0.402528	1
3494	4.20435	7.64622	0.235065	1
3506	1.32665	18.5828	0.397517	1
3511	2.21885	23.3378	-0.0803724	1
3514	4.76456	19.0726	0.179134	1
3516	0.0502861	4.63556	0.535648	1
3522	3.94698	21.0955	0.87341	1
3525	1.99264	19.2528	0.482703	1
3529	4.86161	22.2079	-0.0779631	1
3540	3.13924	19.5238	0.299437	1
3546	2.93496	7.64714	0.735627	1
3550	4.95046	3.04484	0.102753	1
3551	3.09103	14.9012	0.169903	1
3552	3.77775	3.99902	1.04177	1
3555	2.89955	12.8722	0.444838	1
3560	1.31098	23.9455	0.320424	1
3564	1.6989	12.6719	0.640141	1
3567	2.66015	15.4469	0.0862169	1
3574	4.7457	1.34062	0.464109	1
3580	2.15876	18.6447	1.00447	1
3590	1.52154	22.0697	0.231334	1
3592	1.11972	13.9638	-0.583219	1
3594	4.03968	12.9896	0.205299	1
3595	4.08745	2.88921	0.2717	1
3598	4.99827	9.21151	0.185872	1
3602	3.42482	20.3449	0.0263396	1
3605	3.92279	2.67524	0.161108	1
3611	2.08593	12.4634	-0.0430007	1
3612	3.0863	2.43614	1.44323	1
3615	3.88876	12.0226	-0.777716	1
3628	4.24607	9.46083	1.12979	1
3631	3.43341	20.1435	0.316228	1
3634	2.03968	19.4917	-0.167093	1
3642	3.10787	22.3778	1.85162	1
3644	2.3735	20.0286	0.563626	1
3649	4.84144	12.0038	0.656187	1
3666	1.46387	18.7181	0.545773	1
3674	4.57243	16.4336	0.496959	1
3678	3.33113	1.67755	0.865786	1
3680	3.03268	4.00816	1.26997	1
3687	2.65863	17.2	-0.265079	1
3697	0.471002	11.9472	0.0446659	1
3700	2.4973	15.6514	1.18352	1
3701	1.11011	4.72195	0.00135583	1
3702	1.07087	7.32152	1.34695	1
3706	1.74977	11.9915	0.677917	1
3712	4.41163	19.0862	0.106351	1
3714	1.27134	21.1505	0.418562	1
3715	1.60019	21.2265	0.736872	1
3726	1.25755	23.0285	0.106557	1
3728	2.44724	13.9975	0.523108	1
3731	2.20088	11.7127	0.378668	1
3732	4.08552	13.1733	1.35949	1
3735	3.62705	15.7446	0.368585	1
3738	1.29296	5.97803	0.565064	1
3742	2.88051	12.1954	0.25143	1
3743	4.9311	0.524144	-0.1718	1
3752	0.101788	20.3688	0.00385878	1
3753	4.82926	24.8059	-0.653922	1
3770	3.19153	8.57343	0.613804	1
3785	3.52086	9.99329	0.443331	1
3795	4.77896	7.82617	0.0947826	1
3800	3.36574	20.1425	-0.206817	1
3803	3.65061	17.183	0.996697	1
3805	3.74419	11.3121	-0.0979825	1
3828	1.99026	9.99292	0.39973	1
3834	2.59581	8.77563	0.0865736	1
3836	4.65208	20.2902	0.418034	1
3843	1.24487	24.2285	0.341147	1
3844	2.08974	13.2059	0.599523	1
3845	2.30342	12.9538	0.0683304	1
3846	3.13328	17.534	-0.3076	1
3847	2.99033	17.7745	0.632245	1
3851	3.27134	5.03337	0.628295	1
3859	3.4726	14.2798	0.0577997	1
3860	2.89291	14.3312	-0.123928	1
3865	3.11163	20.1608	0.342592	1
3866	1.1505	16.7918	0.508055	1
3869	1.23364	7.13174	0.711733	1
3892	4.71854	18.6459	-0.630358	1
3897	2.24709	1.05031	0.302035	1
3902	4.70226	8.79967	0.119939	1
3903	1.11695	14.5186	0.155985	1
3905	4.51499	12.8879	1.00006	1
3906	4.86646	24.5911	0.179604	1
3908	4.12691	8.77284	-0.484801	1
3931	3.29945	4.7431	-0.0347784	1
3932	3.7449	4.42472	0.413604	1
3937	3.05376	7.64068	0.428226	1
3941	2.52559	23.7087	0.912193	1
3947	1.00745	2.30663	1.3364	1
3948	0.679945	16.0995	0.669109	1
3959	4.67873	13.0986	-0.351789	1
3968	3.80428	23.0159	-0.394622	1
3969	0.94891	13.7296	-0.364147	1
3983	1.54146	13.523	0.530184	1
3987	1.87866	13.2196	0.51944	1
3989	2.2531	7.11347	0.54735	1
3990	0.00824915	9.56473	0.200089	1
3991	0.420709	9.18314	0.201828	1
3993	3.19336	7.63291	0.593926	1
3994	2.8531	6.87733	1.02023	1
4008	3.64774	11.8957	0.569726	1
4010	3.39941	22.2546	0.61833	1
4012	0.669646	7.73299	0.49669	1
4013	1.4456	13.7781	0.293519	1
4021	3.50637	9.96832	-0.220658	1
4026	2.90043	18.9878	0.914829	1
4027	2.64982	19.3974	0.472845	1
4032	0.0269334	3.25626	0.725804	1
4034	4.01113	4.77855	0.631789	1
4035	4.38432	5.39906	1.47081	1
4038	1.88191	9.22699	-0.0114096	1
4040	4.47047	6.83656	-0.0987301	1
4043	2.23519	10.2493	0.262441	1
4044	3.8216	14.5807	-0.0509787	1
4046	0.000455186	5.32984	-0.135442	1
4053	1.52922	5.81021	-0.13548	1
4054	1.2789	5.33315	0.575939	1
4055	1.17901	1.02809	0.764783	1
4065	4.06919	0.217653	0.54596	1
4075	3.92462	3.10393	0.935602	1
4078	1.91857	4.04209	0.590603	1
4082	2.9401	19.1789	0.514587	1
2	8.68502	3.2074	0.41492	2
8	9.78298	10.2932	0.516071	2
14	7.34687	0.826451	0.790996	2
15	5.16909	1.02451	0.384362	2
18	5.21964	13.3691	0.387654	2
19	6.1143	16.6025	0.217739	2
21	7.7618	1.36375	0.138555	2
34	7.17872	24.0529	-0.0609141	2
36	8.50631	5.93755	0.630701	2
40	5.69178	13.1243	0.408064	2
43	6.07234	1.34734	2.28114	2
52	5.47007	9.05676	0.131089	2
56	8.39678	24.3747	-0.561763	2
59	5.84146	19.2594	0.796483	2
70	5.65567	14.7425	0.441447	2
72	9.61588	10.326	-0.642404	2
76	7.33751	4.12051	0.729755	2
80	6.83608	7.45189	0.478834	2
82	9.73173	16.4686	0.692168	2
89	9.00066	15.7886	0.247094	2
95	5.16767	12.6563	0.0153971	2
102	7.73491	23.6071	0.148961	2
109	5.78427	19.4913	-0.0713869	2
110	9.57586	3.40087	-0.215309	2
111	6.08233	21.1692	-0.0529524	2
115	7.25234	11.6434	-0.185122	2
118	9.00862	16.7557	0.123236	2
121	6.50235	20.1755	0.124939	2
130	6.10338	0.763983	0.585124	2
133	8.36641	18.6608	-0.113173	2
145	9.68503	21.7895	1.27945	2
147	7.33274	9.34924	1.04289	2
160	5.30378	24.0131	1.05636	2
164	6.86416	5.00406	-0.4583	2
170	5.11385	17.8236	0.689249	2
171	6.21194	13.9282	0.0409335	2
174	8.08757	9.062	0.681785	2
177	9.26957	3.88116	-0.228325	2
181	5.55863	15.3974	0.0195121	2
182	9.17067	6.02761	0.274954	2
192	9.86241	23.0532	0.923202	2
194	6.03867	8.14706	-0.250641	2
195	6.45805	16.2447	0.2641	2
202	8.19832	24.7621	0.175301	2
206	5.57447	6.29294	-0.779712	2
207	9.72576	8.30488	-0.323289	2
211	5.80321	12.7595	0.591781	2
215	7.87262	17.3638	0.67545	2
216	8.59073	21.2944	0.189431	2
221	9.22313	20.7561	0.463117	2
229	5.6561	22.0833	-0.288799	2
241	6.9152	19.572	0.327645	2
246	6.38628	23.7788	0.969445	2
260	6.89635	3.40844	-0.0372378	2
262	6.98658	20.5054	0.799911	2
263	5.9328	24.6821	0.376735	2
268	7.89407	16.3847	0.238398	2
271	5.24347	19.9494	-0.21707	2
272	8.55077	0.351108	0.304934	2
273	6.97273	6.45397	-0.0582911	2
275	5.00133	18.9448	0.171653	2
276	9.07962	24.838	0.798053	2
285	6.67399	14.8932	0.523932	2
290	5.88536	8.42955	0.636736	2
301	5.40811	19.0282	0.272332	2
310	7.39531	1.06758	0.448604	2
313	7.66631	12.6138	0.167785	2
316	9.46476	11.2073	0.111911	2
323	6.00925	17.1834	1.21196	2
334	6.91127	3.71489	0.113843	2
338	5.41897	7.76807	0.753282	2
339	5.88737	14.4333	1.16579	2
344	5.16689	24.1326	0.607373	2
362	7.41132	6.72781	0.284539	2
367	7.30477	1.66862	0.14414	2
371	7.46866	23.9377	0.520107	2
372	7.22952	6.34571	1.0246	2
373	8.287	21.699	-0.366909	2
376	6.61378	5.55973	0.43484	2
385	9.50642	20.3754	0.894329	2
388	9.44107	22.0799	0.0755734	2
389	7.06123	22.9099	-0.235956	2
395	8.52998	13.7991	-0.464093	2
403	7.97641	16.5658	0.522631	2
412	7.68265	20.9097	0.390065	2
420	9.89825	24.1438	0.45257	2
427	8.2788	2.69338	1.22513	2
429	6.30877	18.1751	0.156933	2
431	9.65994	24.1103	0.224836	2
433	6.35925	24.224	1.55514	2
445	5.30452	3.55306	0.915187	2
447	5.46782	7.58905	0.495767	2
448	7.31845	14.3372	0.140089	2
455	8.88169	11.2751	0.665457	2
456	5.75013	19.8649	-0.351652	2
459	8.62193	6.63918	0.511303	2
463	9.99089	18.4773	-0.525387	2
467	7.07411	12.5384	-0.24885	2
472	7.32003	2.75104	-0.141027	2
473	9.81098	21.5347	0.337171	2
491	8.39981	5.59276	-0.690641	2
496	6.23585	15.1206	0.220298	2
497	8.19871	23.7383	0.171486	2
511	6.24345	13.3104	-0.364756	2
512	5.60822	12.4391	0.698713	2
515	5.8248	19.5749	1.08737	2
525	9.03168	15.0189	0.886976	2
532	9.48468	8.49871	1.21893	2
541	9.46105	3.09626	-0.0759476	2
550	8.8846	23.7631	0.228242	2
554	8.7455	13.8662	-0.354541	2
556	9.42355	6.59607	0.266842	2
560	8.03826	17.6099	-0.139719	2
562	7.4498	24.2054	0.640717	2
568	7.34373	20.2491	0.463829	2
578	5.86918	8.57512	0.0784522	2
584	9.81389	8.44876	0.0660076	2
589	6.95855	17.9977	0.110866	2
594	7.71937	8.38133	0.464203	2
600	6.4716	7.85551	0.416158	2
601	6.65421	2.48095	0.117128	2
605	9.31585	24.2736	-0.498984	2
611	9.92044	16.296	0.317027	2
613	7.08166	11.0213	0.527505	2
616	5.79441	11.506	0.518932	2
618	9.25007	0.488892	-0.0723473	2
619	8.95166	13.1376	0.211793	2
620	6.56888	2.43828	0.504426	2
621	9.2437	2.46798	1.29017	2
634	6.70374	18.6407	0.677543	2
644	8.29565	11.2984	0.136699	2
655	8.90843	2.61998	-0.169818	2
658	8.04414	3.38576	0.0888921	2
659	5.28926	13.3719	0.689275	2
660	5.73277	15.8259	0.408512	2
663	9.52669	13.437	0.616672	2
669	5.8067	22.3709	-0.982104	2
677	9.12338	6.41949	0.633883	2
683	5.9025	6.92006	0.923361	2
694	9.44601	18.2235	0.494848	2
695	9.08362	20.2816	0.0949336	2
696	6.45054	0.0545449	0.0235786	2
699	7.70401	1.35812	0.412119	2
701	9.97185	14.3754	-0.11205	2
702	7.18252	7.53778	0.86965	2
707	6.19193	6.4799	0.8862	2
720	9.89075	7.13131	0.186334	2
726	7.74051	17.2827	0.539598	2
727	9.27252	1.83386	0.340824	2
730	7.57992	22.2316	-0.0964468	2
743	8.82208	22.661	0.657171	2
755	9.86753	3.50788	0.553984	2
761	8.89511	9.74594	0.0944671	2
762	8.13419	3.86882	0.815324	2
777	8.67261	2.19927	-0.274971	2
782	8.7669	19.0152	0.774	2
783	7.65469	15.5979	0.000695768	2
785	6.57965	10.344	0.51906	2
792	9.63488	22.2081	-0.0674747	2
796	6.3592	16.1721	-0.847879	2
802	7.25056	13.3899	0.84202	2
803	6.17678	9.19139	0.43647	2
810	6.74768	16.1404	0.166142	2
811	5.81712	0.836996	0.146686	2
814	7.31971	10.6895	1.37477	2
818	9.5977	8.61586	1.54761	2
821	7.66508	23.2181	0.542983	2
824	8.74903	14.7524	0.722024	2
828	8.20758	6.49132	0.355319	2
833	7.39014	7.25288	0.467396	2
834	8.40203	17.2842	0.159488	2
837	8.11737	17.2585	0.654244	2
840	9.95694	21.2021	1.685	2
853	6.22056	0.431741	0.655861	2
854	9.97823	22.7248	0.59254	2
856	6.39175	17.4798	0.0627715	2
859	9.7288	20.5005	-0.463467	2
860	9.43192	0.894235	-0.141267	2
864	5.89398	16.0515	-0.435216	2
866	8.74872	20.9332	-0.320672	2
869	5.44763	20.8339	1.1435	2
873	9.96337	20.4372	0.911409	2
874	6.98359	17.9009	0.83272	2
878	5.44524	11.809	0.734484	2
880	6.42643	20.74	0.458425	2
882	9.7982	2.09223	-0.395231	2
888	7.77075	10.9504	0.652503	2
889	8.09471	3.213	-0.302237	2
890	5.1285	11.4155	0.570183	2
893	6.81837	19.3849	1.58731	2
903	6.58982	24.3707	0.131118	2
909	5.2582	8.81351	0.557681	2
910	9.54444	8.48804	0.0429623	2
915	6.06758	18.6479	0.08418	2
922	7.23624	7.73336	0.902825	2
935	5.12717	6.07464	0.117229	2
944	6.05994	3.99039	0.326034	2
950	8.07431	1.60218	-0.422568	2
955	8.46547	6.87998	0.348684	2
963	8.25983	24.2297	0.370337	2
964	8.53388	19.016	0.599416	2
969	6.73781	21.5811	0.402782	2
977	9.27449	20.9549	-0.0677605	2
982	8.34458	18.5696	-0.147079	2
984	5.19938	11.031	0.51335	2
993	8.69654	2.1915	0.92194	2
994	8.58038	24.811	0.266341	2
1011	5.45358	12.4908	-0.0905135	2
1014	6.73471	4.83148	-0.22261	2
1015	7.24694	22.9385	1.13406	2
1018	5.2674	8.93181	-0.0536416	2
1020	8.54628	23.2935	0.178185	2
1022	7.67143	12.2264	0.426459	2
1028	6.80488	9.86421	0.0984628	2
1029	6.48517	16.5792	0.192196	2
1032	7.23788	9.16015	-0.133111	2
1033	5.049	24.5905	0.849082	2
1036	8.23698	24.2159	-0.315542	2
1037	7.301	10.8593	-0.857603	2
1042	6.02801	4.9529	0.658712	2
1043	5.24565	11.9777	0.668827	2
1053	9.16934	13.2619	0.72512	2
1061	9.03312	21.9383	1.40137	2
1064	7.21022	15.6526	0.198903	2
1076	7.34389	18.2874	-0.292096	2
1081	8.90068	14.3222	0.59846	2
1085	9.58514	18.3158	0.578401	2
1091	9.84318	22.51	0.396574	2
1098	9.98525	11.9271	0.612003	2
1107	5.59241	21.7893	-0.617077	2
1115	7.1977	22.8626	0.206659	2
1116	5.89322	17.9081	-0.0979785	2
1134	6.93787	20.9902	0.853986	2
1136	8.57756	5.75531	0.540451	2
1138	8.53207	10.264	-0.200819	2
1143	7.93651	9.56897	-0.245937	2
1144	7.46873	6.52696	0.459918	2
1146	7.56787	21.1532	0.653166	2
1147	8.56231	10.8297	-0.0385729	2
1149	9.98601	17.714	0.490611	2
1152	5.56236	5.28579	0.00528621	2
1155	7.88959	1.26676	1.21049	2
1159	7.86369	20.3656	0.778824	2
1160	8.93542	16.2182	0.681002	2
1161	9.56084	3.10156	0.264728	2
1169	5.61195	6.80201	0.219501	2
1173	6.97758	24.6696	-0.355171	2
1176	6.253	15.4933	0.360985	2
1178	8.02893	9.40424	-0.583173	2
1179	7.85986	15.4848	-0.179988	2
1180	7.90191	17.4746	-0.15329	2
1189	8.23691	5.18733	0.154708	2
1191	5.46792	21.2773	0.196942	2
1192	9.42853	8.30244	0.724945	2
1197	9.70173	5.63507	0.531682	2
1201	6.65837	22.5603	-0.232178	2
1202	6.81811	10.7093	0.00863204	2
1211	5.1698	11.1298	0.533512	2
1213	8.64537	9.56907	0.646059	2
1216	8.93532	10.9145	0.510534	2
1219	6.44236	24.2552	0.741475	2
1229	6.3015	1.76724	0.419623	2
1230	7.74468	7.79319	-0.33188	2
1231	5.06612	20.7517	0.539984	2
1240	9.44043	21.0437	0.848096	2
1242	8.31194	9.3016	0.123103	2
1243	8.90704	11.1864	0.375983	2
1249	9.39624	1.20861	0.661697	2
1250	7.27016	19.1541	0.725015	2
1251	9.39051	18.754	-0.0393259	2
1255	6.38795	9.35616	-0.207109	2
1272	5.60928	22.9055	-0.0102486	2
1274	6.9174	12.7934	0.365664	2
1282	5.14688	16.0374	0.864405	2
1283	9.06902	23.082	0.139513	2
1288	9.17197	20.4865	0.164095	2
1296	5.2856	23.5737	0.459701	2
1298	5.1801	12.3591	-0.444497	2
1310	7.28991	8.31398	1.05068	2
1311	9.82274	19.5664	0.403583	2
1313	6.82012	3.39435	0.834833	2
1316	5.05526	1.96742	-0.12976	2
1322	9.39263	2.23148	-0.657413	2
1323	8.80148	23.4494	0.495727	2
1330	5.32086	7.61252	0.111308	2
1333	5.1026	21.557	-0.11773	2
1336	9.79338	24.1412	-0.971721	2
1340	8.42154	22.4178	0.483062	2
1349	6.29873	20.4748	0.64527	2
1367	8.21435	13.1492	0.391262	2
1372	9.60277	5.54801	-0.20064	2
1378	9.51986	11.1302	0.687985	2
1383	6.91284	8.70484	0.512228	2
1387	8.05427	19.8383	-0.345435	2
1392	7.13873	15.0507	0.373521	2
1402	6.80768	5.96984	0.682878	2
1404	8.25086	24.1074	0.697523	2
1412	9.76625	11.4659	0.409446	2
1414	7.35639	23.6973	-0.179352	2
1415	6.70273	21.5412	0.457943	2
1428	6.74843	2.88759	0.161968	2
1433	8.04434	1.11089	0.265849	2
1448	6.22698	17.5319	0.34689	2
1461	7.89108	2.43828	0.523017	2
1462	8.24356	4.90085	0.49706	2
1464	6.0729	1.12013	0.399351	2
1466	8.78351	4.04081	0.360838	2
1470	7.37813	15.5161	0.339598	2
1476	9.32444	7.9701	0.730155	2
1483	5.0381	4.84286	-0.945317	2
1484	5.71703	21.9006	0.796106	2
1485	5.31984	11.4339	0.233083	2
1486	8.4913	13.4033	0.785195	2
1491	6.93956	9.68209	-0.222764	2
1496	5.72371	18.0212	0.924278	2
1497	6.57439	2.26411	0.457673	2
1499	9.47373	12.2845	0.0360412	2
1517	8.71268	6.66293	-0.0900419	2
1524	9.726	11.3158	0.738585	2
1525	8.93505	10.7655	0.112569	2
1526	9.79104	12.7683	0.69895	2
1527	9.88702	4.40465	0.0940912	2
1530	7.78352	9.21089	0.880095	2
1535	8.89721	23.5436	0.231591	2
1539	9.76223	11.2593	-0.0662675	2
1547	6.44773	8.00417	0.228432	2
1549	8.53437	15.6746	0.0423352	2
1560	8.57782	21.96	1.57206	2
1563	9.80443	17.0905	-0.531935	2
1568	8.81124	19.7677	0.233613	2
1577	5.17639	6.69035	0.155901	2
1579	8.76405	8.02657	0.310398	2
1591	5.57244	20.6587	0.637965	2
1600	9.96358	23.2077	1.4423	2
1602	5.18565	23.808	0.718086	2
1605	7.35313	13.0074	0.589367	2
1614	9.72845	9.43677	-0.589256	2
1627	7.72531	11.7162	0.928194	2
1629	6.54814	23.2993	0.124687	2
1642	7.68926	0.178169	-0.357016	2
1645	7.07406	5.77522	0.202538	2
1647	8.41992	14.2685	0.800116	2
1648	8.59195	3.71745	-0.832843	2
1657	9.24435	15.9044	0.201418	2
1670	9.17048	6.91666	1.16319	2
1675	5.87694	14.0427	0.0530085	2
1682	8.62255	6.93316	0.0594057	2
1684	6.85294	11.6293	0.998753	2
1689	5.31827	23.6059	0.848395	2
1699	9.11184	24.2441	1.69491	2
1726	6.16761	3.96076	1.1926	2
1736	9.98828	3.71698	-0.0464025	2
1739	8.18261	7.34123	0.78478	2
1743	5.2294	7.05932	1.0851	2
1748	8.42764	1.48456	-0.259084	2
1754	8.20157	23.469	0.544641	2
1755	6.00799	2.88001	-0.502325	2
1769	8.83123	23.2714	-0.123909	2
1773	9.30154	1.08138	0.0510349	2
1779	8.95281	10.8029	-0.352778	2
1784	6.67502	1.67392	-0.143104	2
1787	9.65206	11.7238	0.270829	2
1797	8.29698	9.82081	-0.183457	2
1798	6.70299	18.2234	0.116613	2
1802	6.22456	2.93488	0.769378	2
1804	8.84997	20.6028	0.0865587	2
1811	7.09649	1.59736	0.261778	2
1815	9.84821	8.48318	-0.175097	2
1836	9.49768	5.6564	-0.322749	2
1837	5.63404	11.2394	-0.211138	2
1839	5.5896	2.5616	0.106422	2
1848	5.26416	1.6239	0.562185	2
1851	7.43897	18.5261	0.272233	2
1855	7.39543	18.104	0.656423	2
1859	7.3026	12.9353	0.379302	2
1871	8.79768	19.0786	-0.208771	2
1877	8.22954	10.1012	0.952331	2
1878	7.38496	16.1975	1.45588	2
1892	9.83324	4.22295	0.322538	2
1893	8.55863	12.2693	0.886943	2
1894	5.53062	8.99207	-0.21244	2
1896	7.07784	17.2963	0.35848	2
1905	7.7487	20.1796	0.919157	2
1909	8.38675	13.185	1.7058	2
1914	6.64926	21.2355	0.159696	2
1915	7.81817	0.660237	-0.356733	2
1917	5.09676	2.14394	0.548709	2
1922	9.65958	5.60032	0.00672135	2
1925	8.53661	3.21078	0.721312	2
1927	8.41503	21.9707	-0.234483	2
1929	6.42749	20.1634	-0.110394	2
1933	7.26561	0.322241	0.0656122	2
1936	8.24302	10.4882	0.486943	2
1943	7.66706	3.23977	0.367707	2
1953	9.12935	19.3434	0.553309	2
1959	6.08298	6.41825	0.111646	2
1980	5.6445	16.7317	0.344453	2
1982	7.54598	14.6771	0.0252985	2
1985	9.04684	4.36917	-0.258845	2
1994	8.5927	7.31734	0.970835	2
1997	5.77505	20.8665	0.0227894	2
2000	8.74567	18.0343	0.379875	2
2003	8.40692	22.38	0.699543	2
2004	9.72773	17.0771	1.03724	2
2007	6.81885	3.24342	-0.53462	2
2012	9.169	10.0538	-0.133573	2
2026	9.05608	2.09987	-0.244973	2
2028	8.24746	17.1134	0.464962	2
2029	8.84295	7.03082	0.129933	2
2030	7.32753	5.3774	0.633376	2
2032	6.82183	14.8485	0.155062	2
2034	5.71171	11.0157	2.16666	2
2035	8.00259	15.2883	-0.467559	2
2046	8.91171	12.5129	0.360148	2
2048	8.0475	3.77771	0.334373	2
2056	7.23147	15.7162	-0.796529	2
2062	9.22192	5.92734	0.249483	2
2063	7.57145	6.55059	0.196061	2
2071	8.33694	3.45554	-0.0893025	2
2077	6.75863	5.67829	0.197563	2
2080	9.85945	0.22034	0.615941	2
2096	5.43487	3.92808	1.22359	2
2100	9.88258	12.2491	1.66033	2
2110	6.61622	21.5316	0.662293	2
2114	5.65654	21.8683	-0.706592	2
2117	9.47814	17.1878	-0.203798	2
2119	5.29562	22.7408	0.22737	2
2127	8.33508	18.2527	0.0996611	2
2128	9.41742	7.83825	-0.476491	2
2134	9.19543	23.3203	-0.0415844	2
2143	7.15379	0.217431	0.602403	2
2144	7.61406	8.65716	0.360199	2
2145	7.85401	7.80214	-0.138433	2
2148	5.12453	21.6911	0.8285	2
2150	6.43042	1.34765	-0.556827	2
2152	9.69009	20.7771	-0.724968	2
2156	8.60341	6.0072	0.249638	2
2157	8.38785	4.6781	-0.652195	2
2159	7.38079	13.7157	0.744959	2
2164	9.51975	0.263409	0.179228	2
2167	6.95328	14.0459	0.84921	2
2188	5.57089	0.131971	0.0188782	2
2189	5.9821	23.1688	-0.0468418	2
2192	8.08786	14.0444	0.580049	2
2198	8.62487	24.7598	0.36314	2
2199	7.98893	8.89497	0.519627	2
2205	5.70396	6.25237	0.270102	2
2206	6.91458	8.78926	0.241759	2
2211	6.6777	22.2177	0.389085	2
2218	6.97751	2.76956	0.662095	2
2237	9.22111	14.3206	0.395646	2
2239	5.43762	3.79064	0.945856	2
2241	6.44127	16.3286	-0.11381	2
2244	8.15783	1.72024	0.265278	2
2247	9.77213	15.4395	0.383705	2
2251	8.43169	7.6761	0.920694	2
2257	7.20154	7.36773	0.822159	2
2267	7.93889	7.24211	0.680318	2
2270	5.00539	24.3949	-0.198912	2
2282	9.52201	15.6433	0.301268	2
2299	8.73927	24.1037	0.528271	2
2302	8.59289	16.236	0.0927559	2
2306	6.49576	3.21922	0.335393	2
2307	7.91472	10.7106	0.448411	2
2309	5.68431	24.7608	1.16247	2
2331	7.93459	13.9339	0.478208	2
2332	7.85747	14.537	0.60298	2
2336	6.86601	0.991532	-0.0918538	2
2344	6.86777	10.0462	-0.712591	2
2345	7.99044	20.8473	0.722151	2
2350	9.06344	11.5346	0.317571	2
2357	5.20902	10.2317	-0.486846	2
2361	9.61797	12.1085	0.557727	2
2364	8.08286	6.47836	0.52256	2
2365	9.137	2.36029	0.326688	2
2376	9.86099	2.90217	0.653849	2
2379	5.13231	2.53488	0.127626	2
2386	6.9833	21.0892	0.220719	2
2389	5.9537	1.33116	0.406496	2
2390	7.2675	1.66576	0.260991	2
2391	8.56961	14.9132	-0.400037	2
2401	8.4832	10.2402	-0.313729	2
2403	9.19599	21.4378	-0.328452	2
2405	9.65666	8.73421	0.119816	2
2406	9.57839	7.37254	-0.355574	2
2411	9.90768	19.8465	0.529996	2
2412	9.87955	20.8451	0.335422	2
2419	6.56334	11.8853	-0.274807	2
2420	6.97857	16.087	-0.104445	2
2432	8.55521	4.35754	-0.1243	2
2441	9.63006	8.85154	-0.178639	2
2445	7.64695	20.6615	0.145627	2
2451	5.42154	2.77026	0.779859	2
2453	6.25985	16.1403	2.03351	2
2455	9.59568	19.3408	0.237223	2
2459	5.42932	16.6715	0.385498	2
2462	5.99533	14.691	-0.233041	2
2466	9.7778	5.94095	0.853928	2
2485	6.06613	14.8781	1.24259	2
2489	6.75672	1.76394	0.779013	2
2495	5.70302	10.0678	1.18076	2
2498	9.0292	8.82448	0.412083	2
2499	8.94589	0.0435276	0.79559	2
2504	6.68621	16.0311	0.53352	2
2512	9.76028	9.36454	0.193517	2
2524	5.57813	24.3938	-0.245587	2
2542	6.92217	1.07617	-0.372966	2
2543	8.75818	18.3285	-0.210044	2
2545	8.60497	16.813	-0.436271	2
2546	6.40598	10.8177	0.405157	2
2548	6.10146	0.951125	0.704135	2
2549	6.14587	2.75536	0.126487	2
2551	6.02552	17.7111	0.482164	2
2552	9.8418	7.31256	0.53547	2
2553	6.58878	2.51865	0.311391	2
2555	9.82104	10.7468	0.35007	2
2558	7.63724	12.3229	-0.83816	2
2559	5.58437	12.1726	0.206507	2
2571	8.4335	6.71655	0.300534	2
2572	6.55118	9.51526	0.480047	2
2576	5.91762	18.879	0.691477	2
2580	8.20946	6.05784	1.27821	2
2585	7.43361	15.4951	0.224548	2
2586	7.97655	2.69608	-0.622759	2
2593	7.36378	14.6381	-0.103783	2
2601	7.97263	4.16537	-0.729657	2
2608	5.35596	22.1665	0.126221	2
2612	5.99789	9.42921	0.0391293	2
2617	8.2925	22.4166	0.535534	2
2618	5.42426	18.1247	0.425235	2
2623	6.16047	13.2652	0.386819	2
2630	6.00375	22.9838	0.381052	2
2631	7.05036	22.6054	0.338342	2
2633	9.44	3.45726	0.230466	2
2636	6.47616	14.8269	-0.21914	2
2638	6.21482	16.3525	0.477214	2
2641	9.81483	23.0466	0.357468	2
2642	9.1699	22.5334	0.659295	2
2645	5.43267	9.39708	0.53538	2
2648	5.08713	0.826525	0.220911	2
2652	6.38382	24.0563	0.659679	2
2654	6.30844	0.442334	0.772575	2
2655	5.50996	0.661041	1.02299	2
2656	7.42335	13.1976	-0.457986	2
2658	5.26331	19.5775	0.0640904	2
2659	8.82005	15.1669	0.248853	2
2675	8.25561	1.43476	-0.0830245	2
2678	9.82052	10.1177	1.2083	2
2680	9.56288	10.1439	0.489036	2
2681	6.99968	22.1627	0.260005	2
2682	8.54405	3.72515	0.00504566	2
2689	7.14117	2.61263	0.416941	2
2697	7.81129	20.0179	0.544955	2
2698	6.38949	1.79472	0.712916	2
2700	6.59444	24.3112	-0.0946454	2
2705	6.91138	23.567	0.140548	2
2709	9.15888	6.50939	0.77903	2
2711	9.01313	8.49892	1.03137	2
2718	9.50361	16.917	1.18567	2
2729	6.42352	7.88453	0.733146	2
2733	9.41856	17.9398	-0.861857	2
2734	9.43206	20.578	0.568472	2
2736	9.41289	4.25959	0.602769	2
2740	5.04486	12.6736	0.44302	2
2741	9.62815	13.8551	0.364247	2
2744	8.90737	2.22026	0.450252	2
2752	8.45515	1.28177	0.320934	2
2756	5.83527	12.5629	0.0713018	2
2758	6.30529	7.22344	0.698261	2
2763	8.82384	19.7601	0.658405	2
2765	8.68378	20.0766	0.425727	2
2767	6.14163	14.9951	0.727911	2
2794	5.91059	14.6484	1.29943	2
2796	8.25262	19.1823	0.427455	2
2813	9.61329	13.7127	-0.158889	2
2832	7.23387	23.3858	1.37574	2
2839	9.85146	4.1329	0.656757	2
2859	9.7016	8.93411	0.0340741	2
2873	9.96046	4.69746	0.106486	2
2875	5.80233	13.307	0.631517	2
2880	8.98243	16.1169	0.28791	2
2886	9.12185	22.6192	0.325246	2
2887	8.01567	13.0973	-0.187492	2
2888	6.87767	15.8467	0.473183	2
2897	8.528	12.1131	0.845262	2
2899	6.64589	2.15033	0.463415	2
2902	7.80639	5.59945	0.642268	2
2903	7.50716	7.39083	0.853942	2
2910	8.57158	8.83317	0.562656	2
2917	6.39696	19.6675	-0.0572358	2
2921	7.28286	6.11781	0.336307	2
2923	7.404	21.476	-0.527063	2
2927	5.66732	2.80038	-0.354457	2
2930	6.48453	22.296	0.493487	2
2933	9.81448	19.7946	0.435264	2
2937	5.31054	24.7909	1.3747	2
2940	6.73555	2.87996	0.990198	2
2942	6.2411	12.9083	-0.392763	2
2955	5.36387	17.3437	1.27091	2
2957	9.48038	17.9887	0.0390353	2
2962	9.45847	17.797	1.115	2
2967	9.17457	1.55298	-0.465758	2
2975	5.7423	3.22899	0.92201	2
2976	7.35824	21.8643	0.702132	2
2993	5.48583	17.1143	0.470786	2
3012	5.57983	21.5327	0.380931	2
3020	6.70102	4.45279	-0.230794	2
3026	8.74786	12.2462	0.404139	2
3030	8.77287	1.5504	0.132829	2
3032	9.51477	21.7992	0.212182	2
3037	5.3402	19.6431	-0.0679602	2
3048	7.27524	12.8573	0.668731	2
3065	5.6004	5.47595	0.0582673	2
3071	6.04743	1.7211	0.639086	2
3072	6.73682	2.36744	0.172456	2
3077	7.42252	3.19796	0.397834	2
3093	7.50339	16.431	0.692341	2
3095	9.13944	13.5337	-0.112979	2
3108	6.71159	2.44842	0.687234	2
3123	6.5252	23.7696	0.78111	2
3126	8.2134	12.2452	-0.311691	2
3131	7.52657	17.0097	0.87776	2
3134	6.3615	9.74795	1.04169	2
3137	6.82405	0.373122	0.847234	2
3144	7.32257	16.6574	0.596784	2
3150	8.75972	6.56303	0.145369	2
3155	8.51302	16.7443	0.4873	2
3158	9.37004	1.27076	0.770715	2
3161	6.20152	4.90866	0.322535	2
3163	5.35765	15.2488	-0.211893	2
3167	6.43208	21.5963	0.638905	2
3174	5.47593	5.83376	0.557835	2
3178	7.2682	23.7841	1.18007	2
3179	5.01927	0.520124	0.827774	2
3181	9.53362	24.0441	0.471632	2
3184	8.27691	18.3007	0.902029	2
3187	8.84905	21.9155	0.232001	2
3189	6.02188	14.0934	0.941149	2
3190	5.87672	23.9141	0.280127	2
3205	5.63314	7.54529	0.840035	2
3213	6.53416	17.787	0.0219473	2
3224	8.81742	0.74625	-0.541447	2
3229	7.75503	10.7554	0.670168	2
3230	9.5068	10.6277	0.762401	2
3231	8.25052	11.1107	-0.0943683	2
3233	9.03076	4.43949	1.04652	2
3243	8.7652	7.1397	0.555601	2
3246	5.68018	13.2983	-0.0618644	2
3247	6.52185	7.37846	0.583501	2
3258	9.87491	6.25665	0.358067	2
3259	8.90543	5.18482	0.343826	2
3262	8.86001	17.1928	-0.206236	2
3265	7.32953	5.19718	-0.061245	2
3267	6.40812	10.6795	0.569765	2
3268	5.56078	10.2531	-0.0874452	2
3271	6.13566	5.16983	0.912621	2
3272	8.2579	5.20266	-0.0136444	2
3278	9.73005	6.02414	0.529794	2
3282	5.63283	3.15153	0.850555	2
3286	9.36184	19.6253	1.2253	2
3287	5.51054	12.0516	0.153981	2
3295	5.03537	14.8891	0.148022	2
3306	9.20575	15.0391	0.292635	2
3316	9.34059	8.20886	0.0949426	2
3324	7.73001	4.98143	-1.2811	2
3330	9.4524	6.24516	-0.303578	2
3331	8.91564	0.25634	0.908127	2
3332	8.40384	21.7759	0.677059	2
3339	8.81197	9.90093	-0.147946	2
3340	9.11137	9.70116	0.791007	2
3350	7.1107	1.06495	0.947909	2
3354	7.43214	21.6867	1.25674	2
3355	6.87769	16.9495	0.596366	2
3366	9.2501	8.31086	0.194659	2
3369	8.66529	22.1176	0.324654	2
3380	8.63183	5.63437	1.12845	2
3384	9.97067	16.6254	0.640094	2
3385	9.88755	16.8542	0.763298	2
3389	9.98445	5.81574	0.658283	2
3390	9.23543	6.67289	0.724066	2
3396	9.51446	19.4311	0.615354	2
3405	6.3203	13.7199	-1.23806	2
3411	9.08158	6.26035	-0.799773	2
3412	9.4872	6.75734	-0.00937116	2
3413	9.668	6.26102	-0.148969	2
3423	5.36995	21.7067	0.00013528	2
3428	8.92221	19.9509	1.16407	2
3444	6.43232	7.35897	0.759725	2
3445	5.38545	6.84115	0.809435	2
3459	9.97112	10.8478	0.239969	2
3479	8.11638	12.3759	0.323817	2
3489	8.78067	11.5784	0.0822122	2
3501	8.66572	24.5338	0.304548	2
3502	8.59441	24.8907	-0.477703	2
3507	8.27057	3.62234	0.227598	2
3513	9.36147	8.11877	0.107181	2
3515	7.81994	5.10237	0.558525	2
3517	9.20744	21.6841	0.33521	2
3518	8.08606	21.1363	0.111698	2
3521	8.25165	12.059	0.0811864	2
3527	6.24812	23.8861	-0.170023	2
3531	9.62239	12.1169	1.12238	2
3539	7.66194	17.6143	0.952706	2
3541	6.02206	0.364281	0.695609	2
3547	5.19498	3.47916	-0.556018	2
3553	5.53192	18.5385	0.584259	2
3569	7.60248	9.01813	0.273374	2
3571	5.50279	0.658624	-0.385946	2
3573	6.8189	3.32208	0.761537	2
3575	9.91076	10.43	0.867045	2
3576	6.13918	14.9031	0.246206	2
3577	9.17354	2.18509	0.556649	2
3585	8.07216	2.76482	-0.191953	2
3601	7.29638	16.3955	0.90596	2
3603	5.82416	14.9709	0.394076	2
3613	5.10756	1.34376	-0.576372	2
3620	9.33237	24.2161	-0.182816	2
3632	7.70804	16.7395	-0.164769	2
3645	7.57818	22.8922	-0.0531292	2
3650	8.44038	1.76043	0.37027	2
3653	9.46255	8.72631	0.842739	2
3655	9.58467	24.1458	0.631648	2
3656	9.23838	23.9348	1.07305	2
3659	6.32242	1.03406	0.00598442	2
3660	6.10034	0.883247	0.828598	2
3663	5.07529	10.7857	-0.0782941	2
3665	6.25648	1.98706	0.157384	2
3667	5.38808	21.1856	0.0706334	2
3671	7.76655	6.71109	0.0100658	2
3676	7.66905	22.9389	0.538321	2
3682	6.3666	9.51699	0.0273735	2
3689	6.68193	14.5786	0.275457	2
3690	5.80179	14.7675	0.470422	2
3691	7.43131	16.6886	0.0300529	2
3692	7.06193	7.40647	-0.361808	2
3696	7.63246	15.3947	-0.1532	2
3704	9.13256	2.93209	0.668237	2
3705	9.61595	21.0366	0.125017	2
3709	6.84648	5.44767	-0.605731	2
3718	7.65368	20.9221	0.619584	2
3722	9.91873	21.792	0.0902841	2
3723	8.22531	12.2601	1.27538	2
3725	9.05646	22.6636	-0.286565	2
3744	5.22769	0.69055	1.06049	2
3754	5.81773	24.8087	0.730776	2
3755	5.5196	24.731	0.79459	2
3756	6.99785	21.4871	0.654833	2
3757	6.3788	21.48	0.0941394	2
3759	6.58441	23.4656	-0.173752	2
3760	6.60698	23.9588	0.72837	2
3765	7.17375	20.3916	-0.0112528	2
3777	9.81857	5.91458	0.795978	2
3778	9.84782	5.61085	0.428813	2
3779	7.82406	6.77825	0.326758	2
3780	9.72926	10.3475	0.929613	2
3781	9.25042	15.0687	0.858001	2
3786	5.27715	17.2967	-0.509846	2
3790	9.74613	23.4705	-0.369338	2
3797	8.80244	11.0498	0.0275838	2
3820	5.04965	22.915	0.725507	2
3821	6.4969	16.2336	0.864266	2
3822	9.10648	15.7358	0.0334724	2
3830	8.04749	7.94725	-0.400661	2
3835	6.03957	16.0791	0.823956	2
3856	5.62766	11.0625	0.404901	2
3864	9.77023	15.4036	0.358032	2
3872	7.04745	17.5535	1.3024	2
3874	6.13706	16.2561	0.871461	2
3875	9.45164	16.3116	-0.00142811	2
3876	9.48479	13.466	0.0824038	2
3879	7.95763	21.5263	1.20282	2
3899	6.45399	19.153	-0.704849	2
3911	6.8188	8.9545	0.399641	2
3913	7.7634	19.8013	0.179801	2
3940	6.92155	20.8004	-0.00271793	2
3952	6.33541	0.336289	-0.61971	2
3953	8.75899	5.25529	1.42273	2
3954	8.85263	5.27318	0.310225	2
3955	5.74992	23.1988	0.170314	2
3962	8.71784	3.78912	-0.00477314	2
3972	7.51804	2.73081	0.774007	2
3985	6.45684	5.01557	0.865339	2
4003	6.71656	2.34102	0.125943	2
4014	5.66213	22.3398	0.941861	2
4015	9.11332	13.6795	1.23656	2
4017	9.44299	11.8822	0.546844	2
4020	7.22203	3.12442	0.512974	2
4022	5.63214	11.9823	-0.71474	2
4029	6.72571	22.0462	1.24489	2
4036	7.89067	17.1662	-0.900222	2
4037	7.6824	17.6028	0.50348	2
4039	5.21107	9.39363	0.358456	2
4042	8.91681	24.6453	-0.994256	2
4045	9.10779	13.5357	0.680547	2
4049	9.60513	12.2328	0.16957	2
4050	9.20898	12.5173	0.107793	2
4052	8.40768	9.80611	0.139394	2
4058	9.43633	3.16412	-0.403762	2
4061	7.28596	19.3267	-0.441821	2
4072	9.53786	20.4322	0.906536	2
4087	8.66124	13.1535	-0.196049	2
4088	7.37895	14.4237	0.550806	2
4089	7.05743	13.2611	0.226447	2
4092	7.35908	22.581	-0.432676	2
4093	6.19575	13.3897	0.826572	2
4094	9.44746	9.4284	0.281691	2
1	12.0549	11.9854	0.713646	3
6	11.7595	23.1988	-0.00175576	3
10	12.5991	5.99163	0.144856	3
11	11.0039	18.8745	-0.0242939	3
13	11.2252	23.5796	0.273466	3
23	13.6721	3.28286	1.22197	3
24	11.6904	15.4269	0.525947	3
26	13.8215	16.868	0.995505	3
27	10.6571	17.5647	-0.00477705	3
32	13.9046	2.66594	0.163635	3
47	14.6918	20.6624	0.540452	3
48	13.0722	18.2276	0.82262	3
57	11.8559	24.7751	-0.304407	3
58	13.4717	3.16593	0.869145	3
62	11.7828	17.118	-0.056095	3
64	13.9965	17.8061	0.140445	3
66	12.8921	15.0211	0.125062	3
68	11.2009	12.201	0.914948	3
74	12.6221	22.9665	0.380134	3
78	14.0133	8.75394	0.776059	3
81	12.3938	0.322763	0.104215	3
88	10.932	15.5362	0.460706	3
92	10.0056	4.46273	-0.144027	3
100	12.0243	3.57844	0.176075	3
108	11.2626	24.9576	-0.419202	3
112	14.8254	7.74665	0.901453	3
116	12.8454	4.07642	0.0819425	3
117	11.9537	3.63858	0.157986	3
120	13.8925	21.5238	0.423524	3
127	12.3609	3.67368	-0.11195	3
128	14.854	12.7164	-0.272813	3
131	13.3105	20.7936	0.178835	3
136	11.3773	4.46862	1.01846	3
138	11.6312	15.9272	0.362517	3
141	13.2507	6.73965	0.158232	3
143	14.9759	15.5392	0.371233	3
146	14.2232	14.3796	0.501255	3
151	13.644	6.83231	-0.0196306	3
158	13.9492	15.4378	-0.0201462	3
178	11.3156	13.661	-0.156635	3
184	13.1515	21.1997	0.232826	3
187	11.6528	5.66607	-0.316111	3
196	12.5243	15.1731	-0.0436409	3
199	12.9276	15.7317	-0.089997	3
200	11.0565	20.4793	0.618658	3
205	13.8529	4.59419	0.487274	3
209	11.9607	3.8318	0.672056	3
212	14.2746	13.6975	0.715028	3
224	10.6093	16.556	0.167941	3
226	12.7594	6.79003	0.503845	3
227	13.9556	13.5659	-0.0535607	3
230	11.7593	2.57531	0.737049	3
240	12.7587	9.02786	-0.350476	3
243	12.1444	4.20833	0.469528	3
248	12.1625	9.42763	1.03611	3
253	13.264	9.79371	0.12855	3
264	14.8891	7.15422	0.13403	3
266	11.4243	19.036	-1.07812	3
270	11.5856	7.93281	-0.148904	3
278	14.4858	4.28769	-0.355415	3
279	12.3635	3.63582	0.348655	3
284	10.0483	4.81386	0.537092	3
289	12.9312	12.5359	0.206809	3
295	11.9516	11.7866	-0.325347	3
297	14.397	19.1998	1.18656	3
299	13.4256	9.1072	0.936411	3
309	13.2587	13.0539	0.667045	3
327	10.7084	20.0716	-0.30611	3
328	10.0152	16.7664	0.47744	3
337	13.0973	16.2527	0.363489	3
350	14.9141	0.786262	0.527879	3
361	14.1264	7.32155	0.885379	3
374	12.534	15.2448	-0.814828	3
378	10.6445	8.86984	0.0583892	3
380	14.7183	13.8144	0.179563	3
381	11.0699	14.8766	0.493537	3
383	12.1707	5.15279	-0.376542	3
390	12.1361	5.75182	0.512894	3
409	14.0718	12.6436	0.482369	3
414	14.2108	11.3258	0.286722	3
418	10.5636	0.483535	0.198461	3
425	13.0886	20.4535	0.291941	3
430	12.402	1.82017	-0.373654	3
435	10.7394	15.4516	-0.0511308	3
441	14.5015	14.5083	-0.561182	3
443	12.0679	19.1037	0.027649	3
446	11.0454	14.4401	0.414792	3
450	10.1232	4.64258	-0.696259	3
451	13.6514	8.03008	-0.213341	3
454	12.5836	13.9491	0.609131	3
458	12.3344	23.2238	-1.01377	3
460	13.7171	24.4926	-1.03143	3
468	13.6187	6.47502	0.290299	3
469	10.4533	15.63	0.613876	3
477	14.7484	22.3402	1.75632	3
478	10.8303	16.1775	0.531722	3
479	13.315	19.6149	0.609844	3
500	14.7155	2.76331	0.30539	3
502	13.3784	15.2109	0.805369	3
508	10.9641	17.6888	0.14248	3
513	12.7568	11.2042	0.310611	3
530	13.4899	1.58103	0.571582	3
534	13.3503	15.861	-0.138098	3
535	12.8765	21.5214	-0.388913	3
536	10.4763	13.2485	-0.565953	3
543	13.4734	20.4207	0.188096	3
546	11.8616	4.53566	-0.0327841	3
547	10.216	7.73907	-0.569165	3
548	10.6395	9.32106	0.211864	3
555	11.5199	14.7738	0.816786	3
572	12.5619	15.5483	-0.0760134	3
577	12.3375	13.0758	0.0267119	3
579	10.3262	15.5462	0.808613	3
585	12.4058	24.4827	1.17606	3
604	14.514	4.30543	0.461747	3
629	10.5467	12.7234	0.273579	3
637	12.5915	1.81027	0.430702	3
638	10.9012	22.7666	0.232281	3
639	12.5739	19.9642	-0.0343966	3
643	11.3019	9.47626	-0.127673	3
662	11.192	15.0709	1.11333	3
668	14.4424	14.0767	-0.304303	3
671	14.3164	9.76081	0.389408	3
672	14.2071	2.42766	-0.128651	3
675	12.2928	5.56544	0.350614	3
684	14.0125	5.44005	0.377775	3
685	13.335	18.0379	0.331078	3
687	13.2262	23.55	0.481356	3
705	12.9906	4.779	0.790632	3
708	14.2394	4.5078	0.725395	3
711	11.2668	1.49256	-0.793998	3
716	11.7979	6.77796	0.220666	3
717	13.9154	22.3255	0.574596	3
725	13.4613	3.25155	-0.0627677	3
728	10.9145	5.96662	0.408506	3
731	10.9725	20.7267	-0.509079	3
732	13.5122	8.52443	0.774607	3
735	12.5037	6.84952	0.340782	3
736	10.4607	14.2117	-0.051574	3
747	14.5327	17.0369	0.37966	3
748	12.7844	24.8269	0.155165	3
749	11.5155	3.96729	0.171738	3
766	14.9337	19.0555	-0.504407	3
772	10.8077	2.37303	-0.074347	3
779	10.8219	19.4625	0.538464	3
781	12.5183	1.25666	0.588146	3
788	11.5211	20.8188	0.544393	3
791	11.1234	12.5638	-1.41059	3
798	10.0688	1.83896	0.365941	3
808	12.1211	18.087	1.33071	3
809	11.8586	18.9452	-0.404231	3
816	13.3414	19.8254	-0.263004	3
817	10.9765	10.5536	-0.220227	3
823	13.5992	0.338755	0.587359	3
826	14.0517	9.92601	-0.444626	3
831	14.4107	20.4354	0.25115	3
836	11.278	11.601	0.754115	3
847	10.5583	21.872	0.0108621	3
848	10.3007	19.4826	0.3199	3
849	13.1714	20.9322	0.365278	3
851	13.1283	24.1698	0.606049	3
861	11.2926	19.2471	0.340806	3
870	11.5238	1.12387	0.665004	3
883	13.1781	2.57894	0.289899	3
884	10.6597	3.89305	0.62541	3
886	11.8963	23.755	0.0126184	3
896	13.6527	13.9474	0.27072	3
898	14.3429	10.5792	0.734417	3
900	12.5178	6.82987	0.011396	3
901	14.3086	8.05527	0.537247	3
905	14.5603	0.620019	0.892328	3
911	11.7356	0.647984	0.842393	3
927	11.6612	14.958	0.193479	3
934	12.0038	0.897764	0.399837	3
942	13.5027	17.4642	0.510105	3
943	14.2687	7.10574	-0.0629308	3
947	13.1373	5.33749	0.849294	3
951	14.2012	9.23261	-0.0874715	3
952	10.3873	12.7302	0.0135305	3
957	14.9669	13.9543	0.0552505	3
960	14.0789	4.05239	-0.238461	3
961	14.1767	2.6515	-0.0580263	3
962	12.6198	19.4693	0.497824	3
970	10.0838	9.16523	-0.118469	3
972	14.4708	15.9271	0.794414	3
973	11.0087	17.6426	0.262252	3
975	12.577	1.77047	0.0634268	3
978	13.0099	21.6001	0.232722	3
983	11.1191	22.5714	0.622506	3
988	10.0734	9.44469	0.43253	3
989	12.9081	10.2256	0.418472	3
991	14.1622	19.9976	0.801664	3
998	11.9782	24.5094	0.110553	3
1004	10.2931	19.3567	-0.505099	3
1009	13.3191	15.5017	0.702637	3
1010	13.3353	15.9821	0.0911452	3
1017	13.9984	11.9419	0.129056	3
1019	11.6277	6.64247	0.571357	3
1027	11.0574	9.44771	0.652008	3
1030	11.34	5.24257	0.363282	3
1039	12.3549	22.1449	-0.304665	3
1044	11.8596	21.7	0.265625	3
1047	14.8521	9.40419	0.960212	3
1051	13.2262	17.0026	0.0475391	3
1057	12.6581	2.79619	0.459226	3
1069	11.4086	10.6394	0.0349454	3
1071	12.5379	0.0987181	0.157781	3
1073	14.9421	24.7826	1.10666	3
1088	12.7888	13.504	0.223446	3
1089	10.388	1.21724	0.85785	3
1105	14.5068	7.27823	0.769148	3
1113	13.237	7.28293	0.0634379	3
1127	11.0717	18.5364	0.489558	3
1129	13.058	22.1042	0.768538	3
1132	11.7226	17.1903	0.191948	3
1137	11.5333	12.3735	1.18944	3
1139	13.216	11.8246	0.445386	3
1141	13.5429	4.5292	0.637362	3
1151	14.1432	4.83486	0.890131	3
1162	12.0203	24.6186	-0.137218	3
1163	11.2147	18.4376	0.129211	3
1171	13.0362	22.1195	0.722139	3
1181	14.1782	10.9454	-0.442556	3
1184	12.9632	11.3617	0.356954	3
1194	14.1247	22.4975	-1.30824	3
1195	11.6968	22.3587	0.450575	3
1199	14.493	8.45343	0.542416	3
1203	14.456	13.6839	-0.210913	3
1204	13.8484	7.02976	0.56122	3
1209	14.0273	20.7955	-0.0204785	3
1212	13.5138	20.6005	0.159366	3
1214	14.1571	19.9381	-0.290411	3
1221	14.8947	12.393	0.478325	3
1225	11.7213	6.58047	1.11322	3
1226	11.3975	7.29576	0.951518	3
1235	13.9262	21.8484	-0.391804	3
1236	11.8522	18.8342	-0.151178	3
1238	14.1603	9.34244	0.0209858	3
1248	10.0657	17.2764	0.230739	3
1253	10.1772	10.6523	0.15474	3
1259	11.7699	3.60881	0.00297699	3
1263	10.3885	7.19961	0.214331	3
1264	10.6494	18.3738	-0.716872	3
1265	14.0785	18.4959	0.111195	3
1267	13.9139	9.28838	-0.0777802	3
1275	11.7612	18.5651	0.533008	3
1276	11.4768	19.3592	-0.100049	3
1279	10.3954	21.2507	0.469726	3
1293	12.268	6.9121	0.0620536	3
1300	14.0624	19.6911	0.210028	3
1306	14.7314	11.7085	0.662221	3
1308	10.1162	7.19519	-0.212552	3
1315	10.1913	16.0444	1.31983	3
1321	11.4719	21.6857	0.0489242	3
1324	12.504	7.94193	0.0312275	3
1325	11.6074	18.5364	0.512474	3
1326	13.6625	16.3422	-0.178361	3
1328	12.3174	9.98191	0.792756	3
1331	12.6675	8.88181	0.972404	3
1334	13.0848	0.443602	0.377069	3
1335	12.0849	11.4956	0.831186	3
1342	11.9356	10.5801	0.457933	3
1343	11.305	16.2682	0.81193	3
1345	12.1644	10.7899	0.220741	3
1347	11.0385	8.11274	0.217738	3
1353	10.2127	8.61572	0.0698067	3
1355	11.7879	12.6851	-0.0195521	3
1356	11.7738	0.271553	0.107433	3
1361	14.7193	21.7361	0.274596	3
1362	13.5372	9.0255	-0.0666921	3
1365	13.8393	15.057	0.127217	3
1371	10.3858	22.6877	0.318152	3
1376	14.6991	12.6516	0.00116978	3
1377	14.2045	8.94949	0.315122	3
1382	11.5177	15.0976	0.827303	3
1395	10.1067	21.6137	-0.0293519	3
1399	12.7029	20.3154	0.30686	3
1410	10.7798	18.9687	0.702115	3
1422	14.8851	8.50839	0.5685	3
1423	12.3809	2.81164	0.783635	3
1429	13.4887	22.6158	0.518233	3
1431	10.032	10.6975	0.876612	3
1434	11.3901	4.39036	-0.123003	3
1436	12.186	1.37832	0.774188	3
1437	11.345	3.74666	1.29201	3
1442	13.9239	19.4226	0.763676	3
1447	13.3262	2.39001	-0.105631	3
1463	13.1828	5.91	0.329355	3
1465	12.5231	11.4721	-0.539431	3
1468	13.3471	18.8511	0.606539	3
1469	11.1698	3.86762	-0.0172122	3
1472	11.6498	19.5233	0.500413	3
1474	10.2418	15.4925	0.549923	3
1479	13.7745	20.2373	1.00597	3
1487	13.4957	19.416	-0.230382	3
1489	11.8753	15.321	-0.135475	3
1492	13.5177	13.0093	0.366482	3
1509	11.9842	9.73286	0.239766	3
1511	13.3092	22.2813	0.73978	3
1513	14.87	24.8658	1.1402	3
1515	13.4545	5.81963	1.08931	3
1518	10.1848	5.30739	0.203351	3
1523	14.13	14.5756	0.240849	3
1543	14.0883	17.634	0.749249	3
1551	12.6067	14.8906	0.550201	3
1554	11.0204	1.9937	1.4035	3
1555	13.1415	11.9779	0.584106	3
1557	10.8951	6.31065	0.22067	3
1567	14.5087	24.86	0.331173	3
1569	13.5633	17.5308	0.615522	3
1570	10.0281	0.467334	0.21855	3
1573	10.1916	14.693	0.0932912	3
1583	10.4399	24.3517	0.0157647	3
1584	12.7136	4.41741	-0.127093	3
1586	10.8979	11.8261	0.370119	3
1594	13.3268	0.477395	-0.20696	3
1606	11.0982	21.3331	0.42532	3
1612	14.6625	2.67862	0.890485	3
1615	10.1101	18.7978	0.0409191	3
1617	10.4526	6.49823	0.26375	3
1619	13.3808	11.3907	-1.06736	3
1621	10.3956	19.5608	0.751077	3
1622	10.5131	10.7118	0.741004	3
1624	14.3519	10.1373	1.83791	3
1633	14.4422	23.4191	1.07332	3
1644	11.5838	0.868227	-0.471289	3
1653	12.9017	17.5701	-0.00775778	3
1655	10.3277	5.86122	0.909602	3
1667	14.9366	13.1155	0.336296	3
1671	14.2509	15.9707	0.033531	3
1673	10.7656	2.11566	-0.0281411	3
1677	10.3633	20.5265	0.161207	3
1679	13.2268	21.7336	-0.330885	3
1680	11.834	14.1805	0.222173	3
1693	11.887	13.4148	0.202234	3
1694	11.3901	7.19343	0.386417	3
1698	14.9043	20.0696	0.465387	3
1701	10.8744	4.05797	0.241628	3
1703	13.2879	13.9315	0.161929	3
1706	11.3169	14.9516	0.796434	3
1714	12.1919	0.999088	0.434503	3
1715	13.6281	24.8318	0.296857	3
1718	13.6581	13.6171	0.312196	3
1722	10.5924	21.488	-0.375024	3
1729	11.615	11.0372	1.21199	3
1732	12.4263	16.9837	-0.539274	3
1734	10.0582	1.44198	-0.904048	3
1741	12.6323	6.29615	0.282833	3
1747	10.3437	24.6455	0.151218	3
1749	13.7475	8.16077	-0.248859	3
1750	10.8333	5.44403	0.164773	3
1753	13.1195	5.97666	0.441214	3
1760	13.3811	4.04566	0.672968	3
1761	13.7616	2.22602	0.0695041	3
1765	13.6385	19.9397	0.0594205	3
1770	10.3606	0.992738	-0.471832	3
1771	13.6127	8.40422	-0.503183	3
1774	10.9227	14.3414	-0.0687265	3
1776	13.3327	22.3581	-0.471023	3
1789	14.9247	17.9566	1.14886	3
1795	14.2121	2.43974	-0.836667	3
1799	12.2205	12.0762	0.0253622	3
1806	13.481	0.585889	0.319769	3
1812	14.7123	7.68799	0.765088	3
1813	10.6134	23.1239	0.549909	3
1824	14.6232	20.9099	-0.658072	3
1826	10.4203	3.5542	-0.135792	3
1828	14.7904	24.7392	-0.299894	3
1829	13.3246	17.1776	0.100618	3
1832	10.7346	12.1117	0.170129	3
1838	13.2754	2.2099	0.198754	3
1841	11.8734	17.7135	-0.522167	3
1844	12.4899	4.15326	0.251719	3
1849	11.3602	2.24723	0.644984	3
1852	13.1194	2.19624	0.84034	3
1860	13.3343	15.0411	-0.519769	3
1865	13.9222	13.2358	0.16028	3
1869	13.1291	10.7468	0.704424	3
1875	13.0164	11.6995	1.44218	3
1887	14.1426	18.963	0.532927	3
1890	10.7986	15.4365	0.460792	3
1891	10.3314	17.1039	-0.0954877	3
1898	13.1932	4.92859	0.455592	3
1899	11.8554	24.8186	0.342771	3
1900	13.4112	18.3955	0.262176	3
1904	12.5574	16.0494	0.325755	3
1921	10.8619	7.63118	0.392833	3
1935	12.6553	20.4764	0.909796	3
1940	11.1361	20.2557	0.863636	3
1941	12.4951	6.0206	1.2325	3
1951	13.7673	14.5294	1.22732	3
1956	12.3482	4.30288	0.575647	3
1958	12.415	23.8279	0.175212	3
1960	12.7753	17.5109	0.875792	3
1966	11.1049	13.7434	1.50455	3
1973	14.1822	16.2085	0.618009	3
1977	10.5898	11.6893	0.856939	3
1986	12.1401	21.6042	-0.263738	3
1989	13.8067	1.41341	0.517184	3
1990	11.1763	18.6745	1.31745	3
1995	12.4269	2.44573	0.306817	3
2009	11.1274	15.1036	-0.242925	3
2016	12.6809	2.00795	0.244713	3
2021	10.5149	14.6032	0.53898	3
2023	13.7965	15.7537	-0.309388	3
2025	11.27	8.15157	0.534844	3
2027	13.0173	23.5022	-0.145442	3
2033	10.8974	12.0694	0.402395	3
2043	13.3222	6.34712	0.77658	3
2052	12.7481	7.81443	1.03116	3
2054	12.7296	3.03312	0.844265	3
2070	12.3111	7.7852	0.38006	3
2072	13.7245	24.8828	0.437743	3
2076	13.2037	5.77855	0.275659	3
2083	11.9744	6.34808	0.0828809	3
2084	13.0995	22.7422	0.75334	3
2085	12.9198	4.8029	0.753951	3
2086	10.7099	13.4777	-0.186147	3
2087	13.6846	17.6487	0.0781668	3
2089	12.7108	8.24487	0.357402	3
2118	13.9509	18.4582	0.582638	3
2121	14.5032	21.1113	0.166502	3
2124	12.8342	0.603047	1.04271	3
2125	14.3681	22.8986	0.559152	3
2126	11.5891	0.380857	-0.0130828	3
2129	14.5976	20.2708	-0.19641	3
2130	12.3556	21.8309	0.561391	3
2131	14.7199	11.0475	-0.424602	3
2136	10.6913	6.91764	0.762808	3
2138	12.0054	15.9739	0.441653	3
2149	10.2513	23.2495	-0.178876	3
2163	12.8298	8.81429	0.934563	3
2176	10.1086	13.7154	-0.724437	3
2177	13.3419	12.5606	0.246249	3
2179	12.4607	11.2508	0.830055	3
2186	11.9496	13.9863	0.235157	3
2187	11.134	14.4435	-0.0946646	3
2194	11.3331	0.528883	0.75191	3
2197	13.4196	7.31487	0.770391	3
2202	13.8217	23.5014	-0.124634	3
2204	14.793	10.1668	-0.252315	3
2208	10.0638	3.83089	0.229313	3
2225	13.9636	14.9239	0.363151	3
2227	10.264	18.2396	-0.0121441	3
2234	11.1657	3.8851	0.0152385	3
2243	13.6274	4.13679	0.218808	3
2248	13.0585	20.3758	0.418428	3
2255	11.1907	2.2216	0.708956	3
2266	13.2151	21.0166	0.160853	3
2269	12.6064	14.2183	0.377958	3
2271	10.479	14.5241	0.0541055	3
2276	11.9951	19.3599	-0.308617	3
2289	12.4568	11.4277	-0.0320676	3
2290	13.5218	24.5256	0.863628	3
2295	11.2139	16.304	0.831222	3
2303	11.7935	12.4366	0.740185	3
2304	13.3071	23.7486	1.12536	3
2305	13.0722	23.6488	0.76067	3
2313	13.6128	1.95308	-0.413162	3
2314	11.7404	6.32337	0.306779	3
2317	12.277	6.36623	0.187789	3
2321	13.1318	0.263973	0.151744	3
2322	12.2791	0.633692	0.588713	3
2325	13.5025	5.14383	0.0196836	3
2326	13.1466	5.53121	0.704212	3
2327	12.3775	5.0556	0.219304	3
2328	11.7496	18.3525	-0.155136	3
2333	10.6236	22.1356	0.296423	3
2335	10.1901	20.8358	0.633228	3
2337	11.163	17.054	1.07257	3
2338	14.3845	2.48888	0.875062	3
2347	14.3789	24.5421	0.569826	3
2348	11.9238	12.787	-0.323035	3
2359	11.4041	21.071	0.771836	3
2366	10.6255	21.0802	0.664878	3
2374	12.1331	15.9851	0.579163	3
2375	11.0329	20.12	0.59964	3
2377	14.9193	16.2509	-0.133548	3
2380	11.2536	13.0367	0.327125	3
2385	13.5472	22.2604	0.103422	3
2400	14.5076	13.1413	0.326332	3
2402	12.0244	19.8947	-0.184832	3
2408	13.1188	14.2575	0.466064	3
2413	11.6434	9.66273	-0.208833	3
2424	11.8458	20.2697	0.819523	3
2430	14.6542	7.91219	0.275537	3
2435	13.7573	19.6298	0.350707	3
2438	12.4442	24.2704	0.518437	3
2447	11.3396	23.043	0.505867	3
2448	13.2764	12.4697	0.0101707	3
2449	14.7521	4.40167	0.334983	3
2454	13.8957	23.3835	0.274906	3
2458	11.4322	7.13655	1.10755	3
2465	10.2287	7.21438	0.325596	3
2469	14.9051	13.411	0.284957	3
2473	13.1405	24.3813	0.774483	3
2476	11.5332	18.503	-0.0386015	3
2478	14.335	12.6841	0.655189	3
2484	14.337	1.85088	0.0777723	3
2496	13.0853	16.5429	0.704056	3
2500	14.7288	3.4801	0.057395	3
2501	10.3062	10.2045	0.897077	3
2503	14.1976	18.0745	-0.124747	3
2507	14.5181	10.6989	0.805267	3
2511	11.4686	14.022	0.192084	3
2516	12.0878	8.78379	0.370565	3
2517	12.7203	10.5127	-0.50515	3
2518	11.7743	9.14615	-0.0228655	3
2527	11.4119	10.7273	0.203563	3
2533	14.9084	10.5173	0.619813	3
2538	11.0795	8.16755	-0.247571	3
2550	14.5056	8.86005	0.756284	3
2556	11.9206	10.7218	0.73235	3
2563	11.006	0.895968	-0.104642	3
2567	12.7913	15.6711	0.408981	3
2568	10.7214	5.54602	0.794784	3
2575	13.9188	23.6915	0.408289	3
2579	10.7086	22.0014	0.665686	3
2589	10.0775	0.0796107	-0.101315	3
2590	13.8796	7.70093	0.171194	3
2614	13.8459	4.21689	-0.241181	3
2620	10.6705	9.15786	-0.0776199	3
2624	12.3378	19.4837	-0.117208	3
2625	11.4422	13.3194	0.539966	3
2627	11.8211	5.7882	0.109276	3
2634	12.7988	6.79254	0.836418	3
2635	11.9013	17.5104	0.200522	3
2639	12.2685	0.752351	0.313592	3
2644	10.7809	13.3371	0.654145	3
2649	14.9277	1.04743	1.56061	3
2650	12.8396	22.1689	0.0766462	3
2651	11.7865	1.77624	0.713993	3
2653	11.3564	11.7559	0.191905	3
2670	13.5524	7.26747	1.72501	3
2671	12.3882	2.11102	-0.434391	3
2672	12.4295	4.78531	-0.0744033	3
2674	12.9341	16.3414	1.26371	3
2685	14.2536	2.20428	-0.0527514	3
2691	14.3451	11.6045	0.480991	3
2694	12.3986	11.1823	0.640008	3
2704	10.0398	14.7743	0.344602	3
2717	10.7024	17.0833	-0.425862	3
2719	10.675	20.6843	0.241689	3
2720	13.426	10.5323	0.765178	3
2725	11.8668	18.6321	0.53959	3
2727	12.3111	21.3928	-0.129942	3
2745	11.5589	7.10307	-0.199963	3
2746	11.2148	12.7503	1.01639	3
2748	10.9722	10.3476	0.530258	3
2750	12.3559	23.4896	-0.0347532	3
2757	12.841	2.8807	0.165492	3
2760	12.9646	18.4073	0.766782	3
2761	12.6897	18.0334	0.813981	3
2762	10.6431	8.27415	1.21602	3
2779	11.8531	7.92765	0.140353	3
2782	12.7938	10.4201	0.158997	3
2788	10.0987	14.5524	-0.280608	3
2792	12.7677	9.00214	-0.0170354	3
2793	12.4398	12.9117	1.1262	3
2801	10.5724	10.0354	0.209452	3
2806	13.2909	6.71398	0.889762	3
2807	14.1245	2.25773	1.15614	3
2816	12.3243	7.51493	0.19535	3
2817	10.7415	22.609	1.36792	3
2834	12.7281	24.3201	0.288751	3
2835	13.8483	23.3781	0.311424	3
2842	12.2082	8.92946	0.423851	3
2849	13.6587	20.8739	0.273853	3
2865	12.5286	23.5879	0.305869	3
2866	12.6712	17.1234	0.636299	3
2867	12.9576	0.507043	-0.447165	3
2885	14.8984	24.7887	0.56912	3
2889	14.8855	17.046	-0.224877	3
2892	14.84	6.7301	0.927776	3
2893	11.3155	16.7246	-0.364403	3
2895	12.7891	9.55899	0.381788	3
2915	13.1713	1.56217	0.361367	3
2918	11.0731	3.08001	-0.584169	3
2922	10.0784	1.58953	0.759207	3
2932	12.9464	10.2161	0.336916	3
2934	14.0713	5.65749	0.982262	3
2944	14.5704	8.52393	-0.645388	3
2946	11.545	8.74099	0.815905	3
2948	12.2882	8.96858	0.70475	3
2949	10.6949	11.5025	0.126812	3
2950	10.2251	12.0753	-0.488009	3
2960	10.5056	4.90544	-1.09593	3
2966	11.2387	17.312	0.518757	3
2973	13.5201	14.3707	0.888022	3
2974	12.5551	10.6062	-0.306711	3
2977	14.6904	24.5842	0.239371	3
2981	14.1861	7.35547	0.907961	3
2982	11.6161	19.0132	0.522074	3
2986	12.6855	0.33133	0.107613	3
2994	14.025	4.10048	-0.056036	3
2997	11.0059	22.7825	-0.091209	3
2998	10.2662	0.649747	1.31256	3
3003	11.9856	18.7623	-0.666583	3
3008	14.1168	8.57753	-0.0646808	3
3013	14.3907	5.33512	0.509867	3
3015	12.3233	23.6507	-0.291972	3
3024	11.2855	21.1471	-0.252812	3
3027	12.8444	1.57231	0.535741	3
3031	12.3744	1.19525	1.50144	3
3033	14.3181	22.1398	0.412563	3
3034	11.5466	13.5365	0.806541	3
3039	14.4433	1.84438	0.63362	3
3043	12.0618	22.3724	0.752715	3
3051	12.2523	3.07793	0.451031	3
3055	10.6794	16.3283	-0.305245	3
3056	14.1169	21.4602	0.468785	3
3058	10.6043	17.9293	0.246076	3
3060	14.499	20.3267	-0.059798	3
3066	10.3028	1.3867	0.217453	3
3067	10.6813	6.21446	0.638795	3
3068	13.3516	8.83096	-0.0652914	3
3069	12.6096	23.2312	0.286457	3
3070	14.8459	23.6438	0.0466652	3
3073	12.3335	21.8458	0.198984	3
3074	12.0508	23.3506	0.826978	3
3075	10.3632	19.3838	1.09446	3
3076	11.1168	18.9839	0.666969	3
3084	11.0925	7.67226	0.836879	3
3085	12.156	17.8237	-0.24725	3
3086	13.8753	23.4541	-0.0757115	3
3091	10.4851	8.87664	0.499496	3
3097	11.9141	19.1725	-0.220052	3
3098	11.5286	20.0281	-0.406407	3
3099	13.4274	16.8474	-0.102328	3
3103	10.9346	11.035	0.188663	3
3106	13.3299	12.1496	-0.0242663	3
3110	10.7326	11.5757	-0.362273	3
3117	14.0412	0.214369	-0.687565	3
3121	13.1849	6.65023	0.778117	3
3122	10.5613	15.4131	0.971683	3
3125	13.2438	7.00751	0.759385	3
3135	10.2402	20.9543	0.346368	3
3141	12.5461	20.6882	0.389211	3
3142	12.176	19.6965	0.509119	3
3146	14.4865	19.0549	0.447921	3
3151	11.5294	12.3064	-0.165261	3
3153	12.9842	23.3408	0.508154	3
3160	13.8205	20.2243	0.556225	3
3162	12.5585	9.91371	-0.0250206	3
3165	12.6341	14.0178	0.0316211	3
3166	14.1127	9.50418	1.38241	3
3170	10.3704	18.8001	1.56338	3
3177	13.3259	11.33	-0.256488	3
3182	10.9939	7.28965	0.629478	3
3211	13.1511	19.4216	1.06231	3
3219	11.3184	3.71328	-0.364444	3
3220	12.4653	11.5953	0.549776	3
3232	14.4355	12.8257	1.08832	3
3237	13.9514	10.7676	-0.341012	3
3238	14.0129	12.2674	0.0336733	3
3241	13.614	4.1784	-0.215328	3
3242	12.9112	14.0777	0.776253	3
3248	14.9431	6.26237	0.871596	3
3253	14.14	24.7087	0.216175	3
3255	10.3274	11.1732	1.69909	3
3260	14.0609	24.6133	0.505763	3
3269	11.1295	19.6399	-0.0661517	3
3279	14.0551	16.2976	1.02548	3
3284	12.9845	4.36754	0.213904	3
3300	12.5699	4.12608	0.17209	3
3304	10.9004	2.25844	0.174521	3
3309	13.8307	0.540853	1.0119	3
3314	14.3609	11.3348	0.811938	3
3315	12.1459	21.3997	0.622116	3
3322	10.2801	9.11571	0.494019	3
3323	14.7674	4.46366	0.943671	3
3333	12.9595	14.4581	0.574839	3
3334	13.2304	13.9486	0.785545	3
3335	12.8683	15.2542	-0.201109	3
3343	10.569	20.6109	0.466829	3
3357	12.8626	11.9907	-0.374465	3
3365	10.6798	18.4868	-0.111841	3
3383	12.965	22.9646	0.957887	3
3393	12.2471	22.7261	0.654847	3
3394	12.7532	0.674317	0.0147073	3
3395	12.7655	3.9563	0.147633	3
3399	12.8372	12.4385	-0.0684591	3
3404	13.7475	16.6498	-0.0420272	3
3408	10.7528	11.827	0.20747	3
3418	10.8327	20.9983	0.773069	3
3420	13.73	22.8585	0.370135	3
3431	12.2379	1.2487	0.508506	3
3441	14.1752	16.3994	-0.157283	3
3446	11.685	12.7456	1.54421	3
3447	11.4073	12.9186	0.40167	3
3451	14.7023	18.91	1.13206	3
3455	11.7131	18.3275	0.672558	3
3465	14.6974	12.8841	0.557912	3
3483	10.1894	22.759	0.668534	3
3486	13.356	9.4463	0.230348	3
3495	10.8065	10.5532	0.586726	3
3496	10.1497	10.5044	0.400665	3
3497	10.0402	9.79169	-0.2678	3
3499	13.7171	12.8092	-0.771634	3
3500	12.9069	20.1153	0.537538	3
3503	10.7061	4.5303	0.133072	3
3505	10.3268	3.48916	0.593135	3
3508	11.6588	10.9606	0.389789	3
3509	14.6656	9.571	0.813926	3
3512	10.3689	8.57535	0.497403	3
3519	14.7468	20.9103	0.646583	3
3520	14.7592	20.5314	0.886543	3
3523	10.4084	13.5367	-0.040151	3
3524	12.6216	21.724	-0.111147	3
3530	14.2734	22.1576	-0.064517	3
3535	13.6314	3.49811	0.460895	3
3536	12.8972	2.97103	0.244462	3
3537	13.0967	3.2304	0.368701	3
3556	10.3046	14.7861	1.47335	3
3563	11.1464	2.74755	0.845407	3
3572	13.226	21.6431	-0.151431	3
3584	14.2084	23.4921	-0.0564211	3
3591	12.246	18.6144	0.57251	3
3596	14.1828	24.7495	0.351497	3
3604	14.1714	19.0951	0.947678	3
3607	14.4826	22.7703	-0.62967	3
3619	13.8915	8.99866	0.796395	3
3623	11.8589	24.2839	0.85511	3
3629	14.4422	16.6506	-0.272989	3
3630	14.7349	16.6132	0.383538	3
3635	13.8908	2.57081	-0.167231	3
3636	10.5805	2.73286	0.427264	3
3638	10.4727	1.5249	-0.829292	3
3639	11.3791	22.4436	0.244331	3
3640	13.3613	3.03087	-0.135234	3
3647	12.75	23.0123	-0.282401	3
3651	14.654	24.9559	-0.233476	3
3654	12.3872	3.30219	0.19162	3
3669	11.0136	6.58118	-1.0629	3
3673	10.9088	14.6374	0.978961	3
3677	13.3154	17.0619	0.218909	3
3679	12.8263	21.9118	0.962425	3
3693	10.7282	17.2032	0.0256483	3
3698	13.5143	4.97151	0.14263	3
3699	13.0023	5.36374	1.35218	3
3703	11.4982	23.4114	0.0926059	3
3707	10.0013	0.337028	0.803657	3
3708	14.3569	4.23315	0.605515	3
3711	10.7881	24.8239	0.488716	3
3724	14.3008	19.6752	0.0822788	3
3727	13.1828	19.0565	0.444006	3
3729	10.2685	20.9432	0.137417	3
3736	12.8732	20.241	0.0474399	3
3746	11.0431	17.5054	-0.0220839	3
3747	12.5009	1.74202	-0.0911202	3
3748	13.4576	20.0747	-0.910135	3
3749	13.3695	20.8097	-0.608143	3
3758	13.4025	16.3124	1.41341	3
3762	11.6001	21.088	0.336326	3
3769	11.2307	4.46064	0.0380191	3
3771	10.2607	18.2119	0.238712	3
3772	10.165	23.2795	0.316249	3
3773	10.1683	22.9477	0.867889	3
3776	13.9711	15.2592	-0.0905464	3
3783	13.5004	24.786	0.00693916	3
3784	14.384	18.0142	0.149289	3
3787	13.7555	6.25426	0.0199333	3
3799	10.1619	0.862843	0.12545	3
3808	13.0486	4.52521	0.647578	3
3809	10.0539	9.79688	0.255129	3
3813	10.9392	16.12	0.401508	3
3817	13.2051	14.2336	0.783059	3
3818	13.3165	5.36508	0.0161589	3
3826	13.1297	3.33691	1.29413	3
3840	13.5166	4.43725	-0.487838	3
3842	13.9216	18.1983	-0.299082	3
3850	13.8955	21.8608	0.271416	3
3852	13.1008	21.1458	0.631686	3
3853	13.2627	5.7029	0.230073	3
3855	11.7146	12.2559	0.597486	3
3862	14.6478	19.6087	0.326701	3
3871	11.8831	0.820194	-0.178498	3
3873	10.8697	4.94516	0.260441	3
3877	11.5918	11.5879	0.581804	3
3885	10.8392	3.25919	-0.0623939	3
3909	13.7137	24.3282	-0.352796	3
3910	11.0631	8.54886	0.196359	3
3917	14.5747	23.4091	0.739379	3
3920	13.032	13.5505	0.241115	3
3923	12.2153	15.6794	0.538343	3
3925	14.8288	16.0802	0.913946	3
3926	11.9163	22.5729	-0.104632	3
3929	10.0092	18.4549	-0.18009	3
3943	11.1842	14.9677	-0.14605	3
3945	13.9215	9.35073	-0.263499	3
3946	10.0555	16.9768	0.225569	3
3951	11.2678	1.94086	0.401884	3
3958	13.4884	6.90273	0.378876	3
3975	13.1217	17.2109	0.549624	3
3978	10.0772	2.2346	0.863181	3
3984	12.0018	1.7255	1.34668	3
3986	13.8387	21.9786	0.502063	3
3992	13.158	19.8949	-0.510505	3
3999	11.0388	17.5499	-0.182062	3
4000	11.0027	17.529	0.225464	3
4002	14.6771	14.6844	0.874703	3
4016	11.2565	12.3809	0.720293	3
4024	11.6312	2.62185	0.187086	3
4025	12.3583	3.52154	0.579136	3
4028	14.4339	24.1002	0.906103	3
4030	11.705	4.45346	0.306493	3
4067	12.1698	15.194	0.644145	3
4074	11.3913	23.4415	-0.351899	3
4079	12.2976	16.8375	0.0464498	3
4086	11.4133	5.34239	0.120361	3
4090	11.7063	7.62404	0.137736	3
9	16.7004	6.99049	0.404455	4
17	18.3756	17.0865	-0.0493645	4
22	16.2759	4.12613	0.532464	4
25	16.8495	23.2418	0.0773354	4
28	15.91	14.8293	0.402262	4
29	17.2105	6.69467	1.00372	4
31	17.6822	19.2726	1.32655	4
39	18.2793	9.91178	0.29502	4
41	16.5469	22.1834	0.385383	4
44	15.2041	5.40844	-0.00359825	4
45	17.7073	6.18566	0.698641	4
46	15.4453	6.48583	-0.612807	4
54	16.6646	17.7727	0.597102	4
60	15.9502	4.21271	0.550889	4
61	16.1364	15.9501	0.491445	4
67	15.9551	7.56922	-0.406998	4
69	16.7076	3.49355	0.226041	4
71	18.956	9.52417	0.988924	4
75	19.6724	16.4628	0.634108	4
85	16.3361	3.89414	-0.417248	4
96	19.3491	9.75349	0.345522	4
97	17.3813	7.67849	0.315964	4
99	19.7864	14.4226	0.673812	4
104	18.3549	17.4207	0.297762	4
107	16.7798	22.2807	0.140474	4
114	15.4394	1.3859	0.0235655	4
125	18.2928	16.9444	0.239267	4
132	18.1381	6.39122	0.797327	4
137	16.6268	16.6152	0.315991	4
140	17.9527	7.02882	0.550454	4
142	15.4246	20.8512	0.815357	4
144	16.9597	14.3206	0.0809375	4
157	19.4489	21.3197	0.605731	4
161	18.0959	12.1841	0.541065	4
175	17.1442	6.75954	0.087003	4
176	17.0999	9.2628	-0.0971409	4
179	17.6045	17.1261	-1.33395	4
180	15.899	22.6705	0.341284	4
183	15.8079	4.5404	-0.0061081	4
186	18.6909	20.0668	-0.0405013	4
193	19.6056	8.5971	0.704283	4
198	18.1013	2.97618	-0.394854	4
210	19.8462	17.5916	-0.0528743	4
218	19.8946	8.70436	0.641976	4
219	17.6335	17.9975	-1.05348	4
223	19.5678	24.1582	0.623397	4
231	15.1505	6.44424	0.137958	4
233	19.4	10.8649	1.39249	4
234	18.703	12.5851	0.355457	4
236	15.2348	14.4053	0.489257	4
245	15.1732	21.408	1.41513	4
247	16.1686	2.53488	0.531199	4
252	17.7343	13.7089	0.599971	4
256	19.1973	14.819	-0.344927	4
274	17.2065	6.31567	0.161724	4
281	16.8006	5.9442	-0.129286	4
283	16.9196	10.3278	-0.167156	4
292	16.3664	8.37914	0.479655	4
294	15.2697	19.8579	0.330628	4
296	19.7209	12.3416	0.378612	4
298	17.2062	14.7858	0.653106	4
303	19.8711	6.96851	-0.41409	4
304	17.0247	1.4782	1.75765	4
307	17.2136	6.89065	0.202328	4
308	16.295	1.91228	0.631	4
311	15.015	10.7331	1.51662	4
312	16.7723	0.537062	0.975785	4
320	19.2513	13.3976	0.558906	4
325	15.3197	15.5771	0.834626	4
326	15.5005	21.1023	0.346829	4
335	15.0489	22.6678	1.11113	4
336	19.42	15.0926	-0.429869	4
343	17.4675	18.9089	-0.443925	4
347	17.1097	16.598	1.09269	4
356	18.8545	4.03416	0.446302	4
358	19.1597	0.0138969	-0.529636	4
360	18.4888	11.4578	0.18297	4
366	18.9329	9.38853	0.396855	4
370	18.3892	21.9736	0.744489	4
379	19.3098	13.1179	0.15265	4
382	16.5732	7.91483	1.08437	4
387	18.4316	0.68651	0.979728	4
396	17.8541	22.3129	-0.094008	4
397	15.5631	22.3328	0.765303	4
401	16.8926	24.6435	0.867956	4
404	16.0892	0.68814	-0.226655	4
405	19.8414	17.4202	-0.34969	4
408	18.1465	5.13991	0.79379	4
410	16.6475	8.41084	0.333778	4
421	19.2373	2.67978	0.720748	4
424	19.8548	3.49014	0.0596258	4
426	15.6228	21.5822	0.450835	4
432	18.7977	10.2972	-0.0339056	4
434	15.7549	20.509	0.889752	4
437	16.3439	5.45511	0.19438	4
440	17.7129	19.6407	0.453697	4
442	17.8303	24.8515	0.291145	4
453	19.9251	15.7169	0.146306	4
457	19.402	11.2426	0.522362	4
461	15.0957	9.73075	0.933551	4
462	19.0236	17.8475	0.368335	4
470	15.067	11.1206	0.815512	4
475	17.9662	2.14021	0.906745	4
481	18.9133	2.05154	0.24039	4
482	19.0005	3.28335	-0.520702	4
484	19.1923	24.2734	0.674697	4
487	17.0757	19.3415	-0.0684615	4
488	15.8414	23.6989	0.320673	4
490	16.2461	13.4079	0.255035	4
498	19.9407	0.912506	0.491482	4
504	16.2613	24.3764	0.590976	4
519	16.1502	0.228005	0.301321	4
528	17.0941	6.23185	-0.226835	4
531	18.9605	14.293	0.0336182	4
537	18.0437	13.8184	0.0488487	4
539	18.1901	3.19999	0.50824	4
549	19.1915	6.67719	-1.07721	4
552	16.6564	23.129	0.696018	4
559	17.0014	6.72667	-0.36729	4
561	17.0755	5.28012	0.460871	4
563	18.959	21.0968	0.232193	4
564	19.4808	18.4177	-0.405688	4
569	16.662	16.9636	0.767519	4
573	17.9722	14.5113	-0.190703	4
575	15.3234	6.08171	0.487997	4
576	17.0505	0.537892	0.0922277	4
580	17.4631	22.0523	0.792802	4
582	18.8919	12.4368	-0.347201	4
586	19.7516	8.60567	0.491334	4
587	17.6025	10.3123	0.131655	4
590	17.023	10.7692	-0.288599	4
591	19.7949	17.7275	-0.923303	4
602	16.4773	14.0081	0.784988	4
609	15.8	19.3446	0.0451576	4
624	16.2148	8.93531	-0.0815753	4
625	17.4726	16.3098	0.137217	4
627	17.2071	21.8824	-0.145687	4
630	15.9987	15.8311	0.607312	4
631	15.4798	16.4354	0.792195	4
633	18.7208	14.9486	0.660361	4
636	18.4851	22.7059	0.253259	4
640	15.6999	0.0806472	0.413505	4
642	17.7626	24.23	0.362872	4
645	16.5373	6.47146	0.302485	4
649	19.642	19.8535	0.0774692	4
651	17.606	4.43876	0.779251	4
654	19.0377	12.6164	0.798174	4
657	18.0076	11.4111	1.20352	4
661	16.2819	22.2335	0.423519	4
664	19.1055	11.9244	0.382215	4
667	18.8944	9.72549	-0.188656	4
670	16.6965	23.5063	0.321951	4
678	17.309	8.61012	0.891875	4
679	19.8249	22.553	0.924503	4
681	17.0115	17.5423	0.337089	4
682	19.984	10.1325	-0.0573533	4
692	17.4261	8.92637	0.492512	4
704	17.1942	1.60775	0.581444	4
712	19.375	21.8486	0.910556	4
721	19.4234	4.10166	0.314177	4
722	19.941	24.3759	-0.00710007	4
729	15.2368	6.99258	0.125477	4
738	19.9295	11.5349	0.198092	4
741	16.2532	9.46264	-0.110275	4
745	19.0987	5.55726	0.26517	4
756	17.0016	16.3161	0.495556	4
757	19.8186	17.9617	0.180966	4
758	16.6445	10.8296	-0.0608632	4
763	15.6086	23.9628	-0.272359	4
775	18.0616	5.38562	-0.284496	4
784	16.3751	8.15928	0.333654	4
786	18.8845	6.19068	-0.166469	4
787	17.274	13.9444	0.492318	4
797	18.7583	5.81762	0.483254	4
804	16.4704	12.2246	0.849526	4
820	18.3097	9.57811	0.606212	4
825	17.3499	12.2188	0.989075	4
832	17.3075	11.9752	-0.119859	4
839	19.4194	10.3223	0.323447	4
841	17.3856	24.3577	-0.112703	4
865	17.9925	19.0443	0.674915	4
871	17.4655	19.4046	-0.249489	4
872	15.8332	3.48886	0.0275248	4
887	15.8787	21.8837	-0.199202	4
891	18.5361	3.79385	0.359896	4
892	17.5598	9.65198	0.379202	4
895	15.8625	12.9674	-0.29213	4
908	15.2904	19.1282	-0.301676	4
916	16.4197	13.2944	1.19654	4
918	17.6287	3.1131	0.554682	4
919	17.5956	10.0936	-0.115558	4
924	16.8544	18.8338	-0.824457	4
928	15.7318	12.441	0.387821	4
937	19.712	22.0196	1.00218	4
939	16.6834	14.5209	-0.00217113	4
941	15.1822	18.2133	-0.00662262	4
945	18.3646	6.49393	0.445938	4
948	18.9441	3.62626	-0.344991	4
953	17.5313	8.14066	1.18945	4
959	19.9128	19.3913	-0.0977037	4
966	15.0527	15.3398	0.158003	4
971	18.8697	14.1289	0.193095	4
981	16.1935	0.371211	0.00398013	4
986	18.9874	9.05799	0.347772	4
999	17.5576	9.33902	0.437288	4
1001	18.9787	17.9357	0.515371	4
1005	16.4067	7.51412	0.161549	4
1023	16.4597	17.0099	0.770022	4
1026	15.2867	0.867373	1.14217	4
1034	18.6711	23.5693	0.100175	4
1035	17.7476	17.2194	0.320942	4
1046	17.2436	9.98762	0.060959	4
1050	19.5336	10.4162	-0.412367	4
1052	18.6546	24.7474	0.282549	4
1058	19.5483	3.27259	0.83647	4
1060	18.7696	13.8596	0.723849	4
1063	16.8636	6.67593	-0.189343	4
1065	19.5369	9.36077	1.10729	4
1068	17.7107	3.68195	-0.632934	4
1072	17.4737	22.4705	0.87826	4
1075	17.7756	20.3252	0.423643	4
1077	18.9298	16.9795	-0.0712548	4
1080	17.3689	12.5139	-0.295235	4
1084	15.1916	13.274	0.553405	4
1086	18.2025	15.3309	0.227845	4
1092	17.6987	12.0622	0.846479	4
1095	19.5969	2.01131	0.42202	4
1101	18.1015	2.96131	1.02219	4
1102	15.9802	24.2402	0.608898	4
1106	16.9951	2.25081	0.425683	4
1108	17.6828	17.5333	2.06595	4
1110	19.9535	16.8156	0.407657	4
1117	16.808	24.1839	0.727894	4
1122	16.5171	0.879598	0.550032	4
1124	17.0003	14.522	1.04024	4
1126	18.1031	6.45853	0.480949	4
1133	19.8527	7.34712	0.299921	4
1140	17.5865	1.24093	-0.0164449	4
1156	17.7915	3.59512	1.43356	4
1157	17.2143	7.20687	-0.406543	4
1164	16.3086	12.244	0.482676	4
1165	18.3978	12.3411	-0.461496	4
1172	15.0473	9.45326	-0.0448073	4
1177	16.5041	15.5878	0.115521	4
1182	17.0518	15.7349	0.168212	4
1185	15.9487	17.7715	0.0784026	4
1205	15.0024	17.6074	-0.268495	4
1207	18.9267	24.4972	-0.762417	4
1208	17.3928	11.2868	0.630797	4
1210	18.3996	0.287515	0.740178	4
1217	17.2715	0.826329	1.31187	4
1222	19.0969	4.10761	1.16847	4
1223	17.3154	7.01393	0.730591	4
1224	15.0996	18.7659	0.912644	4
1227	18.127	18.0869	0.10337	4
1234	15.9817	3.75629	1.14113	4
1241	18.9162	5.66147	0.407965	4
1257	16.5452	15.812	0.533511	4
1261	17.8189	6.44206	0.181987	4
1262	17.5145	3.48837	-0.123698	4
1284	16.3685	14.0347	-0.0146873	4
1286	17.9501	15.3606	0.346827	4
1292	15.3848	13.6048	1.07786	4
1295	18.885	8.40493	-0.0180889	4
1297	15.9066	10.0103	1.58155	4
1299	18.1894	12.4334	0.156873	4
1305	18.6105	23.3395	0.428283	4
1312	18.0059	20.2908	0.315305	4
1319	16.952	14.0094	0.0408668	4
1329	18.0678	4.17218	-0.0587685	4
1348	18.8945	19.9724	0.0648136	4
1360	17.7405	24.0275	1.31265	4
1381	15.0194	10.7605	0.410976	4
1386	18.5734	22.3724	0.498385	4
1390	17.9177	3.67814	1.45014	4
1396	16.229	10.9251	-0.163483	4
1400	19.6391	19.4503	-0.340617	4
1401	16.902	4.76204	0.901074	4
1406	15.1727	14.0915	0.484514	4
1413	19.547	22.452	0.981502	4
1418	15.2027	16.9381	0.798226	4
1424	15.2728	2.45641	0.0398658	4
1425	19.5763	20.5088	0.606234	4
1427	18.1804	10.3225	-0.136774	4
1430	16.2157	2.53094	0.0619903	4
1432	15.1925	16.111	0.178274	4
1441	18.0455	22.1584	0.574313	4
1445	17.33	9.53125	0.49845	4
1446	16.0278	13.6965	0.905352	4
1452	16.7508	2.78697	0.0294107	4
1453	15.7579	17.2262	0.247994	4
1454	18.4274	18.9916	0.934125	4
1455	19.0121	24.9603	-0.233256	4
1458	18.5188	18.2237	0.952275	4
1459	16.7358	7.82413	0.466028	4
1481	19.8099	1.98967	0.197767	4
1490	18.6555	10.531	0.690341	4
1502	17.6945	9.24872	1.40656	4
1503	16.6747	23.4074	0.639055	4
1505	18.1416	8.70064	0.948753	4
1506	19.4786	9.10862	0.456992	4
1508	18.1817	4.25756	0.0399499	4
1512	15.2683	2.35802	0.673362	4
1520	18.2707	12.9433	0.300725	4
1528	15.2404	14.8448	0.646617	4
1537	16.3881	18.1022	0.370156	4
1542	15.6587	5.97011	0.246495	4
1544	16.097	6.30303	-0.307005	4
1546	19.4723	7.51939	-0.074285	4
1550	17.3411	16.5491	-0.171988	4
1556	17.2309	21.9978	1.21054	4
1559	19.7102	11.3532	0.372119	4
1561	17.9371	1.58487	0.307974	4
1565	17.5479	20.6178	-0.307849	4
1566	15.9297	11.9378	0.389986	4
1574	19.7192	15.3358	0.631143	4
1576	19.3244	1.02736	-0.316048	4
1581	18.9066	11.1776	0.547355	4
1582	18.16	2.08241	0.667187	4
1590	19.3825	16.7147	0.671452	4
1596	17.9279	8.55836	0.636991	4
1597	18.2341	16.0955	0.812363	4
1599	19.7596	0.568081	-0.570519	4
1608	18.1689	15.6599	0.266832	4
1610	19.8701	8.25631	-0.550072	4
1613	17.104	3.26269	1.46966	4
1623	15.9412	14.224	0.118367	4
1625	19.5912	23.9148	0.439535	4
1628	16.9722	15.8242	0.236444	4
1630	19.2101	2.39308	0.80663	4
1632	15.3895	13.9009	0.697693	4
1634	15.3823	3.49942	-0.46217	4
1637	16.5689	17.5762	-0.0133297	4
1638	15.2079	4.27928	0.942068	4
1640	15.9865	16.2605	0.828457	4
1650	18.6862	15.3998	0.576338	4
1658	19.76	6.77391	0.828552	4
1666	17.4292	8.95712	0.94026	4
1668	16.4403	4.58015	0.468718	4
1690	18.2623	23.9042	1.08439	4
1695	16.9621	21.4643	0.489642	4
1697	17.3046	18.4802	0.465384	4
1700	19.5899	4.25213	-0.334796	4
1702	15.7955	20.8179	-0.210522	4
1711	17.5504	0.340386	1.01502	4
1716	18.7949	13.0388	0.268565	4
1724	17.9444	4.19699	1.13898	4
1725	15.567	21.1614	0.952148	4
1727	18.4428	6.18	0.523097	4
1728	15.6166	8.0669	0.473086	4
1731	19.2183	4.39188	0.547673	4
1733	18.9258	18.2917	0.243608	4
1738	18.7186	24.479	-0.895297	4
1740	17.9728	0.717728	0.508089	4
1742	18.1967	8.71474	1.56167	4
1751	15.5465	8.487	0.147929	4
1752	17.7277	16.0995	0.878028	4
1762	19.6172	16.7238	1.25967	4
1763	16.591	2.90278	0.810462	4
1764	17.4749	11.2766	0.202032	4
1768	16.2947	19.7724	1.02357	4
1788	17.896	16.0512	0.233912	4
1790	17.108	15.9985	0.944352	4
1800	16.5473	3.35285	0.544156	4
1801	15.7971	4.94402	-0.109982	4
1805	19.2977	14.9444	0.303793	4
1807	18.605	14.8058	0.00607531	4
1825	17.8331	23.6282	0.192275	4
1833	18.3666	21.1975	0.705602	4
1842	19.2087	16.5184	0.31325	4
1843	17.9113	5.81298	0.402228	4
1850	19.5869	14.7126	0.36733	4
1857	18.256	10.8195	-0.389351	4
1858	15.1572	4.98849	0.217091	4
1864	15.102	0.463704	0.381331	4
1867	17.9017	5.2829	-0.487567	4
1874	16.6959	6.56421	0.385336	4
1879	19.9422	1.27188	0.944461	4
1881	18.1036	13.4125	-0.954695	4
1882	17.9956	21.283	0.729341	4
1884	15.9597	9.39376	0.969602	4
1885	19.6524	16.2791	1.30724	4
1903	16.157	10.4492	-0.00376331	4
1910	17.7284	1.15554	0.704693	4
1911	19.6916	14.1729	0.677157	4
1912	15.3212	9.1302	0.239332	4
1913	17.3284	23.5672	0.0696772	4
1916	15.7602	5.54988	0.166627	4
1919	18.6575	18.3268	0.471418	4
1930	16.4434	9.60817	-0.482839	4
1932	17.8731	19.2478	0.182511	4
1939	18.2447	7.1796	0.35969	4
1942	17.8435	13.5307	0.533261	4
1945	16.9781	20.092	0.311846	4
1947	16.5035	0.6883	0.15717	4
1948	16.906	1.43262	0.0461651	4
1949	17.6176	20.7776	0.077414	4
1950	19.2445	21.2527	0.787061	4
1952	18.2538	21.6596	-0.0745672	4
1954	19.5088	13.5875	0.495437	4
1957	19.155	23.3872	0.225882	4
1961	18.198	9.21439	-0.0916191	4
1967	15.0315	8.85087	0.456323	4
1968	16.1212	12.7566	-0.163975	4
1974	17.3296	21.4111	0.297429	4
1981	18.2705	7.64354	0.00135473	4
1987	19.8744	14.0268	0.255039	4
1991	19.0347	17.306	0.192543	4
1993	17.4179	21.6596	0.877542	4
1999	17.087	13.4069	-0.0333812	4
2005	15.7441	9.73889	1.08704	4
2006	15.8479	22.2704	-0.647305	4
2008	17.5597	10.4416	0.262479	4
2013	19.3264	24.665	0.465965	4
2019	16.4327	14.5436	1.84571	4
2024	15.3666	2.92809	0.155604	4
2031	16.6399	3.82018	0.403214	4
2039	15.9633	16.1281	-0.11803	4
2040	15.3045	9.18325	-0.112642	4
2042	15.997	1.66233	0.453495	4
2044	18.4468	8.75681	0.350473	4
2045	18.5272	9.62666	0.392684	4
2053	15.5416	15.3446	-0.616687	4
2057	18.5421	1.08486	0.856568	4
2058	19.8599	0.187009	1.1403	4
2059	19.6055	1.28277	0.570204	4
2061	18.1493	16.4451	0.461599	4
2078	15.8006	15.5529	-0.339152	4
2079	15.5866	17.5431	0.161066	4
2095	15.1001	5.45208	0.0195001	4
2101	16.1394	24.9427	-0.0260686	4
2105	16.2974	14.1108	0.0925567	4
2106	17.5613	14.2535	0.475853	4
2107	19.982	22.2	1.02673	4
2108	18.2386	23.0834	0.628391	4
2109	18.0394	11.5978	0.68639	4
2111	16.7287	19.9835	-0.482281	4
2115	17.7687	1.41388	0.813263	4
2139	17.0845	3.82841	-0.675834	4
2147	15.2093	9.75033	0.467248	4
2158	17.3529	23.6068	-0.18988	4
2161	15.7162	23.6571	-0.217723	4
2185	16.8847	4.90653	0.457208	4
2190	18.7716	4.99328	0.654183	4
2195	18.2653	13.1234	-0.223656	4
2203	18.8354	24.5731	0.666707	4
2209	16.9288	23.9847	1.15928	4
2210	18.635	17.8891	-0.103008	4
2213	19.8839	19.6534	1.05114	4
2222	19.1942	22.6226	-0.204908	4
2223	17.4226	11.7183	0.519284	4
2224	18.8752	17.5479	0.446954	4
2226	17.5972	16.2184	0.351613	4
2233	18.5776	11.8982	0.272742	4
2235	17.9341	13.1537	0.291242	4
2249	16.0352	0.240712	0.191682	4
2250	16.7449	0.949439	0.970176	4
2254	15.1008	14.2377	0.296807	4
2256	17.4448	14.7075	-0.251752	4
2260	16.3276	14.5144	-0.120092	4
2264	18.2448	4.10276	0.535774	4
2275	18.2268	22.0927	0.332219	4
2277	16.4848	5.73534	-0.686198	4
2278	16.4743	7.34704	0.912655	4
2280	18.7778	17.9783	0.0381363	4
2281	16.07	7.49543	0.628958	4
2283	18.7945	13.3554	1.03185	4
2284	18.2612	14.6421	0.675414	4
2286	15.9103	9.57373	-0.0480353	4
2296	16.4044	20.1494	-0.0501846	4
2297	15.4001	12.8085	1.0519	4
2298	18.938	16.0292	0.136248	4
2310	19.7383	14.2648	0.670925	4
2311	19.4474	4.20669	0.812503	4
2315	17.6671	7.50215	0.0593775	4
2316	18.4669	21.5087	0.0798311	4
2334	18.8027	7.18586	0.417175	4
2340	17.2558	2.65259	0.739289	4
2341	16.3326	17.5327	-0.235064	4
2349	18.4514	7.52437	0.273067	4
2351	17.3154	0.0312751	-0.459401	4
2354	15.1568	2.10314	-0.106988	4
2360	18.9001	15.2371	0.200587	4
2362	17.4555	20.6941	0.254171	4
2367	17.0028	4.69267	0.086403	4
2381	19.2392	14.6589	0.733414	4
2392	15.5928	18.3303	-0.268898	4
2393	18.1739	2.10942	-0.633083	4
2394	18.4275	2.30037	0.322578	4
2398	16.0749	19.6796	0.739513	4
2407	15.6936	7.87337	0.740906	4
2418	17.9284	9.11446	0.691787	4
2421	16.0473	0.236954	1.30333	4
2425	17.359	15.5046	0.301412	4
2426	19.7546	6.86679	-0.140445	4
2427	19.2463	13.7794	0.6025	4
2436	16.2596	21.244	0.555069	4
2444	18.3938	20.2063	-1.08694	4
2450	15.485	4.99241	1.21119	4
2456	15.284	13.2145	0.164547	4
2460	19.8636	22.2411	-0.375663	4
2470	16.1887	9.24028	0.255905	4
2471	15.2021	19.9953	-0.00621524	4
2481	19.9553	8.7123	0.828154	4
2482	19.9363	18.7279	0.149657	4
2483	19.5227	11.8091	0.682906	4
2493	19.1033	8.21836	-0.20796	4
2506	19.7068	3.8569	0.537454	4
2509	15.9854	18.0294	0.932086	4
2519	17.9326	7.39226	-0.178328	4
2521	19.1227	5.11675	-0.173136	4
2522	17.5785	24.3031	-0.490168	4
2526	16.0011	23.1485	0.153295	4
2528	17.9204	21.7522	0.776796	4
2530	16.7751	6.68345	0.321481	4
2532	15.1259	11.9019	0.778182	4
2536	18.8031	2.10112	0.524919	4
2541	15.1997	22.6242	0.684794	4
2564	15.145	18.7029	0.312607	4
2565	16.6989	8.07163	0.467634	4
2573	19.0655	1.47968	-0.157302	4
2574	17.0176	2.03539	0.631345	4
2588	16.1008	17.6687	0.199489	4
2596	19.7297	7.9713	-0.254656	4
2597	18.8835	15.3126	-0.0619532	4
2598	18.8072	22.1977	0.00238138	4
2599	19.8129	22.1383	0.359533	4
2600	19.6385	16.0119	0.196216	4
2610	15.3083	11.9723	0.312207	4
2611	17.2046	3.83461	-0.883525	4
2628	16.0832	12.0991	0.2773	4
2643	15.0727	24.0662	-0.822196	4
2647	17.5183	19.4176	0.296689	4
2662	15.3121	23.1527	0.346156	4
2664	19.4962	12.705	0.971322	4
2669	18.4245	18.9001	0.17734	4
2673	16.4505	1.23196	0.89797	4
2676	19.2453	1.79592	0.575077	4
2677	18.8171	4.68158	0.434814	4
2679	19.0893	18.8264	-0.579176	4
2684	15.5277	0.830313	0.344881	4
2693	17.5815	11.0634	-0.312213	4
2695	19.7271	12.3736	-0.221626	4
2696	17.7258	14.0938	0.144384	4
2699	16.5615	16.3132	0.543474	4
2702	18.669	7.49806	-0.339485	4
2707	19.9031	18.5077	0.516212	4
2708	19.1478	13.5481	-0.37844	4
2714	18.6208	6.85806	0.189557	4
2721	17.8228	11.2219	0.789667	4
2730	18.0334	13.8152	0.0643588	4
2731	17.1136	16.9625	0.131573	4
2749	15.0426	13.4048	0.577059	4
2751	18.5315	19.2625	0.20946	4
2755	16.2124	19.3212	0.906088	4
2759	16.67	1.52361	-0.129578	4
2764	15.8553	23.6147	0.261129	4
2770	15.9014	3.41798	-0.13879	4
2772	18.2192	13.0053	1.03039	4
2773	18.3783	12.1108	0.33365	4
2774	18.8768	8.68378	0.297249	4
2776	19.5099	18.4485	1.05355	4
2783	18.2231	1.05966	0.196808	4
2785	15.3055	22.2782	0.267903	4
2789	17.6053	19.7947	0.554585	4
2802	17.9387	8.31233	1.4515	4
2810	15.9946	21.6351	0.423931	4
2811	16.9485	2.35988	-0.272814	4
2812	17.1649	3.58463	-0.178414	4
2815	15.5509	0.735108	-0.269751	4
2822	17.5941	10.2326	1.21223	4
2824	18.4361	6.67809	1.09712	4
2825	15.3557	24.6693	0.267316	4
2829	15.0991	17.9456	-0.154303	4
2833	17.1425	22.5721	-0.470864	4
2836	18.6815	5.95063	0.263225	4
2837	18.6126	6.72916	-0.486468	4
2840	16.7852	6.59173	-0.0104826	4
2843	19.7227	24.1361	0.0790788	4
2844	17.6766	16.477	-0.268409	4
2845	15.8999	8.31856	1.13135	4
2847	15.9449	17.051	-0.558143	4
2852	16.5786	19.2999	-0.300321	4
2857	15.1773	17.3702	0.578712	4
2861	15.7343	21.5097	0.619113	4
2862	17.031	23.6762	-0.233793	4
2863	17.7622	17.7716	0.962617	4
2868	15.9049	1.67642	-0.0621271	4
2871	19.1255	11.3583	0.170415	4
2872	17.8442	10.5115	0.883826	4
2874	18.9289	16.287	-0.418352	4
2877	15.7955	21.3616	0.361753	4
2881	18.8711	1.51658	-0.0381872	4
2882	18.757	17.5219	0.0154904	4
2883	19.9949	17.118	0.583772	4
2884	15.7404	23.8794	0.177318	4
2890	19.6515	4.11167	0.172614	4
2905	15.9113	12.1881	-0.436744	4
2906	18.2322	5.85246	-0.160014	4
2908	19.1142	14.3375	-0.272407	4
2912	19.1129	7.52931	0.887004	4
2913	15.1747	24.2796	0.751903	4
2916	18.5177	5.21545	0.275422	4
2928	15.2947	6.54312	0.308826	4
2935	19.0746	22.7344	-0.216364	4
2936	18.0722	14.0985	0.0881444	4
2938	15.4772	16.6692	-0.10756	4
2939	19.123	0.722478	0.361537	4
2943	18.3568	6.41097	0.417511	4
2952	16.4367	24.8456	0.296337	4
2954	19.4879	4.64693	0.649525	4
2956	17.8055	19.8621	-0.161216	4
2958	17.6624	9.85745	0.664723	4
2961	15.3487	11.926	-0.364866	4
2964	15.3525	10.4512	0.155431	4
2965	18.0173	4.38719	-0.173838	4
2968	19.06	7.77519	-1.29727	4
2972	19.1808	22.1366	1.17618	4
2980	19.3252	20.6879	-0.00849155	4
2984	19.5374	5.7057	0.421806	4
2987	18.6467	20.1279	-0.933644	4
2988	17.2867	23.754	0.386549	4
2989	17.3747	24.1478	0.652304	4
2990	19.6086	9.62907	0.898248	4
2995	19.427	7.05205	0.0405535	4
3007	15.2291	7.30217	0.218311	4
3021	15.166	23.351	0.438752	4
3022	15.5279	23.2887	0.309238	4
3028	17.8976	4.68269	-0.195883	4
3035	18.4286	6.12405	0.438766	4
3038	16.6767	1.5668	-0.0926044	4
3045	18.8486	7.7754	0.0288237	4
3046	15.6821	14.8329	0.402492	4
3047	18.369	2.69029	-0.00911861	4
3050	15.5707	20.171	0.970293	4
3059	17.8584	0.197277	0.584004	4
3063	16.5238	13.8864	0.637348	4
3064	17.115	12.5415	-0.281018	4
3078	16.1295	11.7225	0.368115	4
3079	18.3817	18.7177	0.1247	4
3081	19.1736	17.2311	-0.283238	4
3083	18.6674	16.7134	0.391557	4
3092	15.8758	2.80319	1.00801	4
3105	16.6221	9.85102	-0.0237549	4
3118	16.4653	4.87422	0.392968	4
3120	17.0217	7.08408	0.234859	4
3124	18.1509	20.5676	0.656159	4
3128	18.0893	1.48177	-0.0147097	4
3136	15.4999	20.9361	0.146813	4
3143	16.6744	7.37018	0.185526	4
3145	18.1686	24.0079	0.334562	4
3149	18.3069	14.0515	0.784349	4
3156	18.3685	10.6112	0.457382	4
3157	17.3628	10.9064	-0.00466154	4
3164	17.7997	11.958	0.589272	4
3168	16.0113	18.6868	0.168366	4
3172	19.0813	16.7764	1.07014	4
3186	16.5004	6.03416	0.417873	4
3191	19.7766	6.91223	-0.374853	4
3193	16.8667	6.58856	-0.00965825	4
3194	16.6056	0.943519	0.744421	4
3196	16.9484	22.2178	0.63828	4
3197	17.3549	23.1835	0.234295	4
3199	16.6309	8.54415	-0.227292	4
3206	15.3448	23.8974	0.891215	4
3215	15.8298	4.49257	1.13041	4
3216	17.3679	23.7498	-0.205371	4
3217	15.6774	12.9843	0.995493	4
3218	16.3682	13.351	0.278046	4
3228	19.8883	10.19	0.330818	4
3235	15.4089	9.59175	-0.68658	4
3236	16.1558	15.282	0.811701	4
3240	15.0472	5.44825	-0.342484	4
3250	17.2115	9.65095	0.60325	4
3252	15.1896	6.51857	0.0532346	4
3254	19.9968	4.55719	0.619303	4
3256	18.8791	16.3317	0.371135	4
3257	18.0198	16.6696	0.0652956	4
3263	19.2497	6.83611	0.266522	4
3276	17.3007	11.5708	0.597739	4
3277	16.9083	10.6443	0.540065	4
3283	16.4626	16.1764	0.237643	4
3285	17.6925	21.8385	0.134241	4
3288	17.8223	0.174773	-0.152205	4
3289	15.6576	0.833468	0.461565	4
3294	15.4186	16.325	0.787193	4
3297	19.4962	17.6214	0.717148	4
3298	15.505	7.19728	0.0456759	4
3299	17.7098	22.4263	0.501326	4
3301	16.4264	8.74769	0.494817	4
3302	16.2406	3.50064	0.964709	4
3305	17.2	11.7793	0.152262	4
3318	19.8958	16.9018	-0.292116	4
3328	16.3875	12.1477	1.3059	4
3329	16.0174	9.6252	-0.321985	4
3338	19.9304	6.73253	-0.0215436	4
3341	16.2182	21.5344	-0.480038	4
3346	15.7926	20.6156	0.505842	4
3347	15.2728	20.6402	-0.452346	4
3351	19.0426	8.04963	0.210418	4
3358	17.735	20.4315	0.650949	4
3367	18.6601	6.39131	0.561099	4
3368	18.5719	17.3191	0.423587	4
3371	16.2021	9.19248	0.708749	4
3373	19.4142	9.75416	-0.341846	4
3377	15.1903	6.40716	0.224784	4
3378	19.6065	3.00716	0.591282	4
3381	16.8968	8.26136	0.207958	4
3382	18.3605	5.88488	0.143599	4
3386	15.4527	17.2647	0.299788	4
3387	19.3201	2.52451	0.553455	4
3391	15.8562	19.7278	0.567005	4
3392	19.6841	17.1549	0.660275	4
3397	17.1809	0.569499	-0.851643	4
3400	16.6563	6.12924	0.239835	4
3401	17.7587	21.4255	0.849803	4
3402	18.9928	13.3643	0.61227	4
3406	16.8004	7.16849	0.222853	4
3415	17.0758	1.52703	-0.304795	4
3417	17.2697	22.6205	0.911662	4
3419	17.2526	15.518	0.254906	4
3426	19.8507	16.8244	0.315378	4
3429	16.4954	13.965	-0.0587454	4
3432	18.2487	5.27132	1.02857	4
3434	19.6712	1.29146	0.273748	4
3437	15.5841	7.5815	0.489287	4
3438	15.0258	7.47641	-0.691665	4
3440	16.5012	13.6409	0.705147	4
3452	18.4866	11.2332	0.695015	4
3453	16.9162	17.0038	0.0134183	4
3469	15.8528	24.3736	-0.569639	4
3475	19.6572	8.12868	-0.164433	4
3477	15.0349	14.2652	0.530871	4
3488	17.8994	18.6074	-0.101827	4
3491	16.4569	20.0561	0.32299	4
3526	15.0066	5.13343	0.706877	4
3532	15.2948	24.2676	-0.342627	4
3533	15.611	5.4644	0.33073	4
3534	15.7185	19.0578	-0.0981794	4
3542	15.7102	8.41677	0.922169	4
3548	19.8927	4.61447	0.0722148	4
3549	19.3581	13.4976	-0.0726116	4
3557	18.288	18.9878	0.947679	4
3559	15.3498	18.3196	0.687485	4
3561	19.7962	12.5024	0.771464	4
3562	16.2752	17.5584	-0.320857	4
3566	15.0736	0.558136	-0.274088	4
3570	17.8795	23.685	-0.0230625	4
3579	19.9663	21.1027	0.864704	4
3588	15.5409	12.6476	-0.101423	4
3589	15.9858	12.9004	0.898191	4
3593	18.3747	8.19856	0.334108	4
3599	18.2647	24.5792	-0.22905	4
3600	17.9697	6.09196	0.291093	4
3608	16.075	3.95855	0.927568	4
3609	18.9353	1.89822	0.311972	4
3610	16.5832	19.3913	0.122131	4
3614	19.6841	9.89426	0.859392	4
3618	19.9948	2.34585	-0.0732474	4
3621	17.9045	1.28455	0.57377	4
3625	16.4676	2.50632	-0.672809	4
3627	19.95	5.00035	0.672019	4
3646	15.2437	22.3965	1.07157	4
3648	15.5094	0.700327	0.587476	4
3661	15.622	17.4656	1.10739	4
3664	17.1125	16.2246	-0.295719	4
3672	16.1419	13.3071	0.348005	4
3675	16.4219	8.22044	0.431912	4
3681	17.0783	11.6166	-0.156204	4
3685	16.1118	2.08993	0.360552	4
3713	15.8	12.0008	0.335394	4
3719	19.2746	15.3593	1.20464	4
3720	15.4437	22.1397	-0.0400146	4
3721	18.1728	6.77984	1.10922	4
3730	15.715	18.3932	0.155218	4
3733	18.4202	13.8551	0.324263	4
3737	18.5675	9.98526	-0.498488	4
3739	17.0371	0.37842	-0.288995	4
3745	16.2265	1.09809	-0.291369	4
3750	19.2533	8.10737	-0.476288	4
3763	16.006	13.0585	1.25973	4
3764	16.3843	8.45629	-0.287467	4
3774	16.8177	13.6999	0.00359473	4
3775	16.2738	14.0336	1.72195	4
3782	15.6343	15.5564	0.424321	4
3792	18.8327	9.86526	0.808499	4
3794	18.1155	6.52761	0.799471	4
3798	18.0955	19.2605	0.668589	4
3801	16.1591	24.3599	0.329386	4
3802	19.8682	5.3728	1.24072	4
3810	16.7724	22.8985	-0.384485	4
3811	18.1874	4.55992	0.903019	4
3816	17.0743	22.581	0.515379	4
3819	15.9748	7.41832	0.266597	4
3829	19.413	5.01831	0.582263	4
3832	17.2972	15.794	-0.928588	4
3841	16.3594	13.3044	-0.00170461	4
3848	17.6832	4.79834	0.877026	4
3849	15.5985	13.6705	-0.0138009	4
3854	15.858	10.1127	0.93723	4
3857	16.9666	9.76349	0.291083	4
3858	17.1436	9.75903	0.0868764	4
3863	17.7343	13.3829	0.604922	4
3870	15.7305	2.28709	0.337326	4
3880	15.5727	4.25505	0.751713	4
3881	15.931	4.72395	-0.0474979	4
3882	15.8843	4.49508	0.244376	4
3883	15.2307	9.35121	0.279879	4
3884	19.8307	2.97278	0.645777	4
3887	16.6517	1.84776	0.543834	4
3888	16.916	1.73364	0.590155	4
3889	17.0668	11.2116	0.81556	4
3890	16.3647	1.27389	0.485477	4
3893	17.4384	16.636	0.4077	4
3900	17.606	20.8618	0.489959	4
3904	17.7134	21.6265	0.0347986	4
3914	15.7459	1.57704	0.486685	4
3916	17.4289	22.2343	-0.0824781	4
3919	19.3329	8.374	-0.216937	4
3921	17.8778	23.0019	-0.166963	4
3924	18.4135	0.716645	0.581596	4
3927	19.8902	12.2808	0.947379	4
3930	17.2172	17.3794	0.434746	4
3935	17.3124	14.4994	0.318179	4
3936	15.0653	1.54095	0.780646	4
3938	16.9381	6.84864	0.93015	4
3939	15.5553	15.6081	-0.396841	4
3942	18.3525	7.06795	-0.458753	4
3944	16.4653	3.0355	0.0701974	4
3950	19.2234	17.8674	-0.0972666	4
3956	16.6193	13.1396	0.203648	4
3964	18.1271	1.21016	-0.827029	4
3965	18.4305	10.1001	0.0749148	4
3966	16.4485	14.4466	0.367295	4
3967	19.1906	7.45995	0.881587	4
3971	15.4664	6.48845	0.205301	4
3973	15.6177	17.819	0.081147	4
3976	16.5063	22.4317	-0.837507	4
3977	18.7355	16.6122	-0.121016	4
3981	16.8264	15.1833	-0.376887	4
3982	16.8943	15.8694	0.744757	4
3996	18.4831	12.595	1.09327	4
3997	18.9372	6.10354	0.32902	4
4001	15.3062	14.1537	0.034746	4
4004	19.0136	18.5378	0.416956	4
4007	19.8573	11.5106	-0.143167	4
4009	17.202	23.6859	0.980452	4
4019	15.9684	14.1041	0.829178	4
4031	16.2984	22.6319	-0.358038	4
4041	16.3216	15.2507	0.812021	4
4056	15.1994	5.47434	-1.17075	4
4057	15.8091	1.81157	-0.216964	4
4069	19.0873	14.9226	0.227724	4
4070	18.4546	15.2577	0.0705956	4
4080	16.5347	11.739	0.099805	4
4081	17.438	6.8795	0.490748	4
4085	17.1729	23.123	-0.286094	4
3	23.3503	8.75146	-0.131998	5
4	22.9585	18.6626	0.75121	5
12	24.1782	23.7854	0.606419	5
35	24.2705	1.59987	0.0631329	5
37	22.2742	9.8066	0.256558	5
38	24.0319	4.37271	0.846007	5
49	24.6126	12.85	-0.276958	5
53	24.3886	21.6424	0.439942	5
55	21.5904	16.1306	0.839919	5
63	23.034	4.5386	0.061614	5
79	22.9696	1.31889	0.418181	5
83	23.5888	12.889	0.0263322	5
86	21.8236	17.3682	-0.14924	5
87	22.778	10.751	0.8063	5
91	22.3731	17.3848	0.486476	5
93	21.6003	2.23231	-0.157013	5
94	24.4739	24.0835	1.06883	5
105	20.7594	23.0384	-0.0194052	5
122	22.7248	21.8634	-0.385249	5
129	20.2263	7.62371	0.227423	5
139	23.9727	19.5905	1.32395	5
148	23.0867	3.62715	0.678534	5
149	23.9484	5.82158	0.30571	5
153	24.0401	8.41862	0.506913	5
154	22.558	9.88233	0.279803	5
156	20.3651	0.968786	-0.0210744	5
159	23.0799	9.19327	0.495143	5
165	24.8238	10.0264	0.130853	5
166	23.8701	19.249	0.309219	5
168	21.7112	6.10355	0.728082	5
169	20.3668	20.6093	0.873111	5
173	21.4355	23.4732	0.98873	5
188	21.5758	16.873	0.0203436	5
203	23.3564	24.6798	-0.0849693	5
204	23.2435	17.7788	-0.516248	5
208	24.3736	22.8118	0.173866	5
217	24.0271	5.62648	0.0215863	5
220	23.3883	8.50383	-0.0445757	5
222	22.4276	7.66723	1.10823	5
225	23.0355	6.36363	0.384023	5
232	22.0995	16.7771	-0.0693395	5
238	20.3322	21.8444	0.521535	5
244	22.8933	0.31267	0.135105	5
258	21.554	10.0581	0.769668	5
261	23.3812	1.86468	0.436055	5
269	20.0133	15.6493	-0.428609	5
277	24.5576	16.7087	0.801809	5
280	20.8714	23.0206	-0.00179881	5
282	24.2301	10.9128	-0.705239	5
286	24.3191	0.314094	1.04481	5
291	20.2932	17.4722	-0.0669005	5
302	22.8032	0.943078	-0.0168823	5
314	23.4507	19.0611	0.436531	5
318	22.5563	13.4151	0.0419456	5
319	23.6475	22.6055	0.0736015	5
329	20.3989	19.4316	0.462004	5
330	23.5617	8.34925	1.09368	5
331	23.15	12.0931	0.639663	5
340	21.0548	0.527847	0.962627	5
341	21.3248	18.7537	0.0244983	5
342	21.1755	0.108729	0.411798	5
346	24.3505	16.5066	0.37756	5
348	20.3289	5.67556	-0.149557	5
351	22.6487	0.0455717	0.497404	5
353	24.1006	3.94234	0.671472	5
359	23.4305	24.0093	0.351187	5
363	20.8632	14.4861	0.690132	5
364	24.8924	15.4434	-0.0840842	5
369	24.1514	4.81334	0.569795	5
384	20.4054	10.9456	0.801928	5
386	24.0451	23.1632	-0.650085	5
391	23.5298	19.7701	0.0353495	5
394	23.2038	24.6269	0.879701	5
398	22.1367	11.5343	-0.271325	5
399	22.2123	7.05724	0.61848	5
402	21.5719	19.1415	0.658466	5
411	24.6811	2.46251	0.246494	5
413	24.9312	21.0462	-0.0709291	5
415	21.4495	12.5344	-0.267089	5
419	21.5441	5.24439	0.552878	5
422	24.6149	24.6159	0.760316	5
436	23.5193	17.1077	0.0221914	5
438	22.4693	7.84051	0.445096	5
439	24.4806	13.7912	-0.0456911	5
444	23.772	10.2298	0.90056	5
449	20.8291	2.423	0.375909	5
465	24.697	4.52605	-0.440428	5
466	24.0437	22.9899	0.0409348	5
471	20.8605	24.0198	0.599477	5
474	24.6487	20.5796	0.168819	5
483	23.0434	13.9723	0.0478719	5
492	23.7515	5.87329	0.42636	5
493	23.4354	15.1084	0.38352	5
501	23.2058	7.72786	1.38067	5
505	23.1425	17.0919	-0.543815	5
507	23.1373	3.88241	-0.256031	5
509	20.8254	20.4655	0.447575	5
514	21.3592	20.2049	0.173461	5
518	24.9467	6.80584	0.0232239	5
520	20.6625	1.19457	0.462809	5
523	24.7585	1.32983	0.32864	5
524	21.3407	24.9862	-0.024916	5
533	21.1585	17.5772	-0.0522747	5
545	23.9478	7.71424	0.32089	5
551	22.5923	20.117	-0.453081	5
558	20.6026	3.12861	-0.230274	5
567	21.5978	22.4661	0.78243	5
571	22.5853	17.4293	0.207216	5
581	20.6805	24.3947	-0.080786	5
583	21.5848	12.8003	0.345984	5
592	20.9036	12.4258	1.03094	5
593	23.3517	12.2769	-0.124108	5
598	20.8629	14.9808	0.338584	5
603	22.3702	4.83229	0.305126	5
606	22.454	22.2738	0.236836	5
607	23.1822	7.75654	-0.205632	5
608	22.2287	5.69668	0.708688	5
612	24.8378	15.1815	0.272498	5
614	21.2475	2.61797	0.847999	5
617	20.6943	20.627	0.287592	5
623	23.9796	6.99078	0.63462	5
626	22.4839	11.1262	1.15547	5
632	20.9722	14.1997	0.861767	5
635	23.2204	8.00242	0.0778748	5
641	23.4415	15.984	-0.35234	5
647	21.744	6.75931	0.645034	5
650	20.2027	6.97107	-0.138291	5
653	22.7475	14.4923	0.477469	5
666	23.9023	22.1783	0.404709	5
676	22.9561	7.85977	0.803715	5
688	21.2004	3.00998	0.649315	5
689	22.7891	15.8856	-0.311273	5
691	24.1585	21.6095	0.956671	5
698	24.1699	17.1456	0.844283	5
706	24.0698	3.7326	1.25383	5
713	20.4824	18.3222	-0.460769	5
714	21.0265	16.5652	0.0211631	5
723	21.0405	17.7996	0.989833	5
724	24.9981	10.8301	0.869746	5
733	20.4698	5.53221	-0.482674	5
737	20.0422	20.3605	0.68904	5
739	22.7319	18.7211	0.127408	5
740	24.2286	1.97927	-0.0863884	5
742	24.1329	9.19755	-0.277264	5
750	21.6393	13.4403	-0.0777708	5
751	24.087	13.7354	0.649363	5
752	22.4668	18.9857	1.41362	5
754	20.3376	11.797	0.515883	5
759	22.3832	21.8497	0.366207	5
764	24.5859	12.7055	0.0604298	5
765	20.6261	16.7177	0.580462	5
768	24.6866	8.63395	0.435138	5
770	21.5603	8.38172	-0.00744041	5
771	22.3728	9.27151	0.485644	5
776	24.7686	0.93878	0.6167	5
778	20.6062	12.2854	0.211126	5
780	23.9988	22.0713	0.502667	5
789	20.7546	11.9338	0.765171	5
799	20.4437	14.5532	0.940553	5
800	23.3939	17.1026	0.743642	5
801	21.7955	23.3225	0.562279	5
806	23.9848	7.97868	0.424176	5
807	22.1183	13.3136	0.617121	5
822	23.3951	12.7546	-0.129729	5
829	20.0481	11.329	-0.263136	5
835	20.7513	4.96237	0.468277	5
838	21.3095	12.8468	0.386801	5
842	23.6166	5.30154	-0.0888332	5
850	21.6033	22.1476	0.087467	5
852	22.1233	2.87049	0.575665	5
858	24.868	10.4197	-0.554597	5
862	21.91	23.3498	0.397259	5
863	23.7784	24.3243	0.1663	5
875	21.1114	17.5588	-0.180441	5
876	20.325	12.1152	-0.423434	5
877	21.1292	1.20325	0.899754	5
885	22.4423	20.4777	-0.00503327	5
899	24.2434	13.2126	-0.24921	5
906	22.2129	8.69393	0.867534	5
912	21.364	7.00448	-0.102768	5
913	23.5027	8.54791	0.489756	5
914	20.814	5.12793	1.30932	5
917	23.3672	1.1453	0.606205	5
923	23.9495	4.70554	-0.0365848	5
925	20.5747	10.1933	0.580576	5
932	21.0242	4.17962	0.405422	5
933	21.5742	16.8816	0.592986	5
936	22.4314	6.14126	0.48812	5
938	22.8808	12.3372	1.08984	5
946	23.3515	5.83003	0.940483	5
949	20.7833	24.6638	0.637489	5
956	24.5779	5.23337	1.13868	5
958	20.4444	11.6901	-0.0179983	5
965	23.3099	6.95218	0.284233	5
967	24.5033	19.1482	0.765136	5
968	22.4841	4.16442	0.87242	5
976	20.6735	2.08423	0.612759	5
980	21.2293	16.0763	0.135851	5
985	20.6269	7.93455	-0.894654	5
987	24.2349	9.5351	0.126411	5
990	21.8728	22.4118	0.355898	5
992	23.7082	16.3456	-0.514147	5
995	24.9777	0.736192	1.03201	5
997	23.6359	20.2123	0.434605	5
1002	22.8094	16.9712	0.748503	5
1003	21.456	9.57253	0.34261	5
1006	21.5426	7.12084	0.745129	5
1007	24.8328	8.21961	0.0543531	5
1012	22.7502	2.04194	0.370402	5
1021	24.5302	9.30814	0.197146	5
1024	22.2783	22.3028	0.463824	5
1025	21.1354	4.06562	0.535353	5
1045	23.9968	7.69117	-0.503795	5
1049	21.8568	21.9688	0.985644	5
1054	22.2398	13.6159	-0.059144	5
1056	20.8621	17.0199	-0.265697	5
1059	24.2851	5.72314	0.251686	5
1062	22.0723	17.6332	0.219536	5
1066	23.686	21.2807	0.524144	5
1070	24.0667	19.9464	0.971634	5
1074	21.5199	20.7086	0.550866	5
1079	20.5663	22.053	-0.377236	5
1099	21.409	12.6129	-0.209974	5
1100	22.3809	14.1387	-0.626707	5
1109	22.3371	14.8683	0.916653	5
1111	23.1188	18.6416	1.42695	5
1112	20.7097	18.6791	0.165849	5
1114	24.2356	21.57	0.725728	5
1119	23.7795	11.9474	-0.134318	5
1145	20.7396	8.42368	1.10224	5
1150	22.4403	12.8705	0.181077	5
1170	23.5016	0.081098	0.741423	5
1183	23.3812	22.7379	0.0975358	5
1188	20.3827	1.37357	-0.0732528	5
1196	20.6159	9.78132	0.581252	5
1200	20.5436	16.081	1.16106	5
1206	21.4119	3.2874	0.0801097	5
1218	24.3511	0.228762	0.343452	5
1228	23.7052	18.6387	0.218147	5
1237	20.7943	21.4522	0.53748	5
1239	20.1993	22.2515	0.7842	5
1246	23.7938	16.2838	0.627995	5
1247	20.5047	19.0301	0.694529	5
1252	20.0595	9.16265	0.400932	5
1254	20.2329	15.364	-0.167393	5
1258	23.2369	3.39923	0.411724	5
1266	22.057	19.5041	0.494394	5
1268	22.7932	0.314992	0.306203	5
1269	22.405	1.37496	0.297476	5
1273	20.8466	16.1686	-0.25265	5
1277	22.1167	1.49188	1.03131	5
1278	21.0409	1.75922	0.376815	5
1280	20.4946	17.4383	0.149512	5
1291	20.3387	8.90336	-0.891828	5
1303	22.9218	14.887	-0.561158	5
1307	20.9243	22.0897	0.178177	5
1309	20.3652	7.97845	0.0762006	5
1317	22.0189	12.4784	-0.0935807	5
1332	23.2358	23.8112	1.11208	5
1337	22.5692	6.02406	0.159262	5
1339	22.2308	1.83639	-0.215589	5
1352	21.9079	5.72266	0.369396	5
1357	23.2773	18.0143	0.113796	5
1358	20.2031	10.2639	0.0184781	5
1359	20.4835	3.38104	0.291723	5
1366	21.3044	18.134	-0.227599	5
1368	21.5854	5.91535	0.913485	5
1369	21.2168	17.5774	-0.140554	5
1379	23.0269	3.53584	0.814937	5
1380	20.0554	22.3525	-0.0361717	5
1388	22.2127	20.2622	0.771033	5
1389	23.5394	18.7298	0.921411	5
1393	21.7405	11.5874	-0.534331	5
1394	20.8353	14.7615	-0.138028	5
1408	22.5475	16.2064	-0.462817	5
1409	21.8557	14.0583	0.939919	5
1411	22.311	11.1888	0.130697	5
1416	22.5658	19.4553	0.378407	5
1419	20.2814	0.799134	0.127799	5
1420	24.7648	22.3768	0.706238	5
1440	23.6814	1.84592	0.553167	5
1443	20.903	10.3154	0.543447	5
1444	20.7829	17.1491	0.0564536	5
1450	22.6002	4.56813	0.980515	5
1451	23.4529	18.3082	0.284073	5
1457	22.3693	12.47	0.758968	5
1460	21.1817	3.64599	1.02026	5
1467	20.5999	3.66705	0.0161808	5
1471	23.523	23.7504	-0.265536	5
1488	23.9356	7.4686	0.585506	5
1495	24.2133	7.30186	0.953329	5
1500	22.6043	24.7527	0.214168	5
1501	22.1957	24.3151	0.135957	5
1504	22.185	3.06371	0.169353	5
1519	22.0439	13.8947	-0.0897456	5
1521	21.2755	22.1413	0.769536	5
1529	24.1237	10.2995	0.0225798	5
1532	23.9738	16.6963	0.3012	5
1533	24.5523	20.588	0.0491303	5
1534	22.5673	18.3255	-1.15107	5
1538	23.3617	1.54063	-0.111368	5
1540	20.8596	19.8784	0.159908	5
1545	20.2286	6.07076	0.6792	5
1552	20.139	15.8981	0.704856	5
1553	21.5547	15.0929	0.500318	5
1558	22.5376	15.7573	1.05947	5
1562	24.3383	14.108	0.472661	5
1564	22.8643	24.8933	0.149548	5
1571	20.4389	14.056	0.17175	5
1578	21.7343	18.3444	0.514632	5
1587	23.8332	14.0325	0.00746427	5
1593	24.9049	24.0993	-0.0845198	5
1595	20.6563	20.8931	0.730572	5
1598	20.9991	12.0692	0.563823	5
1603	22.0363	11.4602	0.106323	5
1607	22.4554	0.4326	-0.205411	5
1609	21.9132	16.54	0.104053	5
1620	24.0445	15.9617	-0.183232	5
1626	24.6907	24.1921	0.668689	5
1631	24.5396	13.6712	0.899428	5
1646	23.199	4.74815	0.943456	5
1649	22.5501	7.15682	-0.0207537	5
1651	20.1319	5.87689	0.0979874	5
1654	23.4815	23.379	0.482264	5
1656	22.0452	19.7614	-0.128878	5
1660	22.497	8.9351	0.796204	5
1661	21.885	18.4329	0.431326	5
1662	23.4147	14.1234	0.254752	5
1664	22.3819	17.8355	0.510542	5
1669	24.3203	24.7817	0.803916	5
1672	21.8362	7.4033	0.465404	5
1676	21.936	4.81666	0.997583	5
1681	24.3149	17.8197	-0.554391	5
1685	21.9156	3.1406	0.587082	5
1691	20.0137	23.5375	0.360343	5
1692	22.8443	3.99554	0.179084	5
1696	20.7942	8.64405	-0.105172	5
1705	20.1083	6.79528	0.359885	5
1707	22.1075	4.63226	0.846694	5
1717	24.8544	0.721688	0.391803	5
1719	23.3657	22.0455	-0.0622695	5
1723	23.427	23.8017	1.14325	5
1730	23.0076	6.7892	0.554226	5
1735	24.6572	6.26662	-0.197446	5
1744	24.7328	20.2463	0.723266	5
1745	22.8852	22.2714	0.332813	5
1767	21.3346	18.3816	-0.499812	5
1772	22.9582	11.4558	1.03352	5
1775	24.7316	3.59146	0.378432	5
1778	22.152	16.8251	0.558227	5
1781	21.0605	16.9453	1.14509	5
1782	21.268	2.32705	-0.345797	5
1783	23.7054	12.178	0.314873	5
1786	23.274	20.4074	0.936817	5
1809	20.6639	16.0191	0.900774	5
1810	24.1679	14.574	0.854128	5
1814	23.3373	23.964	-0.15565	5
1818	22.6539	21.6123	0.330422	5
1819	23.6208	7.67992	0.207678	5
1820	23.0367	4.55934	0.766802	5
1821	21.3881	7.18267	0.782311	5
1822	21.5058	18.1721	0.959522	5
1834	20.1367	18.7777	1.54883	5
1840	24.4869	15.0809	0.738779	5
1845	24.4544	16.1946	-0.420403	5
1846	20.6171	0.869751	0.856039	5
1854	21.9051	19.3075	-0.238869	5
1863	21.1574	13.4022	1.36947	5
1870	23.3069	15.237	0.220828	5
1880	22.4338	20.0455	0.443981	5
1883	21.1166	21.5587	-1.19937	5
1888	23.5042	15.6181	0.524503	5
1889	24.3493	10.8449	0.181848	5
1897	21.566	18.567	1.40203	5
1906	20.284	13.1032	0.282609	5
1907	22.9667	19.7213	-0.587169	5
1923	24.0535	8.10125	0.244708	5
1926	20.4875	8.78514	0.389463	5
1931	24.4239	7.56145	0.248593	5
1937	24.6484	10.9368	-0.20013	5
1938	23.8804	15.5569	0.0816122	5
1944	24.2419	16.9161	0.313263	5
1969	22.6457	20.1969	0.623228	5
1972	22.7722	15.2038	1.07413	5
1979	20.1702	2.80118	-0.440846	5
1984	21.6888	7.52823	0.62417	5
1996	21.5734	20.9873	0.634388	5
1998	23.044	7.04394	0.130759	5
2002	24.5411	18.7944	0.626643	5
2010	23.6492	0.543779	0.406736	5
2011	23.8953	1.23498	0.963287	5
2014	22.1718	20.4418	0.434308	5
2022	24.26	1.57811	0.0107419	5
2038	20.9233	0.979555	0.0192984	5
2050	20.7802	13.0741	0.4789	5
2064	22.5915	6.87004	-0.140706	5
2065	24.7827	16.2943	-0.136678	5
2069	23.2715	5.17219	1.02462	5
2073	23.3707	1.63728	0.282181	5
2075	22.9484	2.15485	0.504093	5
2082	22.0655	10.1547	1.01346	5
2088	20.2826	14.1697	0.946208	5
2090	24.9985	4.0724	0.822498	5
2094	23.7511	6.18959	0.470696	5
2097	22.3807	8.03867	0.800686	5
2102	24.462	13.678	0.04584	5
2103	23.0759	10.7124	1.38152	5
2112	23.7764	3.81089	-0.124003	5
2120	22.2428	20.1556	-0.123175	5
2122	23.8937	2.08006	0.302956	5
2123	22.0166	1.10122	-0.176716	5
2132	20.5268	20.7823	0.681817	5
2133	24.9758	11.3155	-0.336641	5
2137	22.2307	2.9055	0.690662	5
2140	21.956	20.1646	0.534084	5
2160	23.5295	1.26029	1.09819	5
2162	22.8004	13.0212	-0.159006	5
2165	22.6837	7.02564	0.570089	5
2166	21.0865	20.9362	0.810778	5
2170	21.5368	18.8591	0.902961	5
2172	23.9062	11.9336	-0.574994	5
2173	24.9699	7.79844	0.514791	5
2178	20.3952	12.8005	0.135891	5
2180	24.2247	14.8145	0.61453	5
2191	21.5721	17.0397	0.598252	5
2196	24.9055	19.7479	0.0616425	5
2200	21.9516	21.6018	0.204956	5
2212	21.8689	8.85153	0.822623	5
2214	23.436	19.1825	0.962934	5
2215	21.2032	15.4427	0.251861	5
2216	21.0721	17.6878	-0.222166	5
2221	20.0824	17.6741	0.685873	5
2229	24.99	9.34774	-0.0252597	5
2230	22.3497	3.31317	-0.225208	5
2231	22.3525	1.96218	-0.0242055	5
2232	21.458	19.0826	0.480335	5
2236	21.2747	9.26949	0.651277	5
2238	20.4982	22.0091	0.717731	5
2246	24.4546	2.84299	0.75437	5
2252	20.7161	11.0417	0.861244	5
2253	20.5743	11.0601	-0.171808	5
2258	24.548	12.9449	0.405268	5
2261	20.395	21.3075	0.239195	5
2262	21.5241	3.39966	1.45056	5
2274	23.7819	19.0606	0.563007	5
2291	20.6107	4.26661	0.211378	5
2292	23.8833	14.0577	-0.644232	5
2293	22.879	18.207	0.303773	5
2300	22.38	3.97059	-0.0128301	5
2301	21.7286	17.202	-0.165289	5
2308	22.055	19.5697	0.523068	5
2318	23.7527	7.11332	0.119325	5
2319	20.7933	9.33073	0.0571685	5
2323	20.037	2.12093	0.0906343	5
2330	23.6988	20.6693	0.867782	5
2342	20.8385	12.249	0.81374	5
2355	21.6731	22.4416	0.400904	5
2358	22.6745	6.6436	0.888747	5
2371	20.8921	14.0977	-0.0907211	5
2378	22.7573	20.8253	-0.141711	5
2382	21.1455	2.98592	0.0248187	5
2387	20.4804	15.0318	-0.215506	5
2388	23.8785	6.57674	-0.282114	5
2395	24.3937	7.92369	1.31386	5
2397	23.8627	21.9238	0.522379	5
2399	24.3999	5.38345	-0.129157	5
2404	20.8545	4.98587	0.178826	5
2410	22.6998	24.5872	0.442381	5
2417	21.7978	18.6125	1.17509	5
2423	23.1447	10.5471	0.552999	5
2434	22.2801	4.21237	0.268073	5
2437	21.0768	5.65838	0.59156	5
2446	24.5234	0.0971808	0.0507395	5
2452	20.0931	0.796828	0.364228	5
2463	23.0072	12.7304	1.47989	5
2472	22.3374	10.3998	-0.161944	5
2477	22.9012	16.1146	0.609591	5
2479	20.4118	23.3215	0.339102	5
2480	20.3226	23.857	1.06487	5
2486	21.1974	8.17987	-0.0610149	5
2491	21.543	7.01252	0.834922	5
2492	22.0816	17.6613	1.14908	5
2497	22.8479	21.6631	-0.37483	5
2510	22.3347	16.7273	0.48264	5
2513	22.3317	0.115921	0.248593	5
2514	21.3994	0.651039	-0.620274	5
2520	20.0489	6.71254	0.390892	5
2525	20.3849	21.889	0.678149	5
2529	24.1663	5.1079	0.459813	5
2534	20.8876	24.5072	1.02409	5
2535	22.5985	14.8988	0.13941	5
2537	20.3036	11.7713	0.461061	5
2539	22.2512	7.62975	0.220294	5
2540	24.3306	12.5717	0.00647556	5
2544	22.0263	10.5665	0.596599	5
2547	21.1063	19.3668	-0.260398	5
2554	23.6252	1.07507	0.46896	5
2557	20.5412	18.1309	0.858261	5
2560	24.6298	18.1986	0.359084	5
2562	24.8382	10.3945	0.121084	5
2569	22.2753	2.24748	0.207367	5
2577	21.1612	0.525726	-0.113558	5
2578	24.4477	0.996805	0.392501	5
2581	20.952	8.98438	0.0580371	5
2582	24.632	0.103884	1.07314	5
2583	20.761	5.4188	0.277704	5
2584	24.255	10.4957	0.107147	5
2604	22.5546	10.8036	0.057942	5
2607	21.1956	8.14859	0.686735	5
2609	21.304	14.6292	-0.122828	5
2616	21.9509	14.7808	0.925436	5
2619	21.2007	11.7791	0.945809	5
2621	21.1247	7.43463	0.314887	5
2622	22.3258	7.63463	1.13987	5
2629	21.2852	3.77285	1.00134	5
2632	21.4972	4.64017	0.32847	5
2646	20.108	16.7084	0.144355	5
2661	23.4366	10.3251	0.611348	5
2665	22.837	12.6656	0.563512	5
2666	21.5243	21.4645	0.0623867	5
2668	20.0398	13.5	-1.01995	5
2688	23.4131	20.011	0.809815	5
2690	24.9727	24.4062	1.03646	5
2692	24.7672	1.84084	0.735383	5
2701	24.6928	22.4842	0.499192	5
2706	21.8666	4.62949	0.0677917	5
2724	21.283	21.7765	0.23068	5
2728	22.3662	13.0503	0.975828	5
2732	23.7314	3.25556	-0.152906	5
2735	20.2164	2.17681	0.393383	5
2738	20.8699	23.7049	0.724862	5
2742	21.483	17.0042	0.59895	5
2743	24.7613	24.5236	0.948546	5
2747	22.785	15.2194	0.579722	5
2753	20.6242	16.0919	0.373222	5
2766	21.3308	19.6587	0.352038	5
2771	22.7034	9.2037	0.529064	5
2775	22.7312	23.4463	0.782287	5
2778	24.3685	6.38056	1.18476	5
2781	24.7447	5.8045	0.620993	5
2786	22.9572	23.9634	0.686526	5
2790	22.5416	10.7402	0.300172	5
2791	23.924	0.965426	0.741604	5
2800	20.4851	20.2804	0.438243	5
2803	22.3232	24.3228	1.09229	5
2809	23.545	8.34116	-0.463173	5
2818	22.0991	0.875075	0.707003	5
2819	22.133	8.2524	-0.131609	5
2820	21.2473	9.04873	0.933392	5
2821	23.0448	11.3623	0.42855	5
2823	20.203	17.9895	0.0621418	5
2826	23.7606	9.75879	-0.112575	5
2827	23.7013	2.27616	0.450019	5
2828	23.5212	16.7602	0.94615	5
2838	21.1536	12.198	-0.433594	5
2850	23.6017	6.34725	-0.341252	5
2856	24.6129	10.7405	0.213591	5
2858	22.4298	20.4456	0.743663	5
2869	23.0559	24.5381	0.725431	5
2870	20.3384	24.6855	0.0690015	5
2876	21.6531	23.5367	0.634197	5
2879	23.1176	3.89746	-0.431834	5
2891	21.127	9.0827	0.758499	5
2894	23.2896	14.4156	0.274362	5
2896	20.7862	24.2356	-0.102467	5
2900	23.8787	12.8295	0.0255999	5
2901	20.2479	10.5264	0.407724	5
2904	21.5263	10.552	-0.00669128	5
2907	24.5176	14.1231	0.389039	5
2909	20.6578	6.63657	0.506983	5
2911	24.5039	3.69179	0.6045	5
2919	24.0359	7.60845	0.593735	5
2924	22.85	20.9879	-0.146282	5
2926	24.7735	14.5115	1.2563	5
2929	22.1433	16.0844	-0.0284215	5
2931	24.9869	12.3106	-0.180865	5
2941	21.46	6.17809	0.297272	5
2945	20.9721	20.6711	0.814513	5
2947	21.9047	19.2988	0.485327	5
2951	21.9304	5.14636	-0.30538	5
2959	21.0862	3.28929	0.474652	5
2963	20.9282	10.321	0.15741	5
2969	22.8563	9.34277	0.550123	5
2970	21.6221	2.63942	1.08536	5
2985	24.7429	6.67983	0.587523	5
2992	22.4622	21.9352	-0.424475	5
2996	20.1372	3.59441	-0.445511	5
2999	20.6972	19.4153	0.209659	5
3002	20.5103	18.9557	1.09307	5
3004	24.6135	9.94512	1.30159	5
3006	23.9395	9.17768	-0.219114	5
3011	21.4072	18.4433	1.14831	5
3016	23.7946	4.7242	1.37993	5
3017	23.0883	9.88883	-0.0508001	5
3018	22.2025	10.5381	0.562085	5
3019	24.4627	16.9794	0.760778	5
3023	23.9357	9.16953	-0.00853282	5
3025	20.3994	4.56658	-0.628232	5
3040	23.179	18.3109	0.579826	5
3041	21.65	13.9217	-0.171425	5
3044	23.209	4.21009	0.435771	5
3052	23.4395	9.25452	0.00750398	5
3053	22.3227	5.45158	-0.988519	5
3057	20.875	7.58961	0.0913961	5
3061	22.5121	1.93413	0.90171	5
3062	22.1326	4.60142	0.314119	5
3087	22.2958	12.747	-0.310517	5
3088	22.7403	13.0055	1.14525	5
3090	22.0693	9.97502	0.135838	5
3094	20.2723	4.75045	0.334829	5
3096	22.5573	4.99225	0.166675	5
3102	23.6394	11.0003	0.194415	5
3112	23.405	19.1286	0.728663	5
3113	22.0994	11.6113	0.242618	5
3132	24.1992	2.97625	0.21111	5
3140	20.0884	12.6991	0.0907273	5
3147	23.5736	11.8116	0.752655	5
3152	20.0248	9.72279	0.354643	5
3154	20.1917	4.99865	0.359277	5
3171	21.6223	9.06291	0.672216	5
3173	22.8968	4.31634	0.255126	5
3175	20.6037	3.60296	0.114198	5
3176	20.894	22.0203	0.234605	5
3185	23.1573	11.0062	0.959146	5
3188	24.2498	14.8566	0.975688	5
3198	20.005	4.85707	0.85536	5
3201	21.9613	23.0354	0.0911202	5
3202	23.0016	19.2791	0.449789	5
3203	21.6806	13.47	1.1083	5
3209	20.2091	16.9706	-0.566284	5
3210	21.4929	17.4878	0.560538	5
3214	20.4499	20.1482	-1.1435	5
3221	20.0004	5.25084	-0.642144	5
3222	22.0445	12.8207	-0.0559941	5
3223	21.0216	13.5898	-0.112142	5
3225	22.7135	14.5933	-0.651066	5
3226	24.8119	22.5346	-1.12287	5
3227	21.7562	14.3393	0.0857546	5
3234	21.9937	3.06957	0.372977	5
3239	23.2125	1.29952	0.179294	5
3244	20.9547	6.19938	0.24635	5
3245	20.5012	15.6366	0.157666	5
3264	22.961	22.246	0.466319	5
3273	20.7286	11.1151	-0.212183	5
3274	20.9936	11.6006	0.515232	5
3280	24.3433	3.20699	-0.157155	5
3281	21.3463	15.1068	1.58992	5
3291	24.2395	7.65671	0.525776	5
3292	21.9057	11.3396	0.0912271	5
3303	24.3891	11.4614	0.282679	5
3307	23.466	15.407	-0.00227652	5
3308	24.8153	21.5711	0.846539	5
3311	23.2777	11.5975	0.235545	5
3313	20.8069	18.5596	1.4079	5
3325	24.5107	12.2371	0.830372	5
3326	23.8186	23.5194	0.568426	5
3337	21.3878	11.4119	0.188075	5
3344	23.0853	14.0274	0.792513	5
3345	21.2935	16.7249	0.930239	5
3349	22.4442	5.86698	-0.205813	5
3352	22.0719	11.8337	0.462739	5
3353	20.4827	24.6773	0.666819	5
3356	22.0111	18.4062	-0.00137702	5
3359	23.4922	13.7388	0.439621	5
3364	21.7238	2.06817	-0.134568	5
3376	21.1923	13.6484	0.692896	5
3388	21.0838	15.2224	0.211874	5
3398	21.61	9.42042	0.568751	5
3409	22.7904	24.3349	0.243303	5
3410	20.6581	15.2589	-0.262019	5
3416	24.4941	9.74603	0.681548	5
3425	20.5587	6.33097	-0.574205	5
3427	20.2919	17.5213	0.189505	5
3430	20.9614	15.5679	0.313744	5
3433	21.508	10.0091	0.331133	5
3435	24.7848	11.4553	0.712869	5
3442	23.8363	13.54	0.201633	5
3454	21.2159	9.51734	0.684404	5
3456	21.1774	17.0035	0.496239	5
3457	23.3818	4.50609	0.480224	5
3458	23.7026	4.20404	0.0143628	5
3464	21.4218	6.76442	-1.05747	5
3466	24.2145	22.0687	0.0634639	5
3467	24.6018	10.9264	0.231594	5
3470	20.9067	6.23664	0.111316	5
3480	24.2396	17.4962	0.655867	5
3481	22.8288	1.1759	-0.554069	5
3484	24.0784	19.6115	-0.0667125	5
3485	21.0352	24.2915	0.697263	5
3487	22.4153	7.83337	0.768172	5
3490	24.3047	15.5213	-0.237323	5
3492	20.1879	6.88205	-0.0958092	5
3493	20.6751	8.63154	0.402838	5
3498	23.8983	4.32642	0.648281	5
3504	23.2257	7.24921	0.397977	5
3510	20.4654	5.059	0.548238	5
3528	20.7555	17.8653	0.397468	5
3538	20.9832	16.4148	0.958312	5
3543	23.4764	19.7789	0.288138	5
3544	22.7264	20.0652	0.177665	5
3545	21.8738	18.367	-0.376546	5
3554	20.4383	14.575	0.368723	5
3558	20.1787	9.33517	0.310335	5
3565	22.4607	24.8829	0.0462258	5
3568	24.371	1.31861	0.287639	5
3578	22.2675	4.25595	0.0690982	5
3581	20.4548	20.1922	-0.147099	5
3582	20.7427	9.29786	-0.160412	5
3583	20.7292	9.11953	-0.485013	5
3586	22.0201	2.79835	-0.0855461	5
3587	21.4246	18.7168	0.24298	5
3597	22.1395	11.1394	-0.120714	5
3606	20.7974	6.16966	-0.151449	5
3616	22.3856	5.99878	-0.0851148	5
3617	22.6966	6.28394	-1.05019	5
3622	24.8796	12.9784	0.669464	5
3624	24.6419	18.1945	0.25617	5
3626	23.8909	21.3097	-0.383164	5
3633	21.4263	2.07408	0.0741036	5
3637	20.0892	5.24828	0.866979	5
3641	21.3103	12.9232	0.161212	5
3643	22.4701	10.4079	0.0468881	5
3652	23.2481	17.8342	0.900831	5
3657	20.1331	8.11374	0.362355	5
3658	20.7145	4.22916	0.423622	5
3662	20.0786	0.724999	0.00144518	5
3668	24.7337	15.4655	-0.0209286	5
3670	22.4662	19.1315	0.49997	5
3683	21.3286	19.757	0.0565565	5
3684	21.2041	19.8996	-0.452664	5
3686	24.3826	24.6617	0.95514	5
3688	24.3718	1.71844	0.303484	5
3694	20.2448	0.147678	0.747546	5
3695	20.1602	1.04368	1.12819	5
3710	20.8963	19.2385	0.424627	5
3716	23.4828	5.09414	0.900424	5
3717	20.2518	4.39939	0.945602	5
3734	24.4557	19.3236	0.841189	5
3740	22.5061	4.00631	-0.0999535	5
3741	24.0306	6.97346	0.579353	5
3751	23.5344	20.0247	0.926006	5
3761	20.3609	22.5994	0.344575	5
3766	22.0672	20.7643	0.650265	5
3767	22.0095	20.4448	0.351208	5
3768	21.2247	9.51747	0.655623	5
3788	23.8595	19.4353	-0.198093	5
3789	23.191	12.4727	-0.050992	5
3791	23.2297	17.7603	-0.181936	5
3793	23.5098	10.8027	1.10079	5
3796	22.005	22.3456	0.492802	5
3804	21.6366	12.6377	1.6608	5
3806	22.4525	21.2249	0.00152724	5
3807	22.0137	21.2791	0.606459	5
3812	21.6683	3.29975	0.281763	5
3814	20.9204	16.9004	0.344456	5
3815	23.2942	19.9473	-0.628707	5
3823	23.9381	20.175	0.915854	5
3824	23.6895	20.0212	-0.210507	5
3825	23.0478	19.7728	-0.125082	5
3827	20.1111	16.7731	0.599165	5
3831	23.7625	13.9103	0.135959	5
3833	22.1322	15.4154	-0.0494203	5
3837	21.0885	4.44641	0.123475	5
3838	21.9817	12.8267	0.845739	5
3839	21.4323	12.7986	-0.806727	5
3861	24.6375	12.401	0.282506	5
3867	20.188	5.18839	0.802067	5
3868	20.0408	4.50338	-1.33067	5
3878	23.3565	3.76428	0.621857	5
3886	20.4987	3.02466	0.326177	5
3891	23.7086	22.2487	-0.0120739	5
3894	20.5245	9.18643	-0.153621	5
3895	21.0997	9.11546	1.01818	5
3896	22.8338	20.382	-0.199775	5
3898	20.2702	17.0366	1.95243	5
3901	24.1903	7.87467	1.00231	5
3907	21.7288	1.05233	-0.312765	5
3912	23.3567	12.4388	0.0234327	5
3915	20.0655	13.61	0.468373	5
3918	20.891	18.9527	0.490703	5
3922	22.6745	21.9845	0.420288	5
3928	21.1955	7.36693	0.0299227	5
3933	20.6459	17.8799	0.544646	5
3934	21.7979	12.1511	0.680792	5
3949	21.1792	21.7804	0.496594	5
3957	22.9921	22.7875	1.2773	5
3960	21.4622	19.1798	-0.632782	5
3961	21.3521	19.391	0.454625	5
3963	24.7236	5.39752	0.213137	5
3970	21.4183	22.5833	-0.501101	5
3974	23.2798	8.108	0.651814	5
3979	24.5839	19.323	0.90937	5
3980	22.8733	17.1344	-0.663618	5
3988	23.9334	4.6601	0.244515	5
3995	23.2361	16.2897	0.709882	5
3998	24.7755	6.55039	0.361428	5
4005	21.8184	17.2503	-0.437972	5
4006	22.0317	18.5545	0.136911	5
4011	22.144	23.9962	-0.204953	5
4018	23.1483	5.80614	0.780623	5
4023	23.9563	1.95433	0.274627	5
4033	22.283	19.9103	0.438204	5
4047	22.7786	0.91662	-0.460716	5
4048	23.409	0.837289	-0.738703	5
4051	22.8168	14.0588	0.287277	5
4059	21.4492	5.54737	0.366328	5
4060	23.3104	4.95397	-0.175936	5
4062	23.7838	5.61183	0.499485	5
4063	20.8714	20.4472	0.134986	5
4064	20.1071	20.1339	0.434262	5
4066	24.0813	19.6158	0.747489	5
4068	22.6612	17.7166	0.731307	5
4071	24.6363	14.1907	-0.262715	5
4073	23.0968	24.6518	0.91681	5
4076	24.0192	23.5816	0.367921	5
4077	24.2591	24.0412	-0.0363685	5
4083	21.2358	5.49789	0.527109	5
4084	21.6986	13.186	0.557652	5
4091	24.5211	12.3263	-0.482913	5
