IND_ID	PosInd_X	PosInd_Y	PhenValue	Region

4	1.52633	3.88596	0.636066	1
12	2.00901	13.9255	0.750644	1
24	1.74976	2.90362	-0.0384641	1
31	0.02426	13.4662	-0.329051	1
42	0.414125	19.5391	-0.316746	1
48	1.56141	16.4839	-0.509892	1
50	1.69341	19.0748	0.00088983	1
71	0.650246	18.3535	-0.0713825	1
73	0.328831	0.606612	0.391288	1
77	0.871521	2.67696	0.971684	1
80	1.75143	24.9013	-0.526354	1
84	1.92082	19.9679	-0.290896	1
100	1.81335	3.4393	0.44586	1
102	1.26611	1.83701	0.673896	1
117	1.6744	3.59468	-0.0808162	1
126	2.1726	7.49133	0.0512607	1
127	1.06234	11.7114	0.179373	1
130	0.0221462	19.533	0.30095	1
131	0.639333	0.0963027	1.1591	1
147	1.11156	12.3076	0.429229	1
148	1.17419	3.96335	0.561403	1
149	0.0381004	17.7818	0.0775233	1
152	1.81976	23.729	-0.00905523	1
157	1.77674	17.9979	0.359781	1
172	0.119915	3.2615	-0.0661412	1
178	0.300992	8.16117	0.680886	1
192	2.41651	6.1411	0.0902334	1
200	1.74392	4.70014	-0.0494726	1
223	0.0115357	2.41055	0.544253	1
225	2.24384	0.883014	-0.333015	1
231	1.3217	0.851942	0.564658	1
236	0.803833	18.5809	-0.521463	1
245	1.875	3.91501	0.343123	1
292	0.667756	10.8709	-0.216202	1
302	1.09451	18.0006	0.278674	1
316	1.7622	12.9352	-0.72114	1
318	2.08589	9.39966	-0.876374	1
324	1.28117	17.275	-0.103993	1
332	0.559297	1.6282	0.133663	1
344	0.670902	6.98585	-0.410607	1
365	0.538742	24.1497	-0.225125	1
374	0.234379	8.98539	-0.424045	1
375	2.06515	9.47312	-0.419639	1
377	0.735752	23.4417	-0.517524	1
386	2.11347	16.8671	0.146385	1
390	0.345274	8.32905	-0.665558	1
394	0.46724	22.3055	0.0723416	1
397	1.17098	21.3043	-0.714724	1
399	1.57161	15.8289	0.590535	1
402	0.316134	13.5177	-0.828539	1
403	0.530363	17.012	-0.0851599	1
421	1.52426	15.2216	0.879493	1
422	1.89855	19.1116	0.305593	1
432	0.365616	9.41319	0.0122252	1
457	2.15774	18.7258	-0.0296874	1
459	1.50731	10.8911	-0.751869	1
471	2.32432	3.89597	-0.138679	1
479	0.46204	7.46098	-0.0395038	1
486	0.694822	9.69855	0.278036	1
507	0.763783	2.6157	0.863812	1
509	0.305638	22.7242	0.809448	1
510	1.02795	24.4815	-0.586278	1
514	0.167078	21.9366	-1.09266	1
534	0.859902	7.47238	-0.125787	1
556	0.773498	13.1349	0.121467	1
560	2.11739	22.7302	0.542921	1
561	1.27614	23.7249	-0.0504122	1
594	2.49096	21.8187	0.52434	1
617	1.38419	20.1165	-0.126077	1
620	1.61439	8.82627	0.145475	1
649	0.136152	2.81666	-0.679563	1
676	0.179866	5.37251	-0.181913	1
679	0.242655	16.2446	0.178284	1
690	1.22275	23.879	-0.150226	1
694	1.09008	1.93888	0.206845	1
698	1.62929	4.73137	0.225739	1
704	1.96575	13.3626	-0.0812215	1
708	1.00302	15.963	1.06754	1
716	0.835596	10.6789	0.853614	1
718	2.37115	7.85357	0.616891	1
720	2.17792	0.118493	-0.511566	1
732	2.09454	0.297553	0.421779	1
735	0.340825	20.4383	0.120305	1
738	0.810375	11.6945	0.862421	1
748	1.51606	13.0824	0.151778	1
756	1.87606	12.8653	0.553825	1
772	1.60253	19.995	-0.720839	1
776	1.37005	12.9869	-0.299278	1
777	0.0243325	3.17368	0.259116	1
781	1.02289	22.9276	0.152662	1
784	2.23576	17.0906	0.313475	1
789	2.35153	2.20627	-0.920971	1
794	2.07862	17.5501	-1.10234	1
796	1.06265	5.8357	-0.184529	1
806	2.4606	20.3882	0.190104	1
812	0.552125	7.40769	-0.109343	1
838	1.05212	6.98704	-0.553876	1
841	2.20106	18.286	-0.268313	1
842	2.3438	8.07166	-0.272592	1
843	2.29547	24.0334	-0.0194276	1
862	0.83239	16.431	0.37526	1
890	2.10482	21.8896	0.066949	1
891	1.5682	6.41912	-0.100437	1
892	0.111015	4.33991	-0.127066	1
901	0.560893	21.548	0.109059	1
919	2.33733	1.6494	-0.119302	1
920	0.550864	5.56122	0.206204	1
935	0.557383	0.497286	0.438324	1
938	0.894379	16.3493	0.234689	1
964	1.65921	11.52	-0.0186514	1
980	1.15557	19.4381	-0.477116	1
988	0.323174	21.1407	-0.69995	1
1012	1.92728	0.359062	-0.291993	1
1014	1.66201	23.9315	-0.305094	1
1028	2.05525	23.4795	0.245122	1
1053	0.254471	10.3599	-0.0604949	1
1067	1.77674	19.7057	-0.359222	1
1101	0.676493	9.38235	0.612069	1
1113	1.9339	24.2891	0.22753	1
1133	0.908026	17.6032	-0.455481	1
1168	2.23729	15.6046	1.04956	1
1178	1.15985	19.6997	0.429351	1
1183	1.75976	10.758	-0.530076	1
1185	0.164091	14.7602	-1.01663	1
1187	0.793858	13.1307	0.0308345	1
1203	2.30583	14.5495	-0.564059	1
1216	0.496329	23.3836	-0.0699532	1
1220	1.67283	7.91431	-0.941901	1
1221	1.59411	16.6652	-0.506882	1
1225	0.943672	1.51986	-0.541641	1
1233	1.28297	14.1809	0.214269	1
1242	0.288306	2.47799	0.0185965	1
1252	1.57372	7.15554	0.719511	1
1288	0.571874	15.6231	0.505851	1
1306	2.32974	13.568	0.312466	1
1324	1.09441	21.7946	0.058445	1
1335	0.628817	7.23667	-0.143475	1
1338	0.484712	18.5859	0.111474	1
1352	0.186406	18.5968	-0.27571	1
1366	0.222804	21.5009	-0.0847426	1
1385	2.11866	16.8974	-0.443428	1
1400	2.21064	14.9248	-0.162993	1
1415	2.00299	11.952	-0.228978	1
1420	0.501972	2.54367	-0.722282	1
1429	2.19017	10.436	-0.0442805	1
1435	1.37257	16.7787	0.155311	1
1448	1.19263	18.8233	0.180946	1
1466	0.926307	6.37947	0.392421	1
1470	1.68612	12.7208	1.83979	1
1488	1.39125	21.8072	0.36855	1
1501	0.688538	6.35534	-0.121044	1
1505	1.43637	2.59483	0.194093	1
1516	0.187883	17.912	0.377852	1
1549	1.4859	0.0378838	-0.0105773	1
1553	0.0524672	16.7617	0.108631	1
1564	1.76304	16.8349	-0.846932	1
1593	2.37207	22.8236	-0.599761	1
1600	2.07572	0.514392	-0.0307082	1
1609	1.95595	16.6609	0.266254	1
1627	1.29492	12.5645	0.6825	1
1628	0.201659	11.5437	-0.399891	1
1629	1.55439	5.44367	0.808119	1
1640	0.123698	20.3136	-0.191688	1
1641	0.0597094	22.2649	0.0118163	1
1645	2.23019	14.4279	1.32841	1
1647	2.18384	20.904	0.0738435	1
1653	0.216116	18.2258	-0.409021	1
1665	1.7054	20.2754	0.158373	1
1668	1.45218	12.1602	-0.598301	1
1669	1.74373	14.9634	-0.0233579	1
1672	2.15077	7.99119	-0.451619	1
1699	1.19966	20.1393	-0.995243	1
1701	2.48836	1.18362	0.131619	1
1707	2.11486	8.8073	0.0537512	1
1709	1.26043	1.20101	1.26927	1
1713	0.153392	17.5915	-0.232145	1
1714	1.07576	18.9232	-0.741181	1
1715	0.29201	21.7785	0.234665	1
1728	2.18872	12.5697	-0.341155	1
1731	1.13559	6.46886	0.0610787	1
1732	1.12143	3.44432	0.444656	1
1734	2.37584	15.6152	0.849008	1
1738	2.07451	10.3566	-0.480609	1
1742	1.9121	12.56	-0.301328	1
1743	1.67972	3.55285	0.0951802	1
1753	2.4508	14.7892	0.438274	1
1776	1.53345	17.5692	-0.328618	1
1789	1.98068	5.98003	-0.234068	1
1801	1.40605	0.763814	-0.559879	1
1807	0.400305	13.0162	-0.775205	1
1808	1.43725	2.50222	-0.806243	1
1813	0.798677	9.27711	-0.463884	1
1823	2.44888	10.8362	-0.585615	1
1826	2.4305	14.4478	-0.0928685	1
1833	1.46423	22.4837	0.537031	1
1841	0.359385	6.66487	0.18599	1
1849	0.889829	9.36977	0.142163	1
1850	0.599009	6.54595	-0.0206174	1
1860	0.969281	4.07149	0.32318	1
1861	2.0057	3.63992	-0.432679	1
1862	2.3679	22.3062	-0.68815	1
1872	2.39916	9.33536	0.0886975	1
1873	1.29062	15.5844	0.0231771	1
1883	1.61108	5.38478	0.489078	1
1899	1.64332	7.95008	0.878061	1
1900	0.206718	8.17853	0.550431	1
1913	1.21944	18.6996	-0.0802977	1
1917	2.33626	5.87394	-0.240527	1
1918	1.05343	1.27628	0.888891	1
1942	2.13514	15.8654	0.292778	1
1946	0.947373	22.7686	-1.66665	1
1948	1.88391	11.639	-0.105786	1
1964	1.19424	0.782672	-0.0194866	1
1992	1.13466	18.6135	-0.298424	1
2004	0.0454655	6.24621	-0.186901	1
2012	2.20376	18.6141	-0.021884	1
2026	0.889127	15.7976	0.10039	1
2036	1.39913	3.18677	0.336412	1
2040	1.16553	23.4739	-0.254203	1
2042	2.32413	10.4659	-0.756345	1
2064	0.824471	15.7198	0.0487377	1
2130	0.80431	13.6757	-0.936915	1
2133	2.09484	22.0024	-0.241518	1
2146	2.29731	17.9216	-0.218057	1
2148	2.17716	11.3888	1.22541	1
2150	0.548999	20.6195	0.344743	1
2169	1.07322	4.84631	-0.0383839	1
2175	1.59386	8.14579	-0.114331	1
2188	0.705246	19.737	0.814125	1
2191	1.6928	20.7847	0.0609743	1
2195	1.76859	7.1226	-0.27146	1
2198	1.94252	2.78517	0.37825	1
2208	0.627676	8.71301	-0.760086	1
2211	0.0745248	10.6082	0.0625247	1
2234	0.244362	4.71977	0.822344	1
2239	2.04042	11.0266	0.92796	1
2242	0.684861	7.20883	0.278144	1
2243	2.40288	14.2179	-0.124839	1
2279	1.65613	16.1907	0.155136	1
2298	1.48483	15.3476	-0.077355	1
2300	0.817549	3.92727	-0.101627	1
2328	0.810405	11.2977	0.592446	1
2343	0.148729	16.5463	-1.0383	1
2348	2.42711	15.519	0.257465	1
2368	1.31254	21.4891	0.22683	1
2382	1.96819	12.0087	-0.573689	1
2384	0.757044	5.61105	0.20968	1
2398	0.825838	23.0584	0.734296	1
2421	1.49779	24.3589	-0.21897	1
2449	2.33573	5.14692	-0.217179	1
2462	2.47529	12.0187	-0.320976	1
2489	1.82764	22.4128	-0.0657757	1
2492	0.675123	1.39633	-0.475537	1
2493	2.09056	1.21093	-0.794308	1
2523	2.40855	8.42444	0.171107	1
2542	1.47239	1.70115	0.886291	1
2543	1.41707	2.94566	0.457845	1
2551	0.00644727	2.87733	0.726273	1
2573	0.848731	5.89543	0.254716	1
2575	1.409	0.0468455	-0.15968	1
2601	2.11108	16.9405	0.189681	1
2604	2.44769	1.95818	-0.429434	1
2607	1.24535	24.4752	0.218905	1
2617	1.91844	21.1362	0.701463	1
2618	1.28793	20.8267	-0.0200744	1
2632	1.78593	19.0914	-0.837667	1
2642	1.10126	4.3964	-0.18252	1
2670	1.02551	0.762675	0.233129	1
2671	0.70491	20.9834	-0.987795	1
2696	0.137024	15.351	-0.397445	1
2697	0.0841792	5.60551	-0.077093	1
2718	2.14401	3.68736	-0.350475	1
2730	1.24432	11.3286	0.488706	1
2769	0.772798	3.98546	0.523588	1
2770	0.339266	14.1849	0.354886	1
2771	1.05374	14.4554	0.243066	1
2780	1.25276	22.3672	0.276766	1
2785	2.01684	6.89276	0.00450501	1
2786	1.42348	23.4941	0.233035	1
2801	0.788592	0.511389	0.050912	1
2826	0.71169	15.0975	0.164051	1
2852	1.32623	19.2461	0.257794	1
2853	1.57784	19.4861	-0.274851	1
2865	2.43301	16.8527	-0.219419	1
2872	0.202192	3.20467	0.889908	1
2878	0.997033	3.94907	0.328805	1
2896	2.29106	1.45956	-0.127759	1
2909	2.1262	9.96032	-0.872387	1
2925	1.99361	4.40014	0.0964656	1
2926	0.368007	7.8768	-0.0769371	1
2967	2.1947	0.0824074	0.146257	1
2971	1.79679	14.8211	0.467152	1
3039	2.02231	21.8612	0.199024	1
3055	0.882809	9.22629	0.443636	1
3057	0.172145	6.5346	-0.0183933	1
3061	0.331785	1.48604	1.04038	1
3064	1.23779	23.7519	-0.28653	1
3095	2.47829	10.7267	-0.338656	1
3105	0.359683	23.7781	-1.07894	1
3106	2.29323	4.6699	0.159126	1
3125	1.22627	14.9333	-0.551142	1
3129	0.927385	19.1372	0.298773	1
3150	2.06227	11.9333	-0.527601	1
3159	1.54611	18.2937	-0.401429	1
3163	2.40274	9.55049	-0.262833	1
3172	2.00671	8.89677	-0.640204	1
3174	2.18942	15.6021	0.615683	1
3178	1.04773	9.7486	0.00550075	1
3180	1.14589	23.4905	-0.843428	1
3190	1.66443	20.851	-0.126184	1
3205	2.19197	19.7635	-0.385854	1
3206	0.0339463	11.6581	-0.250896	1
3211	0.553734	17.9875	-0.353143	1
3212	0.120028	14.1316	0.389646	1
3224	0.404851	10.2814	0.529533	1
3225	0.783608	11.0572	-0.27251	1
3231	1.09897	1.05192	-0.735013	1
3241	0.536784	18.399	0.162596	1
3243	1.05491	16.2318	0.526458	1
3253	1.65772	2.24548	0.404464	1
3273	0.660581	20.2852	0.575552	1
3274	0.557711	20.9642	0.216387	1
3283	2.23512	10.6679	0.156517	1
3288	0.438082	22.8769	0.303025	1
3295	1.26526	1.64741	-0.209551	1
3321	1.6825	0.194791	0.344552	1
3324	0.135652	2.40649	0.153022	1
3351	1.34625	19.9571	0.744461	1
3362	0.216403	7.88681	0.542904	1
3378	1.58753	23.9129	0.279978	1
3380	0.952642	16.2987	-0.209988	1
3431	2.30658	20.3496	0.139153	1
3443	1.70315	23.1593	-0.505957	1
3445	0.750708	23.1523	-0.184125	1
3455	0.233362	22.069	-0.138825	1
3456	0.0540237	22.0282	-1.36178	1
3469	0.142056	14.7153	-0.477005	1
3474	0.928139	17.7095	-0.517271	1
3488	2.29308	22.0435	-0.279173	1
3501	1.02123	9.90691	0.00543366	1
3508	2.01584	22.291	-0.232117	1
3520	0.353091	13.7916	-0.212599	1
3529	0.801634	0.021022	0.115519	1
3532	2.31334	12.8884	0.632245	1
3533	2.05275	13.1057	0.733781	1
3544	0.219563	15.3298	-0.0756509	1
3577	1.9565	11.8325	-0.789635	1
3579	0.886067	18.6597	-0.0787563	1
3583	0.849473	5.72103	-0.116772	1
3586	0.625829	3.47536	0.943951	1
3587	0.862814	3.09015	0.417078	1
3588	1.7542	23.346	-0.702863	1
3589	1.58981	23.8517	-0.165344	1
3593	2.45309	12.3661	0.217594	1
3594	2.09414	12.3212	0.0523826	1
3609	1.08508	18.2111	0.634834	1
3625	1.60441	24.1664	-0.209486	1
3632	1.38936	20.0419	0.143468	1
3644	0.737024	7.42548	0.0971078	1
3645	0.186107	7.48323	-0.523741	1
3651	1.70584	7.79156	0.313565	1
3653	0.641036	18.5589	0.0121859	1
3655	0.682909	7.19911	0.40739	1
3663	2.07987	3.59626	0.401405	1
3670	0.970755	18.6059	0.219775	1
3677	1.29504	11.308	-0.259771	1
3685	0.577543	7.74618	0.450226	1
3712	1.95698	3.4928	-0.217321	1
3718	1.93931	14.4281	-0.0240228	1
3721	1.21127	16.5775	0.0597574	1
3757	0.582007	3.85615	0.536854	1
3771	0.110749	0.597433	0.499591	1
3780	1.82848	20.2038	-0.0749744	1
3807	1.67148	12.9084	0.406841	1
3813	1.27568	24.1734	-0.712286	1
3830	1.41573	22.3789	0.206502	1
3832	1.05192	8.94221	0.290535	1
3833	0.628523	19.5712	0.341191	1
3841	2.49353	15.4641	0.434932	1
3843	0.400893	19.8315	-0.2285	1
3846	2.15894	17.397	-0.665359	1
3850	2.24043	20.1194	-0.746116	1
3851	2.35594	19.7692	-0.343778	1
3852	1.94338	23.7054	-0.378248	1
3874	1.46317	20.8273	-0.327017	1
3885	0.743175	3.44047	0.156586	1
3892	0.490521	15.4416	0.254944	1
3900	2.23508	1.22418	0.319797	1
3903	2.34112	12.4978	-0.0301159	1
3904	0.0850052	10.0938	-0.343204	1
3905	0.165991	18.7181	-0.0882512	1
3913	0.606638	12.4873	0.679994	1
4002	0.593773	8.8485	0.00710777	1
4003	0.53491	9.35326	-0.443127	1
4011	1.81559	23.4187	-0.330698	1
4015	1.22838	13.8552	0.244562	1
4025	2.23985	21.579	-0.685088	1
4056	1.01157	12.329	-0.191224	1
1	4.16905	7.09628	0.112856	2
3	3.37844	24.1637	-0.146026	2
5	2.82202	5.02989	0.294843	2
21	4.86293	22.6764	0.56975	2
22	3.59639	4.89124	0.23733	2
28	3.01745	20.6253	-0.20317	2
43	2.55861	12.421	0.45088	2
86	4.60671	14.1501	0.286505	2
90	2.62209	22.8	-0.044103	2
92	3.92537	1.70162	-0.142196	2
101	3.97088	7.741	0.368763	2
103	2.63641	2.4677	0.194151	2
109	3.05799	19.3995	-0.020107	2
113	2.71828	16.5403	-0.300243	2
118	4.83059	3.04233	-0.0371519	2
122	4.99038	10.3527	0.378133	2
125	4.63111	11.3705	0.0388071	2
129	4.9355	21.3616	-0.0594623	2
133	3.57216	20.6518	0.441826	2
143	2.68173	11.1999	-0.156454	2
168	2.87999	16.6889	0.0527168	2
186	3.95961	20.1744	1.11783	2
193	4.04986	7.32015	0.255378	2
201	3.8113	15.3404	-1.04967	2
205	3.07967	18.4388	0.416773	2
208	4.75305	12.4878	-0.269129	2
217	3.77947	23.3507	-0.0899326	2
226	2.78531	23.0745	-0.338867	2
240	2.67571	2.23049	0.578649	2
253	3.64592	11.7026	-0.187472	2
256	4.06388	8.54341	-1.174	2
259	3.22468	21.0963	-0.584507	2
260	4.27799	18.7962	-0.459377	2
280	4.94225	9.01858	-0.264523	2
282	4.45191	21.6162	0.226313	2
286	3.90754	13.7637	-0.750857	2
342	2.616	7.64802	-0.276319	2
350	2.5298	11.2375	-0.106134	2
352	3.64381	24.256	-0.05629	2
379	4.12047	15.568	-0.543998	2
387	3.30562	22.0205	0.333362	2
389	4.64283	10.4443	0.731628	2
411	2.9779	0.0116839	-0.202619	2
413	3.17607	18.5944	0.382844	2
425	3.89224	24.1989	-0.192975	2
443	3.83395	6.25417	-0.417849	2
460	2.82609	8.51171	-0.450373	2
474	2.64035	14.5476	0.174896	2
476	2.59289	3.36104	-0.261085	2
495	4.95975	1.87022	-0.640996	2
503	3.32499	21.199	0.529186	2
508	4.34596	17.6182	0.529497	2
523	4.82843	24.7239	0.172599	2
547	3.48519	20.4813	0.271701	2
551	4.56714	2.25627	-0.0300046	2
569	4.5671	3.07318	0.17164	2
581	3.41463	17.9566	0.254647	2
597	3.14496	22.0005	0.245252	2
602	4.98913	1.43308	-0.25527	2
607	3.77838	11.9778	0.016383	2
611	3.17365	23.4959	0.19219	2
612	3.71905	24.7907	-0.41946	2
624	4.16043	12.6405	-0.214572	2
637	2.8026	13.0642	0.262775	2
638	3.1697	16.6798	-0.202562	2
648	3.41689	22.1174	0.297242	2
653	2.62834	14.3591	-0.0827773	2
659	2.81626	5.01448	0.296247	2
680	4.57363	14.4413	1.03336	2
689	3.00721	15.6076	-0.640179	2
691	3.47221	4.43163	0.365886	2
714	4.22098	10.534	0.236453	2
721	2.81992	14.9848	0.318711	2
722	4.0819	0.400814	-0.075136	2
727	3.41654	1.53552	0.249843	2
730	4.88088	11.6058	0.0144857	2
750	4.0311	1.58582	-0.0735525	2
755	4.20347	10.0124	0.157808	2
770	4.85568	1.38987	-0.0415861	2
787	2.70961	20.213	-0.398408	2
790	3.28276	4.83884	-0.0252114	2
824	3.12963	15.4247	-0.340569	2
827	3.73073	16.6954	-1.19966	2
836	4.04417	13.4401	0.785761	2
888	4.93254	18.5737	0.532044	2
889	2.82302	23.4525	0.523125	2
900	2.82296	8.33149	0.472845	2
909	4.75586	3.78464	0.136466	2
910	4.37076	13.2906	0.766539	2
927	2.70431	4.08705	-0.166238	2
931	3.64409	13.6362	0.16633	2
939	3.77012	0.207701	-0.252033	2
949	4.43013	24.615	0.298977	2
967	3.52023	10.1183	-0.472465	2
971	4.45742	15.112	-0.122168	2
979	2.67085	0.704748	-0.20739	2
1000	4.99625	9.00019	0.414921	2
1006	3.32005	16.5573	0.0884272	2
1011	3.8829	0.736911	0.505378	2
1025	3.68216	13.2226	0.0730439	2
1038	3.1218	8.99255	0.24679	2
1044	3.84321	3.7258	-0.142554	2
1046	2.99443	6.41006	0.424959	2
1051	3.95967	2.09646	-0.645477	2
1055	4.73067	10.8833	0.21094	2
1061	3.50817	3.07492	-0.0869449	2
1076	3.11016	8.35969	0.376547	2
1089	3.91382	16.3046	0.0694504	2
1090	4.71629	15.7889	-0.813073	2
1093	3.46107	22.784	0.0231054	2
1135	4.87626	9.38993	-0.41756	2
1141	3.9538	19.9232	0.337413	2
1150	3.17366	10.0767	0.600887	2
1158	4.9455	5.03756	-0.490368	2
1176	4.2825	16.7008	0.217166	2
1181	4.3953	6.23599	0.143527	2
1198	2.86429	17.1081	0.69947	2
1227	4.06059	6.59233	0.106438	2
1239	4.64291	0.767817	-0.505931	2
1255	3.78268	5.02912	0.386591	2
1266	2.65852	19.3826	-1.07178	2
1281	4.48544	19.1743	-0.26592	2
1285	3.75593	20.1505	-0.677109	2
1289	4.51176	10.3522	-0.346213	2
1297	3.10471	9.46697	-0.362286	2
1302	3.73353	19.7405	-0.500476	2
1303	4.34917	6.26452	0.218864	2
1305	3.64548	7.56781	-0.0858973	2
1310	4.44429	3.78709	-0.756443	2
1316	4.79391	9.13041	-0.662159	2
1317	4.03308	24.1019	-0.0232474	2
1318	2.87364	24.1054	0.42048	2
1329	2.87488	15.0163	-0.275831	2
1337	4.36456	11.5245	0.123886	2
1340	4.71089	7.74776	-0.41429	2
1343	4.59684	17.443	0.456975	2
1356	3.92117	7.62386	-0.782188	2
1365	3.61841	5.32222	-0.203417	2
1370	4.01736	9.74501	0.215323	2
1388	2.58291	20.3703	0.217714	2
1389	3.02397	23.7559	0.39944	2
1399	3.65194	3.44995	0.129294	2
1409	2.67919	10.8956	-0.198228	2
1410	2.72779	4.01463	0.87474	2
1424	4.2357	18.0276	-0.271891	2
1426	4.19782	10.687	-0.438548	2
1433	4.44007	16.7299	0.433573	2
1434	3.80502	5.54113	0.0688465	2
1436	3.46401	23.9767	0.26333	2
1478	2.72207	19.0943	0.372388	2
1489	3.38708	10.6855	0.323298	2
1510	3.12012	7.92587	-1.02168	2
1513	3.28568	22.0016	-0.106977	2
1519	2.82103	15.3621	0.169997	2
1524	3.4111	5.25521	0.302355	2
1530	3.32653	13.6399	-0.274067	2
1555	4.13477	14.756	0.0532766	2
1556	4.97332	6.35844	0.229856	2
1561	4.80382	1.70672	-0.74268	2
1569	2.57313	17.1973	0.99681	2
1595	3.47204	2.03809	-0.203732	2
1618	3.24917	18.6889	-0.228245	2
1621	4.04938	2.77284	-0.878159	2
1622	4.51109	17.3167	-0.360784	2
1625	4.89329	13.17	0.377477	2
1626	4.60875	16.3491	-0.0797551	2
1639	4.81121	14.5736	-0.0331645	2
1642	4.17396	17.3139	0.704854	2
1643	3.80382	23.6869	0.54094	2
1678	3.13329	23.2017	0.291434	2
1695	3.25179	18.6728	0.0689194	2
1698	2.89364	7.39671	-0.793577	2
1748	2.54266	13.5887	0.405919	2
1757	3.49396	22.0401	-0.0541888	2
1760	3.00547	11.5319	0.334463	2
1761	4.93728	22.7629	1.02274	2
1766	3.27564	0.738793	0.172798	2
1784	4.75626	13.6038	-0.203105	2
1809	4.31721	0.304002	0.103549	2
1824	2.63697	22.9103	-0.384119	2
1825	3.70506	20.7817	-0.113475	2
1844	4.3249	21.1066	0.414196	2
1847	4.16455	8.66974	-0.133014	2
1851	3.36658	1.42709	0.528463	2
1870	3.55993	2.05856	-0.254684	2
1890	4.22518	21.2301	0.222687	2
1893	4.43029	19.4692	-0.607838	2
1896	4.62814	13.2808	0.156744	2
1897	3.86105	22.2028	-0.494127	2
1928	2.55268	23.8247	0.383156	2
1935	4.20741	5.28178	0.765977	2
1937	3.59377	17.8223	0.208213	2
1953	4.94315	22.4273	-0.625659	2
1955	4.91964	22.2112	0.236022	2
1959	2.82998	17.0468	0.0383223	2
1963	3.1166	13.4445	0.389784	2
1974	3.74202	8.36776	-0.958668	2
1981	4.14177	11.6576	-1.02182	2
1982	2.92646	1.62458	0.205389	2
1989	4.85238	12.4326	0.0561467	2
1990	3.63645	14.9683	-0.374997	2
1991	2.74349	20.8138	0.410979	2
2003	4.43321	22.9077	0.322409	2
2021	4.358	4.91191	-0.0337328	2
2039	4.84881	1.37186	-0.268956	2
2054	3.33894	4.45737	0.271944	2
2057	3.2333	11.5017	-0.0581549	2
2061	4.08886	7.71623	0.308918	2
2062	3.51403	10.9995	0.0758093	2
2063	3.34826	7.45955	0.228414	2
2077	2.52241	7.36325	-0.208868	2
2079	2.87063	21.2454	0.41332	2
2085	4.71521	6.81231	-0.742377	2
2086	3.38512	7.53066	-0.151691	2
2105	4.67397	8.38712	0.217533	2
2119	4.78026	24.6163	0.121721	2
2121	2.78489	11.7002	0.0540646	2
2124	3.35531	1.50771	0.301295	2
2147	3.09597	14.1197	-0.0776034	2
2156	3.5716	8.38033	-0.562725	2
2165	4.1353	24.0655	0.322578	2
2168	4.83639	7.80494	-0.140931	2
2172	3.14106	13.1353	0.950235	2
2181	4.17636	4.29012	-0.226646	2
2182	3.34589	12.3864	-0.158736	2
2197	3.5125	12.5731	1.00604	2
2210	4.9696	2.58015	-0.873192	2
2222	3.31974	0.171547	0.467071	2
2229	4.92461	4.97507	0.017606	2
2232	3.63902	14.6882	0.150128	2
2233	4.05558	17.0759	0.0768741	2
2237	2.83432	20.5354	-0.282758	2
2241	3.39062	8.32003	-0.939775	2
2244	4.84361	21.3686	-0.546641	2
2248	2.94703	10.2811	0.307389	2
2255	4.29774	21.0612	-0.0467056	2
2282	3.3696	13.4458	0.444054	2
2283	4.74789	10.5324	0.513013	2
2293	2.87039	5.47704	0.0809752	2
2295	3.19598	1.79953	0.103846	2
2297	4.17642	1.78757	0.717288	2
2308	3.33733	17.2973	-0.0451655	2
2315	3.9937	19.5998	-0.148867	2
2330	4.03281	17.3023	0.298353	2
2335	3.7001	17.0328	0.15976	2
2370	4.26042	5.03801	0.116188	2
2383	2.54951	18.338	-0.800424	2
2392	2.83098	9.714	0.120598	2
2408	4.00348	3.87963	-0.176386	2
2414	4.29482	4.15845	0.118361	2
2435	4.88862	2.79988	-0.319915	2
2440	3.0829	6.45545	-0.606237	2
2487	3.59317	23.8704	-0.585097	2
2488	3.79349	7.72322	0.096395	2
2499	4.71404	0.835355	-0.219589	2
2501	3.61979	15.0901	-0.321803	2
2502	3.81618	15.7976	-0.986091	2
2505	2.51319	21.4338	0.212837	2
2517	3.49521	21.9865	0.311735	2
2518	3.11928	23.306	0.106732	2
2519	2.53375	24.3023	0.856864	2
2567	2.98334	5.57868	0.228329	2
2568	4.19132	18.788	-0.112294	2
2569	3.58083	20.5309	-0.435133	2
2587	2.61878	5.70487	0.182525	2
2590	2.87118	9.96046	0.18534	2
2592	4.26541	12.8254	0.381325	2
2612	4.78785	7.06665	0.0388936	2
2631	3.15531	13.6936	0.384162	2
2633	3.21574	7.61528	-0.175655	2
2640	4.87402	10.0055	-0.0115717	2
2641	2.59307	15.8091	-0.203434	2
2649	2.68412	2.66425	0.527501	2
2654	4.61179	21.771	0.268497	2
2678	3.52084	21.8048	0.476332	2
2689	3.72282	23.4953	-0.334402	2
2707	3.43669	20.2594	0.206118	2
2715	3.27199	12.749	0.296428	2
2722	4.62894	14.3197	-0.283621	2
2745	4.93163	16.29	0.692169	2
2756	4.97879	12.4469	-0.477649	2
2757	3.96954	13.2176	-0.00860148	2
2760	2.96661	4.95468	-0.0202308	2
2761	3.09397	4.49212	-1.05258	2
2768	3.85746	18.7348	-0.171397	2
2775	3.48569	13.3685	0.0614088	2
2781	3.49293	20.5241	-0.15448	2
2783	4.85364	1.96086	-0.320827	2
2784	4.59621	13.4017	-0.382736	2
2787	4.22276	3.2218	-0.327422	2
2792	3.71281	15.2178	-0.00402793	2
2809	4.67155	21.3563	0.278917	2
2810	4.27341	11.8091	-0.530174	2
2831	3.95004	0.353643	-0.440947	2
2832	3.73754	0.308446	-0.180164	2
2834	4.29452	8.88195	0.54239	2
2845	3.31359	20.0084	1.06325	2
2855	4.06175	9.70193	0.43964	2
2859	4.1947	17.0883	0.681389	2
2860	3.00864	24.0707	0.249348	2
2861	3.88521	18.1174	0.218198	2
2862	4.72105	19.0131	-0.236283	2
2864	3.69511	19.4889	0.367395	2
2873	3.62	14.3757	-0.548225	2
2910	4.50195	7.1832	-0.0891044	2
2966	3.50302	0.647726	-0.131988	2
2976	4.49001	1.07449	0.728034	2
2980	3.14422	15.9444	0.0652476	2
2996	2.81509	6.92832	-0.196391	2
3002	3.76089	22.8879	-0.499084	2
3011	4.94879	5.07714	0.448957	2
3013	3.14233	3.71388	-0.754452	2
3033	4.08143	19.9251	0.0598028	2
3070	3.46724	18.3025	0.218283	2
3075	2.94879	14.7962	-0.321669	2
3081	2.62874	4.84277	-0.0232236	2
3084	4.66988	17.4068	0.0079591	2
3087	3.75525	7.30578	-0.647173	2
3092	3.36321	23.3664	0.161498	2
3094	2.72149	11.3624	0.118969	2
3096	2.94259	3.03683	-0.227126	2
3111	4.14206	1.48679	0.257602	2
3121	4.50574	18.9751	-0.0832072	2
3134	4.15141	6.21584	0.33906	2
3140	4.09852	6.66497	-1.14233	2
3166	3.95702	15.7014	-0.0544612	2
3168	3.51981	17.2417	-0.0395649	2
3169	4.28676	17.0645	0.380361	2
3188	3.76943	7.79509	0.535172	2
3207	4.82796	14.6537	0.0718281	2
3216	4.01787	24.308	-0.365093	2
3217	2.8301	5.97065	0.210374	2
3218	4.12169	8.00453	-0.52086	2
3228	3.39576	17.6875	-0.020132	2
3251	3.55468	11.1778	-0.386862	2
3277	4.73296	9.09749	0.551424	2
3278	4.93742	17.9462	0.10241	2
3281	3.43814	20.0577	0.416854	2
3302	4.85511	1.96023	-0.253975	2
3316	2.93812	9.03985	-0.167208	2
3328	4.03396	21.1004	-0.127541	2
3331	4.95129	19.7578	0.0371335	2
3337	4.4681	5.56718	0.0799485	2
3350	2.80326	5.96749	-0.0049758	2
3352	4.6713	14.359	0.0863116	2
3355	4.85427	2.49955	-0.244626	2
3386	3.55905	23.347	0.309865	2
3406	4.06516	1.61455	0.477074	2
3407	3.8016	1.37505	-0.268072	2
3411	4.91837	9.11976	-0.162838	2
3418	4.7624	12.4938	-0.21975	2
3422	3.18355	1.61448	-0.225002	2
3428	2.81069	8.87108	-0.243041	2
3440	3.27877	16.8831	0.194058	2
3463	3.59372	9.77677	-0.105089	2
3464	3.56494	11.2155	-0.157525	2
3465	3.08593	11.027	0.289406	2
3466	3.88742	14.5295	0.027723	2
3467	3.91178	14.8945	-0.0745601	2
3477	3.93021	7.6181	0.015796	2
3479	3.98773	17.172	-0.10382	2
3490	4.7672	19.175	-0.154672	2
3506	4.9233	0.977999	0.463809	2
3509	3.59765	15.0096	-0.456119	2
3514	3.84792	17.9194	0.394844	2
3523	3.26384	16.0996	0.0901093	2
3525	2.93904	18.6828	-0.454852	2
3526	4.8664	6.69484	0.207471	2
3527	3.78075	5.69211	0.112581	2
3534	3.24219	20.5472	-0.176723	2
3558	2.73339	15.121	0.259102	2
3573	4.99965	17.3307	-0.968913	2
3576	3.82633	17.7145	-0.14753	2
3595	3.49968	15.4411	-1.0722	2
3629	2.8767	16.5401	0.18276	2
3641	4.41347	17.4158	0.112787	2
3642	4.52328	7.18858	0.358909	2
3643	3.71725	6.99036	0.506375	2
3658	4.11808	3.8253	-0.769075	2
3673	4.01333	21.1125	-0.0653314	2
3675	3.03118	17.3112	0.654565	2
3701	4.75521	1.27212	-0.551549	2
3702	3.10294	0.587896	0.127275	2
3711	2.64039	3.69748	0.27678	2
3714	3.75901	5.25758	-0.229787	2
3715	3.24536	4.93372	0.153519	2
3717	2.86041	13.8179	-0.213841	2
3723	3.8971	5.39524	-0.299983	2
3724	3.80297	5.3345	-1.00254	2
3726	4.13173	23.6071	-0.197504	2
3789	4.5029	24.223	-0.257552	2
3797	4.98988	2.62788	-0.511084	2
3798	4.66069	2.70143	-0.477112	2
3817	4.85409	16.9258	0.381302	2
3823	4.00518	23.6009	0.237249	2
3824	4.30767	23.7983	0.60937	2
3840	4.06629	2.09562	-0.578826	2
3844	2.9189	19.7334	0.403769	2
3872	4.85619	24.5948	0.336314	2
3875	4.21699	4.53338	0.0345853	2
3891	4.90424	13.8319	0.410833	2
3895	3.94957	0.438556	0.42257	2
3896	3.89013	4.49038	0.404909	2
3901	2.94582	3.88475	-0.549679	2
3902	2.86664	3.72386	-1.04745	2
3908	4.57681	6.50559	-0.437987	2
3909	4.76745	20.9635	-0.159659	2
3924	3.63487	7.50964	0.839272	2
3926	4.93112	18.4232	0.238768	2
3930	3.59075	4.03489	-0.337659	2
3933	2.74881	18.2201	0.126894	2
3934	3.26745	18.5336	0.0591849	2
3943	3.88351	17.4308	-0.267005	2
3957	2.95265	4.13776	0.785125	2
3963	2.52157	23.6678	-1.34868	2
3973	2.64471	14.5213	-0.226796	2
3974	3.1888	13.893	-0.187919	2
3978	2.74493	24.7172	-0.302859	2
3979	3.47429	22.2364	0.0855873	2
3980	4.87972	19.8895	-0.505637	2
3981	3.90643	6.95077	0.567219	2
4022	2.77412	10.8766	-0.443006	2
4047	2.94174	5.59902	0.383477	2
4061	3.64177	22.9744	-0.0129757	2
4064	3.51238	16.6537	-0.248108	2
4065	3.2664	17.0571	-0.46372	2
26	5.58871	24.1501	0.628223	3
29	6.89193	20.7376	0.21415	3
30	6.76767	10.5791	-0.545183	3
37	6.31737	23.3472	-0.294214	3
45	7.03827	18.6804	-0.234359	3
49	7.34865	24.4444	0.237468	3
53	6.80298	17.176	-0.114962	3
78	6.48768	17.2364	0.168865	3
106	6.90025	7.09249	0.482085	3
114	6.64331	23.7746	0.662869	3
115	6.5367	13.0169	-0.317397	3
120	7.27542	2.76512	-0.172923	3
123	6.58611	20.5935	0.547318	3
154	6.24339	15.7464	0.576696	3
171	6.91363	21.9491	0.559443	3
173	5.01271	0.491896	0.239646	3
176	7.28934	16.4885	0.44075	3
194	7.10985	5.97263	-0.647241	3
209	7.33789	10.0527	-0.0210999	3
224	5.6474	23.9451	-0.112882	3
237	6.03297	12.8851	0.321424	3
238	6.30062	14.9822	-0.20211	3
255	7.48491	1.31727	0.0179509	3
279	6.26896	7.81729	-0.435794	3
288	6.41117	22.3329	0.0459763	3
304	5.64678	12.788	-1.0504	3
331	6.17541	9.41931	0.281111	3
335	5.03907	18.2764	0.039551	3
338	5.29195	20.643	0.37122	3
340	5.7904	11.9495	0.793299	3
343	6.435	6.41581	0.818794	3
353	5.10655	17.0515	-0.310207	3
359	6.67491	8.25576	0.400103	3
366	5.36495	11.2542	-0.637863	3
373	5.47413	18.6849	-0.0970802	3
391	5.5326	19.6848	0.0230816	3
392	5.03482	18.9042	-0.355552	3
400	6.97078	14.5422	-0.574875	3
428	5.8555	3.01084	0.0144392	3
440	6.68995	11.2178	-0.412525	3
447	6.9937	6.54618	-0.227392	3
448	5.22183	5.70463	-0.103756	3
454	6.60761	20.8701	-0.036477	3
463	6.49647	11.5584	-0.156087	3
477	6.49182	2.74225	-0.316852	3
480	7.45966	0.818532	-0.348151	3
484	5.38997	11.6088	-0.688173	3
493	6.34399	15.4809	-0.0722446	3
500	5.50438	9.62063	-0.137106	3
505	6.95367	16.225	0.543668	3
517	7.07616	10.2139	-0.0901694	3
530	5.2311	8.43836	0.422508	3
538	7.00139	3.13674	-0.546705	3
544	5.3405	6.24403	0.160327	3
548	5.32918	17.1378	0.349984	3
552	5.99047	20.3235	-0.0821814	3
558	5.76755	11.4888	-0.462139	3
566	6.05513	5.13251	0.147085	3
590	5.91046	20.8873	0.565155	3
599	5.55693	15.3845	0.0643927	3
606	6.63997	18.3072	-0.340564	3
610	5.37326	16.7497	0.435758	3
616	7.10514	13.8319	-0.0170257	3
626	6.83542	4.62305	0.00214543	3
627	5.01364	20.5814	-0.475981	3
628	6.75985	5.32574	0.0157061	3
633	7.37623	24.5142	0.133124	3
651	6.21941	23.1304	-0.619735	3
655	6.38222	2.15256	0.0150466	3
656	6.65426	22.2856	-0.886635	3
658	5.74696	21.1665	-0.0619542	3
666	7.07196	18.5819	-0.743054	3
669	5.36733	24.2401	0.41031	3
672	5.88472	12.1834	0.0446935	3
688	6.04206	3.42884	-1.09734	3
701	5.07988	3.80979	0.275112	3
707	5.75755	3.54164	-0.282886	3
711	5.66429	17.5674	0.740996	3
715	6.51463	10.5261	-0.283608	3
733	5.44705	7.90775	0.940532	3
744	6.34829	2.08855	-0.367264	3
749	6.2504	2.97947	0.0792072	3
758	5.67104	22.4479	-0.224093	3
767	7.0146	15.8965	-0.228776	3
793	6.27387	7.30357	0.695192	3
818	7.13802	9.42401	-0.528678	3
821	5.92335	5.69832	0.560585	3
826	5.46617	18.6387	0.839403	3
829	6.64314	20.4515	0.368545	3
837	6.32279	21.9175	-0.330427	3
847	7.47782	14.6816	0.570247	3
855	5.59767	9.79824	-0.068447	3
866	6.56371	10.0954	-0.130128	3
868	6.74248	19.2747	-0.52306	3
872	5.52222	18.8409	-0.877405	3
885	6.74469	18.8258	0.493418	3
905	5.19652	13.2106	-0.331159	3
908	6.91405	4.99407	-0.350489	3
918	5.68569	20.774	-0.561599	3
933	5.60391	17.679	-0.387443	3
934	5.78465	18.2034	0.30958	3
983	7.36663	24.1028	0.752892	3
992	6.04094	1.32796	0.387553	3
998	6.57185	1.87128	-0.789151	3
1009	5.24855	19.3922	0.170457	3
1010	7.33507	16.7113	0.480764	3
1019	6.8227	24.8461	0.0169317	3
1057	6.81819	23.0671	-0.104199	3
1073	7.39363	21.6311	0.634767	3
1074	7.48305	22.7484	-0.392545	3
1079	6.7848	9.3226	-0.132884	3
1087	6.79021	7.47528	0.752912	3
1091	6.79625	3.93119	-0.0250759	3
1094	5.69159	15.2756	0.230376	3
1115	6.76407	8.14806	-0.209993	3
1116	6.10577	6.1534	-0.580067	3
1121	7.48244	20.2103	0.0568221	3
1125	6.36302	0.508774	-0.569067	3
1126	7.09517	5.18032	-0.504378	3
1128	6.24572	16.5171	-0.0761952	3
1131	5.83903	14.664	-0.0248481	3
1144	6.57023	13.7328	0.212156	3
1146	5.7112	12.4166	-0.727422	3
1149	5.01017	0.801996	0.204614	3
1155	5.4595	14.7607	-0.0839872	3
1188	6.01865	13.7487	0.146188	3
1202	5.50338	4.39979	0.497564	3
1207	5.90969	0.625063	0.295366	3
1219	6.39605	7.9172	-0.172349	3
1231	5.88907	8.86285	0.0295529	3
1235	6.1422	21.9176	-0.216034	3
1261	6.79066	13.9308	0.383201	3
1264	6.21052	11.5232	-0.0179082	3
1265	6.49361	19.8177	0.0744053	3
1278	6.51946	14.2318	-0.0446715	3
1280	6.40743	12.9854	0.00457095	3
1283	6.12633	3.2042	0.349875	3
1293	7.45921	14.6918	-0.806425	3
1300	7.40745	1.44612	0.250668	3
1309	6.16084	4.25509	-0.0888025	3
1336	6.49489	7.30027	0.363113	3
1344	6.99167	7.18412	-0.144726	3
1381	5.84061	13.1435	-0.636781	3
1412	7.35278	18.4148	0.412952	3
1421	7.47806	0.254006	-0.318365	3
1430	6.69172	4.06664	-0.035363	3
1457	7.02608	11.4619	-0.497242	3
1459	5.4053	19.7596	-0.528044	3
1463	7.15266	9.01019	0.580919	3
1472	6.15085	19.4499	0.22673	3
1475	7.42902	5.61127	0.133699	3
1483	6.73276	9.74511	-0.106808	3
1487	7.44043	24.4676	0.246174	3
1495	5.40726	2.38436	-0.311797	3
1498	6.93895	1.35329	0.41105	3
1499	5.38851	1.88285	-0.0329216	3
1515	7.27147	21.3278	-0.292902	3
1532	5.00431	19.3437	0.179801	3
1560	7.16092	14.1254	0.24268	3
1568	5.23878	22.904	-0.0743495	3
1590	5.99942	10.2883	-0.192554	3
1591	5.65233	21.7675	-0.428517	3
1597	7.27264	17.3535	-0.153079	3
1617	5.26872	21.2186	0.472742	3
1624	7.23877	9.05259	-0.566431	3
1659	5.17692	23.5933	0.604305	3
1680	5.96867	12.9317	0.573967	3
1693	5.44145	3.20322	-0.404835	3
1697	5.14788	24.845	0.298509	3
1706	6.98845	13.6453	-0.0607556	3
1716	5.5014	4.14968	0.199406	3
1735	5.29229	20.1524	0.159971	3
1747	6.21467	1.16508	0.744065	3
1756	5.06926	24.0633	-0.493108	3
1775	5.7687	13.8342	0.394058	3
1781	6.2131	10.1518	-0.00627212	3
1783	7.04786	19.974	0.335098	3
1788	7.31653	6.60647	0.281402	3
1793	5.7512	8.37391	0.174363	3
1810	6.12712	12.0218	0.0462504	3
1812	6.26413	19.5026	0.364557	3
1856	5.3726	8.09056	0.0641196	3
1863	6.96461	2.62479	-0.307028	3
1885	7.00259	6.04595	-0.61539	3
1894	6.40649	17.536	0.466828	3
1901	6.81647	15.2328	0.282414	3
1912	5.53926	17.9147	0.0825237	3
1920	6.15827	7.24651	-1.20624	3
1929	5.92365	17.6212	0.565498	3
1930	5.47798	8.71484	0.32482	3
1939	6.78979	22.6555	0.207018	3
1945	7.06586	3.02464	0.365218	3
1949	6.6024	24.5045	-0.376688	3
1976	5.25568	6.52366	-0.46281	3
1977	7.07644	2.12049	-0.74976	3
1986	6.31491	19.6989	-0.0819459	3
1997	5.48001	1.47154	-0.0553775	3
1998	5.56269	1.47609	0.139184	3
2016	5.72097	17.268	0.472284	3
2019	6.26249	19.0962	-0.440647	3
2033	6.57684	0.788959	0.14694	3
2041	7.25187	11.5032	0.358136	3
2055	7.28984	11.7015	0.176137	3
2074	5.04522	15.4757	0.546156	3
2081	7.32107	5.27266	-0.144654	3
2083	6.35015	8.85535	-0.378243	3
2091	6.88169	2.92228	-0.232036	3
2123	6.44152	12.3897	0.0894995	3
2126	5.27682	22.3888	0.101506	3
2138	5.58272	24.2366	0.192298	3
2166	6.69956	19.8479	-0.0472571	3
2176	6.33465	22.6462	0.180552	3
2183	7.33585	6.84065	-0.0828322	3
2194	5.92439	11.9633	-0.949076	3
2200	7.44809	13.892	-0.918442	3
2221	5.48205	15.6554	0.281058	3
2236	5.91139	6.68558	-0.318992	3
2261	7.4451	11.2307	0.241594	3
2288	7.006	8.66274	0.00380702	3
2291	7.49454	0.676804	-0.356632	3
2299	5.00966	14.8583	-0.150408	3
2310	7.41474	10.4983	-0.0136823	3
2312	7.21434	12.2463	-0.0319502	3
2319	5.54354	23.2596	-0.174247	3
2323	6.28991	18.1972	0.143242	3
2336	5.46145	9.30672	0.592438	3
2342	7.45717	10.415	-0.337281	3
2354	5.67672	6.27663	0.544917	3
2360	6.95118	4.65163	-0.447021	3
2363	6.32611	21.0458	-0.430328	3
2372	6.27841	0.587231	0.479873	3
2396	5.88668	7.43018	0.258473	3
2403	5.17783	4.64678	-0.40666	3
2411	6.69465	17.7902	-0.733091	3
2427	6.23764	16.2187	0.17535	3
2430	6.39812	14.1122	-0.114882	3
2438	5.67875	13.4589	0.173841	3
2445	6.02245	3.39283	-0.540756	3
2446	7.0864	22.5382	0.211773	3
2448	6.07671	0.1626	-0.0888837	3
2454	5.01456	5.1187	-0.163206	3
2458	7.36399	14.5345	1.12033	3
2476	5.51802	3.43799	-0.154587	3
2480	5.29735	16.8107	0.17078	3
2486	6.2954	3.87074	-0.102921	3
2508	5.43855	13.6733	0.442368	3
2515	7.33927	2.10018	0.08755	3
2521	6.64707	11.934	-0.322489	3
2528	6.58677	6.42547	0.680453	3
2531	7.00978	11.7287	0.0955407	3
2538	7.38356	15.1425	-0.0231363	3
2553	6.57356	4.01491	0.559223	3
2572	6.03371	4.93643	-0.00275374	3
2577	5.19634	12.6401	-0.434752	3
2599	6.47902	21.3929	0.156273	3
2611	5.19288	22.4028	0.242061	3
2626	6.82302	13.1383	-0.131892	3
2628	5.68637	10.6853	0.064856	3
2643	5.59415	2.78392	-0.450775	3
2645	5.33743	20.3666	0.239483	3
2646	5.78916	24.2133	0.0533747	3
2655	5.21037	22.5659	-0.209287	3
2659	7.18212	16.9004	-0.199172	3
2663	6.94049	14.7677	0.0446638	3
2672	5.05285	11.998	-0.329733	3
2705	6.17116	23.952	0.468861	3
2712	6.84321	2.29554	-0.412713	3
2723	6.11446	0.598892	0.275147	3
2731	5.6939	0.677555	0.271846	3
2734	5.76536	19.2367	-0.537557	3
2746	5.50318	16.0731	0.154353	3
2752	6.54519	12.3509	-0.90893	3
2765	7.09851	19.0836	0.606526	3
2773	5.98895	18.6734	0.444528	3
2778	5.39434	4.44063	0.0294033	3
2791	6.06708	16.8759	0.223876	3
2808	5.76707	13.8988	-0.604115	3
2815	6.79649	1.18935	-0.425732	3
2849	6.00479	24.4137	-0.591038	3
2874	5.5376	2.48619	-0.323142	3
2875	5.65355	1.9056	-0.64668	3
2876	6.88817	8.4275	-0.15784	3
2882	7.27469	9.61316	-0.114357	3
2905	6.84257	14.4779	0.345325	3
2916	7.36526	11.309	-0.427071	3
2939	5.29077	21.6403	0.504244	3
2941	7.0822	11.5753	-0.221902	3
2973	6.2512	22.0507	0.847366	3
2982	6.29618	5.49694	0.354022	3
2993	6.19762	4.92964	-0.113418	3
2994	5.23867	23.0391	0.273222	3
3012	7.12239	7.15804	-0.987113	3
3018	5.9668	18.3249	0.570809	3
3031	6.80052	8.16924	-0.281458	3
3041	5.93253	8.72741	-0.44947	3
3044	7.05393	10.7029	0.526114	3
3067	6.5068	19.831	0.193071	3
3068	6.357	20.1128	0.216011	3
3109	5.22361	3.55807	0.0890512	3
3119	6.70782	15.3637	-0.818989	3
3135	6.8294	10.1596	0.265108	3
3138	6.78632	23.9751	-0.144953	3
3139	6.34595	23.8115	0.527526	3
3154	7.32116	3.69937	-1.0673	3
3175	6.23744	12.5238	-0.403257	3
3176	5.93201	14.3708	-0.0231841	3
3181	6.39847	8.35245	-0.0917612	3
3186	7.20625	14.5745	0.212072	3
3194	5.03549	0.753777	-0.148703	3
3198	7.17775	4.52909	-0.502555	3
3203	6.40373	11.6059	-0.0359609	3
3226	6.47395	1.96828	0.0620813	3
3227	7.24729	7.15683	0.0413657	3
3232	6.78672	8.0322	0.788459	3
3234	5.26797	4.47214	-0.176374	3
3239	5.80479	8.08412	0.395776	3
3249	6.12205	22.2635	0.393679	3
3265	5.49753	15.0196	0.0167966	3
3270	6.5202	0.8582	-0.378596	3
3287	5.74051	1.27241	1.28359	3
3298	5.35407	22.4051	0.566633	3
3318	6.07838	21.1762	-0.106918	3
3332	6.78923	19.4099	0.540535	3
3353	7.16891	7.33266	0.333329	3
3363	6.82935	15.4994	-0.507874	3
3365	5.95964	1.38134	-0.629064	3
3366	5.72106	1.64843	-0.845033	3
3367	5.61014	1.56136	-0.809089	3
3373	6.12729	9.02356	-0.354838	3
3374	6.0966	8.3031	0.211663	3
3410	6.33418	2.0822	-0.132774	3
3414	7.10317	5.99809	-0.325746	3
3417	5.84785	0.218986	0.148924	3
3420	6.86672	18.8784	-0.184314	3
3423	5.62663	18.1678	-0.155278	3
3432	7.11477	6.17728	-0.506213	3
3434	6.57916	11.4331	-0.0659377	3
3446	5.10668	6.7349	0.354272	3
3448	6.25747	21.0141	0.842815	3
3491	5.03643	19.398	-1.07644	3
3495	5.10776	1.54693	-0.0285969	3
3497	6.78162	11.3393	0.234596	3
3498	6.64147	16.5519	-0.0393723	3
3542	6.32013	18.1812	-0.0474662	3
3549	5.19582	10.3288	0.928925	3
3550	6.58846	14.7009	0.110581	3
3557	7.03448	15.3001	-0.146895	3
3584	5.73384	8.1866	-0.313615	3
3591	7.05071	1.99383	-0.339194	3
3602	6.56293	15.8329	-0.306809	3
3612	6.67249	22.2002	0.280544	3
3624	6.8069	3.95056	-0.125329	3
3635	6.17975	17.2402	0.29414	3
3639	7.03222	14.8321	0.118558	3
3665	5.74595	13.8584	0.196811	3
3668	5.09082	18.5068	-0.00501008	3
3669	6.1335	0.157675	-0.67192	3
3680	6.92719	24.6974	-0.295997	3
3689	5.8019	21.0246	-0.0903628	3
3693	7.12872	14.4114	0.309648	3
3696	5.50864	19.9391	-0.372446	3
3706	7.08724	13.0354	-0.518234	3
3707	6.52794	12.7491	-0.0951535	3
3727	7.07933	2.52122	-0.598071	3
3739	7.10812	7.49838	-0.296719	3
3744	5.37594	16.1597	0.809417	3
3747	5.48751	21.9319	-0.488404	3
3749	6.41291	5.46767	-0.0648851	3
3751	6.78514	23.6613	0.223593	3
3766	7.12174	14.1538	0.12721	3
3773	5.70226	8.84563	0.331434	3
3781	5.99653	11.0294	0.290733	3
3801	6.03714	20.8888	0.0392863	3
3812	6.01275	17.8672	0.680698	3
3818	5.21372	16.1499	-0.378985	3
3819	5.90673	17.0384	-0.433096	3
3829	6.84852	4.41284	-0.653626	3
3838	6.80512	21.1637	0.283149	3
3856	5.60666	14.5147	-0.754509	3
3857	7.01451	16.9078	0.524738	3
3865	7.29356	19.3265	0.373984	3
3866	6.77177	19.7534	-0.0213118	3
3877	7.3214	15.1418	0.1839	3
3881	6.16003	23.4466	-0.293747	3
3890	7.49925	21.0412	-0.0418835	3
3910	6.34476	6.74043	0.27811	3
3911	6.83201	19.7691	-0.302276	3
3948	5.32245	8.87204	-0.541426	3
3954	6.95468	0.278034	0.21563	3
3961	6.41367	1.80717	1.10753	3
3966	5.04235	7.40886	0.258011	3
3970	6.38132	24.519	0.312777	3
3971	5.52173	24.7524	-0.0361376	3
3983	6.39647	18.8019	-0.00812383	3
3987	7.12833	23.7781	-0.390169	3
3990	7.2539	23.8239	0.477103	3
3994	7.02077	9.24277	-0.297871	3
4005	6.65585	24.1843	0.960851	3
4006	7.36723	18.5896	0.343827	3
4027	5.0077	12.2616	-0.133508	3
4040	5.95828	24.3043	0.381372	3
4052	6.10858	11.086	-0.077407	3
9	9.7398	20.5104	0.600666	4
14	8.91851	19.9719	0.0456834	4
15	8.80524	5.32051	0.122577	4
20	8.04571	22.0549	-0.0473239	4
27	7.96361	17.0463	0.477865	4
38	7.65689	3.55552	0.7872	4
63	8.47905	15.4496	0.192334	4
72	8.18644	13.3446	0.0364185	4
98	9.97874	4.89677	0.35022	4
104	8.46157	20.7027	-0.228015	4
108	7.92936	21.2521	0.535777	4
182	9.77158	2.54196	-1.1479	4
184	9.2988	24.4647	-0.311467	4
185	8.30613	15.775	-0.187144	4
190	8.42332	14.8533	0.241759	4
196	7.94744	16.4472	0.204412	4
250	9.40148	9.5489	0.897118	4
261	8.63829	14.3637	0.892298	4
265	8.99158	6.1996	0.540183	4
273	7.94898	7.53058	-0.232834	4
299	9.68259	20.3628	1.12665	4
307	8.89506	11.4103	0.223619	4
372	9.69182	24.6554	-0.747049	4
385	8.09389	20.7435	0.230683	4
393	9.68454	1.2586	-0.0185288	4
430	9.60637	17.2483	-0.222292	4
445	9.35607	18.4108	0.517842	4
456	9.93205	8.23758	-0.0415329	4
458	8.5833	13.5766	0.0392459	4
462	7.69721	16.4188	0.0470223	4
464	9.44391	6.28445	0.789596	4
465	7.80961	17.5797	0.0440196	4
497	8.07412	22.0284	-0.0776276	4
529	9.99843	1.33956	-0.800327	4
532	8.39213	1.78308	0.484368	4
537	9.73367	6.86882	0.763778	4
542	9.27749	5.70508	-0.0859697	4
563	9.92184	7.40462	0.11499	4
586	8.63443	9.62893	0.470125	4
588	9.77362	9.02914	-0.590734	4
589	9.23312	5.3038	0.181571	4
605	8.7695	3.46227	-0.343417	4
642	8.2263	18.0418	-0.174984	4
652	8.13215	11.7591	-0.218662	4
662	9.81484	10.4743	-0.394101	4
668	8.58304	23.2081	0.0404138	4
671	9.81776	0.860949	-0.196282	4
700	8.88258	7.39159	-0.560606	4
702	8.71506	4.94198	-0.0210128	4
703	8.39526	8.83565	0.313302	4
706	7.73735	7.61625	-0.540629	4
710	9.98051	22.1363	0.216605	4
719	9.09374	23.2163	-0.697854	4
736	8.72055	21.5748	-0.122097	4
737	9.01448	24.7472	-0.33344	4
751	9.17601	22.1592	-0.620684	4
760	9.28531	5.07591	0.244748	4
766	8.36175	2.53737	-0.195397	4
769	9.93614	14.9674	0.0939647	4
778	8.13882	15.9575	0.0420984	4
808	7.50896	19.9805	0.2162	4
811	8.92463	23.7581	0.0405034	4
813	9.9036	15.6297	0.178468	4
820	7.74508	10.1121	-0.212413	4
822	8.78785	21.5707	-0.620835	4
830	9.90097	17.682	0.0303557	4
832	8.5784	2.83788	0.338003	4
850	8.42235	9.81779	0.161305	4
875	8.07231	20.1255	0.509301	4
876	7.73366	0.441871	-0.0855201	4
877	8.71386	9.31219	-0.313238	4
895	9.62896	13.1144	-0.0646863	4
899	8.99921	19.6064	0.398538	4
943	9.63026	10.3408	-0.0976382	4
965	9.28396	0.0942388	-0.564327	4
982	8.26913	23.3644	-0.230193	4
984	7.93587	23.7175	0.185832	4
1001	8.90886	23.5716	-0.00852952	4
1002	9.43351	15.1993	-0.222185	4
1005	7.73614	4.44615	0.243605	4
1017	7.7568	21.0711	0.266324	4
1027	7.50668	12.2134	0.635678	4
1032	9.25203	16.9026	0.565339	4
1083	8.91533	0.275899	-0.330492	4
1086	9.58774	4.858	-0.198242	4
1088	8.59181	21.8284	-0.463616	4
1106	7.85183	11.446	-0.564206	4
1122	7.94392	5.7492	-0.16399	4
1140	8.98139	14.2009	-0.959113	4
1142	7.77016	11.7045	-0.40304	4
1152	8.95096	18.3038	-0.482792	4
1163	7.676	12.149	0.304592	4
1165	9.04455	18.7256	0.118574	4
1175	7.97568	5.20405	-0.119441	4
1191	7.65713	21.3124	0.59722	4
1199	9.08807	18.2242	-0.368761	4
1218	8.57384	14.3093	0.367898	4
1234	9.8352	20.8646	-0.0328173	4
1236	9.75029	8.80217	1.30294	4
1238	9.97532	22.4132	0.322689	4
1241	8.69974	3.39477	0.056113	4
1247	8.67489	16.9759	0.236114	4
1248	8.75217	22.4821	-0.86548	4
1257	8.95308	16.9778	0.654583	4
1263	7.66711	7.32036	0.11804	4
1276	8.94717	0.531066	0.0699271	4
1277	9.63482	4.14535	0.450481	4
1282	8.82903	11.8405	-0.309801	4
1301	8.52761	7.63769	0.0715288	4
1304	7.58511	23.6221	-0.191178	4
1307	8.4415	13.043	-0.131204	4
1308	8.82683	22.3894	0.0316824	4
1325	9.48878	12.2584	-0.0221102	4
1332	8.80827	24.7529	-0.57843	4
1347	9.20901	17.0415	-0.273978	4
1363	9.82404	1.53614	-0.10953	4
1367	9.30396	0.598803	-0.567369	4
1368	8.41691	0.785006	-0.806491	4
1380	7.89956	10.9752	-0.0526951	4
1398	9.35638	6.11602	0.595367	4
1402	7.59711	0.470962	0.355984	4
1423	9.34599	7.69033	-0.323597	4
1437	8.65721	15.6814	0.671241	4
1447	7.5838	23.8426	-0.139675	4
1455	7.52283	16.1389	0.474189	4
1458	8.01549	0.958154	-0.0605005	4
1473	8.75656	10.3048	-0.0504581	4
1482	9.19901	15.0995	-0.27172	4
1485	9.02055	2.14342	0.354206	4
1486	9.94606	3.26532	0.124348	4
1504	7.87532	14.494	-0.110508	4
1506	8.7545	3.79194	-0.0032806	4
1512	9.83088	22.5727	-0.477179	4
1521	8.76422	24.972	-0.197782	4
1528	8.88694	17.8496	-0.198481	4
1554	8.12718	10.3182	-0.448793	4
1567	8.64454	10.3212	-0.233232	4
1573	7.80074	4.62951	0.280252	4
1574	8.07336	4.81064	-0.465218	4
1583	8.38692	6.80375	0.117829	4
1594	9.21386	8.59483	1.14241	4
1605	8.54837	21.0348	0.494624	4
1619	9.38435	7.61978	0.122177	4
1644	8.25344	13.8383	0.0116338	4
1652	7.98254	2.46946	0.232861	4
1657	7.58622	13.3145	-0.749931	4
1663	8.79865	18.022	-0.0689374	4
1679	9.18886	17.7997	-0.737914	4
1690	9.40968	10.8286	0.280609	4
1708	7.87962	21.5954	-0.207082	4
1717	9.35554	14.9053	-0.827523	4
1723	9.47026	21.6153	-0.00765165	4
1726	8.07898	7.18224	0.683716	4
1744	7.58901	3.70291	-0.151509	4
1769	9.37065	1.72645	-0.681918	4
1782	9.51291	24.9343	-0.32447	4
1798	7.77171	23.7883	0.469014	4
1802	8.06804	16.1307	0.346956	4
1805	9.68186	2.90413	0.0235045	4
1806	9.01645	1.45369	0.123161	4
1814	8.12759	9.07211	0.406907	4
1830	7.7862	7.1322	0.683587	4
1838	9.43242	18.065	-0.0725717	4
1853	9.18395	0.566001	-0.171702	4
1855	9.58785	22.728	-0.4379	4
1858	8.4286	6.18576	0.25865	4
1865	7.85536	15.6266	-0.204414	4
1880	8.63109	5.45259	0.482193	4
1887	8.60047	11.9577	-0.12267	4
1895	8.90327	13.3011	-0.673764	4
1905	8.40705	5.7876	0.0692064	4
1906	8.93773	6.87086	0.044077	4
1914	8.37035	12.9393	-0.270156	4
1915	8.79655	21.5587	0.240017	4
1926	8.09845	9.92017	-0.233922	4
1931	8.394	18.2502	0.0104964	4
1932	8.31421	19.2109	0.12318	4
1934	9.80556	15.0234	-0.692327	4
1936	9.98903	19.1689	0.274688	4
1952	8.40976	0.0428909	-0.321074	4
1960	9.23939	2.5879	0.393459	4
1962	8.79553	14.3902	-0.345449	4
1969	7.56866	2.77156	0.25053	4
1978	7.51964	3.12252	0.154024	4
1979	8.99593	4.08273	-0.50809	4
2002	8.5741	18.1228	-0.352973	4
2008	9.30956	9.90487	0.392761	4
2011	9.73485	16.5021	-0.127778	4
2014	9.84187	16.4116	0.626354	4
2024	9.45797	20.6429	0.448913	4
2027	8.16008	19.9378	0.307255	4
2032	7.97188	12.2834	0.195605	4
2075	8.86267	11.395	-0.0934174	4
2076	7.72398	19.4526	0.318371	4
2097	9.53448	19.5752	0.364458	4
2098	9.47228	18.2809	0.583654	4
2111	8.37382	16.0565	0.201929	4
2114	9.12943	22.6863	-0.0220096	4
2125	9.47287	15.6517	0.393445	4
2128	8.97797	7.34005	0.494252	4
2131	8.90343	12.4131	-0.450223	4
2134	8.37764	12.3147	0.791759	4
2135	9.08811	11.355	0.0649218	4
2140	7.58597	5.7852	0.239372	4
2154	9.33626	5.01795	0.0813645	4
2157	7.93421	7.8367	-0.145419	4
2158	8.89768	9.77951	-0.827958	4
2180	9.29723	1.11617	0.0114488	4
2189	8.09215	11.846	0.0683071	4
2206	9.42876	9.58745	0.438434	4
2207	8.91049	1.07938	0.252829	4
2230	9.4265	10.5603	0.593637	4
2240	9.66794	22.1872	0.081466	4
2245	7.94139	12.2029	0.203765	4
2259	9.81001	3.78628	0.015189	4
2262	8.34184	15.0168	0.423881	4
2270	9.49213	8.98457	0.515068	4
2294	7.89972	0.0304481	-0.0586295	4
2305	9.98306	20.8242	0.053776	4
2314	8.03626	20.1366	-0.286919	4
2318	8.45163	20.9345	0.138104	4
2327	9.08967	20.9888	0.320869	4
2340	8.63143	18.2821	-0.448571	4
2346	8.36296	9.35632	0.157833	4
2359	8.78614	24.4418	-0.64249	4
2361	8.94814	0.511092	0.0363902	4
2371	8.79268	16.3099	-0.573115	4
2378	7.98348	19.2915	0.0506727	4
2385	9.50181	10.6043	0.305508	4
2407	9.86047	14.6184	0.496484	4
2410	9.78876	9.62046	-0.0604254	4
2412	7.84104	14.3159	-0.222038	4
2413	7.99083	7.62299	0.353392	4
2422	9.94056	4.20195	-0.0537849	4
2424	9.58453	14.9309	0.175107	4
2426	8.87791	2.35627	-0.0716258	4
2433	9.55194	2.06489	-0.317642	4
2452	8.52314	10.3382	-0.33602	4
2463	7.72311	6.7137	1.05091	4
2475	9.63908	11.0776	-0.652106	4
2477	8.29354	7.95722	0.718665	4
2481	9.59401	11.7014	-0.401572	4
2482	7.83232	9.12173	-0.252066	4
2485	8.1577	4.04843	-0.558857	4
2509	9.36063	20.1771	-0.0479853	4
2511	9.6862	16.0217	0.448841	4
2516	9.43916	6.26322	0.565344	4
2522	7.6251	10.0918	-0.247046	4
2527	8.89613	23.1427	-0.0727324	4
2537	7.74173	16.2694	-0.207304	4
2544	7.77564	9.27521	-0.179252	4
2549	8.16728	3.93856	-0.0651618	4
2558	7.5379	18.1432	-0.5577	4
2559	8.01308	24.3773	0.569262	4
2570	8.3344	15.7056	-0.430442	4
2581	8.64708	18.955	0.0550529	4
2588	8.47827	24.1003	-0.010079	4
2589	8.90507	24.8175	0.151655	4
2594	7.83066	0.53475	-0.0443473	4
2602	8.67013	0.253369	-0.545335	4
2616	9.5724	12.1836	0.418789	4
2627	8.3208	0.0362206	-0.234507	4
2657	7.59099	17.0302	0.144481	4
2658	8.21377	16.9383	-0.137967	4
2664	9.45527	2.43472	0.81569	4
2669	8.58769	23.0909	-0.371188	4
2674	9.77774	8.84031	0.690315	4
2675	8.37579	22.4596	0.435353	4
2677	9.83719	11.5244	-0.267296	4
2682	7.61308	24.2659	0.0659242	4
2683	7.69437	24.4958	-0.07813	4
2686	9.37315	3.41945	0.19089	4
2687	8.83363	1.21589	0.471414	4
2699	9.69254	24.8033	0.0409125	4
2701	9.15299	7.63287	-0.169419	4
2703	9.60539	24.9792	-0.111782	4
2708	8.57765	18.9329	0.493387	4
2716	8.89979	24.3494	-0.390467	4
2729	9.56831	20.5528	0.486261	4
2736	7.94718	2.23524	0.567113	4
2740	8.38654	24.0559	0.0571363	4
2766	9.53076	23.4658	0.0533976	4
2777	8.32843	1.53953	-0.0550088	4
2818	7.85507	3.21978	-0.66121	4
2821	8.00186	21.4734	0.155938	4
2824	8.51724	17.8752	0.00242916	4
2837	7.82246	10.1456	0.0830137	4
2846	9.97084	16.7231	1.01434	4
2850	9.71304	1.53105	-1.23141	4
2851	9.75266	22.2424	0.783685	4
2857	8.92473	16.1443	0.742766	4
2863	9.04303	4.613	0.326519	4
2888	8.25726	21.8174	-0.330697	4
2889	9.61136	22.9476	-0.0608792	4
2890	8.16347	10.5518	0.568669	4
2891	8.58455	10.7265	0.345429	4
2899	9.02071	0.959257	0.0742742	4
2900	8.25643	1.59716	-0.481422	4
2913	8.56221	13.4967	-0.508988	4
2935	9.03246	15.7525	0.369472	4
2951	9.84605	0.486053	-0.38803	4
2954	8.85457	16.3235	-0.68712	4
2961	8.79579	15.2689	0.148	4
2981	8.17302	2.56328	0.0474018	4
2989	9.109	8.3314	-0.272337	4
2990	9.05246	7.59583	-0.556474	4
2997	9.75743	23.1215	-0.169794	4
2999	9.39192	15.4481	-0.287726	4
3005	7.52264	7.00117	0.0331964	4
3006	8.17905	7.52174	0.123404	4
3007	8.70034	15.9172	0.666704	4
3008	8.93546	16.7661	0.0984486	4
3010	8.51804	5.75642	0.0786506	4
3014	9.23202	0.680343	-0.532901	4
3020	9.31543	6.83636	0.0106205	4
3040	9.0583	11.9091	-0.336234	4
3042	8.36083	19.0359	-0.294578	4
3047	7.80783	13.2926	-0.215536	4
3048	9.16341	1.6264	-0.0805087	4
3050	8.17034	21.3385	-0.06464	4
3051	9.22117	0.0394944	0.0946864	4
3052	8.02971	20.1771	-0.0343127	4
3054	9.00956	13.9459	0.0829225	4
3058	7.53778	19.9906	0.0250159	4
3072	9.30637	4.9706	-0.118846	4
3089	7.64368	17.7382	-0.127489	4
3093	7.83389	1.5058	0.187388	4
3101	8.16251	6.13221	0.15166	4
3110	8.78592	1.56053	0.0563615	4
3117	8.44109	19.5491	-0.196316	4
3141	9.05055	12.1253	0.0474374	4
3149	8.35289	17.6392	0.0671793	4
3155	8.42003	4.88709	-0.0643612	4
3162	9.39176	20.0862	0.025929	4
3164	8.67577	8.90596	-0.14087	4
3179	7.6515	18.0025	0.144318	4
3183	8.5774	7.31981	-0.417482	4
3184	8.51272	22.273	-0.114471	4
3193	9.79777	10.0106	0.725999	4
3196	9.96546	5.71334	-0.2779	4
3204	9.90922	6.91548	0.727467	4
3219	9.40407	4.28203	0.651352	4
3235	8.84887	6.63189	0.137793	4
3237	9.1533	1.43744	0.00224148	4
3244	8.60819	0.854466	-0.294251	4
3280	9.67423	10.6452	-0.35998	4
3293	7.75569	8.18366	-0.441647	4
3309	7.67047	2.5214	0.198225	4
3339	9.55189	0.0704686	-0.758779	4
3340	9.61639	17.0712	-0.0481365	4
3359	8.58652	18.551	-0.519923	4
3360	7.65295	6.82466	0.16721	4
3387	8.21534	13.3319	0.0881458	4
3393	9.46452	16.2506	-0.713344	4
3399	8.91467	16.6707	0.029433	4
3400	8.94212	16.8629	0.139125	4
3401	9.2544	10.0714	0.0920369	4
3402	9.13635	11.8005	-0.237764	4
3403	9.17452	24.1856	-0.43017	4
3405	8.50343	9.92059	-0.382466	4
3408	9.97505	14.6688	0.453375	4
3419	9.80439	23.0686	-0.262509	4
3421	8.06916	23.2233	0.283341	4
3425	7.85378	12.6447	0.316094	4
3426	8.52808	6.75014	-0.292051	4
3433	9.69341	22.8837	-0.31967	4
3437	9.25694	17.7322	0.179874	4
3452	9.64125	3.08998	0.784262	4
3470	9.67395	20.0896	0.0172334	4
3471	9.68363	19.5865	0.221689	4
3473	9.23631	14.9942	0.682329	4
3482	9.67269	24.7604	-0.0306496	4
3483	8.43059	4.88935	-0.520078	4
3489	8.50648	14.0228	-0.0886782	4
3581	8.04999	10.0785	0.163308	4
3599	9.87238	3.06079	-0.371487	4
3614	7.53261	17.542	0.252296	4
3626	9.12157	4.43669	-0.142767	4
3636	9.99015	15.28	-1.07592	4
3638	8.92114	7.02766	0.516697	4
3646	9.5427	14.9989	0.344713	4
3672	7.92501	1.11897	-0.46621	4
3688	9.56707	18.319	0.0696128	4
3695	8.47726	0.198207	-0.29257	4
3697	9.99672	17.1798	0.842205	4
3700	8.18101	9.98036	-0.166066	4
3703	8.98072	18.1829	-0.376512	4
3704	8.5426	24.9351	-0.855048	4
3733	9.09958	17.208	0.332588	4
3734	8.04941	8.11796	-0.00169282	4
3742	8.90055	22.117	-0.00930012	4
3748	8.63548	5.10396	-0.0513684	4
3752	8.45543	12.3544	-0.469377	4
3774	8.79575	3.60672	-0.336882	4
3776	9.42545	14.0372	-0.439061	4
3785	9.94836	3.98343	-0.191148	4
3803	7.55914	20.4952	0.32134	4
3808	9.21931	19.9127	0.272971	4
3828	9.03595	8.29834	-0.386907	4
3861	9.05797	8.26648	0.993865	4
3887	8.99436	11.4187	0.0996349	4
3938	9.20375	6.77392	-0.155466	4
3940	9.15346	21.1608	0.356557	4
3952	9.95771	10.1742	0.0364973	4
3956	8.40185	13.3314	0.287232	4
3958	9.56165	19.651	-0.0658145	4
3968	9.56429	2.9474	0.256629	4
3995	7.53277	5.66844	0.733417	4
3996	7.62769	5.75192	0.30444	4
4001	9.29514	1.60465	0.228683	4
4013	8.00127	0.00990702	-0.555782	4
4032	7.60731	22.9377	0.162164	4
4041	8.41673	21.8797	0.48884	4
4049	9.52347	14.8625	-0.321035	4
4050	8.83817	6.51893	0.925671	4
4059	7.81	20.1771	0.409641	4
4060	7.90549	19.7699	0.113822	4
16	11.0784	7.48182	-0.0836413	5
41	10.4409	20.03	-0.204913	5
56	10.0658	2.69117	-0.34893	5
58	11.7341	16.6679	0.215195	5
61	10.8516	10.9565	-0.0843031	5
65	10.9131	8.77498	-0.73479	5
69	10.9005	17.1541	-0.696383	5
79	10.003	12.5201	0.126458	5
91	12.4494	4.17185	0.168911	5
93	11.972	16.1194	0.314364	5
95	11.585	18.1567	0.555132	5
105	11.2581	0.408185	-0.204027	5
132	12.4626	20.4927	0.519828	5
155	10.0333	2.8861	0.292542	5
167	12.316	16.9977	0.516651	5
170	11.239	7.51244	-0.112983	5
174	10.6313	9.76864	-0.343323	5
180	11.8846	7.26724	0.0988675	5
188	11.7139	24.1411	-0.182475	5
198	10.5294	10.2873	0.602095	5
199	11.3778	12.1093	-0.0745542	5
214	10.1105	8.18577	-0.649659	5
222	11.4443	18.9089	0.226991	5
263	11.3435	18.8059	0.903186	5
266	11.2945	20.3522	0.351551	5
269	10.4989	24.2139	-0.522635	5
290	10.3642	4.93063	0.0374581	5
295	11.9872	16.4914	-0.462848	5
300	10.7288	14.229	-0.106304	5
305	11.7332	15.1999	-0.68579	5
319	10.08	15.9063	0.57256	5
326	10.1585	10.1277	0.464177	5
327	10.2479	23.913	0.169388	5
329	12.2435	17.7801	-0.141497	5
333	11.9859	10.5922	0.535619	5
334	11.4154	0.780783	-0.756976	5
347	10.6438	18.8537	0.513874	5
357	10.2661	15.4498	0.00510526	5
360	11.4842	11.4602	0.195806	5
363	10.0994	24.2322	-0.892913	5
369	10.953	22.3462	-0.00640513	5
383	12.4337	15.7239	0.582647	5
388	11.1322	22.9944	-0.238885	5
395	10.7829	1.54075	0.265178	5
396	10.1472	4.56382	0.190668	5
409	10.7098	15.0259	0.394405	5
414	10.8995	6.47418	-0.108003	5
416	11.0103	5.84265	-0.00567809	5
431	10.9349	14.0338	-0.289122	5
433	10.8555	12.1987	-0.1637	5
435	11.979	23.7405	-0.440077	5
436	10.9291	18.1671	0.71777	5
444	10.5386	11.543	0.115984	5
452	12.0944	19.166	0.00204196	5
467	10.4821	6.47959	0.18645	5
478	10.8734	0.528515	0.546635	5
518	10.9253	20.2053	0.596709	5
533	12.4108	18.2114	-0.16489	5
564	12.1427	19.0176	-0.0246532	5
582	10.9614	11.5357	-0.365429	5
583	11.603	13.5398	-0.161173	5
584	11.2239	5.48582	-0.329291	5
591	11.3913	24.0517	0.527637	5
596	11.7141	8.22136	-0.660829	5
598	10.866	11.6318	-1.51325	5
614	11.506	9.8199	-0.829249	5
621	10.2135	16.2359	0.412272	5
629	11.6816	0.660989	0.188106	5
631	10.0202	9.18801	-0.437452	5
632	10.096	7.39457	0.621808	5
634	10.517	7.90465	0.280054	5
647	11.3242	18.2585	0.0242365	5
670	11.0053	1.39099	-0.47454	5
673	11.4056	5.03284	-0.138712	5
675	10.68	2.92946	-0.0857041	5
678	11.0121	0.234877	-0.247071	5
683	10.8418	19.2338	0.683949	5
685	11.864	3.16539	0.0509614	5
705	10.6236	17.8981	-0.434843	5
728	10.2077	0.261857	0.225229	5
753	11.2079	20.9632	0.197334	5
771	11.9043	24.4862	-0.0401008	5
798	12.0608	2.7595	-0.14692	5
801	10.4869	6.5451	0.355502	5
807	10.9921	6.25478	-0.29291	5
819	10.6693	3.35732	-0.389112	5
846	11.2277	16.029	0.266498	5
852	11.2839	16.2864	-1.01367	5
854	12.0178	0.23975	0.0789434	5
858	12.2979	23.1585	0.1399	5
879	10.0523	21.117	0.346683	5
881	11.1647	21.5396	0.550382	5
883	11.4598	8.40626	0.0827087	5
884	10.3085	12.7648	0.0278968	5
896	12.0582	1.25437	0.291797	5
902	12.0523	5.82072	0.161545	5
903	12.4368	22.0013	0.353187	5
907	12.3829	10.6286	-0.600189	5
936	11.3199	4.39602	-0.494235	5
945	11.7374	1.23884	0.0756291	5
955	10.4109	12.225	0.272831	5
956	10.0458	12.7714	-0.237022	5
978	11.2511	12.2862	-0.16176	5
985	11.9271	22.1989	-0.66039	5
989	10.8055	2.297	0.251424	5
990	12.2154	20.8352	-0.632704	5
991	11.2292	17.5759	0.31692	5
1003	11.2948	4.56308	-0.260492	5
1022	11.69	7.10354	-0.403883	5
1031	10.0344	17.9995	0.166688	5
1035	10.9586	10.4226	-0.142571	5
1036	12.4705	5.74359	0.00696101	5
1040	12.426	1.68429	-0.356201	5
1042	10.2367	13.4649	-0.301194	5
1043	10.0304	20.0139	-0.39814	5
1048	12.4487	12.543	-1.07983	5
1056	11.862	8.89927	-0.0114982	5
1082	11.082	17.5196	1.00526	5
1084	11.5591	22.4251	-0.843173	5
1099	11.842	13.3603	-0.378743	5
1110	12.4139	20.7079	1.03328	5
1114	11.8931	3.97036	-0.997008	5
1117	11.6936	3.58665	0.190527	5
1124	10.3989	21.2369	0.346293	5
1137	11.9776	8.9768	0.580863	5
1167	10.0881	16.6531	0.284508	5
1186	10.47	21.6777	0.614136	5
1190	11.8615	19.7673	-0.506142	5
1194	11.8567	13.9941	0.11203	5
1196	10.2167	5.56997	-0.0165256	5
1201	11.3168	7.82651	0.456962	5
1204	11.1847	6.24758	-0.150154	5
1205	10.5675	11.4701	-0.0390152	5
1210	11.9959	0.912791	-0.199982	5
1211	12.3846	1.80817	-0.795259	5
1237	10.4965	16.2416	-0.399435	5
1253	12.2768	6.09484	0.141674	5
1254	12.4357	17.3602	-0.749301	5
1259	12.1979	14.217	-1.23901	5
1262	10.4617	5.9518	-0.184801	5
1279	10.0672	23.7301	0.239424	5
1328	10.3771	20.7901	0.252105	5
1354	12.1176	2.49373	-0.491029	5
1360	12.1337	17.9184	-0.249533	5
1369	10.0785	13.4371	-0.32816	5
1371	12.3442	14.7647	-0.786896	5
1372	12.276	17.4935	-0.101763	5
1383	11.6493	19.1555	-0.125249	5
1390	11.5121	1.64137	-0.295306	5
1393	12.2909	10.7253	0.392911	5
1401	11.0172	17.1465	0.125873	5
1405	10.027	16.2676	-0.137789	5
1407	10.9146	2.60964	-0.458048	5
1413	11.8538	16.0367	-0.599886	5
1419	11.2331	7.37112	0.175888	5
1428	10.7122	10.2822	0.297086	5
1431	10.0996	23.3845	0.157612	5
1440	10.4364	2.67348	-0.146742	5
1442	11.9298	8.15245	0.316556	5
1467	10.8101	24.8627	-0.13852	5
1496	11.2243	23.34	-0.457686	5
1526	10.6027	3.33274	-0.1206	5
1531	10.8836	3.85731	0.110313	5
1536	12.2265	5.26091	0.52246	5
1550	10.9316	10.271	0.420353	5
1557	11.1183	12.6975	-0.00296263	5
1565	10.0688	1.05494	-0.287695	5
1566	10.6017	23.4471	-0.79244	5
1570	10.3751	21.8362	-0.104248	5
1581	12.2599	19.4121	-0.315556	5
1587	10.077	17.3235	-0.300865	5
1588	12.3908	19.5627	0.295484	5
1589	12.0003	15.9405	0.147004	5
1603	10.1804	4.24614	-0.204633	5
1606	11.8515	1.16869	-0.0558523	5
1607	10.8584	3.8858	-0.0846071	5
1608	10.1033	11.3313	0.184927	5
1613	12.1267	2.41379	-0.418086	5
1634	10.3665	18.6499	0.244234	5
1664	10.2081	14.8177	-0.392486	5
1667	10.8842	2.30754	-0.528312	5
1674	10.48	12.0013	0.44746	5
1681	10.9765	23.3836	-0.274622	5
1684	11.0797	8.05352	-1.28968	5
1685	10.1125	0.763501	-0.383299	5
1687	10.0435	23.5288	-0.782099	5
1712	11.3541	7.67886	-0.208764	5
1718	10.1133	24.6341	-0.195869	5
1722	11.3237	15.0054	1.17216	5
1749	12.3015	9.91821	0.212312	5
1750	10.7075	5.39607	-0.352667	5
1754	11.5182	9.44068	0.442379	5
1772	10.9366	17.9645	-0.0319984	5
1796	11.7	19.1042	-0.257763	5
1819	12.1324	4.09555	0.671674	5
1831	10.9396	4.09851	-0.492434	5
1843	11.2558	14.0055	-0.535118	5
1846	10.9895	21.0372	0.452095	5
1857	10.9335	1.14145	0.231736	5
1877	10.6166	16.0211	-0.206153	5
1892	11.3543	11.099	-0.446583	5
1902	10.7838	6.49229	-0.679578	5
1904	10.1946	3.43343	0.169703	5
1956	10.2063	20.4616	0.246025	5
1984	12.4287	22.6615	0.454217	5
1993	11.5733	9.1502	0.147003	5
1994	12.111	8.01579	-0.409551	5
2007	10.336	9.77356	-0.179857	5
2010	10.6271	18.6572	-0.126381	5
2013	10.5982	7.88119	0.188254	5
2023	12.3641	0.58723	-0.818468	5
2025	11.5558	16.5154	0.0783606	5
2071	11.692	1.6116	0.0741284	5
2082	11.6668	1.8361	0.140123	5
2087	12.3385	12.8659	-0.223318	5
2088	11.0997	15.4987	0.331354	5
2106	11.775	21.2046	0.200949	5
2112	10.3283	2.25114	-0.0756751	5
2137	11.5654	10.2389	-0.105953	5
2145	12.1384	22.3265	-0.111436	5
2163	12.2392	19.2867	-0.0626034	5
2167	10.2555	7.28102	0.778617	5
2178	11.4584	15.2156	-0.708399	5
2186	10.5014	8.1811	-0.629432	5
2202	10.3611	8.57584	0.473905	5
2209	11.2654	21.4329	-0.862925	5
2212	10.4763	18.3167	-0.315448	5
2213	10.5853	11.4091	-0.171597	5
2214	12.0889	18.396	0.35124	5
2219	11.6	11.6879	-0.896356	5
2238	10.4197	7.46081	-0.807815	5
2253	11.7953	5.95166	0.58036	5
2254	10.8341	13.091	0.270405	5
2264	11.8789	7.03024	-0.0203403	5
2265	10.1678	6.47695	-0.839669	5
2266	10.5415	23.9852	0.232936	5
2276	11.663	18.9771	0.45093	5
2278	12.2575	7.17028	0.230604	5
2280	11.3457	10.8131	0.118285	5
2296	11.5018	22.0539	0.418392	5
2301	10.7909	3.7194	-0.529552	5
2302	11.0079	9.22503	-0.397892	5
2303	10.9203	4.12461	0.109579	5
2313	11.1569	13.2619	0.422166	5
2316	12.3896	22.4946	-0.453824	5
2321	11.4465	3.66282	-0.0164831	5
2366	12.146	0.185922	-0.438432	5
2373	10.1813	18.1038	-0.22435	5
2380	10.5867	15.2764	-0.33227	5
2404	11.0106	22.8906	0.314954	5
2418	10.3423	19.1129	-0.32243	5
2425	11.8343	23.3166	-0.668885	5
2441	12.4904	3.33858	-0.632118	5
2442	10.0386	24.4155	-0.270676	5
2464	12.0488	17.2794	-0.26203	5
2483	11.2454	23.3229	0.692048	5
2494	11.5152	19.2371	-0.436411	5
2495	10.7524	4.47221	-0.165748	5
2513	11.59	4.21355	-0.0706842	5
2524	12.1862	20.5717	0.273325	5
2530	11.8596	17.46	-0.514625	5
2540	12.4361	4.89183	-0.386863	5
2547	10.7563	9.03045	-0.0428991	5
2554	11.6063	13.0714	-0.246328	5
2565	11.1031	18.0323	-0.695173	5
2576	10.541	4.46326	0.272865	5
2595	10.4264	23.2187	-0.499939	5
2600	11.6478	4.43107	0.325681	5
2605	10.2072	11.2615	0.360395	5
2610	10.2127	8.04312	0.521267	5
2619	10.4622	14.573	-0.113986	5
2639	10.6759	22.604	0.0833104	5
2661	10.1454	5.88004	-0.175258	5
2662	10.2514	5.83556	-0.0472085	5
2685	11.8967	20.7275	-0.184236	5
2688	11.1676	6.83323	-0.0258049	5
2711	11.4111	5.49663	0.108024	5
2720	11.2255	0.0256539	0.432667	5
2721	10.4441	1.21964	-0.345716	5
2726	11.7698	2.23644	-0.46086	5
2727	11.3419	11.0267	0.331086	5
2737	11.0858	15.5144	-0.0295485	5
2741	10.6769	5.69559	-0.487975	5
2742	10.0441	18.3482	-0.131225	5
2749	11.0098	15.6867	0.0545157	5
2750	10.1327	14.4526	0.188546	5
2758	11.2301	12.81	0.597838	5
2767	10.2178	24.2723	0.262426	5
2789	11.5236	20.6818	0.679774	5
2790	10.0652	10.3372	-0.318436	5
2825	12.3637	7.51112	-0.478574	5
2829	11.5678	4.55168	-0.103835	5
2830	11.4304	12.4838	-0.577669	5
2835	10.9174	5.13095	0.504288	5
2836	10.4498	3.70047	0.576032	5
2838	12.244	19.7617	-0.0341092	5
2841	10.6764	15.6684	-0.977896	5
2848	10.251	22.4443	0.3036	5
2856	10.6691	0.264186	-0.107361	5
2866	12.2544	11.4228	0.429685	5
2870	12.4454	15.1297	1.06883	5
2879	10.6653	15.1136	-0.534491	5
2886	12.4926	2.70614	-0.739262	5
2893	10.7163	20.4019	0.0873471	5
2894	12.4606	22.0555	-0.055488	5
2907	11.329	5.62258	0.146778	5
2912	11.5459	5.47526	-0.33327	5
2915	11.2492	23.5717	-0.0910981	5
2920	11.3996	24.8449	-0.36939	5
2933	12.3228	19.2835	-0.260083	5
2937	10.8971	3.20655	0.402179	5
2938	11.533	5.2649	-0.569002	5
2940	11.7111	19.9438	-0.377956	5
2942	10.731	6.30635	-0.563884	5
2943	11.2052	21.864	0.401845	5
2952	10.7995	24.3167	-0.454294	5
2964	10.5568	16.3245	-0.204695	5
2965	12.2585	3.62099	-0.0983615	5
2975	12.0811	17.3466	-0.400417	5
2977	10.5623	5.80238	0.444871	5
2979	11.0298	14.7356	-0.527758	5
3024	10.4113	16.3932	-0.283312	5
3036	12.2858	23.9363	0.196544	5
3060	11.9313	17.1999	-0.805252	5
3073	11.5018	4.87555	0.0577219	5
3077	12.3895	2.01874	-0.670467	5
3079	10.5604	21.4952	-0.178468	5
3099	12.4536	8.10828	0.428946	5
3102	10.8094	24.0188	0.119115	5
3122	10.3426	19.6634	-0.223153	5
3126	11.9204	14.5457	-0.237497	5
3142	10.1722	10.5689	0.491416	5
3147	10.1602	15.0527	-0.444855	5
3170	11.29	3.31262	-0.216638	5
3173	11.6745	0.703713	-0.147059	5
3182	11.5008	2.94099	0.339548	5
3222	10.2513	15.3688	1.24259	5
3252	11.2124	7.46989	0.206699	5
3266	11.2894	23.9954	1.03677	5
3269	10.4345	18.8445	0.208123	5
3275	11.7428	6.74624	-0.196518	5
3290	11.1633	6.68271	-0.331466	5
3291	10.4302	0.185241	-0.251214	5
3296	10.4879	13.288	0.320943	5
3303	11.7846	20.1896	0.010079	5
3304	12.3326	7.08095	0.0794206	5
3305	10.3046	19.6329	0.292439	5
3317	11.378	18.4268	-0.0159498	5
3319	10.4874	24.0288	0.0852335	5
3322	10.0297	10.8139	0.192447	5
3329	11.3583	5.91384	-0.506795	5
3356	11.1271	14.8511	0.0572948	5
3358	10.5774	11.4932	0.274174	5
3361	11.1862	4.48623	0.584341	5
3368	11.0836	3.13955	0.306439	5
3376	11.5877	11.5191	1.39244	5
3383	10.3172	21.3194	0.058836	5
3435	12.266	16.9047	-0.0668444	5
3444	10.2903	12.7484	-0.453972	5
3449	11.3734	13.9115	-0.104169	5
3450	10.1595	15.29	0.0866391	5
3453	10.2369	19.2262	-0.134552	5
3457	10.836	2.01277	-0.48389	5
3459	11.7873	19.8368	0.504383	5
3487	10.9679	18.218	0.381322	5
3513	11.219	4.22268	0.398718	5
3515	11.0861	22.634	-0.272283	5
3522	10.1015	22.5762	-0.327023	5
3535	10.4541	5.68626	0.21457	5
3536	10.7006	6.37902	-0.592234	5
3551	11.5768	0.292404	0.164651	5
3568	10.5075	12.0241	0.669442	5
3569	10.5945	2.60781	-0.556018	5
3571	12.2597	3.35876	-0.339826	5
3575	10.1305	3.28164	0.253662	5
3592	12.2103	19.0857	-0.184217	5
3600	10.6067	9.41542	0.425186	5
3611	11.1038	11.3643	0.195485	5
3615	11.5586	7.5341	-0.0693592	5
3619	10.6667	3.10043	0.353068	5
3623	10.2721	6.28488	0.598197	5
3631	12.2444	4.87375	-0.0580926	5
3633	10.9998	8.51293	-0.19652	5
3634	11.9932	10.4819	-0.227804	5
3652	11.929	8.13308	0.357072	5
3660	10.3442	23.8996	0.388609	5
3667	11.6623	14.4124	0.25117	5
3671	11.3194	3.37061	-0.727033	5
3681	11.6069	21.2539	-0.275655	5
3682	12.0	2.17418	-1.13748	5
3686	11.7737	23.8267	-0.0876448	5
3691	12.3826	17.8105	-0.127981	5
3716	12.2798	17.1916	-0.528443	5
3722	11.1917	15.2763	0.256175	5
3731	12.3643	9.09996	0.0804564	5
3737	10.7252	11.2167	-0.521982	5
3738	10.2361	19.4116	-0.0158808	5
3770	10.2398	23.8809	-0.940846	5
3778	12.3733	12.7623	-0.440876	5
3790	10.0797	23.0067	-0.348439	5
3820	10.7201	13.2805	-0.214294	5
3821	11.405	12.6935	-0.140245	5
3822	10.5932	5.64501	-0.23636	5
3831	10.2008	3.03343	-0.286144	5
3834	10.5819	22.0609	-0.182094	5
3836	10.7615	4.04948	-0.454031	5
3854	12.075	9.92618	0.184926	5
3855	10.6908	14.3089	-0.0165459	5
3878	10.7291	11.1797	-0.658688	5
3888	10.1513	20.3493	0.565941	5
3889	11.3668	23.2023	-0.718747	5
3919	10.625	5.94179	0.146202	5
3920	11.5761	13.0245	-0.971719	5
3921	11.8399	13.1667	0.49396	5
3922	12.0596	8.55058	-0.309356	5
3923	10.9429	13.8244	0.39147	5
3944	12.0422	8.11902	0.381983	5
3967	10.7853	15.4256	0.316984	5
3977	10.8155	1.50266	-0.216032	5
4018	12.1622	13.0598	-0.759782	5
4021	10.0014	8.19415	0.330603	5
4030	12.1039	20.004	0.325941	5
4034	11.332	4.18579	-0.05072	5
4043	11.1044	10.6516	0.5061	5
4046	11.4876	8.45989	-0.186184	5
4068	10.8087	2.07817	0.0277041	5
2	13.2382	3.69726	-1.07649	6
10	13.296	24.5524	-0.154819	6
11	13.9699	18.4281	0.0887189	6
17	14.4367	4.7884	-0.746539	6
32	13.4867	5.37667	0.123327	6
35	12.5192	17.5186	-0.244216	6
44	13.5314	3.79884	-0.60569	6
54	13.2223	12.2675	0.326672	6
57	14.9247	11.2051	-1.05189	6
67	13.227	5.80152	-0.271429	6
107	14.5621	6.88522	-0.24154	6
121	13.492	21.2645	0.320346	6
144	13.9139	19.7922	-0.463866	6
146	14.5765	0.530616	-0.310106	6
151	12.5993	13.3768	-0.0532301	6
158	13.8884	0.609875	0.124756	6
207	13.65	23.4264	0.222964	6
234	12.7581	20.4861	0.0643758	6
241	12.6815	11.3709	0.00902602	6
243	13.6666	19.0343	0.00486115	6
271	13.4253	20.2213	-0.494354	6
278	13.8708	1.99571	-0.737732	6
284	13.0711	9.68454	0.597581	6
323	14.6786	19.5916	0.510964	6
339	14.7203	9.67693	-0.21193	6
348	12.5854	13.8692	-0.147201	6
351	12.7909	15.5465	-0.0544823	6
354	13.5845	20.5129	0.854293	6
370	13.1472	0.478614	-0.344089	6
404	13.6122	18.4659	1.19773	6
434	14.743	21.74	0.0434046	6
449	13.513	14.004	-0.0468253	6
481	13.1432	8.18139	-0.526943	6
483	14.8323	0.64849	-0.11445	6
487	14.819	5.47545	0.238756	6
489	12.7926	1.4679	-0.580098	6
501	14.2182	20.8459	-0.758131	6
506	12.8622	12.2917	-0.0677696	6
515	13.0165	15.1617	0.449183	6
520	14.056	24.2538	0.896522	6
524	14.1641	16.607	0.403548	6
525	13.246	16.4755	0.218006	6
541	13.8135	5.32351	0.271099	6
553	12.7055	17.1006	-0.823702	6
557	13.116	20.9857	0.769327	6
559	13.406	10.0492	0.0104824	6
567	12.7466	3.98429	-0.927794	6
573	14.1502	21.6194	-0.17755	6
579	14.9513	0.589252	-0.863254	6
585	13.7505	9.46245	0.473251	6
618	12.8111	4.6678	-0.100515	6
622	12.8157	16.4631	-0.0983478	6
639	12.8683	4.14579	-0.292569	6
654	14.5898	11.548	0.0567191	6
681	14.805	21.2553	0.528134	6
687	12.924	19.363	-0.519854	6
693	14.8007	13.7134	-0.785758	6
709	13.6557	13.7177	-0.330083	6
712	14.4861	15.326	-0.780412	6
713	13.8628	2.14747	0.720792	6
717	13.9716	22.2888	0.157734	6
725	14.6889	20.5284	0.378689	6
734	13.9258	17.119	0.488811	6
743	14.1613	13.8377	-0.124951	6
746	14.155	9.44413	-0.159455	6
752	13.1946	16.1982	-0.256261	6
759	14.1816	24.3964	0.674708	6
764	14.7042	4.1397	0.0246078	6
785	13.0017	7.16431	-0.0291779	6
788	13.1954	24.7798	0.431126	6
804	12.6971	10.1493	0.0566279	6
805	13.4393	9.13386	-0.336183	6
834	14.9224	14.762	0.415939	6
844	12.6193	10.8601	-0.00990827	6
849	13.6656	16.8146	-0.191051	6
851	13.5297	0.170784	-0.284754	6
860	12.9815	15.6191	0.1597	6
861	14.44	15.9073	-0.0626529	6
863	13.5492	16.8004	0.210369	6
867	13.463	10.9174	-0.170118	6
880	14.373	13.5348	0.951658	6
893	12.9514	8.18214	-0.43572	6
894	12.5873	21.3757	-0.0945087	6
897	14.5541	24.6418	-0.674291	6
924	14.2227	11.4557	-0.618288	6
928	13.2858	10.8158	0.637099	6
929	12.5039	5.4303	-0.563616	6
946	13.856	6.24785	0.725303	6
948	13.4182	7.61263	-0.490692	6
961	14.9464	7.2536	-0.189215	6
969	14.1831	15.8348	-0.0819911	6
972	12.6034	15.6648	0.990741	6
975	14.171	24.0339	0.0404963	6
995	13.2599	11.3869	-0.0586521	6
1021	14.0186	2.76921	-1.1941	6
1023	13.0006	4.00338	0.223345	6
1029	12.9998	23.1843	-0.177186	6
1047	13.8528	1.64158	-0.0971412	6
1065	13.5965	0.688161	0.177779	6
1078	12.6724	2.53741	-0.325753	6
1080	12.6804	24.133	-0.881731	6
1096	14.1755	12.2462	-0.0132535	6
1104	13.0252	8.16122	-0.0154572	6
1108	12.9362	22.5332	-0.466642	6
1112	13.761	22.72	0.174195	6
1120	13.4795	20.8934	0.290527	6
1123	13.1282	23.4447	0.140968	6
1127	14.5488	19.1074	0.0955231	6
1138	13.1584	7.01284	0.233867	6
1151	12.5115	24.7066	0.576547	6
1154	14.3608	12.6513	0.066081	6
1156	13.7666	8.94133	-0.301369	6
1169	14.8111	24.4246	0.148956	6
1171	14.7792	23.4044	0.105124	6
1195	14.2607	12.5538	-0.181987	6
1200	14.3103	10.2804	-0.471849	6
1222	13.1112	4.98541	-0.886935	6
1224	14.9746	22.081	0.445145	6
1243	13.6171	21.1112	-0.529786	6
1245	14.8282	7.83574	0.635375	6
1246	13.8091	16.79	0.226327	6
1256	14.7036	21.1433	0.717464	6
1260	14.6974	16.2703	0.690111	6
1275	14.2191	2.87166	-0.320762	6
1292	13.8088	17.9335	0.455248	6
1294	13.5165	16.2485	-0.109455	6
1313	14.7151	16.2535	0.58991	6
1319	12.7322	21.7216	0.584261	6
1326	14.2544	17.5052	-0.131129	6
1327	14.8767	10.3731	-0.778296	6
1345	12.6383	18.2207	0.502158	6
1362	12.5823	1.59463	-0.520736	6
1378	13.9408	2.43313	-0.893194	6
1416	14.6858	14.9516	-0.392133	6
1418	14.2932	7.61405	0.140357	6
1449	14.5422	9.52514	0.444617	6
1451	14.7548	18.5687	0.510838	6
1454	12.7042	9.15156	0.43062	6
1462	14.6753	4.22504	-0.109406	6
1468	14.1965	13.8568	-0.687372	6
1469	14.7107	19.4267	0.358193	6
1476	13.2675	22.999	0.376535	6
1479	14.7039	18.8598	-0.34916	6
1490	13.9993	4.08324	-0.303495	6
1494	14.4477	13.5247	-0.690562	6
1508	14.8152	24.1589	0.625571	6
1517	13.9003	20.4698	-0.653642	6
1527	14.23	2.75122	0.512615	6
1534	12.9729	18.8018	-0.412414	6
1537	14.9321	15.1623	-0.514775	6
1544	14.6049	3.8541	-0.429397	6
1548	13.895	13.6188	-0.189867	6
1575	14.9124	22.1058	0.368672	6
1580	13.1645	6.98574	-0.163866	6
1582	12.7749	18.8763	-0.195373	6
1598	12.6352	18.239	0.659596	6
1610	14.9357	7.36272	-0.131972	6
1635	13.8189	10.9893	-0.471211	6
1654	13.6226	16.7764	0.0199577	6
1691	13.3007	23.8167	0.0623786	6
1692	12.626	16.6678	-0.0932901	6
1702	12.5151	2.05738	0.0524979	6
1729	14.432	5.67918	-0.958405	6
1758	13.8416	23.3497	0.256803	6
1759	12.6113	17.839	-0.652595	6
1765	12.8537	10.872	0.763988	6
1767	13.2227	5.48883	-0.513013	6
1771	14.8147	3.13279	-0.508094	6
1773	14.614	20.3963	-0.345304	6
1779	12.8208	3.61007	0.185848	6
1780	14.7411	2.70729	-0.522266	6
1791	13.2192	9.57694	-0.584577	6
1794	13.2361	6.55844	0.10239	6
1818	13.0681	0.911414	-0.20172	6
1834	12.9928	10.2201	-0.37277	6
1867	14.271	12.4079	0.103973	6
1868	13.8174	12.151	-0.0870318	6
1876	14.3492	12.6775	-0.772038	6
1881	13.1629	18.3388	0.244587	6
1884	14.3668	5.07662	-0.788997	6
1886	12.8184	15.0688	-0.363997	6
1933	12.7799	23.9948	-0.0411694	6
1944	14.7589	15.3543	-0.288944	6
1954	14.4067	10.6478	-0.341007	6
1973	14.7671	22.6049	-0.196032	6
1985	14.9615	2.79677	0.272139	6
1999	13.4266	11.2834	-0.238099	6
2006	12.6709	23.3472	-0.321208	6
2009	13.0885	23.792	-0.254803	6
2015	14.4295	13.6087	-0.0358201	6
2017	14.5497	18.4764	-0.0864196	6
2020	14.3167	22.9027	-0.0112193	6
2022	13.3211	1.27321	-1.22818	6
2035	14.9707	17.8093	0.478378	6
2037	14.9603	19.8917	-0.328193	6
2038	14.6706	0.85841	-0.179784	6
2060	13.2999	13.8861	-0.170016	6
2065	13.7852	12.0637	-0.332102	6
2070	12.8266	0.388117	-0.274918	6
2078	13.0884	1.81041	-0.225202	6
2093	13.4879	16.592	-0.207943	6
2132	13.0389	9.49122	-0.0251151	6
2152	13.1867	9.51685	-0.089523	6
2162	14.296	5.45607	-0.226923	6
2164	14.7419	17.9296	-0.468358	6
2179	13.373	8.85061	0.641472	6
2199	14.249	11.8723	-0.18271	6
2228	14.1988	14.4734	-0.235294	6
2252	13.6561	5.40163	0.261872	6
2267	14.9396	10.7585	0.476565	6
2268	13.2995	24.3161	0.0835977	6
2273	14.4498	0.863298	0.0543416	6
2275	12.7696	12.7719	-0.177096	6
2277	13.3918	19.696	0.699904	6
2332	13.3537	21.5552	0.497615	6
2333	14.0775	9.63728	0.200552	6
2339	14.0172	22.4952	0.0153367	6
2344	12.5476	19.2441	0.194545	6
2345	13.3496	13.8996	-0.87196	6
2350	13.544	8.07148	0.284395	6
2355	14.396	23.2041	0.275086	6
2364	12.944	17.0253	0.788109	6
2369	13.3331	15.6455	-0.58967	6
2381	12.8191	7.1396	0.370552	6
2419	13.1013	18.0887	-0.0372207	6
2423	14.2323	10.1597	-0.0810496	6
2437	13.6048	13.2464	0.433618	6
2439	13.8441	5.3068	-0.743167	6
2453	14.3098	11.2702	0.462526	6
2469	14.519	12.9376	-0.598602	6
2478	14.9072	7.77475	-0.265573	6
2500	14.3518	4.69823	0.0167431	6
2503	14.1046	8.49867	0.0152915	6
2529	14.9929	2.76448	0.528408	6
2534	13.0939	4.18174	-0.00222055	6
2556	13.393	16.0331	-0.241709	6
2566	14.5938	8.76174	-0.330094	6
2580	14.488	1.80419	-0.317565	6
2584	13.5633	11.7414	0.272359	6
2586	13.2052	19.4587	-0.430277	6
2597	13.8327	13.9658	-1.2965	6
2598	14.4138	13.0489	-0.0423872	6
2624	12.6779	6.45934	0.624088	6
2635	13.1062	8.37854	0.0958947	6
2636	14.0496	7.89577	-0.216552	6
2637	14.1877	23.6084	0.112364	6
2660	12.709	13.2442	0.269233	6
2676	13.5345	22.4925	-0.210386	6
2679	13.4169	18.8516	-0.819913	6
2706	12.9057	13.0135	-0.155325	6
2709	12.9225	19.6855	-0.308115	6
2710	12.7984	19.4978	0.664303	6
2724	14.5956	24.7706	-0.209447	6
2753	12.5506	8.64479	-0.0134736	6
2759	13.5812	13.3368	-0.439013	6
2814	12.556	12.3974	0.0141931	6
2816	14.8761	21.1448	-0.0604891	6
2817	14.3878	9.6235	0.136336	6
2827	14.6376	11.6855	-0.551806	6
2839	13.5639	15.9454	-0.71752	6
2843	13.0684	22.4222	-0.340749	6
2844	13.4861	18.2681	0.0430124	6
2867	14.7275	11.841	0.0506742	6
2880	12.7149	18.4602	0.445984	6
2883	14.3782	18.5289	-0.423149	6
2887	13.3986	24.6461	0.414273	6
2895	12.8241	14.9449	0.00528554	6
2897	13.8106	7.84933	-0.290956	6
2921	13.2099	20.9464	0.921419	6
2930	14.0166	18.7259	0.303672	6
2934	12.5736	19.7386	0.40807	6
2946	13.9186	18.4102	0.121274	6
2953	14.164	11.4141	-0.398771	6
2955	13.2777	19.527	0.0661782	6
2957	13.3183	14.2198	-1.6241	6
2960	14.8686	1.12699	0.202109	6
2986	12.5008	9.57457	0.74258	6
2987	13.1985	10.2186	-0.544593	6
3001	14.0103	10.3897	-0.175329	6
3016	14.8267	3.38515	0.171878	6
3049	14.1578	23.9814	0.290243	6
3059	12.7656	0.982133	-1.06177	6
3074	12.7053	7.5719	-0.322918	6
3076	13.9176	8.91324	0.856807	6
3082	13.0976	13.8433	-0.752614	6
3088	14.7141	19.8293	0.208761	6
3097	14.5146	11.2248	0.216104	6
3098	14.4682	11.5691	1.03355	6
3116	13.8298	1.59469	0.620744	6
3118	14.465	1.1633	0.183105	6
3144	14.3126	5.57356	-0.941571	6
3146	13.0511	17.2006	-0.123419	6
3152	12.8618	7.73363	-0.216246	6
3160	12.9327	10.1224	0.152436	6
3161	14.8139	15.8776	-0.612224	6
3191	13.1657	10.0171	0.099921	6
3259	13.4713	23.3085	-0.0322101	6
3260	12.6949	18.0562	0.0464229	6
3262	14.4992	21.6514	0.140458	6
3263	13.1002	22.562	-0.0563358	6
3285	13.931	6.06504	0.130534	6
3286	13.2163	6.13891	0.533318	6
3289	14.3334	13.5877	-0.383397	6
3301	13.912	7.40398	0.00861835	6
3326	13.4407	21.7068	0.764252	6
3334	13.6058	8.024	-0.627435	6
3335	14.1901	11.2934	-0.0215574	6
3336	14.1508	11.4512	-0.0572167	6
3343	14.2165	13.5698	-0.80171	6
3344	13.0282	18.8939	-0.169502	6
3346	14.4057	9.61491	0.271718	6
3349	14.8607	16.4735	-0.195701	6
3384	13.9626	5.75063	-0.14516	6
3391	13.8345	18.2966	0.367118	6
3412	14.9117	17.2957	0.8484	6
3415	13.6698	10.8711	-0.0966074	6
3416	13.0302	11.9485	0.463614	6
3439	13.0317	3.89856	-0.659211	6
3476	13.8209	3.31985	0.529757	6
3478	13.5188	10.7557	-0.255324	6
3481	12.8347	20.8247	0.411026	6
3492	13.206	19.645	-0.349539	6
3493	14.421	18.2331	-0.834686	6
3494	14.5111	18.2663	-0.0834788	6
3507	14.2894	13.331	0.104933	6
3528	13.6946	20.5238	0.158005	6
3538	12.7236	12.8497	-0.78992	6
3545	14.8047	18.6196	-0.128737	6
3546	14.2712	3.36906	-0.0253539	6
3552	13.6339	1.55958	0.118681	6
3553	13.5045	0.887047	-0.706166	6
3556	14.0588	2.68962	-0.040604	6
3561	12.9686	23.9487	0.203012	6
3570	12.6995	12.5181	0.370371	6
3578	13.9332	23.8876	0.589604	6
3582	13.3815	9.51835	-0.0269711	6
3601	13.3844	6.31264	-0.27055	6
3607	14.2296	1.14099	-0.0468368	6
3608	14.4439	0.777617	0.329993	6
3616	13.5639	22.4068	-0.413725	6
3620	13.9652	1.93609	0.0242588	6
3628	12.5501	9.78959	-0.176093	6
3640	12.6698	21.969	0.0787489	6
3647	12.9792	9.96665	-0.493851	6
3661	12.5541	7.2043	-0.150038	6
3676	14.4689	7.93479	-0.00203564	6
3698	12.5764	1.95636	0.258899	6
3708	13.5261	19.9481	0.329096	6
3730	14.8958	2.49356	-0.330509	6
3740	13.2774	13.6984	0.379736	6
3750	12.559	12.42	-0.172669	6
3754	14.5551	14.2071	-0.136233	6
3762	14.3946	13.4586	0.118871	6
3788	14.9615	15.6135	0.369093	6
3796	13.0635	11.1277	0.466685	6
3800	12.8935	23.3014	1.05521	6
3804	14.6396	7.23605	0.0779259	6
3816	12.547	5.75243	-0.234726	6
3858	12.8204	19.9774	-0.469224	6
3862	14.445	7.61639	-0.862946	6
3880	13.2144	16.0489	0.431622	6
3893	12.9119	8.00568	-0.475603	6
3912	13.5657	23.896	-0.437352	6
3917	12.8046	1.05495	-0.75195	6
3918	14.4407	9.12022	0.484602	6
3929	13.8819	6.69179	0.304973	6
3935	14.6214	17.4718	0.050489	6
3942	13.0668	3.67259	-0.533198	6
3945	12.8771	7.873	-0.18258	6
3975	14.2189	16.2444	0.0574158	6
3976	14.4418	8.87269	0.355091	6
3988	14.7335	4.3555	0.264887	6
4007	12.7855	24.3121	0.235158	6
4008	14.9842	11.2526	-0.316871	6
4010	14.054	12.6497	-0.00989689	6
4026	13.3741	11.1741	0.0636094	6
4055	13.8883	23.1929	-0.0745549	6
4066	13.4213	24.488	0.239315	6
4067	13.6175	24.6549	0.649974	6
19	15.4515	6.77133	0.0926882	7
23	15.9568	4.23182	0.236171	7
33	15.5688	24.1453	-0.722533	7
46	16.6776	23.5807	0.369982	7
47	17.2357	6.21658	0.571197	7
52	15.7867	8.98976	0.429109	7
60	17.1349	10.3131	-0.505573	7
64	16.5975	18.8126	-0.172511	7
68	15.4565	1.13971	0.315995	7
76	15.921	6.54521	-0.417773	7
87	16.1711	24.0469	1.40023	7
96	17.2979	19.0857	-0.312488	7
112	16.2108	5.74421	0.50722	7
128	16.2398	6.50819	-0.933044	7
145	16.68	9.77235	0.513422	7
150	16.8374	4.36717	0.519222	7
159	15.6746	17.7999	-0.225592	7
169	15.9075	11.9708	-0.287551	7
177	17.1042	21.6771	0.220868	7
179	16.5219	12.8028	-0.133165	7
183	16.6531	14.8595	-0.284773	7
189	15.9753	14.3266	0.406761	7
204	16.9214	5.81584	0.350152	7
216	16.8627	16.8977	0.465055	7
220	16.2055	2.25203	-0.807077	7
232	15.5641	13.191	-0.427734	7
248	15.0186	4.00731	0.249659	7
252	17.4401	17.2617	0.344474	7
258	16.9538	1.61268	0.197002	7
270	16.6652	21.4032	0.20588	7
281	16.8929	3.22366	-0.215196	7
287	16.5944	22.3337	-0.463063	7
293	16.8663	6.58776	-0.252871	7
296	15.4174	22.7105	-0.155446	7
301	16.7992	8.82408	0.489343	7
303	17.3906	14.355	-0.191812	7
336	17.2985	9.10519	0.468302	7
346	17.294	23.6418	0.155759	7
368	15.8828	9.67523	-0.125051	7
380	15.8169	16.0978	0.344845	7
417	16.8044	13.9059	0.25279	7
419	17.1671	12.7682	0.0191961	7
424	17.3404	15.8309	0.194557	7
437	15.3059	7.61531	0.150063	7
439	16.6818	22.8802	-0.0641146	7
441	16.5444	8.87549	-0.70633	7
451	16.3212	24.3492	0.476781	7
453	17.1265	5.10149	0.158757	7
469	15.065	7.57991	-0.157286	7
470	16.5084	3.90599	0.413095	7
472	17.0963	1.2938	-0.18049	7
482	17.0761	22.3261	0.355499	7
490	16.6377	15.6327	-1.35495	7
492	17.0353	22.8028	-0.268154	7
496	17.014	13.2383	0.143358	7
499	15.3337	24.6791	0.345386	7
502	16.8761	15.9661	-0.23796	7
511	15.9587	5.52131	-0.0934106	7
521	15.9798	4.4117	-0.192928	7
526	16.2345	14.1215	-0.343741	7
536	17.4931	7.3528	0.485935	7
539	16.999	9.55293	-0.00558578	7
550	16.7393	12.5777	-0.637239	7
555	17.2592	19.3553	0.0825976	7
562	16.2513	19.8259	0.102812	7
575	15.3207	15.1706	0.754367	7
580	15.0592	22.1151	0.129845	7
592	17.4997	8.60391	1.19682	7
595	17.2745	3.66507	0.0728628	7
604	15.5606	7.84004	0.95255	7
635	16.4715	20.6661	0.14723	7
640	15.652	13.0469	0.256442	7
641	16.9248	21.1127	0.506883	7
645	17.405	9.592	-0.537465	7
650	15.9304	16.2963	0.356231	7
657	16.131	4.60966	0.718915	7
677	15.669	17.8718	-0.185585	7
682	15.9271	20.4695	0.076761	7
695	16.5439	11.8304	0.151768	7
696	16.2285	12.8394	-1.29452	7
697	16.6088	7.20813	0.970521	7
723	16.7388	16.5826	0.204338	7
739	15.0759	11.6416	0.369736	7
757	17.2917	24.6532	0.194568	7
775	16.4142	24.7222	-0.242813	7
779	16.1455	18.5999	-0.170533	7
783	15.878	8.01804	0.591595	7
792	16.504	17.6838	0.715279	7
797	16.7403	17.2939	0.36395	7
814	15.0993	18.4586	0.513112	7
831	16.6014	7.83541	0.159463	7
833	15.0875	2.13691	-0.47312	7
835	15.5987	15.6369	-0.323092	7
839	17.0283	15.1508	-0.477114	7
848	15.9908	18.3437	0.0728769	7
853	16.5444	5.54393	0.448973	7
857	15.9715	13.9557	0.235748	7
859	15.3976	3.71201	-0.231953	7
865	17.2241	6.22213	-0.204831	7
886	16.7017	11.7927	0.707016	7
898	16.5166	10.7744	0.40237	7
911	15.5476	13.159	0.260866	7
914	17.3743	21.4723	0.0282269	7
922	16.009	8.55064	0.540507	7
923	16.6845	12.3535	0.303993	7
940	16.7863	11.3177	-0.239257	7
952	15.1742	15.8258	-0.194538	7
957	15.0208	20.3111	-0.540084	7
959	16.8585	8.69296	0.166928	7
963	16.0336	17.1156	-0.270804	7
973	17.3671	14.9451	0.631564	7
974	16.847	10.751	0.598386	7
976	16.5015	14.6203	0.140425	7
977	15.1397	16.5986	0.569487	7
1004	16.5464	1.69696	-0.243798	7
1007	15.8755	21.8819	-0.424241	7
1020	15.4824	18.47	0.516729	7
1024	15.1792	16.2693	-0.218768	7
1045	16.5254	11.1602	-0.516403	7
1050	15.1096	18.0333	0.213908	7
1071	17.2369	12.3773	-0.291553	7
1077	16.202	4.80619	-0.989035	7
1092	15.0896	20.3133	0.00885268	7
1098	17.2156	3.86462	-0.194944	7
1118	15.5727	11.8784	-0.934511	7
1129	15.782	20.4949	0.610583	7
1134	17.3327	17.0177	0.0842561	7
1153	16.1981	5.31419	-0.151842	7
1157	17.1806	2.33703	-0.999805	7
1170	15.4744	5.29729	-0.430082	7
1173	15.7476	14.9801	-1.01778	7
1177	17.3154	9.36474	0.0325523	7
1182	15.154	13.9547	0.14328	7
1215	16.718	14.2842	0.0712723	7
1291	16.14	6.35508	-0.414079	7
1296	15.1671	9.86673	0.268937	7
1320	16.5381	9.26198	-0.187867	7
1323	15.1012	19.7721	-0.427778	7
1339	17.0949	4.40277	0.456459	7
1342	15.7803	14.7089	0.11301	7
1359	16.3334	2.78829	-0.575378	7
1377	17.4266	10.1456	0.0901268	7
1384	17.3079	19.8064	-0.148835	7
1411	15.2918	24.5835	-0.485508	7
1427	15.1404	21.8335	0.558593	7
1441	15.928	16.6944	0.336094	7
1443	16.789	8.24771	-0.950996	7
1446	17.2386	6.02364	-1.04372	7
1456	16.9033	10.5729	0.031292	7
1465	16.6614	15.5615	-0.0113247	7
1471	15.4522	15.2346	-0.427899	7
1502	17.3874	22.0778	0.0250893	7
1507	15.4781	9.07683	-0.246564	7
1511	16.6993	5.55557	0.923615	7
1520	15.2212	12.4165	0.205895	7
1522	16.8248	12.4256	-0.00974141	7
1538	16.2159	22.655	-0.336682	7
1539	16.2548	19.2092	-0.0987052	7
1543	15.3615	10.7725	-0.253627	7
1545	17.0408	4.9684	0.0576935	7
1546	17.0808	13.1842	0.134439	7
1572	16.3929	6.61096	-0.356941	7
1577	16.0303	18.89	0.363987	7
1596	15.5734	3.01059	-0.450936	7
1604	17.3202	5.57257	-0.320644	7
1611	16.7198	6.84061	-0.258113	7
1632	15.1725	11.2924	0.19658	7
1650	17.4671	1.9545	-0.666299	7
1666	15.7155	0.86683	-0.124581	7
1673	16.1321	17.1669	0.663708	7
1686	16.6988	16.1658	-0.0491318	7
1688	16.9271	23.3074	-0.00923417	7
1689	15.3584	5.2965	-0.186278	7
1710	17.2512	16.7469	-0.618648	7
1725	17.3774	3.7554	0.83957	7
1733	17.1203	20.7545	0.454984	7
1736	16.4024	18.8369	0.441921	7
1740	16.6504	15.9078	0.255009	7
1741	15.687	18.6713	0.269038	7
1768	16.0866	18.0125	0.134047	7
1816	16.1103	17.9938	0.815056	7
1821	15.71	2.96712	0.657903	7
1832	15.8311	19.4695	0.105584	7
1837	16.1517	20.7534	0.0572202	7
1845	17.2874	12.2531	0.214091	7
1848	16.5013	3.35527	-0.503583	7
1878	17.1927	0.661814	-0.787788	7
1889	17.3523	14.2776	0.54356	7
1891	15.1564	4.45632	-0.550834	7
1909	15.0957	7.76894	0.511005	7
1941	16.7349	8.25138	0.304832	7
1950	15.4119	13.708	-0.256579	7
1951	16.1903	21.7265	0.453777	7
1958	16.0189	3.95152	-0.458527	7
1967	16.6211	19.6379	-0.0317462	7
1980	15.5664	11.0854	0.492661	7
1983	17.3912	2.32964	-0.779613	7
1995	16.9079	12.9434	-0.141472	7
2029	16.1668	0.0277045	-0.121392	7
2030	16.6092	0.519273	-0.00987212	7
2045	17.024	1.5135	-0.729126	7
2068	16.3008	3.68559	-0.700742	7
2094	15.9013	15.1288	-0.35095	7
2095	16.5848	10.9494	0.201201	7
2096	17.3831	8.43252	-0.334487	7
2100	15.4391	19.8622	-0.219377	7
2101	16.1901	10.1503	0.0518353	7
2102	15.1143	22.0872	-0.095082	7
2109	15.2063	1.80895	0.390609	7
2110	15.1882	0.00583185	0.177442	7
2118	15.0448	19.5662	0.433427	7
2129	15.6437	15.2466	0.451813	7
2136	16.2625	12.9806	0.674017	7
2139	15.2928	14.8307	-0.0959635	7
2143	16.3309	18.4731	-0.53848	7
2149	15.3441	15.8029	-0.427073	7
2155	16.5933	24.1052	0.427451	7
2161	16.6451	3.87157	-0.134639	7
2177	15.3543	24.2826	0.397333	7
2203	16.6889	17.2051	0.884921	7
2205	15.839	4.29642	-1.37457	7
2215	15.6748	22.5925	-0.0715392	7
2227	15.4135	3.32371	0.256571	7
2235	17.0356	12.0631	0.23371	7
2249	15.3461	16.63	0.348265	7
2256	17.4741	20.569	-0.0203829	7
2271	15.0709	24.3645	0.715606	7
2274	17.1241	12.0529	0.338039	7
2285	17.2324	11.7282	0.307749	7
2304	17.2762	0.168347	-0.00459414	7
2306	15.3369	22.6075	0.0972365	7
2309	16.8703	2.23815	-0.591475	7
2320	16.0794	2.42037	-0.310911	7
2322	16.8967	7.13582	-0.774638	7
2325	16.9732	17.4755	0.21893	7
2326	16.5678	13.1376	-0.390281	7
2329	16.0537	10.1899	-0.491277	7
2337	17.2935	5.97309	0.468063	7
2338	15.693	8.34568	0.580387	7
2351	16.0662	0.850595	0.175661	7
2352	17.1338	24.7896	0.0686558	7
2377	16.2702	8.20834	-0.237626	7
2387	16.8092	16.6236	-0.732463	7
2388	15.6352	1.8267	0.478442	7
2400	15.8845	16.7016	0.24762	7
2402	16.6381	4.47445	-0.136269	7
2406	15.8279	0.364042	-0.725639	7
2416	15.1676	16.7092	-0.109084	7
2429	15.6352	11.5919	-0.793359	7
2436	16.5319	9.66842	0.810881	7
2444	15.4943	9.41354	-0.610012	7
2456	16.5675	14.2007	0.16496	7
2459	15.3305	8.77138	0.560091	7
2471	15.533	6.03697	-0.019382	7
2473	15.5095	9.42231	-0.978353	7
2504	17.3764	11.3495	-1.15606	7
2510	16.3824	21.5195	0.497225	7
2512	17.3844	5.96424	-0.326228	7
2533	15.5866	14.8697	0.368035	7
2535	16.3385	16.3356	0.962421	7
2536	15.4515	16.4649	0.300221	7
2541	15.598	16.1049	0.239986	7
2552	16.4498	14.056	-0.177217	7
2563	16.2657	0.462967	-0.0617323	7
2571	17.3675	0.48457	-0.441816	7
2593	16.0578	24.6015	-0.104779	7
2609	15.6949	15.9591	0.360129	7
2615	17.0611	1.75113	0.0999225	7
2622	15.1804	15.1298	-0.0952705	7
2630	16.4931	19.112	0.161341	7
2634	15.0305	3.78449	-0.343559	7
2647	16.1446	21.0535	-0.115524	7
2648	16.4296	21.6011	0.0999344	7
2650	15.0428	23.1978	0.534288	7
2680	16.0204	2.03291	0.035824	7
2691	17.1818	3.98042	0.202805	7
2692	17.0009	21.1181	-0.0381662	7
2698	16.3348	0.981916	-0.392232	7
2700	15.4004	18.0416	0.525493	7
2702	17.1243	11.9426	-0.244257	7
2704	17.0991	8.75087	0.37281	7
2714	16.0783	16.5373	-0.750713	7
2717	15.4857	4.45856	-0.410845	7
2725	15.3565	21.105	-0.43911	7
2738	16.0221	11.9213	0.509121	7
2739	15.1507	12.3469	0.0371005	7
2743	15.5086	8.22108	0.182146	7
2744	16.2051	8.49419	0.379043	7
2747	17.3615	17.6931	0.173882	7
2762	15.1695	0.962869	0.548951	7
2764	15.138	11.6453	0.0789356	7
2779	16.6488	9.10304	-0.488817	7
2782	15.3918	15.9316	0.0948578	7
2797	16.0484	1.01523	0.147287	7
2802	16.8723	12.5984	-0.0830594	7
2803	15.9898	7.32413	0.324452	7
2804	17.1955	0.851926	0.0103017	7
2823	16.863	16.1834	0.400531	7
2858	15.2624	10.9354	-1.25431	7
2914	16.8905	8.19226	0.357286	7
2919	16.2251	15.9913	0.254912	7
2924	16.0134	3.75266	0.00211559	7
2944	15.4856	3.44558	0.195219	7
2948	16.1793	11.8799	0.446057	7
2974	15.0854	16.9512	-0.0564831	7
2978	17.0123	10.4782	-0.15357	7
2985	15.5792	12.2308	0.36057	7
2988	17.2371	18.5053	0.767008	7
3019	16.812	14.1472	0.33628	7
3021	15.3758	2.9507	-0.00480008	7
3027	17.0947	12.3303	-0.39526	7
3032	16.4889	6.16559	-0.184992	7
3037	16.1021	11.7027	1.08631	7
3038	17.0314	12.4605	0.532399	7
3043	16.124	7.58236	-0.180634	7
3046	15.4468	15.2086	-0.249736	7
3066	16.8122	4.74425	-0.149578	7
3090	15.8192	12.8749	-0.605504	7
3103	15.3598	7.45823	0.543909	7
3107	16.4919	15.6569	-0.738092	7
3108	16.7878	9.56929	-0.342762	7
3113	17.4784	5.79519	-0.0251802	7
3114	15.7863	14.1059	0.204658	7
3120	17.3734	13.7557	0.0456873	7
3123	15.6439	9.23754	-0.596882	7
3131	15.3073	13.3456	-0.0787877	7
3132	16.4575	13.9584	-0.021274	7
3133	16.8277	22.3522	0.0456364	7
3136	16.3238	4.71033	-0.455669	7
3137	16.523	3.75064	-0.0540272	7
3145	15.6961	15.17	-0.699092	7
3158	15.0683	1.51617	-0.396449	7
3167	16.7879	12.2238	-0.348357	7
3192	16.155	11.5685	-0.343266	7
3197	15.3565	8.97986	0.22839	7
3230	16.8263	3.37222	-0.565304	7
3238	16.0961	5.63463	-0.495817	7
3240	17.3494	8.14854	-0.121565	7
3268	15.3907	16.4936	0.239887	7
3271	16.457	3.40004	0.451136	7
3272	17.3989	21.4617	-0.545591	7
3282	16.1586	20.5401	0.47163	7
3297	15.4142	15.8689	-0.0334072	7
3306	17.1156	14.4653	-0.336134	7
3312	16.1512	16.5912	-0.256116	7
3313	15.66	23.6883	-0.356651	7
3330	16.2871	10.8053	-0.125984	7
3341	16.1401	4.18569	0.280488	7
3342	15.4856	4.23561	0.0797889	7
3345	17.1208	12.4059	-0.87085	7
3354	15.5121	14.7856	0.152997	7
3369	17.2893	2.5425	-0.230859	7
3381	15.4454	15.1563	-0.346314	7
3382	15.6557	5.69979	-0.459496	7
3390	16.3483	19.1488	-0.222527	7
3409	16.6643	10.1799	0.613092	7
3427	16.197	21.4994	-0.293801	7
3429	15.1075	9.4064	-0.26578	7
3462	16.7787	9.5892	-0.159826	7
3475	16.497	20.4743	0.39485	7
3486	17.247	22.467	-0.231954	7
3500	15.5437	22.9621	0.358848	7
3517	16.0899	20.648	0.467869	7
3524	17.4547	20.1266	-0.163706	7
3537	16.0307	19.0403	0.163356	7
3548	15.6512	11.1158	0.0650173	7
3562	16.5602	18.5646	0.015049	7
3563	15.9974	18.3961	0.332583	7
3590	16.069	14.7326	-0.0883235	7
3596	16.042	3.22854	-0.516156	7
3621	16.1114	14.1521	0.136893	7
3622	16.1452	13.5593	0.337423	7
3656	16.3384	24.0701	0.061025	7
3666	16.7846	20.4123	-0.0424927	7
3710	15.3404	2.63203	0.428217	7
3720	15.2874	22.7595	0.370525	7
3729	15.1808	2.48011	-0.4023	7
3741	15.2952	18.6713	-0.427523	7
3745	16.8512	8.26034	0.175617	7
3753	16.34	23.823	-0.743679	7
3755	17.0682	16.0159	0.350226	7
3758	17.3975	8.59019	-0.399212	7
3759	15.5597	0.629617	-0.613159	7
3761	15.7164	11.1713	-1.31732	7
3763	15.365	3.7336	-0.937353	7
3764	16.8565	8.99129	-0.225929	7
3765	17.1792	4.05136	-0.209416	7
3767	17.1095	3.62045	-0.255524	7
3769	15.4681	19.2622	0.552612	7
3783	15.5558	20.5742	0.114549	7
3784	15.846	1.19613	0.358653	7
3786	16.1088	9.4302	-0.518686	7
3799	15.631	11.6101	-0.49279	7
3802	15.0468	14.3425	-0.880828	7
3827	16.5961	12.2674	0.0887561	7
3842	15.8428	11.8742	0.847906	7
3853	17.4606	12.9882	0.0109816	7
3859	17.3788	8.8493	0.190062	7
3863	16.5952	14.6248	-0.302248	7
3864	16.4001	14.7336	-0.173413	7
3868	17.435	1.86085	-0.0614917	7
3870	15.2043	4.97606	-0.0148267	7
3871	16.0034	5.90434	0.343738	7
3898	16.721	1.95679	-0.950284	7
3915	15.4845	14.4166	0.560112	7
3932	15.2865	11.1821	-0.615951	7
3951	16.2226	17.3126	-0.0537845	7
3953	15.6102	23.9326	-0.69683	7
3969	16.3253	1.96036	-0.339455	7
3992	17.4827	13.4236	-0.559071	7
3997	16.8835	8.78762	0.0276375	7
4024	15.2766	19.0255	0.0813337	7
4035	16.5813	1.86865	-0.300426	7
4051	16.0956	7.00978	-0.108466	7
4062	17.0279	11.1662	0.217761	7
7	18.9379	1.00378	-0.354108	8
25	17.575	20.8147	0.629959	8
34	18.5441	15.2228	0.124327	8
39	19.6395	19.3731	-0.380872	8
55	19.7822	23.6206	-0.113117	8
59	17.564	20.0784	0.27745	8
75	18.5653	10.2307	-0.085583	8
85	17.9748	14.3661	-0.239322	8
89	19.084	3.98028	-0.306434	8
94	18.2953	0.622268	-0.121546	8
116	19.871	8.35082	-0.254626	8
134	18.9951	12.21	-0.223251	8
135	19.6409	0.00168351	0.350114	8
160	19.3548	5.78765	-0.099415	8
161	18.746	9.74699	0.443087	8
175	18.9854	4.10773	0.473105	8
202	19.041	5.45547	0.245469	8
213	19.4708	24.9346	0.126193	8
239	19.2214	22.0504	-0.697465	8
242	18.9862	14.9131	0.137112	8
247	19.6401	0.855054	0.341224	8
249	17.5324	16.4449	0.194913	8
251	17.6222	24.2039	-0.129097	8
254	17.8346	5.62665	0.429594	8
262	17.9454	18.2487	-0.162971	8
272	18.8178	23.0091	-0.0923303	8
275	18.5832	14.7194	0.0698939	8
276	18.9597	15.5845	0.566693	8
285	19.0815	10.9016	0.488859	8
289	19.4892	10.2705	0.0724238	8
291	18.5058	7.9019	-0.281791	8
297	18.7671	19.0664	0.192422	8
311	19.4217	17.1959	-0.662596	8
314	17.5813	12.8591	-0.550692	8
315	18.2954	13.4141	0.279899	8
317	18.7613	22.7217	-0.212447	8
321	18.6707	21.0831	0.459561	8
325	18.8745	2.89935	0.34182	8
355	17.6643	2.1458	-0.0868305	8
358	19.3285	12.3497	0.385978	8
362	19.1082	14.2848	0.329516	8
376	18.6195	19.0371	-0.123318	8
381	19.9985	13.3976	-0.60294	8
398	18.0585	18.9116	-0.435253	8
407	18.1697	7.19042	0.572612	8
412	19.1144	18.541	-0.22584	8
415	18.4732	10.3474	-0.0835565	8
418	18.9555	23.7964	-0.0639826	8
429	19.0665	7.44367	-0.353655	8
438	19.6173	12.7956	-0.86819	8
442	18.5462	20.0998	0.0388953	8
446	18.3447	24.2227	0.254797	8
485	19.3533	23.558	-0.652616	8
513	18.2489	21.6355	-0.171655	8
516	19.5803	8.2098	-0.216868	8
519	19.5407	11.5868	-0.586594	8
528	19.5344	14.4345	-0.457308	8
549	18.4852	3.5902	-0.47328	8
565	18.3468	12.0322	0.39178	8
570	17.9665	11.5387	-0.45459	8
572	18.9217	9.25679	-0.123391	8
574	17.6664	20.91	0.0629269	8
576	19.8021	2.87397	-0.261603	8
587	17.7578	14.689	0.0509311	8
593	18.8931	14.3647	-0.882807	8
601	18.4578	6.98854	-0.238909	8
609	19.4598	7.41968	-0.836203	8
613	19.5534	7.9553	0.756279	8
646	19.9294	22.9249	-0.635351	8
661	17.6585	19.7472	0.219208	8
663	19.4807	8.46991	-0.363241	8
667	18.7323	11.9344	-0.252481	8
686	18.7811	16.3975	-0.0235904	8
726	17.7221	17.7095	-0.233285	8
773	18.7153	15.8072	-0.356876	8
780	17.99	23.7743	0.069684	8
810	19.316	0.167347	-0.10287	8
815	19.6399	21.5438	-0.33051	8
817	18.4667	4.01705	-0.0471943	8
828	17.8767	23.3548	-0.14673	8
845	18.919	17.2471	0.438865	8
921	19.0544	8.97895	0.163428	8
925	19.0501	19.2486	-0.569392	8
926	19.1147	19.37	0.130401	8
932	19.5114	19.2827	0.489138	8
942	18.1675	24.1716	0.2905	8
950	19.6064	13.0721	-0.520699	8
953	17.7526	19.6798	-0.0909641	8
960	17.8595	19.4964	0.100092	8
962	17.5651	2.90229	0.151117	8
968	18.4001	6.98158	-0.259794	8
970	18.5747	22.7738	0.836999	8
996	19.0698	22.441	-0.199345	8
1013	19.8477	1.0142	0.587854	8
1015	19.3307	15.9187	-0.315914	8
1018	18.6522	24.2038	-0.120863	8
1039	19.7819	16.0795	-0.0382713	8
1052	19.0723	0.78296	-0.0119285	8
1063	19.8824	15.6109	-0.179756	8
1066	17.9385	15.7524	0.237737	8
1085	18.2054	2.95353	-0.612916	8
1095	18.7326	7.20901	-0.194272	8
1097	18.2031	2.59047	-0.129534	8
1100	19.7733	13.6709	-0.461527	8
1102	17.9281	13.2354	-0.161511	8
1105	18.3381	5.20042	0.0335677	8
1111	18.5542	6.27229	-0.222766	8
1119	19.1308	8.32204	-0.571608	8
1139	17.7361	21.8984	0.111418	8
1147	18.4315	6.81455	-0.305623	8
1161	18.6055	15.9857	-0.0891376	8
1164	19.6145	0.294428	0.229048	8
1172	17.812	14.0396	0.141809	8
1174	17.6198	23.2189	-0.165793	8
1179	18.5121	12.6239	-0.805096	8
1180	17.9627	18.6942	0.107284	8
1184	19.7749	12.7367	0.188277	8
1189	18.3969	1.09065	0.0265002	8
1192	17.5412	18.7123	0.389786	8
1193	18.021	0.436545	-0.590254	8
1208	19.7145	7.58218	0.42935	8
1212	18.8669	2.19288	1.32635	8
1213	19.5225	11.2867	-0.373225	8
1214	19.1307	3.54454	0.371891	8
1223	19.9784	5.10288	-0.266799	8
1228	17.9028	7.70464	-0.26175	8
1229	17.6623	19.9876	0.423614	8
1230	19.1622	2.3901	0.465326	8
1240	19.4171	7.23858	-0.437442	8
1258	18.7226	5.2423	0.740768	8
1267	17.856	13.6743	-0.0674515	8
1268	19.2278	17.6358	0.853378	8
1274	17.6536	2.58512	-0.758532	8
1286	19.8296	10.1493	0.409112	8
1298	19.0129	5.20607	0.193479	8
1299	18.8964	0.672465	0.359955	8
1311	19.4917	22.2159	0.280347	8
1330	17.875	3.07765	0.0441406	8
1331	18.5006	3.18208	-0.240879	8
1346	19.3963	4.15793	0.326018	8
1361	19.1913	18.1079	0.278145	8
1386	18.5885	21.0554	-0.0514919	8
1387	18.9882	20.479	-0.968371	8
1392	19.9303	21.1862	0.217712	8
1403	19.1181	11.6679	-0.0250825	8
1404	18.6497	12.0425	0.0275115	8
1408	18.9997	11.3453	0.479767	8
1417	17.9369	5.52933	-0.469063	8
1432	18.0612	2.12872	0.672011	8
1444	18.2514	12.2029	-0.153428	8
1452	19.0802	11.7245	0.189809	8
1464	19.9035	3.41023	0.502191	8
1474	19.5803	4.31025	-0.858663	8
1491	17.7869	23.881	0.496425	8
1492	19.4136	6.24677	-0.476965	8
1497	17.8591	7.8809	0.372721	8
1500	19.665	16.2622	0.419693	8
1509	19.9875	12.6324	0.0968367	8
1518	19.7416	1.75375	0.226289	8
1529	19.9549	2.83551	0.481236	8
1533	18.3103	21.3885	0.380017	8
1535	19.3908	23.2396	0.583209	8
1541	19.1942	1.75667	0.501093	8
1542	19.3066	21.0424	0.520022	8
1571	18.9223	11.782	-0.846022	8
1585	19.502	9.79929	0.47846	8
1592	18.8926	2.7662	-0.823875	8
1614	18.789	22.2682	-0.209454	8
1649	18.8978	8.31798	-0.135613	8
1651	18.1332	20.8202	-0.106459	8
1658	19.6736	7.79697	-0.0774044	8
1662	19.5906	1.51258	0.787341	8
1671	18.2976	8.90236	0.419807	8
1675	19.257	17.1816	0.222487	8
1676	18.8037	17.9685	-0.0775561	8
1682	19.3875	10.6255	0.547261	8
1683	17.6758	24.8112	0.317914	8
1694	18.6326	23.9373	0.595856	8
1705	18.1079	15.5156	-0.54477	8
1727	19.3083	18.5129	0.0202221	8
1737	18.7228	11.7824	0.47052	8
1739	19.2325	21.3199	-0.172502	8
1745	18.3981	9.71779	-0.595849	8
1746	18.7312	9.53309	0.00331296	8
1751	18.6854	10.45	0.443735	8
1752	18.1144	16.6658	-0.525101	8
1764	17.5357	13.2503	-0.120849	8
1770	18.8192	3.2812	-0.414657	8
1777	19.328	7.75456	-0.384888	8
1778	19.0357	24.6953	-0.736571	8
1792	18.6641	20.2244	-0.342121	8
1797	19.1379	19.6556	0.208362	8
1817	18.4145	13.7761	-0.0979162	8
1820	19.8759	13.0503	0.350355	8
1827	17.8927	15.6157	0.152528	8
1829	19.7883	22.0872	-0.0188533	8
1840	19.0551	7.44512	0.281726	8
1842	17.8714	8.50642	-0.206671	8
1859	18.9347	21.0799	0.112249	8
1866	18.2035	0.59001	-0.0999746	8
1882	17.7963	1.69019	-0.531548	8
1888	18.3624	4.8345	0.303058	8
1916	18.0095	9.75032	-0.0127369	8
1923	19.7792	23.3487	-0.320143	8
1927	19.8735	20.4503	-0.243863	8
1947	17.7137	17.0902	-0.00855698	8
1957	19.7104	13.8983	-0.647287	8
1961	18.9423	3.83564	0.10211	8
1988	19.4224	0.868468	-0.22023	8
1996	19.4909	17.5652	-0.0118947	8
2005	19.9115	4.63441	0.312702	8
2034	18.8547	18.3627	0.137849	8
2043	18.9163	8.82582	-0.186369	8
2044	18.6295	13.0318	0.186982	8
2048	19.1192	22.634	-0.279381	8
2049	18.5041	21.2941	-0.00736178	8
2051	17.9345	1.75788	-0.547495	8
2052	18.854	9.49163	0.0982193	8
2053	19.922	15.9671	0.566438	8
2059	19.7908	20.3077	0.0108043	8
2089	18.9438	3.88178	-0.0748031	8
2090	18.6533	15.0261	0.0717496	8
2141	18.9211	3.98024	0.424726	8
2153	19.4983	0.218854	0.532426	8
2159	18.0655	22.5852	0.128245	8
2160	18.1267	9.31673	-0.43691	8
2171	19.5528	12.6402	0.236201	8
2187	19.4139	10.4541	0.166724	8
2190	17.6602	14.984	-0.34123	8
2196	17.7402	10.8507	-0.16843	8
2217	19.529	21.6837	-0.0682167	8
2218	19.112	15.4358	0.0763504	8
2225	19.9855	14.2734	-0.395066	8
2226	17.8068	4.81908	-0.0833445	8
2247	19.3173	15.6707	-0.216354	8
2251	17.8818	2.05223	-0.288873	8
2263	19.351	24.1144	-0.288846	8
2269	18.993	3.79063	0.313828	8
2272	19.2273	21.2299	0.0635379	8
2286	18.1992	12.2629	-0.113263	8
2307	19.2689	6.7362	-0.0825542	8
2324	18.6765	9.94744	-0.276593	8
2334	19.085	5.6778	-0.093008	8
2356	19.0861	13.1092	0.519727	8
2357	18.0916	16.5733	-0.296873	8
2358	19.9477	17.478	0.182745	8
2375	18.5636	1.8563	0.335423	8
2386	19.8928	7.59896	0.0317679	8
2394	18.7173	13.9168	-0.0907039	8
2397	17.9532	2.80113	-0.0254131	8
2409	18.4955	9.08373	0.239709	8
2415	18.665	24.1853	-0.381917	8
2417	19.1255	12.4017	0.209227	8
2460	19.4099	0.918334	-0.04664	8
2461	19.5513	1.26171	0.0200592	8
2465	17.8727	6.93302	-0.143819	8
2467	19.2509	20.6902	-0.0150875	8
2470	19.335	10.6877	0.230505	8
2472	18.4616	2.43073	0.147752	8
2474	17.5513	23.3327	0.476374	8
2491	19.177	2.47539	0.279628	8
2525	18.5766	14.8716	0.824591	8
2532	18.8266	10.2333	0.36028	8
2555	19.7214	4.52089	-0.00484007	8
2557	19.8907	24.5927	-0.234969	8
2562	17.8119	8.28823	0.328883	8
2579	18.2185	2.44252	-0.356728	8
2591	18.5978	5.57278	-0.689283	8
2603	18.5405	23.1425	0.341321	8
2620	18.2967	17.0203	0.697781	8
2621	18.9344	16.8923	0.659735	8
2623	19.368	7.14379	-0.681456	8
2629	19.5312	15.2718	-0.00012306	8
2638	17.6951	11.2806	0.447218	8
2644	18.2053	6.53088	-0.049378	8
2651	19.5703	19.0472	0.585473	8
2653	19.6125	5.28428	0.143838	8
2656	19.2495	24.5164	-0.265951	8
2665	18.0309	2.68305	0.429361	8
2667	17.5428	9.68216	0.158487	8
2681	18.0561	3.22286	-0.0443707	8
2684	19.4627	24.4786	-0.13936	8
2693	17.644	21.2728	0.0947449	8
2719	19.8336	1.05528	0.940801	8
2728	17.7729	12.0906	-0.0543459	8
2733	18.192	7.85461	-0.130212	8
2751	17.9827	13.8815	0.143923	8
2763	18.9724	21.6006	0.488695	8
2793	18.3356	18.5305	0.522035	8
2798	17.6861	14.4358	0.217622	8
2799	17.7604	14.3726	-0.195551	8
2800	19.3365	22.4833	0.00977103	8
2819	18.5619	20.7741	0.0335203	8
2822	18.2671	5.84794	-0.11957	8
2840	19.9731	5.54359	0.237486	8
2842	19.921	16.353	-0.469759	8
2847	17.6741	23.0498	0.48204	8
2868	19.1174	4.40101	0.712743	8
2869	18.8511	4.83443	0.433909	8
2884	18.9506	19.9573	-0.398405	8
2901	17.7771	2.07527	0.183686	8
2902	18.0425	2.59775	-0.641018	8
2903	18.9757	15.7949	-0.108254	8
2911	19.3117	16.616	0.45808	8
2929	17.5586	22.1702	-0.172005	8
2936	18.2559	19.5828	0.317733	8
2945	17.7945	24.1174	0.0729981	8
2947	19.9035	12.3869	-0.277765	8
2950	18.3259	20.0292	0.700471	8
2959	18.8439	18.6404	-0.17133	8
2963	18.3225	0.932935	0.136661	8
2991	19.1876	9.9998	0.308916	8
3003	17.8367	2.51028	-0.417548	8
3009	19.2984	3.69135	0.0707352	8
3028	18.6446	5.3001	-0.100393	8
3029	17.912	4.87774	-0.105083	8
3045	18.0499	8.63965	0.110787	8
3062	18.4288	24.7958	0.553218	8
3071	19.1256	3.79958	-0.510999	8
3078	18.4127	7.09451	-1.2047	8
3085	19.6679	6.44591	-0.544885	8
3100	19.3446	5.36932	-0.534579	8
3124	18.5789	5.36699	0.455268	8
3151	19.9472	5.92271	-0.306961	8
3165	18.8701	6.99943	0.371733	8
3171	17.8611	19.1854	0.0106076	8
3177	18.7467	3.84884	0.0398822	8
3185	19.8368	7.12549	-0.384879	8
3200	17.5239	12.76	-0.584654	8
3210	18.7956	4.70587	0.172547	8
3220	18.8994	3.02906	0.530784	8
3221	19.7562	2.3075	-0.0980806	8
3248	19.124	1.43302	-0.622112	8
3250	17.7525	22.9513	0.564411	8
3254	18.7347	10.9846	-0.623137	8
3255	17.6778	7.489	-0.666586	8
3256	17.6264	6.64162	-0.0799918	8
3261	17.5112	14.3197	0.621631	8
3264	19.6961	16.8492	0.762385	8
3300	18.7204	9.35066	0.0667599	8
3311	17.7141	13.5696	0.285356	8
3323	18.5173	16.969	-0.0266173	8
3347	17.8285	18.1698	0.133081	8
3348	19.0977	14.7956	0.0747197	8
3357	19.1787	24.4853	0.592262	8
3372	17.8314	2.49512	-0.631212	8
3388	19.6117	16.1417	0.64214	8
3389	18.9201	16.2576	0.443591	8
3394	18.4601	11.8339	0.38667	8
3395	18.9145	12.055	-0.321345	8
3424	17.8145	1.17088	0.416581	8
3430	17.8549	21.457	-0.51033	8
3447	18.8533	23.0077	-0.473689	8
3451	17.6287	11.8556	0.0227011	8
3454	19.2454	17.5457	0.448832	8
3460	19.5505	11.7981	-0.695283	8
3496	17.9297	17.9675	0.319948	8
3499	18.0613	19.1706	0.0839449	8
3503	18.8167	23.7934	0.0907028	8
3504	18.8505	23.5075	-0.142102	8
3505	19.3243	10.656	0.048417	8
3516	19.8666	11.0087	-0.194321	8
3539	19.0607	11.8512	-0.00130462	8
3543	18.6081	7.90946	-0.0907948	8
3554	18.3049	4.58767	-0.342984	8
3564	18.0639	21.0932	-0.274169	8
3565	17.744	21.5788	0.29783	8
3566	18.6868	0.0077707	0.173142	8
3572	17.9586	8.12275	-0.0891076	8
3574	19.0732	16.1234	-0.157671	8
3598	19.7687	1.17544	0.700771	8
3613	18.7369	8.73501	-0.369184	8
3627	17.6997	5.16669	-0.21129	8
3637	19.6721	21.7345	0.224432	8
3649	19.4361	21.6932	-0.47639	8
3650	18.7806	21.3177	0.104705	8
3659	17.5807	11.2381	0.139984	8
3679	18.9186	13.4784	-0.233007	8
3692	18.7791	5.28238	-0.434499	8
3694	18.6192	18.0327	0.566719	8
3713	17.5628	13.1894	-0.326559	8
3728	18.6493	19.9706	0.130244	8
3732	19.7786	19.6877	0.275263	8
3735	18.8639	10.8098	-0.103495	8
3743	18.0831	14.4229	-0.244835	8
3756	18.9337	6.09808	0.490568	8
3768	17.5949	3.24714	0.48765	8
3772	18.5723	11.9354	0.159102	8
3775	18.9398	20.8227	-0.663875	8
3791	19.8191	3.1438	0.0351883	8
3805	18.3011	15.3352	-0.059127	8
3806	19.9481	14.7553	-0.423251	8
3809	18.2894	6.76418	0.247338	8
3810	17.7625	20.4444	-0.111715	8
3815	18.2062	9.08343	0.265856	8
3826	18.1503	2.80752	-0.21765	8
3837	19.6222	5.61157	-0.42456	8
3876	19.0476	8.41295	-0.485694	8
3907	19.6304	6.35971	0.220287	8
3931	19.0711	11.2812	0.0523329	8
3936	19.9397	12.2924	0.241256	8
3939	19.0143	0.839885	0.34694	8
3947	19.2282	21.5009	-0.207714	8
3960	18.3314	5.13996	0.217997	8
3962	18.4217	14.0218	0.6042	8
3964	18.3276	18.4559	-0.457196	8
3965	18.2786	18.2419	0.435009	8
3989	18.8004	8.62464	0.366716	8
3999	18.8373	20.0179	0.324975	8
4004	18.4426	23.7428	0.152604	8
4009	18.9439	19.0314	-0.15629	8
4016	18.3532	7.68634	-0.808451	8
4017	18.288	8.15743	-0.882263	8
4020	18.1496	22.5812	-0.583841	8
4028	19.4559	6.21145	-0.48383	8
4029	18.8806	5.33731	0.179335	8
4038	18.4779	6.34669	0.482997	8
4039	19.0887	20.9237	0.276131	8
4044	19.5109	7.67481	0.193438	8
4045	19.4228	8.01394	0.278965	8
8	21.8332	11.7862	0.0094654	9
13	21.8458	1.45294	0.801551	9
40	21.0505	24.1904	0.175056	9
62	21.9262	19.0573	-0.240229	9
66	21.3863	24.3244	-0.250811	9
74	20.8952	11.8854	0.155355	9
81	20.7109	15.6295	0.0346585	9
110	22.4157	0.666318	0.033519	9
111	22.0551	14.3622	-0.530109	9
119	21.6563	10.1918	0.439919	9
136	20.4828	19.0859	-0.0754411	9
137	20.6935	23.7975	0.527246	9
140	21.1974	14.9825	-0.116979	9
142	20.7909	14.9711	-0.280184	9
165	21.4233	9.03989	-0.462912	9
191	21.1845	6.97195	-0.232582	9
197	21.7898	23.3925	-0.334317	9
203	20.2114	10.184	-0.203326	9
206	20.0558	22.2496	-0.206017	9
218	20.7198	4.31979	-0.503834	9
219	21.7049	8.58172	-0.466783	9
227	21.5354	13.5758	0.17325	9
229	22.2917	4.37744	-0.282885	9
230	21.0427	5.23579	-0.609018	9
233	21.6569	19.0826	0.295011	9
257	21.2707	8.66402	0.0144185	9
267	22.1159	1.46116	-0.11526	9
268	21.8264	5.14185	0.0926504	9
277	21.1797	24.9338	-0.570847	9
283	21.9068	21.5445	-1.00952	9
298	21.5714	7.08994	0.197373	9
309	21.4488	0.175233	-0.530192	9
310	22.4937	1.17185	0.113187	9
320	20.7226	12.2845	0.118009	9
345	20.5953	17.3369	0.377921	9
349	20.4133	3.97428	-0.231743	9
367	22.4765	16.9823	0.00590792	9
382	20.3761	9.99508	0.244184	9
384	20.3646	8.70551	0.145738	9
405	20.1924	3.72	-0.79255	9
410	22.3101	13.4262	-0.0540556	9
420	21.41	7.47133	0.912139	9
423	21.5748	16.6417	0.0654407	9
450	21.0552	19.774	-0.0577155	9
455	20.307	12.8283	-0.0488285	9
468	20.1513	23.7794	-0.287804	9
475	20.8985	8.21269	-0.188143	9
488	22.0218	20.2164	-0.373246	9
504	22.0428	6.82917	-0.0484508	9
531	20.2685	6.01515	-0.507887	9
540	21.0206	18.547	-0.259643	9
545	21.8845	11.0714	-0.286498	9
546	21.997	21.5427	0.0190604	9
571	21.0207	16.7324	0.240909	9
577	22.1095	3.19794	0.917675	9
603	21.9179	24.9968	0.467533	9
619	21.3528	4.41156	0.482602	9
630	20.2079	19.1937	0.10531	9
636	21.6559	19.5948	0.111365	9
660	20.5851	9.15911	0.0247035	9
664	20.0373	21.3467	-0.0881503	9
665	21.5046	16.4566	0.216054	9
674	20.2401	18.5424	0.990472	9
684	21.507	22.204	-0.173723	9
729	22.2204	7.73601	-0.745755	9
731	20.652	22.8319	0.0838722	9
740	22.4374	23.1418	0.331464	9
741	20.9123	8.21788	-0.695796	9
742	20.5961	5.45771	0.0517838	9
754	20.8184	13.791	0.0188909	9
761	20.5289	8.87922	-0.462515	9
763	22.139	3.74137	-0.980056	9
765	20.627	8.23789	-0.0481792	9
791	22.474	6.39466	-0.220298	9
800	21.9206	14.6761	0.163893	9
802	22.3129	3.96521	0.124916	9
803	21.6862	19.8323	-0.42778	9
809	20.194	5.00461	-0.115946	9
816	21.0873	21.5668	-0.531191	9
823	22.3498	12.0249	-0.119197	9
856	22.4575	1.30255	0.860209	9
864	20.9436	24.1754	-0.145819	9
870	20.8233	16.4224	-0.150781	9
873	22.1211	10.7556	0.0257443	9
882	21.8686	5.62781	0.395707	9
906	21.2326	1.88944	0.376473	9
912	20.7566	8.37621	-0.626079	9
913	21.6773	11.3614	0.339034	9
915	20.1423	6.8879	-0.811482	9
916	21.3771	0.65947	-0.0951943	9
930	21.1741	7.38488	0.112677	9
937	20.8607	17.3223	-0.0238956	9
944	20.0011	3.11191	0.616118	9
947	20.87	9.34653	0.502467	9
954	22.3332	5.37575	0.0218193	9
958	21.8104	10.4775	-0.0950762	9
986	22.4629	8.7012	-0.212488	9
993	22.0875	23.5799	0.220508	9
994	20.4448	23.9195	0.173571	9
999	20.4094	6.31234	-0.544494	9
1008	21.1899	15.6065	-0.365052	9
1016	21.5796	22.6353	-0.0168251	9
1030	21.8596	8.18418	-0.565634	9
1033	21.1047	11.7666	-0.0738839	9
1034	21.8716	12.8273	-0.158183	9
1037	21.2604	21.715	-0.119206	9
1058	22.4286	9.8848	1.36967	9
1059	22.229	17.3838	0.100771	9
1062	20.0686	22.7287	0.186126	9
1068	21.723	4.78656	-0.772021	9
1069	20.2526	23.9709	-0.631732	9
1072	20.3238	14.1291	-0.293469	9
1081	20.1269	14.3069	-0.156057	9
1103	21.3124	19.1752	-0.176089	9
1107	21.6282	3.73212	0.112053	9
1109	20.4266	20.9457	0.51057	9
1132	20.2595	23.7864	-0.0820851	9
1136	22.1892	24.8639	-0.339372	9
1143	20.1457	7.03969	0.128758	9
1148	22.1654	5.17584	-0.224824	9
1159	21.186	23.0546	-0.0688273	9
1160	21.7746	13.9231	0.420337	9
1166	20.2111	17.7509	0.000623135	9
1197	21.4782	10.3873	0.407066	9
1226	20.1188	3.85835	-0.200465	9
1232	20.4436	24.4209	-0.0814975	9
1244	20.8377	15.0036	0.435361	9
1269	21.4657	13.4109	-0.661797	9
1271	20.9307	20.6499	-0.462377	9
1272	21.685	19.4532	0.345177	9
1290	21.6144	15.3344	-0.27471	9
1295	21.141	18.1185	-0.251651	9
1312	20.32	21.9061	-0.720616	9
1315	21.3562	11.4167	0.814075	9
1341	21.1576	4.75052	0.364969	9
1353	21.0494	19.1103	-0.23186	9
1355	21.2691	0.529077	-0.451036	9
1364	21.5899	5.3601	-0.0330315	9
1373	22.161	14.409	-0.42552	9
1376	21.27	8.01944	0.0466306	9
1379	22.1878	10.2156	0.00801722	9
1391	22.3698	20.1673	0.225544	9
1396	21.9598	11.981	-0.713788	9
1397	22.3859	9.46012	-0.131127	9
1438	21.7192	2.55995	-0.368463	9
1439	21.4503	2.09185	0.248326	9
1445	20.2278	19.5848	0.104243	9
1450	21.2287	8.48924	-0.237455	9
1481	20.4214	4.56431	-0.321644	9
1493	20.2324	24.342	0.26321	9
1503	21.4631	0.712125	-0.0645276	9
1514	20.4666	1.55151	-0.500455	9
1525	21.6149	20.4738	-0.509994	9
1547	21.2875	7.75589	0.159164	9
1552	21.1778	11.6364	-0.0765141	9
1558	22.4296	17.5156	-0.532629	9
1559	20.2723	3.90921	-0.0838111	9
1563	21.421	21.8168	-0.386407	9
1576	21.6683	23.6878	0.26954	9
1578	21.475	16.9532	-0.309459	9
1579	22.0676	15.6965	-0.292839	9
1584	20.3942	17.7725	1.09939	9
1599	21.2807	21.3714	-0.124245	9
1601	22.3416	23.5253	0.16128	9
1615	20.1935	13.1032	0.0883789	9
1616	20.3272	11.644	0.147801	9
1620	20.2033	4.88844	0.938992	9
1636	21.9648	13.7863	-0.439322	9
1638	20.6666	24.3664	-0.267192	9
1646	22.053	7.54182	0.0949207	9
1648	22.1383	11.3346	0.617851	9
1656	21.5031	0.0522417	0.37135	9
1660	21.2138	11.8201	0.0980853	9
1670	21.6656	18.1494	-0.608412	9
1704	21.7683	10.4664	0.353417	9
1721	20.1344	10.4929	0.0100321	9
1774	21.4471	9.52025	-0.866215	9
1786	21.1844	21.7567	0.463158	9
1799	20.4324	14.0189	-0.865117	9
1822	22.3212	16.7419	0.323197	9
1828	21.6601	2.5256	0.508536	9
1836	21.6471	13.7143	-0.232558	9
1839	20.3999	4.41998	0.663352	9
1871	20.68	14.7782	-0.278758	9
1874	21.254	3.30911	0.0824771	9
1908	22.3619	21.7091	-0.92994	9
1910	20.65	19.0378	0.0993627	9
1911	21.8174	24.6593	0.262006	9
1919	20.9858	3.60462	0.475258	9
1922	21.1629	15.9908	-0.0878008	9
1965	21.3451	1.92556	0.326517	9
1966	21.5943	5.03111	0.11498	9
1968	21.0104	23.9641	0.35613	9
1970	20.9536	1.43104	0.471339	9
1975	20.2349	0.228101	-0.328815	9
2000	20.9245	11.442	0.217618	9
2031	20.2224	22.6929	-0.34645	9
2046	21.8517	1.60491	-0.503528	9
2056	22.3276	13.3784	-0.235283	9
2058	20.7391	6.19135	-0.435623	9
2067	20.0657	21.2664	-0.0968652	9
2069	20.9115	17.1112	0.553636	9
2099	21.763	6.65207	-0.0877074	9
2103	22.2549	2.13019	1.13416	9
2104	20.2483	16.3982	0.261617	9
2107	20.0739	6.05084	-0.567707	9
2108	20.7488	4.71036	-0.421847	9
2113	21.3797	22.6124	0.200205	9
2116	22.181	7.88043	0.822624	9
2117	22.0113	4.49201	-0.766473	9
2120	20.8761	3.46942	0.448098	9
2127	20.2887	11.0767	-0.490872	9
2144	21.5102	20.1875	-0.406546	9
2151	21.5429	21.7099	-0.23612	9
2170	20.1825	13.109	0.70456	9
2173	20.0922	17.8708	0.11391	9
2184	21.5369	1.13645	-0.226842	9
2185	20.4825	1.70722	0.309046	9
2192	22.1651	13.9494	-0.211852	9
2201	21.9081	9.31315	0.625864	9
2204	21.6399	17.5442	0.285509	9
2220	21.1103	20.7771	-0.589953	9
2224	21.8218	19.3211	0.32229	9
2231	20.6879	18.9325	-0.0109753	9
2246	20.3602	24.6983	-0.549445	9
2257	21.4907	7.22396	0.222256	9
2289	21.9064	5.41541	-0.227855	9
2292	20.7171	1.86122	-0.440217	9
2317	21.7028	9.54181	-0.314088	9
2331	20.1996	20.3262	-0.502594	9
2341	20.7731	13.0084	-0.201463	9
2347	21.8471	15.3452	-0.370013	9
2365	20.9511	24.916	-0.606839	9
2367	21.1176	14.3752	0.103893	9
2376	21.9997	3.67318	-0.855856	9
2393	21.2235	4.63275	-0.101383	9
2395	20.7666	23.1214	-0.656771	9
2399	21.1738	2.00227	-0.0821105	9
2401	21.607	11.3418	0.55887	9
2431	21.2643	18.47	0.576151	9
2432	21.4993	18.3528	-0.136358	9
2443	21.6066	15.0207	0.0386829	9
2447	22.4112	8.84634	0.990216	9
2451	20.2448	7.40942	-0.133639	9
2457	20.1742	23.7053	-0.503414	9
2468	20.1273	12.8741	0.207488	9
2479	20.3798	24.7182	0.00877731	9
2490	20.2302	2.1289	0.563689	9
2496	21.2081	21.2781	-0.286757	9
2497	21.4934	14.761	-0.991154	9
2498	21.4128	13.9558	-0.347761	9
2506	20.7091	10.7532	-0.0353649	9
2507	22.1537	13.414	-0.14692	9
2526	21.1318	7.8804	-0.443013	9
2545	20.8774	4.44356	-0.233102	9
2546	20.9965	2.5119	-0.0323546	9
2550	21.9234	9.85914	0.014179	9
2561	21.1254	19.8774	-0.450474	9
2564	20.6551	9.92959	-0.184894	9
2582	21.803	15.6922	0.0688365	9
2596	20.8554	8.68323	-0.203874	9
2608	22.0128	5.24879	-0.985451	9
2613	21.9846	17.6578	0.0775636	9
2614	22.0723	2.20496	0.746354	9
2625	22.3537	6.67952	-0.30792	9
2652	20.6595	15.6495	0.272991	9
2673	21.0689	7.62019	-0.208866	9
2690	21.574	24.3776	0.316135	9
2695	20.1505	8.92796	0.574202	9
2732	20.1126	8.42239	-0.173953	9
2748	21.1397	13.7742	0.098494	9
2772	20.4028	1.32932	-0.579468	9
2774	22.1857	7.96491	-0.593975	9
2776	21.997	2.05982	1.08711	9
2796	20.0609	2.73935	0.0773667	9
2805	21.1159	24.4421	-0.0108814	9
2806	20.8029	18.7516	0.716768	9
2812	21.1861	18.7578	-0.345678	9
2828	22.4148	19.1956	0.305763	9
2833	21.6661	21.8462	-0.183477	9
2871	20.8624	1.81577	1.27674	9
2892	21.7475	23.3568	-0.844693	9
2904	20.6533	0.235587	0.0678951	9
2908	22.3678	14.4441	0.249051	9
2922	21.2643	22.2052	0.30819	9
2958	21.0055	3.27247	0.407026	9
2972	20.0708	4.34409	0.0385262	9
2983	22.0522	24.3877	0.220313	9
2998	20.3155	2.10065	-0.706846	9
3004	20.2239	16.2652	0.249683	9
3015	21.0017	20.7642	0.666848	9
3017	22.4981	6.70564	-0.569275	9
3022	22.4848	21.987	-0.303705	9
3023	21.4467	24.6924	0.242132	9
3025	22.0401	23.5319	0.0820991	9
3026	21.5737	18.4509	-0.476324	9
3030	21.6976	15.5494	-0.130603	9
3063	20.8583	4.75612	-0.2879	9
3065	20.9618	3.44395	0.600159	9
3086	21.0255	7.04876	-0.0258185	9
3091	22.2757	5.87297	0.371748	9
3104	20.4707	4.7336	-0.324191	9
3115	20.1088	9.6268	-0.0319209	9
3127	20.7918	3.81432	-0.650411	9
3128	21.4757	5.26828	-0.346528	9
3130	21.7326	17.4788	0.0100534	9
3143	21.4665	19.989	0.180671	9
3156	21.0794	12.8485	-0.202369	9
3189	20.5822	12.2642	-0.0446388	9
3223	21.1554	18.9483	-0.099094	9
3233	21.4561	18.1624	-0.75267	9
3236	20.6869	9.07246	0.407696	9
3242	22.3216	22.9291	0.0292963	9
3245	20.446	5.9082	-0.668775	9
3258	22.0015	10.4592	0.98313	9
3276	20.0424	3.82794	-1.35645	9
3292	20.4497	12.9713	0.124647	9
3307	21.4659	8.80012	-0.723629	9
3308	20.9734	0.158114	0.224719	9
3310	20.2833	4.06951	-0.426056	9
3325	20.2813	9.87981	-0.438619	9
3327	20.6546	23.03	-0.121991	9
3333	22.0636	7.63885	0.223854	9
3338	22.0982	8.32324	0.603783	9
3364	22.22	12.509	0.204066	9
3370	20.4796	0.192121	0.50009	9
3379	22.0332	21.4964	-0.183162	9
3396	22.2699	23.0727	0.414464	9
3398	21.1733	11.3426	-0.111237	9
3404	20.0761	14.8899	-0.54026	9
3413	21.8272	15.3001	-0.620279	9
3436	22.1717	10.6809	1.30567	9
3461	20.9953	22.1696	0.255472	9
3472	20.0607	6.45624	-0.67835	9
3510	20.9092	10.9714	-0.399047	9
3519	20.543	23.8553	-0.692912	9
3531	20.8137	2.16858	0.110056	9
3541	20.2661	24.2746	0.103741	9
3547	21.546	20.3501	-0.476998	9
3555	21.1694	21.5225	-0.182242	9
3580	22.4466	12.9958	-0.290108	9
3585	22.1622	13.724	-0.469133	9
3597	20.1852	0.584695	-0.0411863	9
3603	20.9954	5.95655	0.205922	9
3604	22.1865	17.6074	-0.234288	9
3610	20.3192	7.75576	0.34767	9
3617	22.3238	3.43663	-0.207702	9
3630	22.0934	15.3332	0.38083	9
3654	21.8033	23.28	-0.216568	9
3664	20.3454	2.96551	0.520237	9
3699	22.2048	15.6163	0.206206	9
3705	21.2734	16.2779	-0.510708	9
3709	22.118	11.972	-0.373927	9
3725	20.3657	16.6815	0.177002	9
3736	21.0526	16.0839	0.359673	9
3746	20.2233	21.1836	-0.131619	9
3760	22.4256	7.64409	-0.169881	9
3777	21.3155	7.53666	0.450327	9
3779	20.3214	19.0095	-0.267623	9
3782	21.406	5.41543	-0.543798	9
3792	22.0485	5.03098	0.110504	9
3795	20.1944	23.9392	-0.771922	9
3814	21.0831	18.8035	0.796376	9
3825	21.0612	20.927	0.427215	9
3835	21.4321	8.88167	-0.276102	9
3839	20.3913	18.1997	0.486464	9
3847	22.3749	20.3422	-0.37782	9
3860	22.4318	2.02006	-0.208149	9
3869	20.0971	13.6459	0.0657573	9
3879	20.778	2.79819	-0.293321	9
3886	20.1041	3.06341	-0.048798	9
3894	20.581	9.67658	-0.557949	9
3897	20.4184	12.5394	-0.0221278	9
3914	22.3403	12.8224	-0.403755	9
3927	21.7892	2.08145	0.0692149	9
3955	21.7411	17.3302	-0.484419	9
3982	21.9316	1.8681	1.20558	9
3993	20.5694	18.0195	0.883185	9
3998	21.7027	4.92929	0.168977	9
4000	22.476	3.75581	0.00933897	9
4014	21.1301	8.01546	0.00850598	9
4031	21.5892	23.5011	-0.829869	9
4033	20.9994	13.3612	0.410648	9
4042	22.2376	8.7675	-0.620175	9
4048	21.0378	11.5563	-0.0969644	9
4053	21.515	11.8772	-0.364158	9
4054	22.0544	11.1123	0.0557723	9
6	23.4618	15.2233	-0.0847947	10
18	23.3874	4.49199	-0.807923	10
36	23.9774	4.15705	-0.0171605	10
51	22.8367	20.7859	-0.660676	10
70	24.6032	2.64167	0.487793	10
82	24.6703	22.54	0.370721	10
83	23.959	20.4566	0.324774	10
88	24.6182	20.3378	0.266225	10
97	24.4596	7.81138	-0.00127038	10
99	22.9093	13.7083	-0.143043	10
124	22.6607	14.1324	-0.787212	10
138	24.8845	17.4946	0.680172	10
139	22.8991	22.0696	0.084034	10
141	23.91	16.5873	0.12724	10
153	23.0745	14.8845	0.234164	10
156	23.4864	6.74517	-0.096314	10
162	22.6414	12.3567	-0.0637423	10
163	24.9654	0.452674	-0.428975	10
164	23.5396	13.3976	0.420905	10
166	24.164	12.619	-0.27651	10
181	23.4048	21.0123	-0.696754	10
187	22.8473	10.5899	-0.474284	10
195	24.819	16.7821	-0.73847	10
210	22.5315	7.47174	-0.0646674	10
211	23.2749	11.7222	0.365555	10
212	24.2094	12.82	-0.340863	10
215	24.6481	0.7298	0.416338	10
221	22.9233	10.4235	0.264932	10
228	22.8202	21.2088	0.513613	10
235	22.8128	6.2651	0.222388	10
244	24.5227	23.5465	-0.241532	10
246	24.2049	1.96356	-0.0651002	10
264	23.2001	1.29773	0.0697703	10
274	24.4606	9.31412	-0.464505	10
294	24.4385	17.3849	0.0902423	10
306	22.9	18.4058	0.118346	10
308	24.099	2.33926	-0.111106	10
312	24.7737	4.75344	0.656386	10
313	24.8807	13.4955	-0.274403	10
322	23.8421	6.15249	0.310063	10
328	23.8896	0.594434	0.927106	10
330	24.8634	18.3954	0.223815	10
337	23.4199	9.80192	-0.0477738	10
341	22.6408	0.0251331	-0.067672	10
356	23.9895	6.12496	0.16514	10
361	24.1768	11.0874	0.578397	10
364	23.5957	15.4871	-0.346632	10
371	23.598	14.4567	-0.0577042	10
378	23.8539	5.53411	0.36035	10
401	23.8638	16.8193	0.203113	10
406	23.7032	22.0663	-0.566988	10
408	24.9909	9.29105	0.337875	10
426	23.7689	23.9884	-0.759232	10
427	23.3132	15.1721	0.471925	10
461	22.724	15.8641	-0.0532326	10
466	24.8347	13.073	-0.302411	10
473	24.5365	15.7132	-0.326762	10
491	22.5013	19.0749	0.677408	10
494	23.3211	15.2354	0.312306	10
498	24.8356	3.42861	-0.0770399	10
512	24.3565	12.2553	0.000683937	10
522	23.2499	13.0164	0.277282	10
527	24.2423	21.6697	0.143564	10
535	24.8059	1.07591	0.30883	10
543	24.891	7.75678	-0.183821	10
554	24.4783	9.23784	-0.0476498	10
568	24.2067	20.3474	0.0644311	10
578	24.2126	19.5753	-0.357587	10
600	23.3704	11.928	-0.566882	10
608	23.8761	18.3596	-0.615354	10
615	22.7551	0.237207	0.380895	10
623	22.9903	11.7435	-0.302888	10
625	24.7245	17.3395	0.350812	10
643	23.0643	24.3991	0.760382	10
644	24.5176	2.83313	-1.34057	10
692	23.8709	23.1426	-0.712146	10
699	23.5966	0.928814	0.401151	10
724	24.7117	12.2379	-0.236573	10
745	24.2401	13.5943	-0.288681	10
747	23.0034	2.53547	0.117558	10
762	24.6531	17.1188	0.127047	10
768	23.1451	24.4096	0.294018	10
774	23.3182	24.7634	-0.38141	10
782	23.2948	7.73604	-0.360112	10
786	24.548	23.011	-0.105192	10
795	23.8024	3.67388	0.0915018	10
799	23.6957	9.15823	0.685094	10
825	24.4126	8.10877	0.0522226	10
840	24.7999	20.7243	-0.029613	10
869	24.9413	10.1385	0.120177	10
871	24.0317	17.972	0.263439	10
874	24.0275	13.489	0.453607	10
878	24.3874	14.7141	0.406677	10
887	22.6871	2.03834	0.707832	10
904	22.9049	19.2848	-0.604841	10
917	23.6707	11.7775	-0.573149	10
941	24.2956	6.5825	0.21949	10
951	22.657	17.1666	0.148602	10
966	23.3438	11.3384	0.477279	10
981	24.3709	6.97609	-0.357363	10
987	24.6385	23.2441	0.0980501	10
997	23.919	10.2375	0.387993	10
1026	24.7109	20.2031	0.330676	10
1041	22.8858	17.6592	0.49257	10
1049	24.5161	7.63195	0.0946018	10
1054	22.7614	24.1639	-0.0397541	10
1060	23.4296	18.6845	0.0305222	10
1064	23.424	4.06749	0.0885703	10
1070	24.1998	1.07401	0.134365	10
1075	24.1639	23.6839	-0.0557831	10
1130	24.2649	9.77295	0.719035	10
1145	23.1599	8.65079	0.504495	10
1162	22.8004	5.46779	-0.0419688	10
1206	23.5904	18.1309	-0.394265	10
1209	24.1533	17.4592	0.413897	10
1217	23.6138	24.0616	0.460547	10
1249	23.3667	5.28714	-0.159631	10
1250	22.8836	6.00978	-0.613906	10
1251	23.7684	8.37089	1.32667	10
1270	23.254	9.10741	0.443669	10
1273	23.1322	18.1705	0.0996067	10
1284	23.5994	5.81222	-0.0462418	10
1287	23.4066	3.90734	0.213527	10
1314	24.928	24.6408	0.189277	10
1321	24.2654	19.7463	-0.241044	10
1322	22.6885	17.7219	-0.0369371	10
1333	24.2989	20.1427	-0.408819	10
1334	24.5786	19.7151	-0.564196	10
1348	24.9229	23.1641	-0.332581	10
1349	23.7817	6.86218	0.58542	10
1350	23.8003	22.7549	0.433039	10
1351	24.0671	23.7662	0.813969	10
1357	22.9902	6.048	0.230596	10
1358	22.5509	15.3249	-0.206352	10
1374	23.7645	11.1892	-0.282415	10
1375	24.8364	14.4747	0.280603	10
1382	23.0104	4.43536	0.783233	10
1394	24.0186	14.341	0.0553833	10
1395	23.9589	15.2727	-0.276003	10
1406	24.2324	12.9861	-0.0196304	10
1414	24.2436	5.38449	0.406018	10
1422	24.3879	17.8699	0.135538	10
1425	24.6126	10.8259	0.0464547	10
1453	23.4347	2.18435	-0.199465	10
1460	24.4055	19.2716	-0.123327	10
1461	24.8545	1.12642	0.0694561	10
1477	24.0453	24.3068	0.214161	10
1480	24.2847	3.40116	0.115691	10
1484	24.0297	17.2057	-0.0914032	10
1523	22.9153	21.5366	0.0255158	10
1540	24.4668	20.1019	-0.595043	10
1551	22.8526	3.77981	0.441737	10
1562	22.7046	22.0235	0.0453732	10
1586	23.0244	8.73049	-0.112018	10
1602	24.7872	11.0248	-0.556158	10
1612	23.0988	12.3371	-0.146079	10
1623	24.5447	15.7362	0.0571979	10
1630	23.1381	17.7913	-0.0808167	10
1631	23.4263	16.366	-0.360657	10
1633	24.4094	18.5589	-0.338737	10
1637	23.5476	19.0001	-0.137969	10
1655	24.5757	14.8272	-0.438019	10
1661	23.8594	6.73734	-0.0799775	10
1677	24.803	7.56913	-0.294802	10
1696	22.7622	20.1252	-0.169129	10
1700	23.9003	9.73865	0.356819	10
1703	24.067	20.3148	-0.291123	10
1711	24.2329	3.6141	-0.614752	10
1719	24.7662	5.419	-0.0241906	10
1720	23.5914	18.3867	-0.0416907	10
1724	24.3864	5.67605	0.583387	10
1730	23.5941	10.6821	-0.0589029	10
1755	23.6714	15.6765	-0.362554	10
1762	22.9419	4.53865	-0.173766	10
1763	22.9528	11.7104	0.518006	10
1785	23.8345	7.27164	0.0359688	10
1787	23.871	8.81326	0.25609	10
1790	22.6247	2.29812	0.0685951	10
1795	22.8921	11.9163	0.173999	10
1800	22.5648	3.61725	0.398569	10
1803	24.013	18.7915	-0.80828	10
1804	24.2891	11.3646	-0.0761329	10
1811	24.7123	4.81507	0.387014	10
1815	24.5208	24.706	0.538748	10
1835	22.7595	17.0345	-0.439347	10
1852	24.2307	6.42719	0.133587	10
1854	23.8503	16.5	0.654826	10
1864	22.602	19.7524	0.102379	10
1869	23.5741	10.9332	-0.352023	10
1875	24.927	0.223855	-0.0274587	10
1879	24.2451	7.72939	0.0905343	10
1898	24.7501	6.31727	-0.22375	10
1903	23.1903	24.3402	-0.591655	10
1907	24.6401	18.0403	0.128493	10
1921	23.226	19.1419	-0.118461	10
1924	23.0586	1.78618	0.793957	10
1925	23.4872	0.872546	-0.353006	10
1938	23.1289	0.60703	-0.647865	10
1940	23.3101	7.87787	0.0818151	10
1943	24.2135	4.21392	0.437633	10
1971	24.6955	11.2272	-0.320952	10
1972	24.1995	11.3067	0.147835	10
1987	24.7774	19.969	-0.0654162	10
2001	23.6101	23.8347	-0.690086	10
2018	23.2827	17.8909	-0.655974	10
2028	24.4172	8.12292	0.271757	10
2047	22.999	2.96362	0.572379	10
2050	24.7424	17.7102	-0.442126	10
2066	22.5934	24.5441	0.50947	10
2072	23.8785	2.54307	-0.087448	10
2073	24.8687	15.9002	-0.244014	10
2080	24.352	0.531922	0.647235	10
2084	23.2619	23.3118	-0.754984	10
2092	23.4528	17.4052	0.13722	10
2115	24.6999	5.48592	0.901094	10
2122	23.7991	10.5699	-0.0399685	10
2142	23.7935	15.8112	0.605252	10
2174	22.6508	21.1961	0.0380619	10
2193	24.3084	15.0133	-0.109166	10
2216	24.252	19.7311	-0.362466	10
2223	23.4972	22.1748	-0.644023	10
2250	24.3704	21.8868	-0.403479	10
2258	24.3409	3.94113	-0.50298	10
2260	22.5362	6.05062	0.480289	10
2281	23.7904	2.16859	-0.356482	10
2284	22.5457	12.9952	-0.669347	10
2287	24.0345	10.8748	0.334044	10
2290	23.8577	19.7266	-0.45966	10
2311	23.3945	10.7841	0.655325	10
2349	23.6783	8.01958	-0.4456	10
2353	23.6456	24.7272	0.199965	10
2362	24.4774	0.500724	0.113018	10
2374	24.0918	20.7371	0.310109	10
2379	23.4289	11.8171	0.417678	10
2389	24.4293	8.89196	0.101933	10
2390	24.8881	9.62343	-0.17225	10
2391	23.611	21.1315	-0.0371758	10
2405	23.2325	15.3257	-0.17023	10
2420	23.2238	3.10086	-0.5304	10
2428	24.3006	4.19137	0.10407	10
2434	24.0262	10.2997	-0.166818	10
2450	22.7389	19.5543	-0.296832	10
2455	23.3316	19.3227	-0.28835	10
2466	23.8585	0.0684777	-0.509234	10
2484	23.4008	21.6551	-0.676597	10
2514	22.7863	15.5068	0.0175387	10
2520	23.4203	21.3371	-0.402665	10
2539	24.8999	24.6877	0.253654	10
2548	23.602	0.520005	0.339578	10
2560	23.5537	20.1979	0.194649	10
2574	23.3514	23.0905	-0.163762	10
2578	24.1533	11.6647	-0.219037	10
2583	23.4252	1.66087	-0.140398	10
2585	23.8298	3.55541	0.399071	10
2606	23.8382	9.16207	-0.0725376	10
2666	24.2113	24.8798	-0.0667862	10
2668	22.5667	14.9099	0.541444	10
2694	22.731	8.52161	-0.191861	10
2713	24.207	10.1776	0.526776	10
2735	22.9468	18.8781	0.746165	10
2754	24.396	19.4295	-0.185587	10
2755	24.3252	19.7325	0.233178	10
2788	23.9874	20.5069	-0.196863	10
2794	23.0979	13.0343	-0.383931	10
2795	23.8649	12.6249	-0.839928	10
2807	24.6839	1.89123	0.000689679	10
2811	24.9036	18.9753	-0.245237	10
2813	24.3633	13.398	-0.268523	10
2820	22.5751	9.49159	0.562562	10
2854	23.9921	18.5896	0.5887	10
2877	24.0722	17.1391	0.33136	10
2881	24.3598	9.87642	-0.417363	10
2885	24.4547	17.2332	0.594745	10
2898	24.2784	13.2879	0.181243	10
2906	23.9727	16.1321	-0.310589	10
2917	24.9133	2.28956	0.65772	10
2918	23.9178	21.881	-0.0979333	10
2923	24.4274	21.607	0.206438	10
2927	23.4266	19.6153	-0.514835	10
2928	23.8168	5.56915	0.68996	10
2931	22.7694	9.82234	0.283053	10
2932	23.3874	17.7503	-0.150333	10
2949	22.9347	14.5548	-0.189719	10
2956	24.541	11.3502	-0.11994	10
2962	24.6483	17.1483	0.478429	10
2968	22.9631	16.6777	0.469173	10
2969	23.4383	18.523	-0.877818	10
2970	22.5031	13.1668	0.0900743	10
2984	23.0026	24.0592	0.151855	10
2992	23.5524	11.9643	-0.404694	10
2995	22.5783	9.83713	-0.301953	10
3000	22.7283	7.83827	0.130446	10
3034	24.0506	15.1464	0.134836	10
3035	23.2565	15.3547	0.331471	10
3053	24.5887	4.26977	0.342333	10
3056	23.9284	19.3684	0.314208	10
3069	22.9595	22.7913	-0.387879	10
3080	24.2057	15.2908	0.05332	10
3083	24.1176	20.042	-0.415194	10
3112	22.7289	3.64336	-0.332945	10
3148	23.9755	15.6295	0.0184807	10
3153	22.6822	24.0067	-0.351622	10
3157	24.0299	20.0203	-0.553217	10
3187	24.0454	0.645504	-0.0562817	10
3195	23.3038	1.58481	-0.379383	10
3199	24.8127	1.51267	0.842966	10
3201	23.1355	0.88727	-0.476488	10
3202	24.2153	21.9226	-0.229325	10
3208	22.5801	11.8539	0.173094	10
3209	23.3793	18.359	-0.0751484	10
3213	23.8697	4.51492	0.523102	10
3214	22.9104	15.805	0.146806	10
3215	23.4122	15.4918	-0.453261	10
3229	24.8204	4.81905	-0.074597	10
3246	22.6721	2.67161	0.22598	10
3247	23.0422	11.3521	0.381033	10
3257	23.3502	6.07161	-0.192906	10
3267	24.6838	24.8539	-0.29157	10
3279	22.7617	2.45446	0.309786	10
3284	23.9281	4.65795	0.117927	10
3294	24.1541	22.7554	0.0998539	10
3299	22.7384	11.8764	-0.145578	10
3314	23.9178	4.94698	-0.201775	10
3315	23.0134	5.05564	-0.781213	10
3320	22.7462	2.18563	0.160598	10
3371	23.8341	7.892	-0.117452	10
3375	23.9242	2.98744	-0.000985954	10
3377	24.3855	5.77524	-0.114157	10
3385	23.495	7.8034	-0.356096	10
3392	24.7734	20.973	0.0691924	10
3397	23.0186	1.25703	0.300016	10
3438	22.7261	12.9084	-0.66492	10
3441	24.5027	12.2138	0.128851	10
3442	24.7499	5.36058	0.367776	10
3458	23.9097	11.5851	-0.276346	10
3468	24.8948	10.4242	-0.0100317	10
3480	23.0331	24.6172	-0.0137786	10
3484	24.0195	18.3882	-0.209376	10
3485	23.6305	19.68	-0.292462	10
3502	23.7599	9.94292	0.393054	10
3511	22.6343	9.36384	0.22731	10
3512	22.7563	2.36183	0.0670805	10
3518	24.8446	17.7019	0.277943	10
3521	23.5004	18.9774	-0.106383	10
3530	24.1131	14.4727	0.480416	10
3540	22.7977	5.76452	0.155099	10
3559	23.9643	3.17023	0.419372	10
3560	23.3141	11.5583	-0.318727	10
3567	24.4697	21.9674	-0.132617	10
3605	23.7181	7.95746	0.366099	10
3606	23.7609	7.86159	0.333059	10
3618	23.8624	4.30161	-1.25804	10
3648	24.0729	2.77583	-0.416647	10
3657	22.5028	9.89953	0.513234	10
3662	23.3334	21.7463	0.204484	10
3674	23.7409	19.7593	-0.346303	10
3678	22.8949	2.75	0.254424	10
3683	22.7527	19.7695	-0.214833	10
3684	23.7957	5.75873	0.0412183	10
3687	23.8834	8.98077	0.33082	10
3690	24.1159	24.9531	0.64557	10
3719	22.6978	23.5819	-0.22598	10
3787	22.8805	18.8234	0.527981	10
3793	22.9761	11.3402	0.0996296	10
3794	23.2988	11.6245	0.232717	10
3811	23.4337	11.8279	-0.533238	10
3845	22.9399	5.7432	0.442426	10
3848	24.0358	18.6199	0.293261	10
3849	24.2268	18.0124	0.130845	10
3867	23.3582	11.3748	0.364796	10
3873	23.8712	15.7686	0.426705	10
3882	22.6083	17.6073	-0.225032	10
3883	23.1263	15.551	0.252939	10
3884	23.4052	7.9196	-0.649504	10
3899	23.1103	12.29	0.0431475	10
3906	23.1935	10.0505	-0.168727	10
3916	22.503	4.23004	-0.388836	10
3925	24.9731	10.0017	-0.0914339	10
3928	23.9078	22.5954	-0.102099	10
3937	24.5836	22.7813	0.148338	10
3941	23.5219	0.463473	0.816286	10
3946	24.2031	0.443947	0.450611	10
3949	23.5598	10.2034	-0.263526	10
3950	23.0484	10.0744	0.0326001	10
3959	24.1326	0.254761	0.283702	10
3972	22.6278	24.1	0.139174	10
3984	24.4517	5.79238	0.0733698	10
3985	23.7559	4.84246	-0.246428	10
3986	24.0372	5.68091	-0.228283	10
3991	24.9657	13.7465	0.128581	10
4012	22.572	24.3549	0.00275226	10
4019	22.7118	22.9276	0.208239	10
4023	23.6543	14.83	0.215982	10
4036	23.549	1.48745	0.858664	10
4037	22.7776	2.08991	0.3814	10
4057	24.2369	17.2119	0.110868	10
4058	23.7871	17.1659	1.01449	10
4063	23.6338	24.7381	-0.173071	10
4069	24.3	4.73625	0.982753	10
