Ind_ID	PosInd_X	PosInd_Y	MutEffect	Region

1	4.40535	4.82875	0.979885	1
12	0.346496	3.84561	0.599544	1
16	0.229216	8.5382	0.809951	1
23	3.91417	2.50032	1.02518	1
35	1.07426	5.66466	0.378007	1
37	2.13945	15.9328	-0.0139784	1
45	4.01921	8.09442	0.619576	1
46	2.38882	10.1853	0.338474	1
50	0.230796	2.03328	0.837512	1
64	0.363234	12.6603	0.823061	1
68	4.22869	0.965297	-0.189639	1
72	0.624982	9.66367	-0.264957	1
79	0.196366	17.7624	0.0327746	1
81	0.364268	23.1246	0.399776	1
87	0.444876	12.6139	-0.195295	1
110	4.28952	15.8402	0.584292	1
119	1.89814	21.6293	-0.638224	1
121	1.97004	0.769281	0.319443	1
129	0.0920616	23.7773	0.442384	1
144	2.78225	11.5078	0.252124	1
147	2.24341	10.385	0.799189	1
155	0.824545	3.79296	0.386794	1
159	4.54758	6.07581	0.53299	1
160	0.260541	6.64872	0.946859	1
168	4.04306	17.3326	0.144621	1
172	4.79036	5.13627	0.0092758	1
176	1.97831	22.1383	1.03856	1
180	2.48324	11.7817	0.0921744	1
190	1.83035	11.4825	0.748062	1
203	3.97325	16.9784	0.180315	1
211	3.74881	6.0439	1.1213	1
213	2.2771	0.32225	0.199104	1
222	4.18752	0.957057	0.38106	1
227	0.299666	16.57	-0.318548	1
237	1.53679	0.817704	0.770767	1
239	4.0354	5.84401	-0.0457661	1
246	2.25937	24.0652	0.696674	1
260	3.9829	9.90704	0.40377	1
266	3.39563	2.48469	1.10367	1
268	3.52619	7.2039	0.390008	1
277	3.08601	20.6337	1.22643	1
287	4.04953	0.39673	0.0568356	1
289	1.23325	3.82936	-0.619329	1
294	3.1501	11.0998	-0.232501	1
297	2.02637	13.5756	0.304182	1
303	2.65846	3.54684	1.01372	1
316	1.14772	23.633	0.385175	1
320	4.09148	3.9138	1.22594	1
324	2.69706	17.3875	0.531919	1
327	1.53027	16.4858	0.130233	1
335	3.60742	14.4904	-0.00295554	1
338	0.735694	0.382505	0.564107	1
347	3.1026	0.858445	1.45213	1
348	2.15511	0.931343	-0.020018	1
371	1.10076	19.3617	-0.245417	1
373	4.23172	2.80452	0.682382	1
375	0.249653	20.5815	0.410149	1
376	2.99227	0.373931	0.362602	1
389	0.648397	12.1926	0.0969893	1
390	2.77284	11.6969	1.15107	1
392	3.40606	19.5366	1.2159	1
406	3.98362	23.1031	0.0297991	1
417	3.72909	8.94917	0.197353	1
426	1.41968	17.1273	0.263091	1
433	1.12064	14.393	0.283096	1
436	0.0464044	16.9619	0.0888865	1
445	4.30224	4.4692	0.109147	1
448	4.11627	20.2507	0.696781	1
449	2.09415	6.29633	1.20121	1
450	3.50114	22.4643	-0.0274059	1
461	3.55222	10.435	-0.345091	1
481	1.05964	19.2943	0.662949	1
488	2.39443	8.09303	0.164166	1
492	3.5946	0.642978	0.29119	1
498	0.41223	22.6702	0.612183	1
509	4.20629	10.5361	0.0876081	1
510	4.74984	10.3744	0.560913	1
514	4.0591	4.4884	0.287659	1
518	1.01649	4.61452	-0.309443	1
525	0.216838	13.9925	0.104079	1
537	1.27662	0.26829	0.307927	1
542	0.337714	19.47	0.419632	1
544	0.117144	12.6241	0.501105	1
548	4.14785	17.4714	-0.622955	1
560	4.95519	9.83144	1.09179	1
564	2.63671	6.61926	1.16026	1
565	3.63691	18.5986	0.80993	1
569	0.993656	17.203	0.475156	1
572	2.35108	21.2829	0.194708	1
591	2.38879	13.4334	0.282378	1
592	4.46934	19.4011	0.238082	1
593	4.50152	17.8552	0.342609	1
595	0.714865	10.4547	1.11639	1
596	1.63684	1.46511	1.12988	1
604	2.23481	6.76476	0.585796	1
611	0.363154	7.9864	-0.167447	1
613	2.32295	15.9958	0.597522	1
617	1.59626	13.746	0.101231	1
620	0.889759	7.82815	-0.329798	1
626	0.921787	21.3336	0.0821221	1
635	2.68653	17.5173	-0.15314	1
636	4.76393	23.9522	0.644918	1
645	0.325156	11.9773	1.4992	1
655	4.60576	2.80342	0.493078	1
656	2.46558	9.53156	0.167959	1
658	2.75289	1.74879	-0.393184	1
659	2.23748	16.7059	0.105711	1
665	3.58974	2.64929	-0.0893974	1
666	0.535006	4.05721	-0.0550395	1
671	2.72817	9.12384	0.307508	1
672	1.26454	16.1834	0.422689	1
678	2.23259	16.4383	0.271708	1
679	2.80788	12.3225	-0.274228	1
684	4.44298	23.0644	0.67924	1
691	1.24982	12.062	0.000676473	1
697	2.90151	13.2815	0.863487	1
702	2.0248	22.9129	0.287207	1
706	2.49491	5.45943	-0.142773	1
713	0.363774	14.0783	0.535922	1
716	2.60148	19.739	-0.173617	1
736	0.787161	8.42429	0.469685	1
737	3.44468	2.55239	0.245599	1
738	1.93038	5.16237	1.06964	1
739	0.390928	11.2216	0.278955	1
749	0.18616	4.54698	0.369152	1
754	0.262283	16.5413	0.297962	1
760	1.87293	14.2314	-0.598358	1
761	3.17398	7.07552	-0.546089	1
766	1.3557	0.509724	0.328373	1
774	4.84497	4.21945	0.706874	1
776	1.2986	0.900351	0.331111	1
778	1.9174	18.5486	0.546214	1
779	4.91768	8.58082	0.637144	1
782	2.70781	9.37836	0.348359	1
788	0.0834673	5.17083	-1.01732	1
789	2.54237	21.5399	0.924795	1
800	1.57296	9.77912	0.354698	1
801	2.30289	8.69945	0.19019	1
805	1.28688	18.8935	-0.138239	1
809	2.03123	8.20423	0.033333	1
818	0.182111	12.9537	-0.366868	1
824	0.544086	10.5313	-0.574129	1
826	1.82815	2.72496	0.901242	1
833	1.15145	22.2927	0.150778	1
840	1.89835	2.41386	0.465873	1
843	3.89897	12.2517	-1.87915e-05	1
855	4.72331	18.2592	0.107562	1
859	4.63704	14.1147	-0.869439	1
861	3.12606	16.0633	0.504725	1
866	4.22048	10.8333	1.25447	1
876	4.79205	2.37673	0.608609	1
891	4.09397	1.86207	0.504007	1
895	1.12246	21.9291	0.370021	1
899	0.437982	23.5644	-0.581019	1
904	1.05204	2.24706	0.483386	1
910	1.48379	14.0683	0.0730069	1
911	4.87841	4.6632	0.21326	1
912	0.382744	1.63653	0.281182	1
926	0.569267	23.2347	0.399737	1
927	1.5429	7.5582	-0.479468	1
929	4.64938	8.43219	0.537936	1
931	3.43264	13.4872	-0.0549835	1
933	2.78099	19.2741	0.434134	1
936	4.01626	6.67297	0.299426	1
941	0.99678	1.14528	0.384216	1
942	3.67133	4.3322	1.21222	1
950	4.25198	0.366568	-0.125178	1
956	2.06759	2.94664	0.519068	1
961	2.37691	5.94518	0.145323	1
962	0.888194	5.92283	0.126789	1
963	0.803447	19.6938	0.869628	1
970	1.5254	23.879	0.559985	1
971	2.19632	19.443	-0.448263	1
987	2.2646	3.60918	0.148272	1
992	0.599861	22.261	1.43028	1
996	4.11024	6.81352	0.0680846	1
1008	0.146139	6.11628	0.0355824	1
1009	4.32034	11.0721	0.243138	1
1012	0.395506	10.9745	0.156119	1
1014	1.21278	18.0955	0.642061	1
1017	3.8585	8.79705	0.603651	1
1022	1.6573	0.00137075	0.224077	1
1025	4.66084	6.0378	-0.0711794	1
1042	0.476669	0.902266	0.926839	1
1044	1.2797	7.38149	1.04849	1
1047	0.478035	22.1419	0.369153	1
1049	1.83416	20.7376	0.858325	1
1054	2.21115	4.67515	0.525999	1
1056	2.14361	21.6398	0.792805	1
1060	2.66322	23.9209	0.471136	1
1067	4.25985	12.0565	0.842464	1
1078	2.5933	13.0853	0.218965	1
1084	2.33634	21.2582	0.398027	1
1085	1.15509	22.8236	-0.100333	1
1090	1.08656	6.55815	-0.503263	1
1091	0.851137	7.84153	0.511833	1
1095	0.13558	0.310314	1.27284	1
1096	0.47381	24.9301	-0.267142	1
1100	1.3244	16.805	-0.00801838	1
1104	1.97328	23.6944	0.635967	1
1107	0.879234	24.9109	0.529778	1
1109	4.55848	0.321047	-0.0151135	1
1112	2.27834	20.9265	0.36402	1
1122	1.06688	12.1135	0.889078	1
1124	1.23919	19.5406	0.0264295	1
1127	2.16555	21.7898	1.22445	1
1160	0.734357	18.7059	-0.316108	1
1164	0.107749	13.8822	0.549054	1
1165	0.231499	5.37194	0.509848	1
1177	3.39358	16.1354	0.417734	1
1184	1.09557	18.3217	0.168995	1
1185	2.27881	9.09503	0.295533	1
1186	2.96925	14.6814	-0.00745117	1
1188	4.38333	4.07787	0.074353	1
1196	2.34583	12.3608	0.239894	1
1200	3.48598	18.8955	0.744189	1
1203	4.06345	19.8987	0.688954	1
1210	3.64597	21.0318	0.549855	1
1211	3.65336	21.7774	0.178618	1
1217	3.65254	20.1558	1.06902	1
1231	2.06018	16.1727	0.228807	1
1245	3.6257	14.9823	0.624886	1
1257	1.8483	6.02145	0.531159	1
1266	0.594865	9.32848	-0.309432	1
1267	0.424386	5.59514	0.298565	1
1269	3.16245	5.22553	0.420732	1
1283	3.03286	1.61942	0.290124	1
1287	0.507374	21.0317	0.350276	1
1288	1.38334	20.5125	0.870053	1
1298	1.10656	12.4504	0.713657	1
1302	3.86308	10.5722	0.579475	1
1305	2.57259	6.81314	0.0683045	1
1307	0.559739	2.2768	0.750351	1
1308	0.0374297	17.6347	0.00365157	1
1310	1.98079	22.4502	-0.172547	1
1313	3.43345	24.1065	-0.453811	1
1315	2.01172	6.43355	-0.341517	1
1318	1.54668	11.0253	-1.02033	1
1320	1.95921	15.0247	0.605028	1
1322	0.504946	19.9382	-0.349621	1
1329	1.29435	18.6166	0.0123765	1
1333	2.59793	4.23944	-0.0708177	1
1336	0.406459	13.1835	-0.409157	1
1337	1.25899	10.8382	-0.45375	1
1348	0.0944534	10.2807	0.176884	1
1351	4.0938	5.26265	0.582235	1
1358	4.66375	6.19085	0.0746734	1
1364	1.01823	4.41775	0.508703	1
1369	3.45657	7.85384	0.476486	1
1370	4.94715	2.60326	0.513846	1
1373	1.21661	14.4852	0.183397	1
1386	3.47747	12.8354	0.474048	1
1389	0.113057	3.19665	0.139176	1
1390	0.761259	1.79688	0.144493	1
1400	0.275689	13.6532	0.297577	1
1404	4.80515	24.8638	-0.00496953	1
1406	0.454238	19.8003	0.533699	1
1414	1.39506	20.5084	0.615707	1
1416	1.19597	24.2224	0.320468	1
1424	4.85033	17.848	-0.00508064	1
1428	4.29097	0.393194	0.112623	1
1432	0.475037	5.00601	0.226509	1
1437	4.9278	13.0702	0.117807	1
1441	2.41752	23.0225	0.195161	1
1452	4.79746	8.68673	-0.160446	1
1455	4.33208	22.6453	-0.2755	1
1459	1.46274	23.1181	0.857341	1
1460	0.121334	17.0562	0.533477	1
1461	3.1796	11.9402	0.0988735	1
1468	1.8878	0.417948	0.583463	1
1470	4.54518	14.0314	0.369764	1
1478	0.271542	12.6047	-0.0145249	1
1483	1.2822	13.0342	0.644678	1
1484	2.83836	1.76498	0.211977	1
1492	0.163165	8.54484	0.995587	1
1494	0.650982	15.8719	-0.414437	1
1495	3.52368	5.45074	0.150321	1
1498	1.47246	3.53305	0.299558	1
1500	1.2183	3.12218	0.629176	1
1502	4.10275	14.6938	0.15792	1
1506	2.45173	10.4687	0.44412	1
1507	2.09582	9.23204	1.0495	1
1510	2.82469	3.39753	-0.52819	1
1525	0.956015	0.0660335	0.680423	1
1538	1.89285	21.4954	0.125129	1
1542	2.63833	22.0389	0.378419	1
1546	3.99004	12.2962	0.117233	1
1548	4.04471	9.03734	0.0502672	1
1559	0.260596	13.3846	0.604212	1
1569	3.09497	13.1796	0.756031	1
1570	2.45793	19.8931	1.23726	1
1583	0.932503	2.42245	0.695232	1
1595	1.89291	2.20231	0.526917	1
1599	3.2914	6.7598	0.386661	1
1600	2.66047	21.2344	-0.816936	1
1606	4.88095	3.20252	-0.154364	1
1607	4.59106	24.3497	0.968803	1
1616	4.42554	20.5451	-0.0193359	1
1623	1.09556	23.3497	0.349307	1
1624	0.571825	20.4452	0.428628	1
1628	2.64836	20.1848	0.726574	1
1631	2.98158	5.62758	0.0818738	1
1633	4.25444	21.5293	0.478614	1
1637	4.58017	16.4594	-0.24156	1
1640	2.4906	5.85896	0.828719	1
1656	0.433408	9.34381	0.360591	1
1663	4.83389	24.9827	0.794608	1
1666	4.97062	15.6686	-0.481898	1
1668	2.31684	22.0818	-0.0930496	1
1670	1.53641	13.8217	0.775484	1
1671	2.98213	4.60757	0.0621332	1
1675	1.1628	13.5617	0.214773	1
1684	4.36486	11.2943	0.861711	1
1691	1.26988	14.7917	-0.0192247	1
1693	1.09453	6.49885	0.415213	1
1698	3.67168	24.0184	0.108345	1
1701	2.0118	8.82697	0.702084	1
1702	4.98283	3.30329	-0.00849281	1
1708	1.04448	13.0123	0.84451	1
1712	3.23105	8.90706	0.315764	1
1717	4.61471	3.14023	0.210424	1
1721	4.97807	10.0141	0.254682	1
1722	4.61508	10.0008	0.339018	1
1723	1.64876	6.46784	0.357679	1
1727	3.20294	9.4048	0.135324	1
1728	1.81024	24.0407	0.726692	1
1730	2.34623	12.2031	-0.343866	1
1734	4.9285	11.3001	0.309756	1
1736	0.26739	5.0528	1.00228	1
1744	3.21783	8.07896	-0.153869	1
1747	4.81095	0.73726	1.07341	1
1752	0.45832	6.19384	0.784607	1
1753	4.14387	13.9891	-0.359375	1
1760	0.0283334	21.3273	0.56635	1
1761	0.0803448	18.688	0.0911129	1
1780	1.12899	11.1609	0.372975	1
1781	1.67355	14.9277	-0.0498084	1
1789	0.566677	5.16343	0.333996	1
1791	3.45024	16.918	-0.386329	1
1792	3.24401	11.0087	0.509877	1
1800	1.69637	9.69643	-0.471556	1
1803	2.56221	22.0613	0.00702816	1
1806	1.6201	1.19487	0.528084	1
1809	0.531572	10.657	0.0829764	1
1821	2.51671	3.02736	-0.433959	1
1824	4.904	8.92436	-0.526511	1
1826	0.617335	12.7704	-0.210824	1
1834	0.600849	18.3684	0.244726	1
1844	4.71048	9.79284	0.374877	1
1854	0.358098	15.5543	-0.302255	1
1859	4.71261	20.5403	0.726425	1
1860	2.25302	2.65441	0.543301	1
1863	2.68644	15.3419	0.379124	1
1864	4.00032	16.0514	1.34848	1
1877	3.2982	7.69526	0.799034	1
1882	0.962908	19.5757	0.195102	1
1889	3.8349	17.4554	0.144156	1
1903	4.31778	21.7526	0.31904	1
1906	4.56856	18.0926	-0.552777	1
1907	4.06845	15.9381	0.999589	1
1923	4.35857	2.52921	0.193826	1
1924	3.75239	3.37475	-0.974449	1
1928	1.0252	22.3733	0.326327	1
1933	2.19837	20.6822	-0.164165	1
1950	2.69035	12.5092	0.38781	1
1951	3.83535	23.393	-0.27637	1
1953	1.3253	15.3198	0.359492	1
1957	0.842866	7.38986	0.0183072	1
1958	3.70018	13.4042	0.606569	1
1961	4.47508	13.8514	0.457321	1
1967	4.18508	13.0338	0.862644	1
1968	0.904974	10.0306	0.0220724	1
1987	1.94837	18.9807	1.00666	1
1993	2.5217	21.2187	0.557521	1
1998	1.24873	18.2824	1.14198	1
2005	4.77212	12.2797	0.434969	1
2007	3.76189	19.3367	-0.215149	1
2008	4.11512	24.7052	0.548572	1
2011	0.838372	21.4393	0.438302	1
2015	1.04717	2.47412	-0.249268	1
2020	1.04668	14.6939	0.416838	1
2021	0.39449	17.661	0.467595	1
2022	4.23833	3.01189	0.637006	1
2032	3.46844	6.98614	0.264119	1
2033	2.93124	2.70075	-0.0150721	1
2034	3.00419	2.4925	0.798285	1
2052	2.04146	24.6457	0.436439	1
2055	1.02945	10.8488	0.311214	1
2063	2.53043	13.7841	0.0234163	1
2067	2.60695	15.8384	0.429047	1
2068	2.62972	16.189	0.0412801	1
2071	2.56884	5.70995	0.844741	1
2078	3.16509	18.9447	0.528007	1
2087	4.0212	17.4267	0.513326	1
2090	4.71715	24.587	0.513125	1
2094	1.38091	8.88194	1.28977	1
2102	2.74853	5.41566	0.0893724	1
2115	2.20119	7.45811	0.0912612	1
2125	3.83914	4.44554	-0.0550845	1
2137	4.98677	9.74814	0.628676	1
2146	0.593029	0.995785	0.104954	1
2147	4.27387	9.36623	0.528363	1
2148	2.36609	23.3235	0.899302	1
2149	1.19535	21.0051	0.0955757	1
2150	2.63483	21.9612	-0.236582	1
2156	1.79236	4.73818	1.05238	1
2162	1.96828	12.3999	-0.725824	1
2163	4.87095	10.7679	-0.336172	1
2165	3.18137	14.9922	0.162296	1
2168	3.05342	23.696	-0.00243137	1
2170	3.80032	0.771593	0.983967	1
2172	2.88239	22.7571	-0.114597	1
2178	3.14927	19.0781	0.556016	1
2183	1.42426	0.727453	0.614836	1
2185	0.66212	20.2056	0.443564	1
2186	4.96252	3.06274	0.82576	1
2192	3.7748	13.8504	0.312495	1
2193	1.46862	12.9798	-0.127486	1
2197	3.9646	19.2573	1.44772	1
2204	1.4829	24.084	-0.0329822	1
2210	1.94538	5.52884	0.487304	1
2218	3.03592	23.9094	0.672821	1
2223	0.206631	23.5162	0.732386	1
2225	2.67679	19.0542	0.509911	1
2244	2.87139	1.16437	0.647195	1
2245	2.26685	9.16185	1.25964	1
2248	3.17752	24.5835	0.798335	1
2252	4.78835	23.7676	0.571938	1
2253	0.907707	9.94133	0.695048	1
2257	3.57114	6.77619	-0.169435	1
2259	2.39354	15.1777	0.2992	1
2262	2.90235	3.81629	-0.471438	1
2289	3.75731	11.7434	0.916843	1
2293	2.6501	14.5095	0.0497834	1
2299	0.73855	16.44	0.697025	1
2313	4.29106	22.4495	0.504439	1
2322	1.49614	15.4825	-0.233763	1
2328	1.08461	21.2336	-0.296356	1
2331	4.0717	13.3121	0.724202	1
2332	3.96776	8.16339	0.504729	1
2336	0.538879	2.17435	-0.505921	1
2337	1.10216	6.90268	0.957356	1
2340	2.69978	4.23926	0.16708	1
2342	1.3293	7.88958	0.348709	1
2349	0.612301	23.9357	1.45443	1
2358	2.07165	13.423	0.625286	1
2359	0.060079	5.03711	-0.42879	1
2360	4.91922	17.6596	1.25547	1
2361	0.126344	13.8647	0.355679	1
2362	0.686002	14.6237	-0.872717	1
2363	3.70676	14.5042	-0.108157	1
2365	2.7983	13.9271	-0.257069	1
2370	0.366673	21.8079	-0.211506	1
2374	3.89973	14.2327	0.689838	1
2387	3.61223	16.951	0.228327	1
2399	2.06608	24.9156	0.386687	1
2424	0.68619	9.93803	0.755461	1
2427	4.87718	2.73174	0.703901	1
2438	4.31983	14.139	0.867431	1
2443	3.6186	1.68611	-0.130816	1
2456	2.2418	23.9823	0.62062	1
2467	4.34409	11.22	0.679972	1
2468	3.71235	8.95701	0.478133	1
2471	2.22462	7.01926	0.717701	1
2475	3.62763	7.41581	-0.0870395	1
2477	4.78117	13.5853	0.298388	1
2478	4.92539	18.7714	1.16835	1
2485	2.69371	8.22266	0.282044	1
2488	2.48622	15.7293	0.68375	1
2492	1.01025	0.225329	-0.197764	1
2495	1.58744	10.7424	0.481099	1
2497	2.89367	4.60653	0.759716	1
2498	2.89057	6.97178	0.474317	1
2499	3.13615	6.6504	-0.0723233	1
2506	1.22603	24.4351	0.179747	1
2508	2.75258	7.26976	0.551926	1
2516	3.44379	16.9611	0.0569606	1
2520	4.45558	14.1325	0.576458	1
2521	1.80008	8.34243	-0.449023	1
2524	4.60785	3.34116	1.01567	1
2531	4.02316	22.2636	-0.317782	1
2533	4.7235	12.2703	1.01376	1
2534	0.496143	10.3142	0.186693	1
2538	0.0581422	11.7781	0.616844	1
2545	1.6076	13.7327	0.441681	1
2548	1.60385	15.8453	-0.231291	1
2553	2.57696	3.97198	0.797014	1
2557	1.18218	19.1031	0.791816	1
2566	1.00805	5.57814	0.693118	1
2570	4.39803	13.3306	0.253368	1
2572	4.87414	12.9494	0.853793	1
2575	2.70954	18.5638	0.419396	1
2589	4.56776	7.41267	0.145881	1
2601	0.798798	19.1968	0.410473	1
2602	3.77255	8.37148	0.947248	1
2607	1.61539	5.46621	-0.147602	1
2610	1.9744	11.074	1.00088	1
2612	0.0862125	22.3259	0.583296	1
2617	0.792924	17.3587	1.67281	1
2627	1.05993	14.3384	1.11123	1
2635	0.329936	16.0664	0.322069	1
2638	3.6623	7.66542	0.487266	1
2645	3.176	12.2349	-0.0520191	1
2659	3.597	15.6732	0.494069	1
2679	0.62263	0.412914	-0.0873036	1
2681	1.04619	23.3791	-0.070926	1
2682	4.07169	1.30899	0.529687	1
2685	4.11838	2.98234	0.681898	1
2687	0.79561	6.04645	-0.282489	1
2703	2.52951	17.9062	-0.302325	1
2707	2.09028	3.10055	0.0667401	1
2708	3.38314	17.0786	0.149048	1
2711	1.11289	2.58728	0.689953	1
2717	0.186655	11.4388	1.06612	1
2730	4.97949	11.0178	-0.116249	1
2740	3.95297	8.16407	-0.128245	1
2750	0.157378	16.5578	0.586308	1
2757	3.76916	15.0645	0.433678	1
2762	4.29468	24.4952	-0.0323313	1
2769	2.35048	17.1215	0.0662884	1
2776	0.163436	12.4248	0.308887	1
2779	2.70822	11.457	0.182464	1
2787	4.18747	23.2574	0.0593414	1
2789	4.88984	4.40126	-0.00161845	1
2796	0.204398	16.333	0.127919	1
2798	4.83577	14.2673	0.390509	1
2801	0.7477	0.669203	0.258972	1
2804	0.779743	1.40449	0.814592	1
2809	1.62717	23.5522	0.496755	1
2822	1.13805	24.5335	0.781165	1
2828	0.123612	14.2486	0.67126	1
2831	0.505077	22.0874	0.481122	1
2836	3.49329	9.54973	0.196513	1
2837	4.48785	10.5073	-0.171043	1
2838	1.63507	15.5362	0.126719	1
2847	2.31295	0.955305	0.282378	1
2848	4.72032	15.9034	0.257577	1
2849	1.34824	6.07711	0.212681	1
2855	0.170641	22.6763	0.0454551	1
2867	1.37511	4.31576	0.375412	1
2876	4.276	1.44859	0.662982	1
2878	0.100363	21.9913	0.233333	1
2885	4.18028	5.10083	0.788062	1
2888	2.12178	1.24407	0.364205	1
2894	2.08353	19.5414	-0.0669265	1
2895	4.14328	7.14468	0.323476	1
2897	1.12457	19.095	0.450478	1
2901	0.857326	20.1892	0.85421	1
2913	4.17464	20.1251	0.253919	1
2921	4.57139	17.5544	-0.248792	1
2923	0.497208	22.8896	0.994192	1
2929	3.62228	0.60359	0.773421	1
2936	3.42558	3.05471	0.866836	1
2949	2.63242	15.0021	-0.731415	1
2965	3.88586	17.5455	0.57853	1
2966	1.09061	5.73071	0.248303	1
2968	4.05337	17.8987	0.0445048	1
2969	4.84035	7.38209	1.3702	1
2971	1.05079	15.354	0.926874	1
2975	2.45022	6.68555	0.0359099	1
2976	1.32335	17.3193	-0.121556	1
2977	0.336479	11.2912	0.0461379	1
2991	0.765423	18.7697	0.36908	1
2994	1.33556	16.727	0.528115	1
3001	4.0496	20.1544	-0.291157	1
3006	0.487386	20.5676	-0.0699764	1
3013	3.18801	1.51959	-0.234585	1
3014	1.66189	24.0244	0.177441	1
3016	2.25329	12.2343	-0.0973826	1
3017	2.93957	19.4027	0.390691	1
3023	1.19738	9.63578	0.117255	1
3026	4.59757	12.85	-0.268112	1
3037	0.121281	7.90352	0.0643956	1
3047	3.26772	18.746	0.316083	1
3060	3.47421	10.5818	-0.647601	1
3061	3.71763	12.5506	0.750914	1
3067	2.06634	4.39288	0.229944	1
3072	4.29295	0.165829	0.362806	1
3080	1.61383	1.98572	-0.0899001	1
3083	1.87344	6.62918	1.20159	1
3084	2.92203	7.51811	0.811331	1
3088	1.42015	1.00403	-0.263619	1
3089	0.160859	12.2833	0.664401	1
3095	4.31395	1.35073	0.0465071	1
3105	4.7925	13.9465	-0.0121164	1
3106	2.06873	19.3181	0.727905	1
3118	0.244085	7.0459	-0.147144	1
3122	1.29236	21.9533	-0.3553	1
3130	3.63493	2.30587	-0.207294	1
3131	2.05936	24.7976	0.0365336	1
3139	1.37392	17.4436	0.187516	1
3147	2.12636	11.2387	-0.391901	1
3148	1.02811	14.3722	0.393006	1
3150	2.81347	6.85642	0.538765	1
3163	2.81607	20.8384	1.10897	1
3165	1.80309	17.1467	-0.731969	1
3168	1.40266	2.64079	0.548819	1
3169	0.243222	9.3063	0.635383	1
3183	4.62068	15.4333	0.519461	1
3187	2.2776	12.8756	0.432654	1
3188	2.36576	13.3678	0.740146	1
3190	4.73232	22.1843	0.645746	1
3195	2.53779	8.19721	-0.0179474	1
3201	2.06522	3.32254	-0.0995871	1
3202	2.12111	20.0102	0.394456	1
3207	2.94845	10.2236	0.399578	1
3211	4.67203	18.2442	0.390027	1
3212	4.07418	18.3708	-0.0520031	1
3216	2.76341	8.40814	0.609282	1
3225	2.41256	20.4211	0.45825	1
3227	1.78459	4.83325	0.471291	1
3229	1.82319	4.18906	-0.320973	1
3236	2.84507	0.565955	0.678571	1
3239	2.51736	15.8255	-0.155354	1
3240	0.462861	23.9114	0.940899	1
3248	0.950938	13.6853	0.16864	1
3252	2.81103	12.2573	0.741064	1
3267	1.18785	15.5026	0.21373	1
3271	4.99235	3.0605	0.828907	1
3283	0.779361	12.0335	0.918396	1
3284	4.61125	3.92611	1.05296	1
3285	2.03168	6.29185	0.14554	1
3288	3.34524	10.5289	0.8792	1
3291	4.58768	20.4456	0.467563	1
3293	3.53453	19.5226	1.07436	1
3296	1.90949	19.4643	0.169956	1
3316	3.44277	15.8155	0.181265	1
3318	4.34183	1.24631	1.21482	1
3321	2.76813	6.75851	0.852299	1
3327	3.36905	1.77284	0.42445	1
3331	0.302688	2.01431	0.294893	1
3332	4.35014	15.8365	0.655138	1
3334	0.536276	17.3528	0.0385188	1
3338	1.87907	21.6026	-0.224418	1
3339	2.15659	21.4176	0.768457	1
3346	3.37817	18.6289	0.455185	1
3348	0.511196	4.85215	0.0964251	1
3350	3.77888	8.85266	0.399601	1
3351	1.70756	4.56724	0.88816	1
3356	4.65058	23.696	1.06193	1
3375	3.34946	23.6534	0.506308	1
3377	4.33296	10.6493	0.0935746	1
3379	3.25584	23.5788	0.805736	1
3387	3.35432	7.7042	0.140945	1
3388	3.27779	8.02719	0.731541	1
3389	3.81505	16.7104	0.322783	1
3393	2.3042	4.59753	0.880984	1
3400	3.11172	24.9461	-0.0529039	1
3403	1.55093	10.0048	0.606431	1
3404	2.64667	21.0551	0.564786	1
3409	1.19174	9.04563	0.259206	1
3410	3.80107	19.614	0.221234	1
3411	4.06408	19.4304	0.53566	1
3421	4.77937	12.2252	0.523368	1
3437	1.32205	6.46924	0.0300819	1
3461	1.20438	19.9675	-0.0346362	1
3478	0.259921	12.8364	0.680027	1
3489	4.84128	17.8893	0.888102	1
3494	4.51317	6.11296	-0.577665	1
3510	1.43509	23.1643	0.996399	1
3519	4.36818	4.12879	1.56033	1
3535	1.95054	17.0944	0.056092	1
3536	2.96247	6.33511	0.652229	1
3538	2.7503	4.24686	-0.0166535	1
3540	2.33872	6.69334	0.335968	1
3545	0.976323	18.8831	0.330387	1
3549	0.999011	19.8984	0.541029	1
3559	1.10962	23.3546	0.708127	1
3566	2.58762	10.0512	0.740903	1
3569	4.51558	17.6527	0.859766	1
3579	4.08535	4.69665	-0.193424	1
3580	1.0335	5.80695	0.264714	1
3582	3.15887	19.2209	0.213268	1
3608	3.21288	19.093	0.583315	1
3610	0.759203	12.8626	0.292501	1
3612	2.55001	23.3325	0.017377	1
3613	3.75115	17.2543	0.0435088	1
3614	3.88655	17.8776	0.977177	1
3630	1.4799	20.8371	0.606681	1
3635	1.9237	24.1394	0.323298	1
3640	4.9865	4.31571	0.227906	1
3647	1.22499	7.92082	-0.565081	1
3653	1.74378	23.4142	0.373835	1
3654	1.53085	22.7306	1.03406	1
3655	1.58562	0.75488	0.490491	1
3666	4.85313	18.5221	0.281239	1
3668	1.71923	15.7225	0.738915	1
3673	0.679709	0.450654	0.403618	1
3675	1.77821	2.25466	0.0677237	1
3682	2.04015	22.2589	0.48703	1
3705	0.778437	2.548	0.782081	1
3710	0.974743	13.8244	0.920727	1
3719	3.66116	19.1847	0.375564	1
3722	0.596631	19.7095	0.0984622	1
3729	4.87251	7.81905	0.447789	1
3742	0.451246	12.5118	0.454958	1
3748	0.996708	23.3037	0.99697	1
3762	0.725794	0.37642	1.15852	1
3764	4.16438	12.281	0.798156	1
3787	4.27841	2.26933	0.363603	1
3789	3.60309	13.8645	-0.012965	1
3795	4.88657	19.9209	0.273632	1
3797	0.41271	12.0642	0.0605164	1
3809	3.87761	20.0533	0.485766	1
3813	4.73286	17.2868	0.495855	1
3818	0.541804	5.53969	0.528917	1
3819	2.92325	6.42257	0.618445	1
3826	2.95423	10.394	0.176677	1
3829	4.97789	13.4591	0.922007	1
3830	3.14253	15.9262	0.605136	1
3832	1.47359	2.80274	0.02772	1
3845	1.84736	21.6008	0.383164	1
3850	2.37787	6.34485	0.368226	1
3862	2.65103	8.38521	0.24124	1
3863	1.57937	15.0697	-0.0138159	1
3870	1.1905	11.1641	-0.877062	1
3881	0.0770281	4.31718	0.793024	1
3886	3.77697	15.1217	0.46098	1
3888	0.578741	9.64931	1.25512	1
3893	4.73844	24.7532	0.639425	1
3904	0.588436	17.0095	0.545058	1
3907	4.62434	22.7623	-0.0394196	1
3908	4.15113	23.2695	0.259655	1
3911	2.83919	18.9101	0.315158	1
3916	1.82744	0.971461	0.317482	1
3918	3.34584	6.62813	0.62984	1
3920	0.444752	9.91733	0.479725	1
3925	3.57834	12.6327	0.0390695	1
3929	1.50489	14.396	0.119883	1
3933	1.6265	20.3027	0.430015	1
3939	0.98745	0.246574	0.595407	1
3942	0.431572	17.8568	1.49478	1
3943	0.217297	20.5774	0.320866	1
3949	2.52312	23.6638	0.627684	1
3955	1.48272	5.59731	-1.10047	1
3956	1.8187	5.03984	-0.141851	1
3957	2.31456	8.48928	1.14564	1
3959	0.853341	16.9439	0.769979	1
3961	3.27687	17.4607	0.957083	1
3962	4.27678	21.1155	0.335003	1
3968	1.31649	1.62883	0.200095	1
3974	0.263324	20.6706	-0.0106522	1
3975	2.00207	3.94531	0.0198756	1
3977	4.63461	5.56136	0.322689	1
4	7.6675	12.6474	0.335502	2
5	6.8727	24.6435	0.50397	2
8	9.04668	17.0871	0.330722	2
17	8.47153	15.9432	0.379219	2
19	7.22134	3.5322	0.403454	2
20	9.35433	15.1965	-0.0688934	2
21	9.59826	13.4974	0.119274	2
27	6.6879	24.8122	0.401109	2
30	6.377	5.49716	0.362344	2
38	7.19117	4.38143	0.0241903	2
40	5.93371	23.5185	0.50813	2
41	8.1807	22.0453	0.445537	2
44	7.5028	10.3077	-0.272934	2
48	8.19268	7.39749	0.559893	2
53	5.78101	15.3432	0.47383	2
54	9.99005	22.3134	-0.173745	2
57	7.24615	14.4233	0.90419	2
58	9.8827	15.6873	0.448799	2
70	7.57954	15.9462	0.829414	2
77	5.47647	18.0432	0.371445	2
78	5.94627	23.9071	0.666236	2
83	8.34564	20.8006	0.298146	2
84	5.84771	23.7575	-0.335746	2
88	8.42347	3.70364	0.124497	2
89	8.15035	4.61161	-0.134248	2
95	7.97665	18.1338	0.408214	2
99	5.08331	22.3661	0.386101	2
106	8.92061	13.5192	0.889216	2
111	7.61282	14.4383	0.144562	2
112	5.11306	12.2277	0.258484	2
113	9.91983	6.50454	0.700097	2
117	6.88036	16.6289	0.327055	2
126	9.85434	8.71239	-0.325129	2
128	8.71689	4.15176	0.233256	2
133	6.2125	5.51092	0.112252	2
137	6.23532	16.0749	0.304648	2
141	7.84079	7.85397	-0.149472	2
142	9.88084	12.0248	0.456485	2
148	7.91674	11.3708	0.494621	2
153	5.15507	22.8207	0.324544	2
154	7.24029	13.7812	0.913486	2
156	9.98115	2.42896	0.332183	2
162	5.56619	10.3017	0.695863	2
175	7.12065	12.6328	0.706626	2
181	7.96454	1.90551	0.465937	2
185	9.20166	19.5956	0.0855215	2
193	5.41946	16.499	1.17457	2
204	6.72982	6.04833	0.211981	2
206	5.60357	15.6147	-0.206236	2
207	8.75135	14.887	0.314716	2
210	7.21575	16.2931	0.506902	2
214	7.98846	16.2623	0.523742	2
215	5.42416	10.8455	0.10215	2
231	7.55894	10.2685	0.660796	2
235	7.08493	19.6709	0.530605	2
238	7.97593	18.2002	0.725888	2
241	9.8708	7.71438	0.411027	2
249	6.89073	5.10502	0.266054	2
256	9.56266	20.3792	0.793888	2
257	5.47985	13.1859	0.307447	2
265	9.46945	19.6054	-0.449961	2
270	8.63141	19.5949	-0.0304854	2
278	9.38515	23.7669	-0.223912	2
279	6.70457	8.82512	0.726688	2
285	9.584	17.1648	-0.0906678	2
302	9.94695	2.77291	0.502859	2
307	7.66716	18.4548	0.501499	2
309	6.8918	19.294	0.35522	2
323	6.68796	15.5864	0.133668	2
328	7.37702	12.3073	-0.912146	2
346	9.99442	7.60371	0.5954	2
350	8.94428	18.8705	0.393038	2
351	7.50771	4.47058	-0.121912	2
352	6.27876	10.2571	-0.017318	2
357	5.18524	10.9126	0.935942	2
370	5.8136	13.1492	0.412144	2
372	8.43404	8.00517	0.575143	2
381	7.16482	11.8627	-0.0591421	2
382	5.81177	7.26366	-0.174097	2
384	7.20252	8.19354	-0.353646	2
388	8.93856	11.6192	0.628261	2
402	8.59504	11.8924	0.967336	2
412	5.71221	22.4921	0.0357323	2
415	5.1898	5.72371	0.0175578	2
421	8.91941	19.844	0.520154	2
439	8.46945	19.9636	0.156778	2
441	5.54308	3.06575	0.423346	2
442	6.17157	19.9098	0.707259	2
444	5.40211	4.02374	0.363491	2
446	6.497	12.4339	0.790341	2
447	5.74019	22.3938	0.00724503	2
455	8.78728	17.1163	-0.231003	2
456	7.00545	20.9308	-0.427944	2
457	7.35627	5.71596	0.517997	2
462	6.16746	4.64144	0.623264	2
466	7.15753	4.66996	0.066989	2
467	6.07099	0.963334	1.07318	2
470	8.03305	7.88712	0.0602096	2
471	7.83566	17.7921	-0.0100635	2
473	8.94595	5.02577	-0.297381	2
478	9.10666	9.58133	-0.0406809	2
486	9.59223	17.416	0.0796898	2
487	6.14755	1.80718	1.13645	2
490	8.02015	0.186363	0.334268	2
504	8.85976	20.4069	0.432955	2
512	6.07213	20.2877	-0.282299	2
516	6.01255	1.34974	0.699108	2
517	8.79561	24.2742	0.383422	2
521	9.3737	1.38243	-0.242456	2
524	9.98061	15.4137	0.679588	2
526	9.98882	4.06603	0.549567	2
527	9.35254	15.2197	0.51515	2
530	8.66315	11.4638	0.419056	2
533	8.30324	0.807266	1.03133	2
534	7.29369	14.1894	0.135202	2
546	9.27913	16.6431	0.579189	2
567	7.22769	19.3085	0.820788	2
571	6.04325	22.0259	0.633314	2
573	9.82192	14.0344	0.195705	2
577	8.60343	20.3145	0.111017	2
579	6.67861	14.17	0.414725	2
581	7.02813	24.6558	0.131324	2
582	6.48319	11.5885	0.048424	2
603	7.37495	16.7033	-0.424988	2
623	9.7412	1.43932	0.280355	2
625	5.81962	12.1556	0.423329	2
627	5.61042	21.1091	0.670905	2
628	7.99964	4.27422	0.0224469	2
632	5.51524	12.4396	0.289399	2
637	8.852	7.99597	0.535243	2
642	7.14499	20.5406	-0.286091	2
649	5.9052	3.01746	0.361606	2
660	8.54817	17.945	0.503374	2
662	7.84709	20.8777	0.113476	2
668	8.4154	3.05353	0.241692	2
676	9.99877	3.32619	0.246957	2
677	9.39835	5.70101	0.351361	2
681	7.35765	14.3904	0.765061	2
685	7.40688	5.12743	-0.252488	2
689	6.3875	5.48741	0.598356	2
694	9.568	20.4994	0.685265	2
696	6.8337	14.8074	-1.43123	2
698	9.39728	24.2348	0.850028	2
699	8.41593	1.21496	-0.0160511	2
700	7.05467	20.4196	0.522044	2
703	6.44194	7.63159	0.435666	2
705	7.12286	16.9852	0.442543	2
711	9.37385	23.8742	-0.0596911	2
712	6.14153	0.898106	0.432645	2
714	5.09067	5.75556	-0.611626	2
719	6.24229	17.3576	0.441123	2
722	7.44922	8.32661	0.878504	2
723	9.05339	10.3993	0.0764805	2
724	5.78104	22.067	0.667146	2
728	6.02515	21.4447	0.122204	2
730	5.31629	18.1451	-0.918252	2
735	8.47032	16.0216	0.0347492	2
741	6.21361	3.80878	0.425199	2
751	8.30834	24.0003	1.1077	2
757	6.69366	2.50472	-0.0354512	2
758	7.49092	14.5563	-0.149396	2
767	9.95269	0.821128	0.781639	2
768	8.86278	15.685	0.588338	2
772	6.60518	20.053	0.759195	2
777	5.85994	17.5307	0.385452	2
786	5.75633	15.6077	1.88556	2
790	9.09859	0.418797	0.768056	2
794	9.40359	18.3576	1.19526	2
795	6.80619	0.114625	0.252535	2
807	9.47973	2.2684	0.258416	2
814	6.82904	22.4845	-0.0871534	2
820	9.19742	22.2575	0.457593	2
825	9.0525	21.9641	0.144793	2
845	9.9471	1.30614	0.420526	2
848	6.19666	24.2182	0.465985	2
851	7.86408	3.2766	0.207041	2
858	8.81167	21.8182	0.0568925	2
865	9.96035	1.04126	1.02006	2
879	5.70941	20.5857	-0.349246	2
887	7.96347	17.2524	0.182937	2
896	7.72591	14.8473	0.0339496	2
897	7.59752	24.2535	0.386969	2
902	5.27283	21.5839	0.920614	2
905	8.67864	3.39089	0.245573	2
906	8.86172	7.12002	0.599613	2
907	7.23994	11.2192	1.1257	2
908	5.53194	4.68179	0.459501	2
917	6.90045	17.9836	0.627125	2
919	7.2038	10.5438	0.291019	2
920	9.22872	10.7144	0.465438	2
923	6.44353	24.018	-0.0860423	2
930	7.00327	17.309	0.44167	2
934	7.74137	20.3543	0.571383	2
945	6.795	14.7213	0.410433	2
947	6.85398	21.8392	0.628784	2
948	8.11115	5.49524	-0.0355635	2
952	8.22568	2.97027	-0.0232628	2
953	8.32354	3.42255	-0.0852518	2
957	5.38509	19.3451	0.22447	2
960	8.56742	6.38341	-0.102538	2
965	9.82635	9.2269	-0.40641	2
973	7.64117	2.72559	0.722597	2
977	7.35028	6.2734	0.924374	2
981	8.8402	23.3018	0.785287	2
982	6.81671	3.3862	-0.180769	2
984	8.73856	12.4664	-0.237015	2
986	9.4251	16.1357	1.09328	2
1007	5.32424	1.18802	0.31179	2
1010	8.50015	2.32411	0.197353	2
1018	9.58207	23.0965	-0.239564	2
1019	6.65763	17.466	0.412255	2
1020	6.24582	17.8202	0.521802	2
1029	9.36329	13.1989	0.532983	2
1031	5.64684	5.89403	-0.0408669	2
1033	6.22316	24.3686	0.727299	2
1034	5.30984	8.66553	0.433464	2
1038	5.68791	16.2853	0.79375	2
1043	7.09136	19.6189	0.782575	2
1055	7.40507	2.15237	0.905535	2
1064	7.26937	19.5633	0.80922	2
1068	7.30086	4.67483	-0.0636916	2
1072	8.84285	12.9461	0.536494	2
1077	6.57754	7.73868	0.315799	2
1081	9.72169	3.04439	0.25133	2
1083	7.00594	22.3056	0.136792	2
1089	6.8882	12.3847	-0.177006	2
1106	9.68852	0.690707	-0.120345	2
1110	6.69261	4.97513	0.32886	2
1111	8.70905	21.6389	-0.0665004	2
1113	9.89726	19.7496	0.520007	2
1117	7.69378	1.1409	0.889456	2
1119	7.86955	17.7701	0.332367	2
1121	8.74697	9.19979	-0.223971	2
1123	6.38579	13.4317	0.672633	2
1130	7.16018	6.36182	0.418489	2
1136	7.88072	18.3008	0.317	2
1138	9.28558	17.9917	0.114862	2
1140	8.89971	16.8309	0.568984	2
1141	6.02157	15.8655	-0.248988	2
1142	5.79626	24.1943	-0.318134	2
1148	7.57296	6.66583	0.339812	2
1154	6.10791	3.62033	-0.750973	2
1156	7.10327	16.2975	0.595134	2
1159	7.92569	11.9132	-0.0481052	2
1161	8.50599	1.15556	0.601912	2
1162	9.67935	22.5935	-0.268601	2
1166	8.1982	3.54769	1.04319	2
1168	8.91533	14.9791	0.251412	2
1173	8.42541	2.27841	0.158831	2
1176	5.13852	20.901	0.732835	2
1178	5.67699	2.208	1.11761	2
1180	6.8354	14.5991	0.652117	2
1183	5.71176	17.2049	-0.297662	2
1190	6.4526	3.93259	0.744958	2
1192	8.33115	18.3848	-0.235808	2
1193	6.45082	6.70585	0.678715	2
1194	8.22703	12.6312	0.465365	2
1208	7.29037	6.85348e-05	-0.181008	2
1218	9.68029	9.13954	-0.0348272	2
1219	6.81574	0.818177	0.487472	2
1221	9.1341	6.78409	0.375973	2
1226	5.12292	19.2882	0.294473	2
1228	8.24233	19.5273	-0.184543	2
1234	9.32522	16.3481	0.463887	2
1235	7.42662	0.394188	0.0746995	2
1236	8.94424	8.53491	-0.428398	2
1238	7.59522	19.6824	0.310944	2
1239	5.08233	17.9223	0.485887	2
1246	8.23263	12.8119	0.551668	2
1249	8.56443	19.2604	-0.420831	2
1268	6.78062	9.71573	0.229963	2
1270	5.6365	9.22948	1.07117	2
1277	6.36873	19.1404	-0.214826	2
1278	5.76086	24.2607	0.326404	2
1281	6.41713	16.5106	0.693408	2
1289	5.46384	11.0635	0.60032	2
1290	5.17071	8.90927	0.738679	2
1291	6.09894	8.99228	0.284101	2
1292	8.62214	15.2751	0.52374	2
1303	9.73123	22.4539	-0.155184	2
1309	8.74786	18.169	1.55705	2
1314	5.82939	8.47016	0.247923	2
1330	6.55857	10.7124	0.474893	2
1335	6.92045	14.9349	0.210511	2
1341	6.01159	8.05125	-0.242757	2
1342	9.26442	21.6212	0.334011	2
1355	5.39665	4.29013	0.302919	2
1356	8.9741	1.84004	0.583106	2
1357	5.73958	23.9916	0.323053	2
1366	8.43234	9.98243	0.1837	2
1374	9.38896	18.9263	0.206884	2
1375	5.25478	7.63758	-0.325938	2
1378	6.81983	22.5073	0.616965	2
1384	8.40574	2.29808	0.705696	2
1398	6.36147	13.6224	-0.703193	2
1415	7.12699	8.88957	0.388889	2
1426	8.06932	7.05088	0.657022	2
1429	9.83932	9.71146	0.466974	2
1436	5.081	18.0192	0.932437	2
1444	8.70274	7.71126	1.25355	2
1450	6.36075	18.2278	-0.0328961	2
1453	9.15611	20.8361	-0.195598	2
1473	6.81532	11.0522	0.0131181	2
1474	7.3201	3.92022	0.404404	2
1485	8.66436	20.7172	0.280172	2
1486	5.39161	6.11266	0.330631	2
1487	5.09732	6.4641	0.31724	2
1489	8.97858	20.8847	-0.858537	2
1503	6.57001	2.69705	-0.335187	2
1504	8.26525	10.5534	0.715214	2
1505	6.70443	16.2441	1.01186	2
1512	6.25393	6.21017	0.576198	2
1520	9.03762	5.80355	0.351711	2
1522	7.96303	23.7565	0.000235608	2
1528	9.71293	6.84874	0.94658	2
1531	8.38375	4.80611	0.89618	2
1532	8.35599	22.9158	-0.756061	2
1533	6.35254	16.6426	-0.0067736	2
1545	6.058	4.31558	0.111606	2
1560	9.68856	23.2962	0.381815	2
1561	8.15907	21.658	0.864384	2
1562	8.29655	13.1215	0.244991	2
1565	8.76469	20.0581	0.151141	2
1573	5.83419	7.44629	-0.111087	2
1580	6.35175	11.3653	-0.0551172	2
1587	5.92839	3.45637	0.824523	2
1588	6.1059	3.11017	-0.336209	2
1589	5.55087	4.25677	0.0183394	2
1603	7.31575	23.3322	0.61935	2
1608	5.81696	10.1296	0.035153	2
1609	6.38411	21.3019	-0.166247	2
1610	5.97036	4.46745	-0.249345	2
1614	8.62979	16.6996	-0.614048	2
1617	5.16228	21.2075	0.124798	2
1629	6.34898	8.46862	0.498964	2
1635	5.14351	15.2973	0.454984	2
1636	8.68679	14.3888	0.0958577	2
1651	9.08539	9.02208	-0.0708133	2
1653	5.04245	17.6832	0.462844	2
1654	8.66379	22.7805	0.510392	2
1660	7.33211	16.2756	-0.542058	2
1664	9.37228	15.254	0.405284	2
1672	5.69976	4.59749	0.46896	2
1676	5.90436	10.529	0.0975233	2
1677	7.66913	22.013	-0.150873	2
1680	8.33364	18.3002	-0.0100894	2
1686	6.07268	5.30981	-0.0583526	2
1690	7.2191	8.82575	-0.306694	2
1709	7.82585	23.2299	0.0308644	2
1710	9.63658	16.7029	0.816872	2
1733	8.97978	13.7814	0.234536	2
1743	5.64314	8.06594	0.0192941	2
1750	8.6236	17.0115	0.224259	2
1758	8.16831	11.5701	0.0877832	2
1759	9.23826	20.4997	-0.119923	2
1766	8.4402	0.368773	0.0644198	2
1767	7.68082	10.9028	-0.314575	2
1771	7.78124	22.4213	0.35227	2
1772	5.67448	6.05825	0.871168	2
1776	7.39808	3.06259	0.454763	2
1777	6.93292	4.93712	0.607873	2
1778	9.70677	24.0034	0.195435	2
1787	6.19805	14.9809	0.499489	2
1790	6.81138	19.5045	0.526075	2
1797	7.50863	18.7444	0.729249	2
1804	9.30414	0.908097	0.737108	2
1808	6.38939	9.31302	-0.574506	2
1811	6.34707	5.80762	0.482121	2
1830	7.14164	17.1965	0.288267	2
1843	7.51123	20.6525	0.517185	2
1846	5.24097	0.0932415	0.510806	2
1847	8.08962	24.8993	0.507884	2
1849	7.65888	8.61719	0.27428	2
1850	6.19555	0.572395	0.361346	2
1851	5.70828	0.371515	-0.484756	2
1855	9.29279	1.2342	0.826291	2
1856	7.8851	8.63429	0.517764	2
1857	5.81475	19.0774	0.111851	2
1858	7.70311	16.0453	0.4	2
1861	9.79645	22.0586	0.560412	2
1866	5.5641	0.565054	0.633763	2
1868	7.18145	3.06106	-0.131276	2
1869	7.18418	7.18167	0.794938	2
1871	8.3146	14.761	0.0437393	2
1879	9.82442	22.0621	-0.121766	2
1884	7.70669	2.48589	0.324443	2
1886	7.15768	24.736	-0.0954941	2
1896	9.98616	5.71752	1.26398	2
1898	7.54885	6.61929	-0.609902	2
1899	5.70059	14.7686	0.273623	2
1917	7.89638	17.3711	0.941086	2
1919	5.60218	23.9513	-0.0361833	2
1929	5.58115	3.14673	1.18624	2
1930	6.65948	22.6846	0.865593	2
1931	9.94814	5.34196	0.619815	2
1941	8.24545	12.8726	0.281767	2
1944	8.07069	23.001	0.130764	2
1946	7.88189	1.3843	0.376071	2
1947	5.63881	21.2143	0.77514	2
1949	9.5445	18.8746	-0.28576	2
1954	8.9063	4.51607	0.241191	2
1965	7.30434	11.2432	0.124092	2
1966	9.43549	11.5264	0.702514	2
1969	8.37003	1.82206	-0.00817483	2
1974	9.15336	4.30039	-0.0139184	2
1977	7.81534	14.2499	0.914498	2
1982	9.97873	12.7489	-0.133836	2
1988	7.13807	1.67666	0.501111	2
1989	9.61945	13.4383	0.569136	2
1994	6.88398	6.78603	0.390395	2
2001	8.50235	13.3223	0.449045	2
2004	5.70315	5.78803	0.775707	2
2006	6.34536	9.76296	0.100901	2
2010	9.08285	12.1551	-0.114998	2
2025	9.17757	7.23247	1.0444	2
2030	6.91628	14.7581	-0.907531	2
2040	8.76467	0.352689	0.0631973	2
2044	7.55076	24.7655	0.255862	2
2047	6.45676	16.8113	0.836293	2
2049	9.97936	20.3473	-0.257779	2
2054	9.35212	8.01129	-0.709706	2
2057	8.99133	24.3963	-0.024539	2
2066	5.67346	15.6447	0.136694	2
2069	8.43504	2.03602	0.811568	2
2075	6.37925	3.13845	0.926796	2
2082	9.93952	4.82074	1.22672	2
2085	6.84487	17.5426	-0.0668146	2
2096	9.03743	5.29933	0.515506	2
2097	8.04026	15.2456	0.159612	2
2098	9.88417	15.6338	0.0819629	2
2100	6.14788	8.88238	0.174751	2
2101	9.76979	9.72005	0.379588	2
2106	7.04457	7.77271	0.313017	2
2108	9.4509	10.3075	-0.0245789	2
2111	5.18394	23.6155	0.291538	2
2114	5.73713	19.8374	0.270324	2
2116	9.05161	21.2612	0.215105	2
2117	9.17413	2.86477	0.109745	2
2120	8.65731	5.98769	0.590744	2
2123	5.22231	19.7408	0.377966	2
2136	9.17899	9.67989	0.51107	2
2138	9.01909	2.30916	0.722097	2
2140	6.49588	9.61884	1.17738	2
2157	8.2981	19.9343	0.471262	2
2181	5.74996	24.7888	-0.0402839	2
2182	6.33781	11.9711	0.0446628	2
2184	8.82861	1.38564	-0.107449	2
2194	6.96347	10.8157	0.729972	2
2199	6.5629	2.81233	-0.114083	2
2200	6.38256	3.86322	-0.514517	2
2205	8.54537	8.68375	0.3477	2
2207	7.3753	10.7002	-0.247601	2
2212	8.57644	5.74482	-0.435964	2
2213	6.94751	11.4561	-0.089479	2
2214	7.78645	16.9217	0.060702	2
2219	9.21458	18.0337	0.61522	2
2221	6.23906	18.3814	0.330913	2
2229	8.6468	6.6416	0.0656066	2
2232	6.60086	22.6318	0.671593	2
2233	6.83508	23.9474	0.591887	2
2235	7.99818	24.7858	0.452891	2
2238	9.1179	18.4141	0.370228	2
2240	7.40721	1.83226	0.0433611	2
2242	5.99247	18.8335	0.154218	2
2246	9.93008	23.6032	0.622754	2
2247	7.32672	17.5895	0.325723	2
2251	6.71426	15.877	0.508509	2
2256	7.30955	11.2847	1.06783	2
2258	8.41547	4.54888	0.782148	2
2269	8.60468	22.369	0.905721	2
2273	5.42166	22.0691	-0.168177	2
2274	9.96948	20.8798	0.225547	2
2277	7.35037	20.6033	0.31465	2
2278	6.41405	18.7991	0.412022	2
2279	7.20803	11.0715	0.613485	2
2284	6.65025	13.1023	-0.0802937	2
2286	9.99722	8.48438	0.160901	2
2303	7.79954	0.804483	0.474091	2
2308	7.21429	19.0042	0.473558	2
2319	8.06004	6.03308	0.364077	2
2324	9.72286	12.7246	0.326672	2
2327	6.56943	0.598818	0.188075	2
2334	6.83122	13.8024	0.531577	2
2343	9.75732	2.43352	0.532962	2
2344	6.45128	22.6029	0.36535	2
2350	5.97568	8.87139	0.195689	2
2355	8.91892	10.1511	0.0205787	2
2356	9.77792	10.5221	0.259873	2
2366	5.18647	18.7953	-0.829652	2
2367	5.83322	3.8674	-0.0946362	2
2380	5.94011	2.29275	-0.247548	2
2382	7.30932	1.11122	0.190477	2
2383	7.61368	1.57944	0.699677	2
2391	8.30774	20.8316	0.766727	2
2402	9.18306	12.4146	0.50368	2
2405	5.89909	4.38871	0.286326	2
2412	7.22396	22.9163	1.45367	2
2414	9.1673	18.4745	0.568409	2
2415	7.72442	7.87684	0.230786	2
2417	6.45271	5.59864	0.159823	2
2422	9.02645	11.6779	0.101615	2
2428	8.00306	2.99457	0.604507	2
2430	6.92607	4.60508	0.530504	2
2445	9.31166	23.0177	0.632123	2
2457	6.32499	21.5725	-0.023774	2
2458	9.55779	17.7631	0.505312	2
2461	5.8458	16.0858	-0.383248	2
2462	6.66639	16.5747	1.02162	2
2469	7.37378	21.5295	0.0472037	2
2470	6.3552	3.38371	0.474846	2
2479	6.08279	13.3987	0.441499	2
2484	9.10865	16.2679	0.126057	2
2491	9.30554	13.2707	0.556012	2
2496	8.8572	13.0025	0.0654972	2
2504	7.54729	22.6234	0.487596	2
2509	8.694	24.2013	-0.224577	2
2510	8.3502	24.5436	-0.334297	2
2512	5.70936	5.61005	-0.641677	2
2514	9.44742	9.60215	0.928602	2
2528	7.93641	20.0939	0.174676	2
2549	8.03569	10.572	0.102516	2
2564	6.69331	23.5567	-0.212733	2
2580	8.64371	23.0649	-0.141005	2
2582	7.67796	2.10091	0.603733	2
2583	9.58025	2.32413	-0.183271	2
2585	7.12777	15.5612	0.285076	2
2594	6.20289	15.03	-0.0944933	2
2595	5.50313	21.9779	0.596598	2
2598	7.07027	23.1242	0.256828	2
2604	8.39438	21.6482	-0.259555	2
2608	6.13313	2.2542	0.430701	2
2613	8.46897	20.5745	0.550363	2
2614	6.35343	23.4544	1.10001	2
2616	9.28971	17.8942	0.641985	2
2619	5.12431	17.6099	0.94806	2
2620	7.96543	7.60379	-0.109589	2
2628	9.70815	9.90443	0.0850067	2
2629	7.69547	20.296	1.15426	2
2633	6.14121	16.7665	0.293828	2
2634	6.11831	15.7819	0.829559	2
2637	8.98921	12.1456	0.377973	2
2641	7.17849	21.171	-0.293483	2
2658	7.43617	9.05819	0.0490704	2
2662	8.90759	1.85804	0.589324	2
2665	7.90511	15.8913	0.22188	2
2666	6.93188	24.389	-0.096939	2
2684	9.82112	10.8835	0.00856921	2
2688	9.373	0.68669	0.0424388	2
2691	7.34805	23.3612	0.202518	2
2694	5.26845	1.08212	0.222719	2
2698	6.61828	5.93919	0.388821	2
2699	8.77621	10.5119	0.195252	2
2700	5.39489	8.42404	0.0758371	2
2702	6.22213	14.5007	0.183449	2
2704	9.83236	0.575541	0.37377	2
2706	8.91868	20.5633	0.207463	2
2713	7.33851	8.00576	0.0148174	2
2716	8.54073	22.5998	0.709086	2
2721	9.75984	6.57138	-0.0677822	2
2722	7.47233	15.4074	0.284477	2
2726	8.08649	23.877	0.399723	2
2729	9.41706	19.5511	-0.120326	2
2732	6.65146	15.1654	0.0438469	2
2736	7.87569	12.5612	0.921744	2
2744	6.35808	23.7819	1.02037	2
2751	5.60002	20.32	0.404629	2
2754	6.02866	19.7297	0.199343	2
2755	5.83302	19.2506	0.1498	2
2758	8.15168	17.2878	0.485142	2
2759	9.42245	18.5752	0.737982	2
2761	9.59184	21.9418	0.17169	2
2768	6.36256	12.254	0.313193	2
2777	5.87712	9.6015	0.986803	2
2791	5.22545	11.9738	0.564253	2
2792	9.87916	7.18906	0.730551	2
2800	7.82199	13.749	0.683037	2
2802	7.99031	23.929	0.270626	2
2803	6.27167	23.2171	0.630196	2
2808	6.0963	2.07188	0.304167	2
2811	8.76714	24.2485	-0.310383	2
2823	9.48166	11.2022	0.380621	2
2825	6.2194	12.8703	-0.385028	2
2827	8.23301	8.83367	0.525728	2
2830	9.46156	1.25669	0.22575	2
2835	6.76967	4.60534	0.526343	2
2840	6.15871	2.85012	1.21422	2
2841	5.08653	3.01063	0.659398	2
2845	6.63388	19.1217	-0.161521	2
2846	9.92118	9.27905	-0.32665	2
2866	5.90991	13.8832	-0.65165	2
2879	8.35555	18.7216	0.0845915	2
2882	8.61953	4.84768	0.801202	2
2884	8.34666	15.3594	0.0029435	2
2891	6.58509	15.3024	0.00426721	2
2892	5.929	24.171	0.515104	2
2893	9.53728	11.5484	0.5305	2
2899	7.24422	1.97715	-0.20987	2
2900	5.68056	4.77875	0.342729	2
2903	5.85834	22.574	-0.180732	2
2905	9.24215	7.73333	0.244445	2
2907	7.34879	2.30898	0.411921	2
2910	6.48983	2.31614	0.805885	2
2912	6.24847	4.08845	0.871929	2
2916	6.56705	17.2675	-0.273651	2
2918	9.54862	6.42487	0.0708285	2
2919	9.04672	8.1783	0.313941	2
2926	6.96384	13.5034	0.240859	2
2928	8.43694	9.007	0.0806147	2
2931	6.67472	2.82869	0.198733	2
2932	5.1989	21.3392	-0.438408	2
2940	6.23917	12.9732	0.527173	2
2941	5.74398	13.606	1.31901	2
2946	6.34558	23.6811	0.763896	2
2955	9.46144	17.027	0.255524	2
2956	9.81401	4.54232	0.709549	2
2957	7.54343	18.1873	0.969152	2
2961	7.9311	23.2381	-0.243265	2
2983	7.00045	24.7208	0.268031	2
2992	6.61684	7.59277	0.240232	2
2998	8.35393	10.2805	0.222415	2
2999	9.90839	10.5295	0.746564	2
3009	6.69231	3.65003	0.285017	2
3011	5.11554	18.3064	-0.142573	2
3020	7.78796	3.49353	0.491181	2
3025	6.92322	1.04578	0.736319	2
3027	8.3898	18.827	0.633455	2
3031	5.37901	17.2386	1.1127	2
3033	6.68142	4.75824	0.726886	2
3035	7.10444	14.0115	0.455787	2
3036	7.28011	8.54298	0.45817	2
3044	8.19096	10.9936	0.751035	2
3045	6.67278	15.4487	0.655296	2
3051	7.76045	11.438	0.630361	2
3056	5.02102	17.7035	0.298308	2
3074	9.7464	22.8692	-0.124642	2
3077	6.45325	13.8615	0.121031	2
3081	6.96221	8.68043	0.105726	2
3082	8.69518	9.88644	-0.0745923	2
3092	9.35516	6.03842	0.383108	2
3094	9.18905	5.73086	0.419432	2
3096	5.05042	16.2044	0.782296	2
3097	6.62726	21.9274	-0.221459	2
3100	8.55628	17.4651	0.348634	2
3103	5.76622	20.5918	0.719259	2
3104	6.75446	16.3598	0.45331	2
3107	5.35132	1.73914	0.475141	2
3115	9.13791	16.0432	0.70662	2
3123	7.27478	20.0155	0.543196	2
3129	8.38555	23.8394	0.0421465	2
3137	5.07361	15.8346	-0.179898	2
3142	9.95825	13.0215	0.370911	2
3145	7.09939	20.3957	0.433415	2
3153	5.54147	23.0128	0.230867	2
3158	6.76891	1.32092	0.882753	2
3159	9.84698	12.584	-0.111889	2
3160	7.90738	7.78682	0.240433	2
3171	6.07107	17.8237	0.0602422	2
3174	8.57822	13.7845	-0.284139	2
3178	8.66084	4.34632	0.559387	2
3179	8.83008	5.30921	0.332424	2
3180	8.20384	7.05901	0.178082	2
3181	7.27862	24.3126	-0.393985	2
3185	6.32818	7.22495	0.443295	2
3194	5.27408	17.3735	0.338144	2
3198	6.28154	6.29487	0.711409	2
3203	8.99706	7.78477	0.768981	2
3206	8.48329	5.97998	0.187814	2
3208	7.93454	12.0614	0.214459	2
3217	6.06125	4.94229	0.680697	2
3223	9.09072	22.9215	0.321537	2
3230	5.47878	5.61481	0.202463	2
3231	5.5374	6.3146	-0.739319	2
3243	8.39526	10.157	0.467032	2
3244	8.35217	5.83306	0.137312	2
3247	7.58595	10.7646	0.304419	2
3256	6.75775	6.40308	0.627796	2
3257	5.24143	4.30821	0.693831	2
3259	9.06723	11.451	0.455577	2
3265	5.43085	11.6246	0.155366	2
3269	9.85489	21.0135	-0.0871701	2
3274	6.35419	15.5531	0.305635	2
3275	8.34422	3.81503	0.210709	2
3276	8.3159	13.0692	1.22362	2
3290	6.10784	17.956	0.463982	2
3292	6.44727	4.38477	-0.526288	2
3295	7.93231	13.4544	-0.712653	2
3302	6.44699	3.29705	0.736563	2
3308	8.23345	6.78979	0.180197	2
3313	6.36341	10.1907	0.164676	2
3314	6.67772	10.5115	0.386296	2
3323	6.26229	12.1759	0.255228	2
3335	9.47107	17.936	-0.104485	2
3347	8.37154	8.36886	0.663118	2
3352	7.0302	6.47962	0.516665	2
3355	5.03837	23.6461	0.749688	2
3357	6.77741	0.916157	0.034735	2
3369	6.90815	2.97405	0.294766	2
3371	8.95589	17.1191	0.484297	2
3373	7.18844	24.8851	0.577559	2
3374	7.19782	21.6928	0.597065	2
3378	5.95326	8.51239	0.282781	2
3380	8.66301	7.95844	0.413541	2
3386	7.66922	18.7563	0.384377	2
3390	8.54685	18.9881	0.211493	2
3391	8.58169	18.4895	0.251204	2
3392	5.07924	20.6611	-0.625722	2
3395	8.12937	7.1138	0.20183	2
3406	5.75573	9.23709	0.298283	2
3413	5.95736	9.44436	0.572751	2
3414	6.28333	9.30598	0.606444	2
3424	9.18085	16.7652	-0.583749	2
3429	9.86467	24.575	0.50767	2
3438	8.85749	1.57382	-0.606742	2
3445	9.95907	5.88896	0.324085	2
3447	9.56096	22.4187	0.0642424	2
3454	5.71434	19.8458	0.583598	2
3459	9.73665	21.925	0.396477	2
3460	6.60851	3.00282	0.84332	2
3467	9.57189	8.18387	0.526045	2
3469	7.75858	23.3457	1.01955	2
3483	5.32021	2.07419	0.301683	2
3490	9.92297	21.758	1.15045	2
3498	5.44643	14.4159	0.515972	2
3500	7.80623	2.68094	0.297569	2
3502	8.37952	21.1684	0.449558	2
3516	7.49324	17.9096	0.220994	2
3528	5.89716	4.86464	-0.18802	2
3539	5.04247	6.78218	-0.309688	2
3542	7.79303	4.94137	0.350222	2
3547	5.02643	8.73121	1.16365	2
3548	5.43965	8.26151	0.986726	2
3550	7.85156	11.95	0.896694	2
3552	8.52125	16.9092	-0.0213069	2
3554	9.17833	9.90845	0.407428	2
3558	7.69869	11.055	0.16558	2
3565	7.72463	4.29756	0.510539	2
3567	6.06188	7.25544	-0.15044	2
3568	5.38945	0.80579	-0.115684	2
3573	8.33573	5.37822	0.755358	2
3581	9.61092	16.4463	0.218753	2
3583	6.83237	11.6897	-0.236553	2
3584	7.11663	24.5528	-0.726413	2
3585	6.72718	24.6765	0.381791	2
3595	6.83055	6.85604	0.0684292	2
3602	8.35225	14.8842	1.14758	2
3617	7.02342	17.4763	0.526491	2
3618	6.99965	17.6587	-0.0818893	2
3619	8.81839	6.31748	0.171572	2
3620	8.14775	6.94565	0.362154	2
3621	5.05186	15.4509	-0.0668721	2
3622	5.08641	2.97216	0.325944	2
3623	6.7776	5.65263	0.177533	2
3632	6.33167	12.2661	0.645411	2
3636	5.70697	3.54303	-0.386172	2
3641	8.63986	1.39266	-0.527455	2
3642	8.15129	1.70923	0.0186127	2
3648	6.96922	19.3783	1.09005	2
3650	7.22313	2.22761	0.865419	2
3652	6.96504	14.2276	-0.043508	2
3656	6.7221	17.5148	1.18157	2
3657	6.92276	4.14878	0.364597	2
3659	7.5912	14.121	0.723486	2
3661	8.19175	4.72341	0.023963	2
3667	7.77989	17.8274	0.755605	2
3674	7.03163	20.853	0.446349	2
3676	5.50891	10.5065	0.420667	2
3677	5.0508	10.9287	1.08157	2
3684	7.5128	12.0809	0.751629	2
3687	7.20598	4.25362	0.522415	2
3697	9.34419	16.689	-0.409222	2
3698	5.01233	12.2369	0.0244138	2
3699	5.88203	11.9939	-0.34494	2
3702	8.53791	8.54402	-0.105655	2
3703	8.54482	8.15387	0.471389	2
3706	8.9132	22.8022	1.01417	2
3707	8.56345	22.9559	0.930973	2
3715	5.75924	5.14702	0.13933	2
3717	7.5379	5.09246	0.179177	2
3724	8.66098	6.85393	0.341856	2
3725	8.35043	7.11645	1.12754	2
3727	6.40503	17.0896	0.803612	2
3745	6.14213	1.18029	0.183383	2
3746	9.47396	0.624249	0.379855	2
3753	9.31124	0.590437	0.457647	2
3755	8.40059	20.1594	-0.18472	2
3756	6.08611	14.5444	0.035773	2
3758	9.81824	17.9971	0.00451752	2
3759	8.7476	18.501	0.827975	2
3761	8.3427	24.8005	0.603684	2
3777	9.44101	18.5913	-0.08176	2
3778	6.01427	9.96502	0.581086	2
3796	7.1951	24.2099	0.429984	2
3798	8.90112	8.1361	0.27536	2
3803	5.87385	20.3629	0.663411	2
3804	5.1108	19.8994	0.974512	2
3812	5.16179	9.26734	-0.424966	2
3827	6.29058	5.09304	0.0904051	2
3828	6.4427	5.35386	-0.227694	2
3833	7.57575	18.5929	0.0944249	2
3835	5.49947	6.12874	0.465707	2
3839	9.29978	15.2476	0.720427	2
3843	8.22937	8.24155	0.687419	2
3848	6.31223	11.0105	1.35248	2
3866	6.66066	22.7149	0.589917	2
3867	9.83408	7.59925	0.786216	2
3874	7.1595	1.9892	0.504082	2
3875	7.06194	1.91013	-0.304264	2
3879	8.19633	0.905661	-0.16736	2
3885	6.41758	11.5211	0.32065	2
3891	6.94258	19.2168	0.327039	2
3903	9.06085	20.0386	0.90802	2
3905	7.53159	18.4051	-0.322759	2
3912	6.89107	3.74561	0.663208	2
3919	5.75983	16.6296	0.796413	2
3926	9.23684	19.7751	0.685332	2
3930	8.07533	19.6803	0.361333	2
3932	7.97555	13.8899	-0.250156	2
3934	8.96176	9.20012	0.764208	2
3946	7.18142	1.79023	0.00586689	2
3952	5.98226	10.7267	0.347594	2
3953	5.59004	10.4995	-0.442458	2
3969	9.01464	4.21341	0.760666	2
3979	6.93776	16.455	0.562692	2
3	12.8851	16.4765	0.175199	3
6	14.9411	3.77258	-0.440436	3
11	14.8225	6.29314	0.223648	3
24	14.2084	2.83294	0.762691	3
29	14.9252	17.2402	-0.229121	3
32	14.3094	10.1643	0.33915	3
34	14.187	9.80844	0.299886	3
49	11.2576	24.0353	0.573383	3
51	10.1275	13.9198	0.22392	3
55	13.272	4.67648	-0.628492	3
56	11.4279	12.335	0.398262	3
60	11.2938	23.6176	0.00440191	3
61	11.7692	0.508178	0.428488	3
62	13.0913	22.3759	1.10081	3
67	11.4758	6.13725	0.544126	3
71	14.4105	15.7894	-0.0480565	3
80	14.9008	11.2684	0.301388	3
82	14.9731	0.110665	0.446798	3
85	13.6711	13.8436	0.215478	3
91	10.084	3.213	0.722092	3
97	10.8512	24.2965	0.775454	3
108	10.1621	2.92438	0.790238	3
109	10.0245	10.9905	0.0582547	3
115	11.0304	10.1441	0.948102	3
116	11.6492	9.70351	0.998628	3
118	10.7149	13.6453	-0.315541	3
120	13.9515	23.3747	1.3274	3
123	14.7876	8.04648	-0.296242	3
124	14.9963	5.43226	0.224907	3
125	14.4735	23.0495	0.404818	3
127	14.5828	24.8434	0.612503	3
132	10.1723	24.7338	0.343995	3
135	12.8146	15.534	0.298981	3
138	13.9867	5.42192	0.419794	3
150	10.8528	23.8352	0.801227	3
151	14.5674	20.3552	0.154289	3
152	12.6974	0.445396	0.729783	3
157	12.2682	15.1671	0.746102	3
161	11.7756	5.39348	1.32424	3
167	11.4372	2.21878	0.503811	3
170	14.5863	2.77303	0.307195	3
173	14.4881	5.53634	0.965562	3
174	11.1831	21.4929	-0.240133	3
184	12.0611	16.5028	0.51343	3
188	11.1449	19.4062	0.298061	3
189	10.338	13.6244	0.322978	3
191	11.7055	1.78267	-0.380195	3
195	13.8412	17.5332	0.476165	3
196	13.6677	11.7231	0.644694	3
197	14.3342	13.3015	0.608858	3
198	10.9901	24.4747	0.0672261	3
199	14.69	9.43032	0.180284	3
201	11.0601	18.1512	0.883119	3
202	12.4684	21.2091	0.453538	3
205	10.5828	5.63816	0.0846339	3
208	10.1361	24.8342	-0.190421	3
209	12.6057	0.145242	0.472515	3
212	11.7749	23.6701	0.866184	3
216	13.2456	7.45631	0.915526	3
225	14.3504	6.32042	-0.125006	3
228	13.392	17.0654	0.304991	3
230	12.4762	9.7979	0.408446	3
233	12.3413	12.9407	0.894888	3
240	11.0067	23.9221	-0.1933	3
243	12.1851	14.469	-0.161686	3
254	11.2457	13.768	0.238194	3
258	12.1118	16.3337	0.453999	3
261	12.2587	10.3211	-0.00801956	3
262	12.5764	3.76371	0.0334197	3
269	10.7	18.1665	0.0848398	3
281	13.9171	22.8236	0.571333	3
290	11.2844	19.884	-0.2401	3
291	10.9346	7.82377	0.718472	3
293	12.8852	3.22562	0.0443217	3
298	13.3763	8.67239	0.193389	3
301	11.6888	3.64886	0.139413	3
306	10.3722	5.17707	1.17485	3
311	11.1923	20.8624	0.152225	3
315	13.8645	5.9501	0.0879468	3
317	14.5529	15.1978	0.3924	3
318	12.9708	4.03228	0.257189	3
321	14.0306	22.3773	0.1669	3
322	13.8888	1.79414	-0.334723	3
325	10.988	21.733	-0.100181	3
326	13.0771	3.93468	-0.537433	3
329	14.7086	11.3918	0.234389	3
333	13.2352	12.8108	0.664478	3
334	10.879	8.45686	0.35352	3
344	12.6008	4.21442	0.116922	3
354	13.8187	3.64875	0.687075	3
367	12.8688	8.28124	0.259062	3
368	14.5429	23.8275	0.117612	3
374	14.1049	14.2231	0.368212	3
380	10.3955	15.9428	-0.00749277	3
391	14.8501	11.8194	0.624376	3
393	14.6595	23.1068	0.893818	3
395	14.8411	11.4969	0.611596	3
396	10.9193	8.62435	-0.352877	3
398	11.0067	8.57478	-0.283751	3
399	10.3386	20.2483	0.192586	3
400	10.7432	8.3017	0.334907	3
408	11.9828	20.3674	0.0967776	3
410	11.0488	12.8992	-0.053466	3
411	12.5914	12.3673	0.498807	3
413	12.3633	19.985	0.961896	3
418	11.6535	2.06229	0.120522	3
419	12.1222	20.8278	0.678363	3
423	10.644	22.489	0.518654	3
424	14.9134	5.9001	0.797155	3
425	11.7674	22.4994	0.704946	3
427	12.0999	15.5545	-0.505813	3
432	13.1756	11.4929	0.942339	3
438	13.2145	10.7086	-1.16864	3
440	12.6257	12.6679	0.72545	3
451	11.3819	21.4135	0.944898	3
452	14.9245	5.68526	-0.124121	3
458	11.5603	17.9161	0.702146	3
459	11.0913	2.88567	-0.139451	3
464	11.2596	5.2619	-0.216931	3
465	11.2819	23.9583	0.852435	3
476	10.3789	21.0929	0.508286	3
494	10.7265	19.462	1.09002	3
495	12.3545	2.43122	0.932811	3
499	13.3366	2.53849	-0.193129	3
503	13.4354	21.3007	-0.113227	3
511	12.9746	20.5641	0.484424	3
513	12.3874	8.71116	0.206677	3
520	14.5615	13.5196	-0.0442144	3
523	13.3814	4.01873	0.167452	3
529	14.4845	23.6452	-0.110995	3
532	10.3655	8.98322	0.253772	3
535	11.8177	13.3433	0.604518	3
540	10.577	1.78768	-0.0638198	3
550	12.8294	13.6746	0.64989	3
555	11.4512	11.9999	0.0848368	3
563	12.7862	5.44798	0.445726	3
566	10.6131	14.7754	0.128294	3
568	13.5028	5.96148	0.741919	3
570	11.7244	23.2292	0.0993454	3
575	11.918	10.4543	-0.151225	3
583	12.9708	14.5389	0.0612273	3
589	11.4172	7.85804	0.30173	3
610	13.8335	18.9037	0.143309	3
614	13.0998	0.933911	-0.260304	3
616	11.6916	12.7061	0.372706	3
621	13.1442	18.0606	0.0251689	3
624	11.5912	7.40796	0.309212	3
629	10.4859	8.34013	-0.138369	3
638	12.8703	12.5078	0.00491455	3
643	13.6473	19.0295	1.05633	3
644	12.5622	0.919448	-0.205028	3
650	10.657	5.66878	1.21093	3
653	12.2014	24.9838	0.171773	3
661	10.6038	11.3283	0.45954	3
663	14.9572	1.67685	0.816407	3
667	12.1118	3.08901	-0.707794	3
669	11.6108	4.54492	0.151086	3
670	11.6707	14.0387	0.406109	3
673	11.9215	15.9103	0.480862	3
680	11.5312	6.38556	0.431811	3
688	10.1679	24.6358	-0.22631	3
690	10.5593	20.952	0.443345	3
717	12.4491	19.2736	0.722865	3
718	10.5861	0.286815	0.142685	3
721	13.9643	20.9917	0.135346	3
731	12.6692	5.28557	0.591941	3
752	10.2698	18.7041	-0.635554	3
753	14.4549	3.09848	0.756143	3
756	12.9726	17.2509	0.435719	3
771	11.4899	0.848491	1.95919	3
773	10.1465	16.2016	0.604097	3
781	12.5188	24.8712	0.0525584	3
783	12.709	21.2306	0.752351	3
784	10.5972	13.215	0.802428	3
792	13.4025	17.4045	1.58221	3
793	10.4593	18.6098	0.482566	3
803	11.7753	5.60335	0.977038	3
810	11.1208	14.0721	0.197357	3
811	10.1616	21.0839	0.204307	3
815	14.3767	17.9393	-0.392468	3
817	13.7008	8.91674	1.21417	3
819	10.0485	1.71352	1.62774	3
821	12.2641	11.3565	0.149742	3
828	13.1948	20.2532	-0.180229	3
830	11.6784	15.0353	0.636263	3
834	10.9362	1.46225	0.379632	3
841	12.0446	5.62691	0.576136	3
846	11.5445	14.7658	0.891338	3
847	11.4109	16.5033	0.212758	3
849	11.336	18.4522	-0.00720891	3
853	11.4496	9.98296	0.308003	3
854	13.2941	22.2149	0.553566	3
857	14.9728	5.07788	0.674839	3
871	11.8242	18.2529	0.566304	3
873	14.4757	12.6899	-0.197967	3
874	13.5177	2.43545	0.474573	3
877	12.6457	12.6512	0.0396258	3
878	13.2536	16.4345	-0.350804	3
882	11.3579	20.0502	0.344143	3
888	12.0142	18.6443	1.00585	3
898	12.1794	9.21105	0.322548	3
913	13.4166	16.6611	0.304429	3
921	11.7463	8.99099	0.12704	3
951	11.896	20.4943	0.0462542	3
955	10.103	14.4215	0.830685	3
958	10.8271	4.66475	-0.179235	3
964	10.6737	7.52082	0.767921	3
969	10.6935	8.485	0.744664	3
975	13.7065	10.5439	-0.00158686	3
980	12.5034	10.2106	0.418242	3
991	14.3074	14.0003	-0.532266	3
997	12.0187	22.6914	0.297892	3
999	13.1778	18.2047	0.148362	3
1000	13.8123	6.6037	0.19795	3
1002	13.3784	16.2213	1.26931	3
1005	10.9699	15.4274	0.349259	3
1013	10.5686	1.77797	0.194004	3
1023	14.9133	23.542	0.902485	3
1024	13.751	20.3855	0.216093	3
1026	13.6804	11.5432	1.02194	3
1036	14.9416	14.5422	-0.0669113	3
1037	12.1304	4.4719	-0.787484	3
1039	11.1093	21.8687	0.0663837	3
1048	14.7847	19.753	-0.156769	3
1051	13.8384	19.6694	0.470711	3
1061	10.9673	23.5429	-0.350067	3
1065	14.2714	0.804311	0.214079	3
1079	14.8919	0.837589	0.376344	3
1080	12.5654	8.03224	0.959647	3
1082	13.7917	2.68647	0.764426	3
1092	11.717	8.15771	-0.846711	3
1099	14.418	17.3247	0.124711	3
1103	10.546	7.02675	-0.559473	3
1108	12.6983	16.74	-0.00598392	3
1120	11.3989	16.7632	0.195416	3
1137	14.9628	20.7206	0.0848603	3
1146	12.8123	0.450617	0.911808	3
1149	10.342	12.3728	-0.271174	3
1151	11.7864	7.41856	-0.189846	3
1153	10.9981	9.47644	-0.781163	3
1158	13.5491	4.60857	0.208067	3
1167	13.3426	19.5856	0.382838	3
1169	12.7345	13.3008	1.03339	3
1170	10.1761	17.5277	-0.319181	3
1172	14.5873	16.6552	-0.239587	3
1179	12.3608	16.8031	0.550076	3
1187	13.8146	15.1185	0.837807	3
1195	10.0106	17.9812	-0.0509577	3
1199	12.1111	21.1882	0.277178	3
1204	10.9484	17.4823	0.60199	3
1205	10.1242	19.1907	1.01561	3
1206	14.4707	17.5941	0.604204	3
1209	14.1124	16.0865	-0.475385	3
1214	11.2992	4.38645	0.229593	3
1215	14.46	24.8286	-0.489924	3
1230	13.4701	20.5374	-0.189303	3
1237	12.4601	20.0186	0.540011	3
1240	14.9981	4.68879	0.681534	3
1241	11.4051	15.8187	1.10028	3
1252	11.8347	17.3071	0.148011	3
1253	12.8893	10.1711	0.292581	3
1274	12.995	5.242	1.00995	3
1282	11.8487	21.2763	0.348276	3
1293	10.2477	13.0542	0.0906904	3
1296	13.9392	1.65092	0.981762	3
1300	11.8241	3.36613	0.742267	3
1304	11.3145	0.362116	0.382085	3
1311	10.0079	19.8508	-0.724345	3
1316	11.1498	18.7837	0.0340394	3
1317	10.8127	22.3107	0.552169	3
1323	13.1723	3.4656	-0.362519	3
1324	11.6623	20.1041	-0.0784866	3
1325	11.8154	10.5667	0.348049	3
1326	13.533	21.1626	0.821943	3
1332	10.6906	0.223904	1.15279	3
1334	13.0425	15.8504	0.364366	3
1340	14.9523	14.4074	-0.463196	3
1345	14.6584	4.54847	0.636557	3
1346	11.1466	16.8256	-0.129044	3
1349	11.5991	24.8769	0.498247	3
1359	11.93	23.3246	0.479079	3
1365	11.7764	24.6815	0.223295	3
1371	12.999	22.8962	0.538152	3
1376	11.7386	4.96302	0.269501	3
1377	14.3583	21.1781	0.397634	3
1388	10.1345	19.0618	0.371031	3
1393	14.9631	19.4564	0.483702	3
1396	10.4191	5.3016	0.736422	3
1409	14.2267	0.363462	0.20288	3
1410	12.3552	17.9516	0.52288	3
1422	14.9313	5.61777	0.241	3
1430	11.5893	18.418	0.32063	3
1439	12.3462	23.1792	0.819674	3
1446	11.5557	8.94258	0.182839	3
1448	14.859	10.5698	0.666307	3
1457	13.0814	6.69892	0.0662476	3
1462	13.2469	22.1102	-0.0692658	3
1463	10.3667	0.666075	-0.216536	3
1467	12.258	23.3826	-0.190269	3
1469	11.959	6.14174	0.115072	3
1472	12.515	10.3317	0.283717	3
1475	12.9816	17.8919	0.512143	3
1476	13.3547	12.9725	-0.0532177	3
1477	13.6502	14.8303	-0.222631	3
1479	12.257	4.34196	-0.0741207	3
1496	10.9757	10.8279	1.37073	3
1508	11.4675	5.73334	-0.711258	3
1514	12.311	1.62176	-0.202276	3
1515	13.8174	24.2132	0.654373	3
1516	14.9845	23.7348	0.0716896	3
1517	13.5076	24.9851	0.875754	3
1526	12.7071	11.139	1.26057	3
1543	14.929	10.4381	0.792744	3
1544	14.0819	7.82171	1.00225	3
1553	10.6887	4.74976	0.135533	3
1554	14.6469	21.0276	0.135804	3
1556	13.3516	13.6437	0.266333	3
1564	12.4824	16.6154	0.965136	3
1571	12.3827	9.46118	0.817431	3
1572	13.123	13.6599	-0.433919	3
1574	14.3027	19.8094	0.0697788	3
1579	10.9526	13.9294	-0.284827	3
1590	10.7574	0.202524	0.949037	3
1591	14.1323	11.0792	0.701425	3
1592	12.4986	17.2062	0.658839	3
1593	10.9958	2.70904	0.587246	3
1597	10.0625	6.41732	0.839798	3
1601	13.1643	10.7818	0.143937	3
1602	13.8137	2.82787	-0.209696	3
1605	11.6162	14.7673	0.658377	3
1611	14.0353	7.21239	1.0735	3
1615	12.0286	19.7282	-0.111066	3
1619	11.4189	22.869	0.383741	3
1621	10.5415	3.52843	0.865106	3
1626	12.6443	21.2803	0.0685559	3
1632	11.8785	13.72	0.481073	3
1638	13.2487	17.1337	0.213449	3
1641	11.7183	1.69143	0.191094	3
1642	13.2499	8.65526	0.639948	3
1644	10.7335	21.0314	0.687275	3
1645	11.0644	17.9707	0.487875	3
1649	13.4647	8.677	-0.100877	3
1650	11.1905	18.407	0.0529266	3
1652	13.9206	24.5321	1.29331	3
1655	13.8484	4.04422	0.00891595	3
1657	11.4795	15.4343	0.510882	3
1667	11.2877	15.0126	0.463076	3
1681	14.283	4.29144	0.00589201	3
1682	10.1464	11.1084	0.149067	3
1692	11.3193	1.16505	0.236492	3
1694	13.1904	1.83421	0.619871	3
1695	13.1977	0.507879	0.665808	3
1699	11.0332	16.9328	1.01366	3
1700	12.8346	23.895	0.734432	3
1703	12.6432	15.869	1.3396	3
1707	13.7377	12.5264	-0.252197	3
1714	13.662	17.9246	-0.184845	3
1716	14.4601	22.4576	-0.0612975	3
1720	14.1798	23.4564	-0.562235	3
1726	10.7423	12.4902	1.25251	3
1731	11.5539	15.1125	-0.36453	3
1735	12.9151	18.0803	0.0975448	3
1742	13.5341	1.65134	0.252482	3
1748	11.8511	23.9676	1.08162	3
1749	12.4441	2.2586	0.342268	3
1756	11.916	18.5932	-0.546995	3
1757	10.6931	12.0176	0.173985	3
1773	12.4388	22.0448	0.235212	3
1782	14.3379	1.95581	0.618456	3
1788	14.4702	12.5934	0.959829	3
1794	10.5107	10.3468	0.807923	3
1795	12.5438	18.5459	0.760242	3
1796	13.5242	15.8674	0.399347	3
1798	11.4536	11.6357	0.38152	3
1799	11.2882	2.49301	0.568623	3
1807	11.7249	21.1089	1.09419	3
1813	14.3923	22.9136	-0.152488	3
1816	14.8002	12.9846	-0.467988	3
1823	12.1018	15.1529	-0.299068	3
1827	11.5567	16.4226	0.226903	3
1829	14.5316	15.1909	0.211245	3
1831	10.3808	19.8868	0.284338	3
1833	13.5807	11.1123	1.05658	3
1838	10.6703	9.53351	0.363225	3
1840	14.8594	9.38113	-0.351573	3
1848	11.0015	15.6699	0.535397	3
1852	13.9853	23.4798	0.495913	3
1853	12.9246	24.9577	0.220489	3
1880	12.8002	21.8111	0.790226	3
1881	10.7298	17.5972	0.176046	3
1883	13.7054	0.235393	0.212124	3
1885	13.3136	15.8666	0.774228	3
1892	13.0328	13.9933	0.345301	3
1902	10.1428	16.7415	0.407174	3
1912	14.9728	7.21841	0.402732	3
1913	14.3785	7.29373	0.241305	3
1918	11.5928	16.3234	0.103478	3
1921	12.7076	5.04798	1.43973	3
1926	13.799	6.2167	0.190209	3
1927	13.5259	21.4909	-0.0636298	3
1936	14.7682	11.0735	0.186768	3
1939	12.8795	7.91961	0.350678	3
1940	11.5465	0.528194	0.740718	3
1948	12.6381	11.6112	0.552418	3
1959	13.2412	23.182	0.742051	3
1970	12.7763	0.712399	0.310336	3
1973	12.1293	14.9196	0.352371	3
1978	14.9397	16.1029	0.459486	3
1983	12.0207	13.3707	0.304809	3
1984	14.4566	12.0489	0.286644	3
1985	11.1077	15.8039	-0.441394	3
1990	11.0619	6.18842	0.774367	3
1999	11.9936	9.6307	0.366059	3
2009	11.7566	13.6888	-0.875583	3
2012	10.7848	15.3715	0.761559	3
2014	10.1522	18.9191	0.797743	3
2018	13.6822	2.06899	0.0151204	3
2019	13.7425	2.14807	-0.0978763	3
2037	10.835	9.69253	0.895893	3
2041	10.8604	0.352191	0.528325	3
2043	14.6274	21.6484	0.00915291	3
2046	11.3537	14.2745	0.397632	3
2056	14.5968	7.21569	0.103193	3
2059	14.5213	4.79189	1.46369	3
2061	10.441	12.1329	-1.23295	3
2065	14.2873	6.88341	-0.432181	3
2072	13.4243	7.28424	0.258001	3
2074	12.5444	2.81705	0.107324	3
2084	12.1388	6.45492	0.826227	3
2088	10.3434	22.2363	0.354206	3
2089	12.4744	1.38139	0.695368	3
2091	13.6183	3.15157	0.203525	3
2093	14.4518	2.22023	0.694119	3
2095	13.1803	14.3777	0.243447	3
2099	11.6609	16.0369	0.0724478	3
2105	12.7105	24.8121	-0.417946	3
2107	10.3703	1.78633	0.443751	3
2121	14.4861	2.75906	0.594729	3
2127	12.2694	7.76283	0.0257375	3
2142	11.0361	13.2597	0.280004	3
2143	10.9308	12.9546	0.953417	3
2151	12.7361	5.05729	-1.10685	3
2154	13.9168	3.01634	0.863694	3
2166	11.7897	20.2965	-0.186122	3
2171	14.707	19.6312	0.179634	3
2180	12.8772	13.8194	0.632751	3
2198	12.1214	19.6399	-0.291319	3
2201	13.4641	20.5296	0.475807	3
2202	12.1448	19.2602	0.0403135	3
2208	12.8536	24.2553	0.486114	3
2211	10.0235	7.09904	-0.283723	3
2217	10.6945	22.1061	0.778039	3
2222	12.0956	16.2192	1.17321	3
2224	11.8837	24.3868	0.815484	3
2227	14.1755	7.47964	0.355982	3
2230	12.9906	4.89612	0.142615	3
2231	10.0586	24.9911	0.129946	3
2234	14.7354	23.3327	0.439108	3
2255	12.0248	23.3244	0.309455	3
2264	11.3589	4.37808	0.115808	3
2266	11.6494	8.73792	-0.109095	3
2267	13.8823	20.4555	1.009	3
2287	10.114	11.5424	-0.505622	3
2288	10.5791	22.7196	0.704892	3
2292	14.7977	1.32494	-0.0996189	3
2300	13.578	9.73821	0.090863	3
2302	11.402	6.61718	0.0390815	3
2305	13.9339	16.9684	-0.246915	3
2307	13.6205	20.0889	0.323392	3
2310	10.0735	14.4495	-0.190269	3
2311	12.047	21.2956	-0.0323805	3
2312	14.1277	5.21835	0.112898	3
2317	12.432	19.4839	0.0400595	3
2318	11.5821	3.20711	0.262379	3
2320	13.0952	9.48885	0.0436186	3
2321	12.9507	10.5173	0.7513	3
2329	13.4847	20.2339	-0.51236	3
2333	13.4075	24.9869	-0.189684	3
2338	12.9647	9.26888	0.567122	3
2341	14.4859	21.4544	0.798297	3
2346	12.2704	10.3868	0.280858	3
2354	11.5129	9.32875	0.206978	3
2364	10.4481	8.36486	0.656653	3
2368	10.3051	1.99625	-0.428383	3
2369	14.6238	22.4391	0.493743	3
2372	14.1747	17.8799	0.393554	3
2373	14.7465	19.0011	-0.229513	3
2378	14.5602	5.27309	-0.591069	3
2379	14.0808	5.88054	0.338802	3
2381	13.895	0.348116	0.225372	3
2385	11.9507	7.82057	-0.197232	3
2389	14.8689	2.60583	0.990754	3
2392	14.3323	5.34996	0.0329559	3
2398	11.4341	17.2252	0.661661	3
2400	12.9151	12.7219	0.0182374	3
2401	11.1317	3.37264	0.878572	3
2406	12.199	1.65133	0.0974885	3
2407	10.3972	15.7208	0.534514	3
2421	11.1068	15.9938	0.739474	3
2432	14.0859	15.1754	-0.182668	3
2463	12.9881	12.5327	1.06095	3
2465	12.0728	12.4771	-0.375651	3
2472	11.7472	0.76817	-0.138086	3
2473	10.4832	0.0272322	0.958466	3
2474	13.8037	3.87065	0.0209912	3
2476	10.6304	3.21011	0.30346	3
2480	13.1817	2.24893	1.17892	3
2483	13.3964	12.5706	1.06513	3
2487	12.0226	19.3554	-0.012254	3
2490	13.8198	22.4743	-0.0618974	3
2505	10.0247	6.39813	-0.367646	3
2513	10.0797	8.61235	-0.00459067	3
2517	12.5526	1.59863	0.0616806	3
2518	10.5341	2.28647	0.0503128	3
2525	13.9848	5.77067	-0.221145	3
2529	12.3498	7.39858	0.34028	3
2543	12.0864	4.68516	0.366242	3
2544	13.4977	5.45926	0.442679	3
2546	10.2536	6.65877	0.0886503	3
2547	10.9847	11.6404	0.436705	3
2552	14.8881	0.936917	0.54885	3
2558	13.6952	19.7479	0.903978	3
2559	12.9537	7.75245	0.479962	3
2571	13.9736	14.2825	-0.547389	3
2574	12.8323	7.71108	0.109756	3
2578	11.6292	1.6149	0.247922	3
2584	12.0138	6.2782	0.838027	3
2586	12.7709	4.59107	-0.201008	3
2592	13.8632	6.25383	-0.120882	3
2603	13.8327	22.5829	0.338434	3
2605	12.1118	8.68287	0.7183	3
2611	11.5269	12.1454	0.321313	3
2621	12.9793	10.3951	0.632496	3
2622	10.0341	4.30029	0.930026	3
2631	12.6116	18.1301	-0.0240732	3
2640	13.3135	7.19486	0.245262	3
2642	11.8222	7.16955	0.456529	3
2643	14.8348	9.98763	0.536019	3
2644	11.1714	19.869	-0.0126837	3
2647	10.9347	3.83626	1.33572	3
2649	10.0352	3.93177	-0.235715	3
2656	14.6761	16.7978	-0.0888178	3
2657	14.5036	16.7198	-0.32772	3
2660	10.8468	15.4477	0.775948	3
2664	11.0834	5.11767	0.669902	3
2680	14.9562	12.7681	0.466326	3
2683	11.9331	1.51597	0.639247	3
2686	13.8305	16.5815	0.558013	3
2701	10.2562	3.11483	0.540601	3
2705	10.1738	16.9	0.529742	3
2709	10.3724	15.9224	-0.174402	3
2714	12.8261	16.5493	0.611342	3
2715	14.3972	21.8153	-0.313453	3
2723	14.953	10.7067	0.642681	3
2724	13.6035	1.3204	0.209183	3
2725	13.9022	24.3986	0.564825	3
2727	10.2547	14.3745	0.76369	3
2728	12.5474	18.4543	0.0972039	3
2731	12.1671	12.0199	1.29137	3
2734	14.2769	3.43599	0.741307	3
2738	10.3569	20.4166	0.277169	3
2745	10.7112	17.9051	0.420207	3
2747	13.9567	12.2256	-0.120666	3
2749	10.3691	20.8327	0.616791	3
2752	10.2589	19.6691	0.421318	3
2753	14.0044	11.3691	0.730744	3
2756	11.7911	15.4633	-0.357519	3
2772	14.785	19.1415	0.134063	3
2773	10.4962	8.0528	0.405964	3
2774	11.0261	24.2043	0.980801	3
2778	14.3764	18.8215	0.909567	3
2788	13.5486	14.556	1.23789	3
2795	11.1364	12.4092	0.865964	3
2810	11.2621	0.573979	-0.37585	3
2812	12.4579	1.31754	1.33547	3
2813	10.5253	22.7687	0.182352	3
2815	12.6748	20.6137	0.57921	3
2821	12.0371	11.5719	0.503804	3
2829	12.0368	22.0582	0.307663	3
2832	10.4663	9.39456	1.27209	3
2834	14.8847	10.8416	0.70994	3
2844	10.994	22.5789	1.22643	3
2850	14.5403	13.5453	0.0811718	3
2851	10.794	0.794247	-0.10387	3
2853	14.0833	12.4476	0.322774	3
2857	11.5309	23.9862	0.908656	3
2859	10.6684	0.109768	1.10451	3
2877	11.5551	16.2813	0.423009	3
2880	10.0082	21.1412	0.788485	3
2898	12.1076	19.6204	0.102023	3
2927	10.5698	10.1939	0.618278	3
2937	11.2981	21.8909	0.458662	3
2960	13.59	23.2298	-0.580444	3
2970	13.8775	23.5191	0.116671	3
2972	12.93	8.7531	0.799098	3
2974	10.6101	5.59588	0.751717	3
2978	10.3291	14.6709	0.364102	3
2980	10.9861	22.8726	-0.306149	3
2981	11.8623	4.02126	0.446852	3
2996	14.7897	18.3052	0.898986	3
3000	12.8631	8.96122	0.302818	3
3002	13.1698	7.49999	0.389349	3
3007	12.1702	23.9546	0.775106	3
3022	14.7921	4.06666	0.203754	3
3030	14.9289	11.5545	0.501567	3
3034	10.3452	13.8148	0.5874	3
3038	14.6832	21.2854	0.436949	3
3039	10.3089	4.07282	0.688507	3
3041	10.9993	7.48452	0.436339	3
3049	12.5193	23.5151	1.19524	3
3050	14.108	6.72433	-0.227092	3
3054	12.3249	12.8308	0.01546	3
3055	11.5948	12.4415	-0.0119853	3
3057	11.5941	17.5056	0.264279	3
3058	13.6101	4.77569	-0.019734	3
3063	11.5576	21.8768	-0.420627	3
3065	13.4266	12.149	-0.419328	3
3069	11.3291	9.0268	0.547833	3
3070	12.7612	18.9175	-0.0425266	3
3079	13.1793	1.86075	0.623714	3
3110	10.6798	1.12879	0.749792	3
3117	11.455	24.72	-0.499311	3
3119	14.5888	9.90189	0.599916	3
3132	12.1437	7.79332	0.0552262	3
3135	14.8945	19.7681	-0.554485	3
3140	13.5592	22.3151	1.27491	3
3141	14.76	2.13842	0.71598	3
3149	14.1187	20.9201	0.0789166	3
3164	12.9468	1.9487	0.312018	3
3166	10.8393	17.8955	-0.00854024	3
3167	12.5395	5.58246	0.379111	3
3172	11.0786	2.60902	0.148296	3
3173	11.461	18.5753	-0.330609	3
3175	13.2104	3.78004	0.61082	3
3176	14.4167	3.93396	0.381369	3
3177	14.8189	19.1564	0.353025	3
3182	14.7639	13.9562	-0.632211	3
3186	11.3384	18.2628	-0.694783	3
3191	13.4201	17.5677	-0.287347	3
3197	10.7222	15.0094	0.348812	3
3205	12.0229	13.0587	0.192062	3
3213	13.1679	17.1608	1.05261	3
3214	13.6473	18.1167	0.21212	3
3221	12.1813	21.8886	0.71992	3
3226	10.8055	9.06311	0.692818	3
3228	14.928	2.31928	0.604718	3
3241	13.4673	19.9434	0.070709	3
3250	13.8256	17.9132	0.708715	3
3254	13.9942	13.304	-0.0596294	3
3261	11.3256	4.12355	1.82415	3
3262	12.8554	8.2547	0.758377	3
3263	12.5296	7.90246	0.620839	3
3264	12.9584	8.23892	0.198633	3
3268	12.2009	20.2032	0.718727	3
3278	13.4265	24.0435	0.22567	3
3279	14.1861	12.5857	0.758352	3
3281	14.5772	23.1831	-0.333947	3
3289	12.2846	21.3081	0.157265	3
3298	11.0909	8.10049	0.502342	3
3311	14.0263	22.9512	0.354628	3
3312	12.0658	5.73801	-0.248309	3
3315	12.897	7.8843	0.865312	3
3317	11.8505	21.1226	0.0852843	3
3328	11.9916	1.29338	0.917074	3
3329	11.4164	1.04638	0.545853	3
3330	14.2147	2.99241	0.664559	3
3343	12.9458	5.32131	0.82507	3
3344	11.8267	20.7471	-0.213902	3
3345	11.7151	20.6445	-0.184858	3
3349	13.2307	18.2979	-0.143018	3
3359	14.7	18.5941	0.279625	3
3364	12.6538	5.06492	-0.0244651	3
3366	10.0511	20.1688	0.0294335	3
3384	12.262	15.7872	0.970327	3
3385	12.2625	24.4074	0.588955	3
3394	11.7467	19.2461	0.968505	3
3398	11.7309	1.6762	0.0343795	3
3399	13.6214	10.716	-0.294986	3
3405	10.1865	21.7998	0.775418	3
3407	14.6232	12.0802	0.859864	3
3408	14.5744	11.5835	0.281183	3
3420	11.6966	20.6842	0.140033	3
3425	14.6994	5.99313	0.236916	3
3430	14.6704	15.7002	-0.0940617	3
3435	13.7078	12.5018	0.458748	3
3441	14.8211	4.86114	0.416106	3
3446	14.2125	15.1429	0.668938	3
3449	10.4612	2.40923	0.228365	3
3451	10.4545	0.191527	0.782947	3
3452	14.9641	17.7243	0.281208	3
3453	14.049	17.5833	0.43231	3
3463	11.5411	11.5567	0.590176	3
3466	13.8545	2.91871	0.482951	3
3471	14.768	22.9075	-0.524554	3
3474	13.8919	23.2833	0.768745	3
3477	14.3683	17.6201	-0.0862935	3
3479	10.862	11.4955	1.00948	3
3486	12.0132	13.7708	0.378525	3
3487	11.498	13.7106	0.306091	3
3493	12.1006	3.4762	-0.290463	3
3497	12.5519	17.9411	0.545733	3
3499	10.0364	9.04139	-0.0819049	3
3507	13.8116	7.10981	0.873321	3
3508	12.6447	12.3686	0.768774	3
3509	12.8613	12.4426	0.309309	3
3512	12.0323	4.71268	0.148614	3
3515	10.9486	18.086	0.268931	3
3518	11.493	21.9088	-0.837152	3
3520	14.6945	15.088	0.28448	3
3525	13.8197	4.19326	0.220913	3
3527	12.5186	6.91335	1.08356	3
3533	14.1177	5.59737	0.499299	3
3557	11.6683	3.06959	-0.375952	3
3561	11.6384	16.1402	0.646846	3
3563	12.2203	11.1387	0.95252	3
3564	12.0695	11.6022	0.237626	3
3570	12.4281	18.4476	-0.087774	3
3572	13.8401	0.46898	-0.318082	3
3574	11.8672	6.84853	0.24915	3
3575	11.8685	6.821	0.977779	3
3577	12.1897	11.9582	0.367038	3
3586	11.5762	6.2164	0.692407	3
3589	12.9904	17.8029	0.403389	3
3593	10.4069	24.5734	0.0195743	3
3603	11.9538	11.34	0.61423	3
3604	11.7455	11.5247	1.20603	3
3611	14.4369	23.5711	0.0302482	3
3616	12.4855	0.528602	0.00808903	3
3627	14.5208	15.2496	0.0296771	3
3631	12.9905	11.2358	-0.116719	3
3634	13.7057	16.815	0.3453	3
3645	11.3789	3.211	0.465234	3
3660	10.6151	4.83644	0.0325182	3
3670	10.7502	22.6296	1.15146	3
3678	11.053	22.2433	0.403968	3
3679	10.6568	22.1244	1.13812	3
3683	12.9835	16.8774	0.246584	3
3685	12.8834	24.3784	0.818712	3
3689	13.9512	6.06385	0.591681	3
3691	13.5401	2.41173	0.423455	3
3694	11.1156	16.5574	0.746561	3
3695	10.8723	16.5723	0.516786	3
3696	14.7916	6.03423	0.472675	3
3713	13.5287	16.1715	0.808423	3
3714	13.31	7.28193	0.491917	3
3726	12.3531	5.05351	0.332681	3
3728	12.0235	1.21222	0.590348	3
3734	10.7947	11.6318	0.476639	3
3736	13.2477	3.04798	0.427451	3
3737	13.7078	22.2898	0.309053	3
3740	12.9648	0.147717	-0.42024	3
3741	12.392	19.7039	0.668457	3
3743	11.4545	24.3614	1.62051	3
3751	12.6193	14.2033	0.193773	3
3752	10.5117	11.8618	-0.265902	3
3760	14.4398	24.6211	0.569065	3
3768	10.7206	3.35935	0.770654	3
3770	10.5401	12.3796	-0.0219124	3
3771	10.1757	13.1832	-0.228642	3
3781	10.7466	9.42149	1.36953	3
3782	11.4817	4.58267	-1.3093	3
3783	13.6824	8.49853	1.0071	3
3799	14.6785	6.61479	0.259099	3
3805	11.1169	24.0353	0.333347	3
3807	14.877	22.6215	-0.357665	3
3814	14.9328	7.9883	1.61664	3
3823	11.0166	23.9969	0.649708	3
3831	10.6558	19.0986	0.286128	3
3837	11.7254	12.0577	1.21463	3
3852	11.777	16.0523	0.330634	3
3858	11.4324	15.1246	0.831002	3
3859	11.9699	15.3141	-0.14786	3
3860	10.7463	21.5461	0.552366	3
3861	13.8202	8.53026	-0.0752335	3
3868	13.0691	14.0769	-0.133679	3
3873	11.8559	20.5718	-0.0498087	3
3876	13.2227	3.23659	0.530575	3
3882	13.6758	5.77544	0.935053	3
3883	13.5335	6.32029	0.524131	3
3890	12.1985	17.4449	0.272208	3
3894	11.2359	24.1261	0.872786	3
3895	11.5439	24.3928	0.12747	3
3914	12.1697	18.6015	0.268758	3
3921	10.924	14.333	-0.0211037	3
3922	11.254	14.5492	-0.174843	3
3923	11.401	5.34323	0.412244	3
3931	13.3774	21.4944	0.141116	3
3935	11.501	9.54149	0.0219965	3
3938	13.9723	0.731829	0.587548	3
3951	12.6502	15.7787	-0.181591	3
3954	11.8231	2.19726	0.118444	3
3958	10.3674	8.95681	0.628835	3
3963	14.6405	1.24204	1.04099	3
3964	12.443	8.04658	0.727533	3
3976	14.0264	15.1019	0.053246	3
3980	12.3422	3.3396	0.27612	3
3982	13.0581	14.0074	0.399266	3
3985	13.2821	9.28181	0.468415	3
2	18.9797	20.6828	0.476423	4
7	18.5987	4.44892	0.690308	4
10	19.3574	9.51082	-0.381587	4
14	16.9929	20.2649	0.921386	4
15	18.7343	10.843	-0.141369	4
18	15.5645	17.2486	0.615295	4
22	15.3148	17.0716	-0.12068	4
26	16.4991	4.21779	0.596179	4
28	15.0693	13.3093	-0.258142	4
33	19.765	7.25269	-0.00723757	4
36	17.7461	6.33701	-0.843636	4
39	15.1592	2.65635	1.12808	4
47	19.2067	15.8675	0.738224	4
52	19.8027	21.4032	-0.0491941	4
59	18.6217	14.954	0.691137	4
65	15.6801	6.10846	0.0633765	4
69	18.2684	20.1034	-0.542166	4
74	15.9843	22.4132	0.7311	4
76	17.1421	12.4229	0.141715	4
93	17.256	5.12215	1.02823	4
94	16.3273	5.94328	1.60613	4
96	17.6786	19.7655	0.464058	4
98	18.6919	23.2047	0.349829	4
100	19.805	18.8423	1.02716	4
101	16.5854	1.30831	-0.0761084	4
104	19.4337	5.14614	0.467224	4
105	16.5006	4.77204	0.252309	4
107	16.8586	8.7236	-0.449384	4
122	15.6675	15.1105	0.668248	4
130	19.9651	21.2147	-0.0430353	4
131	16.1947	15.1982	0.458845	4
134	15.2253	13.1618	0.0700672	4
136	17.9691	15.7465	0.31226	4
139	19.2756	10.6856	-0.344536	4
140	15.4082	6.86334	0.880769	4
163	16.0167	5.22819	0.126447	4
164	16.6835	7.70059	0.0545681	4
165	16.4336	23.065	0.570492	4
166	16.1239	23.6398	-0.327617	4
171	19.1032	21.093	0.579487	4
179	17.2031	4.90617	-0.160058	4
183	15.2821	22.799	0.249146	4
187	18.9016	12.0182	0.754742	4
194	19.9702	24.5034	0.015446	4
200	16.8961	24.6104	-0.143017	4
218	18.9219	11.7074	0.237772	4
220	16.0664	19.0969	0.515388	4
221	15.7879	12.1573	0.603275	4
223	16.5168	8.14051	1.28758	4
226	15.8214	4.99126	1.03396	4
229	17.8744	17.1412	0.0728104	4
232	19.8128	18.9055	0.0142144	4
236	19.0713	7.99002	0.389332	4
242	17.1401	22.7778	0.253003	4
244	19.503	3.95169	0.078373	4
245	18.3484	18.2921	0.284086	4
248	19.474	0.910335	0.451516	4
250	16.0503	14.1507	0.257106	4
251	18.3445	7.63212	0.263458	4
252	17.5985	15.1005	0.395126	4
253	18.9663	23.0086	0.0954796	4
255	19.8709	0.732543	0.298067	4
264	18.3064	5.20742	0.548301	4
267	19.296	15.5794	0.784749	4
271	15.6443	13.7133	0.482882	4
272	15.3425	20.6825	0.314819	4
288	18.9119	5.25453	-0.00295988	4
292	16.9992	21.6317	0.282047	4
295	16.9417	20.3783	0.329607	4
299	17.0616	24.9872	0.537773	4
304	16.0588	16.7316	0.296642	4
313	19.4617	20.2063	-0.676594	4
339	18.6516	2.95847	-0.0842248	4
341	19.0657	18.6157	0.0614921	4
342	17.5142	21.0675	0.231806	4
353	17.6709	7.01012	-0.53982	4
355	17.4386	22.7444	1.42095	4
356	16.189	2.42908	0.0198984	4
359	18.8189	14.2348	0.603411	4
361	19.9122	18.1828	0.427006	4
363	18.484	10.9867	0.356941	4
364	16.5888	20.0968	0.627521	4
379	18.9005	20.6836	0.206238	4
387	19.4853	7.8267	-0.032098	4
401	16.5625	15.8092	0.348284	4
404	16.3941	9.84393	-0.488359	4
405	17.7804	18.5918	1.26805	4
407	17.4795	22.5892	1.37415	4
414	15.3146	4.48038	0.00476061	4
430	16.1079	5.40036	0.522969	4
434	17.0242	19.1092	-0.323469	4
435	16.6073	23.4622	0.453848	4
454	17.1404	9.54626	0.0742238	4
460	18.9231	10.2276	1.35937	4
463	19.8874	7.96132	0.480745	4
472	17.9087	20.4471	-0.74181	4
475	18.7138	18.3795	0.378995	4
477	15.4476	1.68308	0.177142	4
479	15.9945	14.152	-0.173625	4
480	17.6469	21.3491	0.632763	4
483	17.2529	3.26714	0.32062	4
485	17.0471	13.1977	0.173882	4
489	15.5207	11.5046	0.348507	4
493	16.6146	1.26966	-0.0687041	4
497	18.8959	11.8897	1.31991	4
500	18.8066	9.8309	0.425635	4
502	19.8371	12.2162	0.319253	4
505	15.9078	17.4023	0.969626	4
506	16.6632	23.6801	0.630012	4
507	15.6576	19.2369	0.234155	4
508	19.1528	2.40863	1.20271	4
519	18.2285	17.5823	0.353292	4
522	17.3993	5.91451	-0.5153	4
528	18.9066	15.9647	-0.0594352	4
531	19.7716	20.3861	0.885585	4
539	19.7586	21.672	0.113514	4
545	19.094	15.087	0.127054	4
549	18.077	9.59788	0.0677759	4
551	16.038	20.3259	-0.499333	4
553	17.2517	17.4817	0.144369	4
556	18.8545	6.64222	0.56688	4
558	17.0726	7.12638	0.199326	4
561	15.5415	18.6682	0.255228	4
574	18.8021	1.3297	0.0269026	4
576	17.8463	8.55469	0.379592	4
580	18.9753	12.1233	0.26335	4
588	17.2839	3.64247	-0.841297	4
590	17.6095	22.7089	1.04475	4
594	19.1125	20.0521	0.522704	4
607	19.5734	0.678987	0.138186	4
608	17.909	1.29685	-0.0303217	4
609	17.7136	5.07699	0.774328	4
615	16.9874	19.3297	0.496744	4
618	16.7436	1.49724	1.17545	4
622	18.1604	23.1953	0.119219	4
634	18.0513	3.30647	0.881624	4
641	16.1372	21.0389	0.434336	4
647	17.9907	16.5046	0.120954	4
648	17.366	21.7533	0.303239	4
652	17.6888	24.0023	0.433446	4
654	19.0713	24.8657	0.0533968	4
664	17.8827	1.8265	-0.374309	4
683	18.3621	1.35603	0.268083	4
687	18.098	15.086	0.187031	4
693	16.1893	13.0169	0.460165	4
695	15.8956	18.4029	0.588498	4
704	16.5021	0.838045	0.423795	4
707	19.4875	13.757	0.53792	4
708	16.3519	14.6696	0.107955	4
725	18.361	6.70012	-0.187958	4
727	16.3366	9.06173	0.877317	4
729	17.5549	4.55672	0.675082	4
732	19.7239	17.0212	0.796693	4
733	19.7087	9.12603	0.233393	4
742	17.8585	15.4016	0.453517	4
746	19.785	4.99275	0.930069	4
748	19.6087	0.968711	0.659234	4
750	17.2269	11.4469	0.9669	4
755	18.9044	3.35192	-0.15043	4
759	15.2475	19.6753	0.136324	4
763	17.3019	0.815175	0.42097	4
765	17.9411	18.4404	0.876673	4
770	19.4533	9.99452	-0.0752371	4
787	18.6308	3.06897	0.266013	4
804	18.5088	22.0757	0.988438	4
806	15.6276	11.0854	0.0875038	4
822	18.9788	1.64833	-0.198329	4
823	19.9821	24.057	0.810886	4
831	16.0378	2.73828	0.395364	4
832	19.8293	2.06946	0.674221	4
837	15.2843	11.4354	0.442559	4
839	18.9149	8.93083	0.564478	4
856	15.448	0.475767	0.210142	4
860	18.0676	19.3357	0.685515	4
862	17.8676	16.0614	-0.358243	4
869	15.8028	15.0711	0.324694	4
875	18.2549	13.9087	0.368311	4
880	18.1618	13.2783	-0.618554	4
883	19.1208	17.5497	1.03361	4
884	17.2817	14.8235	0.826365	4
890	15.3566	6.73493	0.759104	4
893	18.9275	11.9343	0.762483	4
894	17.3127	6.9962	-0.0511528	4
900	19.02	9.8537	0.829205	4
909	15.7254	18.4953	0.412938	4
914	17.5344	6.74401	0.510219	4
915	16.5659	2.66817	0.588923	4
918	15.567	8.97884	0.349728	4
924	18.3034	5.54817	0.177922	4
925	15.4836	0.90718	0.0844622	4
932	19.4561	13.2286	0.754529	4
935	19.7537	3.7988	0.194201	4
938	17.9194	17.0964	0.546484	4
943	19.2505	13.9972	0.99756	4
959	15.8673	8.73779	-0.336499	4
966	17.3033	10.9553	0.319856	4
967	16.8397	15.85	0.418253	4
968	15.4007	1.64708	0.606969	4
974	16.4421	22.2576	0.268628	4
976	18.2714	16.6472	0.539075	4
978	15.0605	22.363	-0.9819	4
979	19.9857	17.0759	0.686586	4
993	15.2568	13.4507	0.406903	4
1004	18.5003	13.2602	0.0265385	4
1006	15.1025	0.516934	0.324884	4
1011	16.2641	11.5073	0.568676	4
1015	15.4208	18.3498	0.19355	4
1021	17.0391	5.18261	0.931857	4
1027	15.4623	22.8648	0.730078	4
1041	18.1051	19.5633	0.720008	4
1045	16.082	21.8987	0.963741	4
1046	17.0805	5.82555	-0.446735	4
1050	16.6395	24.1567	0.324478	4
1058	15.4294	13.0584	0.482194	4
1059	19.4014	22.6224	0.786935	4
1062	19.8774	24.5844	0.68484	4
1066	16.2044	22.9546	1.07401	4
1071	18.2763	5.29888	0.393009	4
1073	17.1941	21.0723	-0.755825	4
1088	18.3291	24.9924	-0.435445	4
1094	15.6054	6.3665	0.752881	4
1098	15.7321	16.6491	0.726432	4
1105	18.5225	13.4772	-0.234321	4
1118	19.5654	6.10499	0.174576	4
1125	15.7502	17.6925	0.00951407	4
1133	18.0367	19.7651	0.686444	4
1134	19.1622	23.2982	-0.00732585	4
1143	17.4514	12.369	-0.546464	4
1144	19.3428	14.2089	0.593285	4
1145	19.3262	4.00138	1.39128	4
1150	15.5029	20.0743	0.69227	4
1152	15.0931	8.80853	0.0544324	4
1157	18.9249	5.77049	-0.209336	4
1171	18.7344	14.2397	-0.241468	4
1174	19.7643	22.1293	0.644046	4
1182	17.4366	4.26563	0.258714	4
1201	18.9985	24.2579	-0.467729	4
1202	19.6582	3.90462	0.540273	4
1207	17.183	10.9825	0.777072	4
1213	17.7233	17.7224	0.526123	4
1216	17.1767	19.8351	-0.448815	4
1223	16.4665	10.5162	0.843767	4
1225	16.7269	10.9337	0.177889	4
1242	19.5559	2.74837	0.0726318	4
1243	15.3886	13.0426	0.799393	4
1244	18.3613	15.0807	-0.721469	4
1247	18.6796	8.47252	0.825797	4
1248	17.5618	16.5712	-0.138835	4
1250	18.5987	6.70794	0.462173	4
1251	16.5589	18.8924	1.01296	4
1254	15.7866	2.05312	0.45082	4
1255	17.0896	20.5365	0.365356	4
1259	16.8214	20.0852	0.217973	4
1260	16.6091	1.60922	1.09427	4
1261	15.3493	7.59749	0.0134341	4
1264	15.0374	8.30684	-0.0281283	4
1265	15.774	9.25731	0.767717	4
1271	16.1522	15.2503	0.49871	4
1272	16.7206	24.082	-0.314224	4
1273	16.0001	24.1615	0.338218	4
1275	18.6101	2.67994	0.401853	4
1276	17.4147	9.43489	0.942962	4
1286	18.4056	7.4635	0.262818	4
1294	19.439	1.49238	0.966203	4
1295	19.5795	24.3021	0.381166	4
1297	17.9299	11.1063	1.1035	4
1327	16.9211	18.3035	0.48225	4
1328	17.398	22.3831	0.643359	4
1331	16.1339	2.90038	0.727987	4
1338	19.6215	3.57335	-0.55685	4
1339	16.1037	3.92182	-0.276426	4
1343	17.904	11.1301	0.598631	4
1347	15.6225	22.0885	0.135507	4
1350	16.5019	18.2916	0.753579	4
1352	17.0887	15.9017	0.194339	4
1354	15.9319	17.7349	0.552742	4
1360	18.8677	22.2331	0.589741	4
1361	18.6377	24.779	-0.154408	4
1382	17.8548	19.1737	-0.0327999	4
1391	15.3407	8.04626	0.256989	4
1395	19.5896	16.2668	1.13659	4
1397	16.6174	11.5958	-0.158184	4
1399	17.7482	8.04307	0.653505	4
1403	17.7377	10.6749	0.0742067	4
1405	15.1145	20.4634	0.183066	4
1407	18.0038	14.8264	0.667913	4
1408	17.6174	13.1284	0.746656	4
1411	15.3347	7.65021	0.53632	4
1412	16.1237	12.1536	0.253689	4
1413	19.6794	22.3977	-0.0256937	4
1418	19.3662	7.91044	-0.120893	4
1420	18.2968	21.4608	1.29029	4
1423	16.4945	10.1595	0.563009	4
1434	16.2099	3.20061	0.345773	4
1435	19.8346	5.94202	-0.270641	4
1442	19.511	0.5389	0.470755	4
1445	17.9496	19.6653	0.327114	4
1447	16.1933	23.9059	0.45268	4
1449	16.7891	3.05027	0.561254	4
1458	18.9867	0.419775	0.386535	4
1465	19.5123	15.1496	-0.638805	4
1466	15.4774	2.54233	0.328599	4
1480	19.247	9.56001	0.541254	4
1481	19.568	10.6813	0.535972	4
1482	17.085	1.15638	-0.0981613	4
1490	18.3783	13.4716	-0.258306	4
1491	15.4615	6.28443	0.292837	4
1513	18.4966	17.5784	0.27843	4
1519	16.4312	2.91887	0.752112	4
1524	15.2178	21.9639	0.459139	4
1527	17.1815	7.00417	-0.00934128	4
1529	15.4197	19.6892	-0.33234	4
1530	16.1232	5.42847	0.384383	4
1537	16.6224	16.5594	0.456091	4
1539	16.7964	17.8381	0.47407	4
1540	18.3231	2.82717	0.3994	4
1541	16.5278	24.7489	0.780852	4
1547	17.6076	0.364368	0.133615	4
1549	18.774	22.8099	0.601131	4
1550	16.8927	21.9113	0.0911358	4
1557	19.0749	11.2577	0.0102403	4
1558	15.5992	19.7023	0.727671	4
1566	16.7938	13.1726	-0.314955	4
1567	17.9386	12.9891	0.137407	4
1576	17.1826	22.3892	0.283119	4
1577	18.1743	2.43787	0.252264	4
1578	16.565	21.9508	0.296154	4
1584	17.3104	18.9554	0.610447	4
1586	17.1675	23.3619	0.183984	4
1594	16.343	5.46374	0.292497	4
1598	17.7638	7.09033	0.286365	4
1604	17.5075	1.99852	-0.693642	4
1612	18.6979	11.1218	0.601347	4
1618	19.7329	9.92902	0.843175	4
1620	18.6994	0.871111	0.94355	4
1622	17.3517	11.6272	-0.0862394	4
1625	18.3598	23.9753	0.684438	4
1627	15.7563	19.0724	0.555814	4
1643	17.9955	3.72536	0.78009	4
1646	18.6345	15.4427	0.173991	4
1658	15.1723	9.65161	0.440944	4
1659	16.9126	8.81495	0.584106	4
1661	18.3065	13.0289	0.331568	4
1662	15.2632	18.9905	0.200826	4
1669	15.4993	9.62524	-0.112836	4
1674	15.4584	18.3969	0.375374	4
1678	18.7908	12.5374	0.0282847	4
1683	18.1876	21.9525	-0.395942	4
1687	17.7445	2.10497	-0.233941	4
1705	18.2423	23.7394	0.216631	4
1711	16.8123	18.223	-0.643236	4
1715	15.9801	16.7771	0.630972	4
1718	19.5135	12.6843	0.449024	4
1719	15.0834	12.0434	-0.0889808	4
1724	15.0028	14.0418	-0.406797	4
1725	15.9039	19.5106	-0.0658136	4
1741	19.0624	3.28582	-0.302641	4
1751	18.843	15.8585	0.965618	4
1755	17.117	2.18225	0.63883	4
1762	16.0561	19.9693	0.616684	4
1770	17.4017	10.8843	-0.0914504	4
1774	15.5803	8.92451	0.0833001	4
1775	17.5419	0.94792	-0.257487	4
1779	17.2746	16.797	-0.212873	4
1784	18.077	7.60823	0.0920515	4
1785	18.0634	5.35526	0.284891	4
1801	18.7332	14.4128	0.129596	4
1805	17.4395	20.7647	0.173534	4
1812	15.3064	17.5984	-0.183535	4
1814	16.5483	2.36768	0.286691	4
1817	18.1038	22.7022	0.105299	4
1822	15.835	8.58994	1.03251	4
1825	15.9208	10.1007	0.848747	4
1832	17.8767	22.891	-0.650367	4
1835	15.1425	6.03204	-0.627005	4
1836	19.0472	1.06376	0.00597854	4
1837	16.0907	5.57715	0.412059	4
1839	19.4363	4.14443	0.130577	4
1841	19.1162	8.52761	0.3058	4
1842	16.5787	3.9389	0.587278	4
1865	19.0508	21.0937	0.139733	4
1867	18.5393	20.0523	-0.322069	4
1870	17.7761	16.5354	0.0757661	4
1872	15.1504	22.4239	0.610339	4
1873	18.3766	3.64369	0.199775	4
1874	19.6333	13.8145	0.184998	4
1875	15.422	3.53008	-0.139056	4
1876	16.2306	4.65638	-0.480999	4
1878	19.5004	13.0264	0.457257	4
1887	16.5682	13.7229	-0.179115	4
1891	19.1739	2.94663	0.548371	4
1895	15.5837	0.950029	0.983802	4
1900	15.3067	9.01829	0.27393	4
1904	16.6471	11.2638	-0.0368883	4
1905	17.3753	3.99466	-0.150364	4
1908	17.9073	7.45268	0.216053	4
1909	15.6095	11.768	0.844492	4
1911	18.0161	1.40293	1.05367	4
1916	16.8476	4.31879	-0.039669	4
1920	15.179	23.1081	0.66844	4
1922	19.1126	17.6638	0.662698	4
1935	16.3854	9.01856	0.304756	4
1937	17.8537	23.9075	-0.814746	4
1938	17.6976	23.7906	0.558721	4
1942	17.7755	7.30816	0.12989	4
1943	16.0079	2.29005	0.190137	4
1945	16.0957	10.8685	-0.133796	4
1955	18.7444	18.2078	-0.0775058	4
1956	16.0661	18.067	0.604372	4
1960	15.9246	12.2008	2.46004	4
1979	15.9587	24.4649	0.201584	4
1986	18.3052	23.9987	0.369774	4
1991	18.4166	24.5334	0.0963029	4
2000	17.2749	11.3335	-0.25772	4
2003	15.2541	14.1917	-0.108509	4
2016	15.119	10.4387	-0.404334	4
2017	15.5186	10.2757	0.116405	4
2026	17.8758	15.4089	0.807846	4
2031	16.9722	17.1293	-0.146257	4
2035	16.8602	6.36889	-0.0772585	4
2036	18.055	5.71615	0.146298	4
2039	19.8549	0.519227	-0.137014	4
2042	16.0298	13.6246	-0.134616	4
2045	19.9623	22.6763	0.0172874	4
2050	18.2705	13.0561	0.108042	4
2053	18.2225	12.1465	-0.198065	4
2058	18.611	14.7993	0.367252	4
2060	15.9655	4.20164	0.770312	4
2070	15.6905	15.2658	0.274342	4
2073	19.198	23.8847	0.514006	4
2076	16.484	12.5647	0.275549	4
2080	17.7348	13.2314	0.878157	4
2081	18.7119	11.0986	0.319403	4
2092	15.9073	3.2243	0.762951	4
2112	15.7964	23.3406	0.516946	4
2113	19.5986	16.598	0.828639	4
2118	17.7484	8.64951	0.75837	4
2119	15.2425	12.935	0.210393	4
2124	19.1849	13.0241	0.127816	4
2126	17.832	3.90869	-0.132994	4
2128	15.8389	21.9795	0.446012	4
2129	17.0743	13.2046	0.0410774	4
2131	18.3351	0.49575	0.0990309	4
2132	15.6799	14.5394	0.433413	4
2134	19.1319	24.4059	-0.306287	4
2135	15.4805	10.1979	-0.434438	4
2141	16.4264	4.08824	0.176311	4
2152	17.8743	6.85028	0.308173	4
2153	16.5543	12.8694	0.490847	4
2159	18.2577	1.35402	-0.626086	4
2160	17.4469	22.1151	-0.063736	4
2161	16.4254	16.0677	0.0946946	4
2169	19.4114	14.9384	0.438853	4
2173	19.1326	23.3277	0.0744364	4
2174	17.2541	0.44111	0.1797	4
2175	19.691	3.58676	0.996272	4
2176	15.6211	0.781921	0.12425	4
2190	16.7737	2.38501	-0.0819058	4
2191	16.9672	9.76465	0.622935	4
2206	17.635	8.8545	0.0487974	4
2216	16.8518	12.3964	0.627876	4
2226	15.4632	5.76415	0.579626	4
2241	15.9681	10.7889	0.288086	4
2243	19.2308	19.3308	-0.450613	4
2249	15.7749	7.18668	0.409302	4
2260	15.8813	7.82951	0.112128	4
2263	16.5327	7.78651	0.562622	4
2270	19.2806	22.397	-0.0632957	4
2271	15.8338	3.16091	-0.213596	4
2272	15.6455	20.2488	0.30914	4
2276	18.0213	7.82307	-0.117072	4
2283	15.1624	12.2909	-0.107204	4
2290	15.1214	12.119	-0.544829	4
2291	15.2868	0.0465075	0.839811	4
2294	17.1121	15.7944	1.06448	4
2295	17.0816	14.5705	0.53909	4
2296	17.1181	24.8291	0.626266	4
2304	15.5226	24.3957	0.463978	4
2309	18.2976	9.98568	-0.602502	4
2314	19.0765	4.24927	0.230633	4
2315	17.4387	10.5253	0.0108093	4
2316	16.7171	1.58346	0.834217	4
2325	19.5724	21.9512	0.334959	4
2330	16.1914	7.17515	-0.0260319	4
2335	16.5475	6.6475	0.531638	4
2345	19.3246	0.617735	0.317472	4
2348	16.4177	11.7611	0.506667	4
2351	15.2464	15.0437	-0.0873591	4
2384	16.7821	24.0882	0.474902	4
2386	17.6688	22.8936	0.262397	4
2395	17.6398	20.7017	-0.205633	4
2403	17.6218	22.0189	0.349666	4
2404	16.6161	20.2083	-0.119925	4
2410	19.5933	9.13194	0.174473	4
2411	17.1144	19.214	0.818428	4
2416	19.1637	10.829	0.564725	4
2418	18.3373	4.67119	-0.313318	4
2420	18.8663	4.165	0.988586	4
2433	18.9962	19.6566	1.12217	4
2434	17.8466	6.28685	0.275261	4
2435	17.7991	0.582514	0.0789537	4
2442	16.3686	20.2837	0.360426	4
2446	18.7844	23.825	-0.69812	4
2447	17.1713	2.07973	-0.216959	4
2450	18.1472	11.663	1.04236	4
2451	15.3448	10.4797	0.0703175	4
2452	18.9534	13.9338	0.466928	4
2459	17.1269	2.54943	0.76623	4
2460	16.823	3.7307	0.940589	4
2493	19.1879	9.20857	0.212557	4
2494	17.1289	15.879	0.423713	4
2502	19.3253	23.3483	-0.626758	4
2507	17.5833	22.5843	0.403806	4
2511	16.5639	8.3768	0.950241	4
2519	19.5002	18.7951	0.507776	4
2523	17.4634	3.10482	-0.0832952	4
2526	16.6584	0.591811	0.187397	4
2532	15.1557	14.8846	1.19673	4
2551	15.0105	24.7684	0.638741	4
2561	19.4645	0.656816	-0.0202469	4
2562	19.7226	12.271	-0.127701	4
2563	19.184	9.9901	0.155507	4
2565	18.9261	17.4228	0.286649	4
2567	16.0802	20.2262	0.221886	4
2573	15.7259	15.0532	0.403161	4
2576	18.4536	2.48467	0.171388	4
2581	16.1582	10.6868	0.243911	4
2587	15.7496	18.8933	0.376324	4
2590	15.7705	6.93509	0.364892	4
2591	19.7663	23.5941	0.84472	4
2593	15.0849	6.64795	0.559195	4
2599	15.3298	7.41364	0.5242	4
2600	16.5195	5.60231	0.013275	4
2606	15.7584	7.5028	0.838352	4
2615	19.1728	14.8291	0.180803	4
2618	19.2912	2.7756	0.256958	4
2624	18.1864	17.6742	0.118999	4
2626	18.491	10.5267	-0.000910401	4
2636	19.1681	19.6199	0.317902	4
2639	19.0328	23.3183	0.262211	4
2651	17.241	20.0334	0.619184	4
2652	16.3054	14.4505	1.07549	4
2653	15.7742	15.8535	-0.623329	4
2655	18.42	13.1465	0.466383	4
2663	18.5106	24.9722	0.337291	4
2667	17.7285	16.0189	1.12071	4
2670	19.1052	14.5523	0.667808	4
2671	15.493	1.34308	-0.346438	4
2673	19.1	17.2233	-0.394063	4
2674	18.6965	17.2462	0.0013243	4
2675	18.4756	3.94688	0.055318	4
2676	16.6532	8.47772	-0.446454	4
2678	18.091	15.4306	0.474305	4
2689	17.4653	10.1536	-0.4305	4
2695	15.3338	4.42759	0.682184	4
2696	15.4567	3.66993	-0.149623	4
2710	19.8213	16.2061	0.23003	4
2712	16.7364	4.4095	0.0779262	4
2718	18.4817	23.3624	0.0442838	4
2719	18.404	15.044	0.72544	4
2733	15.997	21.5723	0.0815851	4
2737	18.1043	3.83149	0.266202	4
2742	19.9376	24.2529	1.32262	4
2746	17.3006	13.6138	0.686645	4
2760	19.2879	17.2217	0.027631	4
2764	19.8642	7.52352	0.468331	4
2765	16.7605	19.8303	0.0611928	4
2766	19.3893	12.4041	-0.0591405	4
2767	19.3321	11.0218	-0.311513	4
2770	16.5767	8.72751	0.610807	4
2771	17.8849	10.436	0.706546	4
2781	18.3455	10.7262	0.0299241	4
2783	19.1446	13.6554	0.118958	4
2784	16.56	6.46073	-0.184372	4
2793	18.2911	8.98186	0.794851	4
2805	16.1223	22.9057	-0.775384	4
2807	15.7256	1.45431	-0.159473	4
2819	17.0009	7.68725	-0.207932	4
2820	15.6779	12.3021	0.343646	4
2826	17.1794	16.707	0.4878	4
2839	19.9312	18.2952	0.878715	4
2842	15.1217	7.3868	-0.179994	4
2843	17.3429	10.1432	-0.0898995	4
2858	18.9298	5.91476	0.383238	4
2860	16.8206	21.2437	0.865064	4
2862	15.564	6.61957	1.3976	4
2863	19.1566	17.7835	0.631848	4
2864	16.0874	19.1012	0.306186	4
2868	18.8116	10.8013	0.000252948	4
2871	16.391	22.5985	0.0972141	4
2872	18.1886	5.99401	0.510122	4
2881	19.7919	21.9472	0.841785	4
2886	19.514	2.67879	-0.0592013	4
2887	19.2992	11.7328	0.320494	4
2889	17.7402	12.3519	0.38971	4
2896	16.8048	17.3799	-0.0306726	4
2904	19.1448	1.06997	2.06862	4
2911	15.7806	8.12652	0.777991	4
2917	17.3607	23.5517	0.084963	4
2920	16.234	16.8297	-0.139278	4
2922	17.1519	4.66725	0.0102696	4
2938	18.9317	23.951	0.271833	4
2942	16.442	2.04254	0.847926	4
2943	18.412	23.5689	0.602129	4
2944	19.2936	7.4883	-0.651369	4
2947	18.1473	18.5647	0.456705	4
2948	16.4109	11.5955	-0.00724656	4
2950	16.1451	22.4542	0.594799	4
2952	19.538	13.639	-0.064866	4
2953	15.6176	24.1787	0.783259	4
2959	16.756	24.7712	0.320442	4
2963	16.6579	16.4786	-0.0559015	4
2964	17.3697	1.70875	0.184471	4
2967	19.5156	8.20885	0.189474	4
2973	16.175	20.854	0.614249	4
2982	18.7823	2.32597	-0.546264	4
2988	19.8494	1.96021	0.408438	4
2989	16.005	5.19928	0.299403	4
2990	16.9355	6.7179	0.0119296	4
2993	18.0503	24.4111	0.529088	4
2997	15.2904	18.4842	0.570037	4
3012	16.1656	24.2658	0.269267	4
3018	17.5049	24.0441	-0.162584	4
3028	16.6152	18.5689	0.97474	4
3029	17.9701	6.14051	0.575399	4
3040	17.8794	9.26761	0.130872	4
3043	18.9122	8.14207	-0.246361	4
3048	17.7431	0.734474	1.25633	4
3053	19.4383	8.55894	0.337731	4
3062	17.4014	12.3804	0.424257	4
3064	17.6682	20.3091	0.0661822	4
3066	17.1144	3.98018	-0.232946	4
3068	19.8175	14.892	0.545806	4
3071	18.2947	0.837178	0.750121	4
3073	16.2751	19.0218	0.183931	4
3078	17.7854	8.59305	0.0536457	4
3085	17.4555	8.1011	0.424543	4
3093	19.0201	8.3241	0.661666	4
3098	16.7832	8.00693	-0.287066	4
3099	16.7195	8.20031	0.385109	4
3102	15.8298	8.8784	0.172895	4
3108	17.0368	23.9189	0.485546	4
3111	16.8706	21.0931	1.03776	4
3113	19.5837	0.996701	1.1111	4
3114	19.6567	14.4912	0.932332	4
3120	16.5741	0.651172	-0.000107584	4
3124	19.1774	2.10076	0.148407	4
3126	16.6688	0.668825	0.087321	4
3128	19.6487	3.33177	-0.8318	4
3154	16.9099	9.39692	0.757979	4
3157	16.8415	12.5354	0.796346	4
3161	19.1173	24.9964	-0.6699	4
3162	19.9185	24.6449	0.268585	4
3184	19.6386	9.19671	-0.289623	4
3196	18.21	4.17327	0.259273	4
3204	19.4718	8.20896	0.582065	4
3209	16.9451	5.36415	0.570856	4
3210	16.8777	23.5219	-0.225489	4
3219	19.4544	8.52274	0.186757	4
3232	15.3646	19.4646	0.397682	4
3233	17.8037	4.02935	0.780953	4
3234	19.4133	8.51239	-0.310322	4
3235	16.0336	2.67854	0.0665884	4
3238	17.8233	20.5343	0.268694	4
3246	19.4753	15.7831	0.783409	4
3249	15.5745	12.2652	-0.305089	4
3253	16.6198	19.9716	1.05737	4
3255	15.2988	0.297999	0.446428	4
3260	15.0421	20.8709	0.584293	4
3272	15.1289	14.0368	-0.266519	4
3280	16.7199	18.3113	0.566256	4
3286	19.0971	16.209	0.817351	4
3287	17.1063	8.3245	0.876179	4
3294	19.6049	9.29827	-0.233794	4
3301	19.3158	20.9007	1.43905	4
3303	18.8918	0.737385	0.0432842	4
3310	19.4467	12.5055	-0.18652	4
3324	18.5546	1.76159	0.445327	4
3336	15.6034	15.5686	0.622808	4
3341	19.172	23.8937	0.120822	4
3342	18.1264	5.36013	0.937336	4
3353	16.6503	12.5764	1.84473	4
3354	15.6161	10.1585	0.0219361	4
3358	15.2915	18.586	0.330844	4
3360	16.3622	11.6068	1.39462	4
3362	16.5046	8.82582	-0.247274	4
3363	16.446	9.51606	-0.0290801	4
3372	15.266	17.9724	0.830275	4
3381	19.5207	21.8814	0.200563	4
3383	17.1543	12.478	0.149643	4
3401	17.4629	6.99806	-0.442136	4
3402	17.8228	7.23915	0.34865	4
3417	19.9972	12.9048	-0.0279377	4
3419	15.5307	6.5471	0.449973	4
3422	19.8017	13.7106	0.205908	4
3423	18.7739	1.94418	1.13133	4
3428	18.9848	14.429	-0.293298	4
3432	19.8771	4.1429	0.400025	4
3433	16.7135	19.4827	0.583935	4
3434	17.8706	5.97994	0.329101	4
3436	16.0808	5.1502	0.980432	4
3440	15.1853	5.27418	0.852793	4
3442	19.1478	0.793668	0.0457664	4
3444	15.8263	7.23625	-0.44493	4
3448	18.3441	24.6551	0.143836	4
3455	18.0779	10.2601	0.74614	4
3457	15.1641	21.6759	0.59506	4
3458	16.9883	23.6172	0.24384	4
3462	19.9261	3.91188	-0.202198	4
3464	17.0322	20.9327	0.546414	4
3465	15.2354	7.41703	0.482828	4
3468	15.3704	7.14304	0.830719	4
3472	18.704	18.5168	0.790563	4
3475	17.5818	16.2056	0.152036	4
3482	17.4851	6.53313	0.448869	4
3495	17.7988	0.0216314	0.140028	4
3496	15.1405	18.6494	0.660245	4
3501	18.499	10.6784	0.321594	4
3503	15.4721	7.5452	0.196783	4
3505	16.969	22.7099	0.332002	4
3506	19.4949	17.0445	0.488361	4
3514	18.3203	6.79206	0.368559	4
3521	18.9382	18.2577	-0.0284341	4
3522	18.9502	10.6318	0.103156	4
3523	19.4194	10.5902	0.0299175	4
3524	16.5131	17.8486	0.622901	4
3529	19.2057	9.09025	0.942961	4
3530	15.7847	16.3663	0.612046	4
3531	16.6131	16.9072	0.494039	4
3534	19.7664	8.58286	0.867011	4
3541	18.1158	10.6942	1.57835	4
3543	16.728	13.0191	0.905934	4
3544	16.7127	13.3515	0.718667	4
3546	19.8697	7.47012	-0.130506	4
3551	15.6001	17.1035	0.143141	4
3553	18.2005	22.2816	1.26052	4
3555	18.2383	18.1614	1.36657	4
3556	18.0009	18.3966	-0.0586309	4
3578	16.9547	19.4667	0.136239	4
3592	16.3679	5.49651	-0.236783	4
3596	16.2992	16.3339	-0.762519	4
3597	17.5136	17.0121	0.288839	4
3601	15.0124	20.8092	0.143424	4
3609	17.22	21.4921	0.505137	4
3615	18.0124	13.7018	1.04078	4
3625	15.5205	3.5514	-0.480907	4
3629	18.1978	10.342	0.240549	4
3637	17.4629	7.60927	0.458639	4
3638	17.5352	13.155	0.764915	4
3639	17.4735	13.1744	-0.158348	4
3644	18.7954	5.22748	0.788397	4
3646	18.5765	11.9355	-0.199219	4
3649	15.8524	20.5212	0.965433	4
3662	16.2051	6.89895	-0.314737	4
3664	16.8675	4.35309	0.487127	4
3669	19.2469	10.1901	-0.0910113	4
3671	18.7387	24.934	1.70234	4
3680	16.2783	10.6415	0.123535	4
3686	16.3163	23.112	-0.00913741	4
3704	19.9986	21.576	1.01213	4
3708	15.7878	11.7616	-0.347173	4
3709	16.0318	18.8372	0.329627	4
3711	17.0631	17.838	-0.0819447	4
3712	16.4314	4.56922	0.0161572	4
3718	16.2699	6.44959	-0.204922	4
3721	16.9835	4.68034	0.340313	4
3732	15.9356	13.4972	0.21685	4
3733	15.3961	0.459318	0.808481	4
3735	19.6159	10.6594	1.08559	4
3738	17.6494	22.1612	0.343754	4
3754	16.6387	8.39975	0.69783	4
3757	19.6633	18.451	1.0369	4
3766	15.5208	11.5365	-0.272435	4
3767	16.2407	24.4389	0.927205	4
3773	19.8072	24.3631	0.519277	4
3776	15.647	10.4428	0.485137	4
3779	19.3153	14.5714	0.226597	4
3780	17.9897	23.3513	0.533632	4
3785	19.2488	10.6912	0.360772	4
3786	17.3232	22.0934	0.373898	4
3790	16.3471	12.4888	0.734529	4
3792	16.5696	20.9034	0.259176	4
3808	15.4918	19.5496	0.305203	4
3816	15.0785	5.88464	0.112836	4
3820	15.8883	4.21053	0.0527588	4
3822	19.0773	14.5443	0.106028	4
3824	17.3062	7.02989	0.654631	4
3836	16.0426	20.4565	1.03588	4
3838	18.6363	20.1653	0.0107826	4
3841	15.6596	22.2203	1.38928	4
3844	18.089	24.9857	0.796967	4
3846	17.834	5.59589	1.43864	4
3847	18.1161	6.45088	0.742271	4
3849	16.6166	24.7078	0.0522179	4
3851	16.6395	15.9454	0.362425	4
3853	18.6303	6.64367	0.248332	4
3855	18.2872	4.20605	0.724075	4
3856	19.2024	23.776	-0.0204326	4
3864	16.0345	17.9999	0.491031	4
3878	17.2662	13.7007	-0.134917	4
3887	16.2002	4.60846	-0.741725	4
3892	16.0518	21.0762	0.461507	4
3897	19.1162	4.06734	-0.106853	4
3898	17.6044	22.0766	0.336616	4
3899	15.314	4.04512	0.367937	4
3906	15.9092	9.88828	-0.144545	4
3909	18.3815	23.6091	-0.450551	4
3910	19.5321	22.9577	-0.126871	4
3913	15.2016	1.00731	0.385897	4
3915	18.5174	10.8018	0.519813	4
3917	15.0427	3.00607	0.775459	4
3927	19.0693	5.26079	0.0552365	4
3937	15.3229	4.67033	0.294822	4
3940	17.8741	11.0968	0.0374505	4
3944	15.8581	17.7349	1.11735	4
3947	19.8349	16.418	0.262497	4
3971	17.8733	8.96668	0.0288648	4
3973	18.925	10.9141	-0.328067	4
3978	15.09	5.37821	0.456491	4
9	21.1019	2.83134	-0.448059	5
13	24.8903	18.2426	0.0625555	5
25	23.0863	5.39188	0.255752	5
31	21.8796	20.3902	0.615357	5
42	22.6866	23.6932	0.47934	5
43	21.7221	4.92566	0.274552	5
63	22.0361	15.8434	-0.0168892	5
66	23.1496	8.86582	0.116732	5
73	21.0167	12.5771	0.932917	5
75	21.092	13.2416	0.692396	5
86	23.9856	24.4796	-0.215538	5
90	24.8256	10.9492	0.577309	5
92	21.9268	22.8086	0.0529836	5
102	24.2463	6.00697	0.0709562	5
103	23.3107	12.1219	1.2436	5
114	22.597	19.2852	-0.307397	5
143	22.7624	16.1122	0.593777	5
145	20.3345	4.74194	0.607897	5
146	22.8045	8.45848	-0.0540456	5
149	22.4009	2.00114	0.643395	5
158	23.3027	21.2999	0.346952	5
169	24.0068	21.7437	0.233059	5
177	23.8754	24.7865	1.05947	5
178	23.9956	12.6237	0.49284	5
182	22.4538	21.2976	0.27066	5
186	24.0636	21.2439	-0.146427	5
192	20.6908	21.9375	0.850414	5
217	24.3391	7.32727	0.357884	5
219	20.5006	18.168	0.961787	5
224	22.8685	17.8399	0.133868	5
234	22.3654	6.92045	-0.119959	5
247	20.8158	5.22514	0.149661	5
259	24.7996	14.4516	0.0455225	5
263	22.3632	11.5894	0.0475012	5
273	21.6677	7.53064	-0.393927	5
274	20.5641	16.9528	0.375818	5
275	24.5247	8.05079	0.71681	5
276	21.4197	23.039	-0.438	5
280	22.029	8.96858	-0.189482	5
282	20.0477	20.665	0.58591	5
283	23.1067	18.3634	0.609755	5
284	23.2321	1.13642	0.184918	5
286	24.7267	8.52155	0.0982774	5
296	24.7887	17.8767	0.468692	5
300	21.2786	10.6594	0.276528	5
305	23.0604	16.192	-0.269734	5
308	24.2832	9.03871	-0.0131847	5
310	23.627	4.03229	0.574087	5
312	20.7301	10.3634	0.305826	5
314	21.2687	11.3396	0.20016	5
319	23.623	17.5957	0.842435	5
330	22.5759	13.0154	0.410841	5
331	20.0955	24.5001	0.488639	5
332	22.1183	1.63643	1.13378	5
336	20.2876	16.2427	0.507677	5
337	21.9187	16.1653	0.259921	5
340	22.9691	22.3329	0.864457	5
343	21.3548	12.4143	0.911089	5
345	24.5283	19.3539	0.267893	5
349	23.5752	19.8201	0.738081	5
358	23.3817	20.206	0.966245	5
360	20.6324	2.05417	0.584026	5
362	22.8847	6.13252	0.217778	5
365	24.5165	4.42447	-0.457544	5
366	20.7392	17.7338	0.755388	5
369	20.7465	8.40581	0.460729	5
377	20.3776	14.6464	-0.188581	5
378	23.7974	23.6203	0.255946	5
383	22.5559	24.5545	-0.113918	5
385	22.8925	23.0381	0.927227	5
386	21.686	23.8635	-0.148964	5
394	20.3753	10.1775	0.486688	5
397	21.9173	19.5773	1.31684	5
403	24.8885	16.4779	0.908167	5
409	22.1214	17.8366	0.0187019	5
416	23.9827	6.74434	0.450811	5
420	21.5355	20.5937	0.454008	5
422	24.2733	22.6573	-0.357151	5
428	21.5931	8.33835	0.679834	5
429	23.6543	7.61386	-0.410264	5
431	22.1466	4.63738	0.242686	5
437	21.2814	1.58102	0.397624	5
443	24.4002	8.36602	0.439376	5
453	20.1331	19.4318	0.097639	5
468	21.5235	7.53798	0.938997	5
469	23.5557	0.505391	1.40873	5
474	21.5903	7.06412	-0.378758	5
482	21.4237	6.73277	0.451754	5
484	24.4712	2.39497	0.896826	5
491	23.4469	24.8359	0.868835	5
496	20.7572	1.50312	0.515291	5
501	20.0166	21.2913	0.528618	5
515	22.9816	11.6157	0.257573	5
536	20.516	24.0407	0.106607	5
538	24.9217	21.5112	0.617545	5
541	20.9883	23.0797	-0.1696	5
543	21.5585	12.8006	-0.179966	5
547	24.4425	21.8494	0.78404	5
552	22.7226	2.90988	0.47845	5
554	22.6638	0.409841	0.162955	5
557	22.0929	4.2247	0.614503	5
559	20.4529	11.2225	0.24196	5
562	23.7809	3.41715	0.0249577	5
578	23.5721	11.6243	1.51419	5
584	22.1386	5.43993	0.0959738	5
585	23.3747	22.3773	0.855033	5
586	21.0772	23.2116	0.481635	5
587	24.6868	15.4132	-0.4023	5
597	23.418	19.0267	0.128317	5
598	20.4036	4.19658	0.467912	5
599	24.2475	22.8455	1.15187	5
600	23.4573	3.63437	0.940182	5
601	22.2218	12.8939	0.576838	5
602	23.3832	24.4868	0.935248	5
605	23.5606	2.95864	-0.168786	5
606	23.6591	1.46378	0.255292	5
612	21.4003	7.61309	-0.0221794	5
619	22.8517	5.27873	0.288459	5
630	24.1934	15.0408	0.140859	5
631	23.051	17.0166	0.234096	5
633	22.3916	19.0056	-0.239936	5
639	23.2427	18.2	-0.167738	5
640	20.1872	19.9189	-0.103078	5
646	24.0095	10.8125	0.265655	5
651	20.3417	3.70472	0.0296366	5
657	23.6575	13.0649	0.237952	5
674	21.4957	23.3289	1.00054	5
675	24.9009	14.6744	0.260906	5
682	22.3525	24.9981	0.705215	5
686	24.8958	5.11606	0.671365	5
692	24.4262	11.572	0.619535	5
701	23.8444	3.52815	-0.0535008	5
709	24.667	20.3283	0.167886	5
710	20.9635	13.3937	0.875975	5
715	23.3338	16.0062	0.562655	5
720	22.1316	7.00512	0.193262	5
726	24.4724	21.9033	0.116795	5
734	20.9604	7.55523	0.244943	5
740	20.0675	18.2694	0.894674	5
743	23.0934	23.9291	0.330345	5
744	23.1788	12.7421	0.878978	5
745	24.2972	4.58882	0.733103	5
747	24.0131	20.6834	-0.108823	5
762	21.047	3.78737	0.00678743	5
764	23.6342	0.498616	-0.0637321	5
769	22.2368	15.0038	-0.061013	5
775	24.4952	10.5374	-0.553446	5
780	21.4621	0.0628653	0.0543572	5
785	24.9512	5.42017	1.19854	5
791	21.9721	13.0408	0.210354	5
796	22.8506	5.97865	-0.210984	5
797	23.2509	3.43075	0.793879	5
798	23.4997	21.1688	-0.0559288	5
799	20.9883	1.33529	0.478493	5
802	21.4917	7.78728	1.09862	5
808	23.6231	9.44015	0.187889	5
812	22.4629	21.09	-0.0604853	5
813	23.8323	23.0702	0.738793	5
816	20.3512	8.89778	0.247493	5
827	24.3443	17.1845	0.304458	5
829	24.9454	19.7634	0.70539	5
835	22.0872	22.0562	0.781299	5
836	23.2741	10.6773	0.270736	5
838	20.3538	17.5047	0.537138	5
842	21.6789	24.1738	-0.116841	5
844	24.8806	16.2272	0.24857	5
850	23.3441	18.6596	0.64367	5
852	21.9402	19.8735	0.300922	5
863	23.8601	22.246	0.100266	5
864	22.6811	16.169	0.220025	5
867	20.0469	18.6332	-0.606522	5
868	24.8591	23.7618	0.593438	5
870	21.8105	2.5481	1.26606	5
872	24.3181	0.909308	0.340885	5
881	21.7815	15.3418	-0.294395	5
885	24.2129	23.9331	0.764318	5
886	22.7245	4.43685	0.885495	5
889	20.2226	0.768274	0.268363	5
892	24.2858	24.8175	0.125446	5
901	22.2245	14.3744	1.02713	5
903	21.1446	6.5267	-0.118041	5
916	22.7996	18.2933	-0.327313	5
922	23.0606	12.6147	0.523754	5
928	21.7675	4.55761	0.364344	5
937	23.3689	4.5617	0.439517	5
939	24.8346	11.9267	0.901066	5
940	24.5447	19.3815	1.00136	5
944	20.8988	10.6766	-0.359836	5
946	23.4826	15.5351	-0.122317	5
949	21.1057	5.86905	0.101992	5
954	20.533	4.69885	-0.0147	5
972	21.7657	6.59877	0.28813	5
983	20.9094	16.408	0.524338	5
985	20.1681	0.121379	0.663309	5
988	23.24	2.05608	-0.178605	5
989	24.0741	9.12083	1.19666	5
990	24.1451	11.9077	-0.116019	5
994	23.1455	10.3757	0.903803	5
995	21.1379	24.2808	0.715627	5
998	24.4293	5.1809	-0.0604566	5
1001	23.4352	6.34619	-0.0385421	5
1003	23.599	24.5348	0.856729	5
1016	21.4795	24.3887	0.658486	5
1028	22.7796	1.10081	0.028103	5
1030	24.0868	5.00283	0.532503	5
1032	22.8688	23.1582	-0.689712	5
1035	21.0458	14.3804	0.540405	5
1040	22.6819	11.9293	0.0470967	5
1052	21.6425	21.7355	0.0191664	5
1053	22.0406	17.2456	0.461398	5
1057	24.765	22.189	-0.14098	5
1063	21.1113	19.5121	0.96103	5
1069	24.1825	1.61942	-0.0143475	5
1070	20.4589	0.445676	0.690347	5
1074	23.9853	16.0012	-0.00530007	5
1075	24.3138	23.9142	0.488372	5
1076	24.1135	20.8765	0.494545	5
1086	20.8245	11.9682	0.811236	5
1087	23.9338	13.5654	0.747467	5
1093	20.1721	7.75566	0.29088	5
1097	23.4091	1.66949	0.236852	5
1101	20.0721	17.6396	0.438872	5
1102	20.2648	8.6098	0.344989	5
1114	24.5911	7.21839	-0.110312	5
1115	22.2651	18.4574	0.436178	5
1116	22.8289	9.13243	-0.0105562	5
1126	23.2829	9.4661	0.362267	5
1128	21.2751	19.072	0.750607	5
1129	23.8763	13.8603	0.404192	5
1131	21.0863	22.4521	0.207277	5
1132	21.9833	23.6959	-0.124173	5
1135	21.0895	2.32305	0.333259	5
1139	24.4516	16.6826	0.358403	5
1147	23.2085	9.88046	1.48806	5
1155	22.6326	3.81754	0.0687895	5
1163	21.9068	2.4303	-0.0718249	5
1175	22.9133	9.12762	0.0614104	5
1181	20.7113	9.78422	1.5357	5
1189	22.3497	20.8068	1.04817	5
1191	21.3124	11.6593	0.0889516	5
1197	21.6152	18.4526	0.41756	5
1198	20.9372	9.21688	0.729305	5
1220	21.1345	24.9292	0.283183	5
1222	22.0064	5.86095	0.634826	5
1224	22.4878	13.8843	-0.121755	5
1227	21.8949	15.1663	0.192168	5
1229	24.309	10.8983	0.808819	5
1232	21.5111	15.2967	-0.175275	5
1233	24.8852	2.69468	0.36809	5
1256	20.1856	13.9718	0.79078	5
1258	21.0443	17.5668	-0.313183	5
1262	23.6057	7.90811	-0.129815	5
1263	21.1082	9.26926	0.89593	5
1279	20.5673	2.3497	0.568052	5
1280	22.0601	17.7728	0.357121	5
1284	21.4027	0.984529	0.629815	5
1285	20.4439	2.94601	0.159366	5
1299	22.2439	4.67544	0.646886	5
1301	21.8202	22.5352	0.749938	5
1306	20.9343	2.24696	0.916288	5
1312	20.9556	11.5706	-0.269696	5
1319	24.4117	13.9436	0.64004	5
1321	22.5586	11.6852	0.0166138	5
1344	20.9276	18.1166	-0.597278	5
1353	21.9285	20.7399	0.385681	5
1362	23.0514	6.66467	0.213445	5
1363	22.6185	5.7173	-0.021084	5
1367	20.954	22.4744	-0.205435	5
1368	23.156	8.46991	0.598233	5
1372	23.7552	17.9964	0.402791	5
1379	20.4708	15.5879	0.267955	5
1380	22.9944	4.24851	0.212105	5
1381	23.4753	24.5309	-0.302884	5
1383	22.5211	17.0571	-0.763717	5
1385	23.6283	9.03408	-0.434721	5
1387	22.0345	0.809537	0.140531	5
1392	20.7574	17.3277	-0.0365939	5
1394	24.264	6.133	0.177418	5
1401	23.9077	20.5027	0.3007	5
1402	24.7631	11.521	0.473051	5
1417	22.0111	8.83646	0.0811882	5
1419	21.3998	7.15358	1.06394	5
1421	23.2769	11.7016	0.210117	5
1425	22.3231	24.7236	0.722872	5
1427	24.4821	5.87416	0.303442	5
1431	23.4812	7.88899	0.328295	5
1433	23.4341	7.0637	0.272025	5
1438	20.3888	19.7519	0.0353529	5
1440	21.9266	6.06856	1.22903	5
1443	23.1971	13.5453	0.259269	5
1451	22.7851	11.7252	0.369156	5
1454	22.9714	13.867	0.433995	5
1456	23.5089	22.5741	0.665258	5
1464	23.6806	2.51357	0.257624	5
1471	23.5286	17.6231	-0.107127	5
1488	23.6265	22.9749	0.0557874	5
1493	20.0699	13.7874	-0.0451263	5
1497	23.7145	13.8098	0.576594	5
1499	23.6784	9.55828	0.176934	5
1501	22.3615	2.18304	0.278769	5
1509	20.1056	15.5863	-0.500313	5
1511	20.6357	13.3115	0.328963	5
1518	20.194	18.3594	0.25682	5
1521	20.2552	21.0039	0.767575	5
1523	21.1043	4.32192	-0.241692	5
1534	20.0665	4.62255	0.698672	5
1535	20.2026	3.05061	0.414274	5
1536	22.6406	21.7429	0.611936	5
1551	24.5093	23.0524	-0.0394445	5
1552	24.499	19.7033	0.208838	5
1555	21.341	3.25659	0.853015	5
1563	22.6032	8.35007	-0.0253441	5
1568	22.5337	20.0438	0.252688	5
1575	22.5558	10.0572	-0.546111	5
1581	21.8448	24.9621	0.0212985	5
1582	22.6767	23.4544	0.619413	5
1585	20.5407	6.83747	0.89935	5
1596	20.3909	15.8526	0.92406	5
1613	21.98	1.42885	0.027471	5
1630	22.967	14.5613	0.477454	5
1634	21.1692	24.4556	0.051336	5
1639	21.4206	1.94206	-0.110803	5
1647	24.3362	24.5333	0.209901	5
1648	22.8435	22.1014	-0.104695	5
1665	22.6558	16.5158	0.160432	5
1673	22.6416	16.1111	0.50884	5
1679	21.3647	5.61446	0.238007	5
1685	20.3042	19.3819	-0.850445	5
1688	23.1622	10.0666	-0.0653191	5
1689	24.4872	8.37983	1.26531	5
1696	24.6186	16.256	0.890472	5
1697	20.6829	11.5423	0.0573412	5
1704	23.5932	17.9079	0.789008	5
1706	24.0207	17.3994	0.0131445	5
1713	20.4482	9.99165	0.581626	5
1729	20.6703	1.71968	0.436327	5
1732	22.4607	12.939	0.832385	5
1737	22.3189	9.65211	-0.240578	5
1738	24.3215	2.56457	0.801376	5
1739	20.5126	11.1537	0.25702	5
1740	22.9008	8.77045	1.13767	5
1745	22.5737	11.1448	0.744289	5
1746	20.7772	16.5258	0.994309	5
1754	20.8478	10.9702	1.38855	5
1763	23.457	5.12999	0.48824	5
1764	23.6707	6.58505	1.08866	5
1765	22.6318	19.0827	0.811134	5
1768	21.9305	13.1536	-0.30932	5
1769	20.0827	18.5882	0.0901957	5
1783	20.132	2.66719	-0.329385	5
1786	21.9134	16.6966	0.409366	5
1793	24.7076	13.5181	0.153042	5
1802	21.0919	6.03666	0.0507896	5
1810	21.196	10.6014	0.136163	5
1815	21.8116	21.6445	0.441432	5
1818	24.0525	3.59831	-0.509458	5
1819	21.8248	8.90156	0.177702	5
1820	22.2582	4.74132	0.635082	5
1828	23.6273	11.6935	1.01852	5
1845	24.2206	4.04309	0.262894	5
1862	24.5231	17.8599	0.385204	5
1888	24.3	16.9402	1.04903	5
1890	24.9949	7.55259	0.133254	5
1893	20.2643	24.9746	0.641288	5
1894	20.0556	16.6416	-0.139434	5
1897	23.7087	21.0946	0.479143	5
1901	22.4296	5.53803	0.331597	5
1910	21.5806	18.1221	0.257262	5
1914	22.9841	7.92564	0.273098	5
1915	22.8714	2.40709	0.805699	5
1925	24.9084	2.64037	-0.663867	5
1932	24.1623	4.65683	0.319816	5
1934	20.6119	18.8886	0.484663	5
1952	21.1045	5.59334	0.831904	5
1962	20.7089	16.8057	0.788214	5
1963	21.8691	14.9271	0.228317	5
1964	23.9312	21.6297	0.191152	5
1971	20.2879	6.82043	-0.0687832	5
1972	24.7455	13.9916	0.307764	5
1975	23.4851	2.22784	0.0335324	5
1976	22.9955	15.0212	-0.116289	5
1980	20.8763	5.03584	-0.0374691	5
1981	21.329	3.74207	1.17735	5
1992	20.3028	14.3072	-0.415148	5
1995	22.1459	23.4525	0.262409	5
1996	22.3128	8.3288	0.315378	5
1997	22.3323	1.19312	0.567784	5
2002	24.5301	6.3602	0.114292	5
2013	22.2981	13.2458	0.960431	5
2023	23.5708	1.6747	0.663889	5
2024	22.705	8.08524	-0.205131	5
2027	20.6446	16.8787	0.362992	5
2028	20.7942	22.7224	0.684369	5
2029	24.5678	20.9414	0.834278	5
2038	24.289	21.0041	-0.151612	5
2048	22.5936	15.1385	0.780167	5
2051	24.1917	3.30517	0.469673	5
2062	21.0945	7.40116	0.630891	5
2064	23.6339	24.5794	0.170186	5
2077	20.9384	3.54702	0.707014	5
2079	20.2248	17.3082	0.355949	5
2083	24.4153	1.8311	0.245571	5
2086	24.8349	8.07969	-0.658334	5
2103	20.0028	6.93566	1.1117	5
2104	22.2642	19.3644	-0.319292	5
2109	20.4377	22.3182	0.952858	5
2110	21.3482	15.0097	0.585648	5
2122	20.4743	16.1385	-0.0907203	5
2130	22.0551	17.1348	0.607071	5
2133	22.0992	16.5533	0.327365	5
2139	23.7174	9.71719	-0.259173	5
2144	22.8178	6.31766	0.876617	5
2145	22.9677	7.4677	0.281096	5
2155	23.8787	1.76274	-0.267571	5
2158	24.1566	17.5827	0.290358	5
2164	20.3322	24.0022	1.42052	5
2167	24.0248	0.951042	0.230427	5
2177	20.4355	17.8233	0.628858	5
2179	20.7337	3.77606	0.401212	5
2187	20.1753	12.5623	0.0819039	5
2188	21.5185	14.0096	0.870464	5
2189	22.5244	10.0985	-0.334831	5
2195	22.3243	13.5207	-0.13404	5
2196	22.9507	13.6008	0.81979	5
2203	22.8707	6.3841	0.825241	5
2209	24.6675	20.1842	0.10312	5
2215	20.6356	21.7669	0.420783	5
2220	23.8435	15.0229	0.0586303	5
2228	21.8318	17.2434	1.32972	5
2236	21.7423	23.8017	0.393373	5
2237	22.1677	23.6047	0.648013	5
2239	23.0077	0.0714766	-0.0269129	5
2250	22.3985	13.2646	0.511529	5
2254	22.2111	6.88529	0.246772	5
2261	21.291	14.7174	-0.0559766	5
2265	24.6668	23.2276	0.580984	5
2268	23.1764	3.75065	0.250622	5
2275	23.8563	18.4358	-0.0229001	5
2280	22.4362	6.6639	-0.616044	5
2281	20.7132	7.00311	0.955322	5
2282	22.9333	13.4303	1.08417	5
2285	22.1232	8.87355	0.0364471	5
2297	22.3626	15.7484	0.591287	5
2298	20.2699	6.52505	0.498796	5
2301	23.1325	0.733919	0.289195	5
2306	21.6021	23.5818	0.436617	5
2323	24.9429	9.16838	0.304741	5
2326	21.859	19.4447	0.353497	5
2339	23.443	5.85383	0.572472	5
2347	21.8255	1.89884	0.101153	5
2352	24.3233	3.69181	0.091641	5
2353	20.9053	16.2039	0.905841	5
2357	21.5293	17.7357	0.818275	5
2371	21.1251	6.18652	0.650384	5
2375	23.806	4.3598	0.754929	5
2376	22.5304	21.0534	-0.0438531	5
2377	21.6018	24.0937	0.33894	5
2388	21.1293	4.54549	-0.233587	5
2390	24.4202	4.06544	0.973814	5
2393	21.2249	24.272	0.16974	5
2394	20.9626	9.93554	0.18955	5
2396	22.0597	20.3933	0.444552	5
2397	23.3737	2.9709	0.745833	5
2408	22.251	8.56529	0.245251	5
2409	23.2484	21.3627	0.39492	5
2413	24.7807	10.1805	0.436663	5
2419	20.8708	22.1536	1.06472	5
2423	20.6588	19.751	0.803762	5
2425	20.7385	1.08229	0.098369	5
2426	21.5134	18.8575	0.0250153	5
2429	22.763	14.5506	1.10257	5
2431	21.952	0.9874	0.333132	5
2436	24.2754	13.9837	1.65574	5
2437	24.7287	12.9902	0.587556	5
2439	21.0768	0.999555	0.462267	5
2440	21.4141	14.6669	0.0704008	5
2441	20.1778	6.73844	0.186716	5
2444	21.7542	24.0614	0.396645	5
2448	23.3306	3.40337	0.235695	5
2449	24.3095	17.1583	0.476071	5
2453	21.0698	8.38928	0.242067	5
2454	24.4107	20.2638	0.65314	5
2455	22.0705	0.486944	0.149254	5
2464	23.3636	1.65753	0.557394	5
2466	23.278	12.8304	1.28723	5
2481	20.0531	15.26	-0.344042	5
2482	24.0781	2.21439	0.9486	5
2486	22.0277	4.0467	0.470483	5
2489	23.3634	17.3933	0.649892	5
2500	22.3287	2.53899	0.0784696	5
2501	23.4249	18.6705	0.123339	5
2503	20.1451	24.99	1.07238	5
2515	22.421	10.7771	1.25669	5
2522	24.6576	13.9346	0.707711	5
2527	20.205	14.4994	-0.320228	5
2530	23.5212	10.3357	-0.432447	5
2535	24.4089	6.41278	0.57505	5
2536	21.0195	5.05128	0.688052	5
2537	24.8942	11.953	0.273237	5
2539	20.3662	8.01731	0.601742	5
2540	23.2104	3.3031	-0.325368	5
2541	24.4245	8.52682	1.03811	5
2542	24.4946	15.3053	-0.284836	5
2550	23.1342	5.95291	-0.365861	5
2554	24.72	9.861	-0.238719	5
2555	21.2245	17.0311	1.03087	5
2556	22.691	10.8148	0.642883	5
2560	20.1016	2.25226	0.698899	5
2568	20.912	10.1112	1.20183	5
2569	21.5035	8.087	0.144287	5
2577	23.6887	3.68672	0.183694	5
2579	24.1689	18.1206	1.0277	5
2588	20.3552	4.13917	0.958945	5
2596	20.3947	10.3187	0.259444	5
2597	20.8041	18.3946	1.23579	5
2609	23.2328	20.7898	0.931145	5
2623	23.4004	16.6642	-0.184651	5
2625	21.913	15.3134	1.06333	5
2630	20.953	23.5994	0.648013	5
2632	22.8486	19.5037	0.753962	5
2646	20.8812	18.6586	0.544803	5
2648	24.7783	10.4527	0.389166	5
2650	23.7992	11.8033	0.332323	5
2654	24.3541	11.8187	1.23631	5
2661	24.8499	8.39129	0.392797	5
2668	20.3508	17.6026	0.503117	5
2669	20.5076	17.3801	0.131162	5
2672	22.1742	1.18902	0.802418	5
2677	21.2136	20.5008	0.724761	5
2690	21.2681	24.069	0.236114	5
2692	22.9929	8.29282	0.110397	5
2693	20.0658	19.7367	-0.0728813	5
2697	22.522	23.6956	0.0574695	5
2720	22.3132	7.45691	0.409152	5
2735	23.4344	24.0382	0.745141	5
2739	23.3474	2.57695	0.0119062	5
2741	24.2905	18.9831	0.490134	5
2743	22.4706	6.65696	0.527537	5
2748	21.2709	23.1048	0.220729	5
2763	21.8705	2.87127	0.258498	5
2775	24.6175	23.0841	0.101286	5
2780	24.0709	23.1362	0.26283	5
2782	21.5691	5.45335	1.0328	5
2785	24.2958	24.5277	0.529899	5
2786	24.5711	5.85874	-0.207839	5
2790	20.2391	6.71011	-0.184339	5
2794	23.1746	23.9488	-0.346364	5
2797	23.2861	13.8437	0.0754172	5
2799	23.9963	7.3296	0.29011	5
2806	20.4151	2.14875	0.322251	5
2814	22.8463	9.04884	-0.0777208	5
2816	21.6449	5.65773	-0.136675	5
2817	22.4602	17.1179	0.16207	5
2818	21.2532	18.6341	-0.031212	5
2824	22.2188	7.08516	0.813743	5
2833	20.5597	3.94379	0.272866	5
2852	24.2284	4.22603	0.623548	5
2854	24.37	15.2525	0.625422	5
2856	21.9993	9.67054	0.100678	5
2861	21.5671	12.692	0.798245	5
2865	20.3438	14.9864	-0.722669	5
2869	23.8256	13.3145	0.259844	5
2870	20.8894	22.9243	0.20102	5
2873	23.4626	9.4544	0.144986	5
2874	24.497	23.6043	0.842066	5
2875	23.584	20.3778	-1.04415	5
2883	20.9719	7.90289	-0.832608	5
2890	24.7799	10.5588	0.504621	5
2902	21.1564	3.66031	0.0826081	5
2906	21.3251	9.9241	0.607465	5
2908	21.426	9.92208	0.467456	5
2909	23.6739	21.3354	0.82035	5
2914	21.8399	6.26947	0.238911	5
2915	21.0886	7.16487	-0.0477321	5
2924	20.3578	10.5686	0.883145	5
2925	23.1715	2.63694	0.479602	5
2930	20.3329	16.3655	0.318209	5
2933	23.7257	23.6049	0.333467	5
2934	20.5144	12.0979	0.0651802	5
2935	21.8561	12.3691	0.877517	5
2939	24.8417	18.987	-0.0904725	5
2945	23.6753	15.14	0.632677	5
2951	20.4049	6.29098	-0.0469067	5
2954	21.7187	3.2832	-0.209652	5
2958	23.8093	8.39392	0.375254	5
2962	21.8377	15.8301	-0.204443	5
2979	21.1842	4.87762	0.246958	5
2984	20.8068	10.7783	0.316525	5
2985	22.9543	4.98605	0.396479	5
2986	22.6704	1.46875	0.566714	5
2987	21.0948	1.04681	-0.0154156	5
2995	24.128	24.3645	0.437411	5
3003	24.6354	19.9957	0.816165	5
3004	22.0092	4.88208	0.650365	5
3005	21.6163	0.490448	0.167223	5
3008	23.9437	6.73609	0.282924	5
3010	21.1388	15.3445	-0.195712	5
3015	24.6116	14.9115	0.503597	5
3019	23.7253	22.0576	0.350954	5
3021	21.3431	16.7117	0.0721704	5
3024	20.8544	4.24423	1.18151	5
3032	22.32	16.8922	-0.943803	5
3042	22.0237	5.62315	0.172601	5
3046	24.088	23.3591	0.26378	5
3052	23.7035	2.75308	0.508661	5
3059	24.533	23.5719	0.592344	5
3075	23.5732	17.841	0.432549	5
3076	23.764	10.3317	0.664664	5
3086	21.4673	16.9271	-1.002	5
3087	24.8296	16.074	-0.30305	5
3090	24.6787	18.2477	0.325774	5
3091	21.089	13.5717	0.473467	5
3101	21.7625	7.10665	0.400463	5
3109	20.479	15.6343	0.247922	5
3112	21.5954	0.935411	-0.0761684	5
3116	20.1523	16.5205	0.395906	5
3121	21.0906	6.88464	0.254269	5
3125	24.1316	0.791894	0.893542	5
3127	22.6369	23.7669	-0.0562655	5
3133	23.739	24.2337	0.868246	5
3134	22.5893	13.8505	0.142811	5
3136	24.4078	22.2942	0.0848899	5
3138	24.1386	15.9381	0.66149	5
3143	22.5857	5.35179	0.463826	5
3144	22.1933	6.12903	-0.972475	5
3146	24.0602	21.64	0.371567	5
3151	24.5449	9.50223	1.25665	5
3152	22.7707	16.3435	0.206678	5
3155	21.6436	13.4683	1.00214	5
3156	23.7034	22.9298	-0.473926	5
3170	20.1374	5.22912	0.245449	5
3189	21.2493	12.5478	0.545857	5
3192	24.8674	24.5949	-0.135094	5
3193	24.6805	8.28278	0.546653	5
3199	23.1203	9.18589	0.0717793	5
3200	20.0209	10.6899	0.653689	5
3215	20.156	12.8524	0.374037	5
3218	24.1592	19.4621	-0.00749949	5
3220	24.0192	24.8311	0.421782	5
3222	24.0718	12.0567	0.365336	5
3224	20.5106	1.73077	0.498482	5
3237	23.8671	12.867	-0.513115	5
3242	23.734	9.74279	0.12183	5
3245	23.4031	8.54205	-0.0947317	5
3251	20.2919	2.33306	0.458972	5
3258	21.784	15.41	0.846546	5
3266	21.1992	4.40271	0.389877	5
3270	21.9903	12.0337	0.513103	5
3273	22.0163	4.36574	0.263353	5
3277	23.1991	22.72	-0.24513	5
3282	21.8559	0.672105	-0.193324	5
3297	21.9924	20.716	0.42325	5
3299	22.1211	4.59305	0.551021	5
3300	21.8847	4.96244	0.743788	5
3304	22.0815	12.2694	0.565041	5
3305	21.93	12.6745	0.476937	5
3306	23.1747	0.47003	0.688051	5
3307	22.8407	0.618816	0.0569609	5
3309	22.5008	7.08624	0.369386	5
3319	24.0275	4.61302	0.386667	5
3320	20.3375	10.4192	0.631169	5
3322	24.3882	24.1985	0.152065	5
3325	24.8989	12.1263	1.10352	5
3326	23.5791	24.4106	0.58147	5
3333	20.1833	23.6853	0.188083	5
3337	20.2513	9.87391	0.589055	5
3340	20.8307	21.8164	0.599348	5
3361	21.324	13.28	-0.538777	5
3365	21.1716	7.16669	0.350747	5
3367	21.2847	16.9286	0.360618	5
3368	22.1758	15.7403	0.2376	5
3370	20.4023	24.0669	-0.0246047	5
3376	21.8324	14.9443	0.347552	5
3382	23.369	23.5585	-0.0581873	5
3396	22.617	11.8708	0.602607	5
3397	22.4122	11.6207	0.414037	5
3412	20.4462	17.6293	0.610921	5
3415	22.0047	2.62556	0.979381	5
3416	22.1338	2.4663	0.580554	5
3418	24.462	23.4133	0.681107	5
3426	23.3178	6.36387	0.80512	5
3427	23.722	13.3725	0.494512	5
3431	20.1396	4.39507	0.299731	5
3439	22.0073	11.5033	1.35895	5
3443	21.8901	8.14401	0.303757	5
3450	23.8122	0.708902	0.0173999	5
3456	21.7572	17.944	-0.473325	5
3470	24.1329	12.7597	0.26655	5
3473	20.2693	6.77906	-0.129166	5
3476	21.3112	21.4802	0.62434	5
3480	23.4482	3.3423	0.823527	5
3481	22.9698	3.28811	0.251533	5
3484	20.2962	16.1653	-0.230323	5
3485	21.4291	10.3443	1.21056	5
3488	20.971	12.1244	1.12397	5
3491	23.633	3.5321	0.218272	5
3492	23.6615	9.31346	0.472396	5
3504	22.1994	1.2401	0.881536	5
3511	20.9048	17.0944	0.630309	5
3513	22.4825	23.6435	-0.151425	5
3517	23.4072	12.2411	0.199037	5
3526	24.7214	20.5262	-0.360418	5
3532	21.6738	4.14312	0.420184	5
3537	21.771	23.6601	0.751169	5
3560	23.2638	21.1899	0.932137	5
3562	20.7044	9.47396	0.255123	5
3571	21.688	11.2595	0.193303	5
3576	24.7125	2.49796	0.518871	5
3587	20.0778	21.089	-0.201288	5
3588	20.2665	20.6575	0.478076	5
3590	20.4228	1.26635	-0.0395697	5
3591	21.4824	20.8267	-0.171093	5
3594	24.4549	24.874	-0.453105	5
3598	21.5232	6.56837	0.363755	5
3599	23.7347	13.3045	0.337602	5
3600	24.9204	12.6955	0.905319	5
3605	23.5549	6.81349	0.324834	5
3606	23.9782	2.38605	-0.0960851	5
3607	23.5583	5.93504	0.387008	5
3624	24.7995	11.7501	0.182752	5
3626	24.3109	22.8075	0.343697	5
3628	23.0699	22.2044	0.0970534	5
3633	21.4919	0.412465	-0.26811	5
3643	21.5441	3.55907	0.271397	5
3651	21.2655	2.57782	0.929757	5
3658	23.0898	11.8725	0.0475891	5
3663	23.7071	8.46344	0.261278	5
3665	24.1409	17.6028	0.503956	5
3672	23.357	12.6361	0.487302	5
3681	24.708	14.9671	0.0256058	5
3688	21.9005	1.78749	-0.275893	5
3690	24.4759	22.2933	-0.722106	5
3692	22.9673	1.62842	0.101029	5
3693	22.3653	3.98809	-0.299432	5
3700	22.2966	7.13948	0.00820114	5
3701	22.1439	7.31332	0.387751	5
3716	20.346	3.8569	0.366677	5
3720	24.0783	2.90589	0.868118	5
3723	24.4061	5.44656	-0.270499	5
3730	20.2202	14.3093	0.734628	5
3731	20.4318	14.119	0.505822	5
3739	24.1753	24.7545	0.47052	5
3744	24.5334	12.2603	0.394432	5
3747	20.1541	11.327	0.301263	5
3749	24.3253	4.14148	0.0597333	5
3750	24.5304	4.39498	0.89821	5
3763	22.817	9.02203	0.058095	5
3765	24.3413	18.5933	0.53169	5
3769	23.0425	5.58241	0.0907939	5
3772	20.8814	14.3045	0.468171	5
3774	22.691	18.7894	0.54244	5
3775	23.0373	19.4084	0.599794	5
3784	22.1479	21.8397	0.122002	5
3788	24.8196	17.762	-0.468491	5
3791	23.3876	1.63558	0.432025	5
3793	24.6498	11.8309	0.704755	5
3794	24.342	11.1874	0.767316	5
3800	20.3972	21.045	-0.0543547	5
3801	21.425	15.3483	-0.0792507	5
3802	24.6691	1.61418	0.216604	5
3806	24.7234	19.4171	0.106182	5
3810	20.3834	11.4126	-0.348146	5
3811	20.18	15.7217	0.761595	5
3815	20.0586	16.833	0.545878	5
3817	21.8072	11.4153	0.808675	5
3821	24.3751	0.532722	0.503099	5
3825	21.4279	8.05706	-0.0984364	5
3834	21.7433	8.03675	0.135501	5
3840	24.6645	14.8079	1.6367	5
3842	20.1372	4.61204	-0.191443	5
3854	24.7593	19.4233	0.106495	5
3857	24.5375	3.46209	-0.398906	5
3865	21.3951	14.5017	1.00705	5
3869	21.6886	20.0855	-0.167522	5
3871	24.8409	16.9769	1.07568	5
3872	24.8718	24.1886	-0.398943	5
3877	21.5284	3.20156	0.034847	5
3880	24.4296	24.0036	-0.143855	5
3884	20.9227	22.246	0.256281	5
3889	24.6211	17.5335	-0.27707	5
3896	23.0289	18.705	0.152399	5
3900	23.0396	17.2393	0.721873	5
3902	24.0552	13.28	0.0898941	5
3924	24.3317	13.7648	0.729386	5
3928	24.0882	23.5688	-0.0101916	5
3936	24.6398	11.1	0.140455	5
3941	21.5915	16.8995	-0.272901	5
3945	22.1285	4.79759	0.751009	5
3948	21.882	8.47122	0.434288	5
3950	24.9427	2.34425	-0.32776	5
3960	20.6375	7.07143	0.643987	5
3965	22.3185	24.558	-0.0375605	5
3966	22.2705	24.7649	0.0611575	5
3967	22.3941	13.2141	-0.0474708	5
3970	23.1132	2.36514	-0.0961963	5
3972	22.8064	8.03401	0.7876	5
3981	21.3066	1.94439	-0.00806795	5
3983	22.6247	0.931591	0.153443	5
3984	21.0372	23.3801	0.529268	5
