Ind_ID	PosInd_X	PosInd_Y	MutEffect	Region

3	4.47306	12.4673	0.626124	1
8	0.077064	8.79824	0.828624	1
9	3.68798	3.85245	0.186607	1
10	3.94188	10.2598	0.63907	1
24	4.16085	17.1934	0.494562	1
25	1.54195	1.85354	0.341662	1
43	4.72271	9.80653	0.0731045	1
54	4.69886	1.26091	0.108963	1
68	1.24013	24.5041	-0.394507	1
69	1.50876	18.0986	0.989945	1
77	0.730668	13.3747	0.456439	1
78	0.569098	8.75514	0.203129	1
82	3.27352	4.2142	0.383714	1
83	1.15212	4.73716	0.462759	1
85	3.9658	1.21874	0.228513	1
89	0.574908	7.4895	1.13605	1
94	1.43428	24.7741	-0.553	1
98	3.68849	13.5927	0.347558	1
101	0.569813	21.1562	1.28213	1
105	0.518459	8.87474	0.718543	1
106	3.98382	8.64649	-0.48884	1
107	0.858519	2.79788	1.12192	1
109	2.52753	8.17622	-0.288533	1
116	3.43154	24.5662	0.354729	1
117	3.56858	16.4056	0.603039	1
122	2.33406	1.0034	-1.04291	1
125	3.5025	10.8113	0.944656	1
134	2.61025	21.3267	1.17986	1
135	2.74979	1.72293	-0.0301834	1
144	2.30633	22.2077	0.541721	1
148	0.785806	15.0173	0.386947	1
149	2.24785	0.256809	0.186775	1
153	3.15226	12.2011	0.295651	1
156	2.02156	24.6023	-0.095628	1
157	4.48275	16.8141	0.329775	1
163	3.72605	18.5622	0.361995	1
168	2.17407	18.2003	0.904283	1
172	2.87272	12.5933	0.696766	1
173	2.77271	14.5143	1.4671	1
174	0.290196	15.2355	1.2998	1
178	1.32171	16.6034	0.252092	1
181	1.71617	14.2861	0.450111	1
188	4.86769	12.4477	1.53214	1
194	2.13774	1.61575	1.15244	1
205	3.24341	7.54292	1.05309	1
209	4.53762	22.5771	0.543409	1
210	2.4354	2.84893	0.126748	1
217	3.4739	2.71425	-0.144129	1
224	3.77655	20.4793	0.327431	1
225	2.3752	19.3485	0.757472	1
227	2.34017	20.6614	0.442194	1
243	1.33629	7.5812	1.48378	1
247	3.35059	19.6706	0.330981	1
253	0.59333	6.54435	0.98177	1
259	3.61224	17.3585	1.14713	1
262	3.64867	17.5763	0.427191	1
264	0.934161	13.0131	0.493192	1
270	1.85966	10.5627	0.356272	1
272	4.70705	5.12222	1.32151	1
276	4.30674	15.7115	0.762519	1
284	1.44633	8.15993	0.523298	1
287	2.07048	2.22146	0.158952	1
291	1.19859	5.11296	-0.0480966	1
292	2.26895	24.13	0.334613	1
296	1.77981	3.33845	-0.115305	1
298	0.113677	4.98983	0.883382	1
311	4.42758	8.44239	1.44361	1
313	4.89722	14.4223	-0.502219	1
317	1.19353	9.14991	0.879679	1
324	0.757796	14.7667	1.08803	1
335	1.80764	1.50535	-0.11373	1
337	4.59202	19.7212	1.08388	1
347	0.638131	8.1659	0.629774	1
354	4.90448	8.0016	1.17673	1
359	3.16993	9.01873	0.524887	1
367	2.92302	15.1542	1.15552	1
369	4.97597	7.68442	0.614288	1
382	3.35156	1.4016	0.0128713	1
384	1.47199	22.5398	0.537908	1
387	2.66942	18.436	-0.249436	1
389	1.26274	2.05479	0.965013	1
396	4.67281	2.92364	-0.317447	1
403	4.27626	11.8574	1.12578	1
412	4.13332	13.26	-0.0181352	1
413	4.98718	24.976	0.618228	1
415	0.550148	1.0529	1.03099	1
423	2.06131	2.8488	-0.875717	1
425	3.65931	9.71183	-0.233059	1
431	1.80229	14.9417	-0.18094	1
432	4.47784	20.2041	0.499287	1
435	2.29507	21.2539	-0.18647	1
437	1.00688	23.7958	1.42376	1
440	2.38046	0.718844	0.655741	1
444	0.900914	6.57316	0.469715	1
447	0.674276	9.12094	0.257137	1
449	3.59577	21.4216	0.12938	1
462	4.94019	3.73423	0.141689	1
464	2.04427	11.4383	0.237824	1
475	1.07176	18.9715	-0.0956094	1
480	4.00576	1.8566	-0.0772493	1
483	0.956902	10.5383	0.719776	1
486	1.49786	9.81307	1.03897	1
490	3.05463	19.1468	0.470426	1
496	1.2707	2.70736	0.292873	1
503	1.94682	17.6478	0.718606	1
507	3.48897	14.5546	0.272768	1
510	1.08757	12.2277	0.98647	1
513	2.71984	17.3958	1.60243	1
515	0.691269	13.0388	1.14374	1
520	3.94365	18.7801	0.693923	1
521	0.546851	23.145	-0.723222	1
530	4.03254	12.2771	0.223219	1
538	4.19432	16.9002	-0.503438	1
552	1.08585	10.0168	0.480974	1
557	2.63871	10.8627	0.161473	1
562	3.88348	10.1687	0.608464	1
564	1.98178	18.9963	0.95849	1
567	4.89546	6.55018	0.732632	1
570	4.23165	3.46734	0.506716	1
574	4.6554	16.8216	-0.361197	1
575	3.08094	12.859	0.668169	1
581	3.79226	6.30288	1.09954	1
588	1.68734	15.6872	-0.536978	1
602	0.921078	17.888	1.26051	1
606	4.12196	13.9516	1.33064	1
607	0.0684237	23.2772	-0.443266	1
608	0.370483	17.79	0.534349	1
610	0.959908	4.87762	0.669883	1
612	4.87067	11.2363	0.384605	1
624	0.666427	19.9822	0.285353	1
629	0.863986	23.7651	1.92194	1
632	3.22377	11.4796	0.750714	1
635	3.50596	21.0693	0.413292	1
638	0.801671	9.98481	0.213883	1
640	4.39326	1.75402	-0.119731	1
646	1.02159	16.297	0.897064	1
656	0.899065	17.5344	0.858205	1
661	3.43675	6.38861	1.08886	1
675	1.34074	7.88403	0.458238	1
689	1.24145	4.26763	0.157507	1
692	1.55813	19.5811	0.47358	1
705	4.94611	15.3825	-0.0055194	1
712	3.01354	19.8249	1.05504	1
713	4.31125	19.3017	1.12349	1
720	0.222019	3.93891	0.942572	1
728	1.12893	4.32094	0.131523	1
734	1.3208	1.89692	-0.0178304	1
739	3.16321	19.3256	0.36594	1
740	2.58414	0.669546	1.25802	1
745	1.34593	0.341126	0.592874	1
746	1.61704	17.6991	0.455446	1
747	0.668729	7.19286	0.363431	1
750	4.76067	17.3632	0.499945	1
755	2.55215	20.3436	-0.0526289	1
763	2.89962	15.917	0.870612	1
767	3.80609	4.70442	-0.157284	1
771	1.55558	4.6462	-0.0550112	1
772	1.79407	6.92802	0.348812	1
774	4.18359	13.1652	0.75918	1
775	3.08759	15.1861	0.019599	1
779	3.70634	11.5509	0.351068	1
783	4.65122	0.966372	0.50069	1
791	0.476166	16.1919	0.981868	1
809	4.19185	0.520073	0.279006	1
823	1.59032	21.9468	0.543705	1
824	0.677418	20.4088	1.2876	1
826	2.70752	18.4898	0.90786	1
827	2.47117	10.7712	0.699236	1
842	2.4167	4.29222	0.539904	1
843	2.66175	17.6926	1.34838	1
856	0.2859	5.73111	0.300643	1
868	4.58234	13.0328	1.00697	1
870	3.1427	12.5032	1.41673	1
875	4.43542	15.5413	0.281648	1
878	1.53703	3.54494	0.55084	1
883	2.17532	21.064	0.794963	1
899	3.0275	2.17423	0.920347	1
917	1.35201	18.752	-0.0140315	1
919	0.501855	5.2182	1.01936	1
928	4.95177	11.7022	1.11071	1
941	4.22895	4.41801	0.349208	1
947	0.289735	11.5421	0.409046	1
955	3.57845	8.15651	-0.900811	1
959	3.13618	4.08808	-0.00818317	1
962	3.52009	1.94732	1.59732	1
963	3.45194	21.4476	0.366571	1
966	2.54232	23.7194	0.189407	1
969	0.0171662	3.12781	1.81677	1
970	4.1916	24.8451	0.791801	1
977	3.51664	14.3021	0.170159	1
978	4.19192	14.9968	0.0857903	1
983	3.41167	21.8765	-0.0315194	1
988	2.1916	11.3459	-0.23431	1
991	3.26132	2.28662	0.886135	1
993	1.8173	10.4316	0.894914	1
1001	3.5051	17.9194	0.471322	1
1007	2.21934	19.3192	0.315044	1
1016	0.046931	24.2452	0.716767	1
1017	4.84005	10.9305	0.292816	1
1023	0.340274	19.6168	1.05231	1
1029	2.8838	4.85969	0.151471	1
1031	4.52467	13.7139	0.162217	1
1032	1.80079	12.0817	1.98801	1
1035	3.94259	2.88842	0.147976	1
1036	0.287145	24.1079	0.204762	1
1041	0.517897	22.3893	0.600148	1
1044	4.19105	8.05522	-0.439507	1
1045	3.53662	19.1848	-0.671492	1
1056	1.45889	10.405	0.746566	1
1059	2.90479	5.4032	1.32314	1
1061	3.23251	11.1449	0.0694274	1
1064	3.45333	7.94127	-0.284009	1
1065	3.56216	2.93036	0.332119	1
1069	1.79055	9.97332	0.720718	1
1070	1.63821	22.1014	-0.198035	1
1071	0.0555946	14.9042	0.99774	1
1081	0.640832	23.682	0.130455	1
1082	3.93837	1.93028	0.828769	1
1088	4.51701	1.01025	0.257456	1
1091	1.58729	13.9249	-0.338266	1
1093	3.63357	10.4724	1.26341	1
1095	2.67885	17.0705	0.184036	1
1097	3.74702	17.1618	0.241145	1
1098	3.85057	19.3726	0.323481	1
1099	3.1383	13.8052	0.0642392	1
1102	1.09206	23.1481	0.70672	1
1114	1.65412	15.6909	-0.250453	1
1117	1.32057	11.1591	0.555654	1
1121	2.93507	18.4964	0.947874	1
1128	4.13939	6.19411	0.505091	1
1133	1.10185	22.511	-0.148981	1
1136	1.04877	20.3729	-0.253786	1
1148	4.38559	11.0797	0.15101	1
1154	0.296565	8.83783	0.65099	1
1162	1.20732	19.6998	0.321463	1
1167	3.25717	5.95048	-0.304752	1
1175	1.87416	19.4802	1.2852	1
1176	0.482825	7.36262	0.23042	1
1191	4.35064	9.08391	1.67037	1
1192	3.61986	11.2679	0.46845	1
1196	2.24966	17.0819	-0.713081	1
1218	3.46539	10.2995	0.756282	1
1221	3.28136	10.5719	1.21406	1
1222	1.30056	17.0906	1.52655	1
1223	3.40793	15.8115	0.724007	1
1241	4.07868	15.7643	1.22392	1
1248	2.14858	18.798	0.0886147	1
1251	1.865	13.3349	1.6035	1
1256	0.202418	23.3905	0.969491	1
1257	3.54799	18.8352	0.687984	1
1260	2.45276	7.11054	0.113977	1
1261	2.28914	7.10448	-0.0511744	1
1264	1.44114	9.1311	0.530729	1
1273	1.18752	7.52619	0.412558	1
1275	0.944259	19.7096	-0.418815	1
1278	2.33713	4.98537	0.250588	1
1280	1.79592	7.82409	0.0981004	1
1286	2.80995	5.70998	0.515687	1
1288	0.340674	0.236423	-0.393052	1
1291	2.8111	14.2832	2.01643	1
1293	0.262473	14.0658	0.701878	1
1302	4.82891	0.826602	0.0986843	1
1311	1.20777	5.41891	-0.118769	1
1313	3.24935	13.4141	0.00662334	1
1326	3.46861	6.97115	-0.909695	1
1329	4.04312	1.38019	0.737794	1
1331	2.1898	15.1985	0.926073	1
1333	2.07858	1.60901	0.174756	1
1334	0.141927	21.8063	0.260868	1
1335	4.85762	9.61182	-0.427521	1
1336	0.673014	13.0671	0.617727	1
1337	1.05815	22.0907	1.20172	1
1340	2.50401	14.2999	0.612188	1
1346	2.49972	14.2232	0.0303725	1
1348	3.5229	24.0599	0.408317	1
1350	2.97052	3.48412	0.32832	1
1355	0.698062	18.2353	1.19219	1
1360	4.6939	24.6515	0.583408	1
1361	2.87605	23.9383	-0.0166073	1
1363	2.9649	17.0274	1.17942	1
1368	1.69719	3.19324	-0.765285	1
1369	1.6178	9.23114	1.01967	1
1371	4.96738	2.51064	1.04006	1
1373	0.34543	6.97483	1.30367	1
1379	2.32797	14.2488	0.882448	1
1383	4.0359	2.00873	1.01378	1
1392	4.5545	21.9291	0.359908	1
1400	4.94886	8.91995	0.259591	1
1411	3.54431	6.98701	0.267423	1
1413	0.18715	7.00203	0.539666	1
1418	4.53924	16.0368	-0.0151192	1
1422	2.19986	17.4524	1.60441	1
1430	3.29058	23.0187	-0.224814	1
1434	1.42227	22.5739	0.00247599	1
1438	2.83107	3.92624	-0.523617	1
1443	0.435279	19.1184	1.30634	1
1444	1.90783	7.41421	0.0221006	1
1445	4.70088	6.76249	0.916723	1
1454	3.20423	4.96698	1.09087	1
1460	2.27237	2.85433	-0.0832086	1
1469	1.61061	13.1591	0.341827	1
1474	3.80461	7.65215	-0.180443	1
1479	0.154486	13.6648	1.15152	1
1481	4.18777	13.849	-0.00742071	1
1489	2.78162	10.6268	0.325833	1
1490	0.0179165	8.68796	-0.0349337	1
1504	0.397061	4.11082	1.35736	1
1512	2.04893	5.44262	-0.202133	1
1514	4.15024	14.0782	-0.167653	1
1524	1.14258	16.3707	-0.51034	1
1525	1.67294	1.23008	0.153114	1
1529	3.37713	23.1336	-0.452621	1
1530	3.30054	21.0326	0.322337	1
1535	4.20279	20.8431	0.916794	1
1537	4.58938	1.62251	0.663787	1
1542	2.24999	23.7772	0.657215	1
1544	3.07443	4.75319	0.959005	1
1558	0.762323	0.582023	0.857652	1
1563	4.15972	10.1564	-0.0886135	1
1567	1.15456	18.3655	-1.07413	1
1571	4.49297	23.6712	-0.291671	1
1577	4.72861	10.0267	0.853149	1
1578	4.01626	0.475356	0.0697603	1
1587	3.3763	7.62569	-0.275033	1
1595	4.88068	12.9287	-0.308883	1
1596	1.30383	10.0685	-0.0076585	1
1598	4.26952	9.19248	-0.276653	1
1602	3.99667	18.6264	0.707107	1
1614	3.64565	0.438895	-0.430496	1
1618	4.89864	20.5283	0.602547	1
1625	3.86588	10.7835	0.124875	1
1627	2.85118	13.4431	0.125306	1
1632	2.99243	16.0299	1.1112	1
1633	3.54344	16.1508	0.94853	1
1635	3.13005	24.2028	0.94869	1
1639	1.58935	17.7193	0.0228846	1
1643	2.62155	9.77998	0.650743	1
1651	4.89968	4.09209	1.13222	1
1654	2.02354	18.7525	0.30846	1
1660	2.1355	1.52189	1.47612	1
1664	0.189383	23.904	0.396045	1
1665	2.88749	18.1162	-0.604728	1
1671	4.53314	21.9818	0.732227	1
1684	1.19087	19.0381	0.253361	1
1689	0.209075	14.4831	-0.431441	1
1690	0.203896	3.47679	0.848753	1
1692	3.1364	6.57261	1.47457	1
1705	0.251781	18.8333	0.37148	1
1713	2.28476	16.3215	0.307843	1
1717	1.22277	12.1229	0.768904	1
1724	4.49262	19.6513	0.60684	1
1727	1.25669	2.27075	0.619344	1
1743	4.52449	10.2891	0.906135	1
1745	1.05475	10.6262	0.730944	1
1749	2.19485	21.7403	0.834965	1
1754	1.35448	10.8155	0.628844	1
1762	0.918625	4.63389	0.543188	1
1781	2.5064	10.2605	0.0711221	1
1785	3.58643	8.40812	0.153294	1
1787	4.42899	7.39012	0.489026	1
1792	4.19926	9.65801	0.896208	1
1793	2.09486	7.71573	-0.484792	1
1795	4.1075	12.9234	-1.75405	1
1800	2.03082	16.6984	0.911793	1
1814	0.697154	24.4279	0.0901804	1
1816	4.55318	23.6671	0.00612129	1
1819	1.25561	13.8178	-0.0611443	1
1828	0.557762	5.79117	1.22639	1
1830	1.83909	2.15253	-0.512355	1
1832	0.350365	11.9083	-0.129778	1
1833	0.956051	12.1005	0.518594	1
1842	1.03891	3.37923	0.944003	1
1845	0.280206	1.95167	2.00432	1
1851	0.679844	15.1371	0.0302412	1
1865	4.39084	19.6996	0.750058	1
1871	4.99107	8.57714	0.245896	1
1877	1.54128	14.9928	1.02924	1
1878	1.69332	15.597	-0.103935	1
1879	4.95843	14.0797	0.748397	1
1883	2.53867	17.9918	-0.468757	1
1887	3.34089	22.9603	0.846444	1
1888	1.21948	3.42467	-0.0644574	1
1889	1.40543	4.52207	0.104511	1
1898	0.593889	4.25754	0.0424268	1
1907	0.347273	17.1455	-0.249013	1
1908	0.819215	16.4733	0.9697	1
1920	1.25286	12.5527	0.0734267	1
1922	2.22151	11.0607	0.0447124	1
1923	3.99583	14.0509	0.0464846	1
1937	2.21855	10.0597	1.34551	1
1943	4.88764	17.8581	0.0340935	1
1947	1.92053	15.7647	1.45269	1
1948	0.819938	5.99814	0.0319714	1
1952	2.08856	3.10719	0.646529	1
1953	1.43566	3.07055	0.337271	1
1958	4.58142	3.73151	0.996337	1
1959	0.658041	15.1339	0.575532	1
1960	2.87258	15.2565	0.373497	1
1973	3.45525	15.507	1.25891	1
1974	4.85758	14.8479	0.764378	1
1979	4.05546	6.12703	0.771573	1
1980	1.51874	11.6323	1.1123	1
1988	2.85465	23.7423	0.596305	1
1989	2.58833	11.9072	0.72169	1
1993	2.30985	3.47485	0.0414396	1
2010	3.71757	12.5517	0.540144	1
2021	3.56463	2.37753	0.173184	1
2024	0.355865	6.25416	0.965644	1
2032	1.09443	1.40272	0.0671478	1
2043	4.01606	8.30113	1.12837	1
2061	1.80239	12.5514	0.505233	1
2070	2.73961	11.4735	-0.409407	1
2073	3.26431	11.5913	-0.107079	1
2076	3.73012	15.1732	-0.672927	1
2081	2.21498	3.28945	-0.0220477	1
2087	4.92523	1.7676	0.322863	1
2102	0.79823	12.8693	0.696571	1
2109	3.08453	21.1569	-0.636703	1
2112	1.69868	13.2083	0.998059	1
2117	2.19012	4.4857	1.09198	1
2118	3.90794	11.8731	0.0603465	1
2130	3.82025	7.35367	1.2914	1
2132	1.00334	17.5997	0.453497	1
2139	2.26394	5.621	0.623388	1
2144	3.4561	3.8628	0.370907	1
2149	3.95544	7.58727	0.223545	1
2150	3.06011	7.54047	-0.195802	1
2160	1.30323	23.0828	0.147494	1
2166	4.37991	18.8747	0.273384	1
2171	1.19257	24.3328	0.221853	1
2186	3.51692	16.7516	0.38685	1
2201	0.461579	3.28021	0.813678	1
2207	1.08229	7.18394	0.109226	1
2208	1.3012	7.45517	0.984777	1
2211	2.24576	9.14541	0.255313	1
2218	0.00181914	18.4845	1.05971	1
2219	4.89125	20.9958	-0.0312604	1
2223	2.58266	19.6892	0.488963	1
2230	1.49304	8.44962	-0.265062	1
2232	4.21308	3.9102	1.29717	1
2241	3.32009	5.55321	0.886673	1
2243	3.46492	16.939	1.13804	1
2247	0.0318802	7.80505	0.0262588	1
2256	2.97092	14.235	1.07868	1
2269	1.66272	0.444533	0.537229	1
2274	2.34333	18.7646	1.2838	1
2277	4.97041	19.465	1.4935	1
2283	2.82665	15.3693	0.882703	1
2287	2.97055	10.3279	-0.601189	1
2295	0.527552	1.12445	0.953505	1
2297	4.4896	1.09103	1.57525	1
2316	1.15613	17.4524	-0.0632195	1
2322	1.72523	16.7543	-0.152852	1
2323	4.1689	24.729	0.252129	1
2344	2.04967	18.0725	0.595232	1
2346	1.87061	19.106	0.109719	1
2349	0.655108	13.1504	-0.612834	1
2353	4.32643	15.9064	0.704089	1
2361	3.81974	20.7287	0.706747	1
2364	2.69071	22.0729	-0.0821843	1
2373	0.00423978	17.106	0.808262	1
2385	3.51153	16.1672	0.0501389	1
2388	4.1373	10.0241	0.0313093	1
2396	3.86365	9.01743	0.862386	1
2400	4.92537	4.06256	1.35413	1
2405	2.54115	16.2228	0.472389	1
2410	1.0739	18.3554	1.24026	1
2411	2.8661	23.0975	1.17152	1
2421	4.59465	9.8899	0.756323	1
2424	4.95795	19.3658	1.18023	1
2433	2.11332	2.50554	0.770617	1
2440	1.37614	16.3847	0.438331	1
2441	3.57409	7.85574	-0.602399	1
2445	3.13141	9.23205	0.662898	1
2447	2.46852	14.5851	-0.313237	1
2448	4.90863	0.588143	-0.267797	1
2450	3.34798	16.0093	0.758781	1
2464	1.96966	22.2206	0.560144	1
2465	3.04726	24.323	1.26452	1
2468	2.79434	24.8805	1.2005	1
2471	0.204316	21.6483	0.368682	1
2473	3.45086	0.559631	-0.458601	1
2476	3.9684	11.9794	0.262453	1
2483	4.06957	3.574	0.442874	1
2484	3.5634	4.66055	-0.158123	1
2485	4.30013	15.4901	0.728814	1
2489	2.36286	12.9042	1.12763	1
2491	3.71064	13.7946	1.21327	1
2500	3.08573	11.2686	0.729709	1
2508	4.28955	6.65904	1.02171	1
2509	0.929741	14.5477	0.13416	1
2519	0.889149	22.2962	-0.80461	1
2520	0.322129	23.3094	0.451388	1
2526	4.99875	3.28328	1.76934	1
2529	1.90345	21.1273	0.932205	1
2533	2.61165	7.50046	-0.0496063	1
2534	2.46312	1.06962	0.7778	1
2535	3.26653	0.95586	-0.0652993	1
2540	4.30034	17.7432	0.67407	1
2553	2.11481	13.5275	1.04479	1
2559	4.69764	7.55774	0.899488	1
2563	4.72959	24.0017	0.55268	1
2564	2.22318	9.57774	0.20482	1
2573	0.369683	6.73436	1.71025	1
2577	1.50763	19.8951	-0.205204	1
2589	0.00853106	10.6017	0.304274	1
2604	3.54179	9.44619	0.139915	1
2605	1.08508	11.9653	1.57577	1
2607	3.99177	12.9231	0.105019	1
2611	3.7263	7.97229	-0.0331495	1
2617	1.86858	2.02756	-0.417022	1
2621	2.49308	15.5797	0.826863	1
2622	4.04529	15.8209	0.665069	1
2623	4.97092	14.8076	-0.472181	1
2624	4.22588	15.188	1.24973	1
2627	0.689318	17.3645	0.83249	1
2637	2.30207	20.6903	0.00194279	1
2641	1.06437	18.9138	0.533352	1
2642	3.76855	18.4035	0.149358	1
2645	4.31696	4.27206	0.856545	1
2647	2.90892	15.8909	0.430447	1
2649	0.388562	20.5996	0.516618	1
2650	1.42135	8.65541	0.63225	1
2651	2.87589	23.4294	0.369195	1
2656	1.58591	7.1157	1.35793	1
2660	2.87183	0.61305	-0.712877	1
2661	3.28455	1.08425	0.359559	1
2663	2.12892	17.0285	1.00435	1
2665	4.32606	6.46974	-0.32961	1
2666	0.303462	15.9186	0.215487	1
2667	1.50096	4.57262	0.498515	1
2668	2.1039	11.3414	-0.0365645	1
2672	4.10711	14.8407	0.00128816	1
2675	4.4665	10.6324	-0.32087	1
2678	3.33432	3.92318	0.0925359	1
2685	1.07156	5.65174	-0.247206	1
2689	2.10374	14.1901	0.623322	1
2690	1.66236	13.935	-0.0201002	1
2706	1.49173	17.9698	1.05256	1
2708	2.27059	16.0373	1.38253	1
2709	2.38137	16.8915	0.519286	1
2710	1.40459	23.5871	0.817754	1
2715	4.71935	0.468324	0.309405	1
2716	4.40651	23.7096	-0.0802942	1
2725	3.72881	6.6085	0.32513	1
2726	3.90272	6.53067	0.76448	1
2728	3.81883	24.2049	0.435886	1
2737	3.35061	13.2105	0.813727	1
2738	2.58581	13.3269	0.284468	1
2748	1.56348	15.4257	0.14355	1
2752	0.582869	16.4692	0.449725	1
2775	3.62817	21.0821	0.230606	1
2781	1.87583	12.039	-0.707781	1
2784	2.10587	15.2193	0.382055	1
2799	0.815342	20.7425	1.10337	1
2804	3.63649	1.54176	0.246382	1
2811	4.70212	23.5358	0.743658	1
2814	4.95473	8.6858	-0.172519	1
2815	2.68494	6.13468	-0.0787836	1
2823	4.67651	3.97173	0.74824	1
2824	3.53864	4.22833	0.797324	1
2837	3.44338	9.46682	0.43487	1
2838	2.96596	9.26283	-0.156185	1
2839	2.89988	21.0679	0.434147	1
2840	0.544955	3.1563	-0.122416	1
2846	1.49585	12.4476	0.795303	1
2856	3.57288	21.4779	0.720776	1
2859	0.459141	1.42375	0.699251	1
2860	0.334684	2.98838	0.336839	1
2866	2.37934	22.1886	0.134407	1
2869	4.93138	19.129	1.11695	1
2872	3.95083	23.581	0.57024	1
2876	2.46591	22.38	0.622169	1
2878	2.85463	14.1065	0.266307	1
2887	1.32047	3.25526	1.4536	1
2889	4.09809	23.3159	0.46123	1
2890	3.8595	9.02144	0.0904915	1
2893	3.19771	9.98688	0.490278	1
2894	4.33168	24.2432	-0.688467	1
2898	3.04308	20.9867	1.13695	1
2906	2.09047	23.9764	0.245578	1
2910	3.84859	16.8119	0.963108	1
2919	4.38951	7.50221	0.037451	1
2928	1.88805	3.8284	0.180064	1
2933	0.0681929	22.7918	0.450897	1
2940	2.30387	0.215895	0.869372	1
2962	3.91585	9.40411	0.123902	1
2975	4.01788	9.18343	1.5093	1
2979	3.69806	16.4282	0.222661	1
2983	1.54562	9.57836	0.171073	1
2984	1.52721	22.9799	-0.403298	1
2985	4.50714	16.3552	0.906311	1
2986	4.87292	15.9711	0.731148	1
2991	4.10376	6.80209	1.06273	1
2999	2.21374	4.52693	0.0561826	1
3002	2.84347	11.3384	0.3986	1
3013	1.31876	2.0273	0.371381	1
3015	3.34274	8.34251	0.143616	1
3017	0.583345	14.7181	0.320055	1
3021	1.43296	5.60242	0.131414	1
3024	3.38432	11.6624	0.744329	1
3026	3.52762	16.7362	0.649853	1
3034	1.64023	7.29415	-0.127869	1
3048	1.40872	6.37117	0.552236	1
3049	1.23416	3.99642	0.223481	1
3050	2.80741	12.5406	1.90525	1
3055	2.23679	14.8137	0.388031	1
3056	2.58406	14.5962	0.403257	1
3058	2.33543	9.16801	0.777345	1
3064	0.205421	3.62269	-0.289481	1
3065	0.818996	4.00212	0.749454	1
3069	4.72837	19.9744	0.33832	1
3074	0.94587	13.8347	0.136966	1
3081	2.43776	23.2292	0.894689	1
3082	0.228419	1.77759	-0.357037	1
3085	2.55918	0.693016	1.46965	1
3090	2.05319	7.87652	0.350419	1
3091	4.89031	18.3231	1.01459	1
3094	2.27608	18.2245	-0.293445	1
3096	1.51977	9.83831	0.741364	1
3102	2.27005	9.12878	0.556139	1
3103	4.63071	3.0163	-0.118492	1
3104	0.972271	2.05323	0.18511	1
3111	3.84113	18.9328	0.500041	1
3112	0.282621	19.7015	-0.401283	1
3115	4.41042	9.32393	1.66401	1
3131	0.724133	9.80442	0.301079	1
3132	0.434644	10.0589	0.0429034	1
3133	1.91083	2.82397	0.346714	1
3134	2.9467	11.5262	-0.00254894	1
3145	3.08878	24.4172	-0.182655	1
3149	2.28883	19.3761	-0.0453333	1
3152	1.27438	3.78463	0.845739	1
3157	2.7219	9.19202	0.375538	1
3162	0.879569	19.0434	0.298479	1
3166	3.78328	18.1315	0.213878	1
3169	0.296055	24.6419	0.0196934	1
3175	2.48433	23.2601	0.727839	1
3176	3.33398	7.61986	0.181693	1
3184	1.78246	22.0454	0.912249	1
3191	4.8583	0.31127	0.143288	1
3194	0.10751	19.621	0.435989	1
3198	3.74484	10.1912	0.0491378	1
3203	1.15019	9.69444	1.5984	1
3207	3.92465	17.9012	-0.270157	1
3212	4.14613	1.65467	0.787436	1
3215	2.75144	15.8693	-0.139225	1
3221	4.06439	21.2575	1.11824	1
3224	3.06206	18.7721	0.729793	1
3225	4.30997	15.9515	-0.789186	1
3232	0.137954	14.5986	1.09472	1
3235	2.62407	1.46294	0.89537	1
3236	2.66943	13.9605	0.258421	1
3240	2.62442	2.67839	0.856483	1
3243	3.76952	16.1183	0.844276	1
3249	4.22374	21.1678	0.79995	1
3254	1.7994	9.7156	-0.445294	1
3257	2.29235	21.9502	1.84247	1
3261	4.62872	14.4823	0.173142	1
3265	3.28742	24.9824	0.581699	1
3268	1.09048	6.13279	0.47161	1
3272	3.45512	2.17916	1.00924	1
3282	1.31348	10.3487	-0.418114	1
3300	4.8398	8.16544	-0.13023	1
3315	3.50587	14.1029	-0.111629	1
3319	0.448321	11.819	1.33533	1
3320	0.695893	11.4198	1.45319	1
3321	2.8738	21.0785	0.622465	1
3322	0.734624	2.32399	-0.246358	1
3325	1.93228	15.9192	0.849516	1
3331	0.688909	7.71176	0.253978	1
3336	0.977025	16.7161	1.86208	1
3349	3.30752	18.7354	0.744181	1
3350	4.86418	9.77502	0.0491347	1
3355	4.13936	11.9302	-0.633762	1
3366	4.04463	13.3065	1.48558	1
3369	0.279795	6.07745	-0.0446483	1
3370	2.39133	3.58842	1.30091	1
3373	2.50526	16.4998	-0.0269745	1
3376	0.463991	24.741	0.220327	1
3381	4.31048	8.87471	0.726393	1
3382	2.64917	24.9079	2.13865	1
3383	2.67624	5.13096	2.42475	1
3385	2.81338	5.13884	0.669267	1
3386	2.48546	5.12031	-0.0518247	1
3387	0.589062	3.41163	1.22384	1
3388	0.840114	3.43799	0.773682	1
3392	1.90385	14.2622	-0.0365337	1
3421	1.72686	19.8539	1.00326	1
3434	3.89819	3.14406	-0.0119303	1
3439	2.293	8.57133	0.759569	1
3442	1.48698	7.48115	-0.468105	1
3443	3.00571	23.087	0.172009	1
3445	0.258506	9.04959	-1.21267	1
3447	2.0604	18.4719	1.2723	1
3457	3.98062	20.049	-0.410969	1
3462	1.19565	9.77096	-0.538801	1
3464	2.3115	9.76387	1.00947	1
3481	2.28467	17.2174	0.283479	1
3482	4.598	10.9913	0.23455	1
3487	0.433989	4.59582	0.71073	1
3497	0.685962	15.6859	0.962936	1
3505	4.40339	1.60568	0.267955	1
3508	0.34741	3.768	0.316521	1
3513	4.61015	0.266962	-0.303009	1
3514	4.83223	0.71156	-0.470021	1
3516	4.79044	13.6424	0.2883	1
3517	4.77378	12.8572	-0.0365824	1
3520	1.54126	24.5528	0.148141	1
3524	3.74508	6.77743	0.644426	1
3527	2.32728	22.3037	-0.41884	1
3528	1.53171	20.5144	0.853893	1
3541	4.72833	15.4113	0.308395	1
3543	2.97689	7.64798	0.625952	1
3546	4.83882	23.9907	0.997108	1
3547	4.63808	24.0855	1.10736	1
3551	0.647362	19.405	0.692853	1
3553	2.97527	11.5529	1.32235	1
3565	3.61508	5.87699	0.809851	1
3566	1.96923	7.91636	1.36907	1
3573	1.92209	10.3584	0.518381	1
3577	4.49228	13.2974	0.530875	1
3581	3.28281	7.56332	0.570525	1
3585	3.30409	19.0725	1.83573	1
3590	3.64068	24.0554	1.52237	1
3591	3.54719	24.7234	0.988923	1
3601	4.0426	6.52081	-0.242685	1
3610	1.16013	18.9979	0.538436	1
3615	3.08633	16.1704	0.865752	1
3617	4.59322	17.7802	0.691368	1
3623	0.321524	10.7225	0.751338	1
3624	0.348178	10.0101	0.500831	1
3627	3.5719	6.50892	1.08061	1
3633	2.75224	15.2943	0.123852	1
3636	4.95419	18.1337	0.735054	1
3643	0.253638	14.2935	-0.224114	1
3649	0.68128	15.1497	0.592733	1
3651	2.80846	3.0917	0.621982	1
3656	3.28982	21.303	0.565637	1
3657	1.59104	23.7828	0.068455	1
3658	4.3825	12.885	0.193424	1
3671	0.565421	21.1807	0.04858	1
3673	1.93441	12.6344	0.603275	1
3675	1.83596	21.5238	-0.226781	1
3695	0.250899	21.969	0.526052	1
3706	3.03761	9.50669	1.19683	1
3707	3.3858	9.46519	1.24504	1
3708	3.25497	8.99868	0.106495	1
3709	2.21181	5.56269	-0.102641	1
3712	4.39769	17.7171	1.47867	1
3717	4.16802	11.5502	1.30831	1
3722	2.33079	11.1452	0.107164	1
3736	1.1606	18.4527	0.0660748	1
3740	2.18306	9.26544	1.06078	1
3750	4.64396	18.9855	0.687409	1
3771	2.32668	9.01754	0.406779	1
3773	3.15644	17.1242	0.300553	1
3782	0.681539	17.4908	1.13264	1
3785	4.91563	20.152	-0.149299	1
3795	0.604511	20.7495	0.507081	1
3797	2.39901	4.75744	-0.0952548	1
3801	0.204448	4.38559	0.623598	1
3803	3.76975	6.1741	1.00315	1
3820	2.38181	12.3446	0.0197442	1
3824	0.885088	18.0965	1.06127	1
3825	0.784916	17.7301	0.544082	1
3831	1.53975	22.2015	0.226602	1
3835	2.20851	11.1158	0.334231	1
3836	4.06604	22.3889	1.26471	1
3837	3.64782	14.8606	0.912486	1
3839	1.61308	14.3605	-0.120568	1
3844	0.396807	5.50814	0.443617	1
3848	4.27571	14.0735	1.39628	1
3854	1.47504	1.45891	0.528159	1
3855	3.86448	13.3739	-0.0700182	1
3856	3.43966	19.6672	-0.48561	1
3879	1.03454	5.92147	0.581409	1
3884	2.85855	18.4742	1.32856	1
3885	3.5517	18.6038	0.423493	1
3887	4.1046	12.6495	0.0308948	1
3893	4.82078	7.12457	-0.34984	1
3901	1.97405	20.955	0.467658	1
3903	0.263389	5.93656	0.661622	1
3908	3.09581	3.90649	0.945617	1
3911	3.48315	21.8641	1.45849	1
3912	3.39809	22.0484	0.624937	1
3916	3.97981	4.2188	0.713166	1
3928	1.27346	4.32418	0.411719	1
3945	3.16322	17.9314	1.79164	1
3947	0.760959	21.8654	-0.466526	1
3948	1.64139	1.59945	-0.0693505	1
3956	3.92871	5.92834	-0.415559	1
3960	2.12355	19.6498	-0.0108819	1
3971	1.38359	6.43181	0.210987	1
3976	3.69524	0.374055	0.907317	1
3980	1.45884	19.0387	1.07263	1
3989	2.60882	22.4391	0.575964	1
4003	2.0432	1.21726	0.977261	1
4005	2.94083	4.06212	1.10077	1
4007	2.46313	14.9598	1.16231	1
4010	1.00459	6.36729	0.581781	1
4014	1.65609	14.4503	-0.0296824	1
1	8.49511	13.2591	-0.280199	2
5	8.32264	2.8462	0.775969	2
7	8.45717	3.9244	0.100522	2
13	9.6705	10.23	0.469014	2
14	7.53409	12.4268	0.864667	2
21	5.77779	24.188	1.77125	2
22	5.94138	5.25261	0.717301	2
30	8.55156	20.7299	0.101851	2
31	7.84409	10.3151	0.0706647	2
38	5.36291	21.9443	-0.186529	2
40	7.18085	7.59211	0.59462	2
45	8.95611	4.02717	0.354641	2
46	8.43962	21.2905	0.148153	2
48	9.88347	6.83117	1.09063	2
49	7.98737	16.8303	0.36359	2
55	6.37958	7.53676	0.263164	2
58	7.85881	9.62426	0.356134	2
60	8.61012	17.2041	0.783289	2
61	9.57822	24.7555	-0.361667	2
64	5.92256	6.17317	0.218257	2
65	8.81239	22.7919	0.799793	2
87	8.03405	0.909253	0.970371	2
90	8.80538	23.0599	-0.88706	2
91	6.10586	11.1388	1.11489	2
99	8.7578	19.6629	1.50116	2
102	9.68466	10.7666	0.856403	2
113	7.47237	23.9203	0.786706	2
115	8.78638	14.5772	0.26036	2
123	6.97171	9.35444	0.0403036	2
128	7.79426	12.4707	1.35135	2
130	7.07137	4.64116	-0.278308	2
131	7.30427	3.52851	0.349568	2
138	7.94564	14.5188	-0.113246	2
139	8.34979	18.1472	1.08907	2
140	6.04488	7.40367	0.706975	2
145	8.73163	2.64824	0.506849	2
151	5.48918	1.85537	0.408805	2
155	5.87148	18.2592	0.180259	2
164	9.86386	3.60212	0.335814	2
187	9.78171	1.08322	0.936769	2
195	8.5148	2.49662	1.33887	2
196	9.49701	22.2162	-0.283681	2
204	8.71495	20.6389	1.1148	2
211	7.45659	6.22608	0.285228	2
213	5.59474	9.72536	0.346424	2
215	5.48594	0.740242	0.890945	2
221	9.82752	7.66156	0.46404	2
222	7.28208	6.77756	0.106373	2
223	7.43175	24.849	1.08668	2
228	7.51805	13.4012	1.13627	2
229	8.81786	1.30625	-0.0444782	2
230	9.67736	17.8748	-0.13235	2
232	5.3178	23.9681	-0.0502351	2
236	8.2154	14.6097	1.63403	2
237	5.49502	18.1212	0.79534	2
244	5.43721	0.888059	-0.404848	2
245	9.30507	17.5244	0.0632093	2
263	7.36684	9.8614	0.220429	2
265	8.06486	15.6458	0.378195	2
277	6.07385	7.36252	0.813658	2
278	9.74224	13.2393	0.519616	2
279	9.79292	3.60851	-0.410501	2
290	6.7453	23.7741	0.692888	2
293	5.01538	18.1367	0.292016	2
294	6.30978	14.7501	0.827302	2
312	8.00579	5.75188	0.598633	2
314	6.21565	12.4576	0.446106	2
316	7.96315	6.86192	0.743532	2
320	8.17944	22.542	0.122798	2
325	9.91923	13.199	-0.353698	2
328	6.00203	20.1212	1.30624	2
333	6.61172	21.5248	0.775167	2
339	9.1528	7.57281	0.882047	2
341	8.16677	8.49815	-0.876874	2
344	5.64991	20.1719	1.57286	2
349	7.915	23.3917	0.111552	2
352	9.80894	10.1787	0.0188411	2
356	5.98534	10.2667	-0.0792959	2
358	6.58331	1.83499	0.557255	2
360	5.52476	1.72485	0.74348	2
362	5.32188	6.83191	0.838126	2
366	5.90741	4.04175	1.21072	2
368	7.29225	2.27701	0.562715	2
372	9.45363	0.292678	0.703488	2
377	7.36352	20.9151	0.105222	2
388	6.28793	6.0042	0.368872	2
394	5.70442	17.5411	0.726241	2
399	5.70699	3.35285	1.37975	2
405	6.40196	18.5118	0.393247	2
407	9.47372	4.43775	0.0995801	2
419	7.56251	18.4972	1.10259	2
424	6.61716	16.5059	0.365348	2
426	8.33086	16.3919	-0.342224	2
434	5.05563	1.25053	-0.41475	2
436	5.99373	14.397	0.109177	2
450	9.86354	16.3654	1.54141	2
451	6.72589	8.6651	-0.187093	2
452	6.15757	13.1703	-0.300945	2
468	7.20777	5.14805	0.0945756	2
469	8.3864	5.98474	-0.250628	2
471	8.4026	12.7686	0.092617	2
472	6.41284	20.3068	0.838981	2
476	6.96336	2.58061	1.40286	2
477	9.13795	21.2735	0.446767	2
489	6.18164	19.102	1.02152	2
497	5.40016	19.4423	0.601167	2
509	7.16968	12.1295	-0.336719	2
511	9.93706	18.8059	-0.1606	2
512	7.15624	13.2387	1.02583	2
519	6.31499	0.994013	-0.0936204	2
522	5.47625	4.12174	0.0163861	2
526	6.14951	7.78048	0.811394	2
528	7.86397	4.47724	0.83546	2
533	5.38009	11.7303	0.0829368	2
545	9.93741	24.0701	0.35601	2
550	7.0099	24.7452	0.266979	2
553	6.49003	13.1929	0.554339	2
555	8.07296	0.471487	0.43344	2
560	9.49803	0.0312714	-0.0391919	2
573	8.55515	15.1982	0.854509	2
576	7.47084	0.436361	0.830901	2
577	7.14512	22.8812	0.290787	2
584	9.89558	13.6564	0.320007	2
585	9.03133	23.1479	1.05168	2
586	9.8011	2.0757	1.17748	2
593	5.84316	11.4146	0.642093	2
594	8.91388	5.78193	1.25616	2
597	7.8873	15.3498	-0.23289	2
601	9.59544	20.8451	-0.234419	2
603	7.15094	19.788	-0.0173292	2
605	6.49564	5.17981	0.261121	2
617	7.40368	7.65652	0.335763	2
625	7.86952	15.3101	0.153341	2
626	6.00674	16.5386	0.592594	2
628	5.71568	24.9403	0.953443	2
630	6.02542	12.0194	1.29424	2
642	5.19749	16.9561	0.622315	2
643	5.7129	16.2462	0.633036	2
659	6.03838	4.53606	-0.113666	2
662	9.8403	3.63193	0.0897386	2
664	5.37686	22.5066	-0.35252	2
666	7.50568	20.2211	-0.372925	2
668	9.43153	12.433	0.403024	2
673	5.75068	18.7497	-1.16141	2
676	9.82584	2.70567	0.381081	2
677	6.62226	22.9898	0.159362	2
679	9.33478	8.04787	0.462285	2
680	7.17173	13.2833	0.713508	2
681	6.19137	23.2456	1.27174	2
683	9.17037	15.5457	-0.833478	2
684	5.66576	21.9656	0.203136	2
688	8.29612	10.9771	0.545363	2
690	9.44778	1.27544	0.752005	2
694	8.76269	9.06372	-0.605831	2
699	7.61357	17.3943	0.215129	2
700	5.03224	3.14598	0.174117	2
714	5.25637	19.7526	0.553762	2
715	5.75125	9.32178	0.965039	2
717	7.27446	0.213262	0.511977	2
719	9.63403	17.2219	0.336875	2
722	7.04254	17.1545	0.188665	2
725	9.23117	12.7089	0.777216	2
735	5.18371	6.32057	0.452231	2
736	9.83799	6.82597	0.607082	2
743	6.807	3.8758	0.788886	2
751	7.73328	24.5311	0.71602	2
754	6.46542	22.2222	0.55709	2
764	7.2807	15.3043	1.66186	2
777	7.32854	17.3438	-0.152586	2
780	9.8457	11.3295	0.800076	2
786	7.77756	10.9725	1.60601	2
787	5.81859	12.3279	0.594464	2
789	8.61597	3.95463	1.3482	2
797	7.46343	5.55818	-0.581797	2
801	8.10827	15.0079	0.951182	2
803	8.75395	4.88825	0.0402464	2
806	6.03145	20.4061	1.24697	2
811	6.31847	17.6377	1.13725	2
812	7.01993	5.52693	0.418895	2
817	7.62313	15.6884	0.349802	2
855	9.56861	22.0365	0.0225919	2
862	7.20874	16.46	0.547095	2
867	9.13478	3.74934	0.0787703	2
877	9.63996	15.9459	0.00831519	2
881	5.84851	24.7869	0.499973	2
897	7.89196	23.9409	1.19573	2
898	7.176	24.1065	0.504722	2
909	7.51783	2.9125	0.54415	2
911	5.18215	8.30717	0.5833	2
914	9.25467	5.00429	0.901394	2
915	5.63235	19.8603	0.708396	2
916	8.01807	13.0835	0.533935	2
920	9.8287	10.3752	0.350981	2
921	9.45678	9.78678	0.267338	2
922	5.56659	1.82254	-0.176107	2
924	6.80031	3.64228	-0.10901	2
926	8.56423	13.6811	0.49592	2
931	8.14261	19.2844	1.03054	2
936	6.53452	6.19546	1.2068	2
938	8.58304	12.7811	1.23346	2
944	9.23483	19.2176	0.147305	2
945	9.53027	12.2395	0.0585749	2
953	6.15229	9.39136	-0.0703791	2
954	6.95741	12.5215	0.998998	2
956	6.82447	22.1937	-0.00679905	2
960	9.97187	10.0591	0.707602	2
961	5.34958	14.8755	0.35937	2
967	5.18535	22.9643	-0.403507	2
972	9.17191	18.8955	1.34004	2
979	5.16005	4.17239	0.515092	2
980	7.78074	3.62069	0.338572	2
985	7.89431	19.2417	1.06865	2
992	6.13488	16.8198	1.00195	2
996	6.78532	16.6647	0.696122	2
1012	7.17879	11.971	0.28382	2
1014	7.05641	22.6464	-0.339157	2
1022	6.612	11.1487	1.00946	2
1037	7.4738	9.05026	1.01831	2
1040	5.75797	23.6728	0.0930463	2
1054	7.38476	13.6792	0.607817	2
1057	7.30223	19.8318	-0.22771	2
1084	5.48799	22.3149	0.671122	2
1085	8.19574	3.86813	0.241011	2
1090	8.88863	1.38964	0.124252	2
1096	5.06602	6.2182	-0.647173	2
1100	6.59056	13.6331	1.42059	2
1105	7.59215	20.8692	0.80979	2
1108	9.6489	3.40031	0.344455	2
1110	9.49711	20.6808	0.0993004	2
1115	5.35053	24.9902	0.987767	2
1119	6.93225	14.8782	-0.782683	2
1120	5.08819	18.5084	0.503639	2
1125	8.65834	0.627678	-0.656233	2
1126	6.81773	24.2031	0.342656	2
1129	8.63	2.3915	0.245023	2
1144	6.81252	20.2583	0.330462	2
1147	5.21779	11.147	0.86527	2
1149	6.92179	21.048	0.806506	2
1153	5.52877	3.46826	0.886116	2
1156	7.60579	3.57329	-0.614076	2
1159	9.38267	15.2503	0.344812	2
1163	8.97062	22.8221	0.592321	2
1164	9.34933	13.5664	-0.17811	2
1169	9.85425	17.0569	0.913109	2
1171	5.05911	24.138	-1.17911	2
1172	9.66439	0.489334	0.327462	2
1173	6.03452	3.70279	0.390324	2
1179	7.82973	10.0497	1.62338	2
1181	7.14865	9.76852	0.904496	2
1183	6.94195	21.5204	1.29593	2
1186	5.52337	19.9129	1.8001	2
1189	6.22151	12.2675	0.409999	2
1190	5.75686	11.5385	1.23612	2
1195	8.16962	14.2444	0.457807	2
1226	7.30197	14.7423	0.353489	2
1230	6.50888	2.35029	0.285909	2
1232	7.01166	4.39535	0.80841	2
1233	7.00507	19.4846	0.531638	2
1238	7.49987	13.3056	0.758003	2
1240	7.48891	1.03721	0.715667	2
1245	7.49025	3.33197	0.441703	2
1274	9.44703	2.64712	0.998747	2
1279	9.35813	3.79541	1.24678	2
1281	7.25777	1.98141	0.746844	2
1290	6.96104	4.45393	0.292837	2
1308	8.3578	4.71087	0.125442	2
1320	5.72002	12.8692	0.77147	2
1339	5.86623	0.797188	1.18409	2
1343	9.93008	16.7478	0.730412	2
1353	6.47288	10.3856	0.365647	2
1354	9.69024	1.81518	0.759216	2
1356	9.77216	4.59412	0.706524	2
1357	8.77118	19.1365	-0.402986	2
1365	6.2397	15.0472	0.293292	2
1367	6.22391	6.19154	0.486975	2
1384	9.27764	22.2528	1.13714	2
1386	7.6518	22.9465	0.119532	2
1390	9.00911	14.0691	0.948241	2
1391	9.82013	8.46025	-0.176676	2
1393	9.78209	10.8432	1.23311	2
1394	9.48427	18.2694	-0.963353	2
1395	5.00065	6.98957	0.72297	2
1399	8.90233	6.60644	0.605529	2
1404	5.58647	0.363435	1.35448	2
1409	6.99427	9.37699	0.567128	2
1412	7.63664	11.3134	1.01188	2
1414	7.78209	22.7816	0.941594	2
1417	9.21395	11.0359	1.45948	2
1419	9.97984	4.12738	1.62413	2
1423	6.5125	2.47768	0.624811	2
1424	5.9544	4.72776	0.900567	2
1429	6.6229	19.5597	1.46826	2
1433	8.38844	14.0114	-0.0681836	2
1441	9.75782	20.0317	1.01228	2
1455	7.2257	12.3249	0.841827	2
1456	6.64397	12.7345	-0.478052	2
1458	5.75659	5.07645	-0.37693	2
1462	7.22289	20.1858	1.0095	2
1463	9.80822	19.45	1.39619	2
1465	7.05315	16.134	0.370681	2
1470	5.15447	15.3818	0.14599	2
1486	9.39782	22.8121	1.58497	2
1487	5.13464	12.2904	0.368891	2
1488	7.20004	20.7346	0.437584	2
1491	7.60848	9.94892	0.439108	2
1505	8.76514	24.0411	0.00125676	2
1509	9.92524	3.83363	-0.196809	2
1518	7.48511	13.9924	-0.300567	2
1520	8.24111	7.58022	0.831329	2
1532	8.98781	3.67011	-0.543123	2
1545	5.83433	6.23508	1.3261	2
1547	5.12647	1.4811	0.705843	2
1548	7.69037	4.33363	0.315493	2
1553	5.72633	15.0229	0.0952302	2
1555	9.61261	21.6753	-0.0873322	2
1561	7.15877	3.06277	0.698657	2
1576	7.90271	8.98353	0.62447	2
1580	8.83178	5.62876	0.395004	2
1582	5.12446	10.7138	0.161921	2
1590	6.48756	18.3303	0.217816	2
1592	7.59417	10.0423	0.521786	2
1603	5.67608	2.10075	-0.129298	2
1604	6.76486	8.24165	0.491999	2
1605	9.41815	17.8522	0.158531	2
1612	9.41901	3.79166	0.609671	2
1617	6.29254	4.66937	0.0539437	2
1626	9.34661	15.9205	1.06287	2
1629	7.94768	13.8715	0.791939	2
1634	9.14193	21.1002	0.629905	2
1641	5.85309	10.2375	-0.0362235	2
1644	8.37091	17.1594	0.0555098	2
1645	9.00656	6.89165	0.167387	2
1649	8.40679	7.35795	0.82527	2
1656	5.65383	20.3513	0.393974	2
1657	8.1918	0.362128	1.46597	2
1658	7.80643	0.205683	1.20418	2
1659	5.36161	7.25073	0.915951	2
1662	9.77626	24.5394	0.157159	2
1666	8.58487	8.21873	0.379099	2
1670	6.71126	22.1949	0.253374	2
1672	6.52899	18.6368	0.595092	2
1674	9.78991	10.9187	0.306071	2
1695	8.91384	5.30691	0.831665	2
1696	7.30756	10.0062	-0.421278	2
1703	6.53164	22.6832	0.837469	2
1711	8.09474	19.3178	0.345265	2
1718	7.58205	5.64455	0.458556	2
1719	8.02166	15.2257	0.129398	2
1720	6.37799	15.9507	1.25841	2
1723	9.06767	24.2666	0.341808	2
1729	5.70093	3.0714	0.756262	2
1738	9.51832	12.1915	0.924936	2
1739	7.253	13.6603	1.90194	2
1746	5.43891	3.04401	-0.129222	2
1755	6.72721	19.6729	0.296614	2
1763	8.5193	24.8057	1.29946	2
1768	7.95307	20.3186	0.582908	2
1771	9.24417	4.83599	1.74997	2
1774	6.96362	13.6928	0.765639	2
1780	5.74841	1.2583	0.704617	2
1783	7.88431	4.30687	-0.222929	2
1786	8.16871	20.6072	-0.203957	2
1788	6.66099	22.7501	1.35369	2
1789	5.19061	14.4966	0.0468165	2
1801	9.89805	17.3834	0.310372	2
1811	6.34785	23.0377	0.730004	2
1815	8.2395	4.31245	1.1051	2
1818	5.33406	9.68999	0.758	2
1824	9.15893	6.21232	0.246697	2
1838	5.06242	21.2522	0.811029	2
1843	5.18152	8.81686	0.296819	2
1852	6.49846	4.45558	0.686192	2
1853	6.9209	3.46082	0.308826	2
1863	6.96152	17.0917	0.91348	2
1868	5.92505	6.23601	0.35952	2
1881	6.38848	22.5747	-0.234014	2
1882	5.22427	13.9483	0.270218	2
1884	5.01213	4.17136	1.00792	2
1891	7.88852	18.8767	0.942273	2
1894	5.42597	10.2676	0.513197	2
1899	8.26004	19.6463	0.0983686	2
1905	6.38874	4.67571	1.04833	2
1906	5.33504	17.4922	0.142993	2
1913	9.8201	2.58803	-0.310451	2
1914	8.23278	14.9398	1.22726	2
1917	6.7842	5.78759	0.61179	2
1919	9.19642	9.00789	0.904227	2
1921	6.83318	19.0254	-0.0693287	2
1926	7.55087	16.4351	0.854154	2
1928	9.10928	8.60653	0.195302	2
1931	5.71952	19.6804	0.492848	2
1936	8.72383	5.03577	1.88169	2
1940	9.17659	0.404626	0.92792	2
1942	6.14191	6.82918	0.785869	2
1951	6.88538	7.05501	0.751804	2
1957	7.077	11.8324	0.469843	2
1965	7.86696	23.1955	0.74723	2
1966	6.37638	15.3948	-0.733249	2
1987	6.67396	1.85145	-0.0701556	2
1990	6.16186	18.4118	0.183515	2
1992	9.89646	4.88905	0.417671	2
2001	7.55459	2.971	-0.36896	2
2004	5.49252	19.7031	0.963716	2
2011	9.81382	6.7863	0.513355	2
2016	7.58009	18.7389	-0.356951	2
2019	9.69643	7.84184	0.85005	2
2025	5.89209	7.1891	0.385127	2
2027	6.89432	6.73092	0.549122	2
2036	9.8557	14.5277	0.346842	2
2042	8.09219	12.6501	0.106072	2
2044	8.84683	13.2616	1.31449	2
2048	8.31877	19.0543	0.426061	2
2049	8.87616	19.6003	0.20821	2
2054	8.15747	5.39098	0.830434	2
2059	7.8268	18.4067	1.26572	2
2062	5.76445	1.8348	0.403064	2
2063	6.71063	12.0405	1.36895	2
2067	6.51139	0.463551	0.0280931	2
2069	6.74831	14.666	0.602522	2
2078	7.76735	11.7673	0.771594	2
2079	6.52238	3.94354	-0.0146458	2
2084	8.01608	8.76265	0.643085	2
2090	5.62876	16.3833	0.578469	2
2091	6.6347	0.403544	0.630917	2
2095	9.73197	10.9024	-0.104479	2
2096	9.80543	22.2271	0.857883	2
2105	6.62106	1.49846	-0.832303	2
2107	9.36726	18.8399	0.363458	2
2113	7.35801	16.5273	-0.463977	2
2120	5.1224	8.18649	0.876184	2
2121	5.58267	2.60418	0.973736	2
2127	7.99263	2.60158	1.32245	2
2128	8.54946	1.97821	0.195231	2
2129	8.75318	2.18148	0.511048	2
2131	5.25246	21.9642	2.0105	2
2151	6.01753	23.5441	-0.272129	2
2157	7.14985	15.6763	-0.100485	2
2163	6.38802	11.0033	0.414466	2
2173	5.52954	3.2882	0.701142	2
2178	6.41836	3.08035	1.01894	2
2179	6.8846	3.38671	0.287912	2
2180	8.33397	20.1134	0.833672	2
2183	5.06149	4.5934	0.663267	2
2187	8.96643	10.6586	-0.772548	2
2189	5.96108	1.1806	0.933635	2
2190	9.58009	10.35	0.0678535	2
2192	7.72735	21.1395	1.12862	2
2203	6.00833	2.01493	-0.0114079	2
2209	6.44015	24.9086	0.645248	2
2214	9.3961	20.7373	0.835558	2
2224	5.6938	4.76597	-0.0887332	2
2239	9.80481	3.14921	0.176212	2
2242	5.76758	5.02233	-0.261874	2
2244	6.84926	17.0515	-0.273264	2
2251	5.05818	0.384026	0.363556	2
2257	6.79112	15.4035	0.961446	2
2261	9.22162	4.39835	1.46953	2
2264	7.87098	16.8747	0.736586	2
2265	7.97477	17.6621	-0.329668	2
2278	8.00612	5.33824	0.181301	2
2280	7.23019	3.95104	0.94072	2
2288	5.50083	8.87505	1.37785	2
2300	7.93149	22.0987	0.375143	2
2301	6.85331	10.0329	0.335736	2
2305	8.74317	22.422	0.980885	2
2311	5.0324	8.3331	1.76342	2
2314	5.4232	16.714	0.520406	2
2318	5.85609	8.17917	-0.0371218	2
2331	9.8608	6.56023	0.851759	2
2333	8.03302	14.7267	0.26642	2
2339	5.77677	14.0311	0.925171	2
2341	9.78144	17.5714	0.454074	2
2354	8.81089	10.2389	0.517086	2
2355	9.72094	23.7485	0.640769	2
2358	9.83722	9.95909	0.545821	2
2371	9.65884	23.0525	0.187492	2
2379	5.21102	8.22683	-0.423461	2
2387	6.11574	5.20735	1.70081	2
2389	7.40122	18.9304	0.533697	2
2393	6.31585	17.9799	-0.0890765	2
2395	7.95477	22.1045	1.13374	2
2397	5.47556	7.9463	0.582782	2
2402	9.40446	7.87675	-1.16073	2
2415	5.61616	1.34309	-0.293679	2
2420	8.38833	6.63314	0.494469	2
2431	5.5095	16.8282	1.53565	2
2432	9.78806	19.7682	0.682693	2
2452	7.65878	0.516498	0.882149	2
2470	6.66703	24.4374	1.11502	2
2478	7.86523	24.9632	0.244281	2
2479	8.84913	24.3189	0.749981	2
2480	9.35166	1.19546	0.919853	2
2488	5.78702	13.8028	0.50932	2
2492	7.22544	1.45108	0.341485	2
2493	7.04889	22.9507	-0.000161102	2
2495	9.5985	6.13278	0.331655	2
2521	6.42526	13.9374	1.10189	2
2528	7.54409	19.1173	0.0919244	2
2530	6.7026	17.7272	0.382459	2
2531	7.47716	3.90027	1.24243	2
2537	9.18898	24.7222	0.517356	2
2544	7.57279	9.47654	-0.885346	2
2545	8.11931	24.1729	0.34759	2
2548	8.98363	5.83286	0.340611	2
2550	6.54355	12.618	0.284782	2
2560	7.1495	0.42589	0.0652791	2
2565	9.84888	4.01407	0.0156767	2
2570	6.91715	2.07998	0.288583	2
2571	5.98356	1.98861	0.234341	2
2572	9.21462	17.1307	0.443258	2
2579	9.55484	4.54968	0.0888553	2
2583	8.34098	5.09381	0.244473	2
2585	9.82892	17.0652	0.370426	2
2587	5.83984	20.9695	0.796103	2
2588	9.4665	5.71534	-0.249779	2
2596	5.72278	12.0244	0.704091	2
2598	6.08282	11.1226	0.204705	2
2606	5.94037	23.3015	-0.111344	2
2612	6.65364	18.4383	-0.509448	2
2616	7.94083	24.8968	0.059264	2
2618	5.19756	9.20357	0.806413	2
2625	5.63839	19.5708	0.795505	2
2626	6.55684	13.8642	0.285503	2
2633	6.66829	5.97513	0.185664	2
2638	6.34115	1.30832	1.68001	2
2644	5.33897	3.3958	-0.658613	2
2654	6.32326	3.24127	0.91264	2
2664	6.77872	21.2312	0.583613	2
2670	9.76136	21.6523	1.15231	2
2671	9.47802	17.4334	0.937367	2
2677	9.71847	4.89964	0.151451	2
2681	5.32358	24.1835	-0.649678	2
2684	7.52989	12.5772	1.54338	2
2686	6.8231	4.96631	0.53196	2
2687	6.43719	4.33119	0.149635	2
2691	7.39447	6.83931	0.380651	2
2701	5.79219	12.9127	1.50502	2
2705	5.79934	6.9339	1.1167	2
2707	9.15685	1.66962	0.674719	2
2711	5.6404	21.9624	1.35887	2
2712	5.53435	23.1224	1.40017	2
2717	6.03061	24.2957	0.229082	2
2721	9.22431	24.4321	-0.153509	2
2734	6.03824	17.6487	1.04532	2
2739	6.93719	7.82916	0.717941	2
2740	7.29682	7.76317	0.447687	2
2744	7.12192	11.8154	-0.23877	2
2745	7.62477	12.1974	1.04889	2
2750	9.92118	3.02994	0.833584	2
2758	6.78168	18.0653	0.268404	2
2760	8.39593	7.06879	0.476275	2
2761	8.91326	22.2219	-0.117979	2
2762	9.2342	21.4901	0.727297	2
2764	7.61284	8.12965	0.0396579	2
2765	7.28587	8.53776	0.255363	2
2767	6.05652	17.0742	0.659716	2
2768	8.47285	16.8468	0.848462	2
2769	7.84715	14.4375	0.118161	2
2778	8.96844	5.36822	0.0590497	2
2782	7.0754	5.05122	0.612491	2
2786	7.26535	23.6884	0.359033	2
2787	7.78985	1.69711	0.398236	2
2801	8.70322	14.1202	0.999817	2
2802	7.39052	5.71904	0.562348	2
2806	8.26038	11.9544	0.869908	2
2807	6.7767	20.5344	-0.0431175	2
2808	6.37532	11.2108	0.215401	2
2818	6.1811	20.4896	0.120906	2
2820	9.55867	15.1962	0.147195	2
2827	9.8233	11.0812	0.415282	2
2829	7.19539	4.12584	0.262125	2
2834	8.08574	6.00631	-0.11279	2
2842	6.00907	17.5387	1.12786	2
2849	6.20707	0.488649	0.185574	2
2857	5.72876	7.39942	0.572222	2
2867	5.92034	3.09891	-1.47868	2
2873	7.78671	4.79343	1.24324	2
2875	9.68707	22.2315	-0.156863	2
2883	5.90259	11.8981	1.15966	2
2884	5.9991	11.9801	0.651906	2
2900	8.78454	12.5535	0.940648	2
2902	8.58239	11.8609	0.479888	2
2904	5.43688	13.8009	0.882625	2
2908	5.64302	17.0124	0.470251	2
2915	5.04501	9.98189	0.801921	2
2923	8.68844	1.79128	1.07769	2
2932	7.58214	20.3159	0.311387	2
2942	6.81751	7.6616	-0.0907017	2
2958	7.61118	3.69658	0.288755	2
2959	5.67897	19.1525	-0.534242	2
2967	8.19888	23.7679	0.0673707	2
2968	7.7074	8.29564	0.297973	2
2977	5.13971	20.995	0.541101	2
2981	7.84777	17.8314	0.391896	2
2988	6.152	20.3898	0.01274	2
2989	5.70512	19.9829	0.533171	2
2990	5.64669	1.6557	0.476313	2
2995	7.93022	5.96742	0.125116	2
2998	6.04131	6.51222	1.07726	2
3001	8.68186	4.17766	1.28007	2
3004	8.38494	3.69567	-0.169953	2
3005	8.47874	8.82115	0.3059	2
3006	7.27052	17.7029	0.540548	2
3008	5.43278	23.918	1.19279	2
3012	7.28385	13.1754	0.67494	2
3014	8.94005	22.0945	0.547621	2
3020	8.74604	23.192	-0.69105	2
3025	5.11628	4.54413	0.820053	2
3027	5.07335	0.828291	-0.0664046	2
3032	9.92182	24.6621	0.390466	2
3040	8.02007	12.0685	0.227233	2
3044	9.26554	22.667	0.369591	2
3047	6.73423	16.1429	0.761141	2
3057	9.31497	11.2042	0.265696	2
3067	6.08058	5.50063	0.599615	2
3068	6.42014	6.98656	0.415947	2
3073	6.78659	19.7377	0.37655	2
3080	9.61914	24.6837	0.302776	2
3095	9.32632	14.0189	0.429791	2
3105	9.3997	1.20293	-0.0738082	2
3106	9.39083	23.5625	-0.67374	2
3109	6.92323	9.01667	0.239203	2
3118	9.07591	19.1722	0.556737	2
3119	9.79557	19.5096	0.406719	2
3123	8.15014	14.686	0.464894	2
3130	7.10015	22.5111	0.391942	2
3136	7.95509	6.65774	0.66279	2
3159	6.28796	6.4479	1.19105	2
3173	6.83442	14.3231	-0.344061	2
3189	7.46401	10.8163	0.365088	2
3193	8.91525	8.29554	1.43327	2
3196	9.91752	0.0556388	0.519321	2
3202	5.96674	5.21087	0.402591	2
3206	5.3161	10.5618	0.235357	2
3211	7.97717	11.4778	0.861132	2
3218	8.86502	23.7273	0.141126	2
3220	5.89685	12.8827	0.293472	2
3223	8.76979	2.22413	0.630176	2
3229	7.98793	16.3562	1.25231	2
3231	9.95474	15.8978	-0.238025	2
3237	5.10217	11.7601	0.391696	2
3244	7.38786	6.25063	-1.13308	2
3248	7.33937	8.60458	-0.0425847	2
3253	7.99497	6.72709	-0.0770002	2
3256	9.84887	2.26556	1.57071	2
3264	7.25141	5.27806	0.543725	2
3271	6.41441	2.68223	-0.202407	2
3275	7.44982	5.84236	0.0950972	2
3276	5.80106	6.31427	1.1731	2
3283	5.32804	19.7622	1.00625	2
3284	9.86442	0.373525	0.73576	2
3290	6.04206	24.0275	0.452187	2
3291	9.40182	7.36414	0.416742	2
3302	5.61821	4.81304	1.2068	2
3303	5.22145	0.766422	0.749782	2
3306	5.97618	5.06781	1.00002	2
3308	7.82272	14.1921	1.63284	2
3311	6.98646	10.9215	-1.10703	2
3313	6.37524	2.73917	0.33589	2
3314	5.50277	24.1963	-0.0968862	2
3316	7.93073	7.23129	-0.196172	2
3337	9.88406	22.8026	-0.111351	2
3338	9.46755	23.081	0.362511	2
3343	5.03369	20.9339	0.620549	2
3344	6.00618	10.2362	-0.848527	2
3347	7.10845	8.6945	0.789229	2
3348	5.70588	0.371165	0.160703	2
3351	9.13875	2.40285	0.412128	2
3354	5.81875	6.39442	0.0254092	2
3360	6.07481	4.42903	0.908487	2
3367	9.89478	0.357452	0.545544	2
3390	9.50998	7.14506	0.985883	2
3396	6.53447	24.8454	1.38212	2
3397	8.06888	12.4969	-0.468005	2
3398	7.76828	12.5382	1.1147	2
3399	7.04706	5.5226	1.93245	2
3401	8.35404	1.81822	1.01848	2
3416	6.77123	15.1215	1.89757	2
3417	9.39885	14.128	0.412715	2
3423	8.44597	18.3995	0.643515	2
3435	8.03247	18.6207	1.07032	2
3440	7.2206	16.1773	-0.177272	2
3441	9.26616	10.761	0.299251	2
3450	5.24006	3.43068	-0.0690128	2
3451	5.01245	2.87955	0.926104	2
3454	8.18981	14.8611	1.45392	2
3459	7.61844	13.9666	-0.22985	2
3472	8.33126	2.07038	0.303123	2
3475	6.24165	20.1573	-0.583866	2
3476	6.72202	20.229	0.328262	2
3477	8.17507	5.64323	1.27134	2
3478	6.74391	13.0375	0.246784	2
3479	7.02483	13.1308	0.791904	2
3480	8.55421	19.4836	0.42534	2
3489	6.84859	11.0885	-0.417378	2
3490	5.33399	24.6154	0.225848	2
3501	7.77419	4.3495	0.181454	2
3510	5.02401	7.64638	0.588903	2
3522	7.41255	4.39558	0.763002	2
3525	5.38102	13.794	1.79753	2
3533	7.75621	11.2613	0.368351	2
3545	9.39258	1.8146	0.447176	2
3548	6.37534	17.7651	0.205183	2
3550	9.16881	20.0845	-0.188431	2
3555	5.46272	21.8711	0.00295624	2
3563	8.05708	11.5733	0.55028	2
3568	7.87416	11.7169	-0.679054	2
3570	8.46457	14.0781	0.158167	2
3575	9.01891	0.280437	0.618173	2
3576	7.64118	5.0583	0.787599	2
3582	7.00458	14.2896	0.403952	2
3584	8.95831	5.51927	0.0153191	2
3589	6.18301	7.1727	0.453198	2
3599	5.86537	22.7331	0.559531	2
3602	6.71792	19.0836	1.75052	2
3609	8.29152	4.35809	0.948707	2
3620	5.24361	14.7418	1.41854	2
3630	7.97892	8.68471	0.748271	2
3638	7.07399	22.6489	0.312505	2
3639	6.89622	18.9854	0.438871	2
3640	8.72957	3.14794	0.182476	2
3660	6.67839	6.2461	0.248462	2
3665	9.22945	4.84756	1.11294	2
3672	6.49242	22.7056	0.0412292	2
3676	9.28691	1.42152	-0.199859	2
3694	8.40364	20.4548	1.11469	2
3700	6.59003	21.5293	1.49501	2
3701	7.62191	15.5642	0.380527	2
3718	8.32733	9.46119	0.805048	2
3720	9.44409	16.601	1.11797	2
3721	9.35055	15.7233	1.38506	2
3723	6.48622	15.9347	0.303612	2
3725	6.01206	7.96533	0.0653247	2
3732	9.79787	18.0216	0.87802	2
3734	9.97292	6.49291	0.842583	2
3735	9.87816	14.9626	-0.0528034	2
3743	5.57887	5.16626	0.923796	2
3745	6.13785	7.22068	-0.181299	2
3748	9.34922	7.68596	0.357843	2
3762	8.08191	22.0368	0.0423379	2
3769	5.95743	1.91862	0.140178	2
3772	7.27266	6.99143	-0.320862	2
3777	8.71408	0.491345	0.423326	2
3780	6.93724	5.35093	0.440736	2
3784	5.62295	19.4728	0.25399	2
3790	5.79246	23.6989	0.505834	2
3800	5.96244	18.8647	0.835168	2
3802	6.78399	18.0531	1.0067	2
3807	6.62358	21.893	0.63005	2
3808	5.54748	9.27591	0.534584	2
3812	6.65904	22.5506	0.810868	2
3815	6.10202	24.0747	0.511936	2
3830	6.89072	22.7991	0.828111	2
3833	5.69304	11.7573	0.277497	2
3834	8.61	3.06735	-0.0160651	2
3843	9.37828	8.85438	0.210714	2
3849	8.54126	2.27137	1.33518	2
3850	8.89799	2.5241	0.495902	2
3853	9.47229	21.5626	0.541206	2
3860	7.61447	3.71502	0.954845	2
3861	6.22109	8.16241	-0.0487121	2
3866	8.15705	9.25919	0.74923	2
3870	6.63598	17.7996	-0.59693	2
3871	6.1951	18.8056	1.12952	2
3877	7.86547	3.93054	-0.661737	2
3880	7.78583	10.1266	-0.157495	2
3883	8.23329	16.5991	0.396992	2
3894	5.57076	6.81364	0.0855297	2
3902	9.6395	12.9815	0.569668	2
3906	7.55132	9.74021	0.982529	2
3914	9.50591	7.64575	1.15568	2
3923	5.88167	16.8293	-0.367055	2
3924	7.02566	21.9689	0.83826	2
3925	7.06205	14.5599	0.32218	2
3926	6.74289	14.0297	1.08764	2
3931	6.55296	8.41756	0.703661	2
3932	5.6422	16.9802	0.704522	2
3935	8.86973	5.18683	0.566407	2
3936	5.31618	9.24051	0.953283	2
3944	9.23488	8.40598	-0.2833	2
3949	9.13113	19.7065	0.11872	2
3957	7.58677	17.57	1.03995	2
3962	6.62669	5.70607	-0.530688	2
3974	8.19952	13.1538	0.968427	2
3984	8.43382	17.2934	0.775456	2
4001	6.23333	16.8351	0.971842	2
4004	5.25247	11.0894	1.01258	2
4009	9.08344	3.9367	-0.614056	2
4013	5.4649	22.6686	-0.145157	2
4016	7.07359	18.7589	0.340321	2
4018	9.95742	20.5376	0.228808	2
2	13.9794	13.5177	0.428758	3
11	11.1639	5.91387	0.909534	3
12	14.2963	0.965567	1.99776	3
15	13.6795	1.21935	0.230078	3
16	13.4519	1.7949	0.927824	3
17	11.7278	8.59768	0.470746	3
18	12.1001	17.8105	-0.558892	3
33	13.0375	16.8625	0.370652	3
35	11.6522	6.8901	0.26287	3
36	10.8363	13.4706	0.735434	3
59	10.0211	20.9636	0.513894	3
62	10.1933	15.5659	0.532857	3
63	14.0975	22.7516	0.231595	3
67	11.9598	7.5867	0.641334	3
72	10.8179	3.66262	0.197547	3
81	12.0142	24.4081	1.29771	3
86	12.5203	12.6196	1.52244	3
88	11.8042	2.82261	0.468864	3
93	12.2716	20.3864	0.818004	3
95	13.2006	9.09411	0.938926	3
97	12.5615	22.3282	1.02692	3
104	12.8806	8.03162	-0.630453	3
112	10.6941	23.4245	0.536258	3
114	10.5616	10.3455	0.167603	3
121	11.9843	2.60894	0.185182	3
124	12.5562	17.4105	0.666215	3
136	12.7074	20.5622	0.25175	3
152	11.6588	1.17791	0.63014	3
158	10.001	12.3474	0.537199	3
159	14.5329	18.1869	-0.223695	3
160	11.8565	18.1377	0.320289	3
161	12.163	23.9137	0.766733	3
162	12.4296	6.29411	1.53788	3
165	12.6937	8.76856	-0.220007	3
167	14.9016	21.273	1.4019	3
169	11.0024	21.3998	0.0917138	3
189	12.1688	0.968725	1.03548	3
191	13.3738	19.1002	-0.982381	3
192	10.5202	15.3288	0.224071	3
198	14.6105	21.1863	0.454955	3
200	11.1373	17.6531	0.313966	3
202	11.3928	4.40732	0.187622	3
203	10.4831	14.6627	0.600994	3
206	12.5157	5.73551	-0.822009	3
212	10.7575	16.3414	0.756245	3
214	10.5273	1.58289	0.988769	3
216	12.1139	22.5249	1.22847	3
218	11.0694	7.79708	0.255978	3
219	12.6577	14.544	0.621733	3
239	14.1564	11.1439	-0.134034	3
242	14.1767	7.78909	0.551343	3
251	11.6929	10.6152	1.0395	3
254	11.0415	2.67534	0.563308	3
255	12.4535	22.3001	0.822584	3
261	13.7705	6.86093	0.178135	3
266	13.0555	10.2315	-0.10135	3
269	13.8469	24.6075	1.19575	3
273	13.3568	5.83478	1.07396	3
274	10.568	21.7366	-0.729381	3
280	11.5003	12.3834	0.413239	3
283	10.584	6.53728	0.976964	3
289	12.8506	0.838365	0.637792	3
303	14.1499	11.6374	-0.181896	3
322	14.5928	10.4309	-0.291145	3
326	11.9943	4.1898	0.0813756	3
327	13.3587	20.8061	0.841592	3
331	14.6623	5.51752	0.0428509	3
340	10.268	5.96637	1.41489	3
370	10.6081	22.2314	0.847291	3
371	11.2793	1.60161	-0.195694	3
374	11.144	5.54914	0.617494	3
376	13.7557	23.8349	-0.228147	3
380	14.4183	19.3767	1.21927	3
383	13.298	18.3995	0.702237	3
385	13.4294	0.776087	1.00262	3
386	10.6984	22.1571	1.09303	3
395	10.4817	14.8462	0.735698	3
400	13.8938	1.02717	0.800924	3
406	13.6407	10.9133	0.751681	3
408	11.5929	19.8869	0.799801	3
414	14.6134	22.9193	1.08049	3
420	13.273	5.95771	0.0605909	3
422	14.7825	0.241281	-0.612273	3
428	10.0421	7.14677	-0.166487	3
429	14.3889	5.67879	-0.678736	3
433	14.1489	14.4765	0.848179	3
442	10.4228	4.54572	0.452691	3
446	10.5341	7.06712	0.102273	3
453	13.8539	9.29108	0.274288	3
456	14.0929	14.2815	-0.102161	3
460	12.3176	17.5211	0.679111	3
463	14.6602	22.3625	0.725081	3
465	13.2501	4.84587	0.454798	3
482	12.2022	15.5801	-0.272155	3
484	11.7199	15.226	0.812169	3
485	10.0485	17.1347	-0.251472	3
494	10.6377	3.15006	0.0604751	3
495	13.5863	8.59916	0.507233	3
502	13.6457	7.44169	0.100232	3
505	11.4845	13.0255	1.02521	3
508	10.1757	7.19078	-0.439284	3
523	11.6939	13.5902	-0.250163	3
531	11.1279	12.6151	1.40055	3
532	13.5841	5.31375	0.488169	3
534	14.9456	4.19988	1.13807	3
536	13.2781	15.5775	0.611827	3
539	12.3184	15.9677	0.336448	3
544	11.0367	23.1257	-0.0930977	3
547	13.74	2.55426	0.339734	3
548	12.2492	3.05637	-0.851371	3
549	14.6874	9.17349	1.20904	3
563	14.7473	0.175125	-0.217811	3
572	10.897	4.99095	0.636205	3
578	12.5353	15.1344	1.04454	3
580	14.9373	8.80253	0.000854753	3
582	12.5037	9.59043	0.139198	3
590	12.05	0.200572	0.700977	3
592	11.7118	9.24065	0.187251	3
600	14.0236	12.0107	0.848196	3
616	12.4751	4.05142	1.48176	3
618	12.4912	15.2913	0.0385631	3
622	12.8392	22.1184	0.114161	3
634	13.8667	4.45422	1.41484	3
639	12.6193	11.3802	1.59443	3
644	14.1912	18.0515	-0.656886	3
647	10.8052	19.9977	0.756403	3
652	10.8519	0.354558	-0.0562811	3
655	10.7681	11.4201	0.468494	3
669	10.1391	18.015	0.392674	3
670	13.1401	13.148	0.159148	3
686	10.8401	13.1839	0.82481	3
698	13.0263	13.9546	0.909963	3
701	14.4939	14.3323	1.01401	3
704	12.0141	12.6474	-1.06056	3
708	11.8509	3.89321	0.885204	3
710	13.5138	14.4615	-0.000940927	3
729	13.8771	2.38676	0.577898	3
731	10.2511	2.77623	0.0719618	3
733	14.8622	0.713582	0.581746	3
738	14.4449	8.18718	0.0108027	3
749	10.1747	2.13665	0.50199	3
752	11.7655	19.8504	1.0745	3
753	12.0903	21.8062	-0.0829691	3
757	14.489	17.7385	0.691383	3
769	14.1113	3.16595	-0.108379	3
782	13.8224	9.15355	-0.213109	3
807	12.1104	10.2884	0.551181	3
813	13.3937	6.38583	0.318724	3
814	10.2234	17.0624	0.0906685	3
815	10.9299	12.0052	-0.0581253	3
829	10.5253	13.9579	0.594068	3
834	10.0041	15.9376	0.247746	3
839	11.1078	24.5142	-0.439568	3
844	14.23	10.469	1.99481	3
845	11.0481	22.0625	0.231403	3
849	10.8322	8.40577	-0.438078	3
850	11.0212	13.7174	1.25142	3
853	10.7821	21.0475	1.02799	3
858	11.5445	4.23498	0.202457	3
859	11.4959	2.3414	0.310225	3
861	11.2787	20.4538	0.718084	3
864	12.6726	2.46703	0.217829	3
865	11.0647	15.3881	0.936133	3
869	14.9983	22.8211	-0.201338	3
873	14.6176	21.2848	0.926501	3
876	10.5187	16.429	-0.560792	3
888	12.8552	14.9263	1.03612	3
906	11.9259	17.1333	1.06477	3
908	14.3042	14.3205	-0.0666923	3
912	12.2812	18.8126	0.76345	3
913	13.0349	15.3221	1.09492	3
927	11.7249	21.6151	-0.779997	3
930	11.9496	1.59825	0.172789	3
933	13.9866	0.788734	0.133953	3
940	10.3552	23.7919	-0.230148	3
943	12.8867	6.67034	0.93568	3
946	10.1891	11.0003	-0.289834	3
949	13.7423	19.7164	-0.128169	3
950	11.606	10.1633	0.556273	3
951	10.1862	3.43933	0.0259831	3
957	13.7881	13.5164	-0.0650234	3
958	10.0248	1.69467	0.708656	3
965	14.1167	23.9462	-0.087434	3
973	14.4475	14.056	0.288792	3
976	13.6124	11.7701	0.529886	3
984	10.1728	18.4072	0.454722	3
987	11.7069	3.76292	-0.362196	3
989	13.9126	16.0056	0.103954	3
994	10.4	5.84258	0.251587	3
997	12.1902	7.65246	0.48746	3
998	12.4985	1.52116	-0.181062	3
1000	13.2729	13.634	-0.275779	3
1009	13.6441	5.66608	0.522506	3
1010	11.9643	15.8101	0.983506	3
1024	13.4523	9.81613	0.856639	3
1025	13.1916	17.2985	0.51396	3
1028	14.0046	14.7847	0.360095	3
1033	11.0925	22.598	0.582338	3
1042	13.0601	13.9768	0.148252	3
1051	10.3407	13.9362	0.873123	3
1052	12.882	4.55246	0.638876	3
1055	14.5577	23.5803	1.32327	3
1062	14.2445	18.6376	0.0196741	3
1066	11.9423	0.997064	0.818868	3
1072	13.6808	11.5035	-0.260513	3
1075	10.5413	11.8693	-0.23268	3
1077	14.0477	23.4641	0.63701	3
1079	11.2948	11.8875	0.84715	3
1080	12.0721	18.9919	0.497185	3
1083	12.5943	20.1382	0.120003	3
1092	13.8808	11.1182	0.170693	3
1107	14.6245	15.881	-0.13914	3
1109	13.5116	2.33367	0.952842	3
1112	14.0982	20.0332	0.0419799	3
1116	11.6501	24.3691	-0.216534	3
1118	12.4623	8.74396	0.381389	3
1123	10.1828	2.88332	0.227295	3
1127	10.8405	10.2274	-0.0366889	3
1131	14.8949	23.4698	-0.203691	3
1132	14.6622	2.776	0.763136	3
1140	10.6803	16.2235	1.53797	3
1143	14.8554	24.0887	1.07129	3
1158	10.5266	18.5536	0.690686	3
1165	10.1143	11.0028	0.296568	3
1166	12.1127	23.588	0.493292	3
1174	14.8537	16.0639	0.934319	3
1178	14.5502	24.4719	0.266111	3
1187	12.3569	15.4448	0.55762	3
1188	13.8901	22.1016	0.562732	3
1193	10.7836	11.0913	0.0287159	3
1194	12.6627	5.24111	-0.195628	3
1197	10.3492	18.2987	0.996553	3
1200	11.8029	10.7042	0.978718	3
1201	14.2372	12.3005	-0.137317	3
1210	13.1553	19.2768	0.302055	3
1211	10.8596	10.5778	0.0787555	3
1212	12.7695	24.2528	0.676833	3
1213	11.5521	11.9686	0.302333	3
1216	10.1183	1.41656	0.588868	3
1227	12.4127	17.7183	0.307863	3
1231	14.0241	1.59597	-0.163013	3
1234	11.0815	2.92152	0.604015	3
1249	12.1888	16.6954	0.0852354	3
1253	10.0855	15.1728	-0.0743397	3
1254	14.8134	20.64	0.425881	3
1255	10.7913	24.9237	0.363954	3
1262	14.791	3.79761	1.75232	3
1265	10.9716	19.1676	-0.213038	3
1267	14.5509	2.92346	-0.546682	3
1268	12.921	3.71241	0.374383	3
1270	10.9172	11.138	0.20844	3
1271	10.9454	17.7434	-0.380004	3
1285	11.1352	13.3672	0.550194	3
1298	12.0531	1.92146	-0.0856114	3
1299	13.6759	23.1451	0.339814	3
1303	12.1864	13.5583	0.285231	3
1304	13.2549	5.69875	1.63587	3
1306	10.3711	5.10386	0.478474	3
1309	13.169	22.7102	0.327852	3
1310	12.1152	7.68687	0.978524	3
1315	11.9115	24.9697	-0.108491	3
1316	13.5287	15.147	-0.234744	3
1317	11.4507	6.47068	0.360635	3
1318	13.1436	12.6086	0.738532	3
1319	11.0772	17.7648	-0.107521	3
1322	10.7781	20.2455	1.31704	3
1324	13.6459	6.49524	-0.0984178	3
1325	10.6447	13.2764	1.36173	3
1338	11.6263	15.291	1.88359	3
1345	13.6666	18.5023	-0.0974568	3
1351	13.2567	7.91483	1.09289	3
1364	14.9632	13.8064	-0.0679688	3
1374	12.2204	15.9443	-0.0647943	3
1375	14.0791	10.3451	-0.415061	3
1388	12.5748	19.4966	-0.0995366	3
1398	13.6746	4.60904	0.0603443	3
1401	13.3531	20.9469	1.76222	3
1402	14.4899	5.77112	-0.00833007	3
1406	12.2701	11.6555	1.3368	3
1408	11.2354	18.0022	1.49828	3
1410	11.3861	20.8928	0.740706	3
1415	13.2582	2.92066	0.575845	3
1425	12.2832	22.0858	1.21892	3
1431	11.5509	11.7801	-1.3329	3
1432	14.045	10.3282	1.40122	3
1435	12.7897	15.5331	0.553862	3
1436	10.1435	13.4697	0.590942	3
1464	13.7398	17.4004	0.876553	3
1471	14.0955	0.941091	1.26165	3
1473	10.6447	16.5352	0.531272	3
1483	12.9067	7.55194	0.489351	3
1484	11.3281	19.922	0.0406713	3
1496	12.201	24.4593	0.768058	3
1498	13.9568	19.0968	-0.259806	3
1506	12.1592	5.26488	0.339273	3
1511	13.0487	9.631	0.843149	3
1522	14.1808	9.48643	-0.261619	3
1523	11.1651	0.850619	-0.256965	3
1539	12.3614	10.6486	1.14335	3
1557	13.4628	5.22015	0.509975	3
1559	14.4339	11.1573	0.801992	3
1560	12.319	1.98758	0.191281	3
1565	14.3539	11.4911	0.817429	3
1568	10.7907	9.95958	0.910727	3
1569	10.4496	10.2428	0.467476	3
1574	14.4749	15.9669	-0.0712112	3
1581	11.8258	4.29774	0.513403	3
1583	13.3868	3.97856	1.23361	3
1588	10.5936	18.9836	0.095431	3
1601	11.3064	18.8324	0.723455	3
1609	12.0749	8.61627	-0.328102	3
1611	11.9646	21.3694	0.224309	3
1615	14.223	4.88192	0.58661	3
1616	14.894	3.47683	0.287929	3
1624	11.1584	23.7174	0.934536	3
1631	12.3409	11.0097	0.513573	3
1637	12.4954	12.0107	0.109862	3
1638	12.547	7.18268	1.079	3
1652	13.2452	23.5229	1.38831	3
1653	10.6543	15.1523	0.822213	3
1655	13.3874	6.31331	1.03172	3
1663	10.8313	15.5665	0.362758	3
1668	10.1029	8.33315	0.786054	3
1669	10.4508	19.6589	0.242961	3
1673	13.2918	12.8433	0.0645216	3
1676	10.867	3.88864	1.20873	3
1678	10.6113	21.5975	-0.0923842	3
1681	10.301	8.19476	0.110536	3
1686	14.4366	16.1262	0.333553	3
1687	14.4561	22.5609	-0.571333	3
1697	14.2527	22.7294	0.897581	3
1699	12.1283	4.65682	-0.409593	3
1704	14.5228	16.5837	-0.130549	3
1708	10.2471	3.84771	0.773536	3
1710	14.6011	13.1667	-0.155824	3
1714	11.5189	7.40207	0.839315	3
1716	10.1267	6.63036	0.230308	3
1722	10.3664	24.3081	0.219094	3
1725	13.028	23.7783	0.862366	3
1728	12.2525	13.998	-0.354058	3
1730	12.4893	20.3195	1.09698	3
1732	14.0644	12.3314	0.334903	3
1733	14.3063	23.4495	1.30945	3
1737	11.0855	6.85182	0.0342873	3
1740	11.5572	5.72787	-0.657277	3
1747	10.6755	5.21034	0.0566257	3
1760	10.0468	3.68749	-0.0493788	3
1764	10.5572	0.492034	-0.176303	3
1773	14.8432	7.41031	1.16272	3
1776	13.0198	12.05	-0.333468	3
1777	13.7774	12.6788	0.969957	3
1790	11.4173	13.5902	0.215631	3
1791	10.6096	7.78983	0.17795	3
1802	14.4243	11.6106	0.219471	3
1804	10.9378	16.4179	1.1076	3
1805	13.2527	16.4156	0.166291	3
1806	11.7951	10.9862	-1.40102	3
1807	12.4008	12.1109	1.415	3
1808	13.4346	6.71275	0.866271	3
1822	10.938	10.0861	-0.194921	3
1823	11.2738	9.70321	-0.171507	3
1834	12.3457	23.4772	0.836637	3
1836	13.4953	8.4496	0.301362	3
1844	11.9473	19.1242	0.407374	3
1846	10.9665	6.83498	1.28957	3
1855	11.7348	23.3079	0.264506	3
1856	11.9136	22.9228	-0.20217	3
1857	10.4163	22.8558	0.764656	3
1859	10.3493	22.2683	-0.0228117	3
1862	13.6463	17.9085	0.0859268	3
1864	12.0987	5.94042	1.01603	3
1872	12.367	17.1287	-0.416213	3
1875	11.5963	0.327868	0.524119	3
1880	10.819	2.30973	-0.844369	3
1890	14.1152	21.0198	0.789636	3
1892	11.1651	4.48758	-0.315937	3
1901	10.4309	6.24865	-0.781387	3
1904	14.7831	16.6721	0.414254	3
1912	12.5284	10.5357	0.588172	3
1927	10.4665	10.6806	0.367757	3
1934	13.4093	23.2781	0.97359	3
1938	11.7722	4.72407	-0.0153349	3
1939	10.3257	0.940469	0.465669	3
1956	11.829	10.2742	0.825576	3
1964	13.4511	24.7025	-0.0338139	3
1967	13.2557	14.3628	0.401055	3
1969	12.3883	18.156	-0.710684	3
1982	11.2287	7.74252	1.70851	3
1983	12.8228	16.8317	0.00629552	3
1994	12.5552	10.902	-0.484206	3
1998	10.3962	15.0423	0.640428	3
2005	10.1298	17.6724	0.380564	3
2013	10.0702	23.433	0.528867	3
2020	13.8818	8.09685	-0.372836	3
2029	13.5152	15.6759	-1.05527	3
2037	13.5479	6.12481	-0.53351	3
2040	11.5737	18.4795	0.255635	3
2046	14.8712	20.4175	0.843824	3
2050	13.0206	18.9851	0.0954762	3
2052	11.9046	13.8824	1.06684	3
2053	13.2363	16.064	0.449809	3
2057	13.367	21.196	0.461825	3
2065	11.9495	4.92099	1.00053	3
2068	12.5475	19.6453	0.944105	3
2075	12.6086	5.3986	1.03846	3
2082	14.1957	17.6941	-0.182174	3
2088	11.6069	17.0496	1.3697	3
2092	11.5731	9.70259	1.7799	3
2093	11.2743	9.29479	1.34265	3
2094	10.8718	10.9958	0.494544	3
2097	10.7681	24.4296	0.935307	3
2100	14.0339	4.05283	0.759992	3
2101	12.8682	2.79933	-0.69194	3
2106	12.9276	2.05747	1.07707	3
2108	14.8366	6.92256	0.149678	3
2122	10.5647	12.6072	0.40247	3
2123	14.8206	20.6269	0.812464	3
2135	14.8728	1.6133	1.3368	3
2137	13.0533	15.8202	-0.520095	3
2141	12.4545	11.158	0.298789	3
2145	12.2099	18.407	0.672524	3
2148	13.1184	4.84715	0.822997	3
2152	13.6903	17.8791	0.865801	3
2153	13.1693	1.41729	0.583849	3
2154	12.659	22.4397	1.01598	3
2165	11.3578	2.34268	1.12294	3
2169	12.3428	6.97639	2.08645	3
2174	11.2028	24.5326	0.947065	3
2175	10.597	23.6613	0.323286	3
2177	13.6656	8.71187	-0.159096	3
2181	10.9174	14.4605	1.31022	3
2188	13.6833	5.98538	0.861425	3
2193	13.5604	4.3639	-0.0945971	3
2196	14.2059	17.4807	1.26214	3
2198	14.2382	23.8529	1.4624	3
2199	13.0313	19.9567	-0.103938	3
2210	11.8272	20.5403	-0.125093	3
2213	11.3342	13.0228	-0.726679	3
2215	14.6382	20.7138	0.858227	3
2216	13.2734	9.90539	1.529	3
2221	11.1224	21.9008	0.330529	3
2222	14.2893	0.441747	-0.578287	3
2227	14.8022	12.4553	0.135018	3
2228	14.8225	12.5729	0.833828	3
2231	14.1592	1.92895	0.372296	3
2234	11.0238	3.47975	0.203444	3
2248	10.9609	23.2062	-0.610357	3
2249	13.8167	13.2596	0.979451	3
2254	10.7131	16.9135	-0.460203	3
2258	11.1972	24.5042	2.40167	3
2268	12.3001	9.97227	0.905939	3
2273	12.9932	20.414	-0.37957	3
2276	11.3765	15.6352	0.542523	3
2281	11.9659	13.0644	-0.0535916	3
2282	10.8711	4.6563	0.482501	3
2285	11.8887	5.32114	0.532915	3
2292	12.6936	16.9625	1.08697	3
2293	11.7232	16.1275	-0.0917249	3
2294	10.8679	1.07324	-0.369178	3
2296	12.1921	5.78531	0.907049	3
2299	12.0939	22.1303	0.242243	3
2306	14.0179	3.25479	0.928846	3
2307	14.2532	2.35156	0.229906	3
2315	11.1128	23.5604	0.153321	3
2317	10.0705	19.2294	-0.53833	3
2321	11.9165	4.47931	-0.034493	3
2328	12.975	7.46867	0.678358	3
2332	14.5635	5.5087	0.805048	3
2334	14.7505	2.47281	1.07187	3
2340	10.7645	0.517445	-0.0241533	3
2345	11.2834	3.94067	0.675662	3
2347	11.3728	18.1727	-0.613402	3
2350	13.1008	9.04683	0.50603	3
2362	14.7144	10.7954	0.219201	3
2363	10.8992	9.57396	-0.426485	3
2365	11.129	23.3667	0.056717	3
2374	12.7559	20.0924	0.439643	3
2377	11.703	11.133	0.530373	3
2378	11.1397	18.9278	0.561636	3
2380	10.283	11.0119	-0.404538	3
2382	12.6973	13.4037	1.71363	3
2390	13.1728	23.5762	-0.125294	3
2391	14.4141	9.73015	-0.234232	3
2404	12.5272	21.1797	-0.122229	3
2414	14.6163	18.1654	-0.152095	3
2416	13.5315	10.0956	-0.30554	3
2418	10.6448	0.859986	1.07819	3
2419	14.4848	10.5643	0.540121	3
2427	13.361	5.29074	0.0796332	3
2436	14.5755	11.6849	0.27053	3
2437	10.273	5.94998	0.33442	3
2439	11.1434	0.248818	0.877751	3
2444	11.4579	8.9419	-0.566284	3
2449	14.7531	14.8097	1.3005	3
2451	14.7766	12.8081	0.590492	3
2456	14.4709	5.93409	-0.116808	3
2462	14.3706	22.098	-0.263338	3
2466	13.0796	18.3294	0.729274	3
2467	12.6393	17.4023	-0.462333	3
2474	13.7978	12.0759	-0.357557	3
2486	12.7941	18.0553	1.53882	3
2497	13.8104	2.86537	0.71652	3
2501	14.9545	15.6817	0.5247	3
2506	14.7138	16.7089	0.43616	3
2507	13.3501	2.90098	1.15309	3
2513	11.9998	13.1966	0.820433	3
2514	10.3924	21.7123	0.0505003	3
2522	10.7872	15.4857	-0.0963888	3
2524	13.2601	23.8489	1.19181	3
2525	10.783	5.40671	-0.637892	3
2538	11.4309	15.9184	1.40669	3
2566	14.499	19.079	0.434822	3
2568	12.3136	3.88304	0.501024	3
2575	14.6396	24.8044	0.30707	3
2576	11.5754	12.7534	-0.299541	3
2581	14.8164	14.9338	0.940565	3
2584	10.4312	4.9509	0.0311837	3
2593	11.4978	17.9316	0.836836	3
2594	10.238	11.9942	0.660787	3
2597	13.6596	18.4027	-0.373062	3
2603	10.725	24.2072	1.49823	3
2610	12.9717	22.4067	0.445308	3
2620	13.4399	24.3041	0.763283	3
2635	14.6766	7.96199	0.355646	3
2636	13.2749	0.965958	0.807642	3
2639	12.2828	22.7003	0.237203	3
2640	12.6848	10.7764	-0.544651	3
2646	11.2837	8.37804	0.719855	3
2673	13.1305	20.224	1.17715	3
2674	12.4308	21.0867	0.722179	3
2680	11.8577	16.6576	0.944416	3
2682	12.2718	10.3804	0.257345	3
2694	12.5643	16.7992	-0.0890283	3
2695	11.2253	1.06085	0.68614	3
2696	13.9102	8.09692	0.231753	3
2697	14.8634	5.85519	-0.189997	3
2699	13.1286	23.6837	1.18312	3
2713	12.9262	12.4687	-0.108509	3
2719	14.387	16.719	0.528655	3
2720	12.214	17.9438	1.91892	3
2732	10.7944	14.5673	0.726598	3
2741	14.0721	22.1097	0.878137	3
2742	11.7047	14.7961	-0.159248	3
2743	13.6781	12.3782	0.128537	3
2753	10.9464	6.62816	0.807102	3
2770	10.5861	9.39566	1.34105	3
2771	12.1022	21.8459	-0.176089	3
2774	14.795	17.1968	0.394954	3
2783	11.8712	22.9653	1.35381	3
2791	11.973	5.31299	1.25943	3
2792	13.4947	10.234	0.111823	3
2793	14.1549	16.557	0.397777	3
2794	11.0578	2.81777	0.304514	3
2796	10.3419	17.2496	0.513969	3
2798	14.4146	4.12046	-0.119244	3
2809	10.3158	20.2012	0.859472	3
2812	12.9048	21.6183	0.215476	3
2816	11.0994	19.5644	-0.0584208	3
2822	12.5151	19.4019	0.300196	3
2825	14.4584	4.4692	1.07185	3
2826	10.3501	12.1859	0.974331	3
2828	12.8114	11.1544	1.31702	3
2841	11.4652	23.6919	0.461486	3
2844	13.9378	22.7774	0.19453	3
2850	12.7359	3.82946	1.43656	3
2852	13.5392	17.2467	0.297168	3
2864	12.4046	18.2598	1.02693	3
2868	10.5772	5.74248	0.266477	3
2871	13.4082	0.111183	0.73658	3
2881	10.4282	20.6353	0.535336	3
2885	12.0794	14.7935	0.277811	3
2892	10.5142	3.21194	0.901564	3
2896	13.7347	6.17881	0.280655	3
2897	12.3858	5.41945	-0.290934	3
2899	13.6342	18.1499	0.241704	3
2909	11.8179	15.4122	1.16453	3
2914	13.2528	5.14533	1.49759	3
2916	12.2253	14.2158	1.37928	3
2922	13.11	1.82922	0.250376	3
2927	10.0209	6.77729	0.504203	3
2929	11.8971	21.9713	-0.556489	3
2930	10.4343	17.7666	-0.217313	3
2931	12.8783	21.5331	0.369106	3
2937	14.9765	21.4422	0.76331	3
2939	13.9205	15.8958	-0.250441	3
2944	14.2363	9.04251	0.973668	3
2945	14.2974	9.90624	0.199265	3
2954	13.9482	23.2666	1.20562	3
2956	13.0397	17.8067	-0.843371	3
2963	14.7686	23.6851	0.76638	3
2972	10.914	14.1941	0.764048	3
2982	11.8962	1.5691	-0.0686034	3
2987	13.3558	16.7209	1.05048	3
2992	10.3251	1.72883	-0.109309	3
2993	10.1895	12.8578	-0.000100899	3
3000	12.0073	10.1194	0.121231	3
3009	14.2093	8.28168	0.812565	3
3010	11.0502	13.6855	0.844082	3
3030	11.5197	13.6044	0.999981	3
3033	10.2099	24.5211	0.505464	3
3042	11.372	10.1477	-0.288524	3
3061	10.7106	15.0523	1.11266	3
3063	13.3275	15.5594	0.471401	3
3076	12.4177	5.44027	-0.178934	3
3077	11.2397	4.37731	1.16236	3
3093	11.971	14.8724	0.535594	3
3097	10.5071	10.274	0.060886	3
3100	10.8745	19.3628	0.0520426	3
3110	11.0209	10.4549	0.609713	3
3121	13.841	2.2025	-0.214575	3
3124	14.9673	23.4798	0.126518	3
3135	11.3755	19.7894	0.573754	3
3137	11.6396	12.1265	0.549817	3
3142	11.3363	4.44468	1.38602	3
3143	10.982	22.7184	0.92371	3
3148	14.498	18.6634	2.33332	3
3150	14.0822	9.56553	-0.0211519	3
3155	14.2398	20.1164	0.893817	3
3156	13.7304	7.71941	-0.0846628	3
3160	11.6176	22.0867	-0.606366	3
3164	11.7729	8.95272	0.152347	3
3165	12.2701	9.3838	0.275893	3
3177	13.6736	0.773375	1.02839	3
3179	12.9953	8.19086	0.0286554	3
3188	11.6458	15.2559	-0.337806	3
3190	13.2674	22.3534	0.474161	3
3192	14.3253	7.71117	0.252582	3
3201	12.6448	18.4747	0.376965	3
3219	11.6805	3.08797	-0.796886	3
3222	13.4941	12.1585	1.20395	3
3228	11.8686	17.9656	1.24902	3
3230	14.7091	15.5	0.923122	3
3242	12.8009	6.93794	0.973111	3
3258	13.6108	5.39407	-0.685244	3
3259	12.0222	19.3484	0.18612	3
3260	10.4579	9.31133	0.0858122	3
3262	10.7246	21.6537	0.118942	3
3263	11.9833	15.7292	1.04518	3
3269	10.9018	19.6808	0.952818	3
3270	11.0055	19.4143	0.696318	3
3273	13.2492	19.8103	1.59018	3
3274	11.525	9.94441	0.848104	3
3279	10.9417	24.6254	0.0549297	3
3281	14.7078	17.6714	1.05221	3
3288	11.1649	3.34041	1.40935	3
3292	11.7942	5.04408	0.590758	3
3295	13.9125	9.18896	1.74208	3
3297	12.6512	13.4017	0.888054	3
3299	14.1857	14.4618	0.368064	3
3305	14.6782	3.20237	0.992302	3
3309	10.6637	1.72988	0.669136	3
3312	14.5846	15.4531	0.10259	3
3317	12.6025	22.4726	0.776169	3
3318	12.5469	7.39314	0.499355	3
3324	10.542	22.1851	0.00872466	3
3327	14.2635	17.987	0.0859001	3
3328	14.0662	18.1089	1.25032	3
3339	11.4557	7.71835	1.01108	3
3345	12.8019	19.1761	0.5837	3
3352	11.4076	12.6431	-0.278385	3
3359	13.3828	6.98069	0.376833	3
3368	10.9534	0.26341	0.67055	3
3372	10.4239	9.65349	-0.53521	3
3377	14.1393	12.1162	0.982567	3
3378	10.4723	22.3584	0.174907	3
3389	10.0307	14.7853	-0.100875	3
3391	10.4978	15.7802	0.0463322	3
3393	12.2168	20.607	1.08534	3
3394	12.3454	19.6543	0.273672	3
3402	11.0327	15.2855	1.38444	3
3403	14.7578	5.96455	0.138206	3
3404	14.1003	8.86517	-0.257146	3
3410	11.1599	8.0067	0.235361	3
3411	13.6117	3.71586	-0.21868	3
3412	10.832	14.7975	-0.348741	3
3414	12.8981	4.83505	0.373393	3
3418	11.5708	12.5522	0.212601	3
3419	13.0651	16.9413	0.326774	3
3420	10.1111	22.5172	1.21475	3
3424	11.7825	23.8762	0.338326	3
3430	12.3807	10.4543	-0.114106	3
3437	10.0833	21.0966	0.932516	3
3438	13.6679	15.0599	0.854659	3
3453	11.8664	22.2396	-0.523696	3
3455	13.5124	4.54634	1.51806	3
3463	13.5905	7.32545	0.895537	3
3468	12.6177	5.46983	-0.39577	3
3471	13.2497	14.746	0.689288	3
3483	13.8243	23.299	-0.0412124	3
3491	14.6996	16.1811	0.282255	3
3492	14.1546	16.5963	0.339391	3
3493	12.9722	7.69437	0.446828	3
3495	10.793	24.1159	0.532834	3
3503	14.863	14.0008	-0.632305	3
3506	11.6903	23.6086	0.586845	3
3507	14.6028	22.7441	0.677001	3
3515	14.2778	10.8428	1.44786	3
3526	11.4127	2.31787	0.748407	3
3529	13.005	19.8519	0.509313	3
3534	14.4194	0.682753	0.0310075	3
3535	14.0209	1.45009	0.531764	3
3542	11.327	6.30548	-0.809392	3
3552	11.8205	6.87178	0.574734	3
3554	10.5062	12.6037	0.356745	3
3558	12.6901	14.8723	0.111953	3
3567	10.0968	16.8434	1.22726	3
3574	12.3337	10.5618	-0.544768	3
3578	11.4274	3.82728	0.321182	3
3586	10.8174	0.573108	0.619432	3
3588	10.6995	11.7528	0.213075	3
3593	12.9027	21.6083	-0.364788	3
3595	12.3132	17.9222	0.658328	3
3597	14.7069	24.6588	-0.403218	3
3598	14.6583	24.9129	0.392567	3
3600	12.7639	6.34614	1.09766	3
3612	11.1922	4.23088	0.776844	3
3614	13.4623	1.9585	0.88078	3
3621	12.776	18.2698	0.316272	3
3631	14.6929	8.02374	-0.754065	3
3632	14.9052	12.5384	-0.146483	3
3637	13.9054	5.81583	1.28343	3
3642	13.9576	11.9997	0.356875	3
3644	10.0799	23.8942	1.06996	3
3645	12.9822	4.08639	0.694867	3
3650	10.3254	16.0195	0.373577	3
3655	13.9148	23.3472	1.07671	3
3659	10.4898	15.1597	-0.255798	3
3664	12.2602	14.3545	0.842724	3
3668	12.8392	18.0005	0.167228	3
3669	13.3599	15.03	0.327341	3
3679	13.9494	5.88405	0.383707	3
3680	13.5308	5.89149	0.797683	3
3682	10.1351	14.902	0.0933736	3
3686	12.326	10.7438	0.59174	3
3691	13.9369	13.1416	-0.58928	3
3692	13.1108	13.1588	0.836382	3
3693	13.188	17.7933	0.251838	3
3696	11.2404	7.69411	0.622819	3
3698	13.0001	9.17635	-0.182483	3
3716	10.9976	1.25325	0.793227	3
3730	14.8195	23.4537	0.846119	3
3731	13.3844	13.3435	0.745291	3
3733	14.503	6.04349	0.365564	3
3738	11.6899	21.869	0.679858	3
3744	11.4079	3.10752	1.01103	3
3754	14.5937	8.36365	0.808793	3
3757	14.8177	10.9154	0.891025	3
3760	11.4937	23.7094	0.194643	3
3765	11.3032	0.434188	-0.422335	3
3774	14.052	11.6145	-0.255971	3
3775	11.2485	9.43922	-0.0331143	3
3779	11.331	15.617	0.86469	3
3786	11.4104	5.10315	0.720062	3
3791	10.2249	0.903535	-0.00685533	3
3793	11.7366	9.72814	0.41829	3
3794	14.4373	17.6143	0.0131735	3
3798	10.1458	15.2121	0.810824	3
3805	12.414	23.3297	-0.795146	3
3806	11.9728	22.6417	-0.152139	3
3810	12.2693	18.0418	0.237147	3
3818	14.9163	24.0365	0.873815	3
3819	11.4048	0.952135	0.784404	3
3823	14.24	5.54701	-1.14306	3
3826	14.1975	16.0067	0.868675	3
3841	11.3181	13.5516	0.881556	3
3845	10.8447	15.8195	0.768159	3
3846	10.9236	15.384	0.487878	3
3847	10.7444	11.2223	-0.00150483	3
3852	10.1481	13.8395	0.854785	3
3862	11.2177	5.84467	0.0556707	3
3863	13.56	1.96985	1.39792	3
3864	14.121	7.9258	-0.252988	3
3867	13.3074	5.93512	-0.062979	3
3869	11.7811	4.30216	-0.0854606	3
3890	11.0366	2.2864	0.0223505	3
3891	13.2212	11.0283	0.0361942	3
3892	11.5202	13.8671	-0.398633	3
3898	12.9643	18.6466	-0.622756	3
3900	10.9637	13.6683	0.265803	3
3905	13.9843	22.3793	0.915273	3
3907	11.1543	23.4029	-0.443625	3
3915	13.5141	11.3309	1.64785	3
3919	12.3306	9.96676	1.17476	3
3920	11.7772	10.5994	0.538064	3
3921	11.9424	20.7074	0.422648	3
3927	14.0036	15.0929	0.690895	3
3934	13.3805	16.2514	0.343181	3
3942	12.9684	11.3172	0.535186	3
3951	14.8267	12.6727	-0.562468	3
3953	10.4024	10.7906	0.914907	3
3969	11.1469	10.6515	-0.0415135	3
3979	11.2529	5.44	-0.0384185	3
3985	11.3849	15.7743	1.54808	3
3988	12.4045	6.58057	-0.1541	3
3993	10.9378	16.9883	0.610667	3
3997	13.4229	24.2651	-0.620066	3
3998	10.8864	1.1827	-0.0467551	3
4000	14.1339	23.9966	-0.263485	3
4006	14.9008	9.21595	1.56087	3
4011	10.728	13.018	0.78602	3
4012	11.2724	24.3102	0.845337	3
4020	13.5869	21.7728	0.136835	3
4021	13.4592	12.8276	0.143738	3
4	16.6726	12.2179	0.381142	4
6	15.8244	7.01217	0.240181	4
23	17.5821	23.0277	0.511355	4
32	18.4258	12.1495	-0.102895	4
37	19.3051	0.105047	0.302003	4
41	19.7976	21.1761	0.0834558	4
44	15.2089	14.9012	0.0312998	4
47	19.4754	7.56258	0.508607	4
50	19.4414	9.16787	0.310267	4
57	19.9025	15.7332	-0.166583	4
66	19.5463	12.267	0.554199	4
70	15.7459	20.5502	-0.74095	4
73	18.6933	14.4807	0.0208191	4
75	15.338	22.495	0.75098	4
84	17.0833	13.089	0.084134	4
96	17.9608	17.865	1.1892	4
103	16.995	0.373018	0.017568	4
108	18.9766	17.4675	0.901771	4
132	16.022	24.2368	1.56249	4
137	18.0095	20.9796	0.449207	4
142	15.6376	22.0486	0.684847	4
143	18.5994	21.5755	1.32251	4
146	19.4359	16.3625	0.187454	4
150	16.8119	15.2053	0.440279	4
154	18.8297	22.9019	-0.828208	4
170	15.361	21.2804	0.425039	4
175	19.5701	22.0319	0.553051	4
176	19.0887	9.63317	0.52092	4
177	18.9097	12.1367	-1.0644	4
179	18.3341	10.9984	1.08265	4
180	18.1707	11.7763	0.761549	4
184	18.0201	18.3092	-0.00623251	4
185	16.8753	8.64672	-0.072497	4
190	15.0525	21.0798	0.771338	4
193	17.7448	9.18268	1.59446	4
197	16.0366	12.2315	-0.146715	4
201	18.3025	2.94153	-0.193853	4
220	19.0594	5.25293	0.487144	4
226	15.9697	9.23097	0.447908	4
235	17.3348	3.23304	-0.204763	4
240	18.6031	2.31617	-0.507883	4
246	17.4042	7.7239	0.626721	4
248	17.4606	11.8064	0.601695	4
252	16.4166	24.4225	0.799209	4
256	19.3669	5.67628	-0.21428	4
260	18.0055	7.54723	0.764766	4
267	18.9107	6.8293	0.49342	4
268	16.2835	14.1736	0.0870308	4
271	18.2434	1.65908	0.026749	4
275	18.6098	17.5968	0.699552	4
281	18.1867	6.29095	0.542221	4
285	19.4522	19.8038	1.08291	4
295	18.1722	9.48303	0.477358	4
299	15.4695	6.67143	-0.00248317	4
305	19.5982	16.6129	0.714696	4
307	17.4484	19.4946	-0.468727	4
315	17.9765	16.1682	0.0275579	4
318	18.477	1.11644	0.496674	4
319	17.9549	15.4649	1.3361	4
321	18.7231	19.6502	-0.981493	4
329	18.0536	6.16404	0.424278	4
332	17.3601	5.98707	-0.257971	4
336	16.1301	21.5082	1.28706	4
338	15.9069	14.8156	-0.00586858	4
343	18.4819	20.7171	1.15812	4
346	18.9556	19.4482	-0.217987	4
350	17.4497	18.4807	0.512489	4
353	17.253	5.15803	0.750713	4
355	17.284	22.5747	0.412459	4
361	18.2382	10.9007	-0.859656	4
363	16.5941	2.79139	0.801673	4
364	15.8958	12.1623	0.7518	4
365	16.0935	16.1936	-0.0211751	4
379	15.1694	16.7485	0.991002	4
381	17.5067	2.49626	-0.450703	4
390	15.6056	21.0589	0.0252385	4
391	16.8414	13.148	0.962628	4
392	19.0886	22.536	0.425008	4
393	17.5634	9.15634	0.12087	4
398	16.452	18.739	0.578603	4
401	15.482	14.9857	0.677088	4
402	18.4182	1.89166	-0.11914	4
409	18.4278	5.82437	0.500149	4
410	18.9517	11.2679	0.768963	4
416	16.9111	6.82335	0.735849	4
418	18.6353	4.9141	1.52271	4
427	15.1155	4.26363	0.325758	4
438	16.0034	10.0733	0.202036	4
439	17.925	20.7178	0.0932847	4
441	16.4631	18.2397	0.755943	4
445	17.7391	4.24956	-0.182382	4
448	17.1601	9.4295	0.280869	4
454	15.9111	19.0315	-0.11813	4
455	17.5667	15.6635	-0.0705727	4
473	18.8145	2.74502	0.906533	4
474	18.8288	6.74294	0.878482	4
478	19.8811	10.0959	0.0760935	4
488	15.3164	14.0463	0.264083	4
491	16.0937	22.6302	-0.120872	4
493	19.7055	24.9992	0.272623	4
498	18.319	23.7073	0.136076	4
517	16.0376	18.7487	1.29901	4
518	16.1947	9.07829	0.807716	4
525	16.7115	14.7526	0.455737	4
529	15.5651	18.4269	0.294814	4
537	15.348	11.7885	0.349222	4
540	18.5964	22.9474	0.025734	4
541	17.876	8.18131	1.66264	4
542	19.6369	13.7573	0.571437	4
543	17.1013	21.7387	0.402766	4
551	15.8891	18.4072	1.04993	4
556	18.783	16.0311	1.10871	4
558	19.6627	11.5359	0.569584	4
559	15.988	18.5671	1.51959	4
565	17.6168	5.99344	-0.803204	4
569	19.3816	20.2149	1.09396	4
579	15.4823	18.9466	0.812008	4
583	19.5747	23.2491	0.330602	4
587	19.4653	14.3198	0.664533	4
591	18.0427	9.41088	1.02332	4
595	16.48	14.1442	0.341955	4
596	16.9816	13.8769	1.76894	4
599	19.2326	22.1715	0.333241	4
604	19.0089	19.4543	0.713701	4
613	17.2588	18.2316	0.626449	4
619	16.7418	4.59178	0.68785	4
621	17.2666	10.7512	0.382897	4
627	17.9155	12.2508	1.29077	4
633	19.9476	3.22275	0.41361	4
637	17.7615	24.4084	0.405965	4
648	15.8201	2.19014	1.13844	4
650	18.4301	12.7614	-0.0814585	4
651	16.2557	5.83306	0.702869	4
653	18.3755	18.7787	0.832382	4
658	19.4709	15.2438	1.51379	4
663	17.7326	9.97664	1.17552	4
667	16.4092	6.39277	-0.424523	4
671	15.8982	12.2368	0.873548	4
672	15.6436	4.08013	0.35533	4
674	17.0281	20.5426	0.612369	4
687	17.555	4.00191	0.425694	4
693	17.103	18.2474	0.764217	4
695	16.1813	23.234	0.000176164	4
697	18.1625	3.92425	-0.208882	4
702	19.8796	4.60795	-0.0487824	4
703	16.1216	22.8417	1.04782	4
706	19.5495	8.75909	0.503585	4
707	17.2135	1.47159	-0.0110862	4
709	16.75	20.4341	1.98289	4
711	15.6176	2.92834	0.351838	4
716	19.5182	24.1037	-0.0724109	4
723	18.0574	7.73901	-0.513833	4
724	16.6113	7.22066	0.0547173	4
730	16.3808	1.94103	0.449316	4
737	16.373	5.81695	0.0263975	4
742	17.1656	17.1267	-0.11744	4
756	15.511	5.58381	-0.00899614	4
759	18.3188	14.6261	0.346314	4
760	18.2436	4.50495	0.773003	4
761	15.3906	13.7707	-0.220463	4
762	17.2886	18.8057	1.04357	4
765	17.0664	8.94429	-0.10573	4
768	19.9336	22.7473	0.338433	4
773	17.2096	2.73284	-0.21675	4
776	19.9856	24.3232	0.887507	4
778	15.4379	4.4743	0.729556	4
784	17.9773	23.8984	0.69382	4
788	18.9251	19.8005	0.947615	4
795	15.8163	23.4644	1.07796	4
796	16.4203	19.3106	1.02399	4
800	16.6469	14.4815	-0.323265	4
805	19.439	12.8739	0.501468	4
810	19.359	18.8578	-0.784752	4
818	19.2218	10.4566	1.09139	4
819	18.3988	7.93725	0.258641	4
821	17.1492	1.8122	0.904988	4
822	15.9791	17.5362	0.329603	4
825	19.4403	15.5462	0.547653	4
828	16.059	19.0913	0.498876	4
830	15.9222	20.3904	0.528684	4
831	18.6401	22.9587	0.866478	4
832	16.7039	20.5826	0.874099	4
833	16.651	21.453	-0.0643396	4
835	16.9527	10.4457	-0.36664	4
838	16.4515	8.46674	-0.257854	4
840	15.4738	17.2816	0.71125	4
841	16.3257	6.36583	0.534553	4
846	15.7958	21.105	1.24498	4
848	19.6547	20.5016	0.385385	4
852	18.0811	5.63319	0.655922	4
860	19.3293	16.2031	-0.107937	4
863	15.0791	1.19154	0.482502	4
889	17.517	17.3623	0.324476	4
890	18.7158	19.7958	1.1612	4
891	16.1153	20.1145	1.23179	4
893	15.6846	12.4032	-0.516806	4
894	15.0313	7.45704	0.850471	4
900	16.7675	19.2301	-0.0128994	4
902	16.5695	9.40217	0.916453	4
903	17.0343	21.6104	-0.196757	4
904	19.2567	18.0614	0.281799	4
905	19.4904	6.8715	0.487327	4
910	16.1674	0.199054	0.309988	4
918	18.8843	3.07733	0.799496	4
929	17.3074	3.83295	0.55451	4
939	19.5766	19.1896	0.217509	4
942	18.4796	5.54019	0.534715	4
952	16.1504	3.70313	-0.173567	4
964	15.5774	7.80514	1.3338	4
974	18.1457	8.91894	1.47113	4
982	18.4816	5.52668	1.19844	4
986	17.5359	16.6346	0.529897	4
995	18.3872	10.4271	-0.0647175	4
999	15.7992	3.21053	0.804612	4
1003	18.061	23.343	0.423429	4
1004	15.3399	21.6665	1.44663	4
1005	19.7686	12.259	0.317247	4
1015	16.0227	11.9762	0.879731	4
1018	17.3366	1.0724	0.145118	4
1019	18.1876	1.23954	0.52834	4
1020	16.9857	14.4473	0.400271	4
1021	15.5924	10.3033	-0.129291	4
1030	17.8147	5.31165	0.114632	4
1034	19.463	22.9006	-0.372585	4
1043	19.3242	8.52126	0.67457	4
1047	16.8429	20.6253	1.00144	4
1050	15.0369	2.82565	-0.117742	4
1074	18.9406	23.2634	0.384012	4
1078	16.0962	8.29417	0.232379	4
1086	16.0532	22.5362	0.238402	4
1089	17.197	15.6369	0.417085	4
1124	18.5418	22.0137	0.645641	4
1130	19.4583	13.0332	-0.498825	4
1134	15.4431	22.6374	0.654599	4
1142	17.1382	12.6487	1.16835	4
1151	19.3411	7.09143	0.118901	4
1157	16.7405	23.1714	-0.159089	4
1160	18.3342	14.9306	0.762632	4
1161	18.3891	17.2451	0.249713	4
1168	17.4761	11.9947	1.17008	4
1180	16.388	10.1016	0.191873	4
1182	17.2408	6.34863	0.660688	4
1185	16.8553	17.552	1.00418	4
1198	15.7579	9.2679	0.891333	4
1199	15.5985	13.1704	0.378913	4
1202	18.807	14.7119	-0.224016	4
1203	18.1911	14.9793	0.463543	4
1204	18.1584	14.8244	0.481271	4
1205	17.4371	7.25696	0.689615	4
1207	19.1562	4.17844	-0.553824	4
1208	16.4319	24.6864	0.270124	4
1217	19.6474	12.0745	0.089914	4
1220	19.703	18.8144	0.260178	4
1225	18.5752	0.378666	0.0236929	4
1229	16.5779	1.57809	-0.156389	4
1235	19.2727	24.058	0.902484	4
1236	16.3583	6.05724	0.527293	4
1243	16.8896	7.53472	0.792218	4
1263	16.9341	2.83719	0.810373	4
1269	19.2062	5.08005	0.981773	4
1272	18.7175	0.190172	0.144223	4
1276	15.7672	20.6909	0.528302	4
1277	19.6049	15.8843	0.756613	4
1283	19.0463	3.4859	-0.0661711	4
1284	19.0929	19.9479	-0.434286	4
1287	16.839	23.8577	1.25769	4
1292	15.5055	8.63009	-0.013654	4
1294	19.2393	23.0811	0.266188	4
1296	16.7923	22.1413	0.219291	4
1297	18.5578	24.0398	1.18068	4
1301	17.1422	8.81391	0.015251	4
1305	15.9322	16.8493	0.458174	4
1307	17.9617	14.0886	0.182977	4
1314	19.875	0.609548	0.0997414	4
1323	15.3256	18.4184	-0.137153	4
1327	19.7109	18.2355	0.37786	4
1330	16.8907	17.1306	0.496615	4
1342	16.3318	19.8244	0.856543	4
1347	17.6383	19.338	-0.454555	4
1362	18.1949	16.2511	1.44478	4
1372	18.7791	12.7356	1.33477	4
1376	16.4155	21.1924	0.304321	4
1378	15.4093	22.3335	-0.273056	4
1380	19.2534	2.46609	0.548505	4
1385	15.2751	0.370628	0.50412	4
1396	19.2356	17.1247	0.328517	4
1397	15.8852	12.7676	1.44567	4
1405	15.5343	12.9626	0.442901	4
1420	18.4516	1.05677	1.14461	4
1426	16.2579	10.4539	0.88473	4
1427	18.6051	20.5086	0.885301	4
1428	19.5301	19.5517	0.746336	4
1437	17.7571	3.09419	0.755579	4
1442	15.5141	6.22554	0.525939	4
1448	15.349	11.524	0.581824	4
1449	18.5135	11.0354	1.19765	4
1457	17.4068	21.4549	0.134091	4
1459	15.0219	24.2274	0.101003	4
1461	19.2772	1.82921	-0.379691	4
1466	16.7251	23.5077	1.03815	4
1468	16.0423	9.1458	0.531497	4
1476	15.2521	9.89225	0.980888	4
1478	16.9042	19.4739	0.921309	4
1480	19.2358	3.8249	0.520694	4
1482	18.1149	22.0054	1.02276	4
1485	18.4672	7.28306	1.17917	4
1495	16.6006	18.8674	0.429942	4
1500	16.6695	11.975	0.365142	4
1503	17.3587	5.98661	-0.444289	4
1510	15.9346	23.7994	1.02782	4
1513	16.0805	11.3037	-0.00342947	4
1515	19.3541	1.54527	0.972103	4
1517	16.2315	20.1589	0.469068	4
1527	18.7922	0.497956	0.655266	4
1528	16.9671	17.3245	0.43928	4
1531	19.3902	10.2676	1.01658	4
1533	15.2347	6.73445	0.453901	4
1538	19.3001	5.42696	0.704194	4
1546	17.6335	23.5	0.404272	4
1549	15.4331	22.7513	-0.0477712	4
1562	18.3175	4.66755	1.24162	4
1566	16.9823	9.17065	0.378719	4
1575	15.5986	15.2697	0.961118	4
1579	16.7873	18.27	0.257814	4
1585	17.4697	8.76448	1.04525	4
1589	17.8591	13.3249	1.28497	4
1594	15.6191	22.8091	1.85519	4
1599	18.9997	6.2137	0.584363	4
1607	16.7616	0.204135	0.19838	4
1608	15.762	10.0423	0.12346	4
1610	19.115	12.4112	0.2378	4
1619	16.2196	2.1496	0.126465	4
1620	16.2616	6.00834	0.615053	4
1623	16.5447	12.5938	0.655556	4
1628	15.4424	18.9672	-0.144688	4
1630	19.9554	8.69793	0.781484	4
1640	19.5092	22.8854	0.399715	4
1642	17.6529	5.62388	1.15664	4
1646	17.4521	15.7702	-0.394233	4
1667	16.246	16.8381	1.15197	4
1675	17.9684	14.9094	-0.346744	4
1679	18.6216	23.06	1.09358	4
1680	18.2417	7.44103	0.990587	4
1688	15.076	10.8188	1.20172	4
1691	17.4359	22.2392	0.572253	4
1698	19.5693	14.4373	0.435309	4
1702	18.4079	6.48316	0.196713	4
1709	15.3593	17.1378	0.309524	4
1715	19.7748	8.96638	-0.018848	4
1721	15.3616	20.1748	0.959949	4
1726	18.6908	22.1261	0.216552	4
1734	17.3334	14.325	0.654187	4
1736	18.5841	16.8995	0.84457	4
1741	16.6645	8.06549	1.37258	4
1744	15.65	11.1983	0.80289	4
1752	17.8089	8.34592	-0.0935955	4
1756	19.8157	12.7145	0.328686	4
1759	15.7498	6.80653	0.653159	4
1765	18.2624	20.8353	0.0329844	4
1772	16.0357	13.0905	1.25904	4
1778	17.5791	21.4629	0.724747	4
1794	17.1729	12.855	0.230194	4
1798	16.7469	17.9497	-1.04696	4
1803	19.3891	18.7227	0.172565	4
1809	16.1179	22.9241	-0.326084	4
1812	17.7928	23.632	0.394133	4
1813	15.9304	1.08554	0.384106	4
1817	15.9401	13.1943	0.65482	4
1821	19.3432	23.9099	0.878762	4
1825	15.9493	6.30417	-0.375457	4
1827	15.9354	17.1863	0.850751	4
1831	19.369	14.7046	0.881316	4
1837	17.7537	19.9374	0.858426	4
1841	19.7941	0.41161	-0.674836	4
1850	18.2006	23.5814	0.0950067	4
1860	17.0764	22.7516	-0.112702	4
1866	17.9123	4.09632	0.890613	4
1873	19.258	20.5548	1.01866	4
1885	18.8896	15.6098	0.972476	4
1895	19.2586	8.20671	0.668542	4
1902	18.3744	19.6585	1.06067	4
1909	18.8304	7.53198	-0.393041	4
1910	19.4825	22.0027	-0.0339074	4
1911	16.6741	4.93314	1.12517	4
1929	15.5571	14.0526	0.504332	4
1930	17.0846	22.9604	0.505256	4
1935	16.9952	17.2559	0.410241	4
1941	19.1066	24.5415	2.07893	4
1945	19.0306	14.8042	0.791404	4
1946	18.2574	15.1046	0.897689	4
1949	19.9879	3.46956	1.24902	4
1954	16.368	14.0017	0.726326	4
1955	18.226	21.4101	0.491762	4
1961	18.859	13.9106	1.72552	4
1968	15.1095	6.25249	0.729601	4
1970	19.7486	3.95508	1.18868	4
1976	18.153	6.33182	-0.154811	4
1977	16.6518	21.572	0.233632	4
1981	17.9279	24.7891	0.70188	4
1984	18.8944	2.25884	-0.111294	4
1986	17.7285	19.8163	0.347185	4
1995	19.8802	1.44479	-0.0259393	4
1997	19.3983	24.0083	0.0657265	4
1999	16.9208	7.13673	0.00710695	4
2000	17.5638	23.0576	0.339478	4
2002	15.5507	3.61244	0.320093	4
2003	19.2633	12.3651	0.569091	4
2006	18.3224	2.95251	-0.0222763	4
2007	17.1488	4.67915	1.31926	4
2008	16.3584	12.4245	1.05816	4
2012	19.6238	18.665	0.458358	4
2014	16.6064	2.05873	0.391977	4
2017	16.1707	3.43016	0.748237	4
2022	15.8403	24.357	0.58549	4
2026	18.6465	7.96633	-0.129675	4
2030	17.6527	8.13459	0.39252	4
2034	17.7687	19.0416	0.776847	4
2035	18.3524	23.2942	0.479515	4
2039	19.7608	8.02633	-0.00646141	4
2041	19.32	14.5983	0.30747	4
2045	17.6256	16.673	0.770212	4
2047	18.714	8.04099	1.46571	4
2055	15.3045	7.65853	0.672466	4
2056	19.4363	18.3464	0.844548	4
2058	19.5567	11.6297	0.272329	4
2060	18.6247	17.6054	0.240645	4
2072	18.965	2.76186	0.181503	4
2083	17.2254	17.042	0.788029	4
2085	19.2919	12.8936	-0.459668	4
2098	17.1876	17.8991	0.0174619	4
2099	15.9841	0.546815	-0.188045	4
2110	18.8182	12.5905	0.857482	4
2119	19.1226	8.42939	0.6563	4
2134	15.4025	8.27052	0.302587	4
2140	17.4168	11.7592	1.28001	4
2146	17.8023	23.0391	1.45008	4
2147	15.3303	18.5249	0.552339	4
2155	19.2425	6.11664	0.559895	4
2158	19.7527	10.9649	1.34767	4
2161	17.9279	0.229106	0.257796	4
2162	17.8879	15.8075	0.0444691	4
2167	19.3464	19.0532	1.08041	4
2168	19.7553	19.3568	0.384729	4
2170	17.8141	12.7563	1.70162	4
2182	19.5571	20.5152	0.14464	4
2191	18.3871	20.3016	0.33287	4
2202	18.4112	17.4203	-0.64838	4
2217	15.9306	16.2238	1.29532	4
2225	15.6568	3.2401	0.760311	4
2226	16.7316	14.5622	0.453055	4
2229	18.6984	14.9865	1.16893	4
2233	19.4037	8.64035	-0.333907	4
2235	17.73	23.6764	0.896187	4
2240	16.3162	10.8436	0.79587	4
2253	16.1088	10.5912	-0.111642	4
2259	16.0884	1.51161	0.354051	4
2260	17.4002	2.33517	0.821874	4
2263	15.0764	13.9906	0.886272	4
2270	16.0166	17.1922	-1.25729	4
2279	17.1763	10.7723	0.494034	4
2284	16.5756	18.3649	0.444213	4
2289	18.0918	5.05073	0.625538	4
2298	15.0073	24.8813	-0.214356	4
2303	19.3278	3.66181	1.04109	4
2304	18.8489	24.9228	0.273062	4
2308	17.7616	6.17026	1.94233	4
2309	15.0661	7.15253	1.24225	4
2310	17.2198	23.7047	0.272006	4
2313	16.7088	4.81801	-0.202518	4
2319	15.938	4.09949	0.653612	4
2320	15.4809	5.42392	0.0461385	4
2326	17.7749	7.86105	1.32611	4
2327	18.816	18.0158	1.52159	4
2329	15.9992	3.39443	0.351295	4
2330	17.6059	13.2411	0.762309	4
2335	15.8209	7.33253	-0.180778	4
2336	15.6023	15.0007	-0.280677	4
2342	15.2381	13.6693	2.22434	4
2343	17.3321	20.2332	0.166584	4
2357	15.2819	3.54232	-0.189221	4
2360	17.04	7.05948	1.29296	4
2368	18.7418	13.3274	0.240548	4
2369	17.9275	17.8274	-0.37764	4
2370	17.7776	19.9546	0.811125	4
2372	19.5564	10.8052	0.406564	4
2376	16.197	8.06388	0.107493	4
2383	15.6582	23.1232	1.36007	4
2392	19.4586	7.00549	-0.301285	4
2394	16.9265	4.51136	0.739379	4
2398	18.5445	19.1364	0.517103	4
2399	16.7652	7.71035	0.116693	4
2401	19.2086	0.292897	0.511613	4
2403	19.6407	7.99335	-0.0602563	4
2406	17.9054	12.7785	0.397095	4
2407	17.7941	13.8009	-0.267311	4
2408	17.6425	13.9923	0.903875	4
2412	15.2708	10.3231	1.33623	4
2413	16.6678	12.6469	0.799361	4
2417	15.8909	8.59094	-0.135101	4
2423	18.4595	2.65565	0.28156	4
2425	17.3623	15.5925	0.116982	4
2435	17.6358	9.22411	0.901841	4
2438	15.4491	6.84969	-0.180342	4
2443	18.0135	6.86865	0.722309	4
2454	18.1218	16.1745	0.385763	4
2457	15.0402	2.54291	0.558995	4
2458	16.3614	14.7329	0.0777345	4
2459	19.7705	10.4704	0.0887299	4
2460	18.4668	9.83481	0.568538	4
2461	19.9713	0.777771	-0.449072	4
2472	17.845	8.47146	0.625679	4
2477	18.2018	20.9819	0.702982	4
2481	18.4106	18.2402	0.152434	4
2482	18.0111	10.9184	0.769427	4
2490	17.4617	17.351	1.46135	4
2496	16.548	14.3279	-0.380029	4
2511	16.1329	3.9856	0.238542	4
2515	17.8877	21.6448	1.21546	4
2516	19.2949	20.4939	0.483312	4
2517	16.6048	2.64384	1.13861	4
2523	19.6635	9.82977	0.0901998	4
2532	19.1422	23.9826	-0.055932	4
2536	16.5207	4.06006	0.48675	4
2539	18.4904	4.96092	0.622188	4
2542	17.9577	7.32599	0.382	4
2543	17.1399	21.5392	-0.116863	4
2546	17.7001	5.61664	-0.28546	4
2549	16.9743	24.08	-0.806725	4
2551	17.2149	14.1681	-0.486094	4
2554	15.0738	15.7341	0.837482	4
2557	16.6732	12.0645	1.74724	4
2562	17.1243	23.0869	0.376271	4
2578	15.054	9.4738	1.27984	4
2582	18.5753	5.89447	0.119771	4
2586	16.7799	2.54895	1.25416	4
2591	15.8718	22.098	1.40288	4
2614	19.8607	24.5977	-0.178471	4
2615	16.9259	11.4031	0.326358	4
2619	15.83	8.65051	0.196862	4
2628	19.2639	2.63922	0.842452	4
2629	15.3836	2.15131	0.868397	4
2634	19.0687	15.0718	1.10925	4
2643	19.2832	19.8302	-0.344542	4
2653	16.9586	6.35286	-0.279064	4
2658	19.0589	23.9112	-0.113255	4
2659	16.6256	2.68559	0.563393	4
2662	17.0316	12.2169	-0.502226	4
2669	19.9314	5.36848	1.09361	4
2676	18.7756	14.4936	0.460854	4
2692	19.4031	2.35519	0.551611	4
2693	16.7002	3.32536	0.808742	4
2704	17.5883	11.6498	1.02674	4
2714	15.4098	10.7213	0.730899	4
2718	19.4552	19.5965	0.785887	4
2724	17.7985	20.8266	0.955631	4
2733	16.1085	20.2165	0.682353	4
2736	16.6011	22.1872	-0.801355	4
2749	15.316	18.1096	0.772277	4
2754	17.3287	5.09689	0.178468	4
2756	18.4375	1.6591	0.301408	4
2763	15.7452	16.3003	1.00913	4
2772	18.0078	21.3841	-0.122677	4
2779	16.0081	22.9132	-0.582897	4
2780	19.1916	6.20872	0.898001	4
2785	16.0948	6.47845	0.0502904	4
2788	15.0372	24.9072	0.275258	4
2790	16.0227	24.9073	0.594409	4
2795	15.1542	14.0448	0.967007	4
2805	16.5084	13.6392	1.41112	4
2813	17.3652	2.9259	0.0847529	4
2817	18.7408	6.87276	-0.224854	4
2819	19.3617	0.150424	-0.448791	4
2830	16.0562	23.4905	0.909478	4
2831	15.2169	17.7632	0.640563	4
2832	15.4077	18.4401	0.788502	4
2833	19.6886	9.05919	-0.29088	4
2835	15.8845	20.9242	1.33322	4
2836	18.9585	18.6213	0.41356	4
2845	19.4301	24.4544	0.565981	4
2854	16.9615	17.7721	0.693804	4
2855	16.8368	18.1549	0.021951	4
2858	15.053	24.6747	1.02988	4
2861	18.2313	22.372	0.910008	4
2862	18.787	23.4074	0.379003	4
2886	18.9718	7.4793	0.686157	4
2912	15.1399	17.9765	1.50071	4
2918	19.0178	9.74005	0.225337	4
2924	19.0302	5.12557	0.128232	4
2957	15.4203	23.969	0.745148	4
2971	19.2802	18.5211	0.134381	4
2974	16.7193	9.30222	0.189977	4
2976	15.5209	20.2734	0.543344	4
2994	16.8964	10.8673	-0.60963	4
3003	17.9895	18.0709	0.74854	4
3019	18.8712	23.6822	0.440502	4
3023	18.8459	9.78252	0.966207	4
3028	18.2893	23.9626	-0.461382	4
3031	15.7365	1.35264	0.893149	4
3041	15.9354	8.91562	-0.27321	4
3045	18.7974	22.5409	0.760754	4
3046	18.305	23.5732	-0.414171	4
3051	17.0649	24.9278	1.36914	4
3052	15.5754	3.85	0.433309	4
3054	18.3941	12.1607	-0.00610279	4
3059	19.0428	1.33917	1.96979	4
3062	19.4385	21.8057	1.13386	4
3066	19.951	9.49852	1.37641	4
3071	16.2596	9.93551	1.25618	4
3075	15.8574	20.0316	0.901687	4
3078	18.7889	10.661	-0.508199	4
3084	18.281	2.70141	1.15471	4
3086	16.5432	17.4869	-0.406427	4
3088	15.4061	17.7326	0.0934448	4
3098	17.1434	16.9526	1.37336	4
3107	18.514	24.252	0.514431	4
3108	17.8034	23.9542	0.975178	4
3113	15.866	13.5215	1.02716	4
3114	15.9667	2.8364	0.788403	4
3120	18.963	16.7826	-0.331848	4
3122	16.7698	20.5989	0.0658966	4
3127	18.7718	9.35249	-0.446171	4
3147	16.7899	16.1245	1.72113	4
3153	18.0	15.0992	-0.265125	4
3154	18.7876	13.3402	0.528676	4
3158	18.5815	11.7386	-0.34796	4
3167	18.4617	20.6056	-0.0318777	4
3168	15.8658	17.8572	0.394704	4
3170	16.9259	3.06265	0.52175	4
3174	17.4075	4.0339	0.0521976	4
3180	17.5247	21.6444	0.322106	4
3181	17.8712	12.3466	0.627322	4
3185	17.8454	4.5584	1.13634	4
3186	16.8046	21.1386	-0.0811401	4
3187	19.9761	18.1293	-0.273941	4
3208	17.6384	14.0919	-0.299465	4
3209	17.8062	21.658	0.907779	4
3210	16.6835	6.24987	1.28575	4
3213	17.375	19.8137	-0.0821237	4
3214	17.3126	7.11652	0.0124427	4
3216	17.6876	8.65582	0.678794	4
3217	17.8975	22.8615	0.0915255	4
3245	15.7833	8.21893	0.515482	4
3246	15.4372	8.10772	0.51504	4
3247	19.3608	11.7863	0.432035	4
3251	18.7924	15.5447	1.12507	4
3252	15.2578	4.2413	0.625087	4
3255	15.9614	17.8726	0.69091	4
3277	19.9383	4.90231	0.690267	4
3278	19.4056	8.62626	0.0287835	4
3285	18.3337	23.9858	0.638729	4
3286	18.1315	16.3641	-0.723066	4
3287	18.4796	24.9141	1.57477	4
3289	17.8784	11.8651	0.987012	4
3298	19.6097	24.3204	0.210087	4
3301	17.606	5.15828	-0.061974	4
3323	17.6004	12.3243	0.771802	4
3332	16.9454	16.7252	0.677908	4
3333	17.1271	12.3582	1.43397	4
3334	16.3474	1.22709	1.57464	4
3335	15.1801	18.4544	0.138497	4
3340	19.5701	20.541	0.622488	4
3341	19.5196	20.5925	1.32955	4
3342	19.6531	20.2785	0.137449	4
3358	19.1885	4.20166	1.26083	4
3361	18.3786	19.7345	0.837469	4
3371	15.1238	7.24375	1.19326	4
3374	16.5765	9.22306	0.698212	4
3379	19.0838	8.46929	-1.16233	4
3380	16.081	17.2165	0.374148	4
3384	18.5379	23.0142	1.39018	4
3395	15.8957	9.06909	0.256627	4
3406	16.1922	5.57979	0.23348	4
3409	15.0544	4.56179	0.976209	4
3413	16.3333	19.1772	0.479906	4
3415	18.2242	17.2746	0.288383	4
3422	19.3366	3.21771	-0.100508	4
3426	15.6977	17.0276	1.08693	4
3427	15.6361	17.1677	0.372956	4
3428	18.4496	16.2652	0.454317	4
3429	19.0954	16.876	0.842126	4
3436	16.817	18.8599	-0.590986	4
3444	15.6692	20.2556	0.228137	4
3446	17.9605	11.6765	0.739874	4
3452	15.055	0.0765332	0.759983	4
3456	17.6767	23.3905	1.22477	4
3458	18.1923	5.63651	0.615804	4
3460	16.1295	24.1065	0.933873	4
3461	15.7904	23.6087	0.500463	4
3465	15.7305	14.4826	0.534561	4
3466	15.7906	16.488	1.09739	4
3470	16.1793	14.2183	0.970656	4
3474	17.9987	22.5227	0.190322	4
3485	17.5068	19.3516	0.493703	4
3486	19.2355	2.19156	0.0315688	4
3488	17.8307	13.0655	0.363047	4
3496	18.3409	18.1772	0.798523	4
3499	16.4601	24.9862	0.179158	4
3502	15.3033	13.6687	0.142433	4
3504	17.3926	16.9869	0.460926	4
3509	19.0131	14.6268	0.506903	4
3511	17.271	11.0719	1.33816	4
3518	18.666	11.354	0.366536	4
3519	18.3368	11.5552	-0.742006	4
3523	15.7466	7.15906	0.103753	4
3532	18.2385	5.40819	0.661531	4
3537	16.1112	16.8404	0.250836	4
3538	16.0734	16.822	0.669643	4
3540	18.9487	11.2621	0.583965	4
3557	19.9645	10.1306	0.580098	4
3561	15.3313	13.6895	0.158854	4
3562	19.0371	0.66628	-0.0476418	4
3571	19.0711	7.31178	0.767843	4
3579	18.1316	24.7387	1.18169	4
3580	18.0158	18.1215	-0.344532	4
3592	16.7621	20.5168	0.213448	4
3596	18.4056	2.8297	-0.161343	4
3605	19.7872	8.5562	0.267745	4
3606	16.091	9.99084	0.0944668	4
3613	17.1977	23.3227	0.653349	4
3619	16.5559	2.79352	-0.0397451	4
3628	19.2606	10.9114	1.10291	4
3634	19.1912	24.5151	0.784636	4
3635	17.0944	17.5825	0.50621	4
3641	19.3554	3.27041	0.880709	4
3646	19.1284	8.52281	0.422559	4
3647	16.4564	1.70621	1.16354	4
3648	15.1408	23.0085	-0.285343	4
3654	16.4486	18.7954	0.184047	4
3666	18.3845	7.8424	-0.438631	4
3667	18.6356	7.93042	0.566957	4
3670	16.8495	10.9926	1.33522	4
3678	19.2236	19.3717	0.256262	4
3684	15.1654	23.1405	0.309098	4
3685	16.4971	12.7478	0.266157	4
3687	17.8126	23.6186	0.656509	4
3697	18.5157	2.74739	0.0258511	4
3704	17.2188	22.6233	-0.253861	4
3705	16.9332	21.9967	1.89771	4
3711	15.8938	8.72627	0.434286	4
3713	18.0459	23.8916	0.472112	4
3714	15.1052	11.3125	-0.185432	4
3719	18.8141	14.2323	0.458174	4
3727	15.6719	22.6486	0.0833068	4
3728	17.6405	16.4241	0.558718	4
3737	18.906	0.943208	1.24986	4
3741	17.6056	18.6365	0.402132	4
3747	16.7019	4.82469	-0.704791	4
3749	19.0331	8.07458	0.279324	4
3751	19.9652	14.7445	0.309766	4
3758	18.9027	2.40132	0.665169	4
3759	19.9228	13.3361	-0.285408	4
3763	16.4693	8.4918	1.12421	4
3764	15.5045	20.5985	1.2396	4
3768	19.2758	15.6093	0.0422884	4
3781	19.5634	12.5778	1.63682	4
3787	16.7788	11.0536	-0.820626	4
3796	19.438	17.3961	-0.611703	4
3811	16.8784	21.5169	1.7374	4
3816	18.7444	14.6173	-1.0317	4
3817	17.5402	21.5135	0.112492	4
3821	19.979	7.90159	-1.48802	4
3822	19.0884	5.04958	-0.652821	4
3827	18.5533	2.83408	0.651004	4
3840	17.6361	0.100175	0.956781	4
3851	16.267	22.5574	-0.716243	4
3857	18.7376	22.368	0.50091	4
3859	19.181	3.02754	1.01282	4
3868	15.9617	7.02084	0.0906679	4
3873	19.2136	22.961	-0.0434199	4
3874	15.3907	6.78951	-0.216942	4
3881	16.8263	5.35569	0.535121	4
3882	19.1151	6.5205	0.896433	4
3888	18.1365	11.7942	0.0930585	4
3889	15.5847	18.2525	1.03194	4
3896	15.0084	10.3033	1.20606	4
3899	18.5193	23.8624	0.722764	4
3909	15.5174	7.51661	-0.058778	4
3910	19.9005	18.8475	0.557649	4
3913	17.7036	21.4389	0.0991098	4
3917	15.0368	17.9174	-0.563199	4
3922	17.0162	20.2652	0.313758	4
3929	17.4827	21.528	1.11278	4
3933	18.3596	11.9197	-0.464438	4
3939	15.8123	2.21572	1.64767	4
3940	15.9586	1.96493	0.454784	4
3941	16.1426	13.5754	0.807526	4
3943	15.9391	0.234551	1.09757	4
3950	16.3907	14.578	1.00407	4
3955	18.1202	2.43727	0.418774	4
3958	18.1172	3.31715	0.353015	4
3961	17.0718	24.9904	0.525198	4
3964	16.7461	8.59467	0.205337	4
3965	16.1058	8.02541	-0.152853	4
3966	18.6027	15.0941	0.898437	4
3967	17.7259	15.0473	0.513654	4
3968	17.3569	15.1391	1.21698	4
3970	19.2487	10.8141	0.598177	4
3975	15.3674	18.323	0.526569	4
3978	16.4069	18.8889	0.313627	4
3986	16.0353	9.7144	0.498389	4
3990	16.953	13.3208	0.464947	4
3992	16.7646	3.54097	0.442321	4
4002	17.6616	22.6029	0.683316	4
19	22.5332	18.3962	0.103743	5
20	24.0435	16.5488	0.308997	5
26	20.094	9.86628	-0.367273	5
27	22.2882	14.7147	-0.474808	5
28	21.6316	5.1162	0.712534	5
29	22.9422	14.7332	1.27001	5
34	21.752	10.6679	-0.252573	5
39	21.5685	17.3976	0.809828	5
42	24.1593	22.7752	-0.372266	5
51	20.206	14.1311	2.01045	5
52	24.1197	2.42908	0.354253	5
53	23.9553	10.7434	0.562463	5
56	23.1309	15.4095	0.387882	5
71	22.3469	14.128	0.833383	5
74	24.2528	14.4542	-0.246123	5
76	21.8346	2.04404	0.910808	5
79	24.0101	12.6205	0.132342	5
80	22.2173	14.328	0.963317	5
92	22.6436	15.4444	0.661665	5
100	20.2098	4.19693	-0.232333	5
110	24.225	4.04938	0.754309	5
111	20.9456	13.3073	-0.390637	5
118	20.8828	20.3234	0.365096	5
119	22.0276	5.60819	0.629443	5
120	20.5986	9.91674	-0.954869	5
126	23.5603	4.96643	-0.623772	5
127	21.9879	2.14672	-0.000774619	5
129	20.6567	24.4216	0.879902	5
133	21.9775	11.3401	1.8338	5
141	24.202	14.5949	0.0300326	5
147	23.8669	7.52214	0.513807	5
166	20.3748	18.1189	0.403	5
171	21.6436	22.175	1.32342	5
182	24.2746	9.70708	1.76826	5
183	24.7986	24.651	0.971892	5
186	24.3548	22.8561	0.562527	5
199	23.7774	13.946	0.738855	5
207	22.9887	9.54652	1.34575	5
208	22.5179	10.9457	0.18472	5
231	23.3361	23.1265	0.883037	5
233	23.7213	5.90628	0.314041	5
234	22.9571	6.36584	-0.0754329	5
238	23.1405	6.97184	0.535506	5
241	23.2639	24.8001	0.79606	5
249	23.0274	12.7721	0.369029	5
250	22.3634	5.47392	0.54842	5
257	24.8634	2.63063	0.755615	5
258	24.0079	0.311599	1.37619	5
282	24.4144	18.3337	0.137281	5
286	20.6032	19.4879	0.580161	5
288	20.1006	12.0829	0.769064	5
297	20.547	21.4129	0.179157	5
300	24.2979	4.46202	0.732074	5
301	20.9621	4.37088	0.678839	5
302	21.1344	20.6888	0.774864	5
304	24.1959	0.37328	-0.000249662	5
306	23.664	2.26219	0.411813	5
308	24.536	21.5756	0.0805362	5
309	24.0943	20.5277	0.612395	5
310	22.2713	7.9788	0.88048	5
323	21.2785	24.6359	0.511109	5
330	21.4419	5.42073	1.20037	5
334	20.8497	22.4109	1.24319	5
342	20.4088	1.39691	0.57986	5
345	20.5461	18.5556	0.919453	5
348	22.7636	12.1639	0.170096	5
351	24.9956	19.0821	-0.0412176	5
357	21.3971	13.6458	0.602456	5
373	24.7702	17.7388	1.25497	5
375	23.6338	4.85706	0.0970154	5
378	22.3091	7.03721	0.810229	5
397	22.5785	11.6949	-0.333681	5
404	22.7094	22.2028	0.226178	5
411	22.9028	17.8537	0.735734	5
417	20.8964	8.93528	0.664842	5
421	20.4104	15.0198	-0.694155	5
430	23.6334	18.9252	0.0976454	5
443	24.489	2.22137	0.265303	5
457	23.0586	10.0686	0.163366	5
458	20.4284	2.50731	0.408968	5
459	22.4282	8.88082	0.379381	5
461	22.1859	16.9062	0.607892	5
466	21.4594	11.2637	-0.348337	5
467	20.1713	18.9927	0.121122	5
479	24.4939	22.4178	0.346217	5
481	22.8983	20.3193	-0.34638	5
487	20.6067	4.85081	1.25966	5
492	21.4256	11.973	-0.294956	5
499	22.6151	15.2943	-0.123346	5
500	24.5478	9.54303	0.890246	5
501	24.2084	15.2943	0.170688	5
504	24.7004	8.08979	0.838444	5
506	21.2411	4.11259	0.665749	5
514	20.3468	7.27127	1.0321	5
516	23.4274	22.6494	0.897828	5
524	21.3289	11.6244	-0.184765	5
527	24.2326	23.7148	0.474269	5
535	21.7063	16.3704	0.359621	5
546	22.3849	22.0394	0.795579	5
554	21.4106	9.71612	1.21935	5
561	22.0473	2.62397	0.465297	5
566	21.1381	19.7768	-0.686362	5
568	20.8572	0.36933	0.409651	5
571	23.1546	4.13074	0.30887	5
589	20.1846	1.24589	-0.154923	5
609	23.933	0.800984	0.497451	5
611	21.4727	12.4551	-0.041913	5
614	22.8913	22.6293	0.0576969	5
615	24.1252	10.7945	0.540466	5
620	20.8761	10.5809	1.17624	5
623	24.3708	4.61107	0.356709	5
631	22.2554	4.32119	-0.882567	5
636	20.8492	3.70292	1.29477	5
641	23.2704	18.8086	0.976799	5
645	20.5609	20.6283	0.463468	5
649	20.0776	6.48735	1.89776	5
654	22.0325	17.3504	-0.658385	5
657	20.1995	21.949	1.04265	5
660	22.5209	20.6526	0.397436	5
665	22.348	0.628748	0.125542	5
678	20.7681	19.4529	0.524482	5
682	23.0633	6.53072	0.265206	5
685	20.7246	17.1901	0.483595	5
691	24.1879	19.7763	0.336304	5
696	21.75	10.2083	0.426695	5
718	20.4528	18.007	0.860291	5
721	21.6254	0.446559	1.18762	5
726	23.2115	13.6936	0.524073	5
727	23.663	22.9426	0.786384	5
732	23.701	8.3507	0.969422	5
741	20.718	22.0769	0.020442	5
744	21.7206	0.706412	1.19057	5
748	21.029	24.0877	0.553396	5
758	20.9432	2.43481	0.616307	5
766	21.5271	18.7496	1.11026	5
770	20.2547	15.0289	0.355738	5
781	22.5052	8.96034	0.391413	5
785	20.4474	1.76659	0.0682411	5
790	22.5844	11.7516	0.211103	5
792	24.6749	24.7379	0.427493	5
793	23.8614	8.42632	0.030972	5
794	23.2079	2.17961	0.413385	5
798	22.608	17.0396	0.393023	5
799	21.4481	15.0494	1.02034	5
802	21.2464	6.74342	0.310838	5
804	22.6899	17.208	0.388322	5
808	23.145	18.7774	0.591386	5
816	24.8672	2.00877	-0.234666	5
820	24.2883	0.284936	-0.106361	5
836	20.4039	17.8692	0.256934	5
837	21.7009	12.5101	0.343052	5
847	20.5289	1.00652	-0.577446	5
851	21.3008	0.67787	-0.65435	5
854	24.6553	18.2405	1.71324	5
857	20.3441	20.7602	1.62162	5
866	22.3585	19.7018	-0.0522301	5
871	20.6561	3.32171	0.292769	5
872	20.894	2.86159	0.596442	5
874	24.1103	24.4409	0.850377	5
879	22.8172	4.93863	0.225972	5
880	21.0945	7.71378	0.921719	5
882	20.2971	0.00711581	0.500668	5
884	22.2688	13.4568	0.873772	5
885	23.0476	19.5078	0.375165	5
886	22.6359	0.235599	0.065851	5
887	24.13	1.24077	0.851799	5
892	23.9429	1.33186	0.921491	5
895	22.5637	20.6842	0.40785	5
896	24.6777	12.9009	1.00624	5
901	21.0306	13.2983	0.963394	5
907	20.5699	19.8037	0.995996	5
923	21.3104	6.30323	-0.282429	5
925	21.0341	19.4702	1.48847	5
932	22.3741	19.1771	0.386301	5
934	24.9036	5.8028	0.593433	5
935	23.0418	16.095	-0.129855	5
937	23.1482	2.17949	0.810402	5
948	23.7272	24.0341	1.38921	5
968	23.1136	3.84301	0.0177568	5
971	22.3444	8.7825	-0.304429	5
975	24.6634	17.0466	0.827132	5
981	23.3711	13.9274	0.867413	5
990	22.3716	4.88858	0.240452	5
1002	22.7752	16.0425	0.810814	5
1006	22.2019	13.1909	0.475383	5
1008	23.1813	13.0857	0.377702	5
1011	20.7991	17.4818	0.329339	5
1013	20.7753	11.7514	0.282139	5
1026	23.3194	14.489	-0.275167	5
1027	20.4233	6.11895	0.688178	5
1038	22.9351	24.1185	-0.42882	5
1039	22.8456	0.329557	0.387567	5
1046	23.676	19.8912	1.23698	5
1048	20.4521	13.9352	0.686879	5
1049	24.3463	3.5313	0.599457	5
1053	23.6307	23.3548	0.0675816	5
1058	21.6661	6.51176	1.02697	5
1060	21.9857	11.2421	-0.383533	5
1063	21.5249	4.19824	2.23491	5
1067	23.4262	0.323145	0.980757	5
1068	24.0007	2.12032	0.739079	5
1073	20.7361	5.08514	1.13623	5
1076	24.6082	1.83668	0.385006	5
1087	24.3597	11.3476	-0.0122807	5
1094	21.7579	12.2645	1.1442	5
1101	22.7726	10.094	0.158927	5
1103	22.7567	13.704	0.27744	5
1104	20.0056	5.04041	0.0618481	5
1106	20.3166	7.32726	0.409243	5
1111	21.9543	6.76734	0.809216	5
1113	24.3868	13.8953	0.914413	5
1122	22.4	7.57066	1.44229	5
1135	23.3472	22.9149	0.276899	5
1137	22.8773	11.0665	1.35571	5
1138	23.3629	18.92	0.314105	5
1139	23.8164	12.4078	1.32744	5
1141	23.2042	21.4506	-0.580465	5
1145	21.1843	4.25237	1.11437	5
1146	21.2776	23.8476	0.279862	5
1150	20.1368	21.2826	0.429156	5
1152	22.0269	19.3159	0.415929	5
1155	22.6252	19.8302	0.759443	5
1170	22.1087	17.8633	0.238092	5
1177	24.526	23.1509	1.05346	5
1184	24.9618	17.6465	1.56625	5
1206	24.8181	1.18803	-0.109971	5
1209	21.855	20.5292	1.53302	5
1214	22.7472	12.4133	-0.175786	5
1215	23.7354	6.89657	-0.748839	5
1219	21.1378	23.603	0.505631	5
1224	20.5137	24.8579	0.323826	5
1228	22.8206	0.710137	-0.154423	5
1237	24.2664	16.0435	0.0470293	5
1239	20.6693	15.517	0.70559	5
1242	21.2673	22.7107	1.26847	5
1244	23.9475	16.0155	0.149334	5
1246	22.1656	24.6639	-0.0294089	5
1247	22.5291	24.3753	1.94806	5
1250	23.9815	17.836	1.45402	5
1252	24.9021	18.4183	-0.592382	5
1258	20.2789	22.4065	0.335546	5
1259	21.9512	5.68826	0.0372893	5
1266	22.2817	3.34661	0.894902	5
1282	20.2869	19.0522	0.400946	5
1289	20.703	7.70912	0.391411	5
1295	22.3318	16.5561	0.836119	5
1300	20.2479	2.59899	0.640628	5
1312	24.1708	22.3651	0.825705	5
1321	23.2688	2.77924	0.248394	5
1328	23.3676	12.1089	0.779098	5
1332	20.6048	20.8253	0.116953	5
1341	24.9421	5.36524	-0.332468	5
1344	23.8519	14.6225	0.697027	5
1349	23.5516	21.8219	0.0192136	5
1352	23.6196	5.14584	0.332857	5
1358	23.6383	9.12702	0.781341	5
1359	22.1145	3.20141	-0.214107	5
1366	21.3505	15.3633	0.391738	5
1370	24.1832	14.3554	0.892547	5
1377	21.4386	16.5717	0.894325	5
1381	20.312	7.23973	0.878303	5
1382	22.2809	20.945	0.365455	5
1387	24.0681	9.23259	1.15697	5
1389	22.3987	2.00818	0.829226	5
1403	21.3375	23.454	0.145953	5
1407	21.5466	19.0577	-0.447979	5
1416	24.4666	11.3918	-0.0399635	5
1421	20.9959	21.5033	-0.166924	5
1439	20.9153	12.315	-0.226749	5
1440	21.7686	18.3052	0.193114	5
1446	22.9987	0.0846551	-0.234543	5
1447	22.8205	0.719312	0.515363	5
1450	23.9823	6.30659	-0.0536559	5
1451	21.7129	21.9897	0.437522	5
1452	22.4252	19.8052	1.08219	5
1453	20.4099	24.2822	1.45409	5
1467	22.8769	16.3935	-0.259912	5
1472	22.8565	9.46549	0.381683	5
1475	21.8035	4.05671	0.690733	5
1477	20.1601	2.12318	1.01044	5
1492	24.2678	17.1947	0.692663	5
1493	24.8867	17.3958	0.447945	5
1494	20.1449	21.4452	0.696906	5
1497	21.8073	19.7338	0.464828	5
1499	21.3444	1.91366	-0.195152	5
1501	21.2204	20.8387	0.0981404	5
1502	24.7568	8.38427	0.323484	5
1507	21.6093	18.9837	1.07806	5
1508	21.589	18.7186	1.67091	5
1516	24.9745	11.0866	0.936193	5
1519	21.9451	24.8517	0.0383558	5
1521	22.6404	20.0773	0.352392	5
1526	24.4303	3.27081	0.0936051	5
1534	24.6401	8.29615	0.446538	5
1536	23.0024	21.5386	0.211435	5
1540	21.2034	2.63666	0.930163	5
1541	22.6163	14.0593	0.609178	5
1543	21.5515	7.88591	0.880528	5
1550	22.498	24.2224	0.0474564	5
1551	20.1581	17.5131	1.25066	5
1552	24.3127	9.6708	-0.378178	5
1554	21.581	13.7568	0.179356	5
1556	24.1505	16.8467	1.04835	5
1564	21.4462	1.21542	0.465467	5
1570	23.1211	24.1494	-0.117301	5
1572	24.8221	11.3365	0.735294	5
1573	22.4247	4.40461	0.916741	5
1584	23.6216	7.74327	-0.281622	5
1586	21.8984	4.47096	0.723359	5
1591	22.4849	20.3431	1.23585	5
1593	20.2333	13.0715	-0.775423	5
1597	21.9029	16.7851	0.255666	5
1600	23.1701	2.75288	0.882032	5
1606	21.3523	8.62082	1.59658	5
1613	21.2327	10.9307	0.546536	5
1621	23.6232	21.1381	0.354505	5
1622	23.449	24.0374	0.25795	5
1636	20.71	24.3415	-0.527261	5
1647	23.8077	22.1684	1.22714	5
1648	21.9002	12.4665	0.53102	5
1650	21.4623	18.4041	0.657028	5
1661	22.3858	20.9257	0.20884	5
1677	24.1263	24.9817	0.0550413	5
1682	21.0701	24.0616	0.483847	5
1683	20.6101	23.9942	-0.00811161	5
1685	21.519	4.22515	1.03683	5
1693	23.7435	22.9445	-0.261463	5
1694	22.6791	22.2352	0.898068	5
1700	21.649	17.684	0.873863	5
1701	24.9328	15.3319	1.96904	5
1706	20.7584	13.8481	0.0520326	5
1707	22.3962	22.3001	0.452776	5
1712	22.734	13.5844	0.50431	5
1731	20.2418	2.13018	-0.290788	5
1735	20.5767	12.2924	-0.476392	5
1742	22.5654	7.70583	-0.543249	5
1748	21.9054	23.4403	0.195562	5
1750	22.0558	15.2135	0.975454	5
1751	22.9677	11.9463	0.751524	5
1753	22.0286	15.0657	0.85003	5
1757	21.4596	23.1831	1.21073	5
1758	21.3636	22.5315	1.12576	5
1761	22.2495	14.2471	-0.423483	5
1766	21.2527	8.2213	0.736222	5
1767	20.5589	8.39754	0.193338	5
1769	24.2525	7.18684	1.0811	5
1770	21.6928	7.11985	0.503694	5
1775	22.333	21.8505	0.366557	5
1779	24.6066	3.38157	0.144757	5
1782	21.6471	0.413	0.418701	5
1784	21.278	23.743	0.712812	5
1796	22.2851	0.923112	0.0227892	5
1797	23.1882	18.3822	0.76312	5
1799	24.1197	19.407	-0.321596	5
1810	20.1945	4.78287	0.0895261	5
1820	20.0805	1.7156	0.571281	5
1826	22.1607	6.1906	1.27521	5
1829	23.3928	13.4016	1.48351	5
1835	24.3979	7.26216	0.592414	5
1839	22.7117	11.1704	0.659279	5
1840	24.6444	18.8833	0.332893	5
1847	20.619	19.7173	0.398666	5
1848	23.9078	16.5958	0.237185	5
1849	21.2329	3.88664	1.68657	5
1854	21.1757	7.0437	0.426679	5
1858	21.2727	19.2158	0.6663	5
1861	23.6521	9.50677	0.938726	5
1867	23.1878	1.87628	0.351592	5
1869	22.267	9.39641	0.163349	5
1870	21.1379	10.0611	0.269416	5
1874	24.0465	12.7927	0.443415	5
1876	23.7647	17.8933	-0.094965	5
1886	23.5521	8.22563	1.37908	5
1893	22.9255	19.2584	0.724312	5
1896	21.6286	21.3352	-0.0752461	5
1897	21.357	21.2757	-0.584862	5
1900	20.154	22.2669	0.87174	5
1903	20.0914	22.6546	0.343498	5
1915	23.6457	16.4243	0.895638	5
1916	24.6871	5.42831	1.11495	5
1918	23.1596	8.00311	0.172449	5
1924	22.8638	10.8049	0.397231	5
1925	23.076	14.6602	0.96867	5
1932	20.0996	12.5135	-0.189581	5
1933	21.1969	7.68739	0.819504	5
1944	21.9817	6.80894	0.790934	5
1950	23.0127	1.0086	0.501007	5
1962	23.4169	13.4118	0.9555	5
1963	23.6452	22.5647	0.614548	5
1971	23.2	8.83497	0.218731	5
1972	20.7198	6.62277	0.159656	5
1975	24.0904	7.56915	0.0228812	5
1978	24.7229	21.6598	1.47156	5
1985	22.8779	24.2305	-0.24132	5
1991	22.3306	6.99597	0.232718	5
1996	20.5156	9.89398	-0.165416	5
2009	23.3668	5.54331	0.333106	5
2015	24.1017	7.72474	0.965854	5
2018	21.7266	6.90032	0.925626	5
2023	23.9054	21.984	0.942524	5
2028	22.2238	20.5352	0.891325	5
2031	24.9558	21.0644	0.433149	5
2033	20.2586	21.7611	0.702231	5
2038	24.3566	15.9659	1.20996	5
2051	24.5301	11.8308	0.309945	5
2064	20.6374	21.9013	0.240232	5
2066	21.6482	15.4588	0.229187	5
2071	21.4659	14.8198	0.469125	5
2074	24.2742	7.32303	1.13391	5
2077	23.303	19.2646	0.793865	5
2080	20.3431	18.7751	0.423732	5
2086	22.4007	20.2688	0.352534	5
2089	20.8307	14.1348	1.24616	5
2103	24.7163	23.5322	0.528994	5
2104	24.3574	10.7953	0.870152	5
2111	22.8218	8.63765	0.348134	5
2114	20.2765	1.10279	0.660822	5
2115	20.2399	19.8626	0.139864	5
2116	24.3177	7.76786	0.802986	5
2124	21.9136	9.25766	0.978149	5
2125	24.1273	20.5564	0.219096	5
2126	22.6584	16.6199	1.44535	5
2133	21.7614	10.9788	0.706059	5
2136	21.2824	12.0039	0.865003	5
2138	21.2268	6.1015	0.478388	5
2142	22.7549	17.0346	0.902383	5
2143	20.8845	17.0274	1.3436	5
2156	21.5911	9.80231	1.34588	5
2159	20.1227	20.7976	0.301361	5
2164	23.8707	2.43561	-0.0238041	5
2172	22.0517	9.88505	0.283894	5
2176	24.7126	4.6564	0.39233	5
2184	24.1591	23.335	0.233843	5
2185	24.2358	23.4051	0.160654	5
2194	22.7269	13.5302	0.580217	5
2195	22.9653	12.1788	0.916484	5
2197	20.0353	11.5171	1.42017	5
2200	23.9523	17.2782	0.167391	5
2204	21.3045	19.6013	1.05509	5
2205	22.3926	14.8089	0.473693	5
2206	23.4006	8.93086	-0.579332	5
2212	23.3482	6.13881	0.370739	5
2220	22.5466	3.64736	1.28792	5
2236	21.2675	1.80868	0.748911	5
2237	21.0307	1.67267	-0.45188	5
2238	22.7748	3.29197	0.160788	5
2245	24.9479	10.6419	1.35487	5
2246	24.7098	10.5861	0.683901	5
2250	20.3468	13.3455	0.75068	5
2252	20.706	21.6408	-0.415125	5
2255	22.6401	23.7736	0.825586	5
2262	20.9907	15.835	0.741471	5
2266	22.115	7.02952	1.23923	5
2267	22.6323	2.54906	1.20562	5
2271	21.7437	18.2901	1.13134	5
2272	21.7017	7.32563	0.182658	5
2275	21.7928	11.1827	0.749512	5
2286	23.4418	6.66647	0.405861	5
2290	20.9256	21.806	0.996785	5
2291	24.2396	4.1794	1.05389	5
2302	20.1039	12.9726	0.382406	5
2312	24.9645	21.2903	0.630497	5
2324	24.1091	6.74006	0.453266	5
2325	24.3719	6.94588	1.4557	5
2337	22.6296	20.5697	1.2846	5
2338	20.2046	2.60062	0.0357932	5
2348	20.9271	5.84715	0.356865	5
2351	20.7398	1.26958	1.69644	5
2352	20.4626	0.689382	1.17161	5
2356	21.8882	10.9919	-0.466384	5
2359	23.8078	13.1937	0.93302	5
2366	24.4415	18.5531	0.700595	5
2367	23.0238	9.00106	0.416554	5
2375	24.464	9.91297	1.55516	5
2381	20.7711	3.0731	0.379419	5
2384	21.9653	7.99566	-0.712487	5
2386	24.8258	15.3456	-0.139908	5
2409	23.5367	21.8663	0.773427	5
2422	22.3972	12.2309	0.217893	5
2426	23.0174	11.5044	0.51809	5
2428	22.0	12.884	1.72527	5
2429	24.205	20.2451	0.0160734	5
2430	24.2224	19.7348	0.832454	5
2434	20.1505	10.4117	0.456036	5
2442	22.4371	17.4239	0.442643	5
2446	23.2478	16.0415	0.921145	5
2453	21.7504	23.7197	0.210916	5
2455	23.6854	10.9689	-0.603169	5
2463	23.8806	12.5505	1.26872	5
2469	22.6441	18.5651	0.109034	5
2475	20.8037	14.9946	1.46172	5
2487	24.829	18.6051	0.969562	5
2494	22.3619	22.6757	0.679517	5
2498	24.744	20.9519	0.581079	5
2499	24.317	14.6974	1.43371	5
2502	22.5254	16.5237	0.527659	5
2503	23.1928	3.91781	1.16262	5
2504	22.4333	4.23849	1.38572	5
2505	21.7658	12.4406	0.712268	5
2510	21.0621	19.4478	-0.559187	5
2512	24.1318	19.6534	0.748167	5
2518	20.9966	23.0039	-0.540584	5
2527	21.8724	18.5558	0.592555	5
2541	24.2794	5.18796	0.952288	5
2547	23.1209	19.9652	0.322658	5
2552	20.5448	3.71855	0.30757	5
2555	20.9591	7.83918	0.111776	5
2556	22.4219	5.40271	1.60753	5
2558	23.0695	0.668706	0.217044	5
2561	24.821	19.3908	-0.0186531	5
2567	21.2346	17.1146	0.631904	5
2569	24.4912	13.8597	0.301841	5
2574	21.7376	4.12069	0.661084	5
2580	24.4099	22.922	0.032861	5
2590	20.4173	17.071	0.766771	5
2592	22.6098	11.3887	0.170436	5
2595	24.9353	2.7506	0.887501	5
2599	22.1765	18.4635	0.632914	5
2600	23.669	3.51115	0.913796	5
2601	22.8514	10.2191	0.830284	5
2602	24.1	13.4514	0.892541	5
2608	22.6397	23.1368	1.06871	5
2609	23.2567	1.3675	-0.441423	5
2613	20.5737	24.5952	-0.182933	5
2630	23.591	11.6884	-0.111683	5
2631	23.9642	7.63652	0.66535	5
2632	23.2983	21.9297	-0.812859	5
2648	20.061	18.2264	1.13351	5
2652	20.2313	15.6263	0.138985	5
2655	22.9813	17.5767	1.3417	5
2657	20.5721	17.9354	0.0018772	5
2679	22.4537	8.58284	0.243075	5
2683	20.0558	5.06845	0.192773	5
2688	22.9605	2.09078	0.185835	5
2698	20.5933	4.91967	-0.202126	5
2700	21.6867	10.3412	-0.0392274	5
2702	23.005	12.5027	0.519677	5
2703	21.884	13.0085	-0.33669	5
2722	24.4676	19.5884	-0.851927	5
2723	22.5859	18.9193	0.01132	5
2727	22.6991	1.20363	0.0412989	5
2729	24.1949	15.1465	0.251355	5
2730	23.5231	15.1437	0.633143	5
2731	24.2896	23.7044	-0.194114	5
2735	21.195	10.4539	0.228157	5
2746	20.1431	10.596	1.361	5
2747	20.362	10.3211	0.937883	5
2751	20.4396	11.5428	0.159312	5
2755	24.6385	10.1978	-0.0313674	5
2757	22.2664	13.4768	0.69902	5
2759	24.0077	18.8498	0.366367	5
2766	21.7738	5.39352	0.87535	5
2773	22.8056	9.73491	-0.301907	5
2776	22.8086	15.7014	-0.134829	5
2777	22.7325	15.6048	0.265397	5
2789	20.708	1.00912	0.721125	5
2797	23.9104	21.7428	0.601728	5
2800	22.0144	12.3741	-1.00806	5
2803	23.3521	6.516	1.15026	5
2810	23.0532	14.604	0.0898051	5
2821	23.3766	14.428	0.517559	5
2843	22.0717	19.0867	-0.313612	5
2847	24.0519	9.12643	1.61596	5
2848	22.4719	7.08533	-0.601155	5
2851	23.6753	0.177018	1.49988	5
2853	22.1979	21.0953	1.20939	5
2863	22.2455	0.914114	0.523563	5
2865	22.4111	12.7554	0.422782	5
2870	21.8617	8.58256	1.16852	5
2874	21.0678	14.0392	1.48694	5
2877	20.7282	4.08019	1.12781	5
2879	24.6552	20.1803	-0.0467789	5
2880	21.9275	16.1025	1.09908	5
2882	24.5676	22.6194	-0.720745	5
2888	23.4681	4.46069	1.20901	5
2891	21.843	15.6692	-0.241496	5
2895	23.867	19.8353	0.249844	5
2901	20.8599	4.78278	0.680288	5
2903	22.4666	18.1775	0.598553	5
2905	21.3995	5.82156	0.30913	5
2907	24.4095	3.22253	0.151	5
2911	21.9021	13.6414	1.01155	5
2913	21.1782	20.9688	0.0710998	5
2917	24.8106	10.2236	-0.265354	5
2920	23.9872	22.4755	0.509284	5
2921	24.0459	8.71537	0.0378412	5
2925	24.4486	9.66018	0.83075	5
2926	23.7497	9.24503	-0.139555	5
2934	20.315	7.95395	1.13142	5
2935	22.3323	2.26736	0.428536	5
2936	20.5113	20.1786	0.296903	5
2938	24.9049	22.7197	-0.0274946	5
2941	22.3605	14.5433	0.277463	5
2943	23.2361	2.33274	0.541753	5
2946	23.5042	4.59603	0.234228	5
2947	21.2985	8.81553	1.42222	5
2948	22.5383	0.702082	0.220806	5
2949	22.6814	11.3869	1.14219	5
2950	22.3376	11.8042	0.765349	5
2951	21.6352	11.5517	-0.228114	5
2952	21.0519	13.5982	1.12068	5
2953	20.1904	22.9887	0.574406	5
2955	22.4463	13.5271	0.504529	5
2960	20.1507	9.69317	0.432935	5
2961	24.1104	1.08838	0.870958	5
2964	20.658	18.1786	0.427062	5
2965	21.8595	3.09146	0.950741	5
2966	24.5637	3.24281	0.205023	5
2969	20.0267	23.9689	0.641566	5
2970	23.0956	13.6022	-0.636182	5
2973	22.3294	18.8998	1.10525	5
2978	21.745	3.29661	0.139984	5
2980	24.6924	2.05401	-0.42654	5
2996	24.0899	19.2342	0.383875	5
2997	21.9388	21.9998	0.394833	5
3007	20.3413	2.09326	0.565416	5
3011	22.5239	14.0602	0.376615	5
3016	23.4287	18.1257	-0.211082	5
3018	23.2674	1.8712	0.197487	5
3022	20.0433	9.36795	0.895383	5
3029	21.0425	20.1118	0.57522	5
3035	22.0973	19.4426	0.353383	5
3036	20.4897	17.4467	0.00868478	5
3037	20.0392	16.8263	0.542817	5
3038	20.5476	2.49787	1.03038	5
3039	20.7354	14.702	0.70014	5
3043	24.8462	20.8095	1.15408	5
3053	23.0263	9.8748	-0.095439	5
3060	24.044	17.3316	-0.127145	5
3070	21.7351	6.30488	1.01345	5
3072	23.1792	9.78254	-0.0121162	5
3079	22.997	6.94606	0.143657	5
3083	23.5572	17.9812	0.326815	5
3087	22.8697	2.1316	-0.740883	5
3089	20.4825	21.1569	-0.0676459	5
3092	24.6615	16.2505	0.566983	5
3099	24.3958	6.9992	0.638102	5
3101	22.738	8.14315	-0.405732	5
3116	23.8272	11.5782	-0.19218	5
3117	20.4638	7.07359	0.517291	5
3125	23.8072	16.9597	0.564541	5
3126	23.1599	14.5766	0.285626	5
3128	23.5151	1.21339	0.401154	5
3129	23.8817	2.89175	0.638737	5
3138	21.2265	23.3936	0.183242	5
3139	24.7006	20.1846	0.793442	5
3140	23.1505	9.44347	-0.486285	5
3141	24.3552	17.8853	0.866293	5
3144	21.2729	21.9636	1.18835	5
3146	20.6086	4.98429	0.547893	5
3151	23.4083	8.12623	0.993872	5
3161	22.0967	24.7367	0.104705	5
3163	20.5626	24.3598	0.994839	5
3171	20.6233	7.05028	0.390467	5
3172	22.0537	21.5879	-0.346105	5
3178	23.6439	24.3684	0.901237	5
3182	21.0133	5.57152	0.844396	5
3183	20.9479	19.5083	1.10293	5
3195	23.0624	17.6349	1.60343	5
3197	21.0405	13.614	1.27353	5
3199	24.2116	19.0803	0.283482	5
3200	23.6444	17.3967	0.572897	5
3204	22.2357	21.1518	0.328137	5
3205	23.211	10.819	0.673778	5
3226	22.3608	6.74519	0.584637	5
3227	24.9889	9.70701	0.0558681	5
3233	23.834	23.4109	0.410199	5
3234	20.9221	5.0816	0.238582	5
3238	21.6744	24.4451	-0.142352	5
3239	22.1804	12.8661	0.447796	5
3241	21.1601	2.42218	1.46456	5
3250	22.7205	23.9972	1.45822	5
3266	21.3483	13.6967	0.691238	5
3267	23.6058	4.75226	0.0475191	5
3280	24.8404	11.1939	-0.577837	5
3293	21.5444	11.3634	0.379621	5
3294	24.4577	3.32846	1.05082	5
3296	20.6769	5.25933	-0.251432	5
3304	21.28	6.33611	0.562294	5
3307	22.3155	8.31927	0.970784	5
3310	23.0813	18.4058	0.358134	5
3326	21.3257	7.99404	0.0238389	5
3329	20.4623	19.3942	0.746172	5
3330	23.0313	3.7229	0.326866	5
3346	21.4345	12.6397	1.09243	5
3353	24.5775	5.27705	0.539873	5
3356	24.0716	3.92617	0.883371	5
3357	20.4524	4.62217	1.49943	5
3362	23.9404	24.706	0.857185	5
3363	24.3877	24.5103	1.44591	5
3364	23.7329	24.6059	0.0997757	5
3365	23.6048	20.4726	0.38484	5
3375	24.152	4.96927	0.144145	5
3400	21.2383	17.5026	0.270656	5
3405	21.7961	11.488	0.784051	5
3407	23.9527	19.1238	2.12654	5
3408	21.424	24.559	0.506802	5
3425	24.484	17.0796	0.117145	5
3431	22.7987	2.96469	-0.550725	5
3432	22.9955	21.5181	0.585649	5
3433	23.3345	21.1476	0.465575	5
3448	20.4146	8.23713	1.45331	5
3449	20.6724	7.82621	0.423262	5
3467	23.349	2.62036	0.940482	5
3469	22.8287	6.01367	0.471904	5
3473	21.4328	18.5802	0.242731	5
3484	23.7829	21.9514	-0.331396	5
3494	22.0922	2.31661	0.968102	5
3498	20.1052	10.1332	0.0556104	5
3500	21.462	4.49667	0.288622	5
3512	24.8915	2.8926	0.784236	5
3521	20.6367	1.76031	1.18857	5
3530	21.5097	1.82954	1.11917	5
3531	22.0902	2.52727	0.161816	5
3536	24.536	17.4308	0.396367	5
3539	23.2794	8.48537	-0.257073	5
3544	23.2426	13.8737	0.854216	5
3549	21.2811	24.3802	0.0963833	5
3556	21.3104	2.69097	0.92434	5
3559	22.0054	13.1276	0.896557	5
3560	21.9583	12.719	0.761715	5
3564	23.5472	18.1747	1.19957	5
3569	24.3397	15.5777	1.32304	5
3572	22.8245	0.169979	1.17603	5
3583	20.7162	4.4576	0.568664	5
3587	20.2521	3.00032	0.107564	5
3594	20.8861	13.4672	0.762501	5
3603	20.0194	10.6488	0.664759	5
3604	24.3768	9.74999	1.19402	5
3607	20.4442	7.35486	0.0526433	5
3608	24.5027	7.17039	0.184511	5
3611	21.9108	9.56496	0.508649	5
3616	24.3616	4.51546	0.0643441	5
3618	22.9134	1.7689	-0.362201	5
3622	24.0883	7.90906	-0.262134	5
3625	23.1671	18.4735	-0.508666	5
3626	21.0931	11.4449	0.5637	5
3629	24.035	7.35068	0.554778	5
3652	23.4519	7.33646	-0.889828	5
3653	23.824	8.7523	0.341443	5
3661	24.8998	1.50287	0.0847507	5
3662	23.8386	24.6198	-0.0788278	5
3663	21.977	19.8022	1.09827	5
3674	20.7368	0.650481	0.513547	5
3677	20.789	23.1519	1.16839	5
3681	21.4302	19.0639	0.130095	5
3683	21.7893	11.5098	0.295185	5
3688	23.0979	1.7021	1.03923	5
3689	24.2337	1.83739	-0.454746	5
3690	23.7627	16.731	1.23602	5
3699	23.2975	23.1524	0.942371	5
3702	24.2512	19.8644	0.430661	5
3703	22.0866	18.3224	1.04312	5
3710	24.5057	15.9791	0.907163	5
3715	21.3124	21.9863	0.540421	5
3724	23.5188	0.398125	0.379259	5
3726	23.4333	18.8245	0.330404	5
3729	22.5725	18.7933	-0.00473545	5
3739	21.7887	2.7637	1.29112	5
3742	23.3398	24.1884	-0.334503	5
3746	22.9276	2.1798	0.877655	5
3752	24.4364	14.7423	0.492664	5
3753	24.0422	14.5029	1.34427	5
3755	23.5309	8.96474	0.245416	5
3756	20.1315	19.3026	1.30336	5
3761	24.3527	8.62537	-0.390433	5
3766	21.3431	18.3426	0.448836	5
3767	21.7064	21.1741	-0.57328	5
3770	23.5276	9.20582	0.709151	5
3776	23.6066	13.715	0.907941	5
3778	20.038	0.760708	0.383648	5
3783	22.0831	13.2621	1.16058	5
3788	20.7521	20.9427	1.54224	5
3789	21.3414	21.1043	0.963829	5
3792	24.2837	15.4269	0.471665	5
3799	24.5121	16.976	-0.107143	5
3804	22.5252	23.5429	-0.699893	5
3809	22.6729	22.0582	0.629919	5
3813	20.6684	24.7048	1.02927	5
3814	21.0297	22.9232	0.546627	5
3828	20.8204	24.2265	1.29769	5
3829	20.109	24.1221	1.29602	5
3832	21.1313	11.8836	0.640479	5
3838	22.407	21.695	0.395033	5
3842	23.9075	11.1285	-0.524087	5
3858	24.2827	3.77098	0.930389	5
3865	22.8188	24.1226	-0.651476	5
3872	21.6821	6.12299	0.825756	5
3875	23.6054	21.0175	0.00207274	5
3876	24.5988	20.2049	1.25426	5
3878	22.1724	0.836626	0.927374	5
3886	24.6655	1.16831	0.888851	5
3895	22.4658	3.35259	0.870418	5
3897	21.9426	22.7723	-0.279387	5
3904	20.6486	12.5823	1.19732	5
3918	23.8068	22.9822	0.0476336	5
3930	21.5162	19.4672	0.253753	5
3937	22.8601	19.0502	0.674432	5
3938	23.1425	15.8172	-0.0573922	5
3946	20.6697	20.2664	0.704559	5
3952	24.8889	24.8265	1.01394	5
3954	20.7017	12.2778	0.038594	5
3959	23.1333	14.159	-0.156955	5
3963	22.6994	10.5431	0.703429	5
3972	20.1678	1.07281	0.370207	5
3973	21.8195	12.3303	-0.00761615	5
3977	21.2838	5.76744	0.67712	5
3981	23.7226	24.7983	0.635803	5
3982	23.6598	4.10013	0.418923	5
3983	22.7624	22.6588	0.0704086	5
3987	24.5833	21.0271	0.234486	5
3991	23.1369	18.9829	1.08042	5
3994	23.8712	23.9317	0.719913	5
3995	21.6329	18.9258	0.18607	5
3996	23.0177	6.50438	0.278162	5
3999	20.2716	23.0083	1.38782	5
4008	23.7804	23.3236	-0.428323	5
4015	21.7241	13.2231	0.0212008	5
4017	21.2004	20.7062	0.127579	5
4019	20.7595	7.02489	1.12076	5
