Ind_ID	PosInd_X	PosInd_Y	MutEffect	Region

2	2.03502	7.09121	1.30438	1
5	1.63131	8.31965	0.292688	1
35	0.672306	23.37	0.324943	1
38	1.46588	9.53574	0.661923	1
56	0.995728	20.2677	0.213713	1
57	1.92627	11.0966	0.986362	1
58	0.721495	4.76606	0.851528	1
82	1.95847	3.15465	0.372805	1
85	1.74026	21.0548	0.754869	1
87	1.22939	4.1421	-0.622496	1
96	2.15401	3.18532	0.44844	1
100	0.0130148	6.31357	1.16919	1
130	2.21614	2.997	-0.0415861	1
146	2.225	15.9807	0.571185	1
165	1.33759	6.89116	-0.54254	1
169	0.763556	3.60229	-0.348904	1
170	0.511897	6.67388	0.444847	1
173	1.88659	8.07307	0.408146	1
175	1.43444	24.8871	1.02208	1
178	0.68588	18.2568	0.341237	1
188	0.546925	3.52858	-0.131712	1
195	2.36588	18.8074	-0.00363052	1
200	0.0550429	19.8721	0.838094	1
218	1.5664	4.19257	0.397449	1
226	0.570619	18.9622	-0.0140344	1
244	2.08688	1.34773	-0.17719	1
246	2.45842	24.2986	0.319462	1
250	0.492988	9.60938	-0.2206	1
266	1.86952	24.6685	-0.205594	1
270	1.35012	20.5407	1.01573	1
277	1.83088	13.104	0.875836	1
284	0.221424	3.77367	0.296101	1
302	0.415361	10.2054	0.392495	1
310	0.478023	23.9777	0.1911	1
328	1.70753	8.37365	0.233049	1
342	0.280865	12.1153	0.277402	1
350	1.41704	16.7611	0.115244	1
358	1.75114	23.8687	0.24369	1
363	1.39423	4.31865	0.656671	1
368	1.62408	20.4806	0.348476	1
378	2.39179	19.8221	0.330878	1
384	1.46119	23.7779	0.454086	1
385	0.274926	23.6594	0.376447	1
391	0.627164	19.5222	0.840092	1
404	1.76011	9.44283	1.21955	1
431	0.0821364	5.22161	-0.133075	1
432	0.634707	2.96204	0.875532	1
454	1.82934	6.22539	0.444704	1
474	1.64912	24.2399	0.437806	1
475	0.294724	3.38079	0.238169	1
503	1.00184	5.63537	0.548748	1
509	1.85247	14.3821	0.984062	1
524	1.0128	17.8516	0.0219274	1
552	1.75931	2.20721	0.187724	1
553	0.345748	0.711684	-0.731791	1
557	1.96202	20.017	0.521064	1
589	1.8622	24.6778	-0.766393	1
592	0.304123	12.0423	1.06575	1
597	0.516919	22.6943	0.452879	1
604	2.27869	8.52969	1.48997	1
620	0.658571	5.29846	-0.5031	1
622	1.46993	21.0442	0.471347	1
625	0.881046	16.8299	0.341571	1
628	2.09953	13.0669	0.593198	1
642	2.15012	24.0049	0.102503	1
647	2.09729	18.2649	0.754843	1
650	0.457144	0.98049	0.80088	1
702	2.12584	23.4904	-1.17959	1
710	1.78816	16.1119	0.475022	1
718	2.18882	15.8492	0.848549	1
720	0.583885	8.63941	0.861262	1
754	0.723436	24.6476	0.995617	1
767	0.819706	2.83575	0.328837	1
768	0.416557	17.8731	0.145774	1
789	2.47919	23.9415	0.131466	1
802	1.2839	21.4569	-0.0169906	1
820	1.1828	22.0046	0.212829	1
822	0.585492	16.0057	1.21366	1
832	2.32134	8.90486	-0.0679369	1
834	1.55697	4.00176	0.333518	1
844	0.605851	16.0545	0.928615	1
848	2.49733	1.98398	0.79043	1
854	1.74882	13.9104	0.466748	1
870	1.51634	9.20551	0.0937341	1
886	0.316978	4.93321	0.440894	1
897	2.12989	12.8695	0.76704	1
900	2.06016	22.0325	0.36602	1
912	1.36086	12.2148	-0.0799125	1
918	1.82737	8.93957	0.533696	1
924	1.21183	1.46161	0.216227	1
928	0.0100969	18.6987	0.917383	1
943	1.99869	2.24294	0.0907975	1
956	2.10503	3.20638	1.20823	1
973	1.92894	7.04238	-0.0249356	1
987	1.25188	5.45057	0.209003	1
1014	0.412155	7.98578	0.296302	1
1039	1.00014	18.8272	0.269766	1
1047	1.42678	0.775155	0.329981	1
1049	1.24065	8.59655	-0.0761323	1
1052	1.78714	18.5268	0.332501	1
1089	1.84138	19.5369	-0.186246	1
1115	1.09124	0.892483	-0.357639	1
1124	0.590096	22.9975	0.542495	1
1128	0.000200779	6.15328	1.0416	1
1135	1.13231	16.3874	0.714526	1
1137	1.05958	10.7879	0.59725	1
1170	1.59981	17.079	0.18083	1
1180	2.03901	12.5134	0.475519	1
1187	2.0936	20.7874	0.236924	1
1188	1.80022	23.7478	0.289565	1
1198	0.631647	8.33697	0.644291	1
1213	0.760044	20.8436	0.737129	1
1214	0.0120756	6.70192	1.46799	1
1220	1.79589	14.9934	-0.0768413	1
1222	2.2753	18.9758	-0.758828	1
1223	0.719673	8.40162	0.985543	1
1225	1.58983	10.3477	0.773038	1
1242	1.77452	12.3316	0.845838	1
1243	2.1356	3.89456	0.145801	1
1262	0.57446	24.0064	-0.146709	1
1276	1.30959	5.64979	0.0782196	1
1277	0.401123	22.4165	0.0650038	1
1278	1.67681	11.7839	0.852207	1
1281	1.86342	13.5264	0.949952	1
1310	1.52828	7.81223	0.650121	1
1312	1.74019	14.2163	0.343394	1
1313	1.41914	13.0827	0.600217	1
1315	1.79028	0.211491	1.3118	1
1316	2.24477	5.2624	0.204895	1
1323	0.421368	2.32867	0.534703	1
1331	1.1797	19.5878	0.820135	1
1333	1.97148	14.5737	0.494569	1
1337	0.689059	14.381	-0.0202583	1
1355	0.818617	21.0632	0.131529	1
1363	0.718407	13.5444	-0.00700419	1
1365	0.842939	7.87688	-0.73306	1
1366	0.429503	15.5127	0.428302	1
1372	0.973318	22.0003	0.726787	1
1412	2.08751	7.87104	0.17189	1
1414	1.74263	14.268	0.750001	1
1430	0.999421	18.7897	0.362871	1
1438	0.541976	14.8799	0.599656	1
1445	0.739388	14.155	0.183918	1
1462	0.185088	21.8101	-0.139806	1
1466	2.26923	14.4075	0.909093	1
1469	2.0692	20.3647	-0.0116909	1
1486	2.45265	16.032	-0.545681	1
1487	1.83085	10.2052	0.241581	1
1524	2.0056	12.0087	-0.516714	1
1529	1.45679	15.0516	0.151824	1
1540	1.51101	21.9109	0.865345	1
1558	1.11254	2.80672	0.0405579	1
1562	1.60089	9.58514	-0.15608	1
1583	1.89654	10.371	-1.01491	1
1585	0.570107	7.99057	0.612951	1
1611	0.120627	2.97245	-0.0152017	1
1631	0.525202	19.7081	1.07656	1
1642	1.70452	18.2235	0.521535	1
1678	1.89514	11.5999	-0.831167	1
1689	0.752365	1.97722	0.038443	1
1704	1.47211	13.1253	0.337125	1
1725	2.04365	7.79271	0.269153	1
1733	0.959968	7.27203	-0.258142	1
1740	1.06361	11.6342	0.277936	1
1769	2.13826	13.1881	0.690809	1
1781	0.525219	20.4848	0.555422	1
1784	1.71956	8.09509	0.259774	1
1785	1.91074	21.1739	-0.0708409	1
1795	0.745098	23.5158	-0.0594353	1
1813	1.27737	16.5661	0.440403	1
1815	1.90436	14.7772	0.795492	1
1816	2.33893	9.06323	-0.0618585	1
1818	1.45412	10.1788	0.0665877	1
1821	1.2984	18.4461	0.98692	1
1831	0.537406	23.3718	0.698862	1
1840	1.91719	10.5778	0.558534	1
1864	0.284935	20.7549	0.370932	1
1866	0.458395	23.9927	-0.536606	1
1869	2.41816	13.4479	-0.403748	1
1877	2.27431	24.7502	-0.237223	1
1888	1.55622	15.9554	-0.918514	1
1899	0.359056	3.67472	1.17927	1
1927	1.36588	5.41193	0.274287	1
1963	1.65981	6.13243	0.859873	1
1974	0.151678	11.8261	-0.480506	1
1978	2.14998	0.362954	0.909767	1
1980	1.74154	4.62223	-0.395724	1
1988	0.587022	18.3733	0.721498	1
2015	0.176191	12.6815	-0.0427278	1
2016	2.3284	23.909	0.201444	1
2021	2.39071	1.9811	-0.301232	1
2033	0.937811	17.9263	-0.0171128	1
2055	2.03212	7.45922	-0.253703	1
2065	1.9147	23.0112	1.10638	1
2097	0.21115	17.6514	-0.330652	1
2103	1.03687	24.2561	0.69204	1
2110	2.29828	15.1036	-0.487777	1
2131	2.19322	9.64413	-0.29225	1
2135	0.0151611	0.0826428	0.535995	1
2138	1.49978	9.9412	0.267447	1
2145	0.731311	24.571	-0.0322393	1
2160	1.6448	16.7329	-0.296544	1
2173	0.042521	16.2977	0.456034	1
2177	0.497921	20.7495	-0.060717	1
2184	2.0683	8.68797	0.625955	1
2225	1.84912	1.24543	0.695169	1
2233	0.910404	4.10165	-0.518388	1
2240	0.976695	6.96913	1.10899	1
2243	1.50441	24.5228	0.719058	1
2276	1.16955	8.30422	0.285248	1
2288	0.525882	0.752352	0.542356	1
2289	2.17308	4.39464	0.278693	1
2295	0.337081	21.1891	0.312417	1
2300	0.115997	15.1825	0.768548	1
2303	1.3577	1.07486	0.0349136	1
2304	0.958151	1.22637	0.577571	1
2322	2.20007	11.851	0.355588	1
2336	1.59002	24.4991	0.626368	1
2350	0.0256735	8.99604	0.729073	1
2359	1.1117	15.6375	0.629558	1
2375	0.436463	11.1841	0.53328	1
2381	0.0825896	13.4776	0.56555	1
2382	1.95449	13.6248	0.700745	1
2387	1.80365	7.65167	0.726255	1
2392	0.78054	7.4768	0.629956	1
2408	1.74642	22.7068	-0.069042	1
2412	1.12334	10.2883	0.51293	1
2414	1.8727	23.6605	0.519489	1
2417	2.18102	8.36914	0.189431	1
2445	2.43667	11.1827	0.0684848	1
2448	1.01833	0.391263	-1.28796	1
2481	0.856134	15.1161	0.941025	1
2482	1.88752	15.351	-0.146591	1
2483	1.29202	18.8256	0.272987	1
2484	1.90543	16.5114	-0.346103	1
2487	0.442737	12.6711	-0.379557	1
2488	0.0912799	12.4954	0.824006	1
2494	0.834408	18.6021	0.935214	1
2504	0.124271	16.0946	0.639316	1
2507	0.636556	2.34367	-0.887587	1
2508	0.523052	0.387417	0.15274	1
2510	0.976646	8.38393	0.107847	1
2516	1.32739	5.48537	-0.697564	1
2520	2.30851	11.4298	0.311208	1
2535	2.36978	13.126	0.0748924	1
2541	2.09974	1.19747	1.58649	1
2559	0.658997	0.245583	0.127225	1
2563	0.166042	23.2477	0.987978	1
2564	0.480053	10.9718	-0.390687	1
2565	1.70232	22.5492	-0.0222346	1
2571	2.23821	22.524	0.388985	1
2572	2.2772	3.42815	0.798169	1
2579	0.430226	12.5221	-0.0269331	1
2587	0.490668	0.109793	-0.12269	1
2589	2.2567	10.2456	0.203747	1
2602	1.56	24.9168	1.82213	1
2603	0.218482	24.2972	0.469758	1
2607	1.82651	9.09003	0.168716	1
2618	2.40175	24.3268	0.624057	1
2637	1.95746	5.95016	0.31806	1
2638	0.31345	9.14771	0.881973	1
2644	2.3828	1.37437	-0.00776208	1
2647	1.62785	6.93683	0.120616	1
2657	1.05098	20.8537	0.085652	1
2665	1.81837	16.6425	0.113413	1
2673	0.909703	24.2329	0.609461	1
2676	0.926892	15.5176	0.112719	1
2677	1.31282	0.537062	0.169151	1
2692	1.72574	13.4712	0.178892	1
2699	0.752262	8.87313	0.193842	1
2711	1.31158	18.7518	0.842538	1
2727	2.48815	3.91273	0.408638	1
2729	2.48509	23.7766	0.571087	1
2732	1.00376	10.7942	-0.281848	1
2740	0.658265	5.56269	0.708152	1
2745	1.38456	22.4158	-0.207183	1
2755	0.412452	20.0933	0.573377	1
2766	2.28802	12.6474	-0.357513	1
2771	0.139331	1.97001	1.00381	1
2775	1.61511	19.3321	0.248195	1
2777	0.992832	23.8669	0.444813	1
2809	1.19086	23.4961	-0.0112454	1
2814	0.615777	20.2976	0.614503	1
2825	1.11069	1.49044	0.108548	1
2838	0.0672962	9.85524	-0.658815	1
2858	0.375457	3.87593	1.29498	1
2906	0.270275	18.8288	-0.0679618	1
2907	0.541048	19.4484	-0.00205601	1
2911	0.903382	0.185875	-0.407777	1
2947	2.44261	1.24046	0.670565	1
2951	1.82108	10.7857	0.845334	1
2959	2.37676	5.15688	1.28558	1
2966	0.565073	14.0109	-0.261724	1
2976	1.966	11.8889	0.545054	1
2987	0.349838	14.4389	0.220184	1
2990	2.34846	22.4812	0.166739	1
2997	1.0854	21.3744	0.620209	1
3001	2.17195	8.18433	0.586696	1
3033	1.71161	1.95151	-0.581321	1
3048	2.00769	23.3015	-0.6211	1
3076	1.7517	2.72401	-0.27957	1
3101	2.12344	7.23718	0.868788	1
3121	0.400734	16.5414	-0.300773	1
3124	0.270442	14.2939	0.974844	1
3125	0.479799	0.474359	1.05232	1
3132	0.781531	9.50343	0.300666	1
3139	0.0339913	8.6308	0.45832	1
3145	1.46792	22.6732	-0.278741	1
3167	0.114344	14.885	-0.0918182	1
3169	0.383742	10.3311	0.183813	1
3186	2.20542	15.7978	-0.180811	1
3187	0.956531	8.65353	-0.178054	1
3201	1.54145	15.2563	0.573075	1
3231	1.93678	17.9588	-0.265157	1
3233	2.19575	23.0557	-0.232011	1
3242	0.294903	23.1566	0.573205	1
3252	1.4723	20.6838	0.497571	1
3265	2.06925	21.7908	-0.564239	1
3270	1.17811	21.0728	0.0865674	1
3291	1.17127	11.0626	0.531582	1
3292	0.315873	15.5277	-0.0620045	1
3309	1.68258	5.90737	0.907364	1
3317	0.836818	16.6638	-0.327562	1
3318	1.83467	5.26766	0.503766	1
3339	0.675942	11.4844	0.261484	1
3341	0.760734	11.9556	0.099115	1
3342	0.076002	1.69566	0.815421	1
3365	2.19332	10.4408	0.132568	1
3366	1.25639	18.2518	0.402764	1
3380	1.85466	13.6828	-0.227748	1
3382	0.0166228	20.4677	0.80456	1
3384	2.04668	9.73054	0.203992	1
3404	1.81284	22.5135	1.06906	1
3414	0.487999	3.77912	0.0881659	1
3425	1.17561	4.29962	0.471194	1
3426	1.18925	4.07505	0.431988	1
3444	1.48139	21.1153	-0.3636	1
3464	0.148946	12.0176	0.576483	1
3481	1.57567	22.3583	0.232771	1
3486	1.68145	23.9782	0.307246	1
3496	1.15428	8.1681	0.608404	1
3499	2.47586	9.63634	0.0417265	1
3511	2.05481	10.3038	-0.440602	1
3512	0.332588	7.66248	1.0003	1
3523	0.70538	23.7804	1.41078	1
3524	0.573025	23.6351	0.179037	1
3551	0.909249	20.6612	0.068416	1
3558	1.57409	23.2562	-0.0845009	1
3566	0.0992333	16.405	0.339256	1
3567	1.5273	15.903	0.306013	1
3571	2.39283	6.97424	0.55062	1
3577	1.78264	12.0792	1.02312	1
3593	0.722718	2.64216	0.439522	1
3602	1.78061	12.2736	0.622223	1
3611	0.728471	7.67526	-0.114743	1
3612	0.731313	7.11635	0.152924	1
3664	1.86246	20.4998	0.467158	1
3667	2.34659	10.837	0.971341	1
3668	2.30275	10.7229	0.938192	1
3669	1.88815	11.5114	1.50334	1
3675	0.921221	23.8288	0.515143	1
3676	0.323052	0.566788	1.03358	1
3677	1.59078	12.0277	0.150282	1
3678	0.776627	12.3028	0.364828	1
3705	1.06084	19.4762	-0.258781	1
3706	0.299102	9.68543	1.04761	1
3707	0.0106096	9.50562	0.123742	1
3722	1.54565	23.2849	-0.122606	1
3723	0.712011	1.64567	0.85432	1
3731	1.81038	13.5098	0.153335	1
3732	1.62837	13.6478	0.419585	1
3751	0.485406	13.0307	1.04315	1
3770	0.479299	23.5988	0.746199	1
3810	1.9155	14.554	0.453529	1
3812	1.99089	9.68903	0.106287	1
3826	1.4233	10.6474	1.04327	1
3829	0.724827	8.62945	0.747238	1
3831	0.892166	20.8034	-0.229682	1
3881	1.21401	18.5003	-0.148461	1
3887	0.070552	15.2706	-0.218724	1
3905	0.311977	1.52732	-0.52229	1
3911	0.593754	0.736129	0.877706	1
3919	0.394689	23.5154	0.0555257	1
3933	1.8922	3.45108	-0.00118368	1
3939	2.38895	9.11764	0.809491	1
3944	1.91237	10.8124	-0.0419867	1
3945	0.616147	6.74592	0.216483	1
3946	0.829121	6.10458	0.304682	1
3947	0.870693	5.61866	0.314845	1
3958	1.90806	5.07316	0.633869	1
4024	1.94791	22.6717	0.865112	1
4025	1.57858	15.3054	0.590255	1
4033	1.07958	0.42605	0.441959	1
4061	1.95722	24.4842	-0.176518	1
4095	1.9972	24.4047	0.870298	1
4119	0.459168	5.04111	-0.320467	1
4120	0.301164	5.55477	-0.0108751	1
4124	2.22242	24.5117	0.15101	1
4140	2.29558	11.1387	0.53018	1
18	4.24544	15.0182	0.227955	2
27	2.71141	7.36354	0.361764	2
39	4.159	21.5493	0.196421	2
44	4.78154	9.11931	0.654938	2
46	4.93909	17.6448	0.477991	2
59	3.29149	2.6134	0.105375	2
61	4.38475	15.5015	0.192737	2
68	4.08797	24.1988	0.568398	2
70	2.56437	24.7261	0.337962	2
73	3.54124	15.6589	-0.0764507	2
75	4.22877	18.8212	0.0575963	2
86	4.53121	12.2289	0.52019	2
95	4.87929	8.72323	0.0400237	2
105	4.63091	9.30235	0.0390381	2
108	4.48542	10.1474	0.138314	2
110	3.72024	2.14987	1.51774	2
116	3.70666	17.7349	0.376017	2
118	2.9916	11.3855	0.32487	2
123	2.64308	4.02363	1.02083	2
126	3.73012	7.59192	0.859298	2
161	2.90895	17.1084	0.111304	2
164	4.52575	7.80553	0.303814	2
187	3.32846	12.709	0.479813	2
192	3.10463	4.64402	1.01719	2
193	3.09523	20.9903	0.344892	2
202	4.19282	23.7393	0.45755	2
206	4.97671	5.39854	0.318775	2
229	3.61607	2.75519	-0.841893	2
232	3.12863	4.60766	0.723554	2
235	3.53181	14.883	0.87918	2
236	2.68063	11.2051	-0.121434	2
248	3.09287	6.17712	0.692797	2
252	3.05604	18.4288	-0.016895	2
254	3.69668	16.6961	1.00165	2
268	4.55724	1.83244	0.277489	2
271	2.62692	22.5085	0.277123	2
280	4.70219	24.7105	1.0432	2
282	4.91616	24.0349	0.777168	2
305	3.27465	0.370403	-0.0122096	2
318	3.43675	23.73	0.184088	2
324	4.28272	10.1617	0.448132	2
329	4.56412	13.0988	-0.0778102	2
340	2.987	5.18109	0.246697	2
343	4.98433	15.3263	0.345828	2
354	4.09535	24.8105	-1.02099	2
356	2.98026	18.0651	-0.629907	2
370	3.30777	6.51602	0.493272	2
375	3.82388	13.0552	0.262604	2
389	4.86952	18.7694	0.158523	2
390	4.61601	11.3775	-0.103129	2
393	3.93794	14.2719	0.0129905	2
395	4.69542	17.2276	-0.0722833	2
398	4.51963	2.19978	0.406595	2
407	3.65152	17.9223	-0.061472	2
441	4.54687	21.3166	0.236723	2
443	4.05806	12.9209	0.155015	2
483	4.30201	15.9995	0.289445	2
495	3.63273	6.37221	0.957283	2
496	4.11279	17.9362	0.830543	2
513	4.65378	10.7044	0.510757	2
517	3.65127	10.1968	0.384581	2
525	4.0035	19.9776	0.351655	2
533	2.7816	11.1245	-0.497882	2
535	3.54005	24.13	0.06714	2
546	2.67495	8.84459	1.00778	2
547	4.60465	19.8705	1.04783	2
555	3.92863	4.39564	0.816296	2
561	4.3608	14.5909	0.700715	2
563	4.06238	8.00324	1.07332	2
566	3.94236	12.1471	0.193333	2
574	4.31255	17.1745	-0.0518836	2
584	4.65751	15.7192	-0.326078	2
598	4.44013	20.3208	0.722417	2
616	4.4283	7.42989	0.64737	2
623	4.15693	5.67839	0.811238	2
637	4.95237	21.0164	-0.0624821	2
679	3.97117	18.2114	0.552292	2
680	3.12484	14.0738	0.178489	2
696	3.7368	5.84518	0.467245	2
701	3.08927	7.55777	-0.00485943	2
703	4.30696	22.8522	0.0252206	2
704	4.48646	11.4924	0.536795	2
707	4.90014	19.5518	0.279461	2
717	2.69405	0.377515	0.441413	2
719	2.50538	16.4811	1.32882	2
740	3.75317	22.7513	-0.233624	2
741	2.56356	20.6952	-0.102907	2
763	4.93009	22.2222	-0.345801	2
769	3.79264	17.1225	-0.41679	2
781	4.56375	9.75643	0.374461	2
792	4.76643	16.5645	0.574917	2
794	3.1214	4.70781	0.12697	2
818	3.09209	6.04014	-0.103268	2
823	4.11324	6.32427	-0.322032	2
830	3.79618	10.9348	0.715798	2
837	3.7277	20.8011	-0.154785	2
843	3.67708	15.0128	-0.356464	2
845	2.71616	9.31979	-0.195923	2
851	3.00601	14.2823	0.789049	2
869	4.33066	15.8368	0.622127	2
896	2.92664	7.98902	0.192377	2
903	3.37165	11.7646	0.219884	2
905	3.50371	17.0787	1.08747	2
927	3.5576	16.4929	-0.203484	2
929	3.04103	18.6787	0.547904	2
930	3.4128	1.15515	1.13745	2
942	3.91727	23.2873	0.536037	2
954	3.81697	22.0724	0.0291402	2
959	3.59793	11.5629	1.41135	2
961	2.79269	17.1989	0.337834	2
972	3.26618	19.7886	-0.399446	2
978	3.59248	7.42508	1.32379	2
995	3.35633	11.7884	0.532872	2
999	3.58374	24.919	-0.0501149	2
1004	2.7833	23.0324	-0.393146	2
1005	2.95147	10.0067	0.148322	2
1011	3.16771	9.98007	0.136776	2
1032	4.28707	6.09192	0.342497	2
1038	4.07031	12.6072	0.165744	2
1050	3.78194	20.1083	0.592885	2
1055	4.72392	12.8038	-0.629982	2
1066	4.97459	6.48057	0.623981	2
1079	4.63396	22.6236	0.845927	2
1080	4.69975	1.07207	-0.283237	2
1087	2.71574	14.3157	-0.498911	2
1108	2.57773	19.0658	0.480373	2
1109	2.79308	17.9824	1.19915	2
1116	3.16616	12.5129	0.277172	2
1120	3.80486	4.35222	0.122787	2
1121	4.94318	0.467372	0.257265	2
1125	3.96007	16.3249	0.49963	2
1126	3.69079	19.3548	0.815919	2
1127	3.6348	11.232	-0.252785	2
1148	3.42915	4.71013	-0.00177635	2
1149	3.60935	2.98043	-0.64278	2
1156	4.22264	18.164	-0.179024	2
1160	4.29632	22.419	0.486559	2
1164	3.76344	0.72804	0.483952	2
1177	3.552	20.6779	0.0356435	2
1179	2.62727	21.006	-0.488126	2
1183	3.62415	1.58605	0.327546	2
1192	4.75963	14.6561	-0.144372	2
1203	4.50078	22.1715	0.156776	2
1207	3.49958	16.3643	0.769923	2
1219	3.96214	14.4282	0.538784	2
1230	3.39218	9.83252	1.24499	2
1253	3.49151	19.9262	0.451096	2
1264	3.14806	21.4791	1.06141	2
1287	4.87882	18.3246	0.317036	2
1296	4.09247	4.65203	0.216132	2
1305	4.14216	21.8347	-0.629032	2
1339	4.93322	8.98544	-0.158884	2
1356	2.74448	6.14604	-0.624538	2
1357	3.83717	3.22767	-0.285169	2
1364	2.67265	20.5919	-0.227731	2
1375	4.39781	13.5083	0.684286	2
1402	2.7904	23.2882	0.341121	2
1410	2.78953	16.3131	0.0147407	2
1423	3.67105	11.5314	-0.045372	2
1435	4.55572	22.3022	-0.32784	2
1457	2.87001	5.57917	1.62026	2
1473	4.41226	6.57906	1.11342	2
1500	3.95867	5.77398	0.400604	2
1504	4.71446	17.6114	0.161157	2
1518	2.7187	4.40106	-0.0190448	2
1520	4.43784	15.3025	0.984504	2
1534	3.54366	0.848093	1.03782	2
1539	2.83307	8.51546	0.103732	2
1548	4.60152	8.57315	0.997135	2
1552	4.60809	6.00845	0.917684	2
1554	2.67099	22.6398	-0.0715332	2
1567	4.88789	12.8873	0.10018	2
1569	3.50238	10.3056	-0.173463	2
1570	4.24094	1.62416	0.595472	2
1576	3.36522	21.1673	0.21245	2
1597	3.27865	24.2494	0.141593	2
1598	3.29313	1.98245	0.429641	2
1612	3.23933	21.9008	0.210141	2
1626	3.16971	9.53827	0.335351	2
1633	3.14702	17.8056	0.920368	2
1637	2.98006	0.51044	0.564348	2
1650	4.95488	11.9847	0.205058	2
1659	4.87297	11.9741	0.308862	2
1675	3.12777	1.57926	0.454935	2
1693	2.64915	6.88511	0.883752	2
1694	2.81019	21.2324	1.03456	2
1695	4.41265	12.0125	0.689693	2
1706	4.14999	2.10699	0.304809	2
1712	4.69311	7.03478	0.957239	2
1736	3.53015	20.8093	-0.258036	2
1741	3.14919	13.7952	-0.732956	2
1744	3.80117	4.13058	0.449481	2
1750	2.63277	18.0345	-0.0686935	2
1751	4.73372	0.82894	-0.204093	2
1777	2.6225	12.4364	0.883729	2
1794	4.60876	21.2751	-0.0800079	2
1796	2.93581	20.3208	0.51273	2
1798	3.6908	14.9037	-0.0379168	2
1799	3.85466	2.20952	0.664042	2
1800	3.33201	18.387	0.367245	2
1827	4.40116	19.23	-0.373557	2
1836	4.85447	3.38824	0.750399	2
1843	3.30146	23.5534	0.300613	2
1860	3.28541	22.7701	1.09496	2
1868	2.99836	16.7957	0.695261	2
1902	3.8323	13.7522	0.534946	2
1906	2.76322	2.40832	0.288331	2
1920	4.90826	0.389811	-0.647053	2
1926	3.02538	21.2594	0.0917573	2
1928	4.60455	8.77769	0.29716	2
1941	3.86632	14.2214	-0.205938	2
1944	3.2232	3.29214	-0.754242	2
1950	3.18818	12.2409	0.321058	2
1952	4.71721	12.2032	0.206405	2
1967	3.39024	24.6489	-0.174435	2
1971	2.92939	19.93	0.258594	2
2005	4.01684	1.32222	0.351822	2
2008	3.93521	13.0449	0.729286	2
2018	4.72847	24.9103	0.602754	2
2032	3.30934	7.45504	0.608967	2
2041	3.96294	21.4088	0.0437352	2
2061	3.64746	9.35157	0.554944	2
2068	4.71973	12.5797	0.212258	2
2077	2.65252	8.40807	0.254851	2
2101	4.21136	24.8862	0.253456	2
2116	2.71119	3.11893	0.0982571	2
2123	4.6869	12.8464	0.891035	2
2125	4.00014	10.3293	0.842591	2
2143	3.48034	10.0401	0.987245	2
2157	4.48088	12.585	-0.0216277	2
2167	4.38611	18.4005	-0.00732686	2
2172	2.76767	12.7061	0.556321	2
2178	4.23192	9.15456	0.467365	2
2182	4.13239	5.6232	0.0601158	2
2191	3.81075	23.9625	-0.00645529	2
2209	4.65015	17.3584	0.732172	2
2218	3.29525	11.8564	0.0624326	2
2228	3.68105	5.14631	0.408326	2
2235	3.65322	13.2001	0.927053	2
2255	4.00393	16.0575	0.238075	2
2268	2.52053	10.4173	0.390616	2
2291	4.93724	16.804	-0.327961	2
2321	4.51263	11.4779	0.288066	2
2334	2.64233	7.15266	0.332383	2
2342	3.93652	24.4262	0.264404	2
2346	4.24063	6.95806	-0.0345406	2
2361	4.40933	12.6397	0.138986	2
2372	4.58552	11.6721	-0.237864	2
2377	3.40349	12.3831	0.0185659	2
2402	4.04616	15.1317	0.600692	2
2404	4.25277	6.14533	0.0201206	2
2418	4.92794	10.2536	0.199308	2
2425	4.86751	9.90747	0.134213	2
2428	3.96456	3.24674	0.785401	2
2429	4.50399	3.45894	0.207516	2
2431	3.46217	3.84137	0.402334	2
2437	3.40452	6.7856	0.0372121	2
2472	4.88635	15.0587	-0.226758	2
2474	4.62717	17.6033	0.681716	2
2475	4.94146	17.3272	0.674185	2
2476	3.3429	8.69492	0.477804	2
2502	3.45964	13.3614	0.971545	2
2519	4.26331	6.97335	0.178562	2
2521	3.60193	3.09151	0.624089	2
2524	2.8978	10.312	0.186868	2
2525	3.63847	2.43418	0.307342	2
2526	3.08738	16.2775	0.202827	2
2528	3.81537	23.9425	0.643567	2
2537	4.87422	13.5963	1.33773	2
2539	3.68491	20.0129	0.4324	2
2540	2.83537	1.94695	0.392263	2
2592	4.93873	10.7363	1.13435	2
2597	4.41675	5.25805	0.146429	2
2598	2.56827	5.60641	-0.167561	2
2601	4.79468	16.0288	0.109188	2
2635	2.87133	10.6351	0.220677	2
2636	3.84449	10.4276	0.839621	2
2671	3.9329	10.6025	-0.274868	2
2691	3.70688	3.21996	0.707338	2
2696	2.92238	22.0962	0.528892	2
2714	4.0742	23.5344	0.319591	2
2720	3.25306	21.1275	0.929658	2
2722	4.3303	0.62771	0.437652	2
2738	3.15899	0.451111	1.67458	2
2742	4.18348	14.6543	0.308571	2
2748	3.46228	9.8191	-0.295758	2
2750	3.18525	22.2334	0.170916	2
2751	3.52373	5.5566	0.118468	2
2756	4.10526	8.54856	0.536996	2
2758	4.82559	3.22698	-0.440824	2
2762	3.17819	20.6897	0.296249	2
2800	4.32156	1.55317	0.491505	2
2807	4.91027	17.0093	0.200139	2
2808	4.29325	17.6577	-0.102244	2
2815	2.92266	7.96893	0.931738	2
2816	2.99547	8.45827	0.110393	2
2824	3.40812	14.3831	-0.635449	2
2829	3.67977	24.0139	0.249236	2
2844	3.11506	5.69794	0.621584	2
2848	2.60971	18.4056	0.056255	2
2852	2.5898	1.49681	0.240485	2
2872	4.80266	20.6135	0.253528	2
2885	4.12766	9.59192	-0.602195	2
2908	2.53387	10.3004	0.798071	2
2925	3.3537	1.55063	0.583122	2
2934	4.02318	11.9377	0.468437	2
2939	4.53134	21.6688	0.620922	2
2946	4.77732	22.439	0.328281	2
2950	2.59063	10.3327	0.328776	2
2989	3.14011	5.37366	-0.0632003	2
3011	2.60478	0.567598	0.877916	2
3012	4.27503	17.3206	0.351158	2
3013	3.25678	18.1863	0.364441	2
3019	4.1708	22.7156	0.57688	2
3065	4.02635	18.7754	0.0351058	2
3066	4.78878	18.5703	0.662974	2
3086	3.52528	1.84362	0.27795	2
3087	3.69059	0.557302	0.436443	2
3136	4.9033	24.2459	0.518138	2
3138	4.70522	1.40318	0.0093665	2
3147	3.85842	2.42198	0.595186	2
3154	2.66293	14.4991	0.0552021	2
3162	4.0595	9.02619	0.846504	2
3175	3.04913	7.8785	0.282808	2
3177	3.56313	5.34142	0.153182	2
3192	3.03715	1.38504	0.207726	2
3250	2.82915	23.0762	0.110754	2
3306	3.57798	11.9927	0.22587	2
3319	4.98431	2.25588	0.342081	2
3321	4.12137	9.1418	0.308221	2
3325	4.15145	21.0516	0.34969	2
3347	2.85458	15.2308	1.34983	2
3391	3.53996	22.3523	0.0911218	2
3412	4.18674	23.6553	0.478632	2
3424	2.8276	8.23727	-0.35455	2
3443	2.79224	22.7183	0.0767204	2
3465	4.73809	21.9509	0.476987	2
3466	4.19453	22.0386	0.0804474	2
3475	2.5471	13.6679	0.0995454	2
3500	2.50467	23.9399	0.443371	2
3506	3.50678	4.72147	0.521817	2
3510	4.29024	21.6788	0.233779	2
3527	2.91751	6.03684	0.402031	2
3550	2.87932	3.80759	0.533418	2
3552	4.54472	3.25425	0.363771	2
3561	3.76029	23.0594	1.65885	2
3585	3.69804	21.3224	0.334902	2
3603	4.08831	15.3299	0.709569	2
3605	3.13125	0.550524	-0.140824	2
3633	2.66731	0.587908	0.868373	2
3638	3.75545	1.88352	-0.669841	2
3658	3.1299	1.81506	0.19562	2
3671	3.42501	1.60978	0.21753	2
3673	4.49726	19.5361	0.391522	2
3674	4.55984	19.1358	0.064085	2
3703	3.51434	16.0622	0.610775	2
3712	4.70761	18.135	-0.2979	2
3720	3.43612	12.8168	0.833664	2
3724	4.73491	12.869	0.0196854	2
3729	3.06898	21.4	0.592964	2
3730	3.11051	21.3372	1.06916	2
3738	2.78929	8.35923	0.911728	2
3755	4.85593	14.0804	0.509733	2
3757	2.60471	8.71309	0.394892	2
3758	2.88345	8.58163	0.702459	2
3761	4.72877	15.4788	-0.41131	2
3771	3.10631	16.3876	0.483846	2
3784	3.71004	10.8641	0.708512	2
3794	3.17488	9.21784	0.441219	2
3798	4.1909	2.35389	0.00837202	2
3809	3.47192	24.2117	0.51243	2
3825	3.25913	2.97977	0.36698	2
3834	3.42785	0.883615	0.211826	2
3840	4.97219	2.83616	0.330101	2
3860	3.65948	7.66115	0.267216	2
3869	4.10222	17.782	0.700205	2
3879	4.58344	8.31197	0.116342	2
3886	3.48824	8.4987	0.365305	2
3892	3.79069	15.7748	0.0821208	2
3893	4.51346	3.40643	-0.113433	2
3906	3.25292	20.9742	0.59284	2
3921	4.09462	8.3313	0.519335	2
3931	4.94148	20.432	0.08861	2
3932	4.64449	20.3382	0.671965	2
3948	3.34002	3.92315	1.24017	2
3954	3.19491	4.64064	0.127904	2
3964	3.71391	1.84395	0.703273	2
3968	3.1909	9.11274	0.568113	2
3981	4.56751	22.4417	0.371249	2
3983	4.34894	9.10687	-0.0402601	2
3984	4.38986	19.1588	-0.352284	2
3985	4.50008	11.5566	-0.302348	2
3994	2.9483	17.2131	0.550865	2
3996	4.00543	6.29628	0.666773	2
4015	4.06278	1.42633	0.861612	2
4035	3.95874	21.4618	-0.06304	2
4036	4.47212	21.0447	0.378623	2
4037	4.60479	7.92165	0.447989	2
4046	4.93698	16.9388	1.10881	2
4055	4.69364	9.66015	1.23597	2
4063	4.58931	19.4966	0.832755	2
4069	3.91991	16.9445	-0.119136	2
4070	3.64748	16.1753	0.678873	2
4090	3.90142	17.5526	0.475185	2
4096	3.4944	22.9986	-0.196657	2
4110	4.70055	17.0848	0.461564	2
4118	3.12544	7.09438	0.368924	2
4141	4.55795	17.438	0.535475	2
4144	4.90414	3.71228	-0.181211	2
10	7.4141	21.5837	0.292084	3
14	5.07428	8.09305	0.335369	3
31	5.68569	24.2163	0.595859	3
45	7.35416	17.7665	0.562757	3
69	7.49464	17.8043	0.0382006	3
78	6.91616	4.97084	0.552019	3
81	6.59914	9.51881	0.549128	3
84	5.71035	11.2689	-0.414887	3
92	5.07231	5.29769	0.583706	3
99	5.0713	19.0371	0.418893	3
102	6.41187	2.5879	0.466108	3
107	5.28892	23.6683	0.427005	3
111	5.41706	18.9376	1.31497	3
132	5.10816	24.3518	0.437782	3
144	7.32257	12.2956	1.04558	3
153	6.55254	15.0148	1.021	3
201	6.72946	24.5219	0.0802585	3
212	5.36222	14.2016	0.993039	3
217	7.43948	11.2784	1.13254	3
222	6.30608	3.0352	0.238153	3
242	7.1978	7.28784	-0.714306	3
251	5.05946	4.80841	0.37632	3
259	5.41803	18.4122	1.07765	3
260	5.91576	6.86921	0.64654	3
265	5.90709	2.88167	1.21456	3
274	6.47646	14.3612	-0.912377	3
276	7.36041	21.5562	-0.105736	3
288	7.49454	8.37543	-0.558378	3
289	7.44579	17.2748	0.0630142	3
306	6.00319	21.0153	0.501622	3
309	5.78377	7.7024	0.030471	3
311	6.96166	21.656	0.115086	3
312	5.12782	12.141	1.05885	3
317	5.26091	6.64904	0.445164	3
325	6.05075	20.591	0.831873	3
333	6.48699	20.9871	0.636399	3
337	5.68427	3.07967	0.849511	3
338	6.69788	14.1109	-0.0884461	3
351	5.36455	16.7776	0.0852144	3
362	6.84054	21.2028	0.540785	3
377	6.72135	5.96652	0.125761	3
396	5.26042	23.3728	0.628703	3
406	5.55797	7.32319	0.919895	3
426	5.33282	23.2656	0.466115	3
436	5.03402	10.417	0.693353	3
437	5.37192	3.9248	0.422143	3
447	5.13193	17.2029	0.722468	3
452	6.07664	20.6089	0.796581	3
467	5.98433	24.7879	0.183602	3
471	7.08651	17.4002	-0.00129502	3
480	6.5645	1.20434	0.320514	3
516	5.46479	4.78117	0.745473	3
518	6.43603	12.0971	0.559853	3
531	6.94933	18.4606	0.410462	3
543	5.73416	5.08095	0.336674	3
554	5.66687	10.5048	0.439663	3
560	6.8562	13.8645	0.214743	3
573	6.26782	13.023	-0.162512	3
588	6.44291	16.3856	0.181616	3
596	6.19829	20.0835	0.0453253	3
624	6.34548	6.48102	0.142958	3
640	7.31394	3.42692	0.205752	3
644	5.17586	16.3694	0.516682	3
649	5.015	4.14426	0.432746	3
653	5.47071	18.1236	0.992653	3
654	7.0509	10.0004	0.25708	3
657	6.18614	4.17508	0.810232	3
660	7.25979	4.03729	-0.126958	3
676	7.25603	2.67558	0.0682517	3
677	5.95212	1.85256	-0.786383	3
712	5.72803	9.6792	0.168831	3
713	6.05917	8.23918	0.687745	3
730	6.81069	20.2588	0.697892	3
734	5.36613	21.7011	1.23338	3
771	7.17686	11.7048	0.16353	3
773	7.37937	8.27733	-0.429558	3
787	7.37839	22.7862	0.0726531	3
800	6.12229	5.17652	0.107713	3
801	6.35169	3.01789	0.175697	3
809	6.90188	24.5798	-0.61228	3
816	7.15818	0.90729	0.821557	3
827	7.03107	17.2376	0.0218691	3
829	6.20562	15.1517	0.432401	3
856	5.14072	16.6509	0.457563	3
859	5.0912	8.53407	-0.503473	3
861	6.73403	17.5561	0.193697	3
864	6.33216	7.26574	0.851491	3
873	7.26727	15.3432	0.946063	3
879	7.11951	23.5067	0.132092	3
887	6.8112	9.09627	-0.168015	3
899	5.57099	8.30042	0.856626	3
904	5.4064	2.71524	0.293661	3
911	5.61048	21.9748	0.457051	3
951	6.27357	15.0644	0.0902006	3
962	5.64327	20.5927	-0.345039	3
968	6.34462	19.7357	0.233756	3
979	5.1569	1.46736	0.0173775	3
983	6.79951	6.58362	-0.15974	3
989	5.59183	12.5649	1.01776	3
991	5.26652	18.8106	1.26123	3
992	6.2756	4.8478	0.38397	3
997	6.33886	9.07219	0.903269	3
1003	6.01814	6.0293	1.0033	3
1016	5.60624	3.21711	0.553017	3
1017	5.22544	3.66797	0.294891	3
1024	7.06556	23.7127	-1.23329	3
1037	5.02166	18.8231	0.165592	3
1043	7.16261	16.0792	0.313024	3
1059	7.29473	1.11104	1.44491	3
1072	7.25421	9.65158	0.258465	3
1077	6.41891	20.7175	0.775888	3
1078	5.56165	5.08655	-0.356868	3
1084	6.89613	5.44863	0.445911	3
1103	5.67596	17.3749	0.321706	3
1104	6.52246	18.5381	0.231397	3
1107	6.16914	10.2698	0.566925	3
1114	7.39031	12.9427	0.662484	3
1119	5.70592	16.9414	0.503457	3
1130	6.90505	20.6559	-0.00222255	3
1132	5.6834	5.51337	1.18064	3
1138	6.38968	17.9972	-0.111719	3
1139	7.17459	15.7699	0.401963	3
1143	6.62891	11.5253	0.220964	3
1155	5.26047	6.17907	0.559883	3
1158	6.54263	18.1629	0.107698	3
1169	5.53617	13.9048	0.202145	3
1173	6.99303	20.6323	0.311448	3
1175	5.82765	11.9527	0.434631	3
1189	6.81139	23.0463	0.288899	3
1191	7.14442	11.8169	-0.45764	3
1204	5.13995	20.5781	0.673441	3
1206	5.04609	7.25739	0.0705621	3
1210	6.44041	19.2423	-0.407202	3
1240	5.87456	4.81027	-0.6953	3
1250	6.92356	9.451	0.13716	3
1254	7.37639	24.307	0.208969	3
1259	6.45781	5.02787	0.0577571	3
1263	6.85674	13.5181	-0.0414511	3
1267	5.41032	10.1499	-0.133699	3
1271	6.88201	1.03209	0.605095	3
1321	6.88805	10.0266	0.0563969	3
1322	5.3358	24.0461	0.0526225	3
1336	6.75186	19.78	0.275828	3
1338	5.08174	14.8704	0.140963	3
1367	5.00966	24.3898	-0.120165	3
1368	5.94251	23.6207	0.467163	3
1371	6.24969	24.7482	-0.197834	3
1378	6.66133	8.51189	-0.204688	3
1387	6.99995	9.3315	0.220927	3
1389	6.76238	12.1259	0.577524	3
1417	5.84453	7.92974	0.180582	3
1428	5.62829	0.659479	0.221658	3
1434	5.45297	5.78769	0.363934	3
1436	5.41769	15.4167	0.630843	3
1459	5.53534	9.64047	-0.00333283	3
1461	6.27874	21.5073	0.225654	3
1467	5.77448	5.03006	0.428877	3
1482	5.55253	23.1165	-0.00873573	3
1493	7.29418	5.48818	-0.284403	3
1503	5.84965	3.89635	0.719945	3
1507	7.30395	7.22252	0.921838	3
1526	5.43159	18.8949	0.961748	3
1530	5.63857	7.61729	0.281926	3
1537	5.40331	24.3221	0.216026	3
1553	6.17922	4.88053	0.792765	3
1560	5.08116	11.3478	0.350322	3
1563	7.49543	2.27216	0.155326	3
1565	6.23151	7.86675	0.00318998	3
1566	5.38797	13.9967	0.118513	3
1573	6.63632	15.5561	1.30194	3
1582	5.54218	7.00007	0.60583	3
1592	7.1067	16.2129	0.222245	3
1595	7.1274	17.7722	0.0622022	3
1596	6.2205	17.6915	0.923219	3
1615	7.35653	3.06171	0.213555	3
1617	6.62606	24.27	0.455636	3
1638	5.66822	5.71604	0.817089	3
1643	7.17433	23.9511	1.19234	3
1646	5.10495	11.9383	0.750223	3
1666	6.24119	2.00019	-0.605278	3
1669	7.06835	19.4115	-0.584934	3
1670	6.08093	23.5847	-0.0990453	3
1691	6.54587	18.2208	0.779093	3
1705	7.45386	6.8312	0.100889	3
1709	6.76973	20.7141	0.086599	3
1710	6.92521	19.8588	1.14303	3
1714	6.45056	8.03765	-0.120613	3
1723	6.1214	16.7647	1.10217	3
1724	7.2638	18.3942	0.456302	3
1743	5.73024	9.26358	0.476995	3
1759	5.44389	1.3286	0.662245	3
1764	5.91258	8.11807	0.649769	3
1765	5.09073	15.9256	0.759527	3
1770	5.2572	7.46354	0.63216	3
1776	5.96343	6.10861	1.35034	3
1793	5.79391	14.0212	-0.29823	3
1797	6.67655	9.97014	1.45304	3
1820	5.60493	9.14073	0.378283	3
1822	5.40809	24.3173	-0.344762	3
1824	5.61949	19.7105	0.739368	3
1829	6.8868	22.4165	-0.352064	3
1835	7.11618	4.82524	0.540623	3
1851	5.82706	2.80401	0.396028	3
1861	7.24546	16.9164	-0.145424	3
1870	6.16094	10.217	0.587745	3
1889	7.0619	7.38183	0.0745477	3
1894	5.57021	13.0704	0.220771	3
1919	6.02215	1.0906	-0.275206	3
1933	7.24754	4.63105	0.925725	3
1957	6.7984	14.6924	-0.0456665	3
1960	7.3282	11.1652	0.786287	3
1968	6.52714	17.507	0.605165	3
1986	5.76488	9.1479	1.29017	3
2004	6.49082	8.8938	0.575881	3
2017	5.62783	24.6386	0.466766	3
2023	6.47497	14.5769	-0.018852	3
2024	7.02847	12.5725	0.0138618	3
2039	6.22903	15.1554	-0.566234	3
2048	6.42438	22.6466	0.0878333	3
2050	6.99191	15.8095	0.0982326	3
2056	6.78083	3.48422	0.605274	3
2060	5.42691	16.53	0.724563	3
2063	5.00596	2.93356	0.378923	3
2064	5.99343	2.53196	-0.0965853	3
2094	5.23457	19.7081	0.269026	3
2108	5.45524	24.6192	0.638471	3
2115	5.38088	2.89355	0.866303	3
2118	5.86834	13.1607	0.364349	3
2121	6.13644	6.11622	0.951209	3
2122	5.73111	6.24461	0.461438	3
2142	6.37956	5.57506	-0.294036	3
2165	6.93461	6.94361	1.04721	3
2183	6.00587	4.89739	0.424017	3
2186	6.68752	13.8888	0.862725	3
2210	7.22358	21.9009	0.481798	3
2224	6.45725	5.52596	0.876459	3
2226	5.83031	0.661057	0.357926	3
2239	5.38455	2.35229	0.383286	3
2250	6.22123	0.543018	0.518904	3
2253	5.07681	3.08378	0.717285	3
2265	5.71134	1.89945	0.364412	3
2272	6.15461	10.6044	0.300773	3
2286	6.34313	8.5337	0.467474	3
2327	5.97207	24.2804	-0.0444631	3
2367	5.78802	9.45332	0.661519	3
2369	6.04997	12.405	-0.10196	3
2380	6.41718	18.3305	-0.476298	3
2406	6.80606	9.61336	0.698253	3
2410	7.48148	0.256198	1.03009	3
2423	6.81706	21.6472	0.0320406	3
2426	5.73777	6.95025	-0.60515	3
2446	6.5127	22.9579	-0.56801	3
2447	5.86688	21.9943	0.620559	3
2452	6.88169	6.1015	0.393961	3
2457	7.101	5.19104	-0.395527	3
2506	5.33525	4.93159	0.245539	3
2538	5.34446	20.811	0.769262	3
2544	5.70846	12.8824	0.564069	3
2549	5.94482	19.2531	0.42364	3
2552	7.42768	17.1853	0.344025	3
2582	5.44767	18.7683	-0.344664	3
2596	6.47545	24.8476	0.321991	3
2600	6.33932	10.4957	0.18394	3
2615	5.26416	1.82557	-0.233165	3
2621	6.00383	1.41312	0.878513	3
2625	5.28874	0.571525	0.511035	3
2634	6.23755	2.5637	0.640957	3
2642	6.79925	2.70167	0.0477155	3
2645	6.19679	5.51003	0.449039	3
2646	6.10872	14.0083	0.856582	3
2662	6.02309	17.4985	0.500482	3
2668	6.92718	6.91948	0.439414	3
2674	5.59692	10.2792	1.14075	3
2685	6.89239	10.0215	-0.0186407	3
2700	7.2869	19.6594	0.224792	3
2705	6.68738	17.8965	0.474941	3
2713	5.36624	11.845	0.386923	3
2719	6.26494	15.434	0.320179	3
2725	6.6196	8.18174	-0.324249	3
2730	6.07495	19.4736	0.262709	3
2774	5.07674	15.0844	0.594167	3
2781	5.31712	5.06387	0.848422	3
2785	5.71482	19.9265	0.21103	3
2791	6.12447	0.323725	0.728201	3
2813	6.98237	4.74077	0.016185	3
2831	6.6564	16.5919	0.247989	3
2839	5.5113	0.377782	0.20909	3
2873	7.01307	0.345678	0.381796	3
2874	6.92312	0.746853	1.05572	3
2888	5.88004	0.675416	0.50316	3
2898	5.36094	6.32006	0.555365	3
2899	6.94489	9.9417	0.395841	3
2900	6.15005	8.18364	0.373017	3
2904	7.39821	2.51196	-0.153034	3
2914	5.73186	6.07297	0.0291338	3
2922	7.09559	7.22701	-0.159605	3
2931	7.16453	11.5176	0.604689	3
2933	6.38459	20.1627	0.727825	3
2937	6.70639	10.0817	0.0793392	3
2948	5.17042	9.82253	-0.0738405	3
2952	5.86839	22.011	-0.101117	3
2962	7.33268	18.8576	-0.269772	3
3010	6.91913	20.6341	0.316215	3
3022	7.43066	9.85789	0.717174	3
3038	7.41486	20.5795	0.959943	3
3050	5.76364	7.8677	0.301598	3
3051	6.27809	17.7093	0.270227	3
3052	5.70592	17.3831	0.301664	3
3080	7.21698	24.9852	0.106229	3
3094	7.49778	15.9623	-0.478368	3
3098	5.97627	23.0554	-0.0455825	3
3106	5.44184	6.72699	-0.0852015	3
3114	5.52548	17.9702	0.359829	3
3123	7.27871	20.0704	-0.124558	3
3141	5.34724	20.2842	0.985848	3
3146	6.74425	7.21058	1.11946	3
3148	7.16745	12.8858	0.305787	3
3149	5.43905	11.1832	0.267873	3
3151	5.01834	14.7183	0.789633	3
3155	5.96161	5.15748	0.625924	3
3198	7.09938	17.7484	-0.142286	3
3217	6.16667	10.1058	0.584536	3
3218	6.14139	1.45535	-0.657971	3
3220	6.42313	23.2479	0.146419	3
3222	5.31761	17.4698	0.438522	3
3226	6.28306	1.20766	1.15598	3
3254	6.88614	20.8933	0.462398	3
3257	5.25166	17.3218	-0.129229	3
3263	6.47048	13.4887	0.0948395	3
3289	6.06907	12.6128	0.433476	3
3290	6.80513	11.9532	0.731695	3
3293	6.18768	16.3855	1.10486	3
3294	7.12692	10.8189	0.887125	3
3307	7.01077	17.7046	0.313469	3
3314	6.19643	10.8737	0.171528	3
3316	5.37844	14.2969	0.571524	3
3322	6.78249	0.193736	1.2302	3
3336	6.85029	15.7224	1.33222	3
3351	5.22819	20.0728	-0.169417	3
3357	6.82815	9.37615	0.135789	3
3374	7.20996	12.1248	-0.00341871	3
3390	5.47041	14.0584	0.632031	3
3422	6.8707	19.6018	0.212008	3
3433	5.24578	14.9385	0.82481	3
3439	6.17916	10.3775	-0.908139	3
3447	5.06192	8.69274	0.282388	3
3460	5.42993	12.1255	0.364919	3
3461	6.41647	21.0827	-0.167497	3
3473	6.87493	9.4578	-0.237422	3
3488	7.17795	9.902	0.73185	3
3490	7.49805	18.5497	0.615725	3
3493	6.37135	5.67452	-0.160103	3
3517	6.48115	3.96159	0.669006	3
3519	5.9815	24.5923	-0.11269	3
3520	6.58479	15.2002	-0.144252	3
3529	6.15011	1.04521	0.0421362	3
3530	6.78028	1.07435	0.78997	3
3532	6.02003	1.57615	-0.192468	3
3553	5.12242	3.02882	0.75707	3
3562	6.51785	18.041	0.851739	3
3596	6.12868	24.1318	0.074831	3
3600	6.04799	5.12392	0.208498	3
3601	6.06941	4.31833	0.798135	3
3604	5.35537	18.5761	0.356648	3
3608	6.40523	9.14021	-0.099914	3
3610	5.14184	24.3749	0.99862	3
3613	6.1487	19.0074	0.416357	3
3618	5.36667	21.0264	0.757956	3
3622	5.84817	2.76087	0.4161	3
3623	7.42304	10.747	0.506929	3
3627	5.21142	1.7959	0.485856	3
3631	5.71771	6.44732	1.34799	3
3634	5.2058	18.9502	0.89143	3
3650	6.99978	0.926446	-0.134238	3
3652	6.98166	20.8027	-0.383968	3
3661	7.35449	6.93945	0.50588	3
3663	6.71384	7.94655	0.154373	3
3681	5.71292	10.5617	0.0364565	3
3687	7.45449	23.4114	0.100774	3
3711	7.30005	2.60353	0.193658	3
3721	6.59166	12.8176	-0.025782	3
3733	6.65331	8.7939	0.13183	3
3737	7.26651	24.1776	-0.314859	3
3739	6.15093	13.0391	0.900736	3
3740	6.01095	13.1297	-0.155342	3
3752	7.19263	4.26814	0.417446	3
3753	6.03957	3.45523	0.8783	3
3769	5.94535	19.7248	0.272336	3
3778	7.21851	12.3559	-0.676913	3
3780	5.2605	14.1246	0.153704	3
3783	6.92779	19.8323	0.23441	3
3791	6.6646	19.6363	0.214046	3
3797	5.50998	24.2948	0.0414958	3
3818	6.19592	2.81353	0.501312	3
3833	5.42181	19.7561	0.693885	3
3836	6.34468	20.1549	-0.110141	3
3850	5.67547	23.687	0.987383	3
3858	6.17163	17.1052	1.07928	3
3861	6.85205	24.5192	0.678244	3
3877	5.76593	9.99688	0.92803	3
3909	6.79327	5.57279	-0.118849	3
3918	5.15126	3.91505	0.592182	3
3920	5.23583	17.0103	0.355808	3
3923	5.20389	8.46245	0.328258	3
3926	5.97046	20.3222	0.639436	3
3953	5.9578	8.27131	-0.226525	3
3963	5.24866	5.91301	1.37392	3
3982	5.81529	0.816054	-0.111704	3
3988	6.37512	0.446747	0.650855	3
3989	6.22989	0.401716	0.380319	3
4004	7.16671	2.46728	0.21542	3
4009	6.60798	12.2879	0.158597	3
4021	6.67947	17.1588	0.46384	3
4043	6.35077	1.21991	0.156534	3
4052	7.00404	14.9864	0.614006	3
4054	5.8715	15.4035	0.916488	3
4065	5.64878	24.4366	0.304714	3
4097	7.20138	6.65983	0.0759111	3
4100	7.12264	15.5726	0.270767	3
4129	7.41074	9.97946	1.14052	3
4138	5.73676	7.90798	-0.21871	3
4142	5.02326	16.967	0.97484	3
4	9.95387	8.84912	0.977345	4
8	8.30701	12.7931	0.393278	4
29	9.62022	12.4322	0.263909	4
33	8.05226	21.0474	0.215077	4
40	7.9263	8.02141	0.619232	4
42	8.37731	5.13182	-0.517497	4
50	9.42938	9.14622	0.210627	4
63	8.66316	12.3595	0.966266	4
66	8.3377	0.596743	0.159901	4
76	8.79503	17.8613	-0.280207	4
77	8.37969	5.83612	0.771976	4
94	9.79476	6.36971	0.512204	4
106	9.26978	24.2403	0.357967	4
112	7.75304	15.4572	-0.281036	4
113	7.9309	18.1867	0.597093	4
114	8.2221	15.2189	0.0844619	4
129	8.22035	0.250745	0.532544	4
134	9.7003	3.25133	0.203553	4
136	7.66462	12.7601	0.295115	4
140	9.66408	16.7899	0.698709	4
142	9.20078	0.263896	0.271815	4
152	9.20328	8.88068	0.0418394	4
159	9.71342	12.3245	0.199352	4
167	9.3478	11.0699	0.714905	4
184	9.9073	10.7261	0.610112	4
196	8.247	7.94986	0.34272	4
199	9.50523	20.8411	-0.231567	4
210	9.6443	19.0897	0.505285	4
220	9.04551	12.2643	-0.343939	4
228	9.40258	1.96433	-0.149757	4
249	9.65371	10.7792	0.487306	4
283	8.05635	1.04411	0.497376	4
285	9.29142	13.285	-0.0160597	4
294	9.71266	18.9438	0.753616	4
299	9.38592	24.2908	-0.134366	4
307	9.74405	22.3071	0.210792	4
335	8.61911	2.27366	0.0680414	4
349	8.59605	21.7258	0.80768	4
357	7.614	23.3822	-0.0732662	4
365	9.5127	0.257104	-0.878206	4
369	8.40299	12.9153	1.07986	4
387	7.95729	3.7661	-0.347291	4
399	8.86234	3.51495	0.236611	4
402	9.87882	6.77947	0.0756944	4
419	8.39764	11.6748	0.338283	4
435	9.75659	11.6215	0.316425	4
444	8.26715	9.03999	0.470304	4
460	9.63492	20.9548	0.702367	4
461	8.17224	18.9044	0.837971	4
466	8.73349	2.43164	-0.0125217	4
468	7.60672	22.0889	0.762429	4
477	9.02789	7.01352	-0.141482	4
488	9.03687	13.6476	1.19702	4
497	8.87278	21.9275	1.80794	4
505	7.67675	6.93136	-0.0727854	4
515	8.86299	21.9212	-0.104145	4
538	8.52659	22.6483	-5.8189e-05	4
542	8.30522	2.73393	-0.0712946	4
548	9.54439	19.5705	0.649652	4
551	7.7512	4.28026	0.126955	4
564	9.36846	7.83759	0.34333	4
572	8.49634	9.49714	0.549115	4
576	9.40011	23.4817	0.353092	4
583	8.22771	0.117021	-0.0802569	4
599	7.8292	18.8684	-0.112617	4
601	9.83143	4.60925	-0.189898	4
603	8.30918	4.09794	0.773024	4
605	9.03609	16.4609	0.653184	4
613	7.86951	21.2011	0.950563	4
614	7.83296	10.5066	0.612786	4
632	8.705	15.208	0.409858	4
643	9.79783	23.0061	0.675738	4
655	8.71689	14.1487	0.404423	4
656	9.46811	10.956	0.464383	4
659	8.86418	9.16947	0.747684	4
670	8.07626	6.35996	-0.209789	4
692	9.73145	9.31216	0.774876	4
732	9.51003	4.95149	-0.7136	4
737	8.30304	22.3745	-0.691132	4
743	8.92323	15.1597	-0.0120785	4
746	9.37523	6.2885	0.29948	4
747	8.86195	14.0199	-0.0843659	4
751	9.07913	20.4494	0.425232	4
755	8.31581	12.2814	0.0846904	4
765	8.50244	17.2826	0.0512453	4
774	8.88265	11.2521	-0.00696442	4
782	7.98511	23.5986	0.0592706	4
784	7.76748	12.8614	-0.544958	4
790	7.77239	8.26641	-0.365501	4
793	9.85686	11.0834	0.824505	4
795	8.58636	16.296	0.910109	4
799	8.90933	1.08954	0.850623	4
813	7.86292	4.85816	-0.325848	4
817	9.21197	10.9561	0.133749	4
849	8.78788	10.8081	0.27152	4
876	7.58211	21.3388	0.489812	4
891	8.02607	16.4831	0.278826	4
892	8.09055	11.201	1.34899	4
907	8.58062	12.7371	0.363559	4
909	8.28172	13.7133	1.33295	4
914	7.85763	6.71773	0.0605154	4
922	8.38814	24.1625	0.63319	4
945	9.92755	3.81052	-0.0607623	4
947	7.65048	19.0538	-0.463282	4
955	8.18101	19.8611	0.705504	4
969	9.84708	0.574864	-0.823253	4
986	8.34248	19.6246	1.18993	4
988	8.50829	18.8272	-0.0609356	4
998	8.34238	23.3763	0.828657	4
1009	9.38295	9.81335	0.236458	4
1028	7.81585	20.24	0.323951	4
1030	7.8791	2.22301	0.291387	4
1035	9.74929	22.5649	0.236616	4
1054	9.59268	23.2371	0.0852758	4
1057	9.71571	7.87606	0.14948	4
1062	9.45271	18.2082	-0.375992	4
1086	9.19206	21.5214	0.0324686	4
1129	8.32191	17.7494	0.889932	4
1141	7.9707	2.79244	-0.195701	4
1159	9.0516	8.29704	0.50327	4
1178	7.59121	3.61624	0.0964406	4
1190	8.89786	22.5169	0.375842	4
1196	9.83355	18.8987	0.25532	4
1200	8.11947	22.3848	-0.296065	4
1209	9.64132	21.3435	0.724555	4
1227	7.50572	1.10146	0.658572	4
1234	9.37119	15.6379	0.220754	4
1239	7.5564	18.2756	0.433846	4
1245	9.46058	3.00968	0.40425	4
1248	7.93708	22.4883	0.0741692	4
1251	9.81031	14.3689	0.384214	4
1270	9.79024	8.36039	0.220156	4
1290	9.76149	1.78134	0.849275	4
1291	7.80261	23.9553	0.635246	4
1297	8.81246	0.871327	0.273546	4
1299	7.82992	18.2752	0.545129	4
1318	9.62159	24.2274	0.622486	4
1349	9.14199	14.7024	-0.447793	4
1369	8.86796	10.6251	0.926931	4
1385	9.09575	12.3809	0.143039	4
1388	9.18139	3.44588	0.0855706	4
1413	8.5065	1.75607	-0.262323	4
1420	8.13533	13.9598	-0.130825	4
1422	9.99748	15.3634	-0.173702	4
1426	8.98995	22.6988	1.05813	4
1429	8.26037	0.127104	0.480492	4
1431	9.85879	9.6268	-0.231518	4
1448	9.76525	24.2477	-0.158683	4
1453	8.70184	8.51184	0.666163	4
1465	7.55372	8.28359	0.621404	4
1492	8.69701	24.7809	0.265537	4
1506	8.18175	4.43642	0.606469	4
1513	9.32272	21.9516	0.684277	4
1613	8.59906	24.4292	-0.438928	4
1619	7.58159	15.498	0.820073	4
1620	7.56788	17.6304	0.619556	4
1623	8.37778	23.4855	0.196137	4
1624	8.5125	22.8815	-0.139055	4
1641	8.13437	2.55457	0.530096	4
1648	8.34255	17.9367	0.785195	4
1680	8.69196	16.5504	-0.261315	4
1690	8.87628	23.2186	0.79532	4
1696	7.66045	21.2325	-0.27903	4
1699	7.82831	23.9413	-0.640304	4
1703	8.05741	18.4725	0.309412	4
1708	7.63975	6.30317	0.714542	4
1722	9.21009	1.52173	0.505784	4
1732	8.16969	3.81363	-0.688958	4
1734	8.78761	2.15965	1.08366	4
1746	9.51014	22.1261	0.0147393	4
1760	7.57608	14.3066	0.752345	4
1768	9.11779	19.6832	0.288963	4
1771	9.28708	15.9931	0.424728	4
1792	9.5788	8.67271	0.259687	4
1802	7.76614	14.2936	-0.161763	4
1823	9.59611	1.38396	-0.773586	4
1847	9.82204	1.14315	-0.278082	4
1857	9.16444	7.36248	0.950613	4
1858	9.52537	8.1115	0.28662	4
1863	7.64315	16.2999	-0.243729	4
1874	9.10287	1.82294	0.605892	4
1904	8.96447	15.367	-0.300061	4
1905	8.44692	15.1057	0.485429	4
1909	9.36028	7.34066	0.903434	4
1918	9.42211	10.4934	0.553157	4
1921	9.06086	21.8425	-0.0944487	4
1922	9.5162	21.3747	0.196802	4
1923	8.49095	16.0321	0.19995	4
1948	7.58598	8.95495	-0.0439635	4
1959	7.50358	12.2608	-0.394951	4
1962	7.62354	15.5069	0.119411	4
1965	8.98837	17.4497	0.613953	4
1972	8.98093	1.83526	-0.439535	4
1975	9.44061	14.2054	0.529047	4
1982	7.96663	6.19794	0.536559	4
1983	8.61991	6.66876	0.529362	4
1989	7.67564	19.2056	0.253417	4
1990	7.66714	3.95352	-0.311129	4
1998	8.79117	10.1698	0.662435	4
1999	9.87389	3.97588	0.68642	4
2020	8.66292	17.2377	0.378986	4
2028	8.18712	9.59053	-0.278889	4
2072	9.37504	23.0769	0.730876	4
2074	7.51675	15.6941	0.258895	4
2075	8.14608	24.9091	0.381869	4
2087	8.49991	14.0126	0.473434	4
2111	7.50531	21.4405	0.986578	4
2146	9.84312	7.90418	0.105089	4
2154	7.68848	5.52964	0.0633343	4
2170	8.13968	5.66189	0.827802	4
2193	9.30931	5.93793	0.727623	4
2196	8.815	0.0384427	0.28075	4
2204	9.60308	16.4	-0.125374	4
2205	9.57835	21.3438	0.145645	4
2206	9.41288	23.017	0.707527	4
2207	9.83441	3.19664	-0.288131	4
2227	7.79388	2.60466	0.280974	4
2232	8.66904	23.423	0.498982	4
2236	9.80623	10.4746	0.42293	4
2242	9.11756	4.6721	0.644136	4
2244	9.48133	11.9585	0.38001	4
2246	8.23138	6.88826	0.0439589	4
2269	9.35355	13.8847	-0.0642293	4
2282	8.11747	24.7891	0.0981808	4
2290	8.42175	15.5229	1.16874	4
2316	8.94893	17.9492	0.61824	4
2330	7.69045	17.486	0.326	4
2337	8.48369	6.97279	0.168948	4
2365	9.29582	9.00653	-0.193124	4
2374	9.93337	14.0401	-0.196491	4
2401	7.55596	12.5466	0.558394	4
2421	8.12454	19.9533	-0.312071	4
2424	8.35616	5.96707	0.0875682	4
2434	9.00128	3.34991	0.530839	4
2435	9.6756	12.2505	-0.19802	4
2436	9.78301	17.6666	0.575495	4
2439	9.31127	0.894079	0.713531	4
2454	7.92332	6.96762	0.182081	4
2456	8.29238	3.8324	0.335412	4
2471	7.69502	14.5248	0.464226	4
2480	8.31695	8.13505	0.849199	4
2493	8.85874	18.9913	0.332562	4
2500	8.30902	17.6907	0.166649	4
2512	9.86675	24.3633	0.574905	4
2515	8.70488	20.159	-0.307701	4
2523	7.80546	11.4199	0.348123	4
2542	8.34524	14.6562	0.420369	4
2548	8.69244	2.03798	0.482251	4
2553	9.57388	14.4817	0.667746	4
2561	8.14303	10.0955	0.247155	4
2566	8.2102	8.6928	-0.107992	4
2573	9.94846	19.1644	0.111936	4
2606	7.95495	21.9971	0.454052	4
2610	8.94887	7.38588	1.06676	4
2611	9.22212	5.77389	0.0667134	4
2612	9.46218	20.8196	0.229272	4
2641	8.55731	0.780681	0.177709	4
2643	9.23409	18.7699	0.626716	4
2651	9.72467	2.28789	0.471035	4
2653	8.76285	9.34274	-0.0748261	4
2679	8.58286	13.3515	0.843318	4
2683	9.20708	24.7604	0.212702	4
2684	8.74317	24.7505	-0.38411	4
2694	9.7573	10.2781	-0.132939	4
2695	8.84995	16.0179	-0.0847323	4
2708	9.30253	12.9959	0.470924	4
2710	9.20247	12.5222	0.320111	4
2716	8.86784	6.2956	-0.254808	4
2721	9.25866	19.0637	0.861804	4
2741	8.35198	14.6883	0.347436	4
2744	9.43429	3.08986	0.141335	4
2754	7.59707	6.21938	0.95418	4
2757	8.85104	1.27338	-0.148616	4
2759	9.27649	23.5433	-0.427825	4
2764	9.67088	18.6953	1.13055	4
2776	7.93725	23.1809	-0.339008	4
2782	9.5781	4.84409	0.752301	4
2810	9.29624	18.0498	0.0705937	4
2823	8.92921	7.09377	-0.100453	4
2837	8.95185	20.5744	0.0779021	4
2843	9.36768	24.9035	0.220452	4
2845	9.80587	4.19784	0.584616	4
2854	9.73899	8.69817	0.716817	4
2864	9.10446	5.61926	-0.0451612	4
2878	9.55736	15.8768	0.543355	4
2889	9.06325	4.22644	0.883771	4
2897	7.62978	7.57074	0.372627	4
2902	8.17576	14.0549	-0.0974988	4
2917	7.60577	10.472	0.701824	4
2923	9.83132	5.22359	0.665381	4
2928	9.25688	0.592173	0.882364	4
2930	9.03771	8.02521	1.02613	4
2942	7.88817	11.8471	-0.54914	4
2943	8.18494	18.6091	0.297068	4
2949	9.14365	16.1694	0.0853817	4
2953	8.06741	11.2438	0.00705487	4
2960	7.95775	24.6857	0.262272	4
2963	7.69822	19.813	0.75186	4
2973	9.5725	2.85023	0.668331	4
2978	9.63672	16.2147	0.562526	4
3007	9.00121	13.2921	-0.0320503	4
3020	7.52705	20.2088	-0.167837	4
3025	9.09826	18.1998	0.742498	4
3027	9.26006	13.0952	0.469307	4
3031	8.37547	8.31415	0.576572	4
3032	9.4995	13.4141	0.716487	4
3044	8.54307	10.1402	0.982713	4
3053	9.0611	4.02624	-0.161156	4
3061	7.86174	5.85962	0.291858	4
3067	8.73592	20.8919	-0.80341	4
3073	8.17612	16.6894	0.345736	4
3089	9.00536	19.3242	1.44107	4
3090	9.13147	19.2439	0.203241	4
3096	8.45883	17.9973	1.19247	4
3097	9.22648	11.3914	0.27156	4
3115	9.64786	13.3661	0.981815	4
3126	9.62455	23.5021	0.778267	4
3142	9.40885	1.76488	0.319092	4
3144	7.77434	20.7209	-0.317908	4
3158	9.44869	2.62462	0.254179	4
3180	8.69886	8.50105	0.214702	4
3184	9.865	16.3348	0.0118904	4
3193	8.40746	3.89135	0.657596	4
3210	9.87772	1.60027	0.0229881	4
3213	8.54898	0.737032	0.097439	4
3221	9.84742	9.31258	0.0793736	4
3258	7.99466	8.96918	-0.168253	4
3259	8.07655	5.84337	0.501121	4
3266	9.29408	23.1422	0.254002	4
3269	8.37045	14.3624	0.532977	4
3272	9.08769	11.3378	-0.0428559	4
3283	9.50823	12.3353	0.298466	4
3284	9.35977	6.51594	1.26412	4
3311	9.98254	18.7963	-0.212173	4
3313	9.30636	23.4118	-0.651823	4
3315	7.59755	10.0935	0.0425344	4
3331	9.30377	12.7918	0.236075	4
3332	8.05054	11.5336	-0.0266034	4
3333	7.82941	11.8129	0.465985	4
3334	9.21713	15.8173	0.823872	4
3353	9.60973	0.213393	-0.0460608	4
3371	8.73192	6.95643	0.346682	4
3373	7.79766	12.2257	-0.422137	4
3396	7.649	19.4684	0.673918	4
3405	8.6672	17.8739	0.34099	4
3406	8.55331	12.2502	0.612268	4
3415	9.63727	9.15626	1.00648	4
3420	8.29024	6.0446	0.564343	4
3421	9.07952	19.8253	0.0342765	4
3458	8.96847	10.234	0.268621	4
3459	8.30445	10.5138	0.688363	4
3467	9.67005	0.498908	1.16535	4
3480	8.12412	11.2783	-0.155108	4
3484	7.51792	21.3002	0.267764	4
3491	8.16422	18.1133	0.579615	4
3494	8.82855	17.5675	0.217315	4
3495	8.52104	24.4726	0.147191	4
3501	9.06281	19.4996	-0.158634	4
3533	9.23922	2.23066	0.460973	4
3574	9.07659	5.56108	0.685225	4
3579	7.58741	15.4986	1.05682	4
3586	8.64307	9.81816	-0.168875	4
3587	8.83132	3.59127	0.00900436	4
3599	8.68301	19.139	0.473385	4
3606	8.15083	10.0207	0.76716	4
3617	8.72711	22.306	0.399666	4
3620	9.10549	24.0431	0.408457	4
3621	9.10299	23.9155	0.266065	4
3629	8.37168	24.6119	-0.26912	4
3636	9.29273	9.26341	-0.570398	4
3642	9.66099	24.8368	0.656576	4
3651	8.24985	8.45288	-0.0446256	4
3654	9.97956	10.6061	0.609217	4
3660	7.73264	6.20672	0.24814	4
3665	9.03662	15.6659	1.43499	4
3683	8.28083	16.91	0.424764	4
3685	8.32345	4.31077	-0.489532	4
3689	9.44735	17.7564	0.883506	4
3710	9.59032	19.6975	0.779475	4
3719	8.59789	23.5993	-0.212564	4
3725	9.84367	12.1581	0.342782	4
3728	7.98365	20.3762	0.370762	4
3736	8.52529	6.43948	0.397841	4
3741	8.11475	0.633669	0.716242	4
3742	7.81356	20.4017	1.14407	4
3744	7.53832	18.9446	0.241938	4
3762	8.41233	10.6688	-0.210501	4
3772	9.84179	11.8037	-0.165113	4
3773	9.90942	4.85012	-0.160869	4
3775	7.71105	0.320548	0.501051	4
3821	7.93321	15.8967	0.477965	4
3822	8.75305	16.2874	0.181658	4
3839	9.79613	15.6469	0.819855	4
3843	8.066	15.3909	-0.130442	4
3847	9.11117	1.75453	-0.537525	4
3849	8.11904	4.22157	-0.0368072	4
3864	9.29475	23.3192	0.67554	4
3867	8.8224	21.5785	0.326936	4
3875	8.7439	21.99	-0.0390079	4
3897	8.55602	21.0499	0.0960636	4
3899	7.7175	21.6652	0.378667	4
3900	7.7114	21.8281	0.321592	4
3910	8.78065	4.44824	0.218079	4
3940	8.22531	9.31739	-0.820732	4
3943	8.3573	10.4166	0.699089	4
3951	8.87291	16.0955	0.196209	4
3974	9.92276	15.7188	0.485023	4
4001	9.82714	24.4258	-0.0495787	4
4002	9.58618	24.3453	0.120938	4
4003	9.98457	24.658	0.992109	4
4028	8.9677	7.22855	0.141124	4
4041	9.06359	9.50402	-0.244903	4
4045	9.70782	12.035	0.763805	4
4053	8.22205	15.5224	0.220795	4
4071	8.66286	10.9286	0.7717	4
4072	8.93778	10.2339	1.29283	4
4073	9.49431	9.99726	-0.0805938	4
4077	7.83616	23.6694	0.690554	4
4079	8.63254	8.68898	-0.846924	4
4094	8.58429	3.12872	0.274352	4
4103	7.89289	6.37792	-0.178686	4
4111	9.38249	18.7156	0.735429	4
4121	8.5789	16.9377	-0.990612	4
4122	9.71064	4.66111	-0.467804	4
4128	8.66974	6.46003	-0.950425	4
16	11.7587	4.88562	0.377333	5
23	11.6522	0.366513	0.468907	5
26	11.8191	17.403	0.206924	5
37	12.4439	9.52453	0.0834151	5
51	10.4004	15.4261	-0.245993	5
52	10.4727	9.09595	0.33919	5
60	10.5718	15.7297	0.0716608	5
64	11.1052	18.2401	0.153334	5
74	11.4379	8.00791	-0.154738	5
91	11.3376	13.971	0.356686	5
125	11.8598	11.2539	-0.0487272	5
133	10.1025	12.5243	-0.180686	5
150	10.6862	24.8787	0.876385	5
162	10.3622	12.9846	0.591691	5
163	11.39	2.78783	-0.198291	5
185	10.5015	7.80102	0.593355	5
213	12.1018	1.08323	-0.239688	5
221	12.1708	22.0023	0.658567	5
255	12.2536	4.7132	-0.552131	5
262	11.7221	3.93322	0.679801	5
263	10.1821	20.7883	0.238746	5
279	12.0515	4.58287	0.344337	5
286	10.2978	19.2423	0.84357	5
301	11.4504	7.629	0.277964	5
319	10.0717	20.8771	-0.252621	5
320	10.8071	15.8333	0.061323	5
326	10.08	13.821	0.393986	5
341	12.0668	0.44224	1.05894	5
408	10.058	23.2251	0.0266013	5
409	11.3632	10.9771	0.591547	5
415	11.582	5.24002	0.0700157	5
421	12.2397	3.35391	0.10745	5
423	11.561	14.5714	0.522662	5
425	12.4651	3.80638	0.527136	5
445	11.9231	18.2917	0.141258	5
451	12.2181	8.81037	0.515407	5
469	11.4981	8.65288	0.650429	5
484	12.2102	24.4487	0.694725	5
491	10.2166	6.91543	0.155131	5
493	11.7217	1.62471	0.385348	5
502	11.0083	5.8631	0.352522	5
506	12.4146	0.333281	0.601839	5
540	10.6426	5.11363	-0.0382573	5
565	10.8526	3.47316	0.926537	5
570	10.3999	3.88739	0.871266	5
609	10.1321	5.14802	-0.0285327	5
618	11.8316	3.11811	0.471707	5
664	11.6482	4.17562	0.604123	5
682	10.1727	21.5167	0.0461109	5
683	11.5803	1.09661	-0.124141	5
693	12.3794	20.292	0.361079	5
700	10.3982	12.4476	0.486312	5
722	10.979	0.062101	-0.102957	5
727	11.1893	19.4806	0.793485	5
733	10.5851	0.239367	0.763573	5
750	10.1915	21.6152	1.36522	5
766	10.8188	11.9163	0.727777	5
791	11.5261	19.8798	0.390085	5
796	11.5575	23.7226	0.851015	5
811	11.2176	4.93435	0.750578	5
812	11.7528	14.3533	0.42904	5
838	11.7132	15.0633	0.0941285	5
846	10.752	1.74344	0.493231	5
852	11.7492	16.4609	-0.305088	5
855	12.2006	23.8366	-0.06726	5
878	10.7618	2.32211	-0.237527	5
881	11.7082	1.36596	0.356589	5
882	12.2551	22.074	-0.216841	5
894	12.2078	16.9633	0.341809	5
895	11.5567	4.60169	-0.215614	5
936	10.6952	5.45864	0.0999645	5
957	11.121	0.577529	0.32121	5
964	11.2729	9.64955	1.28599	5
966	12.4948	5.20079	1.58728	5
967	12.1207	13.5191	0.571122	5
975	10.8934	22.7464	0.724869	5
1001	11.4595	9.0832	0.0577407	5
1010	11.1892	19.892	0.259929	5
1015	12.3269	15.5611	-0.339551	5
1018	11.7287	20.2237	0.640835	5
1034	11.7695	22.9807	0.84276	5
1040	10.7472	7.39969	0.100032	5
1053	11.7551	13.7214	0.721473	5
1069	10.7032	2.53935	0.181034	5
1073	12.4877	22.8306	-0.259823	5
1092	11.5658	1.2465	0.147461	5
1094	10.9234	2.09191	0.126578	5
1096	11.5753	7.92268	0.312259	5
1097	11.8887	7.61383	0.294688	5
1174	11.8663	22.8044	0.18713	5
1176	10.2322	24.8101	0.52317	5
1194	11.1388	11.2311	-0.0560121	5
1202	12.2028	6.99108	0.719347	5
1217	10.4109	20.2139	0.456569	5
1231	11.2743	17.2221	0.802126	5
1232	10.7206	22.9713	0.0576667	5
1246	11.5598	4.1068	0.238627	5
1255	12.0211	22.1387	1.18037	5
1295	11.6775	7.16584	0.732748	5
1298	10.3449	21.1168	0.263873	5
1320	12.3684	7.32172	0.273448	5
1324	10.4685	22.4214	0.0329233	5
1325	11.5693	21.204	0.240073	5
1327	10.7644	6.71477	0.458852	5
1328	10.0455	20.9724	-0.248976	5
1332	10.1961	0.850384	1.01819	5
1334	11.8376	18.8334	0.981072	5
1350	11.9337	12.5133	0.0468826	5
1353	10.1258	5.30748	0.546055	5
1358	10.2553	24.3987	0.0718212	5
1361	11.6247	24.1023	-0.00311987	5
1362	10.6133	17.9542	-0.268104	5
1383	11.5421	23.6773	0.501645	5
1391	11.1942	10.9355	0.62415	5
1405	11.7804	10.256	0.458988	5
1408	11.433	4.933	0.0602817	5
1418	12.3478	5.82186	1.0166	5
1427	11.0485	8.78771	1.3509	5
1441	12.1729	12.2258	-0.552541	5
1442	10.6165	16.8373	0.179051	5
1444	11.6143	6.97625	1.2752	5
1449	10.5012	22.6774	0.449101	5
1451	10.5047	2.02709	-0.522039	5
1456	11.5598	16.7926	0.598333	5
1485	11.929	15.0139	0.208064	5
1488	11.5139	10.6275	0.280462	5
1501	10.484	10.7981	-0.11385	5
1509	11.6205	21.5399	-0.291455	5
1516	11.0072	16.7312	0.468596	5
1517	11.2189	12.3987	-0.386494	5
1523	10.9259	24.8039	0.353758	5
1528	10.1027	22.5025	0.250779	5
1541	12.1807	17.3461	0.698472	5
1546	11.5369	14.8667	0.703396	5
1550	11.0233	22.8387	-0.621624	5
1555	10.8381	18.9032	0.0613456	5
1575	12.3753	15.7138	0.638134	5
1581	11.5811	9.40884	0.82772	5
1584	11.9095	2.39018	0.349908	5
1593	11.6566	10.6058	0.161715	5
1599	10.1186	16.8629	0.750224	5
1602	10.1925	4.80165	-0.0767264	5
1603	11.0926	20.3453	-0.269948	5
1606	10.2207	24.3408	-0.235742	5
1609	11.9582	3.12192	-0.00261377	5
1622	10.5454	23.2589	-0.318721	5
1629	11.9094	13.7408	0.335879	5
1664	10.1967	7.23706	1.17502	5
1667	10.28	11.9307	0.0487234	5
1672	11.4709	9.20301	-0.0160494	5
1676	10.9316	2.9601	0.0587909	5
1681	12.2329	20.1279	0.155929	5
1688	10.4034	9.85657	0.251926	5
1707	12.0927	17.4069	0.0217837	5
1717	10.7512	3.61428	0.891246	5
1718	11.0976	22.3558	-0.0572925	5
1720	11.5141	7.52267	0.450397	5
1727	12.3604	10.7877	-0.397065	5
1737	12.2247	3.33455	0.291815	5
1752	10.1147	17.9612	0.725098	5
1757	11.5951	6.98146	0.143293	5
1758	11.5637	5.73304	0.146367	5
1809	12.2552	2.53858	0.439011	5
1810	12.3678	18.466	0.13827	5
1846	10.0451	17.5249	0.941634	5
1856	11.5584	18.3976	1.01174	5
1862	10.4446	6.8948	-0.487443	5
1903	12.4661	5.81637	-0.28681	5
1910	11.8461	16.0797	0.235561	5
1916	10.0843	16.8653	0.860089	5
1924	11.3745	17.6478	0.190492	5
1925	11.7563	20.6447	-0.755961	5
1932	10.4533	21.5967	0.649421	5
1943	11.4863	6.27487	0.164033	5
1956	11.7476	22.0466	0.028304	5
1966	11.8598	1.53392	0.742905	5
1993	11.1639	15.4495	0.631184	5
1995	11.1612	9.29979	0.194803	5
2000	10.5469	15.4953	0.305242	5
2009	11.0103	7.19607	0.0200544	5
2022	11.6548	11.4263	0.716517	5
2025	11.9114	15.7376	0.944517	5
2034	11.8028	11.4539	0.14088	5
2038	10.7782	0.356582	-0.0251871	5
2057	10.2762	24.4761	0.186679	5
2059	11.8464	12.0694	0.904271	5
2083	10.8937	1.44579	-0.116625	5
2084	12.3462	8.39138	0.625752	5
2086	12.1743	13.8211	0.962407	5
2104	10.8774	17.3593	-0.204806	5
2117	10.4993	10.2688	0.0950109	5
2120	11.5267	15.9638	0.395029	5
2124	12.3013	13.4782	0.692511	5
2147	11.4052	15.4189	0.617449	5
2166	10.8751	16.0588	0.130143	5
2174	11.5681	12.9298	-0.0196939	5
2214	10.6923	22.3686	0.701999	5
2217	10.1902	18.8508	-0.0278539	5
2219	11.1474	13.3826	0.899403	5
2220	12.129	15.1594	0.428849	5
2221	10.3485	11.7189	-0.0516634	5
2222	11.5647	12.5787	0.31875	5
2231	11.2337	17.6737	-0.317583	5
2256	10.5684	18.1158	0.412135	5
2263	10.6001	13.9949	0.00664112	5
2267	12.2244	16.7031	0.582278	5
2274	10.5955	11.8514	0.50493	5
2283	10.9793	22.4601	0.336594	5
2284	12.1754	22.7747	0.334959	5
2285	10.3862	19.1482	-0.0125925	5
2293	10.6005	1.92158	-0.0715375	5
2294	11.5563	7.79529	-0.319913	5
2297	10.7623	10.8326	0.0977728	5
2314	12.2666	23.5469	1.00398	5
2317	11.6882	19.389	-0.793037	5
2320	12.4195	8.99632	0.171182	5
2328	11.2944	23.3701	-0.0475743	5
2386	12.1891	16.5454	0.737644	5
2395	12.068	15.3778	0.730862	5
2415	10.8313	6.63501	0.743946	5
2416	11.7801	16.1275	0.710049	5
2420	10.0778	16.2699	0.198174	5
2438	11.3356	15.9329	0.901617	5
2440	10.3776	1.69707	0.369266	5
2450	11.2349	20.7401	0.274068	5
2468	10.9132	10.5949	0.212639	5
2473	12.273	5.53447	0.277985	5
2485	12.2095	0.527859	0.388858	5
2491	10.8729	15.3376	0.358264	5
2495	11.4237	21.2245	-0.38476	5
2503	11.5275	9.29626	-0.30273	5
2511	11.15	6.90856	-0.103331	5
2517	11.2773	15.0776	0.280733	5
2531	11.0333	19.9359	-0.391598	5
2547	11.4475	11.0393	0.288522	5
2557	10.2543	13.3494	1.2529	5
2567	12.1634	21.6288	0.117866	5
2574	11.3923	24.9743	0.372684	5
2614	12.3635	14.442	0.71276	5
2632	10.8112	1.68862	0.574468	5
2640	10.2879	6.76291	0.569146	5
2654	12.2229	11.2827	0.71786	5
2655	10.5629	12.15	-0.520741	5
2669	11.7917	15.6618	0.182073	5
2672	11.524	4.63829	0.0659868	5
2681	12.2521	19.9265	-0.164022	5
2686	11.8601	18.234	0.984835	5
2690	10.5032	19.927	-0.401714	5
2702	10.3952	21.8622	0.439405	5
2703	10.0231	12.4208	0.842124	5
2753	11.8546	1.89247	0.5973	5
2760	12.1432	4.84102	0.385104	5
2761	10.3869	20.4353	0.240837	5
2783	10.6031	7.40519	0.0249808	5
2784	10.6008	15.4331	0.257899	5
2788	10.2314	13.335	0.684532	5
2792	11.3649	13.1258	0.329729	5
2794	11.4572	5.49946	-0.337788	5
2835	10.9731	12.07	-0.309554	5
2850	10.7469	14.9713	0.638626	5
2851	11.0645	14.7071	-0.0131736	5
2855	11.8581	19.0149	0.0772512	5
2866	12.3516	6.50739	-0.542822	5
2867	11.6722	6.88473	-0.174025	5
2875	11.2741	10.9769	0.649755	5
2876	10.8499	19.3352	-0.262589	5
2880	11.9688	16.1536	-0.0270851	5
2890	11.0389	21.4595	-0.329113	5
2916	12.3997	13.4043	0.670327	5
2920	10.0286	3.64268	-0.0207951	5
2936	10.1767	18.6475	-0.58957	5
2944	10.7857	16.8153	-0.540802	5
2956	11.3773	2.67198	0.296973	5
2974	10.3729	19.1245	0.128899	5
2981	10.7957	24.0308	0.127181	5
2983	11.4261	6.14468	0.140871	5
2986	10.3627	9.64683	0.706699	5
2996	11.016	8.71988	0.852423	5
3004	10.4924	22.0231	0.361793	5
3005	10.17	12.8283	0.371746	5
3009	12.3667	14.1937	0.250925	5
3018	12.0433	1.41326	1.05637	5
3030	10.2863	16.0339	0.577426	5
3041	10.0901	7.80708	0.463818	5
3054	12.1662	11.8043	0.0055197	5
3055	12.2786	12.0904	0.372189	5
3058	10.7312	17.6941	0.6104	5
3071	12.1382	22.254	-0.0673517	5
3072	11.5859	23.202	0.737171	5
3077	10.2344	6.33456	0.322643	5
3092	11.866	14.7267	-0.571677	5
3100	10.6568	8.4471	0.626259	5
3102	11.7715	1.55142	0.759647	5
3104	11.0487	13.5169	1.06484	5
3107	10.613	23.9521	0.0924465	5
3131	10.1339	22.5481	0.360913	5
3152	12.337	9.79572	0.633698	5
3153	12.1663	8.93728	-0.260653	5
3163	12.3217	19.2649	0.985655	5
3164	10.7961	12.0175	0.957873	5
3165	11.8187	12.4219	0.805067	5
3166	11.8408	12.1381	0.204613	5
3170	11.4173	16.0131	0.658696	5
3173	12.0766	11.0595	0.228361	5
3219	12.3233	14.4437	0.096506	5
3224	10.861	20.7818	0.140305	5
3232	10.1843	17.3978	0.183686	5
3240	11.4788	9.27047	0.675961	5
3241	12.15	0.675214	0.350855	5
3249	11.0449	8.33355	-0.281873	5
3261	10.3829	21.2474	0.7069	5
3264	10.7239	4.24361	0.68962	5
3278	11.6549	21.9036	0.190832	5
3304	11.2571	19.0186	0.873129	5
3312	10.5244	24.9854	1.14932	5
3323	12.3245	16.2948	0.878205	5
3324	10.5227	17.6012	0.340604	5
3326	11.4696	3.82588	-0.388312	5
3330	11.0265	13.6166	0.580096	5
3344	11.9787	23.8176	0.269617	5
3352	10.4688	13.5786	-0.285591	5
3361	12.1904	21.7385	0.14048	5
3367	12.4694	4.14074	0.29254	5
3379	11.6896	6.07786	0.457422	5
3389	10.2649	5.06159	-0.599382	5
3399	12.174	15.8364	-0.0570605	5
3408	11.3984	11.0588	0.516381	5
3437	11.2636	17.9224	-0.236448	5
3440	10.8144	17.6687	-0.377796	5
3445	12.1454	4.09113	0.079206	5
3446	10.9101	2.49523	-0.621047	5
3449	12.1514	14.0095	-0.214879	5
3450	11.1922	5.86275	0.780565	5
3463	11.2377	14.3164	-0.497029	5
3469	12.0687	2.16116	0.140622	5
3479	11.7272	8.6821	-0.334526	5
3492	11.3721	24.7466	0.469948	5
3503	10.8424	13.7669	-0.0851253	5
3525	10.4022	19.2456	0.374238	5
3541	10.732	18.8737	0.335154	5
3545	11.0826	0.122105	1.00646	5
3554	11.5362	24.0188	0.142718	5
3560	10.9414	18.5942	0.472598	5
3572	11.4271	12.3166	1.24735	5
3576	10.3634	0.641183	0.310416	5
3578	10.1967	6.90768	-0.395514	5
3580	11.6799	2.52007	0.918585	5
3583	12.2307	21.8608	0.147514	5
3590	10.6529	8.63046	0.175037	5
3591	11.8796	18.4211	0.159409	5
3594	12.1024	0.716996	0.0923495	5
3598	10.3118	22.3417	0.216827	5
3656	11.3624	6.3884	-0.0682032	5
3686	11.9484	1.95125	0.430409	5
3699	10.1134	22.8273	0.314411	5
3726	10.7677	3.48505	1.23296	5
3734	10.4014	12.3142	0.200629	5
3735	12.0341	14.0392	0.380046	5
3766	11.3605	15.62	-0.0137044	5
3767	10.71	16.381	1.29531	5
3782	11.7402	13.5851	0.264381	5
3789	11.5898	8.89616	0.443378	5
3803	12.4722	10.6925	0.12147	5
3816	10.9745	10.7186	1.25329	5
3866	11.6592	24.1211	0.460793	5
3896	10.646	15.5525	0.771748	5
3903	12.208	0.859391	0.861105	5
3907	11.3719	16.9917	0.454821	5
3908	10.2351	20.6486	0.847497	5
3917	11.3629	13.1562	0.155152	5
3925	12.0035	1.24903	0.321622	5
3927	10.0615	19.152	0.0527832	5
3942	12.3177	11.3159	-0.132607	5
3956	10.8177	8.30827	-0.0544518	5
3957	10.5285	8.60215	0.160927	5
3960	10.142	23.284	0.241344	5
3965	11.8211	17.0369	0.695675	5
3966	12.0204	13.5789	0.187916	5
3970	11.0191	19.0442	1.51349	5
3977	10.1025	2.2254	0.197083	5
3978	10.2874	2.81456	-0.0558735	5
3986	10.7428	20.2682	-0.178544	5
3995	11.4961	10.6367	0.0327326	5
3999	11.8233	22.4711	0.563789	5
4007	11.2596	6.00434	0.0766868	5
4018	10.2857	5.45671	0.237585	5
4031	11.4225	17.305	1.10761	5
4042	10.2534	6.20849	0.0176126	5
4048	10.573	12.4952	-0.0467272	5
4056	11.4451	11.6717	0.199695	5
4076	10.1401	14.8749	1.4292	5
4102	11.206	22.6002	-0.0578269	5
4106	11.8282	5.81916	0.520402	5
4107	11.946	6.15916	0.22799	5
4132	11.7212	18.8365	0.145255	5
4133	12.3552	19.1522	1.14194	5
4134	12.171	18.3671	-0.00957437	5
4143	10.6359	20.5144	0.478166	5
12	13.901	21.4011	-0.128519	6
15	13.6213	1.19413	0.249889	6
19	13.8421	20.2677	0.720106	6
30	14.0771	21.6136	0.821628	6
32	12.7198	5.25237	-0.0387939	6
47	14.589	5.06941	0.113988	6
53	14.3309	9.25217	-0.0220786	6
55	14.2061	2.97735	0.687231	6
67	13.6548	15.0769	0.614998	6
79	13.416	5.9552	1.28171	6
80	12.9582	4.15811	0.563869	6
88	13.1003	1.54225	0.167694	6
90	13.6862	18.1704	0.531116	6
138	13.5969	24.5006	-0.0221336	6
155	14.5682	13.152	-0.243474	6
176	14.0211	9.54335	-0.110403	6
180	12.5949	11.5486	0.0631067	6
186	13.4648	22.8021	0.81218	6
189	13.8663	17.8632	0.519389	6
191	14.9752	13.9379	1.32245	6
197	14.9322	11.472	0.294837	6
208	14.1074	23.0155	0.517227	6
209	13.7973	4.68632	0.202554	6
223	14.7388	15.9304	0.577244	6
243	14.961	14.5449	0.654054	6
256	14.2193	20.0659	1.77317	6
257	14.5879	15.7446	0.367158	6
258	12.6324	13.0412	0.10566	6
275	12.6523	0.62439	-0.119566	6
278	13.1417	3.99606	0.16231	6
287	13.9292	17.2669	-1.4567	6
313	14.8313	18.4896	0.561459	6
315	14.5906	19.7182	0.332422	6
332	14.4491	1.17711	0.878464	6
353	13.8413	5.27642	0.669854	6
360	13.9077	20.2694	-0.155074	6
361	12.5601	1.60258	-0.105907	6
372	12.9397	10.5392	1.08235	6
373	13.4145	17.8714	0.211389	6
374	14.0325	12.451	-0.2438	6
394	14.7981	20.7848	-0.132131	6
403	14.186	18.2853	0.851885	6
405	14.319	5.55857	1.13783	6
411	13.1965	17.7835	0.564946	6
417	14.4747	15.3977	0.817228	6
418	14.0076	9.0906	1.04736	6
429	12.7882	4.18452	0.283328	6
430	13.2968	20.1373	0.146117	6
440	13.9913	8.92126	1.00881	6
448	12.5133	6.56669	0.598019	6
456	14.2699	18.4871	-0.388566	6
487	12.6002	24.8075	0.121026	6
489	12.8398	6.04985	-0.137648	6
490	13.041	6.89801	-0.656967	6
499	13.5438	14.4219	1.27484	6
500	13.4547	14.0342	-0.445772	6
501	13.7422	21.7947	0.38334	6
534	13.1411	17.5785	-0.32502	6
539	13.4231	8.27539	0.662616	6
549	13.121	19.4656	0.0287963	6
556	12.8045	7.53679	0.298838	6
558	13.7492	14.8845	-0.478229	6
569	13.6054	9.72776	0.637231	6
579	12.8069	18.4841	0.406602	6
600	14.3001	10.2005	0.353313	6
619	14.5023	1.33282	0.484285	6
629	13.8849	22.9263	-0.469348	6
634	13.3435	16.0755	-0.139543	6
635	13.7156	23.576	0.517985	6
651	12.7112	22.5387	-0.490689	6
658	13.8212	8.48948	0.774418	6
662	13.5877	13.4215	0.762759	6
663	13.6997	1.63615	0.706198	6
668	14.0318	12.2781	0.722867	6
678	13.9133	14.3344	0.186	6
681	13.5861	5.68743	-0.0887394	6
687	14.6149	15.4299	0.160962	6
695	12.6114	9.0448	0.0631553	6
697	14.2244	7.29215	0.301456	6
724	13.8116	2.08112	0.349944	6
726	12.7804	10.8799	0.518482	6
728	13.8489	11.1891	0.627951	6
753	12.6245	19.3953	0.318096	6
762	13.3757	19.834	0.311153	6
764	13.7608	2.93077	0.0546058	6
770	12.7521	11.7241	0.984196	6
780	14.8475	1.03128	0.313917	6
797	13.0342	24.4694	0.338087	6
798	13.574	21.7257	0.258865	6
803	14.7176	14.1411	1.07638	6
810	13.8281	14.1631	0.347807	6
836	13.6862	21.288	0.486721	6
841	14.1838	7.21083	-0.103911	6
868	13.7984	12.6998	1.24892	6
875	14.4796	16.2727	0.0776483	6
885	14.8802	22.6197	0.709815	6
898	13.3997	23.2599	0.508339	6
908	12.5301	11.0578	0.240137	6
923	14.8664	1.74975	0.337455	6
946	13.2707	14.4507	-0.0854332	6
963	13.2387	11.2779	0.380702	6
965	13.6438	9.62028	0.475657	6
976	13.2234	6.30935	-0.410587	6
996	13.9569	23.8317	-0.222864	6
1013	14.7232	4.77404	0.333582	6
1022	14.6827	11.6607	0.91005	6
1023	14.6946	13.8752	0.89847	6
1029	14.3761	11.1246	0.508391	6
1048	13.9059	6.26698	1.49826	6
1065	13.1856	19.8179	0.275706	6
1068	14.2536	23.8834	-0.433995	6
1081	13.3497	15.4094	0.866425	6
1093	12.6031	2.34893	0.543808	6
1102	13.231	4.76241	-0.0544757	6
1111	14.7102	10.4672	-0.27251	6
1117	14.1378	14.1415	0.669104	6
1118	13.9689	1.24604	0.812443	6
1147	12.5056	14.8539	0.229952	6
1153	13.6471	9.74074	0.576037	6
1161	14.0589	1.11711	-0.503356	6
1163	12.7642	3.0957	0.587674	6
1193	13.1399	9.0135	-0.10364	6
1199	14.3732	5.30932	0.373748	6
1226	13.0232	14.9119	-0.102947	6
1279	14.8349	21.4987	0.0966811	6
1314	13.4322	8.43481	0.934581	6
1319	12.7809	15.9974	0.216849	6
1329	14.8083	24.4637	0.603728	6
1330	14.6305	16.3921	-0.232304	6
1341	12.9231	23.6856	-1.0351	6
1342	13.8644	19.9567	0.198987	6
1346	13.7239	24.2412	0.207235	6
1347	14.6277	11.0519	0.212419	6
1373	13.1331	2.05651	0.728125	6
1379	12.7372	18.2067	0.626874	6
1403	13.868	2.7809	0.482945	6
1406	14.8407	24.2931	0.0194978	6
1411	13.5832	11.5834	0.446482	6
1424	14.584	12.8496	0.541535	6
1425	13.2147	24.0143	0.0110608	6
1439	13.1802	17.3509	-0.120973	6
1440	12.5216	24.2121	0.00991495	6
1447	14.6945	2.03576	-0.222816	6
1471	13.9059	10.845	0.0728383	6
1475	14.5298	19.556	-0.100038	6
1476	14.9903	4.7958	0.48869	6
1478	14.1691	21.2112	0.42369	6
1489	13.4206	1.40226	0.825398	6
1498	14.252	9.35037	0.0971714	6
1510	13.5998	11.3405	0.159036	6
1521	13.8773	5.62695	0.143068	6
1549	12.6787	22.1946	0.137652	6
1556	12.6061	15.3075	0.94513	6
1588	14.1283	17.7746	0.347559	6
1589	14.8071	8.23301	0.969998	6
1601	14.6702	10.4646	0.669353	6
1605	14.8135	24.4183	0.0553712	6
1607	13.9799	20.0385	-0.206205	6
1614	14.7231	19.8877	0.205514	6
1616	12.586	22.3117	-0.110301	6
1640	13.254	0.180286	0.342224	6
1663	12.5062	7.55091	0.21548	6
1671	13.1769	9.54391	0.265495	6
1674	14.2651	2.94393	-0.00437803	6
1692	13.2339	6.39794	0.603074	6
1721	12.7775	11.6643	-0.108889	6
1730	14.9046	5.84482	0.762738	6
1747	13.2535	7.46783	-0.289268	6
1756	14.8714	5.64018	-0.257981	6
1804	13.0376	5.91397	-0.268385	6
1812	14.4581	23.6226	0.669324	6
1819	14.6342	8.82694	0.888126	6
1833	14.1225	17.4223	-0.156644	6
1839	13.2617	14.4017	-0.266508	6
1849	13.8757	17.4299	0.150387	6
1850	12.5248	20.228	-0.418886	6
1854	14.5058	19.5703	-0.232936	6
1855	13.3592	21.8128	1.15723	6
1867	14.4859	7.49818	0.216061	6
1871	14.9831	20.0959	-0.627381	6
1883	14.8145	13.384	0.655361	6
1886	14.4406	3.87357	-0.836089	6
1887	13.6672	2.21868	0.508089	6
1895	13.5107	2.7473	0.24725	6
1913	14.7147	0.573537	0.057438	6
1917	14.229	18.971	0.760045	6
1929	13.5277	1.36014	0.078741	6
1940	13.1522	9.78293	0.707754	6
1946	14.3367	12.8096	0.733057	6
1958	12.6269	11.8486	0.866557	6
1964	14.4017	9.85566	-0.342211	6
1976	13.7089	19.1652	0.146481	6
1977	13.0972	20.6121	-0.137693	6
2003	13.5718	15.1767	0.930631	6
2014	14.1911	15.2831	0.350092	6
2035	12.5317	23.0965	0.437939	6
2037	14.0128	11.3962	0.595546	6
2043	13.5186	11.4607	0.34017	6
2044	12.6803	22.8654	0.440652	6
2053	12.7526	8.9056	0.421319	6
2067	14.0095	16.6625	-0.199063	6
2073	14.9964	6.19659	-0.503037	6
2081	13.5175	20.3482	0.748032	6
2088	14.6996	11.9846	0.402495	6
2092	14.1049	13.285	0.727105	6
2093	13.4718	14.0085	0.834092	6
2096	12.8913	14.2	0.565248	6
2102	13.8597	2.66303	0.844342	6
2132	13.0328	24.0958	0.230456	6
2139	13.5973	19.4248	-0.152439	6
2140	14.7139	17.4104	1.13435	6
2149	14.6586	7.23763	-0.11156	6
2161	12.9923	18.9048	-0.502142	6
2163	13.5657	21.7561	0.170752	6
2180	14.3999	4.83291	1.10785	6
2189	13.0851	20.4595	-0.312064	6
2190	12.797	20.9419	1.05069	6
2194	12.9544	11.5162	-0.821367	6
2199	13.1862	16.4655	0.28413	6
2230	14.3718	12.5145	0.133116	6
2234	12.7568	21.9951	-0.377567	6
2237	12.521	21.4084	0.128807	6
2238	13.5708	9.27557	-0.0864346	6
2245	14.886	16.663	-0.15102	6
2257	14.1035	19.362	0.813432	6
2258	13.4541	11.3282	-0.242579	6
2259	12.5877	16.734	-0.131287	6
2262	13.2638	15.7843	0.834719	6
2264	12.8216	13.5626	0.578194	6
2271	12.5093	19.6202	1.09116	6
2277	13.3658	21.92	0.326954	6
2280	14.5002	12.4552	0.275283	6
2292	13.7505	16.576	1.03912	6
2299	13.6387	12.3048	1.1041	6
2307	14.2776	6.71817	0.257899	6
2329	14.3223	2.58362	-0.915136	6
2333	12.8596	9.27849	-0.283048	6
2338	14.6883	10.1222	0.695102	6
2355	14.405	11.8094	-0.46813	6
2358	12.7943	1.1607	0.0866551	6
2364	12.5064	2.36901	0.763261	6
2366	13.2384	15.382	0.385733	6
2378	14.3221	1.11382	0.696813	6
2379	14.827	1.60054	-0.972036	6
2383	13.3456	22.9846	0.551784	6
2385	13.3429	16.7557	0.161736	6
2393	12.6141	7.65967	0.0799601	6
2405	14.4612	3.45982	-0.1816	6
2413	14.9258	23.7806	-0.207504	6
2441	13.9157	24.1313	-0.330914	6
2443	14.5191	11.3639	0.34588	6
2469	12.9191	21.1015	0.320408	6
2486	13.0957	0.232354	0.105492	6
2489	14.0145	14.0424	0.70913	6
2496	14.8163	13.4936	0.439065	6
2499	12.6432	23.3752	1.02441	6
2513	14.5918	7.54515	0.665592	6
2533	14.6535	19.0017	-0.0286442	6
2568	13.3517	12.7577	-0.405275	6
2569	14.3792	0.900275	-0.463954	6
2570	12.8367	2.42425	0.819156	6
2575	13.8582	18.4338	0.415355	6
2576	14.1604	11.3285	0.780499	6
2594	13.0013	18.5485	0.662507	6
2599	14.672	3.30672	-0.192442	6
2622	13.3428	3.30187	0.158342	6
2633	14.1767	10.653	0.467954	6
2648	14.3095	13.0379	0.251745	6
2649	12.9553	1.03001	-0.0524363	6
2667	12.6364	5.28787	0.742271	6
2675	12.8726	20.2949	0.782524	6
2682	13.7398	13.1015	0.292543	6
2688	14.4024	6.22478	-0.573774	6
2701	13.8508	22.7315	0.899911	6
2717	14.5026	15.2179	0.0859883	6
2724	13.8927	6.69161	0.328934	6
2731	12.6792	20.2667	0.339483	6
2746	14.3075	22.7442	-0.0676669	6
2752	14.1552	0.41013	-0.672544	6
2772	13.2342	6.68797	-0.728893	6
2773	13.9045	8.05264	0.25185	6
2780	13.4936	13.0225	-0.064999	6
2803	14.4257	11.7671	-0.208677	6
2805	13.8435	15.9374	-0.0959054	6
2806	13.0564	16.1368	0.258668	6
2811	14.6881	6.03841	-0.328616	6
2826	12.6039	16.815	0.237033	6
2836	14.7328	17.4879	0.0529232	6
2841	12.5834	11.5037	0.938527	6
2860	13.1711	3.36553	-0.0285026	6
2863	12.6634	23.9262	0.16472	6
2870	13.149	9.89063	0.733726	6
2881	13.295	4.09192	0.649507	6
2901	14.0254	8.55439	-0.434833	6
2915	12.6087	11.1928	-0.087959	6
2926	13.7579	10.0687	-0.968994	6
2957	12.8109	22.1369	0.37539	6
2958	13.133	22.0884	0.320758	6
2979	12.5196	3.07345	0.426188	6
2988	12.7815	5.71747	0.0703737	6
2991	13.4033	2.83898	0.471751	6
3002	14.1639	21.5025	1.03997	6
3003	12.7439	14.7176	0.324167	6
3006	14.3586	24.2078	0.586664	6
3021	13.0453	19.696	0.604236	6
3026	14.0007	16.8434	-0.0777491	6
3036	14.1577	17.9484	1.16841	6
3037	14.4317	8.74604	-0.603552	6
3043	12.9425	6.193	1.09022	6
3047	14.6732	21.7974	0.0395028	6
3049	14.6015	18.7866	0.539596	6
3079	14.1497	7.1087	0.150106	6
3083	14.5529	16.3959	0.762823	6
3088	13.5956	10.0377	0.290649	6
3093	13.7797	19.7073	0.504689	6
3099	13.1464	20.4432	0.0482191	6
3128	13.611	18.2718	0.00359373	6
3135	13.6335	19.0652	0.918727	6
3161	13.5545	14.8526	-0.612041	6
3174	14.3186	14.8147	-0.308599	6
3188	12.6041	1.57871	-0.639403	6
3189	14.0128	19.4323	-0.356753	6
3194	12.5032	2.28613	1.21614	6
3196	12.8435	8.25401	0.827675	6
3197	12.6518	7.26944	1.10443	6
3203	14.5479	5.51642	0.327162	6
3204	13.986	19.5826	-0.439068	6
3230	12.815	12.2181	-0.236867	6
3268	12.516	2.45874	0.38559	6
3274	14.5393	8.015	0.0560205	6
3277	14.8391	23.7658	0.717007	6
3288	12.5039	17.201	0.936876	6
3305	13.8617	0.952544	-0.0449608	6
3329	12.8803	11.0705	0.104454	6
3338	13.7647	6.80862	-0.0861103	6
3343	14.1163	10.1469	0.38157	6
3350	12.8373	4.98806	1.03713	6
3356	13.2862	13.0435	0.177688	6
3358	14.4009	7.70541	0.191771	6
3368	14.6828	0.540772	0.473247	6
3377	13.5965	17.2995	0.584857	6
3394	12.9473	23.8999	-0.0823547	6
3402	14.7464	0.596265	0.295805	6
3403	13.5281	14.3193	0.0555612	6
3411	13.3517	15.473	-0.185442	6
3413	14.7965	7.92501	0.523881	6
3416	13.7355	4.47007	-0.687797	6
3418	14.4055	15.3238	0.863919	6
3429	14.5563	17.9232	-0.339067	6
3434	13.3217	14.6039	0.416255	6
3451	12.9377	9.61176	0.255095	6
3457	13.2534	9.60193	0.448506	6
3476	14.3599	12.0123	0.549957	6
3498	14.4201	21.0583	0.630477	6
3507	14.0073	10.324	-0.02289	6
3509	13.7881	3.24032	-0.484022	6
3514	13.9377	11.3575	0.38208	6
3521	13.2297	21.6089	0.360501	6
3531	12.9029	18.0893	0.280448	6
3569	14.3253	9.003	1.20992	6
3570	14.124	8.60698	0.593642	6
3649	12.9946	23.5455	0.219294	6
3653	14.7426	15.1705	-0.0803342	6
3684	14.3547	17.8438	0.316468	6
3690	14.6624	22.5983	1.02643	6
3695	12.5932	19.7049	0.214988	6
3696	12.7085	11.7675	0.0111164	6
3697	14.4825	18.3831	-0.571641	6
3698	14.6297	18.583	0.460567	6
3701	14.0454	2.56987	0.56625	6
3715	13.1632	24.0354	0.592645	6
3716	12.899	24.104	0.0795036	6
3746	14.6083	0.881396	-0.17713	6
3759	14.4899	10.8179	-0.0299241	6
3760	14.6343	22.0793	0.628639	6
3793	12.5669	17.9937	0.301726	6
3804	13.0196	10.9741	0.568319	6
3805	14.6009	7.67999	0.357481	6
3806	14.756	7.86801	0.321917	6
3817	13.3007	15.0941	0.633257	6
3835	13.92	20.0445	0.433581	6
3841	13.1238	13.3249	0.129274	6
3848	12.8719	6.85452	0.0121688	6
3854	14.9138	10.1681	0.282165	6
3855	14.3954	12.575	0.875116	6
3857	13.6776	7.94602	-0.410997	6
3859	13.7685	20.0722	1.30496	6
3863	14.1674	12.8108	-0.245219	6
3868	14.2683	6.73109	0.926219	6
3872	13.4575	12.7114	1.20813	6
3878	12.5956	18.5714	1.3262	6
3884	14.2098	7.27563	-0.593578	6
3885	13.942	0.495324	0.614856	6
3888	14.0095	10.9384	1.1248	6
3891	13.373	7.67254	0.000668705	6
3894	14.4597	17.7262	0.616029	6
3902	13.874	7.16442	0.661104	6
3912	14.3604	2.89495	0.337669	6
3913	14.329	2.3216	0.756467	6
3916	13.9713	21.6631	0.473697	6
3922	13.5277	10.0946	-0.26305	6
3936	13.801	18.858	0.486453	6
3952	13.3624	7.57243	0.0798523	6
3955	13.2482	3.74068	-0.114877	6
3961	14.4741	15.2602	0.606079	6
3967	14.4786	9.25903	0.819306	6
3971	12.6777	20.9461	0.602763	6
3972	12.6112	21.557	-0.289297	6
3979	13.226	12.5418	0.154983	6
3991	13.0904	11.9377	-0.525784	6
4013	12.8503	23.351	0.617021	6
4016	13.1132	2.91148	0.404186	6
4019	13.4813	17.1616	0.361722	6
4020	13.9818	17.4586	0.420787	6
4029	13.444	7.07838	1.09053	6
4058	12.78	14.9647	0.331759	6
4066	14.7195	2.02663	0.0216905	6
4078	14.7138	23.5851	-0.475509	6
4082	13.5302	1.01551	0.661509	6
4085	13.1664	9.80135	0.3128	6
4087	13.5733	21.4524	0.498165	6
4088	13.139	7.65903	0.220947	6
4091	13.4322	2.98895	0.63904	6
4092	12.9252	2.77915	0.212765	6
4098	14.2189	14.2197	0.605243	6
4099	13.3229	15.3271	0.378476	6
4104	14.9803	23.9326	-0.285617	6
4105	14.5973	23.8003	0.438043	6
4109	14.558	0.561193	0.776186	6
4126	14.7866	17.4578	0.381121	6
4145	13.9995	9.93792	0.42942	6
3	16.019	13.0975	0.688043	7
9	17.1524	15.8663	0.552712	7
13	16.9833	18.0047	0.011563	7
24	17.2139	13.4693	0.330724	7
25	16.4571	19.9087	-0.0703015	7
36	17.0749	7.45263	0.0823766	7
65	17.0305	2.11312	0.786267	7
72	15.7696	24.8924	-0.379451	7
97	15.986	14.4582	-0.244975	7
109	15.1294	10.9634	0.837883	7
120	15.5406	5.68589	0.652033	7
121	16.3131	11.189	0.0400159	7
122	15.6455	11.5641	0.732217	7
131	15.3947	6.09008	0.483075	7
151	15.0725	4.11367	0.564002	7
177	15.3792	13.0215	-0.183241	7
181	15.7914	24.5159	0.223997	7
182	15.0813	4.77991	-0.0843548	7
203	15.2306	24.1228	0.921404	7
211	17.0807	21.1963	-0.414551	7
215	17.1167	5.93771	-0.132158	7
219	16.7149	13.2942	0.253318	7
234	16.2419	16.7048	0.251452	7
240	16.9729	9.25118	-0.134815	7
245	17.3769	18.4811	-0.108534	7
247	15.9734	10.3116	-0.138273	7
261	16.2668	15.271	-0.406675	7
291	15.2512	0.56514	1.3691	7
292	15.7295	0.112552	-0.0120985	7
293	17.3193	19.2242	0.323735	7
298	17.3951	12.5124	-0.225521	7
303	16.0343	3.5194	0.714593	7
321	16.7845	17.9303	-0.803419	7
323	17.3205	22.8759	0.953774	7
366	15.4497	23.9428	-0.0618397	7
376	15.564	18.9215	0.251863	7
380	16.249	12.4587	0.00254241	7
381	16.2223	9.00525	0.682925	7
382	15.8915	13.1521	-0.0517183	7
397	16.8074	9.17219	0.45627	7
401	16.4604	21.349	0.255734	7
428	16.9721	24.0239	0.195564	7
450	15.2374	23.167	0.870559	7
453	15.4868	4.30675	-0.599653	7
458	16.4209	14.8046	-0.178899	7
463	16.3506	24.7584	0.660261	7
476	15.8329	3.05326	-0.279075	7
481	17.3701	16.7699	0.103192	7
486	17.2616	9.56122	-0.593491	7
492	16.1047	10.4154	0.189237	7
498	15.6515	3.1841	0.985163	7
504	16.3695	5.19317	-0.0364287	7
510	17.1043	17.166	0.474085	7
511	16.5149	10.705	0.64499	7
512	15.663	19.7364	0.500173	7
523	17.1815	23.9251	0.383848	7
527	16.1574	2.29004	-0.11424	7
532	16.6323	9.56721	-0.469561	7
582	17.1509	10.4125	1.07948	7
586	16.8199	12.5556	0.190978	7
587	17.4792	18.6578	0.381544	7
590	15.6697	12.4442	0.226528	7
591	16.5668	23.1386	0.369683	7
602	16.6088	19.6357	0.610246	7
617	15.4144	19.0903	0.516221	7
621	17.0472	4.08554	0.179733	7
648	15.0198	15.4506	0.317066	7
652	15.1481	10.141	0.4816	7
666	16.0507	17.0564	0.416001	7
669	15.6567	3.85669	0.24929	7
672	16.4081	12.4193	0.440898	7
673	16.8607	10.052	0.765453	7
686	16.9348	5.80877	0.716136	7
690	16.8925	0.566347	0.025702	7
723	15.3663	21.6609	1.08149	7
725	16.374	3.07517	-0.401351	7
735	16.7749	10.9681	0.466397	7
744	16.0673	5.70346	0.915204	7
749	16.19	7.34714	0.903234	7
752	15.0326	19.249	0.171291	7
756	15.3689	11.219	0.425184	7
759	15.4773	11.3379	-0.124237	7
761	16.1748	12.1225	-0.516402	7
786	15.082	18.0029	0.595166	7
806	16.4766	0.641159	0.340091	7
826	16.1859	18.0067	0.374904	7
853	16.9533	14.9109	-0.107773	7
860	17.2128	3.90892	-0.213583	7
874	15.1119	20.1057	-0.0572851	7
883	17.3319	17.9095	0.639727	7
884	16.8514	16.5994	0.859563	7
890	15.2422	11.7883	-0.384011	7
915	16.1259	24.5722	0.483938	7
937	17.1157	20.5259	0.816454	7
938	16.9704	23.4729	0.430698	7
948	15.9612	5.09717	0.392226	7
971	15.9266	1.17055	0.115488	7
974	15.1263	6.53376	0.824238	7
985	15.4427	14.0047	0.689467	7
990	16.2508	13.8668	0.732574	7
1008	16.8668	3.65742	-0.367655	7
1020	17.3117	21.6221	0.491383	7
1026	17.0596	9.44451	0.293432	7
1042	16.6029	1.34975	-0.0454625	7
1044	16.0223	18.6277	0.323881	7
1046	16.4166	23.7794	0.18408	7
1051	17.2711	6.39739	-0.449834	7
1056	15.5584	15.7288	-0.844564	7
1058	16.5699	6.35695	-0.559854	7
1067	15.1296	17.2818	0.152596	7
1083	16.6052	19.285	-0.295092	7
1090	15.7758	2.93071	-0.394664	7
1101	15.2539	24.0995	1.11218	7
1105	15.2005	8.96529	-0.143834	7
1113	15.2203	9.6808	0.452551	7
1133	16.2657	11.5993	-0.375884	7
1134	17.16	5.81733	1.11842	7
1144	16.2082	16.1675	-0.209933	7
1145	16.6591	24.6188	0.558148	7
1146	16.6574	23.7252	0.654536	7
1181	15.1355	20.3737	0.369749	7
1182	15.6079	15.0335	-0.327793	7
1197	15.7761	9.58601	0.049451	7
1205	15.4121	11.8803	0.705892	7
1208	15.1599	1.24486	1.50927	7
1212	16.6663	3.42396	0.53205	7
1221	16.1054	1.17183	-0.213108	7
1224	15.9256	17.4507	0.49064	7
1229	16.6449	14.2024	-0.00764581	7
1241	15.1912	16.986	0.334831	7
1249	16.3178	10.1004	0.353694	7
1265	15.5292	1.95469	-1.29338	7
1304	16.6353	8.12846	0.149524	7
1306	15.3786	24.8853	-0.0687977	7
1309	16.9647	5.51421	0.453367	7
1344	15.3157	24.3792	0.457747	7
1360	16.9641	23.5472	-0.503862	7
1392	17.0608	8.04258	0.498653	7
1394	16.3854	20.1019	0.906118	7
1395	17.4681	24.6793	-0.01032	7
1399	15.1167	2.78866	0.0356924	7
1455	16.6124	15.4619	0.0939572	7
1460	16.3174	5.50303	0.304531	7
1463	15.9318	4.35286	0.0988678	7
1468	17.2166	13.2662	0.481201	7
1477	15.3013	4.37532	0.381427	7
1480	15.188	13.9471	0.269554	7
1494	16.571	11.5763	0.507306	7
1547	17.1978	4.54458	0.325371	7
1551	17.3523	12.4324	0.449049	7
1574	15.7727	6.44404	0.101984	7
1590	15.5124	7.2445	0.137666	7
1610	15.7671	12.6677	0.951802	7
1630	15.3977	6.8113	0.123308	7
1634	15.2533	13.4176	0.237699	7
1645	16.5572	7.50845	-0.331928	7
1655	17.1901	6.91749	0.000282649	7
1657	16.1183	23.6854	-0.103438	7
1660	15.755	23.5541	0.147723	7
1673	17.0852	10.1439	-0.551108	7
1682	15.4757	8.44349	0.446677	7
1687	16.1218	18.8948	0.2834	7
1700	15.0291	17.1436	0.796752	7
1702	16.6475	17.1951	0.0083106	7
1713	17.141	24.6061	0.82178	7
1748	16.3658	21.34	0.038069	7
1772	15.1977	18.1795	0.11469	7
1773	16.4861	19.9429	0.789841	7
1775	17.2235	7.77849	0.535747	7
1780	16.2138	2.91585	0.00550812	7
1782	16.9643	9.30212	0.00651714	7
1783	16.2247	5.59682	0.00107278	7
1788	16.7157	7.93508	1.0372	7
1789	17.1785	14.9594	0.0917339	7
1790	17.2798	15.6954	0.47471	7
1791	16.4759	14.0538	0.357911	7
1805	15.1952	18.0745	-0.254003	7
1811	17.1346	14.7752	-0.204482	7
1832	15.0868	1.81569	1.18471	7
1842	15.2347	15.5767	0.575459	7
1852	15.4411	6.64081	0.290514	7
1884	15.3421	20.2132	0.920442	7
1885	15.1843	20.6881	-0.228055	7
1898	15.1656	15.139	0.218943	7
1901	15.1389	15.4622	0.717146	7
1934	15.5532	8.5089	0.309176	7
1939	16.6432	20.77	0.17148	7
1949	15.0917	10.3015	-0.208319	7
1951	17.4489	16.7667	0.805204	7
1953	16.2442	1.00599	0.755836	7
1954	16.116	3.46351	0.0126799	7
1969	15.8739	23.9427	0.171517	7
1970	17.1158	23.7843	0.378248	7
1984	17.3188	18.3851	0.561648	7
2006	15.3229	4.23817	0.189523	7
2010	15.014	10.8266	0.409795	7
2012	16.943	21.3485	0.412168	7
2045	15.0677	0.594708	0.41969	7
2049	15.5365	18.8448	0.68063	7
2054	15.5534	7.62135	0.712991	7
2069	16.0302	7.28942	0.40442	7
2080	15.3519	10.0684	-0.175297	7
2082	17.344	1.97489	-0.134051	7
2095	16.5958	2.72881	0.479101	7
2109	15.5092	9.92126	-0.359454	7
2126	17.0865	23.3944	1.06499	7
2136	16.8267	15.9542	-0.184849	7
2151	16.1314	5.89121	0.196884	7
2162	16.3177	2.28828	0.788285	7
2179	16.9742	4.35222	-0.0740979	7
2185	17.2441	1.15324	0.401533	7
2200	17.1033	22.5583	-0.298442	7
2201	15.4927	5.46836	-0.0885455	7
2211	16.7948	20.7097	0.308924	7
2213	17.3171	15.4354	1.42484	7
2249	15.7092	7.14165	0.9103	7
2260	16.4532	9.03751	-1.25307	7
2270	15.8549	24.8927	0.528761	7
2275	16.7039	6.10755	1.06385	7
2281	16.0647	13.05	-0.436893	7
2301	15.2976	0.251557	0.217638	7
2308	15.1104	7.94182	-0.314522	7
2313	16.8851	11.5607	-0.254792	7
2326	16.4476	6.93088	0.618439	7
2331	17.0785	21.3423	0.664388	7
2339	15.1187	20.5408	0.323942	7
2340	15.3521	19.7696	0.610922	7
2351	16.0794	18.9636	0.207766	7
2360	17.233	3.49996	0.370926	7
2363	16.4247	12.2742	0.765922	7
2370	16.2075	2.64106	0.345128	7
2403	17.4095	7.1215	0.00223409	7
2427	16.4647	19.26	-0.388312	7
2430	16.6964	17.3982	-0.655656	7
2433	15.8075	19.0782	0.929899	7
2459	17.4639	18.8196	0.630049	7
2460	16.156	1.52605	1.05561	7
2461	16.4544	22.3859	0.0196522	7
2505	16.8703	22.6552	0.0799002	7
2509	16.4007	3.64484	0.29966	7
2532	16.2364	17.9045	0.28323	7
2543	16.0708	17.3059	0.325184	7
2585	15.221	14.944	-0.835966	7
2586	15.6487	9.46588	0.611845	7
2588	15.325	9.7743	0.257691	7
2590	16.3966	19.2044	-0.230447	7
2593	17.3015	1.03943	0.822288	7
2613	16.2095	10.2704	0.456909	7
2620	16.2662	12.1339	0.697286	7
2630	16.4409	18.9967	0.0873027	7
2631	15.4211	18.4826	0.633323	7
2639	15.8734	16.1294	0.801768	7
2652	16.3885	18.705	0.909437	7
2663	16.8181	1.23282	0.532685	7
2680	17.1755	3.28414	1.03335	7
2689	15.9859	12.0778	0.422511	7
2726	15.5817	17.111	0.0418975	7
2728	17.0005	15.6942	0.69091	7
2735	15.1917	10.3909	-0.0470316	7
2747	16.4984	0.312774	0.111706	7
2769	15.9022	8.2484	-0.273129	7
2770	17.4143	19.1973	0.521301	7
2798	16.987	8.70655	-0.263963	7
2819	15.2822	17.1422	0.404351	7
2834	15.5695	15.0042	0.922131	7
2846	15.8023	14.2921	0.822111	7
2853	15.5732	24.9746	1.14592	7
2856	15.3107	15.2766	0.849418	7
2862	16.6612	18.9783	6.96471e-05	7
2865	16.7884	4.31818	0.596717	7
2884	16.9908	6.4867	0.278193	7
2913	16.5005	3.29769	0.413542	7
2935	17.4364	2.8236	0.312014	7
2938	15.5988	9.03132	-0.493625	7
2940	15.2615	8.99903	0.359489	7
2975	16.6129	11.6453	0.834536	7
2980	16.054	9.58517	0.5517	7
3008	15.9145	16.2622	0.0620715	7
3016	15.1498	9.94958	0.499979	7
3029	15.5021	9.6544	0.259758	7
3059	16.5262	14.5463	0.832525	7
3075	15.7931	1.47281	-0.547737	7
3084	15.7339	2.35952	-0.306206	7
3091	16.4665	18.0397	0.658478	7
3109	16.4251	20.7937	1.08701	7
3110	15.7591	20.4057	1.35046	7
3112	15.9304	17.0157	1.34439	7
3178	15.6743	15.679	0.329679	7
3185	15.0864	8.04542	-0.329003	7
3190	16.1268	22.8762	0.97637	7
3191	16.171	23.0416	0.699242	7
3215	17.2146	14.161	-0.338253	7
3216	16.048	12.2872	-0.0680233	7
3223	15.6758	20.6387	0.660104	7
3228	15.0757	17.7395	0.361497	7
3236	15.533	18.9634	0.676542	7
3256	16.3549	19.7855	0.0106908	7
3260	15.0931	3.23454	-0.797547	7
3262	17.1994	21.1881	0.510239	7
3271	15.916	24.089	0.0332442	7
3273	17.1768	20.3473	0.256837	7
3281	16.9896	17.706	0.484311	7
3302	17.2007	6.68973	0.299655	7
3308	16.2845	10.6694	0.386522	7
3327	16.4438	19.7989	0.445586	7
3340	16.8869	8.47671	-0.147663	7
3346	15.6273	13.3285	0.543508	7
3354	16.7704	6.61241	0.690044	7
3359	16.9872	5.14685	0.926592	7
3381	17.2454	8.0022	0.546935	7
3387	16.9175	13.8518	-0.0607712	7
3388	17.3453	13.2851	1.06934	7
3393	15.0482	6.04355	-0.109439	7
3401	16.9457	21.4287	-0.124787	7
3409	16.7302	24.8836	0.424985	7
3410	15.3747	9.56683	0.723013	7
3419	17.102	7.50183	0.554252	7
3436	17.4968	0.225564	0.288623	7
3442	15.2631	11.3619	0.367204	7
3452	16.7837	14.1152	-0.0564065	7
3453	16.2857	14.4291	0.853403	7
3456	16.8978	17.3826	0.78211	7
3471	15.8261	8.85055	0.583835	7
3489	15.4451	24.6026	0.187753	7
3505	16.1518	24.9427	0.445702	7
3526	16.0104	14.7668	-0.127964	7
3538	16.331	16.157	0.253787	7
3540	17.1486	5.59694	0.253836	7
3548	16.5253	21.1494	0.275826	7
3549	16.1865	11.7788	-0.35635	7
3559	15.5275	6.06503	-0.126063	7
3563	15.8526	13.136	0.145441	7
3564	16.057	10.4881	0.499858	7
3565	15.704	10.514	0.916045	7
3575	16.1597	12.4228	-0.527774	7
3581	17.4128	1.61393	0.317563	7
3588	15.8859	9.04035	0.662242	7
3595	15.6041	6.52529	1.21067	7
3597	17.1946	21.0485	0.872518	7
3607	15.5908	20.6879	0.666784	7
3614	16.9838	24.6481	-0.761807	7
3615	17.1874	24.3216	0.586795	7
3616	15.2646	14.6111	0.561178	7
3626	17.3309	19.3484	0.831969	7
3628	16.3695	22.2332	0.569543	7
3644	15.958	18.6516	0.788011	7
3645	16.1478	18.6195	0.276358	7
3648	15.5907	1.31291	0.162526	7
3662	15.3562	22.2305	0.000882275	7
3670	16.9395	9.02827	0.387532	7
3679	15.655	10.6361	0.956194	7
3682	17.4275	6.47044	-0.657494	7
3700	16.7007	11.2174	-0.463789	7
3708	15.9477	15.3402	0.0374065	7
3718	15.236	11.2685	0.392688	7
3785	16.2346	6.20891	0.536546	7
3811	15.235	8.98574	0.293911	7
3827	16.7911	6.43039	-0.063154	7
3837	15.6864	2.38943	-0.825436	7
3851	17.4051	16.4961	1.03093	7
3853	16.4588	4.58769	0.420018	7
3856	16.9773	10.2822	0.0721511	7
3865	16.5502	3.05385	0.663205	7
3882	15.2498	1.99182	0.164491	7
3895	17.2853	18.7088	0.743659	7
3924	15.587	23.8399	1.09377	7
3930	16.1841	7.1277	-0.225799	7
3934	16.6639	19.9346	0.165689	7
3938	15.0675	18.46	0.37374	7
3949	16.9443	9.43743	-0.084041	7
3973	15.3673	1.32639	0.0741042	7
3997	16.8252	23.332	0.394832	7
4005	15.4187	8.58469	-0.0917237	7
4010	16.0002	15.6176	0.910203	7
4011	15.5841	1.62338	-0.232238	7
4012	15.4015	1.69112	-0.601406	7
4027	16.3002	9.48997	-0.0134334	7
4049	16.5448	0.799953	0.315819	7
4064	16.8445	5.21568	0.560978	7
4074	16.3512	19.0846	0.630091	7
4080	17.086	18.4015	1.2495	7
4083	16.2078	16.9387	0.194876	7
4136	16.1218	8.19028	-0.121974	7
17	18.8852	20.4062	0.542616	8
20	18.2947	22.7488	0.690762	8
22	18.1428	11.4009	0.10451	8
34	18.874	16.1836	0.547958	8
41	17.7269	6.05125	0.41867	8
43	19.7541	4.9345	0.632252	8
49	19.5196	22.4706	0.311388	8
83	19.9728	7.62272	0.19428	8
115	17.6781	17.2088	-0.235868	8
135	17.7964	16.4875	-0.155287	8
137	19.6871	21.5561	0.705413	8
154	19.5584	18.016	0.387611	8
160	18.4601	22.6174	0.303591	8
194	18.3023	1.26695	1.27449	8
205	18.0794	2.1015	0.237758	8
216	18.4618	12.5515	0.428588	8
224	19.2163	9.44351	0.298751	8
253	17.6876	18.7363	0.480945	8
264	18.9191	18.2464	-0.400465	8
267	19.7052	24.4679	0.14132	8
290	19.9184	14.2961	0.698133	8
300	18.5181	24.2275	0.670887	8
308	17.9276	7.10098	0.451143	8
314	18.5378	0.869559	0.448616	8
316	17.8071	0.127458	-0.296331	8
331	17.6233	11.4912	0.240477	8
336	17.6044	6.64528	0.663158	8
339	18.2592	19.1942	0.878622	8
345	18.5709	1.72375	-0.027633	8
347	19.8345	0.215286	0.3715	8
367	19.1368	23.6605	0.680897	8
392	19.5328	11.9092	0.471159	8
410	18.9523	6.7229	-0.146877	8
412	17.568	7.45342	0.770927	8
416	17.5869	5.15882	0.256997	8
420	18.3606	15.7789	1.24001	8
427	18.6721	22.5059	0.316977	8
433	19.968	24.2364	0.240273	8
439	18.159	1.08376	0.786648	8
442	18.0541	2.80718	0.78239	8
449	19.5323	24.2016	1.02061	8
455	18.3383	20.7941	-0.00395593	8
459	18.6408	18.0238	0.277267	8
462	19.0999	4.508	-0.0462501	8
465	18.3789	1.38441	0.508224	8
473	19.5019	3.22013	1.72347	8
478	19.3514	14.1647	0.99114	8
482	19.1222	2.0583	0.658532	8
485	17.6169	2.01911	0.364477	8
508	19.5292	5.88008	0.983067	8
514	19.3639	10.8335	0.243442	8
519	19.9248	10.6695	0.728917	8
526	18.1516	1.01265	0.330334	8
529	18.4653	14.4546	-0.497879	8
544	17.8078	17.1764	0.194403	8
567	19.5353	23.018	0.513952	8
568	19.5654	19.1907	-0.45973	8
577	18.6309	15.7075	0.0735489	8
578	18.3504	15.1496	0.830376	8
606	19.1919	15.0485	0.0354128	8
610	19.4686	11.5478	0.354923	8
615	18.7018	12.8041	0.451203	8
627	19.9151	8.30672	0.851806	8
633	19.1359	22.7482	-0.0831074	8
645	19.5431	13.6498	1.28729	8
646	19.5758	4.24838	0.515438	8
661	17.8155	24.6785	0.739167	8
667	17.5603	15.0961	-0.318558	8
674	18.5529	18.8702	0.62216	8
685	19.582	20.2354	0.777537	8
691	18.2663	22.6122	0.009975	8
708	18.7817	5.97128	0.609639	8
711	17.7931	9.50154	0.241825	8
736	19.781	23.467	0.760628	8
738	17.528	21.3815	-0.149313	8
739	17.901	21.8091	0.596825	8
742	19.8137	7.50298	0.776248	8
772	18.0449	9.55495	0.431432	8
775	18.3456	16.3602	1.14212	8
778	17.9086	7.72367	0.212438	8
808	17.7005	16.8992	0.109375	8
835	19.0027	12.551	0.352987	8
840	17.8538	6.78722	1.36323	8
847	18.6683	2.03022	-0.429009	8
850	18.0144	18.6401	-0.231381	8
863	19.296	19.4614	0.476064	8
871	17.9592	8.19329	0.0462852	8
880	17.846	13.2164	0.597126	8
888	19.5026	10.3981	0.558909	8
889	18.3572	13.1766	0.80299	8
893	18.6574	15.84	0.284549	8
902	18.8348	4.00934	-0.0194417	8
916	19.0028	23.6539	-0.0556798	8
917	18.4786	21.1892	0.940165	8
932	19.8884	1.61997	-0.453816	8
933	19.6955	18.7775	0.673073	8
934	18.2697	23.4913	1.44731	8
949	19.1698	13.2258	0.300684	8
950	18.9381	17.3829	0.847865	8
977	18.4416	5.16109	-0.0481012	8
981	17.6074	23.0519	0.348029	8
1000	17.5418	10.6652	0.160607	8
1002	18.2865	8.84475	0.0259996	8
1006	19.0584	7.81823	-0.225535	8
1027	19.6231	3.16123	0.116429	8
1036	18.8457	3.0661	0.248446	8
1061	19.1661	19.5997	0.243014	8
1074	19.1224	2.73297	-0.229267	8
1075	18.5955	16.8503	0.167935	8
1085	19.1447	4.70896	1.33796	8
1095	18.6453	7.28844	0.318431	8
1098	19.3118	18.9232	-0.111195	8
1106	18.7309	4.05491	0.269521	8
1123	18.2855	9.75208	-0.341772	8
1136	18.8102	10.6288	0.271937	8
1152	19.6373	18.7653	0.160795	8
1154	19.107	20.5236	0.659493	8
1162	18.8526	16.1384	0.37366	8
1168	18.6117	24.692	0.954226	8
1215	17.6099	2.03497	-0.816896	8
1216	19.2091	0.516877	0.360368	8
1228	18.4333	7.80787	0.310101	8
1233	18.7177	10.0385	0.511992	8
1235	18.0361	21.6838	0.532935	8
1237	18.1929	5.23262	-0.0626732	8
1247	17.8448	3.61958	0.149091	8
1256	18.3395	15.0765	0.868003	8
1258	17.902	22.968	0.628939	8
1280	18.0797	18.5049	0.961139	8
1293	18.1575	13.5939	0.203761	8
1301	17.5241	4.05947	0.489448	8
1302	18.3005	3.98513	0.506887	8
1307	19.6197	10.1641	-0.416834	8
1326	17.5179	22.7626	0.171379	8
1340	18.581	11.4705	0.569211	8
1343	17.7387	24.9025	-0.425398	8
1359	19.8351	20.9367	0.0196857	8
1377	19.4358	1.20668	0.567611	8
1381	18.1295	11.9523	0.972835	8
1384	19.6061	12.6164	0.295772	8
1390	19.3776	18.8934	0.780341	8
1393	17.8606	9.4367	-0.054746	8
1419	17.8495	23.9166	0.663514	8
1446	17.6531	1.67547	0.0256996	8
1505	18.3473	17.8966	1.2572	8
1508	19.8327	6.71526	0.514407	8
1514	19.6904	1.84094	0.777442	8
1519	17.887	6.34346	-0.497907	8
1531	17.7488	4.86193	0.980906	8
1532	19.6504	16.5417	1.21926	8
1533	17.8673	2.17313	0.188951	8
1544	19.3044	2.32828	0.374915	8
1564	18.8054	19.6731	-0.208599	8
1571	17.8873	17.5618	0.168938	8
1578	18.5193	24.3631	0.493824	8
1591	19.1039	11.9367	0.835841	8
1604	17.858	15.2374	1.20898	8
1618	17.8454	9.57752	-0.150506	8
1625	17.9364	14.4145	0.174791	8
1656	19.6752	15.6567	0.460687	8
1661	18.7511	23.156	-0.0244376	8
1684	19.8899	20.5072	0.387866	8
1697	19.1529	23.8973	1.01027	8
1711	18.8645	21.9526	0.776441	8
1715	19.371	14.73	0.135223	8
1731	19.3101	19.9244	0.154768	8
1739	17.7293	13.3911	0.0343531	8
1754	18.0913	5.49177	0.448217	8
1762	17.6805	1.07148	0.977772	8
1766	18.4663	15.9898	-0.259724	8
1779	19.2221	12.1993	-0.194268	8
1803	19.5214	14.1765	0.697978	8
1807	17.9185	15.186	1.1381	8
1828	19.0075	10.3245	-0.137145	8
1838	18.5275	4.44394	0.542731	8
1853	19.66	10.1109	0.30601	8
1872	18.6561	8.07819	0.60133	8
1875	19.2075	15.565	1.07594	8
1878	19.7948	14.1278	0.837154	8
1880	19.8437	10.8604	0.590199	8
1890	19.4978	8.28322	0.396219	8
1891	18.1655	23.5424	0.461472	8
1893	17.6567	23.4764	0.462119	8
1896	17.9523	4.77328	0.205612	8
1908	19.5367	13.014	1.10706	8
1914	17.7503	14.0274	0.694302	8
1915	19.7854	20.0158	0.566776	8
1930	17.601	17.5282	0.203097	8
1931	17.6548	16.8808	0.940495	8
1936	18.0566	21.0574	0.301655	8
1947	19.491	9.78678	0.3208	8
1973	18.8227	21.5643	0.322906	8
1994	19.006	14.9687	0.251156	8
1996	18.5332	12.6469	0.381574	8
2001	18.0372	15.3119	-0.564634	8
2013	19.3773	10.5498	0.447215	8
2027	19.3992	18.2187	0.0201111	8
2029	18.2691	9.66748	0.160293	8
2030	17.6912	6.5468	0.533908	8
2042	19.655	8.92662	0.0218728	8
2046	18.9935	8.89911	0.245935	8
2051	17.7176	2.84738	-0.0840318	8
2079	18.5172	21.6555	-0.299114	8
2091	19.7632	6.23676	0.0858617	8
2107	18.0836	12.2769	-0.163779	8
2113	17.8415	7.41148	0.675581	8
2119	17.5653	5.82121	0.0017496	8
2134	19.456	20.7305	0.294913	8
2141	18.9759	23.9182	0.275961	8
2144	17.7498	4.6788	0.5102	8
2153	19.9862	15.092	0.0594737	8
2159	18.5468	3.11222	0.440449	8
2168	19.4108	3.79378	-0.15023	8
2175	19.2966	6.46885	1.08578	8
2195	18.0056	19.0716	0.727858	8
2197	18.0317	2.13622	0.722597	8
2215	17.7968	11.5277	1.19173	8
2216	19.8476	1.67526	0.220866	8
2229	18.6569	15.5541	0.118872	8
2241	18.1019	5.59526	0.300505	8
2248	18.7913	22.5291	0.574741	8
2252	19.9366	22.2701	-0.578789	8
2266	17.6411	2.13674	0.0427394	8
2273	19.6404	0.769855	0.664447	8
2296	19.8056	18.4673	-0.0454194	8
2310	18.9066	1.93053	0.0267599	8
2311	17.5129	3.62818	-0.694648	8
2312	19.2256	3.61263	0.447248	8
2315	17.7529	15.1872	0.212458	8
2323	19.5669	22.3045	0.132187	8
2324	17.8791	20.7609	0.633478	8
2332	17.5849	15.1356	0.964787	8
2341	18.2741	0.00916739	0.450032	8
2343	17.8069	8.20372	0.289705	8
2347	19.5876	18.0295	0.156414	8
2349	18.7946	17.4556	0.569742	8
2352	18.939	2.97229	-0.315845	8
2362	19.9692	17.4171	0.413568	8
2368	18.5745	21.5529	1.17192	8
2373	19.0894	22.141	1.25745	8
2391	18.3056	21.0536	-0.220139	8
2394	18.4274	15.0597	0.160989	8
2399	18.9094	17.754	0.769657	8
2409	19.972	6.51524	0.184587	8
2444	19.1191	4.49493	0.298486	8
2449	19.1801	7.36047	1.01712	8
2455	19.5806	1.0419	-0.162025	8
2458	19.2212	14.7272	0.250773	8
2463	19.265	15.8535	0.599851	8
2464	17.5351	7.34786	-0.0373313	8
2470	19.2427	10.1073	0.460282	8
2478	18.1537	19.5391	0.249659	8
2498	19.8618	1.0055	0.233083	8
2501	18.846	17.37	1.05049	8
2534	17.9259	4.0453	-0.650177	8
2545	18.4479	14.1276	0.325245	8
2554	18.7389	10.8938	1.07998	8
2577	19.0192	2.5995	-0.0358051	8
2578	17.7016	10.317	0.0351318	8
2580	17.9216	0.33891	0.242242	8
2583	18.5872	19.1156	0.165183	8
2584	17.6498	0.0849495	0.347375	8
2604	19.5242	12.4937	0.926155	8
2616	19.543	10.1365	0.0186207	8
2617	19.0994	19.8554	-0.030265	8
2623	17.9026	12.9444	0.286864	8
2626	18.8835	6.37333	-1.59139	8
2627	17.7625	20.0634	0.869522	8
2658	19.933	14.7852	-0.0732639	8
2659	19.7544	21.4984	0.732912	8
2660	18.8936	23.8646	0.0354733	8
2661	18.2658	23.512	-0.0673965	8
2670	18.3225	17.5056	-0.323423	8
2678	18.2875	14.1897	0.122315	8
2687	18.7094	11.6138	0.43534	8
2704	19.8012	16.5149	0.552154	8
2706	18.5474	14.4862	0.662182	8
2707	19.5434	12.9263	0.385792	8
2712	19.253	2.66252	0.405559	8
2715	19.3578	13.4168	-0.627606	8
2718	18.4572	11.4925	0.839155	8
2733	18.7729	8.28066	0.148567	8
2743	17.6158	23.1947	0.225003	8
2767	18.6139	15.3674	0.467771	8
2779	19.3642	5.43513	0.274899	8
2786	18.4368	23.7629	0.751214	8
2790	19.655	12.5048	0.971128	8
2797	19.5654	9.16116	-0.0838024	8
2812	19.8755	10.9718	0.586532	8
2818	18.1795	2.49135	1.22907	8
2830	19.2279	11.3067	0.158151	8
2833	19.6891	5.15331	0.842839	8
2842	19.0749	2.08705	0.226693	8
2847	17.7235	10.9306	0.115228	8
2849	19.8944	11.3308	0.140848	8
2859	17.5157	2.84051	0.168253	8
2861	18.8876	16.3977	0.569527	8
2871	17.686	2.66634	0.607584	8
2879	18.1196	7.62032	0.113495	8
2893	19.5283	22.2605	0.506199	8
2896	18.239	7.01815	0.859318	8
2905	17.5293	18.2897	-0.370872	8
2910	18.0544	11.4529	0.767757	8
2919	19.2772	15.214	0.619308	8
2924	18.677	19.8091	0.231694	8
2932	18.907	4.22758	0.200616	8
2941	19.0938	2.24375	-0.335575	8
2964	19.6384	22.1101	0.754876	8
2965	19.9876	12.7912	0.459468	8
2967	19.8757	4.74196	-0.216617	8
2969	18.358	24.6653	-0.0863744	8
2970	18.109	20.8885	0.354956	8
2977	18.6201	9.96822	0.349941	8
2982	19.9413	7.98128	-0.542679	8
2992	17.6337	8.42271	0.330454	8
2993	19.7567	7.82968	0.19783	8
2994	18.1846	2.48584	-0.331832	8
2995	19.2359	1.48007	0.428354	8
3000	18.2074	23.441	0.247112	8
3023	19.3261	1.87196	-0.251073	8
3024	17.7439	11.6932	0.754697	8
3028	17.6019	16.6598	0.27779	8
3035	17.7897	1.75451	0.675471	8
3040	19.2896	8.64634	1.23602	8
3046	19.723	4.10171	-0.00725541	8
3057	18.5683	17.7917	0.708681	8
3063	19.8444	14.6581	-0.490281	8
3070	19.1454	5.92571	0.262727	8
3081	18.4044	5.73689	0.824604	8
3103	18.911	24.6103	1.05148	8
3108	18.6772	18.7051	0.261718	8
3113	18.1063	8.26968	0.737917	8
3120	17.6343	9.02167	0.799405	8
3127	19.4866	17.3779	-0.193822	8
3134	19.9795	17.7591	-0.248742	8
3137	19.7994	17.4933	0.415403	8
3150	19.076	4.38177	-0.132895	8
3157	17.8078	17.1824	0.165239	8
3181	18.5676	6.82616	-0.164982	8
3205	18.0338	4.91759	0.668869	8
3206	18.2824	19.2427	-0.0825959	8
3207	18.7096	18.8186	0.344434	8
3208	18.2751	11.2937	0.450516	8
3225	17.7242	3.34489	0.0475147	8
3227	19.7891	14.6532	0.891556	8
3229	18.7431	21.9853	0.537879	8
3234	19.5475	16.482	-0.241596	8
3235	18.3092	2.02871	0.169935	8
3237	19.5938	18.8762	1.41737	8
3243	18.655	12.8384	0.481938	8
3244	18.4221	23.5819	0.190402	8
3247	17.7776	16.3098	0.0454561	8
3248	17.7912	16.1744	-0.233342	8
3253	17.748	19.222	0.195256	8
3276	18.3123	14.8907	0.288438	8
3279	19.9335	24.9329	0.968479	8
3280	17.9562	12.9872	0.225995	8
3282	18.6883	9.03825	-0.056614	8
3285	18.1533	17.759	-0.321431	8
3286	18.7806	9.28429	0.576134	8
3310	18.7188	7.98615	0.375141	8
3320	18.3138	14.256	0.281358	8
3335	19.6084	13.8627	-0.0343755	8
3360	17.6169	5.58637	0.220926	8
3378	19.973	13.2942	-0.648352	8
3386	19.7744	21.1516	-0.0432459	8
3397	19.414	19.3834	0.590152	8
3398	19.452	19.162	0.700159	8
3428	17.6068	12.7898	0.738772	8
3430	18.2174	5.29489	-0.323819	8
3435	18.5897	23.2393	0.264138	8
3448	19.0896	17.0124	0.0127483	8
3454	17.6691	9.20842	-0.257246	8
3455	19.8302	9.75687	0.091749	8
3470	17.5467	16.9808	0.472246	8
3472	19.3965	12.8928	0.628568	8
3485	19.0988	10.0652	0.228985	8
3513	19.4152	19.2264	0.306921	8
3515	18.6941	2.57978	0.571985	8
3518	19.5877	18.1974	0.616359	8
3522	18.0168	3.17893	0.13936	8
3528	18.6838	18.8306	-0.275518	8
3534	19.3553	23.6214	0.0100869	8
3535	18.0604	16.4258	0.560601	8
3546	19.8041	0.679005	0.348256	8
3547	19.2997	1.28929	0.906565	8
3568	17.8898	16.8675	0.518172	8
3582	19.8967	3.24567	-0.3914	8
3592	19.8565	4.68924	1.02833	8
3624	17.5257	7.3036	0.995413	8
3640	19.7059	12.1806	0.163239	8
3643	18.747	15.2138	0.329964	8
3647	18.2212	18.9273	1.36184	8
3657	18.3805	10.4381	-0.266795	8
3680	19.3579	7.58412	1.41288	8
3704	19.5297	8.8005	0.241821	8
3747	17.7339	17.6147	-0.0610338	8
3748	17.7247	4.22996	0.128573	8
3750	18.8761	4.77008	-0.388421	8
3754	18.446	17.6568	0.355022	8
3756	19.8723	0.635896	0.539412	8
3763	19.2228	5.90774	-0.310641	8
3764	18.5899	11.1369	0.324032	8
3768	18.4112	9.88031	-0.156659	8
3776	19.6288	15.414	-0.180547	8
3786	19.5591	22.8179	-0.00942933	8
3792	18.939	16.5247	-0.821334	8
3800	19.8673	1.31956	0.0695827	8
3814	18.8474	6.78764	-0.291185	8
3820	19.1014	10.8536	0.680361	8
3823	19.0185	8.88643	-0.505775	8
3824	18.809	9.38549	0.882891	8
3828	19.0712	21.7834	0.079332	8
3842	19.1114	11.2509	0.664619	8
3846	18.7277	6.35452	0.166018	8
3852	18.6913	5.90076	-0.0513379	8
3862	19.2991	2.71877	0.214722	8
3870	19.0212	17.7263	0.394889	8
3873	19.5338	20.2374	0.755644	8
3889	19.903	7.44602	0.363098	8
3890	17.9899	18.8447	0.263995	8
3928	18.0682	12.5682	0.816669	8
3950	19.0504	22.1852	-0.0792537	8
3959	18.8861	23.4109	-0.0106652	8
3976	18.5782	17.6921	0.0641203	8
3992	18.4441	21.2143	0.00657478	8
4000	19.0514	8.76223	0.663163	8
4006	19.125	6.15795	0.761674	8
4008	19.6062	20.2121	0.943324	8
4038	18.0945	8.24971	0.166247	8
4044	17.7749	1.6528	0.0565956	8
4047	17.9976	0.910245	0.664034	8
4051	17.9932	18.2808	0.199189	8
4068	18.9678	11.8524	0.340136	8
4075	18.9222	7.59636	-0.421946	8
4086	19.3627	10.765	-0.144284	8
4089	18.7355	11.1962	-0.0476745	8
4101	18.2382	14.8156	-0.296146	8
4112	18.0293	16.1059	0.299535	8
4113	17.912	16.617	1.03411	8
4115	18.6082	22.7323	0.588371	8
4127	19.7716	22.8653	0.24671	8
4130	19.5777	10.3302	0.758665	8
4131	18.5764	5.98079	0.416154	8
4139	17.7358	17.9236	1.08299	8
1	22.0828	22.3388	0.630148	9
6	20.5015	7.16227	0.650257	9
7	21.2619	13.1378	0.426484	9
21	21.8297	6.52833	0.116701	9
48	20.2181	23.9875	-0.191327	9
71	21.1336	3.55016	0.943722	9
93	21.4104	16.8361	0.117762	9
98	21.7776	17.2585	0.641218	9
119	21.7711	18.343	0.635257	9
124	21.6163	23.6702	-0.543079	9
127	20.6408	8.73845	1.08039	9
128	20.7491	9.98854	0.780495	9
139	21.1416	16.4862	0.123003	9
141	22.3782	14.9002	0.263357	9
148	20.6842	4.10617	-0.201626	9
149	22.2657	5.98463	1.02255	9
157	21.2071	10.3305	0.602361	9
168	22.3989	12.2765	0.637118	9
172	22.1186	18.3098	-0.555538	9
190	20.3314	18.8972	-0.0353506	9
198	22.2143	21.1924	0.900633	9
225	21.1736	20.7352	-0.218128	9
231	20.7336	13.788	-0.0118031	9
239	21.2595	20.4093	0.421874	9
241	22.1951	13.4419	-0.548722	9
269	20.0114	14.2766	0.0108282	9
296	21.7406	3.35974	0.153004	9
297	22.0734	11.9628	0.475798	9
304	22.0561	4.26776	0.0678994	9
322	22.3503	22.2223	0.297045	9
327	20.2762	12.4088	-0.109664	9
330	20.829	15.696	0.082459	9
346	21.9432	2.53807	0.15513	9
348	21.3441	22.5608	0.559109	9
355	20.0971	22.0513	1.16119	9
359	20.7901	22.688	-0.714412	9
371	21.5244	2.37394	0.809637	9
388	21.6728	8.32364	0.37209	9
413	20.5839	12.2118	0.313479	9
414	22.4175	0.160227	0.719467	9
424	21.5941	14.3709	0.666234	9
446	22.1026	4.3101	0.764666	9
457	20.3152	3.96802	0.816002	9
464	22.1508	9.32714	0.223907	9
479	21.262	7.81379	0.431107	9
520	20.5795	1.19192	0.470349	9
521	22.154	8.25195	0.396541	9
528	20.2594	14.1077	-0.113633	9
530	20.4594	18.5123	0.734784	9
541	20.4928	24.1669	0.617053	9
545	20.3886	2.27563	1.01824	9
550	21.5713	2.79642	0.651668	9
571	21.6138	4.24588	0.587294	9
575	22.3727	14.1427	-0.193799	9
593	22.1009	11.1689	-0.137991	9
611	20.5359	14.1193	0.559337	9
612	21.8716	24.694	0.0255643	9
626	22.0406	6.48535	-0.822245	9
630	21.2022	2.78645	-0.384921	9
631	20.4229	21.6827	-0.0200649	9
636	20.0418	19.7457	-0.226081	9
675	21.2235	20.5896	0.0994707	9
688	20.0073	8.19689	0.106485	9
694	20.2973	7.55321	0.813772	9
705	20.6418	9.37574	0.0621128	9
714	20.8765	10.9036	1.49	9
715	22.1301	2.99623	0.391757	9
716	20.0911	23.5411	0.689821	9
729	20.7504	10.0198	0.0481908	9
745	21.0169	9.72953	0.181634	9
748	22.1441	23.2855	0.317286	9
758	20.186	22.4547	-0.0816518	9
760	20.6691	13.7889	-0.148331	9
779	21.021	4.14534	0.634894	9
783	22.3071	23.9787	0.473999	9
788	21.4579	15.8078	0.310069	9
805	21.0982	23.7466	1.05497	9
807	20.7944	3.22911	0.162893	9
814	20.004	15.0761	-0.460582	9
819	20.0302	1.77703	-0.457491	9
821	20.436	1.54887	0.792135	9
824	20.0989	20.0344	0.386563	9
825	20.0227	2.13038	0.673338	9
831	20.6542	18.7389	0.167419	9
833	22.2664	5.30311	0.0546478	9
839	21.075	17.2822	0.276257	9
867	20.6921	17.6981	1.32112	9
872	22.1442	11.1713	0.851393	9
877	20.5522	17.0489	-0.090491	9
901	21.2197	15.4502	0.321669	9
906	22.1345	14.3161	1.20329	9
919	21.0037	13.1706	-0.551076	9
920	22.2162	17.6244	0.255934	9
921	22.2969	9.51134	0.304281	9
926	21.8232	24.803	-0.592409	9
935	20.8762	19.5402	0.695096	9
939	21.799	2.15146	-0.231453	9
940	21.423	8.2015	0.00480979	9
944	20.0495	19.4026	0.155384	9
953	21.044	3.36255	0.713899	9
970	20.3562	4.64265	-0.159121	9
982	20.9544	22.4316	0.534411	9
1012	20.1242	14.1473	-0.304802	9
1033	20.4137	7.44337	0.279741	9
1064	22.3761	13.6048	0.102071	9
1088	21.6171	12.1252	0.0645955	9
1112	20.9992	15.6434	0.816903	9
1140	20.4211	17.5832	1.02921	9
1142	20.5272	23.8118	0.0137434	9
1151	22.4987	24.2562	0.0493632	9
1167	21.9164	1.0119	0.192053	9
1171	21.8654	4.82421	-0.0861018	9
1185	20.5887	21.5147	0.00769093	9
1186	21.6813	10.0378	0.449517	9
1195	20.9516	19.836	0.618335	9
1211	21.5822	13.6022	0.440906	9
1236	22.3806	3.05905	0.42983	9
1252	21.7493	14.4172	0.0787226	9
1260	21.7095	13.0103	-0.0960505	9
1261	22.2424	16.5127	0.476863	9
1266	21.1703	11.0471	0.25355	9
1268	20.8209	15.3287	1.22165	9
1269	20.1132	6.18586	-0.300095	9
1273	21.291	18.3713	0.209905	9
1274	20.0114	23.3347	0.334902	9
1275	20.8446	21.1059	0.395479	9
1282	20.0901	17.8288	1.52778	9
1292	21.9612	6.27326	0.12934	9
1294	21.4351	18.7677	0.373854	9
1300	20.9322	4.84008	0.883887	9
1308	20.6333	22.0822	0.620779	9
1311	20.6959	5.16442	0.281437	9
1317	20.1074	0.144959	0.213969	9
1345	22.3649	7.74186	0.130139	9
1348	20.9231	10.9136	0.111788	9
1354	20.8276	17.135	0.656527	9
1386	20.2578	9.66833	0.30245	9
1396	20.5982	5.57269	1.19713	9
1397	21.7277	1.54051	0.754304	9
1398	21.3521	11.3801	-0.21489	9
1404	21.2611	23.8187	0.60231	9
1409	21.753	24.5486	0.688135	9
1421	20.1278	16.9693	0.796863	9
1432	20.5514	13.7379	0.387848	9
1433	21.1168	13.048	0.605004	9
1452	21.3527	2.10971	0.226274	9
1454	20.7844	16.7757	0.183665	9
1464	21.9336	23.0566	0.47821	9
1470	22.4392	4.10955	0.290789	9
1472	21.5827	7.5948	0.103306	9
1474	20.3525	22.4797	1.0693	9
1479	20.2977	19.5114	0.38196	9
1484	21.1882	18.1687	0.635559	9
1491	22.4714	4.81868	1.01761	9
1496	21.8907	8.12156	0.507551	9
1497	20.201	15.2611	-0.47597	9
1502	22.328	21.843	0.0796849	9
1512	22.3246	18.4278	0.480503	9
1515	20.7989	7.43194	-0.0934042	9
1522	20.4966	16.2037	0.494628	9
1527	21.1784	3.77735	0.77372	9
1535	20.11	2.89409	0.656916	9
1536	21.9015	0.79146	0.304372	9
1538	20.2169	13.4766	-0.462817	9
1543	20.0904	24.245	0.274428	9
1557	21.5941	8.38179	-0.148643	9
1559	21.3694	11.3379	-0.270038	9
1572	20.7738	19.8062	-0.107432	9
1577	21.9212	14.8432	0.17618	9
1579	21.7248	21.7627	-0.17361	9
1587	20.7778	0.238525	-0.199147	9
1594	22.4747	6.64865	-0.0586851	9
1600	20.7756	8.11837	-0.178371	9
1621	22.4329	20.2519	0.573516	9
1627	21.8266	5.3985	-0.181219	9
1632	21.5262	23.6307	0.905242	9
1635	22.4987	5.04792	1.37704	9
1636	20.7137	15.2017	0.618023	9
1639	21.1202	9.37856	0.225207	9
1649	20.8802	9.85085	0.540018	9
1662	21.5085	14.0199	0.303919	9
1665	21.7905	8.83727	0.636875	9
1668	21.4854	12.7812	0.377813	9
1679	22.4125	0.0266957	-0.163054	9
1683	20.7749	9.04775	0.669598	9
1701	21.6922	20.8325	0.419474	9
1726	20.3165	19.0502	0.185126	9
1728	20.3638	14.4384	1.06161	9
1735	22.096	16.0733	-0.221658	9
1738	20.6069	0.955112	0.895801	9
1745	21.1439	18.2157	-0.615249	9
1761	20.3181	10.6139	-0.330542	9
1763	20.117	16.3656	0.47917	9
1786	21.7299	7.24612	1.45513	9
1787	21.3052	16.3046	-0.417149	9
1801	20.5163	20.112	0.613087	9
1806	20.4664	11.8457	0.893489	9
1814	22.2899	13.8945	1.00415	9
1825	21.8127	16.4304	-0.056086	9
1830	21.1298	1.70464	0.693711	9
1834	21.91	23.7545	0.137424	9
1837	21.3137	15.9339	1.04567	9
1841	21.4195	21.7017	0.326032	9
1848	21.3791	17.1278	0.111164	9
1859	20.8	24.7149	0.778767	9
1865	21.133	22.7455	-0.0153554	9
1873	20.4183	6.18882	-0.152288	9
1879	22.1083	7.47062	0.358156	9
1900	21.4774	24.5146	0.89343	9
1912	22.3103	20.6505	0.170693	9
1935	21.985	19.9993	-0.233459	9
1938	21.0462	1.90828	1.17603	9
1942	21.308	3.7423	0.952518	9
1955	22.3691	3.97804	0.083667	9
1961	21.7178	19.2051	0.614284	9
1979	21.2253	23.8329	0.603178	9
1985	21.7705	18.3031	0.135516	9
1997	22.3313	23.1271	0.223448	9
2002	21.2601	10.117	0.511601	9
2019	20.8457	6.64481	0.562604	9
2026	20.7106	12.5527	0.126265	9
2031	21.2351	1.29113	0.451198	9
2036	22.0006	12.9884	-0.399511	9
2052	21.4275	3.06392	0.219152	9
2058	22.3192	11.3001	-0.274088	9
2062	21.4321	6.93872	0.709953	9
2076	21.6972	23.298	0.55596	9
2078	20.5661	23.3871	0.378965	9
2085	22.1236	20.4187	0.225409	9
2100	20.3112	9.00474	0.234617	9
2114	20.4203	22.6151	0.129633	9
2128	22.1605	3.93309	0.140836	9
2130	21.6355	15.5491	0.173088	9
2148	21.8437	23.8989	1.47535	9
2152	21.9688	20.6213	-0.164587	9
2158	21.9172	20.5515	0.3985	9
2169	22.4027	21.1748	0.501042	9
2171	21.1577	12.94	0.348686	9
2176	21.8075	23.2824	0.593226	9
2188	20.8158	2.28653	-0.0930137	9
2198	21.2362	10.4334	1.06216	9
2208	21.0736	20.7729	0.998749	9
2223	20.5177	13.8205	-0.158725	9
2247	21.1666	18.7228	0.368464	9
2278	21.4431	9.93672	1.71376	9
2298	20.006	15.9822	0.786094	9
2306	21.9889	12.3975	0.0549161	9
2309	21.634	24.3269	0.726947	9
2318	20.1476	7.91594	0.872857	9
2325	21.6737	5.65027	-0.09319	9
2335	22.4883	6.46534	-0.0539983	9
2344	20.3945	23.0979	0.533288	9
2348	22.1162	23.3864	0.257151	9
2354	20.3237	24.3742	0.691936	9
2356	21.5651	8.90519	0.260098	9
2357	22.1783	2.48192	-0.13095	9
2376	21.4561	15.7772	0.344429	9
2384	20.9717	22.1118	0.0933573	9
2388	20.1667	22.41	0.290102	9
2396	22.102	22.6794	1.08189	9
2397	20.9485	22.3688	0.217597	9
2400	20.3392	20.1836	0.4199	9
2407	22.1417	3.65522	0.151994	9
2411	22.2272	17.2946	0.869642	9
2432	21.763	11.2362	0.350669	9
2442	21.6073	16.3475	0.186504	9
2451	21.9133	0.283923	-0.039477	9
2453	22.2585	9.43171	0.13586	9
2462	20.7662	23.8881	0.796763	9
2465	22.4799	0.624877	0.386391	9
2477	20.6115	15.1609	0.375794	9
2479	20.8779	19.1525	-0.0834508	9
2529	20.135	24.1502	0.431627	9
2530	22.3181	21.5755	-0.238522	9
2551	21.0316	1.82139	0.429798	9
2556	21.966	9.05146	0.576928	9
2562	21.1765	19.3941	0.404331	9
2619	20.5966	22.7728	0.107777	9
2628	20.0463	7.26422	-0.589169	9
2664	20.8138	14.2331	0.851297	9
2666	20.604	15.1089	0.613185	9
2693	20.1107	3.65724	0.345046	9
2698	22.1462	19.1533	0.886688	9
2734	21.4859	12.6162	-0.237677	9
2736	22.2032	24.2063	0.684273	9
2737	20.3566	23.9381	0.157566	9
2739	21.0054	1.4853	0.686198	9
2763	21.0403	11.9314	0.629337	9
2778	22.1431	6.33028	0.248834	9
2787	22.0548	6.45802	0.0488108	9
2795	21.853	20.2895	0.252984	9
2796	21.8688	21.6761	0.281655	9
2804	20.4952	16.7464	-0.177143	9
2817	21.7034	8.85393	1.10313	9
2821	21.1327	22.4126	0.605483	9
2822	21.379	22.0229	-0.241762	9
2832	20.1159	4.11692	-0.65739	9
2840	22.1081	23.5313	1.01367	9
2868	21.7014	12.7957	0.383481	9
2869	20.6585	9.52304	0.121529	9
2891	22.3062	19.2899	0.211583	9
2892	21.7057	18.9144	1.37696	9
2894	20.0465	22.836	0.376116	9
2895	20.3233	21.1791	-0.0315871	9
2918	20.5813	24.8992	0.62938	9
2921	21.2787	4.1259	1.11267	9
2927	22.1877	0.360448	0.823504	9
2929	21.7499	2.73608	0.978482	9
2945	21.8837	11.888	0.380773	9
2954	21.5351	1.62462	-0.0438346	9
2955	21.157	3.08624	0.18461	9
2972	22.4803	14.8152	0.199897	9
3014	20.138	9.35069	-0.231081	9
3015	22.4182	9.29913	-0.32447	9
3039	22.3754	10.3925	0.217348	9
3045	22.2237	12.421	0.598239	9
3060	21.5662	9.58432	0.623001	9
3062	20.1488	11.0679	-0.0277482	9
3064	20.8308	14.5204	0.515257	9
3078	21.5477	1.87105	0.717848	9
3082	21.7017	3.28716	-0.361401	9
3085	20.7806	4.93273	0.777043	9
3105	22.0483	23.8324	0.157481	9
3111	21.4673	10.2629	0.61985	9
3117	20.1559	19.6475	0.116503	9
3118	20.367	20.5304	0.208596	9
3119	22.1434	16.5584	0.30987	9
3122	21.4169	20.6769	0.0183593	9
3130	20.9392	22.7301	0.871547	9
3133	20.5552	10.3079	0.442964	9
3159	21.7828	15.7446	0.473178	9
3160	22.0123	16.3547	0.230795	9
3168	20.2188	0.813267	-0.465851	9
3176	21.3698	9.67785	0.247066	9
3183	20.6147	1.64897	0.496978	9
3195	22.4089	15.8707	0.827335	9
3202	21.2494	19.904	-0.0435584	9
3209	21.614	21.485	0.825068	9
3251	20.2064	24.6163	0.131679	9
3255	20.7051	24.6228	0.821787	9
3267	20.5918	3.82603	0.694863	9
3287	20.6591	23.0063	-0.339244	9
3295	21.3035	13.4105	0.662393	9
3298	22.4917	12.7856	0.389788	9
3348	21.0883	15.6958	0.212779	9
3349	21.4263	16.1523	0.645571	9
3355	20.7501	10.1604	0.867796	9
3372	20.3736	15.5965	0.413693	9
3375	20.243	4.32224	0.15929	9
3468	20.8583	22.13	0.939226	9
3474	21.17	7.72307	0.246613	9
3477	21.9609	24.0771	-0.388975	9
3478	20.8988	15.9406	0.185822	9
3482	20.6882	4.71013	0.023774	9
3483	20.7145	5.28245	1.12134	9
3487	20.7461	12.1417	0.155134	9
3536	20.0749	4.4453	0.0893453	9
3537	22.2606	14.5964	0.0839645	9
3543	22.0356	24.3683	0.610527	9
3544	21.5223	24.5968	1.00947	9
3555	21.8501	17.4996	0.825567	9
3556	21.878	17.1248	0.744116	9
3584	22.2646	22.6899	0.432676	9
3589	21.8725	8.83237	-0.237166	9
3609	20.4427	21.7364	0.30457	9
3635	21.6643	15.9683	0.25818	9
3637	21.8095	12.2965	0.408505	9
3639	20.0929	16.1091	0.207802	9
3655	20.9951	0.232318	-0.0215378	9
3694	22.3026	18.2206	-0.0563479	9
3714	21.9858	3.47208	0.484405	9
3717	22.0973	13.31	0.999172	9
3745	21.2559	9.98289	0.574382	9
3749	20.5672	1.08768	0.741429	9
3779	20.3131	12.9333	-0.099849	9
3801	21.6909	1.9667	0.0917234	9
3802	20.7071	12.6064	0.516858	9
3813	20.3692	8.68138	0.453757	9
3815	21.4253	16.2804	-0.190131	9
3819	22.4908	21.777	0.23463	9
3838	20.0644	5.772	0.590333	9
3871	21.2129	18.7356	-0.551369	9
3874	20.2593	23.8701	0.216132	9
3898	20.7921	4.5559	-0.483758	9
3914	20.3443	18.8865	0.941527	9
3935	20.9594	5.07405	0.267997	9
3941	21.0654	6.37051	-0.200982	9
3975	21.7333	20.0858	0.913617	9
3990	20.0633	16.2926	0.551191	9
3993	20.9769	14.958	0.946692	9
4017	21.4776	3.58502	0.512582	9
4032	21.6253	20.2436	-0.779256	9
4034	20.6012	13.4338	0.360205	9
4050	20.812	11.7787	0.522876	9
4057	20.3166	13.7664	0.0709622	9
4059	22.3379	12.9103	1.11674	9
4060	22.1925	12.8757	0.692112	9
4062	21.9058	22.1241	-0.281189	9
4081	22.1155	3.13768	0.610697	9
4108	22.197	23.3225	1.01725	9
4117	22.1663	11.5301	0.0401027	9
4123	20.2216	16.7018	0.58013	9
4137	20.3582	10.9417	-0.379407	9
4146	21.3677	4.84046	0.783723	9
11	23.0863	9.95923	-0.123784	10
28	22.5479	24.56	0.397531	10
54	23.12	5.20539	0.411015	10
62	23.2568	19.1048	0.0072235	10
89	23.1966	22.7113	0.0295912	10
101	23.2177	9.07741	0.280571	10
103	24.8477	21.1879	0.841864	10
104	23.896	8.26789	0.702414	10
117	24.4466	18.7585	-0.0786579	10
143	23.3562	7.59269	0.683616	10
145	24.573	18.7194	0.0833414	10
147	22.5843	24.3892	0.375025	10
156	24.5003	12.0713	0.72824	10
158	24.7242	6.85538	-0.119047	10
166	24.672	3.24114	-0.081281	10
171	24.9971	2.10778	0.0997597	10
174	24.134	18.544	0.413415	10
179	24.5411	8.16012	0.429253	10
183	23.4852	20.6348	1.18259	10
204	23.9691	16.6606	0.662398	10
207	24.5686	12.3638	0.249098	10
214	24.2138	3.71435	0.10324	10
227	23.2932	22.8271	0.849821	10
230	23.1566	16.9561	0.611934	10
233	22.8091	14.4972	0.290511	10
237	22.7544	15.7191	-0.426821	10
238	24.8013	2.59723	0.0358872	10
272	23.1697	13.0287	-0.252371	10
273	23.7157	9.88459	0.986631	10
281	23.621	24.1528	-0.316321	10
295	23.8047	4.36592	-0.482304	10
334	23.3943	22.003	0.890624	10
344	24.1526	11.4056	-0.229183	10
352	24.5195	11.531	-0.316411	10
364	23.4693	2.60205	0.483051	10
379	24.8388	18.6591	0.423447	10
383	22.9274	7.49488	0.931548	10
386	22.6412	20.9825	0.519053	10
400	23.2748	22.5158	0.035383	10
422	23.6593	23.6187	1.03361	10
434	22.7417	1.73473	-0.328608	10
438	24.5165	14.2313	0.283158	10
470	23.8982	8.19486	0.475805	10
472	23.3637	1.74301	0.079866	10
494	22.7492	0.523866	0.464705	10
507	24.8609	19.4466	-0.650797	10
522	24.2039	10.3601	-0.144136	10
536	23.7907	22.8286	0.388169	10
537	23.7491	12.5219	-0.215279	10
559	23.7923	3.18473	1.09637	10
562	23.211	1.70838	-0.258224	10
580	23.171	19.8789	0.590685	10
581	24.9171	10.3454	0.343001	10
585	23.8419	15.829	0.662332	10
594	23.2482	6.68281	0.337509	10
595	22.9059	13.0547	0.475917	10
607	23.9309	2.55198	0.282179	10
608	23.2004	11.7546	-0.371175	10
638	23.2733	6.22514	0.950469	10
639	23.2705	5.52133	-0.174915	10
641	22.7452	6.41498	0.736298	10
665	23.0603	13.8532	0.284455	10
671	23.3081	8.01221	0.455831	10
684	23.0175	11.2408	0.629728	10
689	23.3235	6.16337	0.708343	10
698	23.6421	18.9996	0.841139	10
699	24.9394	0.375668	-0.0421236	10
706	24.9698	6.40654	-0.383864	10
709	22.5598	1.86176	0.0778824	10
721	23.4008	16.5142	0.180083	10
731	23.3339	23.1724	0.727294	10
757	23.2385	4.94406	0.36376	10
776	22.8941	8.47058	0.766233	10
777	24.556	9.94126	0.43904	10
785	24.1939	14.9613	-0.16491	10
804	23.035	15.8169	-1.24433	10
815	23.5522	18.0667	0.271023	10
828	22.7783	16.545	-0.120086	10
842	22.6286	23.1715	0.686356	10
857	24.6429	13.3839	-0.878357	10
858	22.9748	14.3651	-0.456059	10
865	23.3293	8.01499	0.063416	10
866	24.5763	9.40964	-0.0193932	10
910	22.6914	17.829	0.483477	10
913	22.5378	6.1029	0.196995	10
925	24.131	14.6366	-0.177027	10
931	23.953	16.0941	0.405129	10
941	23.6453	13.6755	0.569056	10
952	23.3422	17.5326	-0.204748	10
958	22.836	24.1538	0.36853	10
960	23.6582	2.36365	-0.433778	10
980	23.5265	11.378	0.83442	10
984	23.0198	22.2165	0.869191	10
993	23.5085	3.4964	-0.274461	10
994	22.7143	2.8543	0.189966	10
1007	22.5564	2.60022	0.400146	10
1019	23.0977	20.4212	0.342397	10
1021	24.3271	22.9167	0.473829	10
1025	23.9893	6.49836	0.787818	10
1031	22.8245	3.26788	0.0881847	10
1041	22.515	4.96421	-0.0653093	10
1045	23.0295	20.8085	1.16742	10
1060	24.449	22.9069	1.18232	10
1063	23.664	8.14105	0.465345	10
1070	24.3397	12.2455	0.692915	10
1071	23.936	24.3681	0.0368689	10
1076	23.2003	10.49	-0.0665298	10
1082	22.8534	1.95234	0.308174	10
1091	23.3479	22.0694	0.216299	10
1099	23.3072	24.1828	0.422421	10
1100	24.3793	1.98495	0.460686	10
1110	22.9476	12.5429	0.589269	10
1122	24.2453	22.1122	0.363625	10
1131	23.5469	0.784603	0.242692	10
1150	24.6546	24.4965	0.45777	10
1157	24.3615	1.31872	-0.0175243	10
1165	24.3848	15.6555	0.130614	10
1166	23.3684	21.033	0.56048	10
1172	24.9152	5.61304	0.557934	10
1184	23.2552	17.9145	1.04364	10
1201	22.6704	0.197348	0.355743	10
1218	24.9044	10.8476	0.284766	10
1238	23.7431	10.4006	-0.106776	10
1244	24.9258	2.03062	0.035705	10
1257	24.7005	17.2923	0.754985	10
1272	23.3171	23.3257	-0.208312	10
1283	24.6716	11.7744	0.390551	10
1284	23.7273	21.7353	0.48006	10
1285	24.4495	12.9458	-1.18769	10
1286	24.4605	13.3574	0.206676	10
1288	24.8187	23.4585	-0.0590078	10
1289	23.2034	20.7366	0.274914	10
1303	23.8046	21.3903	1.08418	10
1335	24.2486	15.2925	1.20489	10
1351	24.3369	3.39985	0.438524	10
1352	22.6767	10.9281	0.698576	10
1370	24.2955	14.2694	0.375965	10
1374	23.792	2.37988	0.0995612	10
1376	23.7482	8.49744	0.764092	10
1380	24.6107	23.9413	0.512506	10
1382	22.9182	4.31355	-0.143063	10
1400	24.3002	6.99885	0.0628416	10
1401	24.7354	21.7569	-0.100272	10
1407	23.055	19.1851	0.118145	10
1415	23.2625	12.9088	0.138151	10
1416	24.5897	19.3411	0.0365485	10
1437	24.8661	20.2603	0.0856558	10
1443	23.7307	13.9255	0.508104	10
1450	23.6281	24.5969	0.423896	10
1458	22.7895	20.0713	0.290027	10
1481	23.9971	11.2268	-0.454381	10
1483	23.2473	17.8342	0.257545	10
1490	23.8438	0.587551	0.500965	10
1495	23.9451	8.23189	-0.595573	10
1499	24.2355	11.6191	0.13225	10
1511	24.8931	14.6112	-0.257661	10
1525	24.4496	18.1629	0.318573	10
1542	24.4259	2.55722	0.833069	10
1545	23.369	23.9986	0.652449	10
1561	22.6531	14.0527	0.22505	10
1568	24.8139	22.7955	0.386746	10
1580	24.5325	4.05447	-0.0422418	10
1586	24.4177	5.45635	0.0711398	10
1608	24.2785	4.81143	0.1733	10
1628	23.0188	22.1478	0.513617	10
1644	23.9277	18.2384	0.981088	10
1647	23.0055	18.5844	0.294939	10
1651	22.9077	2.43673	0.154624	10
1652	23.3525	4.61062	1.53359	10
1653	23.0996	4.01119	0.233617	10
1654	24.2866	5.10466	0.51161	10
1658	24.7843	16.1461	0.30309	10
1677	24.9733	20.0611	0.610124	10
1685	23.7825	22.9896	1.68343	10
1686	23.6729	10.1313	0.851777	10
1698	24.6527	0.682109	0.346421	10
1716	22.997	12.1146	0.238109	10
1719	22.6175	20.0702	-0.113335	10
1729	23.2872	2.18414	-0.300323	10
1742	23.7846	12.4037	0.0725218	10
1749	24.6175	21.1788	-0.737423	10
1753	22.5534	11.0207	1.17684	10
1755	23.3998	5.463	0.139941	10
1767	23.9059	1.38572	0.898612	10
1774	23.4158	17.5901	0.298026	10
1778	23.1921	15.4238	0.149929	10
1808	23.6472	0.408444	0.594251	10
1817	24.8003	4.15174	0.0994004	10
1826	24.2257	5.03101	-0.501689	10
1844	23.1788	14.249	0.501577	10
1845	23.7024	23.2002	-0.0212537	10
1876	22.659	21.7903	-0.0969934	10
1881	24.7407	8.97674	0.723509	10
1882	23.4994	8.12322	1.07498	10
1892	23.2513	3.88573	0.463301	10
1897	22.71	14.4926	0.93262	10
1907	24.7103	6.30938	0.672727	10
1911	22.7971	21.5314	-1.09513	10
1937	23.1052	6.03674	0.328994	10
1945	24.9907	17.6361	-1.29804	10
1981	23.4149	13.5892	0.391922	10
1987	24.3688	1.88101	-0.981696	10
1991	23.365	20.3291	0.355185	10
1992	23.6051	23.8076	0.820501	10
2007	24.996	12.7329	0.741457	10
2011	22.8973	9.68808	-0.0490666	10
2040	24.0039	23.6701	-0.0709146	10
2047	24.5088	13.6458	-0.278793	10
2066	24.3772	22.7045	0.56694	10
2070	22.849	7.55322	0.550934	10
2071	24.4646	4.14088	-0.128255	10
2089	23.7496	0.482295	0.0910283	10
2090	24.4098	24.6163	1.32908	10
2098	24.2671	22.523	-0.127165	10
2099	23.6139	21.8301	-0.588088	10
2105	24.4585	11.5713	1.04338	10
2106	24.1196	3.02911	0.824007	10
2112	24.1698	3.63851	0.15667	10
2127	24.41	22.4719	0.293472	10
2129	23.7573	7.26048	0.384881	10
2133	24.5771	3.35698	0.795656	10
2137	24.4473	11.9304	0.127914	10
2150	22.9163	15.7731	-0.0447039	10
2155	22.7522	15.9689	0.187167	10
2156	23.1568	17.1101	0.506384	10
2164	23.2581	3.39947	0.488324	10
2181	22.5142	12.9071	0.0300787	10
2187	23.0244	2.70882	0.357144	10
2192	23.0286	2.38849	0.660362	10
2202	24.5896	3.88695	-0.214814	10
2203	24.8229	12.5683	-0.518176	10
2212	24.0724	4.63588	-0.0397085	10
2251	23.1657	18.4816	-0.0750469	10
2254	23.8234	18.7719	-0.262737	10
2261	24.5628	19.1348	0.452497	10
2279	24.6243	24.1499	-0.330468	10
2287	23.6315	14.2089	0.847684	10
2302	23.2431	13.8391	0.46142	10
2305	22.8274	0.953815	0.00398845	10
2319	23.1314	21.0823	0.287512	10
2345	24.9735	7.91169	-0.456983	10
2353	24.3534	17.5253	1.24287	10
2371	24.2054	3.2056	0.536217	10
2389	22.9284	0.869169	0.194902	10
2390	23.2599	0.0190422	0.181443	10
2398	23.8954	5.36932	0.426697	10
2419	24.115	21.0661	-0.829155	10
2422	24.1064	20.5047	0.571774	10
2466	24.2565	5.85458	0.28002	10
2467	24.087	19.2036	-0.705731	10
2490	23.8558	19.6491	-0.345703	10
2492	23.255	8.67971	0.280641	10
2497	23.9953	4.8082	-0.283616	10
2514	23.7268	21.9751	0.831533	10
2518	23.0481	20.2352	0.873149	10
2522	23.8235	11.3678	0.0664622	10
2527	24.5155	3.12379	0.371889	10
2536	24.7433	16.215	-0.083649	10
2546	24.6036	18.4292	-0.270214	10
2550	22.5933	1.26629	0.224541	10
2555	22.5953	12.3056	0.207425	10
2558	24.4673	4.87948	0.509628	10
2560	23.9123	8.35992	0.801443	10
2581	24.0784	5.51399	0.0119821	10
2591	22.997	23.7974	0.705422	10
2595	23.0036	21.0197	0.131119	10
2605	24.6668	23.0994	0.373767	10
2608	23.4639	24.1271	1.18633	10
2609	23.1867	11.0503	0.446847	10
2624	23.4855	20.3916	-0.25765	10
2629	23.7093	21.0414	-0.437038	10
2650	24.1354	14.8957	-0.228942	10
2656	24.8758	8.94239	-0.237841	10
2697	23.3808	15.9747	0.621469	10
2709	24.0546	19.5603	0.799786	10
2723	24.0451	24.0373	1.08419	10
2749	22.973	9.02901	0.828522	10
2765	23.8833	20.8479	0.521111	10
2768	24.2898	13.4104	0.134541	10
2789	23.6977	17.3738	0.306581	10
2799	24.8191	22.1468	0.641116	10
2801	24.7591	2.07734	0.820769	10
2802	24.727	4.70107	0.293662	10
2820	22.6348	13.5628	-0.279126	10
2827	23.4388	14.6763	0.208286	10
2828	24.2335	5.01749	0.0475794	10
2857	22.9083	17.4176	0.493278	10
2877	23.7725	17.6742	1.33235	10
2882	24.4853	10.3224	1.51579	10
2883	23.1282	10.9256	0.916918	10
2886	24.6384	6.38807	0.535192	10
2887	24.3304	5.25161	0.349727	10
2903	22.8722	3.69495	0.745078	10
2909	22.5938	8.27501	0.0943384	10
2912	23.8055	22.4706	0.543052	10
2961	23.5545	23.2525	0.73139	10
2968	24.5783	6.2128	0.126583	10
2971	22.8205	4.31153	0.108817	10
2984	23.3738	16.5312	0.657454	10
2985	23.0497	3.11927	0.14807	10
2998	23.0151	14.7963	1.19636	10
2999	23.1828	13.2769	0.610494	10
3017	23.0498	9.23986	0.0788803	10
3034	23.7823	12.1757	0.786207	10
3042	24.9654	14.8794	0.464401	10
3056	22.8439	13.3921	0.606112	10
3068	23.7417	21.1846	-0.52297	10
3069	23.7349	11.7825	1.07338	10
3074	22.8148	24.555	0.442646	10
3095	24.254	2.09082	0.457228	10
3116	24.9241	23.0497	0.24098	10
3129	22.9099	21.7782	0.262353	10
3140	24.9116	4.04213	0.248511	10
3143	23.8329	15.8462	0.718977	10
3156	22.6331	14.394	0.199923	10
3171	23.5451	16.5055	0.588043	10
3172	23.6721	17.0857	-0.402423	10
3179	24.8042	15.4018	0.115611	10
3182	23.1135	1.04733	1.16011	10
3199	24.9601	1.44203	0.753261	10
3200	23.1343	22.4072	-0.0734084	10
3211	23.2752	21.6058	0.0716438	10
3212	23.3123	19.9848	0.0792296	10
3214	24.0481	22.6602	0.379102	10
3238	23.2784	24.5811	0.596915	10
3239	23.7574	24.4517	0.106255	10
3245	22.5451	20.5218	0.438624	10
3246	23.5133	16.2397	-0.299931	10
3275	23.7381	14.8541	-0.0598355	10
3296	23.787	20.109	0.241009	10
3297	23.463	5.20283	-0.203717	10
3299	22.5838	13.2371	0.8557	10
3300	22.7188	23.5612	0.163663	10
3301	24.2719	20.4294	0.388566	10
3303	22.8881	2.68356	1.10968	10
3328	24.5033	8.10859	1.05664	10
3337	24.6415	3.40865	0.845002	10
3345	24.6015	11.6389	0.0282243	10
3362	22.7037	6.31843	-0.218402	10
3363	22.6659	11.0657	1.33358	10
3364	24.8295	8.44313	0.540608	10
3369	23.4694	19.1088	0.456144	10
3370	23.5512	4.91979	-0.0406055	10
3376	24.1918	15.5999	-0.0525613	10
3383	23.4896	11.3317	0.352589	10
3385	24.5375	22.6047	1.09955	10
3392	23.4984	16.0081	0.343244	10
3395	23.4524	12.0303	0.654246	10
3400	23.2415	3.94658	0.418294	10
3407	23.3125	9.18564	0.164251	10
3417	23.7726	24.3135	0.121262	10
3423	24.7607	1.00829	-0.489022	10
3427	22.8443	8.4269	0.0729087	10
3431	24.4474	24.698	-0.445671	10
3432	22.8111	21.5765	1.03287	10
3438	22.6156	2.49359	0.808739	10
3441	23.657	24.0905	0.564119	10
3462	23.827	18.035	-0.0523852	10
3497	23.557	4.81768	-0.511799	10
3502	24.886	12.6067	1.00899	10
3504	24.277	1.53627	-0.245537	10
3508	24.3851	21.7049	0.548605	10
3516	22.5555	16.5518	0.135009	10
3539	23.1667	0.842045	0.588139	10
3542	23.9736	14.3281	0.95633	10
3557	22.8044	9.47899	0.160754	10
3573	24.7853	1.61814	-0.0305461	10
3619	22.905	1.52157	0.485727	10
3625	23.9683	24.4144	-0.208573	10
3630	24.6215	24.1873	-0.124792	10
3632	22.6195	16.4896	1.22597	10
3641	22.6955	21.621	0.396061	10
3646	23.9628	22.5162	-0.148032	10
3659	24.3646	19.8341	-0.101936	10
3666	23.6439	17.365	0.455668	10
3672	24.9094	18.3009	0.356683	10
3688	24.3507	18.2575	-0.707625	10
3691	22.6645	3.59108	-0.0871114	10
3692	24.4946	16.7903	0.760752	10
3693	24.8688	17.2615	0.638696	10
3702	24.4088	6.32046	0.908158	10
3709	23.1156	18.0038	-0.407435	10
3713	24.1811	4.61297	1.27242	10
3727	22.6416	17.4054	0.416372	10
3743	23.0629	3.59995	0.392163	10
3765	22.8969	3.21251	0.280079	10
3774	23.088	21.0459	-0.125891	10
3777	23.5947	2.44005	0.259844	10
3781	23.0659	3.03633	-0.754981	10
3787	23.0113	1.67852	0.293325	10
3788	22.761	2.23967	0.280328	10
3790	23.4698	5.41655	0.154408	10
3795	23.6477	8.47194	0.29615	10
3796	23.7077	11.8084	-0.433793	10
3799	23.784	12.5729	0.306634	10
3807	24.3631	14.8231	0.705829	10
3808	24.6244	2.44266	0.159245	10
3830	24.8057	9.36676	-0.0519339	10
3832	24.4737	1.07286	-0.0866751	10
3844	23.0554	17.1407	0.615721	10
3845	23.2944	18.1367	0.485936	10
3876	22.9307	1.10642	0.53851	10
3880	22.8269	11.7289	0.976923	10
3883	24.696	12.5328	-0.435205	10
3901	23.5911	22.1846	0.272765	10
3904	24.9004	4.79412	0.4539	10
3915	23.9326	4.37146	-0.118085	10
3929	22.59	21.6132	0.504805	10
3937	23.8081	14.4205	0.435617	10
3962	23.5484	9.75138	0.431333	10
3969	24.8094	17.8828	-0.148428	10
3980	23.8881	15.5705	0.727035	10
3987	22.9842	11.1723	0.537318	10
3998	24.7625	19.3422	-0.00195755	10
4014	23.7774	11.4801	0.298893	10
4022	24.4237	14.3706	-0.324485	10
4023	24.3673	13.6536	0.176744	10
4026	24.224	10.3435	0.386462	10
4030	22.8165	4.96647	0.635458	10
4039	24.6384	18.2241	0.213738	10
4040	23.7369	23.3849	1.16371	10
4067	22.9739	24.661	0.72018	10
4084	23.5005	0.98321	0.588436	10
4093	24.3495	4.25534	0.632682	10
4114	22.9937	0.307938	0.32112	10
4116	23.5003	3.60448	-0.535416	10
4125	22.7475	11.2542	0.054061	10
4135	22.553	6.05918	0.233514	10
