Ind_ID	PosInd_X	PosInd_Y	MutEffect	Region

17	4.47076	24.17	-0.156741	1
29	4.32763	4.37435	0.543668	1
31	2.40721	15.9456	0.38229	1
34	4.06355	1.32729	-0.159689	1
39	0.329038	11.1601	0.29429	1
43	2.25609	6.39667	0.00210832	1
44	1.21158	13.991	0.221832	1
47	0.0327012	6.10799	0.974559	1
51	3.20238	2.58094	1.7584	1
54	1.19117	8.37045	0.3361	1
55	4.32567	21.1503	0.737319	1
60	1.44253	8.84869	0.854117	1
65	2.75953	1.76149	0.751629	1
79	4.13187	1.09476	-0.175438	1
89	4.97007	12.644	-0.0834584	1
98	0.546616	13.122	0.143203	1
109	2.85942	23.3929	1.61937	1
116	4.51767	19.8434	0.577375	1
128	0.155234	22.3905	0.08142	1
130	1.58438	4.69978	-0.494446	1
135	4.33454	1.87675	0.645591	1
137	2.74596	1.26412	0.722677	1
138	1.3479	12.6852	0.419445	1
143	2.20102	19.9553	0.143871	1
146	3.20104	23.0379	0.521247	1
149	2.94498	16.522	0.156886	1
151	3.42518	17.0088	-0.128537	1
161	0.167846	19.4431	0.0286182	1
162	1.30446	21.5141	0.451059	1
166	2.63095	10.0747	-0.903592	1
168	2.70231	1.57092	0.471069	1
171	0.474022	14.5114	0.129941	1
179	2.31904	7.26946	-0.0230102	1
180	0.757437	17.4874	0.895719	1
181	3.50917	18.9644	0.807299	1
185	2.03622	1.28476	0.510245	1
186	3.25252	21.2038	-0.275064	1
187	0.617784	2.51862	1.0724	1
196	2.07274	24.4151	-0.72325	1
197	4.75762	12.789	-0.0448695	1
207	1.65123	15.746	-0.195526	1
213	2.00904	9.12813	1.14587	1
220	1.80359	9.49197	0.421057	1
222	4.75193	16.3955	0.300654	1
223	0.660716	14.6657	0.784769	1
230	4.74602	9.61132	0.195562	1
231	3.11288	12.9874	0.407026	1
234	0.0325904	11.3568	-0.716277	1
236	1.40902	18.8323	1.06883	1
239	2.97335	8.37358	-0.558265	1
244	1.75703	4.52384	-0.674181	1
247	1.81508	23.5021	0.867123	1
248	2.88756	20.4441	0.12955	1
249	1.93494	4.01026	0.757087	1
257	0.603355	23.9343	0.811637	1
262	0.492718	8.59701	0.231018	1
265	0.141735	7.75204	0.164589	1
270	4.91989	8.09159	-0.446065	1
271	1.06303	17.1495	-0.0395676	1
277	3.81955	13.1297	0.97266	1
279	4.72983	20.2815	0.399579	1
283	4.19781	14.6829	0.343068	1
288	0.586723	8.75007	0.850654	1
293	3.08175	9.5369	0.418656	1
310	0.437962	16.8161	0.537834	1
314	0.173743	5.73467	-0.0289309	1
320	4.81412	5.00345	0.568063	1
325	0.649346	11.834	-0.293559	1
340	3.14619	3.07069	0.0909568	1
348	0.0795667	16.1145	0.483017	1
349	3.22999	19.329	-1.10816	1
351	0.961709	19.879	-0.378059	1
354	4.38282	9.84673	0.453234	1
375	1.97072	1.00287	0.0749605	1
385	0.497157	3.07405	-0.0455036	1
390	3.06145	15.701	0.405089	1
398	1.68676	15.6362	0.26693	1
405	4.09745	3.93782	-1.04867	1
406	4.278	17.2293	-0.495765	1
410	1.57998	22.4274	0.281559	1
412	2.82413	17.2301	0.931028	1
414	2.62119	2.99036	0.137087	1
417	2.49893	22.261	0.0281589	1
433	1.72857	18.1235	0.568183	1
437	4.89406	5.16968	0.916411	1
441	3.83502	8.99836	0.581797	1
443	4.80182	24.745	0.829116	1
457	1.95913	3.3382	-0.134812	1
462	3.26206	10.426	0.876542	1
465	0.562011	0.00413286	0.699655	1
466	3.10266	1.05474	0.623012	1
481	3.58615	2.67405	0.349121	1
486	2.71309	7.44936	-0.107079	1
489	3.86814	6.18556	0.384619	1
497	2.55276	10.5306	0.00754065	1
498	2.26961	5.05455	-0.314671	1
499	3.06431	8.33454	-0.0750525	1
504	0.91856	3.55941	-0.43156	1
508	2.77882	22.6668	1.08679	1
511	3.09426	12.2652	-0.127183	1
512	4.99004	5.30522	0.484131	1
521	1.54469	9.34783	0.0959094	1
530	4.69246	1.31293	0.644264	1
531	0.436074	18.1423	0.832689	1
538	3.00077	20.0557	0.25252	1
543	2.12183	15.6068	-0.134416	1
552	1.96914	23.9721	1.16895	1
553	0.463943	1.97003	0.607379	1
555	0.247993	23.6718	0.039359	1
564	3.29074	3.15328	0.248351	1
567	3.06557	22.3234	0.619047	1
570	2.13712	23.1397	0.253219	1
572	4.17781	20.8233	0.636451	1
577	3.98016	5.73186	-0.267187	1
579	3.26668	8.71011	1.03323	1
582	0.675023	7.11476	0.671157	1
589	0.335842	12.6015	0.983412	1
595	3.70307	22.4794	0.228168	1
596	4.49965	0.586714	2.11855	1
605	0.847541	1.40015	0.491775	1
608	3.05797	16.8719	-0.267737	1
612	3.633	18.4381	1.28588	1
616	2.35208	14.4563	0.399468	1
618	4.57376	15.1887	-0.106329	1
624	2.61305	24.0486	0.457614	1
625	2.32498	7.58347	-1.00931	1
631	1.38276	11.9292	-0.300285	1
639	1.70385	22.2193	0.898164	1
641	1.78563	12.9871	0.352063	1
643	1.38826	18.5919	-0.45401	1
647	0.260427	17.1761	0.257708	1
649	3.92899	23.1368	-0.258139	1
666	2.30608	1.54992	0.273615	1
683	1.28141	21.5406	0.707414	1
685	2.7993	4.14702	1.20185	1
687	4.88215	16.6703	-0.630288	1
692	4.91216	22.5837	-0.0487594	1
693	2.49446	12.3952	0.910779	1
694	1.7496	4.26126	0.313857	1
698	0.269396	10.9973	0.578729	1
699	4.0916	18.4942	0.693687	1
710	0.453587	15.5042	0.555871	1
721	4.65555	24.2575	0.246205	1
722	2.4761	21.9517	0.372272	1
724	1.33895	6.90472	0.141566	1
725	2.46305	20.1779	0.461489	1
738	2.14214	9.69733	0.24636	1
741	3.39916	23.728	-0.0536768	1
742	1.53589	6.33253	1.00103	1
747	0.477866	6.78701	0.000503982	1
749	4.83378	2.16373	0.329169	1
751	2.40803	13.5687	0.717464	1
755	2.52563	23.9362	0.551797	1
757	3.58126	17.0824	0.731794	1
768	4.7397	16.1605	0.242813	1
769	3.15778	2.06307	-0.290361	1
774	4.24666	6.41904	0.130297	1
777	2.01737	0.516397	-0.418731	1
792	2.88291	11.7694	1.33569	1
796	4.2727	20.5763	0.0735483	1
797	3.72732	8.11959	0.213941	1
804	0.349412	20.6113	0.715121	1
805	1.97533	19.5614	-0.194925	1
808	0.420174	13.011	0.573738	1
814	0.85929	13.8824	0.954181	1
818	0.0450113	16.2722	0.941855	1
820	0.0192837	20.3506	0.60551	1
822	3.86385	9.7639	0.931142	1
823	2.5039	6.79652	0.368253	1
833	0.796421	9.64798	-0.265256	1
840	3.98882	15.6156	0.611525	1
852	1.98604	13.9833	0.335232	1
855	4.24154	12.4954	0.236562	1
858	2.91901	22.1956	-0.859102	1
859	4.02476	7.48172	0.0393971	1
861	1.42614	15.9011	-0.665862	1
863	2.7653	4.36399	1.64114	1
869	4.89992	10.2262	0.824462	1
877	0.717586	5.41402	0.788258	1
886	2.408	20.7154	-0.0315148	1
889	0.305796	4.42215	0.559834	1
893	0.0586828	18.4123	1.93006	1
909	2.4525	22.6305	0.157856	1
910	3.94294	18.7604	0.525998	1
911	1.1482	12.0988	0.657489	1
918	0.853854	19.2682	0.749632	1
922	1.68548	21.4155	0.644169	1
931	0.997173	8.58555	0.0693609	1
935	0.754054	2.46285	1.69785	1
950	0.636531	13.8533	0.81111	1
951	0.00966999	12.1413	0.231569	1
952	3.48585	3.85119	0.0743935	1
982	0.283648	21.0083	0.0469644	1
998	4.28386	19.7877	-0.29624	1
1009	3.76054	1.05115	0.428479	1
1010	4.18405	3.56394	0.379877	1
1016	3.32958	22.4613	-0.010706	1
1017	3.5665	13.9761	0.520228	1
1031	0.240161	16.4826	0.359579	1
1032	4.93953	22.4601	-0.0253995	1
1038	0.0240345	7.0272	0.291647	1
1050	4.5792	0.351591	0.73675	1
1053	4.3495	17.1529	-0.407521	1
1066	0.156769	17.9624	0.0421772	1
1074	1.5484	11.4886	-0.792371	1
1081	3.71053	24.3355	0.431734	1
1082	0.540528	24.3058	0.220822	1
1083	1.18795	24.7107	0.262907	1
1085	0.026843	24.4783	1.04852	1
1100	0.763128	3.15234	-0.454102	1
1104	0.481094	7.77747	0.16477	1
1107	1.05566	11.2813	-0.242838	1
1110	0.221653	0.276325	0.195116	1
1119	3.49874	7.37084	-0.316274	1
1122	3.56856	2.58999	1.01334	1
1129	4.60612	2.30234	0.0520365	1
1132	3.67362	5.21136	1.51888	1
1145	1.1347	21.6931	0.50311	1
1149	0.346126	18.852	0.0285169	1
1158	2.49809	4.62272	0.416493	1
1162	2.43049	17.1994	-0.135553	1
1164	0.509973	12.8846	0.944887	1
1168	1.98539	10.8193	-0.280141	1
1172	4.75556	9.97438	0.0343679	1
1175	0.940939	14.338	-0.248842	1
1177	0.0125004	23.5338	-0.252695	1
1184	3.88337	18.6726	0.0575718	1
1185	1.15233	19.3275	0.0668498	1
1193	0.698938	22.6286	0.0470191	1
1198	3.0031	24.3911	0.254431	1
1219	2.47773	5.8618	-0.641504	1
1220	0.850622	24.5698	-0.269567	1
1223	2.2749	18.4681	0.232674	1
1231	1.93765	15.0793	0.447595	1
1232	4.35787	23.1655	-0.811762	1
1233	4.66633	19.3687	0.438021	1
1239	2.6824	12.0154	1.21637	1
1243	1.06445	15.679	-0.161564	1
1252	1.90666	9.67644	-0.399853	1
1255	0.495952	12.6573	1.56931	1
1257	0.172564	16.2425	-0.0480176	1
1270	3.39861	24.2614	0.161379	1
1271	2.99319	19.1509	0.0130857	1
1273	0.790167	20.3977	0.391102	1
1282	2.09342	1.5311	1.20573	1
1283	1.42094	6.88493	0.529629	1
1287	2.01742	2.70875	0.815986	1
1296	2.07364	24.9675	0.836063	1
1303	2.13463	16.3304	0.582633	1
1315	3.61683	5.34864	0.939058	1
1319	3.6029	19.1678	-0.414457	1
1325	0.657601	6.70962	-1.00288	1
1328	4.98313	19.6374	0.898251	1
1329	1.87912	3.81406	0.530327	1
1333	2.15955	4.17541	1.17794	1
1335	3.08367	6.01682	0.251472	1
1336	3.9512	11.8994	0.844843	1
1340	4.81247	4.01845	0.304017	1
1351	0.240557	9.57909	0.634397	1
1357	0.632946	2.96491	1.21327	1
1359	4.20895	21.4964	0.47354	1
1365	3.34826	14.8164	-0.0433429	1
1374	1.96156	20.2602	0.573999	1
1376	2.8903	20.8365	-0.414481	1
1379	1.15286	6.19501	0.427229	1
1380	0.251762	5.01953	-0.0732691	1
1383	0.831617	9.84743	-0.018234	1
1388	1.78521	4.18819	-0.537017	1
1393	3.04746	6.37228	0.500175	1
1395	4.36781	3.85251	0.604546	1
1400	3.96273	4.93582	0.0976656	1
1401	4.21968	2.30261	0.0903463	1
1408	1.96109	10.4257	0.698449	1
1410	4.01542	15.2745	0.618016	1
1414	3.33907	23.3663	1.18216	1
1416	2.78399	9.53956	1.11418	1
1420	2.11095	12.9438	0.0998213	1
1421	2.86369	23.3495	0.0136514	1
1435	3.37489	18.3672	-0.578717	1
1442	2.09826	8.12325	0.0379505	1
1449	2.76176	23.8595	1.22357	1
1450	4.52433	8.37591	-0.177621	1
1452	2.94839	14.304	-0.358948	1
1454	3.30456	6.47762	0.097305	1
1459	0.726459	15.7643	0.00425095	1
1467	4.04669	5.34895	0.424481	1
1480	2.52128	11.8388	0.255576	1
1483	2.85606	23.3601	0.939008	1
1496	0.409269	0.25188	0.573923	1
1502	3.25619	24.6246	0.0380386	1
1507	3.53929	1.24594	1.67674	1
1529	4.33039	21.4933	-0.256484	1
1530	3.87873	13.576	-0.609504	1
1535	0.922999	3.86476	-0.345621	1
1543	0.96257	12.5062	-0.00164589	1
1553	0.596353	2.33069	0.880352	1
1554	0.124913	19.6224	0.331421	1
1555	3.45471	21.5421	-0.23153	1
1558	4.08521	9.29504	-0.511145	1
1566	0.853452	4.96693	-0.305604	1
1567	1.3363	2.03384	-0.291028	1
1574	0.535819	2.53429	0.551209	1
1578	1.72673	16.1323	0.421727	1
1587	1.63353	7.60045	-0.541894	1
1588	3.99399	10.55	0.134608	1
1595	3.53108	10.8828	0.296024	1
1599	3.72605	4.22764	0.131267	1
1601	0.296584	5.66796	0.505254	1
1604	4.01829	4.64508	1.76084	1
1607	1.31425	0.575103	-0.254611	1
1615	1.85054	8.44724	0.275535	1
1617	0.0168139	2.09658	0.35079	1
1618	0.338417	14.0748	0.553367	1
1620	3.03054	3.58912	0.0757067	1
1624	1.17316	18.5257	0.915424	1
1627	0.205157	23.4452	-0.760011	1
1641	2.7189	1.65645	0.105529	1
1649	1.62768	13.8142	0.643614	1
1651	0.0644463	22.0806	0.347583	1
1655	4.93459	12.7165	0.872917	1
1657	0.840351	4.03807	-0.112747	1
1668	2.52517	20.5399	0.656113	1
1685	2.70714	3.46956	0.907941	1
1686	0.435577	15.5723	0.876623	1
1690	3.73852	20.9054	1.38835	1
1704	4.59995	3.213	-0.488227	1
1726	4.06875	8.6763	0.712089	1
1736	2.47469	23.8763	0.166096	1
1754	3.80498	7.56402	1.12604	1
1763	4.44197	7.47892	-0.74556	1
1766	1.49758	23.4666	0.595895	1
1770	2.46868	13.3735	0.0115618	1
1785	0.190212	6.59037	0.246095	1
1795	1.15907	19.4926	-0.251835	1
1797	4.19966	22.7754	0.0719501	1
1800	4.62323	1.8418	-0.28396	1
1803	1.25415	20.4261	0.0632221	1
1808	0.76505	24.4946	1.73422	1
1811	3.79859	14.2847	0.172065	1
1816	4.80304	24.2192	0.195437	1
1820	3.67507	8.472	0.0602034	1
1821	3.39034	6.61496	-0.107779	1
1822	3.37323	21.5632	0.634766	1
1842	4.29181	9.84459	0.251273	1
1843	0.701049	21.2403	0.733119	1
1849	0.882538	0.411429	-0.113147	1
1852	2.36641	2.37411	0.498736	1
1854	4.23108	2.43088	0.148897	1
1864	1.04615	3.64073	0.747472	1
1876	3.59366	2.10666	-0.232823	1
1878	2.99711	5.99759	0.261349	1
1889	4.54012	10.8591	-0.0233354	1
1891	2.50557	17.8728	0.587714	1
1894	0.482313	23.8812	-0.843764	1
1909	3.051	13.6698	0.0964836	1
1917	3.41137	22.0454	1.18017	1
1920	1.01196	2.51827	0.655596	1
1923	4.24742	24.4666	-0.0457128	1
1924	0.344243	2.88265	0.196228	1
1931	3.59155	15.5699	0.276548	1
1933	1.00026	7.89356	0.145512	1
1934	3.35556	23.0489	1.26939	1
1940	3.80007	3.50492	0.0250565	1
1943	1.58758	11.1573	-0.00183151	1
1944	1.6643	2.75082	0.659837	1
1945	1.12198	23.1554	0.621459	1
1948	0.359973	22.3047	0.9297	1
1954	3.24581	1.00319	-0.0989525	1
1958	3.08078	6.08727	-1.16072	1
1979	2.00382	7.67006	-0.603094	1
1982	3.61635	6.88878	0.0385712	1
1991	4.23956	12.0334	0.99834	1
2003	1.83282	1.15546	0.740073	1
2008	1.38581	4.38365	1.16618	1
2014	0.32354	2.04994	-1.37485	1
2016	1.31013	10.4905	1.3211	1
2024	3.81371	6.99996	0.620772	1
2025	1.89333	21.0323	0.211091	1
2028	4.32554	11.4137	0.347679	1
2041	4.0271	4.04292	0.751397	1
2045	3.82892	10.1609	-0.0617613	1
2046	3.36488	7.44046	0.190291	1
2047	3.36739	7.63523	1.23864	1
2049	1.44734	2.66988	0.0319776	1
2052	1.00458	10.5139	0.383206	1
2072	2.17985	14.087	0.972712	1
2077	0.926505	11.0306	-0.178245	1
2081	4.58607	23.7092	0.183767	1
2084	0.0242428	10.7672	0.073697	1
2089	2.44284	5.92065	0.326017	1
2090	0.484159	8.27948	0.136904	1
2093	3.7004	10.8505	0.259246	1
2097	2.83654	10.2367	1.54862	1
2106	4.57214	18.6699	0.354769	1
2110	4.53596	13.0559	0.431299	1
2111	3.73595	1.63279	0.958328	1
2114	0.866599	2.00019	0.711901	1
2115	0.790591	10.5524	-0.052558	1
2117	0.592361	1.73376	-0.695778	1
2121	0.0735551	20.8191	1.34357	1
2133	1.04447	13.271	0.334465	1
2141	2.43983	10.5431	-0.425241	1
2142	3.14947	9.60285	0.0899567	1
2143	4.60135	4.57184	0.755999	1
2147	3.97462	3.40377	-0.461535	1
2150	2.64285	16.8596	0.462944	1
2153	4.06555	13.9837	0.98757	1
2154	1.38753	1.51214	-0.212981	1
2170	0.939562	7.24729	-0.402048	1
2171	4.68278	2.21065	-0.0517315	1
2172	4.34579	1.1808	-0.0836552	1
2181	4.96619	11.591	2.04666	1
2183	2.93447	17.8792	0.220488	1
2192	1.06508	10.1319	-0.167324	1
2196	3.27295	2.48074	0.389619	1
2201	0.662324	9.98789	-0.603017	1
2202	2.46503	0.282241	0.79469	1
2205	4.56891	4.02996	0.130739	1
2213	4.34956	2.34079	-0.2238	1
2224	1.10072	12.6688	0.992985	1
2225	0.0955114	13.4262	0.790974	1
2226	3.99705	14.9843	-0.0748323	1
2229	3.36178	5.79696	1.25494	1
2239	2.60842	11.1356	-0.0872133	1
2241	0.220874	6.89737	1.15164	1
2244	3.32418	22.5213	1.02493	1
2245	2.76831	21.7439	0.00480909	1
2250	0.936163	5.26206	0.118036	1
2254	1.60775	4.19994	0.62304	1
2259	1.17393	12.1801	-0.384874	1
2273	2.73333	9.5171	0.51661	1
2275	1.58876	4.37633	0.125933	1
2276	3.38784	3.1257	0.467296	1
2277	2.78779	4.50893	1.01627	1
2280	1.71123	13.6018	2.42745	1
2282	4.52418	6.85589	-0.253668	1
2283	1.65198	6.95977	0.723325	1
2284	2.81449	15.5183	-0.00784498	1
2285	2.93496	12.6695	0.225313	1
2286	3.47513	12.7303	-0.862062	1
2289	1.35432	6.79248	0.517526	1
2290	3.73571	18.5746	-0.205818	1
2296	0.731171	15.278	0.76486	1
2299	0.766145	4.69433	0.691178	1
2304	1.78644	9.77126	0.378398	1
2310	0.388399	18.7131	0.0501652	1
2311	1.8216	0.542543	0.426347	1
2313	2.03023	17.1172	0.441841	1
2314	1.5462	11.9555	0.605356	1
2316	3.15593	24.4867	-0.539084	1
2317	3.70742	12.2159	0.494844	1
2319	1.80859	12.9045	-0.0708851	1
2324	3.65725	23.1607	0.439146	1
2327	2.31219	8.28544	0.614918	1
2335	0.648887	13.8617	0.644966	1
2337	1.05681	8.93753	0.548689	1
2351	2.34521	0.303616	0.900439	1
2353	4.98351	5.44607	-0.386104	1
2376	0.693152	10.2984	0.457769	1
2381	3.53474	0.605378	0.380808	1
2385	0.688745	19.823	0.149404	1
2393	0.535208	13.8476	0.315861	1
2399	3.05201	24.5538	0.743115	1
2401	2.97625	23.8452	0.281001	1
2402	3.21512	19.3538	-0.248235	1
2410	1.06894	24.9264	1.05251	1
2417	3.99543	8.65597	1.3779	1
2418	4.29331	7.97114	0.753213	1
2419	4.97639	8.53418	0.0264724	1
2421	4.08788	8.51714	0.162303	1
2429	0.559781	22.7003	-0.123909	1
2436	0.236258	0.896756	0.00175883	1
2437	4.65252	7.11931	-1.19925	1
2446	4.15742	15.1755	0.101349	1
2462	1.27894	22.7608	1.05073	1
2471	0.209756	8.44333	0.481335	1
2473	2.51228	3.25843	1.29488	1
2479	4.84267	23.0022	0.215377	1
2480	4.50398	4.46974	0.686902	1
2481	1.83534	16.2306	0.262113	1
2492	2.62618	18.8264	0.460505	1
2498	1.85158	11.0036	1.12685	1
2510	4.39356	20.1212	0.402116	1
2521	2.88925	7.15111	1.13188	1
2524	1.90645	17.622	0.323015	1
2525	0.872529	7.26848	0.553079	1
2537	2.80195	19.7156	0.537371	1
2545	4.16952	18.9791	-0.135123	1
2552	4.94038	12.8888	0.529968	1
2555	0.932621	7.33218	0.1932	1
2556	4.42522	5.64234	-0.188408	1
2558	3.9189	21.5512	0.225774	1
2561	4.32798	12.047	0.570645	1
2566	2.99983	21.5364	-1.02133	1
2568	0.143317	8.62966	-0.311197	1
2574	1.52865	8.55187	0.639272	1
2575	4.49775	11.4202	-0.784168	1
2579	3.96618	11.2458	-0.152898	1
2590	0.541459	11.3665	0.00320544	1
2616	1.8371	5.35648	0.263778	1
2630	4.34343	23.3074	0.603362	1
2635	0.747126	24.6602	0.501009	1
2639	4.67683	16.2838	-0.175338	1
2644	3.80384	14.4438	-0.086133	1
2646	1.38403	2.26996	0.562572	1
2647	3.50902	4.58914	0.384092	1
2658	0.713708	8.16767	0.46952	1
2670	3.67199	4.42581	0.365562	1
2671	1.41975	7.37291	-0.307331	1
2672	3.04089	10.9798	0.843024	1
2675	4.75368	11.556	0.553413	1
2677	2.11572	10.8718	-0.307984	1
2683	2.97369	6.56021	-0.229984	1
2689	1.93707	19.4338	-0.409598	1
2691	4.0014	24.255	0.956372	1
2700	2.0728	19.6016	1.43995	1
2701	2.20825	5.03002	0.390579	1
2702	3.26121	5.5232	0.72154	1
2713	2.89913	21.1074	0.745046	1
2729	2.22008	9.35369	0.494863	1
2737	2.32562	16.7052	1.37258	1
2742	3.21117	14.9261	0.283547	1
2745	4.56668	13.0255	0.054088	1
2746	0.551943	10.4926	0.792383	1
2755	0.889043	12.7319	0.110359	1
2760	0.572602	11.5532	0.467358	1
2761	2.97039	23.2365	0.484119	1
2766	3.65154	9.71788	0.745472	1
2768	1.84277	2.31853	-0.0128361	1
2769	4.1755	12.3836	-0.0894115	1
2770	0.891921	19.5478	0.482314	1
2776	4.03205	8.83597	0.69268	1
2781	2.75078	1.16747	0.65553	1
2787	0.140034	1.40417	0.661212	1
2788	1.58758	22.8507	0.539325	1
2789	4.23729	3.875	-0.228126	1
2790	1.75268	19.3659	0.500966	1
2794	3.30302	10.5695	0.814026	1
2799	3.10889	19.5255	0.58159	1
2800	0.448655	21.2537	0.785337	1
2807	3.87113	8.95914	1.39738	1
2808	4.37276	7.80032	1.09402	1
2819	1.77084	6.85443	1.10514	1
2823	1.92762	5.69083	-0.368195	1
2830	1.32195	20.8335	-0.0598112	1
2832	1.89075	22.3732	0.716853	1
2855	3.47416	6.24319	-0.847968	1
2860	4.20914	20.3906	0.679356	1
2865	4.13263	10.749	-0.0183604	1
2869	1.09335	13.1681	0.397485	1
2892	2.48992	14.3669	-0.620315	1
2895	2.9513	12.6999	-1.05487	1
2897	2.93249	15.9572	0.74614	1
2906	4.42103	7.42628	0.169476	1
2907	1.7577	16.9201	-0.653891	1
2921	4.83686	24.1858	0.0655993	1
2923	2.49668	9.48138	-0.137042	1
2924	1.72174	9.13182	1.23073	1
2928	3.79509	6.47729	1.05112	1
2939	4.35433	24.376	-0.310906	1
2947	2.44591	7.36837	0.260792	1
2957	2.83016	4.01586	1.32186	1
2970	4.91153	15.4108	-0.0316011	1
2972	0.93223	10.5041	0.574269	1
2975	1.38549	24.8998	0.362441	1
2990	3.13304	2.1669	0.0625998	1
2991	0.925979	23.5065	0.140112	1
2998	4.97036	15.5253	0.028744	1
3003	3.22249	17.6981	0.9349	1
3012	3.02817	17.8208	1.29053	1
3019	3.94227	14.2198	-0.022678	1
3025	2.26032	21.1645	0.0703035	1
3026	3.21976	13.5487	0.209545	1
3028	4.48144	19.4632	1.03704	1
3029	4.10363	8.86672	-0.160755	1
3040	1.22801	13.0854	0.94908	1
3049	2.23096	14.4225	0.107806	1
3051	4.60316	0.0564942	-0.105684	1
3058	3.63417	10.9072	0.979632	1
3059	3.80396	11.3195	0.0547355	1
3061	1.75048	5.44076	0.818586	1
3062	2.36645	4.93569	-0.2121	1
3063	3.73923	11.8023	0.491789	1
3069	2.75354	15.9337	0.51502	1
3075	3.83202	4.1189	0.180863	1
3077	1.38247	18.5576	0.442382	1
3078	4.50005	11.8634	0.761091	1
3084	4.85929	10.4137	0.503014	1
3085	4.90674	10.1095	0.0709467	1
3087	2.25161	22.4163	-0.0201731	1
3088	0.457652	18.9996	0.522347	1
3090	0.56304	17.6261	-0.296219	1
3092	4.02401	13.7673	0.935894	1
3094	4.40188	0.118786	0.443323	1
3097	3.86399	18.2429	0.0336487	1
3100	4.73124	19.322	1.05723	1
3105	3.05946	19.9895	-0.0334614	1
3117	2.39851	21.8085	-0.0169634	1
3122	3.43867	17.4694	0.561585	1
3123	2.94338	17.3141	0.00279869	1
3126	4.91594	13.9574	-0.478015	1
3133	2.89014	21.7528	-0.260035	1
3135	1.33523	22.2498	-0.0913016	1
3137	1.48411	22.5616	0.488078	1
3146	2.34008	7.658	0.612183	1
3147	3.36899	8.22154	-0.162548	1
3150	1.76551	3.7267	0.665054	1
3151	2.33591	0.411276	-0.211548	1
3158	2.92538	11.5163	0.0691162	1
3163	4.64678	20.3127	0.504114	1
3165	4.49303	24.435	0.844711	1
3168	4.65899	14.2185	-0.127978	1
3169	2.15446	19.245	0.325543	1
3174	1.96193	18.7464	0.176522	1
3179	4.55277	8.17937	-0.0496845	1
3187	0.708727	9.08887	0.277538	1
3188	0.86154	17.6772	0.855166	1
3190	2.99589	21.4118	0.41391	1
3198	3.44369	24.1976	0.275456	1
3217	3.73474	7.54746	0.295204	1
3218	4.79008	20.942	0.398924	1
3226	3.05541	2.56402	0.525992	1
3227	3.26728	16.8632	0.19041	1
3228	4.51109	15.9188	0.897998	1
3231	3.21181	14.5272	0.332869	1
3232	0.752194	22.007	-0.135446	1
3241	2.18593	22.2485	0.794983	1
3244	0.253984	7.5498	1.08805	1
3247	2.06701	9.95624	-0.307431	1
3249	4.36722	9.24315	-0.0497471	1
3250	1.82529	23.1202	-0.254599	1
3251	1.27003	2.62111	0.174191	1
3253	3.68182	19.995	0.756982	1
3257	4.96723	23.6721	0.853822	1
3267	0.965248	13.6259	1.00581	1
3271	4.82745	20.0278	0.00898798	1
3276	4.95714	3.2368	0.343153	1
3278	4.10546	9.37686	0.489329	1
3279	4.76859	10.6299	0.143054	1
3282	2.18845	11.7907	0.426819	1
3286	2.07195	22.657	0.157195	1
3297	0.738533	22.7455	0.559632	1
3312	2.68307	8.32661	0.906351	1
3324	2.46838	1.57759	-0.181713	1
3325	4.12585	7.70472	0.886873	1
3327	3.70936	18.1454	1.79624	1
3328	1.34737	0.0701982	0.504914	1
3329	4.41883	12.6528	1.14981	1
3331	1.28791	2.99862	0.753736	1
3335	3.35043	23.462	-0.00779698	1
3345	1.79328	8.86683	0.76918	1
3355	2.25229	21.0978	0.540295	1
3359	3.30645	22.5564	0.0735865	1
3363	4.32982	23.398	0.880469	1
3366	3.52001	19.5011	0.267129	1
3372	1.84264	17.1973	-0.210195	1
3373	3.28443	2.41668	0.363334	1
3374	4.28285	15.1646	0.535724	1
3376	1.10984	23.2709	-0.274282	1
3381	4.84003	23.3104	-0.350678	1
3382	0.885082	11.8929	-0.19392	1
3402	3.02979	20.6075	-0.497889	1
3406	3.51255	2.03458	-0.358768	1
3407	3.54624	2.8175	0.530097	1
3408	0.642438	3.68447	-0.399181	1
3409	0.314582	12.1101	0.707525	1
3423	1.8748	11.835	0.867345	1
3429	3.66741	4.66412	0.21223	1
3430	1.95603	5.39747	0.0146476	1
3438	3.78354	24.3001	0.581943	1
3439	0.224772	6.06639	0.309702	1
3440	3.5544	23.0876	0.038511	1
3445	2.15657	11.7349	0.288467	1
3447	4.7316	10.8096	0.812666	1
3456	4.21747	2.24183	0.469638	1
3461	3.73307	9.28979	0.00851802	1
3465	3.65787	5.42701	0.919078	1
3469	2.84553	6.93461	0.719621	1
3471	1.55117	1.08142	0.343819	1
3473	2.63536	0.85105	-0.131068	1
3477	4.63585	18.532	0.378253	1
3478	3.04777	12.7953	0.346538	1
3495	4.77886	1.2083	0.0836705	1
3505	4.85998	23.5892	0.132218	1
3508	2.76694	9.32334	0.484255	1
3515	4.46403	18.146	0.608656	1
3516	3.21072	15.5034	0.410956	1
3517	1.55662	23.1009	1.66184	1
3529	2.9568	23.2205	0.839303	1
3536	3.16588	9.52998	0.621956	1
3544	4.16013	19.9958	0.165807	1
3548	0.306981	1.80293	-0.376718	1
3549	0.0448102	1.66568	-0.271449	1
3552	4.22297	14.6576	0.929678	1
3562	1.8256	10.2678	-0.543298	1
3576	2.08812	24.0004	0.725176	1
3577	3.29572	5.87959	0.890364	1
3578	3.78799	6.12041	1.07085	1
3582	0.0208836	20.7048	0.893522	1
3583	2.8662	10.3441	1.34512	1
3588	2.44087	22.0277	0.0531873	1
3597	0.447703	21.798	0.134936	1
3602	0.229144	22.4331	0.815174	1
3625	0.801202	1.25274	0.488936	1
3634	2.75503	11.9712	0.17229	1
3638	0.722547	6.94819	-0.0572975	1
3645	0.788664	0.356126	-0.0538357	1
3646	0.507194	0.243148	1.73062	1
3647	0.811189	8.07689	0.150503	1
3648	0.0961569	4.562	1.14296	1
3651	1.73238	22.8442	0.824468	1
3657	0.00808219	16.4535	-0.00917811	1
3664	0.603565	23.8688	-0.854739	1
3673	2.1896	4.96424	0.356668	1
3677	1.30567	11.9606	-0.25376	1
3678	3.81567	23.841	0.451954	1
3684	4.72429	0.375653	0.487112	1
3699	4.20028	21.3058	0.248084	1
3700	4.97507	18.6506	0.491513	1
3711	4.61938	18.9141	1.04955	1
3715	4.27456	12.8684	-0.12468	1
3716	4.73517	12.7623	0.10008	1
3717	4.33925	13.1401	0.0595181	1
3720	2.2928	21.8084	0.387468	1
3726	4.58987	10.3423	1.26946	1
3732	3.98834	9.88667	-0.237014	1
3746	3.13352	2.89501	0.489983	1
3752	2.80585	13.634	0.546933	1
3753	0.486937	20.8513	0.765705	1
3754	0.707646	18.1014	1.70845	1
3759	1.12756	1.4752	0.56199	1
3760	3.25425	21.936	-0.0727005	1
3771	0.591748	20.0426	-0.102242	1
3773	1.73556	14.4287	-0.638895	1
3778	3.6474	14.2999	-0.125268	1
3779	0.135334	13.5007	-0.150602	1
3791	1.57546	7.45933	1.41791	1
3804	3.53652	14.479	-0.182773	1
3810	3.9332	14.8211	0.41867	1
3811	4.75234	1.99571	0.814253	1
3812	1.28832	20.783	-0.229794	1
3814	1.0262	7.64825	0.874779	1
3830	3.28651	0.964765	0.364069	1
3832	4.91604	23.0699	-0.238681	1
3845	4.86943	9.62702	1.13082	1
3847	4.86296	9.69581	0.542708	1
3857	2.2443	3.01494	-0.108384	1
3858	0.689877	18.3523	-0.239834	1
3859	0.0940917	18.1296	0.0862991	1
3860	4.47995	13.7519	0.799112	1
3869	1.43304	20.6403	0.983917	1
3878	4.06448	15.1969	0.394571	1
3882	0.895913	12.6759	0.0123372	1
3883	0.883869	12.6384	1.04832	1
3884	4.92877	13.6032	-0.179346	1
3888	3.06311	17.8225	-0.269703	1
3891	2.31417	15.9828	-0.200329	1
3895	0.121935	11.5756	0.443761	1
3900	1.60821	2.73892	0.0758708	1
3905	3.22497	5.35624	0.61008	1
3909	1.11775	5.22505	0.387299	1
3916	0.118541	1.73623	-0.247022	1
3917	0.146538	1.77071	0.395	1
3922	3.30895	17.1885	-0.547497	1
3924	0.523363	2.32917	0.287459	1
3932	4.77913	16.6247	-0.757207	1
3936	2.74829	21.1596	-0.284627	1
3942	0.990791	21.9616	0.292609	1
3943	4.06173	13.0595	0.111847	1
3946	4.05253	0.712877	0.320206	1
3947	2.78543	16.3242	0.0338463	1
3959	3.51449	11.9168	0.405396	1
3966	1.33892	17.723	0.486277	1
3967	2.39461	7.5854	0.805559	1
3972	4.12498	20.7064	0.210086	1
3984	4.65856	24.8229	0.754182	1
3998	4.48023	9.44921	0.644149	1
3999	4.10281	9.93833	0.485643	1
4002	0.739011	9.55371	0.244099	1
4006	0.00812318	17.1723	0.578538	1
4010	3.24752	13.0879	1.00838	1
4020	4.86451	4.10678	0.383081	1
4028	1.39283	10.5754	-0.0357597	1
4032	3.33507	6.17137	0.674783	1
4035	2.24905	8.02617	0.851575	1
4037	3.01969	24.772	-0.00830732	1
4045	2.32388	11.4438	0.640157	1
4054	3.26503	7.57103	0.361852	1
4057	3.73147	19.652	0.0212439	1
4058	2.93486	22.1804	0.788609	1
4061	3.44482	17.2554	0.0528453	1
4069	2.45603	14.3223	0.0376635	1
4070	0.531664	10.9771	0.062749	1
4078	4.54395	8.68351	-0.61861	1
4081	2.33325	9.67557	0.484706	1
4108	0.125603	5.08448	-0.036827	1
3	6.66089	15.2097	0.336988	2
11	8.40259	11.2416	1.8541	2
14	7.46981	12.3883	0.237136	2
21	8.05229	22.3444	0.243143	2
24	6.52567	17.3433	0.659173	2
25	6.42073	15.0387	0.455747	2
27	6.63015	22.2162	1.33938	2
28	5.63719	15.7627	0.051749	2
30	7.13408	24.0927	-0.186069	2
37	6.42478	1.44241	-0.13104	2
40	7.72597	24.1752	0.137509	2
48	7.54765	24.5803	1.29495	2
53	6.28939	13.1638	0.39855	2
61	7.61231	19.2563	0.0244354	2
63	6.42959	20.293	0.620152	2
66	7.71697	17.4725	0.574572	2
67	9.02949	15.7369	0.712161	2
74	7.02469	23.5791	0.250777	2
75	5.39308	13.378	0.177912	2
81	5.36581	13.3311	-0.257155	2
87	8.36795	11.5523	0.206126	2
90	7.71094	0.370835	-0.0111256	2
91	7.75716	8.02272	0.554248	2
99	5.36902	16.9172	0.252383	2
100	8.69852	2.80733	0.172321	2
105	9.45341	18.6428	0.234714	2
107	7.82866	17.4513	0.682393	2
111	9.03016	10.1444	-0.509957	2
113	5.28459	23.8658	-0.693671	2
115	6.23552	16.4329	0.0459499	2
123	8.84635	17.0929	-0.0147965	2
127	8.01109	13.9264	0.0313742	2
133	5.82139	16.38	0.829379	2
139	7.78199	2.41847	0.734344	2
142	6.40767	8.65004	-0.708795	2
145	6.3057	9.30489	0.116551	2
152	8.35581	3.81101	0.32082	2
158	9.86748	18.9867	0.415639	2
160	9.49292	4.57249	-0.00892813	2
163	5.3567	5.50817	1.74428	2
165	7.13289	11.2555	0.831611	2
173	7.79091	9.6964	0.758251	2
190	5.71357	1.48434	0.0399256	2
202	9.31071	15.1684	1.0724	2
205	5.97099	7.1101	0.39322	2
210	9.29466	4.13003	0.136801	2
215	9.36472	18.8859	-0.0613673	2
216	8.70384	16.2471	-0.692964	2
227	8.28963	20.4826	1.17492	2
232	8.49735	19.3892	0.529504	2
245	8.18071	24.4818	0.63168	2
246	7.27073	8.99895	-0.356494	2
252	5.45301	1.69364	0.0984091	2
267	5.54091	13.7061	1.09131	2
272	5.32952	22.1798	-0.0184321	2
273	5.36619	7.60654	0.36703	2
282	9.31858	22.2255	0.168254	2
284	9.15666	4.9114	0.207905	2
287	9.29937	10.8718	0.390364	2
292	6.62175	11.2923	0.880047	2
295	8.30343	14.2203	0.542032	2
303	7.92695	22.4281	-0.234086	2
304	9.84247	20.8451	1.38332	2
306	5.24648	11.2513	1.10577	2
313	9.66753	5.06653	0.479718	2
323	7.97455	20.3405	0.364315	2
324	9.84802	10.4078	0.939085	2
343	6.28991	12.0734	0.129426	2
345	6.23206	16.3563	1.34394	2
352	6.52906	3.64698	0.230279	2
357	5.93884	6.59739	1.4481	2
370	5.73486	0.0672679	0.411506	2
371	5.05452	11.0003	0.334626	2
372	5.13627	18.2284	0.493836	2
380	6.31697	20.8128	1.56815	2
388	7.0993	11.2183	-0.248319	2
400	7.17937	8.17541	0.542298	2
402	7.76389	24.8209	-1.22162	2
416	6.46602	2.111	0.267581	2
418	9.2024	13.0314	0.0225865	2
420	8.30353	1.95781	0.96238	2
422	9.07792	17.9322	0.966614	2
426	5.47581	5.58788	0.408375	2
428	8.24745	17.9058	0.093612	2
430	5.95236	12.883	1.00681	2
432	5.13965	0.902336	-0.00513319	2
434	9.15017	18.5619	0.861958	2
438	7.41762	11.9102	-0.492759	2
440	9.16257	9.10992	0.693567	2
445	8.01549	16.9307	0.157068	2
446	6.38685	13.9465	1.00381	2
450	6.21497	23.5993	0.624529	2
461	7.34644	4.4508	-0.50959	2
471	7.29239	19.2925	-0.520386	2
475	6.26721	9.74937	1.25233	2
477	8.30518	23.4326	-0.611024	2
485	9.88272	3.15702	0.4482	2
487	6.76681	4.52092	0.0663126	2
490	6.24835	5.19299	0.538263	2
502	7.91298	5.76747	1.14691	2
518	9.9486	6.01205	0.883867	2
523	5.14665	2.62576	0.556756	2
533	8.1304	8.34531	0.92523	2
540	5.6385	8.98992	-0.2394	2
542	5.89572	13.1318	-0.0125525	2
544	5.01399	22.3405	0.653945	2
554	9.35563	5.34645	-0.555472	2
556	8.54282	7.66954	0.0351841	2
561	5.21214	19.4853	0.851091	2
565	9.57069	19.3884	0.903788	2
569	6.2937	17.9996	-0.401275	2
581	8.98053	2.01899	-0.908677	2
590	9.05327	2.05501	0.791468	2
593	6.01218	21.5666	0.25816	2
597	8.81408	1.21361	-0.650968	2
599	7.56915	7.95628	0.486537	2
600	8.60942	24.3635	0.25816	2
602	7.29326	7.53182	0.178219	2
603	5.17058	21.0879	0.816065	2
606	8.06886	10.7407	0.65728	2
607	7.11934	17.6801	0.80606	2
614	8.55647	8.34296	0.349404	2
617	5.29959	13.1999	-0.572897	2
619	5.02166	17.5821	0.414425	2
626	6.48283	9.27391	0.514677	2
629	5.29715	20.9406	-0.170411	2
632	5.57422	16.4086	0.490078	2
633	5.30432	12.6059	0.948641	2
634	9.17865	24.1504	0.111078	2
646	8.79672	17.7974	0.735602	2
658	8.56055	16.1899	0.723333	2
663	7.31469	2.58469	1.26301	2
664	5.57701	3.56794	-0.0720395	2
668	8.13109	8.41309	0.708493	2
672	9.30507	23.2633	1.4494	2
674	5.81925	0.078375	0.988979	2
681	7.9557	16.2726	1.02661	2
684	6.62986	9.2312	0.440431	2
697	9.46617	17.1053	-0.0579509	2
700	7.75721	7.41298	0.366954	2
702	7.60587	15.1729	1.42242	2
703	5.08414	17.8534	-0.177518	2
704	5.61833	9.7579	1.35262	2
707	5.16241	4.03601	-0.0617027	2
709	8.19823	0.309107	0.0866936	2
713	7.19971	12.051	-0.379713	2
714	9.45965	4.4096	0.362685	2
731	6.67526	16.742	0.978592	2
733	8.71892	11.4367	1.04818	2
734	7.80187	21.8559	-0.373228	2
735	9.59	21.6623	0.632831	2
739	9.33914	11.9625	1.22079	2
746	7.01083	22.5666	1.13636	2
760	7.17569	8.55824	0.38611	2
761	6.66409	19.786	0.204138	2
771	9.98068	1.50497	0.869714	2
787	6.71721	16.2796	-0.658791	2
788	7.49314	10.8218	0.602037	2
791	7.80945	14.3617	1.01969	2
793	6.08913	8.14245	1.04324	2
794	7.27058	4.23783	0.804958	2
798	8.45248	22.4642	-0.37006	2
809	8.31712	13.5243	0.957907	2
811	6.8953	20.7835	-0.855298	2
824	5.52788	20.9272	0.301638	2
829	5.2305	13.4562	0.184429	2
831	9.80885	3.99461	-0.189888	2
832	7.69537	23.6051	-0.378899	2
834	9.18066	12.6824	0.908799	2
837	7.30824	16.8003	0.433154	2
839	6.46943	4.33634	0.909438	2
843	5.41761	6.45584	-0.00491273	2
846	7.66623	19.5723	0.756769	2
847	6.29207	18.3625	1.10905	2
848	6.13858	1.14613	0.311168	2
850	8.20866	11.5558	1.13615	2
853	7.98346	16.8579	-1.03961	2
866	8.53685	10.0662	0.494821	2
874	6.56414	6.9884	0.874104	2
875	7.78924	12.325	0.819562	2
879	9.48097	11.8231	0.811266	2
883	5.2469	7.52274	0.469276	2
887	8.50969	8.74822	0.229604	2
890	9.67746	1.91351	1.28305	2
892	6.10261	15.8415	0.612051	2
897	7.06182	0.761968	0.961572	2
900	5.46406	17.835	-0.717972	2
901	9.6351	11.3424	0.46138	2
906	9.05478	13.7875	0.29705	2
917	7.9759	22.0052	-0.450476	2
920	6.50152	9.86044	1.30326	2
924	7.48102	24.0738	0.251464	2
930	6.33224	8.96335	1.07829	2
932	8.31898	8.37229	-0.00765244	2
937	9.87023	8.3261	-0.530698	2
945	9.83639	22.6617	0.833911	2
956	7.51922	23.0029	0.341459	2
957	7.86654	3.11279	0.120872	2
959	7.00063	15.8666	0.407755	2
961	7.99103	10.5132	0.0157253	2
963	8.77727	15.006	1.20477	2
966	7.03466	22.8725	-0.711546	2
967	9.53071	6.31688	0.744367	2
973	7.04707	17.922	0.54558	2
978	7.36685	21.7464	0.634627	2
983	7.12993	16.2665	0.433498	2
985	6.93128	18.5859	1.59903	2
987	8.96358	23.4557	0.245329	2
990	6.90874	18.7285	0.634022	2
991	5.46291	23.8131	0.837582	2
996	8.9834	18.4176	0.677712	2
1001	9.30217	1.64146	0.648984	2
1003	7.52238	2.01609	-0.0230738	2
1004	5.5792	7.30821	0.276917	2
1029	7.07735	14.8045	0.901594	2
1036	5.85308	7.84869	-0.25213	2
1044	6.11624	19.4829	0.899497	2
1048	9.0478	11.9009	0.928043	2
1054	6.45978	6.01794	-0.323377	2
1058	5.45364	13.2559	-0.0488632	2
1059	7.8587	24.2688	0.711563	2
1060	5.34623	9.14828	0.347822	2
1061	7.80436	3.59792	-0.153646	2
1068	8.84585	7.07552	0.61098	2
1069	5.59936	14.221	0.776457	2
1086	7.66811	3.66128	-0.196261	2
1091	9.30649	20.9779	-0.40437	2
1093	5.63924	6.29218	-0.199404	2
1094	9.33213	21.2596	0.164809	2
1097	8.94112	15.0459	0.656741	2
1098	7.0102	5.66727	-0.285146	2
1102	8.79841	23.9676	0.415101	2
1103	8.27199	13.1979	0.238512	2
1112	7.50653	9.69504	0.384877	2
1114	7.55407	10.9601	-0.554622	2
1116	5.94813	4.11425	-0.463222	2
1117	6.74435	21.7157	0.221814	2
1128	7.17974	8.96054	0.703678	2
1130	8.06297	21.1011	0.873655	2
1135	5.23662	18.0577	-1.05372	2
1140	5.27306	9.75278	0.764863	2
1141	7.63734	5.18243	0.241154	2
1143	8.15524	19.2031	0.0870338	2
1144	5.06895	10.4427	0.640141	2
1147	9.97411	0.453892	0.733119	2
1156	6.81126	20.8418	1.52042	2
1157	5.84469	10.8979	0.348621	2
1169	7.519	13.2205	0.339802	2
1170	6.87732	16.879	0.580434	2
1171	5.94847	10.5656	1.02225	2
1174	9.44312	9.66416	0.11613	2
1186	8.58716	18.966	0.436189	2
1187	7.68507	2.53777	1.13274	2
1191	6.72872	24.7607	0.162921	2
1195	5.15633	24.1942	0.531286	2
1196	9.55362	9.73134	0.575913	2
1207	7.97378	17.0471	1.10476	2
1208	8.36161	14.8071	0.494851	2
1209	5.87789	17.5384	-0.264221	2
1210	8.61493	1.83894	0.727774	2
1212	5.80675	4.05878	0.868991	2
1222	7.44329	23.9593	-0.714589	2
1228	7.57424	14.6462	-0.124666	2
1235	7.84102	24.3617	-0.0830742	2
1246	6.5921	15.6461	0.898006	2
1258	7.35188	11.047	0.635301	2
1264	9.99225	4.79893	0.21931	2
1272	9.26379	0.77359	-0.850501	2
1274	6.50684	18.3436	0.824636	2
1277	5.91619	11.5177	-0.143468	2
1278	5.85362	6.50721	1.39389	2
1279	9.97881	23.2325	-0.439349	2
1281	7.89359	1.4909	0.712148	2
1284	8.41255	4.84135	-0.398611	2
1288	6.74822	4.33914	0.538563	2
1289	9.95437	10.2583	0.299524	2
1292	8.13436	3.87381	0.949211	2
1294	6.43753	6.19678	-0.149337	2
1295	7.99387	9.52322	1.72841	2
1298	5.47098	4.65347	0.625395	2
1299	7.36212	2.69684	0.758814	2
1301	9.61125	12.6613	0.801912	2
1307	8.54679	19.7896	0.310633	2
1326	6.73212	10.9958	1.02994	2
1334	9.09436	17.0241	-0.263817	2
1341	9.40463	3.82249	0.128423	2
1345	9.33562	5.26331	0.843165	2
1355	8.90729	5.3931	-0.0108296	2
1366	5.13934	7.91556	0.26416	2
1368	5.45795	10.3881	1.87057	2
1372	9.61574	22.8897	0.866848	2
1377	7.95392	3.44288	-0.0747188	2
1385	7.36518	21.1983	-0.077716	2
1386	5.71791	22.0429	-0.455849	2
1391	8.75069	11.7882	0.571935	2
1396	9.24845	12.4815	-0.406894	2
1399	9.78536	20.2623	2.23959	2
1402	5.48738	14.0431	-0.0023081	2
1407	8.65171	20.8091	0.0808993	2
1423	8.78204	15.9402	0.823908	2
1425	7.01408	6.17256	0.191555	2
1427	5.84285	17.0367	0.548428	2
1433	9.98802	19.0904	-0.903739	2
1439	5.86858	6.35121	0.242499	2
1441	5.17483	16.2849	0.584936	2
1445	6.99666	7.03473	1.20013	2
1456	6.71805	0.293719	0.171336	2
1460	6.08243	13.6338	0.553158	2
1463	7.40269	0.973762	0.65465	2
1470	8.00238	0.974105	0.933279	2
1475	6.44185	0.917734	0.396909	2
1482	5.45333	24.732	1.35554	2
1490	6.5574	5.44717	-0.284432	2
1498	5.71459	5.02443	0.834761	2
1500	6.03864	5.19015	1.33549	2
1503	8.92965	20.9916	0.495161	2
1509	9.95341	9.65726	1.04232	2
1513	8.0421	20.0937	-0.433296	2
1520	6.80429	0.751861	-0.260964	2
1523	8.05311	20.0379	0.694792	2
1524	6.07481	7.59328	0.102003	2
1525	6.60772	17.9897	-0.191755	2
1527	8.6485	24.2322	0.596942	2
1528	6.80486	24.6092	-0.0205455	2
1532	5.78873	17.2893	1.35991	2
1537	9.79146	0.843396	0.360062	2
1539	6.20926	3.24836	1.22352	2
1544	8.51786	4.81569	0.819	2
1548	9.56194	7.89134	0.824554	2
1549	6.66212	24.2065	0.699656	2
1571	5.9742	15.4247	0.24516	2
1589	9.41628	9.35135	1.39112	2
1590	5.59339	7.86119	1.19154	2
1593	8.96882	8.35958	0.810836	2
1597	5.63135	20.1347	0.471273	2
1598	9.26119	19.3339	0.0186792	2
1600	7.37768	12.6782	0.909681	2
1602	5.19814	18.081	0.436414	2
1603	9.02264	4.97092	0.529811	2
1605	5.89306	1.1169	0.721013	2
1606	9.4847	18.2522	-0.0840839	2
1613	8.78922	10.665	0.593905	2
1616	5.29621	13.657	-0.0499534	2
1621	5.31761	15.6088	-0.116501	2
1623	5.60147	24.7986	-0.904316	2
1628	7.7592	14.3475	0.442176	2
1629	8.03085	9.06164	-0.909344	2
1633	6.46098	15.7168	0.479927	2
1640	8.63795	14.1981	0.502349	2
1647	6.35887	3.47875	-0.109289	2
1652	8.44371	21.8723	-0.0402692	2
1654	6.53422	4.86171	0.538733	2
1663	5.58984	23.8445	0.579202	2
1667	5.4718	17.4513	0.713519	2
1671	8.82965	20.5376	0.335602	2
1679	5.279	24.1823	0.336884	2
1684	5.24277	14.0936	0.292022	2
1691	7.67605	23.3926	0.980642	2
1696	6.15165	23.8181	0.294277	2
1697	5.55867	17.049	-0.569329	2
1699	8.97284	3.15563	0.56109	2
1702	6.41739	5.14099	0.926073	2
1709	6.46056	12.2934	-0.0255419	2
1710	6.59755	13.0913	0.629014	2
1714	9.86161	14.8177	0.753322	2
1717	6.07329	20.8502	-0.218937	2
1718	7.99096	23.1586	0.295441	2
1720	7.06584	20.0559	-0.142973	2
1724	9.07622	2.81184	0.212521	2
1727	7.28928	6.42248	-0.3015	2
1734	8.13516	22.2701	0.234447	2
1737	6.19063	0.300933	0.179495	2
1738	7.29874	8.41959	-0.350117	2
1749	7.43794	11.472	0.0292027	2
1750	8.72864	24.3815	0.464361	2
1751	7.86032	24.0024	1.05039	2
1756	7.77942	18.6896	0.0236616	2
1771	8.24445	3.36967	1.46661	2
1772	9.26643	2.01585	0.313105	2
1776	5.31124	13.2091	0.500403	2
1778	7.15791	6.21998	0.314023	2
1779	7.71005	15.5993	-0.249851	2
1783	9.82562	8.14328	0.405385	2
1784	7.01002	19.4529	0.0211201	2
1809	7.23306	23.25	0.844326	2
1819	8.13971	15.9351	0.530936	2
1823	6.96023	2.97892	0.390393	2
1824	9.04474	17.4858	-0.0467864	2
1836	9.36321	6.86291	0.242509	2
1839	8.93366	2.51545	0.520543	2
1844	8.17204	15.4017	0.0292846	2
1846	9.39158	6.64951	0.603742	2
1851	9.28321	2.1845	1.18491	2
1857	5.58439	9.93029	0.396529	2
1866	5.22222	19.1228	0.325837	2
1868	7.48559	16.3149	0.527839	2
1879	9.41254	23.8608	0.618596	2
1882	7.90171	8.20417	0.606054	2
1890	9.46887	20.9339	-0.334781	2
1893	8.36279	3.99327	0.488612	2
1901	7.27643	16.0146	0.404229	2
1905	9.65995	20.4383	0.183194	2
1908	5.71825	12.1635	0.480225	2
1912	5.20702	23.1144	0.534877	2
1921	5.34965	16.0511	0.361826	2
1922	6.52092	10.8158	1.37343	2
1929	7.87797	23.9157	0.714213	2
1930	7.57836	23.0124	-0.284177	2
1935	6.20741	19.816	-0.108105	2
1937	7.56649	20.6448	1.44912	2
1938	8.47292	19.9812	-1.0204	2
1947	6.66063	8.7094	0.929523	2
1949	6.03356	21.8582	-0.117448	2
1957	6.56792	24.805	0.353938	2
1959	7.23891	14.6652	-0.0611766	2
1963	5.64281	9.58867	0.602468	2
1964	7.93478	22.3923	0.697627	2
1968	7.29672	6.70161	0.339157	2
1970	6.44735	19.1279	0.673618	2
1972	5.72402	21.0437	0.944582	2
1975	6.38356	0.0700087	0.659636	2
1976	6.38746	7.85238	1.09494	2
1980	9.42305	16.8361	0.442523	2
1988	6.79224	11.941	0.729607	2
1989	6.45738	5.10677	1.20966	2
1990	7.59459	11.0142	-0.125346	2
1993	7.21185	4.47054	0.0929324	2
1996	6.91611	18.2891	1.25711	2
2004	5.24961	15.7218	0.346257	2
2017	5.78022	1.317	-0.0845951	2
2020	5.80907	11.8312	1.48988	2
2023	7.61822	10.0636	0.726871	2
2034	5.52634	5.72898	0.789554	2
2035	6.39199	18.07	1.37291	2
2037	7.93933	1.74963	0.538493	2
2039	6.57697	2.57623	1.29691	2
2042	7.59238	19.3447	0.66553	2
2051	9.21457	9.37411	0.429157	2
2053	9.80479	3.76744	0.541779	2
2057	6.44217	15.184	-0.0647041	2
2060	6.60676	22.0442	0.317931	2
2061	6.59413	6.36168	0.420708	2
2073	8.41919	19.3892	0.0942174	2
2075	8.26711	10.4682	0.256334	2
2085	5.00897	12.3991	0.475072	2
2107	9.15287	3.44799	0.928225	2
2116	5.63792	21.3934	0.457669	2
2126	7.86076	4.7142	-0.635672	2
2127	8.52116	13.325	0.405555	2
2129	7.16877	20.4489	0.232274	2
2135	5.14814	2.4339	0.564516	2
2145	7.6954	1.9418	-0.253646	2
2146	8.58496	5.47546	0.647731	2
2158	7.11382	15.5508	0.269341	2
2159	9.24646	1.9848	0.0185715	2
2164	5.37221	3.30068	-0.43258	2
2165	7.31368	9.04088	0.0956573	2
2166	7.59431	7.31411	0.12494	2
2168	6.51359	24.0446	-0.26845	2
2175	8.53079	24.2127	1.34344	2
2176	8.26429	24.7325	0.421799	2
2177	9.1142	24.1516	0.602175	2
2178	7.2381	2.02735	0.846654	2
2184	8.38297	1.79987	0.591857	2
2187	6.88144	16.1155	1.01193	2
2190	8.5202	6.29408	0.151223	2
2197	8.16769	6.57377	0.744846	2
2199	5.96463	2.90322	1.0766	2
2200	5.07833	1.93225	0.0833029	2
2204	7.82082	13.1908	0.398142	2
2208	6.95836	4.90387	-0.28708	2
2215	9.44325	7.53615	0.695563	2
2216	8.99636	17.3649	-0.153474	2
2227	7.58613	6.03017	-0.382883	2
2233	5.91654	10.8056	0.765433	2
2236	8.55099	15.6718	0.714359	2
2237	6.63018	14.3027	-0.436136	2
2238	9.36161	5.32962	1.00463	2
2248	6.47974	7.70085	-0.735111	2
2253	9.21448	21.692	1.08059	2
2257	9.71521	14.8094	-0.265526	2
2258	9.7284	14.7786	0.378321	2
2262	9.57564	11.756	0.309672	2
2264	9.85069	9.81377	-0.0522408	2
2265	8.31157	6.41654	-0.198405	2
2268	7.75882	3.9658	0.583755	2
2272	7.7652	22.7036	0.813918	2
2291	7.86654	8.20202	0.071873	2
2295	9.84027	18.5667	-0.269823	2
2298	9.65455	22.5141	-0.13709	2
2305	6.28937	19.0186	0.476842	2
2318	9.00168	14.2316	0.60874	2
2320	6.368	21.5666	-0.0313948	2
2336	5.06148	18.6968	0.244083	2
2340	7.93717	1.93959	1.75325	2
2342	6.04423	22.6313	-0.143865	2
2345	8.40095	22.9912	0.046721	2
2355	9.04585	7.37462	0.614114	2
2359	5.01646	14.087	0.443398	2
2363	7.95925	13.1243	1.39894	2
2365	9.56984	4.53804	0.29342	2
2367	8.10243	4.29316	1.08135	2
2370	8.79167	11.4183	0.0527931	2
2371	6.68968	20.1168	0.36869	2
2374	9.95703	3.49987	0.0696456	2
2377	8.49684	4.64153	0.706211	2
2387	9.93702	5.10514	0.640692	2
2390	6.62019	7.02773	0.811252	2
2397	5.96554	17.4444	0.647596	2
2404	5.91252	24.1574	0.439872	2
2408	8.45029	24.0668	-0.575712	2
2409	9.3082	24.9918	0.595535	2
2411	8.56716	5.89254	0.159325	2
2413	7.18493	14.516	-0.418032	2
2422	7.27401	5.94175	0.418889	2
2423	8.88698	4.18565	0.523837	2
2443	6.93776	14.4803	-0.352136	2
2444	8.36925	6.67656	0.777331	2
2448	7.736	15.3855	0.571533	2
2449	8.12098	12.5118	-1.20893	2
2452	5.00364	9.18681	0.836095	2
2454	8.20908	5.07156	0.0831621	2
2457	8.53543	20.6418	0.845879	2
2458	9.49996	2.02008	1.27535	2
2463	7.21077	12.9251	1.09065	2
2465	5.59518	1.22475	0.564153	2
2470	6.5704	9.64725	-0.34279	2
2474	7.63159	21.6879	0.848345	2
2475	9.38205	19.2327	0.800189	2
2478	8.80886	8.6194	0.800185	2
2482	7.8897	12.6778	0.37759	2
2507	8.59454	11.0093	1.33295	2
2508	7.76437	5.76775	0.851949	2
2517	8.77335	16.6215	0.0296941	2
2518	7.31052	23.0589	0.470419	2
2520	7.58437	10.2665	-0.154787	2
2522	8.22338	18.6119	0.0764207	2
2526	5.84538	19.2381	1.67648	2
2536	9.08844	10.0282	0.238758	2
2541	7.96852	5.3786	0.244526	2
2542	5.18232	4.45087	-0.145312	2
2544	7.95713	16.4708	0.5051	2
2547	6.98467	11.8657	0.679867	2
2548	9.51765	15.6768	0.211088	2
2549	9.40424	20.9458	-0.448261	2
2554	8.81405	10.4109	1.1286	2
2557	6.27694	24.2696	-0.464329	2
2562	5.45383	13.8306	0.355063	2
2570	8.53893	6.32949	0.771966	2
2571	7.21741	18.3951	0.617944	2
2582	6.14011	18.168	-0.038338	2
2583	6.77854	9.07634	-0.376984	2
2584	8.79532	5.75538	0.594693	2
2588	5.23094	13.2891	0.427121	2
2589	5.53793	17.1924	0.291998	2
2593	7.00141	15.3666	0.17202	2
2595	7.47609	1.29851	0.131379	2
2596	8.26241	0.952179	0.361176	2
2598	7.23949	20.5903	-0.0312358	2
2599	6.9581	20.1288	0.464464	2
2600	7.80849	17.1463	-0.243347	2
2609	9.33766	18.3691	0.133526	2
2613	8.25543	17.9832	0.306326	2
2615	5.74893	15.0378	1.49631	2
2623	8.69895	14.1645	0.244255	2
2634	7.89536	17.3066	0.477838	2
2641	7.87832	22.506	0.437845	2
2653	8.55158	0.765681	0.406709	2
2654	8.86586	0.632356	-0.0479391	2
2655	6.60901	7.86729	-0.0106742	2
2656	8.30551	0.845586	0.598869	2
2663	5.56982	15.9757	0.36786	2
2669	6.17109	13.5026	0.103062	2
2673	9.80918	18.794	0.406584	2
2674	9.08171	19.428	0.180218	2
2676	5.13065	9.49407	0.373081	2
2681	7.79446	20.3464	0.104395	2
2685	7.76444	17.8634	1.70518	2
2687	7.43121	16.857	-0.301847	2
2688	7.0413	0.511315	0.814935	2
2703	7.43794	19.9203	1.145	2
2718	8.66152	9.2156	1.09943	2
2719	8.06608	13.8001	0.15817	2
2721	9.50979	2.8308	0.980879	2
2728	6.28311	15.7826	0.220857	2
2732	8.36952	22.3157	1.90272	2
2733	8.18285	22.0735	-0.0501935	2
2734	8.17196	22.1143	1.00319	2
2738	5.30372	12.2601	0.431826	2
2744	5.32063	15.1538	0.915662	2
2758	7.1495	12.7798	0.491475	2
2765	6.37379	1.75869	0.329571	2
2778	7.717	21.8824	1.16713	2
2791	7.38425	8.4567	0.730392	2
2793	6.08212	23.7708	0.93172	2
2803	9.5417	12.2047	0.415235	2
2810	6.34972	7.45963	0.726061	2
2825	7.10694	23.6043	0.177642	2
2829	5.37094	7.30982	0.339991	2
2835	5.47332	16.3684	0.132852	2
2841	6.76641	9.84747	-0.500381	2
2842	9.65976	4.10789	0.412611	2
2847	8.35067	5.64658	0.40303	2
2849	6.35663	10.1877	0.270797	2
2864	7.62767	19.6652	0.600288	2
2866	8.48691	24.7063	0.124297	2
2870	8.8446	21.2607	-0.103878	2
2871	6.53758	19.0564	0.423316	2
2883	6.86845	8.32412	-0.664556	2
2885	8.90692	11.3305	0.820836	2
2889	9.41342	10.53	0.335662	2
2890	5.77496	0.668072	-0.00861565	2
2891	9.97909	4.94746	0.463115	2
2893	9.11557	20.3363	-0.254572	2
2894	5.45378	18.1299	0.382353	2
2896	8.12662	1.81611	-0.131688	2
2908	7.8895	7.82495	0.387365	2
2912	6.97241	0.297681	1.17866	2
2913	7.95513	15.0189	-0.15016	2
2916	5.89148	13.7239	-0.547319	2
2925	8.39987	8.29661	0.59902	2
2926	6.43707	4.28395	1.09059	2
2930	8.5494	7.02976	0.508257	2
2932	5.48484	16.8019	1.35506	2
2941	6.56777	4.83993	0.646691	2
2944	7.80472	18.2025	0.193246	2
2954	7.98715	4.53944	0.455705	2
2960	9.14597	1.04395	0.804562	2
2968	6.57811	15.3018	0.0559847	2
2969	7.22007	15.1848	0.526299	2
2971	9.30217	5.20543	-0.816368	2
2973	8.77696	23.96	-0.324056	2
2984	6.22065	9.34359	0.551438	2
2995	5.6492	5.04158	-0.302457	2
3015	5.91446	3.51819	-0.0842804	2
3017	5.09885	16.7139	0.55153	2
3020	9.39414	14.7983	0.0849983	2
3022	6.46853	8.18643	-0.303917	2
3023	9.00918	12.7145	0.895356	2
3024	9.16457	3.83754	0.229402	2
3033	5.90354	7.03858	1.51206	2
3038	9.51818	13.0381	0.129999	2
3041	5.89869	13.0262	0.180767	2
3047	8.20397	17.5477	0.466058	2
3048	9.73264	2.7904	1.01523	2
3053	5.26317	15.3562	1.07252	2
3055	7.09926	16.8637	0.519034	2
3060	7.02703	8.8742	0.0454352	2
3066	9.43741	0.937892	0.299688	2
3073	5.56317	8.38513	0.686966	2
3076	8.02907	17.9137	1.10999	2
3080	9.54932	7.17325	0.556987	2
3081	6.2052	13.3559	-0.246007	2
3083	6.25282	14.7695	0.996703	2
3089	8.24773	23.8913	0.345513	2
3091	9.58646	12.8437	1.31145	2
3093	5.84608	0.904125	0.795416	2
3095	8.9977	9.02874	0.287861	2
3106	8.31324	21.3445	0.199628	2
3109	5.76703	21.171	0.72475	2
3114	7.22314	13.1808	-0.0972709	2
3115	8.69122	23.9359	0.176165	2
3118	5.22697	24.0352	0.797882	2
3119	7.36818	9.40754	-0.354938	2
3148	5.67789	1.07871	0.905713	2
3159	9.23686	20.8411	-0.472839	2
3160	9.77324	20.9579	0.148766	2
3166	8.3859	19.3855	-0.781215	2
3181	5.35957	17.8439	0.0898822	2
3182	8.23071	16.6732	-0.0978295	2
3192	8.78138	22.9077	0.115851	2
3193	6.7166	10.8179	-0.60124	2
3199	9.23264	0.265009	0.0743591	2
3203	9.82913	13.9958	0.0433285	2
3208	7.05703	22.0292	0.598319	2
3209	8.95546	8.03815	0.294625	2
3212	7.67915	22.8857	0.410482	2
3213	6.55978	23.9201	0.815098	2
3220	5.42663	23.4063	1.14094	2
3224	9.72402	5.70924	0.717474	2
3225	6.11485	1.81609	0.64832	2
3229	8.97884	5.26561	1.09666	2
3230	8.12891	5.42616	-0.384726	2
3240	9.74271	16.426	0.0466278	2
3242	5.07772	18.7283	-0.00981848	2
3246	9.37688	20.1563	0.467211	2
3248	5.74642	9.05839	0.558319	2
3254	5.58467	13.6897	0.439567	2
3258	9.63761	1.57129	0.654386	2
3259	5.5862	12.2209	0.306294	2
3261	7.83474	1.9431	0.593063	2
3262	5.96741	4.69273	-0.619542	2
3268	8.75523	4.69796	1.39243	2
3269	9.22182	4.34737	-0.626812	2
3272	8.47846	19.8001	-0.501942	2
3273	9.26545	19.9847	-0.198582	2
3275	7.95613	1.79473	1.00906	2
3281	6.65677	5.49639	0.743958	2
3285	8.19509	5.41514	-0.170002	2
3288	8.98704	8.58862	-0.50938	2
3291	6.13488	14.9812	0.556011	2
3292	9.30765	10.8021	0.355624	2
3295	6.96262	20.2899	0.634069	2
3296	6.73289	16.4043	0.536824	2
3298	5.6484	23.1444	1.15872	2
3301	7.86922	22.241	0.809435	2
3311	6.8007	22.0336	0.201988	2
3319	8.00301	13.132	0.113467	2
3320	7.82999	13.0249	-0.438602	2
3321	7.64933	13.053	0.878736	2
3336	7.67866	16.7903	0.872083	2
3346	9.77757	13.3932	0.173286	2
3347	7.98269	9.34773	0.00836279	2
3353	6.42648	2.2691	-0.664934	2
3357	6.54609	9.17909	0.32648	2
3358	7.04782	8.33689	0.314446	2
3360	5.87526	0.843922	0.707016	2
3364	9.77868	23.9729	-0.358321	2
3367	9.07048	0.873612	-0.0227044	2
3375	5.72661	18.1895	0.125104	2
3379	8.27424	10.6422	0.217833	2
3388	5.73927	5.90005	-0.161837	2
3389	5.78299	5.9425	-0.131619	2
3395	6.96462	11.8475	-0.483028	2
3405	5.93199	9.51146	-0.420409	2
3416	7.05446	8.47419	-0.0163483	2
3417	6.86893	17.1971	0.681465	2
3419	6.31354	24.9094	1.58559	2
3424	9.94402	1.07232	1.19519	2
3426	7.67942	12.5604	-0.808856	2
3427	5.82485	18.5925	0.00910265	2
3434	8.32638	13.3633	0.290883	2
3442	8.78687	16.4074	0.339819	2
3443	8.48394	21.4745	0.42134	2
3448	8.42416	0.854176	0.637885	2
3449	9.06175	5.51268	0.170293	2
3455	7.9116	1.75572	0.0556304	2
3459	9.44403	10.2142	-0.3847	2
3460	6.47229	10.9848	1.20746	2
3466	5.9264	12.7327	0.0615867	2
3467	6.35649	13.2934	-0.439235	2
3470	5.04932	21.078	0.771022	2
3474	6.20481	7.65275	0.240232	2
3484	7.38776	3.38951	-0.0431217	2
3485	5.60325	23.2211	0.350762	2
3487	5.34135	21.9122	0.548786	2
3499	6.87095	20.0143	0.240676	2
3501	6.8974	7.34889	0.0600585	2
3503	7.65157	15.6949	-0.397957	2
3504	7.6258	3.27283	-0.233536	2
3520	6.14425	0.60279	0.342988	2
3521	6.43657	5.33768	0.692991	2
3522	8.87139	9.8153	0.163548	2
3533	7.6025	13.9886	-0.172543	2
3535	7.52995	4.54239	-0.571166	2
3539	5.87111	7.882	0.952967	2
3540	5.24857	8.27729	0.554464	2
3542	8.41366	5.43476	-0.0369787	2
3545	5.98876	17.7976	0.50898	2
3546	5.90486	17.3444	0.780295	2
3553	7.91191	4.93673	1.05826	2
3555	6.867	13.5183	-0.164555	2
3556	7.66095	13.8019	1.31104	2
3565	7.77643	18.8987	0.339312	2
3566	8.97626	7.85024	-0.151139	2
3567	8.91372	0.85738	-0.0927769	2
3568	6.18584	23.3863	0.959444	2
3579	7.68219	11.2092	0.424559	2
3585	8.42859	21.0709	0.247078	2
3591	7.32443	21.2037	1.01489	2
3595	9.40025	1.707	0.259202	2
3596	9.8532	1.3916	0.1385	2
3603	8.30023	11.846	0.725538	2
3604	6.84831	7.30999	0.499329	2
3606	7.05156	6.10604	-0.507475	2
3610	7.74749	19.3849	0.263243	2
3623	8.96934	17.6301	0.215763	2
3629	5.18942	8.31282	1.0076	2
3642	7.52896	8.95354	0.703324	2
3643	7.08126	8.40989	0.86557	2
3650	9.19202	20.6357	0.382201	2
3652	7.05757	8.18945	0.7593	2
3653	8.38647	24.9119	0.115246	2
3660	9.75632	8.36305	0.337761	2
3661	7.77312	22.9468	-0.28044	2
3666	9.23988	21.3875	0.559545	2
3672	9.64989	14.7071	0.570156	2
3675	7.12516	1.00486	0.247239	2
3692	7.68222	10.0495	0.708076	2
3693	8.12241	11.3839	-0.403709	2
3695	5.28312	9.0667	0.277281	2
3702	6.04172	6.80519	1.22603	2
3705	7.99739	13.5215	1.33699	2
3706	7.71038	13.2993	0.605317	2
3708	6.04736	24.942	0.568245	2
3712	9.13159	15.0296	1.0591	2
3721	9.13417	16.9018	0.720462	2
3740	7.15343	5.10532	1.50061	2
3743	9.09127	2.65115	0.851115	2
3744	9.8144	2.18796	0.803081	2
3747	9.48284	0.953382	0.0147089	2
3749	5.44637	5.41706	1.02881	2
3756	8.55004	17.1458	0.784285	2
3764	8.02093	1.06642	0.401956	2
3767	5.08774	16.1321	1.00458	2
3769	9.71615	16.8738	0.827223	2
3774	8.6862	23.8813	0.923429	2
3775	7.2948	0.886742	0.239187	2
3776	9.8974	14.0678	0.243491	2
3784	5.61982	15.2644	-0.0280283	2
3786	8.96086	16.3262	0.0464568	2
3790	7.77982	8.23559	-0.212435	2
3792	8.5547	12.5733	0.806798	2
3796	8.8139	5.19888	-0.0152372	2
3803	7.85837	22.6105	0.467407	2
3828	9.71469	0.212541	0.324985	2
3829	9.6069	0.14135	0.24409	2
3831	5.34777	22.3167	-0.297275	2
3833	5.87167	22.6275	0.97036	2
3835	9.67343	16.9136	-0.208019	2
3841	6.1578	6.83413	0.498176	2
3846	5.13244	9.36947	0.0539666	2
3848	9.26752	22.4754	0.711315	2
3849	9.65924	22.7302	0.121055	2
3851	6.39373	15.1757	0.764471	2
3852	6.2111	15.1464	0.365927	2
3855	9.80764	12.843	0.211738	2
3861	6.91167	16.4993	-0.15294	2
3871	5.7105	16.0879	-0.161584	2
3874	6.70517	19.1316	0.0598031	2
3896	5.74431	0.593044	0.330573	2
3898	6.72202	11.9642	1.26752	2
3901	8.15359	5.91155	-0.567605	2
3902	7.77944	5.46735	0.849721	2
3903	8.76087	16.5215	-0.200753	2
3906	9.23957	8.2659	0.190238	2
3907	8.77241	16.3394	0.480591	2
3915	9.7769	16.8463	0.781282	2
3918	7.83887	18.3024	0.415173	2
3919	7.66515	18.3491	0.279445	2
3920	9.2963	1.88018	-0.548871	2
3921	7.29896	20.091	0.203201	2
3933	8.14542	19.0201	0.668882	2
3948	6.182	11.7716	-0.299445	2
3949	5.25009	24.2962	0.544536	2
3956	7.75758	14.9443	0.473949	2
3958	7.19639	23.9561	1.08272	2
3960	7.17904	18.1282	0.490535	2
3962	8.82613	20.4133	0.80444	2
3965	8.4093	14.2549	-0.509988	2
3973	6.61439	5.95137	0.517941	2
3974	7.64279	8.19086	0.190903	2
3975	9.53432	10.1433	-0.609971	2
3976	8.77997	24.1652	0.234908	2
3977	8.80863	24.3986	1.0044	2
3978	5.24097	19.5729	-0.161516	2
3983	5.17884	0.967224	0.67388	2
3987	9.78615	20.6312	0.86718	2
3988	6.37405	19.6367	1.1349	2
3989	6.45869	11.7421	0.314675	2
3990	6.55991	11.2923	0.866994	2
4004	7.34439	11.5139	0.0562244	2
4007	7.33265	5.8518	0.60779	2
4011	9.03438	5.66305	0.533079	2
4012	6.14903	24.6294	0.348055	2
4013	6.03066	24.7692	-0.135663	2
4017	5.46787	15.2025	1.29486	2
4033	7.3657	0.0371811	-0.423686	2
4036	7.30279	24.0647	0.663102	2
4046	7.2174	0.246055	-0.0917559	2
4049	8.00462	9.61632	0.122372	2
4050	5.09594	16.7149	0.3431	2
4056	6.41133	18.9394	-0.0791558	2
4062	7.98876	15.0329	0.26293	2
4063	8.52029	13.4312	0.573779	2
4064	5.32484	14.2586	-0.299653	2
4065	8.01921	13.6383	-0.0314025	2
4066	6.25888	24.1739	0.554393	2
4068	6.70732	7.00911	0.64772	2
4073	7.95317	19.5735	0.473241	2
4076	6.52322	24.9177	-0.531661	2
4086	7.04266	8.02505	0.536814	2
4087	9.04875	14.0453	-0.397951	2
4088	8.80936	13.9512	-0.00456926	2
4090	9.29973	8.18992	0.68316	2
4091	8.9586	11.8035	-0.199201	2
4094	5.60991	17.8513	0.263804	2
4096	5.3457	1.39271	-0.633401	2
4097	5.42889	1.11045	0.956439	2
4098	6.8794	3.63542	-0.254621	2
4101	8.11286	10.283	0.619571	2
4	10.8449	22.0981	1.00201	3
10	12.4187	16.6762	-0.286875	3
16	14.5363	20.5294	0.292866	3
18	14.8299	18.0876	-0.546355	3
22	10.7264	7.35949	0.148708	3
36	14.8772	21.3304	0.715822	3
38	14.6618	24.7693	0.17429	3
41	12.9073	5.47647	1.75461	3
42	11.3076	21.7317	-0.375734	3
49	10.9637	19.7331	0.577054	3
52	14.9232	4.13369	0.674551	3
56	12.8331	3.68204	-0.30424	3
59	12.4108	12.6855	0.49154	3
71	14.6521	1.32915	0.523779	3
77	11.3735	14.3731	-0.186256	3
80	12.1147	19.9405	0.1504	3
85	13.7036	24.7897	0.117773	3
86	12.5179	9.83666	0.422287	3
93	11.0541	14.9598	-0.240365	3
95	11.8771	22.1487	0.276858	3
97	13.6144	16.702	0.963736	3
103	12.5865	9.40321	0.862309	3
104	13.4443	16.7532	0.65236	3
110	11.8123	15.3108	0.160025	3
114	10.1189	12.1596	1.59235	3
122	14.1971	13.5178	0.557219	3
124	10.38	17.3982	1.05288	3
126	11.4673	1.84449	-0.145256	3
131	11.409	5.5299	0.57273	3
132	11.4649	9.69722	-0.138834	3
136	12.7723	5.26224	0.0933188	3
141	11.1521	23.7269	0.616585	3
147	11.4302	24.9708	0.687854	3
153	14.2707	5.78806	0.649433	3
156	13.2443	16.1159	1.01629	3
167	11.2407	17.7518	0.122889	3
176	14.773	11.0282	0.0725772	3
183	11.8606	22.9189	0.187758	3
184	14.1894	13.833	1.15007	3
189	14.9122	7.72489	0.531214	3
192	13.7823	18.6175	0.968187	3
193	10.6866	3.23583	0.253521	3
201	12.3739	20.1783	1.02676	3
204	10.9695	6.08869	-0.833751	3
206	14.874	4.07233	0.127132	3
209	12.9455	14.9607	0.383042	3
212	10.3562	4.16201	-0.282916	3
218	13.1454	1.96525	1.08989	3
219	12.0983	1.23407	0.923889	3
225	14.2356	15.4639	1.58865	3
233	11.8364	18.3906	0.576796	3
241	12.5983	2.06719	0.454966	3
251	11.6467	16.3537	0.199764	3
254	12.275	16.9557	-0.00864224	3
259	10.7376	2.54467	0.728721	3
274	10.8831	8.29646	-0.40222	3
276	14.8944	24.1171	-0.310192	3
278	10.8903	8.78501	1.11094	3
280	13.0687	13.7356	0.429346	3
289	10.5717	7.39066	0.508955	3
291	12.7903	3.54872	-0.29705	3
300	12.1704	4.17927	0.835061	3
312	14.8158	1.18177	0.421193	3
315	14.9093	5.2482	0.454189	3
318	14.7505	1.27318	0.172582	3
327	11.1663	11.5848	1.18021	3
328	14.483	13.9187	0.591584	3
330	10.9295	13.5205	0.753579	3
331	10.4671	11.2021	0.451499	3
333	12.2301	14.3753	1.27063	3
339	12.5192	8.86793	0.736762	3
342	14.136	21.1657	0.414836	3
344	10.5522	22.9079	0.018049	3
346	13.8035	20.7003	-0.245401	3
350	12.0979	15.1151	0.562318	3
356	12.3449	22.9359	0.207	3
363	13.9237	19.6587	0.219265	3
364	11.3176	22.2488	0.812248	3
365	14.1332	17.6133	0.390364	3
366	12.3816	12.1615	-0.231912	3
367	14.647	0.567217	0.391885	3
374	13.0067	13.2972	-0.194823	3
377	10.0173	3.25835	0.848997	3
379	12.9955	11.8128	0.552622	3
382	12.0899	10.6986	0.392994	3
383	14.7143	6.03131	0.750656	3
384	11.3931	20.6565	-0.533652	3
389	12.037	21.3629	0.345359	3
396	11.145	9.60513	0.349556	3
401	13.4822	22.3531	0.172215	3
404	13.8452	0.279537	-0.404256	3
411	11.6535	19.6805	-0.0825483	3
421	14.4873	3.06564	1.01724	3
425	12.7098	1.01054	0.874023	3
435	12.185	7.49227	0.0603953	3
436	12.4086	7.60615	-0.377699	3
449	13.9028	16.3017	0.189584	3
456	14.7551	3.29014	0.36699	3
458	12.7692	15.1201	1.15053	3
460	13.6797	23.5418	-0.345841	3
468	11.4849	23.7366	0.41084	3
473	12.3968	18.2719	0.222881	3
474	12.2197	17.5376	0.902274	3
476	12.7108	1.22604	-0.547852	3
480	12.0003	9.40279	0.421455	3
482	14.4459	15.896	0.383586	3
483	11.4965	13.2615	-0.0571858	3
493	14.0094	21.0951	0.605555	3
495	14.4265	7.49578	0.288654	3
506	11.2102	1.70631	-0.143206	3
509	14.3735	3.74439	-0.248021	3
510	13.0514	16.3481	0.338371	3
536	13.4239	6.48317	1.10892	3
548	13.1043	8.61872	0.182781	3
549	12.4618	8.39218	0.649725	3
560	12.2196	11.1443	0.258698	3
562	11.1	24.4266	0.873335	3
568	10.5264	12.9053	0.464751	3
571	11.287	15.398	1.11158	3
578	11.9749	13.5951	-0.00883776	3
583	13.8033	7.4521	0.651815	3
584	12.2968	18.0989	0.696445	3
591	11.3197	4.22767	0.1193	3
610	13.3415	23.8456	-0.179939	3
611	11.4066	16.7101	0.825821	3
615	14.0853	5.70594	0.881217	3
620	13.9204	19.7768	-0.113356	3
621	13.7824	3.64993	-0.318104	3
635	12.8454	20.8515	0.920794	3
642	12.4202	1.01619	1.05002	3
651	13.339	22.8394	-0.40996	3
659	14.3338	14.5315	-0.206621	3
661	11.1803	6.28966	-0.162689	3
665	10.0196	13.6179	0.965457	3
667	10.2381	11.5448	0.367719	3
676	11.763	9.72813	-0.791418	3
678	14.3393	23.0037	-0.717636	3
680	13.6577	19.1536	0.184989	3
682	10.498	2.73726	0.783607	3
690	12.2109	12.5321	1.15266	3
701	10.8644	10.4789	0.155262	3
706	11.2534	4.5869	0.0243165	3
708	12.5975	19.2006	0.701748	3
716	12.0213	8.19916	0.350206	3
718	12.563	15.6175	-0.048449	3
726	12.4643	20.9803	0.713229	3
736	12.5512	10.5019	-0.0510758	3
740	12.2533	3.28001	0.327132	3
743	12.8142	15.9146	0.136141	3
745	10.3681	22.0693	0.0572611	3
748	11.5503	5.9618	0.161511	3
753	10.2694	19.7382	1.06874	3
754	10.2048	1.31279	0.479526	3
758	14.5301	16.3454	0.829941	3
759	11.3467	18.0939	0.00598791	3
763	13.3916	9.29526	1.32501	3
764	14.4071	23.5517	0.101111	3
780	11.5774	15.7702	0.942448	3
783	13.613	15.1598	0.194997	3
784	14.0259	11.716	0.744285	3
786	14.5702	13.3185	-0.245461	3
795	14.7034	18.5821	-0.0105115	3
799	14.9537	6.49876	0.246346	3
802	10.6177	11.7295	-0.299593	3
807	12.6066	6.30924	0.255057	3
810	13.9612	1.93153	0.743779	3
819	14.7742	19.4231	0.581784	3
828	11.9509	2.73067	-0.0301848	3
830	12.2507	11.8846	0.848286	3
836	10.4538	1.59479	0.345155	3
845	10.3002	0.969743	-0.625194	3
849	11.6592	20.3973	0.587194	3
856	14.0194	20.5919	1.18252	3
860	10.5453	6.28269	0.361223	3
862	10.6851	24.9659	0.127677	3
865	13.8715	5.11287	0.631751	3
867	11.7432	4.60671	0.438737	3
868	12.1435	24.545	0.0455969	3
872	14.6031	5.61656	-0.132102	3
885	14.2345	24.0645	0.311178	3
895	13.4648	14.7068	0.580944	3
899	14.7985	12.6127	1.49675	3
902	11.4961	8.25383	-0.627166	3
913	10.1975	9.11496	1.30722	3
915	10.948	23.2917	0.470426	3
919	13.296	22.4951	1.20208	3
929	14.084	0.668506	0.12529	3
934	10.5951	0.764485	-1.26336	3
939	11.8117	11.3706	0.208947	3
940	13.7333	2.53959	0.127743	3
942	13.3383	1.92873	0.283064	3
953	12.4802	18.1961	0.546971	3
964	10.2365	14.1045	-0.507482	3
971	14.3648	11.2455	-0.440326	3
974	13.0954	21.1426	-0.276217	3
979	10.0674	16.3887	0.042377	3
981	11.8667	18.0343	-1.04305	3
986	14.7045	19.2665	0.364576	3
988	11.7584	15.768	0.458859	3
993	13.1416	21.6282	1.12586	3
997	12.884	15.0737	0.560987	3
1000	11.8329	8.88545	0.501857	3
1014	10.9483	14.8773	1.1329	3
1021	12.7613	2.54711	-0.402448	3
1023	11.4404	21.7618	0.822526	3
1026	10.6937	8.71281	0.332926	3
1027	11.3467	8.31611	0.562688	3
1037	14.3561	9.28738	-0.0817223	3
1039	13.0268	16.8032	0.308201	3
1042	10.784	11.0434	-0.00617246	3
1043	14.9311	13.4133	0.529955	3
1045	11.3344	12.7768	0.396245	3
1046	10.7957	12.5776	-0.455762	3
1063	11.7187	17.407	0.851097	3
1065	10.983	14.3976	1.22301	3
1070	10.1697	5.48094	0.595699	3
1072	13.2955	7.72293	1.16657	3
1075	12.117	15.9245	0.647433	3
1078	13.7235	11.2586	-0.50925	3
1079	13.2417	17.0877	1.82907	3
1095	11.0476	11.97	0.985182	3
1099	12.1372	7.53803	0.57262	3
1101	11.9788	18.2757	-0.538214	3
1105	12.3143	16.9187	0.369404	3
1108	12.6247	17.4871	0.527951	3
1109	11.9848	13.5624	1.0825	3
1115	12.6045	16.8464	0.616625	3
1136	14.794	8.11739	0.471121	3
1139	12.6005	16.5816	-0.59197	3
1148	14.2007	24.7571	0.639083	3
1150	13.7257	0.274075	0.694241	3
1151	11.6651	18.3526	0.410261	3
1152	11.528	24.5117	0.0307103	3
1153	10.3758	15.3477	0.256521	3
1165	10.8037	13.8535	0.601464	3
1178	12.9879	19.5529	-0.175205	3
1179	10.4029	1.92547	0.851335	3
1180	10.9064	1.32179	-0.0105709	3
1188	11.2969	12.4366	0.739558	3
1189	11.1949	13.7838	0.760314	3
1197	12.1682	1.14805	0.749619	3
1203	14.1503	2.98345	0.0558989	3
1214	12.1448	13.6931	0.061419	3
1216	14.7877	3.19932	0.491055	3
1218	12.0147	13.7068	0.965792	3
1225	10.506	13.842	1.19876	3
1226	11.4548	15.4252	-0.734178	3
1227	11.5158	6.85036	-0.0857177	3
1236	11.9467	5.33132	1.06905	3
1237	12.0916	5.2481	0.897437	3
1247	13.2433	8.88184	0.0582485	3
1250	14.3651	15.4279	1.47824	3
1253	10.0814	14.1233	0.435386	3
1254	13.1869	10.4455	-0.167508	3
1263	12.4579	14.0377	-0.361531	3
1266	10.7165	21.1464	-0.590442	3
1269	13.5317	20.4759	-0.277157	3
1275	13.9932	13.2309	0.432714	3
1285	12.5236	20.4279	-0.156306	3
1286	12.0154	19.5482	0.268959	3
1291	11.4329	5.3556	-0.2947	3
1297	11.0319	7.9484	0.346369	3
1308	10.0961	18.4258	0.580636	3
1311	13.9289	14.6504	0.109916	3
1312	12.7221	2.56786	0.339164	3
1314	12.6505	21.98	0.469954	3
1317	14.1909	21.7258	0.324741	3
1320	11.8982	0.819786	-0.39994	3
1321	12.2949	0.902985	0.906447	3
1322	11.4745	0.773895	1.07902	3
1332	14.6045	3.31594	-0.322755	3
1342	11.5207	7.61967	0.783493	3
1343	12.8548	8.56709	0.164206	3
1348	14.079	20.2505	0.701958	3
1350	12.4519	10.384	-0.19732	3
1360	11.0777	22.1291	0.676514	3
1363	13.7364	12.5146	0.89959	3
1367	12.8469	19.775	0.255556	3
1373	12.0341	15.3769	0.507475	3
1381	10.6683	3.09152	-0.0514442	3
1384	14.1765	1.79777	0.614523	3
1389	13.4318	11.4848	0.121883	3
1390	11.1175	7.73564	0.732853	3
1398	13.0361	1.20587	0.3459	3
1406	13.7242	4.93136	-0.316518	3
1409	11.13	9.31561	0.705858	3
1412	14.6903	3.5056	0.0312777	3
1413	12.9997	14.9003	0.638682	3
1417	10.2526	11.4129	0.140351	3
1426	14.385	22.4193	-0.298685	3
1438	12.5032	13.5539	0.440935	3
1443	11.0588	21.9458	-0.160124	3
1446	10.1363	24.2961	-0.388632	3
1458	14.8475	21.3868	0.259105	3
1474	10.2377	0.384766	-0.629064	3
1485	11.0991	21.2519	0.102208	3
1487	14.8529	8.19385	0.47259	3
1493	11.8113	3.85663	1.15219	3
1494	13.8342	8.0786	0.334767	3
1495	14.7464	9.85995	-0.482153	3
1497	14.326	8.50174	0.40127	3
1505	12.5197	18.6294	0.455231	3
1508	10.5464	18.3149	0.634331	3
1510	11.9097	0.0849358	-0.642816	3
1512	12.6878	22.7066	0.416913	3
1514	13.6074	4.6125	0.162254	3
1515	14.3318	1.99448	0.209308	3
1518	10.5118	7.97957	0.570868	3
1522	10.365	12.0377	0.57396	3
1531	11.1103	14.8084	-0.0909378	3
1536	14.9493	23.3463	0.501176	3
1545	14.3456	12.7844	0.287259	3
1551	14.5062	19.7573	0.0700572	3
1561	10.0152	12.9872	1.74413	3
1565	12.0792	13.7786	0.752316	3
1570	12.0195	2.95765	0.20591	3
1573	11.0193	6.51333	0.955898	3
1577	14.3651	5.04627	0.376508	3
1582	14.2747	24.6745	0.641596	3
1608	14.7997	6.71373	0.927556	3
1609	13.2233	21.9283	0.434291	3
1610	14.7079	0.5371	-1.28415	3
1614	13.366	16.1216	0.279069	3
1619	13.8506	20.3639	0.352203	3
1626	11.9784	2.77904	-0.0861432	3
1631	12.8884	10.3879	1.48792	3
1632	10.7292	19.369	0.569935	3
1635	10.4102	4.80147	0.878309	3
1636	14.5214	23.261	0.075788	3
1638	14.8473	20.9635	1.01506	3
1642	10.9907	18.0453	1.67779	3
1643	12.2744	18.6066	0.216674	3
1645	12.3886	23.4383	0.0506436	3
1653	12.5457	24.7364	0.532711	3
1656	13.8115	13.7975	0.050782	3
1659	11.6999	11.177	0.555842	3
1660	14.5655	20.1848	0.518156	3
1661	12.6856	1.49343	1.28852	3
1665	13.1501	24.3318	1.12394	3
1673	11.6431	22.0094	-0.114219	3
1681	10.0186	4.42094	0.500911	3
1683	12.0558	2.36288	0.478951	3
1688	13.2028	0.662257	0.628465	3
1689	14.6783	19.8195	1.00297	3
1693	12.0804	11.097	0.439415	3
1698	10.684	13.2073	-0.912884	3
1706	10.9964	7.38122	-0.196334	3
1707	11.3308	6.99436	-0.935548	3
1715	10.3122	21.8654	-0.238936	3
1721	13.5908	9.99211	0.305258	3
1722	10.5645	8.45624	0.326139	3
1731	12.7122	9.14895	-0.309193	3
1732	11.9085	19.0757	0.0195566	3
1733	13.6312	18.0452	1.83975	3
1735	10.0175	20.0473	0.161963	3
1741	11.0071	0.588093	0.890995	3
1745	10.2534	10.8865	0.42687	3
1748	13.7291	4.88002	0.321529	3
1752	12.8019	20.3248	1.06499	3
1761	11.5046	1.44993	0.0829919	3
1764	14.8554	19.7923	0.151534	3
1767	10.9199	10.4329	-0.215553	3
1768	10.7113	15.8121	1.38964	3
1769	12.9533	3.97929	0.88387	3
1773	14.4652	1.58017	1.02476	3
1775	14.0086	7.73586	0.0815955	3
1777	14.3997	11.7299	-1.07065	3
1786	12.9268	15.7919	-0.697256	3
1787	12.189	14.8762	0.390583	3
1788	14.2886	22.6889	0.548975	3
1794	14.7417	24.9567	0.364617	3
1798	10.4949	23.938	-0.36891	3
1801	11.4455	3.45982	0.324604	3
1807	12.2764	4.33319	-0.309045	3
1812	11.7184	10.9767	0.84232	3
1813	12.5036	2.45159	0.593967	3
1814	11.8405	6.4601	-0.403595	3
1832	13.1315	18.1364	1.39673	3
1835	10.1137	5.83863	-0.415182	3
1838	11.8324	16.638	0.367159	3
1848	13.6201	7.55972	1.0899	3
1855	14.7172	15.9519	0.0335284	3
1860	13.0703	22.8469	1.38648	3
1867	10.2785	18.1173	-0.307067	3
1869	14.2798	16.8082	1.14175	3
1874	11.7381	20.5116	0.521774	3
1877	12.4695	9.6728	0.786575	3
1886	11.8052	22.3065	0.840746	3
1887	12.3009	15.8151	0.470726	3
1898	14.8464	10.8059	0.348896	3
1902	10.4229	24.0279	0.726515	3
1903	10.806	24.8173	-0.430243	3
1907	10.3446	1.38983	0.750545	3
1911	14.2075	1.5231	-0.130992	3
1913	12.0757	17.0533	0.49114	3
1914	10.8857	4.94875	-0.0538998	3
1916	13.0108	4.52771	0.161844	3
1939	11.0697	3.42966	0.126418	3
1942	11.0692	23.3814	-0.604727	3
1950	12.4989	20.4809	-0.0701542	3
1953	13.5165	3.18407	0.981667	3
1956	11.5039	5.74062	-0.359885	3
1966	11.6993	4.6301	0.60188	3
1971	12.3015	22.6269	-0.59708	3
1973	13.3835	2.79547	-0.049311	3
1977	10.5079	4.22045	0.898348	3
1978	13.1649	11.1124	1.21487	3
1985	12.1798	1.37782	0.346853	3
1992	14.0757	0.855543	0.167862	3
1995	13.0507	23.653	0.339643	3
1997	13.853	1.89873	-0.438902	3
2005	11.8762	23.8104	0.622785	3
2006	11.7596	24.5467	1.50219	3
2007	14.5338	24.7686	0.394335	3
2009	12.0657	8.30056	0.107831	3
2019	12.5592	13.9982	-0.227914	3
2021	12.9321	14.561	-0.58639	3
2022	10.9875	12.0337	0.657561	3
2033	10.1465	8.68935	0.211683	3
2038	12.9086	22.392	-0.0290357	3
2054	14.7164	4.80449	0.375876	3
2055	11.4185	5.32254	-0.604341	3
2069	11.6825	9.49982	0.150463	3
2071	11.8927	24.9003	0.0433411	3
2074	13.0102	11.5427	0.137297	3
2078	14.9948	11.7012	-0.209333	3
2080	14.7746	21.053	1.23852	3
2088	10.762	22.2431	1.80732	3
2095	11.8122	7.49957	0.832532	3
2098	14.4974	22.7592	0.00480574	3
2099	11.5478	8.40245	-0.812457	3
2109	11.3322	9.22423	0.210963	3
2113	10.6715	6.26644	0.02196	3
2128	14.0966	16.0672	1.27087	3
2131	12.1766	22.7893	0.469891	3
2134	10.75	21.177	1.10015	3
2144	11.1401	0.428468	0.444529	3
2152	10.5145	9.86632	0.343379	3
2157	12.8835	9.44966	0.931467	3
2161	12.0205	17.4536	0.553494	3
2162	10.0553	24.4295	-0.180805	3
2167	13.2245	0.713696	0.687081	3
2173	14.0005	24.0054	0.639067	3
2180	10.589	5.16957	0.499918	3
2188	11.2396	24.7033	0.171828	3
2189	12.4459	21.8708	-0.308316	3
2191	14.7881	24.8084	0.145214	3
2195	12.9114	15.7159	0.561703	3
2203	12.6138	8.13874	-0.808352	3
2209	10.6908	8.86358	-0.318658	3
2210	14.225	0.949738	-0.211227	3
2212	10.0289	15.8522	0.860891	3
2217	11.9842	15.731	-0.0585143	3
2218	11.376	18.7549	0.28361	3
2220	14.4637	3.31108	-0.115968	3
2221	12.0356	4.14326	1.12908	3
2235	11.2954	15.4955	0.564803	3
2242	14.9484	17.102	0.929674	3
2243	12.1581	2.27104	0.228933	3
2247	14.5027	7.02296	0.648521	3
2249	12.4505	3.05442	-0.42715	3
2263	13.8836	2.79164	0.525569	3
2267	14.4401	18.1686	-0.0118044	3
2281	13.3807	3.21488	0.2239	3
2307	14.2652	10.7479	-0.0661419	3
2309	10.6455	16.8223	0.604145	3
2312	11.4724	10.8733	0.999992	3
2334	14.2186	6.23954	0.914616	3
2344	10.1168	16.6139	0.0814449	3
2347	14.8047	24.9893	0.832716	3
2350	11.9223	17.5636	1.26733	3
2354	13.1862	8.02683	0.149964	3
2357	12.6796	9.65428	1.77706	3
2358	14.9094	11.4077	0.237363	3
2360	14.5815	23.1527	-0.58334	3
2362	11.7926	17.7873	0.829651	3
2364	11.6914	21.2832	0.935206	3
2368	13.3739	10.1358	-0.0738615	3
2375	10.8497	4.91827	0.52693	3
2386	13.5048	5.10781	0.0660791	3
2388	10.9931	23.0107	0.462933	3
2389	12.754	21.0731	1.25206	3
2395	10.8976	5.4789	0.15651	3
2398	13.6216	12.7513	0.650136	3
2405	10.1789	20.3537	0.446908	3
2406	12.2635	5.92797	0.294781	3
2414	11.0511	14.8991	0.753662	3
2426	13.2971	20.1885	1.29438	3
2430	11.0641	13.0441	0.408291	3
2431	11.7569	11.6287	0.234131	3
2432	11.7705	23.5783	1.40266	3
2438	14.1767	10.3234	1.31816	3
2441	14.1131	3.97856	0.489036	3
2450	10.974	2.99429	-0.4673	3
2455	13.4251	8.67392	0.254551	3
2456	14.5636	3.99238	0.664031	3
2460	13.681	1.60218	-0.296369	3
2468	11.0999	9.04307	0.536856	3
2469	14.7537	8.84933	0.35888	3
2472	12.7532	24.5112	0.949622	3
2483	12.6514	3.96911	-0.0161742	3
2486	11.0124	13.5642	1.02948	3
2488	14.8718	13.9412	0.66869	3
2490	10.5068	8.01811	0.631859	3
2504	13.133	4.64529	0.343261	3
2509	13.1447	24.1258	0.85214	3
2512	10.0777	11.0768	0.836429	3
2519	14.9167	2.60965	-0.023893	3
2527	13.9559	16.2429	0.552241	3
2529	10.9959	3.99835	0.811217	3
2530	12.178	9.61336	0.654033	3
2535	11.8216	6.12923	0.120336	3
2539	12.2652	3.55127	0.577297	3
2540	14.8119	16.0349	0.25189	3
2559	11.0775	19.3702	-0.220539	3
2560	14.2076	20.4935	-0.52776	3
2578	12.5891	9.05943	-0.0803475	3
2585	10.155	14.5792	0.822578	3
2587	14.4182	14.4559	-0.328963	3
2594	13.2301	4.96655	-0.446998	3
2603	11.8501	1.74489	0.173775	3
2606	12.2406	24.1142	0.612335	3
2608	10.8057	1.25642	0.355758	3
2612	12.0135	10.9127	-0.788225	3
2614	14.8641	23.0656	0.0507635	3
2619	12.6496	6.32686	0.299985	3
2624	12.36	5.56509	-0.542999	3
2627	13.5955	19.0712	0.535597	3
2628	13.1372	6.82063	0.512932	3
2631	10.7231	13.1454	0.671005	3
2637	14.4887	20.2786	-0.305588	3
2638	12.563	0.463339	1.11142	3
2648	13.7847	1.80914	1.09836	3
2657	12.0997	19.98	0.874982	3
2659	11.7686	6.13194	0.144882	3
2664	10.3079	8.65282	0.324218	3
2682	12.6222	21.9259	0.511516	3
2684	14.9355	7.83825	-0.0775922	3
2690	10.7249	15.8587	1.44289	3
2692	13.7668	0.604978	0.258958	3
2708	11.9465	11.9632	1.31414	3
2709	13.2091	5.4285	0.0515121	3
2711	10.2549	7.52329	0.211734	3
2712	10.1389	1.96667	0.479009	3
2717	12.9396	20.2107	0.471351	3
2724	13.1259	9.01309	0.249049	3
2741	14.0165	20.3545	0.614049	3
2756	13.6037	20.4557	0.421444	3
2764	12.8548	22.9935	-0.107455	3
2774	11.8211	19.9191	0.452397	3
2775	13.487	1.19889	0.424536	3
2777	11.9028	8.19017	0.249384	3
2779	11.2304	15.9636	-0.430545	3
2780	10.5707	14.485	0.281771	3
2785	10.034	1.14832	0.270495	3
2802	14.0433	2.5223	0.0439486	3
2811	10.2054	18.7355	-0.033259	3
2812	12.3311	18.0033	0.992295	3
2813	12.6578	23.6544	0.660643	3
2815	13.8626	21.1501	0.185984	3
2818	11.4268	3.11101	0.570131	3
2822	10.3325	1.0874	0.144229	3
2826	12.4729	6.12565	0.0819455	3
2827	14.6464	14.1472	0.451062	3
2834	13.9245	10.1993	0.947165	3
2839	10.6131	12.2748	0.0884073	3
2840	13.1755	1.72435	0.0717006	3
2848	12.9037	24.9974	0.682361	3
2856	14.4968	9.76564	0.220545	3
2857	13.8048	14.4033	-0.691082	3
2858	10.6976	16.3711	0.109917	3
2859	10.1018	17.5888	0.490224	3
2861	14.863	15.6654	0.591143	3
2862	13.7098	14.2381	1.32301	3
2874	14.1259	1.98258	0.959094	3
2875	12.8217	1.82566	-0.125097	3
2877	12.0417	17.3681	0.858191	3
2886	12.3753	4.33815	0.792774	3
2888	10.4659	9.27374	0.380856	3
2898	12.1668	20.7595	-0.680578	3
2899	11.274	1.46278	0.359366	3
2900	11.5358	8.47914	0.742642	3
2903	10.262	16.2028	-0.196548	3
2905	10.1741	21.7295	-0.137958	3
2914	12.6835	9.41308	-0.238388	3
2919	10.6914	14.47	1.01075	3
2927	13.0169	0.611982	0.832344	3
2933	14.5017	5.18547	1.2773	3
2937	14.0248	16.1569	0.102527	3
2943	13.3617	9.37945	0.50433	3
2951	10.4139	10.3776	1.34419	3
2952	10.9178	10.3387	0.282273	3
2953	12.1165	5.70422	-0.410102	3
2979	13.8653	22.3076	0.435404	3
2982	14.4475	2.32279	-0.249098	3
2986	12.5849	13.7997	1.1377	3
2987	14.4888	22.4647	0.65426	3
2992	12.9238	3.77318	-0.570873	3
2993	10.0557	14.7318	-0.176467	3
2994	12.7495	0.621962	0.533659	3
2999	11.0753	6.73843	0.665619	3
3000	13.3325	14.1881	0.377442	3
3004	10.4888	23.3164	0.683636	3
3005	11.8858	23.1189	0.852986	3
3006	11.7637	23.1496	0.454941	3
3008	13.8633	17.0969	0.139522	3
3009	12.0793	2.88696	-0.0416106	3
3014	13.4486	7.74918	0.789014	3
3034	14.212	19.0275	0.0241688	3
3035	13.1651	14.5583	-0.252069	3
3037	11.6881	24.5491	0.726555	3
3039	10.3415	11.3243	0.263679	3
3043	13.4969	4.12759	0.375472	3
3044	13.9816	3.62405	0.3653	3
3046	13.3447	12.0443	0.448883	3
3064	13.4103	7.99566	0.621029	3
3072	11.4029	3.27719	0.0445204	3
3074	12.4804	20.3318	0.00749675	3
3079	10.7245	9.09955	0.0889753	3
3099	10.5787	17.086	0.688731	3
3102	14.61	19.5929	0.721294	3
3104	14.4902	16.7952	-0.500833	3
3107	12.037	13.0946	-0.141137	3
3108	14.4512	2.6142	-0.743842	3
3110	11.1668	7.40419	0.634457	3
3113	13.6793	10.6791	-0.113316	3
3116	10.7364	10.3585	0.483621	3
3120	12.1155	17.7508	0.500261	3
3129	14.5744	6.89801	1.33935	3
3130	12.0189	1.94602	0.197053	3
3138	14.1213	6.46232	0.814973	3
3139	12.5205	11.2395	0.564217	3
3140	11.9481	11.458	0.342277	3
3141	14.1556	24.5563	0.261974	3
3154	13.4596	15.7976	-0.199379	3
3157	13.7622	1.06897	-0.639061	3
3164	11.6955	22.4528	-0.171559	3
3171	14.2387	2.17961	1.09458	3
3172	12.5231	15.4575	0.821387	3
3175	12.7762	5.73515	0.560029	3
3180	10.8715	8.97178	0.68809	3
3184	14.1521	5.09667	0.149415	3
3186	10.7345	20.237	0.37919	3
3201	11.949	13.0446	0.501829	3
3204	10.0224	22.0749	0.758257	3
3207	14.9912	5.52331	1.0883	3
3210	11.1313	4.79695	-0.0154342	3
3239	12.7822	4.59807	0.358028	3
3245	11.3244	3.25507	0.0659128	3
3252	12.6303	8.89354	1.57897	3
3256	12.8095	7.52935	0.750857	3
3264	10.4638	12.4034	0.111817	3
3274	11.3815	12.9459	-0.656319	3
3300	10.5547	17.5465	0.868016	3
3309	12.4516	20.0695	0.500506	3
3310	10.2294	1.47351	-0.989121	3
3318	14.2524	5.57697	1.08321	3
3333	12.9026	9.50972	0.417	3
3337	10.3542	8.88452	1.01063	3
3339	14.656	10.2132	1.46038	3
3341	10.6544	11.2039	0.228091	3
3348	13.8489	9.65024	0.775734	3
3349	14.56	20.618	0.0626336	3
3350	14.8459	3.83499	0.405903	3
3351	13.4447	16.9951	0.0221018	3
3362	13.9086	24.1402	0.273341	3
3368	12.2112	20.4129	-0.576081	3
3386	10.6569	2.51532	0.571108	3
3392	10.7201	8.77322	1.45157	3
3396	10.2538	0.814443	0.612266	3
3397	13.5132	1.56325	0.899205	3
3401	10.6855	9.6203	0.568973	3
3415	12.8564	24.3132	-1.32881	3
3422	10.9789	11.976	0.241504	3
3428	10.9822	13.2827	-0.201542	3
3433	13.6022	8.21601	1.58036	3
3436	11.143	20.9816	0.754156	3
3451	10.841	14.0641	0.621686	3
3452	14.2568	4.39851	1.01942	3
3458	14.715	0.0899398	-0.0362906	3
3468	14.8374	5.62078	-0.496971	3
3472	12.044	18.516	1.60223	3
3476	14.6113	13.117	-0.00271858	3
3483	14.621	3.36336	0.760998	3
3489	10.4531	20.9484	0.643456	3
3490	10.5972	20.138	0.239029	3
3491	14.2355	24.0783	0.345905	3
3494	14.3309	1.19359	-0.819214	3
3498	12.0735	9.01909	1.53417	3
3502	11.49	3.52188	0.85864	3
3507	11.8679	18.2887	0.989552	3
3513	13.432	21.1316	1.13666	3
3518	11.3951	6.12906	-0.148223	3
3524	11.8845	24.3895	-0.212717	3
3527	10.9743	21.0707	-0.0358495	3
3531	12.1241	22.6999	0.352065	3
3532	10.1038	17.4622	0.766627	3
3537	14.7698	10.7877	1.0042	3
3538	14.8116	23.9492	0.687406	3
3543	12.4146	22.7735	-0.183621	3
3557	11.9959	8.76849	0.566688	3
3560	12.5165	19.3794	0.33884	3
3564	10.0938	15.5481	0.19405	3
3573	10.6247	10.6672	0.555346	3
3574	12.421	5.66955	1.45595	3
3575	12.4755	6.81613	-0.369088	3
3580	13.5194	20.1439	-0.38748	3
3584	11.447	15.6674	0.0538645	3
3594	12.2929	11.032	0.92303	3
3607	14.373	1.80019	0.556411	3
3615	13.0838	4.60255	1.12972	3
3618	10.0541	5.19808	0.708764	3
3626	14.2413	0.798783	-0.634782	3
3630	12.3262	18.8815	-1.10251	3
3632	11.811	15.5799	0.883731	3
3637	10.6476	2.30585	-0.120095	3
3640	11.1779	16.5107	-0.843878	3
3644	14.6218	10.6249	0.355653	3
3649	13.7817	23.0699	0.063483	3
3659	12.428	5.44126	0.507494	3
3670	11.47	6.40016	0.335158	3
3671	11.955	6.47015	0.985103	3
3689	13.4643	0.523914	0.0255999	3
3694	13.0223	19.5337	0.44374	3
3701	13.1783	3.61173	0.326828	3
3710	10.1394	10.2064	0.256227	3
3714	12.2309	16.1582	1.57933	3
3718	12.093	5.43827	-0.297756	3
3723	10.1175	14.4251	-0.143578	3
3728	10.0066	5.05145	0.498041	3
3729	14.6759	14.5132	0.163847	3
3731	13.7961	15.0773	-0.26218	3
3737	10.2417	6.4718	0.748111	3
3738	11.1806	6.51134	-0.176599	3
3750	13.4952	3.83862	0.0568623	3
3751	13.7725	2.64913	-0.44043	3
3762	13.2457	2.79743	0.707187	3
3768	14.5625	13.4742	0.474294	3
3770	10.2205	16.3345	0.0393909	3
3788	10.5749	19.3573	0.996741	3
3793	14.761	2.52032	-0.476724	3
3798	11.4497	6.77476	-0.520358	3
3799	13.6562	15.263	0.595197	3
3801	10.649	23.2782	0.0838212	3
3802	10.4551	22.7084	0.689414	3
3805	12.1687	3.75148	-0.0271476	3
3806	12.2646	3.89152	-0.0337283	3
3807	10.7815	5.71195	0.0696987	3
3809	12.9534	17.1541	-0.78107	3
3813	13.2148	5.03214	0.647638	3
3815	10.3747	19.986	1.10532	3
3816	14.9765	21.1685	-0.708959	3
3817	12.2901	5.50893	1.06174	3
3819	12.5176	1.56571	0.142072	3
3824	10.9537	3.12509	1.72832	3
3836	13.8665	4.29436	0.024893	3
3837	11.5643	17.2327	-0.0203989	3
3838	14.0143	10.6973	0.0293475	3
3839	14.1611	5.44679	0.159604	3
3840	13.8377	5.97294	1.38811	3
3843	12.3888	8.69765	0.586681	3
3844	10.8892	18.8522	0.844673	3
3853	10.377	11.2696	-0.081831	3
3856	10.4313	13.9976	0.602609	3
3862	10.0709	22.5731	0.0536875	3
3864	10.993	1.64838	0.721944	3
3865	11.191	4.97493	0.219688	3
3868	14.0464	11.8269	0.247235	3
3873	14.4816	5.41115	1.39591	3
3875	11.2608	13.7365	0.697344	3
3876	11.4016	13.6179	-0.588737	3
3877	14.5412	6.15294	0.235706	3
3879	14.339	21.0725	0.573561	3
3880	11.0455	10.9431	1.58319	3
3887	10.0854	3.70919	-0.257661	3
3897	12.7503	14.868	0.327287	3
3931	14.6084	11.7544	0.668074	3
3934	13.5836	10.6221	0.188309	3
3939	13.4339	15.8756	0.897777	3
3941	12.3519	20.7582	0.694925	3
3944	14.9838	2.15998	0.473896	3
3950	13.3236	20.3454	0.322416	3
3953	12.8002	5.55474	0.749326	3
3954	12.8288	6.51408	0.802926	3
3955	11.5716	9.42996	0.089307	3
3979	13.7409	19.4938	0.400446	3
3981	14.4393	9.63574	-0.586019	3
3985	13.589	15.3564	0.517854	3
3986	13.9809	14.7165	0.400575	3
3991	11.7441	4.92809	0.331094	3
3993	13.5887	14.7705	1.11968	3
3996	14.3954	2.13946	1.00157	3
4009	12.962	6.03139	1.19657	3
4015	11.1115	2.47513	1.2831	3
4018	13.6605	8.60293	-0.426866	3
4023	11.9599	14.5888	0.808593	3
4025	12.0948	17.0848	0.396841	3
4026	10.2784	24.1779	0.677767	3
4042	10.1317	14.2645	-0.0153288	3
4044	10.2596	12.7931	0.287455	3
4052	12.0059	18.0434	0.220146	3
4053	11.3886	11.9491	0.202776	3
4055	14.0745	12.7617	-0.0805963	3
4059	13.0314	2.45508	0.756545	3
4060	12.7675	22.2071	0.428424	3
4074	13.3611	12.1181	0.196683	3
4084	12.6735	1.225	0.148845	3
4085	12.1958	18.4318	-0.211984	3
4089	11.6283	3.73821	1.03355	3
4092	11.9938	1.30432	1.36309	3
4099	12.9288	5.51772	-0.143574	3
4102	13.3114	23.5578	0.377939	3
4103	10.0376	14.3659	0.411936	3
4106	11.2578	6.18915	-0.0285695	3
4109	10.9652	24.6344	0.257745	3
2	17.3861	4.10414	0.131158	4
5	19.0567	4.16699	0.0421475	4
6	17.2537	10.8754	-0.328773	4
7	18.696	3.25034	1.12236	4
8	16.7748	9.63222	0.310751	4
13	17.8068	22.3304	-0.240792	4
19	18.0504	24.401	-0.120905	4
23	15.5344	18.4271	0.559903	4
26	18.8507	6.54745	0.788021	4
32	17.8673	17.349	0.446107	4
33	16.1603	19.647	-0.14913	4
35	16.1269	21.349	0.620071	4
45	15.6215	15.5033	0.711483	4
50	18.088	7.84324	0.111406	4
70	16.1451	4.20914	0.262372	4
72	19.2893	17.3092	-0.333654	4
73	18.4417	8.65772	0.0856542	4
76	17.3365	4.50587	-0.04375	4
78	15.9948	0.633211	0.629022	4
82	19.9862	0.99767	0.85985	4
83	16.1733	19.4134	0.498947	4
84	17.4289	23.2045	-0.508167	4
92	19.974	15.3656	0.566592	4
94	15.9787	1.9854	0.0571425	4
102	15.533	9.04733	0.314526	4
108	17.0659	14.6659	-0.415174	4
119	18.0484	23.2474	0.713009	4
125	18.4502	4.17016	0.108992	4
144	16.6655	20.1693	0.484312	4
148	15.4695	14.5082	-0.561259	4
150	17.7263	22.0871	-0.0179214	4
157	19.6833	18.5676	0.488564	4
159	16.9748	4.14958	0.291492	4
175	18.0945	3.68677	1.31843	4
177	19.4633	14.7507	-0.68257	4
191	18.1203	18.6119	1.52322	4
195	17.9988	5.21941	0.758741	4
199	19.9458	7.9468	-0.0774146	4
200	17.0931	5.27019	-0.422309	4
211	16.4693	9.99435	0.311251	4
229	16.2467	2.81848	0.870148	4
235	19.7244	14.6904	0.263878	4
242	18.9231	13.1945	0.930203	4
255	16.835	9.80336	-0.0162514	4
260	17.6698	7.95889	0.837288	4
264	19.2581	4.76693	0.236399	4
268	15.6948	15.9629	1.76311	4
275	18.7201	6.26023	0.432092	4
285	16.7568	23.8291	0.756749	4
294	18.0028	24.6688	-0.528509	4
297	19.7561	20.0068	0.115165	4
299	15.2126	2.32825	0.0684386	4
301	19.7629	22.0917	0.31903	4
305	19.2665	21.5249	0.587308	4
309	18.1008	24.1368	0.281118	4
311	15.6396	1.52019	-0.482365	4
316	16.4987	1.77346	0.617662	4
317	18.2272	3.00858	0.722951	4
319	17.696	11.7474	0.0544316	4
321	16.006	5.41748	0.419084	4
326	19.0306	19.319	-0.479653	4
332	16.8775	3.06424	0.100208	4
335	18.2541	10.225	0.309548	4
337	15.8931	12.2836	1.24656	4
338	17.5923	12.6158	0.124041	4
353	16.5048	22.4807	0.345984	4
355	18.6067	2.21332	1.17548	4
358	16.2799	18.0537	0.167075	4
359	18.1395	23.0423	1.33387	4
360	19.8088	15.4525	0.610031	4
368	16.0745	5.33626	-0.222805	4
369	16.9835	3.10491	0.113673	4
373	18.3315	5.43467	0.0342431	4
378	16.583	12.0788	0.681094	4
381	17.9282	18.689	0.402441	4
386	18.6992	4.41655	0.151963	4
394	15.7881	20.1524	-0.226504	4
395	16.9722	12.0191	0.764483	4
397	18.1064	10.925	0.610629	4
399	17.0868	10.9848	0.211366	4
407	15.4884	16.8713	0.144434	4
419	17.1109	9.77887	1.44143	4
423	17.0465	2.35385	0.390141	4
424	17.1367	16.2091	-0.781913	4
427	15.6875	24.081	0.888029	4
439	17.2257	11.7789	0.361458	4
442	15.5624	8.04572	0.164871	4
451	19.3156	8.64985	0.821369	4
454	17.2476	8.55815	1.32678	4
459	17.4283	2.53802	0.414249	4
463	17.7034	0.639429	-0.433776	4
464	16.7219	15.6056	0.287526	4
470	19.3392	13.4823	-0.286104	4
472	18.0028	5.05211	-0.0857809	4
478	16.4394	21.0283	-1.37909	4
484	18.3613	18.1602	-0.200672	4
492	15.1266	20.0938	0.642487	4
500	18.7227	1.79388	0.238031	4
501	17.6544	10.5083	-0.55263	4
503	15.361	4.72069	-0.249263	4
505	16.0266	9.37617	0.947812	4
514	15.8095	1.99742	0.935888	4
515	16.274	5.9114	1.05489	4
517	19.3255	11.4608	0.767914	4
519	18.5163	15.6781	-0.139559	4
524	15.5609	16.4647	0.724213	4
525	19.1557	8.78787	0.492753	4
526	19.0838	17.253	-0.0479747	4
529	17.4308	17.106	-0.272957	4
539	17.1187	24.1336	-0.376648	4
546	19.679	22.0932	0.151763	4
547	18.1714	1.62496	0.471775	4
558	18.3762	6.58748	0.744162	4
559	17.6694	16.9113	0.440537	4
574	16.5261	7.63361	0.481007	4
575	19.7534	24.583	0.97474	4
576	16.2975	8.08761	1.42158	4
588	15.5498	13.3854	-1.19768	4
592	17.7677	12.064	0.570252	4
594	17.5217	15.204	-0.397402	4
604	18.265	12.5823	0.559888	4
613	18.6461	7.84147	-0.383984	4
622	15.0191	24.3594	0.304451	4
623	19.8757	0.819634	0.132841	4
630	18.2098	19.7772	0.586501	4
637	16.8731	21.5798	-0.0682331	4
638	17.1531	22.7051	0.0104525	4
645	19.2755	5.51324	0.829216	4
648	17.6034	1.33588	-0.0504347	4
656	15.3161	23.8518	0.134898	4
662	17.0283	1.60132	-0.0990961	4
669	18.1698	17.1617	0.232766	4
671	19.3134	11.5938	1.42024	4
679	19.6154	2.9767	-0.158265	4
689	18.213	22.4851	1.60548	4
695	16.5588	6.69924	0.179267	4
711	15.1052	17.9088	0.36133	4
720	17.6642	7.50623	0.164781	4
728	15.7549	4.97513	-0.482372	4
730	19.5849	0.851737	0.304224	4
744	15.7069	22.7821	0.169369	4
750	19.9756	3.04904	0.132872	4
762	16.0664	16.1247	0.0213395	4
766	16.243	7.54379	0.3911	4
770	18.8107	22.4432	0.882664	4
772	18.5869	17.3108	-0.155083	4
778	16.3504	11.5922	-0.527243	4
779	15.7442	20.816	-0.141108	4
800	17.1803	20.9926	0.133627	4
803	16.9712	13.8057	0.0425224	4
806	16.6336	24.0898	0.933577	4
812	19.2837	9.77543	0.148185	4
813	15.3564	5.76815	0.175754	4
815	19.383	23.0527	0.853294	4
816	16.4604	13.7002	-0.20466	4
817	18.1296	20.2359	0.410464	4
821	15.066	12.2701	0.292375	4
825	16.183	10.6178	0.522251	4
826	16.3426	0.327018	0.106417	4
838	18.6711	24.3152	0.47334	4
841	15.8212	14.5019	-0.154971	4
842	15.1568	14.4655	-0.115329	4
851	15.1619	24.0701	-0.520449	4
854	16.1805	19.866	0.0666858	4
864	16.5054	11.0966	0.87651	4
870	19.4709	21.9763	0.95457	4
871	19.2197	23.0714	-0.258253	4
873	15.0	13.8319	0.0950151	4
876	15.9008	14.4309	0.887952	4
904	18.8282	4.07488	-0.295914	4
916	18.6773	0.595976	1.25932	4
926	17.7734	0.761248	0.140663	4
927	16.264	15.2774	0.281042	4
936	16.5724	24.4102	1.10921	4
938	19.6218	23.9896	-0.463823	4
943	15.1076	1.44554	0.0100708	4
944	17.6017	12.8631	-0.103164	4
946	18.0559	23.8	0.422204	4
947	16.0342	11.9725	-0.342441	4
954	17.0344	8.40953	-0.0525991	4
958	19.7127	6.96017	-0.187674	4
962	15.3819	7.08285	0.432663	4
965	16.5119	15.6851	0.410675	4
970	17.4208	11.1981	-0.166465	4
972	15.028	9.61887	-0.0602667	4
977	18.6807	2.71031	-0.106748	4
989	19.9157	6.09781	-0.0619493	4
994	16.2183	5.80876	0.243008	4
999	19.3337	2.3067	1.08675	4
1006	19.3685	6.29241	0.0888181	4
1007	16.8578	1.43068	0.53605	4
1011	16.3038	3.12996	0.378934	4
1013	15.2611	7.87268	-0.174849	4
1020	15.6059	11.3243	0.718613	4
1022	19.7681	11.3174	0.316722	4
1024	17.3036	0.602185	0.780192	4
1030	16.7275	12.4333	0.747578	4
1034	17.7951	2.75209	0.325108	4
1040	15.2352	12.1419	-0.194324	4
1051	19.1898	21.5398	0.922144	4
1062	15.1412	13.4514	-0.377743	4
1064	16.0465	6.13149	0.353726	4
1067	15.0663	15.7214	0.739933	4
1071	19.9626	18.6309	0.962681	4
1073	15.0719	16.8835	0.74708	4
1076	18.5956	18.0334	0.627373	4
1084	17.8746	12.0357	0.529645	4
1087	19.8751	0.0262498	0.437718	4
1088	16.1034	19.7848	-0.21361	4
1089	16.4085	4.04612	0.860073	4
1090	18.4379	9.11816	0.486112	4
1096	19.8634	11.5802	0.378383	4
1106	17.7005	9.14812	1.29205	4
1118	16.0536	24.2894	0.612556	4
1121	18.3731	6.7065	0.777656	4
1127	19.4258	23.4923	1.08539	4
1133	16.0552	2.21553	-0.367501	4
1137	18.1386	2.26023	0.661431	4
1159	19.9825	18.4211	-0.393582	4
1161	17.7797	19.9822	0.615668	4
1166	16.3785	4.94256	0.0932015	4
1176	18.2198	18.8516	1.06678	4
1181	17.0751	4.57622	0.460392	4
1182	16.4763	6.06952	1.05659	4
1192	19.3785	6.93519	0.155623	4
1194	15.5653	11.59	0.0695326	4
1199	17.6126	6.15932	0.880658	4
1202	19.4374	22.683	0.244542	4
1204	19.5281	3.81178	0.293909	4
1205	16.438	20.6581	0.754893	4
1230	17.2268	7.09943	0.132373	4
1238	15.9434	17.4881	0.452023	4
1242	15.9679	7.63026	0.400573	4
1245	17.1729	0.199147	-0.145882	4
1248	18.6857	21.962	0.54554	4
1249	15.4502	22.7762	0.137528	4
1256	18.0727	10.1251	-0.541622	4
1262	18.7388	0.0471683	0.650875	4
1293	19.3086	13.4116	0.520091	4
1300	18.147	3.925	-0.140744	4
1302	16.3755	15.896	-0.629419	4
1304	19.7332	9.87108	0.713963	4
1305	16.5326	2.1953	0.0363282	4
1306	19.141	20.8847	0.68853	4
1323	16.074	13.2447	0.994624	4
1327	19.2557	23.8381	0.850799	4
1330	17.8651	4.95962	0.557232	4
1331	16.7039	6.38953	0.896284	4
1337	16.0109	12.8787	-0.255944	4
1338	17.0396	15.7243	-0.0146129	4
1344	18.1052	7.09945	-0.105494	4
1347	16.4554	3.24052	0.315048	4
1349	16.8157	22.9415	0.22236	4
1352	18.6394	20.85	2.00861	4
1356	18.2548	17.6986	0.619695	4
1362	17.7385	21.1867	0.174573	4
1364	18.4508	18.3999	1.13331	4
1371	19.9592	21.8477	-0.452777	4
1375	18.4032	6.22141	1.18182	4
1378	16.1948	2.1512	1.62453	4
1382	19.4824	17.677	0.781569	4
1392	18.8891	21.9521	0.369131	4
1397	15.3831	21.4224	-0.867963	4
1404	15.702	3.93226	0.0241265	4
1411	17.5493	8.97767	0.672542	4
1415	17.6491	23.7498	1.12556	4
1418	19.5854	12.9046	0.98067	4
1419	19.8218	6.03829	0.997377	4
1424	15.4559	1.24099	0.502292	4
1429	17.569	20.3582	0.237779	4
1430	18.7018	0.291963	-0.0302244	4
1436	16.122	18.1896	0.796291	4
1440	15.234	4.28736	0.490635	4
1444	16.6038	6.61063	-0.0553901	4
1447	18.134	3.16269	-0.0361314	4
1448	16.4113	17.1835	0.145954	4
1453	19.5075	17.3866	0.52349	4
1455	19.254	19.4203	0.133943	4
1457	19.6125	21.8866	-0.331985	4
1462	17.7034	4.71492	0.405401	4
1465	17.7842	3.56896	0.452533	4
1466	16.2171	7.35498	0.363521	4
1473	19.6117	0.947095	0.279173	4
1478	19.0213	6.54433	0.454869	4
1484	18.0201	18.928	0.870989	4
1486	17.1549	22.0567	0.222675	4
1488	18.1725	1.40719	1.3585	4
1492	16.2234	22.3691	0.659813	4
1501	18.3277	21.1886	0.510199	4
1504	16.8397	8.66561	-0.336147	4
1506	16.71	3.94406	0.991739	4
1511	17.5257	14.8389	-0.367868	4
1519	19.8405	1.94015	1.24116	4
1526	15.8526	11.2084	0.41924	4
1533	19.2608	9.90124	0.854737	4
1538	17.5293	1.6394	1.08702	4
1540	18.2598	4.47009	0.0666644	4
1541	17.9721	13.2125	0.0289824	4
1562	18.1093	16.422	-0.304776	4
1563	16.8348	15.4837	-0.168057	4
1564	16.4729	1.34764	-0.152905	4
1568	17.5968	19.8292	0.0824982	4
1572	15.4775	24.518	1.06935	4
1575	15.2693	3.94621	-0.0251423	4
1576	18.0998	12.3424	-0.341706	4
1579	17.3227	18.0158	0.792788	4
1580	16.196	16.0445	1.41651	4
1581	17.6333	22.0018	0.788652	4
1584	19.8091	4.03871	-0.0591115	4
1585	17.1203	7.30237	1.0431	4
1586	17.6919	14.3456	-0.137313	4
1591	16.4276	24.945	-0.576228	4
1594	18.9293	24.029	0.769288	4
1611	17.5714	16.8933	0.359523	4
1612	18.1113	17.9268	-0.247473	4
1622	16.9757	24.1736	0.754576	4
1630	17.2475	11.2215	0.456815	4
1634	17.4379	20.7192	1.22705	4
1639	15.3647	13.7901	0.402411	4
1644	19.3448	16.2607	0.339836	4
1648	17.1914	1.32924	0.914201	4
1669	15.4368	9.19198	-0.391417	4
1670	16.1566	24.88	0.221494	4
1672	19.7462	11.468	-0.495114	4
1674	19.6358	15.6782	0.578223	4
1676	19.6893	4.8683	-0.0528818	4
1682	16.666	6.00046	1.09066	4
1687	15.2319	18.7534	0.868103	4
1692	18.4829	10.5992	0.221359	4
1694	18.5589	9.06041	0.48661	4
1700	18.9336	3.23087	0.909664	4
1701	18.5597	6.07503	0.34155	4
1705	19.4682	2.60678	0.753436	4
1708	16.4146	23.0398	0.427004	4
1711	16.0698	4.95591	-0.0869531	4
1719	15.8762	24.3811	0.69543	4
1723	15.2875	0.20358	-0.243568	4
1730	19.5407	18.3323	0.124676	4
1739	19.9571	17.11	1.06892	4
1740	15.1863	2.39448	1.50519	4
1743	18.232	2.32575	0.958278	4
1744	19.3567	8.12109	0.591309	4
1746	16.0153	21.8042	0.106723	4
1747	17.3641	13.9518	-0.0873679	4
1753	19.9416	24.2222	0.357526	4
1757	15.106	22.4853	-0.119689	4
1759	18.5011	10.7703	0.189853	4
1760	15.5868	19.6836	0.315782	4
1781	16.2446	14.8596	0.888788	4
1782	17.432	3.88013	1.75672	4
1799	17.0612	12.0291	1.38305	4
1804	15.9186	14.8331	0.685552	4
1805	17.9627	6.89054	0.493602	4
1810	15.5735	3.29824	0.102224	4
1825	19.4111	18.2226	0.343752	4
1826	19.7774	18.8427	1.08082	4
1827	19.2845	9.35942	0.160324	4
1833	18.7166	10.0163	0.100543	4
1834	18.0697	18.151	1.39728	4
1858	18.9627	23.1492	0.0963929	4
1861	16.5632	6.99591	0.470224	4
1871	17.3402	0.259993	0.683072	4
1872	17.1607	22.2907	0.831425	4
1873	19.7201	15.6265	0.256257	4
1875	17.9649	14.7153	0.369005	4
1883	17.469	19.092	0.514126	4
1884	17.2244	13.2357	1.45938	4
1885	18.1316	12.0726	0.656045	4
1888	16.4143	17.8724	0.177883	4
1895	19.8363	2.81866	0.813222	4
1899	18.3405	17.4678	0.902495	4
1904	18.6384	13.9411	1.15621	4
1906	19.2246	16.9591	0.558587	4
1910	16.9189	0.0251572	0.359657	4
1926	15.7071	19.5039	-0.169063	4
1936	15.7635	13.5992	0.434105	4
1946	17.1961	23.4855	0.533327	4
1961	17.5732	16.5757	1.31921	4
1962	19.9451	19.1164	-0.764804	4
1967	16.4963	22.1059	0.270975	4
1974	15.2437	9.00671	0.309742	4
1987	19.4129	16.0745	1.19304	4
1999	17.6185	11.5199	0.399072	4
2001	17.0388	8.96522	0.721291	4
2002	16.213	11.1503	0.76057	4
2010	16.9057	5.78158	0.569402	4
2018	19.9599	16.4762	0.121175	4
2026	18.6207	23.6491	1.80275	4
2032	18.2285	13.4284	0.465285	4
2036	16.0539	7.85744	-0.393809	4
2044	15.4148	11.998	0.368124	4
2056	18.5777	12.3415	-1.03998	4
2059	18.6212	22.1035	-0.339397	4
2064	15.7438	23.1079	0.548029	4
2066	18.0988	14.6298	0.710542	4
2067	17.7084	6.83967	1.40744	4
2068	17.9829	7.78186	0.492757	4
2070	19.2034	24.427	0.397208	4
2082	19.8672	23.9541	0.413138	4
2083	17.84	20.5311	-0.5031	4
2091	16.3494	7.04325	-0.378356	4
2092	16.293	5.88005	0.94184	4
2094	19.5846	20.5875	0.706006	4
2100	19.2298	14.6093	-0.0522533	4
2105	17.3232	8.58933	0.362194	4
2112	16.0649	24.3041	1.15649	4
2118	15.0288	24.5468	-0.3033	4
2119	15.8296	23.8173	0.20107	4
2124	16.9204	11.366	0.464053	4
2136	15.8191	11.2677	0.0346641	4
2138	19.4841	16.7586	0.330811	4
2149	15.8992	20.4591	0.303507	4
2155	19.1998	12.6612	-0.139744	4
2160	17.4154	5.7715	0.702233	4
2169	19.5845	3.42086	1.37716	4
2193	19.3064	1.86897	-0.089492	4
2194	19.0737	1.41663	-0.281482	4
2211	17.9093	3.48236	1.31392	4
2222	18.4449	23.6656	0.471917	4
2228	19.5501	9.3068	-0.375539	4
2232	18.623	19.4138	0.573855	4
2240	18.8719	24.267	0.0360492	4
2246	19.3821	0.872516	0.0471476	4
2251	18.3753	12.4818	0.0749384	4
2252	18.6745	22.047	0.387832	4
2255	16.7851	4.4255	0.390083	4
2256	18.5097	4.81285	-0.0849459	4
2260	17.6024	5.35055	0.371711	4
2269	15.1636	20.2718	0.285239	4
2279	15.431	14.9665	0.676339	4
2288	18.7435	4.99188	0.0144258	4
2292	15.253	9.91856	1.50956	4
2294	16.4891	24.5174	0.573156	4
2297	18.9497	15.6264	0.192894	4
2301	16.458	18.7786	0.148966	4
2315	16.4796	0.632522	1.07433	4
2321	15.8457	21.0731	0.991383	4
2330	15.5658	10.4318	-0.23159	4
2331	15.5573	10.0775	0.723493	4
2332	18.6921	7.03405	0.22183	4
2346	15.3155	22.5636	0.320856	4
2348	16.8106	9.11206	0.705601	4
2349	15.599	9.90228	0.0797476	4
2356	15.5863	22.3813	1.26252	4
2361	19.7341	9.69378	-0.626198	4
2372	15.9137	17.1749	0.146035	4
2373	16.159	12.8201	0.586484	4
2382	16.8214	10.1357	1.13866	4
2383	16.6065	15.3433	-0.39814	4
2384	19.1506	22.6736	-0.0372048	4
2391	17.746	15.2246	0.281121	4
2392	16.4391	3.07468	0.603668	4
2403	16.6674	2.41039	0.27366	4
2407	18.9689	8.19137	0.284977	4
2420	17.4037	5.90635	0.539924	4
2424	16.463	19.5023	-0.0855017	4
2425	16.3652	19.1407	0.479467	4
2428	16.9332	19.9778	0.461709	4
2434	18.4189	16.9424	-1.08089	4
2440	16.8637	11.827	0.240647	4
2445	18.9428	10.6549	-0.17774	4
2447	15.8781	0.485292	0.74596	4
2451	18.8281	15.6758	1.46376	4
2477	15.308	23.1333	-0.142995	4
2484	19.8857	18.3037	0.130522	4
2489	19.5581	5.05852	0.362907	4
2494	19.0821	13.1086	1.02766	4
2495	16.8814	24.5306	0.0581017	4
2496	17.2751	1.88684	0.83675	4
2497	16.7211	5.36102	0.602653	4
2502	15.8753	7.13022	0.758994	4
2506	19.7015	14.1576	0.878295	4
2513	15.8037	7.37952	0.0482046	4
2516	19.9698	13.5635	0.162298	4
2523	17.9642	1.12624	-0.143141	4
2528	18.2818	20.5409	0.212384	4
2531	19.0469	18.5859	0.340445	4
2534	18.546	19.7461	0.821324	4
2538	17.7205	24.8358	0.0752491	4
2550	16.6552	19.5869	0.38345	4
2551	16.8988	6.6186	0.348726	4
2563	19.1561	7.14479	0.755342	4
2564	17.1013	17.1191	-0.291307	4
2567	15.8645	14.0674	-0.454153	4
2569	18.8299	21.7543	-0.403016	4
2572	17.5496	14.3459	0.294259	4
2577	18.0986	3.17767	0.39481	4
2580	17.9676	23.8577	1.24129	4
2581	15.0912	19.7325	0.473897	4
2586	16.4844	4.67016	0.68215	4
2592	15.1913	14.2692	0.495391	4
2601	17.8989	11.9557	0.461322	4
2617	15.3055	22.2141	0.480506	4
2618	17.3012	12.8797	1.41294	4
2620	18.5512	7.36849	0.171041	4
2621	19.3818	16.9641	0.731468	4
2626	16.331	23.5015	0.692663	4
2640	15.4273	22.6691	1.5975	4
2642	15.5977	7.07521	0.0714348	4
2643	19.6369	1.59484	0.0822224	4
2652	17.9667	21.2034	1.00859	4
2660	19.7063	22.3792	0.569823	4
2661	15.9974	4.7174	0.446926	4
2662	15.0255	4.17612	0.516117	4
2678	16.0146	4.61103	-0.102199	4
2686	18.5494	12.1631	0.0190069	4
2694	18.0997	12.1681	-0.505296	4
2695	17.3754	11.7347	0.582649	4
2697	18.4358	20.6546	-0.620453	4
2699	15.0902	11.7746	-0.0534719	4
2704	15.4491	21.0463	0.84673	4
2705	15.9357	21.5258	0.634995	4
2707	19.0505	22.0754	0.369266	4
2714	15.0186	22.737	1.1979	4
2716	16.9147	7.76652	0.758359	4
2720	17.0708	8.46461	0.119974	4
2723	15.69	24.8237	-1.02775	4
2725	18.3197	2.37337	0.552581	4
2726	18.7888	2.24128	1.2821	4
2727	19.2494	3.14182	0.814193	4
2730	18.4408	21.2109	-0.296409	4
2735	18.9881	17.5268	0.555757	4
2739	17.4231	18.9155	0.135392	4
2747	19.8983	4.35107	-0.193892	4
2748	16.9963	23.7816	0.733322	4
2753	16.4017	5.05813	0.261407	4
2757	18.1788	6.23975	0.434204	4
2759	16.559	10.7678	1.06714	4
2763	18.1403	19.3501	1.41252	4
2782	18.0969	1.30718	0.822904	4
2783	18.6069	21.445	1.33916	4
2784	15.7311	18.7894	-0.861391	4
2792	19.8945	23.4427	0.592282	4
2797	18.6735	11.4717	-0.576788	4
2798	18.3148	10.6737	0.811407	4
2801	15.2222	4.99816	0.287985	4
2804	17.7358	20.7873	0.207236	4
2805	17.6641	2.1365	0.323134	4
2806	16.1169	17.842	0.982643	4
2814	16.888	12.6815	0.981955	4
2817	19.0259	12.6462	0.394972	4
2828	15.5092	20.9309	0.459703	4
2831	17.1618	23.9465	0.508659	4
2843	19.5814	16.8819	-0.220786	4
2846	15.8357	22.2695	-0.327637	4
2850	18.0753	0.380672	1.1282	4
2851	18.3052	0.547947	1.19861	4
2852	17.041	8.92195	0.359051	4
2854	19.448	15.6252	0.41983	4
2867	19.9754	21.5277	1.23579	4
2872	16.4221	13.5961	0.835378	4
2873	19.5391	21.7564	0.637854	4
2876	15.0411	21.8247	0.127754	4
2887	18.4767	23.1049	1.23311	4
2901	15.0909	6.04016	-0.0285204	4
2904	18.1215	11.4142	0.125746	4
2909	15.4266	9.46819	0.648313	4
2910	15.6692	7.33191	-0.201651	4
2915	18.3223	16.0929	0.784571	4
2920	15.8049	22.7707	1.05349	4
2929	18.5733	6.21332	0.160092	4
2931	18.2723	4.94967	0.381213	4
2934	16.5346	4.33306	1.15536	4
2935	17.5587	1.53791	-0.445815	4
2936	19.4464	7.1901	0.08032	4
2946	15.0593	22.1568	-0.270167	4
2956	17.3429	14.6248	0.653974	4
2959	16.0193	12.8656	-0.319067	4
2963	15.7435	15.2216	0.0505868	4
2964	16.4768	16.3599	0.790821	4
2965	19.7708	3.32331	0.00919418	4
2967	19.7233	2.41107	-0.590514	4
2974	18.3181	14.1729	-0.507944	4
2977	17.7239	13.3196	0.128232	4
2978	16.3448	6.13014	0.246106	4
2988	19.8355	17.5162	0.931787	4
2996	15.7834	8.04724	0.538453	4
3007	16.1366	6.25842	-0.389617	4
3011	17.6574	20.5055	0.877296	4
3016	15.022	0.74755	-0.278866	4
3021	17.3129	5.85587	0.856823	4
3027	16.3271	21.4491	0.0777011	4
3030	19.7814	17.0522	0.263887	4
3031	19.8692	16.3046	-0.331242	4
3032	18.5873	24.7714	0.770363	4
3042	19.0544	21.7828	-0.053851	4
3045	18.6812	16.2673	-0.0291996	4
3050	18.7992	18.8364	0.744968	4
3052	16.5186	21.2483	1.41915	4
3056	17.2899	5.85008	0.932623	4
3057	18.5727	10.3998	0.361949	4
3065	17.5495	10.6673	0.169999	4
3070	15.8444	6.91283	0.859787	4
3096	17.8884	12.8255	0.373909	4
3098	15.4082	20.6285	0.311672	4
3101	17.2617	20.0116	0.5838	4
3103	18.0601	10.1357	-0.660132	4
3121	16.5378	2.19395	1.17776	4
3124	16.6947	11.5068	0.458112	4
3125	16.4043	11.4728	0.458681	4
3131	18.8018	21.6982	0.809657	4
3143	19.3946	21.1791	0.752064	4
3144	19.681	3.30679	0.28031	4
3149	19.3793	12.4971	0.911281	4
3152	19.8669	22.7589	0.238603	4
3155	18.3805	16.1001	-0.442284	4
3156	19.0456	2.42314	0.143708	4
3161	16.0413	14.7365	0.527533	4
3162	16.216	14.2373	0.473957	4
3167	18.5433	9.71123	0.00866913	4
3173	15.0123	14.1796	0.931901	4
3176	19.6726	17.1888	-0.720355	4
3183	15.4821	14.1817	0.12889	4
3185	16.5381	17.6019	0.454968	4
3191	17.6656	2.98207	1.11084	4
3194	18.3231	7.3196	-0.476666	4
3195	15.4559	24.3787	0.861623	4
3196	17.854	21.9137	-0.0134522	4
3197	19.6843	5.33823	1.17807	4
3200	17.7447	3.00849	0.836947	4
3202	19.3346	18.2192	-0.0740338	4
3211	16.075	2.65497	0.470511	4
3216	15.5567	4.24987	-0.224545	4
3223	15.9384	4.04253	0.125543	4
3235	16.8166	17.7935	0.654759	4
3238	19.0559	1.98923	0.339079	4
3260	17.7055	2.90636	0.200842	4
3263	19.3362	1.44072	1.57948	4
3266	19.8846	16.4793	0.38905	4
3270	19.2806	22.2512	0.00304418	4
3277	16.7265	12.0352	0.451338	4
3280	16.4802	22.1614	0.241296	4
3287	15.0222	3.38845	0.267534	4
3293	16.9061	22.7884	0.848816	4
3294	16.7905	23.0533	0.11484	4
3302	19.5485	18.0501	0.269561	4
3305	16.4627	24.8661	-0.42695	4
3306	16.3788	11.9531	-0.295056	4
3314	17.7402	12.0657	-0.851316	4
3316	16.1337	15.4439	0.125871	4
3317	15.1684	15.468	0.0235269	4
3330	17.0355	10.7021	0.225195	4
3338	17.2508	13.1774	1.12138	4
3342	17.9773	11.2694	1.11203	4
3352	18.4715	23.8436	0.626118	4
3354	18.4997	1.44255	-0.352397	4
3369	17.7714	10.865	0.322903	4
3370	17.8011	11.7174	-0.19752	4
3377	17.771	23.7386	0.10058	4
3378	17.9907	23.81	-0.23103	4
3383	16.1069	7.53364	0.956602	4
3384	16.065	18.246	0.913957	4
3387	18.4594	22.3337	0.45294	4
3393	18.3782	1.09868	0.106087	4
3398	15.7923	7.02675	0.647577	4
3399	15.4215	19.4583	-0.839035	4
3403	17.9314	21.7339	0.4836	4
3411	15.638	23.0604	-0.618562	4
3412	16.4954	2.26173	0.61811	4
3413	19.7506	9.15425	-0.344535	4
3414	19.0359	8.8295	0.196705	4
3425	15.2785	18.0066	0.789875	4
3431	15.7984	16.8272	0.76948	4
3432	15.0777	24.7647	0.5566	4
3435	17.3211	23.5275	0.0751199	4
3437	18.8247	15.6045	0.107545	4
3441	18.6743	2.62125	0.313612	4
3444	15.8622	24.0581	-0.33953	4
3446	18.845	22.3686	0.510596	4
3450	15.4959	8.78882	0.789654	4
3457	18.6966	16.5839	0.399858	4
3463	16.0933	19.35	-0.514583	4
3479	16.0731	14.4255	0.414173	4
3482	17.2413	11.9885	0.163917	4
3486	17.0603	18.2245	1.31799	4
3496	15.925	11.9482	0.463104	4
3497	15.7337	11.1913	0.224037	4
3509	18.0238	20.1675	-0.303711	4
3510	16.816	9.11962	-0.608471	4
3511	18.9965	2.38661	0.0784834	4
3512	16.1458	4.77039	-0.486342	4
3514	18.0549	18.5557	0.46032	4
3519	19.3077	6.70959	0.328848	4
3525	19.2095	0.796918	0.173234	4
3526	19.8148	8.55793	0.205169	4
3534	15.2362	1.99852	-0.343394	4
3547	19.7499	8.74814	1.04364	4
3550	17.7018	2.1285	0.741212	4
3551	16.3993	5.6618	-0.0481598	4
3559	16.3794	20.3404	0.141812	4
3561	19.9235	1.66936	-0.700177	4
3563	17.3091	21.2284	-0.167514	4
3570	19.0697	10.945	1.40083	4
3571	19.0324	10.0851	0.12367	4
3581	17.92	8.55498	1.21445	4
3586	15.3127	18.3092	0.270753	4
3587	18.4676	17.9931	0.195534	4
3589	18.5152	24.0086	0.409692	4
3593	18.0059	15.0009	0.431193	4
3598	19.1989	13.8164	-0.116008	4
3599	19.2348	10.63	-0.4725	4
3600	17.3066	17.6289	-0.0313405	4
3601	19.8208	2.23058	0.406253	4
3608	16.2284	17.841	0.164972	4
3609	17.7824	18.2373	0.239488	4
3612	16.5477	14.9841	0.890642	4
3613	16.7882	15.4179	0.421563	4
3620	18.0808	18.9342	-0.405505	4
3621	18.2557	21.1816	0.786488	4
3622	17.982	20.5307	0.365296	4
3624	15.2041	9.6192	0.346177	4
3631	18.3354	3.01037	-0.5655	4
3633	19.1969	3.97331	0.374961	4
3654	19.2582	23.0851	0.241946	4
3655	17.4331	19.6416	-0.159616	4
3658	18.0769	4.33082	0.705978	4
3662	16.9666	24.1208	-0.52595	4
3665	18.739	11.0636	0.483506	4
3687	18.0076	14.4313	0.0260067	4
3688	19.7126	3.22483	-0.291244	4
3691	18.4087	20.8731	0.0310265	4
3697	15.5845	11.6532	0.857963	4
3698	17.9809	20.4913	0.297563	4
3704	18.2651	0.30507	0.775894	4
3713	15.5985	1.09363	0.769481	4
3719	15.0152	16.7988	0.281456	4
3724	18.1363	2.05964	0.341436	4
3725	16.7165	10.7674	0.536352	4
3730	15.1524	2.56573	0.376535	4
3733	16.5181	12.2728	0.991869	4
3735	18.1434	1.02242	0.327325	4
3739	18.6019	3.66241	0.794943	4
3741	19.8964	4.23777	1.03155	4
3742	15.251	5.13795	0.299961	4
3748	15.98	11.6158	0.268348	4
3757	15.3059	5.88726	0.32286	4
3758	15.4381	24.1275	1.0235	4
3761	15.2127	10.3836	-0.122919	4
3766	18.6661	8.38518	-0.556194	4
3782	17.1732	12.8923	0.409951	4
3783	16.9972	12.5865	0.516306	4
3787	16.0624	24.3032	1.78506	4
3789	18.7189	8.43242	1.25366	4
3797	18.0297	22.5429	0.227176	4
3800	19.2885	15.5615	-0.812231	4
3825	18.021	13.618	1.18503	4
3826	17.7434	15.8842	0.523379	4
3863	16.1803	14.5982	0.742169	4
3866	15.5833	15.7098	0.100565	4
3872	15.1804	5.72828	0.104892	4
3885	16.9508	23.5517	-0.443789	4
3886	17.8282	10.8411	0.402153	4
3893	18.392	24.2862	0.909375	4
3894	15.7988	13.9656	0.276569	4
3899	17.0204	4.06386	-0.41386	4
3910	19.2777	9.43693	0.461155	4
3911	19.328	0.698772	-0.232415	4
3925	16.5548	19.0318	0.177242	4
3935	18.868	24.806	0.0359129	4
3945	15.4283	2.52353	-0.0311505	4
3951	15.5602	18.9936	0.686398	4
3952	15.7239	19.1833	0.350482	4
3957	17.2602	11.5621	0.0229819	4
3968	16.8427	3.82673	0.202015	4
3969	18.1625	9.65161	-0.139253	4
3982	16.2199	13.0786	0.266516	4
3992	16.1156	6.06624	0.731073	4
3994	18.4792	17.6337	0.897087	4
3995	17.9592	21.9879	1.47751	4
3997	15.0975	15.0924	0.471924	4
4003	19.5114	15.9053	0.50553	4
4014	19.6667	13.7427	1.05245	4
4016	15.5208	0.271341	0.541144	4
4022	16.6328	5.56651	1.71255	4
4030	17.5825	20.8687	1.02333	4
4040	16.3792	22.2424	0.0165466	4
4041	15.4576	18.298	0.713566	4
4048	16.5384	21.1332	0.859929	4
4067	19.3146	1.91502	-0.369794	4
4079	16.9006	6.95726	0.629469	4
4080	19.5913	22.3003	0.694041	4
4082	18.1552	23.6384	0.613913	4
4083	15.9464	24.8922	-0.666727	4
4093	16.1496	10.2458	-0.164472	4
4095	16.9938	4.62379	0.806883	4
4100	18.6514	16.1987	1.03179	4
1	23.8171	15.6304	-0.304224	5
9	24.1866	11.1593	0.601851	5
12	20.7867	10.1604	0.277151	5
15	21.839	20.4572	0.192899	5
20	23.3297	15.7898	0.574442	5
46	24.9233	18.1242	0.758524	5
57	23.5988	15.8311	0.447865	5
58	21.0685	7.7294	-0.000194521	5
62	24.7442	1.09071	0.305728	5
64	23.5785	22.357	1.09148	5
68	21.6846	0.726734	0.143073	5
69	20.0894	16.2769	0.333964	5
88	21.5543	10.1982	0.780575	5
96	23.6602	20.0281	-0.594894	5
101	21.8239	20.1325	0.130391	5
106	24.5023	16.3267	0.510233	5
112	21.7809	1.51098	0.998533	5
117	22.0904	5.32404	0.757462	5
118	21.5248	13.5606	0.652613	5
120	20.793	1.26912	0.692487	5
121	23.158	19.5305	-0.372323	5
129	23.7797	18.7473	-0.290384	5
134	22.7858	19.1926	-0.125358	5
140	23.1443	23.6202	-0.786656	5
154	24.9498	0.885584	-0.16183	5
155	20.6619	6.11743	1.01595	5
164	20.5949	24.5732	0.104863	5
169	23.4731	6.74604	0.529086	5
170	23.0115	6.33092	1.28575	5
172	23.0859	12.2991	0.286923	5
174	20.3125	5.75074	0.757749	5
178	20.8285	13.1709	-0.187398	5
182	21.8	18.6395	0.593091	5
188	20.8072	15.7982	0.717566	5
194	22.7529	10.983	-0.134843	5
198	24.0808	6.46231	0.782599	5
203	21.5325	6.27738	0.287255	5
208	23.0805	10.8283	0.582574	5
214	22.1969	12.7037	-0.654381	5
217	20.4973	8.78498	0.294858	5
221	24.3602	21.8185	0.460823	5
224	20.444	3.98569	-0.155168	5
226	22.3604	16.2979	0.427424	5
228	23.3914	9.80162	1.11643	5
237	21.5159	22.2167	-0.549429	5
238	24.3574	21.4808	1.18265	5
240	22.1371	1.78694	0.194314	5
243	21.4675	13.4129	-0.106031	5
250	23.2272	20.3175	0.730698	5
253	21.3555	15.5237	1.62023	5
256	24.0321	24.4251	0.360127	5
258	22.7273	14.0388	1.40107	5
261	23.2802	19.8101	0.851457	5
263	24.9138	16.5998	1.1849	5
266	23.9808	8.91117	0.906195	5
269	21.5474	14.3498	1.18456	5
281	22.6479	11.3495	0.348051	5
286	20.5178	1.25676	0.999298	5
290	20.3351	7.42408	0.156507	5
296	20.0525	15.3613	1.13433	5
298	22.6626	3.01567	1.01291	5
302	21.679	16.1275	-0.22677	5
307	22.8603	14.3219	-0.345741	5
308	24.2238	17.9317	0.504653	5
322	20.6937	14.05	0.104287	5
329	20.3182	7.52556	0.899962	5
334	23.9933	9.21004	0.507681	5
336	24.1718	17.6531	0.143386	5
341	20.9025	20.041	0.27421	5
347	21.7627	5.31625	0.145899	5
361	20.4139	13.7379	-0.870862	5
362	24.244	16.8222	-0.0678709	5
376	21.9474	0.436237	0.497992	5
387	20.6265	22.4428	0.625796	5
391	22.5769	5.41465	0.400844	5
392	22.551	4.33967	1.00603	5
393	23.0889	24.8123	0.858117	5
403	24.7988	11.2441	0.919851	5
408	21.5996	12.1937	0.153436	5
409	22.5039	11.5246	-0.184243	5
413	22.3936	14.344	1.15608	5
415	22.2553	4.18534	0.328612	5
429	23.2611	10.9793	0.844309	5
431	22.7337	0.123722	0.929673	5
444	23.6069	2.30043	0.476972	5
447	23.392	14.5531	-0.31681	5
448	23.6452	10.7397	0.489614	5
452	22.1175	21.718	1.03154	5
453	24.7708	18.43	0.243605	5
455	21.4546	11.1541	1.25887	5
467	21.7449	23.0463	0.598442	5
469	23.5223	2.83935	0.710574	5
479	20.5444	18.9295	0.387786	5
488	23.8919	4.03017	0.396575	5
491	22.2662	14.5888	0.382677	5
494	23.384	4.14188	0.2844	5
496	22.5989	21.2466	0.23233	5
507	20.3651	11.3797	-0.246062	5
513	21.9371	5.35054	1.02122	5
516	23.3973	18.4297	0.801587	5
520	22.2853	1.37748	0.313514	5
522	24.2985	19.038	-0.0160258	5
527	24.4884	6.6892	-0.670966	5
528	20.7592	9.54783	0.270589	5
532	22.0178	15.5531	-0.177773	5
534	23.4611	18.1264	0.0388283	5
535	22.3928	13.2688	0.00657836	5
537	23.7333	9.64408	-0.403918	5
541	20.2724	12.4657	0.253025	5
545	21.1777	4.26498	-0.459593	5
550	22.3776	9.56709	1.14749	5
551	23.2087	12.2155	0.465464	5
557	22.6727	11.8369	1.2723	5
563	20.7367	22.9787	0.76872	5
566	23.0721	4.47461	-0.118159	5
573	20.1451	21.9457	0.587841	5
580	24.5233	16.2351	1.09993	5
585	24.5604	22.1831	0.0269567	5
586	24.14	23.8716	1.1658	5
587	24.5669	13.4786	0.628248	5
598	21.7789	19.8129	0.287514	5
601	22.905	3.7901	-0.341425	5
609	24.3949	14.2425	1.64504	5
627	21.6735	20.6412	1.40626	5
628	23.3021	11.4018	0.278292	5
636	23.841	19.0516	0.265624	5
640	23.695	9.74857	-0.105008	5
644	24.1901	5.57703	0.884493	5
650	24.5616	10.3371	-0.133944	5
652	21.0487	24.5813	0.280437	5
653	23.9387	18.2525	0.444135	5
654	22.2324	18.0835	0.483827	5
655	21.633	7.13207	0.619478	5
657	21.8847	7.64284	0.183627	5
660	21.1125	6.61037	0.32767	5
670	21.2522	18.2421	-0.225374	5
673	24.8466	1.71279	1.88777	5
675	22.2731	9.81739	0.505737	5
677	21.0159	9.91108	0.862321	5
686	21.2159	24.5577	0.509957	5
688	23.3042	7.98554	0.147919	5
691	22.3649	15.5785	0.130379	5
696	24.8143	14.1837	-0.0375777	5
705	21.3584	8.57711	1.02404	5
712	24.8377	5.91028	0.0876433	5
715	23.5096	7.02866	0.336076	5
717	21.0723	2.67793	1.32957	5
719	24.3466	22.5688	1.0452	5
723	22.7847	9.27881	1.06214	5
727	24.3422	10.3515	0.304823	5
729	21.5134	1.29681	-0.522885	5
732	23.4374	17.3146	0.314753	5
737	22.484	11.9907	-0.0186131	5
752	20.5162	16.6806	0.272921	5
756	22.6003	7.25483	-0.448673	5
765	22.0249	7.91399	-0.440764	5
767	22.5579	4.88674	0.985804	5
773	23.4417	24.4314	0.914065	5
775	22.486	2.21627	0.67695	5
776	22.7634	18.6125	-0.234347	5
781	21.8995	4.64676	0.571489	5
782	24.6169	10.8522	0.799403	5
785	24.1082	17.4438	0.320066	5
789	20.4247	20.0141	0.836779	5
790	23.192	8.8841	1.02571	5
801	24.136	0.978651	0.329276	5
827	23.1085	16.6765	0.432408	5
835	22.0107	11.4641	0.676675	5
844	21.9841	2.2448	0.608647	5
857	20.2429	5.12726	1.21979	5
878	23.5992	12.9101	-0.10791	5
880	24.7333	11.1508	0.754089	5
881	24.4747	3.53881	0.50626	5
882	21.563	7.17139	0.226797	5
884	20.2274	23.312	0.997587	5
888	20.8168	8.61643	0.566267	5
891	22.3266	10.7829	0.769006	5
894	22.5827	4.08093	-0.144847	5
896	21.0536	21.0756	-0.0282341	5
898	24.4661	4.27142	0.0210825	5
903	21.1259	6.38188	-0.0175878	5
905	20.7795	0.6271	0.638497	5
907	22.0887	17.5695	-0.140622	5
908	22.7801	5.11254	0.128505	5
912	22.3098	3.70279	-0.267427	5
914	23.1452	7.41959	0.671484	5
921	20.646	1.67371	1.23159	5
923	20.6708	11.7662	0.114397	5
925	23.037	3.4091	0.195438	5
928	21.1757	23.0856	0.701294	5
933	22.0589	8.2009	0.36967	5
941	20.9342	17.5582	0.549316	5
948	20.2046	17.8729	0.309834	5
949	22.5511	20.2759	0.277319	5
955	22.1501	8.70065	0.296241	5
960	23.8631	3.39543	-0.420627	5
968	21.706	11.8991	-0.481129	5
969	24.5896	19.6699	0.308146	5
975	22.9649	3.71499	1.64525	5
976	22.3856	2.84128	-0.271278	5
980	21.1812	4.28633	0.0252312	5
984	22.2058	22.1043	0.947434	5
992	23.1194	18.1866	0.70479	5
995	20.9733	7.5796	-0.149768	5
1002	23.9027	16.4115	0.00829296	5
1005	22.54	22.4381	0.0172465	5
1008	20.4692	7.66857	0.620082	5
1012	21.9357	12.3786	1.13331	5
1015	24.9356	2.94134	0.540326	5
1018	21.6194	15.1898	0.703828	5
1019	21.4127	13.8149	0.587711	5
1025	20.1801	23.6887	0.187853	5
1028	23.9307	13.9049	-0.0124892	5
1033	20.8143	4.02621	0.114	5
1035	20.928	16.0044	0.229621	5
1041	22.7669	16.1289	0.603995	5
1047	22.2967	12.3889	1.31266	5
1049	20.5533	3.01247	-0.315516	5
1052	20.7097	24.0079	0.508995	5
1055	20.8684	21.4069	1.05575	5
1056	23.4372	0.377635	0.461502	5
1057	24.7072	0.662912	0.71282	5
1077	22.3239	2.54552	0.388937	5
1080	24.9333	20.9069	-0.815747	5
1092	20.7583	15.2303	0.986282	5
1111	24.5121	13.5313	-0.168294	5
1113	21.5497	12.5431	0.750451	5
1120	23.5545	24.2683	0.315918	5
1123	20.9691	23.7481	0.689998	5
1124	21.4748	0.983816	0.514699	5
1125	21.287	21.0058	0.153381	5
1126	22.8338	9.68163	-0.489924	5
1131	24.9131	15.7961	-0.525475	5
1134	20.0951	1.98613	0.7141	5
1138	22.2068	0.538211	0.634194	5
1146	21.6826	16.9859	-0.326474	5
1154	20.568	20.2179	0.588662	5
1155	21.7177	1.21498	0.446438	5
1160	20.4021	20.9033	0.225891	5
1163	20.5685	15.8409	-0.231305	5
1167	22.4454	8.67345	0.298442	5
1173	20.7267	10.5449	0.00623296	5
1183	22.384	3.55886	0.298798	5
1190	20.5901	20.3743	0.445444	5
1200	24.5607	4.31294	0.389933	5
1201	20.6497	5.30823	-0.376351	5
1206	22.7847	7.78581	-0.483037	5
1211	23.2839	0.400545	-0.109433	5
1213	22.2836	12.7069	0.207794	5
1215	21.2405	21.2318	0.981365	5
1217	24.6375	22.3086	0.538512	5
1221	20.125	20.4277	0.363406	5
1224	22.7813	9.29063	0.58802	5
1229	22.2704	20.3851	0.754114	5
1234	22.6687	12.774	0.263388	5
1240	20.4416	16.2904	1.01106	5
1241	23.5792	4.78258	-0.0531976	5
1244	23.7714	4.41468	-0.0110178	5
1251	20.0597	5.83873	0.636368	5
1259	22.1636	5.12104	0.849277	5
1260	21.9538	20.0981	0.33908	5
1261	21.1261	3.42325	1.01611	5
1265	22.8426	7.40382	0.135617	5
1267	22.3766	18.6641	0.589878	5
1268	21.7212	19.512	0.595791	5
1276	21.9923	4.9453	-0.150554	5
1280	24.9724	24.4421	-0.137258	5
1290	20.1163	5.42676	0.984898	5
1309	20.4264	24.2919	1.01953	5
1310	21.2626	11.8609	0.68915	5
1313	23.061	14.5694	1.32765	5
1316	21.043	12.6256	0.224679	5
1318	24.1843	11.583	0.280461	5
1324	20.6347	5.90402	0.358303	5
1339	23.687	21.0222	-0.0893852	5
1346	23.9961	21.805	0.099594	5
1353	23.9203	13.2098	0.387051	5
1354	24.5012	21.6694	0.709105	5
1358	24.9972	9.85979	1.06524	5
1361	24.2135	19.4978	0.20721	5
1369	21.2405	19.2337	0.793686	5
1370	20.1486	1.71564	0.640304	5
1387	21.5802	24.6245	0.144015	5
1394	21.7315	8.38859	1.09123	5
1403	21.2297	10.883	0.542532	5
1405	22.1447	13.5128	1.08706	5
1422	24.2041	12.9979	0.495066	5
1428	21.3374	17.5667	0.128236	5
1431	21.6674	19.3384	-0.428891	5
1432	23.6153	0.740928	-0.473316	5
1434	21.8678	3.1006	0.310939	5
1437	22.7368	7.84356	0.122085	5
1451	24.1896	17.1244	0.35553	5
1461	23.4471	14.1672	0.842223	5
1464	23.5194	22.9102	-0.353733	5
1468	21.2846	3.56269	0.496995	5
1469	23.2254	6.78751	0.602462	5
1471	24.1609	3.7546	0.552416	5
1472	20.021	19.9341	1.00253	5
1476	20.7733	1.75223	0.300735	5
1477	21.6927	12.7683	0.21831	5
1479	22.0247	1.10844	0.667306	5
1481	22.0206	15.6828	1.14474	5
1489	22.1723	22.4275	-1.49233	5
1491	21.0061	19.3162	0.772569	5
1499	20.8497	21.1891	0.414921	5
1516	21.6115	4.5731	0.54746	5
1517	20.554	23.9529	1.86101	5
1521	21.2829	8.97429	0.189472	5
1534	22.9358	7.84095	1.24842	5
1542	24.9238	6.19705	-0.0333481	5
1546	20.7376	14.5174	0.42978	5
1547	20.8136	15.3084	-0.177884	5
1550	22.6335	13.3233	-0.133256	5
1552	22.4826	10.9238	0.514865	5
1556	22.663	17.8039	0.384065	5
1557	20.5969	13.5358	0.489959	5
1559	24.502	1.54786	-0.156875	5
1560	24.2739	18.2565	0.537852	5
1569	24.4131	13.2133	-0.137442	5
1583	20.9149	4.67116	0.22698	5
1592	23.3198	20.9874	-0.248479	5
1596	21.4027	3.02742	-0.163603	5
1625	23.7993	17.9257	-0.193217	5
1637	21.8893	21.1633	0.0659728	5
1646	22.1376	24.9224	0.893584	5
1650	20.6633	7.75816	0.290836	5
1658	22.4091	13.9588	0.744536	5
1662	22.8947	8.6776	0.0887287	5
1664	20.0102	18.9539	-0.114101	5
1666	23.0981	21.3973	-0.381304	5
1675	20.9461	13.2162	0.244735	5
1677	22.0553	10.2601	0.550326	5
1678	24.7468	22.8236	0.0560812	5
1680	23.3348	0.47906	-0.14363	5
1695	22.7145	0.420655	-0.0272714	5
1703	21.6168	2.93551	0.533374	5
1712	23.4982	5.04329	0.279038	5
1713	21.0422	14.8179	1.21298	5
1716	22.9966	19.4629	0.794431	5
1725	21.7071	19.2039	0.135728	5
1728	24.4607	11.469	0.381023	5
1729	24.4358	8.68225	1.03688	5
1742	23.9022	8.91468	0.717184	5
1755	20.4624	10.345	1.0095	5
1758	24.5855	6.55289	0.0260456	5
1762	22.044	19.9308	0.499982	5
1765	21.0296	21.1779	0.476913	5
1774	20.7658	12.4092	-0.0831183	5
1780	20.562	2.35091	0.332701	5
1789	24.4716	5.78965	0.689439	5
1790	24.7664	2.16359	-0.687962	5
1791	20.3478	10.0267	-0.0604263	5
1792	23.1166	8.53397	0.649319	5
1793	24.0574	9.37084	0.0213482	5
1796	21.7544	9.72673	0.481146	5
1802	21.0303	24.4287	1.65116	5
1806	22.3126	10.9155	0.441585	5
1815	20.8782	21.3489	0.5485	5
1817	22.9107	15.0819	0.378322	5
1818	22.6227	0.652456	1.70113	5
1828	21.4856	12.1656	-0.310643	5
1829	22.7547	16.6874	0.346405	5
1830	23.6751	22.0088	0.0699747	5
1831	24.1201	21.1066	-0.463615	5
1837	24.713	14.5563	-0.866136	5
1840	23.8945	13.5141	-0.0033281	5
1841	21.6245	16.7527	0.32136	5
1845	20.7463	0.0282164	0.438816	5
1847	22.6526	9.88297	0.924479	5
1850	24.0012	1.24758	1.29862	5
1853	20.0531	7.42026	-0.0295342	5
1856	21.892	22.88	0.480996	5
1859	24.7215	4.55872	1.81192	5
1862	24.9822	24.4006	0.717303	5
1863	23.8449	24.9914	0.481974	5
1865	20.8601	23.2023	0.111824	5
1870	22.8001	24.6455	0.647127	5
1880	23.46	21.9299	0.472532	5
1881	23.2527	24.8582	0.745991	5
1892	23.0311	22.2339	0.203018	5
1896	22.8398	13.7118	0.566579	5
1897	22.6139	13.5756	0.734704	5
1900	22.0368	2.8509	0.236985	5
1915	21.9429	3.36669	0.11158	5
1918	23.5501	18.9974	0.625346	5
1919	21.754	8.70143	0.0414188	5
1925	23.7094	20.4452	0.218067	5
1927	21.6978	5.56969	0.295552	5
1928	21.4634	11.4024	0.28259	5
1932	22.2957	3.10188	0.696326	5
1941	24.0885	12.6304	0.518875	5
1951	22.8673	1.99272	0.556439	5
1952	23.0322	20.0931	0.57518	5
1955	22.4092	19.5879	0.0446298	5
1960	20.6459	16.8791	0.973022	5
1965	20.635	11.2014	0.837327	5
1969	24.3144	23.4357	0.263397	5
1981	24.8999	6.31341	0.130915	5
1983	21.7774	2.24295	2.01025	5
1984	24.9761	4.54419	-0.300974	5
1986	21.4893	20.434	0.661363	5
1994	24.8648	7.41653	-0.0289335	5
1998	22.5183	12.7066	0.0176579	5
2000	23.2712	11.1235	0.24273	5
2011	20.2599	10.7698	0.00848749	5
2012	22.7783	1.71877	0.546248	5
2013	24.1341	2.1256	0.432635	5
2015	21.1533	7.4896	-0.175245	5
2027	23.713	10.2531	0.889936	5
2029	22.646	21.9536	0.0188076	5
2030	24.4413	1.0104	0.468754	5
2031	22.9579	16.8018	0.183608	5
2040	20.7888	14.1345	0.368892	5
2043	22.4384	23.9251	-0.253554	5
2048	21.6984	12.9086	-0.276663	5
2050	21.2963	17.9502	-0.199637	5
2058	22.6768	16.8449	0.890471	5
2062	21.6188	9.67661	-0.39111	5
2063	21.2507	9.35198	0.519602	5
2065	21.7316	9.99764	0.486991	5
2076	24.8862	15.5262	0.377456	5
2079	20.1225	3.79491	0.430607	5
2086	21.1592	15.1683	0.500407	5
2087	21.0484	8.12319	0.648056	5
2096	22.0831	23.5465	-0.288306	5
2101	22.6051	1.21292	0.884574	5
2102	22.6449	21.164	-0.18316	5
2103	23.6725	14.4532	0.387659	5
2104	24.495	14.7902	0.396704	5
2108	24.4067	5.00435	0.0625119	5
2120	23.405	19.4866	0.63464	5
2122	24.4345	5.38032	-0.250569	5
2123	20.4884	22.6513	-0.855525	5
2125	22.4824	10.1138	0.665641	5
2130	20.529	10.7417	-0.103844	5
2132	23.2885	10.5237	0.0993932	5
2137	23.311	10.5288	-0.126803	5
2139	21.4958	12.1053	0.764795	5
2140	22.3203	19.7623	0.141929	5
2148	24.9419	24.4429	0.216796	5
2151	23.5323	2.89346	-0.0668768	5
2156	21.0472	6.57946	-0.157982	5
2163	23.6192	7.06556	-0.0859282	5
2174	21.546	10.1057	0.30548	5
2179	20.9199	0.493738	0.272975	5
2182	20.4349	19.3904	0.809423	5
2185	22.3216	3.67603	1.00524	5
2186	22.7653	3.02894	-0.0151684	5
2198	21.5459	4.73494	0.150642	5
2206	22.3592	21.2388	0.444218	5
2207	24.6382	24.6597	0.0675415	5
2214	21.106	15.3751	0.130478	5
2219	22.2765	11.6802	-0.217654	5
2223	22.6025	1.08086	1.17759	5
2230	20.0904	19.0229	0.570384	5
2231	22.1317	11.7975	0.709531	5
2234	24.4389	15.6382	1.10619	5
2261	22.6366	2.26526	0.693978	5
2266	22.0142	14.9105	0.224886	5
2270	24.1672	1.67453	0.107163	5
2271	23.6153	1.46995	0.307906	5
2274	22.7529	6.55146	0.465831	5
2278	23.0512	4.84858	1.5673	5
2287	20.7147	22.571	0.685634	5
2293	24.8485	19.5282	-0.777048	5
2300	23.4045	9.77537	0.531047	5
2302	22.8945	20.4414	0.654297	5
2303	21.7209	4.84145	-0.196861	5
2306	20.2907	21.7429	1.45012	5
2308	20.2074	5.28792	0.776686	5
2322	22.5148	14.5777	0.445658	5
2323	20.7055	15.5358	0.403495	5
2325	22.307	7.36353	0.641496	5
2326	24.2936	8.48769	0.400241	5
2328	21.3203	19.048	0.752441	5
2329	24.6127	10.4103	0.826883	5
2333	22.9019	8.96501	0.00482327	5
2338	23.6503	12.1627	0.364007	5
2339	20.2182	18.236	0.692388	5
2341	22.1653	23.9211	1.81603	5
2343	24.7196	14.4421	0.710151	5
2352	23.2644	10.1579	-0.277248	5
2366	22.8467	13.2741	0.373868	5
2369	20.0676	12.9852	-0.546668	5
2378	21.1465	18.4889	0.281159	5
2379	24.9786	22.3092	0.282102	5
2380	21.6312	18.1175	0.815091	5
2394	23.7575	13.6208	0.630353	5
2396	20.2008	20.588	0.329516	5
2400	20.8771	12.6031	0.270192	5
2412	21.8436	9.09631	-0.30129	5
2415	20.9235	14.6156	-0.153058	5
2416	24.2392	21.6407	0.799295	5
2427	20.33	8.56494	0.480739	5
2433	23.6289	10.1951	0.731775	5
2435	21.1949	4.36132	0.855511	5
2439	24.3423	6.95552	-0.956115	5
2442	23.2206	1.79086	0.751326	5
2453	24.2146	12.4919	0.165559	5
2459	20.7372	1.25482	0.534491	5
2461	23.9435	14.9543	-0.137981	5
2464	23.5206	1.21249	0.577622	5
2466	22.3403	11.141	0.322513	5
2467	24.8024	20.2569	0.509877	5
2476	21.4476	7.64417	0.249109	5
2485	24.2935	24.7748	-0.195235	5
2487	21.304	22.3508	1.08573	5
2491	22.6101	24.3584	-0.0378264	5
2493	20.874	13.15	0.317749	5
2499	22.3168	21.686	0.235588	5
2500	24.2159	10.3308	-0.379234	5
2501	23.68	9.60696	0.937132	5
2503	22.4207	9.17698	0.52588	5
2505	22.743	21.5868	-0.362192	5
2511	24.6734	18.882	1.02546	5
2514	21.5305	1.306	0.214142	5
2515	22.7939	7.77318	1.09413	5
2532	23.9721	15.1749	-1.39619	5
2533	23.0519	18.0699	0.918744	5
2543	22.1482	19.7949	1.23081	5
2546	23.953	4.39471	0.467016	5
2553	20.4543	9.43469	-0.177978	5
2565	23.1634	18.8388	0.539642	5
2573	22.7445	13.2097	1.04073	5
2576	23.1559	6.57067	0.168325	5
2591	21.5637	21.7323	0.164643	5
2597	22.1951	10.618	-0.191104	5
2602	20.021	24.1081	0.728215	5
2604	23.9554	22.4903	0.237812	5
2605	23.9123	22.2337	0.320667	5
2607	22.5852	8.72965	0.644924	5
2610	20.7446	0.677855	0.54182	5
2611	20.2321	0.486931	0.492743	5
2622	22.2963	12.778	-0.593382	5
2625	24.5377	18.2545	-0.0745103	5
2629	20.5729	0.490753	-0.284991	5
2632	24.9403	8.43436	0.753721	5
2633	23.8643	4.24626	0.935368	5
2636	20.8616	0.116981	0.110681	5
2645	21.2582	22.3316	0.383253	5
2649	21.2897	1.63019	0.387194	5
2650	24.6174	11.8455	0.635328	5
2651	24.2381	1.56266	0.560326	5
2665	22.101	14.0035	0.761566	5
2666	23.7309	13.9125	0.926624	5
2667	23.5142	11.6805	1.2192	5
2668	23.1424	0.675004	0.623311	5
2679	23.2986	6.61769	0.408807	5
2680	20.9495	16.8429	0.832848	5
2693	23.8644	7.65533	0.71569	5
2696	21.639	18.5223	0.945888	5
2698	24.693	18.2828	0.274672	5
2706	21.8202	16.2847	-0.155634	5
2710	21.1624	23.8239	0.290563	5
2715	20.8099	2.5264	0.643917	5
2722	24.1193	4.80634	0.66873	5
2731	21.5031	20.7379	0.95533	5
2736	22.8278	5.7419	0.689913	5
2740	21.9284	8.29199	0.255904	5
2743	23.0642	2.17258	0.545507	5
2749	23.8386	3.45904	0.36783	5
2750	24.31	5.18315	-0.245605	5
2751	23.6808	4.27472	0.00113589	5
2752	24.3725	24.0057	0.417497	5
2754	23.6088	7.9372	0.501468	5
2762	22.8616	8.59254	-0.26509	5
2767	22.4827	19.3312	-0.0522084	5
2771	24.0026	22.4875	-0.205485	5
2772	23.0174	24.5161	1.28321	5
2773	24.3227	14.8017	0.361381	5
2786	22.377	13.2562	-0.150518	5
2795	22.4216	20.4294	0.531989	5
2796	22.9341	21.551	0.158128	5
2809	23.697	21.4082	0.118745	5
2816	20.261	16.6031	0.521332	5
2820	21.9521	12.6084	0.323425	5
2821	22.805	14.1724	0.392826	5
2824	23.4417	11.6068	0.465257	5
2833	23.9189	18.0574	-0.354958	5
2836	22.5598	18.6049	-0.107891	5
2837	21.7984	6.82559	0.332125	5
2838	24.4302	22.6712	0.565572	5
2844	22.2639	1.11541	0.120236	5
2845	22.2414	17.191	0.734249	5
2853	22.1807	14.7862	-0.118332	5
2863	21.5537	2.51323	0.781952	5
2868	22.9489	11.7908	-0.643618	5
2878	21.5385	5.38784	-0.407114	5
2879	24.5022	21.2129	0.518848	5
2880	23.7366	21.4886	0.648651	5
2881	22.0086	23.4792	0.684625	5
2882	22.339	23.2474	0.298191	5
2884	23.66	4.71273	1.00969	5
2902	20.8726	23.2985	0.216102	5
2911	23.8374	8.52502	0.13597	5
2917	24.6905	3.13581	0.602923	5
2918	24.7316	2.66813	-0.0519913	5
2922	23.3977	4.84549	-0.0152524	5
2938	24.1262	5.50182	0.560879	5
2940	24.4513	19.8056	1.0271	5
2942	20.5768	9.66445	0.970887	5
2945	20.5764	18.3963	1.082	5
2948	21.3658	3.96062	0.957123	5
2949	24.5766	11.5577	0.41502	5
2950	23.0095	16.511	1.28722	5
2955	21.7214	8.23809	0.143011	5
2958	22.8028	3.32395	1.13827	5
2961	22.4723	22.0052	-0.113917	5
2962	22.8387	12.7902	0.380951	5
2966	23.1918	1.66787	-0.267878	5
2976	24.9516	11.8945	-0.12115	5
2980	23.8476	11.1501	0.297158	5
2981	23.7088	22.6119	-0.350679	5
2983	21.9357	2.58155	-0.276486	5
2985	23.8321	12.4287	0.455537	5
2989	23.5795	6.58507	0.404247	5
2997	21.8693	10.1167	0.459092	5
3001	20.2504	6.07918	0.379203	5
3002	24.2463	3.76799	-0.797842	5
3010	23.295	9.24857	0.946066	5
3013	23.5252	8.66161	1.19655	5
3018	23.2663	6.06245	0.340654	5
3036	21.4202	17.2942	0.358275	5
3054	20.33	22.7073	0.585962	5
3067	24.2122	23.8901	-0.0691153	5
3068	23.482	15.6445	0.122214	5
3071	22.3206	18.172	0.335633	5
3082	23.4347	6.43324	0.200676	5
3086	20.5164	22.751	0.188055	5
3111	21.8651	10.9048	-0.552548	5
3112	24.6483	21.0112	-0.384167	5
3127	23.4317	24.7121	0.376705	5
3128	21.5271	17.0395	0.651378	5
3132	20.6885	18.1017	-0.264074	5
3134	20.3168	1.81715	0.398087	5
3136	22.4638	22.9232	0.497481	5
3142	21.7419	7.59233	1.23796	5
3145	23.347	24.2279	-0.438455	5
3153	23.8609	2.82854	-0.0316777	5
3170	24.8394	10.1227	1.08929	5
3177	23.2389	22.4971	0.37247	5
3178	23.4695	23.4562	1.08803	5
3189	20.1934	5.32824	0.462262	5
3205	21.7745	3.93588	0.327329	5
3206	22.3826	3.687	0.867375	5
3214	22.6161	1.59224	0.0456679	5
3215	23.3233	1.1685	1.00353	5
3219	22.7451	0.179203	1.70904	5
3221	22.4403	24.4629	0.180248	5
3222	22.7283	19.3338	-0.350454	5
3233	23.3208	2.95611	-0.605839	5
3234	23.7519	0.848624	0.489874	5
3236	23.2584	5.70263	0.870642	5
3237	24.0122	2.27544	0.766517	5
3243	21.4052	22.0071	1.53761	5
3255	22.5697	4.17094	0.0427472	5
3265	22.1589	5.53959	0.448832	5
3283	20.5645	20.0856	1.25954	5
3284	20.6774	20.877	0.50558	5
3289	21.7366	12.124	-0.118632	5
3290	21.8041	12.4544	0.328342	5
3299	21.0428	13.3614	0.199607	5
3303	21.4092	12.5366	-0.370227	5
3304	23.4489	17.1927	-0.537731	5
3307	22.9864	19.6785	-0.355746	5
3308	21.0239	1.76145	0.29869	5
3313	24.2429	13.9245	0.378746	5
3315	24.0004	1.77072	1.11839	5
3322	22.4704	3.88634	1.13431	5
3323	23.831	0.834859	-0.750383	5
3326	24.6796	4.6218	-0.0539497	5
3332	24.0257	19.7363	0.3875	5
3334	21.6955	16.187	0.980176	5
3340	20.6478	14.7629	1.23282	5
3343	24.6903	21.7192	-1.24081	5
3344	24.4153	21.825	0.022347	5
3356	20.2266	24.1537	0.270556	5
3361	21.2934	23.2158	0.389298	5
3365	23.3673	21.4442	1.07801	5
3371	23.521	0.121684	0.689505	5
3380	24.3532	15.9987	0.231333	5
3385	22.9638	6.19474	0.707031	5
3390	22.7721	0.249696	0.430423	5
3391	23.769	0.128958	0.31124	5
3394	21.7992	16.4007	-0.557198	5
3400	20.8846	18.5898	0.882612	5
3404	22.3201	4.97142	0.345897	5
3410	24.2559	18.1893	1.03424	5
3418	22.1261	9.77307	-0.878283	5
3420	22.1864	10.6966	0.824438	5
3421	23.6148	19.7819	0.79851	5
3453	21.8388	20.7532	0.730369	5
3454	20.124	13.4788	0.159865	5
3462	24.5791	22.9396	1.65399	5
3464	22.7862	14.1889	0.678773	5
3475	22.1319	2.04321	0.837008	5
3480	22.1166	12.2387	0.203979	5
3481	23.5559	12.3329	0.504953	5
3488	20.7459	11.1296	-0.502253	5
3492	22.5546	13.8783	0.863561	5
3493	21.118	2.68723	0.797539	5
3500	24.4585	8.3933	0.546241	5
3506	22.6133	21.217	0.709378	5
3523	23.6166	20.4081	-0.277667	5
3528	21.6492	1.88898	0.129236	5
3530	24.8787	17.9994	0.919318	5
3541	23.8023	5.53191	-0.352696	5
3554	21.5968	20.2576	0.0242243	5
3558	20.4722	9.95446	0.704747	5
3569	20.4958	3.82002	0.35649	5
3572	22.8815	11.7223	-0.100676	5
3590	21.0773	15.2778	0.698128	5
3592	22.7265	16.1803	1.06895	5
3605	23.6141	1.10256	1.61071	5
3611	24.5158	22.637	0.326656	5
3614	22.4377	20.7682	0.231344	5
3616	20.7762	18.6157	1.12831	5
3617	22.8892	4.34088	0.885249	5
3619	24.191	21.4853	-0.148267	5
3627	23.0894	12.1291	0.494934	5
3628	23.1873	9.85086	0.160691	5
3635	22.8395	23.0267	-0.0386737	5
3636	22.8099	23.4646	0.873569	5
3639	23.7942	23.3377	0.410555	5
3641	24.6685	4.5027	-0.456017	5
3656	20.0229	21.5567	0.289998	5
3663	23.1712	8.1363	-0.204131	5
3667	20.912	23.0447	0.498074	5
3668	20.5439	2.37858	-0.105242	5
3669	23.438	23.3996	0.851449	5
3674	20.1036	18.4952	0.0995433	5
3676	21.1405	9.04128	1.50052	5
3679	20.9887	22.0478	-0.477331	5
3680	21.5339	21.8985	-0.372183	5
3681	21.7882	2.28101	0.356358	5
3682	21.7462	1.74868	-0.116567	5
3683	21.5194	2.84551	0.168485	5
3685	22.9103	17.3402	-0.695676	5
3686	24.4596	11.6064	0.606366	5
3690	20.4203	17.0223	0.938724	5
3696	24.4776	14.6784	1.09891	5
3703	21.9901	12.7334	-0.134173	5
3707	22.8069	4.34451	-0.0877918	5
3709	23.6563	4.80692	-0.710535	5
3722	23.2886	0.00257964	0.649799	5
3727	20.6056	21.1042	0.787016	5
3734	20.2302	7.48993	-0.265423	5
3736	24.6143	0.0330773	0.656337	5
3745	23.9043	7.93779	0.250693	5
3755	20.1615	8.10435	-0.0646818	5
3763	21.1973	9.84027	0.128627	5
3765	23.395	6.66501	-0.400444	5
3772	21.175	5.93234	0.594803	5
3777	20.6524	18.5798	1.07439	5
3780	20.0691	5.68395	0.306174	5
3781	20.3945	5.54379	0.847529	5
3785	23.2664	17.9111	0.31145	5
3794	21.0432	23.0513	-0.308144	5
3795	21.3581	23.4424	0.5502	5
3808	24.3292	3.04277	1.04868	5
3818	24.9307	4.51007	1.06313	5
3820	20.9692	8.35292	0.392659	5
3821	20.744	20.6103	0.209169	5
3822	23.2162	24.6524	0.346606	5
3823	23.6901	23.9372	1.32607	5
3827	24.3759	19.6167	0.566128	5
3834	20.4273	0.774155	1.45405	5
3842	22.0311	16.5327	0.791228	5
3850	20.4573	4.91297	0.379401	5
3854	23.4342	9.29277	0.704027	5
3867	22.3842	17.8165	0.584612	5
3870	22.7653	17.1825	1.35499	5
3881	22.0056	4.95833	1.39067	5
3889	24.5926	4.38258	0.303665	5
3890	24.9297	4.53882	0.0960085	5
3892	22.885	7.36848	-0.00669491	5
3904	20.909	14.8068	-1.15208	5
3908	24.2893	5.83438	0.57017	5
3912	20.845	1.293	-0.493944	5
3913	20.316	19.8979	0.343596	5
3914	22.9288	8.17068	-0.294526	5
3923	22.3092	13.5127	0.476014	5
3926	23.2057	8.52022	0.701926	5
3927	23.3904	8.39063	-0.494002	5
3928	22.5804	3.48507	0.720553	5
3929	20.3006	20.2397	0.777507	5
3930	23.5247	16.1181	0.186046	5
3937	23.0843	19.1521	-0.211463	5
3938	20.4752	10.5078	0.179584	5
3940	20.3119	16.6862	0.387419	5
3961	21.3086	16.0017	0.766727	5
3963	21.1875	22.2832	1.08357	5
3964	20.7348	22.4631	0.029495	5
3970	24.6785	21.6706	0.169139	5
3971	24.7003	17.8097	0.41748	5
3980	23.2428	12.5138	1.0058	5
4000	22.3965	1.14231	1.50926	5
4001	20.266	3.25508	0.321579	5
4005	22.3467	12.6675	0.281313	5
4008	21.5431	12.4258	-0.155099	5
4019	21.0785	24.6304	0.616529	5
4021	23.2418	4.20922	0.872294	5
4024	24.2903	11.8999	1.2301	5
4027	20.4308	8.95972	0.717915	5
4029	22.8902	18.187	1.49118	5
4031	22.3587	14.4356	-0.874114	5
4034	24.7755	18.8948	0.0065363	5
4038	24.3075	8.34226	0.988855	5
4039	21.3972	5.22354	1.03477	5
4043	22.9152	19.0667	0.719793	5
4047	24.8336	11.7415	-0.14006	5
4051	22.9817	24.3103	0.998812	5
4071	23.6873	5.02646	1.04193	5
4072	20.526	19.9006	-0.283546	5
4075	23.4704	22.3754	0.824221	5
4077	23.9037	3.85544	0.738928	5
4104	20.6532	21.9407	0.0671666	5
4105	21.5594	3.23503	-0.04263	5
4107	20.1417	4.74897	0.360191	5
