Ind_ID	PosInd_X	PosInd_Y	MutEffect	Region

8	4.68923	3.3356	0.660325	1
9	2.90974	24.5542	0.567618	1
15	2.20331	9.49235	0.570791	1
32	4.08533	19.5972	0.825295	1
55	4.97338	6.52539	-0.45354	1
56	0.184204	22.9625	0.149828	1
59	1.04682	2.73793	-0.483819	1
65	4.22079	17.7616	0.645821	1
67	1.04345	19.3204	0.305617	1
80	3.27364	0.139375	0.435866	1
82	4.17327	13.5759	0.335937	1
83	2.90066	5.09744	-0.161095	1
85	3.93464	23.6251	0.261798	1
86	2.33428	2.19166	-0.348164	1
93	4.60024	15.8215	0.0319453	1
96	2.03257	6.35968	0.696032	1
100	0.293124	7.18656	0.733856	1
101	1.05257	21.7524	1.34224	1
102	3.7601	11.755	0.249763	1
107	2.5315	3.72859	0.169948	1
114	2.40063	11.1339	-0.328383	1
124	2.95166	24.3576	0.148848	1
126	0.508179	4.74177	0.528796	1
127	1.27502	20.0073	0.286037	1
131	4.91621	8.72822	1.18648	1
133	3.14676	11.9327	0.925849	1
134	3.88048	24.897	-0.197291	1
138	1.72117	5.11285	-0.0498502	1
141	2.59098	11.2114	0.774731	1
148	4.6082	16.0326	0.179043	1
151	0.399357	0.896608	-0.269855	1
152	1.99434	1.30127	0.952063	1
157	4.70292	2.66114	0.644254	1
165	0.267534	11.1449	-0.246456	1
170	1.77149	6.9707	0.747293	1
181	2.62677	23.9483	0.454025	1
188	3.66545	11.0616	1.04316	1
190	0.780211	6.56562	-0.183565	1
194	0.91211	17.9864	0.727379	1
201	4.65258	16.6479	0.471445	1
205	4.90154	20.0488	-0.0528037	1
207	0.0137499	17.3363	-0.0804323	1
208	4.92192	15.4622	0.404434	1
215	3.3529	23.2376	0.0673697	1
231	1.25901	13.2328	0.689851	1
240	4.99422	2.09098	1.28588	1
243	3.81637	5.08861	-0.102192	1
250	3.25534	4.27521	-0.0887621	1
255	1.08921	23.477	0.430855	1
262	1.88884	23.1768	0.867365	1
263	4.09818	7.063	0.162679	1
267	2.43985	21.3764	0.996988	1
268	2.60105	7.27095	0.771783	1
269	4.83078	17.612	0.32045	1
274	3.16966	4.00945	-0.373564	1
275	4.84314	3.47871	0.449415	1
276	3.12527	1.57988	0.201472	1
279	1.80461	21.5616	-0.0488752	1
313	3.38436	16.8569	-0.0765407	1
314	0.17675	12.2166	0.00191049	1
315	3.28725	16.2306	-0.0618044	1
316	3.77966	9.27439	0.170619	1
318	1.0623	13.4525	0.312951	1
319	2.75104	13.5735	-0.376463	1
324	2.64713	12.8973	-0.0178303	1
325	0.737763	7.22124	-0.411518	1
341	2.03971	16.0536	0.61658	1
342	4.04341	14.3199	0.545064	1
351	3.92281	13.9339	1.0892	1
355	2.56504	3.29449	0.99731	1
363	1.81419	17.0146	0.616026	1
372	2.32235	9.00098	0.00959785	1
380	2.74569	9.86765	0.572577	1
385	2.89967	24.1653	0.440698	1
388	2.38504	0.889865	0.478365	1
390	3.22951	5.69873	-0.248826	1
394	1.82861	4.63381	1.32046	1
396	0.577238	8.62156	0.566929	1
397	2.2425	2.772	-0.0786176	1
398	0.641531	22.5615	0.246173	1
400	4.45206	8.64801	0.112052	1
404	4.51717	12.167	0.634522	1
409	1.77316	23.9737	1.01121	1
415	3.31067	13.637	-0.63943	1
416	3.46478	10.529	-0.194293	1
427	2.59219	18.0118	-0.265994	1
441	1.52754	16.0665	0.910479	1
442	2.17163	3.91007	0.90641	1
444	2.11814	5.44277	0.589703	1
452	3.0853	20.0165	0.153709	1
457	1.40617	2.91117	-0.304841	1
459	2.60672	3.48076	0.173579	1
460	3.86216	15.1108	0.0505064	1
464	2.37055	22.1309	1.01442	1
471	3.04704	10.7261	0.501586	1
474	3.94396	19.2596	0.777702	1
479	3.88867	5.24733	0.347393	1
486	1.51355	9.04124	1.44974	1
489	3.24972	14.2142	-0.191786	1
493	4.12504	12.3893	1.21315	1
494	1.7081	1.50706	-0.0421667	1
496	1.93784	14.4129	0.606786	1
501	3.64422	11.362	-0.0442705	1
506	3.12295	8.48703	-0.338119	1
508	0.63195	3.28728	0.618128	1
530	4.08526	9.49984	0.791156	1
532	2.07438	4.47118	0.107733	1
536	4.90891	18.2539	0.519245	1
537	3.2096	3.44487	0.0789908	1
543	4.1153	4.69812	0.654507	1
550	1.35752	5.0294	0.332591	1
551	0.177688	20.1882	0.0413754	1
555	4.86382	16.1486	-0.0499184	1
560	1.64512	10.28	0.820267	1
566	2.73164	15.9751	0.470414	1
570	0.360009	24.6741	0.122294	1
573	2.8846	9.37187	-0.226749	1
603	4.81623	16.3061	0.575498	1
607	2.78928	23.6885	-0.208584	1
610	1.56378	11.0573	-0.486441	1
612	3.20544	14.7003	0.851958	1
613	0.0876533	23.8792	0.322897	1
615	2.17383	19.0588	-0.0249905	1
633	3.17705	0.121515	-0.00147627	1
647	2.0737	3.99149	-0.0802833	1
648	3.04445	6.94391	-0.0267867	1
651	3.86915	13.5749	0.623829	1
657	0.0756619	9.7098	0.591394	1
665	0.992729	5.79072	0.0707169	1
673	3.38129	3.56365	1.16247	1
675	1.40958	6.67973	-0.0242935	1
677	0.515451	10.4406	0.769484	1
683	4.77663	24.3387	0.267567	1
684	4.42111	13.0849	1.10535	1
696	1.24345	12.1744	0.629785	1
699	4.73457	19.8079	0.259613	1
700	2.76499	6.25605	1.10354	1
706	0.572732	15.537	0.528195	1
707	0.86186	6.13199	0.39325	1
710	3.9394	15.8968	1.26117	1
715	2.39518	20.4215	0.158183	1
719	1.61962	16.1344	0.654666	1
727	1.87064	0.596068	0.287672	1
732	4.85993	22.8697	-0.140519	1
735	0.31876	23.2482	-0.0201614	1
746	0.141642	1.56481	0.899697	1
748	1.96554	6.39896	0.641649	1
751	3.46587	24.806	0.7391	1
752	3.89977	10.8011	0.653883	1
755	1.77288	0.556683	-0.308257	1
769	0.0267133	12.8264	-0.102286	1
771	0.761006	11.3213	0.424685	1
775	4.17445	16.677	0.242528	1
777	4.78295	11.0108	0.274179	1
779	4.48958	9.10349	0.0109102	1
787	4.15559	24.5077	1.3017	1
791	0.339167	9.8448	0.474728	1
793	4.31431	21.4657	0.157943	1
801	0.439657	2.6696	0.362762	1
810	3.79638	24.7685	-0.639335	1
816	3.45434	14.1101	0.424524	1
817	1.11507	24.5867	0.66241	1
820	2.00151	22.1468	0.342912	1
824	3.18389	24.4553	0.907656	1
825	0.976258	15.2224	0.162956	1
828	1.80774	15.2873	0.532666	1
830	1.16848	22.1696	1.14587	1
832	2.87259	1.88284	0.536717	1
834	4.62905	3.6846	-0.128613	1
838	0.130944	19.5568	0.432039	1
839	1.60334	1.20136	0.0626857	1
842	1.98393	14.5284	1.11876	1
848	2.98868	4.83108	0.039586	1
852	0.863466	22.5104	-0.463994	1
854	2.55145	4.51398	0.11638	1
860	3.9753	23.6096	0.738207	1
861	3.78627	7.23981	0.791433	1
874	1.56499	9.69004	0.199654	1
882	3.15076	2.11889	0.609721	1
887	2.76957	8.29394	0.364639	1
890	4.57128	3.98017	0.868915	1
893	2.86452	19.3022	-0.206123	1
898	1.56889	16.5603	0.448918	1
903	4.02525	16.4884	0.756512	1
905	2.27454	8.0991	0.831242	1
912	2.54601	10.7731	0.567933	1
915	4.82155	7.76116	-0.0432117	1
919	1.61656	1.05195	0.524533	1
920	0.254501	4.39532	0.30707	1
923	4.58115	9.89737	0.591526	1
929	1.32682	19.1715	0.358509	1
932	3.50869	24.9313	0.36361	1
940	2.07108	22.4731	0.0226589	1
941	4.19615	13.0092	0.694753	1
946	4.92244	14.3277	0.920916	1
952	2.22924	16.087	0.165354	1
962	3.13791	0.461207	-0.0578188	1
971	2.6077	9.10565	0.501016	1
974	1.91141	9.0176	0.292479	1
976	4.00193	0.184066	0.383495	1
983	2.59941	22.186	0.153829	1
985	0.436716	18.1936	0.689566	1
993	4.66569	10.5159	0.930514	1
998	3.2189	16.7119	0.383377	1
999	2.08886	15.9715	0.839068	1
1002	3.56571	22.6039	0.863182	1
1010	1.29448	15.0876	0.893071	1
1016	1.82632	7.49633	0.159677	1
1017	0.374168	22.1483	0.296872	1
1018	2.67352	14.1298	0.491783	1
1022	3.77132	12.9784	0.0165902	1
1023	0.0588428	7.30766	0.144888	1
1030	0.0157613	7.76493	-0.190375	1
1031	2.25214	15.9809	0.404365	1
1033	1.99318	17.784	0.22285	1
1041	4.49253	11.3498	0.213362	1
1043	0.730247	16.7913	0.929187	1
1044	2.76807	18.0136	0.14038	1
1048	1.19982	19.1904	0.928852	1
1058	3.04392	20.0277	0.433742	1
1069	1.886	6.1657	0.859126	1
1075	3.06412	23.237	-0.138511	1
1078	0.182622	9.43502	0.0301035	1
1083	3.50441	16.7039	0.993581	1
1089	4.4006	7.64139	0.24609	1
1097	3.94906	2.65218	-0.027699	1
1098	0.0361988	12.982	0.073003	1
1109	4.05935	24.3968	0.164398	1
1112	0.227749	17.0909	0.330805	1
1115	3.72421	13.9604	0.220321	1
1117	1.95777	14.6255	-0.077301	1
1127	0.554862	12.727	-0.121141	1
1134	3.74884	7.73501	0.0258059	1
1143	4.6973	23.654	0.23334	1
1145	1.24418	15.603	0.0288068	1
1146	1.63103	21.3359	0.365293	1
1149	4.84108	14.4756	-0.115149	1
1152	3.41178	5.44501	0.226618	1
1154	0.981363	24.0981	1.02663	1
1158	0.661038	0.827114	0.236616	1
1161	2.02755	14.754	0.810482	1
1172	2.50818	0.447343	0.12525	1
1174	0.992131	9.17448	-0.423062	1
1179	0.921999	4.15609	0.348467	1
1182	2.20721	13.4566	0.00012144	1
1186	1.45359	5.32959	-0.067807	1
1191	4.36052	0.872792	-0.913891	1
1194	4.89202	2.42492	0.184197	1
1198	3.85227	21.9841	0.326908	1
1201	1.61007	2.25001	0.015234	1
1216	4.87789	1.8662	0.346266	1
1224	3.19967	4.14036	0.84363	1
1227	0.498797	2.20994	1.1588	1
1228	4.6868	22.1702	-0.559037	1
1229	3.7377	2.58798	0.312105	1
1237	0.0907357	16.2018	0.967815	1
1239	1.44676	21.477	0.419693	1
1246	1.48812	8.27576	-0.0603872	1
1248	4.68017	12.074	0.949379	1
1251	0.715899	18.6432	0.12848	1
1253	3.74933	22.7851	-0.407872	1
1264	1.80752	1.34539	0.392176	1
1270	0.514721	2.29172	0.04507	1
1285	3.82446	8.14748	0.973553	1
1290	1.14046	2.31281	0.56873	1
1295	3.23891	23.0714	0.75035	1
1308	4.26435	13.646	0.297575	1
1311	4.18568	6.39607	-0.55883	1
1319	2.91169	18.0814	0.519182	1
1323	1.26099	20.731	0.373649	1
1332	0.789746	7.65807	-0.107029	1
1336	2.77859	16.3819	0.140697	1
1350	3.10269	19.3338	0.134594	1
1352	4.66275	15.0534	-0.511184	1
1362	3.65853	10.9807	0.651258	1
1363	4.24622	5.81309	0.428578	1
1364	1.92065	16.7466	-0.397945	1
1382	4.89234	20.584	-0.805215	1
1383	3.53265	20.9155	0.820132	1
1384	0.0539197	24.5748	0.00957918	1
1390	3.47135	19.2489	0.279601	1
1397	0.960186	18.5699	0.0403714	1
1423	4.84591	1.82923	0.761835	1
1433	2.72365	13.5122	-0.345238	1
1436	3.9088	19.9332	0.508098	1
1438	4.10217	7.11139	0.0313938	1
1441	3.00926	1.75152	-0.224771	1
1443	3.26355	7.09078	-0.0450976	1
1447	1.29247	15.3133	1.01985	1
1452	1.06502	13.4714	0.26662	1
1454	3.76258	8.18687	1.01735	1
1461	3.27804	12.3627	-0.277484	1
1462	1.57255	10.3768	0.00710989	1
1464	2.01674	14.6939	-0.371348	1
1470	2.19178	22.1875	0.672423	1
1471	4.48334	10.0579	0.408577	1
1472	3.22593	14.6032	0.227238	1
1478	2.04569	2.17817	1.09576	1
1482	1.0566	1.0431	0.509011	1
1483	0.672619	21.459	-0.150054	1
1487	2.28955	13.7325	-0.297613	1
1497	2.74232	1.99491	0.562918	1
1504	2.90183	16.8379	-0.423412	1
1522	3.44968	1.75561	0.859104	1
1523	2.22291	19.8726	0.824614	1
1529	4.35164	11.4806	0.205887	1
1535	0.758869	7.08433	0.233993	1
1550	2.25558	17.2373	-0.716303	1
1551	2.52827	15.9986	0.59006	1
1553	0.753887	9.89993	0.126263	1
1559	2.94801	4.47019	0.790388	1
1566	1.97415	22.4109	0.908606	1
1571	2.75617	18.2702	1.0269	1
1584	3.44937	7.71621	0.427666	1
1589	3.17144	13.6232	0.603408	1
1600	2.0624	5.41661	0.589594	1
1613	3.0467	8.21778	-0.149308	1
1616	3.40854	23.2439	0.573404	1
1617	3.44003	4.14352	0.703427	1
1619	3.17578	9.68562	0.925095	1
1626	1.75106	20.0729	-0.199824	1
1629	2.04298	7.15445	0.301149	1
1640	3.6894	23.9068	1.42631	1
1641	3.45948	21.6749	1.05077	1
1642	4.94652	18.2738	0.0572518	1
1644	2.59415	18.7284	0.360538	1
1645	3.78313	5.04718	0.831886	1
1646	3.80172	23.966	0.248044	1
1655	0.795126	14.6102	-0.961936	1
1656	4.71178	3.07187	0.579903	1
1658	1.03911	23.1157	0.229347	1
1659	0.366581	22.7077	-0.342239	1
1671	2.87268	18.476	0.0328036	1
1676	4.05451	6.17741	0.0215648	1
1687	1.9469	23.7775	-0.392724	1
1700	0.0279322	7.87434	0.357584	1
1701	0.487894	9.36271	-0.463305	1
1703	1.67612	3.81142	0.731119	1
1709	4.20638	5.89415	0.988077	1
1710	2.1205	19.7652	-0.126907	1
1727	0.270863	5.81187	0.559361	1
1729	1.5996	7.33064	0.441162	1
1731	4.08969	19.0477	0.909193	1
1733	3.44239	13.8552	0.728552	1
1735	4.44575	18.1691	1.20179	1
1736	2.76897	0.984771	0.0360421	1
1744	0.0934383	21.2774	0.710225	1
1746	2.47964	19.0998	-0.0772167	1
1753	4.48851	9.82149	-0.139456	1
1759	0.881269	24.4694	0.124681	1
1760	1.03482	23.0507	0.293975	1
1761	4.76755	4.64431	0.126562	1
1768	4.02288	0.265767	0.0594018	1
1769	3.00557	10.9615	0.860292	1
1779	0.407277	10.5307	-0.215204	1
1789	3.63239	11.9618	0.870123	1
1796	0.803181	0.262712	0.753445	1
1801	3.40699	4.4379	0.44678	1
1814	3.2904	19.8085	0.552768	1
1819	3.35325	21.8036	-0.2916	1
1820	3.9937	19.0853	0.431167	1
1826	2.76005	21.5656	-0.181541	1
1830	1.72252	18.5476	0.0607143	1
1838	0.340846	8.07727	0.253001	1
1841	0.474186	19.0708	0.331654	1
1842	4.34146	5.41527	0.252906	1
1844	3.22751	19.535	0.956082	1
1846	2.30245	14.0841	0.199612	1
1847	0.174656	4.80061	0.506673	1
1849	0.885243	6.82244	-0.501862	1
1852	2.2911	12.1854	1.04426	1
1856	4.53539	8.4717	0.169732	1
1862	3.46894	1.20286	0.44682	1
1865	3.25425	13.0267	0.491944	1
1866	0.294502	5.08755	0.174942	1
1872	2.71369	2.37314	0.373029	1
1876	0.523207	17.5156	1.3591	1
1878	1.34151	0.787875	0.742354	1
1881	1.39207	0.734314	0.479811	1
1891	0.239976	11.8805	0.116447	1
1903	1.08534	8.69218	-0.95442	1
1919	1.66493	22.1573	0.425857	1
1925	1.29157	1.91114	-0.197868	1
1926	0.681337	5.57954	0.55579	1
1927	1.05737	5.54103	-0.190682	1
1937	3.01575	15.0156	0.294858	1
1940	4.66649	6.17545	0.162317	1
1946	2.70575	15.4415	0.208524	1
1947	3.69728	22.0508	-0.113694	1
1955	2.30792	17.1631	-0.738827	1
1963	4.21961	9.57999	0.706919	1
1968	0.783227	16.3499	-0.0646975	1
1971	0.646816	3.45926	0.38382	1
1972	4.04859	2.64626	0.714215	1
1976	3.30501	9.88465	0.479547	1
1980	4.57846	1.68176	-0.398931	1
1982	1.46418	0.703568	0.0802144	1
1983	4.6666	15.5733	0.668461	1
1986	0.583063	18.8499	0.493548	1
1991	2.05362	3.75874	0.287201	1
1992	2.5139	23.9106	0.65033	1
1995	4.39421	22.0077	0.0875957	1
1998	2.45002	22.8684	0.543229	1
1999	1.63385	0.1101	-0.0542542	1
2003	4.3238	13.1558	-0.089185	1
2012	3.61632	3.75938	0.921337	1
2013	4.34457	4.65414	0.444513	1
2020	3.67158	18.0483	0.267232	1
2021	2.50838	10.1217	0.256978	1
2030	4.23866	20.1072	0.850747	1
2037	2.57985	4.09214	1.06088	1
2038	4.80242	4.82625	0.749001	1
2044	4.05331	15.5117	0.681124	1
2047	1.61934	0.542099	0.0170203	1
2050	2.55713	18.8995	-0.303478	1
2051	0.368709	1.21161	0.710633	1
2053	0.118808	15.2593	0.321266	1
2069	0.946316	9.57499	0.425983	1
2073	2.62416	9.81672	0.235774	1
2074	3.37214	14.391	0.228658	1
2076	0.0654237	20.4724	-0.563992	1
2083	3.83106	21.3139	0.7857	1
2089	3.58136	7.99769	0.302761	1
2094	0.174069	11.0711	0.388905	1
2097	1.81178	17.7563	-0.220919	1
2098	4.69108	19.2483	0.396174	1
2102	4.73994	18.6755	0.395809	1
2106	0.245051	19.799	0.718269	1
2109	2.65905	4.47071	-0.426195	1
2112	2.96447	20.2336	0.751686	1
2116	3.53166	3.6251	0.51693	1
2117	3.23391	11.2211	0.354859	1
2122	4.41799	1.04163	-0.243828	1
2124	4.01819	6.31127	0.400084	1
2125	1.93058	5.99229	0.0914464	1
2129	1.68678	3.1038	1.14656	1
2140	1.63618	11.6152	0.560259	1
2147	2.91644	10.2744	0.0952994	1
2149	0.834218	22.1854	0.660484	1
2152	0.980413	13.3126	-0.188958	1
2153	4.43876	23.9492	0.161922	1
2165	0.0324123	13.3215	0.824144	1
2182	0.824665	20.0252	-0.675807	1
2183	0.205315	1.94037	-0.745052	1
2188	2.02225	3.55849	-0.138096	1
2190	3.80083	16.738	-0.264473	1
2191	3.62758	16.4857	0.251888	1
2193	2.7188	8.40656	0.337914	1
2196	0.244135	10.2046	-0.123717	1
2201	0.666539	24.7124	-0.449535	1
2205	0.44935	17.8456	0.54862	1
2210	4.47157	23.7103	-0.118735	1
2215	2.51664	2.75053	0.138076	1
2220	0.771596	7.89655	1.16351	1
2231	0.651313	6.62743	0.25486	1
2238	2.03616	21.9326	-0.0925526	1
2244	1.05365	11.5954	0.106848	1
2254	2.37576	9.9607	0.412833	1
2270	0.486176	24.0812	-0.0866089	1
2272	0.621516	2.60574	0.386066	1
2288	3.32326	18.6099	1.03549	1
2292	2.59068	16.9753	-0.920329	1
2293	0.321482	4.49931	0.811783	1
2302	1.29411	1.27093	0.470453	1
2320	1.10495	5.88738	0.406365	1
2321	1.15454	0.131683	-0.135072	1
2325	4.26945	14.4068	0.325845	1
2328	3.38104	24.4468	0.587691	1
2329	3.14351	4.95946	0.4007	1
2332	2.83426	9.56261	-0.222457	1
2341	4.78787	5.41848	-0.0993707	1
2343	3.38095	8.10242	0.699278	1
2347	3.06761	21.4999	0.338836	1
2353	1.05965	10.7906	0.380566	1
2355	1.47701	9.97692	-0.776033	1
2359	3.55814	16.4395	0.415292	1
2376	4.04217	6.44758	-0.60304	1
2377	3.1781	13.2153	-0.500086	1
2388	4.13049	18.0637	0.26613	1
2397	2.4991	16.6034	0.715994	1
2398	2.03036	14.4959	-0.0879701	1
2403	2.35111	9.88648	-0.060581	1
2409	4.90541	15.5156	0.0766145	1
2419	0.90481	2.60094	0.855964	1
2422	4.49503	19.7524	1.11761	1
2424	0.636344	5.95327	0.711037	1
2433	2.5897	9.60508	0.720251	1
2435	1.35052	14.432	0.814307	1
2438	1.29238	2.97407	0.691199	1
2442	2.92171	15.4865	0.553492	1
2445	4.80493	6.10115	0.554393	1
2447	3.31126	1.81117	0.772062	1
2450	0.286311	7.97293	0.903166	1
2451	3.35951	15.5105	0.311421	1
2453	2.34888	20.8395	0.316225	1
2466	0.532689	5.47972	0.151274	1
2467	1.12639	11.492	0.508706	1
2472	0.848813	21.0264	-0.13792	1
2474	0.484099	6.5957	0.242911	1
2478	0.711641	24.2999	0.567531	1
2481	4.2659	13.505	0.257409	1
2485	0.930923	21.1777	-0.4228	1
2486	2.77957	24.9717	0.325592	1
2487	1.89866	15.467	-0.185034	1
2488	1.77326	20.3618	1.01201	1
2493	2.3859	16.3571	-0.326681	1
2501	1.09682	3.22687	-0.482874	1
2503	1.49537	11.3234	0.333265	1
2510	1.59229	0.717599	-0.313942	1
2511	4.91235	23.9381	0.199788	1
2519	1.52912	22.1284	0.23506	1
2528	0.351393	23.4523	1.06176	1
2532	1.28438	13.393	0.0419799	1
2539	2.83198	7.31717	1.03848	1
2545	3.3199	9.73736	-0.142273	1
2546	3.2216	11.0475	0.156885	1
2551	0.201009	5.81252	0.648982	1
2562	1.2312	4.62024	1.40915	1
2563	3.93628	19.9258	0.696524	1
2565	1.25642	7.20014	-0.136075	1
2576	2.26464	16.797	0.666229	1
2578	3.97918	7.23297	0.509085	1
2583	4.36627	14.1417	0.650391	1
2594	0.491805	17.5152	0.0458081	1
2596	2.23134	22.9827	0.689412	1
2604	1.98152	20.2334	1.00482	1
2617	2.53508	14.829	0.897547	1
2618	2.38286	13.5148	0.398525	1
2619	3.09774	0.137518	0.567329	1
2626	4.22545	2.58089	-0.640541	1
2646	0.792938	23.0974	-0.0562222	1
2649	3.75194	11.3177	0.121555	1
2659	1.5636	10.7671	0.0331436	1
2666	0.210591	11.7426	0.180339	1
2668	0.923008	6.62929	-0.434041	1
2671	2.55044	1.28311	0.197766	1
2673	2.2424	8.33364	-0.758745	1
2676	1.6449	7.70339	0.100819	1
2685	4.40802	0.893027	0.907285	1
2686	1.31151	6.55497	-0.494549	1
2697	2.9495	0.512802	0.939659	1
2698	2.13438	1.37095	0.768121	1
2700	3.26712	11.6252	-0.0477319	1
2702	3.95941	15.7556	0.622798	1
2703	2.10163	16.6058	0.334541	1
2705	2.04605	16.7174	-0.0555718	1
2715	4.66361	23.5376	0.467144	1
2722	0.175025	23.0494	0.103395	1
2726	4.00591	18.6846	0.838687	1
2733	4.62062	5.37227	0.418189	1
2741	3.7859	2.09873	0.234315	1
2746	0.849833	8.55682	-0.140511	1
2751	4.8818	9.47957	0.669344	1
2753	3.15952	3.00876	0.58895	1
2763	3.35601	1.1139	0.623586	1
2764	3.28153	1.33743	-0.435275	1
2766	2.14695	1.1747	0.165098	1
2768	4.66531	9.31351	0.749063	1
2777	2.40326	5.53795	1.03549	1
2782	2.80709	16.4156	0.800999	1
2789	2.7516	11.4189	-0.642657	1
2800	0.494663	3.94749	0.142339	1
2806	2.21206	3.50746	0.590619	1
2808	2.13727	22.9649	0.442302	1
2812	3.85643	19.9318	0.598883	1
2813	2.57153	20.8841	0.0848431	1
2816	3.85441	7.85064	0.618391	1
2817	1.71411	16.9068	0.240291	1
2818	1.91282	12.7168	0.856687	1
2822	3.46455	11.6892	0.420146	1
2831	0.415562	1.66892	0.631928	1
2833	2.43641	20.9407	0.119086	1
2835	0.0930365	14.425	-0.355158	1
2851	0.580954	2.9563	0.0429882	1
2852	4.84428	18.8672	0.747645	1
2854	4.33505	20.6421	0.0705792	1
2858	1.39548	3.35414	0.162186	1
2873	0.100853	19.7166	0.38809	1
2882	4.65699	15.1856	0.21747	1
2891	4.62107	21.5062	1.73777	1
2893	1.90756	13.6511	0.616548	1
2894	0.747581	2.51078	1.61411	1
2896	1.58736	1.91391	0.87276	1
2897	0.348502	19.224	0.190108	1
2899	1.53107	12.7369	0.469897	1
2900	2.0053	24.7546	0.117855	1
2911	4.27247	1.12305	0.0767266	1
2931	1.262	3.37223	-0.21618	1
2934	1.33535	18.6923	0.716349	1
2938	3.23748	2.48117	-0.0809221	1
2941	2.96913	2.82967	0.634329	1
2960	2.63079	4.28717	-0.328619	1
2965	0.827859	9.77476	0.796705	1
2971	4.68512	12.4384	0.452832	1
2976	4.00269	4.48815	0.112573	1
2986	1.65399	19.9256	0.665069	1
2987	1.42835	20.2039	0.304412	1
2991	3.59705	7.10264	0.202665	1
3000	3.45794	12.5706	0.326966	1
3017	3.814	15.8882	-0.0747882	1
3018	1.64247	15.6356	0.843203	1
3019	0.110322	19.9891	-0.015331	1
3023	4.64046	24.6974	-0.239853	1
3029	2.21113	19.8614	0.717079	1
3038	3.58057	9.5282	-0.0398456	1
3041	2.93272	19.9301	0.298571	1
3045	1.76888	22.7113	-0.207694	1
3053	2.91981	13.2283	0.508606	1
3059	0.875336	15.8808	1.2108	1
3070	0.808077	12.3959	0.650078	1
3080	0.309109	16.4397	0.0337235	1
3116	1.21025	6.57099	0.359246	1
3121	0.051376	15.4067	0.480664	1
3122	3.74181	11.7141	0.667074	1
3124	2.40126	13.1214	0.555055	1
3141	2.33851	5.08928	0.328646	1
3154	1.35531	23.1634	0.850533	1
3166	3.611	20.4445	0.16314	1
3168	4.06545	9.06583	0.448173	1
3187	0.50937	5.30352	-0.169842	1
3190	0.574937	14.3058	-0.361504	1
3191	4.09975	24.4907	0.26615	1
3194	0.576612	11.48	0.613163	1
3195	2.10532	7.98277	1.05363	1
3202	3.50424	19.7509	0.621461	1
3204	2.94393	24.4817	-0.513545	1
3205	2.08017	12.5002	0.206688	1
3206	1.64932	12.6926	0.092066	1
3207	2.36251	11.3811	-0.128029	1
3213	3.40139	18.1383	0.120721	1
3214	3.54586	18.5826	-0.155592	1
3220	4.21592	16.7298	0.504971	1
3222	3.34981	5.33201	-0.349524	1
3223	0.329576	21.34	0.697036	1
3230	0.637983	11.7367	-0.197661	1
3231	1.19183	11.6222	-0.395231	1
3232	3.12917	16.2072	0.764836	1
3255	2.97966	20.3094	-0.0247087	1
3256	0.919311	10.6561	0.356738	1
3267	1.85837	22.1692	0.00249441	1
3271	1.38148	4.04616	0.64388	1
3272	4.34945	8.85441	0.90186	1
3273	4.48856	22.0352	0.76149	1
3275	2.56777	1.63188	0.571331	1
3277	1.0313	22.1398	-0.210444	1
3281	0.999061	3.46137	-0.187975	1
3286	4.46932	23.1327	0.560869	1
3293	2.79609	6.81741	0.411723	1
3299	0.357515	5.69463	0.351782	1
3302	0.464494	12.565	0.504466	1
3306	2.2974	17.782	-0.231765	1
3315	2.21724	6.29778	-0.438495	1
3323	4.79942	15.2132	0.148208	1
3332	3.30646	15.4218	0.729511	1
3337	3.64073	4.2807	0.386398	1
3341	3.37504	20.385	-0.710466	1
3350	0.185437	4.36913	0.579683	1
3351	0.0790802	4.42352	0.525282	1
3352	4.34287	16.7413	0.733272	1
3356	0.519989	24.1134	0.858804	1
3362	4.4622	21.3676	0.566789	1
3366	0.828149	2.66399	1.38124	1
3367	0.644599	2.81679	0.307788	1
3370	2.98378	14.1304	1.31087	1
3381	2.2188	17.1439	0.656361	1
3391	3.3776	11.5194	0.908045	1
3392	3.90201	11.9181	0.777814	1
3393	2.91168	19.8826	0.269024	1
3397	4.56815	24.4315	0.374482	1
3398	2.83352	4.6184	0.471703	1
3411	0.00863052	21.4647	0.159258	1
3412	3.96296	21.5174	1.30136	1
3414	1.38583	22.6806	0.233494	1
3415	4.76051	24.8563	0.055397	1
3431	0.987777	22.5589	1.06515	1
3437	3.36813	1.53191	0.303958	1
3446	4.08248	19.3547	-0.880495	1
3459	2.01481	15.9025	-0.19917	1
3460	2.31798	16.5757	-0.340122	1
3464	0.892939	3.98281	-0.104829	1
3465	0.451048	3.92745	0.816656	1
3466	0.76423	3.49869	0.167066	1
3467	0.548751	14.6012	0.283697	1
3468	2.07237	21.9804	0.37814	1
3471	3.51101	20.0064	0.7253	1
3474	0.536367	6.123	-0.320522	1
3481	2.6487	24.858	1.09135	1
3482	2.18534	24.8248	-0.264197	1
3487	2.71519	16.4458	-0.0589791	1
3494	2.20585	22.3976	-0.177366	1
3498	0.377687	18.4791	0.811059	1
3506	0.249071	15.4469	0.143193	1
3515	0.256638	8.20312	0.687138	1
3520	0.40375	6.5088	0.0569576	1
3530	0.546245	2.62518	-0.314712	1
3539	0.151047	14.9106	0.13675	1
3546	3.31464	12.3441	0.758209	1
3547	2.88343	6.9311	0.228213	1
3557	1.04746	4.98127	1.10156	1
3566	3.76305	11.9094	-0.05596	1
3568	4.24744	19.8641	-0.525852	1
3570	3.82505	0.116463	0.0817575	1
3572	4.24055	8.04134	1.05055	1
3577	1.50706	7.24842	-0.777462	1
3578	3.83476	2.1784	-0.241162	1
3584	2.38221	9.329	0.0701972	1
3599	0.838501	1.31461	0.0142944	1
3612	2.43234	11.6359	-0.0580233	1
3631	3.79873	15.6397	0.59464	1
3637	1.31238	16.09	0.671575	1
3642	0.607186	3.14151	-0.60629	1
3644	1.78932	0.569036	1.0205	1
3645	3.6641	3.37222	0.538696	1
3646	0.870634	24.0015	0.320176	1
3652	4.83283	9.62457	0.528234	1
3653	4.14097	9.34467	-0.237254	1
3654	4.2059	7.13721	0.726807	1
3656	3.14908	13.8053	0.248688	1
3657	0.992214	5.62034	0.180305	1
3673	0.0319322	21.4524	0.0104483	1
3674	1.47036	16.3695	0.480098	1
3686	4.06378	5.69046	0.628422	1
3691	0.14077	6.83072	0.213804	1
3694	4.3396	3.0506	0.280437	1
3699	4.33762	5.74322	-0.118827	1
3707	1.42357	3.25943	0.757256	1
3713	4.08494	9.75871	0.0542401	1
3714	0.138668	15.2526	-0.628768	1
3724	0.343432	14.5309	-0.169861	1
3725	1.50146	4.39966	1.28274	1
3727	0.91567	0.456171	0.188664	1
3735	4.76189	21.641	-0.33133	1
3747	0.941363	10.2002	0.631337	1
3748	2.72164	13.1596	0.690538	1
3751	2.57936	24.2724	1.01932	1
3752	3.46673	16.1566	0.488187	1
3753	1.06974	18.6582	-0.373084	1
3760	0.874287	18.2599	0.157299	1
3765	3.02231	15.8473	-0.117863	1
3770	1.65581	13.3759	0.758465	1
3775	1.22681	9.27973	1.209	1
3776	4.94301	14.3689	0.0146166	1
3781	2.51137	18.6379	0.286378	1
3782	0.426874	0.971764	0.363499	1
3785	0.561123	9.49197	0.254379	1
3792	1.33417	12.947	0.679942	1
3793	4.5345	23.4547	-0.290748	1
3802	4.80277	6.17583	0.785914	1
3804	3.81193	23.6399	0.980957	1
3806	3.79972	7.23679	-0.185282	1
3808	2.72014	2.14416	0.413958	1
3827	4.1814	21.3637	-0.0997964	1
3828	4.62768	21.2846	0.166712	1
3830	3.29525	18.218	1.65266	1
3831	3.2322	18.8414	0.390908	1
3835	3.05027	8.09849	0.588479	1
3838	4.71697	10.1673	1.39488	1
3848	2.50855	8.48043	1.11492	1
3849	3.68877	21.7669	0.749486	1
3852	1.95156	22.1143	0.708585	1
3853	1.66187	21.6965	0.354867	1
3862	2.32712	4.79901	-0.343269	1
3872	4.23123	20.3235	0.0445028	1
3876	1.11612	19.7144	0.167404	1
3878	4.42033	4.26859	0.128213	1
3880	4.9958	10.7717	0.323164	1
3886	0.422687	12.6564	-0.0607238	1
3889	1.87802	15.5372	0.346696	1
3891	3.72998	19.3886	-0.0671395	1
3896	1.07903	10.1418	0.43787	1
3897	1.09944	16.7028	0.809279	1
3898	0.916543	16.8434	0.438936	1
3901	2.87746	16.2482	-0.696365	1
3904	4.06902	14.2368	-0.0938319	1
3905	4.02264	14.4445	0.303484	1
3911	1.56924	8.79871	0.33786	1
3917	1.6907	24.1045	0.775211	1
3929	2.9033	11.9913	-0.690593	1
3931	3.70618	4.75423	-0.423308	1
3933	3.46268	18.9161	1.08522	1
3934	4.27784	18.8338	0.107607	1
3936	4.82195	18.4272	0.443587	1
3950	3.33618	18.264	0.114514	1
3952	0.022046	22.9031	0.375167	1
3956	3.89766	8.36663	0.866381	1
3957	4.88193	8.49954	1.21757	1
3969	0.396605	16.346	0.326881	1
3970	4.79198	3.02017	0.42899	1
3973	0.668553	23.2545	0.168983	1
3975	4.06982	6.19182	0.357388	1
3979	2.73812	19.2907	0.820031	1
4004	0.173752	17.465	0.54644	1
4009	0.77491	3.02795	0.033486	1
4010	0.0676261	18.5856	0.201707	1
4024	1.81503	15.3378	0.0191128	1
4025	1.30906	15.9278	-0.0981742	1
4028	4.04904	7.94193	0.60617	1
4041	4.35668	21.9421	0.927049	1
4077	1.45838	2.35594	0.229975	1
4078	4.44539	22.8714	-0.261656	1
4079	4.95809	22.8566	1.06125	1
4089	1.39427	22.0341	0.987499	1
4091	4.47775	3.65548	0.00736144	1
4093	1.99666	24.6653	0.324062	1
4	5.51188	23.7885	1.18976	2
6	7.55305	23.0576	0.0682782	2
11	6.19896	19.3486	-0.10663	2
18	7.71386	23.223	0.950318	2
20	7.28118	22.8524	0.398376	2
26	5.93671	4.93241	1.03037	2
30	5.29596	0.961082	0.805992	2
36	6.77152	20.7039	-0.0339413	2
37	5.33848	4.51429	0.598541	2
41	7.679	0.403266	0.297114	2
45	7.69719	5.77565	-0.185659	2
48	7.10844	16.6936	-0.269678	2
57	9.90857	0.17519	0.558774	2
58	7.6881	19.0124	0.0949192	2
64	6.77711	8.18754	-0.517342	2
72	6.40916	12.2262	1.3534	2
91	6.96912	20.2597	0.528327	2
92	7.69034	11.6634	0.511371	2
103	9.18388	7.18368	0.874089	2
104	9.59735	22.0988	1.38398	2
105	6.01503	17.6304	-0.137749	2
106	5.5219	19.3457	-0.0396965	2
115	5.38713	5.26795	0.239733	2
116	7.17229	15.442	0.18873	2
118	8.64419	13.6608	-0.0547737	2
119	5.93522	18.9286	-0.0106974	2
120	7.70177	24.1608	0.137204	2
121	8.93927	6.52099	-0.781959	2
129	9.82912	10.8294	0.449921	2
132	6.02961	8.07992	0.301608	2
144	7.20388	20.6176	0.505589	2
155	5.55128	15.0749	0.200543	2
160	8.52094	5.63422	0.811892	2
163	6.39761	11.1252	0.0468846	2
166	5.80128	9.17601	0.486513	2
169	9.83039	11.8582	0.689069	2
189	9.79606	15.4681	0.306399	2
193	6.93508	6.73475	1.19849	2
198	5.81455	22.0117	0.302293	2
206	8.51796	4.15729	0.0954271	2
214	5.61517	12.0144	0.141076	2
218	7.86795	15.209	-0.991408	2
222	5.96505	14.1285	0.329202	2
227	7.67134	14.2973	0.982309	2
228	7.03047	20.1911	-0.0417996	2
229	8.56846	11.9767	0.492837	2
238	9.25564	14.7906	0.0266166	2
245	5.01376	11.3229	0.019401	2
248	7.19429	19.6556	0.237664	2
249	6.75532	12.2374	-0.0927446	2
251	9.43566	11.9135	0.448348	2
252	6.22888	10.5138	0.949111	2
259	8.90759	8.07712	0.0889267	2
260	6.37506	21.1653	-0.14154	2
261	8.07456	17.2449	1.07261	2
270	6.23289	3.55241	-0.144411	2
283	9.85597	15.389	-0.0571188	2
287	9.19596	9.55587	1.66078	2
295	6.19204	6.43665	1.10628	2
305	5.92475	24.0291	0.608214	2
308	5.71118	20.2834	0.161977	2
310	8.30493	1.36449	-0.0480563	2
321	9.71875	18.0923	-0.407035	2
323	5.43341	23.1658	0.75372	2
329	7.24268	7.92229	0.28078	2
337	6.64983	5.68413	0.191412	2
349	8.83638	20.6578	0.38924	2
353	7.86173	8.25245	0.243362	2
359	7.98154	14.6918	0.202288	2
360	6.58805	7.57124	0.24943	2
365	7.17586	3.95429	0.779548	2
367	9.11699	22.6151	0.563644	2
370	6.73853	18.3311	-0.0755612	2
378	5.17124	24.9447	0.424482	2
384	9.75627	10.0308	0.999727	2
387	7.58331	24.3768	-0.185187	2
393	7.75274	11.0992	0.345474	2
395	6.20371	9.98645	0.319975	2
399	9.44349	10.1775	0.433537	2
402	9.17807	16.638	0.233165	2
406	8.9139	20.5781	0.27493	2
426	6.42376	4.16692	0.172825	2
433	7.43464	11.2182	0.195541	2
434	7.74073	8.10654	-0.316188	2
438	7.63255	7.03689	0.582589	2
439	7.98405	8.60789	1.22504	2
456	5.12272	17.2449	0.781707	2
461	7.95731	12.2427	0.233171	2
465	7.99705	6.23922	-0.0834832	2
466	8.65886	6.59856	0.411042	2
470	6.24549	18.9199	0.367392	2
472	7.08835	19.306	-0.218338	2
473	6.01709	24.4198	0.50164	2
482	6.33531	1.67621	0.1259	2
510	8.34354	10.4043	0.356845	2
513	5.69804	6.15941	1.65164	2
514	7.04528	14.8365	-0.296493	2
516	5.02564	22.7551	0.890875	2
522	9.88208	20.6462	-0.631794	2
524	5.73845	12.587	0.146277	2
528	6.8781	3.60929	0.502024	2
533	7.38401	0.3185	0.538799	2
534	5.06236	16.4796	0.453292	2
546	8.40891	5.78002	-0.0608154	2
562	7.98694	4.98203	0.440257	2
564	5.98516	8.39695	0.262781	2
568	5.48632	16.5831	0.129575	2
574	6.59951	17.635	0.795897	2
576	7.54556	18.7194	0.351256	2
579	8.34459	2.57411	0.285966	2
586	8.2197	14.9768	1.53686	2
593	8.05763	4.0039	0.264915	2
594	7.92616	22.016	0.281542	2
598	5.37798	15.4334	0.0617692	2
604	8.82823	3.79101	-0.30494	2
605	5.13572	20.4631	-0.311199	2
609	7.66609	9.05725	0.212808	2
611	5.36607	24.2026	1.15135	2
614	7.21027	9.53026	0.367712	2
617	6.22955	19.2728	1.29035	2
618	8.93882	3.06905	0.544381	2
619	9.37138	16.0285	0.496384	2
620	5.32853	7.62305	0.137203	2
625	9.4082	17.0961	-0.138441	2
628	6.05165	18.0936	-0.277723	2
630	6.10645	1.51423	0.423352	2
645	5.19788	13.1065	0.144323	2
650	8.24511	9.64893	-0.114659	2
652	7.86348	0.249883	0.284795	2
660	8.1643	8.59263	0.807795	2
663	9.4956	5.61047	-0.0477445	2
667	9.72687	10.6272	0.255643	2
676	5.45905	12.4236	0.37532	2
685	8.32201	14.6317	0.107594	2
686	6.90249	4.13687	0.152136	2
689	9.36111	20.9624	0.707725	2
691	6.14821	20.2115	0.758192	2
694	7.40446	11.1831	-0.0337964	2
703	7.13706	14.7485	0.341145	2
708	6.28733	5.00723	0.572298	2
711	9.35952	1.02131	0.399374	2
728	9.96995	6.49954	-0.325724	2
733	7.61734	14.0495	0.180562	2
737	6.01508	13.1556	0.688222	2
739	8.69024	20.1289	-0.0998928	2
750	5.77566	18.9928	1.08314	2
756	5.63367	20.9732	-0.178975	2
758	6.35668	13.1637	0.0807082	2
759	6.92085	23.3216	0.684736	2
764	9.15059	2.1479	-0.870345	2
772	5.6402	24.9347	0.57334	2
776	5.22361	11.7133	-0.365359	2
780	9.49636	23.0774	-0.385959	2
786	8.02657	1.31227	-0.355181	2
790	9.23379	19.6309	0.446947	2
797	5.50597	16.5073	0.795465	2
802	9.85531	0.503925	0.262211	2
806	7.84344	16.6139	0.486914	2
811	6.67885	17.612	-0.193716	2
812	5.89002	15.5193	0.138691	2
815	9.05249	8.56658	0.360785	2
818	5.61583	24.9783	-0.0300087	2
821	7.14986	0.959289	0.770001	2
831	8.15358	6.29152	0.481687	2
833	9.82808	11.772	0.0523483	2
837	5.40729	15.2241	-0.296641	2
844	5.81926	19.867	0.565543	2
845	5.09196	9.57726	0.471613	2
851	8.10075	15.3687	-0.125766	2
853	5.3814	12.1566	0.296156	2
859	6.64966	0.822448	0.332156	2
863	8.43909	7.76887	0.347908	2
864	8.59332	7.99114	-0.00787253	2
883	7.74199	5.11831	0.00492891	2
885	7.42333	0.770029	0.0879764	2
886	9.23627	15.7584	0.513086	2
889	7.25369	9.50324	0.39813	2
891	6.85556	11.0499	0.762921	2
892	5.73346	15.8045	0.486917	2
895	6.99427	0.59298	0.794321	2
896	5.48785	20.531	0.057215	2
902	5.58018	23.4213	0.411767	2
911	8.8365	24.6437	0.388444	2
914	7.2947	2.28602	-0.312798	2
916	9.54836	23.2718	-0.0173489	2
922	5.67934	22.3168	0.719878	2
935	8.9444	21.0608	0.107965	2
937	8.57976	19.5624	-0.0385846	2
945	6.1041	0.658368	1.31521	2
949	6.18986	7.33559	1.6859	2
950	8.56887	13.8615	1.56906	2
953	9.46048	13.3834	-0.464284	2
956	6.85845	23.6546	0.858491	2
957	6.45148	12.7784	0.306763	2
959	9.36856	9.81943	0.441033	2
965	7.07696	14.1729	0.876209	2
969	6.43609	20.0634	0.462797	2
977	6.49338	9.82382	0.436794	2
981	7.05233	21.8883	-0.485639	2
982	7.55053	9.87896	0.258499	2
996	8.52729	2.96975	0.492592	2
1001	7.76588	5.82418	0.532435	2
1003	6.74181	4.6129	0.211576	2
1006	6.54029	14.6212	0.522593	2
1011	6.90683	5.95274	0.550158	2
1014	6.48907	13.7034	0.265515	2
1015	9.99441	20.4301	0.169172	2
1019	9.19784	10.8531	1.23799	2
1025	9.93871	22.1355	-0.0497235	2
1029	6.72951	8.82203	-0.0710358	2
1049	7.29347	16.1752	-1.12009	2
1051	7.60581	18.4806	0.391712	2
1074	7.43822	22.5563	-0.0118392	2
1082	6.4204	1.27853	0.890923	2
1090	8.26376	22.9741	-0.172969	2
1096	7.59693	14.6607	0.663167	2
1102	7.5267	0.881413	-0.0327257	2
1106	9.29665	18.9596	0.742253	2
1116	7.92772	9.29149	0.192349	2
1125	7.9905	13.6297	0.761596	2
1133	7.69181	18.472	0.255513	2
1136	8.00784	18.0333	0.201487	2
1147	5.74395	6.09809	0.164961	2
1150	7.44368	8.31045	0.631901	2
1153	5.97291	14.3306	0.571127	2
1163	5.991	2.78346	0.211693	2
1164	8.22098	20.1028	-0.0939955	2
1165	8.15303	8.07244	-0.443395	2
1170	8.07084	12.2969	0.147634	2
1171	8.29967	22.8702	0.401047	2
1184	9.80735	18.2821	0.0596379	2
1185	6.56332	15.6399	0.982096	2
1187	5.63167	1.65758	-0.0967732	2
1195	6.29861	23.3832	0.00315221	2
1197	5.45206	5.93044	0.216463	2
1207	9.66229	21.9737	0.362143	2
1213	6.32024	21.9302	0.116255	2
1217	7.0183	5.63379	0.289191	2
1225	6.64945	19.3958	0.653367	2
1230	7.73854	23.3175	0.31074	2
1233	9.93535	22.7142	0.511913	2
1235	6.29498	6.22243	0.273856	2
1236	6.95503	6.55188	0.627336	2
1260	7.99707	22.5968	0.206441	2
1263	6.42564	10.121	0.907968	2
1268	7.36227	7.69411	-0.461121	2
1276	9.48531	13.6598	1.27718	2
1277	5.18174	10.5225	0.762078	2
1280	5.62683	10.6144	-0.143508	2
1287	8.38248	2.87413	-0.0326321	2
1289	5.09495	7.66145	0.759552	2
1294	7.25159	9.15736	-0.0473277	2
1298	6.91245	19.0224	-0.130603	2
1302	6.48055	20.9752	0.131335	2
1303	9.57892	7.31247	0.159167	2
1310	6.34249	21.8926	0.983769	2
1324	6.70097	5.04457	0.174325	2
1329	5.56522	21.2184	0.252952	2
1331	9.00476	0.346501	0.996827	2
1333	5.01826	19.643	0.328764	2
1337	7.22875	2.28388	0.511448	2
1338	6.41549	15.5031	0.541636	2
1340	9.8401	18.7672	1.18769	2
1341	7.53679	17.3879	-0.320474	2
1346	9.177	0.818332	-0.153852	2
1353	6.47707	22.3584	-0.812661	2
1354	8.56604	11.7713	-0.203828	2
1357	8.80355	22.9496	0.611318	2
1358	9.16104	2.37588	0.204329	2
1361	8.0937	14.1845	0.832853	2
1369	6.65667	6.17376	0.96291	2
1370	8.26719	20.7832	0.612798	2
1374	7.7705	9.91646	0.604607	2
1385	6.60567	13.3427	-0.0810587	2
1391	7.21366	7.68642	-0.00818612	2
1393	6.83173	9.02799	-0.711731	2
1394	5.45871	7.21206	0.584555	2
1396	6.77745	3.79181	-0.418077	2
1402	8.1527	16.1218	0.634124	2
1405	8.89194	1.7043	0.573072	2
1408	5.14068	12.6527	0.35251	2
1412	8.03449	12.9221	0.158482	2
1418	9.71992	5.60367	0.718493	2
1428	8.60251	24.5	-0.149485	2
1440	6.51601	17.6803	0.16465	2
1442	8.9581	11.6765	0.214849	2
1444	6.78873	19.7234	-0.139054	2
1446	7.18947	8.36762	0.610787	2
1456	8.58372	20.8443	0.812681	2
1463	9.13036	2.87029	-0.0494167	2
1474	7.85747	6.05382	0.0770489	2
1475	8.58506	17.6424	-0.0418733	2
1490	6.00351	9.44905	0.0424698	2
1491	7.45797	13.2361	0.460256	2
1493	8.23171	1.82495	0.934372	2
1496	9.29419	18.913	0.782165	2
1498	5.44494	21.9164	-0.00638175	2
1500	8.04594	18.1902	-0.344315	2
1503	5.61878	23.8565	0.923989	2
1506	8.22555	1.47177	0.566844	2
1507	6.06563	2.06844	1.15057	2
1511	7.31945	24.8232	0.452683	2
1513	7.52918	1.194	0.584056	2
1515	9.91802	23.9332	0.185553	2
1527	8.14998	16.4316	0.364928	2
1528	5.02523	12.6269	-0.2121	2
1531	7.88946	3.11087	-0.354196	2
1541	9.41882	10.565	0.586567	2
1542	5.32481	4.46536	-0.0961922	2
1552	5.26893	0.14899	0.432251	2
1569	8.63437	24.6282	-0.368785	2
1576	8.11412	17.4324	-0.213736	2
1582	5.48873	16.2754	-0.509663	2
1583	9.22717	19.9915	0.686587	2
1585	6.07282	23.6654	0.743974	2
1586	9.86613	3.34876	0.420564	2
1587	8.39218	14.6469	0.868512	2
1590	7.60347	2.0166	1.03543	2
1596	9.82684	4.40387	0.659023	2
1602	5.83383	3.23624	0.075857	2
1604	9.67634	1.90324	1.20712	2
1614	8.98874	1.42682	0.159012	2
1620	7.23627	5.68031	0.352404	2
1627	5.85662	5.82205	0.736721	2
1628	6.10598	14.2604	-0.0486542	2
1630	8.57008	16.2385	0.106987	2
1631	8.88062	16.1995	0.416618	2
1636	9.80792	6.21798	-0.0760969	2
1643	5.22549	16.7511	1.04906	2
1649	9.20289	6.27145	0.278749	2
1654	9.95729	1.90364	0.347052	2
1665	6.20062	20.463	-0.0380831	2
1666	8.66774	4.17235	0.165419	2
1673	8.347	3.22818	0.137978	2
1674	5.95618	17.8603	0.666857	2
1675	9.27805	16.8798	0.788524	2
1679	8.94075	18.3413	0.0552135	2
1694	8.05488	12.7813	0.198957	2
1696	6.65531	16.7763	0.280598	2
1717	6.85716	13.8482	0.409603	2
1720	9.96289	8.58841	0.690595	2
1737	8.90122	22.4379	0.0554075	2
1739	7.94443	19.4162	0.640589	2
1752	7.34842	7.2647	0.438175	2
1756	9.44534	12.2215	1.02722	2
1763	8.23298	11.8517	0.947018	2
1771	8.46429	10.6013	0.314033	2
1773	7.47187	2.12018	-0.292946	2
1774	7.68843	0.594692	0.359922	2
1775	6.26829	2.71468	1.06175	2
1777	6.99727	12.449	-0.241752	2
1778	8.87946	3.72935	-0.226711	2
1782	5.6855	0.770458	-0.0154776	2
1784	5.66684	2.30043	0.596804	2
1785	5.69164	3.31498	0.333552	2
1786	7.65208	11.3839	0.473739	2
1791	6.41541	17.089	-0.119359	2
1804	6.71813	18.5661	0.391778	2
1806	9.20542	24.9733	0.552981	2
1807	9.92166	12.453	0.34933	2
1808	7.59395	5.33954	0.508399	2
1809	8.54218	8.86433	0.881018	2
1810	9.87909	9.10276	0.185686	2
1811	5.1445	6.24465	-0.119214	2
1816	7.56013	0.343034	-0.0814071	2
1823	7.60994	16.5473	1.08598	2
1824	7.69635	7.88298	0.778392	2
1829	6.58396	9.82619	0.654424	2
1831	8.1909	3.2114	0.573858	2
1832	8.96245	2.78966	-0.0920625	2
1836	6.09324	0.146358	0.254313	2
1845	5.03872	19.7658	0.832476	2
1851	9.15721	24.1649	0.190138	2
1857	7.6518	7.08791	0.447601	2
1867	7.32838	16.5317	0.579525	2
1869	6.03213	24.2706	-0.437264	2
1870	9.17419	2.65351	0.969088	2
1873	8.8279	18.3707	-0.486645	2
1875	7.15386	24.0062	0.514371	2
1879	9.86678	24.9322	0.452927	2
1890	5.15956	21.1105	-0.634881	2
1894	6.98195	19.7349	0.525912	2
1898	9.64958	21.8798	0.0766286	2
1901	5.34496	0.40508	0.211547	2
1909	8.71926	21.6465	0.201129	2
1913	7.62991	19.4569	-0.186797	2
1915	7.91787	13.5781	0.613933	2
1921	5.39734	9.71836	0.0712489	2
1922	5.9549	8.93085	1.02324	2
1923	6.04061	10.6952	-0.0379013	2
1924	6.91275	4.23824	-0.0759107	2
1932	6.32802	15.9912	-0.19118	2
1934	8.5832	4.83615	0.175004	2
1935	6.74156	9.11173	1.32508	2
1938	6.59504	6.96989	0.107078	2
1948	8.68178	16.3349	-0.175921	2
1961	9.09371	13.9939	0.0232618	2
1964	6.86147	22.6995	-0.460067	2
1978	9.9942	5.68007	-0.0968335	2
1979	7.57623	7.66903	0.769406	2
1981	5.73516	12.6972	0.106562	2
1984	7.60951	18.0254	0.421634	2
1985	5.28313	12.6071	0.0433517	2
1987	9.86701	3.57393	0.189845	2
1988	5.64302	6.36091	0.738089	2
2002	7.53412	6.36875	0.375963	2
2015	8.7457	17.2561	0.537578	2
2042	5.21477	19.2307	0.786013	2
2054	7.86128	4.06277	-0.233967	2
2061	9.66165	22.9161	0.289149	2
2065	7.68796	0.223088	-0.205281	2
2075	6.21152	13.3549	0.32329	2
2079	9.96573	16.4106	1.32282	2
2082	5.1894	7.60861	0.0360238	2
2084	6.17612	8.42887	0.0861514	2
2090	7.74869	3.6127	0.363783	2
2091	8.01031	2.74599	0.1911	2
2103	6.21571	1.14654	0.556935	2
2118	6.11141	5.31658	0.377066	2
2119	8.55604	12.9008	0.400346	2
2121	8.63333	21.1851	0.691522	2
2126	9.86662	16.4906	0.654053	2
2136	5.48579	17.6839	0.0302338	2
2138	7.93443	21.3495	0.322115	2
2154	9.22498	3.4223	0.850366	2
2158	6.64554	24.8722	0.22852	2
2164	8.51198	23.5304	0.0126858	2
2167	8.64594	14.8046	0.925664	2
2168	9.51956	15.4561	0.297197	2
2175	9.45586	16.7917	0.326344	2
2176	5.9738	0.265371	1.02248	2
2187	5.38637	10.3511	0.630839	2
2192	5.60787	0.387992	0.214513	2
2195	9.38153	14.4128	0.724722	2
2198	6.73693	18.3058	-0.271398	2
2203	5.45863	24.3781	0.0646784	2
2208	9.25684	11.8728	-0.00139256	2
2209	6.50456	3.60861	0.46934	2
2213	9.2489	6.22622	0.0730232	2
2224	5.30874	8.66862	0.630021	2
2232	8.95197	10.9973	0.567032	2
2233	8.84186	8.30416	0.689773	2
2234	6.63161	18.4536	0.489905	2
2235	7.43748	6.96651	0.941806	2
2240	7.16103	14.7354	0.236525	2
2249	6.62889	7.646	1.0353	2
2251	7.90961	8.04224	-0.127097	2
2263	9.54668	18.7119	-1.08579	2
2264	9.7817	2.58529	-0.00980277	2
2265	9.07991	2.03225	0.450224	2
2266	6.01982	12.2988	0.616465	2
2267	5.31851	12.7099	0.420728	2
2268	9.51674	8.26597	0.914123	2
2269	5.41937	17.3958	-0.221536	2
2271	9.26362	7.53793	0.778977	2
2275	5.00841	7.62693	0.113803	2
2286	5.41033	22.3217	-0.0197462	2
2295	7.88709	13.2192	-0.261477	2
2298	7.44677	1.36478	0.785426	2
2299	6.98104	2.10849	0.951041	2
2300	9.97449	8.77711	0.513824	2
2304	7.80528	3.33137	0.603253	2
2306	7.56194	21.9094	-0.0848492	2
2314	8.21183	17.2505	0.601262	2
2317	6.58461	20.1708	0.223269	2
2318	8.60351	23.5058	-0.273842	2
2322	9.09245	11.6456	-0.287105	2
2324	5.72433	6.98394	-0.177407	2
2337	7.3844	17.1161	1.02656	2
2338	7.97118	8.44904	-0.319078	2
2344	5.59038	17.9532	0.461214	2
2351	5.43178	0.71476	0.465828	2
2352	5.90589	1.81749	0.160114	2
2363	6.60941	6.74832	0.790716	2
2366	6.9109	18.4972	0.503831	2
2367	5.68837	17.5934	0.30746	2
2369	5.39913	5.11698	0.457483	2
2371	5.17107	8.99352	0.732126	2
2374	7.18555	1.26509	0.887515	2
2375	6.06679	2.28011	0.100617	2
2379	6.38028	14.594	0.0977085	2
2380	6.39471	15.32	0.250776	2
2384	7.20974	6.08339	0.723455	2
2386	9.66235	18.2525	0.153019	2
2389	5.3267	21.7505	-0.340471	2
2390	8.40468	24.5232	0.641096	2
2400	7.11276	20.8744	-0.141334	2
2413	7.75868	8.40607	-0.450673	2
2415	7.62431	13.4857	-0.532848	2
2417	8.21959	20.3691	1.03128	2
2420	5.93757	13.7842	-0.287402	2
2421	8.55709	12.89	-0.0471405	2
2448	9.9688	0.78179	-0.96324	2
2457	8.60714	4.97221	0.354531	2
2463	8.1784	6.94972	0.15284	2
2469	7.67084	18.6782	0.495254	2
2471	6.725	19.2625	-0.779146	2
2473	9.46488	9.56266	0.302882	2
2475	9.67952	4.94218	0.198614	2
2480	5.38067	3.90289	-0.254171	2
2484	8.49433	13.8176	0.834449	2
2502	5.7757	1.3415	0.669374	2
2504	8.58377	0.15363	-0.206366	2
2507	8.93114	9.68753	1.17074	2
2513	9.84113	24.79	0.38406	2
2514	5.54459	5.01802	0.396789	2
2522	5.17182	24.2226	0.34229	2
2524	5.65524	15.6638	1.17353	2
2534	7.61131	19.1417	0.960941	2
2547	7.41802	0.587486	1.46128	2
2556	8.51029	17.969	0.479038	2
2566	6.41197	8.60287	0.224186	2
2567	7.96546	16.8348	-0.645304	2
2568	8.37422	10.2363	0.85967	2
2569	8.17637	16.9464	-0.018421	2
2574	9.95088	13.316	-0.121265	2
2581	6.64566	23.3091	0.612954	2
2585	6.41263	20.1565	0.447451	2
2600	9.0526	7.21953	0.76278	2
2612	9.8652	9.27511	-0.0262209	2
2622	9.62371	22.9183	-0.33441	2
2634	8.05884	17.6265	-0.0824802	2
2637	6.7474	9.99835	1.01288	2
2638	7.08257	10.0811	0.53234	2
2644	7.45165	8.82323	0.860697	2
2648	9.17724	21.4262	0.788148	2
2656	7.721	20.7258	-0.162044	2
2660	5.46626	1.106	0.0108004	2
2662	9.75769	13.0996	-0.236618	2
2665	9.11299	17.0336	1.23984	2
2667	9.18298	19.3449	0.425974	2
2674	5.08149	13.5669	0.481046	2
2679	6.95053	16.0355	-0.603595	2
2687	9.78126	7.93619	1.02134	2
2689	7.51847	6.95555	0.123543	2
2695	7.55691	17.5772	0.694938	2
2707	6.03802	24.3061	0.216275	2
2711	5.09426	13.5589	0.0323787	2
2713	8.4309	15.9509	-0.0572915	2
2714	5.20779	23.4221	0.261882	2
2718	7.23632	8.52688	-0.104237	2
2719	9.76902	3.76796	0.563153	2
2729	7.32057	2.79625	0.678149	2
2734	5.19696	6.02239	0.747019	2
2735	8.29118	18.2938	0.210614	2
2747	7.24012	21.3369	0.798392	2
2749	7.58875	13.5014	0.545306	2
2750	5.00029	2.63705	0.0422002	2
2755	5.09623	18.7968	0.757685	2
2756	8.4286	21.0063	0.859364	2
2762	7.25516	6.42428	0.649566	2
2769	9.20023	18.6132	0.464395	2
2770	9.52714	18.1381	0.539577	2
2771	6.62907	11.4178	-0.120419	2
2780	7.95887	23.0153	0.353878	2
2781	8.74548	17.2401	0.901935	2
2783	8.97987	20.0435	-0.0051905	2
2785	9.4261	22.7783	0.787142	2
2791	5.59328	23.9543	0.0653141	2
2794	7.72066	18.5683	0.784359	2
2797	9.96843	4.34381	0.517999	2
2798	6.37012	20.6687	0.417621	2
2799	7.25824	20.1195	0.530756	2
2802	5.99908	11.6305	0.386119	2
2805	9.85005	11.7139	0.164448	2
2807	9.17461	17.4864	-0.131336	2
2830	9.65913	12.0468	-0.352646	2
2844	5.34722	9.29075	0.201183	2
2853	5.48496	19.9644	-0.134803	2
2863	8.96077	14.4161	1.74288	2
2864	8.76867	21.9939	0.279641	2
2871	9.19518	10.8789	0.272151	2
2872	8.43399	10.7162	-0.0930573	2
2875	8.32075	9.41908	0.396758	2
2879	5.58753	8.26885	0.896236	2
2880	5.2429	8.41188	0.712339	2
2883	7.74126	6.01645	1.27966	2
2890	5.9986	20.6731	0.162341	2
2902	8.31309	21.9093	-0.567047	2
2903	7.37953	21.5188	0.103556	2
2905	5.58208	15.4516	1.36354	2
2913	7.23834	12.7086	0.912766	2
2916	5.18929	3.75615	0.542065	2
2917	7.31752	15.6479	-0.321559	2
2919	6.80111	18.5393	1.44033	2
2920	6.54824	12.4399	0.144362	2
2926	5.62546	9.58883	0.12368	2
2929	9.85756	19.4314	1.13014	2
2937	6.02401	10.9576	0.122216	2
2944	7.65266	11.4282	0.226776	2
2945	8.88055	23.8653	0.885339	2
2949	8.67595	13.39	0.0550417	2
2952	5.00613	18.2209	0.0676576	2
2963	5.85768	8.90471	0.0800989	2
2966	8.11598	24.8256	0.304089	2
2967	9.08501	19.6447	0.193144	2
2968	5.49828	11.006	0.38683	2
2972	5.02532	12.238	0.38409	2
2973	6.83607	9.67342	0.0893517	2
2975	9.7526	12.7884	-0.0141224	2
2977	6.08841	20.1463	0.939308	2
2982	9.28717	16.4115	0.0798764	2
2983	9.96153	20.0348	0.0212054	2
2985	7.49991	7.51158	-0.446792	2
2993	6.44606	1.47968	0.453714	2
3002	5.06636	2.93682	0.599582	2
3004	9.04071	22.6558	0.571584	2
3006	8.04445	20.6013	0.282378	2
3009	9.53411	10.1428	0.00866263	2
3011	8.5542	4.10609	0.125306	2
3027	8.69851	18.8551	0.978988	2
3033	5.72905	14.1023	0.675553	2
3035	9.87479	9.17807	0.371017	2
3036	8.89489	11.7593	-0.106036	2
3037	5.83731	6.95541	0.870161	2
3039	5.89932	18.2654	0.673758	2
3043	9.7343	23.9951	0.514381	2
3046	9.00791	12.7827	-0.922008	2
3049	9.39136	21.3776	1.13372	2
3051	6.1321	23.8039	0.280964	2
3061	7.62886	6.71557	0.467647	2
3075	7.43175	5.79253	-0.821978	2
3076	5.1885	6.91783	0.182548	2
3088	9.42592	10.2308	0.60439	2
3095	9.88374	16.7458	0.305953	2
3106	9.06347	21.3038	1.16684	2
3110	8.08407	0.720221	-0.549642	2
3119	8.179	12.9326	-0.133944	2
3137	6.73764	19.312	0.91354	2
3138	8.03727	15.4286	0.671587	2
3145	5.73885	12.235	0.674851	2
3153	9.36636	16.8523	0.230684	2
3163	5.87691	19.3143	0.453626	2
3172	9.62988	13.819	0.507388	2
3179	8.88154	0.494841	-0.642357	2
3180	6.77862	10.6155	0.314386	2
3181	9.39074	13.6332	0.706001	2
3184	8.82578	1.02636	0.118693	2
3192	5.52258	2.8795	-0.231514	2
3193	5.43859	3.03844	-0.0469019	2
3199	8.98436	18.4518	0.160781	2
3225	5.19639	19.0417	-0.0300689	2
3226	5.30402	19.1326	1.15165	2
3227	9.28921	10.2151	-0.105216	2
3228	9.31209	0.503756	-0.884401	2
3229	7.79972	22.9939	0.85679	2
3233	7.75863	9.2013	-0.488071	2
3242	9.53063	17.0099	0.084915	2
3246	7.091	23.3844	0.238066	2
3247	5.30033	9.70596	0.583211	2
3248	8.70745	16.671	0.0951394	2
3254	6.53542	17.8359	-0.343041	2
3259	8.91378	10.0474	-0.279157	2
3261	8.63754	2.76759	0.106161	2
3264	5.27714	7.1282	0.466988	2
3265	7.40357	13.8341	0.492703	2
3266	6.03335	12.8622	0.0440409	2
3283	8.40719	2.83903	0.62543	2
3289	8.83357	20.2943	1.04044	2
3296	8.30971	12.502	-0.00418131	2
3297	8.27534	9.89479	0.364139	2
3298	6.28858	1.36959	-0.872303	2
3303	7.81176	7.98513	0.632409	2
3305	8.3097	3.14083	0.0699379	2
3307	8.47181	8.93153	0.124	2
3312	5.82985	8.74032	1.29525	2
3313	5.42498	18.5057	0.310832	2
3316	5.25708	17.2789	0.111034	2
3320	9.22742	12.0865	0.644585	2
3335	6.73617	13.9242	1.22511	2
3336	5.83997	6.5334	0.327244	2
3342	9.49477	18.0757	0.650169	2
3357	5.72259	3.31304	0.804342	2
3359	7.90992	0.18816	0.285676	2
3361	5.02021	21.2367	0.535959	2
3369	7.06782	11.4723	0.0536839	2
3376	8.9278	16.9115	-0.290293	2
3377	8.92003	17.1441	0.394378	2
3382	7.34086	0.461819	0.170331	2
3383	7.07051	0.719175	0.019246	2
3386	9.9	5.56814	1.05053	2
3387	5.18368	9.47587	0.359286	2
3402	8.69889	1.31275	-0.0390259	2
3403	7.19319	2.57439	-0.0835531	2
3406	5.50645	13.801	0.345727	2
3420	8.9262	1.56777	0.777489	2
3425	6.29046	12.636	-0.246255	2
3427	7.41436	17.1995	1.76018	2
3429	7.23058	7.2713	0.305838	2
3432	7.78316	18.9195	1.55109	2
3447	6.09296	17.7471	0.280239	2
3463	9.088	3.57358	-0.0908243	2
3473	6.85614	0.693692	0.0582937	2
3480	5.45395	0.902051	0.853579	2
3484	8.1315	12.1191	-0.0483175	2
3492	9.41429	1.50035	0.432619	2
3493	9.7964	1.49312	-0.247013	2
3496	9.46479	17.8133	0.313864	2
3497	8.35707	20.9255	0.875593	2
3504	8.48205	22.1135	0.234216	2
3514	8.43618	13.0579	0.660176	2
3518	6.39983	17.3024	0.333416	2
3519	6.80272	17.8794	0.281847	2
3536	9.16238	21.6653	-0.0384099	2
3537	5.18086	20.0054	-0.152578	2
3540	6.30773	23.3335	0.557658	2
3545	9.63087	13.5528	0.303639	2
3549	7.63385	10.7334	-0.105708	2
3558	9.88938	24.6098	1.20056	2
3563	8.10884	22.9571	0.552459	2
3571	5.34603	8.28102	0.146481	2
3581	7.04633	2.81145	0.840525	2
3586	5.52699	18.7924	0.10397	2
3588	8.18978	8.47134	0.54506	2
3598	8.05361	16.2116	0.658649	2
3600	7.23854	3.86866	0.0130556	2
3605	8.73089	9.2232	0.0633209	2
3619	7.48395	1.07083	0.447143	2
3627	7.57169	18.6222	-0.270894	2
3630	6.25551	13.5644	0.050638	2
3634	9.52528	12.9853	0.810487	2
3664	6.42934	12.9887	-0.123265	2
3665	5.13309	7.59833	1.31108	2
3675	6.40975	3.9995	0.705933	2
3678	6.10788	15.9048	0.990735	2
3682	6.63985	6.84077	0.455567	2
3684	8.49005	9.54004	-0.153561	2
3685	5.39095	13.5593	0.550821	2
3687	5.64603	18.8663	-0.170876	2
3690	6.45678	19.5509	0.118636	2
3702	5.89582	18.87	0.641263	2
3720	9.88379	21.8101	0.909587	2
3730	7.67604	5.02883	0.512919	2
3742	9.31551	9.93785	0.862223	2
3750	7.53156	21.6518	0.482282	2
3761	9.88652	16.3789	0.167133	2
3762	9.22486	16.2333	-0.410998	2
3763	5.6104	0.68828	-0.239939	2
3764	8.66712	7.10613	0.42275	2
3766	7.71519	18.3634	0.5133	2
3780	7.71574	7.67745	0.345072	2
3795	8.78266	24.8596	-0.0976132	2
3796	6.9176	12.8181	0.52032	2
3797	7.45071	17.9721	0.325351	2
3798	7.71633	18.4273	0.287318	2
3800	5.90117	11.3108	-0.0392306	2
3801	5.73909	2.69197	0.335971	2
3803	5.15109	5.47979	0.293792	2
3807	6.78679	5.2575	0.138563	2
3809	5.97023	14.4575	-0.426548	2
3812	7.17712	3.50837	0.659664	2
3816	7.50351	19.9707	0.364118	2
3817	7.66129	19.4122	-0.246589	2
3823	9.39905	11.515	-0.10155	2
3825	5.97388	21.2143	0.463372	2
3832	7.36601	7.88026	0.118764	2
3834	9.57874	9.39721	0.553695	2
3847	8.80507	22.6025	-0.222887	2
3850	8.88608	8.65194	-0.173834	2
3854	6.29145	13.6872	0.333774	2
3858	6.19417	24.7253	0.247793	2
3861	8.87398	14.4385	-0.195189	2
3865	7.10229	17.1475	0.63073	2
3873	6.64971	17.6389	0.528184	2
3874	7.16359	12.7326	0.314743	2
3875	8.25819	12.0769	0.3545	2
3879	6.92491	16.2559	-0.0450461	2
3883	9.30847	12.9367	-0.214667	2
3887	9.92676	21.6273	0.162177	2
3899	9.72076	23.2708	0.512111	2
3907	5.16168	24.2352	0.209674	2
3908	7.99019	23.3391	-0.072472	2
3915	6.34529	18.0286	0.790388	2
3918	6.31123	3.3773	-0.422581	2
3921	9.19934	7.88068	-0.282511	2
3922	9.60227	7.91456	0.375354	2
3925	9.37321	17.017	0.450173	2
3926	6.47264	4.04941	-0.302318	2
3928	6.55209	16.9904	0.209709	2
3939	7.35267	6.62886	0.89208	2
3945	8.12143	19.0581	-0.0068718	2
3959	7.30916	11.7033	0.0491391	2
3964	9.32495	14.4411	0.0612966	2
3965	9.72342	14.0474	-0.118301	2
3966	9.73395	10.7344	-0.0335393	2
3971	8.4624	2.73174	0.229595	2
3981	5.11327	12.7662	0.672215	2
3990	9.01421	16.8885	0.785855	2
3991	9.30026	19.061	-0.106995	2
3992	8.93131	19.3123	0.710866	2
3993	8.05936	22.7755	-0.459068	2
3995	9.09938	14.7946	0.133221	2
3996	8.07463	1.39701	0.543081	2
4001	7.61875	7.4488	0.370207	2
4011	6.40014	1.60952	0.389942	2
4015	8.37708	16.9576	1.14213	2
4018	8.80225	24.3169	0.422011	2
4026	9.83823	3.67337	0.115561	2
4027	9.47967	3.78406	0.990701	2
4036	9.32884	6.82194	-0.846341	2
4044	7.8196	13.4093	0.645939	2
4052	6.91536	21.3119	-0.00753365	2
4054	8.2536	4.5105	0.606397	2
4056	7.76384	8.74989	0.743318	2
4057	7.00864	1.81722	0.123719	2
4062	7.33027	3.25198	0.290142	2
4063	7.34755	3.84026	0.27685	2
4066	7.85437	15.5371	1.02973	2
4067	7.56252	15.2456	0.123862	2
4069	6.82759	1.40687	0.283656	2
4070	7.3233	23.0455	0.953744	2
4073	9.76301	1.45133	-0.268359	2
4080	7.92446	2.28202	0.527358	2
4081	9.13574	17.6413	-0.205349	2
4088	8.22496	14.9584	0.910684	2
4097	7.36124	9.83425	1.05437	2
4098	6.16232	6.16971	0.741767	2
4099	9.23568	0.952803	-0.0704731	2
10	13.1031	23.2469	0.682076	3
17	12.3161	13.1943	0.687108	3
21	10.2666	11.7625	-0.111671	3
24	13.4704	16.7337	-0.0634619	3
25	11.5656	20.2421	-0.0808831	3
28	10.8173	12.7556	0.451858	3
29	11.6124	21.3733	-0.264098	3
33	12.9965	8.39565	0.319563	3
43	11.0109	3.70688	0.506193	3
44	14.7671	5.48585	0.624609	3
47	11.2568	0.426611	0.939462	3
50	12.9887	23.6681	0.451449	3
51	14.5505	5.09462	0.773713	3
61	12.2477	12.327	-0.412507	3
62	13.7295	21.8412	-0.409458	3
66	12.6482	6.25566	0.116007	3
68	14.89	22.3696	0.958169	3
74	13.0728	0.131099	0.380992	3
89	11.6011	17.6129	0.705337	3
94	10.2646	2.23711	0.6223	3
95	13.8442	8.8732	0.409397	3
130	11.9412	4.28948	0.0743466	3
136	14.5591	10.7358	0.156092	3
140	12.2775	17.5114	-0.214227	3
145	11.9772	11.0852	0.494145	3
146	13.0204	6.94983	0.58555	3
147	11.3418	20.0201	-0.0630524	3
150	13.4379	21.103	0.489811	3
154	12.0858	9.31744	0.501825	3
156	14.7352	21.9094	1.35598	3
158	10.8349	11.933	0.331608	3
161	14.9314	12.4715	0.219536	3
171	14.2664	23.222	-0.13017	3
172	11.6657	1.23452	0.294287	3
174	13.3989	5.28494	1.20801	3
176	14.5628	15.681	0.269349	3
179	12.4899	2.68309	0.319841	3
180	13.8717	2.61586	0.697127	3
195	13.9725	3.97628	0.172532	3
213	10.7916	5.58302	0.150145	3
220	12.8015	12.3248	0.186119	3
223	13.6716	18.5585	0.00923009	3
224	11.2625	4.84758	1.2103	3
237	10.0852	21.3823	0.393056	3
242	10.0799	19.2943	0.414437	3
254	12.7326	22.0848	0.478287	3
257	12.219	5.81242	0.464069	3
265	10.8667	5.4981	0.207731	3
266	11.6656	11.2028	0.221909	3
271	10.8288	20.2865	-0.779738	3
273	11.78	8.33002	0.268987	3
284	10.5588	19.2371	0.356846	3
288	12.9832	12.091	0.763121	3
292	14.8368	12.0623	0.11751	3
294	13.7293	18.0126	0.0994415	3
297	10.267	8.79592	0.420227	3
301	13.8611	1.0289	0.269854	3
302	14.3485	14.0995	-0.307208	3
303	11.734	10.8446	0.975578	3
307	10.5689	11.5827	0.259432	3
309	10.9282	14.2727	-0.219151	3
312	10.2792	18.3216	0.723583	3
322	14.0513	6.87714	0.451422	3
326	14.706	22.4763	-0.3824	3
327	10.1327	14.1903	0.414404	3
331	12.9592	9.26934	0.524962	3
339	14.1902	3.73384	0.172403	3
343	13.0707	18.3513	0.92592	3
346	11.6347	23.682	-0.546792	3
350	14.2132	5.12938	0.780386	3
356	11.9661	19.4369	0.472528	3
361	11.9967	2.81328	1.26013	3
362	11.964	24.5461	0.665161	3
364	13.7848	9.19301	-0.078704	3
374	10.5624	4.04281	0.539836	3
375	11.4181	17.1409	0.856137	3
376	12.1355	22.4669	0.260955	3
377	10.2914	13.4464	-0.354973	3
392	11.4936	15.7791	-0.0700085	3
401	11.0173	14.5623	-0.162821	3
403	10.2069	2.60452	0.755151	3
405	10.3109	24.7467	0.964673	3
408	14.1205	9.24071	0.289604	3
410	14.4348	3.60882	0.354048	3
412	13.6393	1.06016	0.908382	3
414	10.852	6.89978	-0.661734	3
417	10.0897	14.3354	0.53767	3
421	11.9925	2.85813	-0.0556982	3
423	14.8908	19.0679	0.628978	3
425	10.7641	12.4917	0.133922	3
428	12.015	20.1323	0.307116	3
429	10.0103	7.44537	0.025788	3
435	14.0149	4.47493	-0.158672	3
451	11.3801	23.0861	0.114016	3
453	13.7451	23.7232	0.65199	3
455	11.3379	4.77697	0.826368	3
480	13.0112	22.7303	0.209913	3
485	13.0252	6.80895	0.586772	3
488	12.7503	19.4826	-0.0934058	3
490	13.9233	23.7739	-0.667478	3
491	10.3862	23.5663	0.161347	3
497	10.2356	13.3337	0.832504	3
500	10.765	22.2276	0.243757	3
511	10.3629	9.92571	0.0644451	3
519	13.2633	23.1268	0.00846279	3
520	14.9126	0.481062	-0.407934	3
521	10.8068	5.90639	1.11607	3
523	10.6252	7.6101	0.697406	3
527	10.7965	9.21379	0.0627306	3
535	12.8563	19.8814	-0.628338	3
540	10.6378	23.8322	-0.139933	3
547	11.2179	7.91818	0.761017	3
548	11.8907	1.71476	-0.20885	3
552	12.1171	17.9084	0.761472	3
553	11.3847	8.02978	-0.703981	3
554	10.3649	1.92386	-0.0709677	3
558	11.3106	11.4534	1.23865	3
563	13.3799	5.03435	0.302427	3
577	13.5465	16.5641	0.340272	3
582	13.419	15.6885	0.602956	3
583	14.1671	10.8907	0.502427	3
592	10.4248	24.0728	0.911051	3
595	10.927	8.98931	0.0311637	3
601	10.4424	20.6707	1.12197	3
621	14.882	7.31553	0.403433	3
623	11.56	12.0004	-1.15582	3
632	10.5723	2.87563	0.61148	3
636	14.8936	9.54458	-0.141769	3
641	12.6326	7.74825	0.305001	3
643	14.7565	1.43421	0.923475	3
649	14.6876	18.741	1.28427	3
655	14.9734	24.5534	0.490044	3
658	12.974	11.5387	0.89595	3
659	11.4767	12.9917	0.244566	3
666	12.7618	1.15845	0.0360117	3
669	14.2796	15.9841	-0.441403	3
671	10.6597	10.8324	0.0304889	3
679	13.8025	13.0241	0.11925	3
680	11.585	11.3763	0.0966282	3
682	14.4467	17.238	0.619841	3
687	13.7196	11.4167	-0.113152	3
690	12.6057	22.2198	0.755214	3
702	10.3552	5.33953	0.611498	3
712	13.449	19.065	-0.103655	3
714	14.8114	18.1153	0.665186	3
720	13.807	15.1572	-0.48421	3
721	13.3954	17.3319	-0.277924	3
724	10.4918	23.42	-0.0281227	3
730	14.304	23.0419	0.303583	3
734	12.5417	0.052453	0.112589	3
738	11.957	10.6157	0.325037	3
740	13.4887	22.4859	0.345636	3
747	12.9598	8.9551	-0.443063	3
757	13.9286	23.0685	0.633054	3
760	10.4441	1.22632	0.193182	3
761	13.9862	3.89336	0.970193	3
763	11.0119	4.02574	-0.279689	3
765	14.9072	23.4014	0.403153	3
766	14.8545	18.8654	0.0544646	3
768	14.3104	8.68004	0.531962	3
773	13.7648	9.76373	0.905676	3
781	14.0085	6.83176	-0.142464	3
782	13.1401	15.3778	-0.258375	3
785	12.2724	2.7038	0.165944	3
788	11.6637	16.484	-0.447465	3
792	11.7797	15.0936	0.631547	3
794	10.3474	20.8675	0.925145	3
798	13.5958	24.0924	0.387763	3
799	12.9673	20.5493	0.71071	3
800	12.8641	8.65954	0.0250435	3
803	12.4876	9.03302	0.247665	3
804	12.039	14.5751	0.253285	3
813	13.8629	14.6076	1.03944	3
819	12.4034	7.96397	0.749133	3
840	10.4855	18.5871	0.924918	3
841	13.0555	20.1294	0.783055	3
843	12.0627	18.8216	1.17922	3
846	13.8223	22.2353	0.208247	3
862	13.1335	13.0703	0.0732506	3
865	12.5946	14.7722	0.312395	3
875	10.6545	21.8168	0.701747	3
876	14.0321	10.6723	0.0993188	3
878	11.4073	20.4084	0.506779	3
888	13.0651	2.93547	0.370105	3
897	14.7873	17.9358	0.501157	3
899	13.521	0.375222	-0.133809	3
900	13.0233	13.3601	1.49944	3
907	13.2253	9.11185	0.488448	3
910	11.4218	8.67074	0.434071	3
917	13.5526	1.62968	0.223904	3
921	14.8591	22.4274	-0.0470723	3
925	10.8054	11.0668	0.407944	3
926	13.8857	24.0186	0.0561805	3
928	13.2064	10.3147	0.286298	3
930	14.3889	23.5378	1.10196	3
931	14.2513	21.5317	0.8818	3
936	11.817	6.13865	-0.56281	3
938	14.9111	16.2981	0.44094	3
939	11.558	15.4917	-0.493916	3
942	12.9554	20.5418	-0.067139	3
948	10.5287	3.1218	-0.133996	3
951	12.2151	21.9484	0.299416	3
954	13.2249	9.2337	0.0103007	3
964	12.3971	23.3008	1.11562	3
966	10.5842	2.80504	0.388469	3
968	14.116	18.1335	-0.312749	3
972	10.8915	14.0174	0.753928	3
973	10.2176	18.6773	0.0436105	3
979	14.0449	17.5545	0.657337	3
989	14.5329	23.0897	0.249168	3
991	14.3131	9.32841	0.486299	3
992	13.5065	4.73417	0.0463065	3
1005	14.2129	24.616	-0.501613	3
1007	10.843	16.7877	-0.349925	3
1009	10.2329	11.4636	0.43339	3
1021	13.4523	12.8659	0.453563	3
1034	14.9987	23.169	0.38567	3
1037	10.4531	5.05692	0.638089	3
1038	11.0254	21.7058	0.274721	3
1050	12.4558	13.3776	0.333246	3
1055	11.7916	16.5587	0.425478	3
1060	11.625	21.9274	0.124116	3
1065	12.4807	11.7247	0.273916	3
1067	14.1399	5.7729	0.240921	3
1072	10.5112	23.7244	0.953543	3
1079	11.6734	19.2706	0.293627	3
1081	11.9531	10.2953	1.11359	3
1085	13.5822	19.5745	0.317609	3
1087	11.5709	17.6825	0.517985	3
1088	11.3308	4.52258	0.223208	3
1093	10.4041	2.78269	1.11809	3
1099	13.3902	14.729	0.615279	3
1104	14.0787	11.9416	0.540045	3
1105	11.2743	13.1927	0.620673	3
1107	13.1337	24.25	0.0877712	3
1110	12.9048	4.5981	0.0246499	3
1113	12.1769	7.42317	-0.879485	3
1114	12.0338	6.86198	-0.211001	3
1118	13.7876	6.9687	0.617225	3
1119	13.7127	17.9817	0.379596	3
1120	11.2608	18.6815	0.0535285	3
1122	11.9597	7.09141	0.0676243	3
1124	14.3548	17.3859	0.464845	3
1126	14.7738	4.56194	0.923284	3
1130	13.992	11.4808	0.827148	3
1131	10.5012	20.2085	-0.132201	3
1132	13.5598	24.9208	-0.0441331	3
1135	13.6346	19.2258	0.097673	3
1142	14.9858	20.2707	-0.0861796	3
1157	10.7383	13.4244	0.831398	3
1166	13.0512	12.8901	0.413635	3
1167	12.7725	10.7397	0.367738	3
1169	11.8224	24.5505	0.0344015	3
1173	10.68	20.9245	-0.250721	3
1176	13.1577	22.237	0.316978	3
1178	14.3802	12.9599	-0.404059	3
1180	14.1796	24.1463	0.117546	3
1183	14.4679	10.0433	0.373868	3
1189	11.4233	10.3787	1.03965	3
1193	11.1349	14.1202	-0.271393	3
1210	14.94	15.5747	-0.396231	3
1211	10.2427	8.61443	0.366127	3
1218	14.4233	1.85058	0.337658	3
1220	14.6717	11.6487	-0.164021	3
1226	10.6827	4.74243	0.720398	3
1231	13.2554	10.2416	0.783485	3
1245	12.7806	1.81533	0.476945	3
1247	12.535	23.2858	-0.404217	3
1249	13.766	7.91107	-0.483895	3
1250	12.2884	24.5652	0.222615	3
1256	12.7189	8.03661	0.448137	3
1258	14.3794	2.70268	0.492173	3
1259	10.3679	3.19773	-0.461209	3
1265	11.3669	24.3127	0.0844998	3
1266	11.7565	24.4298	1.05401	3
1269	11.1042	21.8043	0.106745	3
1271	11.7597	14.7861	0.0691014	3
1272	11.8511	19.9243	0.167363	3
1279	10.7083	10.208	-0.00850043	3
1284	10.5584	16.1509	0.756706	3
1299	14.4045	24.9572	-0.126162	3
1300	14.7308	19.6481	-0.214893	3
1304	14.2589	3.29094	0.519557	3
1305	10.4516	17.7164	0.601582	3
1321	10.1928	1.63494	0.703667	3
1322	14.9843	10.8933	0.932362	3
1326	10.6519	19.9398	0.435264	3
1330	14.9091	19.5083	0.188556	3
1334	10.2961	20.1899	0.521375	3
1344	14.9122	13.8725	1.56955	3
1345	10.6028	15.2869	0.925853	3
1351	11.6556	20.3977	-0.283136	3
1365	14.9799	19.3494	0.476177	3
1368	12.7684	19.2759	0.0484741	3
1371	12.7157	4.89579	0.150991	3
1375	10.5225	15.846	-0.411249	3
1376	13.049	13.9794	-0.268248	3
1386	10.7822	24.3404	0.0917656	3
1387	11.5183	0.28591	0.166843	3
1389	10.4959	14.4211	0.806049	3
1407	11.0734	16.7263	0.204087	3
1410	11.7611	6.71996	0.703247	3
1411	12.0098	16.3679	-0.229079	3
1419	10.5067	24.293	-0.330065	3
1422	10.5302	23.1031	0.918755	3
1426	13.427	2.36542	1.40075	3
1445	10.4526	7.85624	0.0363369	3
1448	13.275	5.32731	0.296555	3
1450	13.0324	3.39179	0.0394091	3
1453	10.2099	10.9444	0.128582	3
1469	14.7685	13.4262	0.194471	3
1473	11.6874	1.86195	0.54012	3
1476	13.2946	13.9787	0.176797	3
1486	11.9887	5.71238	-0.109148	3
1494	12.8618	21.0404	1.16406	3
1501	13.1136	16.0062	-0.610152	3
1502	13.431	24.0359	0.539703	3
1508	13.7422	4.38988	-0.223088	3
1510	13.2859	5.37771	0.959413	3
1525	11.9217	15.4375	0.431833	3
1530	12.6239	13.562	-0.746043	3
1532	11.9959	10.8524	0.635511	3
1533	12.8403	11.1226	0.311994	3
1537	13.5177	22.4954	1.10728	3
1539	14.0385	17.2081	0.358687	3
1540	13.9271	10.6837	0.156473	3
1544	12.2396	7.44819	0.344828	3
1545	13.4646	5.22163	0.619353	3
1546	14.2933	7.22679	0.822503	3
1549	12.3071	12.5559	0.138862	3
1556	14.7473	14.6412	0.226967	3
1560	14.7884	16.8122	0.472027	3
1561	10.4591	16.7092	0.400427	3
1562	13.0673	22.821	-0.0562765	3
1564	14.304	15.4061	0.806148	3
1577	11.2536	6.90018	-0.34754	3
1588	13.9441	18.6258	0.293114	3
1592	11.3327	19.4902	0.70643	3
1597	12.175	3.51355	-0.105684	3
1605	10.1873	21.8241	0.0676194	3
1606	14.3059	15.7503	0.290515	3
1611	14.2235	12.1793	0.140817	3
1612	14.3294	19.3064	0.58288	3
1618	14.8164	14.6283	0.277486	3
1621	12.8551	0.114786	0.120686	3
1623	10.4317	11.213	-0.881608	3
1624	13.4954	4.47059	0.849463	3
1632	11.7221	15.3945	-0.152645	3
1633	11.1259	24.5759	0.31577	3
1639	10.5921	24.9825	0.773809	3
1647	14.3417	5.92977	-0.391533	3
1657	13.1113	7.29809	-0.657624	3
1662	14.3806	2.15316	0.191255	3
1667	12.9699	24.6828	0.490257	3
1668	12.4032	8.70674	0.620032	3
1670	13.1796	15.9258	0.456716	3
1677	14.1183	10.4016	0.334041	3
1688	13.3195	3.02231	0.868548	3
1692	12.1457	19.7694	0.613902	3
1698	13.4625	8.90203	1.26744	3
1702	13.669	15.1957	0.751272	3
1708	11.9211	15.0844	0.8861	3
1712	14.5494	1.44755	-0.0261433	3
1714	14.0078	22.7275	1.34917	3
1716	14.7205	22.8496	0.0359651	3
1718	11.7379	14.1208	1.14338	3
1719	11.4674	0.341547	0.00968548	3
1722	12.0646	13.2936	0.147987	3
1723	12.8337	11.972	0.343838	3
1730	13.1988	17.9664	1.58154	3
1740	10.3654	18.8499	0.366956	3
1745	10.8738	17.677	0.436466	3
1749	10.1323	14.6357	0.145226	3
1751	13.2919	4.17853	0.112139	3
1754	14.183	22.0877	-0.104967	3
1757	10.2424	11.9131	0.249091	3
1762	13.8958	15.6982	0.465709	3
1765	14.4523	4.60402	0.748367	3
1767	10.1601	23.7299	-0.103513	3
1770	11.2487	8.94612	0.519013	3
1794	11.2442	10.8948	-0.807828	3
1800	11.2256	17.8076	0.224125	3
1813	12.9215	16.028	0.383814	3
1818	14.437	16.9398	0.500321	3
1835	12.4925	2.29297	0.723674	3
1837	12.0289	24.9656	0.295463	3
1839	13.6492	16.9082	0.595384	3
1840	13.2287	10.0373	0.525624	3
1843	14.5927	21.8094	0.823286	3
1858	11.2459	19.5339	0.0508783	3
1861	12.1588	6.03989	1.07797	3
1863	14.501	8.93408	1.33874	3
1877	12.9651	13.6676	0.158974	3
1886	11.5434	1.41893	0.000467013	3
1887	10.7431	1.34171	0.0973267	3
1888	12.8408	8.80512	0.528634	3
1895	12.056	5.04453	-0.309992	3
1897	13.6559	11.1138	0.975079	3
1900	10.2433	16.223	-0.315485	3
1907	12.451	6.10197	0.37778	3
1908	12.9362	6.45834	-0.267384	3
1910	10.6391	22.6078	1.16422	3
1914	12.6052	2.94271	-0.432153	3
1916	12.8837	0.60362	0.794704	3
1918	14.682	9.90588	-0.868367	3
1931	12.0917	13.6706	-0.0372195	3
1936	10.2656	16.1948	1.02049	3
1939	12.6313	16.6429	0.703327	3
1943	12.0583	20.5982	0.103149	3
1944	11.2923	20.9954	0.494995	3
1949	10.5863	11.0732	0.626564	3
1950	13.9669	24.5363	0.759224	3
1951	12.4971	24.401	0.738709	3
1952	14.9955	19.9628	0.889749	3
1957	10.958	21.2253	0.409541	3
1962	10.3169	17.0848	0.524578	3
1967	14.1686	21.2713	0.110443	3
1973	14.4408	16.1189	0.706069	3
1974	13.5257	21.1489	0.68831	3
1989	12.0584	3.28076	0.312374	3
1990	12.791	0.632232	0.295722	3
1996	14.6317	6.42265	0.0177397	3
1997	14.5351	14.9383	0.646733	3
2000	13.3512	14.4716	0.914215	3
2010	11.4693	1.85281	0.373419	3
2011	13.9857	5.2561	0.458832	3
2014	13.3365	14.9073	0.143003	3
2024	14.912	7.50078	0.905661	3
2027	12.643	2.07815	0.244333	3
2032	10.0223	15.3259	0.560101	3
2046	11.5338	10.2269	0.429982	3
2052	13.5411	5.9264	0.34539	3
2056	10.6185	24.6218	1.14694	3
2057	10.4687	6.73701	0.173611	3
2058	11.277	6.48761	-0.243628	3
2059	11.7805	12.7896	0.654244	3
2063	11.1407	2.15041	-0.290786	3
2070	13.9388	12.6987	0.1952	3
2071	14.0474	12.8721	0.828984	3
2080	10.4954	16.4145	-0.311338	3
2085	10.8454	15.2805	0.347093	3
2086	13.3548	6.43627	1.01486	3
2093	14.5569	4.14522	0.834594	3
2099	12.0348	13.7475	0.07945	3
2108	10.4958	9.2621	-0.341796	3
2110	10.7961	8.62758	-0.0513272	3
2111	12.9982	21.0427	-0.080343	3
2114	12.6628	18.0006	0.919144	3
2120	12.1453	16.1342	0.145482	3
2127	13.7022	16.9305	0.0314901	3
2144	13.6443	6.84456	0.688282	3
2145	13.9484	15.8407	0.439885	3
2146	13.1393	14.5235	0.400766	3
2160	13.9953	16.6439	0.294091	3
2169	14.2966	6.76073	0.539453	3
2181	13.5322	10.6135	0.287545	3
2199	12.4662	9.06956	0.175521	3
2204	10.6123	16.7671	-0.0912612	3
2207	12.1757	13.5796	0.631739	3
2214	14.2344	19.7737	0.122684	3
2216	10.0713	17.8213	0.392993	3
2221	13.5125	9.41112	-0.140303	3
2225	11.1061	3.27166	1.87703	3
2226	14.5182	22.3053	0.0515588	3
2229	14.8547	6.75801	0.389088	3
2236	12.1186	21.0094	-0.00239378	3
2241	12.4007	10.4814	1.30712	3
2252	11.1787	14.3018	0.87006	3
2256	11.6445	16.552	-0.588283	3
2261	12.8599	4.36262	0.491145	3
2262	12.9857	5.96177	0.995464	3
2277	11.8767	7.95799	0.391287	3
2279	11.0384	21.583	0.408983	3
2284	12.0467	17.2592	-0.0900909	3
2296	13.031	0.770992	0.12574	3
2297	13.8393	0.62997	0.467286	3
2308	10.3228	20.4803	0.864704	3
2309	14.069	15.6995	-0.600983	3
2311	11.6799	9.44719	0.456502	3
2313	13.4726	17.5744	0.41225	3
2316	13.4125	22.4718	0.364694	3
2319	12.2647	0.223733	1.09497	3
2323	11.1997	1.79038	0.223322	3
2326	11.106	15.8025	0.520113	3
2327	12.4497	16.9283	-0.0869372	3
2330	11.4536	4.95078	0.53599	3
2340	13.0601	1.62343	-0.22571	3
2342	12.6508	0.101835	0.19522	3
2346	13.4894	24.4661	-0.123355	3
2348	14.5325	2.75183	0.694408	3
2349	10.8811	7.19695	0.233924	3
2358	11.5873	21.828	0.49379	3
2360	10.9698	14.3134	0.777972	3
2362	14.8827	20.799	0.677057	3
2370	14.6571	8.50722	0.160193	3
2382	11.2989	1.20347	0.596603	3
2385	11.6137	5.49331	1.20456	3
2392	12.7419	1.08204	0.500827	3
2395	13.4483	11.7991	1.00255	3
2405	12.1361	20.0135	0.490619	3
2408	14.927	3.72595	0.666733	3
2416	11.1696	0.729556	-0.141125	3
2418	11.0949	17.1721	0.731917	3
2423	14.8896	7.34116	0.632577	3
2426	11.1699	23.774	0.215786	3
2427	14.4216	13.6728	0.425928	3
2428	13.7763	12.0516	0.322267	3
2430	10.1792	5.87669	0.557487	3
2437	11.8973	22.4475	0.587646	3
2443	14.7984	7.29629	0.516491	3
2446	13.5326	5.19044	-0.186149	3
2459	13.6785	12.6151	0.628608	3
2462	11.8925	11.3574	0.590921	3
2464	12.5391	3.60679	0.428329	3
2468	13.7593	21.6718	-0.00977612	3
2477	14.695	16.6421	0.0524337	3
2496	13.6455	20.3007	-0.491395	3
2498	10.6258	4.16709	0.628012	3
2499	10.3622	3.72971	0.357863	3
2515	11.6042	17.5164	0.682094	3
2516	14.9022	20.5689	0.890037	3
2517	14.5206	21.2991	0.0899007	3
2518	11.7232	12.4219	0.951719	3
2520	13.1889	23.2027	-0.553273	3
2521	12.2904	22.9373	0.790656	3
2523	12.9516	10.7813	0.285785	3
2537	14.3083	23.0417	0.533914	3
2541	10.7973	5.70008	0.360775	3
2542	11.2666	5.49386	0.261457	3
2543	12.2219	0.383045	0.920871	3
2552	13.0654	4.09462	-0.340224	3
2553	13.5151	7.88148	0.133799	3
2564	13.1937	16.6528	0.779978	3
2570	12.5554	19.344	0.276722	3
2573	14.5317	16.5063	1.02345	3
2577	14.2666	11.6477	0.853703	3
2580	12.2099	18.7261	0.592125	3
2582	10.8342	23.7931	0.388846	3
2584	10.3865	14.8573	0.619159	3
2586	12.7519	15.1699	0.806176	3
2589	14.8775	22.8163	-0.00885281	3
2593	11.5915	10.8495	1.2264	3
2599	14.5964	7.59879	0.580818	3
2608	14.2635	3.40081	-0.0894961	3
2609	14.7205	3.95287	1.72486	3
2614	13.1434	20.7906	0.47598	3
2620	14.0771	14.6067	0.0126551	3
2625	14.3972	10.2538	0.682551	3
2629	11.6042	14.2126	0.0623476	3
2631	13.9944	23.1562	0.509808	3
2632	14.5655	22.3115	0.313298	3
2635	10.4171	22.8601	-0.231213	3
2636	14.7742	23.5393	-0.280796	3
2639	12.8796	22.2527	0.954669	3
2642	10.8849	22.7033	0.199072	3
2643	11.1775	7.0865	0.395493	3
2647	11.9009	9.88542	0.481312	3
2655	12.751	18.4427	0.362922	3
2672	10.7011	15.2023	0.157049	3
2681	13.5161	13.8606	0.285595	3
2682	11.3015	16.7431	-0.00817034	3
2692	12.619	16.8961	0.781324	3
2693	11.8592	17.5315	0.203467	3
2694	11.1321	24.8265	0.837172	3
2704	11.6221	11.556	1.5876	3
2706	11.483	0.517272	-0.287865	3
2709	14.5435	18.5129	0.848986	3
2710	12.0491	13.2925	0.438627	3
2716	14.3849	20.843	0.56087	3
2720	13.7172	15.0363	1.40483	3
2721	12.7369	9.25486	-0.0246374	3
2723	10.0103	7.97509	0.619878	3
2725	14.4986	2.52694	0.869435	3
2727	11.3588	5.73614	0.77848	3
2730	12.4247	7.97025	0.377496	3
2736	13.7473	7.11231	0.861764	3
2744	14.7826	5.74263	0.125817	3
2745	13.8899	23.6145	0.197704	3
2748	14.1456	14.4406	0.562216	3
2758	11.0375	7.05548	0.564342	3
2759	11.4271	7.16218	0.363594	3
2760	11.6539	7.84213	0.159867	3
2767	12.0507	6.06541	0.584582	3
2776	13.5374	3.31263	0.397118	3
2778	11.8364	10.3729	0.191291	3
2784	11.8594	18.3011	0.961897	3
2787	12.3154	22.1319	0.498755	3
2788	12.2344	11.6865	0.288483	3
2793	14.098	0.972222	1.26745	3
2795	11.3591	3.7949	-0.0981089	3
2796	12.8098	19.0293	1.03809	3
2803	13.1731	18.5277	0.38303	3
2810	12.8287	11.2494	0.895675	3
2823	14.5339	17.4436	0.291785	3
2837	12.9007	23.9378	0.465695	3
2838	11.6011	23.7485	0.0705331	3
2842	11.4332	20.4807	0.254282	3
2843	10.4436	15.7686	0.831073	3
2848	13.9498	15.4206	-0.0953601	3
2849	12.902	7.66693	0.394105	3
2865	11.7744	8.28377	-0.0253585	3
2869	14.0634	16.3454	0.204545	3
2874	12.989	15.7908	0.00174341	3
2878	14.1736	18.0342	0.887203	3
2885	13.8518	18.8626	0.844935	3
2886	14.8014	5.39034	0.508456	3
2895	10.3416	11.0723	0.689783	3
2898	14.6742	7.74887	1.41892	3
2901	11.3315	7.00304	0.275018	3
2906	13.0473	24.4319	0.138453	3
2907	13.8846	15.8065	-0.303103	3
2909	10.6842	21.8319	0.418997	3
2912	14.8082	18.179	-0.0796571	3
2914	10.8039	16.1905	1.67832	3
2915	12.0572	3.11475	0.0834002	3
2940	13.9385	17.4313	1.03492	3
2942	12.3214	16.5543	0.423844	3
2943	14.9877	4.23996	0.586627	3
2956	10.7829	7.63238	0.265357	3
2958	11.6842	9.30249	-0.16766	3
2959	11.0963	7.53365	-0.311583	3
2964	14.0371	11.0541	0.590253	3
2978	11.6494	10.7653	0.361072	3
2979	14.6735	18.5034	0.788621	3
2990	11.4531	5.92796	1.1961	3
2995	14.6504	14.5351	0.465549	3
2996	10.2081	2.25736	0.966705	3
3025	11.1982	2.24445	-0.428102	3
3031	11.0363	14.3837	-0.522647	3
3032	10.5436	13.5811	-0.459263	3
3034	10.328	17.3849	1.02216	3
3042	12.4982	15.7689	0.318433	3
3044	14.4048	12.3795	1.05876	3
3052	11.2991	17.861	0.723986	3
3055	12.4085	23.6727	-0.0539171	3
3060	14.8682	16.8897	0.046618	3
3064	14.2165	16.3486	0.24498	3
3065	13.9921	16.9955	0.705099	3
3066	11.4098	7.99414	0.469314	3
3067	11.1679	7.35227	-0.14959	3
3071	12.0779	13.1173	0.0673549	3
3072	11.9773	13.1918	1.0031	3
3073	10.854	19.9472	0.0738482	3
3074	13.8047	20.9636	0.758401	3
3077	12.7012	8.53731	0.62233	3
3078	11.7411	13.456	0.228209	3
3079	11.7031	13.8538	0.13045	3
3082	14.9126	16.5524	0.297376	3
3085	12.6079	10.1797	0.349796	3
3098	12.9286	24.9201	0.41278	3
3100	12.4396	11.7872	0.208398	3
3101	12.5466	17.4451	0.70599	3
3102	14.974	20.3466	0.925289	3
3104	12.0091	7.40418	-0.0846127	3
3108	14.9242	21.5964	1.168	3
3113	14.6366	21.0613	0.779978	3
3118	14.3668	4.78068	0.662246	3
3125	13.4037	3.69303	0.0695483	3
3127	12.5995	16.421	0.275978	3
3130	11.4126	14.7283	-0.0200824	3
3131	12.7051	20.5656	-0.680708	3
3135	13.9353	20.1865	0.781021	3
3136	13.9139	8.19952	0.36923	3
3140	12.7235	4.16521	-0.423698	3
3150	14.2974	22.8766	0.0535702	3
3155	11.9648	1.27201	0.545153	3
3164	13.4902	18.3229	0.685689	3
3167	11.5752	8.77815	0.700125	3
3176	13.9948	11.8487	0.000443245	3
3178	11.6323	17.0876	0.572858	3
3183	13.763	13.3084	0.250856	3
3197	10.2868	23.8952	-0.502593	3
3198	14.1719	13.2821	0.664839	3
3200	11.9874	19.6726	0.359677	3
3203	10.1643	17.2101	0.954102	3
3208	13.197	14.2031	0.243582	3
3209	11.6419	8.00328	-0.037504	3
3212	12.0222	17.066	0.688003	3
3218	11.6877	11.47	0.146201	3
3221	14.4915	16.7341	-0.520421	3
3240	13.5895	3.23985	-0.241293	3
3243	12.8562	17.0312	0.236546	3
3244	13.1322	3.10851	-0.289988	3
3245	11.7725	11.257	-0.422155	3
3251	10.1657	2.94525	0.238852	3
3257	11.1797	6.43916	-0.156812	3
3258	14.8482	4.66741	1.13461	3
3260	12.3512	12.1826	0.128052	3
3268	11.2922	22.827	0.291625	3
3270	12.0252	3.88585	0.795349	3
3279	14.5522	15.6515	0.961709	3
3291	11.3774	15.9489	0.384169	3
3292	10.8507	1.62115	-0.585738	3
3294	13.3888	6.05529	1.21311	3
3295	14.1696	5.75062	0.484562	3
3300	12.9543	11.6766	1.11765	3
3301	10.439	21.3183	0.0304579	3
3310	14.9794	0.69526	0.810948	3
3311	14.4624	13.9511	0.761488	3
3317	14.4135	2.09842	0.125605	3
3325	10.6066	4.34592	0.202352	3
3333	14.8857	0.97546	0.681567	3
3334	14.5528	16.2329	0.571787	3
3343	12.0159	6.05835	0.840508	3
3346	11.4995	9.34756	-0.142686	3
3347	11.94	13.8503	0.431209	3
3353	10.8058	11.9704	0.978323	3
3354	12.5602	23.0859	-0.135773	3
3358	13.4329	24.08	0.679926	3
3364	13.2146	6.63762	-0.593885	3
3365	11.2348	8.13815	0.208039	3
3368	13.781	21.3923	0.430445	3
3372	12.9766	22.9299	-0.329071	3
3388	14.8495	10.6426	0.59091	3
3389	14.347	10.9392	1.68148	3
3390	13.1174	13.3862	0.110345	3
3395	14.9099	16.6471	0.668968	3
3396	14.3827	16.3763	-0.0961834	3
3405	14.8213	15.2141	-0.360105	3
3407	10.4077	16.236	0.289668	3
3413	12.0115	13.7976	0.576642	3
3416	10.2468	11.852	0.0923319	3
3419	13.9152	16.3737	0.0748557	3
3422	12.4954	23.3359	0.461678	3
3426	14.8514	17.6175	0.243495	3
3435	12.4837	9.22448	-0.099831	3
3441	13.9882	17.6683	0.878015	3
3444	10.0078	7.13694	0.387022	3
3445	10.336	7.29272	-0.0890777	3
3449	11.4907	8.87806	-0.185161	3
3450	11.2631	11.7769	-0.849184	3
3451	14.608	4.66077	0.930214	3
3454	10.6691	22.0057	0.75377	3
3462	14.9953	1.13424	0.251962	3
3470	14.8608	24.9902	-0.392248	3
3472	12.0328	20.2382	-0.544334	3
3478	12.247	11.5226	-0.25469	3
3488	11.1622	10.1267	-0.399317	3
3489	11.6634	17.1392	0.213057	3
3495	11.3304	14.1307	-0.135905	3
3502	14.2857	15.8158	0.27844	3
3503	11.615	8.0338	0.271451	3
3505	11.7234	22.2926	0.0636211	3
3507	14.6556	18.3243	0.38732	3
3509	12.3244	8.37406	0.149655	3
3510	13.6031	15.9566	1.0717	3
3512	14.5015	12.0006	0.230935	3
3517	10.6731	16.5899	0.410394	3
3521	11.6857	10.3218	-0.213848	3
3523	14.7719	23.3948	1.00132	3
3524	11.7011	10.8277	0.799922	3
3529	11.1135	21.8905	-0.396717	3
3535	10.6579	16.792	-0.540607	3
3538	12.2677	1.45776	0.980759	3
3544	10.1976	19.6317	-0.121013	3
3550	11.4044	16.8043	0.146265	3
3553	10.2415	1.62826	0.400384	3
3560	13.8674	3.58161	0.117145	3
3562	14.2796	2.47786	0.762355	3
3567	13.5	16.3707	0.887349	3
3576	14.9629	22.9361	0.826313	3
3582	10.0319	1.05797	0.538349	3
3593	14.5953	3.98688	-0.403063	3
3594	14.4528	4.08635	0.122279	3
3596	13.3988	14.7524	0.083316	3
3597	14.0019	12.5992	0.403045	3
3613	11.4887	8.6447	0.209247	3
3617	14.5483	5.2497	0.522139	3
3620	10.3358	11.6224	0.331854	3
3622	12.5173	13.2004	0.180389	3
3623	13.9547	21.8674	0.297275	3
3624	11.3344	24.539	-0.240186	3
3625	13.905	17.2912	0.0877089	3
3626	13.6778	1.01535	0.268753	3
3628	14.0682	18.7169	0.631026	3
3629	12.074	24.1746	0.36172	3
3636	14.2853	6.1857	-0.156356	3
3643	13.6751	20.1491	0.632958	3
3650	11.2319	22.6336	0.659607	3
3659	14.1646	1.33227	-0.592283	3
3667	12.8946	9.3288	0.0040102	3
3668	13.5571	1.20098	0.0627722	3
3669	10.1872	16.9452	0.995512	3
3681	13.0212	22.8528	0.693311	3
3683	12.5173	3.21365	0.351901	3
3692	11.2668	6.67967	0.644157	3
3710	14.7057	8.77167	1.16494	3
3711	14.4367	15.61	-0.0550516	3
3712	13.9005	21.3598	-0.146611	3
3715	14.0924	24.1147	-0.489122	3
3731	14.8157	21.1291	0.7926	3
3733	11.3764	1.58889	0.722313	3
3737	10.9508	18.4569	0.424429	3
3744	10.7116	7.8005	0.725983	3
3745	10.7806	4.40003	0.642939	3
3749	13.532	0.315514	0.443324	3
3758	13.825	5.63784	0.422402	3
3759	13.3155	4.63525	0.0522607	3
3768	12.6438	11.3468	-0.415156	3
3769	13.1769	18.0706	0.683731	3
3773	14.7567	10.3573	-0.330981	3
3777	13.2917	13.0391	0.654573	3
3779	10.6831	8.16058	0.840186	3
3783	10.2994	13.5446	0.716529	3
3788	12.1519	16.1374	0.537535	3
3794	10.4005	5.57904	0.655758	3
3819	12.4604	19.8437	0.198719	3
3833	10.2311	9.60983	0.188596	3
3836	13.5993	8.92582	0.62336	3
3837	12.2604	16.7858	0.193424	3
3839	14.607	23.2566	0.332611	3
3840	13.6308	7.85256	0.693833	3
3841	12.546	12.0309	-0.175564	3
3851	10.2619	23.8393	0.694886	3
3869	10.3713	3.04549	0.555749	3
3870	14.6362	11.9963	0.381945	3
3881	11.7673	11.495	0.678383	3
3884	11.5153	16.2846	0.612756	3
3885	11.7409	16.4927	0.680594	3
3888	13.6995	3.99808	0.45955	3
3892	10.2934	23.3894	0.20606	3
3909	14.8143	12.4851	1.48605	3
3910	14.7	22.0391	-0.482432	3
3912	10.4154	19.8023	0.439948	3
3913	13.7453	15.4871	0.902567	3
3916	10.6819	17.7261	0.493098	3
3919	10.5949	15.7712	-0.271083	3
3923	12.2628	6.39944	-0.515052	3
3927	12.8381	0.884547	-0.0773566	3
3937	11.0116	20.7199	-0.419526	3
3938	10.6931	19.3334	0.283199	3
3940	12.4209	11.6931	-0.352669	3
3941	10.727	14.6836	0.333947	3
3946	11.3367	8.31509	0.00935425	3
3947	12.3101	13.1381	0.353068	3
3951	14.9784	13.1218	0.391859	3
3953	11.8067	9.20611	1.06392	3
3954	12.4431	14.8316	0.0791646	3
3962	13.2495	23.6679	1.11824	3
3972	13.7123	8.48359	-0.0494126	3
3977	14.4611	11.6913	-0.94967	3
3978	12.2291	13.9932	-0.160575	3
3982	10.0351	4.00071	0.747732	3
3994	12.373	0.808327	-0.405077	3
4000	10.944	10.1685	0.567224	3
4006	12.2247	8.91471	0.395008	3
4007	11.5015	9.03403	0.131181	3
4012	14.5979	20.7536	-0.810421	3
4013	14.5857	20.3001	0.383025	3
4017	14.6533	16.5881	0.995147	3
4019	11.875	8.42817	-0.681948	3
4020	13.439	22.3706	-0.00273258	3
4021	10.6641	16.3618	0.277854	3
4029	13.8936	16.8362	0.375121	3
4030	10.4452	9.65493	-0.228709	3
4035	13.6604	11.2687	-0.010005	3
4039	10.0228	19.8205	1.41125	3
4045	13.1923	1.81127	0.188381	3
4053	13.1961	2.90182	0.190108	3
4061	11.1588	18.6414	0.664152	3
4082	14.4872	21.9324	-0.00845097	3
4083	10.8311	14.1027	0.0685937	3
4085	11.4712	20.39	-0.0345831	3
4090	13.8668	23.1224	0.626903	3
4094	12.1839	4.17797	0.0492701	3
4095	11.7156	4.58248	0.829361	3
4100	14.3647	3.49253	0.299893	3
2	15.0322	13.033	0.333361	4
5	15.0231	9.59428	-0.867123	4
7	17.123	11.6052	0.549041	4
14	18.8333	22.7689	0.141794	4
27	18.1282	10.8793	0.0847465	4
34	18.0543	6.78851	-0.179408	4
46	16.1458	1.0511	0.283293	4
53	17.0883	8.03945	0.707158	4
54	15.2518	7.39783	-0.0117426	4
60	19.0406	11.7002	-0.128949	4
69	16.9302	13.8176	0.74618	4
70	17.4566	14.9495	0.3488	4
71	17.8001	5.14645	0.376964	4
98	17.5505	3.26484	0.696538	4
99	16.3462	20.5633	0.603908	4
112	16.4435	3.78774	-0.469258	4
117	15.7704	12.6403	-0.042796	4
123	17.4245	23.0308	0.0729287	4
143	17.7318	4.86025	-0.132695	4
168	15.6162	1.92357	1.17874	4
177	15.4377	8.43732	0.0554326	4
182	16.7299	15.4115	0.276068	4
183	15.4475	23.5825	0.661339	4
184	18.4273	11.7891	0.892339	4
185	19.7752	10.7383	-0.200855	4
191	16.4155	20.084	0.420952	4
192	18.3789	9.40962	0.665806	4
196	19.5115	13.2489	-0.231824	4
197	15.5976	19.3446	0.76255	4
200	18.7645	17.8266	0.137559	4
202	16.7266	0.705709	-0.551655	4
209	18.3352	6.50595	-0.42023	4
210	18.2402	17.7675	0.833296	4
211	15.1279	10.0579	1.46768	4
212	19.3361	0.277328	-0.781687	4
216	16.989	23.3798	0.911208	4
226	17.8462	5.93615	0.358375	4
232	15.5619	11.3003	0.269726	4
235	16.3561	24.9318	0.184173	4
236	19.5048	5.46843	0.419027	4
241	19.7964	12.9313	0.778318	4
247	18.1983	8.09972	0.819306	4
253	16.345	3.32791	0.81208	4
264	15.1988	5.88448	0.505752	4
272	18.7819	0.14253	-0.314291	4
277	17.6428	20.2712	0.107857	4
282	19.1955	21.9468	0.0923724	4
286	17.0112	6.56556	1.13102	4
290	19.0489	20.1089	-0.193784	4
291	15.913	11.9082	0.294975	4
293	18.0053	18.5458	0.947316	4
296	17.1562	24.0256	1.2107	4
298	18.0241	0.418555	0.18445	4
304	17.0106	12.3901	-0.0431369	4
332	19.2957	22.0502	0.0780873	4
333	16.6865	17.4766	-0.01518	4
334	16.7649	14.6768	0.715179	4
338	15.1458	2.60792	1.35903	4
344	17.5344	2.43883	0.527436	4
345	15.1632	17.4372	-0.146703	4
352	16.5977	13.3853	0.616834	4
366	15.3128	11.5796	-0.275979	4
373	17.1977	20.962	0.401792	4
381	15.7604	23.6816	0.0570561	4
383	18.9271	10.3997	-0.178709	4
386	18.3825	0.347463	0.697852	4
407	18.2778	1.29316	1.00964	4
411	15.16	14.5081	0.0349864	4
413	19.2611	12.163	0.792553	4
420	17.0615	17.6141	0.617894	4
424	18.387	15.9985	1.0023	4
436	16.015	11.4982	0.444586	4
437	15.1695	18.9274	-0.230393	4
443	15.8602	0.489903	-0.0276174	4
448	15.4085	20.1194	0.575937	4
449	15.6833	20.5059	1.39842	4
454	18.6178	12.3219	0.264606	4
469	15.7477	3.97854	0.822264	4
475	15.4033	4.24302	-0.0863242	4
484	15.4852	10.8339	0.370155	4
487	19.327	18.3549	0.737154	4
492	17.5791	20.0753	-0.370717	4
495	18.3106	24.9381	0.866738	4
498	15.7118	0.93111	-0.202852	4
502	16.4855	6.03377	0.216287	4
503	15.3661	20.5884	0.790464	4
504	15.7129	19.252	-0.0332836	4
507	17.5884	15.2666	-0.332092	4
512	16.1011	10.5265	0.281438	4
515	15.0171	23.9762	0.112224	4
517	17.3031	20.303	0.973969	4
518	15.2339	4.61699	0.083249	4
525	19.1739	17.1612	0.622029	4
526	18.6539	4.89882	1.29239	4
539	15.7405	3.64637	-0.436963	4
541	15.0995	10.7393	-0.819187	4
542	17.5617	6.56259	0.185718	4
549	19.3443	19.1082	0.454887	4
556	19.5163	5.94277	0.39491	4
559	17.4802	3.82705	0.562558	4
565	19.1829	2.67964	0.840608	4
569	17.7488	10.3072	1.2527	4
572	18.8317	10.0699	-0.559701	4
580	16.8743	18.2961	0.374113	4
588	18.5295	4.49026	0.797925	4
590	16.247	8.47347	-0.454551	4
596	18.7237	22.2925	0.207366	4
597	18.9135	12.1684	-0.142899	4
600	15.0303	21.9133	-0.200992	4
602	18.1466	3.00963	-0.188554	4
606	17.4502	21.5378	0.650138	4
616	16.0857	1.12838	0.418061	4
624	15.9481	7.3191	0.368509	4
631	16.6641	16.2322	0.745978	4
635	19.2519	23.4978	0.595887	4
637	18.6243	13.4559	-0.310833	4
638	17.1651	13.1537	1.327	4
639	18.7375	2.10489	0.466006	4
640	16.4918	21.2278	0.587636	4
644	16.7092	21.0825	0.730629	4
656	17.6893	11.6453	0.560312	4
661	15.0031	15.1561	0.424434	4
664	18.837	20.6209	0.397363	4
672	16.7929	14.4197	-0.346089	4
674	18.2555	23.4019	0.0443617	4
678	17.1515	4.08922	0.0652945	4
681	17.0021	18.5081	0.186963	4
688	19.2465	8.97147	0.12903	4
692	15.3694	18.3583	0.453768	4
695	18.8414	1.17314	0.251792	4
697	16.6743	10.8705	-0.930715	4
701	19.3175	24.9383	0.101422	4
716	18.5634	8.36589	-0.530194	4
726	17.9132	7.89091	0.170086	4
729	19.9819	22.0562	0.529063	4
741	15.8094	18.194	0.331512	4
743	17.5911	14.1825	0.41403	4
745	15.5239	0.0726958	0.136199	4
753	16.4534	17.7424	0.166051	4
754	18.6337	9.65248	0.106026	4
823	15.5477	16.2973	0.433647	4
826	18.7159	14.4089	0.130291	4
827	17.6737	1.48423	0.428854	4
849	16.6379	0.16644	0.566345	4
858	15.3728	11.5324	0.643906	4
867	15.0992	15.4667	0.2678	4
868	15.9353	21.6177	0.38923	4
869	17.7296	16.4815	1.34544	4
871	17.294	7.17219	0.261962	4
872	17.1065	7.55703	0.128895	4
877	18.3114	23.025	-0.00329101	4
879	18.7018	17.5011	0.761738	4
880	19.395	3.11538	0.298496	4
881	15.8405	14.7691	0.496673	4
884	16.5473	1.3682	0.428936	4
894	19.0579	9.24337	0.0970516	4
904	19.0343	11.4336	0.391158	4
908	16.0065	12.2243	0.027974	4
909	17.98	9.61857	0.233683	4
918	18.4446	3.77084	0.3573	4
927	17.5955	11.5621	0.908048	4
933	17.7363	15.1115	-0.306275	4
934	17.1775	8.12907	-0.223923	4
947	15.679	2.51611	-0.186327	4
955	16.8971	21.6561	0.944178	4
958	18.8013	9.12055	1.16254	4
960	19.5328	21.4679	0.0670822	4
967	18.3548	11.6143	0.692404	4
975	19.0743	14.5102	0.527584	4
984	17.3477	4.35676	-0.348337	4
987	15.7225	3.08181	0.18961	4
990	18.8393	14.8624	0.0153818	4
994	17.205	19.2814	1.05279	4
995	19.4118	23.1516	0.496273	4
997	18.2519	10.8843	0.1992	4
1008	15.7402	9.57829	0.209358	4
1012	15.1545	14.7639	0.522879	4
1024	18.9151	3.92953	0.940335	4
1026	19.7749	16.2283	1.44048	4
1027	17.8222	23.3338	0.491582	4
1032	18.5294	5.38723	0.150189	4
1035	15.0412	3.17415	-0.117444	4
1040	15.9065	6.77104	1.29026	4
1042	17.4301	24.3305	0.313234	4
1045	17.1072	9.42402	-0.220244	4
1047	16.4093	10.8851	0.695097	4
1053	18.1335	16.5691	0.745098	4
1059	15.2689	1.83688	-0.141078	4
1061	17.3685	24.3902	-0.0092705	4
1064	19.6529	6.70091	0.223509	4
1066	19.7823	1.02472	0.504569	4
1068	15.8942	5.57524	1.11398	4
1071	18.1571	7.35984	0.354929	4
1073	18.9533	15.7228	0.430252	4
1095	18.8318	21.5326	0.575785	4
1100	18.2663	6.7237	0.500889	4
1101	16.8124	0.90846	-0.302715	4
1103	19.7617	18.9415	-0.0512728	4
1108	19.6908	0.900812	0.0453684	4
1111	18.5705	7.35984	0.615641	4
1129	15.3109	20.2903	1.19777	4
1144	18.1093	20.3219	-0.172672	4
1148	17.8868	21.5577	0.0264509	4
1156	18.3649	2.35428	0.907667	4
1159	15.7341	2.78906	0.628904	4
1181	19.742	21.4631	0.673118	4
1196	18.1357	14.8487	0.194664	4
1199	19.438	12.9915	0.453296	4
1202	17.7452	18.6075	0.560278	4
1203	18.0664	22.903	0.28417	4
1204	19.8696	23.8091	-0.3003	4
1206	15.1891	14.4819	0.425741	4
1219	17.6247	0.0242508	0.140692	4
1222	17.3693	14.8225	0.962862	4
1238	17.1796	7.03263	-0.0205391	4
1240	19.3444	7.80057	0.313998	4
1242	17.1391	21.15	0.111151	4
1254	18.1312	12.2313	0.478202	4
1255	15.3952	7.93407	0.913327	4
1262	18.3854	10.0845	-0.766738	4
1274	19.2867	16.2005	0.0618613	4
1275	17.663	22.0269	0.371174	4
1281	16.6783	8.62472	0.0232889	4
1283	16.5275	23.9657	-0.181681	4
1288	15.2191	2.74377	0.00378018	4
1291	18.0437	1.21823	-0.0622476	4
1296	16.8798	1.04907	0.308589	4
1301	16.7349	4.25689	-0.826709	4
1307	16.1245	21.8766	-0.558027	4
1309	15.9772	15.3215	0.00580532	4
1314	18.4819	13.1984	0.330147	4
1316	18.2508	2.26238	0.0215226	4
1325	16.5264	19.0885	-0.581643	4
1335	18.7351	2.84501	0.237813	4
1342	17.6512	10.58	-0.110961	4
1343	15.9489	6.28677	0.676678	4
1347	15.9199	23.6553	0.112953	4
1349	17.7346	18.9097	-0.34331	4
1355	16.3369	2.61445	0.337977	4
1356	15.8586	13.1427	1.09431	4
1359	16.4354	11.7976	-0.330696	4
1366	19.1504	16.0832	0.629526	4
1367	15.7655	2.96749	-0.219575	4
1372	18.6051	18.3884	1.0545	4
1373	19.8355	15.7074	-0.0112561	4
1380	17.2864	8.16021	0.287845	4
1381	15.5748	5.13903	0.83549	4
1388	17.6606	3.70536	0.150503	4
1392	15.8021	21.1307	0.904641	4
1401	19.6744	16.8259	0.0442526	4
1403	19.0027	3.75692	-0.606819	4
1404	19.0341	22.9819	0.632833	4
1406	16.3253	24.1958	1.16173	4
1409	18.4206	23.7575	0.366406	4
1414	17.8017	5.19177	1.01599	4
1415	17.5483	6.80251	0.63985	4
1416	19.1007	16.8663	1.00326	4
1417	17.8178	1.25046	-0.140882	4
1429	18.8574	8.64246	0.532809	4
1431	18.3441	24.0284	0.252655	4
1432	15.3064	20.163	0.378308	4
1434	16.9834	22.7153	0.215742	4
1435	16.5965	2.60304	1.06177	4
1449	17.049	10.8456	-0.249008	4
1457	18.1203	2.39968	0.322508	4
1459	15.5718	22.1138	0.0128563	4
1465	19.6339	1.48648	-0.270109	4
1466	17.8765	14.1883	0.443026	4
1467	17.7629	20.4429	1.01701	4
1477	18.33	21.5926	0.12082	4
1480	19.0141	13.6777	1.06122	4
1485	18.8566	17.1211	0.547328	4
1489	19.9796	7.94059	0.498377	4
1492	19.3987	18.9626	0.652557	4
1495	17.7883	3.6957	0.269184	4
1499	15.4679	20.0618	0.03196	4
1512	17.7218	11.3952	0.903994	4
1516	18.1132	9.89847	-0.479641	4
1517	18.2776	22.2642	0.655059	4
1521	18.8407	11.6357	1.10303	4
1526	15.9423	11.7328	0.914907	4
1554	16.8367	6.01919	-0.252168	4
1555	18.5211	5.07476	0.151655	4
1557	16.4863	10.9497	0.348973	4
1565	18.0832	19.9128	0.601212	4
1575	18.7427	11.0362	-0.487244	4
1593	15.4589	17.0458	0.72333	4
1594	16.2996	23.0722	0.131269	4
1595	17.4203	3.70323	0.327662	4
1598	17.1312	5.04241	0.366302	4
1601	17.336	1.51362	0.599535	4
1603	16.7266	6.01483	0.0819785	4
1609	19.6904	6.15958	-0.373087	4
1610	16.4951	19.2555	0.593211	4
1615	15.9115	12.5604	0.377735	4
1622	17.7511	8.15416	0.60656	4
1635	18.6288	15.1417	1.29129	4
1637	19.5918	3.55498	0.222861	4
1638	19.1948	2.2635	0.56662	4
1648	18.4166	5.51319	0.101746	4
1650	15.7888	6.97015	0.112614	4
1651	15.0529	17.203	0.0770342	4
1653	18.7916	6.60668	0.536866	4
1660	17.3853	9.97916	0.699374	4
1661	15.682	1.64882	1.04079	4
1663	15.8632	3.94056	0.593583	4
1680	19.895	13.6063	0.478143	4
1681	18.6219	12.9207	-0.41218	4
1682	19.4412	8.62513	0.311364	4
1683	19.3487	7.44887	0.876932	4
1686	17.1268	4.34005	0.120227	4
1691	15.3576	8.49934	0.809139	4
1695	17.649	24.83	0.683591	4
1697	16.8846	24.9416	0.674637	4
1707	17.3878	18.2858	-0.156331	4
1711	17.9838	5.7901	1.40656	4
1713	18.6712	9.86527	0.986092	4
1725	18.9413	14.4612	0.702635	4
1728	16.9407	1.87382	0.797165	4
1738	19.5684	9.59096	0.0707857	4
1741	17.0489	13.9309	0.0140458	4
1742	16.2182	22.3573	0.720496	4
1747	17.0999	22.8936	-0.650608	4
1748	16.2152	8.83886	-0.178227	4
1776	17.8063	10.0346	0.759109	4
1781	19.1716	16.8949	-0.23617	4
1788	18.1228	15.837	1.02953	4
1790	15.7798	15.5309	0.670439	4
1792	15.197	21.6034	-0.203223	4
1795	18.6467	2.09276	-0.175899	4
1797	19.4804	17.2986	0.113388	4
1799	19.5143	22.4944	0.202096	4
1803	16.4379	7.18755	0.644789	4
1805	16.3394	7.03037	0.415487	4
1812	15.4031	17.5687	0.395317	4
1821	16.4333	20.8699	1.03839	4
1822	17.0922	12.9069	0.107489	4
1825	15.7984	13.479	0.785591	4
1850	15.7774	7.3898	-0.0384136	4
1853	18.3761	1.61085	0.0886019	4
1859	18.8702	1.71319	0.749	4
1860	18.1194	4.11728	0.658896	4
1871	19.5817	20.7431	0.304982	4
1874	18.9473	3.76383	1.64241	4
1883	16.95	0.92481	0.533187	4
1884	18.0042	17.8193	0.569854	4
1885	15.1084	13.2792	1.03584	4
1902	15.7236	14.0674	-0.367829	4
1904	19.9243	8.03031	0.689461	4
1906	19.2712	19.0127	0.104988	4
1911	19.7025	8.52666	1.13871	4
1917	18.3338	10.6632	0.0551003	4
1920	17.3913	3.01143	0.707077	4
1928	19.1298	0.0590371	0.471142	4
1933	19.9241	19.4526	1.35659	4
1941	15.7198	4.65419	0.488514	4
1953	19.4765	14.7155	0.606253	4
1958	16.876	10.8936	0.104985	4
1959	19.2752	1.11735	-0.212652	4
1970	17.4743	12.3412	0.214824	4
1975	15.7555	3.36051	0.838412	4
1993	19.4367	23.119	0.184399	4
1994	17.3922	19.9083	-0.0183745	4
2001	15.4012	4.53691	0.104116	4
2004	17.2991	6.47449	-0.287194	4
2006	15.3236	19.4789	0.668932	4
2007	15.0408	4.04316	0.110889	4
2008	17.5642	16.9361	0.862258	4
2009	17.5033	17.1095	0.484487	4
2016	17.6996	3.98233	0.470402	4
2022	16.4795	10.5297	0.528631	4
2023	15.0135	6.86467	0.64018	4
2025	17.0501	20.1427	0.774267	4
2026	17.8549	16.9207	0.48917	4
2028	18.8586	6.85956	0.725627	4
2029	17.2784	2.6216	-0.120396	4
2034	15.0699	21.4684	0.202053	4
2036	15.085	11.0482	0.358699	4
2039	16.9286	6.08994	0.438996	4
2048	19.017	7.07463	0.333667	4
2049	18.3775	14.9255	0.0706449	4
2055	16.9336	12.5352	0.600011	4
2060	17.7557	23.9876	0.197054	4
2062	18.0968	11.7382	0.674572	4
2067	15.5511	6.81773	0.642414	4
2068	19.9061	22.4622	0.853509	4
2072	19.1829	9.4802	0.0237399	4
2078	16.8963	18.7935	-0.163859	4
2081	17.4607	21.351	1.35059	4
2087	19.1294	15.2038	1.12527	4
2092	19.1529	23.6028	-0.20833	4
2104	15.428	15.6593	0.183579	4
2107	19.3343	18.4567	0.231831	4
2128	18.5192	4.43187	-0.597748	4
2130	15.3252	4.7561	0.900166	4
2131	19.9647	0.109904	-0.233718	4
2132	15.6269	15.6534	-0.498582	4
2135	16.8421	15.4559	0.758518	4
2137	18.7723	20.4526	-0.234652	4
2143	17.1297	4.16111	0.284802	4
2150	15.6344	9.47238	-0.897112	4
2155	19.9345	12.3479	0.680934	4
2157	16.7953	9.61961	0.174763	4
2161	18.7435	12.6398	0.0464317	4
2166	19.2343	20.0387	0.933561	4
2170	17.609	12.0074	0.365171	4
2173	16.1566	13.4543	0.775239	4
2179	17.9885	0.312243	-0.391064	4
2180	16.0875	7.25979	0.580146	4
2185	18.6851	11.2638	0.680448	4
2186	18.5661	11.2271	0.21816	4
2189	16.7889	22.7117	0.375415	4
2194	17.766	3.46821	-0.404696	4
2202	16.7931	8.33903	0.0532676	4
2219	19.9521	2.75793	-0.497441	4
2222	15.6052	1.4662	-0.318315	4
2228	17.8994	18.6239	0.822056	4
2237	16.3402	20.9722	1.38469	4
2242	16.5339	4.01284	0.427698	4
2247	15.8725	10.4359	0.49245	4
2248	19.5365	22.0177	0.491594	4
2253	15.3208	13.8007	0.425348	4
2255	17.8739	12.243	1.12577	4
2257	19.2575	7.07292	0.630607	4
2259	18.2761	24.6849	1.09564	4
2260	18.6152	20.029	-0.367082	4
2273	16.4082	18.0145	0.75843	4
2281	19.7127	20.724	-0.67757	4
2282	19.4873	21.7718	-0.41426	4
2287	18.8768	18.5199	0.0771549	4
2305	19.1935	2.67203	0.161876	4
2307	18.6172	4.69159	0.00529438	4
2315	15.4857	14.417	0.522265	4
2334	17.7921	19.6776	0.969345	4
2335	19.5862	14.804	0.346195	4
2339	18.7025	10.2542	0.822755	4
2345	18.0911	2.00859	0.753277	4
2354	17.8241	23.133	0.427373	4
2357	18.8248	19.8383	0.33527	4
2361	15.5486	20.5609	0.0178252	4
2364	16.0903	17.9645	0.0823172	4
2365	19.6378	2.69556	0.186441	4
2368	18.5913	20.8171	1.02112	4
2372	18.1523	11.8188	0.100687	4
2373	15.5927	17.9391	0.870841	4
2378	19.9958	18.6232	-0.617146	4
2381	19.5859	11.9035	0.274089	4
2393	19.0662	19.4757	-0.281752	4
2401	18.5032	23.3634	0.408948	4
2402	18.8877	22.1354	0.420311	4
2406	19.2575	13.8439	0.06725	4
2407	19.4039	8.65185	-0.578019	4
2410	18.2932	16.2987	0.472637	4
2412	17.4156	13.537	0.186256	4
2425	19.0267	10.9745	0.259583	4
2432	19.1834	14.6504	-0.0087063	4
2439	19.6902	20.8238	0.60616	4
2440	19.7164	3.92487	-0.404366	4
2441	19.8832	3.83702	0.849164	4
2444	17.8864	8.7442	0.0714287	4
2449	18.3445	1.66289	0.289255	4
2452	17.3871	11.4356	-0.0393036	4
2456	15.2556	11.2543	0.687146	4
2458	16.4416	11.6043	-0.220902	4
2460	15.9142	14.2255	0.422771	4
2461	16.6314	14.7608	0.969074	4
2470	15.4248	9.15463	0.401757	4
2476	17.2219	2.57033	1.17141	4
2483	16.443	18.1752	0.298662	4
2491	16.2154	15.5433	0.0199301	4
2492	15.485	6.27572	0.767288	4
2495	15.9499	13.7358	0.522446	4
2500	15.0154	17.3336	0.364532	4
2506	15.3034	1.74217	-0.316765	4
2509	17.7679	0.811182	0.44962	4
2512	18.6897	10.2759	-0.151351	4
2525	19.7714	13.4914	-0.000265026	4
2530	18.5407	3.14126	0.509591	4
2531	15.6043	13.6516	0.475236	4
2535	18.1877	2.38859	0.585072	4
2540	17.2425	17.8654	0.48827	4
2554	16.5731	20.8381	0.469165	4
2558	16.6714	1.7264	0.640787	4
2559	16.8203	15.6238	-0.0519962	4
2561	18.9443	12.3486	1.02062	4
2572	16.5284	15.8618	0.168448	4
2575	15.1725	0.355541	0.485536	4
2579	15.988	7.28709	0.818216	4
2587	15.272	13.251	-0.104993	4
2588	19.4286	12.6794	0.491841	4
2590	16.7507	7.19922	-0.542587	4
2592	16.3199	13.8761	-0.373494	4
2595	15.8501	21.6235	0.299416	4
2598	15.4748	7.42429	0.242349	4
2606	16.5853	16.2583	0.465087	4
2610	16.2419	23.955	0.313137	4
2611	16.1284	0.210397	0.2005	4
2613	17.1376	6.20085	0.967655	4
2615	19.3639	7.38419	-0.0429853	4
2621	17.6455	20.3019	0.0551113	4
2624	17.0379	17.8227	0.05236	4
2628	17.0196	5.33767	0.248338	4
2630	18.9227	11.9543	0.176473	4
2645	16.6636	19.7141	0.436291	4
2650	17.2866	21.583	0.417378	4
2652	15.5272	11.3014	0.349684	4
2658	15.2518	24.561	0.568039	4
2661	15.2273	12.4984	0.185781	4
2663	17.2205	23.2173	0.21295	4
2670	18.9198	14.9464	-0.427831	4
2677	15.1051	1.53163	0.342752	4
2680	16.1922	7.2438	-0.299305	4
2683	16.18	24.9458	0.292309	4
2684	15.7087	12.1714	0.30773	4
2688	17.2423	12.2431	0.458069	4
2691	18.8217	10.1881	0.536621	4
2701	18.7106	14.6003	0.0966033	4
2708	19.4947	19.6825	0.486063	4
2724	15.4208	16.0017	0.523812	4
2737	17.1082	14.64	0.637911	4
2738	18.9039	22.6924	-0.0509787	4
2739	18.3788	20.2176	-0.0922644	4
2740	19.8873	15.4673	0.475836	4
2742	19.8757	18.7933	0.897224	4
2743	17.5537	16.8101	-0.149723	4
2754	16.5976	16.909	-0.950083	4
2757	15.8074	3.88576	0.247396	4
2774	17.1208	23.3166	0.0548695	4
2775	17.7732	23.5396	0.251044	4
2790	17.4609	2.92636	-0.167332	4
2809	15.3022	9.67733	0.0746542	4
2814	18.2796	18.5195	-0.247155	4
2815	17.1168	18.1177	0.164657	4
2821	16.7914	16.3929	0.397939	4
2824	16.484	10.2748	-0.340052	4
2827	18.0042	13.9343	-0.450577	4
2828	17.3432	12.9375	0.11978	4
2832	18.4837	19.2856	-0.177687	4
2841	18.334	19.1479	1.2106	4
2850	18.3316	4.00838	-0.303758	4
2862	16.3974	6.57322	-0.243234	4
2867	16.6991	22.4584	-0.389383	4
2868	15.0511	12.9356	0.121058	4
2870	15.8405	1.48103	0.120582	4
2876	15.4949	21.1551	1.52192	4
2877	17.6226	18.613	0.786029	4
2881	16.5996	18.7676	0.695574	4
2884	18.6142	19.0424	-0.535847	4
2888	17.9257	14.5034	0.722128	4
2889	16.7984	13.7464	0.430914	4
2892	15.1173	13.2833	-0.204894	4
2904	16.9028	17.8728	-0.215052	4
2908	17.7765	11.2375	0.817339	4
2918	19.9488	1.10359	0.660339	4
2921	18.6576	3.61161	1.01988	4
2922	18.5588	3.10928	-0.63785	4
2923	16.0334	16.1879	1.0785	4
2924	17.5985	0.763333	0.727091	4
2927	19.7369	22.1498	0.413599	4
2930	18.4949	12.1633	0.382371	4
2935	18.8759	17.8796	0.662603	4
2936	16.4159	22.8823	0.537865	4
2948	15.7375	17.0884	0.770967	4
2953	17.9052	21.6381	0.51765	4
2954	17.7903	6.67793	0.423084	4
2955	18.6272	6.69051	0.330301	4
2957	16.1681	14.0394	0.0952879	4
2961	16.9207	7.47533	-0.951675	4
2962	17.0597	7.32409	0.651138	4
2970	19.6874	15.9025	-0.503842	4
2980	16.7788	4.98507	0.737143	4
2984	17.7015	15.7543	0.602015	4
2988	16.6589	4.57309	0.240491	4
2989	17.7165	3.65894	0.790584	4
2994	15.048	15.5344	0.0875769	4
3005	16.6431	0.288353	1.16432	4
3012	16.092	23.8006	0.147995	4
3020	15.1503	21.8021	0.467301	4
3021	18.8307	4.00049	-0.0635552	4
3024	16.3043	6.20202	0.956265	4
3030	18.4634	10.3405	1.54465	4
3047	15.1825	24.0977	0.52208	4
3054	15.9089	1.8498	0.25182	4
3057	16.8923	24.9612	0.178487	4
3062	18.5605	9.70061	0.906121	4
3063	16.9679	11.011	-0.18113	4
3068	17.7271	13.3057	0.950737	4
3069	18.0261	11.6677	0.462953	4
3081	18.8204	2.06899	0.480637	4
3089	16.5171	12.3482	0.665862	4
3090	16.5838	23.1229	-0.104987	4
3096	17.1595	10.1063	-0.0032013	4
3099	15.2354	5.97287	-0.367514	4
3103	15.8709	6.24401	1.55993	4
3107	17.7887	21.7883	0.188582	4
3109	15.3843	24.9931	0.650584	4
3111	16.7701	24.6003	1.03352	4
3112	17.8888	19.1195	0.364253	4
3114	17.0865	6.06123	-0.233253	4
3115	19.1169	7.4722	0.822627	4
3117	15.0885	11.56	0.597899	4
3120	18.0107	11.6726	0.62437	4
3126	19.2358	6.32137	0.966461	4
3128	18.3605	4.70638	0.417073	4
3129	18.3895	5.93809	-0.0778232	4
3132	16.7912	0.429372	0.604102	4
3139	15.1894	10.5179	-0.0528049	4
3143	15.3561	11.7173	0.123006	4
3144	15.1879	11.8163	0.699416	4
3146	18.3911	22.8071	0.0682376	4
3147	16.5037	8.87807	0.845569	4
3151	19.3033	1.32015	0.468358	4
3161	17.8212	4.73702	0.769262	4
3162	19.2081	24.4118	0.776831	4
3165	15.0136	14.9837	-0.103539	4
3169	18.3059	8.97072	0.809277	4
3170	17.1894	22.1039	1.5167	4
3177	15.1535	10.8357	-0.158387	4
3201	15.2378	3.87571	0.826144	4
3210	18.0015	24.2009	-0.591956	4
3211	18.0592	24.2791	0.534556	4
3217	19.6489	9.48935	0.564946	4
3224	17.0167	14.9292	-0.38976	4
3234	16.6782	16.2689	0.788926	4
3237	19.1522	3.51105	1.04409	4
3238	19.3578	3.4919	-0.13986	4
3241	18.6559	21.0818	-0.0694957	4
3252	19.8971	8.09451	-0.004136	4
3253	17.7913	21.9707	0.327662	4
3262	16.4558	2.79179	-0.121474	4
3269	15.5503	10.4956	1.10986	4
3278	17.3725	10.3136	0.590465	4
3282	19.2323	7.72975	0.204305	4
3284	17.7468	24.9436	0.544292	4
3285	17.8977	24.3745	0.375861	4
3287	18.1104	4.10687	0.08914	4
3304	16.6607	18.2188	0.213086	4
3308	16.1604	17.8169	0.874039	4
3309	15.1363	1.40732	0.0112638	4
3318	19.9415	9.81172	0.838618	4
3321	17.9083	16.4385	0.43081	4
3326	15.6538	21.5068	0.88208	4
3327	18.5189	4.50281	0.890394	4
3330	16.9752	14.1356	-0.546513	4
3331	15.0864	15.0125	-0.047672	4
3340	19.8725	18.8008	0.542254	4
3349	19.0747	3.19553	1.3947	4
3363	17.0211	5.09579	0.365006	4
3373	15.8232	9.27115	-0.199827	4
3374	18.5587	19.8058	0.310127	4
3375	17.5944	5.38289	-0.128819	4
3384	19.8044	9.26568	0.559977	4
3385	19.7668	1.01493	0.962757	4
3401	18.5168	11.3753	0.710891	4
3408	16.1027	7.05338	0.471001	4
3417	15.1473	20.5203	-0.486513	4
3418	15.8008	14.0439	1.63006	4
3423	17.8743	24.4431	0.421965	4
3424	17.0191	4.70889	0.138625	4
3428	16.8132	24.2232	0.883648	4
3430	18.7257	12.5183	0.286656	4
3433	16.9202	19.5935	0.145072	4
3434	16.5677	19.1154	0.325279	4
3436	15.9462	11.6336	0.459355	4
3448	15.373	6.78588	-0.18375	4
3452	19.9085	16.3592	1.3017	4
3456	15.2686	24.8398	0.301367	4
3457	16.8266	14.9331	0.570133	4
3469	16.9545	8.80736	-0.297367	4
3476	15.5995	7.41391	-0.0918276	4
3477	19.6499	11.4762	0.532285	4
3479	17.1898	9.81376	-0.186532	4
3485	15.2493	9.91334	0.276646	4
3486	19.1663	7.71115	0.08812	4
3500	19.9268	2.98197	0.215	4
3511	16.6787	18.4106	1.00263	4
3513	19.0739	19.2676	-0.214938	4
3516	16.1106	6.03526	0.404206	4
3522	15.4403	4.48562	0.242702	4
3525	17.4775	11.8744	0.458794	4
3528	15.7834	0.793134	-0.154403	4
3531	18.8039	2.6278	0.519522	4
3532	18.4985	2.14572	0.557393	4
3534	16.9461	19.7121	0.218811	4
3548	18.002	21.9802	-0.206337	4
3552	15.3954	2.45292	0.173232	4
3554	15.7971	12.0284	0.275342	4
3555	18.5222	19.06	0.388196	4
3556	18.2237	19.0864	0.343441	4
3561	19.5152	19.197	0.42723	4
3573	19.8952	17.1739	0.410841	4
3575	17.3048	22.049	-0.284012	4
3579	16.8096	16.5513	1.0624	4
3583	15.5829	0.3412	0.392391	4
3589	17.1378	1.21673	0.964645	4
3590	16.6063	0.825949	0.204875	4
3592	18.6179	5.79953	-0.0332165	4
3595	18.3183	2.69455	-0.0112705	4
3606	18.8056	17.4763	0.592094	4
3607	16.7999	16.7462	-0.084863	4
3608	16.5947	16.8979	0.156581	4
3615	19.1822	7.57334	0.283712	4
3616	18.3637	10.418	-0.35784	4
3618	15.2081	3.9348	0.589578	4
3632	19.0746	7.30792	0.577357	4
3638	18.6505	7.2413	-0.0923588	4
3639	15.3431	1.68808	0.0692379	4
3640	15.3442	2.12407	1.06062	4
3647	19.7412	9.84949	0.912445	4
3649	15.9396	14.0753	-0.661762	4
3658	17.1724	0.968889	-0.126949	4
3661	19.0911	14.1527	0.285812	4
3671	16.0938	11.2036	0.794403	4
3693	15.1669	19.6572	0.378079	4
3697	18.1135	15.8606	0.78137	4
3698	15.5247	21.9247	1.25359	4
3700	17.5356	5.93403	0.30155	4
3701	17.9601	6.21173	0.801621	4
3704	18.2151	21.1314	-0.236484	4
3706	16.209	13.3221	0.390285	4
3716	18.0727	9.66262	0.846707	4
3717	17.6343	24.8342	0.712492	4
3719	16.3499	21.8185	-0.212081	4
3726	17.5635	20.0795	-1.32808	4
3728	16.6332	10.1829	0.210945	4
3734	19.1109	8.32788	0.286475	4
3746	15.6409	3.31284	-0.0261003	4
3754	16.5258	2.73441	0.874335	4
3755	18.1576	21.2603	0.423962	4
3757	19.0478	21.2906	0.255057	4
3767	18.0513	23.2812	0.763531	4
3789	15.4185	1.16552	0.883562	4
3799	15.4999	9.73521	0.923609	4
3810	19.9908	0.90227	-0.0441916	4
3811	19.2146	20.8064	0.126286	4
3813	18.555	5.41356	-0.00539666	4
3814	17.2008	22.2188	-0.0612596	4
3818	16.296	10.3901	0.383177	4
3820	19.4304	22.1061	0.195835	4
3844	18.7427	3.80871	-0.223268	4
3845	17.8865	20.2461	1.36271	4
3859	15.4568	10.985	-0.193739	4
3864	16.1997	3.70321	0.614619	4
3867	16.6309	24.7658	-0.378358	4
3882	19.0991	21.9001	0.786296	4
3900	15.8846	17.6169	0.911562	4
3903	17.0559	23.7175	0.217561	4
3920	17.8347	21.918	0.328524	4
3930	18.8785	3.62029	-0.219785	4
3932	15.6435	18.8469	0.0493075	4
3935	16.2392	13.8912	0.267625	4
3942	16.7004	18.4599	0.376732	4
3944	19.7538	21.4329	0.416988	4
3961	16.7065	12.599	0.697393	4
3963	19.3419	16.7216	-0.126409	4
3967	17.6844	3.83929	-0.129924	4
3968	17.0226	0.162237	0.372341	4
3974	18.3249	9.46812	0.804782	4
3980	17.0887	16.3117	1.32375	4
3983	17.783	11.1494	0.384972	4
3984	18.835	15.0424	0.585843	4
3985	16.0277	18.8681	0.887238	4
3988	17.2514	2.50929	0.403989	4
3989	19.2683	15.2629	1.34336	4
4002	19.6786	20.7656	0.880409	4
4014	19.7817	13.2844	0.164494	4
4016	17.5662	2.54818	0.253685	4
4022	16.3864	17.5443	-0.0185501	4
4023	18.4098	3.4361	0.743149	4
4031	17.56	21.6197	0.767593	4
4032	16.5684	4.27609	0.895082	4
4033	18.9465	22.0281	-0.168625	4
4037	18.3492	12.2905	0.557696	4
4038	18.3327	12.3143	0.246564	4
4040	15.0411	14.9665	0.880929	4
4042	16.1788	18.8894	0.430925	4
4043	16.537	18.7435	0.0866638	4
4047	16.0508	16.8291	0.206369	4
4049	15.2401	1.41505	-0.418504	4
4051	19.696	19.729	0.279572	4
4055	18.7238	21.1309	0.673559	4
4064	17.2521	6.8724	-0.240722	4
4065	17.5105	19.8332	0.339274	4
4071	18.733	17.8183	0.24158	4
4072	18.831	18.8774	0.1593	4
4074	17.5924	2.2497	0.509605	4
4075	17.9535	2.19362	0.259893	4
4076	15.8934	13.6281	1.0886	4
4084	18.8705	20.6472	0.517436	4
4087	18.6297	9.55501	0.0539002	4
4092	15.8234	12.9155	0.976524	4
4096	18.844	18.652	0.819431	4
4102	17.7725	23.2028	0.319522	4
1	21.9776	22.7374	0.124694	5
3	23.2674	22.8913	-0.159083	5
12	24.3283	10.3809	0.0561203	5
13	24.7203	19.9472	0.724819	5
16	20.8133	18.1066	0.0276421	5
19	22.9054	17.622	-0.134084	5
22	20.8365	2.99945	0.333568	5
23	23.6933	5.61342	0.0909673	5
31	20.2661	9.33229	-0.196866	5
35	21.735	20.8349	-0.46898	5
38	22.7105	2.12668	-0.131769	5
39	22.1164	9.28548	0.215441	5
40	24.195	8.96416	-0.062146	5
42	20.8702	23.7414	0.349055	5
49	22.3147	0.670883	0.664941	5
52	24.8609	1.66208	-0.147202	5
63	24.7632	22.2726	0.273885	5
73	21.0871	4.09147	0.722935	5
75	24.7775	1.03367	0.488584	5
76	21.567	22.6038	1.10457	5
77	23.3878	2.26069	-0.095316	5
78	21.3381	6.47634	0.333201	5
79	22.5764	12.8625	1.24339	5
81	21.8151	9.27688	0.529178	5
84	23.7214	22.6214	0.208348	5
87	22.3608	21.0344	-0.00531154	5
88	20.6973	18.5382	0.78754	5
90	23.6763	17.8637	1.19303	5
97	21.1864	17.4248	-0.432564	5
108	21.0295	1.28908	0.455346	5
109	21.49	1.1015	1.00524	5
110	20.2981	8.23471	0.31212	5
111	21.0821	22.7431	0.206709	5
113	24.9208	15.7753	-0.261934	5
122	22.5434	24.8169	0.53807	5
125	20.9892	24.9384	1.03642	5
128	24.2234	9.43821	-0.000184726	5
135	24.3729	0.0483285	0.354464	5
137	23.5391	18.4101	-0.493242	5
139	20.5768	0.898778	0.190081	5
142	22.7138	12.7963	0.187679	5
149	23.6424	18.5655	-0.584988	5
153	22.1343	3.93777	0.384256	5
159	21.5751	5.77413	-0.128082	5
162	23.2863	5.0451	-0.0617316	5
164	20.436	16.4583	0.790953	5
167	24.644	24.098	0.300046	5
173	24.1025	6.55103	-0.113606	5
175	23.62	9.82774	0.161665	5
178	20.1735	19.7735	0.390507	5
186	22.4781	3.11455	0.143879	5
187	20.1035	22.1431	0.0761597	5
199	23.0251	1.40896	-0.0693367	5
203	22.4588	14.3658	0.339117	5
204	22.5411	16.243	0.535116	5
217	21.4866	0.0607273	0.794013	5
219	23.5721	7.54424	-0.528509	5
221	22.0267	18.28	0.842477	5
225	24.2432	7.17069	0.747391	5
230	22.2277	12.0882	0.0620535	5
233	20.9511	9.29209	0.903271	5
234	20.6734	14.199	0.165936	5
239	21.6899	21.7078	0.686288	5
244	20.3146	18.7584	0.861812	5
246	24.698	2.87105	1.01659	5
256	23.6031	5.94342	-0.240867	5
258	23.5797	11.4374	0.104187	5
278	24.7632	1.10487	0.337243	5
280	24.411	11.8025	-0.139078	5
281	24.7284	24.2712	1.2242	5
285	20.5557	8.60476	-0.682277	5
289	20.2658	24.6854	0.454291	5
299	22.5681	13.387	0.192527	5
300	22.0115	19.6686	0.329427	5
306	23.2367	4.07216	-0.0591638	5
311	23.9377	19.6592	0.134503	5
317	24.7895	13.8928	0.930482	5
320	23.539	6.50421	0.431608	5
328	21.4071	16.9002	0.0257133	5
330	23.3441	14.2752	-0.330315	5
335	20.7835	20.8783	0.0168342	5
336	20.9566	16.3029	0.728205	5
340	24.722	18.0424	-0.594447	5
347	23.8625	18.0533	0.367538	5
348	24.3134	14.8726	0.156607	5
354	20.938	8.81348	0.0870371	5
357	22.4126	13.8235	0.136534	5
358	20.2351	6.69138	-0.109899	5
368	23.0019	17.8088	0.586495	5
369	21.2408	21.0284	0.385266	5
371	23.291	8.83171	1.04054	5
379	23.275	4.53994	-0.0917385	5
382	24.5461	5.98844	0.0268225	5
389	22.2875	14.4349	-0.349929	5
391	24.2835	16.1798	0.0349156	5
418	22.8239	16.0647	0.551231	5
419	21.2927	15.2363	0.146076	5
422	23.1769	8.26452	-0.0239045	5
430	24.2682	10.8174	0.212397	5
431	23.449	18.9892	0.24489	5
432	22.9115	4.75281	0.882199	5
440	21.4237	24.5519	0.515368	5
445	24.191	10.3795	1.3109	5
446	20.9445	3.37862	-0.0914348	5
447	22.757	15.6681	0.62203	5
450	22.4403	1.41012	1.39117	5
458	23.3467	2.05188	-0.825414	5
462	23.1151	10.1383	0.164108	5
463	22.6238	21.9268	0.981211	5
467	24.8648	24.5117	0.386454	5
468	21.903	16.8296	0.297297	5
476	21.1924	9.03108	-0.441229	5
477	20.0653	20.0891	1.15132	5
478	20.606	9.11992	0.909698	5
481	24.1744	16.6412	0.655889	5
483	21.0671	2.25674	0.810275	5
499	21.8092	16.9908	0.634011	5
505	21.4044	23.4086	0.611222	5
509	22.9526	23.635	0.322021	5
529	20.3754	9.19304	-0.487909	5
531	21.2578	16.3833	1.01008	5
538	22.8148	2.54981	0.469251	5
544	20.0751	11.6595	0.323461	5
545	20.6408	16.3885	0.667134	5
557	23.301	6.05082	0.286277	5
561	24.0102	9.05634	0.984202	5
567	24.5768	5.0385	0.89532	5
571	20.5172	4.34666	0.0855057	5
575	22.573	20.2814	0.4829	5
578	21.4072	1.16746	-0.297521	5
581	24.5899	18.3392	0.269451	5
584	23.9948	21.6659	0.856346	5
585	22.1128	1.34615	0.160863	5
587	22.1359	1.94948	1.41678	5
589	20.7188	1.95874	0.144395	5
591	20.4961	3.13444	0.38178	5
599	24.52	8.30634	0.164428	5
608	21.8183	11.5895	0.628936	5
622	22.6039	21.2307	0.486572	5
626	23.1202	2.92755	0.931339	5
627	21.0888	17.5133	0.800418	5
629	23.5335	14.4609	0.475854	5
634	24.8371	16.5083	0.912882	5
642	23.459	1.8634	0.602719	5
646	20.9954	0.657218	0.0627806	5
653	23.3393	23.2506	0.691259	5
654	22.8549	20.6866	0.482087	5
662	22.9978	19.2358	-1.31571	5
668	22.4434	15.3349	0.718946	5
670	20.7148	2.78618	-1.1074	5
693	23.5531	11.3361	0.0806518	5
698	21.0959	7.8682	-0.433111	5
704	22.4627	15.6617	-0.223431	5
705	20.4272	12.9985	0.380817	5
709	24.5391	16.4111	-0.17498	5
713	20.2827	1.95784	0.553253	5
717	23.9303	13.1174	-0.332199	5
718	22.1918	14.5317	0.246179	5
722	24.2669	12.5949	0.682233	5
723	23.6001	24.4352	0.0800469	5
725	20.6203	22.6759	0.262149	5
731	23.4703	14.4761	-0.0872124	5
736	23.6847	12.1019	0.297587	5
742	21.0561	10.7674	-0.0357987	5
744	24.6223	7.0119	0.141472	5
749	21.0864	20.8267	0.1152	5
762	23.2903	21.5837	0.535532	5
767	20.5321	11.092	0.888294	5
770	22.8588	19.7184	0.203214	5
774	21.7966	4.89961	1.28469	5
778	21.5301	12.1891	0.636472	5
783	22.7046	22.6235	0.519479	5
784	22.0384	12.6385	-0.786446	5
789	24.6061	0.156475	0.229106	5
795	24.8633	20.2548	0.409805	5
796	23.449	21.1456	1.26778	5
805	21.1412	5.06428	-0.0468697	5
807	22.2147	2.07784	0.14329	5
808	23.4154	8.8542	-0.268532	5
809	20.0586	21.2607	-0.738214	5
814	23.1863	6.50036	0.748654	5
822	22.3587	20.6754	-0.152354	5
829	23.6439	18.527	-0.146963	5
835	21.15	18.1909	-0.184617	5
836	20.4811	8.40244	0.108903	5
847	21.6165	16.1395	0.755103	5
850	22.5475	16.734	0.0167814	5
855	21.192	10.8653	-0.556954	5
856	23.6657	15.0949	0.836374	5
857	23.2312	17.1609	0.549194	5
866	21.9617	8.3219	-0.28426	5
870	23.1114	1.97238	0.603338	5
873	24.0567	8.08221	0.266016	5
901	24.3375	7.22929	-0.088158	5
906	23.79	0.391635	0.398987	5
913	24.9358	18.2284	0.409085	5
924	20.676	11.0673	0.558677	5
943	21.8379	19.1392	0.74126	5
944	22.5333	14.148	0.820133	5
961	20.1125	19.2628	-0.171455	5
963	21.1154	20.0027	-0.295678	5
970	22.4288	0.422	0.0425	5
978	20.6781	18.8871	1.05802	5
980	23.1136	15.7837	0.51645	5
986	22.3806	15.2695	1.02916	5
988	24.9117	8.28761	-0.273702	5
1000	20.7816	3.15902	-0.19994	5
1004	21.2226	8.02639	0.275601	5
1013	22.4182	17.1681	0.138745	5
1020	20.2471	5.25302	0.479146	5
1028	20.0596	10.2261	1.6418	5
1036	23.6945	12.1206	-0.676712	5
1039	21.5708	3.18231	0.344363	5
1046	21.7119	3.58197	0.175492	5
1052	22.2262	20.729	0.955354	5
1054	21.5364	6.97329	0.447197	5
1056	24.5086	16.9967	0.752896	5
1057	23.2199	5.85299	-0.112198	5
1062	23.814	9.95585	-0.170103	5
1063	20.7999	14.9107	0.557635	5
1070	20.9512	23.7668	-0.0847566	5
1076	21.6296	12.2904	0.347763	5
1077	21.3939	20.8972	0.54306	5
1080	22.0688	16.2442	0.768556	5
1084	23.8999	18.4182	-0.00532797	5
1086	20.3457	14.3328	0.888956	5
1091	24.3227	4.48728	0.903717	5
1092	23.9928	21.2334	0.788957	5
1094	20.4639	24.3039	0.206784	5
1121	22.4388	23.9261	1.02398	5
1123	22.3832	0.589697	-0.0491179	5
1128	23.8704	19.4979	0.614423	5
1137	21.7544	11.5013	0.253753	5
1138	24.5107	14.7285	0.143624	5
1139	22.5588	11.2112	0.412114	5
1140	21.5481	4.54302	-0.709486	5
1141	20.2709	6.50407	0.838203	5
1151	23.7336	8.11132	0.954378	5
1155	23.9141	1.58193	0.337284	5
1160	23.8838	20.7105	0.207628	5
1162	24.8155	11.9092	0.106886	5
1168	21.1867	10.5301	0.228815	5
1175	23.0822	4.35623	0.104778	5
1177	23.3473	20.6046	0.20834	5
1188	22.3657	20.425	-0.372255	5
1190	21.8611	17.8714	0.202841	5
1192	23.2364	5.36441	0.342469	5
1200	20.0638	12.6368	-0.52266	5
1205	21.5641	20.7489	-0.482877	5
1208	22.1274	1.87197	0.552871	5
1209	21.6265	16.0601	0.606499	5
1212	23.0177	23.1138	0.105352	5
1214	20.1163	6.29202	-0.1235	5
1215	24.7726	14.4615	0.512556	5
1221	23.3267	10.0128	0.164478	5
1223	21.1927	22.3947	-0.422608	5
1232	21.0712	1.1607	0.281987	5
1234	24.1474	19.9615	0.506199	5
1241	23.5725	22.9024	0.411469	5
1243	24.3682	9.22251	0.0731001	5
1244	24.552	8.6208	-0.132558	5
1252	21.5763	5.27924	-0.217606	5
1257	21.0133	9.51997	1.31613	5
1261	21.6423	19.5636	1.147	5
1267	22.5551	8.30552	1.28126	5
1273	23.4988	23.6984	0.384088	5
1278	23.4305	0.198268	0.860914	5
1282	20.8378	14.5524	0.842007	5
1286	24.4229	6.75463	0.026261	5
1292	22.1734	6.77994	0.639657	5
1293	20.6558	20.6605	0.712812	5
1297	21.5433	1.26135	0.542631	5
1306	22.2022	12.0541	-0.248094	5
1312	22.3558	17.8738	0.657881	5
1313	20.529	11.9929	0.770931	5
1315	21.2799	20.9154	-0.59566	5
1317	22.2196	1.3306	0.280992	5
1318	21.3639	4.74609	0.309504	5
1320	21.4932	21.9077	0.284337	5
1327	22.9589	12.0436	0.294045	5
1339	24.8122	15.6867	0.209237	5
1348	21.3284	14.092	2.13133	5
1360	24.5818	24.1086	0.01557	5
1377	24.4794	20.4847	0.246449	5
1378	21.0259	3.5333	0.0122871	5
1379	21.8677	2.22484	0.204203	5
1395	24.3249	22.7889	-0.132881	5
1398	20.5838	23.4639	0.766594	5
1399	21.6076	17.9031	0.307574	5
1400	20.8131	15.2982	0.436598	5
1413	20.6003	13.5208	0.186848	5
1420	23.3797	11.9474	0.312878	5
1421	21.9519	4.02241	0.105881	5
1424	24.4639	16.8292	0.641561	5
1425	20.9108	7.23389	-0.932032	5
1427	24.2962	14.5867	0.424937	5
1430	23.1574	9.88928	0.282562	5
1437	23.5827	6.26032	0.279922	5
1439	24.535	22.419	0.809005	5
1451	24.3822	12.075	-0.375033	5
1455	24.0456	21.8417	0.0253678	5
1458	20.0571	21.3821	0.0243616	5
1460	22.242	13.8982	0.477773	5
1468	24.5415	10.2167	-0.182625	5
1479	24.8693	4.78041	-0.454395	5
1481	22.7591	4.93374	-0.127525	5
1484	20.3864	19.2004	-0.147237	5
1488	21.7193	19.7083	0.127292	5
1505	23.0384	3.57249	0.38334	5
1509	21.8502	11.6416	0.91211	5
1514	22.7977	8.30736	-0.780808	5
1518	21.0933	0.41759	0.505703	5
1519	20.2172	0.263552	0.587172	5
1520	21.027	17.2722	1.15841	5
1524	22.5296	9.74429	0.637348	5
1534	22.7791	3.82832	0.166025	5
1536	21.0187	11.6593	0.101093	5
1538	21.3825	3.11802	0.0727542	5
1543	23.2874	19.2621	-0.0936302	5
1547	23.2494	24.1657	0.197204	5
1548	21.7072	10.8053	1.07461	5
1558	24.1846	23.876	-0.0352376	5
1563	24.7384	16.3407	-0.257586	5
1567	24.0716	17.9403	0.303378	5
1568	22.5111	13.0651	-0.338297	5
1570	20.7054	13.7228	0.0902724	5
1572	24.3876	2.80566	0.103269	5
1573	24.6179	22.3276	-0.0662534	5
1574	24.9452	23.1725	-0.153174	5
1578	20.4618	2.88329	0.626774	5
1579	22.3023	4.7478	0.264107	5
1580	21.8303	21.6132	0.0609211	5
1581	23.8431	10.2616	0.26562	5
1591	22.7825	7.1949	0.66674	5
1599	21.6964	6.0111	0.384125	5
1607	22.6105	16.5814	0.87081	5
1608	22.972	16.932	-0.948202	5
1625	23.1722	14.8532	0.505861	5
1634	20.451	22.1217	0.275913	5
1652	20.5813	3.30107	-0.759268	5
1664	20.295	9.98828	0.0140251	5
1669	24.1876	11.3128	0.231078	5
1672	21.7442	1.6952	0.3937	5
1678	20.2531	21.568	0.383421	5
1684	22.719	12.841	0.325735	5
1685	23.6059	11.1739	-0.177365	5
1689	20.9869	24.415	0.721186	5
1690	24.1609	21.3044	0.290637	5
1693	20.581	23.998	-0.576718	5
1699	23.9283	23.5967	0.357788	5
1704	24.2021	2.83393	0.529518	5
1705	24.7965	1.65433	0.278723	5
1706	23.4007	14.907	0.36836	5
1715	21.982	14.5077	0.0596734	5
1721	22.7432	8.66914	-0.374726	5
1724	22.8298	16.7762	0.402915	5
1726	20.2086	15.0998	0.785665	5
1732	22.3563	5.20613	0.356053	5
1734	24.979	9.79876	-0.21324	5
1743	22.4602	2.49559	0.971006	5
1750	21.281	15.4248	0.428218	5
1755	23.0375	19.9066	1.00656	5
1758	22.3894	6.29141	0.656189	5
1764	21.6176	6.85564	0.790466	5
1766	20.5494	2.94191	0.168855	5
1772	22.8522	4.06381	-0.203436	5
1780	24.8529	10.3808	0.203687	5
1783	23.0245	8.13686	-0.114653	5
1787	21.8357	13.5185	0.159259	5
1793	23.4285	23.0848	0.279902	5
1798	21.4656	6.89747	-0.0495172	5
1802	20.7164	16.0929	0.535147	5
1815	23.2923	14.3075	0.18464	5
1817	21.2167	2.04717	-0.204402	5
1827	24.5695	14.413	0.972614	5
1828	24.3888	9.9967	0.0211799	5
1833	23.2571	5.80543	0.655081	5
1834	20.0652	10.3773	0.278824	5
1848	24.1293	12.4531	1.62572	5
1854	21.4421	19.9326	0.0940989	5
1855	22.8481	20.1135	0.292984	5
1864	22.6668	19.5534	0.237008	5
1868	20.1646	7.90496	0.467857	5
1880	24.8576	9.37783	0.283086	5
1882	22.3836	3.59493	0.945237	5
1889	20.448	4.61228	-0.146642	5
1892	21.5737	16.4825	0.472045	5
1893	21.9143	6.03749	0.660805	5
1896	20.1473	23.8571	0.3761	5
1899	20.2928	8.28868	1.23459	5
1905	22.6367	22.5468	0.288836	5
1912	21.0874	11.95	0.432454	5
1929	22.6586	7.52362	-0.373216	5
1930	21.331	2.26278	0.168991	5
1942	22.231	24.1254	1.06851	5
1945	24.0209	5.02483	0.30277	5
1954	20.1516	15.1885	-0.45271	5
1956	22.4383	20.1863	0.544561	5
1960	20.8448	12.7407	-0.408255	5
1965	23.0409	16.3478	0.118816	5
1966	22.5856	2.95607	-0.164242	5
1969	23.1814	4.89441	-0.37677	5
1977	23.4541	9.24314	-0.666965	5
2005	22.2032	18.355	-0.0268154	5
2017	20.2342	19.158	0.28237	5
2018	24.6963	19.9489	0.509922	5
2019	23.4588	15.4514	0.665655	5
2031	22.5503	22.6721	0.3886	5
2033	20.4043	17.9438	0.433942	5
2035	20.8433	7.69472	-0.330561	5
2040	21.8	19.1348	0.0274951	5
2041	22.4934	19.6238	0.465535	5
2043	21.4439	7.90379	0.341055	5
2045	23.0008	8.40258	-0.0806182	5
2064	23.6436	13.0136	0.819401	5
2066	22.9326	16.4949	-0.146034	5
2077	22.2333	15.3074	-0.0434799	5
2088	24.0325	18.5744	-0.327833	5
2095	21.0434	10.4246	0.636023	5
2096	21.6673	24.2776	0.679478	5
2100	24.3735	24.7196	-0.0849202	5
2101	23.4721	1.93732	0.505413	5
2105	22.1625	6.81822	1.65114	5
2113	23.2126	7.01801	0.624971	5
2115	22.9372	13.7196	0.0333683	5
2123	21.1202	16.0147	0.426989	5
2133	21.81	9.45675	0.762285	5
2134	21.8766	9.2728	-0.591359	5
2139	20.9234	8.11154	0.709198	5
2141	24.2215	21.1911	0.386726	5
2142	21.2355	3.36465	-0.628633	5
2148	23.4885	16.6049	1.40165	5
2151	24.9303	24.926	0.402435	5
2156	23.5384	23.9135	0.465189	5
2159	23.3571	20.8146	1.25648	5
2162	20.6528	12.9224	0.83014	5
2163	24.929	6.47651	0.66256	5
2171	22.586	8.93895	0.55734	5
2172	21.8643	4.48453	-0.591621	5
2174	23.8391	15.7388	0.139731	5
2177	23.8275	15.8815	0.910239	5
2178	21.1228	16.0076	0.537182	5
2184	23.5126	21.6146	-0.380383	5
2197	20.1861	8.67533	-0.0904517	5
2200	24.3332	20.6741	0.609104	5
2206	22.11	16.1275	0.266944	5
2211	23.4119	0.0604529	0.074638	5
2212	22.2766	18.363	0.750338	5
2217	21.1395	9.32869	0.378745	5
2218	24.2245	19.1097	-0.77932	5
2223	22.2123	20.0312	0.133807	5
2227	20.841	15.6603	-0.0821202	5
2230	24.2542	15.962	-0.0919343	5
2239	20.4248	18.4346	0.0980206	5
2243	22.8358	17.9068	0.662715	5
2245	22.8614	20.6898	-0.194813	5
2246	23.042	11.9068	0.830285	5
2250	21.9745	23.1553	-0.472758	5
2258	21.8471	2.40214	-0.499843	5
2274	24.1992	18.8064	0.851564	5
2276	23.3487	3.45441	0.310228	5
2278	24.4253	18.8576	0.767896	5
2280	23.5748	13.1385	0.503256	5
2283	24.9962	8.05574	0.882707	5
2285	24.9794	3.12588	0.217286	5
2289	23.1765	16.169	0.973891	5
2290	23.6773	22.9528	0.529193	5
2291	21.5177	9.10119	-0.0573668	5
2294	21.8199	10.2989	0.0304672	5
2301	22.0738	10.8002	0.0818536	5
2303	20.6554	20.0003	1.52793	5
2310	24.5287	13.2764	-0.133861	5
2312	24.0614	22.6424	0.250845	5
2331	21.8552	1.32546	0.287652	5
2333	20.5006	0.103388	1.14119	5
2336	20.9245	6.89717	0.383057	5
2350	23.4919	4.19143	-0.126872	5
2356	22.6005	5.50792	0.904019	5
2383	24.2461	6.85171	0.40368	5
2387	22.8725	17.9397	0.248847	5
2391	24.9781	23.1552	0.252411	5
2394	22.6282	3.47138	0.233809	5
2396	20.8927	7.94163	0.905099	5
2399	21.8042	10.3016	0.854392	5
2404	21.5853	10.4438	-0.0861556	5
2411	21.3771	21.9006	-0.185228	5
2414	21.143	0.433687	0.248159	5
2429	24.1774	21.4452	0.535179	5
2431	23.2547	23.1356	-0.300309	5
2434	22.0707	24.5335	-0.0643686	5
2436	24.618	17.8558	1.10691	5
2454	24.8523	1.75869	0.0591345	5
2455	24.1216	4.73309	0.382637	5
2465	22.9635	18.1766	0.571213	5
2479	22.0742	6.67364	0.381082	5
2482	20.2055	10.1087	0.00583502	5
2489	21.8011	3.07536	-0.738979	5
2490	21.3815	2.99073	-0.0209727	5
2494	23.446	16.7434	0.616467	5
2497	23.933	18.124	0.550724	5
2505	24.5931	15.0986	0.939896	5
2508	21.8866	6.50774	-0.245229	5
2526	20.8114	1.79784	0.115665	5
2527	20.3855	3.95645	0.218917	5
2529	20.4267	7.94036	0.739923	5
2533	20.5597	6.33962	-0.312978	5
2536	20.1283	0.511877	0.416402	5
2538	22.7444	24.3424	0.786028	5
2544	24.3659	13.7789	-0.234771	5
2548	23.6861	1.5869	0.338126	5
2549	23.9136	4.59622	0.386382	5
2550	23.7395	15.6132	-0.330406	5
2555	22.0146	21.765	0.464828	5
2557	21.1663	3.98623	0.638692	5
2560	22.3304	14.493	0.100332	5
2571	20.0177	0.880372	0.3753	5
2591	22.6945	3.90828	0.167206	5
2597	21.7014	9.7833	0.530331	5
2601	24.6475	13.401	0.518329	5
2602	22.8879	13.9153	-0.00265324	5
2603	23.0558	15.0708	1.32279	5
2605	24.8682	8.19698	0.330606	5
2607	23.3903	8.20583	0.868626	5
2616	23.9901	22.1948	-0.561368	5
2623	22.5367	13.0941	-0.159442	5
2627	22.5752	14.0418	0.199304	5
2633	24.6094	4.11095	0.223826	5
2640	22.9209	2.29956	1.35082	5
2641	20.6389	20.3656	-0.0867671	5
2651	20.7636	15.1659	1.11495	5
2653	20.5948	24.6488	1.08684	5
2654	20.6174	10.9911	0.350385	5
2657	22.9838	6.24819	0.140355	5
2664	20.6294	15.4839	-0.0381834	5
2669	20.5381	11.2853	-0.121665	5
2675	23.1996	5.27125	0.32271	5
2678	22.2714	7.67324	-0.0355241	5
2690	22.5971	24.9257	0.251532	5
2696	22.9225	2.53143	0.819488	5
2699	23.099	23.4852	0.350418	5
2712	20.478	6.00934	0.288033	5
2717	20.2052	17.9344	-0.00851149	5
2728	24.8018	22.802	-0.188657	5
2731	24.6638	2.11335	0.929366	5
2732	21.7265	16.9182	-0.116696	5
2752	20.1113	23.0022	-0.233997	5
2761	23.1729	21.8685	0.294913	5
2765	24.817	6.67938	0.495802	5
2772	22.3626	7.23958	-0.119127	5
2773	23.2568	6.04076	-0.300963	5
2779	21.9602	21.9201	0.407177	5
2786	22.6755	16.2381	0.146755	5
2792	20.5604	17.5093	1.14766	5
2801	20.3844	23.2934	-0.118857	5
2804	20.8084	4.93158	0.895635	5
2811	21.995	18.934	0.0476396	5
2819	24.1374	8.34937	0.281358	5
2820	24.3555	8.14714	0.925615	5
2825	23.666	0.106631	0.0642704	5
2826	23.003	0.233071	0.0282028	5
2829	21.0896	14.2004	0.840387	5
2834	21.0774	20.9655	0.132325	5
2836	22.74	4.71797	0.648582	5
2839	21.4469	13.9586	0.897039	5
2840	21.7078	13.9524	0.0392478	5
2845	21.7991	16.7174	0.289672	5
2846	21.7245	22.3687	0.428718	5
2847	21.9252	23.5306	0.803695	5
2855	23.5057	10.0079	-0.203545	5
2856	20.2988	9.47907	0.816697	5
2857	24.067	7.77937	0.0595519	5
2859	22.6859	19.5913	-0.0919401	5
2860	23.7607	6.05985	1.2557	5
2861	22.3677	22.1634	0.300427	5
2866	24.2997	23.4554	-0.0410454	5
2887	24.0327	11.646	0.185905	5
2910	24.4508	0.819251	1.07973	5
2925	20.3608	23.713	0.181068	5
2928	22.8129	14.983	0.398923	5
2932	20.2826	8.56906	0.212536	5
2933	22.566	8.91148	0.362435	5
2939	24.9771	3.93416	0.599068	5
2946	21.1465	4.37363	0.184966	5
2947	23.6271	20.0529	0.470139	5
2950	24.2431	0.23562	-0.296217	5
2951	23.6026	7.65991	1.04245	5
2969	24.3742	15.4994	0.0624965	5
2974	22.4535	1.09668	-0.0678789	5
2981	20.685	15.0794	0.645258	5
2992	23.7141	5.67205	0.661359	5
2997	24.7308	11.0626	-0.272861	5
2998	22.7724	23.3465	0.414187	5
2999	22.9628	23.2545	0.479542	5
3001	20.0261	12.5338	0.531935	5
3003	20.7229	23.0341	0.683706	5
3007	21.4961	18.6494	0.124548	5
3008	21.418	16.7388	0.141188	5
3010	20.8818	0.375232	0.54431	5
3013	23.4608	16.0799	0.56605	5
3014	20.5495	10.8376	0.877345	5
3015	23.3516	14.3219	-0.0705905	5
3016	23.8971	13.42	-0.264074	5
3022	23.8105	1.2487	-0.0884091	5
3026	24.2174	24.4394	0.98933	5
3028	24.5547	14.6946	0.709879	5
3040	22.0917	10.0884	0.131169	5
3048	22.519	15.0895	0.200138	5
3050	20.9478	19.8615	-0.0136881	5
3056	22.2758	20.3624	0.111561	5
3058	22.27	19.1367	0.169431	5
3083	23.7805	22.4135	0.266806	5
3084	23.4231	21.8164	-0.232018	5
3086	24.4833	8.89717	0.598813	5
3087	22.2749	18.9894	-0.706157	5
3091	21.2532	16.9656	1.00303	5
3092	21.1433	18.1403	-0.581829	5
3093	24.8977	10.3588	1.26656	5
3094	20.8973	7.7726	-0.150602	5
3097	20.2287	22.0571	0.544507	5
3105	24.53	18.4264	0.713027	5
3123	23.7797	12.3543	-0.171719	5
3133	20.5311	0.0893705	0.101545	5
3134	20.976	10.0201	0.451592	5
3142	24.531	13.0126	1.04823	5
3148	21.1947	8.80022	1.245	5
3149	20.2604	12.4051	-0.444688	5
3152	20.1866	7.85289	0.679861	5
3156	21.2705	15.903	0.53513	5
3157	21.8625	5.36952	0.582672	5
3158	21.014	5.53031	0.430917	5
3159	22.7284	10.9299	0.278064	5
3160	21.7633	10.7736	0.836095	5
3171	24.8405	9.92691	0.535545	5
3173	21.7465	16.369	-0.217568	5
3174	24.344	15.413	-0.629477	5
3175	23.1738	1.6233	0.787277	5
3182	20.0513	7.4967	0.650685	5
3185	22.8489	17.4825	0.363469	5
3186	23.3817	17.681	0.202594	5
3188	23.0434	4.63918	0.953685	5
3189	24.9526	5.25696	0.51458	5
3196	24.1031	18.1904	0.868994	5
3215	22.2425	12.8967	0.231876	5
3216	21.9692	12.9242	0.37538	5
3219	21.4493	19.5049	-0.63966	5
3235	23.829	19.0094	0.112924	5
3236	24.4164	20.002	0.469821	5
3239	24.9681	7.89378	-0.0908282	5
3249	20.7167	7.6189	0.341811	5
3250	24.2491	11.4195	1.1729	5
3263	20.4933	13.932	0.0829525	5
3274	20.1389	2.76527	0.740283	5
3276	21.3687	23.134	0.68296	5
3280	20.3823	8.55548	-0.00632252	5
3288	23.2173	4.49095	-0.778183	5
3290	23.495	24.7378	0.311132	5
3314	23.2913	14.9157	0.206499	5
3319	24.8183	15.0366	0.824627	5
3322	21.8593	1.51695	0.202624	5
3324	21.6721	6.68563	1.20846	5
3328	21.9161	6.59026	0.348835	5
3329	21.1788	16.2271	0.517378	5
3338	21.2818	8.37358	-0.413661	5
3339	23.4663	1.19806	0.371472	5
3344	21.4251	0.167594	0.430868	5
3345	21.208	0.385647	0.591553	5
3348	21.0287	11.3501	-0.546933	5
3355	23.3202	23.9469	-0.142372	5
3360	24.568	20.6937	0.790816	5
3371	20.0306	13.0556	0.685042	5
3378	24.8145	24.2564	-0.311218	5
3379	20.3324	12.7885	0.156817	5
3380	22.6422	14.959	1.63411	5
3394	21.1617	3.64316	0.168527	5
3399	21.1707	10.9989	1.318	5
3400	24.1436	4.58217	1.22439	5
3404	23.9934	11.0714	-0.0159992	5
3409	20.5633	15.4461	0.601996	5
3410	24.0365	13.6709	0.286983	5
3421	23.8096	11.3629	0.545673	5
3438	24.6217	1.82208	-0.330831	5
3439	21.258	23.9907	0.801485	5
3440	20.9764	17.6528	0.106971	5
3442	24.7742	3.0702	0.117278	5
3443	24.1896	2.54068	0.378437	5
3453	22.3829	19.8267	-0.890317	5
3455	21.5986	4.79568	0.224194	5
3458	20.3237	19.1265	0.610508	5
3461	21.4703	17.1888	0.189117	5
3475	22.6764	19.8337	0.50343	5
3483	21.2838	1.52913	0.810279	5
3490	20.541	8.44811	-0.165113	5
3491	20.024	8.65946	0.726603	5
3499	22.6404	11.9536	0.246378	5
3501	23.7058	5.29063	0.685108	5
3508	21.5395	8.64518	0.843592	5
3526	20.1543	22.6046	0.243099	5
3527	24.9268	7.01585	0.0395812	5
3533	21.9295	2.25569	0.317703	5
3541	23.9849	21.3058	0.189553	5
3542	23.345	5.87046	0.17698	5
3543	21.7263	13.1999	0.841317	5
3551	24.705	19.8599	-0.106709	5
3559	24.6095	16.006	-0.0981318	5
3564	21.3054	16.0928	-0.045283	5
3565	22.3422	16.3521	0.728165	5
3569	23.1507	4.16872	0.144452	5
3574	23.3648	22.9515	-0.603035	5
3580	24.0633	18.0279	0.591279	5
3585	20.3723	20.2468	0.149055	5
3587	22.9397	2.45245	0.232923	5
3591	23.5381	19.6337	0.172472	5
3601	24.9853	1.6333	0.15236	5
3602	20.428	0.906132	0.442137	5
3603	20.5832	1.2768	0.529958	5
3604	22.8912	16.0239	1.17518	5
3609	22.8553	18.3314	1.0089	5
3610	20.0776	12.6318	0.480851	5
3611	21.9348	4.11253	-0.642022	5
3614	23.1373	8.66929	-0.362259	5
3621	22.8605	23.0019	0.339045	5
3633	20.5868	2.66969	-0.0580757	5
3635	22.5957	5.11238	-0.293486	5
3641	23.6852	20.3619	0.398502	5
3648	20.8672	10.735	-0.0331765	5
3651	21.8227	11.9993	0.0717666	5
3655	23.4377	5.06125	0.484174	5
3660	20.9015	16.2197	0.520065	5
3662	24.8987	4.95462	1.50772	5
3663	24.1896	5.1992	0.749782	5
3666	23.7241	12.8337	1.05303	5
3670	20.7015	2.38889	0.646502	5
3672	23.9426	11.3773	0.430924	5
3676	22.9392	0.376881	0.540375	5
3677	22.9859	0.142643	0.122247	5
3679	24.0685	8.37675	0.105575	5
3680	23.1197	9.67546	0.722805	5
3688	23.5932	3.79161	0.814082	5
3689	23.1607	3.73862	0.582856	5
3695	20.6088	15.1349	-0.189087	5
3696	21.1443	15.3101	0.00428739	5
3703	23.836	10.6082	-0.166468	5
3705	22.3413	8.73977	-0.764248	5
3708	21.7868	16.6134	-0.681198	5
3709	21.8876	16.9884	0.98861	5
3718	21.8293	6.92748	-0.166084	5
3721	23.6694	15.7673	0.165721	5
3722	22.5934	7.20946	0.565511	5
3723	22.6065	7.8804	0.759577	5
3729	21.6422	21.8676	0.498737	5
3732	23.1168	14.6614	0.457802	5
3736	24.782	16.8722	0.846543	5
3738	22.8495	12.8861	0.481517	5
3739	22.5157	12.5699	0.512509	5
3740	21.9596	20.4992	0.723393	5
3741	21.6262	20.8941	0.906135	5
3743	22.0098	21.7545	0.876875	5
3756	20.3629	0.142772	0.776617	5
3771	20.6563	0.755124	-0.237716	5
3772	23.4917	14.028	-0.170985	5
3774	20.2133	10.6642	0.439669	5
3778	23.1775	15.7064	0.222467	5
3784	24.0457	7.1308	0.79901	5
3786	23.212	14.7894	-0.149427	5
3787	23.1687	7.45296	-0.505966	5
3790	22.0565	10.3727	0.666896	5
3791	21.2622	10.0387	0.268558	5
3805	20.9465	12.9559	-0.356432	5
3815	20.9344	23.9561	1.05543	5
3821	22.3965	19.4615	-0.00223367	5
3822	22.3981	19.199	0.978888	5
3824	22.9393	13.4911	0.624769	5
3826	21.5387	9.67942	0.187371	5
3829	22.5819	23.7315	-0.12053	5
3842	24.1791	24.4816	0.17954	5
3843	22.6023	7.32594	0.48832	5
3846	20.1527	6.88101	0.232365	5
3855	24.7331	14.4582	0.462241	5
3856	23.6442	14.8725	0.602653	5
3857	24.382	14.5718	0.792297	5
3860	20.3139	13.5246	0.706108	5
3863	21.8907	1.79442	0.504822	5
3866	24.1511	15.3944	-0.506668	5
3868	24.389	2.81144	0.951612	5
3871	22.2098	20.9031	0.472553	5
3877	22.9519	17.6578	1.07328	5
3890	20.1871	15.813	0.546559	5
3893	23.4149	5.2375	0.376984	5
3894	20.5438	6.74857	0.321994	5
3895	23.6862	8.25867	-0.339818	5
3902	20.7891	12.1295	-0.281947	5
3906	24.1198	3.33433	-0.709862	5
3914	23.7792	10.3458	0.19654	5
3924	24.7	9.74119	0.306573	5
3943	20.2554	7.53928	0.38148	5
3948	24.7952	23.0459	-0.126458	5
3949	24.9339	23.0379	-0.393226	5
3955	24.4224	9.31074	0.894479	5
3958	22.9464	4.23161	0.0761121	5
3960	23.4209	12.1486	0.694262	5
3976	22.5631	15.4138	-0.0313372	5
3986	23.9206	12.6161	0.059494	5
3987	23.5447	16.3851	1.24581	5
3997	21.4705	5.13096	0.322503	5
3998	20.8114	17.8945	0.321397	5
3999	21.3981	17.6891	0.449865	5
4003	22.5433	0.40767	-0.353256	5
4005	20.4903	10.987	0.459236	5
4008	24.17	7.27674	0.189269	5
4034	24.2768	15.5445	0.216055	5
4046	20.2793	7.74111	0.161191	5
4048	23.4498	23.8637	-0.145087	5
4050	22.3463	14.6914	-0.170754	5
4058	24.4801	20.0453	0.835396	5
4059	21.6502	10.2084	0.486918	5
4060	21.9983	10.0621	1.49087	5
4068	23.1762	14.2641	0.960655	5
4086	22.17	4.91709	0.886324	5
4101	21.7175	2.6495	-0.345289	5
