Region	Region	Fst

1.0	2.0	0.150095
1.0	3.0	0.273205
2.0	3.0	0.0926836
