Region	Region	Fst

1.0	2.0	0.112391
1.0	3.0	0.232653
1.0	4.0	0.298843
1.0	5.0	0.365601
2.0	3.0	0.107379
2.0	4.0	0.152892
2.0	5.0	0.246905
3.0	4.0	0.0372874
3.0	5.0	0.129785
4.0	5.0	0.0956224
