Region	Region	Fst

1.0	2.0	0.136639
1.0	3.0	0.20855
1.0	4.0	0.389633
1.0	5.0	0.462859
2.0	3.0	0.0463524
2.0	4.0	0.189035
2.0	5.0	0.271871
3.0	4.0	0.100645
3.0	5.0	0.187515
4.0	5.0	0.0583169
