Region	Region	Fst

1.0	2.0	0.121051
1.0	3.0	0.346557
2.0	3.0	0.14612

