Ind_ID	PosInd_X	PosInd_Y	PhenValue	Region

14	0.455229	21.0893	0.479192	1
17	1.18387	1.05416	0.783951	1
37	2.02949	11.4528	0.288721	1
63	1.05171	0.0250431	0.451463	1
65	2.09479	17.6842	0.381204	1
70	0.839663	5.30914	-0.15882	1
75	1.85007	8.73015	0.242006	1
81	1.35912	23.8684	0.336277	1
93	0.301104	0.514595	0.573262	1
98	0.61495	5.69479	0.444953	1
117	2.48242	20.1018	0.656512	1
121	1.95316	19.4611	0.0031295	1
125	0.596547	1.20286	0.168971	1
130	2.06012	17.3686	0.548779	1
143	1.78947	10.8269	0.294579	1
148	2.31576	20.2742	0.517762	1
161	2.34327	5.68645	1.16803	1
172	2.42402	22.2073	0.402345	1
175	1.21099	3.29201	0.370722	1
219	1.12253	22.0726	0.142958	1
230	1.49595	17.5365	0.404225	1
231	0.109829	10.2578	-0.0558741	1
238	1.90422	19.0142	0.268065	1
247	0.231368	18.0408	0.925902	1
252	1.65271	19.1821	0.646603	1
278	0.809924	16.2233	0.95251	1
294	0.366477	1.2726	-0.15646	1
300	0.775107	16.5906	0.474378	1
342	0.967991	23.6695	0.557419	1
350	1.91584	1.52003	0.382943	1
356	1.52531	5.34677	1.03633	1
378	1.30959	19.0836	0.533919	1
382	1.90826	17.0132	0.335925	1
389	2.04049	2.29622	0.129266	1
411	1.86355	21.5864	-0.0242583	1
415	2.14426	15.491	-0.103739	1
417	1.63191	9.51945	-0.0943234	1
431	0.3387	2.94368	0.00488214	1
440	0.176029	9.17229	0.435597	1
442	1.52222	11.486	0.105886	1
453	1.30738	12.837	0.756982	1
471	1.54379	8.24569	0.508459	1
477	1.91019	8.57847	0.788747	1
483	1.05467	18.5582	0.271168	1
511	1.73468	12.5213	0.235753	1
512	2.17068	1.69593	0.831869	1
513	1.58306	17.2966	0.336381	1
514	1.65032	1.73384	-0.153606	1
528	2.4501	5.97991	0.379839	1
536	1.0124	13.8296	0.396131	1
543	0.138422	0.169769	0.765377	1
546	2.49783	21.537	0.179238	1
587	2.30982	14.318	0.0844892	1
592	0.159095	15.2358	0.413219	1
608	1.17075	14.6484	0.834786	1
610	1.79925	24.7801	0.114718	1
613	2.24666	12.3614	0.894191	1
616	1.1734	20.1471	0.128521	1
621	0.476966	19.0281	0.554387	1
623	1.22515	3.91577	0.241387	1
635	1.52946	8.98425	0.461284	1
652	0.0264969	4.73056	0.455033	1
670	0.161016	21.569	0.805366	1
671	1.13181	21.7335	0.6279	1
672	2.46892	9.43883	0.585385	1
684	2.2845	0.0637822	0.707581	1
688	1.78521	15.21	0.538896	1
690	0.415429	9.75855	0.740617	1
707	1.34806	8.94581	0.381121	1
711	1.81095	20.7249	0.572445	1
715	0.520943	16.213	-0.100495	1
725	0.0388149	2.97193	0.301865	1
733	2.02432	1.59311	0.327055	1
759	1.75196	8.91185	0.345093	1
776	2.03317	21.7657	0.381319	1
801	2.25621	5.35688	0.457042	1
814	1.12872	20.5623	0.569034	1
817	2.36433	16.1774	0.512982	1
820	0.418493	12.6451	1.08563	1
827	2.48226	17.2204	0.255891	1
831	1.23621	13.3414	0.10046	1
837	1.98439	11.0214	0.574099	1
841	0.813175	4.98387	0.418017	1
842	1.40914	13.5684	0.659751	1
880	2.28851	16.2938	0.546292	1
903	0.448569	18.9916	0.626337	1
925	0.925003	6.52455	0.927692	1
928	2.08653	15.2855	-0.664137	1
938	2.30565	3.6733	0.633295	1
944	0.810057	5.40845	0.132165	1
945	1.79246	17.2815	1.24421	1
953	2.3073	15.7043	0.535668	1
955	2.03472	23.8155	0.458411	1
959	1.39047	15.31	0.6065	1
964	2.21383	0.893164	0.544932	1
970	0.655681	7.71406	0.443336	1
984	0.327707	21.378	0.291991	1
987	1.45478	13.0246	0.723625	1
990	1.09948	4.56495	0.382492	1
991	2.21563	6.82578	-0.158388	1
992	2.24916	17.6393	0.000526583	1
1002	0.758462	13.68	0.769315	1
1004	0.997241	7.76136	0.293544	1
1026	1.10976	21.9291	0.716189	1
1035	2.08636	21.0139	0.258194	1
1042	0.995008	24.3691	0.253882	1
1048	0.930495	15.9305	0.197774	1
1050	0.275328	5.4518	0.202945	1
1054	1.29026	7.70644	0.0245654	1
1061	0.226328	22.051	0.343315	1
1067	1.93806	23.0406	0.196986	1
1071	2.26522	22.5306	0.471116	1
1073	0.146836	11.5416	0.301846	1
1074	0.930084	6.5574	0.801618	1
1088	1.98534	17.4837	0.476888	1
1095	1.49683	3.33736	0.334732	1
1107	1.79248	17.9959	0.603467	1
1108	1.08888	3.96459	0.264318	1
1127	1.92945	10.8133	0.543926	1
1128	0.986648	5.28517	0.10286	1
1137	2.44079	11.0268	0.337758	1
1139	0.55192	19.996	0.365052	1
1149	2.10717	8.79681	0.181781	1
1151	1.34069	15.4181	0.746005	1
1158	2.24717	4.81869	0.232508	1
1165	0.248089	12.7888	0.237511	1
1193	1.17963	15.3646	-0.598101	1
1195	1.13595	9.09727	0.55725	1
1198	1.90181	4.79387	0.412817	1
1210	2.20601	15.3277	-0.118448	1
1214	0.218105	7.28903	0.739271	1
1215	2.26773	23.708	0.669978	1
1218	2.4387	14.7044	0.0515221	1
1219	0.804101	13.4654	0.403459	1
1223	1.7113	4.72672	0.428446	1
1231	0.696984	17.6567	0.870701	1
1243	2.15964	11.1474	0.441235	1
1266	1.86899	6.71785	0.395214	1
1310	0.309257	19.5596	0.360601	1
1313	1.18256	23.3825	0.0712929	1
1317	1.25411	6.10073	0.374053	1
1324	0.11853	22.6334	0.109713	1
1342	0.462522	4.18701	-0.220294	1
1349	1.47468	11.0815	0.21763	1
1350	1.51155	2.32202	0.00642387	1
1357	2.2357	6.89959	0.192037	1
1363	1.12229	24.0949	0.636187	1
1366	1.87459	19.7858	0.385612	1
1370	1.14327	2.3413	1.17152	1
1398	0.250221	15.3125	0.602944	1
1417	1.04613	19.584	0.842855	1
1429	2.48643	17.689	0.184923	1
1447	1.54343	7.33104	0.585511	1
1458	1.00076	23.3497	0.27011	1
1464	1.83138	17.715	0.967061	1
1466	2.36652	16.5808	0.352005	1
1477	0.726022	23.8949	-0.017006	1
1479	0.833612	20.4166	0.525489	1
1487	1.32373	16.023	0.225922	1
1509	1.01003	13.26	0.392585	1
1534	2.28917	13.0113	0.39698	1
1558	0.766649	15.865	-0.115449	1
1564	0.870556	2.66985	0.0432845	1
1566	1.50468	13.3078	0.255632	1
1574	0.652491	1.85068	1.09588	1
1575	1.80305	1.25416	0.205583	1
1594	2.19255	20.3286	0.214142	1
1621	0.0133119	24.1128	0.291856	1
1630	1.10928	1.89357	0.585291	1
1637	2.19368	21.208	0.72874	1
1638	0.897188	3.7064	0.45831	1
1640	0.924402	17.8022	0.682381	1
1647	1.8909	18.844	0.0473359	1
1680	1.02852	19.678	1.0643	1
1718	2.45757	10.3783	-0.494101	1
1725	1.50788	6.20848	0.573606	1
1733	0.443272	8.10635	0.0542067	1
1758	0.39297	6.51832	0.825788	1
1759	0.649052	6.86113	0.0249222	1
1777	1.36348	17.8784	0.490285	1
1785	0.554315	16.8645	0.038808	1
1788	2.11873	1.65834	-0.00895897	1
1806	0.697424	24.5981	-0.263081	1
1807	1.63285	14.0764	0.66893	1
1814	1.7707	8.81746	0.504471	1
1822	2.02425	24.1113	0.263482	1
1829	2.48445	5.41761	0.401712	1
1836	0.14882	10.5105	0.263625	1
1840	0.256917	12.4833	0.203735	1
1843	0.722956	3.68517	0.557168	1
1846	0.488321	11.6895	0.496631	1
1848	2.28548	18.524	0.595953	1
1852	2.35668	24.0634	0.510083	1
1860	2.21849	3.98793	0.355338	1
1863	2.4266	19.4742	0.290396	1
1864	0.574131	3.76184	0.00982789	1
1882	1.51978	12.3414	-0.176061	1
1885	0.561417	6.26386	0.0511181	1
1887	2.23289	15.1075	0.343431	1
1904	2.41249	0.753532	0.340154	1
1911	0.940924	9.729	0.017685	1
1916	2.22422	22.9809	0.479695	1
1953	1.07876	22.08	0.0726943	1
2018	1.85906	23.5831	-0.079858	1
2040	0.0560823	2.59834	0.390644	1
2046	0.203582	23.0515	0.637431	1
2070	2.3624	7.3552	0.23567	1
2093	1.38216	11.4331	0.334032	1
2094	1.93272	17.4938	0.577936	1
2108	2.47721	20.5276	-0.381408	1
2133	1.78135	18.5756	0.875382	1
2136	1.656	13.068	-0.36558	1
2152	0.615286	7.13864	0.697582	1
2166	0.779335	24.812	0.35959	1
2168	0.54747	13.6163	0.445172	1
2191	0.467103	10.0786	0.152778	1
2197	0.694517	11.8597	0.29087	1
2213	0.673762	9.94065	0.373205	1
2217	0.452026	9.22859	0.80622	1
2235	1.7632	0.542957	1.11521	1
2237	0.370449	6.54535	0.4251	1
2242	0.720716	23.1141	0.483939	1
2251	1.00251	15.1264	0.23664	1
2252	0.276159	15.5737	0.471723	1
2264	1.68616	6.24143	0.277999	1
2293	0.652771	9.78057	0.258005	1
2301	2.27178	4.26522	-0.282039	1
2325	1.85852	19.487	0.887826	1
2333	1.56931	8.46466	-0.0312272	1
2341	1.02065	1.93965	0.0256713	1
2362	2.30667	23.9948	-0.381261	1
2387	1.64856	19.775	0.694283	1
2389	1.94961	4.57035	0.690863	1
2395	0.265787	5.42407	0.437626	1
2403	1.1514	21.4599	0.670529	1
2426	1.35771	17.2337	0.26224	1
2432	0.568245	20.8175	-0.14739	1
2453	0.0150514	7.08365	0.160796	1
2458	1.20375	15.4136	0.615189	1
2461	2.23309	23.614	0.0594121	1
2464	0.41474	21.9731	0.608987	1
2483	0.690639	6.25487	0.256594	1
2492	0.00656387	12.3909	0.111429	1
2494	2.24867	22.0228	0.467596	1
2506	1.90186	22.4194	0.633807	1
2519	0.883399	2.99572	0.587711	1
2532	1.29053	24.8632	0.497039	1
2539	0.58672	23.7356	0.555529	1
2544	2.06319	17.8553	0.281478	1
2555	0.297886	5.03801	0.160971	1
2561	1.10468	6.66972	1.11255	1
2564	1.32536	4.27846	0.462192	1
2580	0.872632	8.23367	-0.429531	1
2601	1.33029	19.8381	0.371271	1
2608	1.92111	12.0821	1.03973	1
2619	0.781824	24.2732	0.65537	1
2625	1.3338	15.0893	0.555738	1
2630	2.43526	3.03447	0.234076	1
2631	0.497756	19.687	0.25539	1
2650	0.627023	13.0162	0.172871	1
2678	1.79759	23.3098	0.441312	1
2691	0.189556	2.94964	0.285489	1
2696	1.27589	6.87193	0.5671	1
2700	0.555995	24.3827	0.473473	1
2701	1.56709	7.75947	0.703869	1
2705	1.33368	14.4515	0.269128	1
2721	0.131043	14.229	0.559851	1
2730	0.569102	23.8437	0.655308	1
2745	1.87289	21.4686	0.433608	1
2759	2.42456	2.10492	0.256201	1
2781	2.04487	3.72158	0.385352	1
2791	0.698394	6.98996	0.391832	1
2799	1.40561	4.13413	0.540413	1
2808	0.177347	21.5174	-0.146915	1
2838	1.25259	13.0943	0.814835	1
2865	2.12255	19.2506	0.073035	1
2878	0.11565	24.5228	0.347946	1
2900	0.9251	22.1051	0.548568	1
2901	2.48711	16.6709	0.382373	1
2911	1.77232	13.4809	0.556905	1
2927	1.54162	5.13751	0.559162	1
2930	1.88331	7.23116	0.493967	1
2933	0.228236	0.283873	0.157047	1
2960	0.824576	16.4683	0.69618	1
2971	0.153252	12.0621	0.65393	1
2978	0.145573	24.3783	0.221637	1
2994	0.767232	2.92877	0.122189	1
3001	1.49875	10.8531	0.98827	1
3038	0.228006	18.3882	-0.446817	1
3043	1.78705	15.2676	0.256466	1
3046	0.8033	9.63233	0.624759	1
3063	0.0313239	0.28872	0.271938	1
3068	2.21127	13.389	0.248039	1
3116	0.781122	4.12821	0.347002	1
3123	1.53483	21.4416	0.23892	1
3127	2.38091	12.2629	0.772454	1
3133	1.88583	20.6071	0.925848	1
3134	0.946098	0.295881	0.274431	1
3137	2.40127	23.7825	0.67161	1
3149	2.02038	0.483019	0.368392	1
3161	2.03558	10.4008	0.541911	1
3164	1.21799	23.2752	0.324232	1
3169	2.08953	9.79776	0.883262	1
3173	2.08811	20.3496	0.53267	1
3187	1.50722	15.4412	-0.0116558	1
3188	0.741848	3.00403	1.58722	1
3210	1.22179	6.88362	-0.430175	1
3213	1.67234	15.2159	0.119073	1
3215	1.74827	3.92893	0.857277	1
3219	1.1073	15.9349	0.150237	1
3226	0.379304	9.29028	0.687824	1
3242	0.547083	24.5957	0.111427	1
3278	1.36212	16.1786	-0.0442915	1
3290	0.733075	21.6532	0.110972	1
3292	0.840493	20.3856	0.351006	1
3300	2.22847	16.6984	0.198352	1
3309	1.70088	23.8623	0.418816	1
3311	1.80748	21.5889	0.319943	1
3312	1.65422	20.8941	0.362558	1
3337	0.497906	18.2099	0.307502	1
3341	0.783208	0.794227	0.482295	1
3343	2.3548	15.5944	0.613377	1
3367	0.826479	10.8385	0.32352	1
3368	0.951922	11.0406	0.192113	1
3369	1.24093	10.5281	0.586207	1
3407	0.847641	10.3596	0.618796	1
3419	1.40507	13.855	0.315908	1
3424	2.35093	11.4725	0.73568	1
3426	2.07892	9.923	0.499065	1
3442	1.35124	8.61199	0.52704	1
3443	1.73922	8.18376	0.615864	1
3467	1.34286	11.5242	0.547013	1
3475	0.219178	10.0771	0.180167	1
3477	0.723569	9.1623	0.840541	1
3480	0.696472	23.34	0.88565	1
3481	0.213788	22.4132	1.142	1
3504	0.558406	4.64563	0.222318	1
3521	1.41152	7.50266	0.656328	1
3526	1.10082	6.43564	0.198692	1
3535	0.460219	3.05064	0.39933	1
3536	2.38247	12.6481	-0.200174	1
3577	1.12187	12.6005	0.304754	1
3593	1.10414	24.0533	0.746054	1
3594	1.84883	3.8577	0.270521	1
3598	1.25965	17.8847	0.128732	1
3608	1.32722	20.4248	0.0888572	1
3626	0.0916345	0.510261	1.29476	1
3629	0.832121	4.80304	0.517206	1
3661	1.66362	5.09097	-0.264847	1
3669	1.00188	15.8554	-0.231171	1
3705	1.46718	21.0207	0.373166	1
3707	2.03474	18.946	0.407066	1
3717	1.74696	21.4306	0.59338	1
3794	1.11898	3.42297	0.545408	1
3795	2.45295	9.43194	-0.126875	1
3827	1.00386	5.75633	0.115382	1
3830	0.921417	15.7887	0.0604692	1
3845	2.11003	22.8093	-0.142427	1
3846	2.01187	4.407	0.132151	1
3848	0.668836	24.7499	0.495037	1
3862	1.3103	23.4183	0.455284	1
3863	1.38775	2.43976	0.340634	1
3883	1.09461	6.37643	0.5008	1
3885	2.24011	17.2674	0.288193	1
3894	1.19257	24.1228	0.390763	1
3897	2.24949	4.48734	0.0967755	1
3898	0.989649	6.67599	0.52377	1
3912	0.607346	11.4661	-0.0520652	1
3921	0.809845	5.04296	-0.00701633	1
3939	0.565624	9.00545	0.205946	1
3940	1.72654	3.56102	0.552482	1
3943	2.23514	22.7237	0.0984983	1
3946	0.721965	13.7897	0.365447	1
3949	0.266682	6.66851	0.278159	1
3953	0.944455	14.4206	0.233895	1
3958	0.410699	19.3401	0.0981918	1
3965	2.25836	14.859	0.614715	1
3975	0.843588	2.50254	0.620303	1
3980	1.42159	24.3986	0.958402	1
3981	0.963022	24.7469	-0.0919984	1
3987	1.51767	11.1966	-0.158401	1
4006	0.976656	11.6322	0.232906	1
4010	1.97601	14.6888	-0.0532257	1
4011	2.04823	14.143	0.658064	1
4014	0.980754	15.9885	0.589418	1
4025	1.85054	15.6924	0.709704	1
4026	2.20151	23.8145	0.475216	1
4027	2.44673	12.527	0.0581841	1
4047	0.279465	14.7524	0.214171	1
4049	2.49521	17.2118	0.46727	1
4053	1.70467	17.322	0.566975	1
4056	1.1616	16.83	0.027541	1
4070	1.6809	4.57886	0.221878	1
4075	2.34843	7.68253	-0.0800298	1
4077	1.77739	16.6162	0.253506	1
4085	0.723457	7.66236	0.321879	1
4086	1.26994	8.57475	0.744099	1
4088	0.405146	21.1029	0.753916	1
4093	1.23617	0.0786523	0.364314	1
4112	1.30099	1.45928	0.485565	1
4113	2.20355	19.2329	0.476271	1
4118	1.11241	6.6621	0.653093	1
4120	1.8363	5.31309	0.769388	1
4151	1.89912	23.2313	0.118268	1
4183	2.05852	11.6773	0.0227038	1
4187	1.50391	14.0118	-0.461895	1
4188	1.2041	16.4625	-0.0388675	1
4195	1.80714	19.015	0.770551	1
4212	0.62408	13.2134	0.119663	1
4246	1.30881	15.1175	0.024835	1
4250	0.586605	8.40605	0.268737	1
1	2.78481	2.63676	0.636079	2
13	3.94093	19.739	0.296043	2
24	3.48835	12.5544	0.582424	2
25	3.00439	19.8341	0.464351	2
38	2.64064	8.85988	0.158772	2
47	3.8179	7.26056	-0.0284904	2
53	3.97845	18.7117	0.267585	2
95	4.75039	24.5757	0.259479	2
99	4.69793	9.81963	0.621647	2
135	4.55719	0.921854	0.692383	2
141	3.60783	16.219	0.499254	2
154	3.21815	7.6334	0.445511	2
160	2.66012	7.86282	0.427474	2
162	2.94455	21.0727	-0.0599444	2
170	4.31462	4.60829	0.253509	2
179	4.61478	9.21941	0.108593	2
182	4.71201	10.0048	0.640985	2
193	3.28115	23.8763	0.170623	2
195	3.5086	21.8312	0.558414	2
198	4.8285	18.3348	0.426858	2
200	4.08831	24.7955	0.112237	2
222	2.51946	6.53332	0.312873	2
233	3.34446	12.6515	1.0937	2
234	2.84044	22.3824	0.341996	2
251	4.53168	6.11172	0.0546507	2
263	4.07662	15.854	0.371261	2
265	2.68945	7.48695	0.169898	2
267	4.83858	1.36934	0.658763	2
268	2.57255	18.6413	0.466378	2
275	2.96068	20.8208	0.494845	2
280	2.58949	12.0572	0.900219	2
289	4.83695	1.81167	0.293999	2
297	2.87519	21.4463	0.846163	2
301	3.83895	24.287	0.564104	2
302	3.07671	21.9624	0.760756	2
359	4.22053	16.8136	0.22017	2
371	3.49118	0.669902	0.110501	2
376	3.66429	8.22877	0.0727516	2
404	2.62667	11.7138	0.279388	2
418	3.96537	10.8522	-0.00127458	2
421	4.40498	4.95889	0.164476	2
423	4.99271	7.19833	0.499232	2
425	3.62627	16.2737	0.37008	2
441	4.85436	8.54408	0.649879	2
459	3.42439	2.78886	0.968846	2
472	3.90816	9.0005	0.24644	2
480	3.79257	17.6213	0.580263	2
484	4.99735	13.158	0.906435	2
491	4.95022	15.9455	0.258896	2
498	3.31739	2.59907	0.448334	2
505	2.96208	14.6912	0.134691	2
509	3.0932	1.94184	0.938375	2
516	3.69561	7.19195	0.613087	2
531	3.40185	2.56217	-0.033537	2
568	4.43718	6.18047	0.33612	2
577	3.34471	11.3216	0.356284	2
582	4.64202	22.4569	0.242319	2
590	2.69444	5.60865	0.0784888	2
594	2.7923	8.70204	0.0162224	2
596	3.48853	7.8584	0.412737	2
600	4.3419	19.267	0.283884	2
604	4.84222	3.07879	0.434285	2
611	3.52134	24.3261	0.201299	2
614	2.7496	2.95741	0.0982987	2
631	3.66865	14.3807	-0.154519	2
651	4.03573	5.96752	0.118163	2
661	3.44686	4.26612	0.390254	2
666	3.45564	8.13879	0.486111	2
668	4.12119	12.2346	0.556225	2
702	2.83824	17.2225	-0.226141	2
706	2.94114	2.53225	0.244613	2
708	4.45547	11.7814	0.506097	2
731	2.7714	12.9652	-0.12835	2
745	3.50793	20.2931	-0.186192	2
751	4.43862	5.02574	0.427622	2
753	2.97711	15.4395	-0.0473001	2
769	4.41414	3.64219	0.306292	2
781	3.98212	23.938	0.156108	2
789	4.80905	18.3298	0.389597	2
808	3.04212	4.78126	-0.376069	2
809	3.66685	6.77849	0.925632	2
810	2.90894	2.41227	0.323474	2
824	4.28042	1.84216	0.178697	2
838	4.18693	24.1244	0.585829	2
845	3.44652	11.0012	0.429491	2
854	4.49854	8.41571	0.0261736	2
855	4.41029	16.1005	0.768359	2
863	4.62859	18.3	0.603105	2
884	2.99059	12.869	0.625507	2
905	4.70368	10.6861	0.82572	2
913	3.01292	3.58219	0.635849	2
920	3.92224	13.8273	0.210793	2
927	2.93911	17.9583	0.880292	2
933	3.56227	4.77879	0.0645041	2
936	3.97401	5.9219	0.229492	2
988	3.01601	17.095	0.64316	2
1005	4.88249	3.08169	0.748165	2
1023	4.8829	19.7269	-0.179868	2
1044	3.98374	4.80971	0.505725	2
1046	4.40807	24.0599	0.910357	2
1066	4.4692	12.8592	0.166972	2
1069	2.80421	20.8421	0.366815	2
1081	3.22681	24.8951	0.342508	2
1094	4.71317	21.8077	0.272892	2
1097	3.99547	4.59405	0.335505	2
1115	3.63536	8.59285	-0.111583	2
1116	3.40845	19.4646	0.146666	2
1117	3.00703	12.2858	0.58412	2
1130	3.70849	12.3752	0.0587609	2
1131	3.33381	20.2549	0.247141	2
1136	3.77175	17.7389	1.41537	2
1155	3.54086	18.3842	-0.711669	2
1175	3.33715	15.2329	0.560925	2
1179	4.58684	0.321927	0.152347	2
1182	3.23792	23.3933	0.437971	2
1191	4.70176	23.5129	0.366501	2
1194	4.45161	24.4758	0.229642	2
1196	4.3494	9.37253	0.123424	2
1212	4.40821	10.0735	0.277192	2
1249	4.04138	21.5781	0.196403	2
1251	4.48501	4.53661	0.279526	2
1256	4.78136	10.6502	0.0124813	2
1263	3.06267	21.6223	0.0159753	2
1269	3.03704	24.8546	0.102121	2
1277	3.28577	15.4541	0.168826	2
1282	4.71859	12.4753	-0.674286	2
1292	4.77725	0.300861	0.215991	2
1298	2.67239	15.5658	0.19312	2
1321	4.78292	9.00774	0.642383	2
1341	3.63063	23.8267	0.361942	2
1346	2.62165	6.95224	0.799749	2
1351	3.58806	17.1731	0.340182	2
1361	4.40814	20.4273	-0.29935	2
1375	4.34812	22.4399	0.476395	2
1424	2.72181	14.2532	0.329959	2
1440	3.65864	4.88016	0.257652	2
1441	3.89458	3.60994	0.501464	2
1455	3.90561	9.5865	0.404851	2
1462	3.30913	13.7784	0.660928	2
1465	3.97945	7.78265	0.509102	2
1488	4.00241	17.7807	0.266178	2
1500	3.7749	2.62839	0.146133	2
1521	3.35433	22.4036	0.480435	2
1568	2.72648	3.19557	0.754736	2
1598	4.32843	8.21152	0.572908	2
1601	4.57154	1.39319	0.377447	2
1624	4.09867	21.8332	0.921689	2
1626	4.79013	10.3276	0.0869792	2
1632	3.46584	9.30646	0.768174	2
1643	3.41658	15.4544	0.0282857	2
1649	3.44073	19.9816	0.0627715	2
1650	4.92053	5.01618	0.16804	2
1667	3.59138	8.07316	0.231437	2
1674	4.71455	22.242	0.343887	2
1681	3.35271	4.85253	0.460547	2
1690	3.58678	20.1719	0.123106	2
1692	2.68828	3.12123	0.226703	2
1695	3.71764	18.6017	0.153542	2
1711	2.78218	13.8153	0.674939	2
1715	4.26966	6.64152	1.12669	2
1742	3.28313	0.319736	0.148817	2
1743	3.88955	12.4115	0.249107	2
1756	4.66919	23.0597	-0.427045	2
1817	2.92397	9.89812	0.374233	2
1845	4.6568	23.2429	-0.0227694	2
1867	3.4284	10.0847	0.239864	2
1872	3.59716	2.5382	0.243346	2
1873	2.97421	9.57318	-0.0676588	2
1878	3.53996	11.3995	0.407016	2
1881	4.16241	13.166	-0.149697	2
1886	2.65486	8.60516	0.600767	2
1890	4.8072	22.2389	-0.0532048	2
1897	4.13058	16.8154	-0.0771737	2
1915	3.14297	14.3308	0.223532	2
1925	2.71104	22.3992	0.829744	2
1940	4.27786	3.11063	0.198263	2
1942	3.29435	22.2378	0.267668	2
1946	3.12027	7.31672	0.542356	2
1948	2.93854	12.7577	0.580433	2
1960	4.30611	18.513	0.268209	2
1984	3.77827	24.7009	0.338182	2
1995	4.86503	21.2108	0.504106	2
2011	3.06218	17.5086	0.316841	2
2021	4.06807	20.4923	0.174349	2
2055	4.67758	2.6845	0.322027	2
2058	4.42161	0.976296	0.00370727	2
2073	4.58426	17.5588	0.179195	2
2075	3.39552	15.0317	0.286099	2
2089	3.32886	23.5057	0.446407	2
2091	3.92845	10.6007	0.81758	2
2100	4.81129	7.86417	0.172284	2
2109	2.79404	11.7734	0.335777	2
2119	4.08096	1.80588	0.519618	2
2132	4.01159	14.5803	0.30476	2
2140	3.86549	8.69815	0.232997	2
2182	3.77119	13.5988	0.51029	2
2190	3.61386	8.72261	1.64305	2
2193	4.08633	2.90664	0.155563	2
2201	4.64222	16.1428	0.313287	2
2210	3.74492	4.69109	0.368185	2
2216	3.50452	7.76691	0.499237	2
2219	3.07918	22.5291	0.419328	2
2250	4.60613	13.4496	0.306894	2
2254	4.56955	19.8397	0.130298	2
2255	2.75282	15.8291	0.461662	2
2260	2.53611	2.53953	0.479021	2
2262	2.95124	2.02102	0.405269	2
2278	4.93788	9.82642	0.270728	2
2285	3.86742	10.0353	1.1276	2
2286	3.84235	10.6376	0.758465	2
2290	2.89216	13.6487	0.196504	2
2295	3.66383	14.4576	0.283678	2
2304	4.10402	15.396	0.134462	2
2319	4.65719	9.6654	-0.470156	2
2324	4.03396	7.84118	0.482278	2
2339	3.4017	1.09283	0.133242	2
2344	2.85949	10.3394	0.142065	2
2346	3.01005	0.957109	0.127671	2
2355	4.33224	16.3135	0.697396	2
2371	3.47608	6.1476	0.487212	2
2372	4.52508	20.3178	0.767652	2
2376	3.738	19.1681	0.410879	2
2383	3.90967	2.9732	0.382795	2
2398	3.86602	5.37841	0.764933	2
2414	4.60251	21.4397	0.233072	2
2428	2.74372	16.3505	0.958343	2
2442	3.11577	7.59954	0.00612609	2
2456	4.93885	1.08617	0.439999	2
2465	4.99324	15.0928	0.186761	2
2467	4.20913	2.32646	-0.160058	2
2478	3.77497	22.3543	-0.241113	2
2487	4.95029	19.4425	0.613119	2
2508	3.66963	3.14148	0.160767	2
2518	4.87251	24.3881	0.0822189	2
2537	3.24696	12.3899	0.0999149	2
2540	3.30882	10.4833	0.927475	2
2559	2.84417	24.5506	0.386821	2
2568	3.57119	2.31517	0.97569	2
2572	4.72141	23.7702	-0.306637	2
2585	4.92561	24.8735	0.426611	2
2605	4.96414	16.5795	-0.0791379	2
2610	4.09748	20.7897	0.672987	2
2615	4.03931	17.8909	0.420144	2
2642	3.81159	6.15931	0.177694	2
2644	2.72972	20.1548	1.03584	2
2645	3.24724	5.94232	0.285439	2
2649	4.94465	11.4112	-0.145983	2
2661	3.49253	10.2851	-0.170224	2
2685	4.58297	12.14	0.418071	2
2689	3.6022	3.7817	-0.293809	2
2693	4.38996	0.749899	0.426298	2
2697	2.51163	16.8801	0.0835394	2
2703	2.87375	24.6995	0.576791	2
2708	4.16502	17.6334	-0.29435	2
2709	3.02963	17.1066	0.326066	2
2710	2.53642	21.0718	-0.0649898	2
2717	4.8363	0.151025	0.133806	2
2718	3.31393	3.1971	-0.107852	2
2733	4.89358	24.2525	0.478245	2
2748	2.65544	24.0075	-0.0955542	2
2755	4.78774	22.9125	0.251152	2
2769	3.53767	22.9927	0.391677	2
2779	3.57383	19.2208	0.69596	2
2780	3.33212	18.7747	-0.0726455	2
2782	2.99148	13.4215	0.675317	2
2784	4.9243	17.297	0.128959	2
2789	4.23508	1.27998	0.427045	2
2801	2.90605	1.79232	1.01964	2
2806	2.85371	13.7198	-0.6416	2
2832	4.99581	14.5217	1.19311	2
2834	3.83647	11.3682	-0.476269	2
2836	4.39843	1.30374	0.90394	2
2842	4.58602	7.7857	0.368386	2
2867	3.4271	24.0726	0.351775	2
2871	4.35619	16.4688	0.549547	2
2882	3.53268	24.8344	0.169964	2
2888	2.84389	2.23172	0.533284	2
2905	3.45802	10.6406	0.884922	2
2924	3.75967	16.6775	0.243522	2
2929	3.80953	22.6524	0.258919	2
2945	3.78683	9.66596	0.996657	2
2964	3.22773	1.77707	0.430254	2
2966	3.75563	13.4202	-0.0660462	2
2975	4.39444	24.2961	0.132904	2
2983	4.9699	4.42049	0.449804	2
2992	2.5981	14.8526	0.540662	2
3005	2.9291	18.4027	0.0559537	2
3015	2.98677	19.8752	0.287447	2
3019	4.17592	11.8151	0.388159	2
3027	4.43723	12.3849	0.362451	2
3049	4.94564	10.1851	0.531212	2
3051	4.23278	14.4979	0.483385	2
3053	3.40191	1.68126	0.505546	2
3054	3.35479	1.63944	0.930054	2
3070	3.99495	1.16667	0.0124462	2
3088	3.08137	2.34691	-0.0606447	2
3089	3.29679	23.114	0.943788	2
3099	3.68725	20.5602	0.945835	2
3121	4.52128	15.8046	0.253636	2
3126	4.9588	19.1348	0.486232	2
3135	3.91099	9.62716	0.237215	2
3143	4.44217	10.7451	0.34965	2
3148	2.85953	16.8163	0.306583	2
3163	3.3796	0.23447	-0.023784	2
3165	3.30717	5.30781	0.328095	2
3168	4.74262	20.4197	0.686473	2
3191	4.38257	17.9655	0.279047	2
3192	3.71666	12.8058	0.0404489	2
3193	4.43067	8.61726	0.988524	2
3203	3.58891	24.5977	0.18414	2
3216	3.06968	12.813	0.631899	2
3223	3.89468	12.2945	0.854543	2
3235	3.48579	4.22772	0.518	2
3239	4.77194	19.8332	-0.166693	2
3243	2.51895	5.129	0.832159	2
3275	2.84034	8.90187	0.483093	2
3303	3.06319	9.91246	0.0177376	2
3304	4.44847	3.71205	0.173104	2
3308	4.82222	17.1024	0.0295197	2
3321	3.22302	19.7461	0.771616	2
3342	3.2376	16.0069	0.539901	2
3344	4.89074	14.9282	0.402793	2
3348	3.92161	6.35977	0.363984	2
3355	3.16373	18.062	1.18417	2
3356	3.68265	7.76226	0.315698	2
3358	3.72153	18.9251	0.254051	2
3361	3.47469	19.5963	0.24002	2
3372	3.49688	18.6442	0.0667157	2
3379	3.8831	1.48839	-0.170385	2
3397	4.25901	17.7204	0.477082	2
3399	3.37588	13.8672	0.834264	2
3400	3.04685	13.3836	0.053943	2
3404	2.57972	1.37834	0.499434	2
3415	2.87619	11.3459	0.687607	2
3428	4.88283	0.562863	0.0534863	2
3445	3.26406	1.24354	0.464686	2
3448	3.44246	18.8916	0.517311	2
3461	4.46176	23.0172	0.387834	2
3462	4.02371	23.0324	0.122248	2
3463	3.03439	16.2033	0.0525773	2
3487	4.00967	2.40187	0.308901	2
3488	4.05678	2.6595	0.104794	2
3491	4.27892	8.24515	0.782504	2
3492	3.12966	19.9107	0.27265	2
3493	3.34716	20.0602	0.672584	2
3507	2.58688	20.5649	0.220348	2
3517	4.76482	20.2015	0.509738	2
3528	4.63157	19.7285	0.0611069	2
3529	4.60048	19.203	0.393809	2
3534	3.46298	4.73234	-0.325621	2
3537	2.7173	12.7519	1.50564	2
3539	3.13121	6.31839	0.290069	2
3543	2.89994	13.1085	0.193072	2
3547	4.67831	6.3133	0.641014	2
3555	3.78385	9.38528	0.60881	2
3563	3.38969	5.57261	-0.421811	2
3564	3.37737	5.32049	-0.2102	2
3586	3.81579	1.42046	0.354446	2
3622	4.19467	5.518	0.29458	2
3675	3.60085	24.8665	0.950636	2
3676	3.33249	24.6403	0.544898	2
3688	3.88412	4.04547	0.206942	2
3693	4.30766	2.66928	0.261107	2
3694	4.56786	18.0556	0.465832	2
3709	4.69188	22.6	0.515872	2
3710	4.32144	14.5033	0.671231	2
3711	3.01677	16.7433	0.082996	2
3722	3.80896	19.2892	0.850232	2
3732	2.8719	9.55867	0.190973	2
3737	3.53483	11.417	0.36423	2
3739	4.96004	14.5899	0.392795	2
3740	4.89568	13.9885	0.817812	2
3742	3.47908	12.0586	0.249061	2
3756	2.79622	4.32298	0.0702494	2
3767	4.57683	14.7382	0.380392	2
3774	3.94655	17.7035	0.644791	2
3782	4.79321	22.0409	0.70551	2
3805	3.99595	21.0416	0.0733313	2
3807	3.12937	17.0993	0.380513	2
3809	4.44544	13.4232	0.207237	2
3834	3.08121	1.50404	0.373543	2
3837	4.47058	17.1512	0.433059	2
3842	4.73742	14.8649	0.449383	2
3844	3.16949	6.5173	0.644755	2
3869	3.68569	14.9658	0.327727	2
3870	3.46749	15.1787	0.36869	2
3890	4.55682	1.10887	-0.00851538	2
3920	4.70969	21.8665	-0.0655616	2
3924	3.54767	19.18	0.0421889	2
3931	3.07333	24.1136	0.655581	2
3936	4.33459	12.2905	0.502399	2
3938	3.7932	15.6709	0.417346	2
3944	4.68377	20.0762	0.28891	2
3959	4.98268	24.2485	0.0730789	2
3970	3.52132	12.776	0.440577	2
3971	3.017	11.7993	0.665907	2
3972	4.26176	18.6156	0.585797	2
3979	2.72677	22.2302	0.131829	2
3983	3.0146	22.5207	-0.00421452	2
3984	3.25064	19.5264	0.21758	2
3990	4.19266	23.8159	0.135528	2
3992	2.92637	1.57376	0.366115	2
3997	3.51385	0.642817	0.591905	2
4000	4.935	16.9329	0.233954	2
4018	4.82942	21.3685	1.07773	2
4023	4.8404	15.1755	-0.0880747	2
4028	2.8364	12.4481	0.315044	2
4030	3.40127	19.0715	0.015767	2
4048	4.71465	11.9076	0.423555	2
4059	4.21546	16.7791	0.276125	2
4094	2.84035	22.5587	-0.475989	2
4111	4.44461	24.1262	0.159165	2
4114	2.57704	19.4821	0.852116	2
4123	4.03502	24.3182	1.0422	2
4138	2.63686	10.5555	0.55004	2
4144	3.67101	7.52353	0.54374	2
4145	2.93807	8.50602	0.502304	2
4152	4.64144	7.48951	0.182068	2
4153	4.77839	7.99415	0.573665	2
4154	4.90697	13.1199	0.624585	2
4191	4.45337	1.67715	0.206694	2
4220	4.39272	20.7629	0.489975	2
4221	4.34383	15.4884	0.540532	2
4233	4.71182	8.91744	0.253186	2
4234	4.23863	10.2919	0.326786	2
4241	3.82166	2.22264	0.0875577	2
4242	4.86173	16.7591	0.272334	2
21	5.29008	4.15245	0.416191	3
22	6.29865	0.0929369	0.191815	3
30	5.01327	20.6799	0.254913	3
33	5.45716	3.76537	0.21618	3
58	5.66058	23.5462	0.202618	3
62	5.84462	19.8697	0.70391	3
64	6.24689	20.5361	0.0430165	3
85	6.49645	3.48772	0.76363	3
91	6.72138	11.4962	0.62129	3
107	5.85727	13.9083	0.215894	3
108	6.6165	21.1898	0.0957475	3
110	6.3004	18.3868	0.474805	3
153	6.96952	7.04277	0.882479	3
163	5.10304	16.0892	0.354911	3
191	5.68644	5.84232	0.306583	3
197	6.5324	21.7876	0.0328279	3
202	7.25154	3.03741	0.732672	3
209	5.63789	2.44846	0.25958	3
212	6.23828	9.87864	0.521334	3
216	6.90392	10.8276	0.497102	3
227	5.57333	21.7317	0.282266	3
237	5.84625	7.87067	0.176723	3
245	5.26032	10.231	0.618016	3
260	7.20069	15.1615	0.243615	3
274	5.85546	2.24406	0.276277	3
287	6.36492	19.4205	0.557944	3
291	6.93972	4.42276	0.217631	3
304	7.28242	22.8865	0.651978	3
318	6.11807	2.5492	0.9212	3
321	5.60755	14.6738	0.416491	3
325	7.18176	6.06462	0.035632	3
334	7.41562	16.8597	0.11348	3
358	6.99125	7.24404	-0.20764	3
361	6.13278	9.16204	0.20828	3
368	6.76756	19.5808	0.426252	3
372	6.29382	5.86395	0.508492	3
374	5.26079	2.62405	0.188992	3
377	6.22537	12.3676	0.0095161	3
380	5.43637	14.6893	0.382017	3
381	6.34481	3.46644	0.268408	3
396	6.22042	23.5802	0.0640004	3
402	6.26817	1.69847	0.397548	3
403	6.04142	1.33569	0.773152	3
409	5.01216	12.7097	-0.0237957	3
430	6.61865	12.0944	-0.0290295	3
432	5.22881	7.69802	0.395754	3
456	5.57524	3.91207	0.247932	3
463	7.44509	6.45993	-0.249491	3
467	7.35553	22.9061	0.324096	3
482	5.83618	17.2877	0.996307	3
496	7.39108	15.3641	-0.0319647	3
515	7.11897	17.9713	0.596882	3
526	6.16664	3.31433	0.0362647	3
532	5.97817	15.1826	0.163662	3
533	7.36831	19.208	0.362021	3
539	5.50462	4.10958	0.0891377	3
540	5.79405	24.6662	0.328662	3
551	6.71756	9.48276	0.106086	3
575	6.86394	5.62274	0.704038	3
586	6.92577	20.2232	-0.16358	3
599	5.55609	23.1453	0.463956	3
602	5.04803	23.2684	-0.0598255	3
634	6.60243	15.1516	-0.0147911	3
669	6.66409	18.2545	0.215628	3
675	5.79168	13.7901	0.292952	3
677	5.67682	15.7021	0.186116	3
679	6.50353	7.78187	0.460822	3
681	5.92542	21.518	0.0336872	3
704	6.48155	23.6124	0.482054	3
709	5.84463	7.66464	0.469595	3
724	7.08198	8.74118	0.40551	3
746	5.7457	15.3611	0.437433	3
756	5.92074	3.16109	-0.00704974	3
764	6.50852	15.7447	0.0474602	3
766	7.32885	14.301	0.449832	3
782	5.04103	16.5653	0.347918	3
793	6.25675	20.1039	0.41844	3
798	5.25203	20.1148	0.16835	3
803	6.55843	15.3853	0.358582	3
811	7.21339	9.94141	0.221476	3
816	7.36269	7.99549	0.358881	3
828	5.68589	24.642	0.578903	3
829	5.8151	17.7475	0.605902	3
836	6.15031	0.791476	-0.0159897	3
840	6.07588	10.863	0.243198	3
869	7.15947	3.40833	0.251684	3
883	7.14229	0.92131	0.286953	3
886	6.41331	17.0155	0.503734	3
889	7.26334	11.8817	0.0825139	3
897	5.82478	16.5653	1.16508	3
900	5.90253	0.752195	-0.393663	3
901	7.41677	17.9317	0.443602	3
902	7.24297	18.9093	0.595841	3
909	5.01223	18.9349	0.196745	3
914	5.4017	14.4026	1.00991	3
919	5.9622	22.3135	0.0657655	3
947	7.28402	16.2828	0.624527	3
949	5.7938	7.93366	0.00988913	3
960	5.22867	1.40583	0.0158824	3
968	6.40098	17.3743	0.262897	3
1006	5.1263	10.4203	0.278766	3
1009	5.72671	11.8024	0.528311	3
1014	7.1886	12.0696	0.854525	3
1019	6.5777	4.73485	0.909205	3
1052	7.41408	15.17	0.433723	3
1056	5.75222	12.6016	0.406183	3
1058	7.3924	18.7842	0.182297	3
1070	6.95339	9.78899	0.234835	3
1075	5.24832	6.90247	-0.28548	3
1093	6.3345	12.5643	0.0243837	3
1104	7.32551	8.18161	0.541618	3
1110	5.46785	16.6603	0.29488	3
1120	5.18477	21.0261	0.740323	3
1123	7.23317	18.6544	0.16431	3
1135	6.35873	11.717	0.71037	3
1141	5.66359	0.797935	0.322876	3
1160	7.31946	21.6115	0.35528	3
1166	5.49158	6.13626	0.111405	3
1192	7.39574	6.08331	-0.284834	3
1208	6.22477	9.89405	0.193164	3
1220	6.32326	0.201816	0.409797	3
1235	6.79096	13.7689	0.489838	3
1239	6.47474	6.89187	0.503323	3
1240	5.84679	16.4794	0.206681	3
1246	6.473	7.048	0.367335	3
1253	6.70782	12.7801	0.345094	3
1265	6.56957	19.4534	0.215927	3
1279	5.62232	6.7946	0.0926646	3
1290	5.06391	14.3872	0.210337	3
1300	7.18453	12.8906	0.276551	3
1320	7.03009	15.945	1.00243	3
1332	5.88343	13.0257	-0.122671	3
1343	5.01695	11.7518	0.675077	3
1355	5.06317	1.17992	0.0213264	3
1365	5.51303	1.28295	0.0770085	3
1376	5.88174	3.64912	0.328073	3
1386	6.83417	1.71064	0.144009	3
1400	7.27543	22.8553	0.425037	3
1406	5.23851	18.6932	0.498957	3
1410	5.10024	15.3371	0.263235	3
1418	5.02511	0.84978	1.05672	3
1444	6.92781	11.2031	0.729141	3
1499	5.57887	12.5652	0.635067	3
1544	6.78259	24.533	-0.157063	3
1548	5.81415	8.30481	0.302802	3
1551	6.73608	5.86337	1.01781	3
1565	6.26565	21.8096	0.591436	3
1573	5.77775	8.99139	0.229477	3
1584	6.9452	7.58682	1.24478	3
1585	5.9829	8.90698	0.413819	3
1588	5.15365	4.07993	0.37163	3
1633	5.72243	1.95281	0.248999	3
1634	6.9218	17.9913	0.425439	3
1657	5.39991	8.1803	0.407606	3
1677	5.0607	22.8003	0.422697	3
1678	5.1159	22.7935	0.0731406	3
1700	6.83663	5.23979	0.368053	3
1722	6.22531	15.6502	0.629648	3
1726	6.42894	18.8696	0.14063	3
1727	5.52205	6.44897	0.697954	3
1732	6.65698	14.1659	0.522121	3
1736	6.86529	17.798	0.199757	3
1747	7.03494	2.10873	0.786773	3
1754	6.67852	0.869528	-0.389121	3
1761	5.38272	5.70707	0.3367	3
1762	7.21017	24.6329	0.319175	3
1774	5.71927	11.2908	0.333749	3
1783	7.4265	6.3148	0.409624	3
1791	6.68536	17.0709	0.516182	3
1800	6.0217	17.5867	0.321352	3
1801	6.80047	16.1689	0.622494	3
1816	7.28818	24.4471	1.14559	3
1818	6.87213	6.33373	0.416172	3
1824	6.79009	2.95425	0.0514599	3
1835	7.4064	0.0721983	0.747044	3
1838	6.54041	5.65403	0.136984	3
1849	7.48759	19.8112	0.98489	3
1851	7.18809	3.25005	0.187055	3
1866	6.38176	17.6671	0.406045	3
1877	5.85533	15.733	0.016993	3
1903	5.29218	2.00151	-0.00638418	3
1907	5.39761	4.49375	0.62324	3
1914	7.39078	5.1445	0.885634	3
1921	6.29722	3.96052	0.698811	3
1927	6.67817	10.2308	0.43438	3
1928	5.13793	10.4386	0.519872	3
1930	5.32225	14.8872	0.291641	3
1937	6.64404	24.2051	0.667199	3
1941	5.10202	6.59828	0.40849	3
1944	5.33792	21.9317	0.683604	3
1945	5.9328	4.71253	0.624502	3
1954	6.76623	14.0818	0.786956	3
1955	6.0508	24.8493	0.179191	3
1962	6.92559	12.4821	0.75881	3
1983	5.63698	23.9778	-0.162102	3
1988	6.07062	16.837	0.102224	3
1997	7.36884	9.76766	-0.00746813	3
2007	6.38748	4.73649	0.505211	3
2008	6.39723	10.1379	0.442917	3
2022	5.08793	20.5756	0.312876	3
2029	6.57768	22.8461	0.210163	3
2031	6.90185	12.1669	0.933236	3
2034	5.50838	17.3633	0.666296	3
2051	7.17544	12.8398	-0.364093	3
2052	5.08992	17.1489	0.000528862	3
2068	6.61947	8.66063	0.621709	3
2069	5.38474	19.5305	0.154097	3
2083	6.87449	10.4358	0.564658	3
2106	6.45181	13.7677	0.629647	3
2111	5.35448	5.5001	0.125665	3
2121	5.99567	5.56709	0.355658	3
2128	7.26551	2.99005	0.504933	3
2131	6.44952	14.7057	-0.0771259	3
2134	5.09742	17.5455	0.629713	3
2145	5.61496	18.9617	0.566305	3
2147	6.08746	11.8487	0.292082	3
2154	6.73344	23.7095	0.886159	3
2163	5.34889	0.00546557	0.407332	3
2178	6.37144	9.25799	0.473176	3
2187	6.18093	21.2683	0.194443	3
2188	6.62335	21.3377	1.16504	3
2203	6.08906	15.6375	0.508743	3
2205	6.04399	10.8644	0.109596	3
2214	7.38603	7.68728	-0.317276	3
2223	5.5804	18.1354	0.0394286	3
2226	6.07655	9.4612	0.57773	3
2227	7.34393	13.1343	0.465358	3
2232	7.39245	22.4851	0.743027	3
2236	5.55542	9.61085	-0.168108	3
2243	6.39537	5.56965	0.270028	3
2261	6.9547	7.10088	-0.285974	3
2288	6.29709	2.75286	0.367928	3
2302	6.90487	16.3102	0.789922	3
2317	5.7418	12.1254	0.460474	3
2321	7.40861	3.05047	0.548283	3
2327	5.47767	24.316	0.451457	3
2334	6.01153	18.9997	0.30418	3
2343	5.07103	11.9231	0.186879	3
2350	7.0863	2.02125	0.157307	3
2351	6.11711	11.4737	0.631774	3
2359	5.17262	2.4373	-0.0660699	3
2375	6.25096	2.14918	0.237669	3
2382	7.22029	12.0952	-0.0131547	3
2400	6.9205	24.6112	0.46778	3
2425	5.27286	4.41104	0.300664	3
2433	5.13347	17.8747	0.515929	3
2434	5.09515	17.3058	0.334324	3
2444	6.98754	16.1058	0.821724	3
2455	6.62884	18.4065	0.607437	3
2468	7.02062	0.717081	0.103344	3
2485	5.88197	24.8807	0.389356	3
2496	6.41466	12.1	0.602411	3
2507	5.69233	14.4907	0.503581	3
2510	6.99705	14.8069	0.0477071	3
2546	6.935	15.5187	0.390893	3
2551	7.15058	12.894	0.309761	3
2562	5.64471	4.08215	0.148902	3
2563	5.80666	5.4578	-0.557918	3
2565	6.32159	6.13186	0.3325	3
2566	5.47366	16.0691	0.448857	3
2576	7.23602	20.0025	0.116606	3
2577	6.05579	8.44317	-0.217132	3
2581	7.30962	24.1679	-0.117179	3
2598	7.28852	24.2835	0.594511	3
2616	5.89072	12.9739	0.627015	3
2632	5.94169	24.4462	-0.172143	3
2654	5.74216	13.8227	0.150252	3
2657	6.19089	7.0226	1.01184	3
2670	5.75719	8.24811	0.237527	3
2680	7.39452	7.04189	0.930504	3
2690	5.72286	22.0958	1.20871	3
2695	5.14213	8.25148	0.0627292	3
2713	5.37259	1.56172	0.779023	3
2716	5.15329	0.159288	0.672163	3
2734	7.27469	8.14545	0.650793	3
2737	7.06806	8.44807	0.443878	3
2743	5.6848	0.248184	0.231099	3
2750	6.7501	10.9719	0.450133	3
2751	5.67908	3.11271	0.27635	3
2754	5.07884	22.086	0.238709	3
2762	5.72452	18.8207	0.202482	3
2768	7.44397	8.15895	0.120162	3
2774	6.61618	23.328	0.647017	3
2785	7.08327	9.17026	0.468213	3
2793	5.27912	4.84758	0.0109742	3
2818	6.42752	13.0194	0.286276	3
2827	6.92587	16.402	0.385402	3
2859	5.50606	10.7505	0.0725245	3
2862	7.2025	19.3538	0.459264	3
2890	5.56809	8.6997	-0.221413	3
2898	7.02917	22.8815	0.45314	3
2919	6.96363	10.0572	0.439366	3
2993	6.23656	14.224	0.766327	3
3003	6.86312	24.5059	0.216108	3
3004	6.21075	24.6082	-0.165481	3
3014	5.39377	20.479	0.656611	3
3018	6.18824	0.882529	-0.00320361	3
3032	5.26756	15.9301	0.026281	3
3042	6.44728	6.59217	0.564686	3
3055	5.57921	9.42457	0.63306	3
3058	6.17234	6.85584	0.694387	3
3060	6.87657	18.6137	0.279403	3
3062	7.48255	0.589619	0.515405	3
3071	5.56365	4.77419	0.297479	3
3080	6.56889	9.83165	0.489531	3
3081	6.5576	9.81278	0.62022	3
3091	6.20029	19.2169	0.695214	3
3096	5.85391	24.4019	0.280124	3
3102	6.32888	16.947	0.0958256	3
3115	7.12152	9.02415	0.311476	3
3120	5.08892	15.8905	0.256416	3
3136	5.35439	21.0458	0.291095	3
3180	7.07886	19.6542	-0.0507581	3
3220	6.48095	16.2203	0.0734831	3
3229	7.43829	12.0084	0.0664343	3
3238	6.04642	5.02466	-0.0743713	3
3240	5.09622	19.6892	0.42582	3
3246	7.41725	22.4003	0.519969	3
3261	7.25181	0.158681	1.21162	3
3262	6.42736	2.57533	0.290674	3
3263	6.69403	7.19947	0.622323	3
3288	6.24226	22.5317	0.792847	3
3289	6.11948	21.1834	0.57673	3
3302	5.50606	12.091	-0.042249	3
3313	5.3407	21.202	0.784489	3
3319	6.52229	20.2433	0.59959	3
3320	6.4811	13.1153	0.395917	3
3328	6.15075	5.23104	0.797885	3
3329	6.28022	4.70521	0.800097	3
3350	7.13339	3.52348	0.569716	3
3352	5.83123	9.55006	0.339289	3
3374	5.71172	8.67381	0.446585	3
3377	7.47885	7.34667	-0.0513619	3
3388	6.68896	12.2717	0.414857	3
3394	7.26847	16.4509	-0.519842	3
3432	5.52094	15.2944	0.672717	3
3468	6.32098	23.0445	0.100764	3
3469	6.45304	23.0648	0.107937	3
3479	7.38002	10.0979	0.439205	3
3483	6.7828	23.456	0.271161	3
3484	6.31399	23.319	0.206341	3
3495	5.90293	17.1962	0.432313	3
3505	7.43111	15.671	0.47335	3
3509	5.921	20.2099	0.141167	3
3518	6.36711	18.9892	0.531219	3
3530	6.41246	8.77278	0.127092	3
3533	7.38877	3.61617	0.611091	3
3545	6.78358	6.96227	0.848748	3
3546	6.26515	6.86605	0.267009	3
3567	7.31412	19.0222	0.480878	3
3573	5.57122	1.2561	0.00736742	3
3574	5.62266	14.1676	0.176511	3
3584	5.95379	16.3292	0.378778	3
3589	6.51505	13.8232	0.201195	3
3602	6.16208	8.26412	0.473512	3
3609	5.21777	8.63297	0.326434	3
3617	6.68437	23.2425	0.205096	3
3621	6.88563	20.1909	0.0892129	3
3638	6.0545	16.9627	0.374615	3
3653	6.3198	14.9119	0.0878654	3
3679	5.3759	15.5317	0.771001	3
3682	5.06054	19.9536	0.558366	3
3690	6.76644	1.94531	0.267867	3
3695	5.13105	18.4729	0.764224	3
3700	6.15104	21.7525	0.380206	3
3744	6.22175	3.27331	0.544216	3
3749	5.03874	19.2166	0.0195727	3
3761	6.7429	15.8984	0.0583441	3
3764	5.00656	9.54662	0.2856	3
3770	6.8596	6.49323	1.00119	3
3775	6.31652	4.92028	0.11894	3
3783	6.16297	0.764725	-0.0986132	3
3791	6.29851	12.1902	1.03186	3
3797	6.82102	17.0504	0.284012	3
3818	5.31704	15.5915	0.699181	3
3822	5.17324	20.7669	0.247274	3
3843	5.25724	10.3894	0.714299	3
3847	5.53684	1.64458	0.695977	3
3849	7.02066	4.35845	0.270114	3
3860	5.78476	5.96569	0.278194	3
3871	5.29902	1.71115	0.267638	3
3881	7.24333	7.2297	0.648055	3
3882	6.87463	6.85173	0.506326	3
3887	7.06039	6.33135	0.827519	3
3889	6.86717	4.24483	0.522141	3
3899	5.06294	6.50639	-0.185256	3
3900	5.9847	12.1784	0.251714	3
3905	7.45127	4.83081	0.0719264	3
3922	5.2232	16.2321	0.397447	3
3927	5.55091	12.2593	0.378931	3
3928	5.43228	12.1893	0.633068	3
3937	7.29273	6.05742	0.120643	3
3941	6.19048	11.9497	0.514684	3
3942	6.88895	21.6918	0.0982572	3
3964	6.35652	21.765	0.344396	3
3973	5.97085	8.75619	0.338425	3
3974	6.84137	20.969	0.220867	3
3989	6.91776	18.9135	-0.0273312	3
3993	7.21479	7.39294	0.432648	3
3994	5.48163	0.433407	0.412861	3
3996	5.86763	4.81417	0.901015	3
4031	7.27772	17.6142	0.0703983	3
4036	5.67783	12.3691	-0.0774018	3
4037	6.29785	12.4901	0.262156	3
4038	6.77854	3.96694	0.198515	3
4040	5.78107	10.7351	0.132334	3
4066	7.11526	11.9548	0.0115338	3
4067	6.5799	11.6284	0.376917	3
4084	6.21289	5.18162	0.397764	3
4132	6.2289	13.244	0.370056	3
4140	5.87452	8.78407	-0.245003	3
4141	5.6413	8.49039	-0.134695	3
4147	6.44221	23.9973	0.35803	3
4150	5.21545	9.79271	0.635052	3
4161	6.17921	14.4553	0.179958	3
4162	6.61714	23.3778	0.195058	3
4178	5.66207	7.99387	-0.191673	3
4179	5.98924	8.55936	0.342578	3
4196	5.78438	8.23958	0.416902	3
4204	5.85852	4.10182	0.777467	3
4205	6.00983	17.8312	-0.107973	3
4229	6.99105	23.8404	-0.00319977	3
4232	6.58817	17.9154	0.883736	3
15	9.77976	5.82756	-0.0657073	4
41	9.62803	24.7764	0.264132	4
68	9.64338	20.742	0.969513	4
77	8.3875	22.6692	-0.0184049	4
87	9.83727	21.5689	0.286078	4
88	8.72391	24.2571	0.621357	4
89	8.77713	12.5068	0.110617	4
97	9.23746	0.475236	0.485775	4
101	7.60848	14.801	0.287211	4
102	8.73295	22.3802	0.134741	4
111	7.75634	24.385	-0.0385992	4
115	8.60479	19.1001	0.337668	4
118	8.57045	0.383258	0.503281	4
119	8.95865	5.55971	0.268825	4
123	8.41542	3.07966	0.721764	4
126	7.96607	21.4772	1.15083	4
128	8.5284	8.1579	-0.0188058	4
142	9.202	1.39056	0.350387	4
149	9.79091	19.2978	0.443838	4
150	8.10282	10.3129	0.462507	4
157	8.16476	19.3168	0.296423	4
186	7.75285	21.8253	0.705553	4
203	9.44473	1.67262	-0.177831	4
206	9.97318	21.6261	0.536536	4
208	8.2412	6.73027	0.337768	4
217	9.22785	6.04523	0.244083	4
220	7.67632	18.2378	0.668014	4
224	8.5015	0.962192	0.111206	4
235	7.99762	13.7069	0.284741	4
239	9.37139	4.76326	0.436934	4
248	7.88379	3.71525	0.0949344	4
257	8.40028	23.6021	0.269266	4
271	8.30081	0.799304	-0.0674731	4
277	8.14307	13.0805	0.684602	4
306	7.82046	0.489523	1.2791	4
349	8.83886	23.4544	0.630233	4
375	8.80291	18.5555	0.519066	4
395	9.65353	23.7669	0.454211	4
399	9.19339	12.3951	0.660421	4
414	9.33783	3.02033	0.163731	4
427	9.784	21.9444	0.43778	4
436	8.74932	20.3538	-0.129579	4
457	7.77393	18.5178	1.16913	4
460	8.81759	13.8521	1.15552	4
466	8.13371	11.7151	-0.422006	4
479	8.42199	3.2512	0.398234	4
489	7.72572	1.26175	0.354469	4
495	8.05837	18.2539	-0.562019	4
499	9.99694	1.88899	0.491004	4
519	9.82024	6.36543	0.0468657	4
524	9.91309	15.9485	0.222536	4
525	7.52066	24.3636	0.871488	4
541	9.00796	7.68073	0.462412	4
547	8.83455	16.4209	0.676655	4
548	9.67154	11.5436	0.279405	4
550	7.97127	19.9721	1.04921	4
554	7.54118	10.4281	0.655871	4
570	9.62712	8.02103	-0.322064	4
571	8.99124	1.16799	0.076529	4
585	7.52507	9.47715	-8.91634e-05	4
595	9.92608	7.9395	0.177789	4
605	9.32905	20.5871	0.169309	4
606	9.45988	7.79235	0.604832	4
626	8.58463	16.4237	0.380513	4
629	8.03745	20.676	0.240751	4
643	8.76429	0.616224	0.536593	4
644	9.68706	22.4717	0.923875	4
646	7.55357	20.8745	0.119069	4
650	9.86755	12.1317	0.623694	4
656	8.56244	5.03119	0.285986	4
662	9.92035	20.3841	0.302468	4
710	9.05987	7.47149	0.275732	4
714	9.07645	3.01003	0.158517	4
716	7.56784	20.091	0.555307	4
718	9.85168	13.7601	0.217183	4
730	7.56675	24.3255	1.01625	4
748	8.34737	15.06	0.568885	4
770	7.89933	8.63368	0.574479	4
786	7.67374	20.7065	0.179607	4
797	9.28925	19.4806	0.463811	4
799	7.81977	1.89772	0.461576	4
800	9.92146	23.5044	0.60885	4
802	9.95632	19.0164	0.29996	4
807	8.15332	24.5808	0.7185	4
815	9.02134	6.15323	0.237951	4
852	9.61742	16.2773	0.13763	4
856	9.27944	1.69547	0.333175	4
867	7.94495	19.5184	1.13067	4
871	8.43894	22.6978	-0.123895	4
872	8.08766	22.2611	0.495025	4
881	9.84346	4.45968	0.65261	4
887	9.55631	14.3589	-0.0513574	4
898	8.99447	9.78349	0.263969	4
904	7.65673	4.30616	0.232086	4
910	9.52398	16.6818	0.329998	4
940	8.14039	0.136483	0.143895	4
942	9.07952	10.7887	0.51145	4
943	9.45527	4.86035	0.0405267	4
954	8.51756	9.24143	0.196917	4
966	9.35434	9.20251	0.565021	4
975	8.65228	8.48382	0.725764	4
978	9.59244	24.5233	0.480102	4
989	7.9365	7.21485	0.388817	4
1000	8.3105	9.92989	0.821895	4
1007	7.55035	10.1779	1.08235	4
1012	8.5138	19.8598	0.180438	4
1015	9.52568	22.9916	0.187673	4
1016	8.30724	12.7254	0.313505	4
1040	9.83745	12.0708	0.403023	4
1041	8.81506	10.3548	-0.0329768	4
1059	9.44463	12.1952	0.380451	4
1065	9.98278	4.3701	0.197292	4
1089	9.91534	11.9138	0.437452	4
1090	9.54991	9.3862	0.583669	4
1091	8.71419	3.84348	0.884395	4
1100	8.34427	23.9042	0.547776	4
1113	7.80626	11.1416	0.120882	4
1124	8.49739	9.41814	0.0793338	4
1138	9.76614	5.19574	0.603155	4
1153	7.61967	4.80043	0.791175	4
1157	7.51166	20.6991	0.166392	4
1159	8.84978	19.977	0.398209	4
1167	9.42443	6.61431	0.481514	4
1217	9.82835	18.5509	0.3552	4
1230	8.61627	1.48125	0.363792	4
1236	8.95072	5.68933	0.33117	4
1237	9.9743	6.42358	0.344736	4
1248	9.37323	16.2434	0.757674	4
1259	9.24389	2.68311	0.360639	4
1280	9.7998	14.024	0.3553	4
1287	9.94879	21.103	0.874901	4
1297	9.82339	17.0505	0.495634	4
1302	9.63084	1.93834	-0.179117	4
1315	8.87381	14.9842	0.682128	4
1331	7.50611	16.677	0.698703	4
1338	9.53097	18.5112	1.41234	4
1353	8.78115	17.5991	0.118192	4
1378	8.33717	16.3171	0.155289	4
1387	8.49521	4.70867	0.724871	4
1412	8.37834	15.0853	0.674328	4
1426	9.83801	9.82016	0.289275	4
1432	7.99771	0.754919	0.503581	4
1436	8.54366	13.797	0.483012	4
1437	8.05891	15.1271	0.29736	4
1445	9.2803	15.1135	0.579643	4
1446	9.98287	1.07497	0.211449	4
1450	8.64903	2.86217	0.163582	4
1474	9.83784	6.89979	0.452058	4
1489	9.85816	17.5158	0.238233	4
1493	8.5506	5.83711	0.589298	4
1496	9.97788	22.7161	0.461681	4
1508	8.00298	11.9207	0.0571179	4
1511	8.62394	21.3909	0.132046	4
1518	7.57933	12.607	-0.12997	4
1530	9.088	18.7186	1.19949	4
1545	8.98063	17.9332	-0.459113	4
1549	8.86538	8.68784	0.502818	4
1557	8.49014	24.5146	0.544914	4
1579	9.48479	4.35961	0.436929	4
1605	7.52151	14.4159	0.752139	4
1619	7.58944	9.16396	0.223966	4
1631	8.15254	11.9301	0.431195	4
1648	8.16837	3.39904	0.8227	4
1651	9.01076	23.9198	0.275088	4
1653	8.20303	21.6713	0.802709	4
1654	8.75071	23.1691	0.633009	4
1660	8.14974	18.982	0.199746	4
1684	8.18502	5.85099	0.410305	4
1686	8.37872	13.868	0.0233262	4
1693	9.55372	4.11433	-0.0721602	4
1694	8.91007	5.24137	0.438185	4
1699	8.48749	4.4303	0.344809	4
1704	7.65774	17.2061	0.386485	4
1720	9.90907	2.85671	0.645897	4
1740	8.68135	3.38469	1.07813	4
1746	8.08843	1.68391	0.448695	4
1748	7.90735	22.6192	0.202565	4
1766	8.23731	6.24593	0.533955	4
1767	7.95179	7.28855	0.35529	4
1768	9.12754	2.52188	0.83477	4
1771	9.8601	0.16539	-0.156368	4
1779	8.21735	14.2554	0.764748	4
1789	7.59993	5.5552	0.706232	4
1795	9.27808	3.93909	0.318688	4
1798	9.08389	6.89175	0.286866	4
1815	9.54511	13.6488	0.292817	4
1819	7.97568	6.81898	0.110899	4
1825	8.3986	2.64418	0.376698	4
1855	9.06508	16.0337	0.158294	4
1856	9.31445	20.1793	0.113828	4
1857	7.50711	10.4159	0.660971	4
1859	8.97104	7.92805	0.250394	4
1869	8.65057	5.90276	0.581378	4
1870	8.25299	23.1418	0.524247	4
1918	8.10158	19.2751	0.719638	4
1922	9.31436	22.7801	0.743065	4
1926	9.74783	6.05645	0.458721	4
1931	8.55417	19.183	0.139158	4
1932	9.12163	17.2502	0.128212	4
1933	8.90931	17.7729	0.104566	4
1943	7.50151	4.85027	0.269648	4
1961	7.98017	12.3219	0.732204	4
1963	9.79116	9.81069	0.62994	4
1966	8.17443	23.6518	0.28463	4
1969	9.44238	15.5557	0.217499	4
1971	8.5208	7.24768	-0.081827	4
1978	8.64715	8.97951	0.122818	4
1980	8.24461	19.7648	0.374983	4
1982	9.90434	23.5771	0.952026	4
1989	9.13511	16.9424	0.654539	4
1991	8.75758	5.54235	0.237843	4
2004	8.09697	18.68	0.0151413	4
2028	8.56379	23.1386	0.477227	4
2077	8.79475	15.1934	0.343377	4
2084	8.03666	3.94507	0.545927	4
2086	8.84097	22.1423	0.295268	4
2096	8.20948	9.45904	0.84201	4
2099	9.56851	9.97763	0.680571	4
2105	7.98122	17.5442	0.599991	4
2113	9.60801	5.17628	0.493467	4
2114	9.0457	1.00228	0.262121	4
2118	9.4726	8.43447	0.37178	4
2123	7.83239	12.0296	-0.0307623	4
2124	9.50387	13.0442	0.226027	4
2155	8.26354	21.4619	0.202387	4
2156	8.62354	21.5438	0.264554	4
2169	9.80292	18.2555	0.446166	4
2186	8.34973	12.9912	0.191508	4
2199	9.02919	7.0049	0.43407	4
2202	8.75627	15.8497	-0.184682	4
2208	7.66499	15.2552	0.37583	4
2215	7.90416	6.54011	0.930778	4
2239	9.81666	2.553	-0.0276085	4
2241	9.19053	16.4404	0.243951	4
2245	9.59822	0.312844	-0.166923	4
2256	8.23777	20.8029	0.592524	4
2257	8.76103	21.695	0.70508	4
2267	8.24013	2.39328	0.751177	4
2291	8.6031	17.3412	0.492949	4
2292	8.4571	10.984	-0.3981	4
2296	8.75072	11.669	-0.146156	4
2299	8.0417	2.47908	0.807222	4
2307	9.59672	19.9267	0.609684	4
2308	8.367	19.7691	0.50991	4
2309	8.03406	9.89499	0.477107	4
2316	8.22486	11.3343	0.2273	4
2338	7.53054	17.6904	-0.137723	4
2354	9.78224	22.2057	1.23114	4
2399	9.85133	10.8265	0.612961	4
2429	7.76905	13.6517	0.18119	4
2443	7.86135	15.3942	0.531353	4
2448	9.91628	9.13889	-0.115228	4
2454	9.66899	23.953	0.0055424	4
2459	9.99285	3.72174	0.261717	4
2462	9.87293	16.623	-0.118355	4
2475	8.37557	7.89361	0.436317	4
2481	8.80083	10.5341	0.642427	4
2490	7.75829	14.3518	0.916997	4
2509	9.9013	5.70911	0.0322986	4
2514	9.02298	16.4941	0.324548	4
2515	9.64909	17.4722	-0.518605	4
2520	9.66607	9.28315	0.658431	4
2525	8.00881	7.43741	0.138108	4
2527	8.37213	18.8019	0.574211	4
2529	9.99239	10.6803	0.173558	4
2530	9.47008	11.9313	0.344564	4
2547	8.12162	20.5005	-0.152251	4
2549	7.58024	5.67949	0.381884	4
2553	9.00927	20.5231	-0.228971	4
2557	8.46529	20.5501	0.392396	4
2570	9.67123	10.4189	0.368102	4
2575	8.25064	5.97587	0.485224	4
2597	8.80144	2.2246	0.209311	4
2604	8.45562	21.5218	0.576381	4
2607	9.20747	1.4574	0.936982	4
2624	9.2737	10.405	0.942639	4
2647	9.23205	18.9527	0.335887	4
2656	7.82911	7.4157	0.431381	4
2660	9.55356	23.6045	0.359546	4
2671	9.71491	23.8089	0.637427	4
2673	8.98629	12.9715	1.03919	4
2674	8.70465	2.10345	0.179178	4
2681	9.71413	16.2077	0.402589	4
2686	9.87824	2.89034	0.299981	4
2692	8.22242	8.6533	0.398542	4
2712	7.69455	20.713	0.456409	4
2735	8.16904	8.84203	0.456281	4
2749	8.51022	0.921027	0.230168	4
2765	8.37132	18.1783	0.541875	4
2766	7.8467	18.4504	0.578339	4
2770	8.19193	11.9206	0.257233	4
2777	8.90255	17.064	0.855771	4
2807	9.49322	7.17403	-0.213915	4
2809	9.30418	2.98825	0.504414	4
2816	7.56526	22.1689	0.387928	4
2817	9.1475	4.66367	0.266136	4
2825	9.76791	14.3119	0.0538787	4
2837	9.75445	3.83059	1.0525	4
2839	9.23215	7.00762	0.417088	4
2840	9.11672	20.8405	0.233484	4
2846	8.35255	15.2302	0.0948809	4
2848	8.18148	0.447907	0.213346	4
2852	9.50103	21.3807	0.267996	4
2854	8.85021	11.2232	0.474224	4
2856	7.78113	4.73547	0.201678	4
2857	7.95417	4.09271	-0.0432091	4
2887	8.20058	13.6106	-0.51555	4
2889	8.17956	4.6973	-0.0270281	4
2906	9.13537	15.4572	0.37645	4
2909	8.06452	7.46488	0.774731	4
2918	8.03243	9.38354	0.331312	4
2922	9.58622	21.9783	0.707842	4
2923	9.83352	22.6605	0.621859	4
2935	8.97191	5.01334	0.566624	4
2944	9.74721	10.8854	0.309231	4
2977	9.11819	1.35918	0.142998	4
2981	7.80379	18.9804	-0.0212656	4
2988	9.76586	18.1354	0.279764	4
2995	9.52381	14.8536	0.263331	4
3021	9.48404	0.292925	0.310662	4
3022	9.76736	0.0649174	0.558855	4
3040	8.66788	3.14703	0.189092	4
3059	8.70706	16.6922	-0.404045	4
3084	7.88509	23.684	0.751527	4
3097	9.39353	11.7011	0.11297	4
3098	9.15728	19.6683	0.0125229	4
3114	9.58029	10.8738	0.343923	4
3117	9.26125	10.1931	0.400973	4
3131	9.32766	24.7896	0.00236431	4
3139	7.85695	3.91906	0.306692	4
3159	7.65269	7.33334	0.472184	4
3170	8.17071	17.3603	-0.0735534	4
3179	7.92763	23.1069	0.148779	4
3198	9.4458	12.8026	0.319628	4
3200	9.75926	13.3821	0.318897	4
3201	9.77752	13.6253	0.540843	4
3205	9.21143	11.8733	0.562575	4
3206	9.7315	11.3415	0.00254089	4
3209	8.38061	21.7356	0.301887	4
3217	9.23985	5.24776	0.348668	4
3237	8.87351	1.24911	0.70301	4
3252	8.16896	18.2311	-0.450258	4
3266	9.96234	7.60503	0.544042	4
3277	9.16544	3.27073	0.413252	4
3316	9.01674	18.4806	0.164481	4
3317	7.52298	20.4203	0.452194	4
3333	9.11241	3.47184	0.152559	4
3345	9.56435	2.42367	0.282911	4
3349	7.72623	3.63736	0.417101	4
3370	8.47145	24.8121	0.57678	4
3375	8.70851	1.88336	0.2405	4
3376	9.16133	2.91098	0.982365	4
3383	9.25636	23.6384	0.0654205	4
3384	9.61287	23.2023	0.624415	4
3389	7.85743	1.05506	0.592678	4
3398	9.78427	19.5948	0.505977	4
3405	8.58413	11.2577	0.532586	4
3416	9.44754	6.41927	0.582482	4
3434	9.97118	1.90533	0.697262	4
3435	9.7896	2.12419	0.28409	4
3440	9.52974	17.5364	-0.0765136	4
3441	9.66933	24.8946	0.525945	4
3449	9.32298	5.24129	0.668336	4
3458	8.49692	1.04366	-0.0861773	4
3472	8.34712	15.5317	0.947377	4
3473	8.69041	16.0833	0.624743	4
3482	8.81769	18.2933	0.236523	4
3489	8.57571	0.344724	0.0934071	4
3499	7.85101	7.15266	0.797701	4
3506	7.97064	5.42364	0.497695	4
3508	7.96656	0.923629	0.74909	4
3514	8.10493	0.324734	0.673388	4
3516	9.84174	14.8187	0.630992	4
3572	8.28631	2.14888	-0.0177103	4
3576	8.43897	9.79503	0.254782	4
3578	9.99683	13.9231	1.06436	4
3587	8.55971	4.49194	0.973679	4
3590	8.3861	20.6667	0.639463	4
3591	9.8527	13.8823	0.860887	4
3600	7.8655	18.1154	0.150924	4
3601	7.80731	17.2937	0.258214	4
3615	9.72101	10.7012	0.343785	4
3616	7.9249	14.5999	0.0114121	4
3625	8.7597	19.3727	0.0620945	4
3655	7.54042	24.4717	0.590913	4
3670	8.72804	22.9659	0.0399917	4
3704	8.9267	24.0713	0.545141	4
3720	8.48389	2.34287	0.818003	4
3721	7.87344	2.85266	0.132721	4
3734	7.69315	4.44736	1.11577	4
3736	8.63434	20.0578	0.645688	4
3743	9.41521	8.90394	0.300838	4
3759	8.10909	2.74503	0.616282	4
3769	9.6072	10.6023	0.716432	4
3781	8.69681	16.4869	0.603684	4
3784	8.49033	9.01788	0.0361206	4
3811	8.65524	3.23737	0.289567	4
3817	9.24745	2.03536	0.180059	4
3829	9.48698	22.9906	0.363397	4
3836	9.75789	16.8509	-0.0554212	4
3841	8.21352	9.55541	0.537826	4
3850	7.78051	4.80415	0.255942	4
3868	9.98739	17.0775	0.415122	4
3877	9.81883	4.60691	1.05986	4
3878	9.78895	4.65162	0.489907	4
3903	8.66176	24.7253	0.189728	4
3904	7.73561	5.10623	0.756393	4
3914	8.19946	3.88846	-0.519187	4
3934	8.84742	21.8357	0.357539	4
3935	8.64461	21.3252	0.00583342	4
3957	8.75215	1.5325	0.184012	4
3985	9.53416	9.59551	0.10866	4
4001	7.88879	19.4134	0.698744	4
4015	9.3073	23.9129	0.0836127	4
4029	8.30809	0.391851	0.333988	4
4055	7.99486	4.26991	0.317153	4
4065	8.9107	24.3273	0.252862	4
4082	9.92211	4.02323	0.508652	4
4090	7.96548	19.2685	0.247837	4
4092	9.34302	11.6599	0.41721	4
4097	7.95496	14.4684	-0.210072	4
4108	9.88404	0.859539	-0.644032	4
4109	9.75316	11.9442	0.368225	4
4121	9.85679	11.5918	0.333418	4
4122	8.60934	12.9969	0.465599	4
4125	7.96741	24.6935	0.0926806	4
4126	7.9049	24.2255	-0.0520299	4
4139	9.23594	1.77026	0.0253625	4
4143	8.87301	3.11278	0.481489	4
4146	7.72757	12.73	0.399906	4
4157	7.87568	13.8793	0.652306	4
4163	8.39397	9.69249	0.509836	4
4182	9.68582	7.55348	0.309935	4
4189	8.39715	22.1214	0.793663	4
4192	9.64405	2.24392	-0.0197878	4
4210	9.38101	8.18447	0.0501754	4
4214	9.12519	12.2717	0.790601	4
4218	8.79261	19.9643	0.633464	4
4219	8.36755	20.2516	0.884561	4
4235	9.24489	5.42077	0.638709	4
4236	8.98254	9.02543	0.361313	4
4240	9.07343	12.6904	0.589117	4
4252	7.73326	3.41793	0.350801	4
2	11.0913	18.7277	0.501772	5
6	10.2146	16.0853	-0.253057	5
26	10.9461	17.0762	0.299537	5
31	11.685	1.31912	0.171083	5
34	11.7225	11.2956	0.104268	5
36	10.8752	20.3747	0.152222	5
46	12.1528	24.8367	0.718203	5
54	12.2242	14.2113	0.692482	5
55	11.0894	8.03181	0.0279027	5
60	11.7492	2.53826	0.521294	5
61	10.247	24.0546	-0.224825	5
66	10.0124	10.6098	0.34949	5
137	10.1616	20.3085	0.119537	5
138	10.747	1.40054	0.148487	5
140	10.691	4.50182	0.00644116	5
156	12.4138	4.70876	0.703297	5
168	11.6297	5.90613	0.241689	5
171	10.4615	11.2584	0.467023	5
177	10.1654	21.8005	0.748074	5
187	11.8678	21.8326	0.460679	5
205	11.9154	14.9805	0.591659	5
215	10.8484	7.09739	0.251081	5
244	11.4171	2.15118	0.46437	5
246	11.9461	7.12972	1.18313	5
254	10.1729	24.5437	0.212242	5
269	10.7725	11.735	0.142954	5
281	11.7737	6.64847	0.0589592	5
283	10.136	17.3144	0.433673	5
320	10.9122	12.2364	0.918543	5
332	11.915	18.7035	-0.807205	5
337	12.1769	0.224692	0.424961	5
338	11.6366	9.95452	0.215675	5
343	11.6956	14.8995	0.308286	5
362	11.9008	10.3212	0.617087	5
366	10.37	21.394	0.423617	5
385	12.4804	7.37229	0.39927	5
407	10.0165	12.3539	-0.289995	5
412	10.9762	22.0454	0.587307	5
422	11.6412	11.8173	0.18001	5
426	12.45	23.2217	0.787175	5
437	11.1324	1.49932	0.226271	5
439	10.6088	12.6241	0.453134	5
450	11.8795	10.6795	0.962299	5
454	12.3331	10.2045	0.435335	5
485	11.9992	0.0847497	0.14003	5
490	11.8646	5.27309	0.148306	5
522	11.3643	15.6309	-0.0495026	5
538	10.3313	16.9785	0.131768	5
549	10.4073	23.9163	1.22213	5
580	10.9731	15.4837	0.790654	5
593	11.8918	22.0137	0.645705	5
624	11.1213	10.404	0.547554	5
653	11.8791	8.16055	0.135792	5
659	10.942	18.1278	0.349455	5
667	10.8367	15.5956	0.298477	5
680	10.1411	19.9748	0.433328	5
692	10.848	1.21667	-0.196616	5
693	11.8741	17.8714	0.414435	5
694	12.1636	18.8305	0.196381	5
695	11.3151	21.3418	-0.254445	5
699	11.6711	9.99698	0.703084	5
737	10.525	8.43455	0.180552	5
738	10.6752	8.67303	0.521391	5
739	10.6575	13.7064	0.312708	5
741	10.4986	15.7755	0.580876	5
744	12.1822	6.57987	0.546515	5
749	12.3592	14.9254	0.330475	5
763	10.5716	17.7758	0.403727	5
783	11.6359	15.7565	-0.142715	5
788	12.229	24.038	0.557151	5
790	12.0323	4.07656	0.388914	5
791	11.4706	23.8365	0.528277	5
794	12.1615	18.882	-0.0239503	5
795	10.6019	8.64042	0.62336	5
812	11.1012	15.0693	0.0536227	5
819	11.024	1.90285	0.341793	5
835	11.9709	1.02804	-0.113044	5
839	12.4353	11.7263	0.69062	5
849	11.7641	4.71028	0.508254	5
850	11.1027	24.9303	0.373656	5
853	10.2699	17.4042	0.502754	5
865	10.6614	11.9564	0.601581	5
870	10.945	23.0523	0.365919	5
875	11.6946	5.78741	-0.195585	5
882	10.0316	20.4434	-0.256209	5
948	11.4101	6.10842	0.288942	5
958	12.3691	2.10541	0.214965	5
973	12.3178	20.2593	0.566042	5
974	11.5012	5.39383	0.317212	5
983	10.5547	4.98804	0.925933	5
999	10.1238	3.16754	0.126958	5
1030	10.6661	21.045	0.285295	5
1038	10.7219	20.4195	0.175564	5
1043	12.3815	3.58505	0.429345	5
1049	10.6076	1.99782	0.102432	5
1051	10.3324	0.86884	0.508619	5
1062	10.133	15.1463	0.602869	5
1064	10.904	19.7719	0.382632	5
1068	12.3154	15.1581	-0.0679542	5
1077	11.1391	24.4685	-0.317565	5
1083	11.5434	7.05927	0.485863	5
1085	10.7494	24.5999	0.501938	5
1087	10.4591	7.6341	0.290943	5
1099	10.2035	20.7501	0.338367	5
1101	11.5531	6.69538	-0.205129	5
1114	11.3406	8.03134	-0.0580002	5
1132	10.1235	20.95	0.154954	5
1161	11.4702	7.8987	0.53137	5
1164	11.2521	20.8756	0.128014	5
1172	12.078	8.28119	0.489117	5
1177	11.1121	24.137	0.476278	5
1202	11.1894	4.80507	0.679093	5
1203	11.1667	13.3012	0.656357	5
1209	11.017	22.3269	0.713017	5
1232	11.4425	17.5022	-0.379228	5
1250	11.7498	3.49717	0.121336	5
1257	12.4974	4.96072	0.124574	5
1268	12.4831	11.2763	-0.145994	5
1274	10.5697	5.86632	0.523545	5
1276	11.1426	9.50507	0.285016	5
1299	10.534	3.96411	0.394756	5
1303	12.4175	22.0866	0.853777	5
1304	11.7175	4.75932	0.08211	5
1306	11.4401	5.4805	0.579547	5
1307	10.455	12.5697	0.540789	5
1318	10.8081	22.6146	0.59722	5
1322	11.8773	2.94173	0.476084	5
1334	11.2996	18.1182	0.181172	5
1347	10.5528	1.30319	0.462058	5
1352	12.0013	20.2465	0.136586	5
1354	11.0172	2.37769	0.176535	5
1374	12.4425	9.46685	0.493154	5
1379	11.9063	16.1112	0.487308	5
1382	10.0465	10.9413	0.696911	5
1385	10.8238	3.03496	0.13694	5
1394	10.007	12.9341	0.068785	5
1395	10.8437	11.5672	0.538349	5
1401	10.4185	14.6443	0.814834	5
1428	11.2914	5.96466	-0.0377439	5
1443	12.4228	4.23968	0.119654	5
1448	10.6609	18.363	0.132953	5
1453	11.9572	13.5938	0.712726	5
1459	11.0939	24.9466	0.226091	5
1461	11.3671	9.529	-0.292057	5
1481	11.6692	16.4413	0.642013	5
1484	11.6059	20.3878	0.246565	5
1485	11.1752	16.8391	0.721976	5
1486	10.4337	6.55491	0.00142999	5
1490	10.6177	6.73759	0.410826	5
1492	12.4639	13.1586	0.651533	5
1498	11.2265	1.90637	0.251885	5
1513	11.8566	23.3926	0.51906	5
1514	11.6876	3.93514	0.343105	5
1515	10.8662	23.4813	0.60227	5
1524	11.0312	9.02896	0.889475	5
1536	10.6749	9.29051	0.798587	5
1540	10.7973	4.2526	0.152291	5
1542	10.7627	7.87637	0.758657	5
1554	10.8084	13.4367	0.299383	5
1561	10.115	14.3525	0.651914	5
1571	12.3183	5.40884	0.727374	5
1577	12.0547	16.6894	0.475757	5
1578	10.2055	2.53503	0.246234	5
1580	11.704	6.07697	0.380004	5
1591	12.2757	16.8064	0.454031	5
1604	10.4456	18.1217	0.621767	5
1606	10.1447	9.43456	-0.398864	5
1608	12.4421	8.68902	0.197081	5
1612	11.3652	12.7793	-0.00202431	5
1613	10.1826	21.3076	0.457881	5
1614	11.3258	19.968	0.923757	5
1616	12.0521	18.8491	0.629221	5
1625	11.9504	10.8121	0.403042	5
1655	10.0539	0.788814	0.531333	5
1664	12.1009	14.7578	0.294932	5
1696	10.5615	13.0352	0.913532	5
1698	12.4758	9.40988	0.225763	5
1702	11.157	8.4425	0.165259	5
1705	11.2098	12.261	0.464311	5
1717	11.578	0.187688	-0.311267	5
1728	10.371	19.5436	0.167046	5
1729	11.7612	13.3527	-0.025146	5
1735	11.203	18.2542	0.30833	5
1744	10.7742	17.3402	0.307802	5
1770	10.19	21.4808	1.1676	5
1772	10.337	20.1129	0.591584	5
1775	11.5697	20.4735	0.239387	5
1776	12.2158	9.72058	0.795785	5
1790	12.035	11.7441	0.476459	5
1797	10.335	18.3734	-0.135754	5
1834	10.4914	23.168	0.735724	5
1865	11.5023	16.174	0.200656	5
1884	11.2398	6.72785	-0.341107	5
1899	10.3462	11.9132	0.329983	5
1902	10.1533	18.2946	0.471652	5
1929	12.248	5.31005	0.768524	5
1951	12.2856	18.262	0.575391	5
1952	10.0921	7.5817	0.280928	5
1985	10.2524	9.42953	0.111308	5
1998	10.205	19.8842	0.880202	5
2001	10.1211	15.65	0.607059	5
2006	10.2835	8.16422	-0.143499	5
2015	12.1038	1.66529	0.592676	5
2020	11.6099	14.9912	0.363147	5
2025	11.6616	20.1566	0.740473	5
2027	11.7544	10.9142	-0.00480505	5
2033	10.6692	13.7774	0.14839	5
2035	10.9668	16.3668	0.49798	5
2057	10.576	2.20817	0.474769	5
2061	11.6714	24.1402	0.328905	5
2065	11.7809	23.1225	0.409464	5
2078	11.1363	23.7777	0.0106645	5
2079	10.1461	3.6479	0.692664	5
2090	12.3862	11.889	-0.103428	5
2098	11.2329	8.96666	-0.126727	5
2102	11.1802	15.9305	0.427755	5
2110	11.1226	21.1898	0.262389	5
2122	12.4492	9.99119	1.13425	5
2157	11.5284	16.3381	0.515836	5
2158	11.7673	17.7283	-0.345536	5
2159	11.5041	19.5213	0.691497	5
2167	11.3947	2.89002	0.266592	5
2180	12.3987	21.6875	0.0905628	5
2183	12.3021	17.8752	0.459143	5
2185	11.2005	21.9387	0.625988	5
2189	11.268	12.7726	-0.0643277	5
2212	11.3946	22.641	0.774736	5
2220	10.5058	16.9105	0.41795	5
2221	10.752	8.40656	0.995058	5
2222	10.3438	8.43767	0.629831	5
2238	10.001	14.2235	0.312688	5
2258	11.0043	6.47783	0.427975	5
2259	10.3335	6.57626	0.598272	5
2269	12.0493	3.03805	0.581357	5
2270	12.1666	12.6651	0.326835	5
2275	10.4025	5.54609	0.410392	5
2303	11.3544	17.0617	0.138954	5
2310	10.3599	11.3803	0.5677	5
2315	12.4126	14.6233	-0.150879	5
2347	12.2612	3.79173	0.343051	5
2361	11.1904	6.15572	0.414511	5
2374	10.5725	19.335	0.39103	5
2377	10.8129	3.52116	0.640914	5
2384	10.3703	13.0976	0.305585	5
2386	11.7986	8.86992	0.264851	5
2420	11.8866	5.57914	0.0663058	5
2457	11.9068	12.8584	0.800634	5
2474	10.081	12.9267	0.483325	5
2482	12.3929	9.36734	0.398694	5
2503	10.9626	22.684	0.512573	5
2524	11.8441	7.38303	-0.0909233	5
2533	10.8668	17.7447	0.556696	5
2534	11.4178	1.54692	0.627812	5
2536	12.0681	8.01241	-0.0876773	5
2545	11.7033	7.06844	0.512081	5
2592	10.995	12.0558	1.34966	5
2596	11.5704	24.6214	0.522285	5
2599	11.178	18.629	-0.000786637	5
2613	12.2769	0.315374	-0.234145	5
2620	10.6077	15.4597	0.119048	5
2622	10.3801	3.62302	0.0605421	5
2623	10.3912	10.2466	0.470276	5
2633	11.3967	10.8847	0.661163	5
2638	11.2514	21.0295	0.943815	5
2639	11.0513	21.1599	0.716569	5
2641	11.3135	2.97093	1.32216	5
2659	11.0999	22.9575	0.0641182	5
2672	10.6333	13.2479	0.471534	5
2676	10.7318	12.0921	-0.421376	5
2728	12.2133	4.238	0.367097	5
2729	11.9195	4.83065	0.531312	5
2741	11.3521	20.1169	0.273033	5
2760	11.207	13.7079	0.280005	5
2773	10.6773	24.9569	0.463528	5
2775	12.0441	23.525	-0.178389	5
2776	10.7304	17.2637	0.384131	5
2787	10.5792	20.9087	0.204407	5
2788	10.7413	2.88052	0.496989	5
2796	11.3535	13.2676	-0.0721852	5
2802	11.9507	12.5993	0.396161	5
2819	11.6201	0.812908	0.361928	5
2824	11.1361	10.0671	0.516046	5
2831	10.1697	23.5938	0.443726	5
2833	10.7224	6.49396	0.681087	5
2858	11.9765	0.403017	-0.0668926	5
2886	12.1325	5.52302	0.564769	5
2899	11.6336	19.8484	0.393639	5
2913	12.0839	23.6314	0.276505	5
2917	11.9405	7.9538	0.821173	5
2928	12.356	10.0858	0.711768	5
2936	10.8744	16.8601	0.224661	5
2943	12.0477	10.9372	0.351532	5
2948	11.6657	21.8657	0.512544	5
2965	10.1496	11.5821	0.430433	5
2967	11.9336	5.72321	0.270049	5
2970	10.8256	0.45832	0.0414313	5
2972	11.9732	10.9476	0.0676516	5
2996	10.2174	4.18228	0.538865	5
2998	10.5104	7.97087	0.225551	5
3002	11.8879	22.9931	0.286213	5
3010	10.4941	20.8011	0.362053	5
3013	11.7219	23.4169	-0.0142409	5
3016	11.524	19.8196	0.710413	5
3024	12.0934	1.20925	0.329085	5
3033	11.5708	16.8024	0.761339	5
3041	11.7796	8.83332	0.319356	5
3056	11.342	4.6445	0.153988	5
3064	11.3257	0.000448973	0.218058	5
3065	11.9261	0.183769	0.27125	5
3066	11.2787	15.3281	0.96229	5
3067	10.9899	15.5631	0.995745	5
3087	12.0369	4.24853	-0.139598	5
3090	10.1998	24.9923	0.0167727	5
3105	11.2398	20.9451	0.448884	5
3111	11.4117	3.14701	0.29632	5
3112	10.7912	0.612483	0.697736	5
3124	10.4558	18.9536	0.22046	5
3125	10.8037	17.7938	0.492471	5
3129	11.3212	2.13887	0.0803068	5
3132	10.1339	24.7473	0.364436	5
3141	11.7724	22.6175	0.419005	5
3152	11.5397	20.2088	-0.0641359	5
3172	10.8269	7.05128	-0.142995	5
3176	10.0849	9.79643	0.407738	5
3189	11.9519	17.9628	0.173544	5
3197	11.6411	8.30771	0.200157	5
3202	10.0786	13.7193	0.262559	5
3212	12.1849	23.0745	0.430892	5
3231	12.3449	23.5716	0.190747	5
3233	10.0884	15.6584	0.120314	5
3244	10.6674	7.50179	0.329958	5
3250	11.8281	23.5677	0.109412	5
3253	11.5648	22.0525	0.453719	5
3256	11.4897	11.7996	0.472998	5
3269	11.485	1.74372	0.700539	5
3281	12.1403	12.8234	0.012543	5
3283	12.0418	13.1506	0.0558993	5
3284	11.5777	9.50711	0.351592	5
3285	10.9737	7.45873	0.72527	5
3287	10.6696	20.23	0.533875	5
3293	12.0726	22.8337	0.527391	5
3310	11.4122	1.40673	0.401413	5
3340	10.5566	16.3045	0.0801995	5
3353	10.9694	12.8202	0.549322	5
3371	11.7616	10.6868	0.525275	5
3417	10.8697	5.5588	-0.0975601	5
3420	10.6728	14.4385	0.286878	5
3425	12.2044	14.4837	0.583106	5
3433	11.6462	5.91718	0.978401	5
3439	10.3322	2.98105	0.399786	5
3490	10.7291	1.94835	0.0147308	5
3519	11.3726	12.881	0.772151	5
3522	11.1905	13.1437	0.837352	5
3538	11.3648	17.9549	0.410404	5
3540	10.3842	7.66882	0.362855	5
3553	11.5151	19.2625	0.382269	5
3560	10.0482	13.1675	0.454848	5
3565	12.1534	3.10928	0.033676	5
3579	10.0452	13.6918	0.494361	5
3596	10.483	11.5773	1.13579	5
3613	10.5464	16.8811	0.348986	5
3614	10.6892	2.22105	0.21931	5
3630	11.8276	17.8227	0.621746	5
3654	10.1561	15.9124	-0.475465	5
3656	10.0212	23.9374	0.256796	5
3659	11.7366	15.7706	0.0902143	5
3665	12.0641	23.2439	0.525681	5
3677	12.4313	2.09562	0.823075	5
3678	12.4269	2.41002	0.344818	5
3681	10.8982	1.96031	0.306153	5
3708	11.2401	2.86617	0.737725	5
3714	11.9843	21.8238	0.17596	5
3719	12.0454	7.2811	0.0638036	5
3727	10.3512	24.484	0.447816	5
3729	11.5015	15.4712	0.19091	5
3745	12.0504	18.6902	0.368057	5
3746	12.1417	18.5653	1.05549	5
3758	12.0122	16.3782	0.322594	5
3760	12.109	3.21085	0.45399	5
3765	12.4346	16.3846	1.05659	5
3772	10.3799	19.3648	-0.172303	5
3789	10.4159	7.05132	0.928806	5
3798	11.2104	3.53598	0.376231	5
3804	11.7974	11.3606	0.220477	5
3806	12.3144	1.09379	0.214751	5
3820	12.4184	6.35786	0.609383	5
3824	11.8648	16.094	-0.0938335	5
3859	10.7114	21.2634	-0.000119979	5
3861	10.9468	23.1239	0.490751	5
3872	11.7225	8.09263	0.2004	5
3880	10.8765	15.4624	0.583704	5
3891	12.0775	16.3673	0.497345	5
3916	11.6474	9.04502	0.239679	5
3947	11.4587	7.81036	0.759322	5
4004	11.8205	2.9734	-0.00496418	5
4019	10.9333	7.05984	0.62775	5
4076	11.6076	1.68144	0.356836	5
4103	12.1614	17.9272	0.921077	5
4104	12.4317	2.43381	0.305616	5
4107	10.549	14.0692	0.338783	5
4130	10.0758	4.56853	1.06485	5
4148	11.4358	0.0463576	0.24674	5
4156	11.0979	9.37584	-0.0212363	5
4169	11.535	10.6519	0.367143	5
4174	11.185	6.80333	0.633155	5
4175	10.3526	21.332	0.404739	5
4181	12.3363	10.6752	0.0190437	5
4208	10.6282	9.12677	0.862223	5
4209	10.2666	16.8623	0.739408	5
4226	10.5823	7.04979	0.100734	5
4227	10.0372	6.75397	0.65604	5
4237	11.4099	9.77662	0.181036	5
4243	11.0565	9.1107	0.549206	5
4245	10.1288	20.8148	-0.229565	5
4247	10.1855	0.734683	0.0094462	5
4251	10.9373	17.7069	0.396493	5
4	13.6656	0.0222155	0.637947	6
12	13.4641	20.7586	-0.111164	6
23	14.9193	7.70839	-0.173126	6
27	13.5489	11.6233	0.708074	6
35	14.689	11.7857	0.547198	6
42	13.0573	0.749613	0.0146698	6
50	14.8591	3.31029	0.329192	6
51	13.0855	13.8593	0.347616	6
56	14.0659	8.92852	0.268766	6
76	14.6648	7.07131	0.499734	6
78	12.6021	24.8551	0.223133	6
90	14.2875	22.7979	0.429167	6
96	12.9164	16.6546	0.527032	6
104	13.6014	22.674	0.362291	6
106	14.0209	10.6278	0.145297	6
122	14.7313	13.8278	0.0764023	6
129	14.3615	1.74612	0.664521	6
132	14.8923	3.9964	0.348406	6
155	12.7162	7.18145	0.218627	6
164	14.3625	17.2633	-0.601547	6
169	14.673	22.2132	0.383724	6
173	14.2602	18.5719	0.621774	6
180	13.1135	24.6717	0.167459	6
183	13.0904	24.7607	-0.315118	6
236	13.5834	2.59867	0.958231	6
240	14.6553	17.5089	0.485299	6
241	13.683	0.795005	0.303169	6
242	14.9406	14.3104	-0.0831911	6
250	14.5578	22.9184	0.176399	6
253	13.8237	20.1812	0.216432	6
264	13.1725	20.9933	0.302871	6
273	12.7668	3.05128	0.33577	6
290	13.2448	13.3008	0.454743	6
303	12.8523	20.602	0.541993	6
307	14.7009	24.0024	0.340279	6
310	13.3947	23.2549	0.0748301	6
312	13.6681	24.9742	0.211961	6
313	12.6606	19.6227	1.04995	6
316	13.4912	21.0489	0.562981	6
327	14.2317	5.54646	0.711614	6
352	13.7028	12.4478	0.504654	6
357	14.0669	4.77853	0.883201	6
363	13.0855	10.4996	0.348334	6
386	12.7116	24.6543	0.443969	6
388	14.8909	7.08003	0.11251	6
405	14.2688	21.6936	0.742692	6
429	14.8067	18.2915	0.352122	6
435	13.2585	17.8932	0.115425	6
444	12.8679	15.8743	0.577441	6
464	13.2647	12.3323	0.381174	6
465	12.9109	1.70277	0.206521	6
474	13.3432	11.8374	0.559371	6
481	12.6102	17.9967	0.192833	6
487	13.459	13.1092	0.42552	6
494	14.2623	22.828	0.283014	6
503	12.8622	19.6514	0.452489	6
504	14.5087	7.71388	-0.095716	6
506	14.41	21.35	0.7934	6
507	13.7143	11.0707	0.490234	6
510	13.9808	13.1721	0.521688	6
518	13.6889	15.7625	1.09063	6
520	13.4009	11.6319	-0.532254	6
534	13.2601	13.1582	0.285474	6
553	14.3234	6.37072	-0.130183	6
559	13.6014	23.7776	0.699628	6
560	13.0002	7.76246	0.0130322	6
566	13.6653	5.01848	0.355936	6
569	13.257	4.70624	0.688082	6
572	14.2386	2.88025	0.306198	6
574	13.9035	6.76661	0.225747	6
578	12.7551	6.58935	0.353511	6
583	12.6476	17.6597	0.316248	6
589	14.4186	20.9442	1.02801	6
591	13.0165	5.21612	0.446936	6
597	13.2223	19.1679	0.556901	6
636	14.5283	21.1382	0.411114	6
638	13.5193	2.81231	0.491608	6
639	13.52	0.106673	-0.190379	6
648	14.0565	15.2807	0.466774	6
660	12.9882	3.83942	0.375011	6
664	14.5227	10.6073	0.484845	6
673	12.6392	22.8275	0.83634	6
674	14.6933	8.27193	-0.0678282	6
696	12.9682	3.1983	0.339203	6
703	14.8782	24.9747	0.364221	6
713	13.8264	11.4695	0.332445	6
717	14.2339	4.96554	0.193997	6
721	12.6843	13.8597	-0.017547	6
728	12.7498	12.2466	0.414511	6
734	13.0965	21.1459	0.447964	6
740	13.2643	8.58627	0.30558	6
761	13.1065	8.10133	0.011014	6
762	14.2548	23.4615	0.279976	6
765	13.3068	3.55735	0.418741	6
767	14.4053	15.1523	0.445173	6
768	14.4454	10.2182	0.522873	6
771	14.1841	15.0908	0.383365	6
772	14.1644	15.6581	0.0274805	6
774	14.3604	2.49413	0.0219529	6
796	12.709	1.02367	0.520179	6
805	12.9408	2.53289	0.547079	6
806	13.1174	6.89967	0.33198	6
818	14.4019	22.1159	0.369762	6
826	14.93	22.2628	0.421529	6
834	13.5322	15.1924	0.31229	6
859	13.0028	9.95329	0.275474	6
862	13.5417	20.9859	0.239016	6
873	12.9044	12.3266	0.493466	6
885	13.2697	11.3687	0.514393	6
899	14.8267	3.55722	0.528632	6
915	13.9457	14.0601	0.381035	6
918	13.4514	12.4571	-0.0638082	6
926	14.4563	0.534565	0.246824	6
930	13.2463	1.81596	0.0525873	6
934	14.4131	21.3279	-0.0702953	6
939	13.0989	4.07391	-0.0179831	6
950	14.8836	24.1443	0.765606	6
956	12.5404	3.29703	0.353529	6
965	12.8024	2.06045	0.61107	6
977	13.4909	11.4023	0.562602	6
980	14.7445	5.62976	0.259635	6
981	14.0006	13.9314	0.662574	6
996	13.7257	19.4399	-0.0228401	6
1013	14.599	23.6757	0.351013	6
1018	14.0115	7.51755	0.766178	6
1024	12.6834	14.6454	0.612213	6
1027	14.0914	6.65603	0.478966	6
1029	14.4309	19.6582	0.170616	6
1034	13.5639	4.06427	0.29371	6
1037	12.9569	20.435	0.51501	6
1063	14.2156	9.43185	0.186326	6
1078	12.8405	23.5255	-0.520298	6
1105	12.7442	11.1267	0.554534	6
1142	14.8457	8.42248	0.209708	6
1154	14.2239	18.6983	0.427491	6
1168	14.3713	9.9048	-0.268619	6
1180	14.0168	7.53968	0.709686	6
1181	14.5613	1.8641	0.557084	6
1207	13.5219	10.8134	-0.207665	6
1213	13.5183	17.3874	0.111364	6
1245	13.0316	18.0634	-0.00998053	6
1258	14.0135	15.0428	0.540304	6
1270	13.1206	0.69677	0.348756	6
1272	14.1639	24.2169	0.570125	6
1273	13.266	24.7155	-0.0325479	6
1284	14.8679	2.67259	-0.132073	6
1288	14.2197	16.8795	0.601287	6
1289	14.9851	19.715	0.498766	6
1294	12.6416	7.24416	0.346991	6
1296	14.5254	1.2526	0.330248	6
1326	14.14	3.78515	0.250501	6
1330	14.9393	20.0274	0.724037	6
1344	13.0013	0.0856227	0.334388	6
1368	14.3771	19.4672	0.439335	6
1369	13.0454	16.7339	0.181207	6
1372	14.6134	13.2395	0.518691	6
1391	13.4677	7.57721	0.443259	6
1392	13.7852	17.182	0.0992212	6
1425	14.6999	7.1883	0.360263	6
1434	12.6255	23.3705	-0.210339	6
1435	12.7771	22.1354	0.17124	6
1454	13.596	1.51014	0.145982	6
1467	12.628	2.15676	0.259246	6
1472	13.2033	20.9366	0.494196	6
1483	13.1604	21.6771	0.956483	6
1539	13.7131	9.1296	0.560985	6
1555	13.5334	12.3773	0.153122	6
1586	13.799	7.9276	0.275936	6
1609	13.3891	14.9782	0.695779	6
1611	14.6429	18.0443	0.528096	6
1627	14.6119	3.09349	0.253803	6
1644	14.4739	10.9682	0.00779626	6
1673	13.7583	19.7304	-0.0890914	6
1676	14.4517	2.12575	0.788964	6
1701	13.55	10.6708	0.555418	6
1708	13.4338	7.3318	0.254499	6
1709	13.9502	10.9181	0.170435	6
1731	14.1229	17.3484	0.276067	6
1738	14.8181	12.4187	0.52881	6
1782	14.6417	8.91124	-0.161527	6
1794	13.1202	22.4389	0.500341	6
1811	14.4019	22.9675	0.780295	6
1812	14.8795	23.6852	0.618622	6
1821	14.9546	19.5291	0.166041	6
1826	12.7122	1.29251	-0.0472122	6
1832	13.7658	20.1965	1.07438	6
1837	14.5638	12.0662	0.104986	6
1844	13.848	6.36595	1.35041	6
1847	13.1443	10.4043	0.343812	6
1850	14.314	3.65292	0.186473	6
1858	12.7672	8.66229	0.574148	6
1868	12.5457	1.18227	0.190025	6
1900	14.4058	11.857	0.615268	6
1901	14.6868	14.8691	0.394444	6
1906	13.1341	8.27334	0.326383	6
1909	13.0954	21.4949	0.232704	6
1923	13.6274	14.1459	-0.234336	6
1936	12.5157	0.252699	0.783812	6
1938	14.1108	1.77674	-0.216269	6
1947	13.3482	17.1735	-0.00161285	6
1972	14.9344	5.49298	0.511087	6
1993	13.4228	1.27137	-0.0217881	6
1999	13.6464	14.3356	-0.295972	6
2002	14.9902	24.2307	-0.263642	6
2009	12.5404	20.5626	0.34026	6
2014	13.8683	3.03935	0.344408	6
2032	14.1537	11.2458	1.20483	6
2049	14.7153	16.4171	0.440385	6
2053	14.7531	4.82036	0.414541	6
2056	13.2336	9.4486	0.251897	6
2062	13.1508	16.0261	0.143973	6
2064	13.7386	3.63247	-0.0550806	6
2082	14.0319	16.6871	0.189428	6
2103	14.0308	5.99662	0.769801	6
2129	14.4353	21.9758	0.339168	6
2130	12.6317	2.54209	0.392583	6
2138	13.3175	15.0391	0.454986	6
2150	14.1414	17.9077	0.668266	6
2196	12.7827	2.19563	0.226962	6
2209	14.195	16.7942	0.143142	6
2218	14.1161	8.81599	-0.144785	6
2231	13.4091	13.3241	0.935884	6
2233	14.6377	13.6575	-0.0895854	6
2240	14.1526	11.5915	0.663717	6
2244	13.0761	22.9903	0.345368	6
2268	13.8249	23.2129	0.511961	6
2273	13.8588	5.66287	0.888905	6
2281	14.6756	1.71642	0.0832452	6
2282	13.412	19.3861	0.156125	6
2289	12.7829	13.0929	-0.0554395	6
2297	13.0019	7.05632	0.35882	6
2298	14.8809	1.91851	0.138981	6
2312	14.1687	24.2037	0.118357	6
2313	12.7272	0.030369	1.20613	6
2314	14.0884	20.2093	0.30899	6
2345	14.887	11.6821	-0.0601514	6
2348	14.6509	5.95813	1.07199	6
2357	12.8428	14.0629	-0.0879463	6
2367	13.2244	14.4301	0.360509	6
2390	13.3898	19.6084	0.237059	6
2392	13.2265	9.84383	0.401288	6
2424	13.3516	8.01162	0.548195	6
2431	14.4712	7.55034	0.571024	6
2445	13.1387	3.73102	0.577608	6
2470	13.3434	8.36861	0.32452	6
2471	13.6744	24.9538	0.289583	6
2472	14.211	15.4873	0.314504	6
2473	14.369	10.849	0.184715	6
2476	14.992	16.1928	0.263878	6
2479	12.9916	5.93722	0.288757	6
2495	13.2642	3.28934	0.0192354	6
2498	14.6754	16.8153	0.470274	6
2502	14.596	8.19429	0.430305	6
2504	12.8499	19.9291	1.4008	6
2505	13.2073	4.74688	0.856443	6
2512	13.7429	9.56878	0.932612	6
2526	14.0087	4.44918	0.327815	6
2588	13.9297	10.1741	0.242662	6
2591	12.9981	19.5368	0.242634	6
2594	14.0245	9.28961	0.27422	6
2606	14.7121	17.2951	0.807459	6
2629	14.7411	24.0721	0.405783	6
2634	14.662	11.073	0.0998301	6
2640	12.7124	22.586	0.217647	6
2653	13.3938	24.3588	1.20949	6
2655	14.0476	15.6689	0.390719	6
2662	12.7662	18.7414	0.0677116	6
2675	13.7826	0.925734	0.490872	6
2682	13.9016	0.914251	0.306282	6
2683	12.5543	16.2165	0.0491222	6
2684	12.8667	15.987	0.233716	6
2727	13.8672	8.07243	0.0682693	6
2753	13.4765	17.626	-9.61871e-05	6
2764	13.8562	8.95989	0.573201	6
2767	12.6985	7.64547	0.329416	6
2786	14.4592	15.6816	0.561395	6
2797	12.6529	13.7472	-0.293922	6
2820	13.6825	5.27467	-0.101674	6
2826	14.0598	15.1509	0.56922	6
2830	14.0699	9.33273	0.638805	6
2843	14.3061	2.67915	0.465894	6
2855	13.5874	10.674	0.80091	6
2861	13.6085	16.0286	1.09418	6
2864	14.8464	17.0393	0.157152	6
2880	14.1758	20.5726	0.090226	6
2885	12.8881	5.29985	0.0799948	6
2893	14.5161	8.15796	0.507349	6
2897	13.2884	23.8638	0.173137	6
2907	13.3684	0.328847	0.579164	6
2908	13.2866	1.18508	0.431265	6
2920	12.8384	12.7077	0.00760355	6
2942	13.7109	4.06192	-0.394461	6
2946	13.6304	15.2923	0.504706	6
2952	13.7243	3.03155	-0.0539925	6
2956	13.2966	7.65866	0.919264	6
2957	12.7325	5.17405	1.00235	6
2963	13.5171	2.45713	0.223269	6
2968	12.6732	20.6692	0.225664	6
3007	14.0053	23.1056	-0.337957	6
3008	14.0321	23.9036	0.75118	6
3009	14.4384	22.9526	0.0235098	6
3011	13.479	2.34782	0.362905	6
3012	14.3631	1.79407	-0.149241	6
3017	14.5278	7.50175	0.549791	6
3023	13.5365	19.6566	0.360111	6
3034	13.7414	2.23971	0.339458	6
3061	14.1915	0.588875	0.265458	6
3074	13.1691	17.52	0.232082	6
3075	14.3597	18.1855	0.120341	6
3077	12.9468	9.08579	0.531614	6
3078	14.0921	24.5764	0.384628	6
3079	13.734	24.3183	0.484959	6
3083	14.243	2.24293	-0.0340639	6
3086	14.3711	6.08357	0.366954	6
3095	13.4582	16.1968	0.818624	6
3100	14.4427	4.50853	0.161584	6
3104	14.2422	8.68544	0.197672	6
3107	13.5203	8.21905	0.5308	6
3113	13.0867	17.1714	0.220286	6
3144	14.6244	6.06862	0.803105	6
3182	13.2315	7.73004	0.54646	6
3199	13.6839	14.4111	-0.0818712	6
3222	13.837	6.88367	0.477543	6
3248	14.7096	20.5081	0.420503	6
3270	13.5317	0.670464	0.340319	6
3273	13.3413	7.87297	0.460728	6
3274	13.2503	19.9259	0.39826	6
3279	14.7779	13.1339	0.257523	6
3280	14.6119	17.8802	0.480829	6
3282	13.2788	18.6228	0.735394	6
3318	13.7507	15.5932	0.208589	6
3327	14.5563	9.27884	0.330854	6
3347	13.3971	2.5743	0.672622	6
3357	13.8054	13.5313	0.31248	6
3365	14.1126	22.0922	0.682731	6
3378	13.8398	14.129	-0.33294	6
3382	13.2358	7.55036	0.280854	6
3390	14.8875	6.92913	0.285533	6
3391	13.4363	19.1663	0.356613	6
3393	13.9254	24.2701	0.587959	6
3411	14.4806	10.7833	0.152129	6
3423	14.6484	17.3016	-0.24032	6
3430	14.7424	5.51995	0.628382	6
3497	14.4231	6.45	0.897117	6
3515	13.583	24.4382	0.705841	6
3520	14.2809	2.3453	0.386624	6
3558	13.301	11.51	0.501377	6
3559	12.5682	0.474729	0.662091	6
3571	14.4904	7.53664	0.429222	6
3581	14.5007	23.1288	1.26781	6
3606	14.674	24.332	0.57408	6
3620	13.399	0.940137	0.390998	6
3634	14.8241	22.7182	0.996442	6
3648	12.8197	24.6459	0.797296	6
3657	14.128	3.40657	0.666389	6
3660	12.6079	23.9737	0.306259	6
3662	13.7214	6.45773	0.695151	6
3663	14.8142	6.23731	0.225515	6
3680	14.4993	9.76069	0.279405	6
3686	12.8635	10.5675	0.409112	6
3699	13.2694	4.20443	0.0777223	6
3712	14.3837	12.8506	0.357641	6
3713	13.7532	14.6642	0.39395	6
3715	13.7477	5.60985	0.251786	6
3718	13.1017	14.5602	1.22932	6
3730	12.5871	1.23746	0.344746	6
3752	13.3645	0.488617	0.337242	6
3755	14.1403	9.92049	0.333562	6
3757	13.5467	21.2546	-0.350315	6
3762	13.3822	17.2107	0.397957	6
3766	14.1106	11.3302	0.514302	6
3777	14.7127	7.41883	0.473712	6
3793	12.7012	4.17102	0.249009	6
3810	14.1611	13.8546	0.314475	6
3835	13.825	7.93266	0.225986	6
3840	12.7671	15.0229	0.389432	6
3854	13.1866	20.8295	0.330225	6
3855	12.8892	20.4156	0.149996	6
3895	14.9134	17.4661	0.403852	6
3896	13.3846	1.02583	0.294918	6
3926	14.3008	22.7878	0.670919	6
3929	13.9987	11.1744	0.341996	6
3930	13.0371	11.7697	-0.324662	6
3945	12.5292	19.6607	0.0581228	6
3955	14.8855	23.9386	0.899739	6
3960	14.3189	16.6434	0.517496	6
3961	14.0532	16.2538	0.353972	6
3963	12.7879	19.0053	0.348276	6
3995	14.5878	0.464009	0.328963	6
3998	13.1323	21.0495	0.84209	6
4003	13.0483	8.41543	0.593913	6
4007	13.1303	17.9295	0.513928	6
4008	13.8138	16.9988	0.208295	6
4017	12.6283	19.8558	0.699418	6
4020	12.5955	5.10736	0.674222	6
4039	13.3522	10.6276	0.171163	6
4045	13.8834	17.6494	1.00033	6
4046	13.878	17.4919	0.35237	6
4051	14.5298	11.9961	0.00793405	6
4054	12.5397	10.4113	0.423372	6
4058	13.7471	21.5181	0.141596	6
4069	12.892	18.0627	0.126501	6
4071	13.4896	14.9532	0.434116	6
4079	14.4328	16.5682	0.776396	6
4080	14.3379	4.48118	0.288768	6
4102	14.4878	17.8743	0.295122	6
4106	12.9851	18.1544	0.249882	6
4128	14.833	23.3355	-0.310224	6
4149	14.4441	12.7352	0.623848	6
4167	12.8273	13.4693	-0.359429	6
4168	13.7913	7.95173	0.062446	6
4171	13.2573	21.0862	-0.106417	6
4185	14.8317	2.68275	0.250467	6
4190	14.7835	15.3938	-0.169279	6
4202	13.0159	5.90537	0.0988865	6
3	16.5851	8.81841	0.467405	7
5	16.9534	2.43523	0.344136	7
43	16.0083	1.89773	0.431928	7
59	15.0913	8.79192	0.586829	7
71	15.4318	8.5033	0.154235	7
74	17.2475	3.00637	0.162649	7
82	16.7928	12.3588	0.784139	7
86	16.3265	7.47151	0.0696583	7
105	15.1279	4.0994	0.167446	7
113	16.1475	16.1387	0.930568	7
139	15.0455	21.2262	0.0661571	7
147	16.2194	11.7253	0.0630084	7
167	15.2742	2.16519	0.11496	7
174	16.1303	4.00028	0.218049	7
218	15.5088	6.97828	0.33482	7
223	15.9407	9.37748	0.234417	7
225	16.4006	9.22203	0.97761	7
226	16.077	10.6691	0.521778	7
255	16.812	7.70341	0.854347	7
258	15.2269	0.944099	0.281752	7
261	16.1506	5.7097	0.495123	7
292	17.2303	4.99602	0.335903	7
298	15.9648	2.1615	1.53237	7
317	15.8111	11.5187	0.411952	7
335	15.8279	4.82907	0.326025	7
345	16.4528	17.0702	0.0258554	7
351	17.3651	11.3725	0.432675	7
353	16.0094	24.3317	0.530221	7
391	17.0438	14.7792	-0.166009	7
397	16.447	20.1684	0.179085	7
398	15.6796	19.2985	0.310204	7
408	16.9914	17.9873	0.27763	7
416	16.9494	2.22348	0.494381	7
445	17.0688	10.824	0.299952	7
447	17.0952	15.566	-0.0227388	7
461	16.5595	17.7897	0.276577	7
476	17.125	1.64843	0.248612	7
478	17.1431	16.384	0.259075	7
486	15.7763	3.59114	0.472948	7
500	15.346	10.2184	0.287901	7
523	16.5834	15.7869	0.941591	7
527	16.5857	5.29415	-0.015256	7
529	16.4065	16.9598	0.046915	7
535	17.2082	15.2684	0.752528	7
542	16.327	13.0201	0.330989	7
544	17.2229	21.519	-0.00408689	7
552	15.0502	10.2338	0.57369	7
558	16.1327	19.3948	0.443594	7
573	15.6873	14.0575	0.69638	7
615	16.8671	13.2636	0.19542	7
618	15.4725	17.9768	0.548839	7
625	16.6883	18.3116	0.68899	7
627	15.1069	24.8073	0.608777	7
628	15.3749	0.640174	0.159518	7
645	15.198	5.28459	0.313288	7
647	16.9941	4.98087	0.124593	7
654	15.7794	23.0258	0.155642	7
676	15.1169	19.4761	0.723946	7
682	16.3819	15.3732	-0.0482566	7
689	16.679	23.5828	0.295097	7
720	16.2609	3.7773	0.0395673	7
726	16.8177	16.2325	0.24638	7
729	15.8463	17.0425	0.402894	7
742	17.2837	22.9769	-0.0299499	7
754	16.5742	23.5781	0.479674	7
758	17.2393	20.9481	0.440085	7
773	16.786	21.8432	0.756145	7
787	16.2344	11.1528	0.779467	7
813	17.1372	1.54196	0.633977	7
821	15.33	17.9993	0.511488	7
825	15.5611	14.4431	0.203593	7
847	17.422	8.0535	-0.0777515	7
851	16.2435	16.3185	1.06448	7
864	15.9988	12.0826	-0.0302058	7
891	17.2387	8.41939	0.298607	7
896	16.4375	3.96728	0.391943	7
917	16.2951	19.8696	0.504051	7
923	17.2124	24.7443	0.900006	7
932	17.0936	16.9483	0.817515	7
946	15.4104	23.6854	0.416767	7
957	16.1494	8.37326	0.207207	7
969	15.2154	22.4513	-0.289515	7
993	15.2757	16.9527	0.496578	7
995	16.5886	21.423	0.822625	7
997	16.1852	5.12192	0.609117	7
1010	17.0435	7.67888	0.153258	7
1011	16.0957	2.34679	-0.0973251	7
1017	15.3899	19.7335	1.01041	7
1020	16.6588	6.49407	0.407968	7
1021	16.6566	11.5613	0.658346	7
1022	15.6962	1.43591	0.51462	7
1028	16.8078	14.661	0.308971	7
1032	15.3794	18.5553	0.368094	7
1036	17.1487	18.4692	0.309839	7
1039	17.2775	4.25381	0.654604	7
1057	17.1027	15.6631	0.573775	7
1109	16.9503	8.65694	0.130659	7
1111	17.0567	22.3088	0.502761	7
1122	15.047	0.51854	0.566828	7
1144	16.1709	14.8674	0.215195	7
1147	15.6623	16.1387	0.162854	7
1162	17.1721	19.0117	0.0331966	7
1163	16.6408	1.47385	0.108263	7
1170	17.2928	9.92952	0.351086	7
1189	17.3548	5.30934	0.364379	7
1205	17.4838	5.83871	0.304557	7
1211	17.4845	15.6685	0.033732	7
1216	16.3042	16.4891	0.826298	7
1229	17.1096	4.79078	0.44739	7
1267	15.6079	13.2883	0.35608	7
1281	16.3	10.2037	0.684685	7
1283	15.7224	2.01961	0.685265	7
1293	15.3786	0.149317	0.352582	7
1316	17.3693	23.5091	0.954017	7
1325	16.2978	21.6956	0.407196	7
1327	15.9144	14.3555	0.309324	7
1328	16.8154	15.4561	0.0755115	7
1329	15.3729	8.83455	0.562253	7
1333	15.7614	19.2264	0.308856	7
1340	15.6737	24.5642	0.744826	7
1348	15.6277	8.10342	-0.0235569	7
1356	17.1164	14.603	-0.134277	7
1371	16.398	0.318443	0.574211	7
1373	15.2366	0.194352	0.616898	7
1402	15.9447	8.89642	0.53564	7
1404	16.7044	24.577	0.913942	7
1413	15.4944	20.4076	-0.0729267	7
1414	16.7407	5.40387	0.278373	7
1415	15.2392	18.854	0.657616	7
1416	16.5377	8.80808	0.335417	7
1419	16.168	4.31463	0.644818	7
1422	15.2908	5.23453	0.633547	7
1423	16.2365	3.14833	0.179531	7
1430	16.0019	21.469	0.742203	7
1460	15.2003	17.6144	-0.188831	7
1463	16.6345	0.710012	0.150546	7
1470	15.0251	9.5173	0.0616417	7
1471	15.5416	9.11201	0.0855965	7
1480	16.6031	5.777	0.287256	7
1482	15.038	23.4548	0.209779	7
1491	17.2875	13.8851	-0.380454	7
1501	15.5289	20.9392	0.157815	7
1502	16.0296	20.781	0.660298	7
1504	15.6727	21.6385	0.191558	7
1510	15.9095	22.3932	0.104529	7
1517	15.6474	7.4066	0.0873002	7
1525	16.7911	5.28184	-0.195922	7
1528	16.2498	3.53834	0.25802	7
1533	17.4597	3.79336	-0.36845	7
1537	15.4391	15.2725	-0.0714483	7
1550	16.7778	4.59792	0.412692	7
1559	17.2064	18.5828	0.0886427	7
1563	15.5535	12.1249	-0.00774384	7
1570	17.4247	9.01194	0.187786	7
1595	16.7768	17.232	0.389753	7
1596	15.5717	6.29264	0.355593	7
1597	17.417	6.87455	0.758199	7
1610	15.3071	18.9834	0.109041	7
1618	16.1536	3.0052	-0.63584	7
1622	17.2478	7.09954	-0.250099	7
1636	16.0914	21.7935	-0.257026	7
1642	16.9662	6.26859	0.154873	7
1658	16.3425	6.83231	0.694932	7
1661	15.7384	7.25509	0.0379171	7
1663	17.4485	18.067	0.428191	7
1687	16.6561	21.812	0.357202	7
1688	15.2533	9.63295	0.532614	7
1703	16.0756	23.8183	0.30083	7
1713	15.898	24.2297	0.552342	7
1714	16.534	24.2654	0.0457471	7
1723	16.1145	21.7267	0.0575581	7
1730	15.3715	17.8761	-0.313729	7
1749	16.8166	2.98487	0.597667	7
1751	16.7574	20.5859	0.36894	7
1752	15.785	3.21645	0.24549	7
1760	16.1941	12.1192	0.472848	7
1764	15.4678	10.9722	0.141632	7
1765	15.6819	12.3654	0.306615	7
1773	16.7101	23.3808	0.775023	7
1781	15.8283	19.8241	0.87945	7
1792	15.399	0.398394	0.19533	7
1793	15.8402	24.1714	0.945986	7
1802	17.0221	6.57923	0.254826	7
1803	15.3283	21.0472	0.547023	7
1804	15.8894	12.062	0.486065	7
1808	16.8518	16.8145	0.485393	7
1820	16.2986	22.7612	0.0445201	7
1854	17.1255	2.63925	0.246153	7
1871	16.1162	4.55777	0.32571	7
1874	15.8599	17.8287	0.246827	7
1888	15.7362	17.6731	-0.196215	7
1896	16.9438	24.416	0.517867	7
1905	15.7525	18.9133	0.575145	7
1908	16.0723	10.051	-0.131237	7
1910	17.235	16.8523	0.450272	7
1956	16.8228	22.0038	0.238846	7
1957	17.2081	21.7736	0.289687	7
1964	15.086	15.5401	0.430878	7
1974	15.4426	15.0275	0.0124204	7
1975	15.8902	7.04493	0.115921	7
1996	16.9642	24.39	0.0407111	7
2000	15.9979	4.6152	0.996291	7
2036	16.1155	6.02519	0.886919	7
2042	15.8484	12.6197	0.146442	7
2045	16.7403	6.47208	-0.19954	7
2047	16.0202	21.4037	0.182653	7
2054	17.1943	8.68081	0.381652	7
2059	17.4404	22.7329	0.418463	7
2066	16.8396	20.0851	0.0433909	7
2080	16.1023	21.6261	0.061143	7
2087	17.4088	17.3817	0.508231	7
2092	17.3253	16.5243	0.19796	7
2095	15.559	17.1541	0.70393	7
2101	17.335	22.5564	0.483892	7
2107	17.1264	17.203	0.354796	7
2120	15.8404	4.66356	0.628989	7
2139	15.0036	7.59613	0.387687	7
2143	16.9388	11.1074	0.454589	7
2161	16.6902	8.43786	0.142536	7
2162	15.7857	8.81057	0.307822	7
2171	16.422	15.4518	0.443206	7
2172	17.3091	13.9984	0.3242	7
2173	15.4524	10.1121	0.603191	7
2174	15.1393	0.608537	0.275329	7
2184	15.2808	21.6784	-0.143739	7
2204	16.5669	15.6203	0.232061	7
2211	15.6118	18.4331	0.472536	7
2229	15.2624	24.2055	0.486243	7
2249	15.2438	22.2191	0.483776	7
2253	17.154	3.54493	0.005401	7
2277	17.0705	1.66011	0.553464	7
2323	15.5201	12.2821	0.274292	7
2336	16.5779	21.6612	-0.155338	7
2337	17.4354	11.3948	0.137565	7
2358	17.4685	18.457	0.67069	7
2360	15.7638	12.6694	0.434699	7
2365	16.8189	10.1298	0.517648	7
2368	15.1506	22.7414	-0.00736715	7
2385	16.4181	1.00137	0.0139574	7
2393	15.5205	17.7648	0.363037	7
2397	17.2241	0.143602	0.396626	7
2407	15.4742	13.3711	0.370628	7
2408	17.0155	0.807205	0.706825	7
2411	16.2885	16.0836	0.484326	7
2413	16.6494	5.57822	0.965904	7
2417	15.5891	0.552365	0.322527	7
2419	15.0671	23.8792	0.290144	7
2435	17.3222	7.3294	1.06299	7
2438	17.1632	16.9878	0.565565	7
2452	17.2911	2.37417	0.24199	7
2466	17.2935	2.94769	0.561606	7
2480	15.4554	4.32339	0.512373	7
2491	16.503	23.398	0.395154	7
2493	15.3082	15.2054	-0.185259	7
2499	15.686	12.1649	0.522328	7
2500	16.7187	10.6408	0.283387	7
2511	15.1598	5.99544	0.640286	7
2531	16.0838	12.7828	0.422441	7
2552	16.1223	2.80963	0.564609	7
2554	15.0743	6.1689	0.516316	7
2558	16.8712	24.3245	0.850735	7
2567	15.7941	2.76889	0.0765107	7
2571	16.7079	20.5463	-0.0173203	7
2579	15.8172	12.8804	0.152351	7
2584	17.0421	21.1848	0.910036	7
2600	17.4257	20.7399	0.00322423	7
2602	17.0515	10.0623	0.33689	7
2611	15.9393	5.75695	0.328634	7
2621	17.1139	17.3016	0.170295	7
2626	16.7493	23.6968	0.0317977	7
2699	15.3938	15.5335	0.367409	7
2702	15.2529	11.2376	0.568698	7
2720	16.7937	9.74244	0.627865	7
2731	16.0736	9.64707	0.162802	7
2738	15.132	4.90478	-0.127437	7
2740	16.8885	20.3854	0.337136	7
2744	15.8063	6.20977	0.418526	7
2752	15.4342	20.1249	0.139418	7
2761	16.6064	11.2222	0.752911	7
2771	16.3479	11.2811	-0.13775	7
2772	16.2738	11.6512	0.0779357	7
2790	17.1153	21.462	0.442656	7
2794	17.3884	8.25306	-0.000132749	7
2803	15.0389	10.4633	-0.128761	7
2810	16.1346	21.391	0.934534	7
2811	16.6828	15.6868	0.504784	7
2815	15.8363	22.347	0.411548	7
2828	15.0313	19.2684	0.757501	7
2845	17.4553	21.1646	0.580605	7
2872	16.4879	7.07495	0.258177	7
2879	15.7136	19.8865	0.395867	7
2896	16.2127	6.87857	0.418557	7
2910	15.4981	3.28507	0.0429717	7
2912	15.1521	5.52736	0.239937	7
2916	16.497	19.8763	0.672316	7
2926	15.7205	16.6548	0.33423	7
2950	17.0067	2.07611	0.486255	7
2955	17.1861	0.172379	0.334765	7
2958	17.1821	17.1199	0.308497	7
2961	15.4215	2.21685	0.289875	7
2973	15.8543	15.2956	0.260864	7
2990	15.4659	10.3885	0.367394	7
2991	15.5092	10.4717	0.348645	7
2997	16.2268	1.92801	0.403344	7
3026	15.53	15.0809	0.109914	7
3028	15.0743	1.69945	0.677693	7
3029	15.0035	21.1183	0.258322	7
3037	16.6499	16.1131	0.353452	7
3039	16.1501	9.23777	0.558751	7
3076	17.0569	14.1091	0.434349	7
3092	16.9105	13.6553	0.825819	7
3093	16.0475	24.6424	0.376428	7
3094	16.9228	6.5711	0.707559	7
3106	16.3352	14.5577	1.10713	7
3122	17.4208	0.356345	0.121078	7
3128	17.3573	14.3125	-0.270358	7
3146	15.3196	4.50603	0.0943218	7
3150	15.7503	13.339	0.434351	7
3151	15.6147	5.60952	0.103162	7
3155	17.0483	3.12541	0.501418	7
3156	16.0708	8.45556	0.867025	7
3175	17.0233	22.1617	0.109451	7
3184	17.1108	23.1929	0.202481	7
3185	16.6979	23.3731	-0.0191652	7
3194	17.2918	3.70793	-0.026827	7
3228	17.213	5.71504	0.590578	7
3230	15.3547	1.15296	0.376317	7
3232	15.9671	24.0068	0.4986	7
3234	15.4378	24.9828	0.540998	7
3236	16.2207	1.69885	0.306162	7
3241	16.5993	23.4385	0.121552	7
3247	15.308	20.7191	0.85095	7
3271	15.7452	9.33074	-0.292284	7
3272	17.203	10.2645	0.417857	7
3296	17.3561	15.884	-0.0787195	7
3298	15.7963	23.9781	0.508835	7
3299	16.3327	18.2133	0.28049	7
3307	17.1013	17.4817	0.942532	7
3315	17.0553	18.7755	1.62583	7
3326	15.3408	9.54432	0.39258	7
3339	16.2283	22.7784	0.748623	7
3351	15.2717	10.2619	0.440058	7
3364	17.1623	7.82303	0.0273485	7
3385	15.297	19.3625	0.602333	7
3387	16.8358	14.7283	0.307876	7
3402	16.2269	12.0312	-0.0697098	7
3409	15.4246	14.1	-0.179499	7
3410	15.1699	14.5029	0.340729	7
3413	16.2203	22.6438	0.250141	7
3414	15.8687	21.1794	-0.170509	7
3418	16.4792	22.0778	0.517797	7
3453	17.4167	21.2354	0.866769	7
3460	16.1174	7.07115	0.347312	7
3466	15.6945	14.6187	0.259742	7
3471	15.63	5.08759	0.256243	7
3478	15.5965	8.96627	0.180672	7
3485	16.8465	16.4858	0.190665	7
3511	15.1084	15.1544	0.266842	7
3531	16.8832	8.95551	0.151784	7
3548	16.3932	0.205161	0.123588	7
3552	16.9194	0.278825	0.128602	7
3554	15.7004	10.7612	0.199828	7
3556	15.7595	11.1398	0.758269	7
3562	16.2799	24.4944	0.712382	7
3592	15.0914	19.6904	0.418569	7
3611	17.0096	11.027	0.585176	7
3612	17.3282	7.10023	0.395391	7
3636	15.3616	4.90825	0.718332	7
3640	15.6407	15.7299	0.228808	7
3645	17.2795	10.2675	-0.215999	7
3647	16.9498	15.1749	0.570002	7
3666	15.4001	13.3569	-0.329332	7
3667	16.0219	12.9196	0.848005	7
3668	16.1272	13.0445	0.11797	7
3671	15.669	12.2412	0.0557292	7
3672	15.3832	24.9258	0.224379	7
3673	16.6839	1.19995	0.397076	7
3674	16.0763	22.3255	0.630708	7
3684	15.8742	15.1126	0.235367	7
3697	16.2028	3.90138	0.181568	7
3725	15.9708	12.2892	0.584111	7
3726	17.1543	20.1152	0.419504	7
3728	16.5053	24.4179	0.319267	7
3738	17.022	1.46579	0.484601	7
3747	16.7721	16.9296	0.311878	7
3780	17.0798	1.38988	0.282406	7
3787	16.5816	10.3413	0.123265	7
3790	15.7988	8.59147	0.441353	7
3799	15.2922	10.8202	0.681774	7
3808	16.8215	23.7976	0.43622	7
3828	17.2784	10.4837	0.331321	7
3831	17.3915	3.88167	-0.0627691	7
3832	16.5564	0.515978	0.585734	7
3856	15.7806	12.4332	0.123824	7
3864	17.2583	20.909	0.342752	7
3865	16.8777	20.5224	0.783947	7
3867	16.0756	21.7959	0.878275	7
3874	16.9384	18.0508	0.468731	7
3879	17.2448	6.00651	0.540622	7
3884	16.1352	17.8813	0.489246	7
3886	17.1542	19.1465	0.246225	7
3909	15.4915	8.26159	0.662162	7
3910	17.4261	2.80998	-0.224453	7
3915	16.6129	2.74191	0.033936	7
3918	15.2584	19.4157	0.509278	7
3923	15.1111	24.3055	0.539441	7
3933	15.2048	9.44954	0.144539	7
3948	16.6261	20.1901	0.0910961	7
3950	17.4887	3.59538	0.498451	7
3967	17.2322	15.6145	0.447259	7
3968	17.1545	22.7982	0.583656	7
3969	17.2174	12.8227	0.194521	7
3988	16.1261	3.35632	0.596781	7
3999	17.1765	9.22795	0.337184	7
4033	16.2545	4.19505	-0.37815	7
4041	16.1566	16.6478	0.208803	7
4052	15.5622	17.2374	0.225037	7
4057	17.4405	14.1727	0.331883	7
4064	16.3828	5.92634	0.427071	7
4096	16.9954	2.72563	0.170652	7
4100	15.1	18.0576	-0.370523	7
4101	15.2627	17.44	0.397737	7
4127	15.2838	9.6856	0.393746	7
4133	15.1954	6.64234	0.882831	7
4164	16.4642	18.2448	0.121809	7
4170	17.4586	23.7304	0.35801	7
4176	16.2624	23.5825	1.02318	7
4186	15.0806	14.6436	0.665234	7
4197	17.1248	3.92731	0.294486	7
4198	17.4542	4.33114	0.329503	7
4201	17.3945	14.3047	0.777496	7
4213	15.2281	5.17136	1.02107	7
4217	15.0539	14.1749	0.176244	7
4228	17.4337	23.0589	0.292775	7
4239	17.442	4.67716	0.955766	7
7	18.1628	8.20687	0.540466	8
11	18.8504	12.1051	-0.0481758	8
18	19.6905	8.57371	-0.161515	8
39	18.3328	13.2284	-0.363071	8
40	18.8208	6.46168	0.464609	8
67	17.7906	1.89377	0.0994258	8
72	19.9786	14.6889	0.167137	8
83	18.6953	8.04865	0.492688	8
84	18.6858	4.19206	0.153726	8
92	18.867	16.257	-0.0143057	8
127	17.6477	22.8358	0.539285	8
176	19.3862	16.7562	0.536844	8
178	18.2558	20.5355	0.598457	8
184	18.5988	22.2932	0.356784	8
190	19.8752	9.88107	0.572447	8
192	17.6569	11.2657	0.042353	8
201	19.328	18.4783	0.863456	8
204	18.0124	17.3353	0.342589	8
207	18.8203	15.4818	0.521497	8
228	18.2536	15.1428	0.605603	8
229	19.7681	0.108955	0.76472	8
232	19.1153	17.9569	0.158616	8
249	17.7411	16.5047	0.751724	8
259	19.6708	11.5049	0.752648	8
262	18.7351	8.54607	0.033658	8
288	19.6503	5.76579	0.730575	8
299	19.6292	18.7807	-0.00898369	8
308	17.7675	16.3098	0.172955	8
315	18.7305	8.10882	0.953803	8
324	18.3926	0.868362	0.445009	8
328	18.0945	17.6035	-0.00142902	8
331	17.509	15.3334	0.0463824	8
346	18.9344	1.70727	0.308809	8
354	17.7055	24.5599	0.743791	8
364	19.3501	11.1763	-0.0792854	8
369	17.878	13.3689	0.297893	8
370	19.2977	22.4005	0.413414	8
379	18.338	16.5772	0.214616	8
383	17.8964	0.997539	0.206314	8
384	19.0028	15.9917	0.524702	8
387	19.6288	13.3118	0.390153	8
392	18.1679	9.43933	0.43237	8
413	18.7136	3.91667	0.12982	8
428	17.9872	22.1153	1.01107	8
433	19.7308	17.7061	0.117922	8
449	19.9301	21.9641	0.424563	8
455	17.6554	5.72599	0.655683	8
462	18.9748	2.90883	0.492314	8
468	19.3417	24.2681	0.632451	8
488	19.727	2.58781	0.221372	8
501	19.1374	8.85749	0.462451	8
508	18.966	18.4256	0.431458	8
563	19.8267	22.6283	0.278352	8
564	17.6908	8.85586	-0.243234	8
588	19.8543	12.9313	-0.153567	8
609	18.822	17.9817	1.1732	8
630	18.8843	11.5654	0.740123	8
632	19.1778	11.567	0.339115	8
641	18.5675	11.3118	0.679735	8
649	19.2299	11.4995	0.749583	8
657	19.0538	13.1324	0.720652	8
663	18.4466	18.8579	0.189709	8
678	18.5412	19.7349	0.244977	8
683	17.8874	23.6254	0.421678	8
712	18.7447	10.0787	0.444693	8
723	19.1962	2.73546	0.333787	8
727	19.5124	13.4757	0.318251	8
735	18.0603	1.83199	1.04407	8
743	17.9558	17.9123	0.318155	8
755	19.0774	21.7587	0.997287	8
757	19.5574	15.6506	0.320635	8
760	18.5569	1.01136	0.142289	8
778	18.6476	8.71771	0.0698275	8
779	17.919	7.48811	0.78168	8
780	18.5166	17.7711	0.612732	8
792	18.5317	4.85641	0.0602501	8
804	17.9377	5.62311	0.0933754	8
833	19.5572	11.7337	0.592273	8
843	19.5085	1.79089	0.441351	8
846	19.0036	1.35948	0.194122	8
857	18.946	20.6745	0.320497	8
861	19.6443	14.0575	0.390004	8
878	18.1502	18.7338	0.493576	8
890	19.0586	16.1403	-0.119884	8
894	19.8812	2.09955	0.691467	8
895	18.8025	0.375068	0.244275	8
908	18.4737	13.7536	0.499627	8
912	19.0638	8.33653	0.967737	8
922	17.6907	5.70117	0.262418	8
941	17.8416	9.36409	-0.175561	8
979	18.1079	5.34522	0.91459	8
982	17.9595	24.5357	0.338296	8
1025	19.7858	19.1511	0.455176	8
1033	19.61	6.10495	0.381136	8
1060	19.7466	7.3724	0.429365	8
1072	19.2922	16.6796	0.373535	8
1076	18.8315	9.83268	0.597015	8
1079	18.8063	8.73064	0.221618	8
1080	19.4168	9.96068	-0.049614	8
1082	19.3606	7.571	0.492887	8
1098	19.1416	1.36337	-0.0109024	8
1112	18.3824	21.2849	1.14968	8
1118	19.1248	23.4792	0.98104	8
1121	18.7082	6.51026	0.316695	8
1125	19.3945	23.1002	0.528664	8
1126	19.2738	23.7091	0.330735	8
1145	17.9831	8.79838	0.376817	8
1146	18.0183	9.92944	0.228814	8
1186	19.7905	2.80618	0.627963	8
1187	17.6284	11.3906	0.285492	8
1199	19.6881	5.07462	0.566193	8
1200	19.8749	16.8287	0.456859	8
1206	19.6666	19.0994	0.544961	8
1221	18.5223	7.75562	0.0772992	8
1227	18.4078	23.357	0.792847	8
1242	19.7703	6.50069	1.08547	8
1262	17.8652	3.91523	0.525071	8
1286	18.1208	16.1428	0.520704	8
1295	18.785	6.48379	0.139534	8
1305	17.7514	8.25533	0.555413	8
1309	19.3783	1.62983	0.293286	8
1323	19.1027	19.0725	0.220341	8
1335	18.1681	22.0988	0.158218	8
1337	19.9093	1.71367	0.497533	8
1339	19.6477	12.0566	0.73907	8
1360	17.9451	4.46155	-0.223071	8
1362	18.235	21.2867	0.589578	8
1364	17.938	9.20153	0.447634	8
1377	17.7922	0.82338	0.224863	8
1389	19.2566	13.3398	0.247984	8
1390	19.3526	17.0952	1.92298	8
1399	17.7257	12.5943	0.0232962	8
1407	19.097	18.0148	1.17924	8
1420	17.8051	21.3399	-0.817964	8
1433	19.5884	19.5309	0.476522	8
1438	18.5502	0.795145	0.498348	8
1439	18.371	9.62726	0.728809	8
1442	19.467	3.09746	0.655586	8
1468	18.4591	19.5422	0.148373	8
1497	19.2048	3.29611	-0.488595	8
1507	19.7616	21.137	-0.168559	8
1516	17.6719	13.598	0.0738155	8
1523	18.6752	19.8828	0.533311	8
1526	19.7366	23.9484	-0.107478	8
1527	18.3191	4.36206	0.487513	8
1529	19.0466	5.65752	0.32294	8
1531	19.2684	8.28159	0.231519	8
1538	17.7571	22.2789	0.299663	8
1543	19.6616	20.1114	0.0836647	8
1547	17.7781	17.4075	-0.0352818	8
1553	18.2014	22.7893	0.312423	8
1556	18.9948	24.6453	0.0211102	8
1560	18.238	14.383	0.942479	8
1581	17.5804	15.0429	0.225493	8
1582	17.5159	21.0209	-0.0377159	8
1583	19.0381	22.0105	0.255721	8
1589	18.6345	16.7133	0.662766	8
1593	19.9461	2.18401	0.379135	8
1615	18.0678	1.74664	0.329812	8
1620	17.7331	3.73885	0.357477	8
1628	18.8567	17.022	-0.310059	8
1646	19.0846	6.72495	0.526799	8
1666	19.5252	9.99041	0.0324428	8
1668	18.0376	8.95098	0.211635	8
1671	18.6264	17.6908	0.448051	8
1679	18.5578	0.628955	0.392613	8
1685	17.7156	4.70689	0.515702	8
1691	18.5854	7.33468	0.339201	8
1697	18.6285	23.3945	0.531925	8
1706	19.9771	11.0557	0.330664	8
1707	18.5454	19.1888	0.0153342	8
1710	18.8523	6.30368	0.774374	8
1716	18.7895	13.9512	0.187503	8
1719	19.647	12.3559	1.33494	8
1721	17.7105	23.7647	0.0274338	8
1739	17.5202	18.9697	0.531947	8
1755	18.7	10.2043	0.325937	8
1780	18.1517	20.0974	0.595869	8
1796	19.1026	17.0665	0.7372	8
1799	18.1218	7.62795	0.377082	8
1805	19.8063	23.918	-0.00584675	8
1809	19.9452	24.2213	-0.246226	8
1810	19.8639	11.2556	0.629784	8
1827	18.2315	12.5285	0.441271	8
1830	19.8191	14.717	0.359933	8
1831	19.2834	4.47396	0.140848	8
1833	18.5687	10.6045	0.304542	8
1883	18.7155	3.64587	0.570345	8
1892	17.5425	16.1449	0.261858	8
1912	18.4276	0.0297954	0.306212	8
1917	17.933	18.5324	0.255196	8
1919	18.9725	21.7431	0.532292	8
1924	17.6258	14.5356	0.686402	8
1965	18.6	7.00231	0.0910164	8
1970	18.1223	24.9016	0.49529	8
1973	18.0097	2.89031	0.494081	8
1976	19.8495	1.20744	0.432097	8
1977	18.1034	22.2139	0.387718	8
1994	19.9484	16.1564	0.455129	8
2003	19.454	3.025	0.559679	8
2010	18.3012	19.4852	0.244856	8
2012	18.8972	3.69384	0.9084	8
2023	18.8433	15.0578	-0.972307	8
2024	18.2304	15.5158	-0.222291	8
2037	18.1565	22.8118	0.806401	8
2038	17.954	24.6421	0.050058	8
2039	17.7524	8.20411	0.243728	8
2043	19.9104	16.0113	0.199867	8
2048	17.9475	6.38002	0.273184	8
2050	19.7114	23.3137	0.00439652	8
2063	18.7627	7.54486	0.957441	8
2067	18.099	9.54332	0.471137	8
2072	19.7209	10.1818	0.376604	8
2085	19.1021	8.31683	0.0306061	8
2088	19.4576	1.47825	1.02854	8
2112	19.6467	19.0713	-0.0529895	8
2116	19.7812	3.49993	0.245457	8
2126	19.3041	15.0278	0.291358	8
2141	18.7126	19.0709	0.157522	8
2144	18.0728	7.42647	0.0125199	8
2146	18.3962	14.4172	-0.206503	8
2148	17.7014	19.1929	-0.0156266	8
2151	19.4828	23.7085	0.491997	8
2160	18.2145	17.97	0.294656	8
2164	19.8443	15.0539	0.38743	8
2170	19.0211	6.9589	0.304184	8
2179	19.2177	4.65971	-0.0547682	8
2198	18.6728	7.87869	0.184012	8
2224	18.5871	5.28396	-0.211304	8
2228	17.5925	10.6775	0.116588	8
2246	19.233	21.5632	-0.590415	8
2266	19.4309	4.94635	0.313565	8
2272	17.6182	16.493	0.328976	8
2276	17.5098	1.84606	0.616419	8
2283	19.4695	4.73162	0.436529	8
2311	19.1501	3.41256	0.723845	8
2322	19.0494	14.2276	0.467525	8
2326	18.4064	14.9727	0.401717	8
2335	18.8447	22.7996	0.553739	8
2349	18.3996	9.25339	0.979091	8
2352	17.8936	20.029	0.417636	8
2369	18.9455	0.916876	0.768479	8
2370	18.3707	13.0474	0.788478	8
2373	18.0285	15.2749	0.502577	8
2378	19.9745	24.3801	-0.0944589	8
2391	17.8031	4.18504	0.633716	8
2396	18.1267	13.1994	0.0340572	8
2404	18.8346	1.84739	0.573164	8
2405	19.22	0.278605	0.10494	8
2410	18.4205	6.00916	0.126436	8
2415	18.9226	6.91089	0.385668	8
2418	18.1055	15.937	0.600791	8
2430	17.8725	14.1398	0.50522	8
2437	18.3887	17.0474	0.454499	8
2439	19.7268	20.3739	0.423279	8
2440	18.0867	23.7207	0.475436	8
2447	19.2033	5.48369	-0.352752	8
2463	19.4237	0.292391	0.604737	8
2484	18.6678	23.3961	0.450772	8
2489	19.0944	1.85619	0.285167	8
2497	19.6399	17.3994	0.332383	8
2501	17.5414	14.82	0.406027	8
2521	19.1752	9.01719	0.253976	8
2523	18.2353	8.07148	0.497595	8
2543	19.8775	18.6268	0.0426106	8
2548	17.825	18.3347	0.443584	8
2578	18.4881	22.266	0.287805	8
2582	19.6114	7.20981	0.44616	8
2586	17.836	1.07848	0.321427	8
2590	17.7706	4.68232	0.561974	8
2595	18.3015	19.2098	0.0129014	8
2609	17.5111	24.1154	0.0833269	8
2612	17.5863	1.12092	0.780575	8
2614	19.6994	14.2214	0.105756	8
2648	19.3155	23.8691	0.523169	8
2651	19.7317	22.5511	-0.272298	8
2652	19.3437	21.9175	0.306708	8
2658	18.9501	5.64677	0.0484635	8
2663	19.7486	3.77042	0.317552	8
2679	18.3241	7.86328	0.445698	8
2687	18.9694	18.5213	-0.681202	8
2694	19.6428	8.12552	0.159965	8
2704	18.762	22.4033	0.285279	8
2723	18.6108	24.4546	0.543127	8
2724	17.996	24.2153	0.00984124	8
2726	18.6002	17.6201	0.668518	8
2732	19.2673	19.9034	-0.292777	8
2739	18.8464	10.3909	0.335337	8
2742	19.6135	13.7786	0.295653	8
2746	18.8606	1.63606	0.586579	8
2758	19.2007	10.6509	0.464677	8
2783	18.897	18.8723	0.801157	8
2792	18.4094	22.4042	0.455786	8
2795	18.649	13.6186	-0.0883646	8
2800	19.9206	14.4667	0.931179	8
2804	19.1541	9.16409	0.408005	8
2821	19.0354	6.77428	0.0161364	8
2829	18.5892	14.059	0.117875	8
2850	19.5524	18.1578	-0.536554	8
2863	17.9405	1.24813	0.474636	8
2866	19.1107	21.2905	0.289178	8
2868	18.4931	15.2846	0.634711	8
2877	18.1719	22.934	0.248931	8
2895	17.6857	7.02399	0.367313	8
2925	18.478	11.382	0.455233	8
2931	19.348	8.1922	0.508775	8
2934	19.7813	14.7705	0.410864	8
2937	19.1153	11.5654	0.328248	8
2947	18.5445	6.50974	0.487694	8
2949	17.6622	0.747381	0.408115	8
2951	19.0192	21.2327	0.253423	8
2959	19.0041	5.56872	0.141743	8
2974	18.7209	14.4635	-0.0100668	8
2984	18.3272	16.8619	0.602096	8
3025	18.2876	8.15398	-0.186027	8
3031	19.0825	11.1427	0.139161	8
3035	18.1886	5.64495	0.302155	8
3045	19.8478	9.14163	0.693922	8
3047	19.246	13.3899	0.181868	8
3050	18.9658	20.9603	0.745382	8
3072	19.6258	3.33225	0.536382	8
3108	19.4354	8.79869	0.715145	8
3118	18.1998	24.1382	0.406856	8
3130	19.8348	20.3674	0.00458554	8
3140	18.9792	20.3369	0.824672	8
3145	18.0786	7.82785	-0.400024	8
3157	19.4768	18.2484	0.777474	8
3158	18.2142	14.3165	0.542078	8
3166	18.6126	13.9722	0.144004	8
3171	18.8134	17.06	-0.0362402	8
3174	19.5053	4.47461	0.471284	8
3178	18.7876	8.72811	0.719224	8
3181	18.6408	22.1331	0.388965	8
3204	18.7247	18.0538	0.206008	8
3214	19.9961	3.7902	-0.12086	8
3218	19.4779	24.805	0.0996848	8
3224	19.4685	11.6681	-0.22203	8
3251	19.822	5.81379	-0.367127	8
3264	19.1514	23.3842	0.440586	8
3267	18.2404	10.4475	0.528763	8
3276	19.7713	24.3624	0.183405	8
3286	18.7439	6.54649	0.193581	8
3291	18.2816	15.3413	0.194054	8
3297	18.5606	1.43518	0.431209	8
3314	18.7431	21.3187	0.286731	8
3322	18.8141	2.51073	-0.00351282	8
3323	18.4204	3.78833	0.745423	8
3325	18.51	21.7511	0.401245	8
3330	18.5754	18.9473	0.270871	8
3331	18.193	10.2896	0.0327759	8
3332	17.7484	19.0861	0.664408	8
3334	19.9968	10.3283	0.271418	8
3346	17.7	5.91303	0.267035	8
3360	17.9712	8.34198	0.775183	8
3362	19.8637	14.0616	0.959183	8
3363	18.0227	12.6065	0.372283	8
3366	19.6024	4.22691	0.451997	8
3373	18.7799	22.97	0.707776	8
3386	17.73	14.5001	0.0658687	8
3401	17.9993	13.9986	1.09456	8
3403	17.6043	10.9526	0.446769	8
3406	19.0665	22.0714	0.301073	8
3408	19.5553	2.20373	0.166529	8
3431	18.3572	18.5171	0.763217	8
3446	18.4652	21.4328	0.113931	8
3452	17.6934	11.1858	0.250275	8
3454	18.4816	19.8196	0.330413	8
3455	17.9377	1.94873	0.540882	8
3494	19.7619	8.2231	0.350147	8
3502	17.8802	8.50878	-0.245422	8
3510	19.0385	9.97822	0.425671	8
3541	18.9431	3.99089	0.542678	8
3542	19.0261	3.88747	0.613957	8
3549	18.1433	19.8976	0.360234	8
3550	17.6642	4.54442	0.3277	8
3566	17.5844	12.3295	1.10935	8
3580	18.8328	9.22542	0.53186	8
3582	18.3324	23.2968	0.677638	8
3585	19.8152	20.4606	0.421213	8
3588	19.6893	7.74276	0.104929	8
3597	19.0954	2.77103	1.26564	8
3599	18.7729	10.0021	0.251004	8
3610	17.7718	23.1852	0.224086	8
3631	18.3248	1.55126	0.177022	8
3632	18.6934	1.53844	0.390832	8
3635	18.7047	3.61838	0.019586	8
3639	19.9743	23.8111	0.70393	8
3646	17.6938	15.7578	-0.327496	8
3649	18.1119	11.2621	0.74492	8
3650	19.6416	1.9777	0.793014	8
3652	19.7343	19.9518	0.232978	8
3685	19.9718	13.7076	0.133799	8
3687	19.5388	3.86361	0.459446	8
3702	18.0738	22.537	0.273573	8
3735	18.978	5.92373	0.695012	8
3741	18.7213	6.44498	0.940263	8
3748	18.9739	10.1246	0.588565	8
3754	19.3257	11.6147	0.609986	8
3763	19.8187	7.71157	-0.0319436	8
3773	19.6514	20.3566	0.47785	8
3788	18.1923	17.0128	0.431168	8
3796	17.639	6.09762	0.278579	8
3802	18.6984	7.1442	0.505529	8
3803	18.2781	8.65288	0.367858	8
3812	18.4594	6.15463	-0.0652018	8
3819	18.3964	7.28549	0.0824974	8
3826	19.7656	5.60382	0.72623	8
3892	19.0748	6.70194	0.173283	8
3906	19.5854	15.0843	0.53973	8
3911	19.2279	19.8051	0.558248	8
3913	19.3915	3.01652	-0.103912	8
3917	19.3757	15.5192	0.0143137	8
3919	18.0532	8.35849	0.194468	8
3925	18.5201	17.1313	0.253249	8
3932	19.4831	18.5558	0.304328	8
3951	18.1127	15.0435	0.359495	8
3956	17.9634	18.9742	0.552626	8
3978	17.6186	4.40586	0.0217397	8
3986	19.9881	11.5799	0.978938	8
4016	17.8696	8.4925	-0.198165	8
4021	19.5577	22.9495	0.618545	8
4022	18.4059	14.5127	0.147296	8
4024	19.3096	11.2764	0.295944	8
4083	17.6763	3.54686	0.276664	8
4087	17.8269	10.4896	-0.38355	8
4110	19.2692	24.7544	0.860261	8
4116	18.2616	20.9979	0.434371	8
4117	17.7711	21.0813	0.433195	8
4124	19.8829	15.8129	0.573941	8
4131	18.9689	6.03841	0.5153	8
4137	17.7768	23.0223	0.095749	8
4165	17.8056	0.484891	0.483421	8
4177	19.124	22.9549	1.90678	8
4193	18.1619	22.3645	0.409081	8
4222	18.4336	15.0438	0.973859	8
4230	18.7284	22.1751	0.606654	8
4231	17.823	16.4948	0.573575	8
4244	18.9701	11.0085	0.396929	8
8	21.3097	1.57502	0.362256	9
9	22.2777	16.9225	-0.686962	9
10	21.4087	22.6124	0.22399	9
16	21.2052	14.2718	0.627024	9
19	20.5947	5.25723	0.301456	9
28	22.3732	3.48299	0.443026	9
29	21.9167	4.44972	0.468759	9
32	21.2805	19.4411	0.187597	9
44	22.3492	20.6401	-0.135686	9
52	21.6143	23.3616	0.379046	9
69	20.3325	6.97987	0.916261	9
80	21.2497	2.59376	0.770448	9
94	21.4558	20.1165	0.521266	9
103	21.1161	24.7448	0.483027	9
114	20.4986	8.00463	0.279643	9
116	20.3223	16.7881	0.283912	9
131	21.5047	18.871	0.50474	9
133	20.8628	11.9932	0.267586	9
146	22.4683	2.21679	-0.0748241	9
151	20.378	1.82006	0.309142	9
152	20.0531	24.7279	0.612524	9
158	21.9348	8.72798	0.448135	9
159	21.0959	20.936	0.647814	9
166	20.5398	15.8467	1.03367	9
188	20.2468	0.137347	-0.193333	9
189	20.401	8.70876	0.903428	9
199	22.0716	15.6011	0.160653	9
214	22.4855	17.6633	-0.697453	9
243	21.4613	2.20639	0.553516	9
266	21.5509	18.1876	0.523011	9
270	21.8663	24.8655	0.610693	9
276	21.6819	24.6155	0.174281	9
286	20.6854	14.3431	0.238201	9
293	20.1813	22.4543	-0.141713	9
296	21.52	1.13137	0.545245	9
305	20.7123	17.3729	0.514073	9
311	21.3437	9.70227	-0.431832	9
323	20.4186	21.2921	0.545566	9
329	22.3704	23.2917	0.58886	9
333	21.0452	10.9893	-0.0358703	9
355	20.6516	5.54347	0.959062	9
360	20.4696	16.2166	0.418739	9
365	21.4654	2.85966	-0.356956	9
393	20.6239	3.60473	0.212477	9
400	21.1217	2.74727	-0.199188	9
401	21.6123	2.04151	0.671777	9
410	21.7734	6.80526	0.696534	9
419	20.7658	1.23464	0.373821	9
434	22.3124	18.5423	0.42876	9
443	21.4071	17.7634	0.327992	9
448	20.3363	14.3528	-0.0294477	9
451	20.4843	3.9735	0.260553	9
452	20.2464	11.5617	0.145054	9
458	21.7432	6.46804	0.759525	9
469	22.3314	7.29342	0.147148	9
470	20.7609	13.821	0.252502	9
473	22.3879	1.00302	0.304644	9
475	20.4891	8.61573	0.406856	9
492	21.7004	24.2947	-0.1161	9
493	22.0422	24.1097	0.461402	9
497	22.4829	10.6584	0.296198	9
502	22.2712	12.0613	0.216658	9
517	22.0461	12.3851	0.0622887	9
521	21.5046	9.53207	0.398675	9
530	20.3884	21.4089	0.775094	9
545	20.7547	20.0215	0.471025	9
561	20.5534	7.85057	0.139839	9
562	21.7832	12.0735	0.185495	9
565	20.6978	9.18754	0.19649	9
567	20.4287	23.2756	0.54076	9
601	21.3151	12.393	0.0276588	9
617	21.636	23.7585	0.276359	9
620	20.5393	19.4349	0.270547	9
622	20.4183	7.01883	0.654071	9
640	21.8663	21.3554	0.548889	9
655	20.2703	13.1443	0.76254	9
658	21.4175	23.8255	0.30959	9
665	21.1793	24.6466	0.407553	9
685	20.5241	0.73745	0.661579	9
686	21.0694	19.5538	0.697273	9
705	21.9528	3.92757	0.190593	9
722	21.3675	21.0317	0.253153	9
732	21.2122	19.4252	0.155355	9
752	22.455	18.15	-0.0172943	9
775	20.3616	1.77801	0.949666	9
784	21.4449	11.2158	0.641642	9
822	20.7879	21.9172	0.283273	9
823	21.0939	5.68202	-0.0559357	9
844	21.8375	18.5065	0.614944	9
848	21.5883	23.9881	0.456582	9
860	21.4981	7.94522	0.494956	9
868	22.1378	12.6911	0.0779339	9
888	20.752	6.61383	0.668221	9
935	22.2744	16.3759	0.0823153	9
951	22.0863	7.09031	0.441893	9
952	20.3376	3.45756	0.627972	9
962	20.4989	19.3634	0.101791	9
967	22.2107	21.1273	0.148267	9
976	20.1846	12.8969	0.333819	9
985	21.8464	18.4915	0.536402	9
986	21.6326	2.78689	0.448083	9
1008	21.2163	14.9333	0.0160678	9
1045	21.8149	22.2462	0.118203	9
1053	21.8829	12.9654	0.1397	9
1084	22.1689	3.12462	0.429567	9
1086	22.1683	24.4128	0.504649	9
1129	20.8429	23.4183	0.172561	9
1133	21.4642	17.0638	0.302163	9
1134	22.3859	17.6778	0.828279	9
1140	21.2569	12.1921	0.727556	9
1143	21.1077	19.3497	0.391023	9
1148	21.2307	0.0671658	-0.2161	9
1150	20.1475	17.5654	0.565019	9
1156	22.3401	17.6615	0.282638	9
1171	21.5859	17.36	0.591712	9
1173	21.6202	21.955	0.11601	9
1174	20.5411	12.4242	0.195419	9
1183	21.9974	11.0122	0.245097	9
1188	22.3874	13.9738	0.192344	9
1222	20.7884	23.8869	0.313547	9
1226	21.186	20.1098	-0.142953	9
1228	22.2557	1.25691	0.283582	9
1233	20.0003	2.40555	0.671363	9
1234	21.2924	24.1523	0.510696	9
1238	20.9524	23.1878	-0.0320777	9
1241	20.0133	5.76132	0.225545	9
1247	21.7278	7.86255	0.721838	9
1254	20.8743	1.96953	0.280959	9
1264	20.7746	6.28886	-0.122185	9
1275	21.0398	7.99741	0.725012	9
1278	21.4423	11.7577	0.755297	9
1285	20.2605	9.2079	0.506614	9
1291	20.735	19.0971	0.38872	9
1301	20.0464	6.99014	0.354389	9
1314	22.0987	15.1953	0.714196	9
1345	20.01	17.2951	0.764602	9
1358	21.6553	10.1653	0.833507	9
1367	20.1397	5.9212	-0.424823	9
1381	20.4673	7.12145	0.436347	9
1384	21.424	7.1702	0.60041	9
1388	22.252	22.0514	0.872753	9
1393	22.0574	2.85489	-0.0860739	9
1409	22.3943	20.4967	0.330572	9
1427	20.9386	15.6479	0.862358	9
1449	20.1217	21.0998	0.40415	9
1452	21.8896	4.45179	-0.139429	9
1456	21.6605	0.830989	0.075876	9
1473	21.4877	19.3736	-0.193543	9
1478	21.2747	19.1977	0.832265	9
1494	21.7085	4.79846	0.0889087	9
1503	20.7388	9.17584	0.317816	9
1512	20.3218	22.2819	0.163833	9
1519	21.7558	2.95713	0.39767	9
1520	21.2446	4.05366	-0.0384363	9
1535	21.3517	21.5075	0.382333	9
1541	20.7124	17.9703	-0.0933085	9
1546	20.9532	18.2048	0.428437	9
1567	20.2278	2.63466	-0.179027	9
1569	22.1025	8.69189	0.203451	9
1576	22.4564	7.95482	0.720346	9
1587	20.2538	21.461	0.793229	9
1592	22.2291	20.7364	0.684702	9
1599	22.4966	10.4485	0.190599	9
1600	20.0133	23.9754	0.253048	9
1602	21.4156	16.3814	0.0747307	9
1603	22.3269	15.7682	-0.113487	9
1607	20.4269	8.79403	0.469172	9
1623	22.4382	18.101	0.479469	9
1629	20.4767	16.6268	0.27289	9
1639	20.3168	10.7859	-0.198217	9
1641	21.8774	4.43887	0.36267	9
1652	21.0784	7.3335	0.391146	9
1656	20.7603	14.7984	0.257408	9
1662	22.4153	23.4068	-0.0929495	9
1672	21.6926	20.5578	0.329925	9
1675	22.3757	11.7933	0.258368	9
1682	20.854	23.2457	0.423241	9
1712	20.7729	8.33459	0.0686673	9
1724	20.4057	21.106	0.0777301	9
1745	20.2784	12.2645	0.75963	9
1753	21.0863	9.71241	0.653989	9
1757	21.8858	12.4741	0.775676	9
1763	21.5846	13.7081	0.515442	9
1784	22.3387	0.0190287	0.420699	9
1786	21.1403	8.75957	0.799702	9
1787	20.7839	7.00597	0.514093	9
1813	21.4871	1.77171	0.26025	9
1875	20.4395	4.17655	0.406428	9
1876	21.6153	0.255108	0.834387	9
1880	21.8989	9.07356	0.755172	9
1891	22.0821	0.26902	-0.034776	9
1894	21.5682	4.17853	0.634445	9
1898	21.0797	18.5482	1.21049	9
1920	22.4106	19.7381	0.596513	9
1935	20.6791	10.1246	0.653396	9
1939	20.9353	24.2876	0.115655	9
1949	21.4956	2.84873	0.793407	9
1959	20.0638	1.15215	0.451679	9
1981	20.374	8.94682	0.665618	9
1986	21.2883	12.4309	0.638687	9
1990	20.5622	22.3811	0.600818	9
1992	22.4602	5.37627	0.317012	9
2005	21.3684	23.1643	0.579955	9
2013	22.2799	21.8298	0.862736	9
2041	22.4081	9.57867	0.596418	9
2044	21.565	24.7898	0.541739	9
2071	20.007	7.16859	0.299206	9
2074	21.0504	17.4479	0.844345	9
2076	22.3115	13.7612	0.200053	9
2081	21.8771	12.8003	0.0961657	9
2104	22.3803	8.99726	0.567578	9
2115	21.2714	3.19861	0.634591	9
2125	20.444	2.25765	0.327126	9
2127	20.8078	7.39398	0.689294	9
2142	20.7957	9.90611	0.377479	9
2153	21.8558	5.7596	0.0731279	9
2165	21.6187	1.76131	0.718549	9
2175	20.0809	11.9118	0.474843	9
2192	21.3488	7.36707	0.558223	9
2194	22.4796	4.55028	0.666715	9
2195	21.8422	5.23614	-0.0798952	9
2230	20.7484	19.9857	0.210328	9
2247	22.28	15.3042	0.161499	9
2265	20.6034	4.31777	0.463612	9
2271	21.4096	10.8311	1.36959	9
2274	20.321	24.7932	-0.185496	9
2279	20.829	12.5586	0.639992	9
2284	22.4271	5.95298	0.488258	9
2287	21.2945	12.1599	0.00165746	9
2294	22.1058	1.75434	0.282162	9
2300	20.992	10.4794	0.314403	9
2305	22.396	18.0768	0.106216	9
2328	21.667	15.9319	-0.0383623	9
2329	21.9146	7.26213	0.866437	9
2331	21.9361	14.4443	0.21472	9
2340	20.876	24.6327	-0.356917	9
2342	20.2102	2.66817	0.32322	9
2356	21.3679	8.48076	0.0839954	9
2363	20.4032	9.20283	0.483315	9
2364	20.3061	14.1131	-0.103394	9
2380	21.0382	14.9812	0.447374	9
2409	20.0998	6.87508	0.624649	9
2412	20.7328	1.02801	0.369516	9
2416	20.864	15.9845	-0.676953	9
2421	22.3525	8.94725	-0.0936033	9
2441	20.6169	0.75513	0.048975	9
2446	20.0341	10.9492	0.297263	9
2450	20.6168	11.4574	0.358713	9
2469	20.3765	14.1293	-0.037371	9
2486	22.1143	1.23427	0.0881442	9
2488	20.5424	3.14363	0.67431	9
2513	22.1291	16.7877	0.523548	9
2528	20.5451	0.542076	-0.0192389	9
2538	22.0684	21.5901	0.381056	9
2541	21.5632	23.5534	0.374644	9
2542	21.3294	22.3858	0.544893	9
2556	20.3276	13.7792	0.224525	9
2560	21.9468	4.93455	0.290467	9
2569	22.0414	16.748	-0.108926	9
2573	20.6856	20.9227	0.0179674	9
2574	20.2724	19.2986	0.463667	9
2587	20.7037	19.9973	0.422557	9
2589	22.4587	17.5106	0.614252	9
2593	20.1382	16.9442	0.749591	9
2617	21.2478	16.6807	-0.117547	9
2618	21.4608	7.66369	0.765555	9
2636	21.0766	16.4161	0.347283	9
2637	20.8021	16.4673	0.103487	9
2667	20.2885	16.3626	-0.0234204	9
2677	22.2591	21.7372	0.946069	9
2688	20.3403	18.2571	0.184233	9
2706	20.0087	8.21516	0.675765	9
2707	20.716	11.5474	-0.145542	9
2711	21.6301	13.8904	0.0666895	9
2719	21.7187	22.8664	0.397141	9
2722	20.6133	17.8511	0.705832	9
2725	20.5127	7.24633	0.559095	9
2747	20.7763	8.18374	0.403445	9
2756	20.088	17.4873	0.420484	9
2763	20.4988	21.1625	1.30972	9
2805	20.8679	13.9016	0.32729	9
2812	20.2244	0.264122	0.34844	9
2814	22.0678	7.4568	0.394919	9
2844	21.6048	1.25863	0.450678	9
2849	21.5875	13.1557	0.443958	9
2853	21.4908	0.970782	0.536844	9
2869	21.1308	24.0754	0.815859	9
2870	21.2314	10.3679	-0.113675	9
2874	21.7726	6.31394	0.421515	9
2875	21.5917	6.12553	0.0897481	9
2876	21.4832	4.45209	0.259473	9
2892	20.714	22.5909	0.591067	9
2894	21.5499	16.1585	1.08673	9
2902	21.1015	11.2229	0.550459	9
2903	21.1346	10.7079	0.119992	9
2904	20.0231	7.30096	-0.119735	9
2914	22.1146	24.497	0.199428	9
2915	21.3786	23.6666	0.465838	9
2939	20.1514	20.9346	0.198956	9
2953	20.1717	10.7812	0.573644	9
2962	20.6	24.5148	0.107672	9
2969	21.9415	7.84323	0.276717	9
2980	20.1526	13.461	0.715343	9
2985	20.7657	22.6326	0.322882	9
2986	20.1171	19.6357	0.223668	9
2987	21.4194	23.8072	0.0142097	9
3006	22.3359	21.0436	0.987501	9
3020	21.8852	6.39732	0.186018	9
3030	22.4109	2.80228	0.115274	9
3036	20.4	13.4439	0.149365	9
3048	21.9036	2.10218	0.378865	9
3069	20.4679	22.198	0.287045	9
3103	21.9873	24.6777	0.855706	9
3110	22.0735	6.66277	0.583106	9
3147	20.5376	24.9282	0.758548	9
3153	21.0246	4.01693	0.337006	9
3154	21.7032	19.8366	0.498942	9
3162	20.3223	19.154	0.542043	9
3186	20.9395	20.3824	0.813867	9
3190	22.4194	5.41126	0.0980708	9
3207	20.9741	6.51712	0.153222	9
3208	20.0635	6.60453	0.703874	9
3211	21.8192	14.3283	0.89785	9
3245	20.6335	3.72441	0.181327	9
3249	22.0846	2.70478	0.666117	9
3254	20.4274	1.39274	0.244621	9
3257	21.8144	18.6198	0.595428	9
3258	20.4031	13.3615	0.503016	9
3265	21.4665	9.32273	0.42156	9
3294	21.5999	16.0766	0.877696	9
3295	21.105	15.6785	0.134067	9
3335	21.2422	13.8441	0.253573	9
3336	21.2692	14.6876	0.335317	9
3359	20.1037	18.7694	-0.567099	9
3381	21.5439	18.1934	0.629341	9
3392	22.01	6.14146	0.493261	9
3396	20.9103	14.9452	0.622833	9
3412	20.7952	14.5552	0.125083	9
3427	21.9395	23.6048	-0.0524662	9
3429	20.596	21.4339	0.11442	9
3437	22.4939	19.1034	0.408466	9
3444	22.1238	8.82947	-0.181283	9
3447	20.406	14.6854	0.298017	9
3456	21.7585	19.7781	0.311182	9
3457	21.3197	19.9217	0.396271	9
3464	21.669	5.90831	-0.00304776	9
3470	20.8007	3.06251	0.246142	9
3523	22.4031	13.817	0.0225539	9
3527	20.5233	4.86346	-0.348112	9
3544	22.4851	8.10579	-0.256323	9
3551	21.7939	1.64428	0.140119	9
3561	21.0952	8.43006	0.869224	9
3568	20.3261	21.0667	0.341535	9
3569	21.4197	12.873	0.291742	9
3570	20.4833	13.6095	-0.0141668	9
3575	21.6685	23.9716	0.669066	9
3605	20.188	6.55113	0.456001	9
3618	20.5854	21.2807	0.499283	9
3619	20.0603	21.2347	0.434826	9
3623	20.1424	21.2038	0.793699	9
3633	21.4056	15.3361	0.589043	9
3642	21.5419	16.9794	0.139685	9
3643	21.2444	17.0131	-0.0163751	9
3644	20.5518	24.0023	0.7653	9
3651	22.1586	22.8109	1.13374	9
3664	21.2407	9.41758	0.181038	9
3683	20.0135	12.5825	0.0510275	9
3689	20.4313	19.6869	0.443744	9
3691	21.6338	4.93581	0.778328	9
3698	20.5212	11.5865	0.30034	9
3701	20.7146	19.5999	0.211557	9
3706	20.8568	0.551283	0.16647	9
3723	21.2599	4.16676	0.600797	9
3731	22.0317	12.4058	0.196662	9
3733	22.3375	13.1414	0.278853	9
3750	21.1565	8.03452	0.208568	9
3751	20.5592	8.29044	0.321541	9
3768	21.9114	6.09828	0.910714	9
3771	20.0184	12.5338	0.510914	9
3785	22.4291	21.5649	0.806709	9
3786	21.7409	21.8939	1.05353	9
3815	20.9771	20.5043	0.740079	9
3821	21.3795	1.39954	0.146381	9
3825	20.8347	17.1038	0.164596	9
3838	20.0034	16.6066	0.564291	9
3839	21.3914	16.5066	-0.252135	9
3852	21.6812	5.71047	1.18095	9
3857	22.021	11.9152	0.775103	9
3858	20.1422	2.68837	0.373987	9
3875	20.4768	4.23105	0.54649	9
3888	22.2369	0.0853616	0.37624	9
3893	20.7582	2.37137	0.853775	9
3901	22.452	8.78193	0.452812	9
3902	20.5778	19.3237	0.256638	9
3952	20.9951	23.2268	0.402607	9
3954	21.1138	10.1199	0.829132	9
3966	22.3472	24.7633	0.0961677	9
3982	22.2256	14.7805	0.376038	9
3991	21.2311	18.8428	0.519945	9
4002	22.0311	2.81199	-0.163923	9
4005	21.5292	5.51143	0.577858	9
4009	21.6668	19.7573	0.880538	9
4034	20.1998	5.19792	0.211696	9
4042	20.3397	23.8616	0.724324	9
4043	22.0436	4.93891	0.222378	9
4044	22.1332	4.64017	0.0331414	9
4060	22.3935	9.26202	0.716734	9
4061	20.4667	1.48884	-0.555168	9
4062	21.3543	20.7984	0.346712	9
4063	20.1699	0.343952	0.654643	9
4073	22.3438	3.27737	0.278279	9
4074	22.2863	2.86247	0.27519	9
4078	22.2018	12.8714	0.74909	9
4091	20.5978	14.3125	0.910273	9
4098	20.756	22.6761	0.824613	9
4115	21.6832	8.78428	-0.00479733	9
4119	22.2857	12.4623	0.209102	9
4129	20.6594	20.0294	0.0729676	9
4134	20.646	3.77744	-0.049718	9
4142	20.5136	1.63457	0.36675	9
4166	21.1623	1.05174	0.7676	9
4172	20.5249	22.0746	0.970481	9
4180	22.4833	3.55298	-0.0963112	9
4184	21.6416	5.08674	0.767037	9
4199	22.2284	11.3888	0.316446	9
4200	22.4483	10.4415	0.055667	9
4206	22.1382	23.83	0.134219	9
4216	21.5157	8.10828	0.716083	9
4223	21.9201	22.7365	0.148004	9
4224	20.6755	17.146	0.425573	9
4238	20.7612	18.0076	0.638775	9
20	22.9437	9.47718	0.365489	10
45	22.6999	21.854	-0.142202	10
48	22.6507	11.3342	0.47362	10
49	24.6259	10.933	0.333489	10
57	22.5731	14.4357	0.440527	10
73	22.5251	19.9444	0.401304	10
79	23.033	15.4221	-0.0374198	10
100	23.0371	14.9323	0.292806	10
109	23.4489	15.216	0.270595	10
112	24.5993	3.79829	0.568784	10
120	23.8431	20.4526	0.794545	10
124	22.7112	22.149	0.139739	10
134	23.6914	23.7348	0.708816	10
136	23.9733	19.2709	0.367047	10
144	24.1384	14.7279	0.621813	10
145	23.6459	13.1884	0.153273	10
165	22.8047	18.962	1.01313	10
181	22.8906	6.02328	0.636524	10
185	24.4466	24.7848	1.04786	10
194	23.2618	21.2916	0.515582	10
196	23.1607	0.558039	0.134297	10
210	24.8678	10.1626	0.632138	10
211	24.4909	21.1737	0.846899	10
213	24.8821	8.23601	0.51006	10
221	23.1594	6.04248	0.781772	10
256	24.0012	18.9755	0.436767	10
272	23.7897	3.80804	0.542957	10
279	24.303	12.9249	0.36208	10
282	24.263	7.2627	0.323158	10
284	24.831	2.22739	0.235576	10
285	24.1956	0.30444	-0.234519	10
295	23.4901	4.64681	-0.00218461	10
309	23.0027	16.3093	0.437944	10
314	22.9721	23.2174	0.732328	10
319	22.9506	8.52742	-0.139977	10
322	24.1541	3.352	0.491669	10
326	23.516	13.6816	0.282439	10
330	23.2951	8.85192	0.213814	10
336	24.6736	9.89868	0.399318	10
339	24.6633	5.59191	0.248461	10
340	23.5817	1.04934	0.331334	10
341	24.7502	2.08784	0.885389	10
344	23.7098	14.1073	0.654896	10
347	24.32	13.2499	0.54899	10
348	24.2412	21.3165	0.132972	10
367	22.8674	15.2791	0.221614	10
373	24.6135	7.00804	0.236595	10
390	24.7895	3.69878	0.699509	10
394	24.8948	10.8922	0.202127	10
406	24.2447	13.3445	0.551917	10
420	23.4559	3.99295	0.248094	10
424	23.456	20.843	0.209109	10
438	22.9254	16.8343	0.29332	10
446	24.0715	12.8944	0.68011	10
537	23.8625	13.8366	0.573906	10
555	24.7907	20.2356	0.450188	10
556	24.4695	0.159305	0.286787	10
557	22.5388	7.18193	0.221598	10
576	23.824	15.6969	0.522022	10
579	24.0824	9.26095	-0.0124022	10
581	23.9089	19.7608	0.328858	10
584	24.2387	7.63697	0.394115	10
598	22.735	5.71959	1.0926	10
603	23.4621	4.1097	0.567917	10
607	23.6744	8.07348	0.4886	10
612	23.8229	3.15006	0.0782577	10
619	22.9173	23.675	-0.105759	10
633	23.5757	4.78559	0.192285	10
637	24.81	18.9495	0.421544	10
642	23.5797	18.3674	0.686092	10
687	22.8586	20.7055	0.493024	10
691	23.2029	11.5625	0.688023	10
697	23.9087	14.0357	0.898182	10
698	24.8008	10.7464	0.599915	10
700	23.1008	3.40829	0.665386	10
701	23.728	22.6917	0.503817	10
719	23.4966	9.77987	-0.137785	10
736	23.3778	24.8504	0.0617153	10
747	23.3457	2.6795	-0.0531956	10
750	22.9225	4.79377	0.27736	10
777	23.3327	17.6733	-0.251642	10
785	23.5034	12.2629	-0.24462	10
830	23.2092	7.19368	0.696159	10
832	22.7579	21.0781	0.658747	10
858	23.1451	2.20893	0.453373	10
866	23.1955	20.7134	0.262895	10
874	23.0271	1.06939	0.0762118	10
876	24.12	18.197	0.324912	10
877	24.8095	16.3554	0.193154	10
879	23.8316	1.46351	0.558564	10
892	24.8894	7.04886	0.630746	10
893	23.9156	22.4147	-0.020087	10
906	24.1722	12.9439	0.67463	10
907	23.002	8.8221	0.433435	10
911	24.4264	0.000285956	0.367057	10
916	22.6892	5.22356	0.577062	10
921	23.9514	9.13034	0.257368	10
924	24.6082	15.1845	0.0948118	10
929	23.5134	20.4807	0.760968	10
931	23.0533	0.381491	0.568289	10
937	24.3493	8.87869	0.339337	10
961	23.1847	19.8969	0.733003	10
963	24.7422	11.7236	0.195727	10
971	23.9904	11.9282	0.794974	10
972	24.2752	6.44942	0.109774	10
994	24.2532	14.5879	0.296908	10
998	24.4447	11.4834	0.391456	10
1001	23.0951	15.9095	0.234512	10
1003	22.9744	20.1429	0.624879	10
1031	23.6176	3.25003	0.126079	10
1047	24.2679	16.0385	0.537511	10
1055	24.6676	4.87403	0.556663	10
1092	23.6149	11.4384	0.540921	10
1096	24.4536	12.6993	-0.180223	10
1102	22.8502	22.3806	-0.284197	10
1103	22.8557	8.9419	1.19358	10
1106	24.8988	22.1605	0.576825	10
1119	24.0412	8.02611	0.139837	10
1152	22.7539	2.13686	0.184645	10
1169	23.7966	9.1246	0.22756	10
1176	24.852	17.4728	0.360608	10
1178	24.4016	23.5119	0.6111	10
1184	22.7094	11.3151	0.0464508	10
1185	24.8275	13.5769	1.06078	10
1190	23.6656	21.5922	0.384298	10
1197	24.9352	18.2616	0.2418	10
1201	23.8553	7.16841	0.022115	10
1204	23.9769	0.73049	0.15372	10
1224	24.5639	24.5613	0.501503	10
1225	24.145	15.4484	0.509519	10
1244	24.1721	5.26887	0.264659	10
1252	23.384	16.4098	0.714564	10
1255	24.8417	17.7186	0.479687	10
1260	22.5069	0.637656	-0.0655549	10
1261	22.6293	24.3622	0.106333	10
1271	23.5499	8.36147	0.275285	10
1308	23.7529	17.2341	0.849332	10
1311	24.0073	23.158	0.872259	10
1312	23.3343	7.3728	0.223017	10
1319	24.2212	13.6366	-0.00939176	10
1336	23.6355	4.55005	0.492136	10
1359	23.5831	10.2793	0.328894	10
1380	24.9504	2.48631	-0.0462148	10
1383	24.5364	9.86457	0.615262	10
1396	24.848	11.6747	0.620389	10
1397	23.536	22.8001	0.781784	10
1403	24.6665	13.7892	0.593382	10
1405	22.95	7.20771	-0.113133	10
1408	24.4362	10.742	0.739263	10
1411	24.0032	1.90532	0.583606	10
1421	22.5915	5.7325	0.372602	10
1431	24.9268	19.4459	-0.174184	10
1451	22.8723	8.25983	0.414582	10
1457	24.9335	0.512013	0.630854	10
1469	22.5125	6.82044	0.275607	10
1475	24.8182	16.555	0.247419	10
1476	23.9441	5.12588	0.672356	10
1495	23.0392	9.30706	0.110456	10
1505	23.5626	22.8198	0.661983	10
1506	22.7113	22.6568	0.0253031	10
1522	23.5186	0.923065	0.485434	10
1532	22.5205	9.79478	0.423059	10
1552	23.8831	10.2816	0.763514	10
1562	22.6819	23.7017	0.121121	10
1572	24.1904	2.17045	0.409497	10
1590	23.5887	6.09039	0.592616	10
1617	22.6473	13.8114	0.400545	10
1635	24.3949	15.1785	-0.087168	10
1645	22.9963	19.5569	0.403278	10
1659	23.0823	22.8381	0.325432	10
1665	24.9406	21.807	0.480292	10
1669	23.5416	1.96022	0.616528	10
1670	22.7301	23.5622	0.589151	10
1683	23.1682	24.3598	1.03709	10
1689	24.1371	10.2833	-0.627222	10
1734	24.7802	22.6035	0.323764	10
1737	24.0349	2.56106	0.393367	10
1741	24.0762	7.03883	0.682462	10
1750	22.7392	14.434	0.0550712	10
1769	22.8958	16.8326	0.21994	10
1778	23.1511	18.568	0.268605	10
1823	24.7762	20.5873	0.256143	10
1828	22.6194	23.8967	0.42905	10
1839	24.5254	13.7409	-0.00726333	10
1841	22.7156	2.69577	0.128947	10
1842	23.6938	6.98731	0.942757	10
1853	24.6792	18.337	-0.318774	10
1861	23.5705	5.93434	0.526519	10
1862	23.4843	12.2197	0.205058	10
1879	22.711	7.9506	0.245197	10
1889	23.3491	12.2254	-0.16378	10
1893	22.5226	11.738	0.0948596	10
1895	22.6424	1.93698	0.317525	10
1913	22.935	20.1425	0.396925	10
1934	22.7076	11.8777	0.109008	10
1950	24.957	3.79092	-0.244972	10
1958	24.4347	13.2433	-0.16139	10
1967	23.2628	1.01817	0.279514	10
1968	23.59	15.6511	0.131901	10
1979	24.2818	23.629	-0.368883	10
1987	24.1095	15.9721	0.289645	10
2016	24.6202	21.9053	0.524621	10
2017	22.855	21.6931	0.559418	10
2019	24.1911	9.52995	0.266103	10
2026	24.3225	7.51075	0.648602	10
2030	22.8914	5.4506	0.681166	10
2060	23.6329	14.2582	0.661256	10
2097	24.1665	17.3451	0.676947	10
2117	22.9015	21.2704	-0.0888188	10
2135	23.0235	22.2563	0.250136	10
2137	23.7019	10.3098	-0.0920343	10
2149	23.6031	1.67714	0.437214	10
2176	23.7894	18.065	0.251213	10
2177	23.5896	17.4563	0.657117	10
2181	23.6431	16.8069	0.827943	10
2200	23.4912	12.5442	-0.187641	10
2206	23.2996	1.68145	0.690562	10
2207	24.5078	5.59931	0.652908	10
2225	24.5959	16.073	0.736208	10
2234	24.4843	14.8547	0.565791	10
2248	22.5785	1.55539	0.30585	10
2263	22.6432	18.1882	0.682469	10
2280	23.095	13.8055	0.793241	10
2306	23.1576	11.1244	0.556821	10
2318	23.7114	8.33901	0.0754991	10
2320	23.5371	17.5884	0.4115	10
2330	22.679	10.4252	0.660183	10
2332	23.6448	19.8396	0.530575	10
2353	24.6631	20.5126	0.628339	10
2366	24.3399	22.5252	0.523636	10
2379	22.7831	13.3591	0.497823	10
2381	22.5367	2.96069	0.621563	10
2388	23.3365	22.2019	0.45129	10
2394	24.3734	17.7142	-0.852975	10
2401	24.2003	18.8586	0.711571	10
2402	24.3615	18.3227	0.662635	10
2406	22.6458	7.80984	0.258291	10
2422	23.9595	24.7535	-0.100625	10
2423	23.3157	5.71406	0.781708	10
2427	23.9678	0.0567677	1.10837	10
2436	23.6669	22.8727	-0.170236	10
2449	24.5146	4.18292	0.983942	10
2451	23.6254	9.1291	0.399512	10
2460	23.6365	2.44573	-0.0735852	10
2477	24.2063	5.82625	0.731837	10
2516	24.4892	8.38872	0.802542	10
2517	23.7329	15.5093	0.850624	10
2522	24.179	3.03508	0.429127	10
2535	22.9899	16.867	0.237949	10
2550	24.7623	11.4741	0.655909	10
2583	22.9119	6.22645	0.31929	10
2603	24.5522	24.9162	0.845979	10
2627	23.2399	16.2317	0.133019	10
2628	22.7836	18.2755	0.269499	10
2635	22.6169	12.668	0.296139	10
2643	24.446	13.1849	0.45943	10
2646	22.8194	8.11409	0.236322	10
2664	23.513	4.12983	0.381877	10
2665	23.6494	5.24014	0.365568	10
2666	23.3498	7.6436	0.452377	10
2668	22.6293	22.1986	0.74474	10
2669	24.0535	16.5385	0.414635	10
2698	22.6039	14.4101	0.509398	10
2714	22.6148	2.04442	0.685167	10
2715	22.5331	16.0571	0.349739	10
2736	23.5818	20.3888	1.49966	10
2757	23.9941	1.26833	-0.215438	10
2778	24.4029	16.1086	0.736011	10
2798	23.8107	14.7629	0.169547	10
2813	23.9973	24.2092	0.134697	10
2822	23.9524	0.574531	-0.0282338	10
2823	24.034	0.148693	0.378943	10
2835	22.7103	9.31674	0.644979	10
2841	24.0247	0.388432	0.397567	10
2847	24.0541	2.65328	0.41267	10
2851	23.0358	17.8242	0.698839	10
2860	23.2598	18.6411	0.477006	10
2873	23.2385	5.59082	-0.132847	10
2881	24.1682	4.54298	0.258632	10
2883	23.5425	12.5097	-0.289887	10
2884	24.5525	22.9225	0.292747	10
2891	23.7612	24.8325	0.2443	10
2921	24.5518	20.8953	0.277088	10
2932	23.9711	13.4961	0.163835	10
2938	24.5932	23.3491	0.489593	10
2940	24.3603	19.5925	0.349396	10
2941	24.7896	17.9182	0.14068	10
2954	24.3175	5.36529	0.377437	10
2976	24.969	20.6163	0.44307	10
2979	24.3692	24.3485	0.265601	10
2982	23.8644	24.696	-0.273278	10
2989	24.7274	4.35413	0.22824	10
2999	24.8076	11.8954	0.101873	10
3000	23.329	12.6067	0.507407	10
3044	23.2325	7.2976	0.377915	10
3052	23.5186	0.393686	0.330598	10
3057	24.3096	17.7858	0.574978	10
3073	22.5917	3.69593	0.684419	10
3082	22.934	24.8863	0.487201	10
3085	23.4135	4.93397	-0.479736	10
3101	22.9368	13.7197	0.565341	10
3109	23.2258	20.4125	0.890027	10
3119	24.8141	19.4909	0.242338	10
3138	22.6608	19.3354	0.595491	10
3142	23.65	18.51	0.694662	10
3160	23.2052	2.36721	0.111106	10
3167	23.1347	12.9774	0.575142	10
3177	23.3294	20.8133	0.583984	10
3183	23.2919	12.4459	0.397406	10
3195	24.8332	14.9272	0.303173	10
3196	24.4593	3.45131	0.592915	10
3221	22.7278	20.4654	0.0978035	10
3225	24.906	12.1004	0.113634	10
3227	24.8618	15.5229	0.695208	10
3255	22.9016	15.7656	0.117705	10
3259	22.6266	1.14957	0.449484	10
3260	24.7803	7.87354	-0.125805	10
3268	23.0582	4.50167	0.770825	10
3301	24.7303	19.7164	0.209624	10
3305	24.5441	9.78116	0.561843	10
3306	23.9126	9.30672	0.132896	10
3324	23.0626	16.123	0.404927	10
3338	23.0557	24.4965	0.362017	10
3354	23.6039	22.642	0.0715409	10
3380	23.8552	6.59739	0.712328	10
3395	24.0271	5.68757	0.209036	10
3421	23.1397	0.881307	0.283266	10
3422	24.8915	7.0364	0.0340833	10
3436	23.2663	18.8839	0.583784	10
3438	23.5679	13.729	0.110351	10
3450	24.0782	14.059	0.224579	10
3451	24.0571	13.8303	0.480377	10
3459	24.9916	2.39085	0.465714	10
3465	24.5205	3.65253	0.554611	10
3474	24.3836	5.5287	-0.0055869	10
3476	23.7204	18.2313	-0.153377	10
3486	24.8836	23.1856	0.620177	10
3496	24.1858	24.6229	0.0214901	10
3498	24.3401	15.8738	0.544074	10
3500	23.0074	24.2293	0.261918	10
3501	23.0777	24.0294	-0.347777	10
3503	23.6578	0.675674	0.984453	10
3512	23.7017	10.1542	0.563501	10
3513	23.3605	9.81173	0.633894	10
3524	23.4379	15.5496	0.0102254	10
3525	23.9898	15.8496	0.396679	10
3532	23.5816	10.6287	0.279223	10
3557	24.8442	1.44147	0.387698	10
3583	24.5588	13.4619	0.10318	10
3595	23.2786	2.97922	0.589097	10
3603	22.5686	17.5747	0.323874	10
3604	22.6177	13.1863	0.556992	10
3607	23.1709	19.4034	0.460968	10
3624	22.9708	15.6233	-0.0636568	10
3627	24.332	3.16926	0.483946	10
3628	24.0571	3.34272	0.446601	10
3637	22.572	11.6608	0.556558	10
3641	22.6863	15.0782	0.0929443	10
3658	23.2594	12.7172	0.182617	10
3692	24.6679	3.70198	0.361262	10
3696	23.5356	9.1639	0.256681	10
3703	22.9754	15.0764	0.566991	10
3716	22.8139	19.7172	0.0545092	10
3724	24.8992	12.266	1.01783	10
3753	24.0572	16.7788	0.153711	10
3776	24.3223	24.6368	0.890537	10
3778	24.6584	18.1401	0.508586	10
3779	24.7939	18.3387	1.15284	10
3792	24.6004	0.368479	0.30575	10
3800	24.3956	7.78218	0.45269	10
3801	24.1622	7.66538	1.00815	10
3813	24.6294	5.12011	0.254239	10
3814	24.7012	5.25423	0.130574	10
3816	23.7782	13.2829	0.549642	10
3823	22.6168	10.7681	-0.0331289	10
3833	23.88	24.9108	0.101628	10
3851	23.925	4.93494	0.258924	10
3853	23.4925	23.6656	-0.117821	10
3866	23.776	3.18811	0.21915	10
3873	23.5006	18.1142	0.448518	10
3876	24.1681	18.8748	0.290069	10
3907	24.0917	8.52699	0.677213	10
3908	23.1547	18.2906	0.594133	10
3962	24.3026	19.748	-0.0809652	10
3976	23.1125	24.0657	0.0807479	10
3977	24.2372	2.13811	0.258322	10
4012	24.0501	17.1195	0.252295	10
4013	23.7096	17.4588	0.695016	10
4032	22.8006	17.465	0.0986567	10
4035	24.1497	0.161478	-0.199834	10
4050	22.9598	6.98379	0.261586	10
4068	22.7032	7.97451	0.983904	10
4072	22.8311	5.4084	0.819137	10
4081	24.6648	24.4671	0.378534	10
4089	24.4598	10.4096	0.206069	10
4095	23.9819	23.8144	-0.203469	10
4099	23.4234	20.4803	0.569898	10
4105	22.7482	22.6548	0.576643	10
4135	22.6234	20.8059	0.560991	10
4136	24.5125	7.7467	0.55132	10
4155	23.7352	12.1156	0.515132	10
4158	22.6925	17.0866	0.760409	10
4159	23.572	0.738087	0.529128	10
4160	22.9708	16.399	0.8504	10
4173	24.0592	23.7915	1.14365	10
4194	22.8489	24.7894	-0.397989	10
4203	23.1499	21.5378	0.187027	10
4207	24.9496	10.2741	0.464326	10
4211	24.1142	18.4421	0.256675	10
4215	22.8592	5.48229	0.71798	10
4225	24.1384	19.9987	0.520208	10
4248	23.3861	14.0273	0.627474	10
4249	22.5338	13.8029	0.295489	10
