IND_ID	Opt	Phen	AbsErr	Fitness	density

1.0	0.0	-0.184121	0.184121	0.858505	7.92469
2.0	0.0	-0.22857	0.22857	0.916109	5.5832
3.0	0.0	0.579595	0.579595	0.852021	7.89659
4.0	0.0	-0.405785	0.405785	0.958971	3.9552
5.0	0.0	0.682861	0.682861	0.857231	7.53743
6.0	0.0	0.401124	0.401124	0.960102	3.92052
7.0	0.0	0.00544795	0.00544795	0.87694	7.17748
8.0	0.0	-0.589739	0.589739	0.89045	6.28568
9.0	0.0	-0.144276	0.144276	0.950445	4.37728
10.0	0.0	0.426362	0.426362	0.805919	10.2142
11.0	0.0	0.743936	0.743936	0.773927	11.4599
12.0	0.0	-0.113036	0.113036	0.902116	6.15513
13.0	0.0	0.231064	0.231064	0.808061	10.2488
14.0	0.0	-0.990847	0.990847	0.829076	8.25393
15.0	0.0	0.110002	0.110002	0.790849	11.1737
16.0	0.0	-0.360117	0.360117	0.721819	15.042
17.0	0.0	0.752476	0.752476	0.820226	9.10252
18.0	0.0	0.319235	0.319235	0.89302	6.42481
19.0	0.0	0.276971	0.276971	0.864706	7.61403
20.0	0.0	0.42042	0.42042	0.872242	7.19494
21.0	0.0	0.335846	0.335846	0.899176	6.17214
22.0	0.0	0.855109	0.855109	0.847691	7.68091
23.0	0.0	0.084499	0.084499	0.963259	3.95355
24.0	0.0	-0.924055	0.924055	0.881526	6.1464
25.0	0.0	-0.71913	0.71913	0.784958	10.9135
26.0	0.0	0.112639	0.112639	0.828896	9.28485
27.0	0.0	0.0274805	0.0274805	0.899694	6.26121
28.0	0.0	0.568145	0.568145	0.800954	10.3077
29.0	0.0	0.206955	0.206955	0.826613	9.3602
30.0	0.0	-0.316921	0.316921	0.768474	12.2814
31.0	0.0	-0.498517	0.498517	0.841541	8.45276
32.0	0.0	0.47479	0.47479	0.750696	13.1507
33.0	0.0	0.239331	0.239331	0.901099	6.15132
34.0	0.0	-0.312357	0.312357	0.826422	9.31049
35.0	0.0	-0.375082	0.375082	0.891867	6.43245
36.0	0.0	-0.154869	0.154869	0.800958	10.6387
37.0	0.0	0.2674	0.2674	0.849007	8.30302
38.0	0.0	-0.426666	0.426666	0.749319	13.2835
39.0	0.0	0.0935577	0.0935577	0.826497	9.40228
40.0	0.0	-0.0540448	0.0540448	0.853661	8.16837
41.0	0.0	-0.215077	0.215077	0.880719	6.97551
42.0	0.0	0.59607	0.59607	0.881905	6.62015
43.0	0.0	0.378297	0.378297	0.938305	4.68902
44.0	0.0	0.380809	0.380809	0.892152	6.4169
45.0	0.0	0.426407	0.426407	0.917238	5.41754
46.0	0.0	0.233513	0.233513	0.814237	9.9428
47.0	0.0	-0.137236	0.137236	0.802315	10.5756
48.0	0.0	-0.883894	0.883894	0.798154	9.94505
49.0	0.0	-0.209206	0.209206	0.958716	4.07345
50.0	0.0	-0.514911	0.514911	0.875649	6.96513
51.0	0.0	0.0149612	0.0149612	0.887721	6.73689
52.0	0.0	0.392677	0.392677	0.966527	3.71212
53.0	0.0	-0.21743	0.21743	0.899574	6.22049
54.0	0.0	0.0925474	0.0925474	0.878686	7.09679
55.0	0.0	0.112291	0.112291	0.85036	8.30422
56.0	0.0	0.181227	0.181227	0.8414	8.68539
57.0	0.0	0.319613	0.319613	0.798722	10.6656
58.0	0.0	0.00645814	0.00645814	0.853791	8.16563
59.0	0.0	-0.578855	0.578855	0.848263	8.06271
60.0	0.0	-0.531232	0.531232	0.882274	6.67751
61.0	0.0	0.294344	0.294344	0.859864	7.81165
62.0	0.0	0.250925	0.250925	0.808204	10.2312
63.0	0.0	-0.0262061	0.0262061	0.973406	3.62296
64.0	0.0	-0.260953	0.260953	0.816801	9.80305
65.0	0.0	-0.693121	0.693121	0.747408	13.0401
66.0	0.0	-0.0629616	0.0629616	0.823194	9.5646
67.0	0.0	0.0079066	0.0079066	0.916644	5.61303
68.0	0.0	0.16714	0.16714	0.87008	7.43582
69.0	0.0	0.570242	0.570242	0.80729	9.98883
70.0	0.0	-0.0747722	0.0747722	0.916591	5.60972
71.0	0.0	-0.242363	0.242363	0.767942	12.3598
72.0	0.0	-0.450245	0.450245	0.957937	3.95564
73.0	0.0	-0.516132	0.516132	0.948164	4.23107
74.0	0.0	0.103446	0.103446	0.864821	7.67648
75.0	0.0	-0.457992	0.457992	0.80207	10.3763
76.0	0.0	0.530342	0.530342	0.862396	7.50442
77.0	0.0	-0.0761734	0.0761734	0.802916	10.5597
78.0	0.0	0.435294	0.435294	0.893226	6.3308
79.0	0.0	0.272841	0.272841	0.80783	10.2371
80.0	0.0	0.0703093	0.0703093	0.801962	10.609
81.0	0.0	-0.324452	0.324452	0.89166	6.47549
82.0	0.0	0.874632	0.874632	0.814662	9.15523
83.0	0.0	0.00769708	0.00769708	0.834672	9.02874
84.0	0.0	-0.514147	0.514147	0.827625	9.07569
85.0	0.0	0.201624	0.201624	0.90496	6.01803
86.0	0.0	-0.181639	0.181639	0.879645	7.03284
87.0	0.0	-0.14154	0.14154	0.845105	8.5313
88.0	0.0	-0.442467	0.442467	0.810596	9.96715
89.0	0.0	-0.56944	0.56944	0.808319	9.93897
90.0	0.0	-0.634643	0.634643	0.90375	5.71516
91.0	0.0	0.298842	0.298842	0.854125	8.05859
92.0	0.0	0.221632	0.221632	0.867753	7.51262
93.0	0.0	0.0908177	0.0908177	0.812156	10.0956
94.0	0.0	0.489713	0.489713	0.948438	4.24592
95.0	0.0	-0.0476198	0.0476198	0.836558	8.93927
96.0	0.0	0.393563	0.393563	0.867813	7.40277
97.0	0.0	0.742083	0.742083	0.952538	3.8239
98.0	0.0	-1.34603	1.34603	0.765975	10.4726
99.0	0.0	-0.169997	0.169997	0.808161	10.2708
100.0	0.0	0.165087	0.165087	0.926383	5.22657
101.0	0.0	0.130148	0.130148	0.827105	9.36474
102.0	0.0	-1.01045	1.01045	0.856229	7.02064
103.0	0.0	0.358171	0.358171	0.759512	12.7552
104.0	0.0	-0.746023	0.746023	0.857689	7.42617
105.0	0.0	0.645794	0.645794	0.768107	11.9346
106.0	0.0	-0.873462	0.873462	0.780622	10.8657
107.0	0.0	-0.728431	0.728431	0.825089	8.91152
108.0	0.0	0.701512	0.701512	0.87939	6.58684
109.0	0.0	0.0674715	0.0674715	0.929073	5.14986
110.0	0.0	0.282915	0.282915	0.902718	6.06638
111.0	0.0	0.44306	0.44306	0.81047	9.97276
112.0	0.0	0.823972	0.823972	0.852743	7.51466
113.0	0.0	0.625564	0.625564	0.830396	8.81196
114.0	0.0	0.0246665	0.0246665	0.853051	8.19767
115.0	0.0	0.227168	0.227168	0.879048	7.03872
116.0	0.0	-0.0252425	0.0252425	0.761699	12.7808
117.0	0.0	-0.0272094	0.0272094	0.839455	8.80792
118.0	0.0	0.0437993	0.0437993	0.827323	9.37054
119.0	0.0	-0.282485	0.282485	0.79489	10.8873
120.0	0.0	-0.135803	0.135803	0.909015	5.88398
121.0	0.0	0.13721	0.13721	0.802487	10.5669
122.0	0.0	0.540711	0.540711	0.947574	4.2277
123.0	0.0	-0.0277753	0.0277753	0.84903	8.3757
124.0	0.0	0.34194	0.34194	0.836015	8.84284
125.0	0.0	0.581643	0.581643	0.95782	3.83717
126.0	0.0	0.403	0.403	0.838399	8.68564
127.0	0.0	0.304981	0.304981	0.883662	6.8089
128.0	0.0	-0.703056	0.703056	0.873956	6.80648
129.0	0.0	-0.0494047	0.0494047	0.824932	9.48337
130.0	0.0	-0.426292	0.426292	0.758487	12.7508
131.0	0.0	0.0429796	0.0429796	0.804921	10.4629
132.0	0.0	0.738367	0.738367	0.759669	12.2576
133.0	0.0	0.12634	0.12634	0.889337	6.65634
134.0	0.0	-0.124002	0.124002	0.865409	7.64659
135.0	0.0	0.349863	0.349863	0.876432	7.07564
136.0	0.0	0.335001	0.335001	0.859229	7.81288
137.0	0.0	-0.348061	0.348061	0.853864	8.03718
138.0	0.0	0.0295329	0.0295329	0.871797	7.39106
139.0	0.0	-0.675043	0.675043	0.8524	7.75721
140.0	0.0	-0.315647	0.315647	0.824747	9.38754
141.0	0.0	0.231946	0.231946	0.81693	9.81233
142.0	0.0	0.253051	0.253051	0.839921	8.71986
143.0	0.0	1.01538	1.01538	0.904	5.10866
144.0	0.0	0.0776807	0.0776807	0.950374	4.39329
145.0	0.0	0.234059	0.234059	0.883732	6.8441
146.0	0.0	0.021712	0.021712	0.883467	6.90896
147.0	0.0	0.506745	0.506745	0.905569	5.78594
148.0	0.0	-0.398055	0.398055	0.899285	6.12346
149.0	0.0	-0.0513806	0.0513806	0.900886	6.21284
150.0	0.0	-0.770304	0.770304	0.843697	7.99826
151.0	0.0	0.0254879	0.0254879	0.844214	8.59181
152.0	0.0	0.0561732	0.0561732	0.824042	9.52499
153.0	0.0	-0.122284	0.122284	0.824082	9.51032
154.0	0.0	-0.456512	0.456512	0.782104	11.4134
155.0	0.0	-0.0314632	0.0314632	1.00689	2.566
156.0	0.0	0.355453	0.355453	0.826472	9.27726
157.0	0.0	-0.75552	0.75552	0.897215	5.80473
158.0	0.0	-0.917504	0.917504	0.849773	7.47773
159.0	0.0	0.184357	0.184357	0.847107	8.42689
160.0	0.0	-0.82137	0.82137	0.950647	3.77626
161.0	0.0	0.0780148	0.0780148	0.924472	5.31667
162.0	0.0	-0.279529	0.279529	0.804131	10.4182
163.0	0.0	-0.610709	0.610709	0.826951	8.9917
164.0	0.0	0.034818	0.034818	0.910052	5.86106
165.0	0.0	0.36964	0.36964	0.886122	6.66616
166.0	0.0	0.443249	0.443249	0.926401	5.06649
167.0	0.0	-1.33068	1.33068	0.748771	11.46
168.0	0.0	-0.246783	0.246783	0.853982	8.09425
169.0	0.0	0.887509	0.887509	0.810459	9.33292
170.0	0.0	-0.00326542	0.00326542	0.864581	7.69765
171.0	0.0	-0.211709	0.211709	0.792858	11.0319
172.0	0.0	-0.276025	0.276025	0.895683	6.34481
173.0	0.0	0.510196	0.510196	0.780585	11.4355
174.0	0.0	0.0643825	0.0643825	0.844142	8.59141
175.0	0.0	0.241869	0.241869	0.843049	8.58371
176.0	0.0	0.267419	0.267419	0.894744	6.38647
177.0	0.0	0.384491	0.384491	0.798687	10.6165
178.0	0.0	1.35726	1.35726	0.876	5.41426
179.0	0.0	0.978523	0.978523	0.787436	10.295
180.0	0.0	-0.76831	0.76831	0.867394	6.98235
181.0	0.0	0.110598	0.110598	0.823423	9.54473
182.0	0.0	-0.586197	0.586197	0.884597	6.52317
183.0	0.0	0.080832	0.080832	0.80329	10.54
184.0	0.0	-0.606332	0.606332	0.823137	9.17669
185.0	0.0	-0.379079	0.379079	0.910598	5.70325
186.0	0.0	-0.464246	0.464246	0.90669	5.78281
187.0	0.0	-0.603925	0.603925	0.905899	5.66969
188.0	0.0	-0.305741	0.305741	0.954432	4.17387
189.0	0.0	-0.746557	0.746557	0.852932	7.63025
190.0	0.0	0.307182	0.307182	0.911719	5.70814
191.0	0.0	0.432709	0.432709	0.883583	6.71859
192.0	0.0	-1.42658	1.42658	0.8429	6.57836
193.0	0.0	0.421181	0.421181	0.8978	6.16293
194.0	0.0	-0.447422	0.447422	0.923993	5.15085
195.0	0.0	0.496144	0.496144	0.913665	5.48972
196.0	0.0	-0.168275	0.168275	0.808548	10.2522
197.0	0.0	0.370344	0.370344	0.816012	9.76627
198.0	0.0	0.335284	0.335284	0.835142	8.88777
199.0	0.0	0.0656077	0.0656077	0.904334	6.07744
200.0	0.0	-0.568413	0.568413	0.892819	6.21626
201.0	0.0	-0.15855	0.15855	0.779059	11.7867
202.0	0.0	0.363644	0.363644	0.781317	11.5423
203.0	0.0	0.0873733	0.0873733	0.916733	5.60245
204.0	0.0	0.493626	0.493626	0.78717	11.1051
205.0	0.0	-0.455062	0.455062	0.932069	4.85176
206.0	0.0	0.99558	0.99558	0.807038	9.28036
207.0	0.0	-0.38227	0.38227	0.939591	4.64073
208.0	0.0	-0.449769	0.449769	0.817223	9.637
209.0	0.0	0.212178	0.212178	0.787347	11.3206
210.0	0.0	-0.607769	0.607769	0.839628	8.41284
211.0	0.0	-0.699905	0.699905	0.841918	8.18454
212.0	0.0	-0.108614	0.108614	0.859932	7.88557
213.0	0.0	0.19674	0.19674	0.8273	9.33214
214.0	0.0	0.209135	0.209135	0.882611	6.90071
215.0	0.0	0.0378222	0.0378222	0.792968	11.0751
216.0	0.0	-0.584702	0.584702	0.809296	9.87165
217.0	0.0	0.409822	0.409822	0.852836	8.03394
218.0	0.0	0.0554229	0.0554229	0.888441	6.7051
219.0	0.0	-0.0394739	0.0394739	0.830566	9.21839
220.0	0.0	0.217034	0.217034	0.870562	7.39613
221.0	0.0	-0.659181	0.659181	0.792403	10.6192
222.0	0.0	-0.241141	0.241141	0.947121	4.45815
223.0	0.0	0.426202	0.426202	0.778437	11.6408
224.0	0.0	-1.43731	1.43731	0.92246	3.49624
225.0	0.0	0.353151	0.353151	0.932191	4.92433
226.0	0.0	0.0657221	0.0657221	0.88382	6.89076
227.0	0.0	0.0322231	0.0322231	0.831392	9.18031
228.0	0.0	-0.222658	0.222658	0.884048	6.83645
229.0	0.0	0.689531	0.689531	0.83313	8.59746
230.0	0.0	-0.285164	0.285164	0.848312	8.32372
231.0	0.0	0.103669	0.103669	0.867035	7.5821
232.0	0.0	-0.368405	0.368405	0.809113	10.1061
233.0	0.0	-0.129102	0.129102	0.86583	7.62732
234.0	0.0	0.287664	0.287664	0.88245	6.8684
235.0	0.0	0.32724	0.32724	0.864575	7.58868
236.0	0.0	0.624859	0.624859	0.776592	11.5018
237.0	0.0	0.147271	0.147271	0.837572	8.87204
238.0	0.0	0.222263	0.222263	0.826712	9.34845
239.0	0.0	-0.840818	0.840818	0.792809	10.2965
240.0	0.0	-0.986893	0.986893	0.798088	9.73855
241.0	0.0	0.302703	0.302703	0.80138	10.5421
242.0	0.0	0.012254	0.012254	0.880892	7.01452
243.0	0.0	0.963705	0.963705	0.809104	9.24724
244.0	0.0	-0.311857	0.311857	0.913211	5.64904
245.0	0.0	-0.381252	0.381252	0.857524	7.85271
246.0	0.0	0.22122	0.22122	0.852703	8.16288
247.0	0.0	-0.19347	0.19347	0.851945	8.20825
248.0	0.0	0.288652	0.288652	0.978736	3.37597
249.0	0.0	0.277134	0.277134	0.797727	10.7447
250.0	0.0	0.821139	0.821139	0.893752	5.83928
251.0	0.0	-0.397741	0.397741	0.855923	7.90904
252.0	0.0	-0.458984	0.458984	0.834966	8.792
253.0	0.0	-0.480531	0.480531	0.905115	5.82821
254.0	0.0	0.782858	0.782858	0.799906	10.0415
255.0	0.0	-0.269288	0.269288	0.887393	6.67847
256.0	0.0	0.129905	0.129905	0.803045	10.5408
257.0	0.0	0.905541	0.905541	0.796346	9.99338
258.0	0.0	0.613097	0.613097	0.874049	6.92052
259.0	0.0	-0.809036	0.809036	0.806598	9.66446
260.0	0.0	0.264474	0.264474	0.88786	6.66226
261.0	0.0	-0.203482	0.203482	0.867047	7.5504
262.0	0.0	0.237021	0.237021	0.870109	7.40599
263.0	0.0	-0.536993	0.536993	0.860587	7.57448
264.0	0.0	-0.31186	0.31186	0.849797	8.24117
265.0	0.0	0.683671	0.683671	0.828771	8.80692
266.0	0.0	0.336082	0.336082	0.918944	5.41955
267.0	0.0	0.312584	0.312584	0.779334	11.6886
268.0	0.0	-1.36078	1.36078	0.734001	12.2151
269.0	0.0	-0.283984	0.283984	0.782581	11.5335
270.0	0.0	0.211447	0.211447	0.825491	9.41131
271.0	0.0	-0.303436	0.303436	0.857372	7.91405
272.0	0.0	0.106285	0.106285	0.798882	10.7588
273.0	0.0	0.309629	0.309629	0.864976	7.58298
274.0	0.0	-0.411085	0.411085	0.978938	3.29362
275.0	0.0	-0.54693	0.54693	0.818843	9.45454
276.0	0.0	0.57427	0.57427	0.827433	9.01506
277.0	0.0	0.389045	0.389045	0.88402	6.73649
278.0	0.0	0.261314	0.261314	0.803206	10.4757
279.0	0.0	-0.0752536	0.0752536	0.890298	6.62805
280.0	0.0	0.278332	0.278332	0.803554	10.448
281.0	0.0	-0.45228	0.45228	0.775924	11.7507
282.0	0.0	-0.625427	0.625427	0.892701	6.15457
283.0	0.0	0.371381	0.371381	0.816489	9.74232
284.0	0.0	-0.293468	0.293468	0.919226	5.43459
285.0	0.0	0.0616778	0.0616778	0.915193	5.66395
286.0	0.0	-0.225913	0.225913	0.95107	4.32799
287.0	0.0	0.695155	0.695155	0.80377	9.99054
288.0	0.0	-0.445536	0.445536	0.749008	13.2821
289.0	0.0	-0.206294	0.206294	0.89941	6.23152
290.0	0.0	-0.394869	0.394869	0.831036	9.0318
291.0	0.0	-0.442992	0.442992	0.95164	4.17567
292.0	0.0	0.177521	0.177521	0.803927	10.4801
293.0	0.0	-0.00822937	0.00822937	0.908749	5.91186
294.0	0.0	-0.117453	0.117453	0.94848	4.45177
295.0	0.0	-0.0782877	0.0782877	0.799093	10.7538
296.0	0.0	0.172625	0.172625	0.820278	9.67649
297.0	0.0	0.422472	0.422472	0.898549	6.13264
298.0	0.0	0.929196	0.929196	0.820577	8.77083
299.0	0.0	-0.900544	0.900544	0.877207	6.36152
300.0	0.0	0.662126	0.662126	0.911252	5.39726
301.0	0.0	-0.129895	0.129895	0.812174	10.0853
302.0	0.0	0.252578	0.252578	0.892953	6.46493
303.0	0.0	0.186716	0.186716	0.85324	8.1538
304.0	0.0	-0.0297829	0.0297829	0.836801	8.92954
305.0	0.0	-0.106519	0.106519	0.840576	8.74553
306.0	0.0	-0.370447	0.370447	0.895903	6.27646
307.0	0.0	-0.0246606	0.0246606	0.923247	5.36699
308.0	0.0	-0.436831	0.436831	0.872177	7.18351
309.0	0.0	0.307472	0.307472	0.81574	9.82585
310.0	0.0	0.374067	0.374067	0.884186	6.74111
311.0	0.0	-0.074839	0.074839	0.834277	9.04116
312.0	0.0	0.148797	0.148797	0.859639	7.88762
313.0	0.0	0.394392	0.394392	0.884357	6.71868
314.0	0.0	0.452998	0.452998	0.924967	5.11054
315.0	0.0	-0.213783	0.213783	0.857383	7.96128
316.0	0.0	0.0901484	0.0901484	0.803744	10.5153
317.0	0.0	0.173121	0.173121	0.890897	6.58007
318.0	0.0	0.154489	0.154489	0.833449	9.06014
319.0	0.0	-0.529042	0.529042	0.941273	4.45808
320.0	0.0	0.106864	0.106864	0.895089	6.43181
321.0	0.0	-0.663694	0.663694	0.769	11.8583
322.0	0.0	-0.00109426	0.00109426	0.844116	8.5969
323.0	0.0	0.168456	0.168456	0.836005	8.93703
324.0	0.0	-0.291067	0.291067	0.819994	9.6307
325.0	0.0	-0.178992	0.178992	0.896733	6.34674
326.0	0.0	0.0523846	0.0523846	0.932692	5.02052
327.0	0.0	-0.265714	0.265714	0.8413	8.65019
328.0	0.0	0.420204	0.420204	0.827063	9.19572
329.0	0.0	0.0597367	0.0597367	0.851274	8.27308
330.0	0.0	-0.216507	0.216507	0.877748	7.09705
331.0	0.0	-0.055283	0.055283	0.844918	8.55752
332.0	0.0	0.350969	0.350969	0.847504	8.31613
333.0	0.0	-0.240446	0.240446	0.843167	8.57907
334.0	0.0	0.135277	0.135277	0.814694	9.96002
335.0	0.0	-0.00381338	0.00381338	0.783813	11.5597
336.0	0.0	0.0892192	0.0892192	0.937591	4.84008
337.0	0.0	0.0212313	0.0212313	0.757094	13.0458
338.0	0.0	-0.0303545	0.0303545	0.800775	10.6738
339.0	0.0	-0.598795	0.598795	0.802431	10.1941
340.0	0.0	-0.15847	0.15847	0.906882	5.95917
341.0	0.0	0.242338	0.242338	0.800597	10.6184
342.0	0.0	0.0210606	0.0210606	0.853915	8.15978
343.0	0.0	1.15599	1.15599	0.830135	7.83981
344.0	0.0	0.0491052	0.0491052	0.873019	7.33828
345.0	0.0	-0.558218	0.558218	0.753479	12.886
346.0	0.0	-0.199122	0.199122	0.899215	6.24198
347.0	0.0	0.556447	0.556447	0.916872	5.30986
348.0	0.0	0.309369	0.309369	0.924704	5.22336
349.0	0.0	-0.406001	0.406001	0.837732	8.71355
350.0	0.0	-0.0668268	0.0668268	0.808419	10.2849
351.0	0.0	-0.662124	0.662124	0.877637	6.71124
352.0	0.0	0.477188	0.477188	0.781609	11.4179
353.0	0.0	-0.14696	0.14696	0.91232	5.7553
354.0	0.0	0.592631	0.592631	0.855674	7.72194
355.0	0.0	0.112549	0.112549	0.892323	6.5403
356.0	0.0	0.697232	0.697232	0.910154	5.3931
357.0	0.0	0.127305	0.127305	0.915334	5.64677
358.0	0.0	0.196603	0.196603	0.859676	7.86905
359.0	0.0	-0.523598	0.523598	0.846692	8.19538
360.0	0.0	-0.287719	0.287719	0.812461	9.99898
361.0	0.0	0.396995	0.396995	0.831629	9.00243
362.0	0.0	-0.324364	0.324364	0.951538	4.26226
363.0	0.0	-0.0457507	0.0457507	0.834631	9.02849
364.0	0.0	0.69349	0.69349	0.875868	6.74133
365.0	0.0	0.266284	0.266284	0.853222	8.1173
366.0	0.0	-0.287884	0.287884	0.890571	6.54092
367.0	0.0	0.374692	0.374692	0.829504	9.11984
368.0	0.0	0.664311	0.664311	0.820713	9.21278
369.0	0.0	0.125636	0.125636	0.937237	4.84538
370.0	0.0	0.110108	0.110108	0.876289	7.19231
371.0	0.0	-0.4644	0.4644	0.8431	8.41686
372.0	0.0	-0.0434447	0.0434447	0.815232	9.95162
373.0	0.0	0.0256798	0.0256798	0.842084	8.68822
374.0	0.0	0.0436747	0.0436747	0.810552	10.1818
375.0	0.0	0.384644	0.384644	0.944628	4.46231
376.0	0.0	-0.224525	0.224525	0.834147	8.99952
377.0	0.0	-0.351424	0.351424	0.78391	11.4137
378.0	0.0	0.540079	0.540079	0.87243	7.0717
379.0	0.0	-0.0527893	0.0527893	0.803924	10.5121
380.0	0.0	-0.0653014	0.0653014	0.861939	7.80664
381.0	0.0	-0.0425575	0.0425575	0.874557	7.27468
382.0	0.0	-0.14282	0.14282	0.998243	2.81438
383.0	0.0	-0.138196	0.138196	0.844843	8.54408
384.0	0.0	0.607993	0.607993	0.855387	7.71549
385.0	0.0	-0.407019	0.407019	0.851752	8.08393
386.0	0.0	0.418895	0.418895	0.882436	6.77675
387.0	0.0	-0.723174	0.723174	0.844075	8.05411
388.0	0.0	0.328055	0.328055	0.753909	13.1033
389.0	0.0	-0.17719	0.17719	0.822214	9.58182
390.0	0.0	0.10334	0.10334	0.887708	6.72707
391.0	0.0	-0.796734	0.796734	0.842179	8.023
392.0	0.0	0.337033	0.337033	0.921826	5.31226
393.0	0.0	0.180428	0.180428	0.869612	7.45087
394.0	0.0	0.560071	0.560071	0.940384	4.45813
395.0	0.0	-0.0242892	0.0242892	0.902923	6.13567
396.0	0.0	-0.356922	0.356922	0.924195	5.21213
397.0	0.0	-0.0332108	0.0332108	0.9344	4.96063
398.0	0.0	-0.576183	0.576183	0.883202	6.59081
399.0	0.0	0.319245	0.319245	0.892239	6.45577
400.0	0.0	-0.391197	0.391197	0.879668	6.91196
401.0	0.0	-0.249217	0.249217	0.957628	4.09364
402.0	0.0	-0.111988	0.111988	0.790894	11.1708
403.0	0.0	0.383341	0.383341	0.866872	7.45061
404.0	0.0	-0.373351	0.373351	0.872333	7.22878
405.0	0.0	0.344484	0.344484	0.893647	6.38355
406.0	0.0	-0.441036	0.441036	0.791481	10.9352
407.0	0.0	-0.349931	0.349931	0.810653	10.0446
408.0	0.0	-0.348047	0.348047	0.898856	6.17649
409.0	0.0	0.0557001	0.0557001	0.839438	8.80619
410.0	0.0	-0.187642	0.187642	0.839878	8.75221
411.0	0.0	-0.35189	0.35189	0.885577	6.70083
412.0	0.0	0.00831131	0.00831131	0.723543	15.0933
413.0	0.0	0.692315	0.692315	0.847705	7.9386
414.0	0.0	0.0543862	0.0543862	0.844708	8.56708
415.0	0.0	-0.63179	0.63179	0.785328	11.0267
416.0	0.0	-0.0783404	0.0783404	0.867001	7.58821
417.0	0.0	0.364265	0.364265	0.787038	11.2375
418.0	0.0	0.444465	0.444465	0.870095	7.26372
419.0	0.0	0.0810745	0.0810745	0.799175	10.7491
420.0	0.0	-0.0945308	0.0945308	0.845703	8.51604
421.0	0.0	0.0375178	0.0375178	0.877412	7.15657
422.0	0.0	0.351026	0.351026	0.761808	12.6301
423.0	0.0	-0.212404	0.212404	0.850595	8.25998
424.0	0.0	0.00683735	0.00683735	0.812196	10.1027
425.0	0.0	0.804446	0.804446	0.767041	11.7286
426.0	0.0	-0.563692	0.563692	0.821431	9.31097
427.0	0.0	0.381387	0.381387	0.907605	5.81535
428.0	0.0	0.0364813	0.0364813	0.906866	5.9828
429.0	0.0	-0.0402493	0.0402493	0.893667	6.49776
430.0	0.0	-0.0729186	0.0729186	0.850714	8.29609
431.0	0.0	-0.429685	0.429685	0.795418	10.7428
432.0	0.0	0.872159	0.872159	0.860188	7.1141
433.0	0.0	0.0751265	0.0751265	0.820734	9.68075
434.0	0.0	0.173238	0.173238	0.812179	10.0706
435.0	0.0	0.0831032	0.0831032	0.896188	6.39286
436.0	0.0	-0.244767	0.244767	0.89969	6.20365
437.0	0.0	-0.0145991	0.0145991	0.891872	6.57053
438.0	0.0	-0.562054	0.562054	0.874469	6.96309
439.0	0.0	-0.0748089	0.0748089	0.906575	5.98984
440.0	0.0	0.104984	0.104984	0.848203	8.4019
441.0	0.0	-0.0448731	0.0448731	0.846746	8.47648
442.0	0.0	-0.136177	0.136177	0.928441	5.15967
443.0	0.0	0.29977	0.29977	0.872672	7.26452
444.0	0.0	0.0988285	0.0988285	0.826879	9.38314
445.0	0.0	-0.0482566	0.0482566	0.701815	16.538
446.0	0.0	0.393567	0.393567	0.78255	11.4505
447.0	0.0	0.312211	0.312211	0.920584	5.37344
448.0	0.0	0.191187	0.191187	0.768275	12.3671
449.0	0.0	-0.00153193	0.00153193	0.872304	7.37067
450.0	0.0	0.0782196	0.0782196	0.851531	8.25905
451.0	0.0	0.788983	0.788983	0.770535	11.5654
452.0	0.0	-0.0799078	0.0799078	0.874862	7.25735
453.0	0.0	0.83471	0.83471	0.730373	13.8049
454.0	0.0	0.191629	0.191629	0.821784	9.59668
455.0	0.0	0.807569	0.807569	0.814957	9.26169
456.0	0.0	0.757733	0.757733	0.825741	8.83499
457.0	0.0	0.501273	0.501273	0.901061	5.9645
458.0	0.0	-0.264081	0.264081	0.825988	9.36087
459.0	0.0	0.346441	0.346441	0.851407	8.14634
460.0	0.0	0.1009	0.1009	0.92373	5.34011
461.0	0.0	-0.0852232	0.0852232	0.910844	5.82507
462.0	0.0	-0.620989	0.620989	0.895069	6.06717
463.0	0.0	0.673442	0.673442	0.852403	7.75927
464.0	0.0	-0.0228193	0.0228193	0.743401	13.8554
465.0	0.0	-0.434294	0.434294	0.810776	9.96612
466.0	0.0	-0.427108	0.427108	0.863467	7.5592
467.0	0.0	-0.386304	0.386304	0.883154	6.77369
468.0	0.0	0.736591	0.736591	0.975066	3.08897
469.0	0.0	-0.614118	0.614118	0.879219	6.70751
470.0	0.0	-0.0105654	0.0105654	0.940577	4.74137
471.0	0.0	-0.121165	0.121165	0.833922	9.04796
472.0	0.0	0.119107	0.119107	0.910793	5.82036
473.0	0.0	-0.0101853	0.0101853	0.90772	5.95123
474.0	0.0	0.502972	0.502972	0.867329	7.324
475.0	0.0	-0.0549246	0.0549246	0.799135	10.7551
476.0	0.0	0.579006	0.579006	0.802621	10.2102
477.0	0.0	0.611841	0.611841	0.769473	11.9085
478.0	0.0	-0.283661	0.283661	0.923012	5.29995
479.0	0.0	-0.650897	0.650897	0.85442	7.70219
480.0	0.0	-0.647449	0.647449	0.777588	11.4154
481.0	0.0	-0.0867807	0.0867807	0.886624	6.77389
482.0	0.0	-0.365848	0.365848	0.78344	11.427
483.0	0.0	0.760012	0.760012	0.873278	6.75154
484.0	0.0	0.368862	0.368862	0.931084	4.95356
485.0	0.0	-0.133639	0.133639	0.829883	9.23294
486.0	0.0	0.305311	0.305311	0.809073	10.1547
487.0	0.0	0.614038	0.614038	0.793883	10.6071
488.0	0.0	0.203293	0.203293	0.803837	10.4737
489.0	0.0	0.828141	0.828141	0.735746	13.4901
490.0	0.0	-0.574135	0.574135	0.811654	9.7694
491.0	0.0	-0.787085	0.787085	0.860516	7.24214
492.0	0.0	-0.214904	0.214904	0.953112	4.2622
493.0	0.0	-0.300435	0.300435	0.860712	7.77138
494.0	0.0	-0.237766	0.237766	0.925866	5.21782
495.0	0.0	0.749471	0.749471	0.853569	7.59818
496.0	0.0	-0.102714	0.102714	0.907491	5.94989
497.0	0.0	-0.647435	0.647435	0.805796	9.96004
498.0	0.0	-0.317118	0.317118	0.874069	7.19551
499.0	0.0	-0.0840686	0.0840686	0.793973	11.0165
500.0	0.0	0.712402	0.712402	0.873563	6.80948
501.0	0.0	0.394431	0.394431	0.891609	6.42807
502.0	0.0	-0.11669	0.11669	0.783755	11.5472
503.0	0.0	-0.590506	0.590506	0.831763	8.79381
504.0	0.0	-0.153213	0.153213	0.829332	9.2528
505.0	0.0	-0.122139	0.122139	0.821722	9.62323
506.0	0.0	0.242831	0.242831	0.815348	9.88369
507.0	0.0	0.219728	0.219728	0.857158	7.96842
508.0	0.0	-0.212674	0.212674	0.831834	9.11251
509.0	0.0	0.455719	0.455719	0.925795	5.07801
510.0	0.0	0.137914	0.137914	0.952962	4.2922
511.0	0.0	0.936455	0.936455	0.861589	6.93874
512.0	0.0	-0.487576	0.487576	0.861151	7.60187
513.0	0.0	0.111301	0.111301	0.827142	9.36788
514.0	0.0	0.567874	0.567874	0.855251	7.76967
515.0	0.0	-0.0369734	0.0369734	0.886178	6.79805
516.0	0.0	-0.0931202	0.0931202	0.85209	8.2317
517.0	0.0	0.157535	0.157535	0.877512	7.12892
518.0	0.0	-0.223109	0.223109	0.855407	8.04329
519.0	0.0	-0.284516	0.284516	0.843066	8.55937
520.0	0.0	-0.444496	0.444496	0.906616	5.80291
521.0	0.0	0.617379	0.617379	0.860721	7.47446
522.0	0.0	0.779277	0.779277	0.829917	8.60661
523.0	0.0	1.03674	1.03674	0.771375	11.007
524.0	0.0	-0.00294066	0.00294066	0.934798	4.94737
525.0	0.0	0.785708	0.785708	0.900439	5.63608
526.0	0.0	0.898343	0.898343	0.953115	3.57458
527.0	0.0	0.301133	0.301133	0.890201	6.54799
528.0	0.0	0.281905	0.281905	0.807116	10.2672
529.0	0.0	0.833792	0.833792	0.819666	8.9918
530.0	0.0	-0.312488	0.312488	0.931072	4.98998
531.0	0.0	-0.189519	0.189519	0.830657	9.17742
532.0	0.0	0.249285	0.249285	0.871627	7.3362
533.0	0.0	-0.266996	0.266996	0.886059	6.73346
534.0	0.0	-0.548551	0.548551	0.942734	4.38769
535.0	0.0	-0.232714	0.232714	0.824969	9.42594
536.0	0.0	-0.697296	0.697296	0.80698	9.82842
537.0	0.0	-0.973123	0.973123	0.827757	8.35046
538.0	0.0	-0.353148	0.353148	0.852449	8.09559
539.0	0.0	-0.0607134	0.0607134	0.916156	5.62786
540.0	0.0	-0.284624	0.284624	0.72808	14.7032
541.0	0.0	0.186392	0.186392	0.869505	7.45317
542.0	0.0	-0.0337014	0.0337014	0.877322	7.16058
543.0	0.0	0.0478804	0.0478804	0.864438	7.70143
544.0	0.0	0.871378	0.871378	0.941157	4.02405
545.0	0.0	0.107594	0.107594	0.873972	7.28923
546.0	0.0	-0.0692755	0.0692755	0.851957	8.24159
547.0	0.0	-0.656318	0.656318	0.849036	7.92998
548.0	0.0	0.332133	0.332133	0.89629	6.28757
549.0	0.0	0.188413	0.188413	0.861223	7.80548
550.0	0.0	-0.124371	0.124371	0.930495	5.08798
551.0	0.0	0.156927	0.156927	0.826476	9.38621
552.0	0.0	0.252168	0.252168	0.780258	11.6778
553.0	0.0	-0.417684	0.417684	0.807885	10.1245
554.0	0.0	-0.565665	0.565665	0.784669	11.1507
555.0	0.0	-0.504737	0.504737	0.841197	8.46175
556.0	0.0	0.179755	0.179755	0.844777	8.53322
557.0	0.0	-0.16207	0.16207	0.815779	9.89833
558.0	0.0	-0.299775	0.299775	0.805422	10.3404
559.0	0.0	0.336529	0.336529	0.919569	5.39607
560.0	0.0	-0.3385	0.3385	0.822735	9.46719
561.0	0.0	0.0638144	0.0638144	0.869742	7.47428
562.0	0.0	0.970692	0.970692	0.746155	12.5678
563.0	0.0	0.282002	0.282002	0.788895	11.1999
564.0	0.0	-0.839397	0.839397	0.756941	12.2264
565.0	0.0	0.246331	0.246331	0.811363	10.0772
566.0	0.0	-0.274821	0.274821	0.789564	11.1693
567.0	0.0	-0.342344	0.342344	0.860969	7.73273
568.0	0.0	-0.017026	0.017026	0.825204	9.47276
569.0	0.0	-0.0145805	0.0145805	0.825568	9.45556
570.0	0.0	0.131359	0.131359	0.897202	6.34279
571.0	0.0	0.0913374	0.0913374	0.877967	7.12666
572.0	0.0	-0.0723743	0.0723743	0.824344	9.50833
573.0	0.0	0.420165	0.420165	0.814241	9.80962
574.0	0.0	0.0780744	0.0780744	0.89979	6.25225
575.0	0.0	-0.203254	0.203254	0.965455	3.84928
576.0	0.0	0.116347	0.116347	0.832996	9.09219
577.0	0.0	-0.0929707	0.0929707	0.866616	7.60204
578.0	0.0	0.442457	0.442457	0.840362	8.56131
579.0	0.0	-0.383378	0.383378	0.781186	11.5325
580.0	0.0	-0.239207	0.239207	0.86614	7.57282
581.0	0.0	-0.0537487	0.0537487	0.832036	9.14826
582.0	0.0	-0.577524	0.577524	0.850437	7.96849
583.0	0.0	-0.0368329	0.0368329	0.846617	8.48297
584.0	0.0	0.0849591	0.0849591	0.968986	3.76267
585.0	0.0	-0.076869	0.076869	0.853725	8.16245
586.0	0.0	0.642956	0.642956	0.754275	12.7198
587.0	0.0	1.06439	1.06439	0.897471	5.25864
588.0	0.0	0.565009	0.565009	0.853941	7.82994
589.0	0.0	0.723591	0.723591	0.856591	7.50669
590.0	0.0	-0.374801	0.374801	0.897874	6.19601
591.0	0.0	0.190629	0.190629	0.815055	9.92265
592.0	0.0	-0.0245549	0.0245549	0.858134	7.97509
593.0	0.0	0.358758	0.358758	0.736934	14.093
594.0	0.0	0.420942	0.420942	0.922365	5.23225
595.0	0.0	-0.356182	0.356182	0.832225	9.00741
596.0	0.0	-0.138534	0.138534	0.840477	8.74178
597.0	0.0	-0.132516	0.132516	0.85298	8.18321
598.0	0.0	-0.246407	0.246407	0.775044	11.9644
599.0	0.0	0.4046	0.4046	0.907633	5.79669
600.0	0.0	-0.275819	0.275819	0.855258	8.02267
601.0	0.0	0.31346	0.31346	0.852776	8.10861
602.0	0.0	-0.326907	0.326907	0.834328	8.93122
603.0	0.0	0.674625	0.674625	0.798144	10.3036
604.0	0.0	0.218585	0.218585	0.824353	9.46207
605.0	0.0	-0.330164	0.330164	0.831932	9.04003
606.0	0.0	0.291522	0.291522	0.93953	4.69957
607.0	0.0	-0.460057	0.460057	0.840377	8.544
608.0	0.0	0.0912464	0.0912464	0.812205	10.0931
609.0	0.0	0.21322	0.21322	0.771601	12.1716
610.0	0.0	-0.164024	0.164024	0.749379	13.4659
611.0	0.0	0.415484	0.415484	0.843192	8.45771
612.0	0.0	0.0300609	0.0300609	0.853643	8.17125
613.0	0.0	0.217939	0.217939	0.896515	6.34017
614.0	0.0	-0.250503	0.250503	0.910185	5.7967
615.0	0.0	0.259777	0.259777	0.795328	10.8785
616.0	0.0	0.527895	0.527895	0.863975	7.43983
617.0	0.0	0.50959	0.50959	0.866862	7.33691
618.0	0.0	0.204737	0.204737	0.885861	6.77059
619.0	0.0	-0.56607	0.56607	0.813893	9.67035
620.0	0.0	0.654711	0.654711	0.859874	7.46244
621.0	0.0	0.335486	0.335486	0.98201	3.24485
622.0	0.0	0.241137	0.241137	0.880348	6.97882
623.0	0.0	-0.772047	0.772047	0.862518	7.18107
624.0	0.0	-0.885327	0.885327	0.797958	9.95209
625.0	0.0	-0.114752	0.114752	0.83754	8.88254
626.0	0.0	-0.271159	0.271159	0.87143	7.33297
627.0	0.0	0.105396	0.105396	0.863599	7.72835
628.0	0.0	-0.130659	0.130659	0.755961	13.0917
629.0	0.0	0.736843	0.736843	0.869042	6.96108
630.0	0.0	0.592336	0.592336	0.891157	6.2547
631.0	0.0	0.27056	0.27056	0.847144	8.3843
632.0	0.0	0.12476	0.12476	0.807348	10.3261
633.0	0.0	-0.583523	0.583523	0.749677	13.0734
634.0	0.0	0.435959	0.435959	0.931164	4.90019
635.0	0.0	0.177862	0.177862	0.978671	3.42396
636.0	0.0	-0.290917	0.290917	0.878316	7.03577
637.0	0.0	0.0731385	0.0731385	0.819879	9.72224
638.0	0.0	0.77111	0.77111	0.759911	12.1864
639.0	0.0	-0.193907	0.193907	0.786195	11.39
640.0	0.0	0.474608	0.474608	0.854661	7.89507
641.0	0.0	-0.0472428	0.0472428	0.82283	9.58384
642.0	0.0	-0.466546	0.466546	0.878233	6.90631
643.0	0.0	0.932194	0.932194	0.817363	8.91624
644.0	0.0	-0.343975	0.343975	0.917481	5.46888
645.0	0.0	0.508624	0.508624	0.953607	4.05168
646.0	0.0	0.599542	0.599542	0.862801	7.40786
647.0	0.0	-0.352519	0.352519	0.834071	8.92464
648.0	0.0	0.765703	0.765703	0.857671	7.39681
649.0	0.0	-0.088319	0.088319	0.865249	7.66116
650.0	0.0	-0.395788	0.395788	0.951965	4.20064
651.0	0.0	0.578391	0.578391	0.907245	5.64744
652.0	0.0	-0.708817	0.708817	0.801272	10.0942
653.0	0.0	0.0815583	0.0815583	0.876336	7.19584
654.0	0.0	0.697476	0.697476	0.977418	3.06282
655.0	0.0	-0.211497	0.211497	0.948768	4.41333
656.0	0.0	0.00147235	0.00147235	0.849885	8.33846
657.0	0.0	-0.725933	0.725933	0.87079	6.90451
658.0	0.0	0.422488	0.422488	0.922093	5.24105
659.0	0.0	0.208487	0.208487	0.798028	10.7666
660.0	0.0	0.161681	0.161681	0.83759	8.86651
661.0	0.0	0.263908	0.263908	0.822175	9.54239
662.0	0.0	0.634464	0.634464	0.881753	6.57966
663.0	0.0	0.538845	0.538845	0.906205	5.7294
664.0	0.0	0.117227	0.117227	0.819257	9.74317
665.0	0.0	0.141741	0.141741	0.825047	9.45888
666.0	0.0	0.291318	0.291318	0.856197	7.97261
667.0	0.0	0.369732	0.369732	0.789991	11.0779
668.0	0.0	0.175429	0.175429	0.769679	12.2954
669.0	0.0	-0.513196	0.513196	0.789361	10.9682
670.0	0.0	0.39311	0.39311	0.936454	4.74409
671.0	0.0	0.382287	0.382287	0.802762	10.4118
672.0	0.0	0.383716	0.383716	0.856326	7.90277
673.0	0.0	-0.267426	0.267426	0.931527	4.99804
674.0	0.0	-0.00470155	0.00470155	0.853467	8.17991
675.0	0.0	0.255835	0.255835	0.767054	12.4017
676.0	0.0	0.717885	0.717885	0.841588	8.17285
677.0	0.0	0.145009	0.145009	0.861124	7.82459
678.0	0.0	-0.56395	0.56395	0.774951	11.6734
679.0	0.0	0.487241	0.487241	0.859835	7.65867
680.0	0.0	-0.540117	0.540117	0.770963	11.9217
681.0	0.0	-0.302741	0.302741	0.895538	6.33539
682.0	0.0	-0.469974	0.469974	0.805891	10.1726
683.0	0.0	0.600448	0.600448	0.886057	6.44797
684.0	0.0	0.171588	0.171588	0.918262	5.52446
685.0	0.0	-0.257643	0.257643	0.91217	5.71796
686.0	0.0	-0.061597	0.061597	0.923071	5.37045
687.0	0.0	-0.603455	0.603455	0.884327	6.5138
688.0	0.0	0.8084	0.8084	0.862599	7.11992
689.0	0.0	0.132024	0.132024	0.857557	7.98286
690.0	0.0	0.0789268	0.0789268	0.921804	5.41496
691.0	0.0	0.0255762	0.0255762	0.881406	6.99295
692.0	0.0	0.142289	0.142289	0.846765	8.45657
693.0	0.0	0.217431	0.217431	0.847558	8.39286
694.0	0.0	0.516058	0.516058	0.849933	8.06003
695.0	0.0	-0.651517	0.651517	0.842402	8.23075
696.0	0.0	-0.240392	0.240392	0.8251	9.41581
697.0	0.0	-0.0173728	0.0173728	0.769246	12.3551
698.0	0.0	-0.0380209	0.0380209	0.820002	9.72055
699.0	0.0	0.590512	0.590512	0.819028	9.39235
700.0	0.0	0.269247	0.269247	0.812057	10.0301
701.0	0.0	0.3484	0.3484	0.820865	9.54925
702.0	0.0	-0.204188	0.204188	0.938899	4.76217
703.0	0.0	0.390616	0.390616	0.82451	9.34194
704.0	0.0	0.0568911	0.0568911	0.93917	4.78831
705.0	0.0	-0.0469216	0.0469216	0.869109	7.50291
706.0	0.0	0.0813224	0.0813224	0.87915	7.07962
707.0	0.0	0.070537	0.070537	0.945012	4.58079
708.0	0.0	0.192522	0.192522	0.912115	5.74817
709.0	0.0	0.572487	0.572487	0.835983	8.62206
710.0	0.0	-1.04533	1.04533	0.773892	10.8525
711.0	0.0	-0.217957	0.217957	0.804449	10.4361
712.0	0.0	0.112886	0.112886	0.859703	7.89449
713.0	0.0	-0.372318	0.372318	0.907851	5.81254
714.0	0.0	0.281607	0.281607	0.841389	8.63703
715.0	0.0	-0.123412	0.123412	0.785291	11.4635
716.0	0.0	0.43001	0.43001	0.82059	9.49391
717.0	0.0	0.612728	0.612728	0.806965	9.94998
718.0	0.0	-0.152936	0.152936	0.831804	9.13717
719.0	0.0	0.638536	0.638536	0.884434	6.46663
720.0	0.0	-1.1492	1.1492	0.861861	6.48769
721.0	0.0	0.692896	0.692896	0.798856	10.24
722.0	0.0	0.0698922	0.0698922	0.773689	12.1035
723.0	0.0	0.187247	0.187247	0.885609	6.78759
724.0	0.0	0.140486	0.140486	0.786244	11.4077
725.0	0.0	0.797888	0.797888	0.799642	10.0287
726.0	0.0	0.387806	0.387806	0.836342	8.7924
727.0	0.0	0.479688	0.479688	0.952335	4.12103
728.0	0.0	-0.29954	0.29954	0.883482	6.8195
729.0	0.0	0.361614	0.361614	0.915557	5.52887
730.0	0.0	0.457536	0.457536	0.85634	7.83839
731.0	0.0	-0.704425	0.704425	0.850308	7.80698
732.0	0.0	-0.00409405	0.00409405	0.865623	7.65315
733.0	0.0	-0.460469	0.460469	0.88962	6.45172
734.0	0.0	0.546161	0.546161	0.829612	8.94686
735.0	0.0	-0.153302	0.153302	0.7674	12.4313
736.0	0.0	0.353139	0.353139	0.860545	7.74332
737.0	0.0	0.611036	0.611036	0.837695	8.49622
738.0	0.0	-0.116096	0.116096	0.932339	5.02321
739.0	0.0	-0.140343	0.140343	0.810512	10.1642
740.0	0.0	0.545671	0.545671	0.851123	7.97522
741.0	0.0	0.341924	0.341924	0.866281	7.50615
742.0	0.0	-0.611696	0.611696	0.82448	9.10637
743.0	0.0	0.149058	0.149058	0.94451	4.58242
744.0	0.0	-0.651892	0.651892	0.831283	8.73549
745.0	0.0	0.0779486	0.0779486	0.709683	15.9971
746.0	0.0	0.2064	0.2064	0.851126	8.23908
747.0	0.0	0.0881918	0.0881918	0.836996	8.91323
748.0	0.0	0.548225	0.548225	0.895684	6.12581
749.0	0.0	-0.041237	0.041237	0.871393	7.40717
750.0	0.0	-0.561429	0.561429	0.797009	10.516
751.0	0.0	0.342696	0.342696	0.796867	10.7434
752.0	0.0	0.607437	0.607437	0.866908	7.22472
753.0	0.0	0.0151892	0.0151892	0.849859	8.33938
754.0	0.0	-0.188448	0.188448	0.824771	9.45538
755.0	0.0	0.0666716	0.0666716	0.889135	6.67587
756.0	0.0	0.115416	0.115416	0.865274	7.65443
757.0	0.0	0.18456	0.18456	0.917229	5.55865
758.0	0.0	0.585415	0.585415	0.891382	6.25381
759.0	0.0	0.221408	0.221408	0.955792	4.16797
760.0	0.0	0.532456	0.532456	0.850083	8.03568
761.0	0.0	-0.405077	0.405077	0.955887	4.06006
762.0	0.0	-0.272752	0.272752	0.838353	8.78052
763.0	0.0	-0.461449	0.461449	0.964221	3.73592
764.0	0.0	-0.188529	0.188529	0.933342	4.9664
765.0	0.0	-0.3077	0.3077	0.887538	6.65072
766.0	0.0	0.117704	0.117704	0.834946	9.00139
767.0	0.0	0.283382	0.283382	0.822589	9.5111
768.0	0.0	0.0527294	0.0527294	0.885738	6.81447
769.0	0.0	-0.316555	0.316555	0.781032	11.5942
770.0	0.0	-1.15986	1.15986	0.883192	5.60653
771.0	0.0	-0.0426649	0.0426649	0.866404	7.61802
772.0	0.0	0.195284	0.195284	0.927909	5.16058
773.0	0.0	0.36192	0.36192	0.896835	6.24597
774.0	0.0	-0.413253	0.413253	0.83244	8.95082
775.0	0.0	-0.398614	0.398614	0.809216	10.0756
776.0	0.0	-0.0729516	0.0729516	0.922476	5.39097
777.0	0.0	-0.68734	0.68734	0.763389	12.133
778.0	0.0	0.141858	0.141858	0.886557	6.76411
779.0	0.0	0.154862	0.154862	0.852934	8.17858
780.0	0.0	0.72165	0.72165	0.850375	7.77885
781.0	0.0	0.38368	0.38368	0.916321	5.48463
782.0	0.0	0.489795	0.489795	0.888597	6.46509
783.0	0.0	-0.206129	0.206129	0.883094	6.88227
784.0	0.0	0.322222	0.322222	0.847071	8.35561
785.0	0.0	0.0746627	0.0746627	0.87191	7.38154
786.0	0.0	0.139916	0.139916	0.871229	7.39597
787.0	0.0	-0.0181912	0.0181912	0.819634	9.73951
788.0	0.0	-0.0541536	0.0541536	0.837225	8.90786
789.0	0.0	-0.148426	0.148426	0.789629	11.2264
790.0	0.0	-0.444046	0.444046	0.822567	9.38631
791.0	0.0	0.238811	0.238811	0.855147	8.04717
792.0	0.0	0.0559402	0.0559402	0.848558	8.39429
793.0	0.0	-0.0342252	0.0342252	0.783241	11.589
794.0	0.0	-0.626495	0.626495	0.948891	4.09118
795.0	0.0	-0.623344	0.623344	0.791769	10.703
796.0	0.0	1.18964	1.18964	0.758623	11.3158
797.0	0.0	0.120541	0.120541	0.825672	9.43521
798.0	0.0	-0.0993842	0.0993842	0.83176	9.15365
799.0	0.0	0.158934	0.158934	0.916046	5.61136
800.0	0.0	-0.0387869	0.0387869	0.913153	5.74307
801.0	0.0	0.185646	0.185646	0.897404	6.31798
802.0	0.0	-0.358943	0.358943	0.803628	10.3874
803.0	0.0	-0.325705	0.325705	0.813211	9.93674
804.0	0.0	-0.676686	0.676686	0.910941	5.39038
805.0	0.0	0.515647	0.515647	0.862959	7.49604
806.0	0.0	-0.245321	0.245321	0.894634	6.4019
807.0	0.0	0.130957	0.130957	0.826343	9.40057
808.0	0.0	-0.703992	0.703992	0.835486	8.46872
809.0	0.0	0.390732	0.390732	0.861637	7.66782
810.0	0.0	-0.244632	0.244632	0.926879	5.17769
811.0	0.0	-0.403104	0.403104	0.863857	7.56287
812.0	0.0	-0.270206	0.270206	0.932005	4.97942
813.0	0.0	0.440275	0.440275	0.837407	8.69785
814.0	0.0	0.168709	0.168709	0.861644	7.79456
815.0	0.0	-0.262783	0.262783	0.805417	10.3637
816.0	0.0	0.142725	0.142725	0.890797	6.59355
817.0	0.0	-0.445103	0.445103	0.844392	8.37719
818.0	0.0	0.0979463	0.0979463	0.877784	7.13295
819.0	0.0	0.521943	0.521943	0.804051	10.2078
820.0	0.0	0.496343	0.496343	0.890223	6.39403
821.0	0.0	-0.384843	0.384843	0.850929	8.13835
822.0	0.0	-0.404954	0.404954	0.848844	8.21416
823.0	0.0	0.346042	0.346042	0.916908	5.48888
824.0	0.0	0.79459	0.79459	0.867648	6.93074
825.0	0.0	-0.104305	0.104305	0.766849	12.477
826.0	0.0	-0.199568	0.199568	0.890606	6.58198
827.0	0.0	0.0393185	0.0393185	0.832702	9.11863
828.0	0.0	0.31207	0.31207	0.868681	7.42441
829.0	0.0	-0.2908	0.2908	0.933131	4.92808
830.0	0.0	0.284145	0.284145	0.890055	6.56365
831.0	0.0	0.146196	0.146196	0.895571	6.40299
832.0	0.0	-0.457267	0.457267	0.775731	11.756
833.0	0.0	-0.0779279	0.0779279	0.837191	8.9061
834.0	0.0	0.0206592	0.0206592	0.808386	10.291
835.0	0.0	0.342927	0.342927	0.89186	6.45542
836.0	0.0	-0.884617	0.884617	0.865574	6.86635
837.0	0.0	0.0652733	0.0652733	0.851112	8.27955
838.0	0.0	-0.314679	0.314679	0.841756	8.59965
839.0	0.0	0.174921	0.174921	0.880458	7.00187
840.0	0.0	0.462309	0.462309	0.878647	6.89323
841.0	0.0	-0.202083	0.202083	0.908036	5.89977
842.0	0.0	-0.428223	0.428223	0.895302	6.25497
843.0	0.0	0.386662	0.386662	0.891747	6.42856
844.0	0.0	-0.217488	0.217488	0.822417	9.55491
845.0	0.0	0.286403	0.286403	0.799899	10.628
846.0	0.0	-0.0108879	0.0108879	0.964824	3.90751
847.0	0.0	-0.38631	0.38631	0.765042	12.4167
848.0	0.0	-0.20875	0.20875	0.777569	11.8464
849.0	0.0	-0.252937	0.252937	0.757225	12.9627
850.0	0.0	-0.467405	0.467405	0.923284	5.1596
851.0	0.0	0.873861	0.873861	0.771368	11.3593
852.0	0.0	0.572768	0.572768	0.915215	5.35397
853.0	0.0	0.308003	0.308003	0.884474	6.77415
854.0	0.0	0.32719	0.32719	0.880967	6.90466
855.0	0.0	0.189617	0.189617	0.852735	8.17493
856.0	0.0	-0.597287	0.597287	0.763465	12.2632
857.0	0.0	-0.69443	0.69443	0.917774	5.11353
858.0	0.0	0.0871881	0.0871881	0.789495	11.2498
859.0	0.0	-0.507178	0.507178	0.792171	10.8291
860.0	0.0	0.266788	0.266788	0.874945	7.18868
861.0	0.0	-0.160315	0.160315	0.94054	4.71892
862.0	0.0	-0.333975	0.333975	0.845307	8.42649
863.0	0.0	0.429375	0.429375	0.860488	7.68478
864.0	0.0	-0.23035	0.23035	0.815515	9.88198
865.0	0.0	0.523494	0.523494	0.855018	7.82942
866.0	0.0	-0.166861	0.166861	0.921291	5.41342
867.0	0.0	0.13404	0.13404	0.944067	4.60188
868.0	0.0	-0.826927	0.826927	0.739066	13.2925
869.0	0.0	0.387827	0.387827	0.884009	6.73788
870.0	0.0	0.232745	0.232745	0.779165	11.7476
871.0	0.0	0.217089	0.217089	0.883326	6.86821
872.0	0.0	-0.476168	0.476168	0.89285	6.30918
873.0	0.0	-0.0237508	0.0237508	0.88562	6.82146
874.0	0.0	-0.507787	0.507787	0.808984	9.97876
875.0	0.0	0.68434	0.68434	0.814143	9.4984
876.0	0.0	-0.220773	0.220773	0.836777	8.87992
877.0	0.0	-0.0747568	0.0747568	0.808077	10.3008
878.0	0.0	-0.0129658	0.0129658	0.730591	14.6452
879.0	0.0	-1.00014	1.00014	0.829229	8.22772
880.0	0.0	0.247218	0.247218	0.804561	10.4154
881.0	0.0	-0.462482	0.462482	0.916373	5.41927
882.0	0.0	-0.00681631	0.00681631	0.828569	9.31379
883.0	0.0	0.215073	0.215073	0.750415	13.3815
884.0	0.0	-0.405033	0.405033	0.837761	8.71306
885.0	0.0	-0.164745	0.164745	0.879839	7.03071
886.0	0.0	0.295086	0.295086	0.894031	6.39936
887.0	0.0	-0.153559	0.153559	0.807793	10.2951
888.0	0.0	0.0529723	0.0529723	0.949769	4.41718
889.0	0.0	0.187217	0.187217	0.932532	4.99599
890.0	0.0	-0.388678	0.388678	0.859599	7.75707
891.0	0.0	0.0720774	0.0720774	0.889624	6.65551
892.0	0.0	0.0952455	0.0952455	0.80724	10.3386
893.0	0.0	0.176675	0.176675	0.764302	12.5968
894.0	0.0	-0.184301	0.184301	0.760115	12.832
895.0	0.0	-0.271237	0.271237	0.856968	7.95066
896.0	0.0	0.752931	0.752931	0.826312	8.81607
897.0	0.0	0.554332	0.554332	0.874966	6.95117
898.0	0.0	-0.11492	0.11492	0.905884	6.00902
899.0	0.0	0.458439	0.458439	0.910381	5.64773
900.0	0.0	-0.349976	0.349976	0.867417	7.45236
901.0	0.0	-0.0658991	0.0658991	0.967482	3.81511
902.0	0.0	0.112971	0.112971	0.878741	7.0903
903.0	0.0	0.610426	0.610426	0.795504	10.529
904.0	0.0	0.0455383	0.0455383	0.811466	10.1364
905.0	0.0	0.0995536	0.0995536	0.828244	9.3185
906.0	0.0	-0.755369	0.755369	0.791682	10.505
907.0	0.0	-0.701904	0.701904	0.759618	12.3217
908.0	0.0	0.186569	0.186569	0.960949	4.00617
909.0	0.0	0.596546	0.596546	0.861293	7.47571
910.0	0.0	0.322734	0.322734	0.951005	4.28155
911.0	0.0	0.11236	0.11236	0.882771	6.92523
912.0	0.0	0.199283	0.199283	0.846189	8.46203
913.0	0.0	-0.819503	0.819503	0.905058	5.40875
914.0	0.0	1.66659	1.66659	0.749617	10.2847
915.0	0.0	-0.0524799	0.0524799	0.896783	6.37348
916.0	0.0	-0.0227983	0.0227983	0.853146	8.19356
917.0	0.0	0.337679	0.337679	0.874945	7.1456
918.0	0.0	-0.434488	0.434488	0.916796	5.42736
919.0	0.0	0.466564	0.466564	0.882073	6.7496
920.0	0.0	-0.824463	0.824463	0.829265	8.56058
921.0	0.0	0.121954	0.121954	0.898927	6.27742
922.0	0.0	0.575087	0.575087	0.943284	4.3412
923.0	0.0	-0.378497	0.378497	0.729837	14.5155
924.0	0.0	0.756075	0.756075	0.840952	8.14298
925.0	0.0	0.161902	0.161902	0.905618	6.00666
926.0	0.0	0.3329	0.3329	0.838736	8.7246
927.0	0.0	-0.0448739	0.0448739	0.906457	5.99786
928.0	0.0	-1.08343	1.08343	0.803013	9.2804
929.0	0.0	-0.0425475	0.0425475	0.844479	8.57865
930.0	0.0	0.472742	0.472742	0.892402	6.33009
931.0	0.0	-0.182045	0.182045	0.864771	7.6557
932.0	0.0	0.228913	0.228913	0.827881	9.29007
933.0	0.0	0.220987	0.220987	0.815044	9.90959
934.0	0.0	0.000258638	0.000258638	0.839442	8.8093
935.0	0.0	-0.448604	0.448604	0.762357	12.5074
936.0	0.0	0.233911	0.233911	0.865859	7.58731
937.0	0.0	-0.702392	0.702392	0.890756	6.13164
938.0	0.0	-0.821432	0.821432	0.768362	11.6244
939.0	0.0	0.435502	0.435502	0.824167	9.3184
940.0	0.0	0.173639	0.173639	0.892837	6.50264
941.0	0.0	-0.130546	0.130546	0.906205	5.99295
942.0	0.0	-0.0305422	0.0305422	0.886915	6.76871
943.0	0.0	-0.444876	0.444876	0.902636	5.95532
944.0	0.0	-0.455639	0.455639	0.847303	8.23728
945.0	0.0	0.0095266	0.0095266	0.776346	11.9632
946.0	0.0	-0.187934	0.187934	0.858409	7.92736
947.0	0.0	0.729152	0.729152	0.979876	2.94492
948.0	0.0	-0.00256993	0.00256993	0.826021	9.43427
949.0	0.0	-0.159364	0.159364	0.93001	5.09622
950.0	0.0	-0.184788	0.184788	0.906977	5.94677
951.0	0.0	0.694495	0.694495	0.781825	11.1178
952.0	0.0	0.0512634	0.0512634	0.847695	8.43336
953.0	0.0	-0.20471	0.20471	0.849995	8.28994
954.0	0.0	-0.363589	0.363589	0.869712	7.34576
955.0	0.0	-0.505527	0.505527	0.788316	11.0316
956.0	0.0	-0.69096	0.69096	0.867422	7.09416
957.0	0.0	0.462956	0.462956	0.814872	9.73785
958.0	0.0	0.110274	0.110274	0.763444	12.6678
959.0	0.0	-0.488678	0.488678	0.85082	8.04937
960.0	0.0	-0.0755	0.0755	0.857404	8.00159
961.0	0.0	-0.616517	0.616517	0.839142	8.42365
962.0	0.0	0.0966561	0.0966561	0.824041	9.51837
963.0	0.0	-0.102252	0.102252	0.919898	5.48165
964.0	0.0	0.936526	0.936526	0.816363	8.95496
965.0	0.0	-0.434588	0.434588	0.92076	5.28033
966.0	0.0	0.127592	0.127592	0.876843	7.16518
967.0	0.0	0.581587	0.581587	0.813163	9.68653
968.0	0.0	0.345198	0.345198	0.866012	7.51525
969.0	0.0	0.12988	0.12988	0.951265	4.35258
970.0	0.0	-0.265062	0.265062	0.762765	12.638
971.0	0.0	0.258585	0.258585	0.934555	4.89357
972.0	0.0	-0.0240483	0.0240483	0.884647	6.86089
973.0	0.0	0.0371797	0.0371797	0.867021	7.59223
974.0	0.0	0.244485	0.244485	0.794036	10.954
975.0	0.0	0.0438433	0.0438433	0.788262	11.3212
976.0	0.0	-0.059547	0.059547	0.943054	4.65079
977.0	0.0	0.0563052	0.0563052	0.913594	5.7248
978.0	0.0	0.203956	0.203956	0.84885	8.34116
979.0	0.0	-0.306772	0.306772	0.822973	9.47788
980.0	0.0	0.512952	0.512952	0.864552	7.43113
981.0	0.0	-0.68245	0.68245	0.79959	10.2189
982.0	0.0	-0.802084	0.802084	0.893004	5.8982
983.0	0.0	0.361905	0.361905	0.853539	8.04125
984.0	0.0	0.497928	0.497928	0.853592	7.91841
985.0	0.0	-0.0572114	0.0572114	0.840183	8.77197
986.0	0.0	0.059881	0.059881	0.840748	8.74591
987.0	0.0	-0.0672446	0.0672446	0.946171	4.54069
988.0	0.0	-0.716206	0.716206	0.812665	9.52177
989.0	0.0	0.0693831	0.0693831	0.841246	8.72193
990.0	0.0	-0.63848	0.63848	0.830937	8.76972
991.0	0.0	0.231838	0.231838	0.76854	12.3321
992.0	0.0	-0.0181512	0.0181512	0.780727	11.725
993.0	0.0	-0.151453	0.151453	0.865407	7.63896
994.0	0.0	-0.378097	0.378097	0.922739	5.25088
995.0	0.0	-0.31133	0.31133	0.81738	9.74366
996.0	0.0	0.86026	0.86026	0.834227	8.271
997.0	0.0	0.0763572	0.0763572	0.852816	8.20258
998.0	0.0	0.221674	0.221674	0.90335	6.07195
999.0	0.0	0.000822235	0.000822235	0.835769	8.97805
1000.0	0.0	0.215963	0.215963	0.89659	6.33807
1001.0	0.0	-0.339298	0.339298	0.957101	4.06335
1002.0	0.0	0.620402	0.620402	0.865384	7.27283
1003.0	0.0	-0.544387	0.544387	0.760933	12.4766
1004.0	0.0	0.438779	0.438779	0.847892	8.22677
1005.0	0.0	0.636325	0.636325	0.906615	5.60403
1006.0	0.0	-0.313896	0.313896	0.778774	11.7179
1007.0	0.0	-0.72539	0.72539	0.872492	6.83501
1008.0	0.0	-1.01937	1.01937	0.759689	11.6858
1009.0	0.0	0.350293	0.350293	0.882234	6.83742
1010.0	0.0	-0.808296	0.808296	0.901957	5.54372
1011.0	0.0	-0.369249	0.369249	0.760518	12.6882
1012.0	0.0	0.442753	0.442753	0.905855	5.83347
1013.0	0.0	0.236815	0.236815	0.863117	7.70303
1014.0	0.0	-0.262863	0.262863	0.747186	13.5455
1015.0	0.0	0.251533	0.251533	0.743724	13.7598
1016.0	0.0	0.0715958	0.0715958	0.900342	6.23164
1017.0	0.0	-0.187857	0.187857	0.809987	10.1731
1018.0	0.0	0.834622	0.834622	0.816892	9.12181
1019.0	0.0	0.232881	0.232881	0.880912	6.95966
1020.0	0.0	-0.300664	0.300664	0.903947	6.00885
1021.0	0.0	0.28323	0.28323	0.832033	9.06594
1022.0	0.0	0.16141	0.16141	0.910815	5.80807
1023.0	0.0	0.215954	0.215954	0.8998	6.21231
1024.0	0.0	0.319077	0.319077	0.85237	8.12278
1025.0	0.0	-0.124069	0.124069	0.87268	7.33935
1026.0	0.0	0.033405	0.033405	0.856426	8.04899
1027.0	0.0	0.0574853	0.0574853	0.883002	6.92509
1028.0	0.0	0.327978	0.327978	0.956516	4.09006
1029.0	0.0	0.0647703	0.0647703	0.851263	8.27295
1030.0	0.0	-0.781294	0.781294	0.828173	8.68378
1031.0	0.0	-0.152866	0.152866	0.872094	7.35585
1032.0	0.0	0.405344	0.405344	0.867594	7.4025
1033.0	0.0	0.435773	0.435773	0.821055	9.46629
1034.0	0.0	0.0532129	0.0532129	0.90485	6.05896
1035.0	0.0	-0.721825	0.721825	0.697635	16.156
1036.0	0.0	-0.574791	0.574791	0.869377	7.16009
1037.0	0.0	0.192794	0.192794	0.866825	7.56413
1038.0	0.0	0.334956	0.334956	0.801066	10.5352
1039.0	0.0	-0.344581	0.344581	0.935162	4.82345
1040.0	0.0	0.479788	0.479788	0.839994	8.5419
1041.0	0.0	0.314938	0.314938	0.771735	12.1019
1042.0	0.0	0.404143	0.404143	0.90691	5.82466
1043.0	0.0	-0.206853	0.206853	0.866898	7.5553
1044.0	0.0	0.412324	0.412324	0.826189	9.24389
1045.0	0.0	0.450458	0.450458	0.874088	7.09194
1046.0	0.0	-0.640296	0.640296	0.81926	9.31549
1047.0	0.0	-0.016466	0.016466	0.892919	6.52879
1048.0	0.0	0.607049	0.607049	0.887765	6.37198
1049.0	0.0	0.24533	0.24533	0.812791	10.0075
1050.0	0.0	-0.27895	0.27895	0.967158	3.7598
1051.0	0.0	0.237039	0.237039	0.928068	5.13778
1052.0	0.0	-0.154497	0.154497	0.883966	6.86537
1053.0	0.0	0.124028	0.124028	0.762111	12.7399
1054.0	0.0	0.094057	0.094057	0.868215	7.53397
1055.0	0.0	0.500547	0.500547	0.773644	11.8221
1056.0	0.0	0.500548	0.500548	0.856221	7.80127
1057.0	0.0	0.341345	0.341345	0.793853	10.8997
1058.0	0.0	0.765311	0.765311	0.83344	8.46773
1059.0	0.0	0.36827	0.36827	0.758873	12.7831
1060.0	0.0	-0.169102	0.169102	0.92921	5.12225
1061.0	0.0	0.353924	0.353924	1.00191	2.61077
1062.0	0.0	0.0201403	0.0201403	0.859213	7.92842
1063.0	0.0	0.117786	0.117786	0.868735	7.50687
1064.0	0.0	0.473886	0.473886	0.743706	13.566
1065.0	0.0	-0.230891	0.230891	0.799249	10.6931
1066.0	0.0	0.304403	0.304403	0.786279	11.323
1067.0	0.0	-0.307168	0.307168	0.845542	8.43395
1068.0	0.0	-0.34934	0.34934	0.970704	3.60311
1069.0	0.0	0.217557	0.217557	0.903065	6.08472
1070.0	0.0	-0.00375255	0.00375255	0.80435	10.4937
1071.0	0.0	-0.498996	0.498996	0.852494	7.96536
1072.0	0.0	-0.335429	0.335429	0.819696	9.61498
1073.0	0.0	0.124011	0.124011	0.873828	7.29139
1074.0	0.0	-0.218599	0.218599	0.786473	11.3637
1075.0	0.0	-0.55996	0.55996	0.751726	12.9856
1076.0	0.0	-0.910548	0.910548	0.700572	15.5623
1077.0	0.0	0.101345	0.101345	0.797063	10.8532
1078.0	0.0	0.579877	0.579877	0.92084	5.13825
1079.0	0.0	0.283142	0.283142	0.879969	6.97234
1080.0	0.0	-0.267445	0.267445	0.909609	5.81015
1081.0	0.0	-0.0906647	0.0906647	0.925873	5.26321
1082.0	0.0	-0.0215436	0.0215436	0.944508	4.60261
1083.0	0.0	-0.248853	0.248853	0.829385	9.2092
1084.0	0.0	-0.767656	0.767656	0.875885	6.63332
1085.0	0.0	-0.101138	0.101138	0.902682	6.13561
1086.0	0.0	-0.0748348	0.0748348	0.735827	14.312
1087.0	0.0	0.340107	0.340107	0.897963	6.21673
1088.0	0.0	-0.646911	0.646911	0.835367	8.55493
1089.0	0.0	-0.194583	0.194583	0.971539	3.65096
1090.0	0.0	0.214837	0.214837	0.860808	7.81244
1091.0	0.0	0.225584	0.225584	0.849842	8.28738
1092.0	0.0	0.0323354	0.0323354	0.911447	5.80814
1093.0	0.0	0.622264	0.622264	0.95945	3.73853
1094.0	0.0	-0.435166	0.435166	0.84846	8.20484
1095.0	0.0	0.080024	0.080024	0.783792	11.5535
1096.0	0.0	0.887971	0.887971	0.760892	11.9069
1097.0	0.0	-0.0158204	0.0158204	0.801695	10.6277
1098.0	0.0	-0.582693	0.582693	0.945385	4.26021
1099.0	0.0	-0.332741	0.332741	0.709301	15.8889
1100.0	0.0	0.38649	0.38649	0.912131	5.63985
1101.0	0.0	-0.184069	0.184069	0.968046	3.76985
1102.0	0.0	0.13952	0.13952	0.934165	4.95185
1103.0	0.0	0.19817	0.19817	0.856783	7.99406
1104.0	0.0	0.867026	0.867026	0.761005	11.9431
1105.0	0.0	0.0353137	0.0353137	0.835556	8.98655
1106.0	0.0	0.201198	0.201198	0.833066	9.06022
1107.0	0.0	0.223074	0.223074	0.962592	3.93739
1108.0	0.0	0.501315	0.501315	0.932579	4.79228
1109.0	0.0	-0.535538	0.535538	0.765902	12.2081
1110.0	0.0	0.237661	0.237661	0.932128	4.99047
1111.0	0.0	-0.139435	0.139435	0.888597	6.68261
1112.0	0.0	-0.380335	0.380335	0.797205	10.6958
1113.0	0.0	0.0662724	0.0662724	0.818218	9.80358
1114.0	0.0	0.143713	0.143713	0.834217	9.02792
1115.0	0.0	0.668174	0.668174	0.819669	9.25689
1116.0	0.0	0.601294	0.601294	0.807684	9.92963
1117.0	0.0	-0.472402	0.472402	0.86353	7.51511
1118.0	0.0	-0.189587	0.189587	0.754416	13.1591
1119.0	0.0	0.223563	0.223563	0.895879	6.3628
1120.0	0.0	-0.276177	0.276177	0.88009	6.97129
1121.0	0.0	-0.399993	0.399993	0.858266	7.80554
1122.0	0.0	0.526913	0.526913	0.907368	5.69732
1123.0	0.0	-0.0746426	0.0746426	0.855107	8.10212
1124.0	0.0	0.305316	0.305316	0.889821	6.56066
1125.0	0.0	-0.58978	0.58978	0.841824	8.33636
1126.0	0.0	0.443401	0.443401	0.742564	13.6683
1127.0	0.0	0.495935	0.495935	0.754694	12.8934
1128.0	0.0	0.830018	0.830018	0.839904	8.06853
1129.0	0.0	-0.210621	0.210621	0.846593	8.43908
1130.0	0.0	0.359297	0.359297	0.803573	10.3899
1131.0	0.0	-0.331322	0.331322	0.85706	7.9094
1132.0	0.0	0.240597	0.240597	0.890034	6.58701
1133.0	0.0	-0.290021	0.290021	0.824575	9.41239
1134.0	0.0	0.03706	0.03706	0.936303	4.89219
1135.0	0.0	-0.199166	0.199166	0.78499	11.4517
1136.0	0.0	0.399418	0.399418	0.920824	5.30574
1137.0	0.0	-0.122161	0.122161	0.868072	7.53387
1138.0	0.0	0.530895	0.530895	0.808479	9.97743
1139.0	0.0	0.221159	0.221159	0.840018	8.73135
1140.0	0.0	0.614669	0.614669	0.945928	4.20648
1141.0	0.0	0.320663	0.320663	0.817607	9.72625
1142.0	0.0	0.276027	0.276027	0.942661	4.59737
1143.0	0.0	0.215062	0.215062	0.87145	7.35972
1144.0	0.0	-0.480724	0.480724	0.709748	15.7055
1145.0	0.0	0.0861562	0.0861562	0.888807	6.68609
1146.0	0.0	0.495062	0.495062	0.818642	9.52242
1147.0	0.0	0.3216	0.3216	0.843685	8.50789
1148.0	0.0	0.358066	0.358066	0.816893	9.73328
1149.0	0.0	-0.14191	0.14191	0.899055	6.26726
1150.0	0.0	0.187527	0.187527	0.853635	8.13612
1151.0	0.0	-0.382267	0.382267	0.87687	7.03378
1152.0	0.0	-0.183773	0.183773	0.797769	10.7907
1153.0	0.0	-0.760442	0.760442	0.926118	4.72008
1154.0	0.0	-0.242754	0.242754	0.909494	5.82665
1155.0	0.0	0.368749	0.368749	0.801902	10.4665
1156.0	0.0	-0.621507	0.621507	0.767251	12.0176
1157.0	0.0	-0.349802	0.349802	0.903962	5.9773
1158.0	0.0	-0.6055	0.6055	0.823942	9.13976
1159.0	0.0	-0.66675	0.66675	0.829697	8.78813
1160.0	0.0	-0.0739134	0.0739134	0.884198	6.87426
1161.0	0.0	-0.408231	0.408231	0.755003	12.9695
1162.0	0.0	0.60944	0.60944	0.920204	5.1285
1163.0	0.0	0.0419317	0.0419317	0.880392	7.03341
1164.0	0.0	0.211103	0.211103	0.951135	4.33168
1165.0	0.0	-0.101157	0.101157	0.86464	7.68466
1166.0	0.0	-0.302884	0.302884	0.809178	10.1512
1167.0	0.0	0.404945	0.404945	0.811796	9.94291
1168.0	0.0	0.277611	0.277611	0.828024	9.25694
1169.0	0.0	0.0256024	0.0256024	0.903645	6.10764
1170.0	0.0	-0.826815	0.826815	0.842658	7.95134
1171.0	0.0	-0.812941	0.812941	0.87955	6.41427
1172.0	0.0	-0.382385	0.382385	0.842354	8.52314
1173.0	0.0	0.258262	0.258262	0.868173	7.47698
1174.0	0.0	-0.0964815	0.0964815	0.879126	7.07792
1175.0	0.0	-0.602142	0.602142	0.850951	7.91605
1176.0	0.0	0.765743	0.765743	0.963827	3.4155
1177.0	0.0	0.534922	0.534922	0.929475	4.87125
1178.0	0.0	0.203322	0.203322	0.952196	4.29809
1179.0	0.0	-0.385573	0.385573	0.875974	7.06825
1180.0	0.0	-0.49892	0.49892	0.860355	7.6246
1181.0	0.0	0.354774	0.354774	0.88043	6.90788
1182.0	0.0	0.286335	0.286335	0.888254	6.6345
1183.0	0.0	0.295159	0.295159	0.778745	11.7326
1184.0	0.0	0.832264	0.832264	0.873134	6.64349
1185.0	0.0	0.218868	0.218868	0.938635	4.76575
1186.0	0.0	0.536502	0.536502	0.813727	9.71373
1187.0	0.0	-0.0453989	0.0453989	0.80193	10.6138
1188.0	0.0	0.681501	0.681501	0.917018	5.15818
1189.0	0.0	-0.49267	0.49267	0.801084	10.3896
1190.0	0.0	0.142922	0.142922	0.847731	8.41316
1191.0	0.0	0.713633	0.713633	0.896216	5.90275
1192.0	0.0	-0.0820567	0.0820567	0.920359	5.46806
1193.0	0.0	-0.13057	0.13057	0.753923	13.2104
1194.0	0.0	-0.338366	0.338366	0.851689	8.13966
1195.0	0.0	-0.257347	0.257347	0.952269	4.27281
1196.0	0.0	-0.432477	0.432477	0.830125	9.04117
1197.0	0.0	-0.783663	0.783663	0.892532	5.94483
1198.0	0.0	-0.28067	0.28067	0.833037	9.02084
1199.0	0.0	0.101041	0.101041	0.85976	7.89461
1200.0	0.0	-0.710501	0.710501	0.913736	5.24163
1201.0	0.0	0.0309219	0.0309219	0.926896	5.23263
1202.0	0.0	-1.1722	1.1722	0.865032	6.30487
1203.0	0.0	-0.130153	0.130153	0.829537	9.25019
1204.0	0.0	0.00745238	0.00745238	0.917179	5.59301
1205.0	0.0	-0.31794	0.31794	0.698126	16.6654
1206.0	0.0	0.321286	0.321286	0.932158	4.94561
1207.0	0.0	-0.494831	0.494831	0.854123	7.89838
1208.0	0.0	-0.0162847	0.0162847	0.82365	9.54682
1209.0	0.0	-0.547226	0.547226	0.897468	6.05723
1210.0	0.0	0.764144	0.764144	0.900607	5.66168
1211.0	0.0	0.120981	0.120981	0.919321	5.49913
1212.0	0.0	0.355989	0.355989	0.910587	5.71994
1213.0	0.0	0.0824347	0.0824347	0.922179	5.40054
1214.0	0.0	-0.0998545	0.0998545	0.846892	8.4616
1215.0	0.0	-0.477422	0.477422	0.880702	6.79519
1216.0	0.0	-0.317904	0.317904	0.839724	8.68983
1217.0	0.0	-0.150671	0.150671	0.815306	9.92531
1218.0	0.0	0.308959	0.308959	0.875369	7.14667
1219.0	0.0	-1.20082	1.20082	0.797171	9.27921
1220.0	0.0	0.601149	0.601149	0.826713	9.01516
1221.0	0.0	-0.250795	0.250795	0.791862	11.0634
1222.0	0.0	-0.528253	0.528253	0.87336	7.04579
1223.0	0.0	-0.487347	0.487347	0.940329	4.53028
1224.0	0.0	0.0463669	0.0463669	0.901859	6.17544
1225.0	0.0	-0.127508	0.127508	0.884065	6.86893
1226.0	0.0	-0.202451	0.202451	0.953801	4.24336
1227.0	0.0	0.908474	0.908474	0.835153	8.14067
1228.0	0.0	-0.422952	0.422952	0.879912	6.87618
1229.0	0.0	0.207036	0.207036	0.948758	4.41538
1230.0	0.0	0.392072	0.392072	0.929581	4.99128
1231.0	0.0	0.0474382	0.0474382	0.902655	6.14443
1232.0	0.0	-0.439112	0.439112	0.824585	9.29523
1233.0	0.0	0.095577	0.095577	0.939572	4.76858
1234.0	0.0	0.632572	0.632572	0.845708	8.10858
1235.0	0.0	0.0935733	0.0935733	0.86705	7.5835
1236.0	0.0	0.278267	0.278267	0.812562	9.99987
1237.0	0.0	-0.527667	0.527667	0.778789	11.5113
1238.0	0.0	-0.00387625	0.00387625	0.8188	9.78015
1239.0	0.0	-0.188193	0.188193	0.863874	7.69169
1240.0	0.0	-0.16115	0.16115	0.882969	6.90386
1241.0	0.0	-0.132222	0.132222	0.730805	14.6103
1242.0	0.0	0.159131	0.159131	0.730224	14.637
1243.0	0.0	-0.140838	0.140838	0.823362	9.53945
1244.0	0.0	-0.151251	0.151251	0.872793	7.32708
1245.0	0.0	0.524068	0.524068	0.898953	6.02352
1246.0	0.0	0.1445	0.1445	0.825702	9.42693
1247.0	0.0	0.81227	0.81227	0.806274	9.67467
1248.0	0.0	-0.285541	0.285541	0.843769	8.52707
1249.0	0.0	0.21439	0.21439	0.883911	6.8456
1250.0	0.0	-0.40761	0.40761	0.910818	5.67338
1251.0	0.0	-0.0451603	0.0451603	0.854363	8.13845
1252.0	0.0	0.768358	0.768358	0.899796	5.68659
1253.0	0.0	-0.211462	0.211462	0.83051	9.17489
1254.0	0.0	-0.155814	0.155814	0.775164	12.0
1255.0	0.0	-0.0806501	0.0806501	0.901957	6.16742
1256.0	0.0	-0.410716	0.410716	0.800991	10.4763
1257.0	0.0	0.0103514	0.0103514	0.81909	9.76603
1258.0	0.0	0.0533263	0.0533263	0.941074	4.72126
1259.0	0.0	0.796152	0.796152	0.871832	6.75519
1260.0	0.0	-0.0846889	0.0846889	0.796292	10.8964
1261.0	0.0	0.661901	0.661901	0.848942	7.92654
1262.0	0.0	-0.0890097	0.0890097	0.80422	10.4915
1263.0	0.0	0.153867	0.153867	0.920497	5.4468
1264.0	0.0	0.478669	0.478669	0.954879	4.03526
1265.0	0.0	-0.538066	0.538066	0.820696	9.37624
1266.0	0.0	-0.285811	0.285811	0.867538	7.48865
1267.0	0.0	-0.102729	0.102729	0.798145	10.7974
1268.0	0.0	0.884015	0.884015	0.845609	7.72072
1269.0	0.0	0.500742	0.500742	0.788305	11.0376
1270.0	0.0	0.275541	0.275541	0.806376	10.308
1271.0	0.0	-0.352858	0.352858	0.873455	7.19699
1272.0	0.0	-0.511882	0.511882	0.844784	8.29307
1273.0	0.0	0.274708	0.274708	0.838719	8.76264
1274.0	0.0	0.132188	0.132188	0.8058	10.4015
1275.0	0.0	0.0426245	0.0426245	0.835534	8.987
1276.0	0.0	-0.467796	0.467796	0.791464	10.9088
1277.0	0.0	-0.43739	0.43739	0.925157	5.11666
1278.0	0.0	-0.196396	0.196396	0.888997	6.64765
1279.0	0.0	-0.138912	0.138912	0.818399	9.77861
1280.0	0.0	-0.16159	0.16159	0.885403	6.80482
1281.0	0.0	0.990796	0.990796	0.843592	7.60487
1282.0	0.0	0.809111	0.809111	0.913817	5.09737
1283.0	0.0	-0.851981	0.851981	0.904822	5.36609
1284.0	0.0	-0.037291	0.037291	0.76575	12.55
1285.0	0.0	-0.66581	0.66581	0.810326	9.71088
1286.0	0.0	0.0475109	0.0475109	0.837922	8.87651
1287.0	0.0	-0.000818269	0.000818269	0.931314	5.07286
1288.0	0.0	0.33253	0.33253	0.838122	8.75291
1289.0	0.0	0.219458	0.219458	0.874293	7.23896
1290.0	0.0	0.472828	0.472828	0.90172	5.96585
1291.0	0.0	-0.353737	0.353737	0.84193	8.56438
1292.0	0.0	0.151804	0.151804	0.886535	6.76209
1293.0	0.0	-0.369864	0.369864	0.995164	2.80872
1294.0	0.0	0.284857	0.284857	0.932434	4.95634
1295.0	0.0	0.386765	0.386765	0.940778	4.59571
1296.0	0.0	0.469359	0.469359	0.787357	11.1217
1297.0	0.0	-0.118184	0.118184	0.904922	6.04536
1298.0	0.0	-0.544617	0.544617	0.850544	8.00185
1299.0	0.0	-0.496387	0.496387	0.807227	10.0782
1300.0	0.0	-0.913736	0.913736	0.908696	5.11782
1301.0	0.0	-0.356627	0.356627	0.797785	10.6855
1302.0	0.0	0.138818	0.138818	0.907476	5.94202
1303.0	0.0	-0.896787	0.896787	0.862911	6.95593
1304.0	0.0	-0.278242	0.278242	0.785627	11.3749
1305.0	0.0	-0.428585	0.428585	0.854336	7.95201
1306.0	0.0	0.491498	0.491498	0.844349	8.33382
1307.0	0.0	-1.35586	1.35586	0.824762	7.56828
1308.0	0.0	-0.266879	0.266879	0.738996	14.0369
1309.0	0.0	0.0412575	0.0412575	0.861919	7.81013
1310.0	0.0	0.0700958	0.0700958	0.895598	6.41809
1311.0	0.0	-0.0903554	0.0903554	0.946212	4.53589
1312.0	0.0	0.406432	0.406432	0.815132	9.77857
1313.0	0.0	-0.0765592	0.0765592	0.774777	12.0425
1314.0	0.0	-0.0180322	0.0180322	0.863884	7.72717
1315.0	0.0	0.431556	0.431556	0.856251	7.86597
1316.0	0.0	0.54042	0.54042	0.862593	7.48505
1317.0	0.0	0.00894818	0.00894818	0.906266	6.00707
1318.0	0.0	-0.138415	0.138415	0.887359	6.7327
1319.0	0.0	0.0859444	0.0859444	0.878039	7.12466
1320.0	0.0	0.400457	0.400457	0.930392	4.95576
1321.0	0.0	-0.174595	0.174595	0.891465	6.55691
1322.0	0.0	-0.193218	0.193218	0.836373	8.91059
1323.0	0.0	-0.160392	0.160392	0.943465	4.61584
1324.0	0.0	-0.0772796	0.0772796	0.77762	11.887
1325.0	0.0	0.508813	0.508813	0.837554	8.62271
1326.0	0.0	0.424416	0.424416	0.868633	7.34269
1327.0	0.0	0.247782	0.247782	0.865437	7.59847
1328.0	0.0	-0.112286	0.112286	0.828963	9.28179
1329.0	0.0	-0.672919	0.672919	0.925494	4.85937
1330.0	0.0	0.441207	0.441207	0.857991	7.78191
1331.0	0.0	-0.307009	0.307009	0.789607	11.1459
1332.0	0.0	0.000989711	0.000989711	0.79631	10.9035
1333.0	0.0	0.0791858	0.0791858	0.844242	8.58465
1334.0	0.0	-0.374331	0.374331	0.853913	8.01544
1335.0	0.0	0.662405	0.662405	0.931917	4.64184
1336.0	0.0	-0.500194	0.500194	0.864098	7.46349
1337.0	0.0	-0.568525	0.568525	0.785116	11.1234
1338.0	0.0	-0.372824	0.372824	0.849068	8.23016
1339.0	0.0	-0.702805	0.702805	0.854447	7.62932
1340.0	0.0	0.211228	0.211228	0.86896	7.46616
1341.0	0.0	0.268922	0.268922	0.868326	7.46482
1342.0	0.0	-0.180739	0.180739	0.790496	11.1689
1343.0	0.0	-0.126515	0.126515	0.883267	6.90162
1344.0	0.0	-0.0298783	0.0298783	0.734237	14.4163
1345.0	0.0	-0.737593	0.737593	0.906244	5.48526
1346.0	0.0	-1.09199	1.09199	0.874851	6.08408
1347.0	0.0	0.0997552	0.0997552	0.853271	8.17826
1348.0	0.0	0.0181461	0.0181461	0.807017	10.3595
1349.0	0.0	0.330657	0.330657	0.812645	9.96091
1350.0	0.0	0.52968	0.52968	0.928956	4.89517
1351.0	0.0	0.142524	0.142524	0.868655	7.50371
1352.0	0.0	0.810918	0.810918	0.790781	10.4548
1353.0	0.0	-0.120224	0.120224	0.907961	5.92812
1354.0	0.0	-0.0316905	0.0316905	0.746097	13.6927
1355.0	0.0	0.426632	0.426632	0.84804	8.23114
1356.0	0.0	0.195314	0.195314	0.83614	8.92046
1357.0	0.0	0.283565	0.283565	0.87395	7.22076
1358.0	0.0	0.347636	0.347636	0.884365	6.75277
1359.0	0.0	0.322349	0.322349	0.785611	11.3456
1360.0	0.0	-0.0177563	0.0177563	0.869369	7.49383
1361.0	0.0	-0.616997	0.616997	0.89911	5.91483
1362.0	0.0	-0.184992	0.184992	0.84266	8.6268
1363.0	0.0	-0.00733022	0.00733022	0.983888	3.28408
1364.0	0.0	0.00392843	0.00392843	0.864104	7.71805
1365.0	0.0	0.116321	0.116321	0.8336	9.06411
1366.0	0.0	0.064226	0.064226	0.80643	10.3846
1367.0	0.0	0.366028	0.366028	0.892789	6.40251
1368.0	0.0	-0.552243	0.552243	0.798454	10.4539
1369.0	0.0	0.139979	0.139979	0.940476	4.72685
1370.0	0.0	0.258587	0.258587	0.963187	3.90197
1371.0	0.0	-0.66435	0.66435	0.856608	7.58961
1372.0	0.0	-0.0516196	0.0516196	0.823679	9.54282
1373.0	0.0	0.271988	0.271988	0.931875	4.98318
1374.0	0.0	0.122703	0.122703	0.90969	5.86148
1375.0	0.0	0.279453	0.279453	0.867617	7.48896
1376.0	0.0	0.363164	0.363164	0.864602	7.56226
1377.0	0.0	0.382958	0.382958	0.811584	9.97222
1378.0	0.0	0.649302	0.649302	0.749399	12.9933
1379.0	0.0	-0.238292	0.238292	0.831434	9.11885
1380.0	0.0	-0.485597	0.485597	0.882895	6.6983
1381.0	0.0	0.0232802	0.0232802	0.901798	6.17939
1382.0	0.0	0.608697	0.608697	0.796306	10.4904
1383.0	0.0	-0.122061	0.122061	0.827567	9.34511
1384.0	0.0	0.0330009	0.0330009	0.91523	5.66516
1385.0	0.0	0.581951	0.581951	0.805019	10.0867
1386.0	0.0	0.260684	0.260684	0.76619	12.4472
1387.0	0.0	0.035347	0.035347	0.912271	5.77672
1388.0	0.0	-0.024913	0.024913	0.800259	10.7004
1389.0	0.0	0.838151	0.838151	0.842825	7.92454
1390.0	0.0	-0.868294	0.868294	0.815936	9.10622
1391.0	0.0	0.676586	0.676586	0.818058	9.32162
1392.0	0.0	-0.614467	0.614467	0.825734	9.04382
1393.0	0.0	0.245604	0.245604	0.859288	7.86359
1394.0	0.0	0.496921	0.496921	0.934198	4.73855
1395.0	0.0	0.984785	0.984785	0.837177	7.90078
1396.0	0.0	0.188275	0.188275	0.893659	6.46478
1397.0	0.0	0.215531	0.215531	0.919168	5.4745
1398.0	0.0	-0.167839	0.167839	0.85132	8.24547
1399.0	0.0	-0.304326	0.304326	0.796043	10.8135
1400.0	0.0	0.29108	0.29108	0.763457	12.5818
1401.0	0.0	1.21964	1.21964	0.75532	11.4165
1402.0	0.0	-0.55054	0.55054	0.893943	6.19158
1403.0	0.0	0.172214	0.172214	0.86479	7.65844
1404.0	0.0	0.456762	0.456762	0.751645	13.1151
1405.0	0.0	-0.787433	0.787433	0.819411	9.08377
1406.0	0.0	-0.212834	0.212834	0.922504	5.35199
1407.0	0.0	-0.326945	0.326945	0.804393	10.3732
1408.0	0.0	0.339156	0.339156	0.893936	6.37571
1409.0	0.0	-0.0825516	0.0825516	0.958952	4.09903
1410.0	0.0	-0.0356475	0.0356475	0.841908	8.69555
1411.0	0.0	-0.053022	0.053022	0.838629	8.84353
1412.0	0.0	0.50587	0.50587	0.78862	11.0153
1413.0	0.0	0.0144913	0.0144913	0.943802	4.6276
1414.0	0.0	-0.469097	0.469097	0.905111	5.83883
1415.0	0.0	-0.355242	0.355242	0.81389	9.88156
1416.0	0.0	0.133344	0.133344	0.88573	6.79986
1417.0	0.0	0.731994	0.731994	0.916753	5.10074
1418.0	0.0	0.497716	0.497716	0.859606	7.65801
1419.0	0.0	0.269458	0.269458	0.823788	9.4622
1420.0	0.0	0.0926137	0.0926137	0.902661	6.13804
1421.0	0.0	0.0622157	0.0622157	0.967205	3.82476
1422.0	0.0	0.248693	0.248693	0.862535	7.72206
1423.0	0.0	-0.309905	0.309905	0.771773	12.1034
1424.0	0.0	-0.660578	0.660578	0.80925	9.7711
1425.0	0.0	0.56105	0.56105	0.867809	7.24146
1426.0	0.0	0.196788	0.196788	0.872305	7.33148
1427.0	0.0	-0.469659	0.469659	0.856932	7.80119
1428.0	0.0	-0.145851	0.145851	0.898049	6.30559
1429.0	0.0	0.527427	0.527427	0.911166	5.55306
1430.0	0.0	0.0450404	0.0450404	0.881686	6.98012
1431.0	0.0	0.0471984	0.0471984	0.891531	6.58218
1432.0	0.0	-0.476438	0.476438	0.844851	8.32651
1433.0	0.0	0.244428	0.244428	0.899467	6.21251
1434.0	0.0	0.374173	0.374173	0.823591	9.39906
1435.0	0.0	0.303219	0.303219	0.853526	8.08218
1436.0	0.0	-0.0676727	0.0676727	0.952763	4.31228
1437.0	0.0	0.259595	0.259595	0.791777	11.0628
1438.0	0.0	0.691768	0.691768	0.929739	4.68272
1439.0	0.0	0.623236	0.623236	0.815286	9.52936
1440.0	0.0	0.600649	0.600649	0.852499	7.85018
1441.0	0.0	0.318046	0.318046	0.833687	8.96693
1442.0	0.0	0.321011	0.321011	0.926625	5.14624
1443.0	0.0	-0.317972	0.317972	0.892564	6.44368
1444.0	0.0	0.552839	0.552839	0.879617	6.7622
1445.0	0.0	0.149256	0.149256	0.827749	9.32862
1446.0	0.0	0.0877986	0.0877986	0.911612	5.79546
1447.0	0.0	0.632696	0.632696	0.917064	5.21699
1448.0	0.0	0.621582	0.621582	0.869969	7.07917
1449.0	0.0	-0.720361	0.720361	0.811859	9.55438
1450.0	0.0	0.217102	0.217102	0.921576	5.38453
1451.0	0.0	0.107417	0.107417	0.874651	7.26094
1452.0	0.0	0.635665	0.635665	0.889218	6.27947
1453.0	0.0	-0.433965	0.433965	0.876682	6.99932
1454.0	0.0	0.120166	0.120166	0.78184	11.6489
1455.0	0.0	-0.334982	0.334982	0.890093	6.5311
1456.0	0.0	0.998187	0.998187	0.845058	7.52576
1457.0	0.0	0.297529	0.297529	0.91361	5.64237
1458.0	0.0	-0.431807	0.431807	0.841473	8.5208
1459.0	0.0	0.539517	0.539517	0.841911	8.39163
1460.0	0.0	-0.296106	0.296106	0.812156	10.0086
1461.0	0.0	-0.00501627	0.00501627	0.85312	8.19521
1462.0	0.0	-0.142644	0.142644	0.89498	6.42733
1463.0	0.0	-0.2826	0.2826	0.871869	7.30816
1464.0	0.0	-0.600937	0.600937	0.827799	8.96466
1465.0	0.0	0.526611	0.526611	0.839517	8.51413
1466.0	0.0	-0.466836	0.466836	0.845257	8.31781
1467.0	0.0	0.97043	0.97043	0.827228	8.38016
1468.0	0.0	-0.352221	0.352221	0.860293	7.75482
1469.0	0.0	-0.207138	0.207138	0.893302	6.47164
1470.0	0.0	0.0784115	0.0784115	0.894887	6.44498
1471.0	0.0	-0.0240038	0.0240038	0.819736	9.73431
1472.0	0.0	-0.365577	0.365577	0.795013	10.8206
1473.0	0.0	-0.112849	0.112849	0.903548	6.09965
1474.0	0.0	-0.381902	0.381902	0.748769	13.3593
1475.0	0.0	0.387536	0.387536	0.908532	5.77547
1476.0	0.0	-0.108105	0.108105	0.817743	9.81867
1477.0	0.0	-0.204314	0.204314	0.874404	7.2408
1478.0	0.0	0.229941	0.229941	0.876835	7.12872
1479.0	0.0	0.707128	0.707128	0.853145	7.6795
1480.0	0.0	0.567608	0.567608	0.756191	12.717
1481.0	0.0	-0.233185	0.233185	0.903277	6.06968
1482.0	0.0	0.18052	0.18052	0.917985	5.53179
1483.0	0.0	0.197752	0.197752	0.77022	12.2556
1484.0	0.0	0.625163	0.625163	0.878878	6.70782
1485.0	0.0	-0.619418	0.619418	0.765603	12.1123
1486.0	0.0	-0.117283	0.117283	0.865312	7.65236
1487.0	0.0	-0.362949	0.362949	0.804706	10.33
1488.0	0.0	-0.0369032	0.0369032	0.908532	5.91892
1489.0	0.0	-0.127421	0.127421	0.825595	9.43701
1490.0	0.0	0.463936	0.463936	0.880539	6.81445
1491.0	0.0	0.25898	0.25898	0.8805	6.96367
1492.0	0.0	1.2312	1.2312	0.83001	7.66168
1493.0	0.0	-0.39657	0.39657	0.915184	5.51758
1494.0	0.0	-0.21601	0.21601	0.818949	9.72233
1495.0	0.0	0.65197	0.65197	0.795678	10.462
1496.0	0.0	0.567628	0.567628	0.933744	4.68481
1497.0	0.0	0.018125	0.018125	0.977675	3.48407
1498.0	0.0	-0.43747	0.43747	0.834267	8.84455
1499.0	0.0	-0.297397	0.297397	0.875426	7.15135
1500.0	0.0	0.340894	0.340894	0.846676	8.36034
1501.0	0.0	-0.505756	0.505756	0.822232	9.33932
1502.0	0.0	-0.117905	0.117905	0.830718	9.19805
1503.0	0.0	0.365463	0.365463	0.938641	4.68596
1504.0	0.0	0.0117367	0.0117367	0.921797	5.42102
1505.0	0.0	-0.156736	0.156736	0.899606	6.24142
1506.0	0.0	-0.625132	0.625132	0.883927	6.50364
1507.0	0.0	1.20984	1.20984	0.763088	11.0167
1508.0	0.0	-0.387974	0.387974	0.908704	5.7686
1509.0	0.0	-0.0258542	0.0258542	0.819466	9.74728
1510.0	0.0	-0.0211023	0.0211023	0.881349	6.9955
1511.0	0.0	-0.625719	0.625719	0.835784	8.56417
1512.0	0.0	-0.0648637	0.0648637	0.79794	10.815
1513.0	0.0	-0.341059	0.341059	0.844333	8.46523
1514.0	0.0	0.406302	0.406302	0.828939	9.11997
1515.0	0.0	-0.0477015	0.0477015	0.841118	8.73042
1516.0	0.0	0.0285213	0.0285213	0.878744	7.10218
1517.0	0.0	0.125239	0.125239	0.863813	7.71446
1518.0	0.0	0.194096	0.194096	0.804568	10.441
1519.0	0.0	0.184917	0.184917	0.814687	9.94298
1520.0	0.0	0.254547	0.254547	0.821244	9.59223
1521.0	0.0	0.236815	0.236815	0.858875	7.88582
1522.0	0.0	-0.085246	0.085246	0.882609	6.93718
1523.0	0.0	0.471554	0.471554	0.886997	6.54633
1524.0	0.0	0.477175	0.477175	0.808757	10.0229
1525.0	0.0	0.145806	0.145806	0.960484	4.03411
1526.0	0.0	-1.2432	1.2432	0.811033	8.5023
1527.0	0.0	-0.0631694	0.0631694	0.89185	6.56768
1528.0	0.0	0.385416	0.385416	0.862131	7.65086
1529.0	0.0	0.155169	0.155169	0.925751	5.25271
1530.0	0.0	0.487446	0.487446	0.882632	6.70719
1531.0	0.0	0.288049	0.288049	0.868469	7.44796
1532.0	0.0	-0.214926	0.214926	0.878186	7.07967
1533.0	0.0	-0.194723	0.194723	0.907573	5.92028
1534.0	0.0	-0.237813	0.237813	0.906405	5.94706
1535.0	0.0	-0.517927	0.517927	0.716902	15.1868
1536.0	0.0	0.134326	0.134326	0.822162	9.59873
1537.0	0.0	-0.542808	0.542808	0.806951	10.039
1538.0	0.0	-0.553901	0.553901	0.90398	5.79861
1539.0	0.0	0.190853	0.190853	0.95556	4.18739
1540.0	0.0	-0.40973	0.40973	0.801237	10.4648
1541.0	0.0	-0.276443	0.276443	0.874796	7.18959
1542.0	0.0	-0.610161	0.610161	0.925706	4.9269
1543.0	0.0	0.330811	0.330811	0.734321	14.2777
1544.0	0.0	-0.512911	0.512911	0.854218	7.87551
1545.0	0.0	0.185424	0.185424	0.746757	13.6129
1546.0	0.0	-0.445057	0.445057	0.764146	12.41
1547.0	0.0	-0.270418	0.270418	0.857378	7.93326
1548.0	0.0	0.031226	0.031226	0.843612	8.61867
1549.0	0.0	0.12871	0.12871	0.869002	7.49285
1550.0	0.0	0.169804	0.169804	0.920844	5.42902
1551.0	0.0	0.0408102	0.0408102	0.840816	8.74483
1552.0	0.0	0.777715	0.777715	0.905845	5.44247
1553.0	0.0	0.36327	0.36327	0.846328	8.35949
1554.0	0.0	-0.139643	0.139643	0.894964	6.4288
1555.0	0.0	0.379888	0.379888	0.824594	9.34684
1556.0	0.0	-0.422395	0.422395	0.933185	4.83852
1557.0	0.0	-0.0635353	0.0635353	0.875712	7.2244
1558.0	0.0	0.135713	0.135713	0.817291	9.8333
1559.0	0.0	0.994478	0.994478	0.692166	15.9331
1560.0	0.0	-0.136482	0.136482	0.791231	11.1463
1561.0	0.0	-0.0844015	0.0844015	0.796068	10.908
1562.0	0.0	0.211167	0.211167	0.818174	9.76204
1563.0	0.0	-0.057776	0.057776	0.87432	7.28301
1564.0	0.0	0.680915	0.680915	0.825187	8.97798
1565.0	0.0	0.259972	0.259972	0.925481	5.22147
1566.0	0.0	-0.0557098	0.0557098	0.760628	12.8391
1567.0	0.0	-0.311797	0.311797	0.851447	8.16821
1568.0	0.0	0.150876	0.150876	0.796416	10.8725
1569.0	0.0	0.333697	0.333697	0.807856	10.1953
1570.0	0.0	0.605606	0.605606	0.822752	9.19584
1571.0	0.0	0.685826	0.685826	0.771382	11.6933
1572.0	0.0	-0.4582	0.4582	0.799574	10.5024
1573.0	0.0	-0.198077	0.198077	0.918681	5.49951
1574.0	0.0	0.21387	0.21387	0.800065	10.66
1575.0	0.0	0.146423	0.146423	0.774748	12.026
1576.0	0.0	0.00317352	0.00317352	0.898216	6.31983
1577.0	0.0	-0.093154	0.093154	0.857755	7.98324
1578.0	0.0	0.0861172	0.0861172	0.857171	8.00999
1579.0	0.0	0.0814178	0.0814178	0.917499	5.57474
1580.0	0.0	-0.425641	0.425641	0.858844	7.75884
1581.0	0.0	1.22804	1.22804	0.835029	7.44654
1582.0	0.0	-0.109716	0.109716	0.847112	8.4496
1583.0	0.0	0.0189879	0.0189879	0.830827	9.20744
1584.0	0.0	0.460187	0.460187	0.84746	8.22601
1585.0	0.0	0.390822	0.390822	0.829614	9.10151
1586.0	0.0	-0.180449	0.180449	0.901607	6.15563
1587.0	0.0	-0.117912	0.117912	0.844505	8.56476
1588.0	0.0	0.361655	0.361655	0.897652	6.21414
1589.0	0.0	-0.109315	0.109315	0.790802	11.1763
1590.0	0.0	-0.223569	0.223569	0.744281	13.7424
1591.0	0.0	-0.120822	0.120822	0.922472	5.38232
1592.0	0.0	-0.219395	0.219395	0.887012	6.71795
1593.0	0.0	0.255819	0.255819	0.894529	6.4009
1594.0	0.0	0.0188725	0.0188725	0.839743	8.79517
1595.0	0.0	0.676896	0.676896	0.921319	5.00612
1596.0	0.0	0.148578	0.148578	0.846571	8.46336
1597.0	0.0	-0.213653	0.213653	0.781506	11.6312
1598.0	0.0	0.358695	0.358695	0.920789	5.33629
1599.0	0.0	0.243047	0.243047	0.858095	7.91658
1600.0	0.0	-0.898768	0.898768	0.87529	6.44218
1601.0	0.0	0.204133	0.204133	0.86339	7.70605
1602.0	0.0	0.834927	0.834927	0.791206	10.3893
1603.0	0.0	-0.0762449	0.0762449	0.865413	7.65619
1604.0	0.0	-0.341465	0.341465	0.889127	6.56537
1605.0	0.0	-0.374332	0.374332	0.859891	7.75572
1606.0	0.0	-0.56214	0.56214	0.81208	9.7634
1607.0	0.0	-0.116697	0.116697	0.839459	8.79412
1608.0	0.0	-0.246691	0.246691	0.900469	6.17234
1609.0	0.0	0.78079	0.78079	0.920691	4.88731
1610.0	0.0	0.209783	0.209783	0.844238	8.54523
1611.0	0.0	0.704166	0.704166	0.954024	3.82307
1612.0	0.0	0.822996	0.822996	0.945616	3.94505
1613.0	0.0	0.58348	0.58348	0.783142	11.2083
1614.0	0.0	0.270024	0.270024	0.835261	8.92415
1615.0	0.0	0.535965	0.535965	0.916664	5.33879
1616.0	0.0	-0.0106918	0.0106918	0.883134	6.92291
1617.0	0.0	-0.30232	0.30232	0.89152	6.4947
1618.0	0.0	-0.643969	0.643969	0.841329	8.28902
1619.0	0.0	0.0111876	0.0111876	0.86398	7.72326
1620.0	0.0	0.142577	0.142577	0.884863	6.83245
1621.0	0.0	0.24193	0.24193	0.9245	5.26601
1622.0	0.0	0.029609	0.029609	0.903579	6.10997
1623.0	0.0	-0.57851	0.57851	0.884348	6.54197
1624.0	0.0	-0.14619	0.14619	0.760632	12.8173
1625.0	0.0	-0.143102	0.143102	0.876574	7.17209
1626.0	0.0	0.0134081	0.0134081	0.862509	7.78631
1627.0	0.0	0.627885	0.627885	0.777683	11.4387
1628.0	0.0	-0.420928	0.420928	0.81914	9.5718
1629.0	0.0	0.401908	0.401908	0.922483	5.24274
1630.0	0.0	0.235697	0.235697	0.92548	5.23288
1631.0	0.0	0.59516	0.59516	0.969534	3.43455
1632.0	0.0	-0.700337	0.700337	0.860179	7.38677
1633.0	0.0	0.0562588	0.0562588	0.827848	9.34443
1634.0	0.0	0.754419	0.754419	0.865033	7.10226
1635.0	0.0	-0.34032	0.34032	0.932128	4.93493
1636.0	0.0	-0.120575	0.120575	0.8152	9.93938
1637.0	0.0	-0.130292	0.130292	0.841135	8.71416
1638.0	0.0	0.133585	0.133585	0.940804	4.71688
1639.0	0.0	-0.511946	0.511946	0.871809	7.12723
1640.0	0.0	-0.0939112	0.0939112	0.761153	12.8023
1641.0	0.0	0.216052	0.216052	0.846493	8.44114
1642.0	0.0	0.30946	0.30946	0.884175	6.78536
1643.0	0.0	0.30874	0.30874	0.895844	6.31974
1644.0	0.0	0.361912	0.361912	0.826625	9.26508
1645.0	0.0	0.146331	0.146331	0.801984	10.5895
1646.0	0.0	0.468272	0.468272	0.840201	8.54398
1647.0	0.0	0.240588	0.240588	0.802972	10.499
1648.0	0.0	0.113173	0.113173	0.87748	7.14231
1649.0	0.0	-0.0723562	0.0723562	0.832006	9.14716
1650.0	0.0	-0.304213	0.304213	0.880163	6.95205
1651.0	0.0	0.640648	0.640648	0.797342	10.3935
1652.0	0.0	0.421868	0.421868	0.76517	12.3759
1653.0	0.0	-0.262513	0.262513	0.788958	11.2086
1654.0	0.0	0.349227	0.349227	0.797027	10.7302
1655.0	0.0	0.226016	0.226016	0.872317	7.31848
1656.0	0.0	-0.372801	0.372801	0.834676	8.88113
1657.0	0.0	-0.563651	0.563651	0.863716	7.41127
1658.0	0.0	-0.0600378	0.0600378	0.759616	12.8966
1659.0	0.0	0.959945	0.959945	0.906731	5.1096
1660.0	0.0	0.272763	0.272763	0.773394	12.0391
1661.0	0.0	0.364709	0.364709	0.882261	6.82609
1662.0	0.0	-0.463756	0.463756	0.896463	6.17853
1663.0	0.0	0.530803	0.530803	0.882903	6.65253
1664.0	0.0	0.193565	0.193565	0.880535	6.99182
1665.0	0.0	1.02519	1.02519	0.811471	9.00312
1666.0	0.0	-0.403902	0.403902	0.924771	5.15732
1667.0	0.0	-0.153726	0.153726	0.731052	14.5872
1668.0	0.0	0.281333	0.281333	0.846174	8.42146
1669.0	0.0	1.03891	1.03891	0.919364	4.49949
1670.0	0.0	-0.0409168	0.0409168	0.934388	4.96052
1671.0	0.0	0.448695	0.448695	0.846413	8.28345
1672.0	0.0	-0.384893	0.384893	0.913886	5.57494
1673.0	0.0	-0.395383	0.395383	0.718842	15.2012
1674.0	0.0	0.434174	0.434174	0.882399	6.76532
1675.0	0.0	0.1151	0.1151	0.807183	10.3369
1676.0	0.0	-0.10018	0.10018	0.857192	8.00638
1677.0	0.0	-0.222813	0.222813	0.830894	9.15165
1678.0	0.0	0.294881	0.294881	0.823441	9.46331
1679.0	0.0	0.38948	0.38948	0.911916	5.64573
1680.0	0.0	0.165102	0.165102	0.869177	7.4746
1681.0	0.0	-0.135164	0.135164	0.817897	9.80405
1682.0	0.0	0.179062	0.179062	0.893714	6.46595
1683.0	0.0	0.0887705	0.0887705	0.903161	6.11933
1684.0	0.0	0.199337	0.199337	0.90749	5.92171
1685.0	0.0	-0.760293	0.760293	0.809127	9.62351
1686.0	0.0	-0.291942	0.291942	0.881398	6.90884
1687.0	0.0	0.307624	0.307624	0.933578	4.90264
1688.0	0.0	-0.558819	0.558819	0.770377	11.9303
1689.0	0.0	-0.0481904	0.0481904	0.901796	6.17772
1690.0	0.0	0.672434	0.672434	0.890099	6.19763
1691.0	0.0	-0.0600838	0.0600838	0.902039	6.16705
1692.0	0.0	0.523276	0.523276	0.850146	8.04287
1693.0	0.0	0.47325	0.47325	0.844708	8.33607
1694.0	0.0	0.0818562	0.0818562	0.893057	6.51699
1695.0	0.0	-0.312866	0.312866	0.840673	8.65001
1696.0	0.0	0.265863	0.265863	0.856744	7.96339
1697.0	0.0	-0.497877	0.497877	0.785262	11.2009
1698.0	0.0	-0.588249	0.588249	0.928256	4.85925
1699.0	0.0	-0.0805102	0.0805102	0.942266	4.67583
1700.0	0.0	-0.00908622	0.00908622	0.846923	8.47057
1701.0	0.0	0.0464246	0.0464246	0.908863	5.9055
1702.0	0.0	0.311923	0.311923	0.791681	11.0341
1703.0	0.0	0.0925978	0.0925978	0.806347	10.3839
1704.0	0.0	0.049623	0.049623	0.846361	8.4933
1705.0	0.0	-1.05973	1.05973	0.749012	12.1917
1706.0	0.0	0.331728	0.331728	0.756141	12.9708
1707.0	0.0	0.675849	0.675849	0.759105	12.3927
1708.0	0.0	-0.543063	0.543063	0.88029	6.74544
1709.0	0.0	-0.253919	0.253919	0.793371	10.9831
1710.0	0.0	-0.299407	0.299407	0.877199	7.07679
1711.0	0.0	0.355724	0.355724	0.829173	9.15011
1712.0	0.0	-0.109606	0.109606	0.858637	7.94148
1713.0	0.0	0.318077	0.318077	0.851439	8.16449
1714.0	0.0	-0.0813172	0.0813172	0.863144	7.75245
1715.0	0.0	0.160295	0.160295	0.892475	6.5214
1716.0	0.0	-0.0740527	0.0740527	0.893141	6.51484
1717.0	0.0	0.318298	0.318298	0.928668	5.07354
1718.0	0.0	-0.428112	0.428112	0.793747	10.8304
1719.0	0.0	0.0858231	0.0858231	0.880793	7.01137
1720.0	0.0	-0.35561	0.35561	0.916565	5.49531
1721.0	0.0	-0.441748	0.441748	0.794989	10.7531
1722.0	0.0	0.711212	0.711212	0.814635	9.43428
1723.0	0.0	-0.290582	0.290582	0.832492	9.04012
1724.0	0.0	0.792113	0.792113	0.916388	5.0281
1725.0	0.0	0.344764	0.344764	0.908371	5.81173
1726.0	0.0	-0.428229	0.428229	0.869887	7.28673
1727.0	0.0	-0.77279	0.77279	0.820142	9.07349
1728.0	0.0	-0.631474	0.631474	0.86814	7.14309
1729.0	0.0	0.555244	0.555244	0.868895	7.20245
1730.0	0.0	0.144637	0.144637	0.776755	11.9169
1731.0	0.0	0.345533	0.345533	0.824376	9.38394
1732.0	0.0	-0.015531	0.015531	0.803102	10.5565
1733.0	0.0	-0.495554	0.495554	0.8251	9.21441
1734.0	0.0	0.335276	0.335276	0.849597	8.23432
1735.0	0.0	0.620603	0.620603	0.775729	11.5544
1736.0	0.0	0.500583	0.500583	0.848512	8.13908
1737.0	0.0	0.614338	0.614338	0.731384	14.1313
1738.0	0.0	-0.0792551	0.0792551	0.944525	4.59664
1739.0	0.0	0.0932153	0.0932153	0.899479	6.26186
1740.0	0.0	0.0989566	0.0989566	0.799275	10.7404
1741.0	0.0	0.592674	0.592674	0.895219	6.09466
1742.0	0.0	-0.106959	0.106959	0.911623	5.79147
1743.0	0.0	0.332373	0.332373	0.807773	10.2003
1744.0	0.0	0.274242	0.274242	0.834234	8.96915
1745.0	0.0	-0.301943	0.301943	0.822203	9.51784
1746.0	0.0	0.0965874	0.0965874	0.949144	4.43284
1747.0	0.0	0.675135	0.675135	0.865264	7.20642
1748.0	0.0	-0.73915	0.73915	0.759728	12.2529
1749.0	0.0	-0.238923	0.238923	0.725276	14.9111
1750.0	0.0	-0.0688011	0.0688011	0.845157	8.54499
1751.0	0.0	0.391579	0.391579	0.887807	6.58197
1752.0	0.0	0.429321	0.429321	0.903253	5.94469
1753.0	0.0	0.11843	0.11843	0.811823	10.1057
1754.0	0.0	0.528402	0.528402	0.834268	8.75172
1755.0	0.0	-0.617772	0.617772	0.940183	4.40267
1756.0	0.0	0.207515	0.207515	0.937882	4.79703
1757.0	0.0	-0.547094	0.547094	0.803183	10.2216
1758.0	0.0	-0.161087	0.161087	0.952701	4.29484
1759.0	0.0	0.49158	0.49158	0.936564	4.65931
1760.0	0.0	-0.127509	0.127509	0.837111	8.89895
1761.0	0.0	1.24747	1.24747	0.769328	10.5779
1762.0	0.0	-0.24143	0.24143	0.837193	8.85071
1763.0	0.0	0.618095	0.618095	0.840024	8.38176
1764.0	0.0	-0.332479	0.332479	0.824696	9.37828
1765.0	0.0	0.688264	0.688264	0.80566	9.90722
1766.0	0.0	-0.348853	0.348853	0.891877	6.45072
1767.0	0.0	-0.499193	0.499193	0.852708	7.95577
1768.0	0.0	0.0168025	0.0168025	0.909235	5.8931
1769.0	0.0	0.0933475	0.0933475	0.952811	4.30684
1770.0	0.0	0.605354	0.605354	0.973608	3.29113
1771.0	0.0	0.396434	0.396434	0.864466	7.54237
1772.0	0.0	0.251865	0.251865	0.794485	10.9266
1773.0	0.0	0.792273	0.792273	0.901453	5.58745
1774.0	0.0	-0.0647088	0.0647088	0.718888	15.3897
1775.0	0.0	-0.287281	0.287281	0.793054	10.9793
1776.0	0.0	0.0590204	0.0590204	0.862757	7.77227
1777.0	0.0	-0.615703	0.615703	0.895991	6.03752
1778.0	0.0	-0.0421733	0.0421733	0.844127	8.59457
1779.0	0.0	0.221296	0.221296	0.906253	5.96022
1780.0	0.0	-0.455001	0.455001	0.866963	7.38589
1781.0	0.0	-0.133984	0.133984	0.886301	6.77663
1782.0	0.0	0.662576	0.662576	0.925419	4.87498
1783.0	0.0	0.242608	0.242608	0.884587	6.80536
1784.0	0.0	0.434759	0.434759	0.857537	7.80735
1785.0	0.0	0.0686303	0.0686303	0.908531	5.91574
1786.0	0.0	0.614123	0.614123	0.852116	7.85011
1787.0	0.0	-0.220552	0.220552	0.843816	8.55939
1788.0	0.0	0.0226765	0.0226765	0.774684	12.0538
1789.0	0.0	0.274425	0.274425	0.877762	7.06794
1790.0	0.0	0.548688	0.548688	0.869829	7.17067
1791.0	0.0	0.192864	0.192864	0.813979	9.97436
1792.0	0.0	-0.640537	0.640537	0.917814	5.17986
1793.0	0.0	1.21945	1.21945	0.798258	9.17765
1794.0	0.0	0.0754723	0.0754723	0.886828	6.76751
1795.0	0.0	-0.67849	0.67849	0.839091	8.34222
1796.0	0.0	0.584265	0.584265	0.915303	5.33809
1797.0	0.0	0.238717	0.238717	0.838551	8.78983
1798.0	0.0	-0.112527	0.112527	0.875683	7.21691
1799.0	0.0	0.0615142	0.0615142	0.793326	11.0538
1800.0	0.0	-0.187176	0.187176	0.878725	7.06861
1801.0	0.0	0.455758	0.455758	0.923579	5.1589
1802.0	0.0	0.570299	0.570299	0.843516	8.28402
1803.0	0.0	-1.12982	1.12982	0.739322	12.5748
1804.0	0.0	-0.621406	0.621406	0.853362	7.78655
1805.0	0.0	-0.688499	0.688499	0.895627	5.95972
1806.0	0.0	0.0773037	0.0773037	0.832869	9.10613
1807.0	0.0	-0.41663	0.41663	0.843689	8.43437
1808.0	0.0	0.299029	0.299029	0.879227	6.99354
1809.0	0.0	0.161359	0.161359	0.887353	6.72613
1810.0	0.0	0.310683	0.310683	0.856945	7.92801
1811.0	0.0	-0.0492853	0.0492853	0.883859	6.89109
1812.0	0.0	0.0221609	0.0221609	0.791967	11.1283
1813.0	0.0	0.115533	0.115533	0.871442	7.39332
1814.0	0.0	-0.643589	0.643589	0.850588	7.87885
1815.0	0.0	-0.666071	0.666071	0.806409	9.90298
1816.0	0.0	-0.148403	0.148403	0.836937	8.90085
1817.0	0.0	-0.67318	0.67318	0.850203	7.85573
1818.0	0.0	0.0228603	0.0228603	0.783548	11.5733
1819.0	0.0	0.517781	0.517781	0.891374	6.32707
1820.0	0.0	0.645269	0.645269	0.831014	8.75699
1821.0	0.0	0.28943	0.28943	0.897767	6.25554
1822.0	0.0	0.0300155	0.0300155	0.858538	7.95721
1823.0	0.0	0.00473287	0.00473287	0.844396	8.58424
1824.0	0.0	0.363041	0.363041	0.893553	6.37439
1825.0	0.0	0.0698288	0.0698288	0.870337	7.44837
1826.0	0.0	-0.159152	0.159152	0.83929	8.78946
1827.0	0.0	-0.0316284	0.0316284	0.85871	7.94963
1828.0	0.0	-0.0412874	0.0412874	0.82982	9.2532
1829.0	0.0	-0.510997	0.510997	0.818009	9.53553
1830.0	0.0	-0.291892	0.291892	0.858808	7.85882
1831.0	0.0	-0.680636	0.680636	0.849151	7.89147
1832.0	0.0	-0.0592377	0.0592377	0.846381	8.49129
1833.0	0.0	-0.990016	0.990016	0.812736	9.01805
1834.0	0.0	0.018843	0.018843	0.883692	6.89995
1835.0	0.0	-0.617519	0.617519	0.881363	6.61636
1836.0	0.0	0.20835	0.20835	0.961093	3.99351
1837.0	0.0	-0.490222	0.490222	0.851989	7.99645
1838.0	0.0	-0.349479	0.349479	0.852669	8.08859
1839.0	0.0	-0.531656	0.531656	0.885159	6.56068
1840.0	0.0	0.5916	0.5916	0.763462	12.2712
1841.0	0.0	-0.50594	0.50594	0.829167	9.01251
1842.0	0.0	0.0487044	0.0487044	0.826567	9.40583
1843.0	0.0	0.165385	0.165385	0.866074	7.60603
1844.0	0.0	0.159354	0.159354	0.787015	11.3604
1845.0	0.0	0.117921	0.117921	0.946204	4.53088
1846.0	0.0	-0.100869	0.100869	0.989218	3.10564
1847.0	0.0	-0.175811	0.175811	0.844932	8.52769
1848.0	0.0	0.0524361	0.0524361	0.869751	7.47523
1849.0	0.0	-0.0592862	0.0592862	0.822076	9.6186
1850.0	0.0	-0.67324	0.67324	0.845621	8.05755
1851.0	0.0	0.174344	0.174344	0.905265	6.01621
1852.0	0.0	0.137628	0.137628	0.831705	9.14656
1853.0	0.0	0.206044	0.206044	0.839475	8.76296
1854.0	0.0	0.105257	0.105257	0.886695	6.76752
1855.0	0.0	0.444103	0.444103	0.891451	6.39347
1856.0	0.0	0.810311	0.810311	0.83974	8.10927
1857.0	0.0	0.568556	0.568556	0.796991	10.508
1858.0	0.0	-0.631519	0.631519	0.869501	7.08621
1859.0	0.0	-0.347252	0.347252	0.895182	6.3211
1860.0	0.0	0.330203	0.330203	0.928703	5.065
1861.0	0.0	0.613562	0.613562	0.858501	7.57427
1862.0	0.0	-0.0325174	0.0325174	0.902578	6.14861
1863.0	0.0	0.24948	0.24948	0.855527	8.02521
1864.0	0.0	0.421386	0.421386	0.878435	6.938
1865.0	0.0	0.13317	0.13317	0.841278	8.70685
1866.0	0.0	0.202521	0.202521	0.830072	9.19932
1867.0	0.0	0.443398	0.443398	0.898175	6.12961
1868.0	0.0	-0.390432	0.390432	0.845523	8.37416
1869.0	0.0	0.20637	0.20637	0.866653	7.56592
1870.0	0.0	0.401275	0.401275	0.874313	7.12462
1871.0	0.0	-0.376066	0.376066	0.844941	8.4117
1872.0	0.0	0.408707	0.408707	0.893082	6.35849
1873.0	0.0	-0.124875	0.124875	0.890408	6.61384
1874.0	0.0	0.0680773	0.0680773	0.896738	6.37338
1875.0	0.0	0.502453	0.502453	0.883912	6.64072
1876.0	0.0	-0.41065	0.41065	0.787622	11.1661
1877.0	0.0	-0.511638	0.511638	0.798633	10.4926
1878.0	0.0	-0.669542	0.669542	0.897721	5.90332
1879.0	0.0	-0.60073	0.60073	0.970948	3.38245
1880.0	0.0	0.167081	0.167081	0.865734	7.61994
1881.0	0.0	-0.236002	0.236002	0.781737	11.6073
1882.0	0.0	0.420209	0.420209	0.894086	6.30948
1883.0	0.0	0.318859	0.318859	0.820473	9.58934
1884.0	0.0	-0.32507	0.32507	0.758184	12.8581
1885.0	0.0	-0.293505	0.293505	0.939559	4.69747
1886.0	0.0	-0.133487	0.133487	0.947487	4.48256
1887.0	0.0	0.00356835	0.00356835	0.887592	6.74231
1888.0	0.0	0.0649513	0.0649513	0.961936	4.00065
1889.0	0.0	-0.246162	0.246162	0.841863	8.63519
1890.0	0.0	0.391827	0.391827	0.916459	5.47348
1891.0	0.0	-0.275316	0.275316	0.811819	10.0382
1892.0	0.0	0.158213	0.158213	0.833067	9.07661
1893.0	0.0	-0.397189	0.397189	0.905399	5.88788
1894.0	0.0	0.135609	0.135609	0.759914	12.862
1895.0	0.0	0.19405	0.19405	0.915115	5.63443
1896.0	0.0	0.446304	0.446304	0.961009	3.85554
1897.0	0.0	0.0571589	0.0571589	0.802933	10.5617
1898.0	0.0	0.50506	0.50506	0.820434	9.4258
1899.0	0.0	-0.213481	0.213481	0.888744	6.65087
1900.0	0.0	-0.017536	0.017536	0.861442	7.83211
1901.0	0.0	0.274763	0.274763	0.81373	9.94472
1902.0	0.0	-0.52413	0.52413	0.885731	6.54552
1903.0	0.0	0.139367	0.139367	0.973514	3.60267
1904.0	0.0	-0.414802	0.414802	0.86395	7.54916
1905.0	0.0	-0.99676	0.99676	0.794558	9.89373
1906.0	0.0	0.373001	0.373001	0.850093	8.18458
1907.0	0.0	0.337656	0.337656	0.825955	9.31493
1908.0	0.0	-1.30056	1.30056	0.909628	4.28858
1909.0	0.0	-0.113364	0.113364	0.842	8.6792
1910.0	0.0	0.450651	0.450651	0.814025	9.79128
1911.0	0.0	-0.126623	0.126623	0.918232	5.53837
1912.0	0.0	0.325525	0.325525	0.864592	7.58906
1913.0	0.0	-0.15439	0.15439	0.802948	10.538
1914.0	0.0	-0.22275	0.22275	0.869703	7.42972
1915.0	0.0	0.933639	0.933639	0.885973	5.95296
1916.0	0.0	0.135933	0.135933	0.815466	9.92208
1917.0	0.0	-0.178577	0.178577	0.882971	6.89784
1918.0	0.0	-0.147895	0.147895	0.990397	3.05818
1919.0	0.0	0.295318	0.295318	0.84838	8.31457
1920.0	0.0	-0.546837	0.546837	0.786537	11.0759
1921.0	0.0	-0.583125	0.583125	0.830195	8.87556
1922.0	0.0	0.646309	0.646309	0.810267	9.74155
1923.0	0.0	-0.221672	0.221672	0.840297	8.71839
1924.0	0.0	-0.30284	0.30284	0.911522	5.71815
1925.0	0.0	0.549059	0.549059	0.827923	9.02226
1926.0	0.0	0.453066	0.453066	0.765198	12.3425
1927.0	0.0	0.0342363	0.0342363	0.859138	7.93088
1928.0	0.0	0.336996	0.336996	0.886526	6.67273
1929.0	0.0	0.326784	0.326784	0.902821	6.03647
1930.0	0.0	0.55644	0.55644	0.910003	5.56689
1931.0	0.0	0.378015	0.378015	0.912476	5.63303
1932.0	0.0	0.468977	0.468977	0.825402	9.2276
1933.0	0.0	-0.869184	0.869184	0.826479	8.60963
1934.0	0.0	-0.342145	0.342145	0.841691	8.58369
1935.0	0.0	0.555461	0.555461	0.823902	9.20369
1936.0	0.0	0.800443	0.800443	0.768497	11.656
1937.0	0.0	-0.0668377	0.0668377	0.854092	8.14785
1938.0	0.0	-0.475691	0.475691	0.820833	9.43771
1939.0	0.0	0.136783	0.136783	0.778392	11.8303
1940.0	0.0	-0.182983	0.182983	0.842422	8.63836
1941.0	0.0	-0.572334	0.572334	0.854579	7.79364
1942.0	0.0	-0.154616	0.154616	0.852399	8.20224
1943.0	0.0	0.400278	0.400278	0.90378	5.94769
1944.0	0.0	-0.14288	0.14288	0.840504	8.73928
1945.0	0.0	0.395905	0.395905	0.947255	4.36289
1946.0	0.0	0.415106	0.415106	0.801029	10.4703
1947.0	0.0	0.0193646	0.0193646	0.82402	9.52903
1948.0	0.0	-0.107818	0.107818	0.883531	6.89523
1949.0	0.0	-0.641625	0.641625	0.842955	8.21926
1950.0	0.0	0.303515	0.303515	0.771673	12.1135
1951.0	0.0	0.749088	0.749088	0.842477	8.08578
1952.0	0.0	-0.0926821	0.0926821	0.786567	11.4033
1953.0	0.0	0.660934	0.660934	0.773814	11.5992
1954.0	0.0	-0.0566538	0.0566538	0.857062	8.01907
1955.0	0.0	0.31957	0.31957	0.847614	8.33317
1956.0	0.0	-0.252681	0.252681	0.780739	11.6516
1957.0	0.0	0.290956	0.290956	0.96975	3.66796
1958.0	0.0	0.213273	0.213273	0.818533	9.74369
1959.0	0.0	-0.0702243	0.0702243	0.816354	9.89355
1960.0	0.0	0.389469	0.389469	0.884589	6.71313
1961.0	0.0	0.438372	0.438372	0.833811	8.86476
1962.0	0.0	-1.00581	1.00581	0.796691	9.76723
1963.0	0.0	0.12277	0.12277	0.862859	7.75601
1964.0	0.0	-0.212947	0.212947	0.967563	3.77553
1965.0	0.0	0.177016	0.177016	0.877931	7.10509
1966.0	0.0	-0.638521	0.638521	0.907337	5.57396
1967.0	0.0	-0.424846	0.424846	0.887405	6.57128
1968.0	0.0	-0.344832	0.344832	0.797338	10.7176
1969.0	0.0	-0.122568	0.122568	0.883715	6.88437
1970.0	0.0	0.0288039	0.0288039	0.909294	5.89032
1971.0	0.0	-0.0181671	0.0181671	0.826377	9.41705
1972.0	0.0	-0.586044	0.586044	0.848267	8.05388
1973.0	0.0	-0.202998	0.202998	0.775462	11.9641
1974.0	0.0	1.2442	1.2442	0.726971	12.9912
1975.0	0.0	-0.400038	0.400038	0.821383	9.48276
1976.0	0.0	-0.346686	0.346686	0.784608	11.3803
1977.0	0.0	0.191005	0.191005	0.893359	6.47567
1978.0	0.0	0.122286	0.122286	0.92443	5.30981
1979.0	0.0	0.516762	0.516762	0.851441	7.99295
1980.0	0.0	0.567924	0.567924	0.901389	5.88299
1981.0	0.0	-0.00969946	0.00969946	0.834191	9.05099
1982.0	0.0	-0.213997	0.213997	0.849669	8.30037
1983.0	0.0	0.339559	0.339559	0.785423	11.3427
1984.0	0.0	-0.188416	0.188416	0.914006	5.67826
1985.0	0.0	-0.90533	0.90533	0.812189	9.21535
1986.0	0.0	-0.193148	0.193148	0.7952	10.919
1987.0	0.0	0.056794	0.056794	0.888987	6.68301
1988.0	0.0	-0.505042	0.505042	0.87386	7.0491
1989.0	0.0	0.14072	0.14072	0.860849	7.8377
1990.0	0.0	0.195732	0.195732	0.869972	7.42987
1991.0	0.0	0.485783	0.485783	0.813424	9.7848
1992.0	0.0	-0.436262	0.436262	0.869134	7.31134
1993.0	0.0	0.0549553	0.0549553	0.85806	7.97582
1994.0	0.0	0.323391	0.323391	0.859233	7.82053
1995.0	0.0	-0.50132	0.50132	0.819358	9.48135
1996.0	0.0	-0.499925	0.499925	0.791992	10.8465
1997.0	0.0	-0.110329	0.110329	0.910707	5.82555
1998.0	0.0	-0.274975	0.274975	0.733563	14.3663
1999.0	0.0	-0.859058	0.859058	0.779012	10.9788
2000.0	0.0	-0.564094	0.564094	0.88112	6.68863
2001.0	0.0	0.770861	0.770861	0.888707	6.11426
2002.0	0.0	-0.280821	0.280821	0.908004	5.8643
2003.0	0.0	0.10358	0.10358	0.854949	8.10374
2004.0	0.0	-0.0702964	0.0702964	0.824282	9.51159
2005.0	0.0	0.218208	0.218208	0.829869	9.20179
2006.0	0.0	-0.0691489	0.0691489	0.801185	10.6486
2007.0	0.0	-0.534723	0.534723	0.831412	8.87643
2008.0	0.0	0.679598	0.679598	0.810675	9.67374
2009.0	0.0	-0.0715437	0.0715437	0.8424	8.66919
2010.0	0.0	0.723858	0.723858	0.858581	7.42104
2011.0	0.0	-0.442421	0.442421	0.923357	5.17832
2012.0	0.0	-0.696223	0.696223	0.898231	5.8484
2013.0	0.0	0.405592	0.405592	0.806178	10.2203
2014.0	0.0	0.0979222	0.0979222	0.907799	5.93902
2015.0	0.0	0.166319	0.166319	0.829054	9.26137
2016.0	0.0	-0.483089	0.483089	0.894702	6.22973
2017.0	0.0	-0.413931	0.413931	0.882037	6.79709
2018.0	0.0	0.415285	0.415285	0.871322	7.23769
2019.0	0.0	0.155493	0.155493	0.833724	9.04703
2020.0	0.0	0.196519	0.196519	0.796383	10.8565
2021.0	0.0	0.912313	0.912313	0.795402	10.0274
2022.0	0.0	0.134733	0.134733	0.866941	7.57856
2023.0	0.0	-0.468835	0.468835	0.766583	12.248
2024.0	0.0	-0.267766	0.267766	0.902893	6.0677
2025.0	0.0	-0.203834	0.203834	0.879846	7.016
2026.0	0.0	0.0101988	0.0101988	0.79779	10.8273
2027.0	0.0	1.59268	1.59268	0.860034	5.38649
2028.0	0.0	0.547147	0.547147	0.889337	6.37723
2029.0	0.0	0.258254	0.258254	0.799103	10.6856
2030.0	0.0	-0.229816	0.229816	0.787114	11.3241
2031.0	0.0	0.0743633	0.0743633	0.809128	10.2485
2032.0	0.0	0.30037	0.30037	0.864743	7.5987
2033.0	0.0	0.584174	0.584174	0.896121	6.06916
2034.0	0.0	-0.119458	0.119458	0.766098	12.5153
2035.0	0.0	-0.429742	0.429742	0.915938	5.46327
2036.0	0.0	0.291594	0.291594	0.818956	9.68035
2037.0	0.0	-0.0596238	0.0596238	0.823539	9.54856
2038.0	0.0	0.0770358	0.0770358	0.930128	5.11026
2039.0	0.0	0.880927	0.880927	0.903414	5.37166
2040.0	0.0	0.99184	0.99184	0.764623	11.4765
2041.0	0.0	0.505045	0.505045	0.827075	9.11134
2042.0	0.0	-0.442895	0.442895	0.804213	10.2837
2043.0	0.0	-0.314266	0.314266	0.857861	7.88592
2044.0	0.0	0.012924	0.012924	0.822234	9.61462
2045.0	0.0	0.105329	0.105329	0.861836	7.80407
2046.0	0.0	-0.0814167	0.0814167	0.801948	10.6078
2047.0	0.0	0.0466712	0.0466712	0.798929	10.7666
2048.0	0.0	-0.0282741	0.0282741	0.84307	8.64338
2049.0	0.0	0.294773	0.294773	0.881569	6.90021
2050.0	0.0	0.635673	0.635673	0.84365	8.19613
2051.0	0.0	0.876485	0.876485	0.814156	9.17599
2052.0	0.0	0.751227	0.751227	0.85193	7.66657
2053.0	0.0	0.0750772	0.0750772	0.850717	8.29564
2054.0	0.0	0.21174	0.21174	0.948992	4.40546
2055.0	0.0	-0.564305	0.564305	0.826709	9.06103
2056.0	0.0	0.174234	0.174234	0.841928	8.66402
2057.0	0.0	0.171436	0.171436	0.746134	13.6561
2058.0	0.0	0.198619	0.198619	0.82496	9.44218
2059.0	0.0	0.27583	0.27583	0.715949	15.4914
2060.0	0.0	0.914787	0.914787	0.844421	7.71629
2061.0	0.0	0.204056	0.204056	0.851642	8.21725
2062.0	0.0	0.0563177	0.0563177	0.910966	5.82439
2063.0	0.0	0.761644	0.761644	0.917686	5.02484
2064.0	0.0	-0.325519	0.325519	0.848669	8.2822
2065.0	0.0	0.231996	0.231996	0.78157	11.6184
2066.0	0.0	-0.233312	0.233312	0.877799	7.08735
2067.0	0.0	0.0539173	0.0539173	0.825142	9.47286
2068.0	0.0	0.179164	0.179164	0.805583	10.3962
2069.0	0.0	-0.537506	0.537506	0.851478	7.96875
2070.0	0.0	0.883464	0.883464	0.74475	12.8404
2071.0	0.0	0.15953	0.15953	0.913723	5.69854
2072.0	0.0	0.229603	0.229603	0.837833	8.82724
2073.0	0.0	-0.211224	0.211224	0.828565	9.26624
2074.0	0.0	0.637568	0.637568	0.827839	8.91467
2075.0	0.0	-0.238645	0.238645	0.857429	7.94769
2076.0	0.0	0.0556185	0.0556185	0.846315	8.49469
2077.0	0.0	0.656019	0.656019	0.899542	5.85021
2078.0	0.0	-0.154923	0.154923	0.94756	4.47431
2079.0	0.0	-0.00884916	0.00884916	0.932113	5.04393
2080.0	0.0	0.361516	0.361516	0.773568	11.9645
2081.0	0.0	0.340629	0.340629	0.837788	8.76244
2082.0	0.0	0.771767	0.771767	0.863669	7.13299
2083.0	0.0	0.631696	0.631696	0.803033	10.1195
2084.0	0.0	0.456997	0.456997	0.690208	17.0824
2085.0	0.0	0.0471425	0.0471425	0.93713	4.86188
2086.0	0.0	-0.280149	0.280149	0.96344	3.88302
2087.0	0.0	0.399607	0.399607	0.793527	10.8682
2088.0	0.0	-0.161134	0.161134	0.770648	12.2472
2089.0	0.0	-0.0316147	0.0316147	0.828301	9.32542
2090.0	0.0	-0.215508	0.215508	0.762766	12.666
2091.0	0.0	-0.038678	0.038678	0.823319	9.56127
2092.0	0.0	0.058474	0.058474	0.83843	8.85197
2093.0	0.0	-0.297608	0.297608	0.834973	8.92083
2094.0	0.0	-0.396909	0.396909	0.804532	10.3103
2095.0	0.0	0.164726	0.164726	0.85884	7.91711
2096.0	0.0	0.00755203	0.00755203	0.826641	9.40482
2097.0	0.0	-0.514386	0.514386	0.897228	6.10043
2098.0	0.0	0.545175	0.545175	0.798596	10.4552
2099.0	0.0	0.622437	0.622437	0.827905	8.93181
2100.0	0.0	-0.0459634	0.0459634	0.796113	10.9113
2101.0	0.0	0.448309	0.448309	0.765871	12.3098
2102.0	0.0	0.089395	0.089395	0.779514	11.7818
2103.0	0.0	-0.478672	0.478672	0.805373	10.1894
2104.0	0.0	-0.79038	0.79038	0.703138	15.6486
2105.0	0.0	0.392748	0.392748	0.826754	9.23412
2106.0	0.0	-0.0415182	0.0415182	0.967471	3.81785
2107.0	0.0	-0.583415	0.583415	0.962655	3.67367
2108.0	0.0	0.437765	0.437765	0.716435	15.3137
2109.0	0.0	0.039781	0.039781	0.774135	12.0827
2110.0	0.0	0.233474	0.233474	0.832751	9.05994
2111.0	0.0	-0.0520302	0.0520302	0.786093	11.4351
2112.0	0.0	0.165962	0.165962	0.927666	5.17943
2113.0	0.0	-0.379107	0.379107	0.838617	8.69538
2114.0	0.0	0.0387444	0.0387444	0.833332	9.08939
2115.0	0.0	-0.0960014	0.0960014	0.885896	6.80164
2116.0	0.0	-0.349053	0.349053	0.934785	4.83403
2117.0	0.0	-0.196508	0.196508	0.959928	4.03714
2118.0	0.0	-0.443656	0.443656	0.830424	9.01681
2119.0	0.0	0.670442	0.670442	0.823961	9.05058
2120.0	0.0	-0.439547	0.439547	0.808748	10.0611
2121.0	0.0	0.240423	0.240423	0.891873	6.51374
2122.0	0.0	0.335651	0.335651	0.82493	9.3649
2123.0	0.0	-0.0261807	0.0261807	0.837584	8.89373
2124.0	0.0	0.491888	0.491888	0.925339	5.06242
2125.0	0.0	0.524105	0.524105	0.834665	8.73825
2126.0	0.0	0.075246	0.075246	0.952242	4.32922
2127.0	0.0	0.442423	0.442423	0.841603	8.50518
2128.0	0.0	-0.652603	0.652603	0.780933	11.2289
2129.0	0.0	-0.155758	0.155758	0.9661	3.84316
2130.0	0.0	0.0788864	0.0788864	0.841258	8.7199
2131.0	0.0	-0.526764	0.526764	0.777659	11.5732
2132.0	0.0	0.407678	0.407678	0.846089	8.33449
2133.0	0.0	-0.290391	0.290391	0.85747	7.91775
2134.0	0.0	0.28506	0.28506	0.925663	5.20191
2135.0	0.0	-0.412143	0.412143	0.88012	6.87669
2136.0	0.0	0.419181	0.419181	0.881609	6.81015
2137.0	0.0	0.739119	0.739119	0.87079	6.88524
2138.0	0.0	0.696023	0.696023	0.780066	11.2088
2139.0	0.0	0.509624	0.509624	0.798008	10.5267
2140.0	0.0	-0.225565	0.225565	0.938476	4.76862
2141.0	0.0	-0.244506	0.244506	0.850058	8.26854
2142.0	0.0	0.0418266	0.0418266	0.852137	8.23681
2143.0	0.0	-0.271767	0.271767	0.849784	8.26606
2144.0	0.0	0.180202	0.180202	0.950424	4.36727
2145.0	0.0	0.609574	0.609574	0.841113	8.34363
2146.0	0.0	0.540557	0.540557	0.777898	11.5435
2147.0	0.0	-0.349501	0.349501	0.905553	5.91632
2148.0	0.0	0.147171	0.147171	0.838317	8.83786
2149.0	0.0	-0.375608	0.375608	0.915288	5.52913
2150.0	0.0	0.177393	0.177393	0.92455	5.28975
2151.0	0.0	0.528858	0.528858	0.90406	5.82165
2152.0	0.0	-0.0155063	0.0155063	0.822712	9.59166
2153.0	0.0	0.335377	0.335377	0.839465	8.68962
2154.0	0.0	0.157504	0.157504	0.946015	4.52742
2155.0	0.0	0.078494	0.078494	0.907887	5.93896
2156.0	0.0	-0.720644	0.720644	0.837586	8.34874
2157.0	0.0	-0.0246661	0.0246661	0.823973	9.53101
2158.0	0.0	-0.526546	0.526546	0.817453	9.54489
2159.0	0.0	-0.596252	0.596252	0.863674	7.37481
2160.0	0.0	-0.54678	0.54678	0.812391	9.76674
2161.0	0.0	0.701102	0.701102	0.83726	8.39243
2162.0	0.0	-0.649011	0.649011	0.832619	8.67791
2163.0	0.0	0.238343	0.238343	0.927717	5.15
2164.0	0.0	0.451872	0.451872	0.907566	5.7603
2165.0	0.0	0.151961	0.151961	0.860016	7.87033
2166.0	0.0	-0.0870874	0.0870874	0.927899	5.18977
2167.0	0.0	0.335052	0.335052	0.864718	7.57729
2168.0	0.0	0.0639358	0.0639358	0.78443	11.5221
2169.0	0.0	-0.183813	0.183813	0.921095	5.41501
2170.0	0.0	0.0530655	0.0530655	0.79242	11.1021
2171.0	0.0	-0.293592	0.293592	0.924534	5.23859
2172.0	0.0	0.272448	0.272448	0.925287	5.22229
2173.0	0.0	0.366956	0.366956	0.935586	4.7935
2174.0	0.0	-0.0153668	0.0153668	0.779733	11.7789
2175.0	0.0	0.236654	0.236654	0.850098	8.2707
2176.0	0.0	0.158198	0.158198	0.90664	5.96852
2177.0	0.0	0.333512	0.333512	0.892228	6.44706
2178.0	0.0	-1.01589	1.01589	0.894304	5.47524
2179.0	0.0	-0.802284	0.802284	0.84876	7.72368
2180.0	0.0	0.526678	0.526678	0.867132	7.30765
2181.0	0.0	0.0987733	0.0987733	0.804763	10.4621
2182.0	0.0	0.791578	0.791578	0.908834	5.30934
2183.0	0.0	0.499609	0.499609	0.817462	9.5743
2184.0	0.0	0.402761	0.402761	0.875026	7.09387
2185.0	0.0	0.499808	0.499808	0.93687	4.64093
2186.0	0.0	-0.140622	0.140622	0.859852	7.8808
2187.0	0.0	0.420595	0.420595	0.839149	8.6362
2188.0	0.0	-0.437085	0.437085	0.955502	4.04867
2189.0	0.0	0.316191	0.316191	0.85216	8.13394
2190.0	0.0	-0.853137	0.853137	0.899966	5.54854
2191.0	0.0	0.350717	0.350717	0.78636	11.2843
2192.0	0.0	-0.178465	0.178465	0.947133	4.48195
2193.0	0.0	0.215601	0.215601	0.912145	5.73801
2194.0	0.0	-0.356364	0.356364	0.95369	4.16866
2195.0	0.0	0.332267	0.332267	0.835959	8.85228
2196.0	0.0	0.277239	0.277239	0.839641	8.71908
2197.0	0.0	0.101189	0.101189	0.834494	9.02613
2198.0	0.0	-1.00304	1.00304	0.71337	14.4969
2199.0	0.0	-0.169985	0.169985	0.859049	7.90621
2200.0	0.0	0.50457	0.50457	0.913933	5.47166
2201.0	0.0	0.876295	0.876295	0.878594	6.34783
2202.0	0.0	-0.0745826	0.0745826	0.871106	7.41533
2203.0	0.0	-0.663865	0.663865	0.914628	5.2691
2204.0	0.0	-0.0144605	0.0144605	0.885483	6.82736
2205.0	0.0	-0.213113	0.213113	0.809477	10.1873
2206.0	0.0	-0.205326	0.205326	0.94853	4.42393
2207.0	0.0	0.156883	0.156883	0.902436	6.1312
2208.0	0.0	1.46661	1.46661	0.852079	6.08028
2209.0	0.0	-0.720158	0.720158	0.895142	5.93546
2210.0	0.0	0.378334	0.378334	0.853436	8.03321
2211.0	0.0	0.230106	0.230106	0.829801	9.19926
2212.0	0.0	-0.2368	0.2368	0.962762	3.92598
2213.0	0.0	-0.0417089	0.0417089	0.819832	9.72842
2214.0	0.0	0.192424	0.192424	0.85872	7.91211
2215.0	0.0	-0.125193	0.125193	0.741306	13.9638
2216.0	0.0	0.146662	0.146662	0.930994	5.06423
2217.0	0.0	-0.161205	0.161205	0.867994	7.52592
2218.0	0.0	-0.0159976	0.0159976	0.976996	3.50616
2219.0	0.0	-0.350417	0.350417	0.97262	3.53962
2220.0	0.0	0.193225	0.193225	0.862728	7.73888
2221.0	0.0	-0.0311271	0.0311271	0.838673	8.84344
2222.0	0.0	-0.536736	0.536736	0.931174	4.80837
2223.0	0.0	0.00964955	0.00964955	0.856173	8.06114
2224.0	0.0	0.167883	0.167883	0.858173	7.945
2225.0	0.0	0.0816383	0.0816383	0.941168	4.71438
2226.0	0.0	0.417394	0.417394	0.81667	9.69414
2227.0	0.0	-0.551375	0.551375	0.864335	7.39888
2228.0	0.0	-0.361598	0.361598	0.846691	8.34451
2229.0	0.0	0.255363	0.255363	0.828575	9.24371
2230.0	0.0	0.427468	0.427468	0.843096	8.45147
2231.0	0.0	-0.346055	0.346055	0.864269	7.5888
2232.0	0.0	-0.00533722	0.00533722	0.947525	4.49764
2233.0	0.0	-0.292269	0.292269	0.73412	14.3196
2234.0	0.0	0.191501	0.191501	0.888046	6.68772
2235.0	0.0	0.0924343	0.0924343	0.814215	9.99414
2236.0	0.0	-0.661535	0.661535	0.756063	12.5885
2237.0	0.0	0.03834	0.03834	0.941045	4.72357
2238.0	0.0	-0.0276249	0.0276249	0.984224	3.27271
2239.0	0.0	0.722999	0.722999	0.889582	6.14933
2240.0	0.0	0.619981	0.619981	0.842294	8.27723
2241.0	0.0	0.289189	0.289189	0.726932	14.7726
2242.0	0.0	0.500797	0.500797	0.891793	6.32742
2243.0	0.0	0.0618575	0.0618575	0.800111	10.7043
2244.0	0.0	0.588057	0.588057	0.87752	6.80793
2245.0	0.0	0.878704	0.878704	0.759604	11.9979
2246.0	0.0	-0.0132273	0.0132273	0.719837	15.333
2247.0	0.0	0.176922	0.176922	0.774647	12.0202
2248.0	0.0	0.161941	0.161941	0.863185	7.73061
2249.0	0.0	0.245886	0.245886	0.87819	7.0652
2250.0	0.0	-0.315145	0.315145	0.768297	12.2926
2251.0	0.0	0.372768	0.372768	0.923741	5.21784
2252.0	0.0	0.346584	0.346584	0.734534	14.2513
2253.0	0.0	0.406171	0.406171	0.866141	7.46328
2254.0	0.0	1.34674	1.34674	0.822298	7.70458
2255.0	0.0	0.760287	0.760287	0.868884	6.93258
2256.0	0.0	0.148527	0.148527	0.757697	12.9852
2257.0	0.0	0.0303029	0.0303029	0.810946	10.1634
2258.0	0.0	0.0747744	0.0747744	0.994621	2.9399
2259.0	0.0	0.386513	0.386513	0.911482	5.66434
2260.0	0.0	-0.123771	0.123771	0.808901	10.249
2261.0	0.0	0.632481	0.632481	0.841362	8.30279
2262.0	0.0	0.164127	0.164127	0.955833	4.18674
2263.0	0.0	-0.473495	0.473495	0.891707	6.35686
2264.0	0.0	-0.0632424	0.0632424	0.849025	8.37255
2265.0	0.0	-0.650459	0.650459	0.93389	4.5862
2266.0	0.0	-0.379816	0.379816	0.789161	11.1128
2267.0	0.0	0.383122	0.383122	0.774997	11.8677
2268.0	0.0	-0.594582	0.594582	0.811017	9.77457
2269.0	0.0	-0.221372	0.221372	0.852261	8.18228
2270.0	0.0	0.317673	0.317673	0.886607	6.68201
2271.0	0.0	-0.0308772	0.0308772	0.781656	11.6743
2272.0	0.0	0.591317	0.591317	0.80258	10.1964
2273.0	0.0	-0.657518	0.657518	0.81835	9.33494
2274.0	0.0	-0.4513	0.4513	0.879332	6.87525
2275.0	0.0	0.665552	0.665552	0.906451	5.57385
2276.0	0.0	0.218443	0.218443	0.82666	9.35272
2277.0	0.0	-0.0921942	0.0921942	0.922039	5.40411
2278.0	0.0	0.817526	0.817526	0.853896	7.47565
2279.0	0.0	-0.163354	0.163354	0.870567	7.4166
2280.0	0.0	0.528282	0.528282	0.857466	7.71819
2281.0	0.0	0.597989	0.597989	0.867246	7.22199
2282.0	0.0	-0.0157889	0.0157889	0.860442	7.87538
2283.0	0.0	0.242938	0.242938	0.774407	12.0013
2284.0	0.0	0.38919	0.38919	0.882311	6.80569
2285.0	0.0	0.207335	0.207335	0.855955	8.02636
2286.0	0.0	0.25564	0.25564	0.856718	7.97002
2287.0	0.0	0.21487	0.21487	0.859969	7.84867
2288.0	0.0	0.825227	0.825227	0.799572	9.98364
2289.0	0.0	0.529183	0.529183	0.765493	12.2388
2290.0	0.0	0.209906	0.209906	0.959008	4.06331
2291.0	0.0	0.13939	0.13939	0.825172	9.45363
2292.0	0.0	0.502441	0.502441	0.891818	6.32483
2293.0	0.0	-0.0558403	0.0558403	0.836783	8.92798
2294.0	0.0	0.375688	0.375688	0.876281	7.06308
2295.0	0.0	-0.0943546	0.0943546	0.90097	6.20346
2296.0	0.0	0.339565	0.339565	0.836477	8.82328
2297.0	0.0	0.4146	0.4146	0.931932	4.88955
2298.0	0.0	0.290504	0.290504	0.808272	10.2042
2299.0	0.0	0.249067	0.249067	0.861844	7.75158
2300.0	0.0	0.640844	0.640844	0.894614	6.06062
2301.0	0.0	0.483814	0.483814	0.786915	11.1293
2302.0	0.0	-0.246864	0.246864	0.815263	9.88567
2303.0	0.0	0.154592	0.154592	0.865404	7.63811
2304.0	0.0	0.0787167	0.0787167	0.811304	10.1399
2305.0	0.0	-0.230978	0.230978	0.84979	8.28712
2306.0	0.0	-0.742394	0.742394	0.915741	5.12365
2307.0	0.0	-0.273516	0.273516	0.73354	14.3687
2308.0	0.0	0.054867	0.054867	0.874817	7.26267
2309.0	0.0	0.713953	0.713953	0.748218	12.9578
2310.0	0.0	0.038476	0.038476	0.798646	10.7818
2311.0	0.0	0.034927	0.034927	0.860876	7.85563
2312.0	0.0	0.391287	0.391287	0.849345	8.20322
2313.0	0.0	0.0784492	0.0784492	0.851505	8.26019
2314.0	0.0	-0.174953	0.174953	0.871534	7.37199
2315.0	0.0	0.0675415	0.0675415	0.887221	6.75275
2316.0	0.0	0.283029	0.283029	0.805457	10.3494
2317.0	0.0	-0.0327961	0.0327961	0.876904	7.17794
2318.0	0.0	-0.361305	0.361305	0.840109	8.64127
2319.0	0.0	0.480889	0.480889	0.877313	6.93047
2320.0	0.0	0.394704	0.394704	0.851572	8.10206
2321.0	0.0	0.411373	0.411373	0.888741	6.52889
2322.0	0.0	0.125555	0.125555	0.902632	6.13218
2323.0	0.0	-0.588175	0.588175	0.801793	10.24
2324.0	0.0	0.225412	0.225412	0.801206	10.5963
2325.0	0.0	0.236179	0.236179	0.829437	9.21334
2326.0	0.0	0.182808	0.182808	0.885541	6.79197
2327.0	0.0	-0.192592	0.192592	0.857412	7.96888
2328.0	0.0	-0.422615	0.422615	0.928489	5.00745
2329.0	0.0	-0.0585351	0.0585351	0.836908	8.92191
2330.0	0.0	-0.503421	0.503421	0.825002	9.21063
2331.0	0.0	-0.947263	0.947263	0.840825	7.81303
2332.0	0.0	0.340042	0.340042	0.87832	7.0046
2333.0	0.0	0.224257	0.224257	0.852432	8.17343
2334.0	0.0	0.0492695	0.0492695	0.910219	5.85353
2335.0	0.0	-0.241634	0.241634	0.839264	8.75578
2336.0	0.0	0.11304	0.11304	0.833992	9.04673
2337.0	0.0	-0.378649	0.378649	0.92816	5.05246
2338.0	0.0	0.141183	0.141183	0.811732	10.1037
2339.0	0.0	0.702832	0.702832	0.851475	7.7583
2340.0	0.0	-0.186073	0.186073	0.748516	13.5079
2341.0	0.0	-0.0640213	0.0640213	0.917593	5.57365
2342.0	0.0	0.0278891	0.0278891	0.852384	8.22692
2343.0	0.0	-0.235594	0.235594	0.792859	11.0199
2344.0	0.0	0.130747	0.130747	0.826758	9.38096
2345.0	0.0	0.295428	0.295428	0.829636	9.17032
2346.0	0.0	0.203729	0.203729	0.846459	8.44804
2347.0	0.0	0.626305	0.626305	0.816188	9.48175
2348.0	0.0	-0.35444	0.35444	0.791528	11.0102
2349.0	0.0	0.27846	0.27846	0.840851	8.66332
2350.0	0.0	0.316459	0.316459	0.87753	7.05263
2351.0	0.0	-0.794434	0.794434	0.759263	12.1805
2352.0	0.0	0.142466	0.142466	0.941607	4.68623
2353.0	0.0	0.440525	0.440525	0.819048	9.55796
2354.0	0.0	0.166742	0.166742	0.768003	12.3925
2355.0	0.0	0.196294	0.196294	0.842483	8.63027
2356.0	0.0	-0.0679504	0.0679504	0.788388	11.3115
2357.0	0.0	0.172349	0.172349	0.816892	9.84038
2358.0	0.0	-0.0799227	0.0799227	0.78598	11.4369
2359.0	0.0	0.146081	0.146081	0.912028	5.76659
2360.0	0.0	-0.532368	0.532368	0.876341	6.9184
2361.0	0.0	0.131455	0.131455	0.859437	7.90134
2362.0	0.0	-0.298876	0.298876	0.853311	8.09431
2363.0	0.0	0.793941	0.793941	0.807087	9.66668
2364.0	0.0	-0.39188	0.39188	0.852492	8.06388
2365.0	0.0	0.360226	0.360226	0.851914	8.11391
2366.0	0.0	0.467573	0.467573	0.865561	7.43345
2367.0	0.0	-0.265986	0.265986	0.884693	6.78924
2368.0	0.0	-0.226229	0.226229	0.86852	7.47809
2369.0	0.0	0.00679798	0.00679798	0.798277	10.8023
2370.0	0.0	-0.399289	0.399289	0.841506	8.54759
2371.0	0.0	-0.353763	0.353763	0.850806	8.16759
2372.0	0.0	-0.0439887	0.0439887	0.843834	8.60764
2373.0	0.0	-0.308253	0.308253	0.886928	6.67491
2374.0	0.0	0.101786	0.101786	0.798633	10.7726
2375.0	0.0	0.00486392	0.00486392	0.896373	6.3923
2376.0	0.0	-0.218054	0.218054	0.940032	4.7166
2377.0	0.0	-0.66885	0.66885	0.851229	7.81682
2378.0	0.0	0.269289	0.269289	0.961123	3.96613
2379.0	0.0	-0.58764	0.58764	0.863271	7.40221
2380.0	0.0	0.241705	0.241705	0.836657	8.87518
2381.0	0.0	-0.17493	0.17493	0.801291	10.6145
2382.0	0.0	0.637077	0.637077	0.801454	10.1911
2383.0	0.0	-0.282735	0.282735	0.823967	9.44581
2384.0	0.0	-0.204448	0.204448	0.911861	5.75324
2385.0	0.0	-0.104675	0.104675	0.913498	5.72098
2386.0	0.0	-0.750979	0.750979	0.831672	8.57141
2387.0	0.0	0.148223	0.148223	0.76069	12.8132
2388.0	0.0	-0.0829814	0.0829814	0.761562	12.7812
2389.0	0.0	-0.419924	0.419924	0.846335	8.31294
2390.0	0.0	-0.379721	0.379721	0.829878	9.09832
2391.0	0.0	-0.438567	0.438567	0.929513	4.95758
2392.0	0.0	-0.119408	0.119408	0.828356	9.3086
2393.0	0.0	0.604959	0.604959	0.835228	8.6164
2394.0	0.0	0.134107	0.134107	0.847956	8.40566
2395.0	0.0	0.206805	0.206805	0.823886	9.48969
2396.0	0.0	-0.103731	0.103731	0.866293	7.61363
2397.0	0.0	-0.206051	0.206051	0.895256	6.39475
2398.0	0.0	0.64494	0.64494	0.906819	5.58571
2399.0	0.0	-0.234081	0.234081	0.954901	4.19312
2400.0	0.0	0.00479224	0.00479224	0.760664	12.8407
2401.0	0.0	0.281829	0.281829	0.830939	9.1178
2402.0	0.0	0.552858	0.552858	0.891901	6.26948
2403.0	0.0	0.228865	0.228865	0.825632	9.39636
2404.0	0.0	-1.38856	1.38856	0.799255	8.66176
2405.0	0.0	-0.315669	0.315669	0.84521	8.4433
2406.0	0.0	0.161593	0.161593	0.849288	8.3378
2407.0	0.0	0.000101458	0.000101458	0.798002	10.8165
2408.0	0.0	0.551143	0.551143	0.829482	8.94713
2409.0	0.0	-0.0959293	0.0959293	0.885495	6.81792
2410.0	0.0	0.287476	0.287476	0.916255	5.54867
2411.0	0.0	-0.61397	0.61397	0.829528	8.8674
2412.0	0.0	0.329922	0.329922	0.901559	6.0833
2413.0	0.0	0.204179	0.204179	0.870959	7.38493
2414.0	0.0	0.233342	0.233342	0.863776	7.67648
2415.0	0.0	-0.0320342	0.0320342	0.932986	5.01156
2416.0	0.0	0.582995	0.582995	0.863665	7.39098
2417.0	0.0	-0.0806496	0.0806496	0.712173	15.8298
2418.0	0.0	-1.32741	1.32741	0.789483	9.31651
2419.0	0.0	0.638095	0.638095	0.801334	10.1957
2420.0	0.0	0.94056	0.94056	0.801435	9.66939
2421.0	0.0	-0.133694	0.133694	0.85399	8.13844
2422.0	0.0	0.641258	0.641258	0.836461	8.51271
2423.0	0.0	0.60037	0.60037	0.746252	13.2513
2424.0	0.0	-0.304666	0.304666	0.747099	13.5221
2425.0	0.0	-0.421582	0.421582	0.883938	6.71364
2426.0	0.0	-0.171943	0.171943	0.873098	7.30758
2427.0	0.0	-0.302642	0.302642	0.865412	7.56879
2428.0	0.0	0.12755	0.12755	0.911612	5.78723
2429.0	0.0	0.217064	0.217064	0.94562	4.52061
2430.0	0.0	0.208202	0.208202	0.836816	8.88383
2431.0	0.0	0.376223	0.376223	0.830039	9.09362
2432.0	0.0	0.469874	0.469874	0.877355	6.93923
2433.0	0.0	0.679301	0.679301	0.813878	9.5186
2434.0	0.0	0.282188	0.282188	0.927686	5.12964
2435.0	0.0	-0.401607	0.401607	0.87568	7.06774
2436.0	0.0	0.795797	0.795797	0.811172	9.46436
2437.0	0.0	0.250877	0.250877	0.8467	8.41486
2438.0	0.0	-0.463554	0.463554	0.86286	7.55207
2439.0	0.0	0.544895	0.544895	0.830987	8.88447
2440.0	0.0	0.272477	0.272477	0.816041	9.83328
2441.0	0.0	0.0165048	0.0165048	0.866593	7.61154
2442.0	0.0	-0.0685899	0.0685899	0.90827	5.9257
2443.0	0.0	0.0195093	0.0195093	0.980244	3.40086
2444.0	0.0	0.0842243	0.0842243	0.85308	8.18963
2445.0	0.0	0.572312	0.572312	0.874561	6.94766
2446.0	0.0	-0.0638923	0.0638923	0.862212	7.79509
2447.0	0.0	-0.0571335	0.0571335	0.885637	6.81808
2448.0	0.0	-0.0133989	0.0133989	0.834637	9.03023
2449.0	0.0	-0.131159	0.131159	0.867283	7.56501
2450.0	0.0	-0.385993	0.385993	0.865471	7.50791
2451.0	0.0	-0.389818	0.389818	0.862433	7.63443
2452.0	0.0	0.174993	0.174993	0.870294	7.4241
2453.0	0.0	0.427815	0.427815	0.816417	9.69684
2454.0	0.0	0.414378	0.414378	0.855839	7.89881
2455.0	0.0	-0.106082	0.106082	0.908632	5.90553
2456.0	0.0	-0.406292	0.406292	0.849807	8.17036
2457.0	0.0	-0.363698	0.363698	0.748015	13.4202
2458.0	0.0	0.770273	0.770273	0.807581	9.6826
2459.0	0.0	-0.131103	0.131103	0.859097	7.91618
2460.0	0.0	0.0234036	0.0234036	0.811428	10.14
2461.0	0.0	0.259502	0.259502	0.875252	7.17977
2462.0	0.0	0.61145	0.61145	0.768744	11.9493
2463.0	0.0	-0.0165148	0.0165148	0.78928	11.2694
2464.0	0.0	-0.130725	0.130725	0.874324	7.26899
2465.0	0.0	0.297551	0.297551	0.947438	4.41918
2466.0	0.0	-0.243178	0.243178	0.740668	13.9497
2467.0	0.0	-0.715127	0.715127	0.850435	7.78586
2468.0	0.0	-0.29121	0.29121	0.812984	9.9711
2469.0	0.0	-0.31614	0.31614	0.837362	8.79894
2470.0	0.0	0.335257	0.335257	0.766125	12.3989
2471.0	0.0	-0.0144663	0.0144663	0.857846	7.98802
2472.0	0.0	0.677718	0.677718	0.822714	9.09888
2473.0	0.0	-0.649412	0.649412	0.876554	6.77202
2474.0	0.0	0.199998	0.199998	0.893838	6.45322
2475.0	0.0	-0.544036	0.544036	0.884653	6.5679
2476.0	0.0	0.391394	0.391394	0.922342	5.25578
2477.0	0.0	-0.460063	0.460063	0.794628	10.7532
2478.0	0.0	0.0445323	0.0445323	0.923444	5.35839
2479.0	0.0	0.0855263	0.0855263	0.83092	9.19564
2480.0	0.0	0.524858	0.524858	0.880645	6.7503
2481.0	0.0	0.0416083	0.0416083	0.823724	9.54169
2482.0	0.0	-0.405841	0.405841	0.926327	5.09903
2483.0	0.0	0.277073	0.277073	0.82984	9.172
2484.0	0.0	-0.00320352	0.00320352	0.842581	8.66636
2485.0	0.0	0.266254	0.266254	0.96493	3.8401
2486.0	0.0	0.324332	0.324332	0.908537	5.81859
2487.0	0.0	-0.381918	0.381918	0.85459	7.9799
2488.0	0.0	-0.183475	0.183475	0.873979	7.26664
2489.0	0.0	0.0890298	0.0890298	0.874747	7.26062
2490.0	0.0	0.362518	0.362518	0.744811	13.6121
2491.0	0.0	0.227328	0.227328	0.828955	9.24032
2492.0	0.0	-0.121999	0.121999	0.833229	9.07993
2493.0	0.0	-0.112617	0.112617	0.910039	5.85048
2494.0	0.0	0.319286	0.319286	0.776964	11.8121
2495.0	0.0	0.0834846	0.0834846	0.91442	5.69
2496.0	0.0	-0.772358	0.772358	0.765637	11.8644
2497.0	0.0	-0.549389	0.549389	0.866911	7.29227
2498.0	0.0	-0.105506	0.105506	0.831014	9.18716
2499.0	0.0	-0.304612	0.304612	0.976734	3.43235
2500.0	0.0	-0.344683	0.344683	0.778231	11.724
2501.0	0.0	0.528428	0.528428	0.714768	15.3125
2502.0	0.0	-0.112497	0.112497	0.841268	8.71264
2503.0	0.0	-0.123374	0.123374	0.890492	6.61084
2504.0	0.0	-0.129874	0.129874	0.912231	5.7632
2505.0	0.0	0.434124	0.434124	0.822564	9.39586
2506.0	0.0	-0.0469141	0.0469141	0.945712	4.55887
2507.0	0.0	-0.0154962	0.0154962	0.864007	7.72197
2508.0	0.0	-0.150122	0.150122	0.851256	8.25419
2509.0	0.0	0.407038	0.407038	0.946501	4.38081
2510.0	0.0	-0.262313	0.262313	0.738885	14.0466
2511.0	0.0	0.127269	0.127269	0.797293	10.8348
2512.0	0.0	-0.473947	0.473947	0.87289	7.11985
2513.0	0.0	0.301168	0.301168	0.756439	12.9765
2514.0	0.0	0.337172	0.337172	0.894534	6.35339
2515.0	0.0	-0.495408	0.495408	0.913782	5.48606
2516.0	0.0	0.0205459	0.0205459	0.878842	7.09851
2517.0	0.0	0.0633132	0.0633132	0.868234	7.5381
2518.0	0.0	-0.730369	0.730369	0.90321	5.61054
2519.0	0.0	-0.245575	0.245575	0.81068	10.1114
2520.0	0.0	-0.166197	0.166197	0.987775	3.13598
2521.0	0.0	0.315419	0.315419	0.849276	8.26197
2522.0	0.0	0.781594	0.781594	0.852579	7.59095
2523.0	0.0	0.101979	0.101979	0.899948	6.24189
2524.0	0.0	0.434793	0.434793	0.790512	10.9918
2525.0	0.0	-0.26069	0.26069	0.852238	8.16368
2526.0	0.0	-0.246118	0.246118	0.870399	7.38933
2527.0	0.0	0.232083	0.232083	0.875414	7.18662
2528.0	0.0	-0.252948	0.252948	0.781522	11.6094
2529.0	0.0	-0.547488	0.547488	0.807038	10.0291
2530.0	0.0	0.0748957	0.0748957	0.903575	6.10551
2531.0	0.0	-0.455636	0.455636	0.822335	9.38618
2532.0	0.0	0.200716	0.200716	0.910407	5.80988
2533.0	0.0	0.488746	0.488746	0.789407	10.9933
2534.0	0.0	0.842145	0.842145	0.805419	9.66314
2535.0	0.0	0.312316	0.312316	0.851131	8.18182
2536.0	0.0	-0.30428	0.30428	0.839989	8.68667
2537.0	0.0	0.287558	0.287558	0.734196	14.3182
2538.0	0.0	-0.08313	0.08313	0.870144	7.45447
2539.0	0.0	-0.498123	0.498123	0.906201	5.77013
2540.0	0.0	0.0371154	0.0371154	0.866754	7.60357
2541.0	0.0	0.158031	0.158031	0.825458	9.43409
2542.0	0.0	0.173046	0.173046	0.899495	6.24049
2543.0	0.0	-0.327413	0.327413	0.809666	10.11
2544.0	0.0	0.485245	0.485245	0.923544	5.13407
2545.0	0.0	-0.256627	0.256627	0.861158	7.77718
2546.0	0.0	0.276227	0.276227	0.871453	7.32921
2547.0	0.0	0.262064	0.262064	0.818477	9.72124
2548.0	0.0	0.578918	0.578918	0.786117	11.0573
2549.0	0.0	0.664033	0.664033	0.895437	5.99917
2550.0	0.0	-0.0392263	0.0392263	0.798467	10.7909
2551.0	0.0	0.156637	0.156637	0.745136	13.7218
2552.0	0.0	0.664301	0.664301	0.858253	7.51899
2553.0	0.0	0.830589	0.830589	0.751151	12.5747
2554.0	0.0	-0.0697963	0.0697963	0.871648	7.39327
2555.0	0.0	-0.584909	0.584909	0.857108	7.66924
2556.0	0.0	-0.758106	0.758106	0.831277	8.57827
2557.0	0.0	0.033636	0.033636	0.885685	6.81826
2558.0	0.0	0.140294	0.140294	0.814781	9.95422
2559.0	0.0	-0.219518	0.219518	0.835511	8.93883
2560.0	0.0	0.423849	0.423849	0.870482	7.26559
2561.0	0.0	0.523112	0.523112	0.865044	7.39962
2562.0	0.0	-0.336214	0.336214	0.908944	5.7955
2563.0	0.0	0.553365	0.553365	0.88921	6.37555
2564.0	0.0	-0.836954	0.836954	0.723329	14.2388
2565.0	0.0	0.250421	0.250421	0.861349	7.77215
2566.0	0.0	-0.232919	0.232919	0.895425	6.37652
2567.0	0.0	-0.384214	0.384214	0.899647	6.1199
2568.0	0.0	0.204567	0.204567	0.81407	9.96484
2569.0	0.0	-0.289273	0.289273	0.803079	10.465
2570.0	0.0	0.6133	0.6133	0.94278	4.3171
2571.0	0.0	-0.519466	0.519466	0.82608	9.14233
2572.0	0.0	-0.300244	0.300244	0.933253	4.91848
2573.0	0.0	-0.0140881	0.0140881	0.83167	9.16819
2574.0	0.0	0.588562	0.588562	0.889992	6.30516
2575.0	0.0	0.69786	0.69786	0.858007	7.48306
2576.0	0.0	-0.432196	0.432196	0.845253	8.3504
2577.0	0.0	-0.135933	0.135933	0.91591	5.62296
2578.0	0.0	-0.0166647	0.0166647	0.88094	7.01245
2579.0	0.0	0.0556665	0.0556665	0.849786	8.33963
2580.0	0.0	0.173327	0.173327	0.827529	9.33063
2581.0	0.0	-0.169943	0.169943	0.834003	9.02908
2582.0	0.0	0.101029	0.101029	0.815985	9.9058
2583.0	0.0	-0.434151	0.434151	0.825939	9.2359
2584.0	0.0	0.936167	0.936167	0.827425	8.43931
2585.0	0.0	0.195116	0.195116	0.912887	5.718
2586.0	0.0	-0.415974	0.415974	0.904504	5.90748
2587.0	0.0	-0.521365	0.521365	0.90644	5.73825
2588.0	0.0	-0.0570897	0.0570897	0.817537	9.83785
2589.0	0.0	-0.6034	0.6034	0.873966	6.93575
2590.0	0.0	-0.74867	0.74867	0.816968	9.26363
2591.0	0.0	0.196088	0.196088	0.825948	9.39639
2592.0	0.0	-0.162601	0.162601	0.908653	5.89006
2593.0	0.0	0.867181	0.867181	0.874052	6.54742
2594.0	0.0	-0.509446	0.509446	0.893739	6.24209
2595.0	0.0	0.42942	0.42942	0.805096	10.2524
2596.0	0.0	-0.908341	0.908341	0.865552	6.82494
2597.0	0.0	-0.135241	0.135241	0.828389	9.30269
2598.0	0.0	-0.0639772	0.0639772	0.853104	8.19172
2599.0	0.0	-0.50872	0.50872	0.859691	7.64306
2600.0	0.0	-0.25326	0.25326	0.853491	8.11244
2601.0	0.0	-0.155457	0.155457	0.890621	6.59683
2602.0	0.0	-0.147906	0.147906	0.903554	6.09051
2603.0	0.0	0.206467	0.206467	0.754667	13.1365
2604.0	0.0	-0.0184359	0.0184359	0.86778	7.56106
2605.0	0.0	-0.00304541	0.00304541	0.95618	4.19946
2606.0	0.0	-0.575555	0.575555	0.905737	5.70796
2607.0	0.0	0.0935002	0.0935002	0.846802	8.46695
2608.0	0.0	-0.738123	0.738123	0.767697	11.81
2609.0	0.0	-0.328347	0.328347	0.773312	12.005
2610.0	0.0	-0.147262	0.147262	0.755544	13.1104
2611.0	0.0	-0.626828	0.626828	0.797322	10.414
2612.0	0.0	0.416577	0.416577	0.846587	8.30463
2613.0	0.0	0.452536	0.452536	0.81038	9.96792
2614.0	0.0	-1.22166	1.22166	0.779115	10.1351
2615.0	0.0	-0.505531	0.505531	0.884675	6.60691
2616.0	0.0	0.219031	0.219031	0.851497	8.2171
2617.0	0.0	-0.0413129	0.0413129	0.954662	4.24978
2618.0	0.0	-0.352956	0.352956	0.846566	8.35653
2619.0	0.0	-0.306134	0.306134	0.853224	8.09359
2620.0	0.0	-0.133131	0.133131	0.907921	5.92648
2621.0	0.0	-0.504985	0.504985	0.837371	8.63514
2622.0	0.0	-0.281562	0.281562	0.840471	8.67878
2623.0	0.0	0.400958	0.400958	0.835325	8.82817
2624.0	0.0	0.76923	0.76923	0.8181	9.17624
2625.0	0.0	0.546365	0.546365	0.949108	4.16929
2626.0	0.0	-0.160428	0.160428	0.920812	5.43316
2627.0	0.0	0.754107	0.754107	0.848649	7.8053
2628.0	0.0	0.126033	0.126033	0.800807	10.6554
2629.0	0.0	0.112425	0.112425	0.810274	10.1838
2630.0	0.0	0.287339	0.287339	0.935942	4.82932
2631.0	0.0	-0.663378	0.663378	0.863057	7.31548
2632.0	0.0	-0.244789	0.244789	0.846194	8.44069
2633.0	0.0	-0.883515	0.883515	0.822711	8.75836
2634.0	0.0	-0.0844623	0.0844623	0.872059	7.37371
2635.0	0.0	0.560451	0.560451	0.857434	7.68379
2636.0	0.0	-0.29511	0.29511	0.866595	7.52311
2637.0	0.0	-1.19871	1.19871	0.826899	7.8825
2638.0	0.0	0.693832	0.693832	0.847428	7.94861
2639.0	0.0	0.232643	0.232643	0.861801	7.76152
2640.0	0.0	-0.828016	0.828016	0.849416	7.65216
2641.0	0.0	0.235283	0.235283	0.797166	10.7975
2642.0	0.0	0.1935	0.1935	0.894309	6.43709
2643.0	0.0	-0.748241	0.748241	0.829672	8.66776
2644.0	0.0	0.16325	0.16325	0.758562	12.9299
2645.0	0.0	0.385848	0.385848	0.856879	7.87705
2646.0	0.0	-0.112575	0.112575	0.858362	7.95272
2647.0	0.0	-0.217124	0.217124	0.884808	6.80802
2648.0	0.0	0.2946	0.2946	0.82172	9.54564
2649.0	0.0	-0.0699471	0.0699471	0.814451	9.98656
2650.0	0.0	-0.92602	0.92602	0.896947	5.54027
2651.0	0.0	-0.432527	0.432527	0.823148	9.36957
2652.0	0.0	-0.590569	0.590569	0.787184	10.986
2653.0	0.0	-0.199646	0.199646	0.904379	6.0412
2654.0	0.0	-0.471371	0.471371	0.792016	10.8763
2655.0	0.0	-0.0777214	0.0777214	0.908204	5.92695
2656.0	0.0	-0.548867	0.548867	0.86317	7.45116
2657.0	0.0	-0.305253	0.305253	0.887958	6.63533
2658.0	0.0	0.267271	0.267271	0.732175	14.4578
2659.0	0.0	-0.421539	0.421539	0.900656	6.0515
2660.0	0.0	-0.767834	0.767834	0.824188	8.89124
2661.0	0.0	0.340464	0.340464	0.889079	6.56793
2662.0	0.0	-0.101611	0.101611	0.901077	6.19792
2663.0	0.0	-0.24962	0.24962	0.825685	9.38321
2664.0	0.0	-0.413274	0.413274	0.890891	6.44164
2665.0	0.0	0.503795	0.503795	0.8821	6.71268
2666.0	0.0	0.021452	0.021452	0.865136	7.67344
2667.0	0.0	-0.0987429	0.0987429	0.926281	5.24682
2668.0	0.0	0.995489	0.995489	0.792165	10.0172
2669.0	0.0	0.0624205	0.0624205	0.852402	8.22287
2670.0	0.0	-0.27156	0.27156	0.795687	10.853
2671.0	0.0	-0.0921235	0.0921235	0.848564	8.3884
2672.0	0.0	0.108835	0.108835	0.933599	4.97935
2673.0	0.0	-0.764183	0.764183	0.769091	11.6884
2674.0	0.0	0.0115827	0.0115827	0.912121	5.78347
2675.0	0.0	1.38927	1.38927	0.756074	10.8751
2676.0	0.0	0.275438	0.275438	0.856205	7.98154
2677.0	0.0	-0.311644	0.311644	0.824371	9.40813
2678.0	0.0	0.466904	0.466904	0.740979	13.738
2679.0	0.0	0.200495	0.200495	0.806449	10.3438
2680.0	0.0	0.209857	0.209857	0.818385	9.75244
2681.0	0.0	-0.136536	0.136536	0.869887	7.45341
2682.0	0.0	0.317309	0.317309	0.826407	9.30784
2683.0	0.0	-0.814656	0.814656	0.965718	3.28502
2684.0	0.0	0.254779	0.254779	0.867503	7.50715
2685.0	0.0	-0.0466181	0.0466181	0.841309	8.72183
2686.0	0.0	-0.223464	0.223464	0.858165	7.92293
2687.0	0.0	1.12048	1.12048	0.820914	8.344
2688.0	0.0	0.608694	0.608694	0.887449	6.38262
2689.0	0.0	-0.202596	0.202596	0.822904	9.5384
2690.0	0.0	-0.0685147	0.0685147	0.915986	5.63329
2691.0	0.0	-0.602078	0.602078	0.921974	5.07199
2692.0	0.0	-0.531468	0.531468	0.847583	8.14721
2693.0	0.0	0.150685	0.150685	0.830578	9.1952
2694.0	0.0	0.191936	0.191936	0.917354	5.55129
2695.0	0.0	0.223335	0.223335	0.815144	9.90357
2696.0	0.0	0.507933	0.507933	0.912663	5.51603
2697.0	0.0	-0.52537	0.52537	0.711945	15.5024
2698.0	0.0	0.0841621	0.0841621	0.707653	16.1328
2699.0	0.0	-0.0976521	0.0976521	0.860165	7.87778
2700.0	0.0	-0.131367	0.131367	0.888183	6.70143
2701.0	0.0	0.828952	0.828952	0.825713	8.717
2702.0	0.0	0.0534986	0.0534986	0.818322	9.80024
2703.0	0.0	0.00666475	0.00666475	0.820933	9.67726
2704.0	0.0	-0.706211	0.706211	0.795438	10.3926
2705.0	0.0	-0.326682	0.326682	0.866363	7.51302
2706.0	0.0	0.42869	0.42869	0.924161	5.16019
2707.0	0.0	0.280714	0.280714	0.850892	8.21184
2708.0	0.0	0.558141	0.558141	0.848633	8.07069
2709.0	0.0	-0.172879	0.172879	0.891859	6.5418
2710.0	0.0	-0.119571	0.119571	0.879529	7.05632
2711.0	0.0	0.0669228	0.0669228	0.893724	6.49267
2712.0	0.0	0.0340588	0.0340588	0.901316	6.19754
2713.0	0.0	0.13701	0.13701	0.903783	6.08469
2714.0	0.0	0.425495	0.425495	0.820963	9.48023
2715.0	0.0	-0.23474	0.23474	0.864422	7.64816
2716.0	0.0	-0.0381887	0.0381887	0.823298	9.56234
2717.0	0.0	-0.0511758	0.0511758	0.911842	5.79164
2718.0	0.0	0.276514	0.276514	0.86165	7.74516
2719.0	0.0	-0.535694	0.535694	0.883841	6.60949
2720.0	0.0	1.3533	1.3533	0.825789	7.52925
2721.0	0.0	0.158845	0.158845	0.881113	6.98037
2722.0	0.0	0.148547	0.148547	0.913742	5.70109
2723.0	0.0	0.476649	0.476649	0.799489	10.4875
2724.0	0.0	0.473791	0.473791	0.802785	10.3241
2725.0	0.0	0.732687	0.732687	0.910396	5.33592
2726.0	0.0	0.631669	0.631669	0.865226	7.26524
2727.0	0.0	-0.202006	0.202006	0.836994	8.87835
2728.0	0.0	0.518166	0.518166	0.855389	7.81899
2729.0	0.0	0.13591	0.13591	0.862571	7.76493
2730.0	0.0	-0.736017	0.736017	0.885037	6.31107
2731.0	0.0	0.11111	0.11111	0.936714	4.86728
2732.0	0.0	-0.767217	0.767217	0.837614	8.27532
2733.0	0.0	-0.531833	0.531833	0.870449	7.16308
2734.0	0.0	-0.22701	0.22701	0.826617	9.35064
2735.0	0.0	-0.553852	0.553852	0.857073	7.70689
2736.0	0.0	0.21837	0.21837	0.816866	9.82207
2737.0	0.0	-0.239381	0.239381	0.835101	8.94807
2738.0	0.0	0.360674	0.360674	0.860314	7.74774
2739.0	0.0	0.729342	0.729342	0.904076	5.57903
2740.0	0.0	0.167361	0.167361	0.835041	8.98197
2741.0	0.0	0.10205	0.10205	0.855867	8.06386
2742.0	0.0	0.00823743	0.00823743	0.971762	3.6775
2743.0	0.0	-0.392805	0.392805	0.838924	8.67024
2744.0	0.0	0.70247	0.70247	0.767787	11.8642
2745.0	0.0	0.725674	0.725674	0.83328	8.53695
2746.0	0.0	0.837596	0.837596	0.831394	8.44008
2747.0	0.0	0.351135	0.351135	0.895169	6.31896
2748.0	0.0	0.948145	0.948145	0.823509	8.59661
2749.0	0.0	-0.823051	0.823051	0.880051	6.37785
2750.0	0.0	-0.322538	0.322538	0.794966	10.8562
2751.0	0.0	0.165884	0.165884	0.841594	8.68218
2752.0	0.0	0.109479	0.109479	0.940745	4.72438
2753.0	0.0	-0.235834	0.235834	0.811776	10.0624
2754.0	0.0	0.516713	0.516713	0.856237	7.78373
2755.0	0.0	0.00640834	0.00640834	0.83974	8.7956
2756.0	0.0	-0.328676	0.328676	0.785851	11.3282
2757.0	0.0	0.235167	0.235167	0.832258	9.08203
2758.0	0.0	0.360633	0.360633	0.754224	13.0582
2759.0	0.0	-0.372178	0.372178	0.795289	10.801
2760.0	0.0	0.321637	0.321637	0.832974	8.99755
2761.0	0.0	0.452659	0.452659	0.775487	11.7741
2762.0	0.0	-0.275188	0.275188	0.826381	9.33584
2763.0	0.0	-0.222842	0.222842	0.908783	5.86269
2764.0	0.0	0.019086	0.019086	0.856	8.06841
2765.0	0.0	-0.479991	0.479991	0.898261	6.0934
2766.0	0.0	0.713427	0.713427	0.782247	11.0654
2767.0	0.0	0.470146	0.470146	0.720453	15.0158
2768.0	0.0	-0.140571	0.140571	0.926338	5.23529
2769.0	0.0	-0.0124771	0.0124771	0.788245	11.3241
2770.0	0.0	0.43671	0.43671	0.805983	10.2012
2771.0	0.0	0.272596	0.272596	0.87395	7.22692
2772.0	0.0	-0.39319	0.39319	0.853102	8.03605
2773.0	0.0	0.939581	0.939581	0.786629	10.419
2774.0	0.0	0.0581672	0.0581672	0.860085	7.88757
2775.0	0.0	-0.433406	0.433406	0.901352	6.01469
2776.0	0.0	0.11299	0.11299	0.838976	8.81713
2777.0	0.0	0.456239	0.456239	0.852426	8.01044
2778.0	0.0	0.377442	0.377442	0.817517	9.68762
2779.0	0.0	1.41862	1.41862	0.822133	7.50951
2780.0	0.0	0.868016	0.868016	0.829855	8.45628
2781.0	0.0	0.148423	0.148423	0.853414	8.15944
2782.0	0.0	0.0374859	0.0374859	0.839168	8.82034
2783.0	0.0	-0.283052	0.283052	0.80693	10.2757
2784.0	0.0	-0.0552455	0.0552455	0.888797	6.69081
2785.0	0.0	0.355362	0.355362	0.846793	8.34461
2786.0	0.0	-0.508819	0.508819	0.966113	3.632
2787.0	0.0	-0.157501	0.157501	0.798657	10.7552
2788.0	0.0	0.549284	0.549284	0.880401	6.7342
2789.0	0.0	-0.382516	0.382516	0.933575	4.85448
2790.0	0.0	-0.208527	0.208527	0.838698	8.79739
2791.0	0.0	-0.444159	0.444159	0.803228	10.3318
2792.0	0.0	0.144806	0.144806	0.984255	3.25386
2793.0	0.0	1.00579	1.00579	0.84707	7.42272
2794.0	0.0	-0.0733603	0.0733603	0.798317	10.7943
2795.0	0.0	-0.479134	0.479134	0.805859	10.1646
2796.0	0.0	0.543011	0.543011	0.906062	5.73053
2797.0	0.0	0.306488	0.306488	0.952877	4.22664
2798.0	0.0	-0.593899	0.593899	0.902213	5.82216
2799.0	0.0	-0.751495	0.751495	0.905342	5.49968
2800.0	0.0	0.552812	0.552812	0.851975	7.92981
2801.0	0.0	0.274024	0.274024	0.81837	9.71944
2802.0	0.0	-0.283079	0.283079	0.855507	8.00758
2803.0	0.0	-0.396792	0.396792	0.925512	5.1356
2804.0	0.0	-0.273094	0.273094	0.856974	7.94936
2805.0	0.0	0.47724	0.47724	0.806589	10.1303
2806.0	0.0	-0.265405	0.265405	0.767394	12.3768
2807.0	0.0	-0.231914	0.231914	0.806955	10.3036
2808.0	0.0	0.994096	0.994096	0.78099	10.5948
2809.0	0.0	-0.152875	0.152875	0.889434	6.64514
2810.0	0.0	-0.0961736	0.0961736	0.835368	8.98674
2811.0	0.0	-0.503413	0.503413	0.91267	5.52014
2812.0	0.0	-0.197408	0.197408	0.844501	8.53869
2813.0	0.0	0.205872	0.205872	0.929408	5.10207
2814.0	0.0	0.219428	0.219428	0.925184	5.25071
2815.0	0.0	0.159094	0.159094	0.759193	12.8952
2816.0	0.0	0.0399851	0.0399851	0.759345	12.9145
2817.0	0.0	0.10782	0.10782	0.864882	7.67289
2818.0	0.0	-0.246757	0.246757	0.81574	9.86251
2819.0	0.0	-0.432515	0.432515	0.912153	5.60294
2820.0	0.0	-0.223657	0.223657	0.804337	10.4389
2821.0	0.0	0.386338	0.386338	0.748518	13.37
2822.0	0.0	-0.231588	0.231588	0.854453	8.08111
2823.0	0.0	-0.604117	0.604117	0.85961	7.5384
2824.0	0.0	-0.354785	0.354785	0.931414	4.95122
2825.0	0.0	-0.749515	0.749515	0.812672	9.4688
2826.0	0.0	0.135165	0.135165	0.875201	7.23131
2827.0	0.0	0.267067	0.267067	0.747613	13.5173
2828.0	0.0	0.563042	0.563042	0.840394	8.43294
2829.0	0.0	0.920975	0.920975	0.806345	9.46764
2830.0	0.0	0.213325	0.213325	0.939996	4.71975
2831.0	0.0	0.511168	0.511168	0.838142	8.59342
2832.0	0.0	0.433025	0.433025	0.871635	7.20945
2833.0	0.0	0.803286	0.803286	0.817646	9.1407
2834.0	0.0	0.746567	0.746567	0.760907	12.1737
2835.0	0.0	-0.164569	0.164569	0.904225	6.05953
2836.0	0.0	-0.104832	0.104832	0.964966	3.89296
2837.0	0.0	-0.555563	0.555563	0.852017	7.92484
2838.0	0.0	0.0698119	0.0698119	0.819132	9.75883
2839.0	0.0	-0.0337293	0.0337293	0.816572	9.88707
2840.0	0.0	-0.784689	0.784689	0.889903	6.04628
2841.0	0.0	0.515652	0.515652	0.836394	8.66829
2842.0	0.0	-0.38793	0.38793	0.907288	5.82261
2843.0	0.0	-0.31929	0.31929	0.845634	8.42189
2844.0	0.0	-0.364278	0.364278	0.912019	5.66005
2845.0	0.0	-0.510917	0.510917	0.827123	9.10277
2846.0	0.0	0.367993	0.367993	0.868833	7.37951
2847.0	0.0	-0.0827091	0.0827091	0.863114	7.75349
2848.0	0.0	0.210838	0.210838	0.941694	4.66078
2849.0	0.0	0.442706	0.442706	0.870614	7.24358
2850.0	0.0	0.521583	0.521583	0.887721	6.46847
2851.0	0.0	-0.0952994	0.0952994	0.790809	11.1792
2852.0	0.0	0.247407	0.247407	0.881953	6.91012
2853.0	0.0	0.0366853	0.0366853	0.959187	4.09606
2854.0	0.0	-0.1549	0.1549	0.716133	15.5453
2855.0	0.0	-0.54038	0.54038	0.884424	6.58102
2856.0	0.0	0.513004	0.513004	0.804649	10.1881
2857.0	0.0	0.22991	0.22991	0.894018	6.43348
2858.0	0.0	0.486524	0.486524	0.787761	11.082
2859.0	0.0	-0.236203	0.236203	0.858658	7.89551
2860.0	0.0	-0.440501	0.440501	0.833544	8.87509
2861.0	0.0	0.631904	0.631904	0.774295	11.616
2862.0	0.0	0.0982318	0.0982318	0.884663	6.85122
2863.0	0.0	0.635843	0.635843	0.80779	9.87775
2864.0	0.0	-0.396127	0.396127	0.881257	6.8432
2865.0	0.0	0.465947	0.465947	0.818153	9.57612
2866.0	0.0	0.172965	0.172965	0.859366	7.89145
2867.0	0.0	-0.734612	0.734612	0.814074	9.42492
2868.0	0.0	0.293031	0.293031	0.849521	8.26524
2869.0	0.0	0.745346	0.745346	0.942064	4.17797
2870.0	0.0	-0.423532	0.423532	0.927558	5.0405
2871.0	0.0	-0.181929	0.181929	0.929428	5.11009
2872.0	0.0	0.535561	0.535561	0.816578	9.57672
2873.0	0.0	-0.652451	0.652451	0.793313	10.5822
2874.0	0.0	-0.343992	0.343992	0.85844	7.84075
2875.0	0.0	-0.448785	0.448785	0.766476	12.2754
2876.0	0.0	0.441882	0.441882	0.9015	6.00176
2877.0	0.0	-0.250631	0.250631	0.863046	7.69917
2878.0	0.0	-0.14061	0.14061	0.900025	6.22971
2879.0	0.0	-0.725733	0.725733	0.83674	8.37933
2880.0	0.0	-0.170319	0.170319	0.861238	7.81148
2881.0	0.0	0.242498	0.242498	0.845008	8.49506
2882.0	0.0	-0.15042	0.15042	0.850679	8.27966
2883.0	0.0	0.0888764	0.0888764	0.874773	7.25954
2884.0	0.0	-1.00289	1.00289	0.93721	3.93713
2885.0	0.0	-0.883634	0.883634	0.853865	7.36308
2886.0	0.0	0.230103	0.230103	0.984916	3.20458
2887.0	0.0	-0.592261	0.592261	0.897383	6.01078
2888.0	0.0	-0.595912	0.595912	0.892727	6.18868
2889.0	0.0	-0.0464457	0.0464457	0.836529	8.94073
2890.0	0.0	-0.162788	0.162788	0.890427	6.60228
2891.0	0.0	0.321983	0.321983	0.907092	5.87521
2892.0	0.0	0.312653	0.312653	0.806974	10.2541
2893.0	0.0	-0.768388	0.768388	0.827987	8.71347
2894.0	0.0	0.017979	0.017979	0.85482	8.12015
2895.0	0.0	-0.287415	0.287415	0.853457	8.09484
2896.0	0.0	0.665989	0.665989	0.858995	7.48491
2897.0	0.0	0.403293	0.403293	0.715917	15.3841
2898.0	0.0	-0.341908	0.341908	0.84451	8.45669
2899.0	0.0	-0.164927	0.164927	0.74292	13.8521
2900.0	0.0	-0.550763	0.550763	0.878904	6.79357
2901.0	0.0	0.162987	0.162987	0.828741	9.27726
2902.0	0.0	0.2622	0.2622	0.838027	8.80139
2903.0	0.0	0.0939237	0.0939237	0.949395	4.42461
2904.0	0.0	0.0214495	0.0214495	0.766257	12.5225
2905.0	0.0	1.01971	1.01971	0.800408	9.55229
2906.0	0.0	-0.33851	0.33851	0.915784	5.53583
2907.0	0.0	0.755037	0.755037	0.739355	13.4115
2908.0	0.0	0.241847	0.241847	0.80273	10.5106
2909.0	0.0	0.235122	0.235122	0.822016	9.56549
2910.0	0.0	-0.110277	0.110277	0.820928	9.66433
2911.0	0.0	0.559586	0.559586	0.878041	6.8191
2912.0	0.0	0.469524	0.469524	0.902492	5.93909
2913.0	0.0	-0.220735	0.220735	0.919046	5.47687
2914.0	0.0	0.234254	0.234254	0.762883	12.6494
2915.0	0.0	0.512291	0.512291	0.84465	8.29862
2916.0	0.0	0.250143	0.250143	0.823502	9.48668
2917.0	0.0	-0.0762031	0.0762031	0.905369	6.03603
2918.0	0.0	0.545966	0.545966	0.839364	8.49935
2919.0	0.0	-0.970368	0.970368	0.801327	9.61307
2920.0	0.0	0.636155	0.636155	0.820297	9.27172
2921.0	0.0	0.276605	0.276605	0.791853	11.0486
2922.0	0.0	-0.125592	0.125592	0.843604	8.60347
2923.0	0.0	-0.600741	0.600741	0.887343	6.39627
2924.0	0.0	0.856486	0.856486	0.817489	9.05408
2925.0	0.0	-0.62054	0.62054	0.778718	11.3935
2926.0	0.0	-0.698594	0.698594	0.757333	12.4569
2927.0	0.0	-0.544783	0.544783	0.785859	11.1141
2928.0	0.0	-0.44692	0.44692	0.878152	6.92747
2929.0	0.0	-0.259346	0.259346	0.772975	12.0705
2930.0	0.0	-0.091411	0.091411	0.845631	8.51988
2931.0	0.0	-0.172841	0.172841	0.784563	11.4856
2932.0	0.0	0.322691	0.322691	0.942172	4.58872
2933.0	0.0	-0.0966921	0.0966921	0.86033	7.87083
2934.0	0.0	0.393363	0.393363	0.829683	9.09618
2935.0	0.0	0.604086	0.604086	0.871029	7.05655
2936.0	0.0	-0.563407	0.563407	0.899164	5.97392
2937.0	0.0	-0.130161	0.130161	0.790516	11.1856
2938.0	0.0	-0.303463	0.303463	0.86432	7.61482
2939.0	0.0	0.42194	0.42194	0.847914	8.24083
2940.0	0.0	-0.878056	0.878056	0.852219	7.44382
2941.0	0.0	-1.19496	1.19496	0.754173	11.5484
2942.0	0.0	-0.469787	0.469787	0.802887	10.3231
2943.0	0.0	-0.122148	0.122148	0.918365	5.53446
2944.0	0.0	-0.146372	0.146372	0.793401	11.03
2945.0	0.0	-0.607576	0.607576	0.884163	6.51547
2946.0	0.0	0.525647	0.525647	0.82702	9.09129
2947.0	0.0	-0.286911	0.286911	0.853258	8.10389
2948.0	0.0	-0.0468638	0.0468638	0.758571	12.9584
2949.0	0.0	-0.492875	0.492875	0.89013	6.40108
2950.0	0.0	0.333268	0.333268	0.750278	13.3119
2951.0	0.0	-0.0779341	0.0779341	0.794219	11.0049
2952.0	0.0	-0.0387669	0.0387669	0.889786	6.65268
2953.0	0.0	0.913725	0.913725	0.847289	7.59272
2954.0	0.0	-0.565854	0.565854	0.814209	9.65526
2955.0	0.0	-0.397477	0.397477	0.787498	11.1846
2956.0	0.0	-0.0284751	0.0284751	0.864993	7.67922
2957.0	0.0	-0.338065	0.338065	0.883315	6.80185
2958.0	0.0	-0.252881	0.252881	0.85624	7.9923
2959.0	0.0	0.139162	0.139162	0.84181	8.68096
2960.0	0.0	-0.591635	0.591635	0.859072	7.57665
2961.0	0.0	-0.0743228	0.0743228	0.847566	8.43608
2962.0	0.0	0.892618	0.892618	0.877112	6.37928
2963.0	0.0	-0.300185	0.300185	0.871533	7.31188
2964.0	0.0	0.231738	0.231738	0.849184	8.31367
2965.0	0.0	-0.379763	0.379763	0.904351	5.9412
2966.0	0.0	0.658686	0.658686	0.784489	11.0317
2967.0	0.0	-0.135251	0.135251	0.933155	4.98929
2968.0	0.0	0.12807	0.12807	0.803831	10.5017
2969.0	0.0	0.268897	0.268897	0.906182	5.94036
2970.0	0.0	0.423888	0.423888	0.928545	5.00443
2971.0	0.0	-0.217389	0.217389	0.86311	7.71233
2972.0	0.0	-0.207313	0.207313	0.874944	7.21708
2973.0	0.0	-0.677889	0.677889	0.870288	6.99264
2974.0	0.0	-0.237171	0.237171	0.877512	7.09736
2975.0	0.0	-0.551552	0.551552	0.868123	7.23891
2976.0	0.0	0.474367	0.474367	0.848801	8.15274
2977.0	0.0	-0.0766832	0.0766832	0.907348	5.95991
2978.0	0.0	0.490398	0.490398	0.838189	8.6131
2979.0	0.0	0.577054	0.577054	0.839431	8.45978
2980.0	0.0	-0.322336	0.322336	0.864274	7.60475
2981.0	0.0	0.302468	0.302468	0.744526	13.6775
2982.0	0.0	0.0284982	0.0284982	0.779045	11.8155
2983.0	0.0	0.840139	0.840139	0.811359	9.3773
2984.0	0.0	-0.0405274	0.0405274	0.793501	11.0471
2985.0	0.0	0.0384116	0.0384116	0.872168	7.37489
2986.0	0.0	-0.841528	0.841528	0.727587	13.9633
2987.0	0.0	-0.167416	0.167416	0.903938	6.06971
2988.0	0.0	-0.965314	0.965314	0.762313	11.6632
2989.0	0.0	0.193457	0.193457	0.775626	11.9595
2990.0	0.0	-0.00916178	0.00916178	0.712006	15.8491
2991.0	0.0	-0.162771	0.162771	0.884418	6.8444
2992.0	0.0	-0.192757	0.192757	0.868693	7.48501
2993.0	0.0	-0.0456016	0.0456016	0.819224	9.75744
2994.0	0.0	0.0858275	0.0858275	0.905569	6.02684
2995.0	0.0	-0.253761	0.253761	0.941953	4.63319
2996.0	0.0	0.231532	0.231532	0.926827	5.18547
2997.0	0.0	-0.470399	0.470399	0.873355	7.10392
2998.0	0.0	-0.0239374	0.0239374	0.880208	7.04214
2999.0	0.0	-0.253562	0.253562	0.903054	6.06867
3000.0	0.0	-0.602338	0.602338	0.910454	5.49914
3001.0	0.0	-0.304642	0.304642	0.783919	11.4482
3002.0	0.0	0.775915	0.775915	0.749853	12.7532
3003.0	0.0	-0.157179	0.157179	0.781635	11.6482
3004.0	0.0	-0.607189	0.607189	0.859168	7.55357
3005.0	0.0	-0.0959772	0.0959772	0.807937	10.3037
3006.0	0.0	0.494899	0.494899	0.818703	9.51965
3007.0	0.0	0.402204	0.402204	0.772858	11.9676
3008.0	0.0	0.54712	0.54712	0.768349	12.0574
3009.0	0.0	-0.244399	0.244399	0.797596	10.7705
3010.0	0.0	-0.190522	0.190522	0.918117	5.52334
3011.0	0.0	-0.147409	0.147409	0.833709	9.05031
3012.0	0.0	-0.258482	0.258482	0.83177	9.09248
3013.0	0.0	0.413069	0.413069	0.848707	8.21335
3014.0	0.0	-0.701475	0.701475	0.893422	6.02829
3015.0	0.0	-0.145716	0.145716	0.871953	7.36391
3016.0	0.0	0.221519	0.221519	0.865978	7.58801
3017.0	0.0	-0.166153	0.166153	0.829007	9.26365
3018.0	0.0	0.229094	0.229094	0.866932	7.54397
3019.0	0.0	-0.411411	0.411411	0.868031	7.37905
3020.0	0.0	0.169059	0.169059	0.881766	6.95031
3021.0	0.0	0.275604	0.275604	0.915249	5.59276
3022.0	0.0	-0.307511	0.307511	0.855147	8.00843
3023.0	0.0	-0.101418	0.101418	0.850184	8.31443
3024.0	0.0	-0.311206	0.311206	0.845657	8.42618
3025.0	0.0	0.789535	0.789535	0.837477	8.2454
3026.0	0.0	0.542268	0.542268	0.810865	9.84674
3027.0	0.0	-0.898555	0.898555	0.864615	6.88153
3028.0	0.0	0.40462	0.40462	0.826516	9.23522
3029.0	0.0	0.576657	0.576657	0.823385	9.20246
3030.0	0.0	0.519024	0.519024	0.905505	5.77624
3031.0	0.0	-0.329268	0.329268	0.919966	5.38593
3032.0	0.0	-0.0784238	0.0784238	0.818373	9.79419
3033.0	0.0	-0.216291	0.216291	0.804887	10.4149
3034.0	0.0	-0.199649	0.199649	0.770449	12.242
3035.0	0.0	0.25539	0.25539	0.898176	6.25762
3036.0	0.0	0.636691	0.636691	0.799718	10.2789
3037.0	0.0	0.354986	0.354986	0.812818	9.93422
3038.0	0.0	-0.149507	0.149507	0.860376	7.8555
3039.0	0.0	0.285707	0.285707	0.872857	7.2651
3040.0	0.0	0.0871216	0.0871216	0.926964	5.22388
3041.0	0.0	-0.83467	0.83467	0.829236	8.54415
3042.0	0.0	-0.566785	0.566785	0.830943	8.86076
3043.0	0.0	0.27404	0.27404	0.855914	7.99502
3044.0	0.0	-0.229137	0.229137	0.831936	9.09999
3045.0	0.0	0.367473	0.367473	0.868041	7.41326
3046.0	0.0	-0.354053	0.354053	0.798994	10.6258
3047.0	0.0	-0.58436	0.58436	0.821641	9.27554
3048.0	0.0	-0.231006	0.231006	0.799337	10.6886
3049.0	0.0	0.46974	0.46974	0.813342	9.80549
3050.0	0.0	0.329358	0.329358	0.721855	15.0662
3051.0	0.0	-0.319262	0.319262	0.858517	7.85422
3052.0	0.0	-0.736309	0.736309	0.773779	11.4808
3053.0	0.0	-0.84235	0.84235	0.799134	9.97433
3054.0	0.0	-0.36573	0.36573	0.822761	9.4453
3055.0	0.0	0.229384	0.229384	0.804996	10.403
3056.0	0.0	0.29634	0.29634	0.836004	8.87414
3057.0	0.0	0.935655	0.935655	0.883922	6.0303
3058.0	0.0	0.472386	0.472386	0.840614	8.52122
3059.0	0.0	0.762514	0.762514	0.837762	8.27611
3060.0	0.0	0.0642851	0.0642851	0.912279	5.77363
3061.0	0.0	0.080584	0.080584	0.892026	6.55822
3062.0	0.0	-0.0224912	0.0224912	0.89313	6.52019
3063.0	0.0	-0.190421	0.190421	0.86449	7.66451
3064.0	0.0	-0.303726	0.303726	0.819208	9.66041
3065.0	0.0	0.148116	0.148116	0.772294	12.1606
3066.0	0.0	-0.329554	0.329554	0.831046	9.08169
3067.0	0.0	-0.192923	0.192923	0.897695	6.30388
3068.0	0.0	0.107613	0.107613	0.81494	9.95533
3069.0	0.0	0.199855	0.199855	0.82407	9.48397
3070.0	0.0	0.4109	0.4109	0.790473	11.0165
3071.0	0.0	0.00477716	0.00477716	0.82623	9.42433
3072.0	0.0	0.144789	0.144789	0.790583	11.1776
3073.0	0.0	0.784822	0.784822	0.867319	6.95986
3074.0	0.0	0.228502	0.228502	0.846393	8.43981
3075.0	0.0	0.957256	0.957256	0.798762	9.7676
3076.0	0.0	-0.141338	0.141338	0.802259	10.5772
3077.0	0.0	0.0435679	0.0435679	0.934104	4.97051
3078.0	0.0	-0.0507746	0.0507746	0.935356	4.92494
3079.0	0.0	-0.930604	0.930604	0.807596	9.38754
3080.0	0.0	0.0489783	0.0489783	0.895095	6.44043
3081.0	0.0	-0.0538387	0.0538387	0.794298	11.0043
3082.0	0.0	-0.756474	0.756474	0.739449	13.4032
3083.0	0.0	0.0339531	0.0339531	0.853338	8.18444
3084.0	0.0	-0.0396148	0.0396148	0.778163	11.8625
3085.0	0.0	0.768027	0.768027	0.851004	7.68076
3086.0	0.0	0.290557	0.290557	0.822659	9.50332
3087.0	0.0	-0.118663	0.118663	0.852032	8.22865
3088.0	0.0	0.166926	0.166926	0.831043	9.16796
3089.0	0.0	-0.0708831	0.0708831	0.820986	9.66932
3090.0	0.0	0.38564	0.38564	0.819852	9.56831
3091.0	0.0	0.250252	0.250252	0.895007	6.38478
3092.0	0.0	-0.511047	0.511047	0.745589	13.4095
3093.0	0.0	0.0890604	0.0890604	0.871559	7.39388
3094.0	0.0	-0.105693	0.105693	0.80475	10.4612
3095.0	0.0	-0.00999215	0.00999215	0.854107	8.15168
3096.0	0.0	0.0847915	0.0847915	0.854429	8.13021
3097.0	0.0	-0.197894	0.197894	0.855967	8.02979
3098.0	0.0	0.643983	0.643983	0.943559	4.25474
3099.0	0.0	0.605651	0.605651	0.839307	8.43003
3100.0	0.0	0.132819	0.132819	0.824145	9.50443
3101.0	0.0	1.09133	1.09133	0.817168	8.58576
3102.0	0.0	0.491972	0.491972	0.833044	8.84739
3103.0	0.0	0.0765863	0.0765863	0.79574	10.9264
3104.0	0.0	-0.113771	0.113771	0.856445	8.03596
3105.0	0.0	0.255547	0.255547	0.92732	5.15646
3106.0	0.0	-0.303443	0.303443	0.797858	10.721
3107.0	0.0	0.839349	0.839349	0.791946	10.3432
3108.0	0.0	0.130294	0.130294	0.829673	9.24377
3109.0	0.0	-0.303911	0.303911	0.850414	8.2189
3110.0	0.0	-0.273993	0.273993	0.830062	9.16341
3111.0	0.0	-0.0300616	0.0300616	0.90136	6.19609
3112.0	0.0	0.0889917	0.0889917	0.819405	9.74233
3113.0	0.0	0.299948	0.299948	0.715606	15.4964
3114.0	0.0	0.164143	0.164143	0.865879	7.61475
3115.0	0.0	0.404342	0.404342	0.898769	6.13865
3116.0	0.0	-0.50875	0.50875	0.815577	9.65538
3117.0	0.0	-0.357878	0.357878	0.768713	12.2359
3118.0	0.0	-0.182956	0.182956	0.787592	11.3207
3119.0	0.0	0.109178	0.109178	0.888495	6.69416
3120.0	0.0	-0.686749	0.686749	0.83292	8.61109
3121.0	0.0	-0.123418	0.123418	0.803982	10.4954
3122.0	0.0	0.439621	0.439621	0.930821	4.90955
3123.0	0.0	0.197413	0.197413	0.822015	9.5832
3124.0	0.0	0.316639	0.316639	0.857581	7.89654
3125.0	0.0	-0.267834	0.267834	0.784973	11.4161
3126.0	0.0	0.0640155	0.0640155	0.845241	8.54192
3127.0	0.0	0.0682871	0.0682871	0.82911	9.28337
3128.0	0.0	0.427343	0.427343	0.945678	4.39386
3129.0	0.0	0.0267226	0.0267226	0.781514	11.6822
3130.0	0.0	0.351752	0.351752	0.856763	7.90794
3131.0	0.0	0.274377	0.274377	0.855161	8.02773
3132.0	0.0	0.0728787	0.0728787	0.80637	10.3864
3133.0	0.0	-0.0205028	0.0205028	0.914462	5.69472
3134.0	0.0	-0.379032	0.379032	0.846243	8.35108
3135.0	0.0	-0.223756	0.223756	0.879879	7.00615
3136.0	0.0	-1.10811	1.10811	0.827922	8.05141
3137.0	0.0	0.275065	0.275065	0.817949	9.73918
3138.0	0.0	0.364258	0.364258	0.942942	4.5353
3139.0	0.0	0.445927	0.445927	0.836778	8.72134
3140.0	0.0	0.0559422	0.0559422	0.834223	9.04626
3141.0	0.0	-0.427605	0.427605	0.822681	9.39629
3142.0	0.0	0.790781	0.790781	0.683741	16.9984
3143.0	0.0	0.544489	0.544489	0.896958	6.07998
3144.0	0.0	-0.126725	0.126725	0.924466	5.30744
3145.0	0.0	0.0782257	0.0782257	0.800229	10.6958
3146.0	0.0	-0.138184	0.138184	0.863563	7.72172
3147.0	0.0	-0.443403	0.443403	0.786805	11.1775
3148.0	0.0	-0.0823222	0.0823222	0.859208	7.9221
3149.0	0.0	0.528176	0.528176	0.873429	7.043
3150.0	0.0	-0.47328	0.47328	0.835832	8.73814
3151.0	0.0	-0.0487893	0.0487893	0.904164	6.08586
3152.0	0.0	0.218337	0.218337	0.734041	14.371
3153.0	0.0	0.473057	0.473057	0.833869	8.82862
3154.0	0.0	0.485172	0.485172	0.853513	7.93478
3155.0	0.0	0.0452436	0.0452436	0.895639	6.41927
3156.0	0.0	0.059464	0.059464	0.892751	6.53228
3157.0	0.0	0.19832	0.19832	0.786955	11.3478
3158.0	0.0	-0.514113	0.514113	0.885719	6.55625
3159.0	0.0	0.487887	0.487887	0.90699	5.74974
3160.0	0.0	0.417179	0.417179	0.747227	13.4168
3161.0	0.0	0.518234	0.518234	0.874972	6.98962
3162.0	0.0	-0.794663	0.794663	0.873731	6.6796
3163.0	0.0	0.564689	0.564689	0.866023	7.31251
3164.0	0.0	-0.20179	0.20179	0.813616	9.98832
3165.0	0.0	-0.120262	0.120262	0.893252	6.50159
3166.0	0.0	-0.0909271	0.0909271	0.939457	4.77347
3167.0	0.0	-0.158019	0.158019	0.899782	6.23412
3168.0	0.0	0.138892	0.138892	0.893218	6.49818
3169.0	0.0	-0.025733	0.025733	0.934846	4.94503
3170.0	0.0	0.253009	0.253009	0.847773	8.36579
3171.0	0.0	-0.100597	0.100597	0.810188	10.1908
3172.0	0.0	0.254738	0.254738	0.859702	7.841
3173.0	0.0	-0.87026	0.87026	0.902722	5.41561
3174.0	0.0	-0.502743	0.502743	0.832146	8.87757
3175.0	0.0	-0.0970869	0.0970869	0.968035	3.79221
3176.0	0.0	0.150016	0.150016	0.829195	9.26029
3177.0	0.0	-0.463451	0.463451	0.751786	13.0996
3178.0	0.0	0.600218	0.600218	0.92918	4.81273
3179.0	0.0	-0.63362	0.63362	0.75621	12.6226
3180.0	0.0	-0.243805	0.243805	0.887758	6.67673
3181.0	0.0	0.848835	0.848835	0.80911	9.47053
3182.0	0.0	-0.321724	0.321724	0.883552	6.80293
3183.0	0.0	-0.353348	0.353348	0.842533	8.53742
3184.0	0.0	1.06476	1.06476	0.929304	4.09643
3185.0	0.0	0.133753	0.133753	0.892994	6.50847
3186.0	0.0	-0.766582	0.766582	0.845607	7.9196
3187.0	0.0	-0.1456	0.1456	0.875916	7.19865
3188.0	0.0	0.0573832	0.0573832	0.94662	4.52615
3189.0	0.0	-0.0740242	0.0740242	0.803735	10.5186
3190.0	0.0	0.541893	0.541893	0.843946	8.29764
3191.0	0.0	0.467395	0.467395	0.881836	6.75846
3192.0	0.0	0.410283	0.410283	0.746851	13.446
3193.0	0.0	-0.315635	0.315635	0.839874	8.68449
3194.0	0.0	-0.0678513	0.0678513	0.952706	4.3142
3195.0	0.0	0.627601	0.627601	0.95008	4.04922
3196.0	0.0	0.0867923	0.0867923	0.932463	5.02431
3197.0	0.0	-0.158455	0.158455	0.90127	6.17598
3198.0	0.0	-0.0601269	0.0601269	0.89942	6.26915
3199.0	0.0	0.270848	0.270848	0.838118	8.79237
3200.0	0.0	0.051103	0.051103	0.832455	9.12901
3201.0	0.0	0.372176	0.372176	0.869703	7.33976
3202.0	0.0	-0.811429	0.811429	0.819871	9.0212
3203.0	0.0	0.0496709	0.0496709	0.826173	9.42439
3204.0	0.0	0.394612	0.394612	0.842127	8.52341
3205.0	0.0	-0.603447	0.603447	0.89648	6.03293
3206.0	0.0	0.33204	0.33204	0.844606	8.45933
3207.0	0.0	-0.130667	0.130667	0.798152	10.7897
3208.0	0.0	-0.664595	0.664595	0.782261	11.1406
3209.0	0.0	-0.00887992	0.00887992	0.921692	5.42496
3210.0	0.0	0.505058	0.505058	0.769188	12.0621
3211.0	0.0	-0.532397	0.532397	0.802796	10.2585
3212.0	0.0	0.00339729	0.00339729	0.876595	7.19182
3213.0	0.0	-0.0171289	0.0171289	0.759981	12.8795
3214.0	0.0	-0.466547	0.466547	0.844457	8.35388
3215.0	0.0	0.433912	0.433912	0.830843	9.00639
3216.0	0.0	-1.02018	1.02018	0.859671	6.85585
3217.0	0.0	-0.476858	0.476858	0.941902	4.48441
3218.0	0.0	-0.131589	0.131589	0.82156	9.6284
3219.0	0.0	0.289465	0.289465	0.826398	9.32641
3220.0	0.0	0.149552	0.149552	0.795189	10.9363
3221.0	0.0	0.329965	0.329965	0.839132	8.70856
3222.0	0.0	-0.281702	0.281702	0.804695	10.3885
3223.0	0.0	0.581873	0.581873	0.839769	8.43867
3224.0	0.0	-0.00917252	0.00917252	0.806996	10.3608
3225.0	0.0	0.420538	0.420538	0.726141	14.707
3226.0	0.0	0.159143	0.159143	0.841922	8.66959
3227.0	0.0	-0.393085	0.393085	0.820869	9.51331
3228.0	0.0	-0.357927	0.357927	0.880107	6.91882
3229.0	0.0	-0.300526	0.300526	0.842373	8.58087
3230.0	0.0	0.0219217	0.0219217	0.852556	8.21963
3231.0	0.0	-0.0221769	0.0221769	0.869902	7.47116
3232.0	0.0	0.676185	0.676185	0.887443	6.29793
3233.0	0.0	0.243356	0.243356	0.899005	6.23106
3234.0	0.0	0.434942	0.434942	0.78593	11.232
3235.0	0.0	0.129456	0.129456	0.81898	9.75326
3236.0	0.0	-0.312078	0.312078	0.922005	5.321
3237.0	0.0	-0.0470761	0.0470761	0.896889	6.36981
3238.0	0.0	0.0860019	0.0860019	0.843677	8.609
3239.0	0.0	-0.00239105	0.00239105	0.882509	6.94851
3240.0	0.0	-0.35339	0.35339	0.838648	8.71379
3241.0	0.0	-0.619908	0.619908	0.809	9.84002
3242.0	0.0	-0.119148	0.119148	0.870556	7.42971
3243.0	0.0	0.443522	0.443522	0.812883	9.85393
3244.0	0.0	0.40596	0.40596	0.847184	8.2871
3245.0	0.0	-0.579242	0.579242	0.908618	5.59447
3246.0	0.0	0.840682	0.840682	0.835861	8.23168
3247.0	0.0	-0.325764	0.325764	0.887309	6.6486
3248.0	0.0	0.0975873	0.0975873	0.844099	8.58769
3249.0	0.0	-0.106431	0.106431	0.903393	6.10701
3250.0	0.0	0.253788	0.253788	0.835593	8.91786
3251.0	0.0	0.335644	0.335644	0.812986	9.94059
3252.0	0.0	0.8907	0.8907	0.784389	10.6345
3253.0	0.0	-0.441491	0.441491	0.783151	11.3729
3254.0	0.0	0.571379	0.571379	0.784668	11.1434
3255.0	0.0	0.026435	0.026435	0.82647	9.41225
3256.0	0.0	0.00114775	0.00114775	0.777899	11.8786
3257.0	0.0	0.0270971	0.0270971	0.804852	10.4676
3258.0	0.0	-0.363302	0.363302	0.84457	8.43822
3259.0	0.0	-0.0376538	0.0376538	0.886724	6.77594
3260.0	0.0	-0.157458	0.157458	0.813107	10.0307
3261.0	0.0	0.227075	0.227075	0.917172	5.54406
3262.0	0.0	0.733471	0.733471	0.834854	8.4532
3263.0	0.0	-0.28916	0.28916	0.864263	7.6259
3264.0	0.0	0.358542	0.358542	0.814722	9.8384
3265.0	0.0	0.145002	0.145002	0.843371	8.60849
3266.0	0.0	0.102454	0.102454	0.895422	6.41953
3267.0	0.0	-0.370144	0.370144	0.958289	4.00327
3268.0	0.0	-0.387431	0.387431	0.908238	5.78673
3269.0	0.0	-0.166462	0.166462	0.874544	7.24914
3270.0	0.0	0.152741	0.152741	0.870042	7.44211
3271.0	0.0	0.508165	0.508165	0.800893	10.3821
3272.0	0.0	0.172702	0.172702	0.870585	7.41265
3273.0	0.0	-0.200077	0.200077	0.82377	9.49816
3274.0	0.0	0.535501	0.535501	0.866749	7.31432
3275.0	0.0	0.390616	0.390616	0.816532	9.72431
3276.0	0.0	-0.350495	0.350495	0.80952	10.1001
3277.0	0.0	0.402539	0.402539	0.951417	4.21452
3278.0	0.0	0.0043693	0.0043693	0.865414	7.66206
3279.0	0.0	-0.1168	0.1168	0.783715	11.5494
3280.0	0.0	0.488793	0.488793	0.850001	8.08533
3281.0	0.0	0.52041	0.52041	0.835812	8.68973
3282.0	0.0	-0.0512732	0.0512732	0.707745	16.1323
3283.0	0.0	-0.0302055	0.0302055	0.787884	11.3423
3284.0	0.0	-0.0330656	0.0330656	0.903316	6.11995
3285.0	0.0	0.511143	0.511143	0.827465	9.08647
3286.0	0.0	0.193549	0.193549	0.771167	12.205
3287.0	0.0	-0.0107807	0.0107807	0.816115	9.91048
3288.0	0.0	0.426343	0.426343	0.886754	6.59613
3289.0	0.0	-0.371086	0.371086	0.913225	5.60979
3290.0	0.0	-0.234183	0.234183	0.869096	7.45003
3291.0	0.0	-0.283909	0.283909	0.934156	4.89502
3292.0	0.0	0.259204	0.259204	0.759023	12.8554
3293.0	0.0	-0.158544	0.158544	0.89077	6.58995
3294.0	0.0	0.145428	0.145428	0.875705	7.20746
3295.0	0.0	-0.499717	0.499717	0.794201	10.7327
3296.0	0.0	-0.425917	0.425917	0.838735	8.65033
3297.0	0.0	-0.258183	0.258183	0.822018	9.55311
3298.0	0.0	0.536527	0.536527	0.811584	9.81826
3299.0	0.0	0.0296677	0.0296677	0.770722	12.2723
3300.0	0.0	-0.282578	0.282578	0.782032	11.5638
3301.0	0.0	0.269165	0.269165	0.868663	7.45044
3302.0	0.0	0.529477	0.529477	0.856346	7.76534
3303.0	0.0	-0.583163	0.583163	0.890969	6.27268
3304.0	0.0	0.103313	0.103313	0.849665	8.3371
3305.0	0.0	0.642908	0.642908	0.797331	10.3909
3306.0	0.0	0.451719	0.451719	0.803339	10.3188
3307.0	0.0	-0.585425	0.585425	0.853737	7.81473
3308.0	0.0	0.130345	0.130345	0.782254	11.6238
3309.0	0.0	0.406121	0.406121	0.799524	10.5549
3310.0	0.0	-0.0680535	0.0680535	0.83536	8.99204
3311.0	0.0	0.0516136	0.0516136	0.862033	7.80426
3312.0	0.0	0.417265	0.417265	0.866773	7.42726
3313.0	0.0	0.404496	0.404496	0.86982	7.30951
3314.0	0.0	-0.58151	0.58151	0.802255	10.2254
3315.0	0.0	-0.0653198	0.0653198	0.814855	9.96745
3316.0	0.0	-0.230709	0.230709	0.861755	7.76439
3317.0	0.0	-0.101975	0.101975	0.853289	8.17701
3318.0	0.0	-0.112433	0.112433	0.924579	5.30651
3319.0	0.0	0.307266	0.307266	0.805858	10.3135
3320.0	0.0	-0.0499651	0.0499651	0.856204	8.0573
3321.0	0.0	0.193575	0.193575	0.780912	11.6725
3322.0	0.0	-0.62713	0.62713	0.790153	10.7814
3323.0	0.0	-0.318269	0.318269	0.822758	9.4804
3324.0	0.0	0.498819	0.498819	0.816344	9.62914
3325.0	0.0	-1.24852	1.24852	0.824205	7.87935
3326.0	0.0	0.0355382	0.0355382	0.789289	11.2678
3327.0	0.0	-0.0187107	0.0187107	0.891804	6.57313
3328.0	0.0	-0.142515	0.142515	0.859597	7.89132
3329.0	0.0	0.851995	0.851995	0.879095	6.36882
3330.0	0.0	0.103509	0.103509	0.872423	7.35484
3331.0	0.0	-0.319771	0.319771	0.835092	8.90083
3332.0	0.0	-0.283171	0.283171	0.844938	8.47583
3333.0	0.0	0.124724	0.124724	0.782589	11.6075
3334.0	0.0	0.518783	0.518783	0.838095	8.58732
3335.0	0.0	0.489033	0.489033	0.826633	9.14911
3336.0	0.0	0.288044	0.288044	0.791355	11.0672
3337.0	0.0	0.341066	0.341066	0.812569	9.95703
3338.0	0.0	0.232105	0.232105	0.901879	6.12432
3339.0	0.0	-0.0170152	0.0170152	0.900897	6.21473
3340.0	0.0	-0.315609	0.315609	0.82468	9.39075
3341.0	0.0	-0.235232	0.235232	0.821976	9.56735
3342.0	0.0	-0.09255	0.09255	0.835583	8.97753
3343.0	0.0	-0.199027	0.199027	0.913214	5.70418
3344.0	0.0	-0.26425	0.26425	0.764863	12.5198
3345.0	0.0	0.213898	0.213898	0.844838	8.51639
3346.0	0.0	-0.378418	0.378418	0.756711	12.8985
3347.0	0.0	0.254454	0.254454	0.801098	10.5863
3348.0	0.0	0.249666	0.249666	0.852727	8.14793
3349.0	0.0	-0.294062	0.294062	0.915344	5.57916
3350.0	0.0	0.317073	0.317073	0.926805	5.14201
3351.0	0.0	0.675511	0.675511	0.881087	6.5535
3352.0	0.0	0.00891043	0.00891043	0.81789	9.82419
3353.0	0.0	-0.0709541	0.0709541	0.788578	11.301
3354.0	0.0	-0.515693	0.515693	0.874541	7.01006
3355.0	0.0	-0.182755	0.182755	0.80349	10.5
3356.0	0.0	-0.0197227	0.0197227	0.808607	10.28
3357.0	0.0	0.291874	0.291874	0.875735	7.1418
3358.0	0.0	-0.552838	0.552838	0.81101	9.82705
3359.0	0.0	-0.264013	0.264013	0.935467	4.85829
3360.0	0.0	0.0685152	0.0685152	0.906182	6.00581
3361.0	0.0	-0.378963	0.378963	0.707254	15.9846
3362.0	0.0	0.947789	0.947789	0.85409	7.23481
3363.0	0.0	-0.0956694	0.0956694	0.843703	8.60595
3364.0	0.0	0.560925	0.560925	0.753949	12.8552
3365.0	0.0	-0.053075	0.053075	0.862596	7.77985
3366.0	0.0	-0.567058	0.567058	0.825133	9.13171
3367.0	0.0	0.169259	0.169259	0.930077	5.09072
3368.0	0.0	0.493615	0.493615	0.727179	14.5587
3369.0	0.0	-0.176919	0.176919	0.784908	11.4656
3370.0	0.0	-0.0684843	0.0684843	0.922402	5.39431
3371.0	0.0	-0.211199	0.211199	0.892149	6.51575
3372.0	0.0	0.707992	0.707992	0.792923	10.5183
3373.0	0.0	0.387841	0.387841	0.839358	8.65454
3374.0	0.0	-0.307185	0.307185	0.845603	8.43118
3375.0	0.0	0.557374	0.557374	0.913604	5.43062
3376.0	0.0	-0.0050443	0.0050443	0.861444	7.83233
3377.0	0.0	0.652273	0.652273	0.762858	12.2174
3378.0	0.0	-0.0858084	0.0858084	0.729765	14.6882
3379.0	0.0	-0.256657	0.256657	0.804208	10.4279
3380.0	0.0	0.0618336	0.0618336	0.824596	9.49784
3381.0	0.0	0.442996	0.442996	0.88586	6.61777
3382.0	0.0	-0.195908	0.195908	0.836013	8.92609
3383.0	0.0	0.00869166	0.00869166	0.952354	4.33045
3384.0	0.0	1.32247	1.32247	0.813009	8.19779
3385.0	0.0	-0.530477	0.530477	0.832388	8.83604
3386.0	0.0	-0.529084	0.529084	0.876256	6.92537
3387.0	0.0	0.583002	0.583002	0.854535	7.78293
3388.0	0.0	-0.215911	0.215911	0.844819	8.51633
3389.0	0.0	-0.259418	0.259418	0.866912	7.5298
3390.0	0.0	-0.60875	0.60875	0.899324	5.91632
3391.0	0.0	-0.13713	0.13713	0.809057	10.2374
3392.0	0.0	-0.623132	0.623132	0.851419	7.86913
3393.0	0.0	-0.799602	0.799602	0.879816	6.42466
3394.0	0.0	-0.192983	0.192983	0.786902	11.353
3395.0	0.0	-1.2583	1.2583	0.894755	4.93771
3396.0	0.0	0.112693	0.112693	0.866913	7.58531
3397.0	0.0	0.07327	0.07327	0.852357	8.22332
3398.0	0.0	-0.0832151	0.0832151	0.780476	11.731
3399.0	0.0	0.445556	0.445556	0.81901	9.555
3400.0	0.0	0.690314	0.690314	0.827387	8.86159
3401.0	0.0	0.0636333	0.0636333	0.823991	9.52645
3402.0	0.0	-0.270074	0.270074	0.903629	6.03806
3403.0	0.0	-0.812379	0.812379	0.790859	10.4482
3404.0	0.0	-0.953154	0.953154	0.832523	8.1733
3405.0	0.0	0.275079	0.275079	0.784299	11.4474
3406.0	0.0	0.00117749	0.00117749	0.917838	5.56841
3407.0	0.0	-0.300969	0.300969	0.83433	8.9484
3408.0	0.0	0.0577679	0.0577679	0.910403	5.84563
3409.0	0.0	0.60377	0.60377	0.821611	9.25228
3410.0	0.0	0.0281847	0.0281847	0.847096	8.46209
3411.0	0.0	-0.00333178	0.00333178	0.924662	5.31543
3412.0	0.0	0.261394	0.261394	0.791459	11.0783
3413.0	0.0	-0.545749	0.545749	0.82551	9.13928
3414.0	0.0	-0.235461	0.235461	0.864627	7.63908
3415.0	0.0	0.373576	0.373576	0.827436	9.21773
3416.0	0.0	-0.426605	0.426605	0.927641	5.03503
3417.0	0.0	-0.280496	0.280496	0.825151	9.39094
3418.0	0.0	-0.201076	0.201076	0.868843	7.47535
3419.0	0.0	-0.522739	0.522739	0.870353	7.17672
3420.0	0.0	-0.0797942	0.0797942	0.825576	9.44851
3421.0	0.0	0.0530164	0.0530164	0.725541	14.9619
3422.0	0.0	-0.124691	0.124691	0.729529	14.6929
3423.0	0.0	0.863784	0.863784	0.877744	6.40342
3424.0	0.0	-0.039819	0.039819	0.871614	7.39802
3425.0	0.0	0.132395	0.132395	0.909078	5.88243
3426.0	0.0	-0.0426407	0.0426407	0.852191	8.23436
3427.0	0.0	0.0402027	0.0402027	0.856288	8.0545
3428.0	0.0	0.136743	0.136743	0.832827	9.09453
3429.0	0.0	-0.0187941	0.0187941	0.889825	6.65222
3430.0	0.0	0.266012	0.266012	0.879998	6.98056
3431.0	0.0	-0.315598	0.315598	0.777913	11.7633
3432.0	0.0	-0.963157	0.963157	0.775605	10.9465
3433.0	0.0	0.297449	0.297449	0.917884	5.48229
3434.0	0.0	0.339986	0.339986	0.933661	4.88007
3435.0	0.0	-0.435229	0.435229	0.852759	8.01517
3436.0	0.0	0.68533	0.68533	0.814582	9.47572
3437.0	0.0	0.721423	0.721423	0.910503	5.34743
3438.0	0.0	-0.0705388	0.0705388	0.821942	9.62343
3439.0	0.0	0.686536	0.686536	0.810276	9.68295
3440.0	0.0	-0.758029	0.758029	0.732492	13.8228
3441.0	0.0	-0.448635	0.448635	0.823008	9.36094
3442.0	0.0	-0.387163	0.387163	0.802549	10.4184
3443.0	0.0	-0.511372	0.511372	0.841838	8.4258
3444.0	0.0	-0.0044513	0.0044513	0.885414	6.83032
3445.0	0.0	-0.324093	0.324093	0.831248	9.07607
3446.0	0.0	0.710575	0.710575	0.871104	6.91349
3447.0	0.0	0.0279977	0.0279977	0.824982	9.48279
3448.0	0.0	-0.155709	0.155709	0.814098	9.98269
3449.0	0.0	-0.694434	0.694434	0.893142	6.04878
3450.0	0.0	-0.217234	0.217234	0.855808	8.02844
3451.0	0.0	-0.110658	0.110658	0.774033	12.076
3452.0	0.0	-0.544994	0.544994	0.809819	9.89487
3453.0	0.0	0.84111	0.84111	0.840679	8.01479
3454.0	0.0	-0.110202	0.110202	0.872691	7.3422
3455.0	0.0	0.184659	0.184659	0.901931	6.14153
3456.0	0.0	0.523519	0.523519	0.823915	9.23994
3457.0	0.0	0.281913	0.281913	0.82926	9.19627
3458.0	0.0	-0.502559	0.502559	0.738727	13.8327
3459.0	0.0	-0.523475	0.523475	0.810377	9.8925
3460.0	0.0	-0.0768491	0.0768491	0.923956	5.33584
3461.0	0.0	-0.449483	0.449483	0.860824	7.6523
3462.0	0.0	0.461157	0.461157	0.890513	6.41555
3463.0	0.0	-0.798776	0.798776	0.87591	6.58418
3464.0	0.0	0.763283	0.763283	0.820584	9.06813
3465.0	0.0	-0.515731	0.515731	0.854699	7.85158
3466.0	0.0	-0.0327931	0.0327931	0.841349	8.72118
3467.0	0.0	0.358959	0.358959	0.758007	12.8408
3468.0	0.0	0.0553008	0.0553008	0.930469	5.1006
3469.0	0.0	-0.764436	0.764436	0.741693	13.2545
3470.0	0.0	0.246921	0.246921	0.76628	12.4503
3471.0	0.0	0.142111	0.142111	0.836915	8.9038
3472.0	0.0	-0.0981946	0.0981946	0.934027	4.96601
3473.0	0.0	0.337858	0.337858	0.91654	5.50799
3474.0	0.0	-0.125092	0.125092	0.949583	4.41181
3475.0	0.0	0.279023	0.279023	0.897851	6.25804
3476.0	0.0	-0.32126	0.32126	0.841067	8.62651
3477.0	0.0	0.466136	0.466136	0.783034	11.3537
3478.0	0.0	-0.0234819	0.0234819	0.833383	9.08799
3479.0	0.0	0.0916196	0.0916196	0.82932	9.26951
3480.0	0.0	-0.194125	0.194125	0.853199	8.15271
3481.0	0.0	0.346413	0.346413	0.811105	10.0249
3482.0	0.0	0.313116	0.313116	0.873543	7.21997
3483.0	0.0	-0.449306	0.449306	0.851666	8.05028
3484.0	0.0	-0.459583	0.459583	0.808071	10.0749
3485.0	0.0	0.461344	0.461344	0.861047	7.63173
3486.0	0.0	-0.0345646	0.0345646	0.873703	7.31093
3487.0	0.0	-0.559218	0.559218	0.802766	10.2277
3488.0	0.0	-0.288606	0.288606	0.922237	5.32582
3489.0	0.0	-0.11198	0.11198	0.734055	14.4133
3490.0	0.0	-0.138307	0.138307	0.864737	7.67145
3491.0	0.0	-0.897807	0.897807	0.767493	11.5219
3492.0	0.0	-0.15999	0.15999	0.810316	10.1674
3493.0	0.0	0.177142	0.177142	0.78536	11.4414
3494.0	0.0	0.198625	0.198625	0.847457	8.40553
3495.0	0.0	0.841217	0.841217	0.804641	9.70307
3496.0	0.0	-0.191729	0.191729	0.852415	8.1882
3497.0	0.0	-0.293697	0.293697	0.784481	11.4257
3498.0	0.0	-0.251837	0.251837	0.835336	8.93075
3499.0	0.0	-0.255499	0.255499	0.768591	12.3159
3500.0	0.0	-0.467532	0.467532	0.857686	7.7706
3501.0	0.0	-0.0935145	0.0935145	0.871967	7.37597
3502.0	0.0	0.60842	0.60842	0.839136	8.43427
3503.0	0.0	-0.0619783	0.0619783	0.770106	12.303
3504.0	0.0	-0.0702021	0.0702021	0.830242	9.22997
3505.0	0.0	-1.06228	1.06228	0.810999	8.94349
3506.0	0.0	-0.250808	0.250808	0.884517	6.80417
3507.0	0.0	0.305893	0.305893	0.925934	5.18037
3508.0	0.0	-0.168694	0.168694	0.749504	13.4567
3509.0	0.0	0.480008	0.480008	0.846621	8.24396
3510.0	0.0	-0.978194	0.978194	0.862036	6.8404
3511.0	0.0	0.0931418	0.0931418	0.925318	5.28314
3512.0	0.0	-0.558798	0.558798	0.894635	6.15547
3513.0	0.0	0.359591	0.359591	0.794317	10.8614
3514.0	0.0	-0.531414	0.531414	0.801495	10.3251
3515.0	0.0	-0.0352257	0.0352257	0.857098	8.01953
3516.0	0.0	0.566896	0.566896	0.864792	7.36196
3517.0	0.0	0.615546	0.615546	0.875189	6.87061
3518.0	0.0	1.02132	1.02132	0.845195	7.47232
3519.0	0.0	0.312055	0.312055	0.958195	4.04241
3520.0	0.0	0.296391	0.296391	0.844626	8.48187
3521.0	0.0	-0.237073	0.237073	0.840899	8.68359
3522.0	0.0	-0.0572745	0.0572745	0.746736	13.6517
3523.0	0.0	-0.0447332	0.0447332	0.746784	13.6503
3524.0	0.0	-0.010771	0.010771	0.740838	14.0113
3525.0	0.0	0.799627	0.799627	0.75127	12.6272
3526.0	0.0	0.0910036	0.0910036	0.809561	10.2239
3527.0	0.0	0.199001	0.199001	0.910214	5.81787
3528.0	0.0	0.151252	0.151252	0.947425	4.48004
3529.0	0.0	0.100288	0.100288	0.882758	6.9283
3530.0	0.0	0.0499981	0.0499981	0.840565	8.75539
3531.0	0.0	0.339918	0.339918	0.840362	8.64556
3532.0	0.0	0.384021	0.384021	0.792866	10.9161
3533.0	0.0	0.305747	0.305747	0.893275	6.423
3534.0	0.0	0.19947	0.19947	0.864602	7.65612
3535.0	0.0	0.381545	0.381545	0.775484	11.8425
3536.0	0.0	-0.213991	0.213991	0.859376	7.87471
3537.0	0.0	-0.0139534	0.0139534	0.868895	7.51399
3538.0	0.0	-0.358323	0.358323	0.859081	7.8027
3539.0	0.0	-0.114166	0.114166	0.830539	9.20739
3540.0	0.0	-0.449815	0.449815	0.797343	10.6244
3541.0	0.0	-0.109572	0.109572	0.981313	3.35614
3542.0	0.0	0.315566	0.315566	0.789879	11.1257
3543.0	0.0	0.193344	0.193344	0.834852	8.98072
3544.0	0.0	0.0140727	0.0140727	0.862945	7.76756
3545.0	0.0	0.221564	0.221564	0.786287	11.3721
3546.0	0.0	0.475888	0.475888	0.762419	12.4743
3547.0	0.0	-0.080739	0.080739	0.756186	13.0912
3548.0	0.0	0.271845	0.271845	0.819075	9.6867
3549.0	0.0	0.115351	0.115351	0.765914	12.5268
3550.0	0.0	-0.703308	0.703308	0.765776	11.9742
3551.0	0.0	0.576844	0.576844	0.796339	10.5306
3552.0	0.0	-0.276859	0.276859	0.865301	7.58872
3553.0	0.0	0.376539	0.376539	0.870551	7.3009
3554.0	0.0	0.271408	0.271408	0.835638	8.90599
3555.0	0.0	-0.0474014	0.0474014	0.808252	10.2957
3556.0	0.0	0.210735	0.210735	0.914386	5.65541
3557.0	0.0	-0.150656	0.150656	0.871857	7.36647
3558.0	0.0	0.364432	0.364432	0.80747	10.1908
3559.0	0.0	-0.481048	0.481048	0.856251	7.81963
3560.0	0.0	0.0322311	0.0322311	0.930399	5.10502
3561.0	0.0	-0.263195	0.263195	0.893749	6.42798
3562.0	0.0	-0.27452	0.27452	0.798954	10.6836
3563.0	0.0	0.0809115	0.0809115	0.792438	11.0969
3564.0	0.0	0.579475	0.579475	0.852293	7.88484
3565.0	0.0	0.345097	0.345097	0.847571	8.31741
3566.0	0.0	0.534029	0.534029	0.888127	6.43934
3567.0	0.0	-0.574276	0.574276	0.816617	9.52845
3568.0	0.0	0.631391	0.631391	0.909052	5.51779
3569.0	0.0	0.0365506	0.0365506	0.910873	5.82968
3570.0	0.0	-0.856349	0.856349	0.744976	12.8829
3571.0	0.0	-0.287634	0.287634	0.869583	7.40125
3572.0	0.0	0.129448	0.129448	0.772515	12.1544
3573.0	0.0	-0.161565	0.161565	0.843231	8.60948
3574.0	0.0	0.183198	0.183198	0.897657	6.30895
3575.0	0.0	0.868384	0.868384	0.798063	9.97928
3576.0	0.0	0.456352	0.456352	0.693258	16.8668
3577.0	0.0	0.758063	0.758063	0.812993	9.4394
3578.0	0.0	0.498573	0.498573	0.858367	7.71051
3579.0	0.0	0.34183	0.34183	0.803827	10.3906
3580.0	0.0	0.167048	0.167048	0.971605	3.6577
3581.0	0.0	0.251267	0.251267	0.745054	13.6801
3582.0	0.0	-0.414064	0.414064	0.794324	10.8138
3583.0	0.0	0.300882	0.300882	0.835424	8.89798
3584.0	0.0	0.121969	0.121969	0.902248	6.14794
3585.0	0.0	0.558657	0.558657	0.839884	8.46112
3586.0	0.0	0.88243	0.88243	0.799759	9.8677
3587.0	0.0	0.118766	0.118766	0.809415	10.2248
3588.0	0.0	0.743657	0.743657	0.818674	9.19026
3589.0	0.0	0.122516	0.122516	0.756504	13.0626
3590.0	0.0	0.674965	0.674965	0.809911	9.71789
3591.0	0.0	0.0773329	0.0773329	0.813296	10.042
3592.0	0.0	0.146679	0.146679	0.844369	8.56291
3593.0	0.0	0.113611	0.113611	0.902991	6.12104
3594.0	0.0	0.220187	0.220187	0.856951	7.97724
3595.0	0.0	0.442867	0.442867	0.801495	10.4204
3596.0	0.0	0.37498	0.37498	0.830917	9.05363
3597.0	0.0	-0.168829	0.168829	0.850371	8.28721
3598.0	0.0	-0.143099	0.143099	0.868708	7.50131
3599.0	0.0	-0.0296115	0.0296115	0.802676	10.5773
3600.0	0.0	0.226483	0.226483	0.793669	10.9825
3601.0	0.0	0.809248	0.809248	0.902513	5.52111
3602.0	0.0	0.366092	0.366092	0.924526	5.19374
3603.0	0.0	0.20512	0.20512	0.879862	7.01484
3604.0	0.0	-0.615407	0.615407	0.959755	3.73595
3605.0	0.0	0.0475122	0.0475122	0.869402	7.4905
3606.0	0.0	0.545384	0.545384	0.849084	8.06531
3607.0	0.0	0.747546	0.747546	0.795634	10.3163
3608.0	0.0	0.250404	0.250404	0.885001	6.78477
3609.0	0.0	-0.510809	0.510809	0.905452	5.78643
3610.0	0.0	0.0337033	0.0337033	0.83498	9.01334
3611.0	0.0	-0.602754	0.602754	0.91765	5.23024
3612.0	0.0	0.00876377	0.00876377	0.840083	8.77993
3613.0	0.0	-0.62675	0.62675	0.892272	6.16983
3614.0	0.0	0.275483	0.275483	0.795657	10.8521
3615.0	0.0	0.305329	0.305329	0.854769	8.02635
3616.0	0.0	0.0412457	0.0412457	0.712846	15.7911
3617.0	0.0	-0.164413	0.164413	0.756204	13.0657
3618.0	0.0	-0.302672	0.302672	0.869241	7.40665
3619.0	0.0	-0.527244	0.527244	0.796334	10.5918
3620.0	0.0	-0.375853	0.375853	0.940588	4.61007
3621.0	0.0	0.383836	0.383836	0.847857	8.27532
3622.0	0.0	1.05339	1.05339	0.857121	6.89447
3623.0	0.0	-0.235995	0.235995	0.86997	7.41234
3624.0	0.0	-0.0450239	0.0450239	0.931227	5.07413
3625.0	0.0	-0.128184	0.128184	0.800102	10.6908
3626.0	0.0	-0.537995	0.537995	0.832022	8.84445
3627.0	0.0	0.353305	0.353305	0.762385	12.5955
3628.0	0.0	-0.10328	0.10328	0.857199	8.00543
3629.0	0.0	0.653485	0.653485	0.813491	9.57447
3630.0	0.0	-0.0561365	0.0561365	0.808458	10.2844
3631.0	0.0	0.324663	0.324663	0.914115	5.60722
3632.0	0.0	0.435095	0.435095	0.795324	10.7424
3633.0	0.0	0.511532	0.511532	0.805286	10.1579
3634.0	0.0	0.238828	0.238828	0.888514	6.64873
3635.0	0.0	-0.139407	0.139407	0.724007	15.0394
3636.0	0.0	0.491163	0.491163	0.800236	10.4341
3637.0	0.0	-0.157024	0.157024	0.873438	7.29833
3638.0	0.0	-0.377127	0.377127	0.863208	7.61118
3639.0	0.0	0.0354045	0.0354045	0.76953	12.3381
3640.0	0.0	0.411826	0.411826	0.952792	4.16052
3641.0	0.0	0.080772	0.080772	0.824922	9.47945
3642.0	0.0	-0.0435872	0.0435872	0.806957	10.3607
3643.0	0.0	-0.497403	0.497403	0.830424	8.96311
3644.0	0.0	-1.28156	1.28156	0.843946	6.92333
3645.0	0.0	0.04337	0.04337	0.86955	7.48463
3646.0	0.0	-0.463918	0.463918	0.754657	12.9319
3647.0	0.0	-0.774595	0.774595	0.794185	10.3445
3648.0	0.0	0.134485	0.134485	0.819346	9.73415
3649.0	0.0	0.392746	0.392746	0.802101	10.4362
3650.0	0.0	-0.511961	0.511961	0.76271	12.4162
3651.0	0.0	0.372377	0.372377	0.88092	6.87509
3652.0	0.0	0.272778	0.272778	0.883288	6.8426
3653.0	0.0	0.013457	0.013457	0.851555	8.26417
3654.0	0.0	0.321968	0.321968	0.796428	10.7813
3655.0	0.0	0.727913	0.727913	0.850328	7.7716
3656.0	0.0	0.100691	0.100691	0.782351	11.6264
3657.0	0.0	0.371639	0.371639	0.818303	9.65437
3658.0	0.0	0.236186	0.236186	0.825178	9.41426
3659.0	0.0	0.166593	0.166593	0.848899	8.35341
3660.0	0.0	0.193135	0.193135	0.796311	10.8617
3661.0	0.0	-0.35896	0.35896	0.819805	9.59206
3662.0	0.0	0.436132	0.436132	0.850607	8.10901
3663.0	0.0	0.319349	0.319349	0.839746	8.68783
3664.0	0.0	-0.0831702	0.0831702	0.867332	7.57336
3665.0	0.0	0.140702	0.140702	0.830176	9.21713
3666.0	0.0	-0.269095	0.269095	0.863513	7.66938
3667.0	0.0	-0.587867	0.587867	0.826807	9.02755
3668.0	0.0	0.731417	0.731417	0.793713	10.4405
3669.0	0.0	-0.33773	0.33773	0.81323	9.92709
3670.0	0.0	0.821389	0.821389	0.88684	6.10978
3671.0	0.0	0.87757	0.87757	0.844499	7.78111
3672.0	0.0	0.807782	0.807782	0.752124	12.5624
3673.0	0.0	-0.289506	0.289506	0.776094	11.8804
3674.0	0.0	-0.367454	0.367454	0.836952	8.78069
3675.0	0.0	0.850085	0.850085	0.835591	8.22737
3676.0	0.0	0.352468	0.352468	0.817736	9.69679
3677.0	0.0	0.966873	0.966873	0.718167	14.2778
3678.0	0.0	0.622198	0.622198	0.874326	6.89792
3679.0	0.0	-0.39304	0.39304	0.779454	11.6171
3680.0	0.0	0.314756	0.314756	0.818421	9.69097
3681.0	0.0	-0.00325117	0.00325117	0.806443	10.3885
3682.0	0.0	-0.640856	0.640856	0.848635	7.96825
3683.0	0.0	-0.361829	0.361829	0.778016	11.7217
3684.0	0.0	-0.373189	0.373189	0.863982	7.58116
3685.0	0.0	0.389253	0.389253	0.871965	7.2319
3686.0	0.0	-0.309975	0.309975	0.865952	7.54126
3687.0	0.0	0.153073	0.153073	0.903647	6.0854
3688.0	0.0	0.209083	0.209083	0.879886	7.01221
3689.0	0.0	0.252839	0.252839	0.801014	10.5915
3690.0	0.0	-0.279024	0.279024	0.771782	12.124
3691.0	0.0	0.289243	0.289243	0.806873	10.2747
3692.0	0.0	-0.0919866	0.0919866	0.906821	5.97763
3693.0	0.0	-1.0152	1.0152	0.757277	11.8302
3694.0	0.0	0.233418	0.233418	0.805953	10.3529
3695.0	0.0	-0.0457789	0.0457789	0.897177	6.35861
3696.0	0.0	0.052731	0.052731	0.81183	10.1177
3697.0	0.0	0.505845	0.505845	0.86558	7.39489
3698.0	0.0	0.284793	0.284793	0.8758	7.14324
3699.0	0.0	-0.435374	0.435374	0.800758	10.465
3700.0	0.0	-0.0297147	0.0297147	0.738027	14.1822
3701.0	0.0	0.244132	0.244132	0.808566	10.2169
3702.0	0.0	-0.34078	0.34078	0.801249	10.5215
3703.0	0.0	0.582826	0.582826	0.879746	6.72316
3704.0	0.0	-0.316512	0.316512	0.828434	9.21292
3705.0	0.0	0.163791	0.163791	0.948955	4.4233
3706.0	0.0	0.149385	0.149385	0.828815	9.27832
3707.0	0.0	-0.054406	0.054406	0.873992	7.29708
3708.0	0.0	0.391427	0.391427	0.85471	7.96709
3709.0	0.0	0.269687	0.269687	0.820676	9.61088
3710.0	0.0	-0.154868	0.154868	0.884586	6.84008
3711.0	0.0	-0.365491	0.365491	0.947801	4.3652
3712.0	0.0	0.424555	0.424555	0.881534	6.80869
3713.0	0.0	-0.252094	0.252094	0.864626	7.63084
3714.0	0.0	-0.730196	0.730196	0.870651	6.90405
3715.0	0.0	0.458094	0.458094	0.858541	7.74258
3716.0	0.0	-0.0236634	0.0236634	0.921588	5.42833
3717.0	0.0	0.135376	0.135376	0.828903	9.27846
3718.0	0.0	-0.183879	0.183879	0.810194	10.1645
3719.0	0.0	-0.30078	0.30078	0.8853	6.7451
3720.0	0.0	-0.00729236	0.00729236	0.82126	9.66152
3721.0	0.0	1.19347	1.19347	0.755017	11.5054
3722.0	0.0	0.638371	0.638371	0.783082	11.1357
3723.0	0.0	-0.072758	0.072758	0.853513	8.17243
3724.0	0.0	-0.261601	0.261601	0.866708	7.53726
3725.0	0.0	0.108442	0.108442	0.842345	8.66468
3726.0	0.0	-0.816077	0.816077	0.814157	9.28529
3727.0	0.0	-0.419275	0.419275	0.822658	9.40501
3728.0	0.0	0.374398	0.374398	0.883555	6.76641
3729.0	0.0	-0.152398	0.152398	0.846207	8.47847
3730.0	0.0	-0.502048	0.502048	0.834533	8.7682
3731.0	0.0	-0.303372	0.303372	0.839032	8.73087
3732.0	0.0	-0.972287	0.972287	0.841309	7.74244
3733.0	0.0	0.175614	0.175614	0.835247	8.96943
3734.0	0.0	-1.42586	1.42586	0.825578	7.33432
3735.0	0.0	-0.168127	0.168127	0.93694	4.84434
3736.0	0.0	-0.551934	0.551934	0.809594	9.89759
3737.0	0.0	0.133332	0.133332	0.731416	14.5716
3738.0	0.0	-0.438341	0.438341	0.877613	6.9572
3739.0	0.0	0.167232	0.167232	0.889042	6.65631
3740.0	0.0	-0.58697	0.58697	0.895445	6.09238
3741.0	0.0	-0.311511	0.311511	0.729447	14.5972
3742.0	0.0	-0.602788	0.602788	0.838907	8.45175
3743.0	0.0	0.137279	0.137279	0.87604	7.19585
3744.0	0.0	-0.0140604	0.0140604	0.835701	8.981
3745.0	0.0	0.694907	0.694907	0.779667	11.2318
3746.0	0.0	0.20816	0.20816	0.829002	9.24704
3747.0	0.0	-0.378724	0.378724	0.932117	4.90949
3748.0	0.0	0.475401	0.475401	0.773795	11.8421
3749.0	0.0	-0.708967	0.708967	0.914654	5.20963
3750.0	0.0	-0.249006	0.249006	0.903178	6.0661
3751.0	0.0	-0.491119	0.491119	0.784576	11.2447
3752.0	0.0	0.0370696	0.0370696	0.870692	7.43698
3753.0	0.0	0.441646	0.441646	0.920269	5.29262
3754.0	0.0	-0.354117	0.354117	0.895034	6.32222
3755.0	0.0	-0.0250267	0.0250267	0.840904	8.74189
3756.0	0.0	0.429481	0.429481	0.8657	7.46222
3757.0	0.0	0.130548	0.130548	0.916044	5.61928
3758.0	0.0	-0.0137112	0.0137112	0.780541	11.7353
3759.0	0.0	-0.0897604	0.0897604	0.834954	9.00717
3760.0	0.0	-0.335008	0.335008	0.835058	8.89183
3761.0	0.0	-0.05152	0.05152	0.807384	10.3385
3762.0	0.0	0.437129	0.437129	0.800094	10.4969
3763.0	0.0	0.226456	0.226456	0.953553	4.24243
3764.0	0.0	0.107811	0.107811	0.902049	6.15885
3765.0	0.0	0.640458	0.640458	0.907134	5.57928
3766.0	0.0	-0.0323388	0.0323388	0.9392	4.78931
3767.0	0.0	-0.69509	0.69509	0.79075	10.6502
3768.0	0.0	0.215347	0.215347	0.816673	9.8329
3769.0	0.0	0.299027	0.299027	0.774749	11.9475
3770.0	0.0	-0.155383	0.155383	0.841483	8.69078
3771.0	0.0	0.344798	0.344798	0.857297	7.88974
3772.0	0.0	0.860497	0.860497	0.86485	6.93851
3773.0	0.0	0.162423	0.162423	0.797098	10.8334
3774.0	0.0	0.577573	0.577573	0.795344	10.5806
3775.0	0.0	1.13906	1.13906	0.754077	11.7031
3776.0	0.0	0.255891	0.255891	0.773547	12.0411
3777.0	0.0	0.496747	0.496747	0.930417	4.87409
3778.0	0.0	-0.616684	0.616684	0.866541	7.22875
3779.0	0.0	0.42517	0.42517	0.874654	7.0907
3780.0	0.0	-0.0597508	0.0597508	0.7997	10.7256
3781.0	0.0	-0.569274	0.569274	0.80521	10.0932
3782.0	0.0	0.73305	0.73305	0.75482	12.5426
3783.0	0.0	0.398856	0.398856	0.789399	11.0837
3784.0	0.0	-0.147369	0.147369	0.794129	10.9919
3785.0	0.0	-1.1112	1.1112	0.901507	5.01058
3786.0	0.0	-0.600053	0.600053	0.864231	7.34661
3787.0	0.0	-0.281269	0.281269	0.840139	8.69402
3788.0	0.0	-0.104396	0.104396	0.798885	10.7591
3789.0	0.0	0.10155	0.10155	0.804514	10.474
3790.0	0.0	-0.122025	0.122025	0.80841	10.2739
3791.0	0.0	-0.337265	0.337265	0.824498	9.38419
3792.0	0.0	-0.0789384	0.0789384	0.847809	8.4245
3793.0	0.0	-0.186891	0.186891	0.790642	11.1587
3794.0	0.0	-0.307153	0.307153	0.761445	12.6848
3795.0	0.0	0.0644024	0.0644024	0.854464	8.1318
3796.0	0.0	0.864115	0.864115	0.800919	9.84483
3797.0	0.0	-0.184768	0.184768	0.793765	10.9968
3798.0	0.0	0.28306	0.28306	0.845496	8.45088
3799.0	0.0	-0.0654251	0.0654251	0.853423	8.17743
3800.0	0.0	-0.289134	0.289134	0.769195	12.2609
3801.0	0.0	-0.640673	0.640673	0.834971	8.58142
3802.0	0.0	-0.0156862	0.0156862	0.813445	10.041
3803.0	0.0	-0.344165	0.344165	0.849967	8.21165
3804.0	0.0	0.339546	0.339546	0.86227	7.67883
3805.0	0.0	0.11992	0.11992	0.932341	5.02226
3806.0	0.0	-0.000595382	0.000595382	0.873908	7.30359
3807.0	0.0	0.459726	0.459726	0.816667	9.65406
3808.0	0.0	-0.396877	0.396877	0.885295	6.67886
3809.0	0.0	0.534348	0.534348	0.91967	5.22914
3810.0	0.0	0.343939	0.343939	0.846236	8.37784
3811.0	0.0	-0.0539765	0.0539765	0.930296	5.10701
3812.0	0.0	0.512322	0.512322	0.850398	8.04352
3813.0	0.0	-0.709973	0.709973	0.879513	6.57008
3814.0	0.0	0.719363	0.719363	0.828051	8.7874
3815.0	0.0	0.202385	0.202385	0.822261	9.56923
3816.0	0.0	0.344028	0.344028	0.88256	6.82847
3817.0	0.0	0.183265	0.183265	0.792366	11.0702
3818.0	0.0	-0.0707661	0.0707661	0.936961	4.86529
3819.0	0.0	0.0640603	0.0640603	0.824221	9.51541
3820.0	0.0	0.324363	0.324363	0.870757	7.32918
3821.0	0.0	0.0289155	0.0289155	0.805533	10.4333
3822.0	0.0	-0.162075	0.162075	0.841909	8.66922
3823.0	0.0	0.511183	0.511183	0.836063	8.68828
3824.0	0.0	0.912524	0.912524	0.812557	9.18369
3825.0	0.0	0.208665	0.208665	0.766602	12.4526
3826.0	0.0	-0.142388	0.142388	0.822422	9.58388
3827.0	0.0	0.062407	0.062407	0.792154	11.1147
3828.0	0.0	0.0437323	0.0437323	0.868185	7.54231
3829.0	0.0	0.407816	0.407816	0.911965	5.62991
3830.0	0.0	0.169137	0.169137	0.76379	12.6289
3831.0	0.0	-0.346828	0.346828	0.887104	6.64284
3832.0	0.0	-0.00913747	0.00913747	0.764202	12.639
3833.0	0.0	0.103874	0.103874	0.787193	11.3676
3834.0	0.0	-0.140432	0.140432	0.828447	9.29843
3835.0	0.0	-0.267719	0.267719	0.896921	6.30054
3836.0	0.0	0.282205	0.282205	0.845065	8.47073
3837.0	0.0	-0.146928	0.146928	0.846145	8.48295
3838.0	0.0	0.880361	0.880361	0.846355	7.69462
3839.0	0.0	0.638503	0.638503	0.792784	10.6294
3840.0	0.0	-0.0425234	0.0425234	0.849948	8.33375
3841.0	0.0	0.148898	0.148898	0.929912	5.1028
3842.0	0.0	0.22406	0.22406	0.837239	8.85716
3843.0	0.0	0.120913	0.120913	0.935409	4.91179
3844.0	0.0	0.808769	0.808769	0.845813	7.84225
3845.0	0.0	0.278159	0.278159	0.825711	9.36579
3846.0	0.0	0.429262	0.429262	0.833546	8.88534
3847.0	0.0	-0.564443	0.564443	0.894255	6.16422
3848.0	0.0	-0.0319794	0.0319794	0.828503	9.31585
3849.0	0.0	-0.0183922	0.0183922	0.792718	11.0893
3850.0	0.0	0.59636	0.59636	0.922905	5.0444
3851.0	0.0	-0.332576	0.332576	0.849485	8.24116
3852.0	0.0	-1.05595	1.05595	0.801628	9.41123
3853.0	0.0	0.314714	0.314714	0.824513	9.39928
3854.0	0.0	0.701362	0.701362	0.767684	11.8717
3855.0	0.0	-0.218857	0.218857	0.811386	10.0901
3856.0	0.0	0.374154	0.374154	0.805779	10.2672
3857.0	0.0	-0.0849463	0.0849463	0.837162	8.9062
3858.0	0.0	-0.363782	0.363782	0.819193	9.61773
3859.0	0.0	0.0814323	0.0814323	0.798014	10.8085
3860.0	0.0	-0.400309	0.400309	0.87757	6.99083
3861.0	0.0	0.207059	0.207059	0.809185	10.2046
3862.0	0.0	0.314692	0.314692	0.822241	9.50752
3863.0	0.0	0.284361	0.284361	0.834459	8.95276
3864.0	0.0	0.244688	0.244688	0.906785	5.92928
3865.0	0.0	-0.35238	0.35238	0.794442	10.8607
3866.0	0.0	-0.0474002	0.0474002	0.786012	11.44
3867.0	0.0	0.17038	0.17038	0.818556	9.76047
3868.0	0.0	-0.507966	0.507966	0.858399	7.69944
3869.0	0.0	-0.0926276	0.0926276	0.81539	9.93659
3870.0	0.0	0.833453	0.833453	0.750861	12.5858
3871.0	0.0	0.204431	0.204431	0.903778	6.06253
3872.0	0.0	0.384343	0.384343	0.82255	9.44033
3873.0	0.0	0.446099	0.446099	0.92302	5.18761
3874.0	0.0	0.577239	0.577239	0.832358	8.78271
3875.0	0.0	-0.0597505	0.0597505	0.849074	8.37082
3876.0	0.0	-0.698883	0.698883	0.84746	7.93996
3877.0	0.0	0.338802	0.338802	0.898012	6.21568
3878.0	0.0	-0.19497	0.19497	0.95151	4.32474
3879.0	0.0	-0.39159	0.39159	0.854749	7.96525
3880.0	0.0	-0.201646	0.201646	0.815975	9.87306
3881.0	0.0	0.536837	0.536837	0.742972	13.5334
3882.0	0.0	0.840677	0.840677	0.902805	5.4606
3883.0	0.0	-0.136548	0.136548	0.830904	9.18429
3884.0	0.0	-0.647917	0.647917	0.878421	6.69774
3885.0	0.0	-0.139304	0.139304	0.757874	12.9782
3886.0	0.0	0.119917	0.119917	0.845967	8.49847
3887.0	0.0	0.040474	0.040474	0.925318	5.28981
3888.0	0.0	-0.0574522	0.0574522	0.854511	8.13063
3889.0	0.0	0.270796	0.270796	0.790312	11.1326
3890.0	0.0	-0.426036	0.426036	0.847696	8.24693
3891.0	0.0	-0.343116	0.343116	0.881487	6.87282
3892.0	0.0	-0.43552	0.43552	0.90322	5.94078
3893.0	0.0	0.256523	0.256523	0.84913	8.30347
3894.0	0.0	0.416401	0.416401	0.877769	6.96953
3895.0	0.0	-1.44345	1.44345	0.829608	7.10501
3896.0	0.0	0.750271	0.750271	0.848241	7.82911
3897.0	0.0	0.515296	0.515296	0.845353	8.26397
3898.0	0.0	0.253181	0.253181	0.929575	5.07561
3899.0	0.0	-0.173504	0.173504	0.846529	8.45683
3900.0	0.0	-0.236356	0.236356	0.940011	4.7096
3901.0	0.0	0.165192	0.165192	0.834917	8.98847
3902.0	0.0	-0.762577	0.762577	0.758849	12.2616
3903.0	0.0	-0.373963	0.373963	0.789648	11.0923
3904.0	0.0	0.265033	0.265033	0.813798	9.9471
3905.0	0.0	-0.278745	0.278745	0.848285	8.32872
3906.0	0.0	0.541617	0.541617	0.802195	10.2777
3907.0	0.0	-0.293034	0.293034	0.786374	11.3257
3908.0	0.0	0.364163	0.364163	0.829858	9.11157
3909.0	0.0	0.192096	0.192096	0.818953	9.73272
3910.0	0.0	-0.481482	0.481482	0.876747	6.95318
3911.0	0.0	0.806888	0.806888	0.749435	12.7197
3912.0	0.0	0.0858257	0.0858257	0.88571	6.81102
3913.0	0.0	0.534305	0.534305	0.846135	8.20843
3914.0	0.0	-0.136901	0.136901	0.87024	7.4384
3915.0	0.0	0.0829792	0.0829792	0.852675	8.20773
3916.0	0.0	-0.227163	0.227163	0.893013	6.47454
3917.0	0.0	-0.362152	0.362152	0.806693	10.2313
3918.0	0.0	0.80848	0.80848	0.782893	10.8688
3919.0	0.0	-0.0400904	0.0400904	0.87842	7.11473
3920.0	0.0	0.178039	0.178039	0.811374	10.1085
3921.0	0.0	0.0484029	0.0484029	0.799398	10.7424
3922.0	0.0	0.0608412	0.0608412	0.781634	11.6723
3923.0	0.0	-0.610716	0.610716	0.834988	8.62004
3924.0	0.0	0.484987	0.484987	0.794648	10.7259
3925.0	0.0	-0.600609	0.600609	0.874732	6.9075
3926.0	0.0	0.0434356	0.0434356	0.797938	10.8177
3927.0	0.0	-0.393284	0.393284	0.762023	12.5809
3928.0	0.0	0.657832	0.657832	0.859932	7.45578
3929.0	0.0	0.0445337	0.0445337	0.823398	9.55697
3930.0	0.0	-0.327305	0.327305	0.795828	10.8083
3931.0	0.0	0.0754524	0.0754524	0.825192	9.46751
3932.0	0.0	-0.325146	0.325146	0.78245	11.5119
3933.0	0.0	-0.616104	0.616104	0.83095	8.79878
3934.0	0.0	0.178548	0.178548	0.92732	5.18796
3935.0	0.0	0.123608	0.123608	0.835364	8.98054
3936.0	0.0	0.10635	0.10635	0.806788	10.3588
3937.0	0.0	0.147825	0.147825	0.823037	9.55278
3938.0	0.0	0.376406	0.376406	0.881081	6.86553
3939.0	0.0	-0.0667418	0.0667418	0.84611	8.50244
3940.0	0.0	0.614677	0.614677	0.796214	10.487
3941.0	0.0	-0.207878	0.207878	0.748759	13.4831
3942.0	0.0	-0.0460966	0.0460966	0.808106	10.3031
3943.0	0.0	-0.0699562	0.0699562	0.972542	3.64753
3944.0	0.0	0.120142	0.120142	0.843882	8.59231
3945.0	0.0	-0.467131	0.467131	0.815553	9.7006
3946.0	0.0	-0.472752	0.472752	0.870401	7.22477
3947.0	0.0	0.414285	0.414285	0.789519	11.0632
3948.0	0.0	0.209524	0.209524	0.828383	9.27556
3949.0	0.0	0.346086	0.346086	0.875227	7.12815
3950.0	0.0	0.302053	0.302053	0.788563	11.2041
3951.0	0.0	-0.081763	0.081763	0.78531	11.4722
3952.0	0.0	-0.292993	0.292993	0.927485	5.13108
3953.0	0.0	-0.613088	0.613088	0.821477	9.24651
3954.0	0.0	0.590501	0.590501	0.907154	5.63737
3955.0	0.0	-0.269085	0.269085	0.816188	9.82816
3956.0	0.0	-0.224865	0.224865	0.707563	16.083
3957.0	0.0	0.0166142	0.0166142	0.849603	8.35069
3958.0	0.0	-0.324063	0.324063	0.877183	7.06207
3959.0	0.0	-0.399717	0.399717	0.883651	6.74307
3960.0	0.0	0.366658	0.366658	0.788352	11.1664
3961.0	0.0	0.0639204	0.0639204	0.801591	10.6288
3962.0	0.0	-0.098821	0.098821	0.782537	11.6169
3963.0	0.0	0.301676	0.301676	0.805738	10.3233
3964.0	0.0	0.453681	0.453681	0.868046	7.34144
3965.0	0.0	0.367109	0.367109	0.883478	6.77491
3966.0	0.0	0.635506	0.635506	0.819799	9.29634
3967.0	0.0	0.227327	0.227327	0.819912	9.67044
3968.0	0.0	-0.451629	0.451629	0.845728	8.31129
3969.0	0.0	0.133237	0.133237	0.793508	11.0286
3970.0	0.0	0.357661	0.357661	0.805448	10.2971
3971.0	0.0	-1.03158	1.03158	0.841576	7.60934
3972.0	0.0	-0.00660027	0.00660027	0.851361	8.27289
3973.0	0.0	-0.289459	0.289459	0.908967	5.82281
3974.0	0.0	0.258059	0.258059	0.852477	8.15455
3975.0	0.0	0.197405	0.197405	0.841798	8.66088
3976.0	0.0	-0.25487	0.25487	0.865843	7.57756
3977.0	0.0	-0.153585	0.153585	0.885743	6.79358
3978.0	0.0	0.0833908	0.0833908	0.836342	8.94422
3979.0	0.0	-0.146297	0.146297	0.840023	8.76014
3980.0	0.0	-0.22082	0.22082	0.83835	8.80774
3981.0	0.0	0.285292	0.285292	0.888949	6.60723
3982.0	0.0	-0.0600509	0.0600509	0.782066	11.6492
3983.0	0.0	0.543562	0.543562	0.786788	11.0668
3984.0	0.0	0.537908	0.537908	0.841045	8.43247
3985.0	0.0	-0.195767	0.195767	0.935886	4.87257
3986.0	0.0	-0.448156	0.448156	0.851352	8.06516
3987.0	0.0	0.627035	0.627035	0.852279	7.82652
3988.0	0.0	-0.137011	0.137011	0.790505	11.1841
3989.0	0.0	-0.136449	0.136449	0.780313	11.7264
3990.0	0.0	-0.162912	0.162912	0.802517	10.5568
3991.0	0.0	-0.0347296	0.0347296	0.813709	10.0269
3992.0	0.0	0.0682335	0.0682335	0.811339	10.1399
3993.0	0.0	0.0129871	0.0129871	0.914363	5.69868
3994.0	0.0	0.39054	0.39054	0.893613	6.35169
3995.0	0.0	-0.08693	0.08693	0.83236	9.12814
3996.0	0.0	-0.404413	0.404413	0.76994	12.1265
3997.0	0.0	0.72637	0.72637	0.852637	7.67338
3998.0	0.0	0.29927	0.29927	0.846987	8.37423
3999.0	0.0	0.471237	0.471237	0.888779	6.47536
4000.0	0.0	-0.140795	0.140795	0.782546	11.6049
4001.0	0.0	-0.0391601	0.0391601	0.816891	9.87112
4002.0	0.0	0.146274	0.146274	0.765812	12.5231
4003.0	0.0	-0.437453	0.437453	0.744468	13.5604
4004.0	0.0	-0.359235	0.359235	0.877455	7.02679
4005.0	0.0	-0.109238	0.109238	0.856334	8.04187
4006.0	0.0	0.137878	0.137878	0.860705	7.84473
4007.0	0.0	-0.685577	0.685577	0.855718	7.59879
4008.0	0.0	-0.012549	0.012549	0.770215	12.3013
4009.0	0.0	0.0384205	0.0384205	0.868126	7.54526
4010.0	0.0	-0.631527	0.631527	0.903832	5.71581
4011.0	0.0	-0.831961	0.831961	0.864878	6.98556
4012.0	0.0	-0.258129	0.258129	0.814471	9.91812
4013.0	0.0	-0.23906	0.23906	0.831273	9.12595
4014.0	0.0	0.111213	0.111213	0.893115	6.50909
4015.0	0.0	-0.00988084	0.00988084	0.850833	8.29627
4016.0	0.0	0.278684	0.278684	0.819713	9.65186
4017.0	0.0	-0.43768	0.43768	0.811377	9.93335
4018.0	0.0	-0.344241	0.344241	0.821154	9.53851
4019.0	0.0	0.0872043	0.0872043	0.840748	8.74165
4020.0	0.0	-0.246455	0.246455	0.857385	7.9457
4021.0	0.0	-0.221728	0.221728	0.851841	8.20066
4022.0	0.0	1.14453	1.14453	0.796484	9.45487
4023.0	0.0	0.230786	0.230786	0.855444	8.0381
4024.0	0.0	-0.515015	0.515015	0.763865	12.3474
4025.0	0.0	-0.559014	0.559014	0.765571	12.1967
4026.0	0.0	0.255963	0.255963	0.83799	8.80649
4027.0	0.0	0.159341	0.159341	0.765728	12.5231
4028.0	0.0	0.232861	0.232861	0.845281	8.4876
4029.0	0.0	0.169252	0.169252	0.792929	11.0465
4030.0	0.0	0.216006	0.216006	0.839674	8.74941
4031.0	0.0	0.233136	0.233136	0.839048	8.76989
4032.0	0.0	-0.0351668	0.0351668	0.773013	12.145
4033.0	0.0	0.584682	0.584682	0.822869	9.21693
4034.0	0.0	0.118056	0.118056	0.809422	10.2246
4035.0	0.0	0.0846683	0.0846683	0.753961	13.22
4036.0	0.0	-0.0876761	0.0876761	0.862804	7.76593
4037.0	0.0	0.381613	0.381613	0.840598	8.60323
4038.0	0.0	0.730043	0.730043	0.92629	4.756
4039.0	0.0	-0.481866	0.481866	0.855702	7.84263
4040.0	0.0	-0.0323387	0.0323387	0.801509	10.6363
4041.0	0.0	0.781919	0.781919	0.851598	7.63298
4042.0	0.0	-0.245966	0.245966	0.845041	8.49184
4043.0	0.0	0.566005	0.566005	0.784279	11.1709
4044.0	0.0	-0.145535	0.145535	0.889103	6.66058
4045.0	0.0	0.320031	0.320031	0.957874	4.04868
4046.0	0.0	0.462562	0.462562	0.824191	9.29124
4047.0	0.0	0.486925	0.486925	0.823467	9.30074
4048.0	0.0	0.535733	0.535733	0.808045	9.99321
4049.0	0.0	0.372565	0.372565	0.786833	11.2414
4050.0	0.0	-0.0675392	0.0675392	0.798436	10.7891
4051.0	0.0	0.108788	0.108788	0.842695	8.64876
4052.0	0.0	0.503729	0.503729	0.843393	8.36397
4053.0	0.0	-0.131402	0.131402	0.870858	7.41391
4054.0	0.0	0.621331	0.621331	0.757938	12.5419
4055.0	0.0	0.495014	0.495014	0.787085	11.1081
4056.0	0.0	0.132091	0.132091	0.769043	12.3464
4057.0	0.0	0.404872	0.404872	0.725639	14.755
4058.0	0.0	-0.0416896	0.0416896	0.962265	3.99183
4059.0	0.0	0.454928	0.454928	0.849683	8.13246
4060.0	0.0	0.0142555	0.0142555	0.795288	10.9561
4061.0	0.0	0.911828	0.911828	0.853577	7.32426
4062.0	0.0	-0.880223	0.880223	0.758515	12.056
4063.0	0.0	-0.0690325	0.0690325	0.858411	7.95877
4064.0	0.0	-0.225552	0.225552	0.77933	11.7425
