IND_ID	PosInd_X	PosInd_Y	PhenValue	Region

2	0.259788	8.14869	-0.22857	1
10	0.217466	13.2456	0.426362	1
45	0.456144	9.003	0.426407	1
50	2.00362	19.0617	-0.514911	1
62	1.40038	16.6559	0.250925	1
71	0.855052	16.357	-0.242363	1
75	0.586492	23.5494	-0.457992	1
77	1.31703	10.8095	-0.0761734	1
82	1.13629	23.84	0.874632	1
84	0.541817	11.1797	-0.514147	1
97	0.512827	14.2794	0.742083	1
108	0.467693	0.891362	0.701512	1
113	1.98595	3.53531	0.625564	1
120	0.172519	8.5821	-0.135803	1
124	0.622765	11.1951	0.34194	1
128	0.655815	2.044	-0.703056	1
136	0.587985	15.3609	0.335001	1
161	1.34786	12.9592	0.0780148	1
175	1.25066	21.8539	0.241869	1
187	1.52981	11.723	-0.603925	1
193	1.33319	23.6041	0.421181	1
194	1.89312	16.1067	-0.447422	1
224	0.515791	0.25051	-1.43731	1
229	1.12926	20.6985	0.689531	1
240	1.77985	18.6591	-0.986893	1
250	0.699609	4.3128	0.821139	1
288	1.58603	3.67519	-0.445536	1
293	0.813554	14.5229	-0.00822937	1
302	0.835075	12.2203	0.252578	1
323	1.28512	18.3699	0.168456	1
332	1.51331	6.03849	0.350969	1
339	1.15973	11.006	-0.598795	1
350	0.772215	10.0156	-0.0668268	1
359	2.00011	5.40925	-0.523598	1
388	1.08499	16.4088	0.328055	1
389	1.9988	4.31135	-0.17719	1
398	0.432522	9.39919	-0.576183	1
405	1.32497	15.1454	0.344484	1
409	0.865528	20.082	0.0557001	1
410	0.244895	18.331	-0.187642	1
424	0.0398463	13.462	0.00683735	1
426	2.38412	14.8605	-0.563692	1
428	1.3972	15.6936	0.0364813	1
431	0.83828	1.2541	-0.429685	1
443	0.251567	11.2901	0.29977	1
455	0.396821	15.4709	0.807569	1
463	0.841739	10.5124	0.673442	1
481	2.04848	13.0581	-0.0867807	1
502	1.93076	20.0764	-0.11669	1
503	0.663069	20.2715	-0.590506	1
512	0.276711	13.0255	-0.487576	1
522	1.46621	2.99229	0.779277	1
537	0.641471	20.5051	-0.973123	1
547	2.35153	10.0803	-0.656318	1
551	0.354834	7.49312	0.156927	1
559	1.23505	9.19282	0.336529	1
560	0.865622	20.1503	-0.3385	1
570	2.19652	19.3242	0.131359	1
576	1.44611	1.17389	0.116347	1
584	2.24249	13.6017	0.0849591	1
605	1.11936	10.5478	-0.330164	1
608	1.07012	16.1714	0.0912464	1
609	0.724276	24.2282	0.21322	1
616	0.656037	17.371	0.527895	1
625	2.0478	3.06901	-0.114752	1
631	0.809661	13.7004	0.27056	1
639	1.18155	0.620356	-0.193907	1
640	0.68229	6.44075	0.474608	1
650	0.613092	4.79608	-0.395788	1
655	0.268763	5.66652	-0.211497	1
656	0.213332	6.69033	0.00147235	1
686	0.758496	23.1426	-0.061597	1
687	0.267752	20.5037	-0.603455	1
698	0.691683	1.50132	-0.0380209	1
702	2.39537	3.66091	-0.204188	1
715	1.19925	0.617386	-0.123412	1
720	1.23046	24.6461	-1.1492	1
725	1.7834	6.02662	0.797888	1
733	2.15724	12.4417	-0.460469	1
737	2.20193	2.94569	0.611036	1
750	0.87687	24.437	-0.561429	1
755	1.96783	21.1746	0.0666716	1
798	2.29088	8.44222	-0.0993842	1
819	0.281742	7.01181	0.521943	1
825	0.307078	23.9132	-0.104305	1
829	2.22062	23.9204	-0.2908	1
842	1.81865	12.11	-0.428223	1
854	0.484441	4.25135	0.32719	1
860	2.46605	11.9868	0.266788	1
864	1.62094	3.0281	-0.23035	1
865	1.43249	7.66482	0.523494	1
871	0.773573	19.4496	0.217089	1
874	1.94102	19.9125	-0.507787	1
889	0.796195	8.50857	0.187217	1
890	1.21346	13.5576	-0.388678	1
905	2.00224	6.10672	0.0995536	1
945	1.78719	4.24106	0.0095266	1
947	1.65977	23.185	0.729152	1
953	0.442328	24.5191	-0.20471	1
959	0.644193	21.876	-0.488678	1
972	2.45705	22.8351	-0.0240483	1
976	1.22169	11.9597	-0.059547	1
985	0.713979	18.8409	-0.0572114	1
1002	2.01766	15.0829	0.620402	1
1038	2.09239	7.70997	0.334956	1
1042	1.95585	15.5103	0.404143	1
1046	1.37688	20.6973	-0.640296	1
1053	1.66323	4.12208	0.124028	1
1054	2.46761	14.4	0.094057	1
1087	1.83863	0.0586423	0.340107	1
1090	1.86515	10.8533	0.214837	1
1100	0.132199	17.1623	0.38649	1
1107	0.622619	22.636	0.223074	1
1110	1.52421	14.1462	0.237661	1
1125	0.254836	4.03657	-0.58978	1
1139	1.58842	1.48607	0.221159	1
1142	2.25306	16.5793	0.276027	1
1181	0.484696	17.2738	0.354774	1
1191	1.92088	12.9185	0.713633	1
1226	0.509274	12.1722	-0.202451	1
1270	0.502613	9.85747	0.275541	1
1279	0.89443	10.0076	-0.138912	1
1283	0.550649	5.67621	-0.851981	1
1284	2.14743	7.2538	-0.037291	1
1290	0.323463	8.83867	0.472828	1
1299	2.05681	4.15312	-0.496387	1
1313	0.621155	23.6846	-0.0765592	1
1325	1.41828	4.80565	0.508813	1
1326	0.607841	14.8786	0.424416	1
1327	1.18611	17.1092	0.247782	1
1347	0.0682191	2.1956	0.0997552	1
1352	1.67949	18.4623	0.810918	1
1355	1.83907	1.75608	0.426632	1
1359	0.831709	16.6744	0.322349	1
1367	0.924721	6.01707	0.366028	1
1389	0.178923	9.50262	0.838151	1
1398	2.04899	8.59708	-0.167839	1
1407	0.891343	13.398	-0.326945	1
1438	2.02699	0.441286	0.691768	1
1456	1.00515	21.2099	0.998187	1
1476	0.861126	9.95915	-0.108105	1
1481	2.44294	4.95672	-0.233185	1
1483	0.230251	23.7872	0.197752	1
1490	0.0455281	19.3912	0.463936	1
1493	0.165747	16.3017	-0.39657	1
1513	0.495933	16.0972	-0.341059	1
1514	2.45883	13.0553	0.406302	1
1515	1.80515	5.19819	-0.0477015	1
1522	1.73281	19.5817	-0.085246	1
1531	2.1759	13.1038	0.288049	1
1541	0.747591	20.7045	-0.276443	1
1550	0.259335	3.51699	0.169804	1
1551	1.86648	9.18094	0.0408102	1
1555	2.49876	14.9067	0.379888	1
1558	1.47675	0.495279	0.135713	1
1562	0.0203568	7.78219	0.211167	1
1566	1.67188	4.08883	-0.0557098	1
1574	0.764422	1.37958	0.21387	1
1581	1.37569	5.92077	1.22804	1
1584	0.221048	21.9006	0.460187	1
1586	2.24572	19.1801	-0.180449	1
1597	2.12451	20.2611	-0.213653	1
1609	1.93057	24.4414	0.78079	1
1613	0.74414	24.3967	0.58348	1
1623	2.08943	12.0976	-0.57851	1
1634	0.145386	1.81361	0.754419	1
1656	1.86373	9.26265	-0.372801	1
1658	0.729823	23.8809	-0.0600378	1
1659	2.35901	24.1942	0.959945	1
1669	2.32061	16.2438	1.03891	1
1682	0.13064	24.9155	0.179062	1
1690	1.84064	22.0434	0.672434	1
1691	1.39604	22.0882	-0.0600838	1
1731	0.538546	7.3633	0.345533	1
1742	0.517497	10.6296	-0.106959	1
1770	1.84212	17.8155	0.605354	1
1771	0.906069	17.9679	0.396434	1
1775	2.04259	20.5279	-0.287281	1
1803	1.40866	3.75145	-1.12982	1
1809	1.79239	1.10883	0.161359	1
1814	1.06086	14.7982	-0.643589	1
1821	1.39162	24.2735	0.28943	1
1829	0.684167	19.0784	-0.510997	1
1836	0.816736	22.6685	0.20835	1
1847	0.613866	13.6895	-0.175811	1
1860	0.348524	2.50589	0.330203	1
1861	1.04747	17.6419	0.613562	1
1884	1.41874	3.58686	-0.32507	1
1885	0.183032	3.21907	-0.293505	1
1898	0.718472	21.6745	0.50506	1
1900	0.858233	2.35863	-0.017536	1
1913	1.38064	11.1572	-0.15439	1
1915	2.46931	15.4574	0.933639	1
1922	0.482516	18.7701	0.646309	1
1923	0.176513	19.141	-0.221672	1
1925	0.0938064	3.91087	0.549059	1
1937	1.00838	2.41116	-0.0668377	1
1961	1.86459	1.62638	0.438372	1
1963	0.227165	2.02482	0.12277	1
1984	1.06253	12.7755	-0.188416	1
1988	1.97845	10.7872	-0.505042	1
2004	0.722242	7.1925	-0.0702964	1
2005	1.51424	4.89624	0.218208	1
2008	1.71086	5.84107	0.679598	1
2021	1.44825	20.4812	0.912313	1
2024	1.95072	11.5611	-0.267766	1
2025	1.60987	9.89338	-0.203834	1
2028	1.70708	19.1413	0.547147	1
2029	1.67644	18.5778	0.258254	1
2044	2.24278	20.0866	0.012924	1
2045	1.12288	18.3907	0.105329	1
2047	1.36771	16.5951	0.0466712	1
2052	2.09484	6.72147	0.751227	1
2061	1.43298	21.8408	0.204056	1
2062	1.48209	19.6363	0.0563177	1
2072	2.16561	2.8178	0.229603	1
2124	0.91477	7.94181	0.491888	1
2125	1.96099	6.25312	0.524105	1
2130	2.31863	2.78099	0.0788864	1
2154	1.64707	14.4346	0.157504	1
2157	0.467244	19.1187	-0.0246661	1
2169	1.42104	2.27355	-0.183813	1
2172	2.47997	10.8231	0.272448	1
2187	1.91396	1.57039	0.420595	1
2208	1.72533	8.46545	1.46661	1
2245	2.47224	2.26795	0.878704	1
2255	1.27105	8.43863	0.760287	1
2257	1.50347	20.5746	0.0303029	1
2274	1.34715	13.3962	-0.4513	1
2285	1.87047	11.2706	0.207335	1
2309	1.19501	16.5626	0.713953	1
2317	1.20672	2.51682	-0.0327961	1
2318	1.19775	10.3675	-0.361305	1
2336	0.852409	24.7462	0.11304	1
2342	2.25863	8.72245	0.0278891	1
2352	1.76814	24.5995	0.142466	1
2354	1.48953	3.35096	0.166742	1
2366	2.12273	21.1622	0.467573	1
2380	1.59629	1.44428	0.241705	1
2394	1.92584	9.40738	0.134107	1
2395	2.195	2.10416	0.206805	1
2404	0.737553	24.9514	-1.38856	1
2407	2.22545	7.59756	0.000101458	1
2413	1.99301	9.53798	0.204179	1
2419	1.90129	7.14078	0.638095	1
2425	0.340924	6.41773	-0.421582	1
2428	0.316135	17.5643	0.12755	1
2429	1.98772	23.8931	0.217064	1
2432	1.06989	3.71006	0.469874	1
2453	0.795517	7.02461	0.427815	1
2471	1.5307	5.54521	-0.0144663	1
2472	1.67304	5.06017	0.677718	1
2489	2.05928	2.38901	0.0890298	1
2522	1.25768	8.04372	0.781594	1
2527	1.41858	17.0312	0.232083	1
2534	1.36289	0.32512	0.842145	1
2535	0.187701	21.5429	0.312316	1
2563	0.210683	23.2572	0.553365	1
2567	2.11012	22.1833	-0.384214	1
2590	0.053162	21.837	-0.74867	1
2606	1.58949	6.82959	-0.575555	1
2610	0.683884	23.88	-0.147262	1
2611	1.79652	20.6556	-0.626828	1
2620	1.32057	17.8612	-0.133131	1
2644	1.45497	3.50578	0.16325	1
2654	0.00581093	18.4359	-0.471371	1
2655	0.101405	10.3473	-0.0777214	1
2661	0.645117	18.2354	0.340464	1
2668	0.673691	16.5488	0.995489	1
2680	0.978601	20.1953	0.209857	1
2687	0.557883	15.7034	1.12048	1
2722	1.14172	15.6988	0.148547	1
2731	1.55324	14.0929	0.11111	1
2732	1.49978	7.67416	-0.767217	1
2754	1.51343	7.47445	0.516713	1
2761	1.2977	0.752482	0.452659	1
2773	0.490692	13.4394	0.939581	1
2776	0.347792	15.7157	0.11299	1
2778	0.902107	1.47218	0.377442	1
2779	0.967499	17.4648	1.41862	1
2795	0.270702	7.35154	-0.479134	1
2802	0.48844	1.12086	-0.283079	1
2816	0.985644	16.3627	0.0399851	1
2837	0.510494	13.0878	-0.555563	1
2839	0.39244	18.7377	-0.0337293	1
2846	0.824973	19.3694	0.367993	1
2855	1.08549	8.46809	-0.54038	1
2866	2.26371	14.7301	0.172965	1
2874	1.12753	14.8781	-0.343992	1
2892	1.56194	4.40816	0.312653	1
2894	2.3461	10.3669	0.017979	1
2906	2.1199	21.9549	-0.33851	1
2916	0.165369	15.3849	0.250143	1
2922	0.157866	4.18266	-0.125592	1
2924	1.93634	20.8043	0.856486	1
2930	2.21041	8.30152	-0.091411	1
2935	1.68272	9.81574	0.604086	1
2949	0.0700682	20.5806	-0.492875	1
2951	1.69755	3.13199	-0.0779341	1
2952	0.828514	12.415	-0.0387669	1
2960	0.81664	17.8558	-0.591635	1
3007	0.586953	24.2162	0.402204	1
3008	0.286822	23.9542	0.54712	1
3025	2.20496	4.11655	0.789535	1
3032	0.201925	18.4298	-0.0784238	1
3071	1.47522	18.7117	0.00477716	1
3099	1.95751	5.46323	0.605651	1
3101	0.758364	16.8706	1.09133	1
3110	0.865114	21.4759	-0.273993	1
3111	1.60691	21.48	-0.0300616	1
3116	1.46774	11.253	-0.50875	1
3139	0.487228	11.2596	0.445927	1
3144	2.38384	5.76913	-0.126725	1
3149	1.50041	10.3256	0.528176	1
3151	2.17394	18.2383	-0.0487893	1
3153	1.16295	24.1203	0.473057	1
3161	1.33573	9.89343	0.518234	1
3162	0.788493	6.12074	-0.794663	1
3163	0.92581	6.53896	0.564689	1
3166	0.79795	5.56961	-0.0909271	1
3175	1.81827	17.0175	-0.0970869	1
3180	0.976259	12.38	-0.243805	1
3183	0.796438	1.65801	-0.353348	1
3184	0.804198	3.22532	1.06476	1
3195	2.29259	23.2464	0.627601	1
3209	1.69815	12.2779	-0.00887992	1
3228	1.42025	9.04966	-0.357927	1
3230	1.28748	0.0517252	0.0219217	1
3231	1.49705	9.09381	-0.0221769	1
3234	1.89221	7.34068	0.434942	1
3235	1.94345	7.77789	0.129456	1
3236	1.13073	23.2771	-0.312078	1
3268	0.443077	21.2709	-0.387431	1
3280	1.87073	11.2533	0.488793	1
3288	2.45176	5.13615	0.426343	1
3338	1.60935	15.5899	0.232105	1
3339	1.75067	15.1627	-0.0170152	1
3351	2.00115	10.3819	0.675511	1
3375	1.91183	16.2854	0.557374	1
3399	2.05251	7.81655	0.445556	1
3411	0.765887	4.59992	-0.00333178	1
3413	1.15151	20.2241	-0.545749	1
3436	1.04927	13.3083	0.68533	1
3471	1.68911	19.9281	0.142111	1
3480	0.129745	15.1429	-0.194125	1
3484	0.785071	1.06346	-0.459583	1
3532	2.40613	6.9701	0.384021	1
3538	1.06115	2.26721	-0.358323	1
3539	0.645072	16.0968	-0.114166	1
3542	0.602972	7.00136	0.315566	1
3543	0.606287	11.1396	0.193344	1
3580	2.22154	0.712884	0.167048	1
3585	0.215703	7.76584	0.558657	1
3590	0.340144	13.5326	0.674965	1
3596	1.48894	4.80622	0.37498	1
3610	0.53981	21.7546	0.0337033	1
3614	1.29063	11.0709	0.275483	1
3630	0.927475	13.3899	-0.0561365	1
3637	2.17381	8.92413	-0.157024	1
3638	1.34672	8.14603	-0.377127	1
3647	1.45688	4.24896	-0.774595	1
3648	1.03373	23.7279	0.134485	1
3649	0.221042	23.5483	0.392746	1
3663	2.30464	15.1515	0.319349	1
3690	1.92407	20.3973	-0.279024	1
3693	1.39598	3.87662	-1.0152	1
3699	0.644301	9.94869	-0.435374	1
3701	2.48234	21.1179	0.244132	1
3702	0.529662	6.81598	-0.34078	1
3720	1.03444	21.67	-0.00729236	1
3744	1.281	21.5696	-0.0140604	1
3772	0.984043	19.1585	0.860497	1
3788	1.28171	0.958786	-0.104396	1
3800	2.20819	7.18556	-0.289134	1
3809	1.4177	6.71816	0.534348	1
3824	1.77867	18.3765	0.912524	1
3836	2.45422	10.1946	0.282205	1
3870	1.16212	16.6896	0.833453	1
3884	1.3299	5.2564	-0.647917	1
3886	2.11387	3.80182	0.119917	1
3895	1.22098	21.1219	-1.44345	1
3900	2.00945	22.5095	-0.236356	1
3902	1.65012	3.30113	-0.762577	1
3914	0.777379	0.678389	-0.136901	1
3920	2.26286	2.0085	0.178039	1
3962	1.32909	0.767101	-0.098821	1
4004	0.49631	14.9006	-0.359235	1
4005	1.06277	14.9051	-0.109238	1
4015	0.935135	6.88382	-0.00988084	1
4017	1.37853	18.5493	-0.43768	1
4025	1.95866	20.1894	-0.559014	1
4033	2.00985	6.12859	0.584682	1
4038	0.765412	2.8456	0.730043	1
4047	0.183513	9.94612	0.486925	1
4048	0.352673	9.80015	0.535733	1
4054	2.13541	7.24871	0.621331	1
4060	1.38544	10.8892	0.0142555	1
9	4.42352	18.6233	-0.144276	2
11	3.71944	1.8063	0.743936	2
49	2.5972	4.45364	-0.209206	2
80	3.38967	10.2474	0.0703093	2
99	4.0037	10.1423	-0.169997	2
106	4.60358	19.8035	-0.873462	2
115	4.45737	23.6848	0.227168	2
122	3.07162	9.47353	0.540711	2
123	2.70702	0.295799	-0.0277753	2
127	3.5537	17.6913	0.304981	2
166	4.89687	15.6311	0.443249	2
169	3.36913	9.96616	0.887509	2
204	4.86592	21.3772	0.493626	2
206	2.6345	7.40514	0.99558	2
208	3.09763	22.6569	-0.449769	2
213	3.96946	5.52448	0.19674	2
218	3.33168	11.6126	0.0554229	2
219	3.26483	20.8424	-0.0394739	2
223	2.77219	6.6542	0.426202	2
231	3.99371	11.9803	0.103669	2
235	3.75844	20.6735	0.32724	2
243	3.55794	5.02607	0.963705	2
256	3.4198	7.06687	0.129905	2
258	4.95796	11.2008	0.613097	2
259	3.71346	1.99499	-0.809036	2
278	4.62086	6.1548	0.261314	2
290	4.82402	9.325	-0.394869	2
298	4.99645	0.445518	0.929196	2
303	3.66573	16.3721	0.186716	2
309	3.44183	16.3385	0.307472	2
330	2.85729	13.6181	-0.216507	2
338	3.06546	20.663	-0.0303545	2
348	4.03417	7.74501	0.309369	2
371	3.93155	12.2171	-0.4644	2
390	3.68867	9.39126	0.10334	2
418	4.74635	1.40797	0.444465	2
421	3.03186	2.35647	0.0375178	2
435	4.81951	18.4591	0.0831032	2
446	3.34266	6.99107	0.393567	2
447	2.54036	9.7808	0.312211	2
451	3.89042	23.5371	0.788983	2
452	3.472	13.1732	-0.0799078	2
457	4.88288	13.3648	0.501273	2
475	3.39175	16.5577	-0.0549246	2
480	2.95502	13.0966	-0.647449	2
482	3.10626	7.00306	-0.365848	2
488	3.41995	6.77366	0.203293	2
500	4.36112	17.3965	0.712402	2
508	3.91329	5.82185	-0.212674	2
510	3.02091	15.774	0.137914	2
520	2.73922	17.993	-0.444496	2
526	3.67855	13.7766	0.898343	2
529	3.32318	2.83116	0.833792	2
531	3.52999	5.09026	-0.189519	2
541	3.92729	17.4503	0.186392	2
543	3.00329	22.1088	0.0478804	2
545	4.8308	13.219	0.107594	2
563	2.62678	1.89506	0.282002	2
569	4.49007	9.66407	-0.0145805	2
571	4.35731	12.9475	0.0913374	2
590	3.35508	15.8266	-0.374801	2
618	3.69113	0.606728	0.204737	2
669	4.61824	6.12539	-0.513196	2
681	3.85064	15.0515	-0.302741	2
699	3.7726	2.61078	0.590512	2
709	3.02448	16.7303	0.572487	2
716	2.5672	2.58371	0.43001	2
717	2.56031	21.2463	0.612728	2
748	3.57436	9.32057	0.548225	2
757	4.80794	19.2176	0.18456	2
766	3.20084	10.1153	0.117704	2
772	3.22385	8.14099	0.195284	2
794	3.84895	22.5463	-0.626495	2
803	2.59005	20.3891	-0.325705	2
806	3.60514	16.825	-0.245321	2
824	3.49813	12.0509	0.79459	2
831	3.76662	17.8783	0.146196	2
833	3.32279	18.588	-0.0779279	2
836	4.2391	17.3524	-0.884617	2
840	2.7579	15.0657	0.462309	2
867	2.6943	23.4118	0.13404	2
885	4.53614	22.9814	-0.164745	2
898	4.55398	14.7071	-0.11492	2
923	4.47191	5.72532	-0.378497	2
928	4.49168	3.8235	-1.08343	2
948	2.62569	1.67262	-0.00256993	2
970	3.82112	10.9114	-0.265062	2
974	4.82518	21.3872	0.244485	2
982	4.98432	23.7986	-0.802084	2
983	2.8391	14.369	0.361905	2
1023	4.69892	18.4985	0.215954	2
1032	2.83311	6.12904	0.405344	2
1040	2.57584	12.5553	0.479788	2
1052	3.36494	1.87096	-0.154497	2
1064	4.29	5.63307	0.473886	2
1101	3.87025	8.48495	-0.184069	2
1115	2.79894	1.78071	0.668174	2
1133	3.81617	23.3191	-0.290021	2
1145	2.56816	18.63	0.0861562	2
1155	2.84171	0.389524	0.368749	2
1163	2.83914	11.3559	0.0419317	2
1168	3.60047	1.5274	0.277611	2
1202	2.55968	14.1073	-1.1722	2
1218	3.83163	14.7039	0.308959	2
1228	2.96657	9.96464	-0.422952	2
1231	4.45019	17.4933	0.0474382	2
1250	3.36556	19.4419	-0.40761	2
1257	4.18127	4.00518	0.0103514	2
1264	2.95001	17.4943	0.478669	2
1267	2.71579	13.1008	-0.102729	2
1271	2.89635	4.86266	-0.352858	2
1301	2.55667	6.56629	-0.356627	2
1305	3.71216	12.3252	-0.428585	2
1311	4.67191	15.4119	-0.0903554	2
1323	3.94348	19.119	-0.160392	2
1331	4.7173	21.1374	-0.307009	2
1341	4.61041	10.3916	0.268922	2
1348	4.49156	4.21775	0.0181461	2
1349	4.82851	20.9651	0.330657	2
1356	4.25634	1.8383	0.195314	2
1360	3.02787	4.83476	-0.0177563	2
1370	3.4985	8.66775	0.258587	2
1373	3.68543	4.05125	0.271988	2
1378	4.36125	5.54539	0.649302	2
1379	3.98255	6.09661	-0.238292	2
1396	2.71456	15.2923	0.188275	2
1401	2.79359	6.82666	1.21964	2
1410	4.28014	14.4494	-0.0356475	2
1418	2.92099	16.5072	0.497716	2
1428	3.50067	1.17663	-0.145851	2
1435	2.88818	11.5277	0.303219	2
1440	2.69767	11.7298	0.600649	2
1465	4.35253	14.6441	0.526611	2
1467	4.60246	11.7116	0.97043	2
1470	4.34762	2.6948	0.0784115	2
1502	4.3946	5.29837	-0.117905	2
1512	3.73885	10.962	-0.0648637	2
1516	4.27754	13.1365	0.0285213	2
1519	3.19555	6.51537	0.184917	2
1544	4.21009	9.42281	-0.512911	2
1554	3.01218	13.8097	-0.139643	2
1561	3.2832	0.703337	-0.0844015	2
1565	2.65017	16.8257	0.259972	2
1570	4.77518	8.22139	0.605606	2
1575	2.64158	2.2392	0.146423	2
1578	4.95935	16.546	0.0861172	2
1583	4.01105	2.48048	0.0189879	2
1595	4.38341	20.5029	0.676896	2
1599	4.51215	24.4385	0.243047	2
1621	4.2269	20.4153	0.24193	2
1632	4.94506	17.2167	-0.700337	2
1645	3.4355	16.5394	0.146331	2
1651	4.72573	7.23032	0.640648	2
1653	3.76048	23.5988	-0.262513	2
1664	3.04707	12.1915	0.193565	2
1713	3.88196	12.7012	0.318077	2
1714	3.67343	17.5751	-0.0813172	2
1743	3.04224	0.779082	0.332373	2
1745	4.94228	6.04356	-0.301943	2
1746	3.69385	22.1298	0.0965874	2
1773	3.57426	19.6227	0.792273	2
1777	4.31072	2.8662	-0.615703	2
1781	4.01386	14.9888	-0.133984	2
1796	3.49588	15.5704	0.584265	2
1817	4.8481	13.0621	-0.67318	2
1850	2.56841	18.3906	-0.67324	2
1855	3.35759	23.1471	0.444103	2
1870	2.76942	21.6277	0.401275	2
1883	4.68851	21.4241	0.318859	2
1886	3.08373	24.0409	-0.133487	2
1887	3.88794	9.36275	0.00356835	2
1889	2.80756	11.943	-0.246162	2
1896	3.38543	14.2086	0.446304	2
1897	4.45319	10.8095	0.0571589	2
1901	2.9691	22.8295	0.274763	2
1909	2.72258	20.2457	-0.113364	2
1916	4.42451	24.9174	0.135933	2
1921	3.3165	4.93331	-0.583125	2
1933	2.51632	8.28952	-0.869184	2
1946	2.73159	21.134	0.415106	2
1952	4.69981	19.8341	-0.0926821	2
1960	4.22831	13.195	0.389469	2
1966	3.85883	19.7477	-0.638521	2
1977	2.71406	8.04293	0.191005	2
1978	2.83814	8.84941	0.122286	2
2027	4.10462	16.1432	1.59268	2
2039	3.72003	7.9194	0.880927	2
2063	2.59832	24.5331	0.761644	2
2066	2.74316	22.1252	-0.233312	2
2067	4.56777	21.1125	0.0539173	2
2069	3.11224	5.06454	-0.537506	2
2071	2.86368	24.4545	0.15953	2
2073	3.16297	22.755	-0.211224	2
2083	3.5988	2.73338	0.631696	2
2087	4.95042	8.57602	0.399607	2
2095	3.59258	20.631	0.164726	2
2107	2.68215	17.3761	-0.583415	2
2109	3.9542	1.71868	0.039781	2
2114	4.68879	8.80593	0.0387444	2
2131	2.82389	20.7753	-0.526764	2
2134	3.80367	13.3781	0.28506	2
2144	4.07122	18.0024	0.180202	2
2146	4.83711	7.15585	0.540557	2
2158	2.56958	6.39554	-0.526546	2
2159	3.13253	7.45305	-0.596252	2
2165	4.90188	9.98057	0.151961	2
2170	2.57872	6.6575	0.0530655	2
2174	3.11576	0.233215	-0.0153668	2
2176	4.25732	15.9098	0.158198	2
2188	3.53682	4.14514	-0.437085	2
2190	4.09431	3.3386	-0.853137	2
2202	3.87405	3.2543	-0.0745826	2
2204	4.22782	12.3885	-0.0144605	2
2213	4.15056	4.15967	-0.0417089	2
2234	3.62957	7.42034	0.191501	2
2264	4.75179	16.9662	-0.0632424	2
2270	4.35782	21.0954	0.317673	2
2272	4.16742	10.2548	0.591317	2
2280	4.81829	0.472745	0.528282	2
2293	4.15423	14.4977	-0.0558403	2
2295	4.02806	15.8294	-0.0943546	2
2296	4.12603	23.3062	0.339565	2
2297	4.68508	22.2209	0.4146	2
2320	4.55679	11.631	0.394704	2
2327	2.57869	22.7757	-0.192592	2
2331	2.51739	18.4482	-0.947263	2
2337	2.61863	19.5463	-0.378649	2
2344	4.69074	8.94443	0.130747	2
2348	2.61245	20.8826	-0.35444	2
2350	4.41976	24.2381	0.316459	2
2362	4.20534	2.41691	-0.298876	2
2363	2.94245	12.7868	0.793941	2
2367	4.0597	4.73903	-0.265986	2
2385	3.11458	20.1618	-0.104675	2
2390	3.39826	3.02774	-0.379721	2
2409	3.21997	21.5159	-0.0959293	2
2422	3.20563	18.4078	0.641258	2
2431	3.002	6.28663	0.376223	2
2438	3.80197	20.8402	-0.463554	2
2451	3.49754	9.75329	-0.389818	2
2461	2.71086	18.154	0.259502	2
2469	4.06939	2.32191	-0.31614	2
2473	3.69103	0.531714	-0.649412	2
2475	3.59892	17.3873	-0.544036	2
2477	4.81679	19.9118	-0.460063	2
2485	4.57279	14.1287	0.266254	2
2493	2.53673	5.32841	-0.112617	2
2514	3.0641	2.85671	0.337172	2
2545	4.5193	7.33584	-0.256627	2
2554	3.08676	13.5612	-0.0697963	2
2555	3.75213	12.8776	-0.584909	2
2556	4.53273	11.8209	-0.758106	2
2565	2.87733	14.3355	0.250421	2
2578	4.97684	12.635	-0.0166647	2
2584	4.7869	16.8115	0.936167	2
2600	3.62412	20.9581	-0.25326	2
2609	3.94852	1.68324	-0.328347	2
2616	4.3489	9.22456	0.219031	2
2633	4.91559	3.94569	-0.883515	2
2640	3.06653	23.0967	-0.828016	2
2643	4.06405	5.19971	-0.748241	2
2650	4.45387	1.06113	-0.92602	2
2657	4.47268	22.8438	-0.305253	2
2660	3.95383	1.40289	-0.767834	2
2672	3.10871	24.5431	0.108835	2
2688	4.43796	7.59041	0.608694	2
2700	4.38854	24.1161	-0.131367	2
2716	4.7243	9.59645	-0.0381887	2
2740	3.30151	18.5248	0.167361	2
2762	4.69663	5.42806	-0.275188	2
2765	3.8086	6.27746	-0.479991	2
2782	3.12818	18.5501	0.0374859	2
2783	4.88257	8.14517	-0.283052	2
2817	4.85328	12.8913	0.10782	2
2821	3.75757	10.5375	0.386338	2
2822	2.71317	8.38671	-0.231588	2
2830	4.20873	8.7521	0.213325	2
2860	4.81502	16.8808	-0.440501	2
2864	3.69478	6.79987	-0.396127	2
2867	3.43007	0.301872	-0.734612	2
2879	4.33251	24.6964	-0.725733	2
2889	3.52643	5.13326	-0.0464457	2
2895	2.54306	10.266	-0.287415	2
2905	2.61588	21.303	1.01971	2
2914	4.70883	5.74329	0.234254	2
2947	3.13066	11.7369	-0.286911	2
2965	4.38227	22.7369	-0.379763	2
2967	4.12595	1.02748	-0.135251	2
2987	3.47743	21.616	-0.167416	2
3029	4.57817	10.8436	0.576657	2
3033	2.64031	7.25089	-0.216291	2
3034	3.18157	0.366814	-0.199649	2
3064	4.02936	23.7419	-0.303726	2
3103	3.06196	13.1037	0.0765863	2
3122	2.81691	19.5447	0.439621	2
3123	3.12769	20.5345	0.197413	2
3138	3.00728	23.7072	0.364258	2
3147	4.63735	19.8022	-0.443403	2
3152	4.1302	10.791	0.218337	2
3155	3.28074	19.039	0.0452436	2
3158	4.68865	23.3731	-0.514113	2
3185	3.65567	15.8183	0.133753	2
3197	3.69999	7.6898	-0.158455	2
3201	4.79057	0.517783	0.372176	2
3212	2.51696	22.5163	0.00339729	2
3213	3.76008	10.3088	-0.0171289	2
3217	4.35824	6.84508	-0.476858	2
3218	4.82338	6.74286	-0.131589	2
3244	3.60275	3.20393	0.40596	2
3254	4.32438	4.03857	0.571379	2
3257	2.6471	13.0554	0.0270971	2
3266	2.81362	1.336	0.102454	2
3269	4.74619	24.5543	-0.166462	2
3286	4.36132	6.07198	0.193549	2
3298	3.78518	3.02636	0.536527	2
3302	4.47402	23.365	0.529477	2
3308	2.70189	2.23296	0.130345	2
3315	4.59319	9.47057	-0.0653198	2
3318	3.91518	19.2666	-0.112433	2
3320	4.35034	9.99024	-0.0499651	2
3327	4.55084	8.05793	-0.0187107	2
3347	3.28441	16.4522	0.254454	2
3348	3.02973	6.22084	0.249666	2
3353	4.76179	19.6576	-0.0709541	2
3362	3.39718	21.2191	0.947789	2
3373	4.2473	24.8878	0.387841	2
3377	3.60672	10.2784	0.652273	2
3378	4.02978	10.8381	-0.0858084	2
3386	4.71387	1.29402	-0.529084	2
3394	3.80969	23.506	-0.192983	2
3400	3.06234	16.7297	0.690314	2
3416	2.88197	10.8044	-0.426605	2
3418	4.24405	11.7788	-0.201076	2
3423	4.97285	12.1708	0.863784	2
3425	2.91844	11.1206	0.132395	2
3433	3.03122	24.9452	0.297449	2
3454	2.95105	21.8366	-0.110202	2
3460	4.49852	15.7225	-0.0768491	2
3462	3.0005	1.3529	0.461157	2
3469	4.06609	10.9692	-0.764436	2
3476	4.16885	14.4471	-0.32126	2
3493	4.85241	7.2247	0.177142	2
3508	4.6259	5.71343	-0.168694	2
3523	4.01686	10.5088	-0.0447332	2
3524	4.16192	10.8525	-0.010771	2
3525	3.79528	10.2729	0.799627	2
3531	2.63705	12.428	0.339918	2
3534	3.08798	22.2463	0.19947	2
3600	3.06036	13.0876	0.226483	2
3602	3.59788	14.9268	0.366092	2
3608	3.54161	18.5463	0.250404	2
3609	2.93173	8.7443	-0.510809	2
3613	3.59137	11.7479	-0.62675	2
3621	3.95	5.02171	0.383836	2
3622	4.04931	4.54878	1.05339	2
3623	4.582	1.55271	-0.235995	2
3629	4.9576	5.77904	0.653485	2
3643	2.50607	1.65598	-0.497403	2
3646	4.16398	5.88058	-0.463918	2
3657	4.78358	9.02903	0.371639	2
3659	3.82719	12.5903	0.166593	2
3689	4.98638	19.6751	0.252839	2
3721	2.92384	0.365814	1.19347	2
3725	4.71923	9.88323	0.108442	2
3734	4.35884	19.6158	-1.42586	2
3735	3.9208	20.0353	-0.168127	2
3747	3.73924	21.4968	-0.378724	2
3762	3.71079	10.9502	0.437129	2
3769	4.21774	6.04854	0.299027	2
3790	3.78505	23.7356	-0.122025	2
3791	4.77104	3.95892	-0.337265	2
3792	4.50133	4.34987	-0.0789384	2
3793	4.48169	3.98864	-0.186891	2
3801	2.72682	12.3064	-0.640673	2
3811	4.91423	18.8413	-0.0539765	2
3819	4.8892	7.8086	0.0640603	2
3838	3.55504	23.779	0.880361	2
3839	3.30581	6.67039	0.638503	2
3855	3.01453	22.6908	-0.218857	2
3875	2.75843	14.4813	-0.0597505	2
3879	3.266	10.4518	-0.39159	2
3917	3.27266	7.20736	-0.362152	2
3942	2.67918	20.4084	-0.0460966	2
3945	4.18911	1.84774	-0.467131	2
3949	4.49368	12.1117	0.346086	2
3965	4.99084	24.8032	0.367109	2
3969	3.09139	0.729533	0.133237	2
3970	3.16515	0.81063	0.357661	2
3982	2.82926	20.6775	-0.0600509	2
3994	3.05055	8.27873	0.39054	2
4010	3.0936	19.1605	-0.631527	2
4022	2.77675	7.31172	1.14453	2
4023	3.30467	12.84	0.230786	2
4029	2.69742	2.37192	0.169252	2
4034	4.30847	11.0676	0.118056	2
4040	3.5342	2.85305	-0.0323387	2
4045	4.01993	22.202	0.320031	2
4064	3.73459	1.7137	-0.225552	2
24	5.52623	2.47005	-0.924055	3
28	5.46636	11.9777	0.568145	3
33	5.88059	24.2933	0.239331	3
34	6.78126	1.23614	-0.312357	3
41	5.96713	21.4277	-0.215077	3
55	5.2562	16.9374	0.112291	3
64	5.67274	15.5992	-0.260953	3
73	5.98286	13.4305	-0.516132	3
79	6.25512	16.9312	0.272841	3
83	6.83162	1.08094	0.00769708	3
107	7.48334	3.8929	-0.728431	3
111	6.0068	0.672773	0.44306	3
142	5.92764	14.0562	0.253051	3
171	7.22334	9.70241	-0.211709	3
174	7.2819	23.2302	0.0643825	3
177	5.3089	8.27595	0.384491	3
179	7.29023	1.67602	0.978523	3
228	5.22045	23.8485	-0.222658	3
236	7.30476	1.94161	0.624859	3
237	7.33881	15.2312	0.147271	3
238	6.36621	19.6026	0.222263	3
264	6.13601	11.7629	-0.31186	3
270	7.26132	3.86825	0.211447	3
292	5.6213	3.29271	0.177521	3
299	5.64123	23.886	-0.900544	3
307	5.34	13.7523	-0.0246606	3
316	6.54559	17.3044	0.0901484	3
322	5.23613	16.2541	-0.00109426	3
324	6.96754	15.4396	-0.291067	3
331	5.14478	10.5016	-0.055283	3
335	5.26087	7.30897	-0.00381338	3
345	6.19944	15.5863	-0.558218	3
356	6.93539	24.0944	0.697232	3
360	5.33652	11.72	-0.287719	3
364	6.75031	18.3577	0.69349	3
373	6.52324	5.17803	0.0256798	3
376	5.83559	20.1927	-0.224525	3
381	6.41876	22.3833	-0.0425575	3
383	6.23661	8.00959	-0.138196	3
401	6.60092	24.9201	-0.249217	3
422	6.11455	15.6084	0.351026	3
454	6.80719	3.7906	0.191629	3
456	6.8335	17.3384	0.757733	3
461	5.76082	12.6431	-0.0852232	3
464	6.52974	0.0170163	-0.0228193	3
478	5.10689	18.3938	-0.283661	3
497	6.26805	9.31558	-0.647435	3
509	6.88364	12.8817	0.455719	3
521	5.21228	0.369553	0.617379	3
546	6.9595	2.56668	-0.0692755	3
552	7.18161	2.00287	0.252168	3
599	5.32481	17.348	0.4046	3
602	6.40858	4.21717	-0.326907	3
603	5.51209	6.35859	0.674625	3
617	5.02806	16.2984	0.50959	3
623	6.30224	3.48735	-0.772047	3
626	7.45127	5.55449	-0.271159	3
644	7.36585	12.5481	-0.343975	3
662	7.46589	12.2531	0.634464	3
682	6.1286	18.3069	-0.469974	3
700	5.82015	6.97916	0.269247	3
705	7.12091	19.6052	-0.0469216	3
713	6.84499	23.21	-0.372318	3
714	6.08927	17.2363	0.281607	3
718	6.08143	16.979	-0.152936	3
721	5.61661	7.69073	0.692896	3
726	7.12411	13.612	0.387806	3
730	6.1975	4.59522	0.457536	3
735	6.25638	20.2453	-0.153302	3
747	7.48177	14.1607	0.0881918	3
751	5.28554	8.24254	0.342696	3
754	6.70616	3.84302	-0.188448	3
758	5.72003	21.2373	0.585415	3
759	7.12156	8.81343	0.221408	3
764	6.7996	8.79101	-0.188529	3
779	7.22702	5.78726	0.154862	3
786	5.29066	22.7555	0.139916	3
787	7.44421	4.56649	-0.0181912	3
811	5.37637	15.4765	-0.403104	3
816	6.10402	16.6378	0.142725	3
817	6.90094	20.1631	-0.445103	3
838	5.05974	10.5652	-0.314679	3
843	6.0765	21.0567	0.386662	3
851	5.6992	9.74291	0.873861	3
870	6.37109	18.0533	0.232745	3
880	6.90688	4.04892	0.247218	3
882	6.26814	4.27416	-0.00681631	3
897	5.78624	21.6801	0.554332	3
926	5.71158	11.5298	0.3329	3
944	5.80642	4.54303	-0.455639	3
956	5.19071	24.1662	-0.69096	3
957	5.94632	2.87998	0.462956	3
958	6.06823	0.443302	0.110274	3
966	6.58433	3.30733	0.127592	3
967	6.63692	14.8799	0.581587	3
973	5.92798	5.40418	0.0371797	3
978	5.20865	10.0576	0.203956	3
990	7.03725	10.1724	-0.63848	3
995	6.60185	17.8644	-0.31133	3
1017	7.42251	11.7957	-0.187857	3
1019	5.87722	1.13031	0.232881	3
1045	5.48818	4.48053	0.450458	3
1056	6.84895	4.84507	0.500548	3
1067	7.32642	23.5665	-0.307168	3
1078	6.06065	23.9534	0.579877	3
1079	5.47921	24.4417	0.283142	3
1082	7.44395	0.681178	-0.0215436	3
1089	5.14814	18.0385	-0.194583	3
1094	7.26299	7.87403	-0.435166	3
1095	5.33815	22.0002	0.080024	3
1103	6.98671	0.330131	0.19817	3
1106	5.9437	18.1185	0.201198	3
1113	6.06463	8.10012	0.0662724	3
1122	6.8509	10.3869	0.526913	3
1124	6.31859	23.4518	0.305316	3
1126	6.15579	0.418446	0.443401	3
1129	7.31198	7.89616	-0.210621	3
1138	7.15568	2.27085	0.530895	3
1146	7.32037	22.4658	0.495062	3
1150	6.03916	2.64821	0.187527	3
1165	5.41404	20.3843	-0.101157	3
1171	6.76834	14.4709	-0.812941	3
1173	6.61642	22.6576	0.258262	3
1186	7.20524	4.46041	0.536502	3
1187	6.08382	18.061	-0.0453989	3
1216	5.93498	6.70924	-0.317904	3
1221	7.13813	9.70141	-0.250795	3
1222	5.01353	11.0935	-0.528253	3
1233	5.13862	23.163	0.095577	3
1237	5.66397	9.36244	-0.527667	3
1258	5.29821	4.90939	0.0533263	3
1259	6.16646	21.6226	0.796152	3
1268	6.60398	13.6563	0.884015	3
1286	6.13713	15.1562	0.0475109	3
1288	5.48703	20.7831	0.33253	3
1318	5.97581	22.9199	-0.138415	3
1328	5.98863	8.89686	-0.112286	3
1343	5.35575	10.6847	-0.126515	3
1368	5.82024	8.631	-0.552243	3
1371	7.49601	23.6869	-0.66435	3
1372	7.46179	10.1412	-0.0516196	3
1402	6.4777	8.21557	-0.55054	3
1412	5.44045	7.30736	0.50587	3
1419	6.10209	4.4067	0.269458	3
1432	5.13834	21.5795	-0.476438	3
1437	5.46349	21.996	0.259595	3
1448	5.29566	15.1363	0.621582	3
1452	6.24957	12.1735	0.635665	3
1469	5.67392	13.7782	-0.207138	3
1479	5.81964	2.48691	0.707128	3
1486	7.07166	6.43849	-0.117283	3
1491	5.96725	11.4218	0.25898	3
1500	5.1169	0.436269	0.340894	3
1506	7.01641	15.8511	-0.625132	3
1521	5.81251	5.47669	0.236815	3
1527	6.35785	10.4976	-0.0631694	3
1534	6.36884	6.7945	-0.237813	3
1536	6.01456	19.682	0.134326	3
1542	5.25898	0.850259	-0.610161	3
1548	6.54631	5.31762	0.031226	3
1563	6.815	22.2033	-0.057776	3
1582	5.77209	15.2317	-0.109716	3
1592	6.43975	14.353	-0.219395	3
1593	5.2997	14.9398	0.255819	3
1602	5.65661	7.00631	0.834927	3
1612	7.38112	20.8112	0.822996	3
1620	6.00661	23.2443	0.142577	3
1628	6.94081	15.4584	-0.420928	3
1652	5.09841	6.88112	0.421868	3
1676	6.23	3.03459	-0.10018	3
1685	5.37196	12.0552	-0.760293	3
1697	5.25329	22.3715	-0.497877	3
1709	6.88785	14.9457	-0.253919	3
1710	6.31812	2.06456	-0.299407	3
1711	6.60722	2.27103	0.355724	3
1712	6.50256	20.6859	-0.109606	3
1718	5.05415	7.89817	-0.428112	3
1735	5.24515	6.55193	0.620603	3
1748	6.44164	20.2895	-0.73915	3
1756	6.17445	24.5554	0.207515	3
1772	6.91047	1.93882	0.251865	3
1782	5.99134	1.99596	0.662576	3
1799	6.28145	17.9057	0.0615142	3
1815	5.162	20.9417	-0.666071	3
1816	5.89035	4.46661	-0.148403	3
1818	7.01945	2.03091	0.0228603	3
1820	6.30071	14.0055	0.645269	3
1822	5.17324	19.561	0.0300155	3
1828	7.19302	6.28245	-0.0412874	3
1830	6.46285	11.676	-0.291892	3
1845	5.11389	5.17713	0.117921	3
1857	5.71407	6.71901	0.568556	3
1865	5.25788	3.94488	0.13317	3
1866	6.88765	19.839	0.202521	3
1878	5.88392	10.5855	-0.669542	3
1888	7.02266	21.6198	0.0649513	3
1905	6.32879	15.2008	-0.99676	3
1920	5.4786	7.57237	-0.546837	3
1926	6.17638	15.4369	0.453066	3
1927	5.89525	14.4371	0.0342363	3
1932	5.56537	5.84843	0.468977	3
1935	5.6534	16.0179	0.555461	3
1955	6.49732	7.31469	0.31957	3
1956	5.16774	7.3197	-0.252681	3
1967	5.27114	24.9634	-0.424846	3
1983	5.49682	22.1447	0.339559	3
1987	6.31501	1.63364	0.056794	3
1991	5.5653	10.1486	0.485783	3
1992	6.1454	10.4765	-0.436262	3
1998	6.46176	0.0868072	-0.274975	3
1999	5.76332	9.0761	-0.859058	3
2007	6.6323	19.6109	-0.534723	3
2010	7.04874	17.1439	0.723858	3
2016	7.12547	23.9494	-0.483089	3
2023	5.06901	6.83132	-0.468835	3
2040	6.67343	9.41436	0.99184	3
2046	6.55859	15.5523	-0.0814167	3
2048	5.73759	16.0697	-0.0282741	3
2085	6.5291	11.2171	0.0471425	3
2096	5.11936	22.4845	0.00755203	3
2097	6.32657	21.705	-0.514386	3
2111	5.63659	8.91157	-0.0520302	3
2113	6.16238	7.27565	-0.379107	3
2121	5.75175	18.3442	0.240423	3
2128	5.32449	6.45693	-0.652603	3
2148	5.35638	16.305	0.147171	3
2167	6.82954	17.7131	0.335052	3
2195	6.09126	9.80206	0.332267	3
2205	6.30253	15.867	-0.213113	3
2206	7.19123	18.9376	-0.205326	3
2214	7.34651	14.1643	0.192424	3
2233	6.22129	0.364316	-0.292269	3
2239	5.33876	4.48442	0.722999	3
2242	6.67203	3.14574	0.500797	3
2259	7.13676	15.9034	0.386513	3
2273	5.37611	20.7029	-0.657518	3
2289	5.36826	22.1768	0.529183	3
2298	5.43338	9.8421	0.290504	3
2300	6.23543	5.74498	0.640844	3
2301	5.18422	8.76927	0.483814	3
2305	6.37059	9.02568	-0.230978	3
2316	6.67198	14.9857	0.283029	3
2322	7.22066	13.1238	0.125555	3
2325	7.47062	4.63082	0.236179	3
2346	6.07215	3.36696	0.203729	3
2370	6.93194	16.9733	-0.399289	3
2383	7.33847	7.36323	-0.282735	3
2392	6.86017	5.18428	-0.119408	3
2398	7.1399	16.4643	0.64494	3
2400	6.33293	20.0466	0.00479224	3
2408	6.93295	5.12914	0.551143	3
2427	5.83578	20.5598	-0.302642	3
2437	6.23653	13.8023	0.250877	3
2441	5.2793	3.11343	0.0165048	3
2442	5.06865	1.60076	-0.0685899	3
2458	7.33397	9.60758	0.770273	3
2459	6.85305	22.4809	-0.131103	3
2468	5.34794	3.62183	-0.29121	3
2482	6.57583	16.2721	-0.405841	3
2484	7.13286	13.4603	-0.00320352	3
2510	6.08844	0.0935413	-0.262313	3
2513	6.2424	0.500509	0.301168	3
2521	5.74604	5.88104	0.315419	3
2560	5.6708	16.3468	0.423849	3
2570	6.43784	24.4084	0.6133	3
2581	5.93584	7.27292	-0.169943	3
2583	6.78579	2.43559	-0.434151	3
2589	5.52356	24.44	-0.6034	3
2592	5.50669	17.2364	-0.162601	3
2638	7.0955	1.34127	0.693832	3
2659	7.31941	19.6509	-0.421539	3
2666	7.11734	5.97604	0.021452	3
2667	5.76971	1.45497	-0.0987429	3
2670	7.064	15.1776	-0.27156	3
2673	6.48489	9.40865	-0.764183	3
2683	5.61992	19.1834	-0.814656	3
2689	5.99544	10.0369	-0.202596	3
2691	5.92779	12.5925	-0.602078	3
2692	6.51909	7.34567	-0.531468	3
2693	5.43767	5.8574	0.150685	3
2702	7.14941	14.9388	0.0534986	3
2703	6.74119	0.634902	0.00666475	3
2735	5.26217	12.5732	-0.553852	3
2737	6.8026	9.97731	-0.239381	3
2739	7.03267	12.7886	0.729342	3
2747	6.56602	12.1312	0.351135	3
2749	5.75448	1.19934	-0.823051	3
2766	5.43049	8.97747	0.713427	3
2784	5.36105	14.9513	-0.0552455	3
2791	5.70936	10.1108	-0.444159	3
2799	5.09669	1.84067	-0.751495	3
2818	5.74511	11.6991	-0.246757	3
2844	6.80436	18.5382	-0.364278	3
2848	5.03805	2.00151	0.210838	3
2851	7.40978	11.5703	-0.0952994	3
2858	7.19159	9.95697	0.486524	3
2873	5.69681	8.60902	-0.652451	3
2875	6.24911	20.2672	-0.448785	3
2902	7.04503	13.6463	0.2622	3
2908	6.28477	16.9604	0.241847	3
2918	6.40359	13.9197	0.545966	3
2919	5.03229	22.3049	-0.970368	3
2920	5.90478	7.84315	0.636155	3
2921	5.39414	7.75203	0.276605	3
2937	6.32441	19.7609	-0.130161	3
2957	7.21377	18.0427	-0.338065	3
2963	7.46739	3.46874	-0.300185	3
2977	6.31323	23.5585	-0.0766832	3
2978	5.17494	19.8983	0.490398	3
2984	5.28594	7.92187	-0.0405274	3
2999	6.13389	22.2314	-0.253562	3
3030	5.37873	13.8727	0.519024	3
3042	5.36351	3.16152	-0.566785	3
3056	5.44284	5.76959	0.29634	3
3059	6.98325	19.6174	0.762514	3
3060	5.86944	18.5692	0.0642851	3
3066	6.87465	5.03934	-0.329554	3
3076	5.63983	11.8004	-0.141338	3
3090	5.74677	2.72832	0.38564	3
3093	7.20828	9.34704	0.0890604	3
3112	5.80246	8.33249	0.0889917	3
3119	6.9244	6.89476	0.109178	3
3140	5.80028	6.54984	0.0559422	3
3143	6.5556	21.9562	0.544489	3
3148	6.37353	5.29969	-0.0823222	3
3156	7.28543	21.8049	0.059464	3
3170	7.22482	11.4886	0.253009	3
3187	7.25208	5.50315	-0.1456	3
3196	6.30317	11.1251	0.0867923	3
3214	6.94996	0.367295	-0.466547	3
3222	7.47741	1.77101	-0.281702	3
3229	7.44675	7.27524	-0.300526	3
3232	6.5154	13.4642	0.676185	3
3246	6.58507	16.7652	0.840682	3
3249	7.3776	17.8267	-0.106431	3
3255	6.77816	16.9745	0.026435	3
3258	5.97987	14.3407	-0.363302	3
3279	6.66031	9.487	-0.1168	3
3295	7.36606	11.6737	-0.499717	3
3301	5.01589	11.5423	0.269165	3
3303	5.40795	22.884	-0.583163	3
3310	7.21526	7.6689	-0.0680535	3
3321	6.37207	17.9963	0.193575	3
3322	5.38729	6.37771	-0.62713	3
3325	5.57147	12.353	-1.24852	3
3334	6.67879	1.56284	0.518783	3
3335	6.6101	1.98443	0.489033	3
3344	6.20904	19.9493	-0.26425	3
3345	6.88985	20.16	0.213898	3
3350	7.04598	12.2288	0.317073	3
3354	5.7252	4.05005	-0.515693	3
3372	5.42226	9.42892	0.707992	3
3379	5.06046	21.2897	-0.256657	3
3380	7.05558	4.3386	0.0618336	3
3405	5.54929	9.46813	0.275079	3
3432	5.20093	22.0095	-0.963157	3
3435	5.2906	16.9157	-0.435229	3
3437	7.09097	24.1454	0.721423	3
3452	6.50214	17.515	-0.544994	3
3453	5.89021	0.814964	0.84111	3
3456	5.78306	19.9068	0.523519	3
3457	5.89175	19.7181	0.281913	3
3472	6.37321	19.0053	-0.0981946	3
3474	6.40514	5.89662	-0.125092	3
3475	5.79182	5.21479	0.279023	3
3477	5.05604	8.54329	0.466136	3
3479	7.42097	10.2027	0.0916196	3
3487	5.75142	15.5129	-0.559218	3
3495	5.2335	20.8515	0.841217	3
3497	6.44111	9.43101	-0.293697	3
3500	5.09593	3.50098	-0.467532	3
3506	7.01385	23.3197	-0.250808	3
3535	5.04114	6.7633	0.381545	3
3557	5.18249	20.4583	-0.150656	3
3559	6.46149	11.978	-0.481048	3
3568	6.49656	19.0832	0.631391	3
3583	6.57295	9.83341	0.300882	3
3588	7.22373	22.4287	0.743657	3
3591	7.44613	6.3049	0.0773329	3
3592	7.24677	6.51609	0.146679	3
3593	5.51163	14.3598	0.113611	3
3594	5.76259	14.4	0.220187	3
3598	5.76713	22.2727	-0.143099	3
3635	6.1849	0.22268	-0.139407	3
3639	6.27788	15.6885	0.0354045	3
3642	6.66941	9.24111	-0.0435872	3
3656	5.58895	9.35765	0.100691	3
3666	6.62848	2.54968	-0.269095	3
3674	6.20042	8.43805	-0.367454	3
3684	6.31553	10.2808	-0.373189	3
3722	5.74421	9.9498	0.638371	3
3729	5.39818	15.9369	-0.152398	3
3738	6.84198	7.46889	-0.438341	3
3743	6.2844	23.1504	0.137279	3
3746	6.86703	1.25613	0.20816	3
3752	6.55087	22.654	0.0370696	3
3755	6.35042	4.12171	-0.0250267	3
3756	5.47803	19.7821	0.429481	3
3759	7.0721	13.5548	-0.0897604	3
3765	7.19953	16.5039	0.640458	3
3766	7.44264	16.8692	-0.0323388	3
3773	7.38588	22.2293	0.162423	3
3796	6.35684	18.32	0.864115	3
3802	6.27121	17.2853	-0.0156862	3
3804	7.25162	2.78942	0.339546	3
3831	5.91994	22.9399	-0.346828	3
3848	6.60829	0.798019	-0.0319794	3
3852	6.17275	8.34946	-1.05595	3
3857	6.71607	20.4214	-0.0849463	3
3861	5.88297	3.18689	0.207059	3
3862	5.23206	3.794	0.314692	3
3863	5.5611	3.70942	0.284361	3
3867	6.79023	14.7898	0.17038	3
3869	5.72083	3.38846	-0.0926276	3
3876	6.50475	7.05751	-0.698883	3
3887	6.97272	19.0626	0.040474	3
3910	6.20921	20.8646	-0.481482	3
3912	6.34866	1.31733	0.0858257	3
3918	7.26604	4.19449	0.80848	3
3919	7.4597	7.09997	-0.0400904	3
3931	6.77196	0.662451	0.0754524	3
3936	6.88381	3.93613	0.10635	3
3955	6.42812	20.5655	-0.269085	3
3958	5.34922	12.686	-0.324063	3
3963	5.38215	11.7262	0.301676	3
3964	6.56014	11.6817	0.453681	3
4001	6.41053	15.8533	-0.0391601	3
4009	5.43615	23.9738	0.0384205	3
4028	6.05706	7.69839	0.232861	3
4030	7.36758	15.0403	0.216006	3
4041	7.06753	7.06858	0.781919	3
4042	5.08286	10.7065	-0.245966	3
4043	5.23902	8.76839	0.566005	3
4044	7.01828	3.41768	-0.145535	3
4052	5.51539	2.79792	0.503729	3
17	7.78564	4.36524	0.752476	4
35	8.84545	10.4855	-0.375082	4
36	9.71017	22.9326	-0.154869	4
38	8.76586	5.34484	-0.426666	4
42	8.84122	7.37853	0.59607	4
54	8.42927	20.0426	0.0925474	4
56	8.75642	3.45838	0.181227	4
57	7.63292	11.5271	0.319613	4
58	8.11877	19.8094	0.00645814	4
66	7.53447	3.16851	-0.0629616	4
90	9.04172	4.13718	-0.634643	4
112	9.25649	15.7192	0.823972	4
146	7.98202	6.46504	0.021712	4
153	9.87138	6.1695	-0.122284	4
178	8.06266	16.7125	1.35726	4
182	8.54935	13.0394	-0.586197	4
185	7.93305	13.7327	-0.379079	4
197	7.72991	2.87994	0.370344	4
215	9.1977	9.12413	0.0378222	4
230	9.5214	23.0422	-0.285164	4
232	9.45923	16.1091	-0.368405	4
234	8.79434	17.7799	0.287664	4
239	7.6729	7.81626	-0.840818	4
248	8.42659	17.3146	0.288652	4
254	9.16362	16.8794	0.782858	4
261	8.54247	19.1719	-0.203482	4
263	9.41259	13.6085	-0.536993	4
277	9.02699	24.7052	0.389045	4
282	8.34556	0.738157	-0.625427	4
283	9.1955	8.74483	0.371381	4
284	8.99192	19.299	-0.293468	4
295	9.57936	22.4051	-0.0782877	4
296	8.49145	6.53994	0.172625	4
315	7.96712	24.4496	-0.213783	4
337	9.10304	12.9809	0.0212313	4
343	9.97383	15.32	1.15599	4
349	8.11485	1.1001	-0.406001	4
352	9.97122	19.0566	0.477188	4
353	9.63355	1.59771	-0.14696	4
355	8.96338	8.09128	0.112549	4
363	8.48283	5.69003	-0.0457507	4
370	8.59339	20.3703	0.110108	4
372	9.06278	24.2837	-0.0434447	4
392	8.40921	1.82898	0.337033	4
397	9.97097	24.8311	-0.0332108	4
406	9.28386	9.00826	-0.441036	4
420	8.69	19.0511	-0.0945308	4
438	7.81707	12.2169	-0.562054	4
440	7.77268	20.1213	0.104984	4
444	9.64604	12.7921	0.0988285	4
453	9.70542	16.5661	0.83471	4
474	7.57824	11.2273	0.502972	4
485	7.77204	4.11051	-0.133639	4
486	9.00877	13.3482	0.305311	4
499	8.43434	22.0108	-0.0840686	4
513	8.27966	22.2536	0.111301	4
527	8.31529	6.81661	0.301133	4
538	8.77536	9.53761	-0.353148	4
542	8.6328	14.2079	-0.0337014	4
565	8.76357	21.861	0.246331	4
567	7.94776	18.5546	-0.342344	4
575	9.18303	20.1207	-0.203254	4
578	8.43961	8.66816	0.442457	4
583	9.67136	6.20607	-0.0368329	4
589	8.17056	14.6941	0.723591	4
593	7.98988	21.8964	0.358758	4
624	9.22131	22.1034	-0.885327	4
641	7.60946	23.0893	-0.0472428	4
646	8.65524	8.11032	0.599542	4
657	9.34602	3.30587	-0.725933	4
659	9.53418	18.3317	0.208487	4
668	9.83612	16.6515	0.175429	4
675	9.59756	22.6476	0.255835	4
689	9.88134	5.93496	0.132024	4
690	8.82688	20.9644	0.0789268	4
692	9.56839	3.27839	0.142289	4
694	9.0295	15.1907	0.516058	4
701	9.02495	24.0969	0.3484	4
704	8.20659	20.8749	0.0568911	4
723	8.88249	8.09384	0.187247	4
727	9.09268	14.0838	0.479688	4
736	7.67358	5.78032	0.353139	4
739	7.60527	23.3675	-0.140343	4
743	9.91598	21.6567	0.149058	4
744	8.34954	8.88442	-0.651892	4
756	7.8875	1.21106	0.115416	4
765	8.27279	23.5679	-0.3077	4
767	8.5429	6.43857	0.283382	4
768	8.9368	14.8429	0.0527294	4
781	8.99197	14.4778	0.38368	4
784	9.00358	16.7204	0.322222	4
789	9.89283	18.43	-0.148426	4
822	8.91726	0.0113383	-0.404954	4
847	8.2493	21.8851	-0.38631	4
848	7.50172	22.2292	-0.20875	4
850	9.48102	1.87733	-0.467405	4
852	7.81931	15.5478	0.572768	4
857	9.98645	23.937	-0.69443	4
866	8.72275	21.1139	-0.166861	4
868	7.89022	22.1703	-0.826927	4
877	8.18771	24.7694	-0.0747568	4
894	7.67606	22.2275	-0.184301	4
914	8.70576	8.82469	1.66659	4
933	7.53459	7.55701	0.220987	4
934	9.39613	17.9868	0.000258638	4
937	8.14227	5.69946	-0.702392	4
940	8.18531	9.18753	0.173639	4
949	9.29902	4.09358	-0.159364	4
951	9.93295	19.5212	0.694495	4
955	9.09462	5.1042	-0.505527	4
965	8.32803	4.38274	-0.434588	4
980	8.92639	15.3499	0.512952	4
1008	9.01067	5.00586	-1.01937	4
1021	9.06886	23.8949	0.28323	4
1030	7.77098	11.4514	-0.781294	4
1043	9.61941	6.35046	-0.206853	4
1044	9.43319	24.4142	0.412324	4
1075	9.40835	16.4423	-0.55996	4
1081	8.62054	0.380899	-0.0906647	4
1086	9.82492	8.28564	-0.0748348	4
1091	8.86372	23.2907	0.225584	4
1096	9.05142	13.2216	0.887971	4
1108	7.87074	10.8278	0.501315	4
1111	8.98354	6.44427	-0.139435	4
1117	8.36473	2.86886	-0.472402	4
1118	9.80049	22.6374	-0.189587	4
1121	8.76238	23.2255	-0.399993	4
1135	9.0373	12.8317	-0.199166	4
1143	7.96792	3.18729	0.215062	4
1174	7.69132	10.3917	-0.0964815	4
1184	7.59656	2.46937	0.832264	4
1196	9.87826	7.73315	-0.432477	4
1197	9.70912	0.894241	-0.783663	4
1199	9.19752	12.3792	0.101041	4
1206	8.85788	16.2518	0.321286	4
1215	9.75728	12.487	-0.477422	4
1219	8.98105	3.55809	-1.20082	4
1239	9.81045	2.9975	-0.188193	4
1252	9.31861	6.08307	0.768358	4
1272	8.1985	12.3469	-0.511882	4
1287	9.11224	10.8279	-0.000818269	4
1292	8.2908	18.2667	0.151804	4
1309	8.92331	18.0721	0.0412575	4
1315	7.67131	10.2018	0.431556	4
1321	9.35127	17.1835	-0.174595	4
1336	9.94123	0.387894	-0.500194	4
1338	9.05524	22.6511	-0.372824	4
1354	8.68202	5.23637	-0.0316905	4
1358	8.76112	7.29498	0.347636	4
1376	9.36217	23.8341	0.363164	4
1377	9.25836	22.7612	0.382958	4
1381	8.20597	9.28276	0.0232802	4
1387	9.86793	11.4091	0.035347	4
1404	9.1096	13.0514	0.456762	4
1421	9.8776	20.3603	0.0622157	4
1422	8.38778	20.295	0.248693	4
1443	8.14066	10.498	-0.317972	4
1453	9.38121	24.9338	-0.433965	4
1459	7.66068	6.40701	0.539517	4
1463	7.95089	3.89233	-0.2826	4
1477	8.368	3.10003	-0.204314	4
1487	8.60103	21.9077	-0.362949	4
1492	9.98894	13.3445	1.2312	4
1497	7.77129	13.3429	0.018125	4
1507	9.16198	16.59	1.20984	4
1518	7.66576	18.3059	0.194096	4
1528	8.95029	10.0466	0.385416	4
1539	8.51278	11.3378	0.190853	4
1553	9.53547	13.5353	0.36327	4
1557	8.29226	8.58446	-0.0635353	4
1564	9.43821	15.7816	0.680915	4
1579	8.20958	16.4898	0.0814178	4
1596	8.57286	14.5145	0.148578	4
1603	9.22423	15.3732	-0.0762449	4
1611	7.54245	8.55453	0.704166	4
1616	9.12065	9.59255	-0.0106918	4
1629	7.9514	15.5547	0.401908	4
1648	8.42946	24.7508	0.113173	4
1675	7.67709	3.01118	0.1151	4
1680	7.82046	4.82117	0.165102	4
1687	7.93409	16.9556	0.307624	4
1706	8.56921	5.39215	0.331728	4
1722	8.62557	18.6348	0.711212	4
1732	9.70369	18.0914	-0.015531	4
1736	9.64034	19.6437	0.500583	4
1740	9.08999	4.91424	0.0989566	4
1741	8.17735	19.5271	0.592674	4
1754	9.76913	15.5455	0.528402	4
1765	8.20502	7.71441	0.688264	4
1768	8.23057	22.8099	0.0168025	4
1776	8.52871	12.4064	0.0590204	4
1827	9.15116	7.06053	-0.0316284	4
1834	8.34895	23.4599	0.018843	4
1835	8.26182	23.0051	-0.617519	4
1843	8.06406	24.225	0.165385	4
1849	7.67456	22.547	-0.0592862	4
1856	8.16555	24.3191	0.810311	4
1891	9.06502	4.83549	-0.275316	4
1899	9.38178	7.84075	-0.213481	4
1908	9.25835	0.698634	-1.30056	4
1931	8.67544	19.4771	0.378015	4
1940	7.61779	14.0446	-0.182983	4
1941	7.72195	21.4757	-0.572334	4
1943	9.3716	10.7468	0.400278	4
1944	8.63642	9.91474	-0.14288	4
1971	9.81855	8.83046	-0.0181671	4
1974	9.77358	16.5237	1.2442	4
1996	8.09645	7.80749	-0.499925	4
1997	8.43669	0.183544	-0.110329	4
2000	7.69041	15.1417	-0.564094	4
2003	8.98638	15.2175	0.10358	4
2015	8.55723	18.8358	0.166319	4
2030	7.51741	11.6633	-0.229816	4
2038	9.02429	11.5024	0.0770358	4
2053	9.27	0.198056	0.0750772	4
2057	9.47665	16.8087	0.171436	4
2064	8.87309	23.2698	-0.325519	4
2068	7.62504	4.26131	0.179164	4
2076	7.82076	21.4935	0.0556185	4
2079	9.2288	2.16201	-0.00884916	4
2089	7.68429	18.0571	-0.0316147	4
2090	8.25062	21.98	-0.215508	4
2092	7.82559	20.1028	0.058474	4
2105	8.37806	6.56388	0.392748	4
2116	9.43275	11.7677	-0.349053	4
2118	9.86408	3.47	-0.443656	4
2135	7.95948	4.98816	-0.412143	4
2171	9.31739	21.3379	-0.293592	4
2194	7.50901	20.9825	-0.356364	4
2201	8.76225	11.9051	0.876295	4
2210	9.06916	7.17001	0.378334	4
2212	9.68023	2.66606	-0.2368	4
2219	7.81396	19.1636	-0.350417	4
2220	9.90946	7.16513	0.193225	4
2227	7.66624	8.17803	-0.551375	4
2232	9.60856	10.3984	-0.00533722	4
2235	9.05824	24.1825	0.0924343	4
2241	9.56878	16.639	0.289189	4
2243	9.7945	19.4798	0.0618575	4
2249	9.7655	7.04622	0.245886	4
2258	9.86172	14.6074	0.0747744	4
2281	8.26003	1.21208	0.597989	4
2286	9.66783	13.558	0.25564	4
2307	9.77273	8.3186	-0.273516	4
2315	9.67565	9.27116	0.0675415	4
2324	9.45148	8.48003	0.225412	4
2338	9.23166	22.3566	0.141183	4
2339	9.51879	21.9915	0.702832	4
2345	9.6364	12.6644	0.295428	4
2351	9.64723	8.17088	-0.794434	4
2372	8.32387	12.2621	-0.0439887	4
2401	7.94243	20.1844	0.281829	4
2445	9.3877	7.00182	0.572312	4
2463	9.89684	19.1446	-0.0165148	4
2467	7.52424	9.66034	-0.715127	4
2470	7.94093	24.9242	0.335257	4
2481	7.61855	2.80149	0.0416083	4
2492	8.86704	5.68407	-0.121999	4
2498	9.33465	0.151321	-0.105506	4
2505	8.18166	7.63492	0.434124	4
2518	9.49488	10.7888	-0.730369	4
2539	9.00032	1.97624	-0.498123	4
2540	9.00579	17.8223	0.0371154	4
2544	9.9329	24.5271	0.485245	4
2549	8.80568	11.6017	0.664033	4
2572	8.17199	17.9273	-0.300244	4
2574	8.52925	13.0388	0.588562	4
2582	9.11021	22.1217	0.101029	4
2588	9.40199	9.20212	-0.0570897	4
2594	8.11923	2.00132	-0.509446	4
2595	7.54836	18.2222	0.42942	4
2636	9.08202	5.57596	-0.29511	4
2639	7.91247	0.906985	0.232643	4
2648	9.93414	18.1833	0.2946	4
2662	9.57416	4.50082	-0.101611	4
2696	8.26136	10.6671	0.507933	4
2713	8.41486	20.7643	0.13701	4
2724	7.62027	18.3132	0.473791	4
2730	8.55179	2.74819	-0.736017	4
2756	9.62781	18.1535	-0.328676	4
2757	8.03864	14.1371	0.235167	4
2785	7.65348	5.88737	0.355362	4
2786	7.89357	17.3502	-0.508819	4
2787	8.4067	5.17198	-0.157501	4
2819	8.1535	11.6298	-0.432515	4
2820	7.69696	18.3002	-0.223657	4
2828	9.25549	12.4204	0.563042	4
2836	8.35749	16.0625	-0.104832	4
2845	7.90481	23.2789	-0.510917	4
2847	9.76419	5.17002	-0.0827091	4
2850	7.96135	23.7438	0.521583	4
2852	8.2589	24.1574	0.247407	4
2857	8.90081	17.6545	0.22991	4
2861	9.43927	12.8109	0.631904	4
2872	9.19262	22.7274	0.535561	4
2882	7.54575	0.0603969	-0.15042	4
2885	9.54229	19.5551	-0.883634	4
2891	8.36479	13.8206	0.321983	4
2893	9.39983	9.33467	-0.768388	4
2900	7.78108	20.389	-0.550763	4
2903	9.32382	1.24519	0.0939237	4
2912	9.59432	1.07773	0.469524	4
2913	8.40981	16.4703	-0.220735	4
2915	8.86167	21.5995	0.512291	4
2928	8.47417	3.96727	-0.44692	4
2939	7.98288	19.8113	0.42194	4
2961	9.77411	13.267	-0.0743228	4
2969	8.75342	13.5536	0.268897	4
2971	9.19534	23.4167	-0.217389	4
2973	8.82984	5.94691	-0.677889	4
3000	8.5214	2.21908	-0.602338	4
3002	9.46387	16.8686	0.775915	4
3009	7.78779	24.962	-0.244399	4
3020	8.14013	18.689	0.169059	4
3021	9.08394	18.9049	0.275604	4
3037	8.59505	9.16122	0.354986	4
3038	8.91643	10.2144	-0.149507	4
3057	9.99299	11.0711	0.935655	4
3063	9.38648	21.7119	-0.190421	4
3065	8.51883	5.16426	0.148116	4
3072	8.89458	8.97881	0.144789	4
3073	8.58497	14.8669	0.784822	4
3091	7.89147	12.4343	0.250252	4
3094	8.15214	7.86572	-0.105693	4
3095	9.94326	6.43984	-0.00999215	4
3131	8.45376	12.4252	0.274377	4
3137	9.82554	15.8179	0.275065	4
3141	8.64929	18.627	-0.427605	4
3154	8.86222	6.9037	0.485172	4
3157	7.84162	22.3548	0.19832	4
3160	7.85136	21.8401	0.417179	4
3176	7.61422	1.78187	0.150016	4
3190	7.60172	14.4236	0.541893	4
3193	7.82342	8.08848	-0.315635	4
3215	9.81352	3.12789	0.433912	4
3240	9.79448	3.50344	-0.35339	4
3260	9.88306	4.85388	-0.157458	4
3316	8.38832	10.2099	-0.230709	4
3323	7.59445	6.24671	-0.318269	4
3326	9.57283	18.1628	0.0355382	4
3330	9.14945	18.3922	0.103509	4
3355	9.71545	0.1095	-0.182755	4
3356	9.71941	0.127882	-0.0197227	4
3360	9.22876	12.0176	0.0685152	4
3363	9.36873	4.80682	-0.0956694	4
3369	9.58941	8.63197	-0.176919	4
3382	8.93858	3.7467	-0.195908	4
3385	7.52376	0.0115369	-0.530477	4
3390	7.81576	0.403929	-0.60875	4
3392	9.1685	21.5517	-0.623132	4
3393	8.5099	4.1283	-0.799602	4
3417	8.95606	3.58748	-0.280496	4
3424	8.28594	6.22658	-0.039819	4
3439	9.37329	24.4325	0.686536	4
3455	8.7981	20.4278	0.184659	4
3463	8.12398	3.84085	-0.798776	4
3470	8.00323	24.9061	0.246921	4
3481	9.3479	24.3716	0.346413	4
3492	8.90958	21.8988	-0.15999	4
3510	7.82052	4.98801	-0.978194	4
3527	8.90345	2.05721	0.199001	4
3528	8.26352	15.3585	0.151252	4
3549	8.52397	5.40175	0.115351	4
3555	9.8709	18.6937	-0.0474014	4
3581	7.84621	21.8799	0.251267	4
3586	9.79265	15.8461	0.88243	4
3589	9.7017	8.20311	0.122516	4
3612	8.762	6.53653	0.00876377	4
3632	9.54192	16.1449	0.435095	4
3633	7.99508	7.64635	0.511532	4
3644	8.07291	0.62316	-1.28156	4
3672	9.82211	22.563	0.807782	4
3677	9.40275	16.7141	0.966873	4
3700	9.81093	8.48042	-0.0297147	4
3709	8.72584	9.27781	0.269687	4
3724	8.44203	8.21614	-0.261601	4
3727	8.13119	14.2693	-0.419275	4
3730	7.83992	23.0112	-0.502048	4
3740	8.08411	2.07419	-0.58697	4
3753	9.83789	20.0533	0.441646	4
3760	9.68823	7.40706	-0.335008	4
3786	8.43338	2.8537	-0.600053	4
3787	8.78374	3.43534	-0.281269	4
3789	8.92303	8.83518	0.10155	4
3810	8.70297	18.429	0.343939	4
3814	8.60213	9.9501	0.719363	4
3822	7.52689	14.3527	-0.162075	4
3830	9.28583	12.8456	0.169137	4
3832	9.9981	22.6015	-0.00913747	4
3846	8.40069	14.5234	0.429262	4
3847	7.93227	14.8512	-0.564443	4
3856	7.58308	23.2239	0.374154	4
3873	9.90577	11.6629	0.446099	4
3911	9.14354	13.1537	0.806888	4
3913	8.09925	1.23998	0.534305	4
3923	9.64677	7.54079	-0.610716	4
3924	8.73519	4.94559	0.484987	4
3925	8.36994	11.9294	-0.600609	4
3939	9.66856	5.03305	-0.0667418	4
3943	9.27164	20.5421	-0.0699562	4
3953	7.60931	1.7511	-0.613088	4
3960	9.88923	18.4735	0.366658	4
3992	7.53575	3.07092	0.0682335	4
3995	8.21779	14.1534	-0.08693	4
3996	7.98138	21.7104	-0.404413	4
4031	8.5304	10.1994	0.233136	4
4059	9.18319	23.6238	0.454928	4
12	11.2566	20.6598	-0.113036	5
14	12.17	24.5076	-0.990847	5
16	12.0879	16.1604	-0.360117	5
20	12.112	20.9914	0.42042	5
26	10.4259	8.71283	0.112639	5
44	10.7518	16.1809	0.380809	5
65	11.9125	18.8827	-0.693121	5
68	11.925	19.6971	0.16714	5
91	10.9414	21.0602	0.298842	5
96	10.1819	16.9812	0.393563	5
100	11.5916	9.91245	0.165087	5
105	12.4631	20.5856	0.645794	5
109	10.4583	13.8265	0.0674715	5
121	11.2672	21.7896	0.13721	5
125	10.4065	10.182	0.581643	5
129	12.2678	6.25375	-0.0494047	5
130	10.1693	22.8957	-0.426292	5
134	10.0614	5.84864	-0.124002	5
139	12.4665	8.51309	-0.675043	5
140	11.6804	7.07884	-0.315647	5
145	10.7387	4.79183	0.234059	5
147	11.9841	4.03548	0.506745	5
160	12.2764	12.0592	-0.82137	5
162	10.0796	18.6915	-0.279529	5
167	11.4076	18.9472	-1.33068	5
181	10.0951	5.07183	0.110598	5
201	11.3756	0.00925986	-0.15855	5
221	11.4939	21.8374	-0.659181	5
222	10.7906	7.21797	-0.241141	5
244	11.1251	24.4988	-0.311857	5
257	12.1602	16.7887	0.905541	5
287	10.3561	8.54664	0.695155	5
304	12.2757	19.7968	-0.0297829	5
310	10.6425	0.824326	0.374067	5
317	11.192	11.4276	0.173121	5
342	12.1758	12.8855	0.0210606	5
385	11.1464	13.2681	-0.407019	5
413	11.0875	15.0984	0.692315	5
427	11.9949	0.927206	0.381387	5
436	10.8102	4.57035	-0.244767	5
442	10.417	1.8713	-0.136177	5
462	11.033	9.47122	-0.620989	5
467	10.0003	15.1871	-0.386304	5
470	10.5726	7.43902	-0.0105654	5
473	10.008	3.93224	-0.0101853	5
489	10.011	8.31334	0.828141	5
498	12.3118	24.5416	-0.317118	5
501	10.0878	1.81417	0.394431	5
511	10.6499	3.94102	0.936455	5
524	11.4843	18.3421	-0.00294066	5
530	10.0427	17.3331	-0.312488	5
544	10.0105	10.2959	0.871378	5
566	10.1528	19.0188	-0.274821	5
568	10.3919	11.0987	-0.017026	5
588	10.4002	16.2215	0.565009	5
594	10.6837	12.7207	0.420942	5
596	10.4669	21.8578	-0.138534	5
597	11.3529	3.39739	-0.132516	5
600	11.1338	15.9039	-0.275819	5
632	10.785	23.5007	0.12476	5
634	12.21	17.3846	0.435959	5
637	11.1687	3.31915	0.0731385	5
658	11.7134	4.4786	0.422488	5
673	12.3181	18.3087	-0.267426	5
674	10.9599	20.9192	-0.00470155	5
683	10.6956	18.4557	0.600448	5
697	10.1232	8.55848	-0.0173728	5
703	11.7175	0.492331	0.390616	5
711	11.1071	5.83809	-0.217957	5
722	10.1148	8.29479	0.0698922	5
734	10.9336	19.1	0.546161	5
745	12.3241	16.2638	0.0779486	5
762	10.5228	21.9156	-0.272752	5
780	11.305	20.0306	0.72165	5
783	10.6938	6.80123	-0.206129	5
793	11.5807	22.4593	-0.0342252	5
815	12.2358	14.7695	-0.262783	5
839	10.3568	9.11012	0.174921	5
876	10.8734	23.7508	-0.220773	5
879	11.7564	12.9516	-1.00014	5
887	11.2545	2.38318	-0.153559	5
888	12.1321	3.23311	0.0529723	5
900	10.3156	19.6631	-0.349976	5
901	10.8401	10.0824	-0.0658991	5
902	10.375	22.4039	0.112971	5
907	11.4526	1.53817	-0.701904	5
908	11.9353	5.71062	0.186569	5
909	12.4426	8.24193	0.596546	5
913	10.3783	19.8763	-0.819503	5
921	10.2962	13.4555	0.121954	5
922	10.8022	20.1964	0.575087	5
931	12.1643	15.3636	-0.182045	5
954	12.0243	24.3327	-0.363589	5
969	11.1312	10.2738	0.12988	5
975	11.4531	6.38495	0.0438433	5
986	11.19	1.29517	0.059881	5
1003	11.76	16.0172	-0.544387	5
1004	12.0366	19.8844	0.438779	5
1005	11.7935	14.0471	0.636325	5
1006	11.874	14.7492	-0.313896	5
1014	11.437	2.02925	-0.262863	5
1015	12.3539	16.7449	0.251533	5
1025	10.1194	17.0401	-0.124069	5
1028	10.057	12.1671	0.327978	5
1034	11.8181	3.78112	0.0532129	5
1058	11.9793	13.3614	0.765311	5
1059	11.9463	18.9744	0.36827	5
1061	10.2662	20.7167	0.353924	5
1065	11.2963	19.6691	-0.230891	5
1066	10.9954	3.20007	0.304403	5
1073	10.5742	19.2841	0.124011	5
1076	12.3513	16.3435	-0.910548	5
1084	10.0317	1.72373	-0.767656	5
1097	10.3353	23.2026	-0.0158204	5
1098	10.7016	8.05773	-0.582693	5
1099	12.3595	16.1086	-0.332741	5
1104	11.5904	15.7851	0.867026	5
1105	11.2661	0.170309	0.0353137	5
1128	11.054	13.3411	0.830018	5
1140	10.8184	14.1997	0.614669	5
1170	11.1005	9.11256	-0.826815	5
1176	11.708	23.7842	0.765743	5
1177	11.6197	24.1735	0.534922	5
1179	11.6829	10.5658	-0.385573	5
1180	11.8048	14.2544	-0.49892	5
1209	10.1465	3.96022	-0.547226	5
1217	12.2549	22.2464	-0.150671	5
1225	11.613	9.21515	-0.127508	5
1232	10.6436	21.6799	-0.439112	5
1234	11.531	19.8678	0.632572	5
1236	11.1552	18.7995	0.278267	5
1247	11.5791	14.7558	0.81227	5
1253	11.9187	15.1125	-0.211462	5
1255	11.935	10.9983	-0.0806501	5
1294	10.3046	24.2306	0.284857	5
1300	11.6821	10.1279	-0.913736	5
1307	11.6369	23.0443	-1.35586	5
1310	11.264	24.7213	0.0700958	5
1332	11.026	10.9732	0.000989711	5
1334	11.1107	22.7925	-0.374331	5
1337	10.8278	11.0822	-0.568525	5
1357	11.9306	1.5751	0.283565	5
1363	11.8597	5.20179	-0.00733022	5
1374	10.0602	0.860463	0.122703	5
1397	10.6055	15.2569	0.215531	5
1400	12.3477	20.4801	0.29108	5
1436	11.6557	12.0863	-0.0676727	5
1441	11.5724	7.56241	0.318046	5
1442	11.8972	8.95344	0.321011	5
1445	11.7261	7.51461	0.149256	5
1450	11.7647	3.09058	0.217102	5
1475	10.67	16.5495	0.387536	5
1480	10.6918	5.84347	0.567608	5
1485	11.4264	2.26193	-0.619418	5
1495	11.9159	22.1983	0.65197	5
1535	12.3931	16.0307	-0.517927	5
1538	11.913	8.61951	-0.553901	5
1540	10.0162	4.77113	-0.40973	5
1543	12.3048	15.9297	0.330811	5
1545	10.5867	6.12384	0.185424	5
1546	11.2261	6.42171	-0.445057	5
1568	12.1425	20.522	0.150876	5
1571	10.1768	23.0203	0.685826	5
1598	11.0397	12.6695	0.358695	5
1601	10.8531	2.5276	0.204133	5
1627	10.9472	5.75744	0.627885	5
1636	10.7623	3.50084	-0.120575	5
1640	11.4228	1.59022	-0.0939112	5
1646	12.0919	22.4541	0.468272	5
1660	12.2667	20.3398	0.272763	5
1661	11.4101	14.4733	0.364709	5
1662	10.9291	17.4127	-0.463756	5
1663	10.9819	3.9855	0.530803	5
1681	11.6352	22.7579	-0.135164	5
1683	12.141	13.5834	0.0887705	5
1688	11.2291	22.076	-0.558819	5
1703	12.4562	6.69713	0.0925978	5
1705	10.4845	5.96077	-1.05973	5
1717	11.2018	16.5388	0.318298	5
1721	11.6743	16.2409	-0.441748	5
1723	10.0028	3.36602	-0.290582	5
1726	11.9582	0.188756	-0.428229	5
1730	11.014	6.47731	0.144637	5
1738	12.3284	4.35184	-0.0792551	5
1751	12.4019	2.50817	0.391579	5
1757	12.0461	19.1178	-0.547094	5
1758	11.175	17.2766	-0.161087	5
1761	10.3477	4.79529	1.24747	5
1788	10.8212	3.05641	0.0226765	5
1795	10.1393	0.147286	-0.67849	5
1798	11.4893	3.44419	-0.112527	5
1800	10.4902	15.9979	-0.187176	5
1805	11.6585	3.91813	-0.688499	5
1806	11.1258	22.539	0.0773037	5
1807	11.7143	13.0942	-0.41663	5
1808	11.7648	13.4651	0.299029	5
1825	10.0062	4.41994	0.0698288	5
1831	11.2624	2.74553	-0.680636	5
1838	11.1726	14.8898	-0.349479	5
1839	10.1727	13.2758	-0.531656	5
1841	11.534	7.33498	-0.50594	5
1844	11.2074	1.68096	0.159354	5
1882	11.9674	7.89853	0.420209	5
1890	11.2234	5.45816	0.391827	5
1893	10.5212	17.3557	-0.397189	5
1895	12.2547	0.456352	0.19405	5
1910	10.3151	8.77163	0.450651	5
1911	10.4614	7.94031	-0.126623	5
1919	10.9993	20.987	0.295318	5
1945	10.2817	9.51219	0.395905	5
1950	11.3398	21.9585	0.303515	5
1953	11.4894	22.5439	0.660934	5
1964	12.3324	3.54349	-0.212947	5
1969	12.373	1.55987	-0.122568	5
1970	10.8999	8.78511	0.0288039	5
1975	11.0661	18.7938	-0.400038	5
1976	11.4124	19.0996	-0.346686	5
1989	11.6645	10.7819	0.14072	5
2001	11.9748	8.45028	0.770861	5
2006	10.3619	4.73643	-0.0691489	5
2026	10.8336	2.88453	0.0101988	5
2043	11.8272	24.6558	-0.314266	5
2058	10.7317	23.019	0.198619	5
2065	10.4443	22.9746	0.231996	5
2078	11.5235	12.2185	-0.154923	5
2103	11.4403	16.1249	-0.478672	5
2104	12.1506	16.137	-0.79038	5
2106	10.8965	11.8183	-0.0415182	5
2112	10.4846	1.1493	0.165962	5
2119	11.9982	6.72663	0.670442	5
2129	10.0068	9.82854	-0.155758	5
2136	10.3508	6.68722	0.419181	5
2137	12.2978	20.9946	0.739119	5
2138	11.6464	22.0	0.696023	5
2185	10.9253	13.9161	0.499808	5
2217	10.5233	18.6307	-0.161205	5
2225	12.3123	24.1172	0.0816383	5
2230	10.4513	18.8693	0.427468	5
2246	12.2775	16.0073	-0.0132273	5
2250	11.0398	6.42605	-0.315145	5
2252	12.4584	16.7743	0.346584	5
2254	11.403	16.3655	1.34674	5
2260	10.4987	3.13092	-0.123771	5
2261	10.299	3.08182	0.632481	5
2262	10.3438	2.18826	0.164127	5
2263	10.9097	1.46917	-0.473495	5
2266	11.4148	1.40815	-0.379816	5
2277	12.4109	10.4389	-0.0921942	5
2283	12.2405	20.405	0.242938	5
2299	11.6117	0.715587	0.249067	5
2314	10.1827	5.24711	-0.174953	5
2332	11.927	20.8532	0.340042	5
2333	10.5579	21.5887	0.224257	5
2340	11.4838	1.91314	-0.186073	5
2341	11.7354	2.73811	-0.0640213	5
2349	10.0026	7.56843	0.27846	5
2355	12.0252	6.85452	0.196294	5
2364	10.9036	2.52549	-0.39188	5
2369	11.3781	0.0852905	0.00679798	5
2375	10.8507	17.389	0.00486392	5
2377	11.3887	23.0291	-0.66885	5
2381	11.3681	1.36629	-0.17493	5
2387	11.9436	18.8761	0.148223	5
2388	11.8121	18.824	-0.0829814	5
2399	11.4993	11.5987	-0.234081	5
2416	11.0902	9.00684	0.582995	5
2434	11.7485	9.61689	0.282188	5
2435	12.0865	10.8099	-0.401607	5
2448	10.4916	23.6459	-0.0133989	5
2452	10.9255	14.9327	0.174993	5
2460	10.5696	11.2319	0.0234036	5
2465	11.8506	21.2822	0.297551	5
2490	11.4232	1.95359	0.362518	5
2512	12.4506	1.16791	-0.473947	5
2517	10.1236	7.39719	0.0633132	5
2519	10.6509	10.956	-0.245575	5
2524	11.1106	5.94073	0.434793	5
2532	10.1487	23.8878	0.200716	5
2533	10.6595	23.3404	0.488746	5
2536	12.0932	15.1587	-0.30428	5
2547	11.24	18.7336	0.262064	5
2562	10.0684	1.3895	-0.336214	5
2576	10.9119	5.5199	-0.432196	5
2605	11.3803	8.03554	-0.00304541	5
2613	12.1828	14.4976	0.452536	5
2634	10.1293	15.288	-0.0844623	5
2642	10.7254	0.163988	0.1935	5
2646	10.4189	0.446189	-0.112575	5
2649	10.1917	6.27342	-0.0699471	5
2651	10.8749	3.65001	-0.432527	5
2652	11.7233	15.6974	-0.590569	5
2653	10.7609	24.1366	-0.199646	5
2669	10.9309	3.82055	0.0624205	5
2674	12.3541	2.65065	0.0115827	5
2675	12.1644	14.7685	1.38927	5
2676	10.4611	4.38592	0.275438	5
2720	11.6509	7.83927	1.3533	5
2723	11.0263	21.8305	0.476649	5
2733	10.6693	0.669203	-0.531833	5
2753	12.2819	6.38576	-0.235834	5
2775	11.0488	24.0984	-0.433406	5
2798	10.9915	24.8955	-0.593899	5
2806	11.3716	2.22055	-0.265405	5
2807	11.4141	19.4019	-0.231914	5
2813	10.6164	17.7411	0.205872	5
2829	11.0917	19.8255	0.920975	5
2833	12.151	21.9261	0.803286	5
2862	11.6718	23.0935	0.0982318	5
2871	12.1233	4.49869	-0.181929	5
2883	10.3652	16.6149	0.0888764	5
2899	10.659	6.17183	-0.164927	5
2901	12.3484	6.80582	0.162987	5
2904	11.5543	2.11788	0.0214495	5
2934	12.0983	13.1998	0.393363	5
2938	11.2497	13.3067	-0.303463	5
2968	12.3134	20.0436	0.12807	5
2975	12.2148	14.2591	-0.551552	5
2976	12.1542	24.7743	0.474367	5
2979	10.2381	11.2622	0.577054	5
2989	10.227	22.7025	0.193457	5
3001	10.6224	3.09532	-0.304642	5
3004	10.8937	21.3925	-0.607189	5
3005	11.1595	22.3388	-0.0959772	5
3015	10.9689	14.8563	-0.145716	5
3017	10.785	10.8349	-0.166153	5
3047	12.4753	22.0705	-0.58436	5
3069	11.5476	6.27055	0.199855	5
3070	10.5236	6.41725	0.4109	5
3080	12.3994	8.03433	0.0489783	5
3085	12.375	8.57905	0.768027	5
3092	10.6713	5.92481	-0.511047	5
3121	11.1514	11.0249	-0.123418	5
3133	11.6155	12.6849	-0.0205028	5
3145	10.6146	23.0458	0.0782257	5
3169	10.6208	18.1394	-0.025733	5
3188	10.7148	12.4408	0.0573832	5
3189	11.0987	19.5253	-0.0740242	5
3192	10.0219	22.7526	0.410283	5
3207	11.735	14.6123	-0.130667	5
3224	11.2116	6.7086	-0.00917252	5
3233	10.4207	15.6028	0.243356	5
3256	10.1009	19.297	0.00114775	5
3259	12.0227	1.68939	-0.0376538	5
3267	10.4241	11.9502	-0.370144	5
3272	11.046	23.6201	0.172702	5
3277	10.0223	14.059	0.402539	5
3287	11.0467	19.3661	-0.0107807	5
3293	12.498	2.15855	-0.158544	5
3304	10.1104	15.9621	0.103313	5
3314	10.4364	4.66962	-0.58151	5
3324	11.5076	6.96728	0.498819	5
3329	10.1442	21.883	0.851995	5
3336	11.4314	6.31107	0.288044	5
3340	11.299	11.0393	-0.315609	5
3341	11.2488	10.9011	-0.235232	5
3376	11.4677	9.28735	-0.0050443	5
3396	11.6936	24.8885	0.112693	5
3447	11.7187	21.8541	0.0279977	5
3450	11.277	9.35055	-0.217234	5
3478	11.767	7.51604	-0.0234819	5
3482	10.5743	5.47343	0.313116	5
3501	11.9734	10.6258	-0.0935145	5
3537	12.4431	19.6163	-0.0139534	5
3547	10.6989	6.29964	-0.080739	5
3548	11.4223	6.88743	0.271845	5
3575	10.9247	21.9781	0.868384	5
3587	11.1377	19.7617	0.118766	5
3604	11.1892	18.0611	-0.615407	5
3615	12.4158	22.5971	0.305329	5
3617	11.8839	18.8612	-0.164413	5
3618	12.078	18.5251	-0.302672	5
3620	11.5819	4.49859	-0.375853	5
3655	12.3228	17.2124	0.727913	5
3668	10.6546	23.5718	0.731417	5
3682	10.5099	0.574213	-0.640856	5
3683	11.5421	22.4713	-0.361829	5
3686	12.3331	5.81721	-0.309975	5
3706	11.6811	0.502933	0.149385	5
3715	11.0913	20.7984	0.458094	5
3716	11.673	20.4055	-0.0236634	5
3728	10.573	9.14665	0.374398	5
3731	11.7481	0.642713	-0.303372	5
3732	12.118	12.8238	-0.972287	5
3745	11.7895	14.8018	0.694907	5
3748	10.0522	19.3814	0.475401	5
3751	11.7879	19.1874	-0.491119	5
3771	11.1211	15.556	0.344798	5
3784	11.8697	16.3369	-0.147369	5
3818	12.4099	7.29123	-0.0707661	5
3860	10.8555	13.4337	-0.400309	5
3872	10.0696	16.4358	0.384343	5
3878	12.3035	5.23302	-0.19497	5
3906	11.6155	15.5796	0.541617	5
3907	11.5045	15.6943	-0.293034	5
3908	11.2448	15.588	0.364163	5
3938	10.8608	13.0282	0.376406	5
3952	12.4734	10.8804	-0.292993	5
3966	10.495	11.3101	0.635506	5
3991	12.2191	22.0333	-0.0347296	5
4011	11.8509	2.30028	-0.831961	5
4016	11.713	6.56012	0.278684	5
4058	10.2843	14.3031	-0.0416896	5
4062	10.7201	3.10776	-0.880223	5
1	14.5567	2.72415	-0.184121	6
4	13.8648	10.538	-0.405785	6
13	14.1586	7.21096	0.231064	6
22	14.388	6.8948	0.855109	6
23	13.6624	14.6794	0.084499	6
30	14.474	7.95515	-0.316921	6
31	14.4484	21.1186	-0.498517	6
32	13.8089	23.8461	0.47479	6
48	14.6287	14.3506	-0.883894	6
60	12.8009	0.139346	-0.531232	6
70	14.3107	23.4048	-0.0747722	6
76	14.17	1.28135	0.530342	6
86	14.5053	24.2808	-0.181639	6
89	14.5991	3.52282	-0.56944	6
104	13.3193	4.37341	-0.746023	6
119	13.9708	16.3236	-0.282485	6
126	14.608	21.6409	0.403	6
132	12.739	22.882	0.738367	6
156	13.3915	21.6685	0.355453	6
163	14.4687	5.65553	-0.610709	6
183	13.8803	24.5289	0.080832	6
184	14.4193	5.40882	-0.606332	6
191	14.8943	16.2019	0.432709	6
195	14.4585	0.717851	0.496144	6
202	13.8759	20.7349	0.363644	6
241	14.2364	21.0877	0.302703	6
242	12.8203	11.3586	0.012254	6
252	13.7402	3.05574	-0.458984	6
265	14.1687	5.23908	0.683671	6
266	13.906	0.49706	0.336082	6
267	13.1406	5.5967	0.312584	6
268	13.5215	6.07102	-1.36078	6
279	13.1592	24.445	-0.0752536	6
289	13.0046	11.8151	-0.206294	6
297	14.9042	18.6329	0.422472	6
301	14.0367	15.9895	-0.129895	6
328	14.7324	2.91874	0.420204	6
334	13.5186	4.94101	0.135277	6
347	13.8418	18.4872	0.556447	6
358	13.3061	8.15698	0.196603	6
369	14.5613	11.765	0.125636	6
387	14.8559	12.7949	-0.723174	6
391	13.7157	18.984	-0.796734	6
394	14.7873	23.2609	0.560071	6
395	12.8106	8.10806	-0.0242892	6
396	14.3654	6.40276	-0.356922	6
411	14.5092	1.26593	-0.35189	6
423	12.5993	14.4314	-0.212404	6
425	13.3474	13.6675	0.804446	6
434	14.2017	20.6623	0.173238	6
441	12.9346	14.4644	-0.0448731	6
445	13.0272	20.2307	-0.0482566	6
459	13.5625	7.11369	0.346441	6
477	13.0783	6.19606	0.611841	6
504	13.2739	8.83969	-0.153213	6
528	13.7681	6.69108	0.281905	6
535	13.5199	12.9687	-0.232714	6
536	14.6107	22.2881	-0.697296	6
554	12.8894	15.7135	-0.565665	6
556	12.7557	19.6759	0.179755	6
557	14.4546	22.5393	-0.16207	6
558	14.1199	7.3139	-0.299775	6
573	13.0255	21.8537	0.420165	6
579	12.5181	23.1848	-0.383378	6
580	12.6196	0.888062	-0.239207	6
586	12.8172	6.00288	0.642956	6
591	12.9303	4.69332	0.190629	6
595	14.0645	22.6951	-0.356182	6
607	14.3549	17.3228	-0.460057	6
621	13.0216	3.9083	0.335486	6
622	14.8911	6.99993	0.241137	6
628	13.8779	23.9577	-0.130659	6
633	13.7208	23.7878	-0.583523	6
649	12.7062	2.22786	-0.088319	6
660	14.843	24.1795	0.161681	6
667	14.1252	20.7979	0.369732	6
710	13.2493	24.1215	-1.04533	6
724	14.7473	7.33826	0.140486	6
729	14.0407	13.6837	0.361614	6
753	14.8035	11.2022	0.0151892	6
761	13.5374	10.5467	-0.405077	6
776	13.1144	7.84561	-0.0729516	6
782	13.0786	2.68961	0.489795	6
788	14.9297	24.1686	-0.0541536	6
790	13.59	22.6077	-0.444046	6
797	14.8358	20.3636	0.120541	6
800	13.1234	10.2881	-0.0387869	6
812	14.8092	9.03908	-0.270206	6
821	12.8227	8.84455	-0.384843	6
830	12.5836	9.16713	0.284145	6
844	13.9656	9.75395	-0.217488	6
846	12.8749	3.30937	-0.0108879	6
849	13.3163	5.85981	-0.252937	6
858	12.6342	15.5491	0.0871881	6
859	13.7964	23.5122	-0.507178	6
863	14.5804	20.0454	0.429375	6
873	14.996	16.6562	-0.0237508	6
881	13.3077	11.4041	-0.462482	6
883	13.8799	12.9603	0.215073	6
891	14.6621	1.25786	0.0720774	6
893	14.4436	12.9206	0.176675	6
903	14.832	14.8091	0.610426	6
938	12.9563	15.292	-0.821432	6
942	14.637	24.9417	-0.0305422	6
977	13.4891	16.9027	0.0563052	6
991	12.7702	20.5628	0.231838	6
996	14.3879	16.9811	0.86026	6
1026	14.149	4.45188	0.033405	6
1033	13.9368	23.3569	0.435773	6
1035	14.1687	12.7086	-0.721825	6
1047	13.3427	17.4931	-0.016466	6
1048	13.6767	17.2408	0.607049	6
1055	13.2446	6.66204	0.500547	6
1060	14.3008	13.8353	-0.169102	6
1063	13.4819	15.4883	0.117786	6
1069	14.9254	12.0252	0.217557	6
1088	13.5957	22.8434	-0.646911	6
1092	14.9507	17.2586	0.0323354	6
1102	13.5853	4.0055	0.13952	6
1144	14.2578	12.7965	-0.480724	6
1148	14.6347	22.0199	0.358066	6
1152	13.164	6.80583	-0.183773	6
1156	12.7906	6.37221	-0.621507	6
1160	13.3579	17.6224	-0.0739134	6
1172	13.5585	0.891397	-0.382385	6
1189	13.8953	24.5373	-0.49267	6
1194	14.5998	16.6365	-0.338366	6
1204	13.6519	4.15402	0.00745238	6
1205	14.1085	12.7611	-0.31794	6
1220	13.0079	21.5735	0.601149	6
1240	12.8711	11.5948	-0.16115	6
1242	14.7469	7.66337	0.159131	6
1243	12.8687	0.644989	-0.140838	6
1260	14.4643	8.0329	-0.0846889	6
1274	13.0236	4.6419	0.132188	6
1281	12.862	12.3659	0.990796	6
1291	12.9631	7.00357	-0.353737	6
1303	14.0576	11.292	-0.896787	6
1314	13.3964	2.27449	-0.0180322	6
1324	14.4064	7.28534	-0.0772796	6
1333	12.5191	13.0821	0.0791858	6
1344	14.5512	7.84587	-0.0298783	6
1353	13.1571	18.2706	-0.120224	6
1361	14.2146	2.30203	-0.616997	6
1364	12.5062	21.8361	0.00392843	6
1365	14.0613	22.04	0.116321	6
1380	13.8977	11.1696	-0.485597	6
1386	13.5186	6.43205	0.260684	6
1391	14.7218	20.3079	0.676586	6
1399	12.8623	13.1967	-0.304326	6
1411	14.1147	9.71531	-0.053022	6
1431	13.5904	0.0340224	0.0471984	6
1449	14.0129	3.13641	-0.720361	6
1457	14.0936	2.03392	0.297529	6
1460	13.5505	8.40021	-0.296106	6
1462	14.1277	1.47476	-0.142644	6
1464	14.7689	13.2669	-0.600937	6
1472	13.3671	22.2537	-0.365577	6
1474	12.6075	16.6707	-0.381902	6
1482	12.8474	17.5219	0.18052	6
1498	14.6462	4.53927	-0.43747	6
1501	13.4782	9.62251	-0.505756	6
1556	14.831	6.08959	-0.422395	6
1559	13.3513	20.1272	0.994478	6
1572	13.7033	5.10223	-0.4582	6
1585	13.68	19.763	0.390822	6
1591	12.9283	1.54421	-0.120822	6
1594	13.6267	9.13263	0.0188725	6
1600	12.9839	11.0853	-0.898768	6
1607	14.4636	14.9135	-0.116697	6
1624	13.1677	13.6149	-0.14619	6
1626	13.216	2.28123	0.0134081	6
1654	13.3262	13.8632	0.349227	6
1667	13.902	12.7601	-0.153726	6
1673	14.6232	7.76639	-0.395383	6
1677	13.5619	22.177	-0.222813	6
1700	12.8147	9.03966	-0.00908622	6
1750	12.7727	22.0614	-0.0688011	6
1760	14.6295	17.0193	-0.127509	6
1778	14.7657	13.36	-0.0421733	6
1790	13.6368	16.7749	0.548688	6
1794	12.5733	1.5868	0.0754723	6
1797	14.8478	13.7499	0.238717	6
1810	12.8863	16.0487	0.310683	6
1812	14.1203	20.9739	0.0221609	6
1823	13.4967	15.9593	0.00473287	6
1832	14.8586	22.2453	-0.0592377	6
1840	13.145	13.8013	0.5916	6
1842	14.7793	4.1265	0.0487044	6
1854	13.5234	15.4165	0.105257	6
1863	12.6506	8.97636	0.24948	6
1864	12.9614	10.0213	0.421386	6
1874	13.7037	12.3043	0.0680773	6
1876	13.7288	16.0728	-0.41065	6
1881	12.5571	23.2523	-0.236002	6
1894	13.8989	24.1837	0.135609	6
1902	12.7676	17.3128	-0.52413	6
1907	13.7068	19.6374	0.337656	6
1914	12.9803	11.2864	-0.22275	6
1936	13.6158	6.12517	0.800443	6
1942	14.8241	11.0774	-0.154616	6
1957	14.6501	18.1381	0.290956	6
1962	13.9339	9.41057	-1.00581	6
1965	13.3456	2.01254	0.177016	6
1979	14.0751	9.85398	0.516762	6
1981	13.8439	23.1117	-0.00969946	6
1985	14.6966	7.09589	-0.90533	6
1986	13.1258	23.7041	-0.193148	6
1995	13.8065	16.5603	-0.50132	6
2011	14.7403	10.3142	-0.442421	6
2036	13.083	22.472	0.291594	6
2049	12.8013	2.65232	0.294773	6
2050	14.2494	22.8946	0.635673	6
2055	14.0315	5.18571	-0.564305	6
2101	12.5842	6.1046	0.448309	6
2110	14.4775	18.881	0.233474	6
2120	14.2732	22.4907	-0.439547	6
2122	13.811	23.2143	0.335651	6
2123	14.066	12.3041	-0.0261807	6
2133	14.6268	15.1837	-0.290391	6
2140	14.7676	6.60602	-0.225565	6
2141	12.6977	6.96951	-0.244506	6
2145	14.4379	19.4402	0.609574	6
2152	13.527	8.6383	-0.0155063	6
2162	13.603	1.12819	-0.649011	6
2163	14.605	2.18894	0.238343	6
2168	13.2742	5.47894	0.0639358	6
2175	14.952	20.6855	0.236654	6
2181	13.8761	20.401	0.0987733	6
2186	12.8293	12.4385	-0.140622	6
2189	14.5074	16.1877	0.316191	6
2209	13.4212	24.9051	-0.720158	6
2216	14.1911	9.00869	0.146662	6
2240	13.8431	17.949	0.619981	6
2247	12.9242	15.5251	0.176922	6
2267	12.6177	5.95617	0.383122	6
2271	14.9498	8.0063	-0.0308772	6
2276	13.8839	19.4366	0.218443	6
2278	14.2359	3.81708	0.817526	6
2294	14.6859	23.9805	0.375688	6
2306	13.1995	12.128	-0.742394	6
2311	14.0606	18.7555	0.034927	6
2312	14.5207	18.768	0.391287	6
2319	13.5326	1.47321	0.480889	6
2321	13.7138	2.54847	0.411373	6
2323	14.0977	21.7796	-0.588175	6
2326	14.7895	18.7233	0.182808	6
2330	14.0419	7.45704	-0.503421	6
2360	14.1079	16.8361	-0.532368	6
2368	13.6792	13.717	-0.226229	6
2382	13.3161	20.9247	0.637077	6
2396	13.3919	12.7818	-0.103731	6
2397	14.1741	14.4046	-0.206051	6
2411	12.63	14.5983	-0.61397	6
2415	12.7286	7.70995	-0.0320342	6
2418	14.8161	4.08294	-1.32741	6
2421	13.2017	19.1694	-0.133694	6
2436	13.2211	9.49518	0.795797	6
2440	12.949	14.8566	0.272477	6
2456	14.8031	11.0453	-0.406292	6
2462	12.6767	16.7837	0.61145	6
2474	14.5138	15.3646	0.199998	6
2486	12.5945	12.1039	0.324332	6
2487	12.6411	12.6615	-0.381918	6
2496	13.8253	16.1442	-0.772358	6
2501	14.0813	12.627	0.528428	6
2502	12.6604	13.3872	-0.112497	6
2525	14.0366	12.2644	-0.26069	6
2528	13.4628	5.42694	-0.252948	6
2531	14.8266	3.47633	-0.455636	6
2548	13.7032	5.69113	0.578918	6
2550	13.1077	23.8298	-0.0392263	6
2551	13.7526	24.1708	0.156637	6
2558	13.8874	9.41756	0.140294	6
2564	13.1676	19.9709	-0.836954	6
2579	13.9827	18.8598	0.0556665	6
2580	14.4514	5.48413	0.173327	6
2599	14.8252	5.63372	-0.50872	6
2608	12.5721	16.9652	-0.738123	6
2615	14.4713	24.6937	-0.505531	6
2623	13.1086	9.48517	0.400958	6
2624	13.8504	17.6596	0.76923	6
2631	14.2611	4.80357	-0.663378	6
2632	12.7358	0.581789	-0.244789	6
2645	14.1485	5.99873	0.385848	6
2658	12.88	20.1251	0.267271	6
2684	14.2256	14.8947	0.254779	6
2686	14.0051	1.14253	-0.223464	6
2697	13.5165	20.4033	-0.52537	6
2698	13.3346	20.5032	0.0841621	6
2699	12.8757	2.26141	-0.0976521	6
2701	14.3622	16.0106	0.828952	6
2706	12.5601	10.2178	0.42869	6
2715	13.6251	3.11186	-0.23474	6
2721	14.61	15.8397	0.158845	6
2727	13.5421	21.1106	-0.202006	6
2751	13.8804	21.7302	0.165884	6
2770	13.0297	13.052	0.43671	6
2788	13.8476	2.23512	0.549284	6
2789	13.0609	3.0941	-0.382516	6
2793	12.628	1.22231	1.00579	6
2797	12.5699	9.72172	0.306488	6
2800	14.7783	17.1571	0.552812	6
2831	13.6856	8.40588	0.511168	6
2834	13.297	6.31257	0.746567	6
2838	14.9116	2.94789	0.0698119	6
2854	13.2586	20.0584	-0.1549	6
2856	13.0761	0.592495	0.513004	6
2863	14.5103	3.42288	0.635843	6
2881	13.356	15.6563	0.242498	6
2887	14.3491	11.4469	-0.592261	6
2897	13.0828	20.4997	0.403293	6
2907	12.8565	23.2596	0.755037	6
2917	13.0945	18.2926	-0.0762031	6
2925	13.6733	6.45722	-0.62054	6
2926	13.8362	24.3408	-0.698594	6
2927	12.7315	22.7986	-0.544783	6
2929	12.573	6.39039	-0.259346	6
2941	12.7476	5.82967	-1.19496	6
2942	13.1456	4.88408	-0.469787	6
2950	12.7628	20.1245	0.333268	6
2955	13.4686	23.6049	-0.397477	6
2956	13.4545	1.31289	-0.0284751	6
2980	14.6086	10.9524	-0.322336	6
2983	14.4472	3.21835	0.840139	6
2986	12.5161	16.8018	-0.841528	6
2990	14.2447	12.7825	-0.00916178	6
3006	13.4326	9.06454	0.494899	6
3010	14.9976	23.7276	-0.190522	6
3014	14.1768	10.923	-0.701475	6
3022	13.809	17.9773	-0.307511	6
3023	14.0772	5.99019	-0.101418	6
3026	14.4173	19.1231	0.542268	6
3044	13.1352	14.1404	-0.229137	6
3045	14.1989	14.8613	0.367473	6
3046	13.1143	23.1032	-0.354053	6
3048	13.3219	22.525	-0.231006	6
3049	13.4822	8.3147	0.46974	6
3050	14.7341	7.76678	0.329358	6
3053	13.0189	14.0564	-0.84235	6
3055	14.3547	21.5384	0.229384	6
3058	13.1028	21.1856	0.472386	6
3062	13.6046	1.89162	-0.0224912	6
3074	14.3678	14.4648	0.228502	6
3082	12.8646	23.2547	-0.756474	6
3083	12.9895	24.0558	0.0339531	6
3084	13.2719	23.7737	-0.0396148	6
3086	13.2584	9.01443	0.290557	6
3089	13.5374	13.2579	-0.0708831	6
3097	13.2794	19.0664	-0.197894	6
3100	14.9777	15.046	0.132819	6
3107	14.2822	19.1852	0.839349	6
3108	14.1413	19.4317	0.130294	6
3117	14.8741	8.02136	-0.357878	6
3126	14.082	17.7212	0.0640155	6
3134	14.9125	13.0305	-0.379032	6
3135	12.6713	4.85665	-0.223756	6
3142	13.3723	20.3793	0.790781	6
3200	14.2691	4.2483	0.051103	6
3203	14.5803	13.2212	0.0496709	6
3204	14.4425	20.3295	0.394612	6
3210	13.7569	20.6629	0.505058	6
3226	13.2314	0.985759	0.159143	6
3243	14.224	22.4645	0.443522	6
3248	13.7591	21.2066	0.0975873	6
3253	13.2772	19.7961	-0.441491	6
3261	13.5767	7.41009	0.227075	6
3265	13.3123	0.480309	0.145002	6
3270	13.0598	9.91139	0.152741	6
3276	12.8136	15.0172	-0.350495	6
3282	12.9797	20.3243	-0.0512732	6
3292	12.6587	22.9552	0.259204	6
3296	14.1945	4.30869	-0.425917	6
3306	13.7153	5.07543	0.451719	6
3317	13.9687	6.77915	-0.101975	6
3367	14.4933	0.624611	0.169259	6
3370	14.0646	0.0480829	-0.0684843	6
3398	13.7516	16.1992	-0.0832151	6
3409	13.795	17.7151	0.60377	6
3414	14.4289	17.5641	-0.235461	6
3427	14.7631	5.58208	0.0402027	6
3431	13.3567	24.1082	-0.315598	6
3434	12.5924	18.0898	0.339986	6
3438	14.6923	3.68704	-0.0705388	6
3448	14.0841	21.8589	-0.155709	6
3449	14.7985	4.99688	-0.694434	6
3464	12.8708	13.9639	0.763283	6
3489	14.1832	12.9952	-0.11198	6
3499	13.9347	23.9576	-0.255499	6
3513	13.0945	4.70124	0.359591	6
3515	13.1932	14.7939	-0.0352257	6
3530	12.8268	12.7662	0.0499981	6
3540	13.3684	22.5413	-0.449815	6
3550	13.5474	6.71848	-0.703308	6
3552	14.5775	22.7458	-0.276859	6
3553	13.1318	19.1255	0.376539	6
3562	14.2431	7.71266	-0.27452	6
3569	14.7868	12.3228	0.0365506	6
3573	13.7836	2.94488	-0.161565	6
3576	13.3999	20.3538	0.456352	6
3582	13.7105	16.3579	-0.414064	6
3584	13.011	18.0162	0.121969	6
3595	14.1747	21.2888	0.442867	6
3597	14.6093	4.65813	-0.168829	6
3624	14.8208	10.0368	-0.0450239	6
3627	13.4979	5.74236	0.353305	6
3658	14.1175	3.22682	0.236186	6
3662	14.6971	16.5676	0.436132	6
3665	14.3957	4.02781	0.140702	6
3676	13.1412	0.79928	0.352468	6
3685	13.8954	0.841069	0.389253	6
3691	14.4043	21.5848	0.289243	6
3694	13.2272	21.8657	0.233418	6
3695	13.0967	7.25402	-0.0457789	6
3705	12.706	18.5728	0.163791	6
3718	13.9136	9.68751	-0.183879	6
3754	13.8402	11.253	-0.354117	6
3770	13.1587	0.331013	-0.155383	6
3776	12.5276	23.085	0.255891	6
3777	12.9985	10.6602	0.496747	6
3780	13.5822	5.08511	-0.0597508	6
3781	13.1524	4.57751	-0.569274	6
3794	13.1385	13.5318	-0.307153	6
3795	14.4516	17.4773	0.0644024	6
3805	14.4002	9.17026	0.11992	6
3817	12.7776	6.57752	0.183265	6
3825	13.1999	5.6586	0.208665	6
3826	13.9202	5.78388	-0.142388	6
3827	12.8487	5.73832	0.062407	6
3828	14.2565	15.7984	0.0437323	6
3834	14.7142	21.9819	-0.140432	6
3837	13.7845	13.3562	-0.146928	6
3840	14.4278	19.4511	-0.0425234	6
3842	14.9317	24.351	0.22406	6
3854	12.6547	15.816	0.701362	6
3877	12.7084	5.14986	0.338802	6
3880	13.541	24.4882	-0.201646	6
3889	12.891	13.4459	0.270796	6
3897	13.0388	21.3151	0.515296	6
3898	14.6246	8.47081	0.253181	6
3904	13.4924	8.33909	0.265033	6
3909	13.5197	19.258	0.192096	6
3922	12.7548	23.3965	0.0608412	6
3930	13.1288	23.2518	-0.327305	6
3934	14.7302	10.4704	0.178548	6
3935	12.7762	19.7062	0.123608	6
3941	12.5705	16.5128	-0.207878	6
3944	14.9975	1.39543	0.120142	6
3956	14.029	12.8561	-0.224865	6
3967	13.2858	21.5544	0.227327	6
3971	14.1093	24.9375	-1.03158	6
3979	13.9515	3.29836	-0.146297	6
3983	13.1202	13.187	0.543562	6
3989	12.8651	15.287	-0.136449	6
3990	13.1771	22.2107	-0.162912	6
3997	14.5763	2.64664	0.72637	6
4000	13.4283	6.80272	-0.140795	6
4012	13.5165	19.4416	-0.258129	6
4018	14.6123	14.2882	-0.344241	6
4019	13.168	14.9138	0.0872043	6
4032	12.8028	15.456	-0.0351668	6
4035	14.4066	7.48936	0.0846683	6
4046	13.3434	9.63529	0.462562	6
4055	13.1634	20.7986	0.495014	6
4056	12.6672	20.5429	0.132091	6
4057	13.5616	20.3426	0.404872	6
4061	14.2718	20.2064	0.911828	6
15	15.4643	2.51824	0.110002	7
25	15.7267	19.6375	-0.71913	7
29	15.6518	4.15393	0.206955	7
37	16.6346	1.46863	0.2674	7
40	15.901	16.527	-0.0540448	7
46	15.5475	24.8299	0.233513	7
59	15.5446	21.7967	-0.578855	7
61	15.6332	18.2056	0.294344	7
63	15.8838	4.90123	-0.0262061	7
74	15.4908	22.2067	0.103446	7
78	15.3035	20.9925	0.435294	7
85	16.2196	19.7566	0.201624	7
102	15.7333	6.04378	-1.01045	7
110	16.4328	9.27205	0.282915	7
116	15.0921	14.0543	-0.0252425	7
117	17.031	16.022	-0.0272094	7
118	16.9835	12.0887	0.0437993	7
143	16.8744	23.9081	1.01538	7
154	15.6055	19.7714	-0.456512	7
164	17.4302	13.1712	0.034818	7
168	16.8815	10.0519	-0.246783	7
180	16.7787	10.2208	-0.76831	7
190	16.714	21.0199	0.307182	7
199	16.2905	7.05376	0.0656077	7
207	16.776	22.9095	-0.38227	7
209	15.3962	9.0661	0.212178	7
216	16.0547	21.963	-0.584702	7
233	15.9882	8.75834	-0.129102	7
245	17.183	1.42078	-0.381252	7
246	16.7912	19.3299	0.22122	7
260	15.187	4.77178	0.264474	7
275	16.2155	21.7502	-0.54693	7
286	15.9865	10.8267	-0.225913	7
311	17.4956	21.5448	-0.074839	7
314	16.5103	10.578	0.452998	7
344	15.7445	10.1931	0.0491052	7
351	16.9355	17.3652	-0.662124	7
354	17.1825	9.81819	0.592631	7
375	16.4382	20.0632	0.384644	7
382	15.5099	23.0083	-0.14282	7
400	17.4456	8.25642	-0.391197	7
416	15.3414	0.63101	-0.0783404	7
430	16.0637	24.4268	-0.0729186	7
433	15.0204	20.0506	0.0751265	7
450	17.4797	2.5008	0.0782196	7
466	16.4202	1.93538	-0.427108	7
472	17.2472	2.16262	0.119107	7
484	15.1204	22.5986	0.368862	7
491	16.8131	19.8483	-0.787085	7
494	17.2824	11.482	-0.237766	7
507	16.616	15.4628	0.219728	7
514	17.053	12.3649	0.567874	7
516	17.0392	19.4645	-0.0931202	7
519	15.6154	18.2907	-0.284516	7
532	17.1366	3.60184	0.249285	7
555	15.3932	14.7911	-0.504737	7
561	17.2407	0.26196	0.0638144	7
581	15.492	8.78267	-0.0537487	7
585	15.1397	20.6523	-0.076869	7
610	15.5433	9.34809	-0.164024	7
620	16.7362	15.375	0.654711	7
629	16.675	18.0291	0.736843	7
636	16.6276	14.9778	-0.290917	7
651	15.2802	16.5605	0.578391	7
652	15.827	18.7638	-0.708817	7
654	15.9941	20.615	0.697476	7
661	16.9091	12.2659	0.263908	7
665	17.3144	0.977607	0.141741	7
666	16.4954	1.37694	0.291318	7
676	16.777	14.0858	0.717885	7
680	15.3392	9.93981	-0.540117	7
706	16.0236	4.26503	0.0813224	7
708	15.9357	21.2691	0.192522	7
719	17.4741	8.16143	0.638536	7
728	16.4142	17.3937	-0.29954	7
731	16.4968	21.3992	-0.704425	7
741	17.4047	16.0289	0.341924	7
742	15.7552	2.27685	-0.611696	7
763	16.5185	22.7787	-0.461449	7
773	16.352	13.3951	0.36192	7
777	15.1468	14.6632	-0.68734	7
778	15.1448	11.8118	0.141858	7
791	16.6303	10.0062	0.238811	7
792	16.3405	21.5118	0.0559402	7
796	15.3758	19.7933	1.18964	7
805	15.1449	0.881048	0.515647	7
810	17.2207	13.4541	-0.244632	7
813	17.4324	6.77453	0.440275	7
828	17.1737	20.0556	0.31207	7
835	15.7224	8.45689	0.342927	7
853	16.382	15.1568	0.308003	7
856	15.4243	3.3873	-0.597287	7
869	15.9778	17.0972	0.387827	7
875	15.7161	19.4005	0.68434	7
878	15.938	3.63911	-0.0129658	7
886	15.4123	13.6692	0.295086	7
915	15.5598	7.12653	-0.0524799	7
917	17.0118	4.80436	0.337679	7
919	15.0525	11.3969	0.466564	7
920	15.5362	4.37423	-0.824463	7
935	15.2346	14.3432	-0.448604	7
950	17.0529	10.8275	-0.184788	7
960	17.1793	3.66914	-0.0755	7
987	16.6228	2.59394	-0.0672446	7
994	17.0453	8.5235	-0.378097	7
997	16.8294	18.7807	0.0763572	7
1007	15.7908	13.3766	-0.72539	7
1011	16.1355	18.6807	-0.369249	7
1013	16.1232	1.97861	0.236815	7
1016	16.8712	17.7462	0.0715958	7
1027	17.1883	19.3664	0.0574853	7
1036	16.8848	18.578	-0.574791	7
1068	15.4403	17.5539	-0.34934	7
1071	15.7858	15.8273	-0.498996	7
1074	15.4399	19.7236	-0.218599	7
1151	15.6549	0.153288	-0.382267	7
1157	17.4064	17.5687	-0.349802	7
1161	15.198	14.3823	-0.408231	7
1169	15.5669	15.2344	0.0256024	7
1182	15.745	11.6383	0.286335	7
1203	15.2413	4.16629	-0.130153	7
1212	17.1052	23.0678	0.355989	7
1223	17.1067	24.9807	-0.487347	7
1238	17.0419	21.3383	-0.00387625	7
1241	15.3176	9.73243	-0.132222	7
1251	16.8019	14.0455	-0.0451603	7
1254	15.5547	3.20443	-0.155814	7
1263	16.9449	5.39481	0.153867	7
1265	15.572	4.20591	-0.538066	7
1266	17.3198	6.46443	-0.285811	7
1277	17.3405	14.0984	-0.43739	7
1278	15.0751	0.492096	-0.196396	7
1282	16.3292	10.8949	0.809111	7
1297	17.3793	14.8703	-0.118184	7
1308	15.31	9.44299	-0.266879	7
1316	15.8877	15.5609	0.54042	7
1339	16.5911	9.63394	-0.702805	7
1342	15.2084	2.67646	-0.180739	7
1362	17.0091	21.1813	-0.184992	7
1369	16.2908	7.70565	0.139979	7
1382	17.448	3.87973	0.608697	7
1384	16.405	8.36985	0.0330009	7
1390	17.362	24.2445	-0.868294	7
1394	15.7325	20.9701	0.496921	7
1413	16.3805	23.612	0.0144913	7
1423	16.3238	3.70383	-0.309905	7
1424	17.4172	4.03313	-0.660578	7
1427	16.2481	16.4792	-0.469659	7
1429	17.1285	11.1059	0.527427	7
1430	17.3378	14.685	0.0450404	7
1433	15.1173	21.7222	0.244428	7
1447	17.1471	9.0478	0.632696	7
1461	16.8889	21.5758	-0.00501627	7
1466	17.387	23.8764	-0.466836	7
1468	16.8377	0.572477	-0.352221	7
1484	17.3187	4.53957	0.625163	7
1489	15.6045	2.09466	-0.127421	7
1503	16.7458	5.80183	0.365463	7
1510	17.3898	23.6733	-0.0211023	7
1511	15.8798	11.9429	-0.625719	7
1532	16.8318	19.8995	-0.214926	7
1552	16.6713	8.40908	0.777715	7
1576	16.1602	9.29119	0.00317352	7
1577	15.748	19.9922	-0.093154	7
1580	16.6961	15.9679	-0.425641	7
1605	16.2516	12.5636	-0.374332	7
1610	15.888	6.75294	0.209783	7
1617	16.4208	8.88144	-0.30232	7
1631	16.9827	7.36929	0.59516	7
1633	16.5256	4.85869	0.0562588	7
1637	15.9749	16.5931	-0.130292	7
1638	16.5787	3.01459	0.133585	7
1641	16.2291	18.2301	0.216052	7
1647	15.0571	7.97985	0.240588	7
1665	16.566	5.0187	1.02519	7
1666	17.1294	2.08138	-0.403902	7
1668	15.717	21.7404	0.281333	7
1674	15.7433	16.8398	0.434174	7
1692	15.4303	12.6042	0.523276	7
1702	16.2707	19.048	0.311923	7
1704	15.2559	24.5611	0.049623	7
1708	15.1305	12.4011	-0.543063	7
1719	16.8873	6.32242	0.0858231	7
1724	17.0594	18.1322	0.792113	7
1733	17.3584	21.3705	-0.495554	7
1734	15.0042	1.82795	0.335276	7
1737	15.2669	9.6572	0.614338	7
1763	15.1893	8.81147	0.618095	7
1764	16.5663	4.95159	-0.332479	7
1767	16.7915	6.72577	-0.499193	7
1769	16.0079	7.76202	0.0933475	7
1779	16.8998	16.5802	0.221296	7
1787	15.8494	19.1375	-0.220552	7
1792	15.1983	21.2197	-0.640537	7
1793	17.0264	1.31337	1.21945	7
1848	15.6323	15.7225	0.0524361	7
1867	16.6349	14.7759	0.443398	7
1869	15.3249	24.3251	0.20637	7
1880	16.2384	12.6757	0.167081	7
1918	16.0153	14.6867	-0.147895	7
1924	16.8944	3.38611	-0.30284	7
1928	17.3107	10.6431	0.336996	7
1948	17.4027	8.68845	-0.107818	7
1949	15.7116	12.898	-0.641625	7
1954	16.6563	6.80888	-0.0566538	7
2014	15.2999	16.1615	0.0979222	7
2018	15.104	15.3174	0.415285	7
2020	15.3188	1.69923	0.196519	7
2074	17.484	17.0575	0.637568	7
2075	15.4129	20.1794	-0.238645	7
2077	17.4878	11.736	0.656019	7
2108	15.407	9.49505	0.437765	7
2147	16.0068	1.50921	-0.349501	7
2160	16.8782	12.0927	-0.54678	7
2166	16.5541	2.28614	-0.0870874	7
2173	15.1654	18.0983	0.366956	7
2178	16.4094	14.2008	-1.01589	7
2184	16.318	4.51537	0.402761	7
2193	17.3586	20.5148	0.215601	7
2196	16.3162	24.3146	0.277239	7
2198	15.4393	9.82986	-1.00304	7
2211	16.1425	21.6013	0.230106	7
2218	17.0602	22.4104	-0.0159976	7
2256	15.6268	3.49096	0.148527	7
2268	15.102	19.874	-0.594582	7
2269	16.7089	9.72666	-0.221372	7
2279	15.8906	8.61228	-0.163354	7
2287	15.9164	13.2856	0.21487	7
2290	15.77	17.7334	0.209906	7
2304	15.5271	3.83995	0.0787167	7
2313	16.4758	6.66902	0.0784492	7
2371	16.1611	12.5439	-0.353763	7
2379	17.4726	2.68298	-0.58764	7
2384	16.4453	24.6339	-0.204448	7
2391	16.754	23.5824	-0.438567	7
2393	15.8572	12.5757	0.604959	7
2405	15.0428	2.43378	-0.315669	7
2406	15.7137	11.8145	0.161593	7
2414	16.5578	17.3776	0.233342	7
2449	16.7669	17.2572	-0.131159	7
2464	17.2444	21.9437	-0.130725	7
2466	16.2099	3.52479	-0.243178	7
2478	15.075	15.7047	0.0445323	7
2479	17.2998	21.7208	0.0855263	7
2497	15.9944	15.5821	-0.549389	7
2499	16.8319	7.73127	-0.304612	7
2508	17.467	16.2204	-0.150122	7
2523	17.4906	14.7419	0.101979	7
2537	15.8795	3.6346	0.287558	7
2541	15.2592	8.90403	0.158031	7
2586	17.412	11.992	-0.415974	7
2604	16.6045	11.9367	-0.0184359	7
2617	15.5239	23.9726	-0.0413129	7
2621	16.3171	24.2313	-0.504985	7
2622	15.3181	24.6777	-0.281562	7
2627	16.1745	19.4088	0.754107	7
2628	16.4665	19.0569	0.126033	7
2635	15.1932	13.5957	0.560451	7
2647	16.1918	16.0444	-0.217124	7
2671	15.5712	12.6366	-0.0921235	7
2682	16.5196	3.59045	0.317309	7
2690	17.2036	9.25715	-0.0685147	7
2695	15.7808	24.9331	0.223335	7
2705	15.2378	12.777	-0.326682	7
2718	15.3649	22.2125	0.276514	7
2728	15.6886	6.54772	0.518166	7
2729	17.3553	0.561982	0.13591	7
2741	15.1739	7.55728	0.10205	7
2744	15.7177	3.28072	0.70247	7
2750	15.3028	1.74786	-0.322538	7
2767	16.0504	3.6021	0.470146	7
2769	16.2723	3.37719	-0.0124771	7
2792	16.0852	23.4243	0.144806	7
2815	15.1689	14.1511	0.159094	7
2824	16.366	5.30955	-0.354785	7
2840	16.8915	16.5601	-0.784689	7
2841	16.6277	6.63739	0.515652	7
2842	16.1809	6.30539	-0.38793	7
2853	16.7497	13.2911	0.0366853	7
2869	17.3667	18.5245	0.745346	7
2888	15.3473	5.92681	-0.595912	7
2896	15.3333	0.967631	0.665989	7
2911	15.6579	16.1104	0.559586	7
2958	15.4935	18.6463	-0.252881	7
2982	15.4292	3.09676	0.0284982	7
2991	15.1709	8.40332	-0.162771	7
2992	16.819	12.4562	-0.192757	7
2995	17.019	24.4556	-0.253761	7
3011	16.8232	1.24712	-0.147409	7
3012	16.8763	0.857764	-0.258482	7
3018	15.0543	0.00378814	0.229094	7
3024	15.0019	4.56462	-0.311206	7
3039	17.3667	4.84938	0.285707	7
3041	16.8276	4.91777	-0.83467	7
3043	15.5686	6.82101	0.27404	7
3067	16.4184	4.12467	-0.192923	7
3068	17.41	3.99665	0.107613	7
3087	16.7571	14.0666	-0.118663	7
3088	15.7489	2.27308	0.166926	7
3098	16.4332	11.2815	0.643983	7
3109	16.0594	16.9469	-0.303911	7
3113	15.3606	9.66587	0.299948	7
3125	15.2398	2.75877	-0.267834	7
3132	15.6847	19.5017	0.0728787	7
3136	16.8894	19.1156	-1.10811	7
3146	15.5664	6.93891	-0.138184	7
3150	15.8032	11.9483	-0.47328	7
3171	15.5966	2.52593	-0.100597	7
3173	17.4596	22.9749	-0.87026	7
3178	17.0636	2.71537	0.600218	7
3181	17.3219	1.1066	0.848835	7
3186	16.7955	0.621042	-0.766582	7
3198	16.9811	14.7396	-0.0601269	7
3202	15.8292	9.97913	-0.811429	7
3208	15.6592	24.9611	-0.664595	7
3216	17.3704	10.7256	-1.02018	7
3241	15.9877	21.9715	-0.619908	7
3242	17.2503	19.6405	-0.119148	7
3250	15.4447	1.47906	0.253788	7
3251	15.2547	1.92433	0.335644	7
3262	15.2872	15.0716	0.733471	7
3299	16.3548	18.9145	0.0296677	7
3300	16.3473	18.481	-0.282578	7
3307	16.5939	11.9903	-0.585425	7
3313	17.3547	5.97331	0.404496	7
3374	16.0895	24.1925	-0.307185	7
3384	17.4595	20.0163	1.32247	7
3389	17.2786	5.68584	-0.259418	7
3391	15.7583	18.5977	-0.13713	7
3397	16.2903	16.7199	0.07327	7
3401	15.1104	19.8248	0.0636333	7
3406	15.2174	5.6706	0.00117749	7
3426	15.0938	20.6815	-0.0426407	7
3429	15.2382	11.6554	-0.0187941	7
3441	15.0532	7.48195	-0.448635	7
3451	16.4044	18.5752	-0.110658	7
3458	15.4989	9.34901	-0.502559	7
3467	15.6768	9.76273	0.358959	7
3468	16.0644	10.5035	0.0553008	7
3520	15.9102	6.71887	0.296391	7
3521	15.1116	3.95232	-0.237073	7
3522	15.0261	14.4222	-0.0572745	7
3560	16.1747	7.40672	0.0322311	7
3572	15.6438	9.91877	0.129448	7
3611	15.4668	8.04484	-0.602754	7
3626	17.4529	6.62043	-0.537995	7
3645	16.4953	4.54763	0.04337	7
3650	15.0719	14.6555	-0.511961	7
3664	17.2456	9.89184	-0.0831702	7
3673	16.0807	18.548	-0.289506	7
3678	16.4029	8.67199	0.622198	7
3687	16.7381	6.15868	0.153073	7
3697	16.5458	17.0279	0.505845	7
3707	16.6101	13.8723	-0.054406	7
3710	15.8204	6.0866	-0.154868	7
3711	15.9019	0.645962	-0.365491	7
3712	15.6418	0.409403	0.424555	7
3719	16.3493	9.78434	-0.30078	7
3723	15.9304	13.1327	-0.072758	7
3726	16.8765	21.3039	-0.816077	7
3737	16.0998	3.67596	0.133332	7
3739	16.2254	13.4304	0.167232	7
3741	16.1453	3.54045	-0.311511	7
3758	15.0281	13.9449	-0.0137112	7
3763	15.1108	23.3238	0.226456	7
3803	15.2909	0.207996	-0.344165	7
3806	15.3172	4.65009	-0.000595382	7
3812	16.5555	15.4343	0.512322	7
3813	16.204	22.2621	-0.709973	7
3820	17.2413	0.10903	0.324363	7
3833	15.4098	2.60225	0.103874	7
3835	17.21	23.387	-0.267719	7
3843	16.2403	1.03638	0.120913	7
3845	15.7499	9.12776	0.278159	7
3853	17.3235	0.976079	0.314714	7
3885	15.0649	14.0742	-0.139304	7
3893	17.0786	15.9167	0.256523	7
3894	16.4863	16.0529	0.416401	7
3896	15.3789	18.4597	0.750271	7
3905	15.91	12.0741	-0.278745	7
3926	15.2092	1.59867	0.0434356	7
3927	16.4072	18.7978	-0.393284	7
3928	16.5192	18.1096	0.657832	7
3950	15.2771	3.36898	0.302053	7
3951	15.2443	3.19188	-0.081763	7
3972	17.4816	21.9485	-0.00660027	7
3974	16.4721	1.70874	0.258059	7
3977	15.6061	5.92992	-0.153585	7
3981	16.5608	0.731865	0.285292	7
3984	15.2695	1.19219	0.537908	7
3985	16.7503	11.4572	-0.195767	7
3998	15.3481	22.0369	0.29927	7
4007	16.1422	22.1976	-0.685577	7
4026	17.1031	16.0308	0.255963	7
4051	16.1331	24.1885	0.108788	7
4063	16.1432	1.79271	-0.0690325	7
5	19.106	14.6604	0.682861	8
69	19.2588	7.85632	0.570242	8
87	17.9235	3.60274	-0.14154	8
92	19.0084	13.6909	0.221632	8
94	18.9113	17.4977	0.489713	8
98	18.5381	21.0111	-1.34603	8
101	17.8126	7.01818	0.130148	8
114	17.5491	9.57292	0.0246665	8
131	19.9516	9.25178	0.0429796	8
141	19.4354	0.475947	0.231946	8
144	18.6422	1.43316	0.0776807	8
150	18.2211	3.17101	-0.770304	8
152	18.4598	20.8553	0.0561732	8
155	18.7949	23.9805	-0.0314632	8
157	18.9592	3.61482	-0.75552	8
158	19.8426	2.50153	-0.917504	8
170	19.0158	22.5255	-0.00326542	8
172	18.8028	22.7111	-0.276025	8
176	18.6196	13.4937	0.267419	8
186	19.4763	6.68433	-0.464246	8
189	19.2279	13.724	-0.746557	8
198	17.5358	5.56919	0.335284	8
210	18.2393	9.42684	-0.607769	8
217	19.4661	23.1478	0.409822	8
225	17.784	22.6614	0.353151	8
249	18.9034	9.83781	0.277134	8
274	17.6517	18.6489	-0.411085	8
280	18.2052	11.869	0.278332	8
306	18.639	4.82381	-0.370447	8
313	18.2682	2.11137	0.394392	8
319	18.1683	23.1275	-0.529042	8
325	18.4601	19.1807	-0.178992	8
326	19.9241	13.04	0.0523846	8
327	18.0444	6.74067	-0.265714	8
329	19.8389	12.617	0.0597367	8
362	19.1032	5.04079	-0.324364	8
367	17.806	17.5729	0.374692	8
368	18.9265	19.166	0.664311	8
374	19.7274	8.5626	0.0436747	8
379	19.4588	21.062	-0.0527893	8
380	18.7392	1.79678	-0.0653014	8
386	19.2562	15.8171	0.418895	8
393	18.6664	3.57949	0.180428	8
407	18.3415	11.8747	-0.349931	8
417	17.9803	6.2468	0.364265	8
419	17.9677	2.43772	0.0810745	8
432	18.1192	20.3261	0.872159	8
465	17.6275	6.71378	-0.434294	8
469	18.166	19.3999	-0.614118	8
471	19.8509	7.77797	-0.121165	8
487	17.8744	17.271	0.614038	8
490	18.0343	11.8428	-0.574135	8
496	19.2105	18.1004	-0.102714	8
506	19.646	8.25341	0.242831	8
517	19.681	14.2699	0.157535	8
539	17.674	10.3144	-0.0607134	8
550	18.0594	15.9403	-0.124371	8
587	19.1223	10.8443	1.06439	8
604	18.401	20.9239	0.218585	8
611	18.2649	22.3272	0.415484	8
612	18.6635	3.37562	0.0300609	8
615	17.732	16.9328	0.259777	8
619	17.5741	16.7296	-0.56607	8
642	19.4298	18.2578	-0.466546	8
653	18.2424	16.7259	0.0815583	8
663	18.6046	14.6109	0.538845	8
670	18.8039	8.62179	0.39311	8
678	19.4642	20.7723	-0.56395	8
685	19.6843	4.73699	-0.257643	8
688	18.6544	5.08912	0.8084	8
707	18.3738	14.7049	0.070537	8
732	19.9297	18.5896	-0.00409405	8
746	18.084	3.94852	0.2064	8
749	17.5909	7.11865	-0.041237	8
769	19.5736	20.5154	-0.316555	8
799	18.3567	14.2924	0.158934	8
802	17.7272	24.1283	-0.358943	8
804	19.86	16.5307	-0.676686	8
807	18.3204	18.0854	0.130957	8
808	19.5449	6.03681	-0.703992	8
809	19.6878	14.097	0.390732	8
820	18.373	10.4513	0.496343	8
832	18.1328	6.14911	-0.457267	8
837	18.4863	21.6388	0.0652733	8
845	18.7797	9.75874	0.286403	8
861	17.8225	12.8081	-0.160315	8
892	18.9232	19.3473	0.0952455	8
904	19.4011	19.8573	0.0455383	8
906	19.1563	19.5142	-0.755369	8
912	19.3268	6.33349	0.199283	8
924	19.6397	12.5732	0.756075	8
929	18.136	8.69727	-0.0425475	8
932	19.6586	7.69245	0.228913	8
939	18.2783	22.0557	0.435502	8
941	19.1098	3.40602	-0.130546	8
963	18.5684	0.719868	-0.102252	8
971	19.0422	24.6745	0.258585	8
979	17.7816	4.83452	-0.306772	8
981	18.6833	10.0708	-0.68245	8
993	17.997	11.345	-0.151453	8
998	19.9303	21.6633	0.221674	8
1000	19.8188	14.9277	0.215963	8
1001	18.2411	23.671	-0.339298	8
1018	19.7362	17.4717	0.834622	8
1020	19.1347	24.906	-0.300664	8
1029	17.5707	20.207	0.0647703	8
1031	19.3631	14.6617	-0.152866	8
1072	19.2179	19.3493	-0.335429	8
1080	18.8891	6.30484	-0.267445	8
1093	18.1122	0.937046	0.622264	8
1112	17.5178	24.1323	-0.380335	8
1130	18.1853	6.28813	0.359297	8
1136	18.888	10.6821	0.399418	8
1137	18.8142	5.52654	-0.122161	8
1141	19.1358	16.6633	0.320663	8
1164	18.1198	15.7157	0.211103	8
1178	18.1414	13.3461	0.203322	8
1190	17.9749	8.35563	0.142922	8
1192	18.7039	17.6809	-0.0820567	8
1195	18.5883	4.29087	-0.257347	8
1198	18.764	21.4791	-0.28067	8
1207	19.699	2.82404	-0.494831	8
1208	18.497	9.24059	-0.0162847	8
1214	19.4211	0.750389	-0.0998545	8
1230	18.2564	7.18203	0.392072	8
1235	19.6528	17.3933	0.0935733	8
1246	18.0835	2.94429	0.1445	8
1256	19.8324	8.75067	-0.410716	8
1276	19.0712	21.0728	-0.467796	8
1293	19.7088	24.4868	-0.369864	8
1312	19.3375	0.408392	0.406432	8
1330	19.6367	2.77732	0.441207	8
1345	17.5644	23.2264	-0.737593	8
1346	19.9267	21.382	-1.09199	8
1351	19.6711	0.116229	0.142524	8
1388	18.751	20.9742	-0.024913	8
1406	18.5376	12.6982	-0.212834	8
1408	19.6606	10.664	0.339156	8
1409	17.6831	7.80535	-0.0825516	8
1416	17.88	11.2505	0.133344	8
1425	19.8089	19.466	0.56105	8
1471	17.9142	16.4002	-0.0240038	8
1499	18.4895	20.4542	-0.297397	8
1509	17.5546	17.1397	-0.0258542	8
1520	18.1993	19.7136	0.254547	8
1526	18.1617	18.1728	-1.2432	8
1529	17.5272	14.3426	0.155169	8
1533	19.2545	22.2843	-0.194723	8
1547	18.3262	18.252	-0.270418	8
1567	19.3987	6.03049	-0.311797	8
1606	18.0688	19.7837	-0.56214	8
1618	18.8891	16.2544	-0.643969	8
1619	18.9454	16.831	0.0111876	8
1644	19.0979	0.0876251	0.361912	8
1649	18.8077	12.0195	-0.0723562	8
1655	19.5878	15.3659	0.226016	8
1670	19.5945	4.55552	-0.0409168	8
1671	18.5425	5.5225	0.448695	8
1678	18.0279	8.92864	0.294881	8
1694	19.2589	21.7638	0.0818562	8
1695	19.5667	8.7463	-0.312866	8
1698	18.8599	13.1712	-0.588249	8
1699	19.2383	13.1961	-0.0805102	8
1701	18.6974	20.3055	0.0464246	8
1762	19.8969	15.8702	-0.24143	8
1780	18.6319	1.98525	-0.455001	8
1789	18.6128	18.0319	0.274425	8
1791	19.9445	15.7835	0.192864	8
1801	17.8368	0.645204	0.455758	8
1811	19.6668	12.1913	-0.0492853	8
1813	19.569	21.5536	0.115533	8
1826	19.4549	0.714062	-0.159152	8
1846	18.212	15.3536	-0.100869	8
1859	19.3886	9.22081	-0.347252	8
1871	18.8692	0.0894564	-0.376066	8
1904	18.8491	19.7474	-0.414802	8
1930	19.7817	5.04414	0.55644	8
1938	18.2137	22.0787	-0.475691	8
1939	18.0495	2.62597	0.136783	8
1947	18.1995	11.6436	0.0193646	8
1972	18.537	10.2531	-0.586044	8
1980	19.5073	23.5123	0.567924	8
2002	19.5081	13.5657	-0.280821	8
2019	18.1693	3.77365	0.155493	8
2022	19.1199	8.1269	0.134733	8
2035	17.7826	13.4867	-0.429742	8
2037	18.2973	18.0298	-0.0596238	8
2041	17.5065	5.75574	0.505045	8
2094	18.9377	10.1112	-0.396909	8
2100	19.7494	20.4042	-0.0459634	8
2117	19.868	23.7031	-0.196508	8
2151	17.554	13.0911	0.528858	8
2153	17.8076	9.04767	0.335377	8
2182	17.5635	13.6568	0.791578	8
2197	17.626	24.4469	0.101189	8
2200	19.0617	2.60716	0.50457	8
2203	17.969	24.5809	-0.663865	8
2221	17.7932	5.47053	-0.0311271	8
2228	17.8201	21.9947	-0.361598	8
2229	18.3027	22.0443	0.255363	8
2244	18.8865	21.8245	0.588057	8
2248	18.7723	5.46455	0.161941	8
2275	17.7023	0.41703	0.665552	8
2291	18.3887	2.63511	0.13939	8
2292	19.6444	12.1318	0.502441	8
2302	19.5862	8.12501	-0.246864	8
2365	17.7941	4.56429	0.360226	8
2376	18.3789	22.98	-0.218054	8
2378	19.9049	10.3719	0.269289	8
2412	18.075	10.6859	0.329922	8
2420	19.0163	16.3517	0.94056	8
2426	18.9128	7.85649	-0.171943	8
2433	17.7613	5.61955	0.679301	8
2443	19.9424	1.62846	0.0195093	8
2446	19.6904	15.5764	-0.0638923	8
2450	19.3479	22.9131	-0.385993	8
2520	18.6752	7.09285	-0.166197	8
2538	18.7644	11.691	-0.08313	8
2543	17.706	2.49978	-0.327413	8
2546	19.0417	0.70817	0.276227	8
2557	19.1923	3.05353	0.033636	8
2559	17.9305	5.04053	-0.219518	8
2561	18.1976	5.26514	0.523112	8
2566	19.2313	6.60132	-0.232919	8
2596	18.7258	13.8636	-0.908341	8
2598	19.0925	9.46001	-0.0639772	8
2602	18.7288	0.750091	-0.147906	8
2612	19.6158	0.62829	0.416577	8
2663	18.0552	3.71685	-0.24962	8
2677	18.3794	2.58715	-0.311644	8
2685	19.2005	14.2896	-0.0466181	8
2707	19.4878	13.9207	0.280714	8
2710	18.946	12.2582	-0.119571	8
2719	19.8624	2.39973	-0.535694	8
2725	19.2239	1.98276	0.732687	8
2726	18.7179	2.79766	0.631669	8
2736	18.1029	19.8986	0.21837	8
2738	19.0069	11.9283	0.360674	8
2748	18.0179	12.1039	0.948145	8
2752	18.9461	15.5169	0.109479	8
2759	17.8	16.5225	-0.372178	8
2790	18.0376	17.8349	-0.208527	8
2794	19.9275	17.4573	-0.0733603	8
2804	18.5575	6.0579	-0.273094	8
2805	18.5774	9.32529	0.47724	8
2809	18.5979	13.6725	-0.152875	8
2810	19.3398	14.245	-0.0961736	8
2814	19.4164	9.61433	0.219428	8
2823	19.1244	22.4965	-0.604117	8
2825	18.9206	16.6173	-0.749515	8
2832	19.2764	7.47813	0.433025	8
2835	19.4988	18.5698	-0.164569	8
2849	17.5381	21.2648	0.442706	8
2859	17.9414	8.26919	-0.236203	8
2868	17.8962	17.7849	0.293031	8
2870	18.395	17.0984	-0.423532	8
2877	17.8914	7.15869	-0.250631	8
2880	19.6123	22.7822	-0.170319	8
2909	18.3207	5.8039	0.235122	8
2944	18.1257	5.89331	-0.146372	8
2954	18.9104	19.2116	-0.565854	8
2959	18.3142	21.2784	0.139162	8
2962	19.6066	11.0105	0.892618	8
2970	18.7439	8.33058	0.423888	8
2988	17.9697	6.05549	-0.965314	8
3003	18.0643	2.70525	-0.157179	8
3013	19.7516	7.60259	0.413069	8
3016	18.9826	14.3894	0.221519	8
3019	19.4319	21.5825	-0.411411	8
3027	17.9969	21.5486	-0.898555	8
3054	19.8062	5.86785	-0.36573	8
3077	18.1617	23.9197	0.0435679	8
3078	17.6353	20.7047	-0.0507746	8
3079	18.0023	8.75442	-0.930604	8
3081	19.6219	20.0937	-0.0538387	8
3096	19.0974	16.0998	0.0847915	8
3102	18.1582	12.1619	0.491972	8
3105	19.5059	5.54411	0.255547	8
3124	18.9013	1.83007	0.316639	8
3127	17.8283	5.0005	0.0682871	8
3128	19.2363	23.5469	0.427343	8
3129	17.9995	6.18445	0.0267226	8
3159	19.305	17.9	0.487887	8
3172	18.7409	12.2655	0.254738	8
3182	19.061	15.8104	-0.321724	8
3194	18.056	1.78624	-0.0678513	8
3211	19.2723	19.6525	-0.532397	8
3221	18.9933	20.6733	0.329965	8
3238	19.3897	6.30311	0.0860019	8
3245	17.55	1.38303	-0.579242	8
3247	18.7258	0.349754	-0.325764	8
3291	18.2528	14.1908	-0.283909	8
3297	17.6302	4.05754	-0.258183	8
3309	17.9105	16.5611	0.406121	8
3311	17.7658	9.65026	0.0516136	8
3312	17.6039	9.82473	0.417265	8
3328	18.8713	11.7702	-0.142515	8
3337	17.9481	17.334	0.341066	8
3343	19.8904	6.96742	-0.199027	8
3349	19.0996	15.0	-0.294062	8
3381	18.9018	9.03735	0.442996	8
3383	18.716	24.7482	0.00869166	8
3387	18.9327	1.92957	0.583002	8
3407	19.5471	19.5304	-0.300969	8
3410	17.7947	9.43143	0.0281847	8
3415	17.73	4.73014	0.373576	8
3428	19.2406	16.5729	0.136743	8
3446	19.2672	2.903	0.710575	8
3459	18.9473	10.1654	-0.523475	8
3461	19.8428	22.8896	-0.449483	8
3465	18.5311	19.6805	-0.515731	8
3466	19.579	8.77573	-0.0327931	8
3473	17.9556	12.5045	0.337858	8
3491	19.2164	20.8863	-0.897807	8
3504	19.1556	7.68047	-0.0702021	8
3505	19.0865	7.70814	-1.06228	8
3509	17.9302	19.6824	0.480008	8
3512	18.035	10.4397	-0.558798	8
3514	17.7569	24.2352	-0.531414	8
3518	19.9391	11.0388	1.02132	8
3519	19.2436	11.2527	0.312055	8
3529	18.8502	5.90352	0.100288	8
3533	17.7293	10.7788	0.305747	8
3541	19.4356	1.55061	-0.109572	8
3544	17.7221	22.0885	0.0140727	8
3554	18.7632	21.5013	0.271408	8
3556	18.2856	4.40338	0.210735	8
3565	19.6966	23.155	0.345097	8
3574	17.7769	2.08985	0.183198	8
3579	18.6257	9.40407	0.34183	8
3605	19.6279	12.7243	0.0475122	8
3606	19.8736	12.6064	0.545384	8
3625	18.9074	10.0752	-0.128184	8
3634	19.4631	15.1333	0.238828	8
3636	19.7954	8.06714	0.491163	8
3654	17.6988	24.2238	0.321968	8
3669	19.6576	20.8656	-0.33773	8
3675	17.5639	20.2256	0.850085	8
3679	19.6199	20.3988	-0.39304	8
3688	19.5609	18.4127	0.209083	8
3696	18.8161	9.39921	0.052731	8
3703	18.4331	4.79969	0.582826	8
3704	18.0739	9.21905	-0.316512	8
3742	18.179	20.137	-0.602788	8
3757	19.4423	10.5334	0.130548	8
3761	17.7348	16.4338	-0.05152	8
3764	18.7187	18.9622	0.107811	8
3779	18.7485	22.4205	0.42517	8
3797	17.8863	2.71097	-0.184768	8
3798	17.647	8.61302	0.28306	8
3807	17.5391	3.72982	0.459726	8
3815	19.7943	19.8605	0.202385	8
3816	19.9896	4.31056	0.344028	8
3859	18.9986	21.0841	0.0814323	8
3868	19.8542	22.9207	-0.507966	8
3890	19.2415	16.738	-0.426036	8
3891	18.0903	21.1709	-0.343116	8
3892	18.3925	16.4496	-0.43552	8
3916	18.1474	22.5924	-0.227163	8
3929	17.9426	6.79851	0.0445337	8
3932	19.5655	20.2894	-0.325146	8
3933	19.292	20.1262	-0.616104	8
3961	17.8881	17.1948	0.0639204	8
3973	18.4793	12.6178	-0.289459	8
3975	18.3124	3.54515	0.197405	8
3988	19.4608	20.9656	-0.137011	8
3993	18.2251	8.19877	0.0129871	8
4006	18.6728	3.08418	0.137878	8
4053	18.1264	11.3444	-0.131402	8
6	21.2076	23.6612	0.401124	9
7	20.155	19.7883	0.00544795	9
8	20.8714	7.20126	-0.589739	9
51	21.407	23.3451	0.0149612	9
72	21.3704	15.9636	-0.450245	9
93	22.0619	9.63004	0.0908177	9
95	20.5272	4.34672	-0.0476198	9
103	21.8134	10.6919	0.358171	9
135	21.5791	8.49838	0.349863	9
137	21.5051	11.8789	-0.348061	9
138	20.4299	24.3868	0.0295329	9
148	21.838	13.2742	-0.398055	9
159	21.9177	9.82508	0.184357	9
165	21.2754	7.74038	0.36964	9
173	20.832	9.78347	0.510196	9
188	22.3392	18.0153	-0.305741	9
196	20.5497	4.25007	-0.168275	9
200	21.7011	13.2654	-0.568413	9
203	22.2059	18.7152	0.0873733	9
211	21.9425	5.41192	-0.699905	9
226	20.2056	2.50472	0.0657221	9
247	20.104	18.7468	-0.19347	9
255	20.0486	18.0214	-0.269288	9
262	22.4212	2.1066	0.237021	9
272	22.1584	10.9872	0.106285	9
276	21.8059	4.26467	0.57427	9
291	21.6966	14.804	-0.442992	9
318	21.4839	2.26081	0.154489	9
321	21.2809	22.9519	-0.663694	9
333	20.7932	22.4971	-0.240446	9
341	21.1268	3.32936	0.242338	9
361	21.6335	11.6546	0.396995	9
365	20.4664	0.954815	0.266284	9
377	21.4842	22.6964	-0.351424	9
378	21.1777	5.35806	0.540079	9
384	20.6019	12.3698	0.607993	9
402	21.4015	10.366	-0.111988	9
404	20.6988	21.0021	-0.373351	9
408	20.5293	11.6309	-0.348047	9
448	22.3943	12.1042	0.191187	9
449	22.4781	3.77134	-0.00153193	9
468	21.7264	18.1438	0.736591	9
476	20.891	3.3431	0.579006	9
479	22.1204	23.0899	-0.650897	9
492	21.8705	20.5341	-0.214904	9
523	20.344	20.4164	1.03674	9
540	21.4878	24.7475	-0.284624	9
553	20.251	8.14322	-0.417684	9
562	20.6698	9.48889	0.970692	9
564	21.2498	22.8802	-0.839397	9
572	21.5073	10.8267	-0.0723743	9
577	20.6725	22.1597	-0.0929707	9
582	22.468	2.34601	-0.577524	9
598	21.6416	24.6877	-0.246407	9
601	20.7866	22.6709	0.31346	9
614	20.0636	12.0105	-0.250503	9
630	20.993	7.07221	0.592336	9
638	20.4368	3.54828	0.77111	9
643	22.2427	2.49296	0.932194	9
645	21.3368	14.6809	0.508624	9
647	21.8246	7.37202	-0.352519	9
648	21.8734	4.84753	0.765703	9
664	21.6686	2.49002	0.117227	9
696	22.0711	2.92973	-0.240392	9
752	22.0575	7.85435	0.607437	9
760	21.8929	19.5826	0.532456	9
770	21.1379	20.0685	-1.15986	9
771	20.3547	17.1451	-0.0426649	9
775	21.1517	1.12522	-0.398614	9
785	21.3949	5.77837	0.0746627	9
795	21.4613	17.3342	-0.623344	9
801	22.3048	6.61339	0.185646	9
818	21.5439	20.9525	0.0979463	9
827	21.6962	16.7609	0.0393185	9
834	20.9833	4.00505	0.0206592	9
855	20.8657	19.9464	0.189617	9
862	20.014	5.51385	-0.333975	9
872	20.3902	2.76121	-0.476168	9
895	22.1199	6.93169	-0.271237	9
896	20.8084	12.4554	0.752931	9
899	20.0909	0.0480322	0.458439	9
916	20.1924	6.79842	-0.0227983	9
925	20.6404	18.7176	0.161902	9
927	20.1678	19.2622	-0.0448739	9
936	22.4024	17.4215	0.233911	9
943	21.3673	13.8634	-0.444876	9
961	21.0684	24.3162	-0.616517	9
962	21.0127	24.4349	0.0966561	9
964	21.942	2.81981	0.936526	9
968	22.2127	24.826	0.345198	9
984	20.1286	16.5418	0.497928	9
992	20.0413	5.92268	-0.0181512	9
999	21.0974	21.5846	0.000822235	9
1024	21.3484	3.90494	0.319077	9
1049	22.2957	10.9715	0.24533	9
1050	22.0726	5.96435	-0.27895	9
1057	22.105	12.1584	0.341345	9
1062	21.4954	3.5032	0.0201403	9
1070	20.9062	1.17616	-0.00375255	9
1077	20.0246	17.4816	0.101345	9
1085	20.6961	13.1811	-0.101138	9
1109	22.3235	12.1936	-0.535538	9
1127	21.7557	10.5946	0.495935	9
1131	21.7649	19.1572	-0.331322	9
1147	20.9546	16.0302	0.3216	9
1154	21.2263	18.8837	-0.242754	9
1158	21.8778	4.44922	-0.6055	9
1162	22.4545	18.6375	0.60944	9
1175	22.089	23.2482	-0.602142	9
1183	20.2014	8.39383	0.295159	9
1185	21.7763	1.73782	0.218868	9
1188	22.1266	18.5207	0.681501	9
1200	21.4643	0.446741	-0.710501	9
1201	21.1023	5.15788	0.0309219	9
1227	21.4141	5.61458	0.908474	9
1229	20.4007	10.5463	0.207036	9
1244	21.6711	6.87392	-0.151251	9
1245	20.2572	12.0346	0.524068	9
1248	20.5881	8.27753	-0.285541	9
1249	22.1114	4.73266	0.21439	9
1261	20.8272	8.75833	0.661901	9
1269	20.0317	9.21224	0.500742	9
1275	22.3964	14.0745	0.0426245	9
1280	21.6994	8.962	-0.16159	9
1285	22.2026	10.1654	-0.66581	9
1289	22.0829	22.9562	0.219458	9
1296	20.5669	20.3553	0.469359	9
1302	22.2207	19.2478	0.138818	9
1306	22.4499	3.21234	0.491498	9
1329	20.0631	21.9203	-0.672919	9
1335	21.0501	4.59459	0.662405	9
1340	20.0095	2.92875	0.211228	9
1375	22.2531	8.66046	0.279453	9
1383	22.1343	2.60912	-0.122061	9
1385	22.0155	22.2605	0.581951	9
1403	21.4492	3.87867	0.172214	9
1405	20.1378	17.1863	-0.787433	9
1415	22.317	10.5106	-0.355242	9
1426	21.9566	23.3615	0.196788	9
1434	22.2006	0.166407	0.374173	9
1439	21.1485	9.81142	0.623236	9
1444	20.2907	24.3375	0.552839	9
1458	20.408	6.80398	-0.431807	9
1494	21.9014	11.7195	-0.21601	9
1504	22.0438	21.6953	0.0117367	9
1517	22.4533	17.2057	0.125239	9
1524	21.0852	10.4465	0.477175	9
1537	20.8408	15.7049	-0.542808	9
1560	20.4368	16.2561	-0.136482	9
1604	22.0158	13.9441	-0.341465	9
1608	20.3742	21.0633	-0.246691	9
1615	22.0224	1.08132	0.535965	9
1635	20.0644	0.867239	-0.34032	9
1639	21.2133	4.25339	-0.511946	9
1642	21.3644	7.84454	0.30946	9
1643	21.1978	7.70756	0.30874	9
1657	21.823	7.94194	-0.563651	9
1672	20.7671	14.4519	-0.384893	9
1679	21.8247	13.8167	0.38948	9
1684	22.3828	7.93788	0.199337	9
1689	21.4375	8.34849	-0.0481904	9
1693	21.0203	17.6232	0.47325	9
1707	20.2509	5.8768	0.675849	9
1720	20.2603	22.3629	-0.35561	9
1727	22.3254	14.4572	-0.77279	9
1728	21.0545	16.1429	-0.631474	9
1744	20.0956	15.1621	0.274242	9
1749	21.1451	24.856	-0.238923	9
1753	20.0816	9.36251	0.11843	9
1755	21.4801	6.55856	-0.617772	9
1783	21.7694	19.7485	0.242608	9
1784	20.9853	2.22598	0.434759	9
1824	20.9848	7.1963	0.363041	9
1833	21.8809	0.0142555	-0.990016	9
1851	21.4025	12.4198	0.174344	9
1852	21.9617	22.0478	0.137628	9
1853	20.6896	6.27443	0.206044	9
1858	20.3063	19.0113	-0.631519	9
1875	20.7203	2.04359	0.502453	9
1877	20.2649	20.4842	-0.511638	9
1879	22.0729	23.9657	-0.60073	9
1892	22.4527	14.0829	0.158213	9
1917	20.0019	4.30218	-0.178577	9
1934	21.3231	21.6173	-0.342145	9
1951	21.4971	21.387	0.749088	9
1959	21.9502	11.1092	-0.0702243	9
1968	20.9483	24.759	-0.344832	9
1973	21.2456	17.0321	-0.202998	9
1982	20.909	12.2166	-0.213997	9
1990	20.9461	20.5673	0.195732	9
1993	20.1058	18.5625	0.0549553	9
2012	20.1271	5.14587	-0.696223	9
2013	22.0975	22.3291	0.405592	9
2031	20.407	20.6559	0.0743633	9
2033	21.5985	0.89205	0.584174	9
2034	20.9943	9.29101	-0.119458	9
2042	21.1129	10.4387	-0.442895	9
2051	22.1217	11.335	0.876485	9
2059	21.3731	24.7606	0.27583	9
2060	20.3384	17.0055	0.914787	9
2070	20.9277	9.24186	0.883464	9
2080	21.5561	10.4435	0.361516	9
2081	21.6901	10.1721	0.340629	9
2082	20.1073	11.1905	0.771767	9
2084	21.4568	24.9266	0.456997	9
2086	20.2909	23.2796	-0.280149	9
2088	20.7753	4.00226	-0.161134	9
2115	20.7445	19.6367	-0.0960014	9
2132	21.7122	4.43663	0.407678	9
2139	21.4465	22.5469	0.509624	9
2142	21.9431	5.39804	0.0418266	9
2143	21.2712	5.57545	-0.271767	9
2149	22.1149	0.750433	-0.375608	9
2150	20.4343	1.67798	0.177393	9
2156	22.1263	4.20951	-0.720644	9
2161	21.6583	16.6842	0.701102	9
2179	20.7244	22.1898	-0.802284	9
2191	20.2033	8.24255	0.350717	9
2199	20.3706	18.7531	-0.169985	9
2207	21.8385	14.3656	0.156883	9
2215	20.3148	15.9666	-0.125193	9
2222	20.3451	0.452291	-0.536736	9
2223	20.6976	12.2006	0.00964955	9
2231	21.0112	2.55577	-0.346055	9
2236	20.691	3.56909	-0.661535	9
2251	20.3154	2.02491	0.372768	9
2253	20.8805	12.8751	0.406171	9
2265	20.5586	23.019	-0.650459	9
2284	21.1066	5.86082	0.38919	9
2288	21.0116	13.8188	0.825227	9
2303	20.9411	2.1847	0.154592	9
2310	20.9228	13.8039	0.038476	9
2335	21.0091	0.7754	-0.241634	9
2343	22.2118	9.85349	-0.235594	9
2347	21.3335	2.99423	0.626305	9
2353	22.0705	9.46256	0.440525	9
2357	21.778	11.7226	0.172349	9
2358	21.7131	10.8265	-0.0799227	9
2359	20.4517	17.9305	0.146081	9
2361	21.406	20.9315	0.131455	9
2373	22.1277	17.4409	-0.308253	9
2374	22.4059	9.90569	0.101786	9
2386	20.8276	15.3584	-0.750979	9
2402	21.3977	20.704	0.552858	9
2403	22.4925	12.9862	0.228865	9
2417	21.2161	24.8485	-0.0806496	9
2430	22.0397	4.23046	0.208202	9
2439	22.0056	9.02674	0.544895	9
2444	20.5487	0.799005	0.0842243	9
2447	20.728	14.8078	-0.0571335	9
2457	20.8291	9.56038	-0.363698	9
2483	22.367	22.511	0.277073	9
2494	21.1636	22.7835	0.319286	9
2500	20.2061	8.38156	-0.344683	9
2503	22.295	14.8711	-0.123374	9
2506	22.2279	20.0648	-0.0469141	9
2507	21.4333	19.3262	-0.0154962	9
2511	20.3113	20.4887	0.127269	9
2529	22.144	3.56727	-0.547488	9
2552	20.0214	11.0315	0.664301	9
2568	21.2968	21.2584	0.204567	9
2569	20.6703	20.5195	-0.289273	9
2571	22.4279	10.7819	-0.519466	9
2575	21.8909	19.7004	0.69786	9
2577	22.2699	19.3934	-0.135933	9
2587	22.2538	6.45037	-0.521365	9
2591	21.07	9.05586	0.196088	9
2603	21.4126	17.1445	0.206467	9
2614	20.3476	4.16147	-1.22166	9
2618	21.6149	22.3685	-0.352956	9
2625	20.9159	11.4194	0.546365	9
2626	20.6724	18.2882	-0.160428	9
2629	22.22	3.24358	0.112425	9
2641	20.7576	13.9342	0.235283	9
2656	20.3541	14.9042	-0.548867	9
2665	21.1086	12.79	0.503795	9
2678	20.5738	3.79498	0.466904	9
2679	22.2344	9.50582	0.200495	9
2704	22.2392	3.41365	-0.706211	9
2708	21.1648	21.6984	0.558141	9
2709	20.4594	11.1862	-0.172879	9
2711	21.7036	2.0142	0.0669228	9
2712	20.673	2.6127	0.0340588	9
2714	21.814	7.208	0.425495	9
2717	20.8124	19.389	-0.0511758	9
2743	22.1447	9.08779	-0.392805	9
2745	21.8884	8.31958	0.725674	9
2746	21.6241	19.187	0.837596	9
2755	21.1306	17.6276	0.00640834	9
2758	21.3667	16.9469	0.360633	9
2760	22.0135	8.89115	0.321637	9
2764	20.2588	16.7443	0.019086	9
2774	20.7108	6.51121	0.0581672	9
2777	20.7537	16.3814	0.456239	9
2781	20.1684	6.67889	0.148423	9
2801	21.3687	3.24691	0.274024	9
2803	20.2759	4.75515	-0.396792	9
2808	20.4562	9.10832	0.994096	9
2843	21.936	7.44176	-0.31929	9
2865	21.1188	10.5543	0.465947	9
2910	20.7568	20.1938	-0.110277	9
2932	22.1068	20.3172	0.322691	9
2936	21.5017	13.2384	-0.563407	9
2940	21.9254	0.238921	-0.878056	9
2948	21.5376	16.9529	-0.0468638	9
2964	21.9505	12.3408	0.231738	9
2974	22.0029	14.4881	-0.237171	9
2981	20.5496	3.78247	0.302468	9
2985	22.1226	5.22197	0.0384116	9
2994	20.2387	7.31625	0.0858275	9
2996	21.149	6.25087	0.231532	9
2998	20.7609	12.9089	-0.0239374	9
3035	20.0007	3.23692	0.25539	9
3036	21.0902	0.969393	0.636691	9
3040	22.0353	17.7034	0.0871216	9
3051	21.635	12.1426	-0.319262	9
3075	21.0347	10.2419	0.957256	9
3104	21.8797	21.9716	-0.113771	9
3106	21.036	3.4476	-0.303443	9
3114	20.0804	9.53701	0.164143	9
3115	20.8686	8.37802	0.404342	9
3120	22.1314	12.4439	-0.686749	9
3130	22.302	24.9641	0.351752	9
3164	21.2264	3.10856	-0.20179	9
3167	21.0599	19.0701	-0.158019	9
3174	20.9676	21.2987	-0.502743	9
3179	20.6555	9.43777	-0.63362	9
3199	21.9024	8.50731	0.270848	9
3205	20.9074	14.8167	-0.603447	9
3225	20.302	15.8079	0.420538	9
3263	20.2175	5.46939	-0.28916	9
3273	20.807	15.4506	-0.200077	9
3275	20.6234	13.6915	0.390616	9
3278	21.1714	1.48599	0.0043693	9
3281	22.4609	0.31442	0.52041	9
3289	20.3427	24.6929	-0.371086	9
3290	20.6813	24.2416	-0.234183	9
3305	20.1452	8.85681	0.642908	9
3332	20.3741	15.0089	-0.283171	9
3333	20.5485	15.4053	0.124724	9
3342	20.503	6.63318	-0.09255	9
3346	20.8007	9.21429	-0.378418	9
3352	21.0897	21.2872	0.00891043	9
3357	21.1454	13.4604	0.291874	9
3358	21.5718	2.40647	-0.552838	9
3359	21.8814	1.31043	-0.264013	9
3364	21.7933	10.5938	0.560925	9
3365	21.0874	12.26	-0.053075	9
3366	20.4009	3.30657	-0.567058	9
3368	20.3189	15.7072	0.493615	9
3371	20.9729	24.1092	-0.211199	9
3395	22.4436	0.893358	-1.2583	9
3408	22.4362	24.3628	0.0577679	9
3412	20.0164	9.15837	0.261394	9
3419	21.0692	16.7476	-0.522739	9
3420	20.3933	16.4407	-0.0797942	9
3421	20.4235	15.7534	0.0530164	9
3422	20.3353	15.8821	-0.124691	9
3430	20.5578	1.33166	0.266012	9
3440	20.4743	15.5903	-0.758029	9
3445	21.3532	2.8137	-0.324093	9
3483	20.0161	19.7811	-0.449306	9
3486	22.36	17.1645	-0.0345646	9
3503	21.5394	24.6365	-0.0619783	9
3507	20.5979	10.7983	0.305893	9
3511	20.0019	13.9628	0.0931418	9
3546	20.1525	5.94347	0.475888	9
3551	22.1352	10.4223	0.576844	9
3558	21.029	1.24793	0.364432	9
3561	22.1594	23.4532	-0.263195	9
3563	21.4913	22.9289	0.0809115	9
3566	20.527	11.4916	0.534029	9
3567	21.8197	7.18341	-0.574276	9
3571	22.1644	8.25936	-0.287634	9
3640	20.1732	13.3951	0.411826	9
3641	20.5553	13.9264	0.080772	9
3660	20.9184	9.87352	0.193135	9
3661	22.0528	3.51639	-0.35896	9
3667	21.2607	17.5808	-0.587867	9
3670	21.5587	5.03165	0.821389	9
3671	22.0661	5.39566	0.87757	9
3680	20.0208	17.7131	0.314756	9
3681	20.0287	17.6158	-0.00325117	9
3692	22.192	13.2131	-0.0919866	9
3698	21.2942	0.675611	0.284793	9
3708	21.4502	19.0851	0.391427	9
3717	20.552	8.81962	0.135376	9
3733	20.5323	13.9626	0.175614	9
3736	21.5322	2.44803	-0.551934	9
3749	20.858	18.0986	-0.708967	9
3767	21.2739	22.546	-0.69509	9
3768	21.2442	23.1067	0.215347	9
3774	20.4365	8.37354	0.577573	9
3775	20.9433	9.77992	1.13906	9
3782	20.7352	4.00106	0.73305	9
3783	20.3263	3.54946	0.398856	9
3785	20.4535	21.427	-1.1112	9
3799	20.7089	19.8778	-0.0654251	9
3823	22.3908	2.96643	0.511183	9
3850	20.2263	24.045	0.59636	9
3864	20.1961	7.39718	0.244688	9
3874	21.225	9.30808	0.577239	9
3888	21.6151	11.5366	-0.0574522	9
3899	21.015	17.5652	-0.173504	9
3901	20.0395	15.2177	0.165192	9
3903	22.2855	22.2525	-0.373963	9
3921	20.4914	5.94001	0.0484029	9
3940	20.2694	3.68921	0.614677	9
3946	21.8706	24.5398	-0.472752	9
3947	20.8752	13.7682	0.414285	9
3948	22.1625	3.7185	0.209524	9
3957	21.9249	6.86087	0.0166142	9
3959	21.1111	1.63737	-0.399717	9
3968	22.2709	11.4074	-0.451629	9
4002	21.5817	16.9603	0.146274	9
4003	21.4103	17.0576	-0.437453	9
4008	20.5881	16.0836	-0.012549	9
4013	20.6303	0.888012	-0.23906	9
4024	22.4329	12.1166	-0.515015	9
4027	20.1988	5.9985	0.159341	9
4036	20.5249	22.264	-0.0876761	9
4049	20.3603	6.21057	0.372565	9
4050	20.5098	5.99282	-0.0675392	9
3	23.3931	2.36888	0.579595	10
18	22.8081	4.98455	0.319235	10
19	23.8366	11.6464	0.276971	10
21	24.4411	14.2113	0.335846	10
27	24.4589	3.74534	0.0274805	10
39	23.3305	14.1887	0.0935577	10
43	23.5843	12.6351	0.378297	10
47	24.1597	1.4565	-0.137236	10
52	24.3092	20.4668	0.392677	10
53	24.0246	14.5516	-0.21743	10
67	22.7929	7.83541	0.0079066	10
81	22.9942	0.643323	-0.324452	10
88	22.5617	0.172651	-0.442467	10
133	24.6348	18.0915	0.12634	10
149	22.6766	7.09825	-0.0513806	10
151	23.1117	14.2634	0.0254879	10
192	23.5406	6.71397	-1.42658	10
205	22.9583	24.0393	-0.455062	10
212	23.9538	16.0459	-0.108614	10
214	24.9678	16.8507	0.209135	10
220	23.1045	21.6541	0.217034	10
227	23.629	22.8796	0.0322231	10
251	24.6405	0.27139	-0.397741	10
253	22.7794	7.04938	-0.480531	10
269	23.1559	10.1102	-0.283984	10
271	23.1144	3.92928	-0.303436	10
273	23.146	2.08232	0.309629	10
281	22.7481	12.7011	-0.45228	10
285	22.7793	16.0419	0.0616778	10
294	24.2991	6.95428	-0.117453	10
300	22.6443	21.5727	0.662126	10
305	24.0219	21.7084	-0.106519	10
308	22.9044	15.4982	-0.436831	10
312	24.1071	15.81	0.148797	10
320	24.251	14.7243	0.106864	10
336	24.7576	9.38539	0.0892192	10
340	24.3257	10.0536	-0.15847	10
346	24.6602	12.5444	-0.199122	10
357	24.5146	14.7754	0.127305	10
366	23.025	0.58138	-0.287884	10
399	22.8174	17.681	0.319245	10
403	23.5021	18.942	0.383341	10
412	23.8907	8.26397	0.00831131	10
414	23.4398	17.8618	0.0543862	10
415	24.5627	2.3403	-0.63179	10
429	23.46	13.8329	-0.0402493	10
437	23.3353	21.9847	-0.0145991	10
439	24.8881	24.0988	-0.0748089	10
458	22.5337	14.6248	-0.264081	10
460	24.7641	4.44088	0.1009	10
483	24.2081	5.17686	0.760012	10
493	23.8492	10.7129	-0.300435	10
495	23.029	15.7056	0.749471	10
505	23.1278	12.6891	-0.122139	10
515	24.5301	3.35993	-0.0369734	10
518	22.9407	21.9203	-0.223109	10
525	22.7426	13.3904	0.785708	10
533	23.2676	7.75651	-0.266996	10
534	22.597	6.26265	-0.548551	10
548	22.8017	24.4112	0.332133	10
549	24.0243	24.2379	0.188413	10
574	24.2223	14.1844	0.0780744	10
592	24.5791	19.6058	-0.0245549	10
606	22.65	20.9663	0.291522	10
613	24.1489	10.8663	0.217939	10
627	23.2141	9.59492	0.105396	10
635	22.8681	23.4432	0.177862	10
671	23.2036	12.332	0.382287	10
672	22.9613	17.4468	0.383716	10
677	23.6053	10.4747	0.145009	10
679	22.9972	17.2816	0.487241	10
684	23.319	16.8505	0.171588	10
691	23.3649	4.68607	0.0255762	10
693	23.6168	1.77294	0.217431	10
695	23.4818	17.921	-0.651517	10
712	22.648	1.71197	0.112886	10
738	24.6204	10.7223	-0.116096	10
740	23.1168	3.97186	0.545671	10
774	23.5628	11.7451	-0.413253	10
814	24.4357	5.26762	0.168709	10
823	23.8239	17.2342	0.346042	10
826	24.1516	24.5929	-0.199568	10
841	24.4344	18.2487	-0.202083	10
884	24.4003	5.53493	-0.405033	10
910	24.5381	24.6494	0.322734	10
911	24.848	18.2306	0.11236	10
918	24.6717	4.35354	-0.434488	10
930	22.5542	7.49876	0.472742	10
946	24.2478	8.85712	-0.187934	10
952	24.7023	6.26742	0.0512634	10
988	24.4392	1.60428	-0.716206	10
989	24.4815	1.50701	0.0693831	10
1009	23.2952	22.7002	0.350293	10
1010	24.971	5.0647	-0.808296	10
1012	23.5846	2.67343	0.442753	10
1022	23.5843	18.2772	0.16141	10
1037	24.0721	21.2656	0.192794	10
1039	24.4553	13.6924	-0.344581	10
1041	23.9051	22.1378	0.314938	10
1051	23.0577	8.28115	0.237039	10
1083	23.4368	9.9574	-0.248853	10
1114	23.4765	23.1454	0.143713	10
1116	23.2084	9.77125	0.601294	10
1119	24.1217	4.2652	0.223563	10
1120	24.6822	19.9659	-0.276177	10
1123	23.0884	4.64509	-0.0746426	10
1132	22.8722	1.60571	0.240597	10
1134	23.7631	1.04374	0.03706	10
1149	24.5697	23.5486	-0.14191	10
1153	22.7265	20.7021	-0.760442	10
1159	24.5479	0.431141	-0.66675	10
1166	24.0629	7.96958	-0.302884	10
1167	24.0221	7.89869	0.404945	10
1193	23.6256	8.25023	-0.13057	10
1210	24.8032	20.696	0.764144	10
1211	22.9588	6.60706	0.120981	10
1213	23.8678	9.29353	0.0824347	10
1224	24.5839	10.3081	0.0463669	10
1262	24.3395	1.60696	-0.0890097	10
1273	23.8896	1.92805	0.274708	10
1295	23.5576	5.11019	0.386765	10
1298	24.3308	3.10714	-0.544617	10
1304	22.8296	12.8067	-0.278242	10
1317	24.9468	9.24681	0.00894818	10
1319	22.7515	13.977	0.0859444	10
1320	24.1554	18.8983	0.400457	10
1322	22.7086	11.9089	-0.193218	10
1350	24.981	6.96883	0.52968	10
1366	24.5639	2.18432	0.064226	10
1392	23.8498	1.35598	-0.614467	10
1393	22.6294	1.71684	0.245604	10
1395	22.5623	1.81348	0.984785	10
1414	24.8325	20.6567	-0.469097	10
1417	23.1666	19.3215	0.731994	10
1420	23.3504	11.3022	0.0926137	10
1446	22.9658	11.2988	0.0877986	10
1451	23.7434	21.2728	0.107417	10
1454	24.2215	22.1135	0.120166	10
1455	23.5711	6.52403	-0.334982	10
1473	23.9745	10.0435	-0.112849	10
1478	23.9166	10.9066	0.229941	10
1488	23.3099	19.5604	-0.0369032	10
1496	22.5894	8.75511	0.567628	10
1505	22.7806	7.45015	-0.156736	10
1508	22.7719	15.9631	-0.387974	10
1523	24.9828	22.0711	0.471554	10
1525	24.5946	7.74115	0.145806	10
1530	24.3523	19.8716	0.487446	10
1549	22.6556	16.6427	0.12871	10
1569	23.0393	10.2761	0.333697	10
1573	24.5674	17.6539	-0.198077	10
1587	23.2844	15.4437	-0.117912	10
1588	24.4939	17.3375	0.361655	10
1589	22.9933	9.92456	-0.109315	10
1590	23.6505	8.57354	-0.223569	10
1614	24.5081	22.4135	0.270024	10
1622	24.7548	13.0049	0.029609	10
1625	24.5413	5.24961	-0.143102	10
1630	24.458	12.487	0.235697	10
1650	23.4943	24.2438	-0.304213	10
1686	23.1755	21.328	-0.291942	10
1696	23.8505	5.87764	0.265863	10
1715	24.4188	19.1719	0.160295	10
1716	24.2153	21.1195	-0.0740527	10
1725	23.2495	16.8073	0.344764	10
1729	24.3639	11.7178	0.555244	10
1739	24.4213	3.98048	0.0932153	10
1747	23.4397	1.52529	0.675135	10
1752	23.6486	23.7238	0.429321	10
1759	22.9152	0.983268	0.49158	10
1766	23.542	20.4471	-0.348853	10
1774	23.9379	8.36181	-0.0647088	10
1785	23.1187	13.0796	0.0686303	10
1786	23.5367	18.9953	0.614123	10
1802	22.7118	14.8278	0.570299	10
1804	23.9528	3.87671	-0.621406	10
1819	24.269	21.1342	0.517781	10
1837	23.5165	1.54576	-0.490222	10
1862	23.3518	23.5859	-0.0325174	10
1868	23.7298	24.3207	-0.390432	10
1872	23.6567	20.2856	0.408707	10
1873	23.8793	19.6358	-0.124875	10
1903	22.9641	8.9638	0.139367	10
1906	23.6527	19.1556	0.373001	10
1912	23.1007	2.43994	0.325525	10
1929	23.1438	24.3386	0.326784	10
1958	22.5163	11.8498	0.213273	10
1994	23.802	10.6312	0.323391	10
2009	22.5872	21.9305	-0.0715437	10
2017	23.3227	6.56429	-0.413931	10
2032	24.9125	19.4687	0.30037	10
2054	23.1428	3.36329	0.21174	10
2056	23.386	7.91286	0.174234	10
2091	24.4031	6.16772	-0.038678	10
2093	24.0355	21.7421	-0.297608	10
2098	23.8891	1.5534	0.545175	10
2099	23.9154	3.54778	0.622437	10
2102	22.5407	12.0771	0.089395	10
2126	23.8789	16.5401	0.075246	10
2127	23.5016	17.5675	0.442423	10
2155	24.764	16.8143	0.078494	10
2164	24.4391	17.1182	0.451872	10
2177	23.5073	19.8244	0.333512	10
2180	23.6761	3.39545	0.526678	10
2183	23.3367	12.3355	0.499609	10
2192	23.8741	13.5874	-0.178465	10
2224	24.0084	24.2473	0.167883	10
2226	22.6768	0.143125	0.417394	10
2237	24.7836	13.4122	0.03834	10
2238	22.8521	18.7011	-0.0276249	10
2282	23.0407	2.22365	-0.0157889	10
2308	24.6941	6.5592	0.054867	10
2328	22.5733	15.2473	-0.422615	10
2329	23.9076	3.60998	-0.0585351	10
2334	23.2684	20.7637	0.0492695	10
2356	23.9087	22.6046	-0.0679504	10
2389	22.8806	14.5148	-0.419924	10
2410	23.9624	7.38083	0.287476	10
2423	24.0242	22.1862	0.60037	10
2424	24.0807	22.4268	-0.304666	10
2454	23.6901	21.5688	0.414378	10
2455	24.8496	21.6384	-0.106082	10
2476	24.0564	15.0858	0.391394	10
2480	23.9477	17.5575	0.524858	10
2488	23.0066	4.97769	-0.183475	10
2491	24.2873	6.1813	0.227328	10
2495	23.5562	20.9078	0.0834846	10
2504	23.9427	9.83162	-0.129874	10
2509	24.5943	15.0428	0.407038	10
2515	23.1877	6.29006	-0.495408	10
2516	23.2459	14.9409	0.0205459	10
2526	24.2902	23.0304	-0.246118	10
2530	22.5711	4.11328	0.0748957	10
2542	23.9022	19.8402	0.173046	10
2553	23.7878	8.79649	0.830589	10
2573	23.8424	15.8069	-0.0140881	10
2585	23.8778	17.9989	0.195116	10
2593	24.1697	17.4475	0.867181	10
2597	22.7504	9.6609	-0.135241	10
2601	23.6803	4.44603	-0.155457	10
2607	24.6006	23.2933	0.0935002	10
2619	23.9533	6.01547	-0.306134	10
2630	23.2957	2.91721	0.287339	10
2637	23.2536	24.9429	-1.19871	10
2664	23.9545	4.34689	-0.413274	10
2681	23.3635	21.5454	-0.136536	10
2694	24.8592	18.9615	0.191936	10
2734	24.432	6.03785	-0.22701	10
2742	22.9508	20.2471	0.00823743	10
2763	24.5511	18.4601	-0.222842	10
2768	23.7239	7.05472	-0.140571	10
2771	24.5516	11.7699	0.272596	10
2772	24.3416	3.21393	-0.39319	10
2780	23.197	15.4352	0.868016	10
2796	24.6558	21.7215	0.543011	10
2811	23.9967	6.79691	-0.503413	10
2812	24.5125	6.42433	-0.197408	10
2826	24.0611	15.6015	0.135165	10
2827	24.0642	8.55185	0.267067	10
2876	24.4732	13.9904	0.441882	10
2878	22.6684	11.241	-0.14061	10
2884	24.7752	7.98907	-1.00289	10
2886	23.0934	5.78789	0.230103	10
2890	23.0395	0.330307	-0.162788	10
2898	23.4188	8.68998	-0.341908	10
2923	22.5788	24.4473	-0.600741	10
2931	22.8991	12.5238	-0.172841	10
2933	23.8617	7.64802	-0.0966921	10
2943	24.3964	16.4472	-0.122148	10
2945	23.433	20.2294	-0.607576	10
2946	23.6705	22.9909	0.525647	10
2953	22.5229	2.60191	0.913725	10
2966	22.6041	22.1852	0.658686	10
2972	24.3489	0.631213	-0.207313	10
2993	24.124	5.71638	-0.0456016	10
2997	24.7425	2.7271	-0.470399	10
3028	23.4946	11.9029	0.40462	10
3031	23.7025	13.6692	-0.329268	10
3052	24.377	2.35919	-0.736309	10
3061	23.8329	5.39307	0.080584	10
3118	23.0367	10.1219	-0.182956	10
3165	23.5738	9.6085	-0.120262	10
3168	23.9009	23.9469	0.138892	10
3177	23.853	8.77215	-0.463451	10
3191	23.6342	14.8233	0.467395	10
3206	23.3841	10.427	0.33204	10
3219	22.85	22.3548	0.289465	10
3220	22.5735	22.3533	0.149552	10
3223	23.8184	3.44975	0.581873	10
3227	22.6025	13.0678	-0.393085	10
3237	22.5621	16.5297	-0.0470761	10
3239	24.2874	23.2106	-0.00239105	10
3252	24.4035	22.3783	0.8907	10
3264	23.6682	8.90297	0.358542	10
3271	22.5539	9.67197	0.508165	10
3274	23.1343	17.8167	0.535501	10
3283	24.5209	2.33639	-0.0302055	10
3284	24.2093	16.3982	-0.0330656	10
3285	23.5122	11.7761	0.511143	10
3294	23.2771	3.77643	0.145428	10
3319	23.1993	12.2702	0.307266	10
3331	22.6334	14.7553	-0.319771	10
3361	23.8878	8.42164	-0.378963	10
3388	24.8135	23.2969	-0.215911	10
3402	24.886	24.2491	-0.270074	10
3403	24.2536	2.07507	-0.812379	10
3404	24.161	2.57116	-0.953154	10
3442	24.1045	1.84857	-0.387163	10
3443	24.6732	0.641224	-0.511372	10
3444	23.1233	22.458	-0.0044513	10
3485	22.769	16.6363	0.461344	10
3488	24.3891	9.04707	-0.288606	10
3490	23.2904	23.1638	-0.138307	10
3494	22.5246	13.9945	0.198625	10
3496	22.5131	10.5707	-0.191729	10
3498	23.4656	14.4417	-0.251837	10
3502	23.5389	23.2692	0.60842	10
3516	24.5727	11.8987	0.566896	10
3517	24.4855	12.0442	0.615546	10
3526	22.714	22.3678	0.0910036	10
3536	23.3432	24.8759	-0.213991	10
3545	22.7038	12.5261	0.221564	10
3564	23.6912	19.2793	0.579475	10
3570	24.0972	8.53667	-0.856349	10
3577	23.3121	12.0107	0.758063	10
3578	23.4195	2.43436	0.498573	10
3599	22.566	9.72153	-0.0296115	10
3601	23.5659	5.73452	0.809248	10
3603	23.9358	11.4982	0.20512	10
3607	22.5904	12.9626	0.747546	10
3616	23.8006	8.36824	0.0412457	10
3619	24.2939	2.43832	-0.527244	10
3628	24.4051	2.9562	-0.10328	10
3631	23.1929	11.1613	0.324663	10
3651	24.2996	0.450851	0.372377	10
3652	24.7482	0.816221	0.272778	10
3653	23.3942	17.4868	0.013457	10
3713	23.018	4.08361	-0.252094	10
3714	23.5539	4.30848	-0.730196	10
3750	22.9607	21.0651	-0.249006	10
3778	23.4097	14.9032	-0.616684	10
3808	24.4358	19.2158	-0.396877	10
3821	23.7475	22.2906	0.0289155	10
3829	24.2444	11.3251	0.407816	10
3841	24.4428	16.0459	0.148898	10
3844	22.8288	16.8792	0.808769	10
3849	23.7904	7.90471	-0.0183922	10
3851	24.7151	23.1466	-0.332576	10
3858	24.1588	5.60103	-0.363782	10
3865	24.0212	22.6763	-0.35238	10
3866	24.3211	22.4708	-0.0474002	10
3871	24.8953	10.5742	0.204431	10
3881	23.9995	22.2495	0.536837	10
3882	23.5986	18.5712	0.840677	10
3883	23.0664	10.3702	-0.136548	10
3915	22.9825	4.837	0.0829792	10
3937	23.4099	14.2634	0.147825	10
3954	24.5687	10.0516	0.590501	10
3976	24.2732	1.20394	-0.25487	10
3978	23.3664	8.00933	0.0833908	10
3980	23.5317	14.1812	-0.22082	10
3986	23.8532	24.9929	-0.448156	10
3987	23.7264	24.6546	0.627035	10
3999	22.7528	4.59012	0.471237	10
4014	24.7323	12.8339	0.111213	10
4020	23.6836	15.4617	-0.246455	10
4021	23.6592	15.8706	-0.221728	10
4037	23.4945	15.6855	0.381613	10
4039	24.5899	19.8255	-0.481866	10
