IND_ID	PosInd_X	PosInd_Y	PhenValue	Region

2	0.259788	8.14869	-0.22857	1
9	4.42352	18.6233	-0.144276	1
10	0.217466	13.2456	0.426362	1
11	3.71944	1.8063	0.743936	1
45	0.456144	9.003	0.426407	1
49	2.5972	4.45364	-0.209206	1
50	2.00362	19.0617	-0.514911	1
62	1.40038	16.6559	0.250925	1
71	0.855052	16.357	-0.242363	1
75	0.586492	23.5494	-0.457992	1
77	1.31703	10.8095	-0.0761734	1
80	3.38967	10.2474	0.0703093	1
82	1.13629	23.84	0.874632	1
84	0.541817	11.1797	-0.514147	1
97	0.512827	14.2794	0.742083	1
99	4.0037	10.1423	-0.169997	1
106	4.60358	19.8035	-0.873462	1
108	0.467693	0.891362	0.701512	1
113	1.98595	3.53531	0.625564	1
115	4.45737	23.6848	0.227168	1
120	0.172519	8.5821	-0.135803	1
122	3.07162	9.47353	0.540711	1
123	2.70702	0.295799	-0.0277753	1
124	0.622765	11.1951	0.34194	1
127	3.5537	17.6913	0.304981	1
128	0.655815	2.044	-0.703056	1
136	0.587985	15.3609	0.335001	1
161	1.34786	12.9592	0.0780148	1
166	4.89687	15.6311	0.443249	1
169	3.36913	9.96616	0.887509	1
175	1.25066	21.8539	0.241869	1
187	1.52981	11.723	-0.603925	1
193	1.33319	23.6041	0.421181	1
194	1.89312	16.1067	-0.447422	1
204	4.86592	21.3772	0.493626	1
206	2.6345	7.40514	0.99558	1
208	3.09763	22.6569	-0.449769	1
213	3.96946	5.52448	0.19674	1
218	3.33168	11.6126	0.0554229	1
219	3.26483	20.8424	-0.0394739	1
223	2.77219	6.6542	0.426202	1
224	0.515791	0.25051	-1.43731	1
229	1.12926	20.6985	0.689531	1
231	3.99371	11.9803	0.103669	1
235	3.75844	20.6735	0.32724	1
240	1.77985	18.6591	-0.986893	1
243	3.55794	5.02607	0.963705	1
250	0.699609	4.3128	0.821139	1
256	3.4198	7.06687	0.129905	1
258	4.95796	11.2008	0.613097	1
259	3.71346	1.99499	-0.809036	1
278	4.62086	6.1548	0.261314	1
288	1.58603	3.67519	-0.445536	1
290	4.82402	9.325	-0.394869	1
293	0.813554	14.5229	-0.00822937	1
298	4.99645	0.445518	0.929196	1
302	0.835075	12.2203	0.252578	1
303	3.66573	16.3721	0.186716	1
309	3.44183	16.3385	0.307472	1
323	1.28512	18.3699	0.168456	1
330	2.85729	13.6181	-0.216507	1
332	1.51331	6.03849	0.350969	1
338	3.06546	20.663	-0.0303545	1
339	1.15973	11.006	-0.598795	1
348	4.03417	7.74501	0.309369	1
350	0.772215	10.0156	-0.0668268	1
359	2.00011	5.40925	-0.523598	1
371	3.93155	12.2171	-0.4644	1
388	1.08499	16.4088	0.328055	1
389	1.9988	4.31135	-0.17719	1
390	3.68867	9.39126	0.10334	1
398	0.432522	9.39919	-0.576183	1
405	1.32497	15.1454	0.344484	1
409	0.865528	20.082	0.0557001	1
410	0.244895	18.331	-0.187642	1
418	4.74635	1.40797	0.444465	1
421	3.03186	2.35647	0.0375178	1
424	0.0398463	13.462	0.00683735	1
426	2.38412	14.8605	-0.563692	1
428	1.3972	15.6936	0.0364813	1
431	0.83828	1.2541	-0.429685	1
435	4.81951	18.4591	0.0831032	1
443	0.251567	11.2901	0.29977	1
446	3.34266	6.99107	0.393567	1
447	2.54036	9.7808	0.312211	1
451	3.89042	23.5371	0.788983	1
452	3.472	13.1732	-0.0799078	1
455	0.396821	15.4709	0.807569	1
457	4.88288	13.3648	0.501273	1
463	0.841739	10.5124	0.673442	1
475	3.39175	16.5577	-0.0549246	1
480	2.95502	13.0966	-0.647449	1
481	2.04848	13.0581	-0.0867807	1
482	3.10626	7.00306	-0.365848	1
488	3.41995	6.77366	0.203293	1
500	4.36112	17.3965	0.712402	1
502	1.93076	20.0764	-0.11669	1
503	0.663069	20.2715	-0.590506	1
508	3.91329	5.82185	-0.212674	1
510	3.02091	15.774	0.137914	1
512	0.276711	13.0255	-0.487576	1
520	2.73922	17.993	-0.444496	1
522	1.46621	2.99229	0.779277	1
526	3.67855	13.7766	0.898343	1
529	3.32318	2.83116	0.833792	1
531	3.52999	5.09026	-0.189519	1
537	0.641471	20.5051	-0.973123	1
541	3.92729	17.4503	0.186392	1
543	3.00329	22.1088	0.0478804	1
545	4.8308	13.219	0.107594	1
547	2.35153	10.0803	-0.656318	1
551	0.354834	7.49312	0.156927	1
559	1.23505	9.19282	0.336529	1
560	0.865622	20.1503	-0.3385	1
563	2.62678	1.89506	0.282002	1
569	4.49007	9.66407	-0.0145805	1
570	2.19652	19.3242	0.131359	1
571	4.35731	12.9475	0.0913374	1
576	1.44611	1.17389	0.116347	1
584	2.24249	13.6017	0.0849591	1
590	3.35508	15.8266	-0.374801	1
605	1.11936	10.5478	-0.330164	1
608	1.07012	16.1714	0.0912464	1
609	0.724276	24.2282	0.21322	1
616	0.656037	17.371	0.527895	1
618	3.69113	0.606728	0.204737	1
625	2.0478	3.06901	-0.114752	1
631	0.809661	13.7004	0.27056	1
639	1.18155	0.620356	-0.193907	1
640	0.68229	6.44075	0.474608	1
650	0.613092	4.79608	-0.395788	1
655	0.268763	5.66652	-0.211497	1
656	0.213332	6.69033	0.00147235	1
669	4.61824	6.12539	-0.513196	1
681	3.85064	15.0515	-0.302741	1
686	0.758496	23.1426	-0.061597	1
687	0.267752	20.5037	-0.603455	1
698	0.691683	1.50132	-0.0380209	1
699	3.7726	2.61078	0.590512	1
702	2.39537	3.66091	-0.204188	1
709	3.02448	16.7303	0.572487	1
715	1.19925	0.617386	-0.123412	1
716	2.5672	2.58371	0.43001	1
717	2.56031	21.2463	0.612728	1
720	1.23046	24.6461	-1.1492	1
725	1.7834	6.02662	0.797888	1
733	2.15724	12.4417	-0.460469	1
737	2.20193	2.94569	0.611036	1
748	3.57436	9.32057	0.548225	1
750	0.87687	24.437	-0.561429	1
755	1.96783	21.1746	0.0666716	1
757	4.80794	19.2176	0.18456	1
766	3.20084	10.1153	0.117704	1
772	3.22385	8.14099	0.195284	1
794	3.84895	22.5463	-0.626495	1
798	2.29088	8.44222	-0.0993842	1
803	2.59005	20.3891	-0.325705	1
806	3.60514	16.825	-0.245321	1
819	0.281742	7.01181	0.521943	1
824	3.49813	12.0509	0.79459	1
825	0.307078	23.9132	-0.104305	1
829	2.22062	23.9204	-0.2908	1
831	3.76662	17.8783	0.146196	1
833	3.32279	18.588	-0.0779279	1
836	4.2391	17.3524	-0.884617	1
840	2.7579	15.0657	0.462309	1
842	1.81865	12.11	-0.428223	1
854	0.484441	4.25135	0.32719	1
860	2.46605	11.9868	0.266788	1
864	1.62094	3.0281	-0.23035	1
865	1.43249	7.66482	0.523494	1
867	2.6943	23.4118	0.13404	1
871	0.773573	19.4496	0.217089	1
874	1.94102	19.9125	-0.507787	1
885	4.53614	22.9814	-0.164745	1
889	0.796195	8.50857	0.187217	1
890	1.21346	13.5576	-0.388678	1
898	4.55398	14.7071	-0.11492	1
905	2.00224	6.10672	0.0995536	1
923	4.47191	5.72532	-0.378497	1
928	4.49168	3.8235	-1.08343	1
945	1.78719	4.24106	0.0095266	1
947	1.65977	23.185	0.729152	1
948	2.62569	1.67262	-0.00256993	1
953	0.442328	24.5191	-0.20471	1
959	0.644193	21.876	-0.488678	1
970	3.82112	10.9114	-0.265062	1
972	2.45705	22.8351	-0.0240483	1
974	4.82518	21.3872	0.244485	1
976	1.22169	11.9597	-0.059547	1
982	4.98432	23.7986	-0.802084	1
983	2.8391	14.369	0.361905	1
985	0.713979	18.8409	-0.0572114	1
1002	2.01766	15.0829	0.620402	1
1023	4.69892	18.4985	0.215954	1
1032	2.83311	6.12904	0.405344	1
1038	2.09239	7.70997	0.334956	1
1040	2.57584	12.5553	0.479788	1
1042	1.95585	15.5103	0.404143	1
1046	1.37688	20.6973	-0.640296	1
1052	3.36494	1.87096	-0.154497	1
1053	1.66323	4.12208	0.124028	1
1054	2.46761	14.4	0.094057	1
1064	4.29	5.63307	0.473886	1
1087	1.83863	0.0586423	0.340107	1
1090	1.86515	10.8533	0.214837	1
1100	0.132199	17.1623	0.38649	1
1101	3.87025	8.48495	-0.184069	1
1107	0.622619	22.636	0.223074	1
1110	1.52421	14.1462	0.237661	1
1115	2.79894	1.78071	0.668174	1
1125	0.254836	4.03657	-0.58978	1
1133	3.81617	23.3191	-0.290021	1
1139	1.58842	1.48607	0.221159	1
1142	2.25306	16.5793	0.276027	1
1145	2.56816	18.63	0.0861562	1
1155	2.84171	0.389524	0.368749	1
1163	2.83914	11.3559	0.0419317	1
1168	3.60047	1.5274	0.277611	1
1181	0.484696	17.2738	0.354774	1
1191	1.92088	12.9185	0.713633	1
1202	2.55968	14.1073	-1.1722	1
1218	3.83163	14.7039	0.308959	1
1226	0.509274	12.1722	-0.202451	1
1228	2.96657	9.96464	-0.422952	1
1231	4.45019	17.4933	0.0474382	1
1250	3.36556	19.4419	-0.40761	1
1257	4.18127	4.00518	0.0103514	1
1264	2.95001	17.4943	0.478669	1
1267	2.71579	13.1008	-0.102729	1
1270	0.502613	9.85747	0.275541	1
1271	2.89635	4.86266	-0.352858	1
1279	0.89443	10.0076	-0.138912	1
1283	0.550649	5.67621	-0.851981	1
1284	2.14743	7.2538	-0.037291	1
1290	0.323463	8.83867	0.472828	1
1299	2.05681	4.15312	-0.496387	1
1301	2.55667	6.56629	-0.356627	1
1305	3.71216	12.3252	-0.428585	1
1311	4.67191	15.4119	-0.0903554	1
1313	0.621155	23.6846	-0.0765592	1
1323	3.94348	19.119	-0.160392	1
1325	1.41828	4.80565	0.508813	1
1326	0.607841	14.8786	0.424416	1
1327	1.18611	17.1092	0.247782	1
1331	4.7173	21.1374	-0.307009	1
1341	4.61041	10.3916	0.268922	1
1347	0.0682191	2.1956	0.0997552	1
1348	4.49156	4.21775	0.0181461	1
1349	4.82851	20.9651	0.330657	1
1352	1.67949	18.4623	0.810918	1
1355	1.83907	1.75608	0.426632	1
1356	4.25634	1.8383	0.195314	1
1359	0.831709	16.6744	0.322349	1
1360	3.02787	4.83476	-0.0177563	1
1367	0.924721	6.01707	0.366028	1
1370	3.4985	8.66775	0.258587	1
1373	3.68543	4.05125	0.271988	1
1378	4.36125	5.54539	0.649302	1
1379	3.98255	6.09661	-0.238292	1
1389	0.178923	9.50262	0.838151	1
1396	2.71456	15.2923	0.188275	1
1398	2.04899	8.59708	-0.167839	1
1401	2.79359	6.82666	1.21964	1
1407	0.891343	13.398	-0.326945	1
1410	4.28014	14.4494	-0.0356475	1
1418	2.92099	16.5072	0.497716	1
1428	3.50067	1.17663	-0.145851	1
1435	2.88818	11.5277	0.303219	1
1438	2.02699	0.441286	0.691768	1
1440	2.69767	11.7298	0.600649	1
1456	1.00515	21.2099	0.998187	1
1465	4.35253	14.6441	0.526611	1
1467	4.60246	11.7116	0.97043	1
1470	4.34762	2.6948	0.0784115	1
1476	0.861126	9.95915	-0.108105	1
1481	2.44294	4.95672	-0.233185	1
1483	0.230251	23.7872	0.197752	1
1490	0.0455281	19.3912	0.463936	1
1493	0.165747	16.3017	-0.39657	1
1502	4.3946	5.29837	-0.117905	1
1512	3.73885	10.962	-0.0648637	1
1513	0.495933	16.0972	-0.341059	1
1514	2.45883	13.0553	0.406302	1
1515	1.80515	5.19819	-0.0477015	1
1516	4.27754	13.1365	0.0285213	1
1519	3.19555	6.51537	0.184917	1
1522	1.73281	19.5817	-0.085246	1
1531	2.1759	13.1038	0.288049	1
1541	0.747591	20.7045	-0.276443	1
1544	4.21009	9.42281	-0.512911	1
1550	0.259335	3.51699	0.169804	1
1551	1.86648	9.18094	0.0408102	1
1554	3.01218	13.8097	-0.139643	1
1555	2.49876	14.9067	0.379888	1
1558	1.47675	0.495279	0.135713	1
1561	3.2832	0.703337	-0.0844015	1
1562	0.0203568	7.78219	0.211167	1
1565	2.65017	16.8257	0.259972	1
1566	1.67188	4.08883	-0.0557098	1
1570	4.77518	8.22139	0.605606	1
1574	0.764422	1.37958	0.21387	1
1575	2.64158	2.2392	0.146423	1
1578	4.95935	16.546	0.0861172	1
1581	1.37569	5.92077	1.22804	1
1583	4.01105	2.48048	0.0189879	1
1584	0.221048	21.9006	0.460187	1
1586	2.24572	19.1801	-0.180449	1
1595	4.38341	20.5029	0.676896	1
1597	2.12451	20.2611	-0.213653	1
1599	4.51215	24.4385	0.243047	1
1609	1.93057	24.4414	0.78079	1
1613	0.74414	24.3967	0.58348	1
1621	4.2269	20.4153	0.24193	1
1623	2.08943	12.0976	-0.57851	1
1632	4.94506	17.2167	-0.700337	1
1634	0.145386	1.81361	0.754419	1
1645	3.4355	16.5394	0.146331	1
1651	4.72573	7.23032	0.640648	1
1653	3.76048	23.5988	-0.262513	1
1656	1.86373	9.26265	-0.372801	1
1658	0.729823	23.8809	-0.0600378	1
1659	2.35901	24.1942	0.959945	1
1664	3.04707	12.1915	0.193565	1
1669	2.32061	16.2438	1.03891	1
1682	0.13064	24.9155	0.179062	1
1690	1.84064	22.0434	0.672434	1
1691	1.39604	22.0882	-0.0600838	1
1713	3.88196	12.7012	0.318077	1
1714	3.67343	17.5751	-0.0813172	1
1731	0.538546	7.3633	0.345533	1
1742	0.517497	10.6296	-0.106959	1
1743	3.04224	0.779082	0.332373	1
1745	4.94228	6.04356	-0.301943	1
1746	3.69385	22.1298	0.0965874	1
1770	1.84212	17.8155	0.605354	1
1771	0.906069	17.9679	0.396434	1
1773	3.57426	19.6227	0.792273	1
1775	2.04259	20.5279	-0.287281	1
1777	4.31072	2.8662	-0.615703	1
1781	4.01386	14.9888	-0.133984	1
1796	3.49588	15.5704	0.584265	1
1803	1.40866	3.75145	-1.12982	1
1809	1.79239	1.10883	0.161359	1
1814	1.06086	14.7982	-0.643589	1
1817	4.8481	13.0621	-0.67318	1
1821	1.39162	24.2735	0.28943	1
1829	0.684167	19.0784	-0.510997	1
1836	0.816736	22.6685	0.20835	1
1847	0.613866	13.6895	-0.175811	1
1850	2.56841	18.3906	-0.67324	1
1855	3.35759	23.1471	0.444103	1
1860	0.348524	2.50589	0.330203	1
1861	1.04747	17.6419	0.613562	1
1870	2.76942	21.6277	0.401275	1
1883	4.68851	21.4241	0.318859	1
1884	1.41874	3.58686	-0.32507	1
1885	0.183032	3.21907	-0.293505	1
1886	3.08373	24.0409	-0.133487	1
1887	3.88794	9.36275	0.00356835	1
1889	2.80756	11.943	-0.246162	1
1896	3.38543	14.2086	0.446304	1
1897	4.45319	10.8095	0.0571589	1
1898	0.718472	21.6745	0.50506	1
1900	0.858233	2.35863	-0.017536	1
1901	2.9691	22.8295	0.274763	1
1909	2.72258	20.2457	-0.113364	1
1913	1.38064	11.1572	-0.15439	1
1915	2.46931	15.4574	0.933639	1
1916	4.42451	24.9174	0.135933	1
1921	3.3165	4.93331	-0.583125	1
1922	0.482516	18.7701	0.646309	1
1923	0.176513	19.141	-0.221672	1
1925	0.0938064	3.91087	0.549059	1
1933	2.51632	8.28952	-0.869184	1
1937	1.00838	2.41116	-0.0668377	1
1946	2.73159	21.134	0.415106	1
1952	4.69981	19.8341	-0.0926821	1
1960	4.22831	13.195	0.389469	1
1961	1.86459	1.62638	0.438372	1
1963	0.227165	2.02482	0.12277	1
1966	3.85883	19.7477	-0.638521	1
1977	2.71406	8.04293	0.191005	1
1978	2.83814	8.84941	0.122286	1
1984	1.06253	12.7755	-0.188416	1
1988	1.97845	10.7872	-0.505042	1
2004	0.722242	7.1925	-0.0702964	1
2005	1.51424	4.89624	0.218208	1
2008	1.71086	5.84107	0.679598	1
2021	1.44825	20.4812	0.912313	1
2024	1.95072	11.5611	-0.267766	1
2025	1.60987	9.89338	-0.203834	1
2027	4.10462	16.1432	1.59268	1
2028	1.70708	19.1413	0.547147	1
2029	1.67644	18.5778	0.258254	1
2039	3.72003	7.9194	0.880927	1
2044	2.24278	20.0866	0.012924	1
2045	1.12288	18.3907	0.105329	1
2047	1.36771	16.5951	0.0466712	1
2052	2.09484	6.72147	0.751227	1
2061	1.43298	21.8408	0.204056	1
2062	1.48209	19.6363	0.0563177	1
2063	2.59832	24.5331	0.761644	1
2066	2.74316	22.1252	-0.233312	1
2067	4.56777	21.1125	0.0539173	1
2069	3.11224	5.06454	-0.537506	1
2071	2.86368	24.4545	0.15953	1
2072	2.16561	2.8178	0.229603	1
2073	3.16297	22.755	-0.211224	1
2083	3.5988	2.73338	0.631696	1
2087	4.95042	8.57602	0.399607	1
2095	3.59258	20.631	0.164726	1
2107	2.68215	17.3761	-0.583415	1
2109	3.9542	1.71868	0.039781	1
2114	4.68879	8.80593	0.0387444	1
2124	0.91477	7.94181	0.491888	1
2125	1.96099	6.25312	0.524105	1
2130	2.31863	2.78099	0.0788864	1
2131	2.82389	20.7753	-0.526764	1
2134	3.80367	13.3781	0.28506	1
2144	4.07122	18.0024	0.180202	1
2146	4.83711	7.15585	0.540557	1
2154	1.64707	14.4346	0.157504	1
2157	0.467244	19.1187	-0.0246661	1
2158	2.56958	6.39554	-0.526546	1
2159	3.13253	7.45305	-0.596252	1
2165	4.90188	9.98057	0.151961	1
2169	1.42104	2.27355	-0.183813	1
2170	2.57872	6.6575	0.0530655	1
2172	2.47997	10.8231	0.272448	1
2174	3.11576	0.233215	-0.0153668	1
2176	4.25732	15.9098	0.158198	1
2187	1.91396	1.57039	0.420595	1
2188	3.53682	4.14514	-0.437085	1
2190	4.09431	3.3386	-0.853137	1
2202	3.87405	3.2543	-0.0745826	1
2204	4.22782	12.3885	-0.0144605	1
2208	1.72533	8.46545	1.46661	1
2213	4.15056	4.15967	-0.0417089	1
2234	3.62957	7.42034	0.191501	1
2245	2.47224	2.26795	0.878704	1
2255	1.27105	8.43863	0.760287	1
2257	1.50347	20.5746	0.0303029	1
2264	4.75179	16.9662	-0.0632424	1
2270	4.35782	21.0954	0.317673	1
2272	4.16742	10.2548	0.591317	1
2274	1.34715	13.3962	-0.4513	1
2280	4.81829	0.472745	0.528282	1
2285	1.87047	11.2706	0.207335	1
2293	4.15423	14.4977	-0.0558403	1
2295	4.02806	15.8294	-0.0943546	1
2296	4.12603	23.3062	0.339565	1
2297	4.68508	22.2209	0.4146	1
2309	1.19501	16.5626	0.713953	1
2317	1.20672	2.51682	-0.0327961	1
2318	1.19775	10.3675	-0.361305	1
2320	4.55679	11.631	0.394704	1
2327	2.57869	22.7757	-0.192592	1
2331	2.51739	18.4482	-0.947263	1
2336	0.852409	24.7462	0.11304	1
2337	2.61863	19.5463	-0.378649	1
2342	2.25863	8.72245	0.0278891	1
2344	4.69074	8.94443	0.130747	1
2348	2.61245	20.8826	-0.35444	1
2350	4.41976	24.2381	0.316459	1
2352	1.76814	24.5995	0.142466	1
2354	1.48953	3.35096	0.166742	1
2362	4.20534	2.41691	-0.298876	1
2363	2.94245	12.7868	0.793941	1
2366	2.12273	21.1622	0.467573	1
2367	4.0597	4.73903	-0.265986	1
2380	1.59629	1.44428	0.241705	1
2385	3.11458	20.1618	-0.104675	1
2390	3.39826	3.02774	-0.379721	1
2394	1.92584	9.40738	0.134107	1
2395	2.195	2.10416	0.206805	1
2404	0.737553	24.9514	-1.38856	1
2407	2.22545	7.59756	0.000101458	1
2409	3.21997	21.5159	-0.0959293	1
2413	1.99301	9.53798	0.204179	1
2419	1.90129	7.14078	0.638095	1
2422	3.20563	18.4078	0.641258	1
2425	0.340924	6.41773	-0.421582	1
2428	0.316135	17.5643	0.12755	1
2429	1.98772	23.8931	0.217064	1
2431	3.002	6.28663	0.376223	1
2432	1.06989	3.71006	0.469874	1
2438	3.80197	20.8402	-0.463554	1
2451	3.49754	9.75329	-0.389818	1
2453	0.795517	7.02461	0.427815	1
2461	2.71086	18.154	0.259502	1
2469	4.06939	2.32191	-0.31614	1
2471	1.5307	5.54521	-0.0144663	1
2472	1.67304	5.06017	0.677718	1
2473	3.69103	0.531714	-0.649412	1
2475	3.59892	17.3873	-0.544036	1
2477	4.81679	19.9118	-0.460063	1
2485	4.57279	14.1287	0.266254	1
2489	2.05928	2.38901	0.0890298	1
2493	2.53673	5.32841	-0.112617	1
2514	3.0641	2.85671	0.337172	1
2522	1.25768	8.04372	0.781594	1
2527	1.41858	17.0312	0.232083	1
2534	1.36289	0.32512	0.842145	1
2535	0.187701	21.5429	0.312316	1
2545	4.5193	7.33584	-0.256627	1
2554	3.08676	13.5612	-0.0697963	1
2555	3.75213	12.8776	-0.584909	1
2556	4.53273	11.8209	-0.758106	1
2563	0.210683	23.2572	0.553365	1
2565	2.87733	14.3355	0.250421	1
2567	2.11012	22.1833	-0.384214	1
2578	4.97684	12.635	-0.0166647	1
2584	4.7869	16.8115	0.936167	1
2590	0.053162	21.837	-0.74867	1
2600	3.62412	20.9581	-0.25326	1
2606	1.58949	6.82959	-0.575555	1
2609	3.94852	1.68324	-0.328347	1
2610	0.683884	23.88	-0.147262	1
2611	1.79652	20.6556	-0.626828	1
2616	4.3489	9.22456	0.219031	1
2620	1.32057	17.8612	-0.133131	1
2633	4.91559	3.94569	-0.883515	1
2640	3.06653	23.0967	-0.828016	1
2643	4.06405	5.19971	-0.748241	1
2644	1.45497	3.50578	0.16325	1
2650	4.45387	1.06113	-0.92602	1
2654	0.00581093	18.4359	-0.471371	1
2655	0.101405	10.3473	-0.0777214	1
2657	4.47268	22.8438	-0.305253	1
2660	3.95383	1.40289	-0.767834	1
2661	0.645117	18.2354	0.340464	1
2668	0.673691	16.5488	0.995489	1
2672	3.10871	24.5431	0.108835	1
2680	0.978601	20.1953	0.209857	1
2687	0.557883	15.7034	1.12048	1
2688	4.43796	7.59041	0.608694	1
2700	4.38854	24.1161	-0.131367	1
2716	4.7243	9.59645	-0.0381887	1
2722	1.14172	15.6988	0.148547	1
2731	1.55324	14.0929	0.11111	1
2732	1.49978	7.67416	-0.767217	1
2740	3.30151	18.5248	0.167361	1
2754	1.51343	7.47445	0.516713	1
2761	1.2977	0.752482	0.452659	1
2762	4.69663	5.42806	-0.275188	1
2765	3.8086	6.27746	-0.479991	1
2773	0.490692	13.4394	0.939581	1
2776	0.347792	15.7157	0.11299	1
2778	0.902107	1.47218	0.377442	1
2779	0.967499	17.4648	1.41862	1
2782	3.12818	18.5501	0.0374859	1
2783	4.88257	8.14517	-0.283052	1
2795	0.270702	7.35154	-0.479134	1
2802	0.48844	1.12086	-0.283079	1
2816	0.985644	16.3627	0.0399851	1
2817	4.85328	12.8913	0.10782	1
2821	3.75757	10.5375	0.386338	1
2822	2.71317	8.38671	-0.231588	1
2830	4.20873	8.7521	0.213325	1
2837	0.510494	13.0878	-0.555563	1
2839	0.39244	18.7377	-0.0337293	1
2846	0.824973	19.3694	0.367993	1
2855	1.08549	8.46809	-0.54038	1
2860	4.81502	16.8808	-0.440501	1
2864	3.69478	6.79987	-0.396127	1
2866	2.26371	14.7301	0.172965	1
2867	3.43007	0.301872	-0.734612	1
2874	1.12753	14.8781	-0.343992	1
2879	4.33251	24.6964	-0.725733	1
2889	3.52643	5.13326	-0.0464457	1
2892	1.56194	4.40816	0.312653	1
2894	2.3461	10.3669	0.017979	1
2895	2.54306	10.266	-0.287415	1
2905	2.61588	21.303	1.01971	1
2906	2.1199	21.9549	-0.33851	1
2914	4.70883	5.74329	0.234254	1
2916	0.165369	15.3849	0.250143	1
2922	0.157866	4.18266	-0.125592	1
2924	1.93634	20.8043	0.856486	1
2930	2.21041	8.30152	-0.091411	1
2935	1.68272	9.81574	0.604086	1
2947	3.13066	11.7369	-0.286911	1
2949	0.0700682	20.5806	-0.492875	1
2951	1.69755	3.13199	-0.0779341	1
2952	0.828514	12.415	-0.0387669	1
2960	0.81664	17.8558	-0.591635	1
2965	4.38227	22.7369	-0.379763	1
2967	4.12595	1.02748	-0.135251	1
2987	3.47743	21.616	-0.167416	1
3007	0.586953	24.2162	0.402204	1
3008	0.286822	23.9542	0.54712	1
3025	2.20496	4.11655	0.789535	1
3029	4.57817	10.8436	0.576657	1
3032	0.201925	18.4298	-0.0784238	1
3033	2.64031	7.25089	-0.216291	1
3034	3.18157	0.366814	-0.199649	1
3064	4.02936	23.7419	-0.303726	1
3071	1.47522	18.7117	0.00477716	1
3099	1.95751	5.46323	0.605651	1
3101	0.758364	16.8706	1.09133	1
3103	3.06196	13.1037	0.0765863	1
3110	0.865114	21.4759	-0.273993	1
3111	1.60691	21.48	-0.0300616	1
3116	1.46774	11.253	-0.50875	1
3122	2.81691	19.5447	0.439621	1
3123	3.12769	20.5345	0.197413	1
3138	3.00728	23.7072	0.364258	1
3139	0.487228	11.2596	0.445927	1
3144	2.38384	5.76913	-0.126725	1
3147	4.63735	19.8022	-0.443403	1
3149	1.50041	10.3256	0.528176	1
3151	2.17394	18.2383	-0.0487893	1
3152	4.1302	10.791	0.218337	1
3153	1.16295	24.1203	0.473057	1
3155	3.28074	19.039	0.0452436	1
3158	4.68865	23.3731	-0.514113	1
3161	1.33573	9.89343	0.518234	1
3162	0.788493	6.12074	-0.794663	1
3163	0.92581	6.53896	0.564689	1
3166	0.79795	5.56961	-0.0909271	1
3175	1.81827	17.0175	-0.0970869	1
3180	0.976259	12.38	-0.243805	1
3183	0.796438	1.65801	-0.353348	1
3184	0.804198	3.22532	1.06476	1
3185	3.65567	15.8183	0.133753	1
3195	2.29259	23.2464	0.627601	1
3197	3.69999	7.6898	-0.158455	1
3201	4.79057	0.517783	0.372176	1
3209	1.69815	12.2779	-0.00887992	1
3212	2.51696	22.5163	0.00339729	1
3213	3.76008	10.3088	-0.0171289	1
3217	4.35824	6.84508	-0.476858	1
3218	4.82338	6.74286	-0.131589	1
3228	1.42025	9.04966	-0.357927	1
3230	1.28748	0.0517252	0.0219217	1
3231	1.49705	9.09381	-0.0221769	1
3234	1.89221	7.34068	0.434942	1
3235	1.94345	7.77789	0.129456	1
3236	1.13073	23.2771	-0.312078	1
3244	3.60275	3.20393	0.40596	1
3254	4.32438	4.03857	0.571379	1
3257	2.6471	13.0554	0.0270971	1
3266	2.81362	1.336	0.102454	1
3268	0.443077	21.2709	-0.387431	1
3269	4.74619	24.5543	-0.166462	1
3280	1.87073	11.2533	0.488793	1
3286	4.36132	6.07198	0.193549	1
3288	2.45176	5.13615	0.426343	1
3298	3.78518	3.02636	0.536527	1
3302	4.47402	23.365	0.529477	1
3308	2.70189	2.23296	0.130345	1
3315	4.59319	9.47057	-0.0653198	1
3318	3.91518	19.2666	-0.112433	1
3320	4.35034	9.99024	-0.0499651	1
3327	4.55084	8.05793	-0.0187107	1
3338	1.60935	15.5899	0.232105	1
3339	1.75067	15.1627	-0.0170152	1
3347	3.28441	16.4522	0.254454	1
3348	3.02973	6.22084	0.249666	1
3351	2.00115	10.3819	0.675511	1
3353	4.76179	19.6576	-0.0709541	1
3362	3.39718	21.2191	0.947789	1
3373	4.2473	24.8878	0.387841	1
3375	1.91183	16.2854	0.557374	1
3377	3.60672	10.2784	0.652273	1
3378	4.02978	10.8381	-0.0858084	1
3386	4.71387	1.29402	-0.529084	1
3394	3.80969	23.506	-0.192983	1
3399	2.05251	7.81655	0.445556	1
3400	3.06234	16.7297	0.690314	1
3411	0.765887	4.59992	-0.00333178	1
3413	1.15151	20.2241	-0.545749	1
3416	2.88197	10.8044	-0.426605	1
3418	4.24405	11.7788	-0.201076	1
3423	4.97285	12.1708	0.863784	1
3425	2.91844	11.1206	0.132395	1
3433	3.03122	24.9452	0.297449	1
3436	1.04927	13.3083	0.68533	1
3454	2.95105	21.8366	-0.110202	1
3460	4.49852	15.7225	-0.0768491	1
3462	3.0005	1.3529	0.461157	1
3469	4.06609	10.9692	-0.764436	1
3471	1.68911	19.9281	0.142111	1
3476	4.16885	14.4471	-0.32126	1
3480	0.129745	15.1429	-0.194125	1
3484	0.785071	1.06346	-0.459583	1
3493	4.85241	7.2247	0.177142	1
3508	4.6259	5.71343	-0.168694	1
3523	4.01686	10.5088	-0.0447332	1
3524	4.16192	10.8525	-0.010771	1
3525	3.79528	10.2729	0.799627	1
3531	2.63705	12.428	0.339918	1
3532	2.40613	6.9701	0.384021	1
3534	3.08798	22.2463	0.19947	1
3538	1.06115	2.26721	-0.358323	1
3539	0.645072	16.0968	-0.114166	1
3542	0.602972	7.00136	0.315566	1
3543	0.606287	11.1396	0.193344	1
3580	2.22154	0.712884	0.167048	1
3585	0.215703	7.76584	0.558657	1
3590	0.340144	13.5326	0.674965	1
3596	1.48894	4.80622	0.37498	1
3600	3.06036	13.0876	0.226483	1
3602	3.59788	14.9268	0.366092	1
3608	3.54161	18.5463	0.250404	1
3609	2.93173	8.7443	-0.510809	1
3610	0.53981	21.7546	0.0337033	1
3613	3.59137	11.7479	-0.62675	1
3614	1.29063	11.0709	0.275483	1
3621	3.95	5.02171	0.383836	1
3622	4.04931	4.54878	1.05339	1
3623	4.582	1.55271	-0.235995	1
3629	4.9576	5.77904	0.653485	1
3630	0.927475	13.3899	-0.0561365	1
3637	2.17381	8.92413	-0.157024	1
3638	1.34672	8.14603	-0.377127	1
3643	2.50607	1.65598	-0.497403	1
3646	4.16398	5.88058	-0.463918	1
3647	1.45688	4.24896	-0.774595	1
3648	1.03373	23.7279	0.134485	1
3649	0.221042	23.5483	0.392746	1
3657	4.78358	9.02903	0.371639	1
3659	3.82719	12.5903	0.166593	1
3663	2.30464	15.1515	0.319349	1
3689	4.98638	19.6751	0.252839	1
3690	1.92407	20.3973	-0.279024	1
3693	1.39598	3.87662	-1.0152	1
3699	0.644301	9.94869	-0.435374	1
3701	2.48234	21.1179	0.244132	1
3702	0.529662	6.81598	-0.34078	1
3720	1.03444	21.67	-0.00729236	1
3721	2.92384	0.365814	1.19347	1
3725	4.71923	9.88323	0.108442	1
3734	4.35884	19.6158	-1.42586	1
3735	3.9208	20.0353	-0.168127	1
3744	1.281	21.5696	-0.0140604	1
3747	3.73924	21.4968	-0.378724	1
3762	3.71079	10.9502	0.437129	1
3769	4.21774	6.04854	0.299027	1
3772	0.984043	19.1585	0.860497	1
3788	1.28171	0.958786	-0.104396	1
3790	3.78505	23.7356	-0.122025	1
3791	4.77104	3.95892	-0.337265	1
3792	4.50133	4.34987	-0.0789384	1
3793	4.48169	3.98864	-0.186891	1
3800	2.20819	7.18556	-0.289134	1
3801	2.72682	12.3064	-0.640673	1
3809	1.4177	6.71816	0.534348	1
3811	4.91423	18.8413	-0.0539765	1
3819	4.8892	7.8086	0.0640603	1
3824	1.77867	18.3765	0.912524	1
3836	2.45422	10.1946	0.282205	1
3838	3.55504	23.779	0.880361	1
3839	3.30581	6.67039	0.638503	1
3855	3.01453	22.6908	-0.218857	1
3870	1.16212	16.6896	0.833453	1
3875	2.75843	14.4813	-0.0597505	1
3879	3.266	10.4518	-0.39159	1
3884	1.3299	5.2564	-0.647917	1
3886	2.11387	3.80182	0.119917	1
3895	1.22098	21.1219	-1.44345	1
3900	2.00945	22.5095	-0.236356	1
3902	1.65012	3.30113	-0.762577	1
3914	0.777379	0.678389	-0.136901	1
3917	3.27266	7.20736	-0.362152	1
3920	2.26286	2.0085	0.178039	1
3942	2.67918	20.4084	-0.0460966	1
3945	4.18911	1.84774	-0.467131	1
3949	4.49368	12.1117	0.346086	1
3962	1.32909	0.767101	-0.098821	1
3965	4.99084	24.8032	0.367109	1
3969	3.09139	0.729533	0.133237	1
3970	3.16515	0.81063	0.357661	1
3982	2.82926	20.6775	-0.0600509	1
3994	3.05055	8.27873	0.39054	1
4004	0.49631	14.9006	-0.359235	1
4005	1.06277	14.9051	-0.109238	1
4010	3.0936	19.1605	-0.631527	1
4015	0.935135	6.88382	-0.00988084	1
4017	1.37853	18.5493	-0.43768	1
4022	2.77675	7.31172	1.14453	1
4023	3.30467	12.84	0.230786	1
4025	1.95866	20.1894	-0.559014	1
4029	2.69742	2.37192	0.169252	1
4033	2.00985	6.12859	0.584682	1
4034	4.30847	11.0676	0.118056	1
4038	0.765412	2.8456	0.730043	1
4040	3.5342	2.85305	-0.0323387	1
4045	4.01993	22.202	0.320031	1
4047	0.183513	9.94612	0.486925	1
4048	0.352673	9.80015	0.535733	1
4054	2.13541	7.24871	0.621331	1
4060	1.38544	10.8892	0.0142555	1
4064	3.73459	1.7137	-0.225552	1
17	7.78564	4.36524	0.752476	2
24	5.52623	2.47005	-0.924055	2
28	5.46636	11.9777	0.568145	2
33	5.88059	24.2933	0.239331	2
34	6.78126	1.23614	-0.312357	2
35	8.84545	10.4855	-0.375082	2
36	9.71017	22.9326	-0.154869	2
38	8.76586	5.34484	-0.426666	2
41	5.96713	21.4277	-0.215077	2
42	8.84122	7.37853	0.59607	2
54	8.42927	20.0426	0.0925474	2
55	5.2562	16.9374	0.112291	2
56	8.75642	3.45838	0.181227	2
57	7.63292	11.5271	0.319613	2
58	8.11877	19.8094	0.00645814	2
64	5.67274	15.5992	-0.260953	2
66	7.53447	3.16851	-0.0629616	2
73	5.98286	13.4305	-0.516132	2
79	6.25512	16.9312	0.272841	2
83	6.83162	1.08094	0.00769708	2
90	9.04172	4.13718	-0.634643	2
107	7.48334	3.8929	-0.728431	2
111	6.0068	0.672773	0.44306	2
112	9.25649	15.7192	0.823972	2
142	5.92764	14.0562	0.253051	2
146	7.98202	6.46504	0.021712	2
153	9.87138	6.1695	-0.122284	2
171	7.22334	9.70241	-0.211709	2
174	7.2819	23.2302	0.0643825	2
177	5.3089	8.27595	0.384491	2
178	8.06266	16.7125	1.35726	2
179	7.29023	1.67602	0.978523	2
182	8.54935	13.0394	-0.586197	2
185	7.93305	13.7327	-0.379079	2
197	7.72991	2.87994	0.370344	2
215	9.1977	9.12413	0.0378222	2
228	5.22045	23.8485	-0.222658	2
230	9.5214	23.0422	-0.285164	2
232	9.45923	16.1091	-0.368405	2
234	8.79434	17.7799	0.287664	2
236	7.30476	1.94161	0.624859	2
237	7.33881	15.2312	0.147271	2
238	6.36621	19.6026	0.222263	2
239	7.6729	7.81626	-0.840818	2
248	8.42659	17.3146	0.288652	2
254	9.16362	16.8794	0.782858	2
261	8.54247	19.1719	-0.203482	2
263	9.41259	13.6085	-0.536993	2
264	6.13601	11.7629	-0.31186	2
270	7.26132	3.86825	0.211447	2
277	9.02699	24.7052	0.389045	2
282	8.34556	0.738157	-0.625427	2
283	9.1955	8.74483	0.371381	2
284	8.99192	19.299	-0.293468	2
292	5.6213	3.29271	0.177521	2
295	9.57936	22.4051	-0.0782877	2
296	8.49145	6.53994	0.172625	2
299	5.64123	23.886	-0.900544	2
307	5.34	13.7523	-0.0246606	2
315	7.96712	24.4496	-0.213783	2
316	6.54559	17.3044	0.0901484	2
322	5.23613	16.2541	-0.00109426	2
324	6.96754	15.4396	-0.291067	2
331	5.14478	10.5016	-0.055283	2
335	5.26087	7.30897	-0.00381338	2
337	9.10304	12.9809	0.0212313	2
343	9.97383	15.32	1.15599	2
345	6.19944	15.5863	-0.558218	2
349	8.11485	1.1001	-0.406001	2
352	9.97122	19.0566	0.477188	2
353	9.63355	1.59771	-0.14696	2
355	8.96338	8.09128	0.112549	2
356	6.93539	24.0944	0.697232	2
360	5.33652	11.72	-0.287719	2
363	8.48283	5.69003	-0.0457507	2
364	6.75031	18.3577	0.69349	2
370	8.59339	20.3703	0.110108	2
372	9.06278	24.2837	-0.0434447	2
373	6.52324	5.17803	0.0256798	2
376	5.83559	20.1927	-0.224525	2
381	6.41876	22.3833	-0.0425575	2
383	6.23661	8.00959	-0.138196	2
392	8.40921	1.82898	0.337033	2
397	9.97097	24.8311	-0.0332108	2
401	6.60092	24.9201	-0.249217	2
406	9.28386	9.00826	-0.441036	2
420	8.69	19.0511	-0.0945308	2
422	6.11455	15.6084	0.351026	2
438	7.81707	12.2169	-0.562054	2
440	7.77268	20.1213	0.104984	2
444	9.64604	12.7921	0.0988285	2
453	9.70542	16.5661	0.83471	2
454	6.80719	3.7906	0.191629	2
456	6.8335	17.3384	0.757733	2
461	5.76082	12.6431	-0.0852232	2
464	6.52974	0.0170163	-0.0228193	2
474	7.57824	11.2273	0.502972	2
478	5.10689	18.3938	-0.283661	2
485	7.77204	4.11051	-0.133639	2
486	9.00877	13.3482	0.305311	2
497	6.26805	9.31558	-0.647435	2
499	8.43434	22.0108	-0.0840686	2
509	6.88364	12.8817	0.455719	2
513	8.27966	22.2536	0.111301	2
521	5.21228	0.369553	0.617379	2
527	8.31529	6.81661	0.301133	2
538	8.77536	9.53761	-0.353148	2
542	8.6328	14.2079	-0.0337014	2
546	6.9595	2.56668	-0.0692755	2
552	7.18161	2.00287	0.252168	2
565	8.76357	21.861	0.246331	2
567	7.94776	18.5546	-0.342344	2
575	9.18303	20.1207	-0.203254	2
578	8.43961	8.66816	0.442457	2
583	9.67136	6.20607	-0.0368329	2
589	8.17056	14.6941	0.723591	2
593	7.98988	21.8964	0.358758	2
599	5.32481	17.348	0.4046	2
602	6.40858	4.21717	-0.326907	2
603	5.51209	6.35859	0.674625	2
617	5.02806	16.2984	0.50959	2
623	6.30224	3.48735	-0.772047	2
624	9.22131	22.1034	-0.885327	2
626	7.45127	5.55449	-0.271159	2
641	7.60946	23.0893	-0.0472428	2
644	7.36585	12.5481	-0.343975	2
646	8.65524	8.11032	0.599542	2
657	9.34602	3.30587	-0.725933	2
659	9.53418	18.3317	0.208487	2
662	7.46589	12.2531	0.634464	2
668	9.83612	16.6515	0.175429	2
675	9.59756	22.6476	0.255835	2
682	6.1286	18.3069	-0.469974	2
689	9.88134	5.93496	0.132024	2
690	8.82688	20.9644	0.0789268	2
692	9.56839	3.27839	0.142289	2
694	9.0295	15.1907	0.516058	2
700	5.82015	6.97916	0.269247	2
701	9.02495	24.0969	0.3484	2
704	8.20659	20.8749	0.0568911	2
705	7.12091	19.6052	-0.0469216	2
713	6.84499	23.21	-0.372318	2
714	6.08927	17.2363	0.281607	2
718	6.08143	16.979	-0.152936	2
721	5.61661	7.69073	0.692896	2
723	8.88249	8.09384	0.187247	2
726	7.12411	13.612	0.387806	2
727	9.09268	14.0838	0.479688	2
730	6.1975	4.59522	0.457536	2
735	6.25638	20.2453	-0.153302	2
736	7.67358	5.78032	0.353139	2
739	7.60527	23.3675	-0.140343	2
743	9.91598	21.6567	0.149058	2
744	8.34954	8.88442	-0.651892	2
747	7.48177	14.1607	0.0881918	2
751	5.28554	8.24254	0.342696	2
754	6.70616	3.84302	-0.188448	2
756	7.8875	1.21106	0.115416	2
758	5.72003	21.2373	0.585415	2
759	7.12156	8.81343	0.221408	2
764	6.7996	8.79101	-0.188529	2
765	8.27279	23.5679	-0.3077	2
767	8.5429	6.43857	0.283382	2
768	8.9368	14.8429	0.0527294	2
779	7.22702	5.78726	0.154862	2
781	8.99197	14.4778	0.38368	2
784	9.00358	16.7204	0.322222	2
786	5.29066	22.7555	0.139916	2
787	7.44421	4.56649	-0.0181912	2
789	9.89283	18.43	-0.148426	2
811	5.37637	15.4765	-0.403104	2
816	6.10402	16.6378	0.142725	2
817	6.90094	20.1631	-0.445103	2
822	8.91726	0.0113383	-0.404954	2
838	5.05974	10.5652	-0.314679	2
843	6.0765	21.0567	0.386662	2
847	8.2493	21.8851	-0.38631	2
848	7.50172	22.2292	-0.20875	2
850	9.48102	1.87733	-0.467405	2
851	5.6992	9.74291	0.873861	2
852	7.81931	15.5478	0.572768	2
857	9.98645	23.937	-0.69443	2
866	8.72275	21.1139	-0.166861	2
868	7.89022	22.1703	-0.826927	2
870	6.37109	18.0533	0.232745	2
877	8.18771	24.7694	-0.0747568	2
880	6.90688	4.04892	0.247218	2
882	6.26814	4.27416	-0.00681631	2
894	7.67606	22.2275	-0.184301	2
897	5.78624	21.6801	0.554332	2
914	8.70576	8.82469	1.66659	2
926	5.71158	11.5298	0.3329	2
933	7.53459	7.55701	0.220987	2
934	9.39613	17.9868	0.000258638	2
937	8.14227	5.69946	-0.702392	2
940	8.18531	9.18753	0.173639	2
944	5.80642	4.54303	-0.455639	2
949	9.29902	4.09358	-0.159364	2
951	9.93295	19.5212	0.694495	2
955	9.09462	5.1042	-0.505527	2
956	5.19071	24.1662	-0.69096	2
957	5.94632	2.87998	0.462956	2
958	6.06823	0.443302	0.110274	2
965	8.32803	4.38274	-0.434588	2
966	6.58433	3.30733	0.127592	2
967	6.63692	14.8799	0.581587	2
973	5.92798	5.40418	0.0371797	2
978	5.20865	10.0576	0.203956	2
980	8.92639	15.3499	0.512952	2
990	7.03725	10.1724	-0.63848	2
995	6.60185	17.8644	-0.31133	2
1008	9.01067	5.00586	-1.01937	2
1017	7.42251	11.7957	-0.187857	2
1019	5.87722	1.13031	0.232881	2
1021	9.06886	23.8949	0.28323	2
1030	7.77098	11.4514	-0.781294	2
1043	9.61941	6.35046	-0.206853	2
1044	9.43319	24.4142	0.412324	2
1045	5.48818	4.48053	0.450458	2
1056	6.84895	4.84507	0.500548	2
1067	7.32642	23.5665	-0.307168	2
1075	9.40835	16.4423	-0.55996	2
1078	6.06065	23.9534	0.579877	2
1079	5.47921	24.4417	0.283142	2
1081	8.62054	0.380899	-0.0906647	2
1082	7.44395	0.681178	-0.0215436	2
1086	9.82492	8.28564	-0.0748348	2
1089	5.14814	18.0385	-0.194583	2
1091	8.86372	23.2907	0.225584	2
1094	7.26299	7.87403	-0.435166	2
1095	5.33815	22.0002	0.080024	2
1096	9.05142	13.2216	0.887971	2
1103	6.98671	0.330131	0.19817	2
1106	5.9437	18.1185	0.201198	2
1108	7.87074	10.8278	0.501315	2
1111	8.98354	6.44427	-0.139435	2
1113	6.06463	8.10012	0.0662724	2
1117	8.36473	2.86886	-0.472402	2
1118	9.80049	22.6374	-0.189587	2
1121	8.76238	23.2255	-0.399993	2
1122	6.8509	10.3869	0.526913	2
1124	6.31859	23.4518	0.305316	2
1126	6.15579	0.418446	0.443401	2
1129	7.31198	7.89616	-0.210621	2
1135	9.0373	12.8317	-0.199166	2
1138	7.15568	2.27085	0.530895	2
1143	7.96792	3.18729	0.215062	2
1146	7.32037	22.4658	0.495062	2
1150	6.03916	2.64821	0.187527	2
1165	5.41404	20.3843	-0.101157	2
1171	6.76834	14.4709	-0.812941	2
1173	6.61642	22.6576	0.258262	2
1174	7.69132	10.3917	-0.0964815	2
1184	7.59656	2.46937	0.832264	2
1186	7.20524	4.46041	0.536502	2
1187	6.08382	18.061	-0.0453989	2
1196	9.87826	7.73315	-0.432477	2
1197	9.70912	0.894241	-0.783663	2
1199	9.19752	12.3792	0.101041	2
1206	8.85788	16.2518	0.321286	2
1215	9.75728	12.487	-0.477422	2
1216	5.93498	6.70924	-0.317904	2
1219	8.98105	3.55809	-1.20082	2
1221	7.13813	9.70141	-0.250795	2
1222	5.01353	11.0935	-0.528253	2
1233	5.13862	23.163	0.095577	2
1237	5.66397	9.36244	-0.527667	2
1239	9.81045	2.9975	-0.188193	2
1252	9.31861	6.08307	0.768358	2
1258	5.29821	4.90939	0.0533263	2
1259	6.16646	21.6226	0.796152	2
1268	6.60398	13.6563	0.884015	2
1272	8.1985	12.3469	-0.511882	2
1286	6.13713	15.1562	0.0475109	2
1287	9.11224	10.8279	-0.000818269	2
1288	5.48703	20.7831	0.33253	2
1292	8.2908	18.2667	0.151804	2
1309	8.92331	18.0721	0.0412575	2
1315	7.67131	10.2018	0.431556	2
1318	5.97581	22.9199	-0.138415	2
1321	9.35127	17.1835	-0.174595	2
1328	5.98863	8.89686	-0.112286	2
1336	9.94123	0.387894	-0.500194	2
1338	9.05524	22.6511	-0.372824	2
1343	5.35575	10.6847	-0.126515	2
1354	8.68202	5.23637	-0.0316905	2
1358	8.76112	7.29498	0.347636	2
1368	5.82024	8.631	-0.552243	2
1371	7.49601	23.6869	-0.66435	2
1372	7.46179	10.1412	-0.0516196	2
1376	9.36217	23.8341	0.363164	2
1377	9.25836	22.7612	0.382958	2
1381	8.20597	9.28276	0.0232802	2
1387	9.86793	11.4091	0.035347	2
1402	6.4777	8.21557	-0.55054	2
1404	9.1096	13.0514	0.456762	2
1412	5.44045	7.30736	0.50587	2
1419	6.10209	4.4067	0.269458	2
1421	9.8776	20.3603	0.0622157	2
1422	8.38778	20.295	0.248693	2
1432	5.13834	21.5795	-0.476438	2
1437	5.46349	21.996	0.259595	2
1443	8.14066	10.498	-0.317972	2
1448	5.29566	15.1363	0.621582	2
1452	6.24957	12.1735	0.635665	2
1453	9.38121	24.9338	-0.433965	2
1459	7.66068	6.40701	0.539517	2
1463	7.95089	3.89233	-0.2826	2
1469	5.67392	13.7782	-0.207138	2
1477	8.368	3.10003	-0.204314	2
1479	5.81964	2.48691	0.707128	2
1486	7.07166	6.43849	-0.117283	2
1487	8.60103	21.9077	-0.362949	2
1491	5.96725	11.4218	0.25898	2
1492	9.98894	13.3445	1.2312	2
1497	7.77129	13.3429	0.018125	2
1500	5.1169	0.436269	0.340894	2
1506	7.01641	15.8511	-0.625132	2
1507	9.16198	16.59	1.20984	2
1518	7.66576	18.3059	0.194096	2
1521	5.81251	5.47669	0.236815	2
1527	6.35785	10.4976	-0.0631694	2
1528	8.95029	10.0466	0.385416	2
1534	6.36884	6.7945	-0.237813	2
1536	6.01456	19.682	0.134326	2
1539	8.51278	11.3378	0.190853	2
1542	5.25898	0.850259	-0.610161	2
1548	6.54631	5.31762	0.031226	2
1553	9.53547	13.5353	0.36327	2
1557	8.29226	8.58446	-0.0635353	2
1563	6.815	22.2033	-0.057776	2
1564	9.43821	15.7816	0.680915	2
1579	8.20958	16.4898	0.0814178	2
1582	5.77209	15.2317	-0.109716	2
1592	6.43975	14.353	-0.219395	2
1593	5.2997	14.9398	0.255819	2
1596	8.57286	14.5145	0.148578	2
1602	5.65661	7.00631	0.834927	2
1603	9.22423	15.3732	-0.0762449	2
1611	7.54245	8.55453	0.704166	2
1612	7.38112	20.8112	0.822996	2
1616	9.12065	9.59255	-0.0106918	2
1620	6.00661	23.2443	0.142577	2
1628	6.94081	15.4584	-0.420928	2
1629	7.9514	15.5547	0.401908	2
1648	8.42946	24.7508	0.113173	2
1652	5.09841	6.88112	0.421868	2
1675	7.67709	3.01118	0.1151	2
1676	6.23	3.03459	-0.10018	2
1680	7.82046	4.82117	0.165102	2
1685	5.37196	12.0552	-0.760293	2
1687	7.93409	16.9556	0.307624	2
1697	5.25329	22.3715	-0.497877	2
1706	8.56921	5.39215	0.331728	2
1709	6.88785	14.9457	-0.253919	2
1710	6.31812	2.06456	-0.299407	2
1711	6.60722	2.27103	0.355724	2
1712	6.50256	20.6859	-0.109606	2
1718	5.05415	7.89817	-0.428112	2
1722	8.62557	18.6348	0.711212	2
1732	9.70369	18.0914	-0.015531	2
1735	5.24515	6.55193	0.620603	2
1736	9.64034	19.6437	0.500583	2
1740	9.08999	4.91424	0.0989566	2
1741	8.17735	19.5271	0.592674	2
1748	6.44164	20.2895	-0.73915	2
1754	9.76913	15.5455	0.528402	2
1756	6.17445	24.5554	0.207515	2
1765	8.20502	7.71441	0.688264	2
1768	8.23057	22.8099	0.0168025	2
1772	6.91047	1.93882	0.251865	2
1776	8.52871	12.4064	0.0590204	2
1782	5.99134	1.99596	0.662576	2
1799	6.28145	17.9057	0.0615142	2
1815	5.162	20.9417	-0.666071	2
1816	5.89035	4.46661	-0.148403	2
1818	7.01945	2.03091	0.0228603	2
1820	6.30071	14.0055	0.645269	2
1822	5.17324	19.561	0.0300155	2
1827	9.15116	7.06053	-0.0316284	2
1828	7.19302	6.28245	-0.0412874	2
1830	6.46285	11.676	-0.291892	2
1834	8.34895	23.4599	0.018843	2
1835	8.26182	23.0051	-0.617519	2
1843	8.06406	24.225	0.165385	2
1845	5.11389	5.17713	0.117921	2
1849	7.67456	22.547	-0.0592862	2
1856	8.16555	24.3191	0.810311	2
1857	5.71407	6.71901	0.568556	2
1865	5.25788	3.94488	0.13317	2
1866	6.88765	19.839	0.202521	2
1878	5.88392	10.5855	-0.669542	2
1888	7.02266	21.6198	0.0649513	2
1891	9.06502	4.83549	-0.275316	2
1899	9.38178	7.84075	-0.213481	2
1905	6.32879	15.2008	-0.99676	2
1908	9.25835	0.698634	-1.30056	2
1920	5.4786	7.57237	-0.546837	2
1926	6.17638	15.4369	0.453066	2
1927	5.89525	14.4371	0.0342363	2
1931	8.67544	19.4771	0.378015	2
1932	5.56537	5.84843	0.468977	2
1935	5.6534	16.0179	0.555461	2
1940	7.61779	14.0446	-0.182983	2
1941	7.72195	21.4757	-0.572334	2
1943	9.3716	10.7468	0.400278	2
1944	8.63642	9.91474	-0.14288	2
1955	6.49732	7.31469	0.31957	2
1956	5.16774	7.3197	-0.252681	2
1967	5.27114	24.9634	-0.424846	2
1971	9.81855	8.83046	-0.0181671	2
1974	9.77358	16.5237	1.2442	2
1983	5.49682	22.1447	0.339559	2
1987	6.31501	1.63364	0.056794	2
1991	5.5653	10.1486	0.485783	2
1992	6.1454	10.4765	-0.436262	2
1996	8.09645	7.80749	-0.499925	2
1997	8.43669	0.183544	-0.110329	2
1998	6.46176	0.0868072	-0.274975	2
1999	5.76332	9.0761	-0.859058	2
2000	7.69041	15.1417	-0.564094	2
2003	8.98638	15.2175	0.10358	2
2007	6.6323	19.6109	-0.534723	2
2010	7.04874	17.1439	0.723858	2
2015	8.55723	18.8358	0.166319	2
2016	7.12547	23.9494	-0.483089	2
2023	5.06901	6.83132	-0.468835	2
2030	7.51741	11.6633	-0.229816	2
2038	9.02429	11.5024	0.0770358	2
2040	6.67343	9.41436	0.99184	2
2046	6.55859	15.5523	-0.0814167	2
2048	5.73759	16.0697	-0.0282741	2
2053	9.27	0.198056	0.0750772	2
2057	9.47665	16.8087	0.171436	2
2064	8.87309	23.2698	-0.325519	2
2068	7.62504	4.26131	0.179164	2
2076	7.82076	21.4935	0.0556185	2
2079	9.2288	2.16201	-0.00884916	2
2085	6.5291	11.2171	0.0471425	2
2089	7.68429	18.0571	-0.0316147	2
2090	8.25062	21.98	-0.215508	2
2092	7.82559	20.1028	0.058474	2
2096	5.11936	22.4845	0.00755203	2
2097	6.32657	21.705	-0.514386	2
2105	8.37806	6.56388	0.392748	2
2111	5.63659	8.91157	-0.0520302	2
2113	6.16238	7.27565	-0.379107	2
2116	9.43275	11.7677	-0.349053	2
2118	9.86408	3.47	-0.443656	2
2121	5.75175	18.3442	0.240423	2
2128	5.32449	6.45693	-0.652603	2
2135	7.95948	4.98816	-0.412143	2
2148	5.35638	16.305	0.147171	2
2167	6.82954	17.7131	0.335052	2
2171	9.31739	21.3379	-0.293592	2
2194	7.50901	20.9825	-0.356364	2
2195	6.09126	9.80206	0.332267	2
2201	8.76225	11.9051	0.876295	2
2205	6.30253	15.867	-0.213113	2
2206	7.19123	18.9376	-0.205326	2
2210	9.06916	7.17001	0.378334	2
2212	9.68023	2.66606	-0.2368	2
2214	7.34651	14.1643	0.192424	2
2219	7.81396	19.1636	-0.350417	2
2220	9.90946	7.16513	0.193225	2
2227	7.66624	8.17803	-0.551375	2
2232	9.60856	10.3984	-0.00533722	2
2233	6.22129	0.364316	-0.292269	2
2235	9.05824	24.1825	0.0924343	2
2239	5.33876	4.48442	0.722999	2
2241	9.56878	16.639	0.289189	2
2242	6.67203	3.14574	0.500797	2
2243	9.7945	19.4798	0.0618575	2
2249	9.7655	7.04622	0.245886	2
2258	9.86172	14.6074	0.0747744	2
2259	7.13676	15.9034	0.386513	2
2273	5.37611	20.7029	-0.657518	2
2281	8.26003	1.21208	0.597989	2
2286	9.66783	13.558	0.25564	2
2289	5.36826	22.1768	0.529183	2
2298	5.43338	9.8421	0.290504	2
2300	6.23543	5.74498	0.640844	2
2301	5.18422	8.76927	0.483814	2
2305	6.37059	9.02568	-0.230978	2
2307	9.77273	8.3186	-0.273516	2
2315	9.67565	9.27116	0.0675415	2
2316	6.67198	14.9857	0.283029	2
2322	7.22066	13.1238	0.125555	2
2324	9.45148	8.48003	0.225412	2
2325	7.47062	4.63082	0.236179	2
2338	9.23166	22.3566	0.141183	2
2339	9.51879	21.9915	0.702832	2
2345	9.6364	12.6644	0.295428	2
2346	6.07215	3.36696	0.203729	2
2351	9.64723	8.17088	-0.794434	2
2370	6.93194	16.9733	-0.399289	2
2372	8.32387	12.2621	-0.0439887	2
2383	7.33847	7.36323	-0.282735	2
2392	6.86017	5.18428	-0.119408	2
2398	7.1399	16.4643	0.64494	2
2400	6.33293	20.0466	0.00479224	2
2401	7.94243	20.1844	0.281829	2
2408	6.93295	5.12914	0.551143	2
2427	5.83578	20.5598	-0.302642	2
2437	6.23653	13.8023	0.250877	2
2441	5.2793	3.11343	0.0165048	2
2442	5.06865	1.60076	-0.0685899	2
2445	9.3877	7.00182	0.572312	2
2458	7.33397	9.60758	0.770273	2
2459	6.85305	22.4809	-0.131103	2
2463	9.89684	19.1446	-0.0165148	2
2467	7.52424	9.66034	-0.715127	2
2468	5.34794	3.62183	-0.29121	2
2470	7.94093	24.9242	0.335257	2
2481	7.61855	2.80149	0.0416083	2
2482	6.57583	16.2721	-0.405841	2
2484	7.13286	13.4603	-0.00320352	2
2492	8.86704	5.68407	-0.121999	2
2498	9.33465	0.151321	-0.105506	2
2505	8.18166	7.63492	0.434124	2
2510	6.08844	0.0935413	-0.262313	2
2513	6.2424	0.500509	0.301168	2
2518	9.49488	10.7888	-0.730369	2
2521	5.74604	5.88104	0.315419	2
2539	9.00032	1.97624	-0.498123	2
2540	9.00579	17.8223	0.0371154	2
2544	9.9329	24.5271	0.485245	2
2549	8.80568	11.6017	0.664033	2
2560	5.6708	16.3468	0.423849	2
2570	6.43784	24.4084	0.6133	2
2572	8.17199	17.9273	-0.300244	2
2574	8.52925	13.0388	0.588562	2
2581	5.93584	7.27292	-0.169943	2
2582	9.11021	22.1217	0.101029	2
2583	6.78579	2.43559	-0.434151	2
2588	9.40199	9.20212	-0.0570897	2
2589	5.52356	24.44	-0.6034	2
2592	5.50669	17.2364	-0.162601	2
2594	8.11923	2.00132	-0.509446	2
2595	7.54836	18.2222	0.42942	2
2636	9.08202	5.57596	-0.29511	2
2638	7.0955	1.34127	0.693832	2
2639	7.91247	0.906985	0.232643	2
2648	9.93414	18.1833	0.2946	2
2659	7.31941	19.6509	-0.421539	2
2662	9.57416	4.50082	-0.101611	2
2666	7.11734	5.97604	0.021452	2
2667	5.76971	1.45497	-0.0987429	2
2670	7.064	15.1776	-0.27156	2
2673	6.48489	9.40865	-0.764183	2
2683	5.61992	19.1834	-0.814656	2
2689	5.99544	10.0369	-0.202596	2
2691	5.92779	12.5925	-0.602078	2
2692	6.51909	7.34567	-0.531468	2
2693	5.43767	5.8574	0.150685	2
2696	8.26136	10.6671	0.507933	2
2702	7.14941	14.9388	0.0534986	2
2703	6.74119	0.634902	0.00666475	2
2713	8.41486	20.7643	0.13701	2
2724	7.62027	18.3132	0.473791	2
2730	8.55179	2.74819	-0.736017	2
2735	5.26217	12.5732	-0.553852	2
2737	6.8026	9.97731	-0.239381	2
2739	7.03267	12.7886	0.729342	2
2747	6.56602	12.1312	0.351135	2
2749	5.75448	1.19934	-0.823051	2
2756	9.62781	18.1535	-0.328676	2
2757	8.03864	14.1371	0.235167	2
2766	5.43049	8.97747	0.713427	2
2784	5.36105	14.9513	-0.0552455	2
2785	7.65348	5.88737	0.355362	2
2786	7.89357	17.3502	-0.508819	2
2787	8.4067	5.17198	-0.157501	2
2791	5.70936	10.1108	-0.444159	2
2799	5.09669	1.84067	-0.751495	2
2818	5.74511	11.6991	-0.246757	2
2819	8.1535	11.6298	-0.432515	2
2820	7.69696	18.3002	-0.223657	2
2828	9.25549	12.4204	0.563042	2
2836	8.35749	16.0625	-0.104832	2
2844	6.80436	18.5382	-0.364278	2
2845	7.90481	23.2789	-0.510917	2
2847	9.76419	5.17002	-0.0827091	2
2848	5.03805	2.00151	0.210838	2
2850	7.96135	23.7438	0.521583	2
2851	7.40978	11.5703	-0.0952994	2
2852	8.2589	24.1574	0.247407	2
2857	8.90081	17.6545	0.22991	2
2858	7.19159	9.95697	0.486524	2
2861	9.43927	12.8109	0.631904	2
2872	9.19262	22.7274	0.535561	2
2873	5.69681	8.60902	-0.652451	2
2875	6.24911	20.2672	-0.448785	2
2882	7.54575	0.0603969	-0.15042	2
2885	9.54229	19.5551	-0.883634	2
2891	8.36479	13.8206	0.321983	2
2893	9.39983	9.33467	-0.768388	2
2900	7.78108	20.389	-0.550763	2
2902	7.04503	13.6463	0.2622	2
2903	9.32382	1.24519	0.0939237	2
2908	6.28477	16.9604	0.241847	2
2912	9.59432	1.07773	0.469524	2
2913	8.40981	16.4703	-0.220735	2
2915	8.86167	21.5995	0.512291	2
2918	6.40359	13.9197	0.545966	2
2919	5.03229	22.3049	-0.970368	2
2920	5.90478	7.84315	0.636155	2
2921	5.39414	7.75203	0.276605	2
2928	8.47417	3.96727	-0.44692	2
2937	6.32441	19.7609	-0.130161	2
2939	7.98288	19.8113	0.42194	2
2957	7.21377	18.0427	-0.338065	2
2961	9.77411	13.267	-0.0743228	2
2963	7.46739	3.46874	-0.300185	2
2969	8.75342	13.5536	0.268897	2
2971	9.19534	23.4167	-0.217389	2
2973	8.82984	5.94691	-0.677889	2
2977	6.31323	23.5585	-0.0766832	2
2978	5.17494	19.8983	0.490398	2
2984	5.28594	7.92187	-0.0405274	2
2999	6.13389	22.2314	-0.253562	2
3000	8.5214	2.21908	-0.602338	2
3002	9.46387	16.8686	0.775915	2
3009	7.78779	24.962	-0.244399	2
3020	8.14013	18.689	0.169059	2
3021	9.08394	18.9049	0.275604	2
3030	5.37873	13.8727	0.519024	2
3037	8.59505	9.16122	0.354986	2
3038	8.91643	10.2144	-0.149507	2
3042	5.36351	3.16152	-0.566785	2
3056	5.44284	5.76959	0.29634	2
3057	9.99299	11.0711	0.935655	2
3059	6.98325	19.6174	0.762514	2
3060	5.86944	18.5692	0.0642851	2
3063	9.38648	21.7119	-0.190421	2
3065	8.51883	5.16426	0.148116	2
3066	6.87465	5.03934	-0.329554	2
3072	8.89458	8.97881	0.144789	2
3073	8.58497	14.8669	0.784822	2
3076	5.63983	11.8004	-0.141338	2
3090	5.74677	2.72832	0.38564	2
3091	7.89147	12.4343	0.250252	2
3093	7.20828	9.34704	0.0890604	2
3094	8.15214	7.86572	-0.105693	2
3095	9.94326	6.43984	-0.00999215	2
3112	5.80246	8.33249	0.0889917	2
3119	6.9244	6.89476	0.109178	2
3131	8.45376	12.4252	0.274377	2
3137	9.82554	15.8179	0.275065	2
3140	5.80028	6.54984	0.0559422	2
3141	8.64929	18.627	-0.427605	2
3143	6.5556	21.9562	0.544489	2
3148	6.37353	5.29969	-0.0823222	2
3154	8.86222	6.9037	0.485172	2
3156	7.28543	21.8049	0.059464	2
3157	7.84162	22.3548	0.19832	2
3160	7.85136	21.8401	0.417179	2
3170	7.22482	11.4886	0.253009	2
3176	7.61422	1.78187	0.150016	2
3187	7.25208	5.50315	-0.1456	2
3190	7.60172	14.4236	0.541893	2
3193	7.82342	8.08848	-0.315635	2
3196	6.30317	11.1251	0.0867923	2
3214	6.94996	0.367295	-0.466547	2
3215	9.81352	3.12789	0.433912	2
3222	7.47741	1.77101	-0.281702	2
3229	7.44675	7.27524	-0.300526	2
3232	6.5154	13.4642	0.676185	2
3240	9.79448	3.50344	-0.35339	2
3246	6.58507	16.7652	0.840682	2
3249	7.3776	17.8267	-0.106431	2
3255	6.77816	16.9745	0.026435	2
3258	5.97987	14.3407	-0.363302	2
3260	9.88306	4.85388	-0.157458	2
3279	6.66031	9.487	-0.1168	2
3295	7.36606	11.6737	-0.499717	2
3301	5.01589	11.5423	0.269165	2
3303	5.40795	22.884	-0.583163	2
3310	7.21526	7.6689	-0.0680535	2
3316	8.38832	10.2099	-0.230709	2
3321	6.37207	17.9963	0.193575	2
3322	5.38729	6.37771	-0.62713	2
3323	7.59445	6.24671	-0.318269	2
3325	5.57147	12.353	-1.24852	2
3326	9.57283	18.1628	0.0355382	2
3330	9.14945	18.3922	0.103509	2
3334	6.67879	1.56284	0.518783	2
3335	6.6101	1.98443	0.489033	2
3344	6.20904	19.9493	-0.26425	2
3345	6.88985	20.16	0.213898	2
3350	7.04598	12.2288	0.317073	2
3354	5.7252	4.05005	-0.515693	2
3355	9.71545	0.1095	-0.182755	2
3356	9.71941	0.127882	-0.0197227	2
3360	9.22876	12.0176	0.0685152	2
3363	9.36873	4.80682	-0.0956694	2
3369	9.58941	8.63197	-0.176919	2
3372	5.42226	9.42892	0.707992	2
3379	5.06046	21.2897	-0.256657	2
3380	7.05558	4.3386	0.0618336	2
3382	8.93858	3.7467	-0.195908	2
3385	7.52376	0.0115369	-0.530477	2
3390	7.81576	0.403929	-0.60875	2
3392	9.1685	21.5517	-0.623132	2
3393	8.5099	4.1283	-0.799602	2
3405	5.54929	9.46813	0.275079	2
3417	8.95606	3.58748	-0.280496	2
3424	8.28594	6.22658	-0.039819	2
3432	5.20093	22.0095	-0.963157	2
3435	5.2906	16.9157	-0.435229	2
3437	7.09097	24.1454	0.721423	2
3439	9.37329	24.4325	0.686536	2
3452	6.50214	17.515	-0.544994	2
3453	5.89021	0.814964	0.84111	2
3455	8.7981	20.4278	0.184659	2
3456	5.78306	19.9068	0.523519	2
3457	5.89175	19.7181	0.281913	2
3463	8.12398	3.84085	-0.798776	2
3470	8.00323	24.9061	0.246921	2
3472	6.37321	19.0053	-0.0981946	2
3474	6.40514	5.89662	-0.125092	2
3475	5.79182	5.21479	0.279023	2
3477	5.05604	8.54329	0.466136	2
3479	7.42097	10.2027	0.0916196	2
3481	9.3479	24.3716	0.346413	2
3487	5.75142	15.5129	-0.559218	2
3492	8.90958	21.8988	-0.15999	2
3495	5.2335	20.8515	0.841217	2
3497	6.44111	9.43101	-0.293697	2
3500	5.09593	3.50098	-0.467532	2
3506	7.01385	23.3197	-0.250808	2
3510	7.82052	4.98801	-0.978194	2
3527	8.90345	2.05721	0.199001	2
3528	8.26352	15.3585	0.151252	2
3535	5.04114	6.7633	0.381545	2
3549	8.52397	5.40175	0.115351	2
3555	9.8709	18.6937	-0.0474014	2
3557	5.18249	20.4583	-0.150656	2
3559	6.46149	11.978	-0.481048	2
3568	6.49656	19.0832	0.631391	2
3581	7.84621	21.8799	0.251267	2
3583	6.57295	9.83341	0.300882	2
3586	9.79265	15.8461	0.88243	2
3588	7.22373	22.4287	0.743657	2
3589	9.7017	8.20311	0.122516	2
3591	7.44613	6.3049	0.0773329	2
3592	7.24677	6.51609	0.146679	2
3593	5.51163	14.3598	0.113611	2
3594	5.76259	14.4	0.220187	2
3598	5.76713	22.2727	-0.143099	2
3612	8.762	6.53653	0.00876377	2
3632	9.54192	16.1449	0.435095	2
3633	7.99508	7.64635	0.511532	2
3635	6.1849	0.22268	-0.139407	2
3639	6.27788	15.6885	0.0354045	2
3642	6.66941	9.24111	-0.0435872	2
3644	8.07291	0.62316	-1.28156	2
3656	5.58895	9.35765	0.100691	2
3666	6.62848	2.54968	-0.269095	2
3672	9.82211	22.563	0.807782	2
3674	6.20042	8.43805	-0.367454	2
3677	9.40275	16.7141	0.966873	2
3684	6.31553	10.2808	-0.373189	2
3700	9.81093	8.48042	-0.0297147	2
3709	8.72584	9.27781	0.269687	2
3722	5.74421	9.9498	0.638371	2
3724	8.44203	8.21614	-0.261601	2
3727	8.13119	14.2693	-0.419275	2
3729	5.39818	15.9369	-0.152398	2
3730	7.83992	23.0112	-0.502048	2
3738	6.84198	7.46889	-0.438341	2
3740	8.08411	2.07419	-0.58697	2
3743	6.2844	23.1504	0.137279	2
3746	6.86703	1.25613	0.20816	2
3752	6.55087	22.654	0.0370696	2
3753	9.83789	20.0533	0.441646	2
3755	6.35042	4.12171	-0.0250267	2
3756	5.47803	19.7821	0.429481	2
3759	7.0721	13.5548	-0.0897604	2
3760	9.68823	7.40706	-0.335008	2
3765	7.19953	16.5039	0.640458	2
3766	7.44264	16.8692	-0.0323388	2
3773	7.38588	22.2293	0.162423	2
3786	8.43338	2.8537	-0.600053	2
3787	8.78374	3.43534	-0.281269	2
3789	8.92303	8.83518	0.10155	2
3796	6.35684	18.32	0.864115	2
3802	6.27121	17.2853	-0.0156862	2
3804	7.25162	2.78942	0.339546	2
3810	8.70297	18.429	0.343939	2
3814	8.60213	9.9501	0.719363	2
3822	7.52689	14.3527	-0.162075	2
3830	9.28583	12.8456	0.169137	2
3831	5.91994	22.9399	-0.346828	2
3832	9.9981	22.6015	-0.00913747	2
3846	8.40069	14.5234	0.429262	2
3847	7.93227	14.8512	-0.564443	2
3848	6.60829	0.798019	-0.0319794	2
3852	6.17275	8.34946	-1.05595	2
3856	7.58308	23.2239	0.374154	2
3857	6.71607	20.4214	-0.0849463	2
3861	5.88297	3.18689	0.207059	2
3862	5.23206	3.794	0.314692	2
3863	5.5611	3.70942	0.284361	2
3867	6.79023	14.7898	0.17038	2
3869	5.72083	3.38846	-0.0926276	2
3873	9.90577	11.6629	0.446099	2
3876	6.50475	7.05751	-0.698883	2
3887	6.97272	19.0626	0.040474	2
3910	6.20921	20.8646	-0.481482	2
3911	9.14354	13.1537	0.806888	2
3912	6.34866	1.31733	0.0858257	2
3913	8.09925	1.23998	0.534305	2
3918	7.26604	4.19449	0.80848	2
3919	7.4597	7.09997	-0.0400904	2
3923	9.64677	7.54079	-0.610716	2
3924	8.73519	4.94559	0.484987	2
3925	8.36994	11.9294	-0.600609	2
3931	6.77196	0.662451	0.0754524	2
3936	6.88381	3.93613	0.10635	2
3939	9.66856	5.03305	-0.0667418	2
3943	9.27164	20.5421	-0.0699562	2
3953	7.60931	1.7511	-0.613088	2
3955	6.42812	20.5655	-0.269085	2
3958	5.34922	12.686	-0.324063	2
3960	9.88923	18.4735	0.366658	2
3963	5.38215	11.7262	0.301676	2
3964	6.56014	11.6817	0.453681	2
3992	7.53575	3.07092	0.0682335	2
3995	8.21779	14.1534	-0.08693	2
3996	7.98138	21.7104	-0.404413	2
4001	6.41053	15.8533	-0.0391601	2
4009	5.43615	23.9738	0.0384205	2
4028	6.05706	7.69839	0.232861	2
4030	7.36758	15.0403	0.216006	2
4031	8.5304	10.1994	0.233136	2
4041	7.06753	7.06858	0.781919	2
4042	5.08286	10.7065	-0.245966	2
4043	5.23902	8.76839	0.566005	2
4044	7.01828	3.41768	-0.145535	2
4052	5.51539	2.79792	0.503729	2
4059	9.18319	23.6238	0.454928	2
1	14.5567	2.72415	-0.184121	3
4	13.8648	10.538	-0.405785	3
12	11.2566	20.6598	-0.113036	3
13	14.1586	7.21096	0.231064	3
14	12.17	24.5076	-0.990847	3
16	12.0879	16.1604	-0.360117	3
20	12.112	20.9914	0.42042	3
22	14.388	6.8948	0.855109	3
23	13.6624	14.6794	0.084499	3
26	10.4259	8.71283	0.112639	3
30	14.474	7.95515	-0.316921	3
31	14.4484	21.1186	-0.498517	3
32	13.8089	23.8461	0.47479	3
44	10.7518	16.1809	0.380809	3
48	14.6287	14.3506	-0.883894	3
60	12.8009	0.139346	-0.531232	3
65	11.9125	18.8827	-0.693121	3
68	11.925	19.6971	0.16714	3
70	14.3107	23.4048	-0.0747722	3
76	14.17	1.28135	0.530342	3
86	14.5053	24.2808	-0.181639	3
89	14.5991	3.52282	-0.56944	3
91	10.9414	21.0602	0.298842	3
96	10.1819	16.9812	0.393563	3
100	11.5916	9.91245	0.165087	3
104	13.3193	4.37341	-0.746023	3
105	12.4631	20.5856	0.645794	3
109	10.4583	13.8265	0.0674715	3
119	13.9708	16.3236	-0.282485	3
121	11.2672	21.7896	0.13721	3
125	10.4065	10.182	0.581643	3
126	14.608	21.6409	0.403	3
129	12.2678	6.25375	-0.0494047	3
130	10.1693	22.8957	-0.426292	3
132	12.739	22.882	0.738367	3
134	10.0614	5.84864	-0.124002	3
139	12.4665	8.51309	-0.675043	3
140	11.6804	7.07884	-0.315647	3
145	10.7387	4.79183	0.234059	3
147	11.9841	4.03548	0.506745	3
156	13.3915	21.6685	0.355453	3
160	12.2764	12.0592	-0.82137	3
162	10.0796	18.6915	-0.279529	3
163	14.4687	5.65553	-0.610709	3
167	11.4076	18.9472	-1.33068	3
181	10.0951	5.07183	0.110598	3
183	13.8803	24.5289	0.080832	3
184	14.4193	5.40882	-0.606332	3
191	14.8943	16.2019	0.432709	3
195	14.4585	0.717851	0.496144	3
201	11.3756	0.00925986	-0.15855	3
202	13.8759	20.7349	0.363644	3
221	11.4939	21.8374	-0.659181	3
222	10.7906	7.21797	-0.241141	3
241	14.2364	21.0877	0.302703	3
242	12.8203	11.3586	0.012254	3
244	11.1251	24.4988	-0.311857	3
252	13.7402	3.05574	-0.458984	3
257	12.1602	16.7887	0.905541	3
265	14.1687	5.23908	0.683671	3
266	13.906	0.49706	0.336082	3
267	13.1406	5.5967	0.312584	3
268	13.5215	6.07102	-1.36078	3
279	13.1592	24.445	-0.0752536	3
287	10.3561	8.54664	0.695155	3
289	13.0046	11.8151	-0.206294	3
297	14.9042	18.6329	0.422472	3
301	14.0367	15.9895	-0.129895	3
304	12.2757	19.7968	-0.0297829	3
310	10.6425	0.824326	0.374067	3
317	11.192	11.4276	0.173121	3
328	14.7324	2.91874	0.420204	3
334	13.5186	4.94101	0.135277	3
342	12.1758	12.8855	0.0210606	3
347	13.8418	18.4872	0.556447	3
358	13.3061	8.15698	0.196603	3
369	14.5613	11.765	0.125636	3
385	11.1464	13.2681	-0.407019	3
387	14.8559	12.7949	-0.723174	3
391	13.7157	18.984	-0.796734	3
394	14.7873	23.2609	0.560071	3
395	12.8106	8.10806	-0.0242892	3
396	14.3654	6.40276	-0.356922	3
411	14.5092	1.26593	-0.35189	3
413	11.0875	15.0984	0.692315	3
423	12.5993	14.4314	-0.212404	3
425	13.3474	13.6675	0.804446	3
427	11.9949	0.927206	0.381387	3
434	14.2017	20.6623	0.173238	3
436	10.8102	4.57035	-0.244767	3
441	12.9346	14.4644	-0.0448731	3
442	10.417	1.8713	-0.136177	3
445	13.0272	20.2307	-0.0482566	3
459	13.5625	7.11369	0.346441	3
462	11.033	9.47122	-0.620989	3
467	10.0003	15.1871	-0.386304	3
470	10.5726	7.43902	-0.0105654	3
473	10.008	3.93224	-0.0101853	3
477	13.0783	6.19606	0.611841	3
489	10.011	8.31334	0.828141	3
498	12.3118	24.5416	-0.317118	3
501	10.0878	1.81417	0.394431	3
504	13.2739	8.83969	-0.153213	3
511	10.6499	3.94102	0.936455	3
524	11.4843	18.3421	-0.00294066	3
528	13.7681	6.69108	0.281905	3
530	10.0427	17.3331	-0.312488	3
535	13.5199	12.9687	-0.232714	3
536	14.6107	22.2881	-0.697296	3
544	10.0105	10.2959	0.871378	3
554	12.8894	15.7135	-0.565665	3
556	12.7557	19.6759	0.179755	3
557	14.4546	22.5393	-0.16207	3
558	14.1199	7.3139	-0.299775	3
566	10.1528	19.0188	-0.274821	3
568	10.3919	11.0987	-0.017026	3
573	13.0255	21.8537	0.420165	3
579	12.5181	23.1848	-0.383378	3
580	12.6196	0.888062	-0.239207	3
586	12.8172	6.00288	0.642956	3
588	10.4002	16.2215	0.565009	3
591	12.9303	4.69332	0.190629	3
594	10.6837	12.7207	0.420942	3
595	14.0645	22.6951	-0.356182	3
596	10.4669	21.8578	-0.138534	3
597	11.3529	3.39739	-0.132516	3
600	11.1338	15.9039	-0.275819	3
607	14.3549	17.3228	-0.460057	3
621	13.0216	3.9083	0.335486	3
622	14.8911	6.99993	0.241137	3
628	13.8779	23.9577	-0.130659	3
632	10.785	23.5007	0.12476	3
633	13.7208	23.7878	-0.583523	3
634	12.21	17.3846	0.435959	3
637	11.1687	3.31915	0.0731385	3
649	12.7062	2.22786	-0.088319	3
658	11.7134	4.4786	0.422488	3
660	14.843	24.1795	0.161681	3
667	14.1252	20.7979	0.369732	3
673	12.3181	18.3087	-0.267426	3
674	10.9599	20.9192	-0.00470155	3
683	10.6956	18.4557	0.600448	3
697	10.1232	8.55848	-0.0173728	3
703	11.7175	0.492331	0.390616	3
710	13.2493	24.1215	-1.04533	3
711	11.1071	5.83809	-0.217957	3
722	10.1148	8.29479	0.0698922	3
724	14.7473	7.33826	0.140486	3
729	14.0407	13.6837	0.361614	3
734	10.9336	19.1	0.546161	3
745	12.3241	16.2638	0.0779486	3
753	14.8035	11.2022	0.0151892	3
761	13.5374	10.5467	-0.405077	3
762	10.5228	21.9156	-0.272752	3
776	13.1144	7.84561	-0.0729516	3
780	11.305	20.0306	0.72165	3
782	13.0786	2.68961	0.489795	3
783	10.6938	6.80123	-0.206129	3
788	14.9297	24.1686	-0.0541536	3
790	13.59	22.6077	-0.444046	3
793	11.5807	22.4593	-0.0342252	3
797	14.8358	20.3636	0.120541	3
800	13.1234	10.2881	-0.0387869	3
812	14.8092	9.03908	-0.270206	3
815	12.2358	14.7695	-0.262783	3
821	12.8227	8.84455	-0.384843	3
830	12.5836	9.16713	0.284145	3
839	10.3568	9.11012	0.174921	3
844	13.9656	9.75395	-0.217488	3
846	12.8749	3.30937	-0.0108879	3
849	13.3163	5.85981	-0.252937	3
858	12.6342	15.5491	0.0871881	3
859	13.7964	23.5122	-0.507178	3
863	14.5804	20.0454	0.429375	3
873	14.996	16.6562	-0.0237508	3
876	10.8734	23.7508	-0.220773	3
879	11.7564	12.9516	-1.00014	3
881	13.3077	11.4041	-0.462482	3
883	13.8799	12.9603	0.215073	3
887	11.2545	2.38318	-0.153559	3
888	12.1321	3.23311	0.0529723	3
891	14.6621	1.25786	0.0720774	3
893	14.4436	12.9206	0.176675	3
900	10.3156	19.6631	-0.349976	3
901	10.8401	10.0824	-0.0658991	3
902	10.375	22.4039	0.112971	3
903	14.832	14.8091	0.610426	3
907	11.4526	1.53817	-0.701904	3
908	11.9353	5.71062	0.186569	3
909	12.4426	8.24193	0.596546	3
913	10.3783	19.8763	-0.819503	3
921	10.2962	13.4555	0.121954	3
922	10.8022	20.1964	0.575087	3
931	12.1643	15.3636	-0.182045	3
938	12.9563	15.292	-0.821432	3
942	14.637	24.9417	-0.0305422	3
954	12.0243	24.3327	-0.363589	3
969	11.1312	10.2738	0.12988	3
975	11.4531	6.38495	0.0438433	3
977	13.4891	16.9027	0.0563052	3
986	11.19	1.29517	0.059881	3
991	12.7702	20.5628	0.231838	3
996	14.3879	16.9811	0.86026	3
1003	11.76	16.0172	-0.544387	3
1004	12.0366	19.8844	0.438779	3
1005	11.7935	14.0471	0.636325	3
1006	11.874	14.7492	-0.313896	3
1014	11.437	2.02925	-0.262863	3
1015	12.3539	16.7449	0.251533	3
1025	10.1194	17.0401	-0.124069	3
1026	14.149	4.45188	0.033405	3
1028	10.057	12.1671	0.327978	3
1033	13.9368	23.3569	0.435773	3
1034	11.8181	3.78112	0.0532129	3
1035	14.1687	12.7086	-0.721825	3
1047	13.3427	17.4931	-0.016466	3
1048	13.6767	17.2408	0.607049	3
1055	13.2446	6.66204	0.500547	3
1058	11.9793	13.3614	0.765311	3
1059	11.9463	18.9744	0.36827	3
1060	14.3008	13.8353	-0.169102	3
1061	10.2662	20.7167	0.353924	3
1063	13.4819	15.4883	0.117786	3
1065	11.2963	19.6691	-0.230891	3
1066	10.9954	3.20007	0.304403	3
1069	14.9254	12.0252	0.217557	3
1073	10.5742	19.2841	0.124011	3
1076	12.3513	16.3435	-0.910548	3
1084	10.0317	1.72373	-0.767656	3
1088	13.5957	22.8434	-0.646911	3
1092	14.9507	17.2586	0.0323354	3
1097	10.3353	23.2026	-0.0158204	3
1098	10.7016	8.05773	-0.582693	3
1099	12.3595	16.1086	-0.332741	3
1102	13.5853	4.0055	0.13952	3
1104	11.5904	15.7851	0.867026	3
1105	11.2661	0.170309	0.0353137	3
1128	11.054	13.3411	0.830018	3
1140	10.8184	14.1997	0.614669	3
1144	14.2578	12.7965	-0.480724	3
1148	14.6347	22.0199	0.358066	3
1152	13.164	6.80583	-0.183773	3
1156	12.7906	6.37221	-0.621507	3
1160	13.3579	17.6224	-0.0739134	3
1170	11.1005	9.11256	-0.826815	3
1172	13.5585	0.891397	-0.382385	3
1176	11.708	23.7842	0.765743	3
1177	11.6197	24.1735	0.534922	3
1179	11.6829	10.5658	-0.385573	3
1180	11.8048	14.2544	-0.49892	3
1189	13.8953	24.5373	-0.49267	3
1194	14.5998	16.6365	-0.338366	3
1204	13.6519	4.15402	0.00745238	3
1205	14.1085	12.7611	-0.31794	3
1209	10.1465	3.96022	-0.547226	3
1217	12.2549	22.2464	-0.150671	3
1220	13.0079	21.5735	0.601149	3
1225	11.613	9.21515	-0.127508	3
1232	10.6436	21.6799	-0.439112	3
1234	11.531	19.8678	0.632572	3
1236	11.1552	18.7995	0.278267	3
1240	12.8711	11.5948	-0.16115	3
1242	14.7469	7.66337	0.159131	3
1243	12.8687	0.644989	-0.140838	3
1247	11.5791	14.7558	0.81227	3
1253	11.9187	15.1125	-0.211462	3
1255	11.935	10.9983	-0.0806501	3
1260	14.4643	8.0329	-0.0846889	3
1274	13.0236	4.6419	0.132188	3
1281	12.862	12.3659	0.990796	3
1291	12.9631	7.00357	-0.353737	3
1294	10.3046	24.2306	0.284857	3
1300	11.6821	10.1279	-0.913736	3
1303	14.0576	11.292	-0.896787	3
1307	11.6369	23.0443	-1.35586	3
1310	11.264	24.7213	0.0700958	3
1314	13.3964	2.27449	-0.0180322	3
1324	14.4064	7.28534	-0.0772796	3
1332	11.026	10.9732	0.000989711	3
1333	12.5191	13.0821	0.0791858	3
1334	11.1107	22.7925	-0.374331	3
1337	10.8278	11.0822	-0.568525	3
1344	14.5512	7.84587	-0.0298783	3
1353	13.1571	18.2706	-0.120224	3
1357	11.9306	1.5751	0.283565	3
1361	14.2146	2.30203	-0.616997	3
1363	11.8597	5.20179	-0.00733022	3
1364	12.5062	21.8361	0.00392843	3
1365	14.0613	22.04	0.116321	3
1374	10.0602	0.860463	0.122703	3
1380	13.8977	11.1696	-0.485597	3
1386	13.5186	6.43205	0.260684	3
1391	14.7218	20.3079	0.676586	3
1397	10.6055	15.2569	0.215531	3
1399	12.8623	13.1967	-0.304326	3
1400	12.3477	20.4801	0.29108	3
1411	14.1147	9.71531	-0.053022	3
1431	13.5904	0.0340224	0.0471984	3
1436	11.6557	12.0863	-0.0676727	3
1441	11.5724	7.56241	0.318046	3
1442	11.8972	8.95344	0.321011	3
1445	11.7261	7.51461	0.149256	3
1449	14.0129	3.13641	-0.720361	3
1450	11.7647	3.09058	0.217102	3
1457	14.0936	2.03392	0.297529	3
1460	13.5505	8.40021	-0.296106	3
1462	14.1277	1.47476	-0.142644	3
1464	14.7689	13.2669	-0.600937	3
1472	13.3671	22.2537	-0.365577	3
1474	12.6075	16.6707	-0.381902	3
1475	10.67	16.5495	0.387536	3
1480	10.6918	5.84347	0.567608	3
1482	12.8474	17.5219	0.18052	3
1485	11.4264	2.26193	-0.619418	3
1495	11.9159	22.1983	0.65197	3
1498	14.6462	4.53927	-0.43747	3
1501	13.4782	9.62251	-0.505756	3
1535	12.3931	16.0307	-0.517927	3
1538	11.913	8.61951	-0.553901	3
1540	10.0162	4.77113	-0.40973	3
1543	12.3048	15.9297	0.330811	3
1545	10.5867	6.12384	0.185424	3
1546	11.2261	6.42171	-0.445057	3
1556	14.831	6.08959	-0.422395	3
1559	13.3513	20.1272	0.994478	3
1568	12.1425	20.522	0.150876	3
1571	10.1768	23.0203	0.685826	3
1572	13.7033	5.10223	-0.4582	3
1585	13.68	19.763	0.390822	3
1591	12.9283	1.54421	-0.120822	3
1594	13.6267	9.13263	0.0188725	3
1598	11.0397	12.6695	0.358695	3
1600	12.9839	11.0853	-0.898768	3
1601	10.8531	2.5276	0.204133	3
1607	14.4636	14.9135	-0.116697	3
1624	13.1677	13.6149	-0.14619	3
1626	13.216	2.28123	0.0134081	3
1627	10.9472	5.75744	0.627885	3
1636	10.7623	3.50084	-0.120575	3
1640	11.4228	1.59022	-0.0939112	3
1646	12.0919	22.4541	0.468272	3
1654	13.3262	13.8632	0.349227	3
1660	12.2667	20.3398	0.272763	3
1661	11.4101	14.4733	0.364709	3
1662	10.9291	17.4127	-0.463756	3
1663	10.9819	3.9855	0.530803	3
1667	13.902	12.7601	-0.153726	3
1673	14.6232	7.76639	-0.395383	3
1677	13.5619	22.177	-0.222813	3
1681	11.6352	22.7579	-0.135164	3
1683	12.141	13.5834	0.0887705	3
1688	11.2291	22.076	-0.558819	3
1700	12.8147	9.03966	-0.00908622	3
1703	12.4562	6.69713	0.0925978	3
1705	10.4845	5.96077	-1.05973	3
1717	11.2018	16.5388	0.318298	3
1721	11.6743	16.2409	-0.441748	3
1723	10.0028	3.36602	-0.290582	3
1726	11.9582	0.188756	-0.428229	3
1730	11.014	6.47731	0.144637	3
1738	12.3284	4.35184	-0.0792551	3
1750	12.7727	22.0614	-0.0688011	3
1751	12.4019	2.50817	0.391579	3
1757	12.0461	19.1178	-0.547094	3
1758	11.175	17.2766	-0.161087	3
1760	14.6295	17.0193	-0.127509	3
1761	10.3477	4.79529	1.24747	3
1778	14.7657	13.36	-0.0421733	3
1788	10.8212	3.05641	0.0226765	3
1790	13.6368	16.7749	0.548688	3
1794	12.5733	1.5868	0.0754723	3
1795	10.1393	0.147286	-0.67849	3
1797	14.8478	13.7499	0.238717	3
1798	11.4893	3.44419	-0.112527	3
1800	10.4902	15.9979	-0.187176	3
1805	11.6585	3.91813	-0.688499	3
1806	11.1258	22.539	0.0773037	3
1807	11.7143	13.0942	-0.41663	3
1808	11.7648	13.4651	0.299029	3
1810	12.8863	16.0487	0.310683	3
1812	14.1203	20.9739	0.0221609	3
1823	13.4967	15.9593	0.00473287	3
1825	10.0062	4.41994	0.0698288	3
1831	11.2624	2.74553	-0.680636	3
1832	14.8586	22.2453	-0.0592377	3
1838	11.1726	14.8898	-0.349479	3
1839	10.1727	13.2758	-0.531656	3
1840	13.145	13.8013	0.5916	3
1841	11.534	7.33498	-0.50594	3
1842	14.7793	4.1265	0.0487044	3
1844	11.2074	1.68096	0.159354	3
1854	13.5234	15.4165	0.105257	3
1863	12.6506	8.97636	0.24948	3
1864	12.9614	10.0213	0.421386	3
1874	13.7037	12.3043	0.0680773	3
1876	13.7288	16.0728	-0.41065	3
1881	12.5571	23.2523	-0.236002	3
1882	11.9674	7.89853	0.420209	3
1890	11.2234	5.45816	0.391827	3
1893	10.5212	17.3557	-0.397189	3
1894	13.8989	24.1837	0.135609	3
1895	12.2547	0.456352	0.19405	3
1902	12.7676	17.3128	-0.52413	3
1907	13.7068	19.6374	0.337656	3
1910	10.3151	8.77163	0.450651	3
1911	10.4614	7.94031	-0.126623	3
1914	12.9803	11.2864	-0.22275	3
1919	10.9993	20.987	0.295318	3
1936	13.6158	6.12517	0.800443	3
1942	14.8241	11.0774	-0.154616	3
1945	10.2817	9.51219	0.395905	3
1950	11.3398	21.9585	0.303515	3
1953	11.4894	22.5439	0.660934	3
1957	14.6501	18.1381	0.290956	3
1962	13.9339	9.41057	-1.00581	3
1964	12.3324	3.54349	-0.212947	3
1965	13.3456	2.01254	0.177016	3
1969	12.373	1.55987	-0.122568	3
1970	10.8999	8.78511	0.0288039	3
1975	11.0661	18.7938	-0.400038	3
1976	11.4124	19.0996	-0.346686	3
1979	14.0751	9.85398	0.516762	3
1981	13.8439	23.1117	-0.00969946	3
1985	14.6966	7.09589	-0.90533	3
1986	13.1258	23.7041	-0.193148	3
1989	11.6645	10.7819	0.14072	3
1995	13.8065	16.5603	-0.50132	3
2001	11.9748	8.45028	0.770861	3
2006	10.3619	4.73643	-0.0691489	3
2011	14.7403	10.3142	-0.442421	3
2026	10.8336	2.88453	0.0101988	3
2036	13.083	22.472	0.291594	3
2043	11.8272	24.6558	-0.314266	3
2049	12.8013	2.65232	0.294773	3
2050	14.2494	22.8946	0.635673	3
2055	14.0315	5.18571	-0.564305	3
2058	10.7317	23.019	0.198619	3
2065	10.4443	22.9746	0.231996	3
2078	11.5235	12.2185	-0.154923	3
2101	12.5842	6.1046	0.448309	3
2103	11.4403	16.1249	-0.478672	3
2104	12.1506	16.137	-0.79038	3
2106	10.8965	11.8183	-0.0415182	3
2110	14.4775	18.881	0.233474	3
2112	10.4846	1.1493	0.165962	3
2119	11.9982	6.72663	0.670442	3
2120	14.2732	22.4907	-0.439547	3
2122	13.811	23.2143	0.335651	3
2123	14.066	12.3041	-0.0261807	3
2129	10.0068	9.82854	-0.155758	3
2133	14.6268	15.1837	-0.290391	3
2136	10.3508	6.68722	0.419181	3
2137	12.2978	20.9946	0.739119	3
2138	11.6464	22.0	0.696023	3
2140	14.7676	6.60602	-0.225565	3
2141	12.6977	6.96951	-0.244506	3
2145	14.4379	19.4402	0.609574	3
2152	13.527	8.6383	-0.0155063	3
2162	13.603	1.12819	-0.649011	3
2163	14.605	2.18894	0.238343	3
2168	13.2742	5.47894	0.0639358	3
2175	14.952	20.6855	0.236654	3
2181	13.8761	20.401	0.0987733	3
2185	10.9253	13.9161	0.499808	3
2186	12.8293	12.4385	-0.140622	3
2189	14.5074	16.1877	0.316191	3
2209	13.4212	24.9051	-0.720158	3
2216	14.1911	9.00869	0.146662	3
2217	10.5233	18.6307	-0.161205	3
2225	12.3123	24.1172	0.0816383	3
2230	10.4513	18.8693	0.427468	3
2240	13.8431	17.949	0.619981	3
2246	12.2775	16.0073	-0.0132273	3
2247	12.9242	15.5251	0.176922	3
2250	11.0398	6.42605	-0.315145	3
2252	12.4584	16.7743	0.346584	3
2254	11.403	16.3655	1.34674	3
2260	10.4987	3.13092	-0.123771	3
2261	10.299	3.08182	0.632481	3
2262	10.3438	2.18826	0.164127	3
2263	10.9097	1.46917	-0.473495	3
2266	11.4148	1.40815	-0.379816	3
2267	12.6177	5.95617	0.383122	3
2271	14.9498	8.0063	-0.0308772	3
2276	13.8839	19.4366	0.218443	3
2277	12.4109	10.4389	-0.0921942	3
2278	14.2359	3.81708	0.817526	3
2283	12.2405	20.405	0.242938	3
2294	14.6859	23.9805	0.375688	3
2299	11.6117	0.715587	0.249067	3
2306	13.1995	12.128	-0.742394	3
2311	14.0606	18.7555	0.034927	3
2312	14.5207	18.768	0.391287	3
2314	10.1827	5.24711	-0.174953	3
2319	13.5326	1.47321	0.480889	3
2321	13.7138	2.54847	0.411373	3
2323	14.0977	21.7796	-0.588175	3
2326	14.7895	18.7233	0.182808	3
2330	14.0419	7.45704	-0.503421	3
2332	11.927	20.8532	0.340042	3
2333	10.5579	21.5887	0.224257	3
2340	11.4838	1.91314	-0.186073	3
2341	11.7354	2.73811	-0.0640213	3
2349	10.0026	7.56843	0.27846	3
2355	12.0252	6.85452	0.196294	3
2360	14.1079	16.8361	-0.532368	3
2364	10.9036	2.52549	-0.39188	3
2368	13.6792	13.717	-0.226229	3
2369	11.3781	0.0852905	0.00679798	3
2375	10.8507	17.389	0.00486392	3
2377	11.3887	23.0291	-0.66885	3
2381	11.3681	1.36629	-0.17493	3
2382	13.3161	20.9247	0.637077	3
2387	11.9436	18.8761	0.148223	3
2388	11.8121	18.824	-0.0829814	3
2396	13.3919	12.7818	-0.103731	3
2397	14.1741	14.4046	-0.206051	3
2399	11.4993	11.5987	-0.234081	3
2411	12.63	14.5983	-0.61397	3
2415	12.7286	7.70995	-0.0320342	3
2416	11.0902	9.00684	0.582995	3
2418	14.8161	4.08294	-1.32741	3
2421	13.2017	19.1694	-0.133694	3
2434	11.7485	9.61689	0.282188	3
2435	12.0865	10.8099	-0.401607	3
2436	13.2211	9.49518	0.795797	3
2440	12.949	14.8566	0.272477	3
2448	10.4916	23.6459	-0.0133989	3
2452	10.9255	14.9327	0.174993	3
2456	14.8031	11.0453	-0.406292	3
2460	10.5696	11.2319	0.0234036	3
2462	12.6767	16.7837	0.61145	3
2465	11.8506	21.2822	0.297551	3
2474	14.5138	15.3646	0.199998	3
2486	12.5945	12.1039	0.324332	3
2487	12.6411	12.6615	-0.381918	3
2490	11.4232	1.95359	0.362518	3
2496	13.8253	16.1442	-0.772358	3
2501	14.0813	12.627	0.528428	3
2502	12.6604	13.3872	-0.112497	3
2512	12.4506	1.16791	-0.473947	3
2517	10.1236	7.39719	0.0633132	3
2519	10.6509	10.956	-0.245575	3
2524	11.1106	5.94073	0.434793	3
2525	14.0366	12.2644	-0.26069	3
2528	13.4628	5.42694	-0.252948	3
2531	14.8266	3.47633	-0.455636	3
2532	10.1487	23.8878	0.200716	3
2533	10.6595	23.3404	0.488746	3
2536	12.0932	15.1587	-0.30428	3
2547	11.24	18.7336	0.262064	3
2548	13.7032	5.69113	0.578918	3
2550	13.1077	23.8298	-0.0392263	3
2551	13.7526	24.1708	0.156637	3
2558	13.8874	9.41756	0.140294	3
2562	10.0684	1.3895	-0.336214	3
2564	13.1676	19.9709	-0.836954	3
2576	10.9119	5.5199	-0.432196	3
2579	13.9827	18.8598	0.0556665	3
2580	14.4514	5.48413	0.173327	3
2599	14.8252	5.63372	-0.50872	3
2605	11.3803	8.03554	-0.00304541	3
2608	12.5721	16.9652	-0.738123	3
2613	12.1828	14.4976	0.452536	3
2615	14.4713	24.6937	-0.505531	3
2623	13.1086	9.48517	0.400958	3
2624	13.8504	17.6596	0.76923	3
2631	14.2611	4.80357	-0.663378	3
2632	12.7358	0.581789	-0.244789	3
2634	10.1293	15.288	-0.0844623	3
2642	10.7254	0.163988	0.1935	3
2645	14.1485	5.99873	0.385848	3
2646	10.4189	0.446189	-0.112575	3
2649	10.1917	6.27342	-0.0699471	3
2651	10.8749	3.65001	-0.432527	3
2652	11.7233	15.6974	-0.590569	3
2653	10.7609	24.1366	-0.199646	3
2658	12.88	20.1251	0.267271	3
2669	10.9309	3.82055	0.0624205	3
2674	12.3541	2.65065	0.0115827	3
2675	12.1644	14.7685	1.38927	3
2676	10.4611	4.38592	0.275438	3
2684	14.2256	14.8947	0.254779	3
2686	14.0051	1.14253	-0.223464	3
2697	13.5165	20.4033	-0.52537	3
2698	13.3346	20.5032	0.0841621	3
2699	12.8757	2.26141	-0.0976521	3
2701	14.3622	16.0106	0.828952	3
2706	12.5601	10.2178	0.42869	3
2715	13.6251	3.11186	-0.23474	3
2720	11.6509	7.83927	1.3533	3
2721	14.61	15.8397	0.158845	3
2723	11.0263	21.8305	0.476649	3
2727	13.5421	21.1106	-0.202006	3
2733	10.6693	0.669203	-0.531833	3
2751	13.8804	21.7302	0.165884	3
2753	12.2819	6.38576	-0.235834	3
2770	13.0297	13.052	0.43671	3
2775	11.0488	24.0984	-0.433406	3
2788	13.8476	2.23512	0.549284	3
2789	13.0609	3.0941	-0.382516	3
2793	12.628	1.22231	1.00579	3
2797	12.5699	9.72172	0.306488	3
2798	10.9915	24.8955	-0.593899	3
2800	14.7783	17.1571	0.552812	3
2806	11.3716	2.22055	-0.265405	3
2807	11.4141	19.4019	-0.231914	3
2813	10.6164	17.7411	0.205872	3
2829	11.0917	19.8255	0.920975	3
2831	13.6856	8.40588	0.511168	3
2833	12.151	21.9261	0.803286	3
2834	13.297	6.31257	0.746567	3
2838	14.9116	2.94789	0.0698119	3
2854	13.2586	20.0584	-0.1549	3
2856	13.0761	0.592495	0.513004	3
2862	11.6718	23.0935	0.0982318	3
2863	14.5103	3.42288	0.635843	3
2871	12.1233	4.49869	-0.181929	3
2881	13.356	15.6563	0.242498	3
2883	10.3652	16.6149	0.0888764	3
2887	14.3491	11.4469	-0.592261	3
2897	13.0828	20.4997	0.403293	3
2899	10.659	6.17183	-0.164927	3
2901	12.3484	6.80582	0.162987	3
2904	11.5543	2.11788	0.0214495	3
2907	12.8565	23.2596	0.755037	3
2917	13.0945	18.2926	-0.0762031	3
2925	13.6733	6.45722	-0.62054	3
2926	13.8362	24.3408	-0.698594	3
2927	12.7315	22.7986	-0.544783	3
2929	12.573	6.39039	-0.259346	3
2934	12.0983	13.1998	0.393363	3
2938	11.2497	13.3067	-0.303463	3
2941	12.7476	5.82967	-1.19496	3
2942	13.1456	4.88408	-0.469787	3
2950	12.7628	20.1245	0.333268	3
2955	13.4686	23.6049	-0.397477	3
2956	13.4545	1.31289	-0.0284751	3
2968	12.3134	20.0436	0.12807	3
2975	12.2148	14.2591	-0.551552	3
2976	12.1542	24.7743	0.474367	3
2979	10.2381	11.2622	0.577054	3
2980	14.6086	10.9524	-0.322336	3
2983	14.4472	3.21835	0.840139	3
2986	12.5161	16.8018	-0.841528	3
2989	10.227	22.7025	0.193457	3
2990	14.2447	12.7825	-0.00916178	3
3001	10.6224	3.09532	-0.304642	3
3004	10.8937	21.3925	-0.607189	3
3005	11.1595	22.3388	-0.0959772	3
3006	13.4326	9.06454	0.494899	3
3010	14.9976	23.7276	-0.190522	3
3014	14.1768	10.923	-0.701475	3
3015	10.9689	14.8563	-0.145716	3
3017	10.785	10.8349	-0.166153	3
3022	13.809	17.9773	-0.307511	3
3023	14.0772	5.99019	-0.101418	3
3026	14.4173	19.1231	0.542268	3
3044	13.1352	14.1404	-0.229137	3
3045	14.1989	14.8613	0.367473	3
3046	13.1143	23.1032	-0.354053	3
3047	12.4753	22.0705	-0.58436	3
3048	13.3219	22.525	-0.231006	3
3049	13.4822	8.3147	0.46974	3
3050	14.7341	7.76678	0.329358	3
3053	13.0189	14.0564	-0.84235	3
3055	14.3547	21.5384	0.229384	3
3058	13.1028	21.1856	0.472386	3
3062	13.6046	1.89162	-0.0224912	3
3069	11.5476	6.27055	0.199855	3
3070	10.5236	6.41725	0.4109	3
3074	14.3678	14.4648	0.228502	3
3080	12.3994	8.03433	0.0489783	3
3082	12.8646	23.2547	-0.756474	3
3083	12.9895	24.0558	0.0339531	3
3084	13.2719	23.7737	-0.0396148	3
3085	12.375	8.57905	0.768027	3
3086	13.2584	9.01443	0.290557	3
3089	13.5374	13.2579	-0.0708831	3
3092	10.6713	5.92481	-0.511047	3
3097	13.2794	19.0664	-0.197894	3
3100	14.9777	15.046	0.132819	3
3107	14.2822	19.1852	0.839349	3
3108	14.1413	19.4317	0.130294	3
3117	14.8741	8.02136	-0.357878	3
3121	11.1514	11.0249	-0.123418	3
3126	14.082	17.7212	0.0640155	3
3133	11.6155	12.6849	-0.0205028	3
3134	14.9125	13.0305	-0.379032	3
3135	12.6713	4.85665	-0.223756	3
3142	13.3723	20.3793	0.790781	3
3145	10.6146	23.0458	0.0782257	3
3169	10.6208	18.1394	-0.025733	3
3188	10.7148	12.4408	0.0573832	3
3189	11.0987	19.5253	-0.0740242	3
3192	10.0219	22.7526	0.410283	3
3200	14.2691	4.2483	0.051103	3
3203	14.5803	13.2212	0.0496709	3
3204	14.4425	20.3295	0.394612	3
3207	11.735	14.6123	-0.130667	3
3210	13.7569	20.6629	0.505058	3
3224	11.2116	6.7086	-0.00917252	3
3226	13.2314	0.985759	0.159143	3
3233	10.4207	15.6028	0.243356	3
3243	14.224	22.4645	0.443522	3
3248	13.7591	21.2066	0.0975873	3
3253	13.2772	19.7961	-0.441491	3
3256	10.1009	19.297	0.00114775	3
3259	12.0227	1.68939	-0.0376538	3
3261	13.5767	7.41009	0.227075	3
3265	13.3123	0.480309	0.145002	3
3267	10.4241	11.9502	-0.370144	3
3270	13.0598	9.91139	0.152741	3
3272	11.046	23.6201	0.172702	3
3276	12.8136	15.0172	-0.350495	3
3277	10.0223	14.059	0.402539	3
3282	12.9797	20.3243	-0.0512732	3
3287	11.0467	19.3661	-0.0107807	3
3292	12.6587	22.9552	0.259204	3
3293	12.498	2.15855	-0.158544	3
3296	14.1945	4.30869	-0.425917	3
3304	10.1104	15.9621	0.103313	3
3306	13.7153	5.07543	0.451719	3
3314	10.4364	4.66962	-0.58151	3
3317	13.9687	6.77915	-0.101975	3
3324	11.5076	6.96728	0.498819	3
3329	10.1442	21.883	0.851995	3
3336	11.4314	6.31107	0.288044	3
3340	11.299	11.0393	-0.315609	3
3341	11.2488	10.9011	-0.235232	3
3367	14.4933	0.624611	0.169259	3
3370	14.0646	0.0480829	-0.0684843	3
3376	11.4677	9.28735	-0.0050443	3
3396	11.6936	24.8885	0.112693	3
3398	13.7516	16.1992	-0.0832151	3
3409	13.795	17.7151	0.60377	3
3414	14.4289	17.5641	-0.235461	3
3427	14.7631	5.58208	0.0402027	3
3431	13.3567	24.1082	-0.315598	3
3434	12.5924	18.0898	0.339986	3
3438	14.6923	3.68704	-0.0705388	3
3447	11.7187	21.8541	0.0279977	3
3448	14.0841	21.8589	-0.155709	3
3449	14.7985	4.99688	-0.694434	3
3450	11.277	9.35055	-0.217234	3
3464	12.8708	13.9639	0.763283	3
3478	11.767	7.51604	-0.0234819	3
3482	10.5743	5.47343	0.313116	3
3489	14.1832	12.9952	-0.11198	3
3499	13.9347	23.9576	-0.255499	3
3501	11.9734	10.6258	-0.0935145	3
3513	13.0945	4.70124	0.359591	3
3515	13.1932	14.7939	-0.0352257	3
3530	12.8268	12.7662	0.0499981	3
3537	12.4431	19.6163	-0.0139534	3
3540	13.3684	22.5413	-0.449815	3
3547	10.6989	6.29964	-0.080739	3
3548	11.4223	6.88743	0.271845	3
3550	13.5474	6.71848	-0.703308	3
3552	14.5775	22.7458	-0.276859	3
3553	13.1318	19.1255	0.376539	3
3562	14.2431	7.71266	-0.27452	3
3569	14.7868	12.3228	0.0365506	3
3573	13.7836	2.94488	-0.161565	3
3575	10.9247	21.9781	0.868384	3
3576	13.3999	20.3538	0.456352	3
3582	13.7105	16.3579	-0.414064	3
3584	13.011	18.0162	0.121969	3
3587	11.1377	19.7617	0.118766	3
3595	14.1747	21.2888	0.442867	3
3597	14.6093	4.65813	-0.168829	3
3604	11.1892	18.0611	-0.615407	3
3615	12.4158	22.5971	0.305329	3
3617	11.8839	18.8612	-0.164413	3
3618	12.078	18.5251	-0.302672	3
3620	11.5819	4.49859	-0.375853	3
3624	14.8208	10.0368	-0.0450239	3
3627	13.4979	5.74236	0.353305	3
3655	12.3228	17.2124	0.727913	3
3658	14.1175	3.22682	0.236186	3
3662	14.6971	16.5676	0.436132	3
3665	14.3957	4.02781	0.140702	3
3668	10.6546	23.5718	0.731417	3
3676	13.1412	0.79928	0.352468	3
3682	10.5099	0.574213	-0.640856	3
3683	11.5421	22.4713	-0.361829	3
3685	13.8954	0.841069	0.389253	3
3686	12.3331	5.81721	-0.309975	3
3691	14.4043	21.5848	0.289243	3
3694	13.2272	21.8657	0.233418	3
3695	13.0967	7.25402	-0.0457789	3
3705	12.706	18.5728	0.163791	3
3706	11.6811	0.502933	0.149385	3
3715	11.0913	20.7984	0.458094	3
3716	11.673	20.4055	-0.0236634	3
3718	13.9136	9.68751	-0.183879	3
3728	10.573	9.14665	0.374398	3
3731	11.7481	0.642713	-0.303372	3
3732	12.118	12.8238	-0.972287	3
3745	11.7895	14.8018	0.694907	3
3748	10.0522	19.3814	0.475401	3
3751	11.7879	19.1874	-0.491119	3
3754	13.8402	11.253	-0.354117	3
3770	13.1587	0.331013	-0.155383	3
3771	11.1211	15.556	0.344798	3
3776	12.5276	23.085	0.255891	3
3777	12.9985	10.6602	0.496747	3
3780	13.5822	5.08511	-0.0597508	3
3781	13.1524	4.57751	-0.569274	3
3784	11.8697	16.3369	-0.147369	3
3794	13.1385	13.5318	-0.307153	3
3795	14.4516	17.4773	0.0644024	3
3805	14.4002	9.17026	0.11992	3
3817	12.7776	6.57752	0.183265	3
3818	12.4099	7.29123	-0.0707661	3
3825	13.1999	5.6586	0.208665	3
3826	13.9202	5.78388	-0.142388	3
3827	12.8487	5.73832	0.062407	3
3828	14.2565	15.7984	0.0437323	3
3834	14.7142	21.9819	-0.140432	3
3837	13.7845	13.3562	-0.146928	3
3840	14.4278	19.4511	-0.0425234	3
3842	14.9317	24.351	0.22406	3
3854	12.6547	15.816	0.701362	3
3860	10.8555	13.4337	-0.400309	3
3872	10.0696	16.4358	0.384343	3
3877	12.7084	5.14986	0.338802	3
3878	12.3035	5.23302	-0.19497	3
3880	13.541	24.4882	-0.201646	3
3889	12.891	13.4459	0.270796	3
3897	13.0388	21.3151	0.515296	3
3898	14.6246	8.47081	0.253181	3
3904	13.4924	8.33909	0.265033	3
3906	11.6155	15.5796	0.541617	3
3907	11.5045	15.6943	-0.293034	3
3908	11.2448	15.588	0.364163	3
3909	13.5197	19.258	0.192096	3
3922	12.7548	23.3965	0.0608412	3
3930	13.1288	23.2518	-0.327305	3
3934	14.7302	10.4704	0.178548	3
3935	12.7762	19.7062	0.123608	3
3938	10.8608	13.0282	0.376406	3
3941	12.5705	16.5128	-0.207878	3
3944	14.9975	1.39543	0.120142	3
3952	12.4734	10.8804	-0.292993	3
3956	14.029	12.8561	-0.224865	3
3966	10.495	11.3101	0.635506	3
3967	13.2858	21.5544	0.227327	3
3971	14.1093	24.9375	-1.03158	3
3979	13.9515	3.29836	-0.146297	3
3983	13.1202	13.187	0.543562	3
3989	12.8651	15.287	-0.136449	3
3990	13.1771	22.2107	-0.162912	3
3991	12.2191	22.0333	-0.0347296	3
3997	14.5763	2.64664	0.72637	3
4000	13.4283	6.80272	-0.140795	3
4011	11.8509	2.30028	-0.831961	3
4012	13.5165	19.4416	-0.258129	3
4016	11.713	6.56012	0.278684	3
4018	14.6123	14.2882	-0.344241	3
4019	13.168	14.9138	0.0872043	3
4032	12.8028	15.456	-0.0351668	3
4035	14.4066	7.48936	0.0846683	3
4046	13.3434	9.63529	0.462562	3
4055	13.1634	20.7986	0.495014	3
4056	12.6672	20.5429	0.132091	3
4057	13.5616	20.3426	0.404872	3
4058	10.2843	14.3031	-0.0416896	3
4061	14.2718	20.2064	0.911828	3
4062	10.7201	3.10776	-0.880223	3
5	19.106	14.6604	0.682861	4
15	15.4643	2.51824	0.110002	4
25	15.7267	19.6375	-0.71913	4
29	15.6518	4.15393	0.206955	4
37	16.6346	1.46863	0.2674	4
40	15.901	16.527	-0.0540448	4
46	15.5475	24.8299	0.233513	4
59	15.5446	21.7967	-0.578855	4
61	15.6332	18.2056	0.294344	4
63	15.8838	4.90123	-0.0262061	4
69	19.2588	7.85632	0.570242	4
74	15.4908	22.2067	0.103446	4
78	15.3035	20.9925	0.435294	4
85	16.2196	19.7566	0.201624	4
87	17.9235	3.60274	-0.14154	4
92	19.0084	13.6909	0.221632	4
94	18.9113	17.4977	0.489713	4
98	18.5381	21.0111	-1.34603	4
101	17.8126	7.01818	0.130148	4
102	15.7333	6.04378	-1.01045	4
110	16.4328	9.27205	0.282915	4
114	17.5491	9.57292	0.0246665	4
116	15.0921	14.0543	-0.0252425	4
117	17.031	16.022	-0.0272094	4
118	16.9835	12.0887	0.0437993	4
131	19.9516	9.25178	0.0429796	4
141	19.4354	0.475947	0.231946	4
143	16.8744	23.9081	1.01538	4
144	18.6422	1.43316	0.0776807	4
150	18.2211	3.17101	-0.770304	4
152	18.4598	20.8553	0.0561732	4
154	15.6055	19.7714	-0.456512	4
155	18.7949	23.9805	-0.0314632	4
157	18.9592	3.61482	-0.75552	4
158	19.8426	2.50153	-0.917504	4
164	17.4302	13.1712	0.034818	4
168	16.8815	10.0519	-0.246783	4
170	19.0158	22.5255	-0.00326542	4
172	18.8028	22.7111	-0.276025	4
176	18.6196	13.4937	0.267419	4
180	16.7787	10.2208	-0.76831	4
186	19.4763	6.68433	-0.464246	4
189	19.2279	13.724	-0.746557	4
190	16.714	21.0199	0.307182	4
198	17.5358	5.56919	0.335284	4
199	16.2905	7.05376	0.0656077	4
207	16.776	22.9095	-0.38227	4
209	15.3962	9.0661	0.212178	4
210	18.2393	9.42684	-0.607769	4
216	16.0547	21.963	-0.584702	4
217	19.4661	23.1478	0.409822	4
225	17.784	22.6614	0.353151	4
233	15.9882	8.75834	-0.129102	4
245	17.183	1.42078	-0.381252	4
246	16.7912	19.3299	0.22122	4
249	18.9034	9.83781	0.277134	4
260	15.187	4.77178	0.264474	4
274	17.6517	18.6489	-0.411085	4
275	16.2155	21.7502	-0.54693	4
280	18.2052	11.869	0.278332	4
286	15.9865	10.8267	-0.225913	4
306	18.639	4.82381	-0.370447	4
311	17.4956	21.5448	-0.074839	4
313	18.2682	2.11137	0.394392	4
314	16.5103	10.578	0.452998	4
319	18.1683	23.1275	-0.529042	4
325	18.4601	19.1807	-0.178992	4
326	19.9241	13.04	0.0523846	4
327	18.0444	6.74067	-0.265714	4
329	19.8389	12.617	0.0597367	4
344	15.7445	10.1931	0.0491052	4
351	16.9355	17.3652	-0.662124	4
354	17.1825	9.81819	0.592631	4
362	19.1032	5.04079	-0.324364	4
367	17.806	17.5729	0.374692	4
368	18.9265	19.166	0.664311	4
374	19.7274	8.5626	0.0436747	4
375	16.4382	20.0632	0.384644	4
379	19.4588	21.062	-0.0527893	4
380	18.7392	1.79678	-0.0653014	4
382	15.5099	23.0083	-0.14282	4
386	19.2562	15.8171	0.418895	4
393	18.6664	3.57949	0.180428	4
400	17.4456	8.25642	-0.391197	4
407	18.3415	11.8747	-0.349931	4
416	15.3414	0.63101	-0.0783404	4
417	17.9803	6.2468	0.364265	4
419	17.9677	2.43772	0.0810745	4
430	16.0637	24.4268	-0.0729186	4
432	18.1192	20.3261	0.872159	4
433	15.0204	20.0506	0.0751265	4
450	17.4797	2.5008	0.0782196	4
465	17.6275	6.71378	-0.434294	4
466	16.4202	1.93538	-0.427108	4
469	18.166	19.3999	-0.614118	4
471	19.8509	7.77797	-0.121165	4
472	17.2472	2.16262	0.119107	4
484	15.1204	22.5986	0.368862	4
487	17.8744	17.271	0.614038	4
490	18.0343	11.8428	-0.574135	4
491	16.8131	19.8483	-0.787085	4
494	17.2824	11.482	-0.237766	4
496	19.2105	18.1004	-0.102714	4
506	19.646	8.25341	0.242831	4
507	16.616	15.4628	0.219728	4
514	17.053	12.3649	0.567874	4
516	17.0392	19.4645	-0.0931202	4
517	19.681	14.2699	0.157535	4
519	15.6154	18.2907	-0.284516	4
532	17.1366	3.60184	0.249285	4
539	17.674	10.3144	-0.0607134	4
550	18.0594	15.9403	-0.124371	4
555	15.3932	14.7911	-0.504737	4
561	17.2407	0.26196	0.0638144	4
581	15.492	8.78267	-0.0537487	4
585	15.1397	20.6523	-0.076869	4
587	19.1223	10.8443	1.06439	4
604	18.401	20.9239	0.218585	4
610	15.5433	9.34809	-0.164024	4
611	18.2649	22.3272	0.415484	4
612	18.6635	3.37562	0.0300609	4
615	17.732	16.9328	0.259777	4
619	17.5741	16.7296	-0.56607	4
620	16.7362	15.375	0.654711	4
629	16.675	18.0291	0.736843	4
636	16.6276	14.9778	-0.290917	4
642	19.4298	18.2578	-0.466546	4
651	15.2802	16.5605	0.578391	4
652	15.827	18.7638	-0.708817	4
653	18.2424	16.7259	0.0815583	4
654	15.9941	20.615	0.697476	4
661	16.9091	12.2659	0.263908	4
663	18.6046	14.6109	0.538845	4
665	17.3144	0.977607	0.141741	4
666	16.4954	1.37694	0.291318	4
670	18.8039	8.62179	0.39311	4
676	16.777	14.0858	0.717885	4
678	19.4642	20.7723	-0.56395	4
680	15.3392	9.93981	-0.540117	4
685	19.6843	4.73699	-0.257643	4
688	18.6544	5.08912	0.8084	4
706	16.0236	4.26503	0.0813224	4
707	18.3738	14.7049	0.070537	4
708	15.9357	21.2691	0.192522	4
719	17.4741	8.16143	0.638536	4
728	16.4142	17.3937	-0.29954	4
731	16.4968	21.3992	-0.704425	4
732	19.9297	18.5896	-0.00409405	4
741	17.4047	16.0289	0.341924	4
742	15.7552	2.27685	-0.611696	4
746	18.084	3.94852	0.2064	4
749	17.5909	7.11865	-0.041237	4
763	16.5185	22.7787	-0.461449	4
769	19.5736	20.5154	-0.316555	4
773	16.352	13.3951	0.36192	4
777	15.1468	14.6632	-0.68734	4
778	15.1448	11.8118	0.141858	4
791	16.6303	10.0062	0.238811	4
792	16.3405	21.5118	0.0559402	4
796	15.3758	19.7933	1.18964	4
799	18.3567	14.2924	0.158934	4
802	17.7272	24.1283	-0.358943	4
804	19.86	16.5307	-0.676686	4
805	15.1449	0.881048	0.515647	4
807	18.3204	18.0854	0.130957	4
808	19.5449	6.03681	-0.703992	4
809	19.6878	14.097	0.390732	4
810	17.2207	13.4541	-0.244632	4
813	17.4324	6.77453	0.440275	4
820	18.373	10.4513	0.496343	4
828	17.1737	20.0556	0.31207	4
832	18.1328	6.14911	-0.457267	4
835	15.7224	8.45689	0.342927	4
837	18.4863	21.6388	0.0652733	4
845	18.7797	9.75874	0.286403	4
853	16.382	15.1568	0.308003	4
856	15.4243	3.3873	-0.597287	4
861	17.8225	12.8081	-0.160315	4
869	15.9778	17.0972	0.387827	4
875	15.7161	19.4005	0.68434	4
878	15.938	3.63911	-0.0129658	4
886	15.4123	13.6692	0.295086	4
892	18.9232	19.3473	0.0952455	4
904	19.4011	19.8573	0.0455383	4
906	19.1563	19.5142	-0.755369	4
912	19.3268	6.33349	0.199283	4
915	15.5598	7.12653	-0.0524799	4
917	17.0118	4.80436	0.337679	4
919	15.0525	11.3969	0.466564	4
920	15.5362	4.37423	-0.824463	4
924	19.6397	12.5732	0.756075	4
929	18.136	8.69727	-0.0425475	4
932	19.6586	7.69245	0.228913	4
935	15.2346	14.3432	-0.448604	4
939	18.2783	22.0557	0.435502	4
941	19.1098	3.40602	-0.130546	4
950	17.0529	10.8275	-0.184788	4
960	17.1793	3.66914	-0.0755	4
963	18.5684	0.719868	-0.102252	4
971	19.0422	24.6745	0.258585	4
979	17.7816	4.83452	-0.306772	4
981	18.6833	10.0708	-0.68245	4
987	16.6228	2.59394	-0.0672446	4
993	17.997	11.345	-0.151453	4
994	17.0453	8.5235	-0.378097	4
997	16.8294	18.7807	0.0763572	4
998	19.9303	21.6633	0.221674	4
1000	19.8188	14.9277	0.215963	4
1001	18.2411	23.671	-0.339298	4
1007	15.7908	13.3766	-0.72539	4
1011	16.1355	18.6807	-0.369249	4
1013	16.1232	1.97861	0.236815	4
1016	16.8712	17.7462	0.0715958	4
1018	19.7362	17.4717	0.834622	4
1020	19.1347	24.906	-0.300664	4
1027	17.1883	19.3664	0.0574853	4
1029	17.5707	20.207	0.0647703	4
1031	19.3631	14.6617	-0.152866	4
1036	16.8848	18.578	-0.574791	4
1068	15.4403	17.5539	-0.34934	4
1071	15.7858	15.8273	-0.498996	4
1072	19.2179	19.3493	-0.335429	4
1074	15.4399	19.7236	-0.218599	4
1080	18.8891	6.30484	-0.267445	4
1093	18.1122	0.937046	0.622264	4
1112	17.5178	24.1323	-0.380335	4
1130	18.1853	6.28813	0.359297	4
1136	18.888	10.6821	0.399418	4
1137	18.8142	5.52654	-0.122161	4
1141	19.1358	16.6633	0.320663	4
1151	15.6549	0.153288	-0.382267	4
1157	17.4064	17.5687	-0.349802	4
1161	15.198	14.3823	-0.408231	4
1164	18.1198	15.7157	0.211103	4
1169	15.5669	15.2344	0.0256024	4
1178	18.1414	13.3461	0.203322	4
1182	15.745	11.6383	0.286335	4
1190	17.9749	8.35563	0.142922	4
1192	18.7039	17.6809	-0.0820567	4
1195	18.5883	4.29087	-0.257347	4
1198	18.764	21.4791	-0.28067	4
1203	15.2413	4.16629	-0.130153	4
1207	19.699	2.82404	-0.494831	4
1208	18.497	9.24059	-0.0162847	4
1212	17.1052	23.0678	0.355989	4
1214	19.4211	0.750389	-0.0998545	4
1223	17.1067	24.9807	-0.487347	4
1230	18.2564	7.18203	0.392072	4
1235	19.6528	17.3933	0.0935733	4
1238	17.0419	21.3383	-0.00387625	4
1241	15.3176	9.73243	-0.132222	4
1246	18.0835	2.94429	0.1445	4
1251	16.8019	14.0455	-0.0451603	4
1254	15.5547	3.20443	-0.155814	4
1256	19.8324	8.75067	-0.410716	4
1263	16.9449	5.39481	0.153867	4
1265	15.572	4.20591	-0.538066	4
1266	17.3198	6.46443	-0.285811	4
1276	19.0712	21.0728	-0.467796	4
1277	17.3405	14.0984	-0.43739	4
1278	15.0751	0.492096	-0.196396	4
1282	16.3292	10.8949	0.809111	4
1293	19.7088	24.4868	-0.369864	4
1297	17.3793	14.8703	-0.118184	4
1308	15.31	9.44299	-0.266879	4
1312	19.3375	0.408392	0.406432	4
1316	15.8877	15.5609	0.54042	4
1330	19.6367	2.77732	0.441207	4
1339	16.5911	9.63394	-0.702805	4
1342	15.2084	2.67646	-0.180739	4
1345	17.5644	23.2264	-0.737593	4
1346	19.9267	21.382	-1.09199	4
1351	19.6711	0.116229	0.142524	4
1362	17.0091	21.1813	-0.184992	4
1369	16.2908	7.70565	0.139979	4
1382	17.448	3.87973	0.608697	4
1384	16.405	8.36985	0.0330009	4
1388	18.751	20.9742	-0.024913	4
1390	17.362	24.2445	-0.868294	4
1394	15.7325	20.9701	0.496921	4
1406	18.5376	12.6982	-0.212834	4
1408	19.6606	10.664	0.339156	4
1409	17.6831	7.80535	-0.0825516	4
1413	16.3805	23.612	0.0144913	4
1416	17.88	11.2505	0.133344	4
1423	16.3238	3.70383	-0.309905	4
1424	17.4172	4.03313	-0.660578	4
1425	19.8089	19.466	0.56105	4
1427	16.2481	16.4792	-0.469659	4
1429	17.1285	11.1059	0.527427	4
1430	17.3378	14.685	0.0450404	4
1433	15.1173	21.7222	0.244428	4
1447	17.1471	9.0478	0.632696	4
1461	16.8889	21.5758	-0.00501627	4
1466	17.387	23.8764	-0.466836	4
1468	16.8377	0.572477	-0.352221	4
1471	17.9142	16.4002	-0.0240038	4
1484	17.3187	4.53957	0.625163	4
1489	15.6045	2.09466	-0.127421	4
1499	18.4895	20.4542	-0.297397	4
1503	16.7458	5.80183	0.365463	4
1509	17.5546	17.1397	-0.0258542	4
1510	17.3898	23.6733	-0.0211023	4
1511	15.8798	11.9429	-0.625719	4
1520	18.1993	19.7136	0.254547	4
1526	18.1617	18.1728	-1.2432	4
1529	17.5272	14.3426	0.155169	4
1532	16.8318	19.8995	-0.214926	4
1533	19.2545	22.2843	-0.194723	4
1547	18.3262	18.252	-0.270418	4
1552	16.6713	8.40908	0.777715	4
1567	19.3987	6.03049	-0.311797	4
1576	16.1602	9.29119	0.00317352	4
1577	15.748	19.9922	-0.093154	4
1580	16.6961	15.9679	-0.425641	4
1605	16.2516	12.5636	-0.374332	4
1606	18.0688	19.7837	-0.56214	4
1610	15.888	6.75294	0.209783	4
1617	16.4208	8.88144	-0.30232	4
1618	18.8891	16.2544	-0.643969	4
1619	18.9454	16.831	0.0111876	4
1631	16.9827	7.36929	0.59516	4
1633	16.5256	4.85869	0.0562588	4
1637	15.9749	16.5931	-0.130292	4
1638	16.5787	3.01459	0.133585	4
1641	16.2291	18.2301	0.216052	4
1644	19.0979	0.0876251	0.361912	4
1647	15.0571	7.97985	0.240588	4
1649	18.8077	12.0195	-0.0723562	4
1655	19.5878	15.3659	0.226016	4
1665	16.566	5.0187	1.02519	4
1666	17.1294	2.08138	-0.403902	4
1668	15.717	21.7404	0.281333	4
1670	19.5945	4.55552	-0.0409168	4
1671	18.5425	5.5225	0.448695	4
1674	15.7433	16.8398	0.434174	4
1678	18.0279	8.92864	0.294881	4
1692	15.4303	12.6042	0.523276	4
1694	19.2589	21.7638	0.0818562	4
1695	19.5667	8.7463	-0.312866	4
1698	18.8599	13.1712	-0.588249	4
1699	19.2383	13.1961	-0.0805102	4
1701	18.6974	20.3055	0.0464246	4
1702	16.2707	19.048	0.311923	4
1704	15.2559	24.5611	0.049623	4
1708	15.1305	12.4011	-0.543063	4
1719	16.8873	6.32242	0.0858231	4
1724	17.0594	18.1322	0.792113	4
1733	17.3584	21.3705	-0.495554	4
1734	15.0042	1.82795	0.335276	4
1737	15.2669	9.6572	0.614338	4
1762	19.8969	15.8702	-0.24143	4
1763	15.1893	8.81147	0.618095	4
1764	16.5663	4.95159	-0.332479	4
1767	16.7915	6.72577	-0.499193	4
1769	16.0079	7.76202	0.0933475	4
1779	16.8998	16.5802	0.221296	4
1780	18.6319	1.98525	-0.455001	4
1787	15.8494	19.1375	-0.220552	4
1789	18.6128	18.0319	0.274425	4
1791	19.9445	15.7835	0.192864	4
1792	15.1983	21.2197	-0.640537	4
1793	17.0264	1.31337	1.21945	4
1801	17.8368	0.645204	0.455758	4
1811	19.6668	12.1913	-0.0492853	4
1813	19.569	21.5536	0.115533	4
1826	19.4549	0.714062	-0.159152	4
1846	18.212	15.3536	-0.100869	4
1848	15.6323	15.7225	0.0524361	4
1859	19.3886	9.22081	-0.347252	4
1867	16.6349	14.7759	0.443398	4
1869	15.3249	24.3251	0.20637	4
1871	18.8692	0.0894564	-0.376066	4
1880	16.2384	12.6757	0.167081	4
1904	18.8491	19.7474	-0.414802	4
1918	16.0153	14.6867	-0.147895	4
1924	16.8944	3.38611	-0.30284	4
1928	17.3107	10.6431	0.336996	4
1930	19.7817	5.04414	0.55644	4
1938	18.2137	22.0787	-0.475691	4
1939	18.0495	2.62597	0.136783	4
1947	18.1995	11.6436	0.0193646	4
1948	17.4027	8.68845	-0.107818	4
1949	15.7116	12.898	-0.641625	4
1954	16.6563	6.80888	-0.0566538	4
1972	18.537	10.2531	-0.586044	4
1980	19.5073	23.5123	0.567924	4
2002	19.5081	13.5657	-0.280821	4
2014	15.2999	16.1615	0.0979222	4
2018	15.104	15.3174	0.415285	4
2019	18.1693	3.77365	0.155493	4
2020	15.3188	1.69923	0.196519	4
2022	19.1199	8.1269	0.134733	4
2035	17.7826	13.4867	-0.429742	4
2037	18.2973	18.0298	-0.0596238	4
2041	17.5065	5.75574	0.505045	4
2074	17.484	17.0575	0.637568	4
2075	15.4129	20.1794	-0.238645	4
2077	17.4878	11.736	0.656019	4
2094	18.9377	10.1112	-0.396909	4
2100	19.7494	20.4042	-0.0459634	4
2108	15.407	9.49505	0.437765	4
2117	19.868	23.7031	-0.196508	4
2147	16.0068	1.50921	-0.349501	4
2151	17.554	13.0911	0.528858	4
2153	17.8076	9.04767	0.335377	4
2160	16.8782	12.0927	-0.54678	4
2166	16.5541	2.28614	-0.0870874	4
2173	15.1654	18.0983	0.366956	4
2178	16.4094	14.2008	-1.01589	4
2182	17.5635	13.6568	0.791578	4
2184	16.318	4.51537	0.402761	4
2193	17.3586	20.5148	0.215601	4
2196	16.3162	24.3146	0.277239	4
2197	17.626	24.4469	0.101189	4
2198	15.4393	9.82986	-1.00304	4
2200	19.0617	2.60716	0.50457	4
2203	17.969	24.5809	-0.663865	4
2211	16.1425	21.6013	0.230106	4
2218	17.0602	22.4104	-0.0159976	4
2221	17.7932	5.47053	-0.0311271	4
2228	17.8201	21.9947	-0.361598	4
2229	18.3027	22.0443	0.255363	4
2244	18.8865	21.8245	0.588057	4
2248	18.7723	5.46455	0.161941	4
2256	15.6268	3.49096	0.148527	4
2268	15.102	19.874	-0.594582	4
2269	16.7089	9.72666	-0.221372	4
2275	17.7023	0.41703	0.665552	4
2279	15.8906	8.61228	-0.163354	4
2287	15.9164	13.2856	0.21487	4
2290	15.77	17.7334	0.209906	4
2291	18.3887	2.63511	0.13939	4
2292	19.6444	12.1318	0.502441	4
2302	19.5862	8.12501	-0.246864	4
2304	15.5271	3.83995	0.0787167	4
2313	16.4758	6.66902	0.0784492	4
2365	17.7941	4.56429	0.360226	4
2371	16.1611	12.5439	-0.353763	4
2376	18.3789	22.98	-0.218054	4
2378	19.9049	10.3719	0.269289	4
2379	17.4726	2.68298	-0.58764	4
2384	16.4453	24.6339	-0.204448	4
2391	16.754	23.5824	-0.438567	4
2393	15.8572	12.5757	0.604959	4
2405	15.0428	2.43378	-0.315669	4
2406	15.7137	11.8145	0.161593	4
2412	18.075	10.6859	0.329922	4
2414	16.5578	17.3776	0.233342	4
2420	19.0163	16.3517	0.94056	4
2426	18.9128	7.85649	-0.171943	4
2433	17.7613	5.61955	0.679301	4
2443	19.9424	1.62846	0.0195093	4
2446	19.6904	15.5764	-0.0638923	4
2449	16.7669	17.2572	-0.131159	4
2450	19.3479	22.9131	-0.385993	4
2464	17.2444	21.9437	-0.130725	4
2466	16.2099	3.52479	-0.243178	4
2478	15.075	15.7047	0.0445323	4
2479	17.2998	21.7208	0.0855263	4
2497	15.9944	15.5821	-0.549389	4
2499	16.8319	7.73127	-0.304612	4
2508	17.467	16.2204	-0.150122	4
2520	18.6752	7.09285	-0.166197	4
2523	17.4906	14.7419	0.101979	4
2537	15.8795	3.6346	0.287558	4
2538	18.7644	11.691	-0.08313	4
2541	15.2592	8.90403	0.158031	4
2543	17.706	2.49978	-0.327413	4
2546	19.0417	0.70817	0.276227	4
2557	19.1923	3.05353	0.033636	4
2559	17.9305	5.04053	-0.219518	4
2561	18.1976	5.26514	0.523112	4
2566	19.2313	6.60132	-0.232919	4
2586	17.412	11.992	-0.415974	4
2596	18.7258	13.8636	-0.908341	4
2598	19.0925	9.46001	-0.0639772	4
2602	18.7288	0.750091	-0.147906	4
2604	16.6045	11.9367	-0.0184359	4
2612	19.6158	0.62829	0.416577	4
2617	15.5239	23.9726	-0.0413129	4
2621	16.3171	24.2313	-0.504985	4
2622	15.3181	24.6777	-0.281562	4
2627	16.1745	19.4088	0.754107	4
2628	16.4665	19.0569	0.126033	4
2635	15.1932	13.5957	0.560451	4
2647	16.1918	16.0444	-0.217124	4
2663	18.0552	3.71685	-0.24962	4
2671	15.5712	12.6366	-0.0921235	4
2677	18.3794	2.58715	-0.311644	4
2682	16.5196	3.59045	0.317309	4
2685	19.2005	14.2896	-0.0466181	4
2690	17.2036	9.25715	-0.0685147	4
2695	15.7808	24.9331	0.223335	4
2705	15.2378	12.777	-0.326682	4
2707	19.4878	13.9207	0.280714	4
2710	18.946	12.2582	-0.119571	4
2718	15.3649	22.2125	0.276514	4
2719	19.8624	2.39973	-0.535694	4
2725	19.2239	1.98276	0.732687	4
2726	18.7179	2.79766	0.631669	4
2728	15.6886	6.54772	0.518166	4
2729	17.3553	0.561982	0.13591	4
2736	18.1029	19.8986	0.21837	4
2738	19.0069	11.9283	0.360674	4
2741	15.1739	7.55728	0.10205	4
2744	15.7177	3.28072	0.70247	4
2748	18.0179	12.1039	0.948145	4
2750	15.3028	1.74786	-0.322538	4
2752	18.9461	15.5169	0.109479	4
2759	17.8	16.5225	-0.372178	4
2767	16.0504	3.6021	0.470146	4
2769	16.2723	3.37719	-0.0124771	4
2790	18.0376	17.8349	-0.208527	4
2792	16.0852	23.4243	0.144806	4
2794	19.9275	17.4573	-0.0733603	4
2804	18.5575	6.0579	-0.273094	4
2805	18.5774	9.32529	0.47724	4
2809	18.5979	13.6725	-0.152875	4
2810	19.3398	14.245	-0.0961736	4
2814	19.4164	9.61433	0.219428	4
2815	15.1689	14.1511	0.159094	4
2823	19.1244	22.4965	-0.604117	4
2824	16.366	5.30955	-0.354785	4
2825	18.9206	16.6173	-0.749515	4
2832	19.2764	7.47813	0.433025	4
2835	19.4988	18.5698	-0.164569	4
2840	16.8915	16.5601	-0.784689	4
2841	16.6277	6.63739	0.515652	4
2842	16.1809	6.30539	-0.38793	4
2849	17.5381	21.2648	0.442706	4
2853	16.7497	13.2911	0.0366853	4
2859	17.9414	8.26919	-0.236203	4
2868	17.8962	17.7849	0.293031	4
2869	17.3667	18.5245	0.745346	4
2870	18.395	17.0984	-0.423532	4
2877	17.8914	7.15869	-0.250631	4
2880	19.6123	22.7822	-0.170319	4
2888	15.3473	5.92681	-0.595912	4
2896	15.3333	0.967631	0.665989	4
2909	18.3207	5.8039	0.235122	4
2911	15.6579	16.1104	0.559586	4
2944	18.1257	5.89331	-0.146372	4
2954	18.9104	19.2116	-0.565854	4
2958	15.4935	18.6463	-0.252881	4
2959	18.3142	21.2784	0.139162	4
2962	19.6066	11.0105	0.892618	4
2970	18.7439	8.33058	0.423888	4
2982	15.4292	3.09676	0.0284982	4
2988	17.9697	6.05549	-0.965314	4
2991	15.1709	8.40332	-0.162771	4
2992	16.819	12.4562	-0.192757	4
2995	17.019	24.4556	-0.253761	4
3003	18.0643	2.70525	-0.157179	4
3011	16.8232	1.24712	-0.147409	4
3012	16.8763	0.857764	-0.258482	4
3013	19.7516	7.60259	0.413069	4
3016	18.9826	14.3894	0.221519	4
3018	15.0543	0.00378814	0.229094	4
3019	19.4319	21.5825	-0.411411	4
3024	15.0019	4.56462	-0.311206	4
3027	17.9969	21.5486	-0.898555	4
3039	17.3667	4.84938	0.285707	4
3041	16.8276	4.91777	-0.83467	4
3043	15.5686	6.82101	0.27404	4
3054	19.8062	5.86785	-0.36573	4
3067	16.4184	4.12467	-0.192923	4
3068	17.41	3.99665	0.107613	4
3077	18.1617	23.9197	0.0435679	4
3078	17.6353	20.7047	-0.0507746	4
3079	18.0023	8.75442	-0.930604	4
3081	19.6219	20.0937	-0.0538387	4
3087	16.7571	14.0666	-0.118663	4
3088	15.7489	2.27308	0.166926	4
3096	19.0974	16.0998	0.0847915	4
3098	16.4332	11.2815	0.643983	4
3102	18.1582	12.1619	0.491972	4
3105	19.5059	5.54411	0.255547	4
3109	16.0594	16.9469	-0.303911	4
3113	15.3606	9.66587	0.299948	4
3124	18.9013	1.83007	0.316639	4
3125	15.2398	2.75877	-0.267834	4
3127	17.8283	5.0005	0.0682871	4
3128	19.2363	23.5469	0.427343	4
3129	17.9995	6.18445	0.0267226	4
3132	15.6847	19.5017	0.0728787	4
3136	16.8894	19.1156	-1.10811	4
3146	15.5664	6.93891	-0.138184	4
3150	15.8032	11.9483	-0.47328	4
3159	19.305	17.9	0.487887	4
3171	15.5966	2.52593	-0.100597	4
3172	18.7409	12.2655	0.254738	4
3173	17.4596	22.9749	-0.87026	4
3178	17.0636	2.71537	0.600218	4
3181	17.3219	1.1066	0.848835	4
3182	19.061	15.8104	-0.321724	4
3186	16.7955	0.621042	-0.766582	4
3194	18.056	1.78624	-0.0678513	4
3198	16.9811	14.7396	-0.0601269	4
3202	15.8292	9.97913	-0.811429	4
3208	15.6592	24.9611	-0.664595	4
3211	19.2723	19.6525	-0.532397	4
3216	17.3704	10.7256	-1.02018	4
3221	18.9933	20.6733	0.329965	4
3238	19.3897	6.30311	0.0860019	4
3241	15.9877	21.9715	-0.619908	4
3242	17.2503	19.6405	-0.119148	4
3245	17.55	1.38303	-0.579242	4
3247	18.7258	0.349754	-0.325764	4
3250	15.4447	1.47906	0.253788	4
3251	15.2547	1.92433	0.335644	4
3262	15.2872	15.0716	0.733471	4
3291	18.2528	14.1908	-0.283909	4
3297	17.6302	4.05754	-0.258183	4
3299	16.3548	18.9145	0.0296677	4
3300	16.3473	18.481	-0.282578	4
3307	16.5939	11.9903	-0.585425	4
3309	17.9105	16.5611	0.406121	4
3311	17.7658	9.65026	0.0516136	4
3312	17.6039	9.82473	0.417265	4
3313	17.3547	5.97331	0.404496	4
3328	18.8713	11.7702	-0.142515	4
3337	17.9481	17.334	0.341066	4
3343	19.8904	6.96742	-0.199027	4
3349	19.0996	15.0	-0.294062	4
3374	16.0895	24.1925	-0.307185	4
3381	18.9018	9.03735	0.442996	4
3383	18.716	24.7482	0.00869166	4
3384	17.4595	20.0163	1.32247	4
3387	18.9327	1.92957	0.583002	4
3389	17.2786	5.68584	-0.259418	4
3391	15.7583	18.5977	-0.13713	4
3397	16.2903	16.7199	0.07327	4
3401	15.1104	19.8248	0.0636333	4
3406	15.2174	5.6706	0.00117749	4
3407	19.5471	19.5304	-0.300969	4
3410	17.7947	9.43143	0.0281847	4
3415	17.73	4.73014	0.373576	4
3426	15.0938	20.6815	-0.0426407	4
3428	19.2406	16.5729	0.136743	4
3429	15.2382	11.6554	-0.0187941	4
3441	15.0532	7.48195	-0.448635	4
3446	19.2672	2.903	0.710575	4
3451	16.4044	18.5752	-0.110658	4
3458	15.4989	9.34901	-0.502559	4
3459	18.9473	10.1654	-0.523475	4
3461	19.8428	22.8896	-0.449483	4
3465	18.5311	19.6805	-0.515731	4
3466	19.579	8.77573	-0.0327931	4
3467	15.6768	9.76273	0.358959	4
3468	16.0644	10.5035	0.0553008	4
3473	17.9556	12.5045	0.337858	4
3491	19.2164	20.8863	-0.897807	4
3504	19.1556	7.68047	-0.0702021	4
3505	19.0865	7.70814	-1.06228	4
3509	17.9302	19.6824	0.480008	4
3512	18.035	10.4397	-0.558798	4
3514	17.7569	24.2352	-0.531414	4
3518	19.9391	11.0388	1.02132	4
3519	19.2436	11.2527	0.312055	4
3520	15.9102	6.71887	0.296391	4
3521	15.1116	3.95232	-0.237073	4
3522	15.0261	14.4222	-0.0572745	4
3529	18.8502	5.90352	0.100288	4
3533	17.7293	10.7788	0.305747	4
3541	19.4356	1.55061	-0.109572	4
3544	17.7221	22.0885	0.0140727	4
3554	18.7632	21.5013	0.271408	4
3556	18.2856	4.40338	0.210735	4
3560	16.1747	7.40672	0.0322311	4
3565	19.6966	23.155	0.345097	4
3572	15.6438	9.91877	0.129448	4
3574	17.7769	2.08985	0.183198	4
3579	18.6257	9.40407	0.34183	4
3605	19.6279	12.7243	0.0475122	4
3606	19.8736	12.6064	0.545384	4
3611	15.4668	8.04484	-0.602754	4
3625	18.9074	10.0752	-0.128184	4
3626	17.4529	6.62043	-0.537995	4
3634	19.4631	15.1333	0.238828	4
3636	19.7954	8.06714	0.491163	4
3645	16.4953	4.54763	0.04337	4
3650	15.0719	14.6555	-0.511961	4
3654	17.6988	24.2238	0.321968	4
3664	17.2456	9.89184	-0.0831702	4
3669	19.6576	20.8656	-0.33773	4
3673	16.0807	18.548	-0.289506	4
3675	17.5639	20.2256	0.850085	4
3678	16.4029	8.67199	0.622198	4
3679	19.6199	20.3988	-0.39304	4
3687	16.7381	6.15868	0.153073	4
3688	19.5609	18.4127	0.209083	4
3696	18.8161	9.39921	0.052731	4
3697	16.5458	17.0279	0.505845	4
3703	18.4331	4.79969	0.582826	4
3704	18.0739	9.21905	-0.316512	4
3707	16.6101	13.8723	-0.054406	4
3710	15.8204	6.0866	-0.154868	4
3711	15.9019	0.645962	-0.365491	4
3712	15.6418	0.409403	0.424555	4
3719	16.3493	9.78434	-0.30078	4
3723	15.9304	13.1327	-0.072758	4
3726	16.8765	21.3039	-0.816077	4
3737	16.0998	3.67596	0.133332	4
3739	16.2254	13.4304	0.167232	4
3741	16.1453	3.54045	-0.311511	4
3742	18.179	20.137	-0.602788	4
3757	19.4423	10.5334	0.130548	4
3758	15.0281	13.9449	-0.0137112	4
3761	17.7348	16.4338	-0.05152	4
3763	15.1108	23.3238	0.226456	4
3764	18.7187	18.9622	0.107811	4
3779	18.7485	22.4205	0.42517	4
3797	17.8863	2.71097	-0.184768	4
3798	17.647	8.61302	0.28306	4
3803	15.2909	0.207996	-0.344165	4
3806	15.3172	4.65009	-0.000595382	4
3807	17.5391	3.72982	0.459726	4
3812	16.5555	15.4343	0.512322	4
3813	16.204	22.2621	-0.709973	4
3815	19.7943	19.8605	0.202385	4
3816	19.9896	4.31056	0.344028	4
3820	17.2413	0.10903	0.324363	4
3833	15.4098	2.60225	0.103874	4
3835	17.21	23.387	-0.267719	4
3843	16.2403	1.03638	0.120913	4
3845	15.7499	9.12776	0.278159	4
3853	17.3235	0.976079	0.314714	4
3859	18.9986	21.0841	0.0814323	4
3868	19.8542	22.9207	-0.507966	4
3885	15.0649	14.0742	-0.139304	4
3890	19.2415	16.738	-0.426036	4
3891	18.0903	21.1709	-0.343116	4
3892	18.3925	16.4496	-0.43552	4
3893	17.0786	15.9167	0.256523	4
3894	16.4863	16.0529	0.416401	4
3896	15.3789	18.4597	0.750271	4
3905	15.91	12.0741	-0.278745	4
3916	18.1474	22.5924	-0.227163	4
3926	15.2092	1.59867	0.0434356	4
3927	16.4072	18.7978	-0.393284	4
3928	16.5192	18.1096	0.657832	4
3929	17.9426	6.79851	0.0445337	4
3932	19.5655	20.2894	-0.325146	4
3933	19.292	20.1262	-0.616104	4
3950	15.2771	3.36898	0.302053	4
3951	15.2443	3.19188	-0.081763	4
3961	17.8881	17.1948	0.0639204	4
3972	17.4816	21.9485	-0.00660027	4
3973	18.4793	12.6178	-0.289459	4
3974	16.4721	1.70874	0.258059	4
3975	18.3124	3.54515	0.197405	4
3977	15.6061	5.92992	-0.153585	4
3981	16.5608	0.731865	0.285292	4
3984	15.2695	1.19219	0.537908	4
3985	16.7503	11.4572	-0.195767	4
3988	19.4608	20.9656	-0.137011	4
3993	18.2251	8.19877	0.0129871	4
3998	15.3481	22.0369	0.29927	4
4006	18.6728	3.08418	0.137878	4
4007	16.1422	22.1976	-0.685577	4
4026	17.1031	16.0308	0.255963	4
4051	16.1331	24.1885	0.108788	4
4053	18.1264	11.3444	-0.131402	4
4063	16.1432	1.79271	-0.0690325	4
3	23.3931	2.36888	0.579595	5
6	21.2076	23.6612	0.401124	5
7	20.155	19.7883	0.00544795	5
8	20.8714	7.20126	-0.589739	5
18	22.8081	4.98455	0.319235	5
19	23.8366	11.6464	0.276971	5
21	24.4411	14.2113	0.335846	5
27	24.4589	3.74534	0.0274805	5
39	23.3305	14.1887	0.0935577	5
43	23.5843	12.6351	0.378297	5
47	24.1597	1.4565	-0.137236	5
51	21.407	23.3451	0.0149612	5
52	24.3092	20.4668	0.392677	5
53	24.0246	14.5516	-0.21743	5
67	22.7929	7.83541	0.0079066	5
72	21.3704	15.9636	-0.450245	5
81	22.9942	0.643323	-0.324452	5
88	22.5617	0.172651	-0.442467	5
93	22.0619	9.63004	0.0908177	5
95	20.5272	4.34672	-0.0476198	5
103	21.8134	10.6919	0.358171	5
133	24.6348	18.0915	0.12634	5
135	21.5791	8.49838	0.349863	5
137	21.5051	11.8789	-0.348061	5
138	20.4299	24.3868	0.0295329	5
148	21.838	13.2742	-0.398055	5
149	22.6766	7.09825	-0.0513806	5
151	23.1117	14.2634	0.0254879	5
159	21.9177	9.82508	0.184357	5
165	21.2754	7.74038	0.36964	5
173	20.832	9.78347	0.510196	5
188	22.3392	18.0153	-0.305741	5
192	23.5406	6.71397	-1.42658	5
196	20.5497	4.25007	-0.168275	5
200	21.7011	13.2654	-0.568413	5
203	22.2059	18.7152	0.0873733	5
205	22.9583	24.0393	-0.455062	5
211	21.9425	5.41192	-0.699905	5
212	23.9538	16.0459	-0.108614	5
214	24.9678	16.8507	0.209135	5
220	23.1045	21.6541	0.217034	5
226	20.2056	2.50472	0.0657221	5
227	23.629	22.8796	0.0322231	5
247	20.104	18.7468	-0.19347	5
251	24.6405	0.27139	-0.397741	5
253	22.7794	7.04938	-0.480531	5
255	20.0486	18.0214	-0.269288	5
262	22.4212	2.1066	0.237021	5
269	23.1559	10.1102	-0.283984	5
271	23.1144	3.92928	-0.303436	5
272	22.1584	10.9872	0.106285	5
273	23.146	2.08232	0.309629	5
276	21.8059	4.26467	0.57427	5
281	22.7481	12.7011	-0.45228	5
285	22.7793	16.0419	0.0616778	5
291	21.6966	14.804	-0.442992	5
294	24.2991	6.95428	-0.117453	5
300	22.6443	21.5727	0.662126	5
305	24.0219	21.7084	-0.106519	5
308	22.9044	15.4982	-0.436831	5
312	24.1071	15.81	0.148797	5
318	21.4839	2.26081	0.154489	5
320	24.251	14.7243	0.106864	5
321	21.2809	22.9519	-0.663694	5
333	20.7932	22.4971	-0.240446	5
336	24.7576	9.38539	0.0892192	5
340	24.3257	10.0536	-0.15847	5
341	21.1268	3.32936	0.242338	5
346	24.6602	12.5444	-0.199122	5
357	24.5146	14.7754	0.127305	5
361	21.6335	11.6546	0.396995	5
365	20.4664	0.954815	0.266284	5
366	23.025	0.58138	-0.287884	5
377	21.4842	22.6964	-0.351424	5
378	21.1777	5.35806	0.540079	5
384	20.6019	12.3698	0.607993	5
399	22.8174	17.681	0.319245	5
402	21.4015	10.366	-0.111988	5
403	23.5021	18.942	0.383341	5
404	20.6988	21.0021	-0.373351	5
408	20.5293	11.6309	-0.348047	5
412	23.8907	8.26397	0.00831131	5
414	23.4398	17.8618	0.0543862	5
415	24.5627	2.3403	-0.63179	5
429	23.46	13.8329	-0.0402493	5
437	23.3353	21.9847	-0.0145991	5
439	24.8881	24.0988	-0.0748089	5
448	22.3943	12.1042	0.191187	5
449	22.4781	3.77134	-0.00153193	5
458	22.5337	14.6248	-0.264081	5
460	24.7641	4.44088	0.1009	5
468	21.7264	18.1438	0.736591	5
476	20.891	3.3431	0.579006	5
479	22.1204	23.0899	-0.650897	5
483	24.2081	5.17686	0.760012	5
492	21.8705	20.5341	-0.214904	5
493	23.8492	10.7129	-0.300435	5
495	23.029	15.7056	0.749471	5
505	23.1278	12.6891	-0.122139	5
515	24.5301	3.35993	-0.0369734	5
518	22.9407	21.9203	-0.223109	5
523	20.344	20.4164	1.03674	5
525	22.7426	13.3904	0.785708	5
533	23.2676	7.75651	-0.266996	5
534	22.597	6.26265	-0.548551	5
540	21.4878	24.7475	-0.284624	5
548	22.8017	24.4112	0.332133	5
549	24.0243	24.2379	0.188413	5
553	20.251	8.14322	-0.417684	5
562	20.6698	9.48889	0.970692	5
564	21.2498	22.8802	-0.839397	5
572	21.5073	10.8267	-0.0723743	5
574	24.2223	14.1844	0.0780744	5
577	20.6725	22.1597	-0.0929707	5
582	22.468	2.34601	-0.577524	5
592	24.5791	19.6058	-0.0245549	5
598	21.6416	24.6877	-0.246407	5
601	20.7866	22.6709	0.31346	5
606	22.65	20.9663	0.291522	5
613	24.1489	10.8663	0.217939	5
614	20.0636	12.0105	-0.250503	5
627	23.2141	9.59492	0.105396	5
630	20.993	7.07221	0.592336	5
635	22.8681	23.4432	0.177862	5
638	20.4368	3.54828	0.77111	5
643	22.2427	2.49296	0.932194	5
645	21.3368	14.6809	0.508624	5
647	21.8246	7.37202	-0.352519	5
648	21.8734	4.84753	0.765703	5
664	21.6686	2.49002	0.117227	5
671	23.2036	12.332	0.382287	5
672	22.9613	17.4468	0.383716	5
677	23.6053	10.4747	0.145009	5
679	22.9972	17.2816	0.487241	5
684	23.319	16.8505	0.171588	5
691	23.3649	4.68607	0.0255762	5
693	23.6168	1.77294	0.217431	5
695	23.4818	17.921	-0.651517	5
696	22.0711	2.92973	-0.240392	5
712	22.648	1.71197	0.112886	5
738	24.6204	10.7223	-0.116096	5
740	23.1168	3.97186	0.545671	5
752	22.0575	7.85435	0.607437	5
760	21.8929	19.5826	0.532456	5
770	21.1379	20.0685	-1.15986	5
771	20.3547	17.1451	-0.0426649	5
774	23.5628	11.7451	-0.413253	5
775	21.1517	1.12522	-0.398614	5
785	21.3949	5.77837	0.0746627	5
795	21.4613	17.3342	-0.623344	5
801	22.3048	6.61339	0.185646	5
814	24.4357	5.26762	0.168709	5
818	21.5439	20.9525	0.0979463	5
823	23.8239	17.2342	0.346042	5
826	24.1516	24.5929	-0.199568	5
827	21.6962	16.7609	0.0393185	5
834	20.9833	4.00505	0.0206592	5
841	24.4344	18.2487	-0.202083	5
855	20.8657	19.9464	0.189617	5
862	20.014	5.51385	-0.333975	5
872	20.3902	2.76121	-0.476168	5
884	24.4003	5.53493	-0.405033	5
895	22.1199	6.93169	-0.271237	5
896	20.8084	12.4554	0.752931	5
899	20.0909	0.0480322	0.458439	5
910	24.5381	24.6494	0.322734	5
911	24.848	18.2306	0.11236	5
916	20.1924	6.79842	-0.0227983	5
918	24.6717	4.35354	-0.434488	5
925	20.6404	18.7176	0.161902	5
927	20.1678	19.2622	-0.0448739	5
930	22.5542	7.49876	0.472742	5
936	22.4024	17.4215	0.233911	5
943	21.3673	13.8634	-0.444876	5
946	24.2478	8.85712	-0.187934	5
952	24.7023	6.26742	0.0512634	5
961	21.0684	24.3162	-0.616517	5
962	21.0127	24.4349	0.0966561	5
964	21.942	2.81981	0.936526	5
968	22.2127	24.826	0.345198	5
984	20.1286	16.5418	0.497928	5
988	24.4392	1.60428	-0.716206	5
989	24.4815	1.50701	0.0693831	5
992	20.0413	5.92268	-0.0181512	5
999	21.0974	21.5846	0.000822235	5
1009	23.2952	22.7002	0.350293	5
1010	24.971	5.0647	-0.808296	5
1012	23.5846	2.67343	0.442753	5
1022	23.5843	18.2772	0.16141	5
1024	21.3484	3.90494	0.319077	5
1037	24.0721	21.2656	0.192794	5
1039	24.4553	13.6924	-0.344581	5
1041	23.9051	22.1378	0.314938	5
1049	22.2957	10.9715	0.24533	5
1050	22.0726	5.96435	-0.27895	5
1051	23.0577	8.28115	0.237039	5
1057	22.105	12.1584	0.341345	5
1062	21.4954	3.5032	0.0201403	5
1070	20.9062	1.17616	-0.00375255	5
1077	20.0246	17.4816	0.101345	5
1083	23.4368	9.9574	-0.248853	5
1085	20.6961	13.1811	-0.101138	5
1109	22.3235	12.1936	-0.535538	5
1114	23.4765	23.1454	0.143713	5
1116	23.2084	9.77125	0.601294	5
1119	24.1217	4.2652	0.223563	5
1120	24.6822	19.9659	-0.276177	5
1123	23.0884	4.64509	-0.0746426	5
1127	21.7557	10.5946	0.495935	5
1131	21.7649	19.1572	-0.331322	5
1132	22.8722	1.60571	0.240597	5
1134	23.7631	1.04374	0.03706	5
1147	20.9546	16.0302	0.3216	5
1149	24.5697	23.5486	-0.14191	5
1153	22.7265	20.7021	-0.760442	5
1154	21.2263	18.8837	-0.242754	5
1158	21.8778	4.44922	-0.6055	5
1159	24.5479	0.431141	-0.66675	5
1162	22.4545	18.6375	0.60944	5
1166	24.0629	7.96958	-0.302884	5
1167	24.0221	7.89869	0.404945	5
1175	22.089	23.2482	-0.602142	5
1183	20.2014	8.39383	0.295159	5
1185	21.7763	1.73782	0.218868	5
1188	22.1266	18.5207	0.681501	5
1193	23.6256	8.25023	-0.13057	5
1200	21.4643	0.446741	-0.710501	5
1201	21.1023	5.15788	0.0309219	5
1210	24.8032	20.696	0.764144	5
1211	22.9588	6.60706	0.120981	5
1213	23.8678	9.29353	0.0824347	5
1224	24.5839	10.3081	0.0463669	5
1227	21.4141	5.61458	0.908474	5
1229	20.4007	10.5463	0.207036	5
1244	21.6711	6.87392	-0.151251	5
1245	20.2572	12.0346	0.524068	5
1248	20.5881	8.27753	-0.285541	5
1249	22.1114	4.73266	0.21439	5
1261	20.8272	8.75833	0.661901	5
1262	24.3395	1.60696	-0.0890097	5
1269	20.0317	9.21224	0.500742	5
1273	23.8896	1.92805	0.274708	5
1275	22.3964	14.0745	0.0426245	5
1280	21.6994	8.962	-0.16159	5
1285	22.2026	10.1654	-0.66581	5
1289	22.0829	22.9562	0.219458	5
1295	23.5576	5.11019	0.386765	5
1296	20.5669	20.3553	0.469359	5
1298	24.3308	3.10714	-0.544617	5
1302	22.2207	19.2478	0.138818	5
1304	22.8296	12.8067	-0.278242	5
1306	22.4499	3.21234	0.491498	5
1317	24.9468	9.24681	0.00894818	5
1319	22.7515	13.977	0.0859444	5
1320	24.1554	18.8983	0.400457	5
1322	22.7086	11.9089	-0.193218	5
1329	20.0631	21.9203	-0.672919	5
1335	21.0501	4.59459	0.662405	5
1340	20.0095	2.92875	0.211228	5
1350	24.981	6.96883	0.52968	5
1366	24.5639	2.18432	0.064226	5
1375	22.2531	8.66046	0.279453	5
1383	22.1343	2.60912	-0.122061	5
1385	22.0155	22.2605	0.581951	5
1392	23.8498	1.35598	-0.614467	5
1393	22.6294	1.71684	0.245604	5
1395	22.5623	1.81348	0.984785	5
1403	21.4492	3.87867	0.172214	5
1405	20.1378	17.1863	-0.787433	5
1414	24.8325	20.6567	-0.469097	5
1415	22.317	10.5106	-0.355242	5
1417	23.1666	19.3215	0.731994	5
1420	23.3504	11.3022	0.0926137	5
1426	21.9566	23.3615	0.196788	5
1434	22.2006	0.166407	0.374173	5
1439	21.1485	9.81142	0.623236	5
1444	20.2907	24.3375	0.552839	5
1446	22.9658	11.2988	0.0877986	5
1451	23.7434	21.2728	0.107417	5
1454	24.2215	22.1135	0.120166	5
1455	23.5711	6.52403	-0.334982	5
1458	20.408	6.80398	-0.431807	5
1473	23.9745	10.0435	-0.112849	5
1478	23.9166	10.9066	0.229941	5
1488	23.3099	19.5604	-0.0369032	5
1494	21.9014	11.7195	-0.21601	5
1496	22.5894	8.75511	0.567628	5
1504	22.0438	21.6953	0.0117367	5
1505	22.7806	7.45015	-0.156736	5
1508	22.7719	15.9631	-0.387974	5
1517	22.4533	17.2057	0.125239	5
1523	24.9828	22.0711	0.471554	5
1524	21.0852	10.4465	0.477175	5
1525	24.5946	7.74115	0.145806	5
1530	24.3523	19.8716	0.487446	5
1537	20.8408	15.7049	-0.542808	5
1549	22.6556	16.6427	0.12871	5
1560	20.4368	16.2561	-0.136482	5
1569	23.0393	10.2761	0.333697	5
1573	24.5674	17.6539	-0.198077	5
1587	23.2844	15.4437	-0.117912	5
1588	24.4939	17.3375	0.361655	5
1589	22.9933	9.92456	-0.109315	5
1590	23.6505	8.57354	-0.223569	5
1604	22.0158	13.9441	-0.341465	5
1608	20.3742	21.0633	-0.246691	5
1614	24.5081	22.4135	0.270024	5
1615	22.0224	1.08132	0.535965	5
1622	24.7548	13.0049	0.029609	5
1625	24.5413	5.24961	-0.143102	5
1630	24.458	12.487	0.235697	5
1635	20.0644	0.867239	-0.34032	5
1639	21.2133	4.25339	-0.511946	5
1642	21.3644	7.84454	0.30946	5
1643	21.1978	7.70756	0.30874	5
1650	23.4943	24.2438	-0.304213	5
1657	21.823	7.94194	-0.563651	5
1672	20.7671	14.4519	-0.384893	5
1679	21.8247	13.8167	0.38948	5
1684	22.3828	7.93788	0.199337	5
1686	23.1755	21.328	-0.291942	5
1689	21.4375	8.34849	-0.0481904	5
1693	21.0203	17.6232	0.47325	5
1696	23.8505	5.87764	0.265863	5
1707	20.2509	5.8768	0.675849	5
1715	24.4188	19.1719	0.160295	5
1716	24.2153	21.1195	-0.0740527	5
1720	20.2603	22.3629	-0.35561	5
1725	23.2495	16.8073	0.344764	5
1727	22.3254	14.4572	-0.77279	5
1728	21.0545	16.1429	-0.631474	5
1729	24.3639	11.7178	0.555244	5
1739	24.4213	3.98048	0.0932153	5
1744	20.0956	15.1621	0.274242	5
1747	23.4397	1.52529	0.675135	5
1749	21.1451	24.856	-0.238923	5
1752	23.6486	23.7238	0.429321	5
1753	20.0816	9.36251	0.11843	5
1755	21.4801	6.55856	-0.617772	5
1759	22.9152	0.983268	0.49158	5
1766	23.542	20.4471	-0.348853	5
1774	23.9379	8.36181	-0.0647088	5
1783	21.7694	19.7485	0.242608	5
1784	20.9853	2.22598	0.434759	5
1785	23.1187	13.0796	0.0686303	5
1786	23.5367	18.9953	0.614123	5
1802	22.7118	14.8278	0.570299	5
1804	23.9528	3.87671	-0.621406	5
1819	24.269	21.1342	0.517781	5
1824	20.9848	7.1963	0.363041	5
1833	21.8809	0.0142555	-0.990016	5
1837	23.5165	1.54576	-0.490222	5
1851	21.4025	12.4198	0.174344	5
1852	21.9617	22.0478	0.137628	5
1853	20.6896	6.27443	0.206044	5
1858	20.3063	19.0113	-0.631519	5
1862	23.3518	23.5859	-0.0325174	5
1868	23.7298	24.3207	-0.390432	5
1872	23.6567	20.2856	0.408707	5
1873	23.8793	19.6358	-0.124875	5
1875	20.7203	2.04359	0.502453	5
1877	20.2649	20.4842	-0.511638	5
1879	22.0729	23.9657	-0.60073	5
1892	22.4527	14.0829	0.158213	5
1903	22.9641	8.9638	0.139367	5
1906	23.6527	19.1556	0.373001	5
1912	23.1007	2.43994	0.325525	5
1917	20.0019	4.30218	-0.178577	5
1929	23.1438	24.3386	0.326784	5
1934	21.3231	21.6173	-0.342145	5
1951	21.4971	21.387	0.749088	5
1958	22.5163	11.8498	0.213273	5
1959	21.9502	11.1092	-0.0702243	5
1968	20.9483	24.759	-0.344832	5
1973	21.2456	17.0321	-0.202998	5
1982	20.909	12.2166	-0.213997	5
1990	20.9461	20.5673	0.195732	5
1993	20.1058	18.5625	0.0549553	5
1994	23.802	10.6312	0.323391	5
2009	22.5872	21.9305	-0.0715437	5
2012	20.1271	5.14587	-0.696223	5
2013	22.0975	22.3291	0.405592	5
2017	23.3227	6.56429	-0.413931	5
2031	20.407	20.6559	0.0743633	5
2032	24.9125	19.4687	0.30037	5
2033	21.5985	0.89205	0.584174	5
2034	20.9943	9.29101	-0.119458	5
2042	21.1129	10.4387	-0.442895	5
2051	22.1217	11.335	0.876485	5
2054	23.1428	3.36329	0.21174	5
2056	23.386	7.91286	0.174234	5
2059	21.3731	24.7606	0.27583	5
2060	20.3384	17.0055	0.914787	5
2070	20.9277	9.24186	0.883464	5
2080	21.5561	10.4435	0.361516	5
2081	21.6901	10.1721	0.340629	5
2082	20.1073	11.1905	0.771767	5
2084	21.4568	24.9266	0.456997	5
2086	20.2909	23.2796	-0.280149	5
2088	20.7753	4.00226	-0.161134	5
2091	24.4031	6.16772	-0.038678	5
2093	24.0355	21.7421	-0.297608	5
2098	23.8891	1.5534	0.545175	5
2099	23.9154	3.54778	0.622437	5
2102	22.5407	12.0771	0.089395	5
2115	20.7445	19.6367	-0.0960014	5
2126	23.8789	16.5401	0.075246	5
2127	23.5016	17.5675	0.442423	5
2132	21.7122	4.43663	0.407678	5
2139	21.4465	22.5469	0.509624	5
2142	21.9431	5.39804	0.0418266	5
2143	21.2712	5.57545	-0.271767	5
2149	22.1149	0.750433	-0.375608	5
2150	20.4343	1.67798	0.177393	5
2155	24.764	16.8143	0.078494	5
2156	22.1263	4.20951	-0.720644	5
2161	21.6583	16.6842	0.701102	5
2164	24.4391	17.1182	0.451872	5
2177	23.5073	19.8244	0.333512	5
2179	20.7244	22.1898	-0.802284	5
2180	23.6761	3.39545	0.526678	5
2183	23.3367	12.3355	0.499609	5
2191	20.2033	8.24255	0.350717	5
2192	23.8741	13.5874	-0.178465	5
2199	20.3706	18.7531	-0.169985	5
2207	21.8385	14.3656	0.156883	5
2215	20.3148	15.9666	-0.125193	5
2222	20.3451	0.452291	-0.536736	5
2223	20.6976	12.2006	0.00964955	5
2224	24.0084	24.2473	0.167883	5
2226	22.6768	0.143125	0.417394	5
2231	21.0112	2.55577	-0.346055	5
2236	20.691	3.56909	-0.661535	5
2237	24.7836	13.4122	0.03834	5
2238	22.8521	18.7011	-0.0276249	5
2251	20.3154	2.02491	0.372768	5
2253	20.8805	12.8751	0.406171	5
2265	20.5586	23.019	-0.650459	5
2282	23.0407	2.22365	-0.0157889	5
2284	21.1066	5.86082	0.38919	5
2288	21.0116	13.8188	0.825227	5
2303	20.9411	2.1847	0.154592	5
2308	24.6941	6.5592	0.054867	5
2310	20.9228	13.8039	0.038476	5
2328	22.5733	15.2473	-0.422615	5
2329	23.9076	3.60998	-0.0585351	5
2334	23.2684	20.7637	0.0492695	5
2335	21.0091	0.7754	-0.241634	5
2343	22.2118	9.85349	-0.235594	5
2347	21.3335	2.99423	0.626305	5
2353	22.0705	9.46256	0.440525	5
2356	23.9087	22.6046	-0.0679504	5
2357	21.778	11.7226	0.172349	5
2358	21.7131	10.8265	-0.0799227	5
2359	20.4517	17.9305	0.146081	5
2361	21.406	20.9315	0.131455	5
2373	22.1277	17.4409	-0.308253	5
2374	22.4059	9.90569	0.101786	5
2386	20.8276	15.3584	-0.750979	5
2389	22.8806	14.5148	-0.419924	5
2402	21.3977	20.704	0.552858	5
2403	22.4925	12.9862	0.228865	5
2410	23.9624	7.38083	0.287476	5
2417	21.2161	24.8485	-0.0806496	5
2423	24.0242	22.1862	0.60037	5
2424	24.0807	22.4268	-0.304666	5
2430	22.0397	4.23046	0.208202	5
2439	22.0056	9.02674	0.544895	5
2444	20.5487	0.799005	0.0842243	5
2447	20.728	14.8078	-0.0571335	5
2454	23.6901	21.5688	0.414378	5
2455	24.8496	21.6384	-0.106082	5
2457	20.8291	9.56038	-0.363698	5
2476	24.0564	15.0858	0.391394	5
2480	23.9477	17.5575	0.524858	5
2483	22.367	22.511	0.277073	5
2488	23.0066	4.97769	-0.183475	5
2491	24.2873	6.1813	0.227328	5
2494	21.1636	22.7835	0.319286	5
2495	23.5562	20.9078	0.0834846	5
2500	20.2061	8.38156	-0.344683	5
2503	22.295	14.8711	-0.123374	5
2504	23.9427	9.83162	-0.129874	5
2506	22.2279	20.0648	-0.0469141	5
2507	21.4333	19.3262	-0.0154962	5
2509	24.5943	15.0428	0.407038	5
2511	20.3113	20.4887	0.127269	5
2515	23.1877	6.29006	-0.495408	5
2516	23.2459	14.9409	0.0205459	5
2526	24.2902	23.0304	-0.246118	5
2529	22.144	3.56727	-0.547488	5
2530	22.5711	4.11328	0.0748957	5
2542	23.9022	19.8402	0.173046	5
2552	20.0214	11.0315	0.664301	5
2553	23.7878	8.79649	0.830589	5
2568	21.2968	21.2584	0.204567	5
2569	20.6703	20.5195	-0.289273	5
2571	22.4279	10.7819	-0.519466	5
2573	23.8424	15.8069	-0.0140881	5
2575	21.8909	19.7004	0.69786	5
2577	22.2699	19.3934	-0.135933	5
2585	23.8778	17.9989	0.195116	5
2587	22.2538	6.45037	-0.521365	5
2591	21.07	9.05586	0.196088	5
2593	24.1697	17.4475	0.867181	5
2597	22.7504	9.6609	-0.135241	5
2601	23.6803	4.44603	-0.155457	5
2603	21.4126	17.1445	0.206467	5
2607	24.6006	23.2933	0.0935002	5
2614	20.3476	4.16147	-1.22166	5
2618	21.6149	22.3685	-0.352956	5
2619	23.9533	6.01547	-0.306134	5
2625	20.9159	11.4194	0.546365	5
2626	20.6724	18.2882	-0.160428	5
2629	22.22	3.24358	0.112425	5
2630	23.2957	2.91721	0.287339	5
2637	23.2536	24.9429	-1.19871	5
2641	20.7576	13.9342	0.235283	5
2656	20.3541	14.9042	-0.548867	5
2664	23.9545	4.34689	-0.413274	5
2665	21.1086	12.79	0.503795	5
2678	20.5738	3.79498	0.466904	5
2679	22.2344	9.50582	0.200495	5
2681	23.3635	21.5454	-0.136536	5
2694	24.8592	18.9615	0.191936	5
2704	22.2392	3.41365	-0.706211	5
2708	21.1648	21.6984	0.558141	5
2709	20.4594	11.1862	-0.172879	5
2711	21.7036	2.0142	0.0669228	5
2712	20.673	2.6127	0.0340588	5
2714	21.814	7.208	0.425495	5
2717	20.8124	19.389	-0.0511758	5
2734	24.432	6.03785	-0.22701	5
2742	22.9508	20.2471	0.00823743	5
2743	22.1447	9.08779	-0.392805	5
2745	21.8884	8.31958	0.725674	5
2746	21.6241	19.187	0.837596	5
2755	21.1306	17.6276	0.00640834	5
2758	21.3667	16.9469	0.360633	5
2760	22.0135	8.89115	0.321637	5
2763	24.5511	18.4601	-0.222842	5
2764	20.2588	16.7443	0.019086	5
2768	23.7239	7.05472	-0.140571	5
2771	24.5516	11.7699	0.272596	5
2772	24.3416	3.21393	-0.39319	5
2774	20.7108	6.51121	0.0581672	5
2777	20.7537	16.3814	0.456239	5
2780	23.197	15.4352	0.868016	5
2781	20.1684	6.67889	0.148423	5
2796	24.6558	21.7215	0.543011	5
2801	21.3687	3.24691	0.274024	5
2803	20.2759	4.75515	-0.396792	5
2808	20.4562	9.10832	0.994096	5
2811	23.9967	6.79691	-0.503413	5
2812	24.5125	6.42433	-0.197408	5
2826	24.0611	15.6015	0.135165	5
2827	24.0642	8.55185	0.267067	5
2843	21.936	7.44176	-0.31929	5
2865	21.1188	10.5543	0.465947	5
2876	24.4732	13.9904	0.441882	5
2878	22.6684	11.241	-0.14061	5
2884	24.7752	7.98907	-1.00289	5
2886	23.0934	5.78789	0.230103	5
2890	23.0395	0.330307	-0.162788	5
2898	23.4188	8.68998	-0.341908	5
2910	20.7568	20.1938	-0.110277	5
2923	22.5788	24.4473	-0.600741	5
2931	22.8991	12.5238	-0.172841	5
2932	22.1068	20.3172	0.322691	5
2933	23.8617	7.64802	-0.0966921	5
2936	21.5017	13.2384	-0.563407	5
2940	21.9254	0.238921	-0.878056	5
2943	24.3964	16.4472	-0.122148	5
2945	23.433	20.2294	-0.607576	5
2946	23.6705	22.9909	0.525647	5
2948	21.5376	16.9529	-0.0468638	5
2953	22.5229	2.60191	0.913725	5
2964	21.9505	12.3408	0.231738	5
2966	22.6041	22.1852	0.658686	5
2972	24.3489	0.631213	-0.207313	5
2974	22.0029	14.4881	-0.237171	5
2981	20.5496	3.78247	0.302468	5
2985	22.1226	5.22197	0.0384116	5
2993	24.124	5.71638	-0.0456016	5
2994	20.2387	7.31625	0.0858275	5
2996	21.149	6.25087	0.231532	5
2997	24.7425	2.7271	-0.470399	5
2998	20.7609	12.9089	-0.0239374	5
3028	23.4946	11.9029	0.40462	5
3031	23.7025	13.6692	-0.329268	5
3035	20.0007	3.23692	0.25539	5
3036	21.0902	0.969393	0.636691	5
3040	22.0353	17.7034	0.0871216	5
3051	21.635	12.1426	-0.319262	5
3052	24.377	2.35919	-0.736309	5
3061	23.8329	5.39307	0.080584	5
3075	21.0347	10.2419	0.957256	5
3104	21.8797	21.9716	-0.113771	5
3106	21.036	3.4476	-0.303443	5
3114	20.0804	9.53701	0.164143	5
3115	20.8686	8.37802	0.404342	5
3118	23.0367	10.1219	-0.182956	5
3120	22.1314	12.4439	-0.686749	5
3130	22.302	24.9641	0.351752	5
3164	21.2264	3.10856	-0.20179	5
3165	23.5738	9.6085	-0.120262	5
3167	21.0599	19.0701	-0.158019	5
3168	23.9009	23.9469	0.138892	5
3174	20.9676	21.2987	-0.502743	5
3177	23.853	8.77215	-0.463451	5
3179	20.6555	9.43777	-0.63362	5
3191	23.6342	14.8233	0.467395	5
3199	21.9024	8.50731	0.270848	5
3205	20.9074	14.8167	-0.603447	5
3206	23.3841	10.427	0.33204	5
3219	22.85	22.3548	0.289465	5
3220	22.5735	22.3533	0.149552	5
3223	23.8184	3.44975	0.581873	5
3225	20.302	15.8079	0.420538	5
3227	22.6025	13.0678	-0.393085	5
3237	22.5621	16.5297	-0.0470761	5
3239	24.2874	23.2106	-0.00239105	5
3252	24.4035	22.3783	0.8907	5
3263	20.2175	5.46939	-0.28916	5
3264	23.6682	8.90297	0.358542	5
3271	22.5539	9.67197	0.508165	5
3273	20.807	15.4506	-0.200077	5
3274	23.1343	17.8167	0.535501	5
3275	20.6234	13.6915	0.390616	5
3278	21.1714	1.48599	0.0043693	5
3281	22.4609	0.31442	0.52041	5
3283	24.5209	2.33639	-0.0302055	5
3284	24.2093	16.3982	-0.0330656	5
3285	23.5122	11.7761	0.511143	5
3289	20.3427	24.6929	-0.371086	5
3290	20.6813	24.2416	-0.234183	5
3294	23.2771	3.77643	0.145428	5
3305	20.1452	8.85681	0.642908	5
3319	23.1993	12.2702	0.307266	5
3331	22.6334	14.7553	-0.319771	5
3332	20.3741	15.0089	-0.283171	5
3333	20.5485	15.4053	0.124724	5
3342	20.503	6.63318	-0.09255	5
3346	20.8007	9.21429	-0.378418	5
3352	21.0897	21.2872	0.00891043	5
3357	21.1454	13.4604	0.291874	5
3358	21.5718	2.40647	-0.552838	5
3359	21.8814	1.31043	-0.264013	5
3361	23.8878	8.42164	-0.378963	5
3364	21.7933	10.5938	0.560925	5
3365	21.0874	12.26	-0.053075	5
3366	20.4009	3.30657	-0.567058	5
3368	20.3189	15.7072	0.493615	5
3371	20.9729	24.1092	-0.211199	5
3388	24.8135	23.2969	-0.215911	5
3395	22.4436	0.893358	-1.2583	5
3402	24.886	24.2491	-0.270074	5
3403	24.2536	2.07507	-0.812379	5
3404	24.161	2.57116	-0.953154	5
3408	22.4362	24.3628	0.0577679	5
3412	20.0164	9.15837	0.261394	5
3419	21.0692	16.7476	-0.522739	5
3420	20.3933	16.4407	-0.0797942	5
3421	20.4235	15.7534	0.0530164	5
3422	20.3353	15.8821	-0.124691	5
3430	20.5578	1.33166	0.266012	5
3440	20.4743	15.5903	-0.758029	5
3442	24.1045	1.84857	-0.387163	5
3443	24.6732	0.641224	-0.511372	5
3444	23.1233	22.458	-0.0044513	5
3445	21.3532	2.8137	-0.324093	5
3483	20.0161	19.7811	-0.449306	5
3485	22.769	16.6363	0.461344	5
3486	22.36	17.1645	-0.0345646	5
3488	24.3891	9.04707	-0.288606	5
3490	23.2904	23.1638	-0.138307	5
3494	22.5246	13.9945	0.198625	5
3496	22.5131	10.5707	-0.191729	5
3498	23.4656	14.4417	-0.251837	5
3502	23.5389	23.2692	0.60842	5
3503	21.5394	24.6365	-0.0619783	5
3507	20.5979	10.7983	0.305893	5
3511	20.0019	13.9628	0.0931418	5
3516	24.5727	11.8987	0.566896	5
3517	24.4855	12.0442	0.615546	5
3526	22.714	22.3678	0.0910036	5
3536	23.3432	24.8759	-0.213991	5
3545	22.7038	12.5261	0.221564	5
3546	20.1525	5.94347	0.475888	5
3551	22.1352	10.4223	0.576844	5
3558	21.029	1.24793	0.364432	5
3561	22.1594	23.4532	-0.263195	5
3563	21.4913	22.9289	0.0809115	5
3564	23.6912	19.2793	0.579475	5
3566	20.527	11.4916	0.534029	5
3567	21.8197	7.18341	-0.574276	5
3570	24.0972	8.53667	-0.856349	5
3571	22.1644	8.25936	-0.287634	5
3577	23.3121	12.0107	0.758063	5
3578	23.4195	2.43436	0.498573	5
3599	22.566	9.72153	-0.0296115	5
3601	23.5659	5.73452	0.809248	5
3603	23.9358	11.4982	0.20512	5
3607	22.5904	12.9626	0.747546	5
3616	23.8006	8.36824	0.0412457	5
3619	24.2939	2.43832	-0.527244	5
3628	24.4051	2.9562	-0.10328	5
3631	23.1929	11.1613	0.324663	5
3640	20.1732	13.3951	0.411826	5
3641	20.5553	13.9264	0.080772	5
3651	24.2996	0.450851	0.372377	5
3652	24.7482	0.816221	0.272778	5
3653	23.3942	17.4868	0.013457	5
3660	20.9184	9.87352	0.193135	5
3661	22.0528	3.51639	-0.35896	5
3667	21.2607	17.5808	-0.587867	5
3670	21.5587	5.03165	0.821389	5
3671	22.0661	5.39566	0.87757	5
3680	20.0208	17.7131	0.314756	5
3681	20.0287	17.6158	-0.00325117	5
3692	22.192	13.2131	-0.0919866	5
3698	21.2942	0.675611	0.284793	5
3708	21.4502	19.0851	0.391427	5
3713	23.018	4.08361	-0.252094	5
3714	23.5539	4.30848	-0.730196	5
3717	20.552	8.81962	0.135376	5
3733	20.5323	13.9626	0.175614	5
3736	21.5322	2.44803	-0.551934	5
3749	20.858	18.0986	-0.708967	5
3750	22.9607	21.0651	-0.249006	5
3767	21.2739	22.546	-0.69509	5
3768	21.2442	23.1067	0.215347	5
3774	20.4365	8.37354	0.577573	5
3775	20.9433	9.77992	1.13906	5
3778	23.4097	14.9032	-0.616684	5
3782	20.7352	4.00106	0.73305	5
3783	20.3263	3.54946	0.398856	5
3785	20.4535	21.427	-1.1112	5
3799	20.7089	19.8778	-0.0654251	5
3808	24.4358	19.2158	-0.396877	5
3821	23.7475	22.2906	0.0289155	5
3823	22.3908	2.96643	0.511183	5
3829	24.2444	11.3251	0.407816	5
3841	24.4428	16.0459	0.148898	5
3844	22.8288	16.8792	0.808769	5
3849	23.7904	7.90471	-0.0183922	5
3850	20.2263	24.045	0.59636	5
3851	24.7151	23.1466	-0.332576	5
3858	24.1588	5.60103	-0.363782	5
3864	20.1961	7.39718	0.244688	5
3865	24.0212	22.6763	-0.35238	5
3866	24.3211	22.4708	-0.0474002	5
3871	24.8953	10.5742	0.204431	5
3874	21.225	9.30808	0.577239	5
3881	23.9995	22.2495	0.536837	5
3882	23.5986	18.5712	0.840677	5
3883	23.0664	10.3702	-0.136548	5
3888	21.6151	11.5366	-0.0574522	5
3899	21.015	17.5652	-0.173504	5
3901	20.0395	15.2177	0.165192	5
3903	22.2855	22.2525	-0.373963	5
3915	22.9825	4.837	0.0829792	5
3921	20.4914	5.94001	0.0484029	5
3937	23.4099	14.2634	0.147825	5
3940	20.2694	3.68921	0.614677	5
3946	21.8706	24.5398	-0.472752	5
3947	20.8752	13.7682	0.414285	5
3948	22.1625	3.7185	0.209524	5
3954	24.5687	10.0516	0.590501	5
3957	21.9249	6.86087	0.0166142	5
3959	21.1111	1.63737	-0.399717	5
3968	22.2709	11.4074	-0.451629	5
3976	24.2732	1.20394	-0.25487	5
3978	23.3664	8.00933	0.0833908	5
3980	23.5317	14.1812	-0.22082	5
3986	23.8532	24.9929	-0.448156	5
3987	23.7264	24.6546	0.627035	5
3999	22.7528	4.59012	0.471237	5
4002	21.5817	16.9603	0.146274	5
4003	21.4103	17.0576	-0.437453	5
4008	20.5881	16.0836	-0.012549	5
4013	20.6303	0.888012	-0.23906	5
4014	24.7323	12.8339	0.111213	5
4020	23.6836	15.4617	-0.246455	5
4021	23.6592	15.8706	-0.221728	5
4024	22.4329	12.1166	-0.515015	5
4027	20.1988	5.9985	0.159341	5
4036	20.5249	22.264	-0.0876761	5
4037	23.4945	15.6855	0.381613	5
4039	24.5899	19.8255	-0.481866	5
4049	20.3603	6.21057	0.372565	5
4050	20.5098	5.99282	-0.0675392	5
