IND_ID	Opt	Phen	AbsErr	Fitness	density

1.0	0.0331199	-0.304224	0.337343	0.785971	11.3153
2.0	0.213189	0.131158	0.0820307	0.901228	6.19553
3.0	0.513495	0.336988	0.176507	0.740322	14.0048
4.0	0.396344	1.00201	0.605661	0.850612	7.92656
5.0	0.166411	0.0421475	0.124264	0.818133	9.79568
6.0	0.490405	-0.328773	0.819178	0.696755	16.0239
7.0	0.216898	1.12236	0.905462	0.768688	11.441
8.0	0.176512	0.310751	0.134238	0.883844	6.87614
9.0	0.230305	0.601851	0.371545	0.910904	5.69709
10.0	0.0227755	-0.286875	0.309651	0.873816	7.21078
11.0	0.352276	1.8541	1.50182	0.776935	9.41777
12.0	0.464727	0.277151	0.187576	0.712941	15.7421
13.0	0.117973	-0.240792	0.358765	0.808527	10.1429
14.0	0.201409	0.237136	0.0357269	0.833808	9.0675
15.0	0.490845	0.192899	0.297947	0.708435	15.9752
16.0	0.406088	0.292866	0.113222	0.78973	11.2315
17.0	0.0885089	-0.156741	0.24525	0.73709	14.1672
18.0	0.292983	-0.546355	0.839338	0.835206	8.26364
19.0	0.574819	-0.120905	0.695723	0.753428	12.6854
20.0	0.284762	0.574442	0.28968	0.924598	5.23842
21.0	0.19459	0.243143	0.0485533	0.833696	9.07156
22.0	0.0467676	0.148708	0.101941	0.901304	6.18902
23.0	0.474536	0.559903	0.0853674	0.698859	16.7366
24.0	0.399661	0.659173	0.259513	0.878568	7.04272
25.0	0.265038	0.455747	0.190709	0.789892	11.1964
26.0	0.369699	0.788021	0.418322	0.733598	14.242
27.0	0.606138	1.33938	0.733245	0.822734	9.01456
28.0	0.517281	0.051749	0.465532	0.945484	4.36929
29.0	0.520219	0.543668	0.0234483	0.723198	15.115
30.0	0.172181	-0.186069	0.358251	0.82411	9.38696
31.0	0.284107	0.38229	0.0981836	0.787985	11.327
32.0	0.514356	0.446107	0.0682487	0.88075	7.01584
33.0	0.542159	-0.14913	0.691289	0.724376	14.4465
34.0	0.578826	-0.159689	0.738516	0.802167	10.0024
35.0	0.500246	0.620071	0.119825	0.833072	9.08778
36.0	0.632598	0.715822	0.0832242	0.887341	6.74559
37.0	0.199715	-0.13104	0.330755	0.90436	5.97454
38.0	0.247512	0.17429	0.0732221	0.760686	12.8331
39.0	0.139159	0.29429	0.155131	0.940636	4.71701
40.0	0.124666	0.137509	0.0128431	0.786418	11.4208
41.0	0.586221	1.75461	1.16839	0.787749	9.83235
42.0	0.248448	-0.375734	0.624182	0.783273	11.1458
43.0	0.283439	0.00210832	0.28133	0.852446	8.1429
44.0	0.520106	0.221832	0.298274	0.888182	6.63048
45.0	0.289471	0.711483	0.422012	0.64895	20.2887
46.0	0.690787	0.758524	0.067737	0.813859	10.0159
47.0	0.483673	0.974559	0.490886	0.71361	15.4368
48.0	0.338596	1.29495	0.956355	0.731618	13.4656
49.0	0.383388	0.577054	0.193666	0.866459	7.57933
50.0	0.63683	0.111406	0.525423	0.89586	6.14274
51.0	0.559757	1.7584	1.19865	0.760246	11.2022
52.0	0.34436	0.674551	0.330191	0.784048	11.4228
53.0	0.666076	0.39855	0.267526	0.823272	9.48793
54.0	0.173246	0.3361	0.162854	0.7534	13.2297
55.0	0.595975	0.737319	0.141344	0.692701	17.1535
56.0	0.246917	-0.30424	0.551157	0.830364	8.90609
57.0	0.262599	0.447865	0.185266	0.837097	8.88047
58.0	0.00214891	-0.000194521	0.00234344	0.76345	12.6818
59.0	0.699084	0.49154	0.207544	0.80121	10.6047
60.0	0.488666	0.854117	0.365451	0.834597	8.89051
61.0	0.393016	0.0244354	0.36858	0.831982	9.00918
62.0	0.572485	0.305728	0.266757	0.735502	14.2516
63.0	0.193535	0.620152	0.426617	0.819078	9.56957
64.0	0.610333	1.09148	0.481151	0.79062	10.9384
65.0	0.28215	0.751629	0.469478	0.819683	9.49908
66.0	0.523897	0.574572	0.0506747	0.822216	9.6129
67.0	0.666647	0.712161	0.0455136	0.857896	7.9839
68.0	0.578881	0.143073	0.435808	0.733977	14.2002
69.0	0.566677	0.333964	0.232713	0.781932	11.5986
70.0	0.340674	0.262372	0.078302	0.827254	9.3693
71.0	0.0392339	0.523779	0.484545	0.840883	8.49686
72.0	0.110082	-0.333654	0.443737	0.83146	8.96856
73.0	0.352499	0.0856542	0.266844	0.936017	4.83723
74.0	0.659609	0.250777	0.408832	0.854007	7.98346
75.0	0.486855	0.177912	0.308943	0.761452	12.6831
76.0	0.222185	-0.04375	0.265935	0.72747	14.7546
77.0	0.00716287	-0.186256	0.193419	0.806272	10.3558
78.0	0.519971	0.629022	0.10905	0.886072	6.79188
79.0	0.0398032	-0.175438	0.215242	0.703556	16.3612
80.0	0.618118	0.1504	0.467718	0.818734	9.54638
81.0	0.622733	-0.257155	0.879888	0.804687	9.62871
82.0	0.483925	0.85985	0.375925	0.782888	11.4479
83.0	0.447174	0.498947	0.0517722	0.897063	6.36252
84.0	0.0928307	-0.508167	0.600997	0.896308	6.0425
85.0	0.201684	0.117773	0.0839106	0.737238	14.2232
86.0	0.137497	0.422287	0.28479	0.759047	12.8375
87.0	0.247936	0.206126	0.0418108	0.76746	12.4534
88.0	0.289741	0.780575	0.490834	0.787116	11.111
89.0	0.159901	-0.0834584	0.243359	0.781419	11.6203
90.0	0.183634	-0.0111256	0.194759	0.899549	6.2306
91.0	0.503309	0.554248	0.0509396	0.878532	7.1091
92.0	0.548994	0.566592	0.0175987	0.555173	29.9237
93.0	0.214578	-0.240365	0.454943	0.871568	7.19264
94.0	0.381541	0.0571425	0.324398	0.799169	10.6393
95.0	0.119159	0.276858	0.157699	0.734278	14.3843
96.0	0.252144	-0.594894	0.847039	0.907314	5.2803
97.0	0.584308	0.963736	0.379429	0.808378	10.1335
98.0	0.360788	0.143203	0.217585	0.784118	11.4894
99.0	0.549757	0.252383	0.297375	0.558503	29.3748
100.0	0.140386	0.172321	0.0319354	0.817987	9.81845
101.0	0.247148	0.130391	0.116758	0.773502	12.1036
102.0	0.21199	0.314526	0.102536	0.898694	6.29082
103.0	0.460739	0.862309	0.401571	0.858654	7.78746
104.0	0.3163	0.65236	0.33606	0.91057	5.73384
105.0	0.349498	0.234714	0.114785	0.785703	11.4439
106.0	0.465697	0.510233	0.0445357	0.735697	14.3245
107.0	0.09648	0.682393	0.585913	0.767656	12.0449
108.0	0.560838	-0.415174	0.976012	0.694527	15.8169
109.0	0.484094	1.61937	1.13528	0.848652	7.07509
110.0	0.4828	0.160025	0.322775	0.736564	14.1457
111.0	0.140728	-0.509957	0.650685	0.856264	7.62275
112.0	0.390486	0.998533	0.608047	0.779198	11.3853
113.0	0.252596	-0.693671	0.946266	0.786894	10.3914
114.0	0.367442	1.59235	1.22491	0.843266	7.09466
115.0	0.0375153	0.0459499	0.00843456	0.837146	8.91451
116.0	0.561638	0.577375	0.0157369	0.799804	10.724
117.0	0.318796	0.757462	0.438666	0.864343	7.51175
118.0	0.684695	0.652613	0.0320821	0.811664	10.1278
119.0	0.549667	0.713009	0.163342	0.798718	10.75
120.0	0.456442	0.692487	0.236046	0.941145	4.66968
121.0	0.0889298	-0.372323	0.461253	0.727585	14.5713
122.0	0.265077	0.557219	0.292142	0.819787	9.64
123.0	0.14077	-0.0147965	0.155567	0.874606	7.25005
124.0	0.347579	1.05288	0.705306	0.700029	16.0219
125.0	0.32356	0.108992	0.214568	0.858345	7.91912
126.0	0.435304	-0.145256	0.58056	0.805638	10.0577
127.0	0.0139363	0.0313742	0.0174379	0.86534	7.66492
128.0	0.480798	0.08142	0.399378	0.765039	12.4049
129.0	0.138081	-0.290384	0.428464	0.725154	14.7614
130.0	0.222156	-0.494446	0.716602	0.925698	4.79541
131.0	0.619936	0.57273	0.0472061	0.792647	11.0909
132.0	0.369256	-0.138834	0.50809	0.834084	8.78241
133.0	0.447156	0.829379	0.382224	0.8507	8.15057
134.0	0.0901362	-0.125358	0.215494	0.822612	9.54656
135.0	0.552032	0.645591	0.0935598	0.766013	12.5265
136.0	0.416672	0.0933188	0.323353	0.864467	7.59586
137.0	0.525405	0.722677	0.197271	0.862515	7.74638
138.0	0.573505	0.419445	0.15406	0.769954	12.2883
139.0	0.0814677	0.734344	0.652876	0.719518	14.82
140.0	0.0973052	-0.786656	0.883962	0.843822	7.79943
141.0	0.194646	0.616585	0.421939	0.832127	8.95763
142.0	0.117795	-0.708795	0.82659	0.779396	11.02
143.0	0.0515748	0.143871	0.0922958	0.770835	12.2571
144.0	0.302482	0.484312	0.181829	0.893385	6.47803
145.0	0.452302	0.116551	0.335751	0.766315	12.3878
146.0	0.409359	0.521247	0.111888	0.811621	10.1173
147.0	0.328766	0.687854	0.359088	0.866828	7.47073
148.0	0.183393	-0.561259	0.744653	0.727102	14.1811
149.0	0.378917	0.156886	0.22203	0.868964	7.46125
150.0	0.552736	-0.0179214	0.570657	0.698276	16.3636
151.0	0.47569	-0.128537	0.604227	0.809063	9.85782
152.0	0.695653	0.32082	0.374834	0.86045	7.73125
153.0	0.404856	0.649433	0.244577	0.716858	15.4523
154.0	0.0341698	-0.16183	0.195999	0.900949	6.17552
155.0	0.655637	1.01595	0.360314	0.86602	7.5041
156.0	0.380547	1.01629	0.635745	0.718201	14.9323
157.0	0.378984	0.488564	0.10958	0.834106	9.04227
158.0	0.537001	0.415639	0.121362	0.83582	8.96007
159.0	0.061998	0.291492	0.229494	0.806826	10.3112
160.0	0.538167	-0.00892813	0.547095	0.73173	14.2055
161.0	0.578633	0.0286182	0.550015	0.742743	13.5298
162.0	0.342377	0.451059	0.108682	0.783306	11.5733
163.0	0.623113	1.74428	1.12116	0.781598	10.2657
164.0	0.559595	0.104863	0.454732	0.723679	14.8265
165.0	0.662259	0.831611	0.169353	0.831935	9.12546
166.0	0.482104	-0.903592	1.3857	0.83536	7.01696
167.0	0.0519608	0.122889	0.070928	0.783163	11.5887
168.0	0.387742	0.471069	0.0833267	0.869938	7.46311
169.0	0.520585	0.529086	0.00850036	0.834525	9.03552
170.0	0.638372	1.28575	0.647375	0.897654	5.93412
171.0	0.233365	0.129941	0.103423	0.893447	6.49755
172.0	0.523441	0.286923	0.236517	0.779808	11.7109
173.0	0.610371	0.758251	0.14788	0.772704	12.138
174.0	0.379956	0.757749	0.377794	0.747702	13.4262
175.0	0.266854	1.31843	1.05157	0.782351	10.3936
176.0	0.0489926	0.0725772	0.0235846	0.870804	7.43311
177.0	0.617541	-0.68257	1.30011	0.811931	8.30904
178.0	0.203662	-0.187398	0.39106	0.81481	9.80756
179.0	0.33975	-0.0230102	0.36276	0.743437	13.6944
180.0	0.604095	0.895719	0.291624	0.743568	13.7428
181.0	0.466037	0.807299	0.341262	0.788971	11.1542
182.0	0.191793	0.593091	0.401298	0.915659	5.49619
183.0	0.326004	0.187758	0.138246	0.806459	10.3666
184.0	0.300421	1.15007	0.849649	0.738581	13.276
185.0	0.00140535	0.510245	0.50884	0.737794	13.8817
186.0	0.121468	-0.275064	0.396531	0.824138	9.35457
187.0	0.329161	1.0724	0.743241	0.828207	8.74334
188.0	0.148869	0.717566	0.568698	0.751006	13.016
189.0	0.423711	0.531214	0.107503	0.796909	10.8597
190.0	0.224706	0.0399256	0.184781	0.842913	8.61542
191.0	0.434198	1.52322	1.08902	0.76555	11.1963
192.0	0.6953	0.968187	0.272887	0.90364	6.03616
193.0	0.663475	0.253521	0.409954	0.836541	8.76463
194.0	0.251398	-0.134843	0.386241	0.788351	11.1498
195.0	0.550012	0.758741	0.208729	0.795959	10.8728
196.0	0.123341	-0.72325	0.846591	0.891868	5.87166
197.0	0.524904	-0.0448695	0.569774	0.732431	14.131
198.0	0.500279	0.782599	0.28232	0.748015	13.4834
199.0	0.066296	-0.0774146	0.143711	0.725584	14.9369
200.0	0.626333	-0.422309	1.04864	0.822796	8.41952
201.0	0.390009	1.02676	0.636755	0.880265	6.63697
202.0	0.316086	1.0724	0.756312	0.835049	8.40876
203.0	0.38526	0.287255	0.0980056	0.827268	9.36492
204.0	0.0729739	-0.833751	0.906725	0.78578	10.5302
205.0	0.624335	0.39322	0.231116	0.805939	10.3548
206.0	0.114261	0.127132	0.012871	0.77432	12.0742
207.0	0.0427519	-0.195526	0.238278	0.790128	11.1609
208.0	0.0556774	0.582574	0.526896	0.755482	12.8104
209.0	0.686727	0.383042	0.303685	0.892731	6.4458
210.0	0.0535959	0.136801	0.0832051	0.766559	12.4979
211.0	0.481855	0.311251	0.170603	0.865798	7.61599
212.0	0.131249	-0.282916	0.414165	0.747815	13.3849
213.0	0.193354	1.14587	0.952512	0.805612	9.43982
214.0	0.286356	-0.654381	0.940738	0.793146	10.0836
215.0	0.155028	-0.0613673	0.216395	0.912497	5.72436
216.0	0.116802	-0.692964	0.809766	0.809821	9.50579
217.0	0.635067	0.294858	0.340209	0.81756	9.71449
218.0	0.678792	1.08989	0.411097	0.822129	9.43749
219.0	0.601743	0.923889	0.322146	0.776853	11.816
220.0	0.0895993	0.421057	0.331458	0.918802	5.42777
221.0	0.367902	0.460823	0.0929206	0.844852	8.55465
222.0	0.302698	0.300654	0.00204389	0.850002	8.33325
223.0	0.642986	0.784769	0.141783	0.878463	7.0944
224.0	0.608929	-0.155168	0.764097	0.761391	12.1157
225.0	0.682702	1.58865	0.905945	0.769631	11.3886
226.0	0.117397	0.427424	0.310027	0.80119	10.5468
227.0	0.282458	1.17492	0.892459	0.857623	7.18675
228.0	0.54002	1.11643	0.576411	0.740908	13.6042
229.0	0.0814386	0.870148	0.788709	0.621942	21.9759
230.0	0.192631	0.195562	0.00293102	0.712413	15.8221
231.0	0.314095	0.407026	0.0929309	0.950424	4.38915
232.0	0.400774	0.529504	0.128729	0.801189	10.6353
233.0	0.46191	0.576796	0.114886	0.818946	9.7588
234.0	0.0629196	-0.716277	0.779197	0.805713	9.75939
235.0	0.196033	0.263878	0.0678451	0.866291	7.61999
236.0	0.641963	1.06883	0.426865	0.945399	4.40394
237.0	0.566787	-0.549429	1.11622	0.676012	16.7444
238.0	0.634399	1.18265	0.548248	0.855641	7.77518
239.0	0.0257387	-0.558265	0.584004	0.893955	6.15409
240.0	0.177204	0.194314	0.0171101	0.692548	17.1903
241.0	0.141518	0.454966	0.313448	0.831502	9.0715
242.0	0.37902	0.930203	0.551182	0.76076	12.4777
243.0	0.221393	-0.106031	0.327424	0.819746	9.61829
244.0	0.35353	-0.674181	1.02771	0.747125	12.3782
245.0	0.4393	0.63168	0.19238	0.854541	8.09442
246.0	0.0970895	-0.356494	0.453584	0.941135	4.53127
247.0	0.392855	0.867123	0.474268	0.809731	9.9779
248.0	0.0557711	0.12955	0.0737791	0.8281	9.33009
249.0	0.532812	0.757087	0.224275	0.771795	12.1553
250.0	0.283529	0.730698	0.447169	0.814162	9.788
251.0	0.653766	0.199764	0.454002	0.8807	6.81694
252.0	0.0537457	0.0984091	0.0446634	0.810142	10.202
253.0	0.337527	1.62023	1.2827	0.762237	10.8589
254.0	0.0139049	-0.00864224	0.0225471	0.779509	11.7907
255.0	0.43975	-0.0162514	0.456001	0.816127	9.68391
256.0	0.238859	0.360127	0.121268	0.949632	4.411
257.0	0.581735	0.811637	0.229902	0.879166	7.03264
258.0	0.410026	1.40107	0.991043	0.900272	5.29514
259.0	0.643747	0.728721	0.0849737	0.813331	10.0389
260.0	0.0784856	0.837288	0.758802	0.621561	22.0782
261.0	0.36221	0.851457	0.489248	0.79476	10.7155
262.0	0.437788	0.231018	0.20677	0.836977	8.87706
263.0	0.456293	1.1849	0.728605	0.850789	7.75047
264.0	0.126076	0.236399	0.110323	0.802222	10.5878
265.0	0.589561	0.164589	0.424972	0.733258	14.2562
266.0	0.331928	0.906195	0.574267	0.814444	9.63349
267.0	0.361247	1.09131	0.730067	0.722306	14.5096
268.0	0.6495	1.76311	1.11361	0.720727	13.7444
269.0	0.489633	1.18456	0.694926	0.699118	16.103
270.0	0.0179132	-0.446065	0.463978	0.752833	13.0379
271.0	0.0616815	-0.0395676	0.101249	0.802873	10.5569
272.0	0.566946	-0.0184321	0.585378	0.834461	8.67601
273.0	0.6815	0.36703	0.31447	0.91037	5.75491
274.0	0.127567	-0.40222	0.529787	0.885565	6.54632
275.0	0.301402	0.432092	0.13069	0.884843	6.8365
276.0	0.0739076	-0.310192	0.3841	0.805712	10.2623
277.0	0.46789	0.97266	0.50477	0.797843	10.5406
278.0	0.0450398	1.11094	1.0659	0.738267	12.8023
279.0	0.120842	0.399579	0.278737	0.855437	8.01318
280.0	0.245091	0.429346	0.184255	0.831084	9.15955
281.0	0.567111	0.348051	0.21906	0.71927	15.3096
282.0	0.612839	0.168254	0.444585	0.750389	13.2019
283.0	0.462074	0.343068	0.119006	0.769469	12.3265
284.0	0.368581	0.207905	0.160676	0.728681	14.7337
285.0	0.633589	0.756749	0.12316	0.874345	7.27004
286.0	0.699087	0.999298	0.300211	0.764929	12.4923
287.0	0.147716	0.390364	0.242648	0.909222	5.8371
288.0	0.074377	0.850654	0.776277	0.708448	15.3217
289.0	0.660547	0.508955	0.151593	0.89182	6.55019
290.0	0.0975542	0.156507	0.0589525	0.864289	7.70659
291.0	0.404014	-0.29705	0.701065	0.845895	8.00593
292.0	0.0179927	0.880047	0.862054	0.740167	13.1558
293.0	0.616746	0.418656	0.19809	0.82046	9.65753
294.0	0.0801611	-0.528509	0.60867	0.832077	8.75634
295.0	0.348237	0.542032	0.193795	0.806681	10.3352
296.0	0.347247	1.13433	0.787084	0.837855	8.23237
297.0	0.170152	0.115165	0.054987	0.785607	11.4606
298.0	0.259656	1.01291	0.753251	0.827255	8.77171
299.0	0.0989089	0.0684386	0.0304703	0.851454	8.26788
300.0	0.403871	0.835061	0.43119	0.763447	12.4637
301.0	0.650803	0.31903	0.331773	0.804106	10.3841
302.0	0.47094	-0.22677	0.69771	0.714124	15.0938
303.0	0.49642	-0.234086	0.730506	0.743723	13.1943
304.0	0.649178	1.38332	0.734147	0.851118	7.72783
305.0	0.619148	0.587308	0.0318404	0.868677	7.52237
306.0	0.645822	1.10577	0.459953	0.787598	11.1189
307.0	0.0496397	-0.345741	0.395381	0.827181	9.2118
308.0	0.373892	0.504653	0.130762	0.921488	5.41631
309.0	0.547316	0.281118	0.266198	0.885861	6.74188
310.0	0.102045	0.537834	0.435788	0.862744	7.58244
311.0	0.3563	-0.482365	0.838664	0.752668	12.4716
312.0	0.342522	0.421193	0.0786712	0.893555	6.4977
313.0	0.461223	0.479718	0.0184948	0.805422	10.4394
314.0	0.22862	-0.0289309	0.257551	0.898054	6.26132
315.0	0.0270999	0.454189	0.427089	0.853831	7.97541
316.0	0.683106	0.617662	0.0654444	0.849166	8.366
317.0	0.527133	0.722951	0.195818	0.842284	8.6395
318.0	0.0786536	0.172582	0.0939281	0.866601	7.60251
319.0	0.0636352	0.0544316	0.00920366	0.728737	14.7621
320.0	0.399348	0.568063	0.168716	0.86825	7.51257
321.0	0.205246	0.419084	0.213838	0.848448	8.35476
322.0	0.0481552	0.104287	0.0561315	0.772289	12.1827
323.0	0.586048	0.364315	0.221733	0.681713	17.9105
324.0	0.686204	0.939085	0.252881	0.817611	9.76828
325.0	0.00241404	-0.293559	0.295973	0.839894	8.69626
326.0	0.160774	-0.479653	0.640426	0.89983	5.85857
327.0	0.696031	1.18021	0.484174	0.712212	15.5375
328.0	0.0285385	0.591584	0.563045	0.722942	14.7365
329.0	0.544855	0.899962	0.355108	0.6089	23.9323
330.0	0.46999	0.753579	0.283589	0.824294	9.42972
331.0	0.260544	0.451499	0.190955	0.892821	6.49704
332.0	0.0966722	0.100208	0.00353595	0.966165	3.86284
333.0	0.562243	1.27063	0.708388	0.790768	10.6285
334.0	0.670235	0.507681	0.162554	0.918972	5.50089
335.0	0.550774	0.309548	0.241226	0.883768	6.83922
336.0	0.549747	0.143386	0.406361	0.786449	11.2319
337.0	0.395273	1.24656	0.851282	0.824273	8.74447
338.0	0.175836	0.124041	0.051795	0.81353	10.0341
339.0	0.282956	0.736762	0.453806	0.809696	10.0004
340.0	0.593052	0.0909568	0.502096	0.899325	6.03097
341.0	0.395071	0.27421	0.120862	0.743112	13.8557
342.0	0.567565	0.414836	0.152729	0.826007	9.40982
343.0	0.334077	0.129426	0.204652	0.936129	4.86059
344.0	0.0658584	0.018049	0.0478094	0.833699	9.07147
345.0	0.43908	1.34394	0.90486	0.927284	4.45596
346.0	0.582461	-0.245401	0.827862	0.713232	14.9037
347.0	0.443613	0.145899	0.297714	0.747304	13.5149
348.0	0.230808	0.483017	0.252208	0.813615	9.96334
349.0	0.1255	-1.10816	1.23366	0.784584	9.82236
350.0	0.439618	0.562318	0.122701	0.884877	6.83714
351.0	0.683572	-0.378059	1.06163	0.823342	8.3657
352.0	0.403993	0.230279	0.173713	0.902709	6.1152
353.0	0.130618	0.345984	0.215367	0.809287	10.1956
354.0	0.341873	0.453234	0.111361	0.849793	8.32963
355.0	0.54994	1.17548	0.625537	0.841084	8.32436
356.0	0.514591	0.207	0.307591	0.764762	12.4964
357.0	0.613711	1.4481	0.834393	0.768572	11.5884
358.0	0.195921	0.167075	0.0288459	0.855602	8.08534
359.0	0.467504	1.33387	0.866366	0.810746	9.35887
360.0	0.13853	0.610031	0.471501	0.866596	7.38592
361.0	0.146828	-0.870862	1.01769	0.884544	5.85083
362.0	0.0654466	-0.0678709	0.133317	0.828699	9.28868
363.0	0.274048	0.219265	0.0547821	0.775854	11.9868
364.0	0.35923	0.812248	0.453018	0.738721	13.8905
365.0	0.0763667	0.390364	0.313997	0.649368	20.3669
366.0	0.146638	-0.231912	0.378549	0.753694	13.0733
367.0	0.0771051	0.391885	0.31478	0.807496	10.2266
368.0	0.0929889	-0.222805	0.315794	0.886405	6.69131
369.0	0.478045	0.113673	0.364372	0.711197	15.734
370.0	0.424411	0.411506	0.012905	0.839328	8.8143
371.0	0.160539	0.334626	0.174087	0.80773	10.2907
372.0	0.553098	0.493836	0.0592629	0.921223	5.43905
373.0	0.0599127	0.0342431	0.0256696	0.703711	16.4097
374.0	0.00703501	-0.194823	0.201858	0.822979	9.53515
375.0	0.0217337	0.0749605	0.0532268	0.812378	10.0906
376.0	0.193178	0.497992	0.304814	0.790409	11.1054
377.0	0.687737	0.848997	0.16126	0.844909	8.53387
378.0	0.26209	0.681094	0.419004	0.905883	5.85215
379.0	0.285157	0.552622	0.267465	0.801983	10.5339
380.0	0.429309	1.56815	1.13884	0.682218	16.2337
381.0	0.695135	0.402441	0.292694	0.786459	11.3214
382.0	0.282541	0.392994	0.110453	0.766142	12.5152
383.0	0.238038	0.750656	0.512618	0.89346	6.2499
384.0	0.18964	-0.533652	0.723291	0.724729	14.3684
385.0	0.286986	-0.0455036	0.332489	0.792111	10.9968
386.0	0.204513	0.151963	0.0525495	0.673184	18.6122
387.0	0.565205	0.625796	0.0605913	0.841764	8.69956
388.0	0.251831	-0.248319	0.500149	0.828762	9.03763
389.0	0.120577	0.345359	0.224783	0.875369	7.19184
390.0	0.476713	0.405089	0.0716237	0.843223	8.63187
391.0	0.424256	0.400844	0.0234116	0.864206	7.71315
392.0	0.696954	1.00603	0.309078	0.75698	12.9395
393.0	0.681818	0.858117	0.176299	0.872401	7.33519
394.0	0.167142	-0.226504	0.393646	0.923284	5.2195
395.0	0.387342	0.764483	0.37714	0.911601	5.66669
396.0	0.294475	0.349556	0.0550806	0.812632	10.0779
397.0	0.131091	0.610629	0.479538	0.781476	11.4224
398.0	0.393973	0.26693	0.127044	0.713295	15.7429
399.0	0.406921	0.211366	0.195554	0.708069	16.0647
400.0	0.22743	0.542298	0.314868	0.865597	7.55324
401.0	0.357558	0.172215	0.185342	0.919198	5.48491
402.0	0.0281886	-1.22162	1.24981	0.727027	12.9713
403.0	0.188886	0.919851	0.730965	0.76208	12.1345
404.0	0.0231887	-0.404256	0.427444	0.877322	6.97859
405.0	0.254994	-1.04867	1.30367	0.856949	6.31898
406.0	0.207415	-0.495765	0.70318	0.776901	11.3667
407.0	0.349463	0.144434	0.205029	0.748205	13.5174
408.0	0.611907	0.153436	0.45847	0.814497	9.76058
409.0	0.11473	-0.184243	0.298973	0.799822	10.6237
410.0	0.0340638	0.281559	0.247495	0.776136	11.9041
411.0	0.304193	-0.0825483	0.386741	0.775631	11.8299
412.0	0.523883	0.931028	0.407145	0.906938	5.82125
413.0	0.40454	1.15608	0.751539	0.871273	6.84683
414.0	0.358098	0.137087	0.22101	0.786613	11.3551
415.0	0.525502	0.328612	0.19689	0.846634	8.44308
416.0	0.132427	0.267581	0.135154	0.694863	17.0025
417.0	0.313503	0.0281589	0.285344	0.734774	14.284
418.0	0.0906434	0.0225865	0.0680569	0.710157	15.9672
419.0	0.697772	1.44143	0.743659	0.732524	13.847
420.0	0.60956	0.96238	0.35282	0.769887	12.1748
421.0	0.467499	1.01724	0.549742	0.79282	10.7452
422.0	0.36126	0.966614	0.605354	0.866361	7.25026
423.0	0.673072	0.390141	0.282931	0.892316	6.47422
424.0	0.543184	-0.781913	1.3251	0.848152	6.63151
425.0	0.517186	0.874023	0.356837	0.885631	6.69519
426.0	0.237866	0.408375	0.170509	0.843151	8.61
427.0	0.577281	0.888029	0.310748	0.809129	10.1483
428.0	0.179013	0.093612	0.085401	0.764318	12.624
429.0	0.354343	0.844309	0.489967	0.750597	13.139
430.0	0.533712	1.00681	0.473098	0.785808	11.1993
431.0	0.244162	0.929673	0.685511	0.781928	11.1263
432.0	0.192093	-0.00513319	0.197226	0.840181	8.7345
433.0	0.145353	0.568183	0.42283	0.843648	8.43077
434.0	0.12841	0.861958	0.733548	0.911867	5.27974
435.0	0.0211691	0.0603953	0.0392261	0.949565	4.42541
436.0	0.601629	-0.377699	0.979328	0.837415	7.9012
437.0	0.310137	0.916411	0.606274	0.832861	8.72327
438.0	0.443435	-0.492759	0.936194	0.824575	8.57082
439.0	0.383107	0.361458	0.0216487	0.868078	7.54829
440.0	0.30427	0.693567	0.389297	1.00459	2.50615
441.0	0.353315	0.581797	0.228482	0.911157	5.76993
442.0	0.289884	0.164871	0.125012	0.85898	7.92285
443.0	0.249914	0.829116	0.579201	0.814308	9.6339
444.0	0.224462	0.476972	0.25251	0.864347	7.64253
445.0	0.135188	0.157068	0.0218805	0.794292	11.0074
446.0	0.539424	1.00381	0.464391	0.799974	10.4757
447.0	0.558474	-0.31681	0.875284	0.855582	7.30432
448.0	0.556184	0.489614	0.0665706	0.724712	15.0129
449.0	0.186719	0.189584	0.00286514	0.947129	4.51144
450.0	0.335811	0.624529	0.288717	0.989563	3.03056
451.0	0.569975	0.821369	0.251394	0.819748	9.66586
452.0	0.64482	1.03154	0.386717	0.883284	6.7681
453.0	0.0854715	0.243605	0.158134	0.921719	5.40027
454.0	0.419516	1.32678	0.907264	0.788367	10.3955
455.0	0.562885	1.25887	0.695985	0.887448	6.27116
456.0	0.500621	0.36699	0.133631	0.743429	13.8326
457.0	0.235676	-0.134812	0.370489	0.777738	11.7295
458.0	0.484996	1.15053	0.66553	0.836493	8.47806
459.0	0.563213	0.414249	0.148964	0.745593	13.6972
460.0	0.336126	-0.345841	0.681967	0.820083	9.21728
461.0	0.523125	-0.50959	1.03271	0.910631	4.82926
462.0	0.19801	0.876542	0.678533	0.72944	14.1505
463.0	0.361482	-0.433776	0.795258	0.825065	8.80491
464.0	0.490747	0.287526	0.203221	0.732084	14.5007
465.0	0.287999	0.699655	0.411656	0.697549	16.6166
466.0	0.380993	0.623012	0.242019	0.900744	6.16385
467.0	0.68608	0.598442	0.0876375	0.841631	8.70141
468.0	0.176422	0.41084	0.234418	0.752954	13.2219
469.0	0.122458	0.710574	0.588116	0.740619	13.6052
470.0	0.316688	-0.286104	0.602792	0.733793	13.9997
471.0	0.620809	-0.520386	1.14119	0.802078	9.18846
472.0	0.50122	-0.0857809	0.587001	0.739083	13.6996
473.0	0.362964	0.222881	0.140083	0.918511	5.52454
474.0	0.614279	0.902274	0.287995	0.848524	8.31262
475.0	0.47664	1.25233	0.775693	0.662444	18.6209
476.0	0.0678462	-0.547852	0.615698	0.855488	7.70148
477.0	0.0685722	-0.611024	0.679597	0.76414	12.1033
478.0	0.0535104	-1.37909	1.4326	0.744778	11.3644
479.0	0.257932	0.387786	0.129854	0.907801	5.93192
480.0	0.224779	0.421455	0.196676	0.701895	16.4853
481.0	0.387939	0.349121	0.0388181	0.805329	10.4428
482.0	0.193021	0.383586	0.190564	0.821862	9.59338
483.0	0.652771	-0.0571858	0.709957	0.890142	6.14541
484.0	0.221571	-0.200672	0.422243	0.740665	13.8051
485.0	0.498978	0.4482	0.0507779	0.690524	17.3319
486.0	0.322498	-0.107079	0.429577	0.90684	5.80692
487.0	0.482611	0.0663126	0.416299	0.854277	7.96532
488.0	0.00563466	0.396575	0.39094	0.784483	11.3499
489.0	0.312334	0.384619	0.0722849	0.751576	13.3622
490.0	0.585271	0.538263	0.0470083	0.786605	11.4085
491.0	0.580216	0.382677	0.197538	0.906512	5.95989
492.0	0.266324	0.642487	0.376163	0.849536	8.20683
493.0	0.0952099	0.605555	0.510345	0.67629	18.0293
494.0	0.0698913	0.2844	0.214509	0.815749	9.87827
495.0	0.65576	0.288654	0.367106	0.718222	15.2686
496.0	0.373702	0.23233	0.141372	0.909453	5.86576
497.0	0.620924	0.00754065	0.613384	0.740032	13.604
498.0	0.127585	-0.314671	0.442256	0.707927	15.8728
499.0	0.0729799	-0.0750525	0.148032	0.792826	11.0594
500.0	0.626607	0.238031	0.388575	0.914289	5.55711
501.0	0.0768509	-0.55263	0.629481	0.786099	10.9894
502.0	0.518951	1.14691	0.627959	0.939518	4.41426
503.0	0.28886	-0.249263	0.538123	0.783863	11.2277
504.0	0.103154	-0.43156	0.534715	0.879289	6.79517
505.0	0.63003	0.947812	0.317782	0.751755	13.2371
506.0	0.442333	-0.143206	0.585539	0.743487	13.4368
507.0	0.191216	-0.246062	0.437278	0.727321	14.6146
508.0	0.220896	1.08679	0.865899	0.919864	4.78671
509.0	0.285834	-0.248021	0.533855	0.804889	10.1521
510.0	0.467501	0.338371	0.12913	0.802151	10.5864
511.0	0.294354	-0.127183	0.421537	0.758951	12.729
512.0	0.0581023	0.484131	0.426028	0.709427	15.7901
513.0	0.445818	1.02122	0.575403	0.834447	8.68885
514.0	0.222697	0.935888	0.713191	0.918047	5.07867
515.0	0.220171	1.05489	0.83472	0.972574	3.03377
516.0	0.344126	0.801587	0.457461	0.763139	12.4537
517.0	0.546677	0.767914	0.221236	0.756296	13.0344
518.0	0.260751	0.883867	0.623116	0.764957	12.143
519.0	0.469072	-0.139559	0.60863	0.779967	11.3433
520.0	0.04869	0.313514	0.264824	0.808632	10.202
521.0	0.533334	0.0959094	0.437425	0.785487	11.253
522.0	0.0634569	-0.0160258	0.0794827	0.750385	13.4312
523.0	0.55609	0.556756	0.000666575	0.772184	12.1922
524.0	0.6516	0.724213	0.0726133	0.930005	5.11532
525.0	0.443795	0.492753	0.0489581	0.853372	8.18163
526.0	0.35882	-0.0479747	0.406795	0.778746	11.6427
527.0	0.35256	-0.670966	1.02353	0.78468	10.3374
528.0	0.45242	0.270589	0.181832	0.870353	7.41914
529.0	0.562966	-0.272957	0.835923	0.831016	8.46031
530.0	0.492307	0.644264	0.151957	0.760256	12.8368
531.0	0.217679	0.832689	0.615009	0.652599	19.7091
532.0	0.443448	-0.177773	0.621221	0.861224	7.44817
533.0	0.592619	0.92523	0.33261	0.741945	13.8097
534.0	0.684878	0.0388283	0.64605	0.900008	5.84473
535.0	0.264254	0.00657836	0.257676	0.809296	10.1732
536.0	0.565549	1.10892	0.543373	0.807334	10.0194
537.0	0.0390079	-0.403918	0.442926	0.829251	9.07223
538.0	0.475566	0.25252	0.223046	0.733546	14.3991
539.0	0.521168	-0.376648	0.897816	0.930563	4.35133
540.0	0.0450235	-0.2394	0.284424	0.857792	7.9073
541.0	0.0379333	0.253025	0.215092	0.878623	7.06159
542.0	0.180585	-0.0125525	0.193138	0.769055	12.3226
543.0	0.310723	-0.134416	0.445139	0.845538	8.32584
544.0	0.525981	0.653945	0.127964	0.792047	11.1062
545.0	0.159164	-0.459593	0.618756	0.893355	6.13698
546.0	0.281683	0.151763	0.12992	0.766473	12.4911
547.0	0.0807108	0.471775	0.391065	0.770806	12.0909
548.0	0.00641849	0.182781	0.176362	0.771989	12.1668
549.0	0.217068	0.649725	0.432657	0.768041	12.2046
550.0	0.09927	1.14749	1.04822	0.894472	5.40531
551.0	0.286858	0.465464	0.178606	0.744227	13.7675
552.0	0.645144	1.16895	0.523807	0.899871	5.98821
553.0	0.342463	0.607379	0.264916	0.780642	11.6495
554.0	0.212007	-0.555472	0.767479	0.874126	6.70549
555.0	0.316968	0.039359	0.277609	0.97638	3.45782
556.0	0.4943	0.0351841	0.459116	0.880629	6.8152
557.0	0.636872	1.2723	0.635429	0.826569	8.97686
558.0	0.608662	0.744162	0.135499	0.875783	7.20701
559.0	0.204306	0.440537	0.236231	0.826971	9.32934
560.0	0.231785	0.258698	0.0269127	0.802897	10.5663
561.0	0.684264	0.851091	0.166828	0.694029	17.0489
562.0	0.282692	0.873335	0.590643	0.788338	10.9256
563.0	0.613126	0.76872	0.155594	0.809634	10.2028
564.0	0.0911416	0.248351	0.15721	0.864703	7.66718
565.0	0.378423	0.903788	0.525366	0.892547	6.27296
566.0	0.0413764	-0.118159	0.159536	0.747371	13.587
567.0	0.0587903	0.619047	0.560256	0.654188	19.6707
568.0	0.158502	0.464751	0.306248	0.840251	8.67349
569.0	0.495813	-0.401275	0.897088	0.743801	12.8675
570.0	0.195921	0.253219	0.0572985	0.838802	8.83508
571.0	0.352889	1.11158	0.758691	0.695646	16.223
572.0	0.357847	0.636451	0.278604	0.654812	19.9512
573.0	0.524518	0.587841	0.0633228	0.859799	7.89933
574.0	0.145337	0.481007	0.335669	0.829047	9.17083
575.0	0.344097	0.97474	0.630642	0.747652	13.1242
576.0	0.467455	1.42158	0.954127	0.899558	5.39031
577.0	0.239696	-0.267187	0.506883	0.869235	7.23991
578.0	0.124758	-0.00883776	0.133596	0.841511	8.69614
579.0	0.363991	1.03323	0.669244	0.822602	9.11633
580.0	0.599588	1.09993	0.50034	0.80908	9.98223
581.0	0.204478	-0.908677	1.11316	0.773949	10.6859
582.0	0.295514	0.671157	0.375642	0.832962	8.9581
583.0	0.378099	0.651815	0.273716	0.78323	11.5054
584.0	0.185885	0.696445	0.51056	0.706208	15.9054
585.0	0.423284	0.0269567	0.396327	0.804747	10.3
586.0	0.624033	1.1658	0.541771	0.82906	8.97766
587.0	0.510529	0.628248	0.117719	0.830253	9.21991
588.0	0.0310266	-1.19768	1.22871	0.738614	12.3433
589.0	0.591692	0.983412	0.39172	0.783937	11.3782
590.0	0.525046	0.791468	0.266421	0.792386	11.027
591.0	0.076547	0.1193	0.0427528	0.821425	9.65164
592.0	0.276454	0.570252	0.293798	0.84796	8.33419
593.0	0.307737	0.25816	0.049577	0.745245	13.742
594.0	0.0452481	-0.397402	0.44265	0.850986	8.08637
595.0	0.296059	0.228168	0.0678914	0.95115	4.36781
596.0	0.665943	2.11855	1.4526	0.820901	7.46591
597.0	0.0672316	-0.650968	0.718199	0.737745	13.5738
598.0	0.628523	0.287514	0.341008	0.846144	8.38408
599.0	0.636451	0.486537	0.149914	0.77785	11.8554
600.0	0.614199	0.25816	0.356039	0.803411	10.4006
601.0	0.175765	-0.341425	0.517189	0.881454	6.72534
602.0	0.205677	0.178219	0.0274581	0.799125	10.7581
603.0	0.478436	0.816065	0.337629	0.747007	13.502
604.0	0.269892	0.559888	0.289997	0.870441	7.3638
605.0	0.67428	0.491775	0.182505	0.89135	6.55873
606.0	0.251255	0.65728	0.406025	0.97769	3.33751
607.0	0.386115	0.80606	0.419945	0.866973	7.41655
608.0	0.129776	-0.267737	0.397513	0.858051	7.81686
609.0	0.622193	1.64504	1.02284	0.827691	8.2502
610.0	0.297542	-0.179939	0.47748	0.791177	10.9134
611.0	0.622832	0.825821	0.202989	0.756031	13.0589
612.0	0.334562	1.28588	0.951319	0.849703	7.41666
613.0	0.347412	-0.383984	0.731396	0.657866	19.0707
614.0	0.0869614	0.349404	0.262442	0.668172	18.9061
615.0	0.613361	0.881217	0.267856	0.851958	8.17206
616.0	0.560279	0.399468	0.160811	0.850684	8.27607
617.0	0.0857604	-0.572897	0.658658	0.706182	15.6864
618.0	0.464905	-0.106329	0.571234	0.811467	9.78218
619.0	0.257333	0.414425	0.157091	0.825123	9.45035
620.0	0.244329	-0.113356	0.357685	0.693253	16.9724
621.0	0.044876	-0.318104	0.36298	0.857026	7.88827
622.0	0.0864033	0.304451	0.218048	0.787846	11.2914
623.0	0.158885	0.132841	0.0260445	0.892673	6.53818
624.0	0.421439	0.457614	0.0361747	0.890268	6.63356
625.0	0.181545	-1.00931	1.19085	0.769461	10.7246
626.0	0.0760106	0.514677	0.438666	0.757596	12.7893
627.0	0.656749	1.40626	0.749511	0.833385	8.4953
628.0	0.0356501	0.278292	0.242642	0.765055	12.5218
629.0	0.019643	-0.170411	0.190054	0.924039	5.30415
630.0	0.67845	0.586501	0.0919483	0.8221	9.6121
631.0	0.610894	-0.300285	0.91118	0.840734	7.88592
632.0	0.396194	0.490078	0.0938837	0.730821	14.62
633.0	0.555894	0.948641	0.392747	0.881803	6.82361
634.0	0.264296	0.111078	0.153217	0.930212	5.09071
635.0	0.16364	0.920794	0.757155	0.867716	6.98595
636.0	0.165655	0.265624	0.0999697	0.830684	9.20384
637.0	0.0143257	-0.0682331	0.0825588	0.861309	7.83118
638.0	0.591883	0.0104525	0.58143	0.762465	12.3413
639.0	0.118744	0.898164	0.779421	0.875692	6.6232
640.0	0.287979	-0.105008	0.392987	0.892423	6.39692
641.0	0.211939	0.352063	0.140125	0.876401	7.18011
642.0	0.568611	1.05002	0.48141	0.826654	9.156
643.0	0.68779	-0.45401	1.1418	0.77554	10.53
644.0	0.0835024	0.884493	0.80099	0.891971	5.94022
645.0	0.447073	0.829216	0.382143	0.776744	11.7734
646.0	0.571123	0.735602	0.164479	0.805315	10.4152
647.0	0.0215174	0.257708	0.236191	0.766559	12.4407
648.0	0.472349	-0.0504347	0.522783	0.727403	14.5079
649.0	0.0430895	-0.258139	0.301228	0.827848	9.25057
650.0	0.694447	-0.133944	0.828392	0.738668	13.3135
651.0	0.105389	-0.40996	0.515348	0.819679	9.4506
652.0	0.0730014	0.280437	0.207435	0.740769	13.9632
653.0	0.32413	0.444135	0.120004	1.00164	2.71475
654.0	0.0354679	0.483827	0.44836	0.789313	11.0409
655.0	0.615979	0.619478	0.00349967	0.846842	8.47428
656.0	0.220676	0.134898	0.0857779	0.779785	11.7679
657.0	0.273909	0.183627	0.090282	0.856969	8.01803
658.0	0.542122	0.723333	0.181211	0.830525	9.18684
659.0	0.132373	-0.206621	0.338994	0.976569	3.41806
660.0	0.53492	0.32767	0.20725	0.686602	17.5612
661.0	0.640589	-0.162689	0.803278	0.922764	4.77881
662.0	0.217969	-0.0990961	0.317065	0.672893	18.5013
663.0	0.559608	1.26301	0.703399	0.806003	9.86731
664.0	0.107025	-0.0720395	0.179065	0.801203	10.6173
665.0	0.148988	0.965457	0.816469	0.739207	13.3046
666.0	0.191202	0.273615	0.0824131	0.833661	9.06846
667.0	0.33308	0.367719	0.0346391	0.828538	9.31399
668.0	0.351069	0.708493	0.357425	0.83531	8.86382
669.0	0.0734264	0.232766	0.159339	0.847808	8.40451
670.0	0.0501563	-0.225374	0.275531	0.774921	11.9536
671.0	0.644864	1.42024	0.775375	0.866228	7.0201
672.0	0.68701	1.4494	0.762386	0.748842	12.8366
673.0	0.615007	1.88777	1.27276	0.756233	11.2157
674.0	0.438042	0.988979	0.550936	0.729625	14.3313
675.0	0.693056	0.505737	0.187319	0.824379	9.47452
676.0	0.460801	-0.791418	1.25222	0.856139	6.48162
677.0	0.0651646	0.862321	0.797156	0.783756	10.8438
678.0	0.185466	-0.717636	0.903101	0.800153	9.80793
679.0	0.205257	-0.158265	0.363522	0.843817	8.47189
680.0	0.357851	0.184989	0.172862	0.739016	14.0861
681.0	0.55406	1.02661	0.472545	0.820241	9.46922
682.0	0.389201	0.783607	0.394406	0.85452	7.97295
683.0	0.172912	0.707414	0.534502	0.797273	10.5353
684.0	0.119372	0.440431	0.321059	0.716077	15.4488
685.0	0.607859	1.20185	0.593989	0.78843	10.9163
686.0	0.432021	0.509957	0.0779362	0.856796	8.02775
687.0	0.693945	-0.630288	1.32423	0.778723	9.86968
688.0	0.0539813	0.147919	0.0939381	0.831209	9.18052
689.0	0.614164	1.60548	0.991317	0.752892	12.1332
690.0	0.425419	1.15266	0.727238	0.709506	15.3445
691.0	0.40526	0.130379	0.274882	0.854076	8.07497
692.0	0.523776	-0.0487594	0.572536	0.724976	14.5938
693.0	0.640161	0.910779	0.270618	0.87369	7.23883
694.0	0.383963	0.313857	0.0701057	0.810336	10.1892
695.0	0.583021	0.179267	0.403755	0.721685	15.0089
696.0	0.135936	-0.0375777	0.173514	0.822425	9.57311
697.0	0.237269	-0.0579509	0.29522	0.888237	6.63008
698.0	0.146906	0.578729	0.431823	0.956674	4.01307
699.0	0.243669	0.693687	0.450018	0.901587	5.99138
700.0	0.588555	0.366954	0.221602	0.83668	8.88401
701.0	0.364703	0.155262	0.209441	0.792559	11.0485
702.0	0.548506	1.42242	0.87391	0.720189	14.3596
703.0	0.670212	-0.177518	0.847731	0.827608	8.59613
704.0	0.529213	1.35262	0.823409	0.762725	11.9322
705.0	0.630585	1.02404	0.39346	0.723265	14.9178
706.0	0.608533	0.0243165	0.584216	0.820692	9.32085
707.0	0.0133468	-0.0617027	0.0750495	0.867107	7.58423
708.0	0.108033	0.701748	0.593716	0.687518	17.0858
709.0	0.448545	0.0866936	0.361851	0.701045	16.4244
710.0	0.681099	0.555871	0.125228	0.717777	15.4478
711.0	0.313507	0.36133	0.0478229	0.917692	5.57169
712.0	0.35569	0.0876433	0.268047	0.676382	18.2767
713.0	0.0123099	-0.379713	0.392023	0.727233	14.6667
714.0	0.02408	0.362685	0.338605	0.843489	8.50497
715.0	0.0121274	0.336076	0.323948	0.90652	5.89587
716.0	0.264607	0.350206	0.0855999	0.838138	8.86127
717.0	0.690596	1.32957	0.638973	0.809883	9.77057
718.0	0.446509	-0.048449	0.494958	0.682481	17.5925
719.0	0.383048	1.0452	0.662151	0.870926	6.98725
720.0	0.232572	0.164781	0.0677909	0.756438	13.0788
721.0	0.096252	0.246205	0.149953	0.788964	11.2609
722.0	0.202505	0.372272	0.169767	0.699752	16.6464
723.0	0.531659	1.06214	0.530482	0.892225	6.28041
724.0	0.209393	0.141566	0.0678266	0.839205	8.81525
725.0	0.596314	0.461489	0.134825	0.833494	9.06409
726.0	0.57401	0.713229	0.139219	0.775598	11.9818
727.0	0.453206	0.304823	0.148383	0.847815	8.40776
728.0	0.0901921	-0.482372	0.572564	0.769772	11.9457
729.0	0.488064	-0.522885	1.01095	0.729644	13.4569
730.0	0.636028	0.304224	0.331803	0.892753	6.42738
731.0	0.458936	0.978592	0.519655	0.655218	19.649
732.0	0.269837	0.314753	0.0449161	0.839025	8.82622
733.0	0.0586603	1.04818	0.98952	0.766061	11.403
734.0	0.137832	-0.373228	0.51106	0.754353	12.8951
735.0	0.495789	0.632831	0.137043	0.879035	7.07215
736.0	0.485844	-0.0510758	0.53692	0.71577	15.2354
737.0	0.555224	-0.0186131	0.573837	0.861769	7.48237
738.0	0.188579	0.24636	0.0577814	0.804159	10.4997
739.0	0.676269	1.22079	0.544521	0.741966	13.5837
740.0	0.474072	0.327132	0.14694	0.785844	11.4269
741.0	0.500659	-0.0536768	0.554335	0.921931	5.12551
742.0	0.234759	1.00103	0.766267	0.863954	7.12951
743.0	0.614377	0.136141	0.478236	0.754099	12.9483
744.0	0.0169415	0.169369	0.152428	0.896288	6.37288
745.0	0.326438	0.0572611	0.269177	0.887294	6.68253
746.0	0.380615	1.13636	0.755745	0.907949	5.39518
747.0	0.598276	0.000503982	0.597772	0.770725	11.8592
748.0	0.17791	0.161511	0.0163989	0.956658	4.18294
749.0	0.460419	0.329169	0.13125	0.743376	13.8366
750.0	0.305612	0.132872	0.172739	0.796916	10.8389
751.0	0.634142	0.717464	0.0833226	0.733542	14.4521
752.0	0.551612	0.272921	0.278691	0.589364	25.9629
753.0	0.571935	1.06874	0.496803	0.765535	12.2752
754.0	0.559394	0.479526	0.0798674	0.832644	9.1162
755.0	0.310229	0.551797	0.241568	0.851821	8.19202
756.0	0.314093	-0.448673	0.762766	0.830445	8.60904
757.0	0.279465	0.731794	0.452329	0.754295	12.9655
758.0	0.14348	0.829941	0.686461	0.797756	10.3054
759.0	0.590607	0.00598791	0.584619	0.814941	9.59643
760.0	0.626835	0.38611	0.240725	0.824742	9.43262
761.0	0.531058	0.204138	0.32692	0.90558	5.93006
762.0	0.634901	0.0213395	0.613561	0.802701	10.1609
763.0	0.47641	1.32501	0.8486	0.864174	6.98708
764.0	0.518481	0.101111	0.41737	0.734633	14.179
765.0	0.0931407	-0.440764	0.533905	0.745243	13.4015
766.0	0.0475413	0.3911	0.343559	0.835273	8.87581
767.0	0.351685	0.985804	0.634119	0.676937	17.7912
768.0	0.55168	0.242813	0.308866	0.84655	8.38768
769.0	0.190126	-0.290361	0.480487	0.858994	7.70154
770.0	0.661283	0.882664	0.221382	0.810035	10.1556
771.0	0.543922	0.869714	0.325792	0.788351	11.1984
772.0	0.200669	-0.155083	0.355752	0.687252	17.4031
773.0	0.551479	0.914065	0.362586	0.765501	12.4116
774.0	0.442998	0.130297	0.312701	0.830001	9.14204
775.0	0.340328	0.67695	0.336621	0.814962	9.84329
776.0	0.0324522	-0.234347	0.266799	0.915708	5.58013
777.0	0.399299	-0.418731	0.81803	0.771889	11.4385
778.0	0.227554	-0.527243	0.754797	0.880536	6.46408
779.0	0.219712	-0.141108	0.36082	0.896254	6.26952
780.0	0.652292	0.942448	0.290156	0.760382	12.7574
781.0	0.452722	0.571489	0.118768	0.75545	13.1249
782.0	0.0365406	0.799403	0.762863	0.771549	11.5565
783.0	0.650002	0.194997	0.455005	0.900827	6.01641
784.0	0.352234	0.744285	0.392051	0.727901	14.6244
785.0	0.365862	0.320066	0.0457969	0.799572	10.7338
786.0	0.661129	-0.245461	0.90659	0.848524	7.55217
787.0	0.022678	-0.658791	0.681469	0.789851	10.7176
788.0	0.160286	0.602037	0.441752	0.980965	3.20543
789.0	0.453692	0.836779	0.383087	0.829978	9.09089
790.0	0.692708	1.02571	0.333006	0.812636	9.95966
791.0	0.207104	1.01969	0.812591	0.749208	12.722
792.0	0.589988	1.33569	0.745697	0.797701	10.2147
793.0	0.559652	1.04324	0.483592	0.760253	12.5886
794.0	0.012276	0.804958	0.792682	0.767523	11.7237
795.0	0.326507	-0.0105115	0.337019	0.911758	5.68824
796.0	0.110637	0.0735483	0.0370883	0.813121	10.0557
797.0	0.0297153	0.213941	0.184226	0.799421	10.706
798.0	0.0774924	-0.37006	0.447553	0.855476	7.88523
799.0	0.128629	0.246346	0.117716	0.803961	10.4979
800.0	0.0942749	0.133627	0.0393517	0.847176	8.45771
801.0	0.271149	0.329276	0.0581272	0.791761	11.1358
802.0	0.0872292	-0.299593	0.386822	0.816	9.7533
803.0	0.460305	0.0425224	0.417782	0.856299	7.8759
804.0	0.565752	0.715121	0.149369	0.859569	7.89046
805.0	0.298654	-0.194925	0.493579	0.812461	9.82352
806.0	0.505052	0.933577	0.428525	0.74412	13.5905
807.0	0.10885	0.255057	0.146207	0.863745	7.71158
808.0	0.487235	0.573738	0.0865031	0.842167	8.67726
809.0	0.182164	0.957907	0.775743	0.81929	9.10897
810.0	0.386952	0.743779	0.356827	0.806679	10.2363
811.0	0.0568818	-0.855298	0.91218	0.658016	18.6517
812.0	0.223208	0.148185	0.0750237	0.881422	6.98733
813.0	0.495189	0.175754	0.319434	0.903427	6.01763
814.0	0.543844	0.954181	0.410338	0.820648	9.50894
815.0	0.419451	0.853294	0.433843	0.884278	6.68951
816.0	0.697633	-0.20466	0.902293	0.812945	9.18494
817.0	0.63543	0.410464	0.224965	0.861003	7.79945
818.0	0.413333	0.941855	0.528523	0.788462	10.9972
819.0	0.472329	0.581784	0.109455	0.736899	14.238
820.0	0.191247	0.60551	0.414263	0.889453	6.49811
821.0	0.104938	0.292375	0.187437	0.869002	7.47402
822.0	0.159226	0.931142	0.771915	0.898031	5.74919
823.0	0.439458	0.368253	0.0712051	0.944493	4.59888
824.0	0.00429542	0.301638	0.297343	0.910886	5.74541
825.0	0.537061	0.522251	0.0148103	0.779639	11.784
826.0	0.536055	0.106417	0.429639	0.781503	11.4726
827.0	0.0763528	0.432408	0.356055	0.861769	7.6886
828.0	0.469629	-0.0301848	0.499814	0.725722	14.6432
829.0	0.273744	0.184429	0.0893154	0.740153	14.0434
830.0	0.540792	0.848286	0.307494	0.83808	8.77172
831.0	0.370637	-0.189888	0.560525	0.838129	8.53849
832.0	0.111554	-0.378899	0.490454	0.827707	9.0972
833.0	0.425996	-0.265256	0.691252	0.698638	16.1425
834.0	0.298499	0.908799	0.6103	0.73942	13.6455
835.0	0.401968	0.676675	0.274707	0.787774	11.2635
836.0	0.489857	0.345155	0.144702	0.75561	13.1075
837.0	0.503656	0.433154	0.0705016	0.798675	10.7765
838.0	0.150769	0.47334	0.32257	0.758793	12.825
839.0	0.317585	0.909438	0.591853	0.77579	11.591
840.0	0.47724	0.611525	0.134284	0.86686	7.58211
841.0	0.201265	-0.154971	0.356236	0.750282	13.2927
842.0	0.406057	-0.115329	0.521387	0.825502	9.1674
843.0	0.67843	-0.00491273	0.683343	0.821158	9.16429
844.0	0.66412	0.608647	0.0554735	0.836755	8.92933
845.0	0.0207514	-0.625194	0.645945	0.745781	13.2113
846.0	0.514364	0.756769	0.242405	0.712052	15.7713
847.0	0.62162	1.10905	0.487434	0.845897	8.26875
848.0	0.364629	0.311168	0.0534612	0.775838	11.9878
849.0	0.105954	0.587194	0.481239	0.801191	10.3965
850.0	0.5633	1.13615	0.572849	0.828926	8.94713
851.0	0.0474836	-0.520449	0.567933	0.778662	11.4678
852.0	0.190036	0.335232	0.145196	0.876127	7.19002
853.0	0.358094	-1.03961	1.3977	0.854327	6.17937
854.0	0.0467011	0.0666858	0.0199847	0.813634	10.0315
855.0	0.672329	0.236562	0.435767	0.788154	11.1142
856.0	0.0737815	1.18252	1.10874	0.874442	6.06471
857.0	0.56246	1.21979	0.657333	0.771762	11.7164
858.0	0.630155	-0.859102	1.48926	0.859313	5.71982
859.0	0.651011	0.0393971	0.611614	0.747711	13.1489
860.0	0.236354	0.361223	0.124869	0.742195	13.91
861.0	0.00519886	-0.665862	0.671061	0.837649	8.41785
862.0	0.434947	0.127677	0.30727	0.792084	11.0164
863.0	0.383725	1.64114	1.25741	0.75066	11.5703
864.0	0.692457	0.87651	0.184053	0.812749	10.0383
865.0	0.585435	0.631751	0.0463163	0.76725	12.4647
866.0	0.482798	0.494821	0.0120225	0.823323	9.56256
867.0	0.395798	0.438737	0.0429388	0.726898	14.8766
868.0	0.487036	0.0455969	0.441439	0.871557	7.20529
869.0	0.557644	0.824462	0.266818	0.729002	14.6572
870.0	0.542687	0.95457	0.411883	0.739815	13.8672
871.0	0.101965	-0.258253	0.360218	0.855862	7.941
872.0	0.384906	-0.132102	0.517008	0.847809	8.15289
873.0	0.555452	0.0950151	0.460437	0.817368	9.61948
874.0	0.34727	0.874104	0.526834	0.952665	4.06665
875.0	0.47045	0.819562	0.349113	0.883419	6.79008
876.0	0.6873	0.887952	0.200653	0.904887	6.02121
877.0	0.277053	0.788258	0.511205	0.959434	3.85232
878.0	0.00454548	-0.10791	0.112455	0.855074	8.09627
879.0	0.498408	0.811266	0.312858	0.750399	13.3206
880.0	0.43513	0.754089	0.318959	0.796057	10.8026
881.0	0.0417305	0.50626	0.464529	0.850291	8.09645
882.0	0.363403	0.226797	0.136606	0.775794	11.972
883.0	0.109976	0.469276	0.3593	0.841934	8.56007
884.0	0.348236	0.997587	0.649352	0.778688	11.3536
885.0	0.211708	0.311178	0.0994694	0.810607	10.1703
886.0	0.0648021	-0.0315148	0.0963169	0.693628	17.1017
887.0	0.0182956	0.229604	0.211308	0.760586	12.7924
888.0	0.205402	0.566267	0.360865	0.893837	6.36472
889.0	0.569645	0.559834	0.00981095	0.744769	13.7735
890.0	0.630669	1.28305	0.65238	0.760209	12.3665
891.0	0.0620289	0.769006	0.706977	0.773553	11.5414
892.0	0.662509	0.612051	0.0504581	0.747146	13.6281
893.0	0.631034	1.93006	1.29902	0.850509	6.59967
894.0	0.350999	-0.144847	0.495845	0.827136	9.1183
895.0	0.0184171	0.580944	0.562527	0.806365	10.0442
896.0	0.258862	-0.0282341	0.287096	0.769017	12.2721
897.0	0.0976256	0.961572	0.863947	0.773962	11.2389
898.0	0.151622	0.0210825	0.13054	0.776082	11.9581
899.0	0.152767	1.49675	1.34399	0.79292	9.09904
900.0	0.513093	-0.717972	1.23106	0.80825	8.66553
901.0	0.478099	0.46138	0.0167187	0.834471	9.03781
902.0	0.630563	-0.627166	1.25773	0.857518	6.41075
903.0	0.043753	-0.0175878	0.0613408	0.940874	4.72748
904.0	0.253515	-0.295914	0.549429	0.759541	12.5492
905.0	0.45587	0.638497	0.182627	0.705155	16.2687
906.0	0.416912	0.29705	0.119863	0.809382	10.2261
907.0	0.481548	-0.140622	0.622169	0.732045	14.0786
908.0	0.43148	0.128505	0.302975	0.929195	5.06338
909.0	0.348565	0.157856	0.190709	0.880795	6.98228
910.0	0.272362	0.525998	0.253635	0.789515	11.1846
911.0	0.578841	0.657489	0.0786477	0.813304	10.0414
912.0	0.070447	-0.267427	0.337874	0.763797	12.528
913.0	0.64002	1.30722	0.667201	0.708068	15.5459
914.0	0.174845	0.671484	0.496639	0.809427	9.96915
915.0	0.438504	0.470426	0.0319221	0.853772	8.16547
916.0	0.356907	1.25932	0.902417	0.804666	9.58635
917.0	0.00734466	-0.450476	0.457821	0.687266	17.2922
918.0	0.479907	0.749632	0.269725	0.783699	11.4827
919.0	0.271451	1.20208	0.930631	0.763332	11.6822
920.0	0.604823	1.30326	0.698433	0.796934	10.3287
921.0	0.656995	1.23159	0.574596	0.926237	4.94709
922.0	0.341203	0.644169	0.302966	0.797497	10.7398
923.0	0.260208	0.114397	0.145811	0.788031	11.3114
924.0	0.409694	0.251464	0.158231	0.860967	7.82725
925.0	0.503697	0.195438	0.308259	0.908921	5.81372
926.0	0.0822054	0.140663	0.0584573	0.851483	8.26401
927.0	0.68662	0.281042	0.405577	0.822937	9.40386
928.0	0.376592	0.701294	0.324702	0.776911	11.811
929.0	0.564654	0.12529	0.439364	0.787628	11.1382
930.0	0.140684	1.07829	0.937605	0.808503	9.32947
931.0	0.632575	0.0693609	0.563214	0.880355	6.72069
932.0	0.125547	-0.00765244	0.1332	0.695659	16.9471
933.0	0.412457	0.36967	0.0427867	0.832052	9.14861
934.0	0.0485358	-1.26336	1.3119	0.700973	14.421
935.0	0.414266	1.69785	1.28358	0.678471	16.0486
936.0	0.629282	1.10921	0.479931	0.812723	9.82518
937.0	0.0671928	-0.530698	0.597891	0.873597	6.95755
938.0	0.599725	-0.463823	1.06355	0.750912	12.0737
939.0	0.293158	0.208947	0.0842112	0.847123	8.45426
940.0	0.382292	0.127743	0.25455	0.796243	10.8344
941.0	0.499081	0.549316	0.0502351	0.662385	19.4501
942.0	0.513406	0.283064	0.230341	0.785994	11.3831
943.0	0.640934	0.0100708	0.630863	0.899098	5.89859
944.0	0.250141	-0.103164	0.353305	0.86423	7.5853
945.0	0.325035	0.833911	0.508876	0.814215	9.72134
946.0	0.2966	0.422204	0.125604	0.90449	6.06027
947.0	0.143002	-0.342441	0.485443	0.856886	7.78773
948.0	0.0833031	0.309834	0.226531	0.810031	10.1533
949.0	0.245196	0.277319	0.0321232	0.80825	10.2971
950.0	0.0683778	0.81111	0.742732	0.848759	7.81791
951.0	0.567289	0.231569	0.335719	0.83901	8.71009
952.0	0.611582	0.0743935	0.537189	0.799668	10.4105
953.0	0.600418	0.546971	0.0534464	0.890984	6.60337
954.0	0.173301	-0.0525991	0.2259	0.843433	8.57419
955.0	0.420541	0.296241	0.1243	0.740029	14.0419
956.0	0.179567	0.341459	0.161892	0.88745	6.72207
957.0	0.12677	0.120872	0.00589801	0.830155	9.23925
958.0	0.0436325	-0.187674	0.231307	0.760735	12.7735
959.0	0.581094	0.407755	0.173339	0.898645	6.27366
960.0	0.0703934	-0.420627	0.491021	0.79858	10.5183
961.0	0.0626239	0.0157253	0.0468986	0.850168	8.32359
962.0	0.643514	0.432663	0.210851	0.85781	7.94398
963.0	0.598386	1.20477	0.606389	0.813304	9.64773
964.0	0.242189	-0.507482	0.749671	0.763563	12.0195
965.0	0.259162	0.410675	0.151513	0.864661	7.67079
966.0	0.375833	-0.711546	1.08738	0.793204	9.75614
967.0	0.404871	0.744367	0.339496	0.720157	15.1674
968.0	0.086814	-0.481129	0.567943	0.751591	12.9828
969.0	0.0107278	0.308146	0.297418	0.805997	10.3132
970.0	0.318836	-0.166465	0.485301	0.949672	4.20735
971.0	0.307274	-0.440326	0.747601	0.844489	7.99866
972.0	0.0249716	-0.0602667	0.0852383	0.918641	5.53147
973.0	0.292034	0.54558	0.253546	0.87172	7.33018
974.0	0.511918	-0.276217	0.788135	0.762631	12.0031
975.0	0.490192	1.64525	1.15506	0.800179	9.24712
976.0	0.128107	-0.271278	0.399386	0.738514	13.9587
977.0	0.0506251	-0.106748	0.157373	0.749736	13.4474
978.0	0.481335	0.634627	0.153292	0.84355	8.59781
979.0	0.691714	0.042377	0.649337	0.721737	14.6836
980.0	0.619279	0.0252312	0.594047	0.836187	8.58632
981.0	0.529504	-1.04305	1.57256	0.820081	7.13638
982.0	0.496424	0.0469644	0.449459	0.891908	6.37065
983.0	0.288304	0.433498	0.145194	0.862508	7.76494
984.0	0.630683	0.947434	0.316751	0.817872	9.71615
985.0	0.580364	1.59903	1.01867	0.74591	12.4701
986.0	0.595635	0.364576	0.231059	0.826323	9.36257
987.0	0.46333	0.245329	0.218002	0.83489	8.96819
988.0	0.281297	0.458859	0.177563	0.85995	7.8645
989.0	0.218952	-0.0619493	0.280901	0.943159	4.57738
990.0	0.0241919	0.634022	0.60983	0.832421	8.73899
991.0	0.402704	0.837582	0.434878	0.802954	10.3546
992.0	0.224805	0.70479	0.479985	0.953075	4.09552
993.0	0.690216	1.12586	0.435648	0.788072	11.1185
994.0	0.271267	0.243008	0.0282586	0.744437	13.7926
995.0	0.644691	-0.149768	0.794459	0.843145	7.9838
996.0	0.234261	0.677712	0.443451	0.79318	10.8447
997.0	0.347015	0.560987	0.213972	0.688428	17.4254
998.0	0.688235	-0.29624	0.984475	0.796782	9.80883
999.0	0.319962	1.08675	0.766784	0.753284	12.5715
1000.0	0.467121	0.501857	0.0347367	0.775874	11.9878
1001.0	0.309087	0.648984	0.339897	0.692252	17.0597
1002.0	0.506932	0.00829296	0.498639	0.887547	6.49845
1003.0	0.153768	-0.0230738	0.176842	0.828982	9.26092
1004.0	0.56595	0.276917	0.289034	0.802477	10.4956
1005.0	0.552799	0.0172465	0.535553	0.76527	12.2434
1006.0	0.160056	0.0888181	0.0712384	0.771906	12.2017
1007.0	0.270021	0.53605	0.266029	0.847674	8.36315
1008.0	0.67594	0.620082	0.0558579	0.757656	13.0101
1009.0	0.157276	0.428479	0.271203	0.829305	9.20052
1010.0	0.23911	0.379877	0.140767	0.835108	8.98755
1011.0	0.192371	0.378934	0.186563	0.785961	11.4056
1012.0	0.69874	1.13331	0.434569	0.694348	16.8154
1013.0	0.286322	-0.174849	0.461171	0.66249	19.1509
1014.0	0.69946	1.1329	0.433438	0.824085	9.32423
1015.0	0.652275	0.540326	0.111949	0.88585	6.80023
1016.0	0.278152	-0.010706	0.288858	0.900786	6.13804
1017.0	0.591812	0.520228	0.0715845	0.860938	7.84893
1018.0	0.629891	0.703828	0.0739368	0.923068	5.36896
1019.0	0.545219	0.587711	0.0424919	0.844483	8.57847
1020.0	0.246876	0.718613	0.471737	0.854772	7.89305
1021.0	0.242407	-0.402448	0.644854	0.845106	8.11908
1022.0	0.0529619	0.316722	0.26376	0.742301	13.838
1023.0	0.365376	0.822526	0.457151	0.783262	11.351
1024.0	0.553546	0.780192	0.226646	0.590124	25.9257
1025.0	0.356981	0.187853	0.169128	0.869277	7.469
1026.0	0.425352	0.332926	0.0924262	0.849147	8.36238
1027.0	0.0692289	0.562688	0.49346	0.763101	12.4158
1028.0	0.48453	-0.0124892	0.497019	0.809634	9.9585
1029.0	0.6777	0.901594	0.223894	0.865788	7.59503
1030.0	0.442942	0.747578	0.304637	0.741851	13.8371
1031.0	0.083701	0.359579	0.275878	0.871592	7.32358
1032.0	0.407294	-0.0253995	0.432694	0.823744	9.34111
1033.0	0.495369	0.114	0.381369	0.725351	14.7963
1034.0	0.177209	0.325108	0.147898	0.820874	9.65644
1035.0	0.518856	0.229621	0.289234	0.854786	8.03549
1036.0	0.588313	-0.25213	0.840443	0.824839	8.73743
1037.0	0.257007	-0.0817223	0.33873	0.775023	11.9032
1038.0	0.275611	0.291647	0.0160365	0.805133	10.454
1039.0	0.548307	0.308201	0.240106	0.867233	7.52598
1040.0	0.0844444	-0.194324	0.278769	0.768386	12.3128
1041.0	0.411594	0.603995	0.192402	0.741227	13.9427
1042.0	0.485346	-0.00617246	0.491518	0.779094	11.5369
1043.0	0.523822	0.529955	0.00613324	0.712395	15.8233
1044.0	0.52812	0.899497	0.371378	0.727275	14.6835
1045.0	0.373544	0.396245	0.0227017	0.864769	7.68908
1046.0	0.470157	-0.455762	0.92592	0.748707	12.5194
1047.0	0.275467	1.31266	1.0372	0.756118	11.8433
1048.0	0.644391	0.928043	0.283652	0.81802	9.73055
1049.0	0.476463	-0.315516	0.79198	0.723793	14.2995
1050.0	0.246947	0.73675	0.489803	0.798832	10.5068
1051.0	0.246265	0.922144	0.675879	0.79225	10.6023
1052.0	0.581237	0.508995	0.0722418	0.794749	10.9784
1053.0	0.307457	-0.407521	0.714979	0.744279	13.1881
1054.0	0.133199	-0.323377	0.456576	0.851662	8.04365
1055.0	0.618268	1.05575	0.437484	0.74467	13.5483
1056.0	0.587307	0.461502	0.125805	0.820643	9.67409
1057.0	0.40473	0.71282	0.30809	0.78843	11.207
1058.0	0.660068	-0.0488632	0.708931	0.896264	5.90739
1059.0	0.400816	0.711563	0.310747	0.709021	15.9258
1060.0	0.622572	0.347822	0.27475	0.855179	8.02672
1061.0	0.237848	-0.153646	0.391493	0.775988	11.8062
1062.0	0.311598	-0.377743	0.689342	0.732219	13.9604
1063.0	0.460968	0.851097	0.390128	0.922416	5.254
1064.0	0.371192	0.353726	0.0174656	0.825667	9.45071
1065.0	0.359982	1.22301	0.863025	0.805215	9.63457
1066.0	0.562802	0.0421772	0.520625	0.707602	15.7983
1067.0	0.191263	0.739933	0.548669	0.740546	13.6637
1068.0	0.154814	0.61098	0.456166	0.746158	13.4395
1069.0	0.161847	0.776457	0.614609	0.818253	9.39822
1070.0	0.291113	0.595699	0.304585	0.668833	18.8224
1071.0	0.279999	0.962681	0.682682	0.770776	11.7314
1072.0	0.516204	1.16657	0.650364	0.742548	13.3967
1073.0	0.481901	0.74708	0.265179	0.735429	14.2571
1074.0	0.254777	-0.792371	1.04715	0.756378	11.8048
1075.0	0.679908	0.647433	0.0324747	0.924024	5.33791
1076.0	0.0392216	0.627373	0.588151	0.924523	4.99456
1077.0	0.434533	0.388937	0.0455954	0.866633	7.60801
1078.0	0.00746741	-0.50925	0.516718	0.786001	11.1403
1079.0	0.638958	1.82907	1.19012	0.861695	6.40046
1080.0	0.0147077	-0.815747	0.830455	0.897646	5.67397
1081.0	0.0962355	0.431734	0.335499	0.841831	8.58206
1082.0	0.553087	0.220822	0.332265	0.813264	9.9294
1083.0	0.133633	0.262907	0.129274	0.864096	7.70132
1084.0	0.349263	0.529645	0.180382	0.761611	12.7481
1085.0	0.301433	1.04852	0.747085	0.849238	7.79029
1086.0	0.632576	-0.196261	0.828837	0.824655	8.76645
1087.0	0.461729	0.437718	0.0240106	0.757782	13.0058
1088.0	0.117131	-0.21361	0.330741	0.736821	14.1235
1089.0	0.691438	0.860073	0.168635	0.888607	6.6733
1090.0	0.429031	0.486112	0.0570805	0.79151	11.1491
1091.0	0.0179979	-0.40437	0.422368	0.835206	8.81502
1092.0	0.0748556	0.986282	0.911427	0.778969	10.877
1093.0	0.529127	-0.199404	0.728531	0.749411	12.8632
1094.0	0.698357	0.164809	0.533548	0.823598	9.24356
1095.0	0.306917	0.985182	0.678265	0.792049	10.609
1096.0	0.172228	0.378383	0.206155	0.890995	6.5638
1097.0	0.350528	0.656741	0.306213	0.89662	6.29078
1098.0	0.0676839	-0.285146	0.35283	0.726513	14.7485
1099.0	0.0480841	0.57262	0.524536	0.775314	11.7029
1100.0	0.00607012	-0.454102	0.460172	0.749772	13.2213
1101.0	0.322985	-0.538214	0.861199	0.837509	8.12129
1102.0	0.110498	0.415101	0.304603	0.708957	15.935
1103.0	0.502269	0.238512	0.263757	0.83589	8.89871
1104.0	0.0149481	0.16477	0.149822	0.753244	13.2437
1105.0	0.226979	0.369404	0.142426	0.670684	18.7793
1106.0	0.285641	1.29205	1.00641	0.927336	4.27601
1107.0	0.547006	-0.242838	0.789844	0.716504	14.7684
1108.0	0.430217	0.527951	0.0977342	0.933081	5.00013
1109.0	0.378108	1.0825	0.704394	0.772384	11.6091
1110.0	0.108474	0.195116	0.0866428	0.862638	7.77325
1111.0	0.172811	-0.168294	0.341105	0.776397	11.8264
1112.0	0.467723	0.384877	0.0828453	0.757581	13.01
1113.0	0.118175	0.750451	0.632276	0.814089	9.57499
1114.0	0.128449	-0.554622	0.683071	0.767661	11.9022
1115.0	0.446466	0.616625	0.170159	0.924493	5.29424
1116.0	0.0815171	-0.463222	0.544739	0.89572	6.12809
1117.0	0.0621575	0.221814	0.159657	0.877854	7.11412
1118.0	0.63133	0.612556	0.0187741	0.832328	9.13733
1119.0	0.589598	-0.316274	0.905871	0.683752	16.7421
1120.0	0.66785	0.315918	0.351932	0.800728	10.5394
1121.0	0.0753256	0.777656	0.702331	0.738244	13.5708
1122.0	0.414469	1.01334	0.598867	0.846983	8.09498
1123.0	0.0519355	0.689998	0.638063	0.841706	8.27998
1124.0	0.393455	0.514699	0.121243	0.787193	11.3632
1125.0	0.177034	0.153381	0.0236534	0.866497	7.61532
1126.0	0.0529251	-0.489924	0.542849	0.793512	10.718
1127.0	0.476675	1.08539	0.608715	0.709207	15.5645
1128.0	0.676092	0.703678	0.0275856	0.89404	6.48379
1129.0	0.327713	0.0520365	0.275676	0.874164	7.2163
1130.0	0.517957	0.873655	0.355697	0.862505	7.65731
1131.0	0.121912	-0.525475	0.647387	0.77791	11.3982
1132.0	0.652807	1.51888	0.866076	0.867701	6.8103
1133.0	0.121217	-0.367501	0.488718	0.956906	3.95777
1134.0	0.490531	0.7141	0.223569	0.740476	13.9725
1135.0	0.333871	-1.05372	1.38759	0.795412	8.85062
1136.0	0.0549644	0.471121	0.416156	0.819337	9.56665
1137.0	0.0632009	0.661431	0.59823	0.786285	11.0229
1138.0	0.202344	0.634194	0.431849	0.788363	11.107
1139.0	0.244608	-0.59197	0.836578	0.827612	8.61566
1140.0	0.288964	0.764863	0.475899	0.77571	11.7372
1141.0	0.10708	0.241154	0.134074	0.692013	17.2051
1142.0	0.305647	-0.27053	0.576178	0.767966	12.0408
1143.0	0.522697	0.0870338	0.435663	0.786746	11.1883
1144.0	0.672079	0.640141	0.031938	0.840707	8.75046
1145.0	0.467069	0.50311	0.0360414	0.740795	14.0125
1146.0	0.0823501	-0.326474	0.408824	0.82495	9.3055
1147.0	0.403337	0.733119	0.329782	0.851537	8.1523
1148.0	0.0361831	0.639083	0.6029	0.692886	16.6904
1149.0	0.678886	0.0285169	0.65037	0.779713	11.2973
1150.0	0.235974	0.694241	0.458268	0.76398	12.4055
1151.0	0.423634	0.410261	0.0133728	0.891251	6.59537
1152.0	0.616465	0.0307103	0.585755	0.846138	8.14853
1153.0	0.15059	0.256521	0.105931	0.86031	7.86979
1154.0	0.324595	0.588662	0.264068	0.83499	8.94003
1155.0	0.369273	0.446438	0.0771648	0.755731	13.1183
1156.0	0.315466	1.52042	1.20495	0.835035	7.50328
1157.0	0.113843	0.348621	0.234778	0.951419	4.3122
1158.0	0.326528	0.416493	0.0899651	0.804706	10.4668
1159.0	0.276988	-0.393582	0.67057	0.818264	9.32045
1160.0	0.207152	0.225891	0.0187391	0.776437	11.9579
1161.0	0.424581	0.615668	0.191087	0.725539	14.9199
1162.0	0.197123	-0.135553	0.332675	0.711211	15.7612
1163.0	0.194436	-0.231305	0.425741	0.772494	11.9651
1164.0	0.356833	0.944887	0.588054	0.7785	11.45
1165.0	0.251043	0.601464	0.350421	0.887442	6.62676
1166.0	0.599879	0.0932015	0.506678	0.798226	10.5189
1167.0	0.134271	0.298442	0.16417	0.866682	7.5806
1168.0	0.0685698	-0.280141	0.34871	0.827359	9.24057
1169.0	0.682177	0.339802	0.342375	0.737756	14.0566
1170.0	0.699729	0.580434	0.119295	0.884181	6.86623
1171.0	0.602396	1.02225	0.419858	0.832077	8.96179
1172.0	0.350555	0.0343679	0.316187	0.723933	14.9434
1173.0	0.223037	0.00623296	0.216804	0.802616	10.5291
1174.0	0.0797972	0.11613	0.0363329	0.868329	7.5368
1175.0	0.429708	-0.248842	0.678551	0.740624	13.467
1176.0	0.489462	1.06678	0.577321	0.720519	14.8714
1177.0	0.479737	-0.252695	0.732431	0.880829	6.48497
1178.0	0.148043	-0.175205	0.323248	0.877354	7.05554
1179.0	0.503982	0.851335	0.347353	0.785265	11.3449
1180.0	0.0318345	-0.0105709	0.0424054	0.84019	8.77324
1181.0	0.476251	0.460392	0.0158592	0.807476	10.3366
1182.0	0.269307	1.05659	0.787284	0.862602	7.15366
1183.0	0.599612	0.298798	0.300814	0.850915	8.19872
1184.0	0.0985831	0.0575718	0.0410113	0.83296	9.10647
1185.0	0.454236	0.0668498	0.387387	0.870527	7.29354
1186.0	0.374458	0.436189	0.0617309	0.853836	8.15974
1187.0	0.413379	1.13274	0.719366	0.765453	11.9657
1188.0	0.237667	0.739558	0.50189	0.803281	10.269
1189.0	0.50303	0.760314	0.257284	0.864954	7.61416
1190.0	0.43314	0.445444	0.0123042	0.932921	5.0147
1191.0	0.0922327	0.162921	0.0706888	0.756167	13.0941
1192.0	0.0114906	0.155623	0.144133	0.875953	7.19754
1193.0	0.212216	0.0470191	0.165197	0.73592	14.2796
1194.0	0.358752	0.0695326	0.28922	0.757586	12.9186
1195.0	0.297786	0.531286	0.2335	0.794137	10.9547
1196.0	0.279216	0.575913	0.296697	0.886645	6.69323
1197.0	0.502682	0.749619	0.246937	0.884985	6.78711
1198.0	0.333329	0.254431	0.0788975	0.833694	9.0675
1199.0	0.354914	0.880658	0.525744	0.879696	6.78802
1200.0	0.0569829	0.389933	0.33295	0.798262	10.6793
1201.0	0.0732034	-0.376351	0.449555	0.818105	9.59468
1202.0	0.17694	0.244542	0.0676017	0.812559	10.0798
1203.0	0.0507724	0.0558989	0.00512651	0.824985	9.48346
1204.0	0.493728	0.293909	0.199819	0.823291	9.52114
1205.0	0.418112	0.754893	0.336781	0.761638	12.6514
1206.0	0.106928	-0.483037	0.589965	0.793738	10.6468
1207.0	0.367732	1.10476	0.737026	0.658948	18.9741
1208.0	0.0322333	0.494851	0.462618	0.795141	10.7242
1209.0	0.608027	-0.264221	0.872248	0.782588	10.7648
1210.0	0.692058	0.727774	0.035716	0.777251	11.9124
1211.0	0.413206	-0.109433	0.522639	0.863649	7.45931
1212.0	0.500362	0.868991	0.368629	0.759227	12.7625
1213.0	0.0782377	0.207794	0.129557	0.79474	10.9658
1214.0	0.505924	0.061419	0.444505	0.774212	11.8521
1215.0	0.288274	0.981365	0.693091	0.694918	16.3965
1216.0	0.44902	0.491055	0.0420352	0.930433	5.10313
1217.0	0.370765	0.538512	0.167746	0.804329	10.4636
1218.0	0.0972048	0.965792	0.868587	0.748978	12.6245
1219.0	0.14236	-0.641504	0.783864	0.834177	8.40414
1220.0	0.506555	-0.269567	0.776123	0.766439	11.8133
1221.0	0.547038	0.363406	0.183632	0.784673	11.4753
1222.0	0.0526577	-0.714589	0.767246	0.793312	10.4015
1223.0	0.428369	0.232674	0.195696	0.75817	12.9387
1224.0	0.332036	0.58802	0.255983	0.865319	7.5993
1225.0	0.245888	1.19876	0.952875	0.707635	14.9921
1226.0	0.421571	-0.734178	1.15575	0.729405	13.0962
1227.0	0.112749	-0.0857177	0.198467	0.841938	8.65409
1228.0	0.0472904	-0.124666	0.171957	0.79562	10.906
1229.0	0.448465	0.754114	0.305649	0.862853	7.67618
1230.0	0.339248	0.132373	0.206876	0.787135	11.3343
1231.0	0.580052	0.447595	0.132457	0.817782	9.8104
1232.0	0.158655	-0.811762	0.970418	0.789798	10.1915
1233.0	0.36868	0.438021	0.0693406	0.781169	11.6961
1234.0	0.439539	0.263388	0.176151	0.771017	12.2208
1235.0	0.0307256	-0.0830742	0.1138	0.984318	3.25892
1236.0	0.489373	1.06905	0.57968	0.829047	8.93315
1237.0	0.588471	0.897437	0.308966	0.732053	14.4358
1238.0	0.543783	0.452023	0.0917591	0.820786	9.67522
1239.0	0.068881	1.21637	1.14749	0.829473	7.88972
1240.0	0.157681	1.01106	0.853375	0.919606	4.81615
1241.0	0.227981	-0.0531976	0.281178	0.906587	5.91831
1242.0	0.65518	0.400573	0.254607	0.851588	8.19559
1243.0	0.119248	-0.161564	0.280812	0.889018	6.60698
1244.0	0.126862	-0.0110178	0.13788	0.780155	11.7345
1245.0	0.594705	-0.145882	0.740587	0.839414	8.23598
1246.0	0.582847	0.898006	0.31516	0.847178	8.35554
1247.0	0.309293	0.0582485	0.251044	0.690532	17.2514
1248.0	0.366741	0.54554	0.178798	0.756349	13.0515
1249.0	0.243494	0.137528	0.105966	0.821788	9.62406
1250.0	0.0858003	1.47824	1.39244	0.625087	19.812
1251.0	0.272688	0.636368	0.36368	0.846995	8.32939
1252.0	0.393448	-0.399853	0.7933	0.761874	12.036
1253.0	0.00180444	0.435386	0.433582	0.879497	6.88409
1254.0	0.606772	-0.167508	0.774279	0.785618	10.7867
1255.0	0.422668	1.56931	1.14664	0.708403	14.4371
1256.0	0.600138	-0.541622	1.14176	0.785234	10.0275
1257.0	0.455882	-0.0480176	0.503899	0.74077	13.7072
1258.0	0.565044	0.635301	0.0702562	0.778813	11.8233
1259.0	0.0946568	0.849277	0.754621	0.873036	6.76961
1260.0	0.100445	0.33908	0.238635	0.893968	6.43144
1261.0	0.263034	1.01611	0.753076	0.787867	10.7058
1262.0	0.342683	0.650875	0.308192	0.796222	10.8017
1263.0	0.146492	-0.361531	0.508024	0.820595	9.41487
1264.0	0.379669	0.21931	0.160359	0.865245	7.64304
1265.0	0.215499	0.135617	0.0798813	0.905634	6.02526
1266.0	0.134956	-0.590442	0.725398	0.821272	9.09569
1267.0	0.400577	0.589878	0.1893	0.741522	13.9262
1268.0	0.382293	0.595791	0.213498	0.802382	10.5425
1269.0	0.594464	-0.277157	0.871621	0.823417	8.7474
1270.0	0.0299408	0.161379	0.131438	0.882181	6.94465
1271.0	0.501834	0.0130857	0.488748	0.815075	9.70137
1272.0	0.231631	-0.850501	1.08213	0.790849	9.88703
1273.0	0.693276	0.391102	0.302173	0.768313	12.3011
1274.0	0.561693	0.824636	0.262942	0.79462	10.9132
1275.0	0.1172	0.432714	0.315514	0.856434	7.94716
1276.0	0.201737	-0.150554	0.352292	0.738571	13.9983
1277.0	0.114016	-0.143468	0.257484	0.83433	8.9742
1278.0	0.536114	1.39389	0.857781	0.806005	9.60557
1279.0	0.29803	-0.439349	0.737379	0.893298	5.98306
1280.0	0.55511	-0.137258	0.692368	0.764205	12.0794
1281.0	0.699327	0.712148	0.0128208	0.796095	10.9145
1282.0	0.33525	1.20573	0.870476	0.867491	6.81143
1283.0	0.273413	0.529629	0.256216	0.871534	7.33656
1284.0	0.0625257	-0.398611	0.461136	0.880267	6.8281
1285.0	0.398048	-0.156306	0.554353	0.792678	10.7469
1286.0	0.28193	0.268959	0.0129711	0.788949	11.287
1287.0	0.528745	0.815986	0.287241	0.890094	6.56033
1288.0	0.382638	0.538563	0.155925	0.83688	8.90108
1289.0	0.314705	0.299524	0.0151808	0.833008	9.1058
1290.0	0.397719	0.984898	0.587179	0.840756	8.38764
1291.0	0.247326	-0.2947	0.542026	0.842178	8.37678
1292.0	0.0756936	0.949211	0.873518	0.6739	17.5352
1293.0	0.446662	0.520091	0.0734292	0.842652	8.65747
1294.0	0.124509	-0.149337	0.273846	0.940523	4.67376
1295.0	0.571782	1.72841	1.15663	0.698138	15.0851
1296.0	0.162685	0.836063	0.673377	0.781773	11.1532
1297.0	0.120129	0.346369	0.22624	0.869138	7.45198
1298.0	0.578214	0.625395	0.0471806	0.90288	6.13575
1299.0	0.519126	0.758814	0.239688	0.882455	6.8934
1300.0	0.115685	-0.140744	0.256429	0.733714	14.369
1301.0	0.0437592	0.801912	0.758153	0.735459	13.6413
1302.0	0.00819879	-0.629419	0.637618	0.776634	11.4811
1303.0	0.547298	0.582633	0.0353348	0.566923	28.5399
1304.0	0.479956	0.713963	0.234006	0.721181	15.1771
1305.0	0.550305	0.0363282	0.513977	0.779288	11.5007
1306.0	0.481478	0.68853	0.207052	0.778299	11.8076
1307.0	0.276047	0.310633	0.0345856	0.78805	11.3332
1308.0	0.371875	0.580636	0.208761	0.729485	14.6609
1309.0	0.250698	1.01953	0.768827	0.728908	14.0239
1310.0	0.392475	0.68915	0.296675	0.741054	13.8912
1311.0	0.69561	0.109916	0.585695	0.780314	11.3559
1312.0	0.278145	0.339164	0.0610191	0.785566	11.462
1313.0	0.452316	1.32765	0.875336	0.8548	7.33771
1314.0	0.543218	0.469954	0.0732638	0.818881	9.77042
1315.0	0.415247	0.939058	0.523811	0.827316	9.07948
1316.0	0.141048	0.224679	0.0836317	0.730892	14.6177
1317.0	0.327727	0.324741	0.00298568	0.850942	8.29151
1318.0	0.277988	0.280461	0.00247297	0.764102	12.6448
1319.0	0.656645	-0.414457	1.0711	0.866681	6.45974
1320.0	0.360723	-0.39994	0.760663	0.806983	9.7279
1321.0	0.179324	0.906447	0.727123	0.72904	14.0919
1322.0	0.614439	1.07902	0.464581	0.752896	13.0335
1323.0	0.630881	0.994624	0.363743	0.817754	9.68717
1324.0	0.574178	0.358303	0.215875	0.781506	11.6301
1325.0	0.0749305	-1.00288	1.07781	0.781492	10.3764
1326.0	0.0626502	1.02994	0.967288	0.744506	12.6716
1327.0	0.315741	0.850799	0.535058	0.877285	6.87677
1328.0	0.329233	0.898251	0.569018	0.915319	5.35415
1329.0	0.00186767	0.530327	0.528459	0.838946	8.53798
1330.0	0.596105	0.557232	0.0388735	0.808871	10.2657
1331.0	0.684865	0.896284	0.211418	0.858512	7.91324
1332.0	0.666737	-0.322755	0.989493	0.801954	9.54168
1333.0	0.673127	1.17794	0.504816	0.837287	8.63914
1334.0	0.199512	-0.263817	0.463329	0.686378	17.3496
1335.0	0.699248	0.251472	0.447776	0.898435	6.11567
1336.0	0.485293	0.844843	0.35955	0.799779	10.5816
1337.0	0.143496	-0.255944	0.39944	0.95113	4.22664
1338.0	0.249104	-0.0146129	0.263717	0.785167	11.4082
1339.0	0.240563	-0.0893852	0.329948	0.802843	10.449
1340.0	0.18374	0.304017	0.120278	0.92685	5.22157
1341.0	0.439418	0.128423	0.310995	0.746946	13.5265
1342.0	0.689028	0.783493	0.0944655	0.673673	18.5667
1343.0	0.118767	0.164206	0.0454389	0.736808	14.2557
1344.0	0.33583	-0.105494	0.441325	0.76879	12.1541
1345.0	0.542101	0.843165	0.301063	0.774972	11.9338
1346.0	0.4387	0.099594	0.339106	0.815982	9.79184
1347.0	0.390668	0.315048	0.0756195	0.835037	9.0058
1348.0	0.143824	0.701958	0.558135	0.852777	7.88862
1349.0	0.449649	0.22236	0.227289	0.848983	8.32477
1350.0	0.503714	-0.19732	0.701035	0.836123	8.44411
1351.0	0.360157	0.634397	0.27424	0.777335	11.8227
1352.0	0.678632	2.00861	1.32997	0.834891	7.18925
1353.0	0.364594	0.387051	0.0224569	0.688968	17.4465
1354.0	0.453645	0.709105	0.25546	0.711483	15.8009
1355.0	0.468384	-0.0108296	0.479214	0.721769	14.9204
1356.0	0.686529	0.619695	0.0668343	0.763453	12.6764
1357.0	0.355201	1.21327	0.858073	0.758677	12.0915
1358.0	0.624086	1.06524	0.441149	0.819195	9.55032
1359.0	0.204387	0.47354	0.269153	0.954145	4.20283
1360.0	0.670441	0.676514	0.00607254	0.883869	6.89305
1361.0	0.346508	0.20721	0.139297	0.772924	12.1288
1362.0	0.637993	0.174573	0.46342	0.907879	5.73824
1363.0	0.364425	0.89959	0.535164	0.788634	10.9803
1364.0	0.693794	1.13331	0.439518	0.784105	11.3242
1365.0	0.0136613	-0.0433429	0.0570042	0.906545	5.99325
1366.0	0.205869	0.26416	0.0582903	0.773316	12.1257
1367.0	0.489817	0.255556	0.234262	0.895084	6.38936
1368.0	0.0966093	1.87057	1.77397	0.673	14.5436
1369.0	0.533257	0.793686	0.260429	0.624712	22.5443
1370.0	0.488486	0.640304	0.151818	0.809193	10.2259
1371.0	0.347073	-0.452777	0.79985	0.809391	9.54393
1372.0	0.533452	0.866848	0.333396	0.895187	6.33014
1373.0	0.511158	0.507475	0.00368272	0.920667	5.463
1374.0	0.250498	0.573999	0.3235	0.765493	12.4435
1375.0	0.602035	1.18182	0.579786	0.813633	9.66594
1376.0	0.040473	-0.414481	0.454954	0.769264	12.1136
1377.0	0.185554	-0.0747188	0.260273	0.839248	8.74666
1378.0	0.60008	1.62453	1.02445	0.777397	10.7152
1379.0	0.112864	0.427229	0.314365	0.881594	6.88727
1380.0	0.0987068	-0.0732691	0.171976	0.843923	8.57459
1381.0	0.103964	-0.0514442	0.155408	0.752462	13.2875
1382.0	0.0501743	0.781569	0.731395	0.79067	10.5967
1383.0	0.0606538	-0.018234	0.0788879	0.831196	9.1839
1384.0	0.156077	0.614523	0.458446	0.8529	7.98755
1385.0	0.498967	-0.077716	0.576683	0.716115	15.1573
1386.0	0.571029	-0.455849	1.02688	0.71162	14.5501
1387.0	0.474237	0.144015	0.330222	0.832023	9.03575
1388.0	0.00243187	-0.537017	0.539449	0.869355	7.20059
1389.0	0.138785	0.121883	0.016902	0.792211	11.1158
1390.0	0.597139	0.732853	0.135714	0.788846	11.2717
1391.0	0.663982	0.571935	0.092047	0.842726	8.65089
1392.0	0.250455	0.369131	0.118676	0.769445	12.3279
1393.0	0.137336	0.500175	0.362838	0.816012	9.77228
1394.0	0.553375	1.09123	0.537855	0.689405	17.0339
1395.0	0.285768	0.604546	0.318779	0.856041	7.96214
1396.0	0.192119	-0.406894	0.599013	0.736321	13.8503
1397.0	0.0782105	-0.867963	0.946174	0.868729	6.62398
1398.0	0.38403	0.3459	0.0381299	0.785324	11.4775
1399.0	0.347185	2.23959	1.8924	0.779018	7.91971
1400.0	0.552354	0.0976656	0.454689	0.668751	18.6729
1401.0	0.486154	0.0903463	0.395808	0.859189	7.76904
1402.0	0.140006	-0.0023081	0.142314	0.933509	4.9747
1403.0	0.471653	0.542532	0.0708783	0.823713	9.53866
1404.0	0.558069	0.0241265	0.533943	0.738253	13.822
1405.0	0.668228	1.08706	0.418831	0.82025	9.52043
1406.0	0.0928871	-0.316518	0.409406	0.869043	7.33811
1407.0	0.0455509	0.0808993	0.0353484	0.858023	7.97924
1408.0	0.420725	0.698449	0.277724	0.766951	12.3938
1409.0	0.635751	0.705858	0.0701076	0.837756	8.88133
1410.0	0.30238	0.618016	0.315635	0.703915	16.2679
1411.0	0.690308	0.672542	0.0177668	0.881035	7.00848
1412.0	0.576319	0.0312777	0.545041	0.758212	12.6307
1413.0	0.315679	0.638682	0.323003	0.749026	13.3939
1414.0	0.325063	1.18216	0.857099	0.770013	11.4659
1415.0	0.373376	1.12556	0.752185	0.73652	13.5878
1416.0	0.377215	1.11418	0.736968	0.762383	12.1073
1417.0	0.223878	0.140351	0.0835266	0.788459	11.3051
1418.0	0.679182	0.98067	0.301488	0.713954	15.6042
1419.0	0.409479	0.997377	0.587898	0.863887	7.37576
1420.0	0.124097	0.0998213	0.0242759	0.733352	14.4718
1421.0	0.0919039	0.0136514	0.0782525	0.787507	11.3563
1422.0	0.509285	0.495066	0.0142192	0.910747	5.83558
1423.0	0.536349	0.823908	0.287559	0.870082	7.38031
1424.0	0.630054	0.502292	0.127762	0.847855	8.41189
1425.0	0.140489	0.191555	0.0510658	0.711477	15.8813
1426.0	0.128741	-0.298685	0.427426	0.839336	8.62164
1427.0	0.415271	0.548428	0.133157	0.878744	7.08518
1428.0	0.202169	0.128236	0.0739323	0.857534	7.99616
1429.0	0.489499	0.237779	0.25172	0.765745	12.4776
1430.0	0.0250061	-0.0302244	0.0552306	0.848338	8.40419
1431.0	0.631946	-0.428891	1.06084	0.772788	10.8747
1432.0	0.124083	-0.473316	0.597399	0.807085	9.96432
1433.0	0.685721	-0.903739	1.58946	0.735767	11.3375
1434.0	0.397496	0.310939	0.0865569	0.725941	14.9305
1435.0	0.197958	-0.578717	0.776675	0.739098	13.3871
1436.0	0.631427	0.796291	0.164864	0.869985	7.4406
1437.0	0.241403	0.122085	0.119318	0.813613	10.0174
1438.0	0.0715293	0.440935	0.369406	0.826854	9.24846
1439.0	0.644409	0.242499	0.40191	0.788356	11.1355
1440.0	0.489468	0.490635	0.00116714	0.703695	16.4116
1441.0	0.507435	0.584936	0.0775006	0.808086	10.2998
1442.0	0.533443	0.0379505	0.495492	0.904207	5.84893
1443.0	0.566844	-0.160124	0.726969	0.712765	15.1304
1444.0	0.119654	-0.0553901	0.175044	0.836157	8.92763
1445.0	0.435593	1.20013	0.764539	0.846716	7.87391
1446.0	0.673654	-0.388632	1.06229	0.845467	7.37403
1447.0	0.189846	-0.0361314	0.225978	0.744062	13.7542
1448.0	0.69965	0.145954	0.553696	0.803156	10.215
1449.0	0.390158	1.22357	0.833411	0.728035	13.952
1450.0	0.336338	-0.177621	0.513959	0.89468	6.20059
1451.0	0.40872	0.35553	0.0531896	0.907515	5.95644
1452.0	0.39462	-0.358948	0.753568	0.867016	7.02056
1453.0	0.221898	0.52349	0.301592	0.834491	8.94058
1454.0	0.238662	0.097305	0.141357	0.706941	16.1645
1455.0	0.0732483	0.133943	0.0606951	0.7587	12.9492
1456.0	0.591266	0.171336	0.419929	0.695707	16.7363
1457.0	0.667735	-0.331985	0.99972	0.865937	6.6361
1458.0	0.45956	0.259105	0.200455	0.885136	6.80168
1459.0	0.484818	0.00425095	0.480567	0.885358	6.60371
1460.0	0.383686	0.553158	0.169472	0.906206	5.98164
1461.0	0.386542	0.842223	0.45568	0.73866	13.8913
1462.0	0.123478	0.405401	0.281923	0.763828	12.567
1463.0	0.511596	0.65465	0.143054	0.673348	18.5757
1464.0	0.157403	-0.353733	0.511136	0.855219	7.8338
1465.0	0.255799	0.452533	0.196734	0.784179	11.496
1466.0	0.68043	0.363521	0.316909	0.841489	8.61028
1467.0	0.258036	0.424481	0.166445	0.798643	10.7527
1468.0	0.264171	0.496995	0.232824	0.828798	9.245
1469.0	0.555623	0.602462	0.046839	0.74753	13.6056
1470.0	0.432499	0.933279	0.50078	0.854179	7.88988
1471.0	0.359292	0.552416	0.193125	0.724959	14.956
1472.0	0.615913	1.00253	0.386621	0.799422	10.5772
1473.0	0.206847	0.279173	0.072325	0.83534	8.99233
1474.0	0.0122993	-0.629064	0.641363	0.738021	13.6832
1475.0	0.121808	0.396909	0.275101	0.908035	5.86618
1476.0	0.155754	0.300735	0.144981	0.833739	9.04967
1477.0	0.303792	0.21831	0.0854825	0.841434	8.71073
1478.0	0.153213	0.454869	0.301656	0.889269	6.58494
1479.0	0.239736	0.667306	0.42757	0.943526	4.46867
1480.0	0.0620288	0.255576	0.193548	0.736371	14.2393
1481.0	0.476734	1.14474	0.66801	0.721306	14.6806
1482.0	0.465875	1.35554	0.88966	0.910669	5.0853
1483.0	0.417094	0.939008	0.521914	0.793521	10.7424
1484.0	0.183957	0.870989	0.687032	0.819702	9.22797
1485.0	0.535419	0.102208	0.433211	0.765768	12.3311
1486.0	0.567404	0.222675	0.344729	0.782241	11.5081
1487.0	0.458782	0.47259	0.0138081	0.79343	11.0524
1488.0	0.0640576	1.3585	1.29444	0.762883	10.7901
1489.0	0.0480495	-1.49233	1.54038	0.684949	14.6844
1490.0	0.0230432	-0.284432	0.307476	0.751039	13.2869
1491.0	0.537411	0.772569	0.235158	0.874216	7.23497
1492.0	0.0760592	0.659813	0.583754	0.626909	21.944
1493.0	0.359945	1.15219	0.792248	0.768759	11.6566
1494.0	0.105266	0.334767	0.229501	0.748227	13.5033
1495.0	0.285944	-0.482153	0.768097	0.745208	13.0394
1496.0	0.0101494	0.573923	0.563774	0.68418	17.3721
1497.0	0.363588	0.40127	0.0376822	0.789098	11.2777
1498.0	0.630624	0.834761	0.204138	0.899219	6.23984
1499.0	0.676183	0.414921	0.261261	0.831662	9.09599
1500.0	0.136499	1.33549	1.19899	0.810406	8.64521
1501.0	0.491588	0.510199	0.0186107	0.755559	13.135
1502.0	0.636303	0.0380386	0.598264	0.933706	4.65306
1503.0	0.651275	0.495161	0.156115	0.935795	4.88887
1504.0	0.0621242	-0.336147	0.398271	0.781669	11.4933
1505.0	0.405832	0.455231	0.0493995	0.77202	12.1984
1506.0	0.379266	0.991739	0.612474	0.796689	10.4658
1507.0	0.377559	1.67674	1.29918	0.827929	7.57946
1508.0	0.487921	0.634331	0.14641	0.861758	7.79683
1509.0	0.493201	1.04232	0.549114	0.735912	13.9449
1510.0	0.0764299	-0.642816	0.719246	0.802598	10.0116
1511.0	0.21765	-0.367868	0.585518	0.916632	5.28731
1512.0	0.645746	0.416913	0.228833	0.970337	3.67754
1513.0	0.161213	-0.433296	0.594509	0.777203	11.511
1514.0	0.57798	0.162254	0.415725	0.814985	9.77741
1515.0	0.569343	0.209308	0.360035	0.7702	12.1515
1516.0	0.376206	0.54746	0.171255	0.808104	10.2732
1517.0	0.0652776	1.86101	1.79574	0.648646	16.1987
1518.0	0.480452	0.570868	0.0904168	0.735183	14.3487
1519.0	0.365491	1.24116	0.875673	0.776211	11.0953
1520.0	0.361435	-0.260964	0.622398	0.783316	11.1461
1521.0	0.253585	0.189472	0.0641128	0.931659	5.05652
1522.0	0.594336	0.57396	0.0203757	0.812757	10.0746
1523.0	0.624893	0.694792	0.0698992	0.826107	9.42494
1524.0	0.127634	0.102003	0.0256318	0.749894	13.467
1525.0	0.0397814	-0.191755	0.231536	0.752058	13.276
1526.0	0.252899	0.41924	0.166341	0.774614	12.0262
1527.0	0.670195	0.596942	0.0732529	0.943293	4.64073
1528.0	0.670872	-0.0205455	0.691417	0.77473	11.5025
1529.0	0.0344009	-0.256484	0.290885	0.744246	13.7026
1530.0	0.21916	-0.609504	0.828664	0.834887	8.29662
1531.0	0.515421	-0.0909378	0.606359	0.726257	14.4637
1532.0	0.329189	1.35991	1.03072	0.791039	9.99606
1533.0	0.176801	0.854737	0.677936	0.701629	15.9613
1534.0	0.267394	1.24842	0.981025	0.747909	12.4425
1535.0	0.297777	-0.345621	0.643397	0.871187	7.00091
1536.0	0.138328	0.501176	0.362848	0.781546	11.5307
1537.0	0.646614	0.360062	0.286551	0.715143	15.5368
1538.0	0.417721	1.08702	0.669303	0.773055	11.6277
1539.0	0.330766	1.22352	0.892757	0.855981	7.25612
1540.0	0.686113	0.0666644	0.619449	0.775924	11.5456
1541.0	0.29638	0.0289824	0.267397	0.905382	5.9719
1542.0	0.309902	-0.0333481	0.34325	0.835611	8.86044
1543.0	0.193965	-0.00164589	0.19561	0.780723	11.6818
1544.0	0.695168	0.819	0.123832	0.747729	13.5779
1545.0	0.494147	0.287259	0.206888	0.781614	11.6286
1546.0	0.423962	0.42978	0.00581816	0.712567	15.8118
1547.0	0.0794195	-0.177884	0.257303	0.720212	15.2255
1548.0	0.663963	0.824554	0.160591	0.733994	14.4008
1549.0	0.0852933	0.699656	0.614362	0.724099	14.588
1550.0	0.108468	-0.133256	0.241724	0.893182	6.46112
1551.0	0.175315	0.0700572	0.105257	0.767292	12.4519
1552.0	0.351178	0.514865	0.163686	0.817802	9.79942
1553.0	0.420217	0.880352	0.460135	0.777446	11.6599
1554.0	0.176178	0.331421	0.155243	0.691021	17.2678
1555.0	0.0604067	-0.23153	0.291936	0.822422	9.51377
1556.0	0.0634867	0.384065	0.320578	0.834784	8.91453
1557.0	0.399938	0.489959	0.0900208	0.812616	10.0731
1558.0	0.0734557	-0.511145	0.584601	0.880706	6.68214
1559.0	0.0918076	-0.156875	0.248682	0.812231	10.0332
1560.0	0.321114	0.537852	0.216738	0.730116	14.617
1561.0	0.604839	1.74413	1.13929	0.759529	11.3991
1562.0	0.334475	-0.304776	0.639251	0.810834	9.72367
1563.0	0.616191	-0.168057	0.784248	0.838104	8.22579
1564.0	0.440614	-0.152905	0.593518	0.763942	12.2416
1565.0	0.608952	0.752316	0.143364	0.807522	10.3119
1566.0	0.677875	-0.305604	0.98348	0.81995	8.69073
1567.0	0.517809	-0.291028	0.808837	0.707423	15.3246
1568.0	0.0254166	0.0824982	0.0570816	0.897901	6.32901
1569.0	0.308191	-0.137442	0.445633	0.94683	4.33923
1570.0	0.084215	0.20591	0.121695	0.69096	17.2844
1571.0	0.534347	0.24516	0.289187	0.843075	8.55618
1572.0	0.536099	1.06935	0.533255	0.773794	11.7751
1573.0	0.309178	0.955898	0.646719	0.729696	14.1861
1574.0	0.420593	0.551209	0.130616	0.858468	7.94362
1575.0	0.072284	-0.0251423	0.0974262	0.763278	12.6804
1576.0	0.00077255	-0.341706	0.342479	0.746457	13.5309
1577.0	0.18963	0.376508	0.186878	0.802121	10.5676
1578.0	0.47898	0.421727	0.0572527	0.799645	10.7288
1579.0	0.470392	0.792788	0.322396	0.891515	6.48257
1580.0	0.641384	1.41651	0.775122	0.877251	6.56636
1581.0	0.660214	0.788652	0.128438	0.76204	12.7426
1582.0	0.464449	0.641596	0.177147	0.813387	10.0097
1583.0	0.349339	0.22698	0.122359	0.760929	12.8078
1584.0	0.36357	-0.0591115	0.422681	0.885815	6.63697
1585.0	0.643512	1.0431	0.399583	0.877486	6.99488
1586.0	0.51105	-0.137313	0.648362	0.845437	8.0997
1587.0	0.421278	-0.541894	0.963171	0.791896	10.1001
1588.0	0.136744	0.134608	0.00213544	0.794176	11.0139
1589.0	0.379878	1.39112	1.01125	0.721613	13.953
1590.0	0.524898	1.19154	0.666646	0.693591	16.5357
1591.0	0.472238	-0.576228	1.04847	0.758475	11.6844
1592.0	0.159359	-0.248479	0.407837	0.821872	9.45264
1593.0	0.519749	0.810836	0.291086	0.876524	7.10964
1594.0	0.476172	0.769288	0.293117	0.831121	9.10238
1595.0	0.641938	0.296024	0.345914	0.953047	4.19734
1596.0	0.391107	-0.163603	0.55471	0.848335	8.0878
1597.0	0.546813	0.471273	0.0755395	0.882639	6.93751
1598.0	0.493861	0.0186792	0.475181	0.905943	5.80144
1599.0	0.191883	0.131267	0.0606163	0.823583	9.5463
1600.0	0.430885	0.909681	0.478796	0.715135	15.3514
1601.0	0.241487	0.505254	0.263767	0.83197	9.08025
1602.0	0.64023	0.436414	0.203816	0.869921	7.42875
1603.0	0.14747	0.529811	0.38234	0.850045	8.17942
1604.0	0.237088	1.76084	1.52375	0.786031	8.89109
1605.0	0.164053	0.721013	0.55696	0.946826	4.2372
1606.0	0.46069	-0.0840839	0.544774	0.797544	10.5092
1607.0	0.417309	-0.254611	0.67192	0.825625	8.97037
1608.0	0.608008	0.927556	0.319547	0.747267	13.5009
1609.0	0.128062	0.434291	0.306229	0.883534	6.81337
1610.0	0.104647	-1.28415	1.3888	0.793481	8.94131
1611.0	0.30999	0.359523	0.0495335	0.805794	10.4184
1612.0	0.643306	-0.247473	0.890779	0.809655	9.36557
1613.0	0.343782	0.593905	0.250123	0.796571	10.82
1614.0	0.0542915	0.279069	0.224778	0.776915	11.874
1615.0	0.345786	0.275535	0.070251	0.880666	7.01898
1616.0	0.15044	-0.0499534	0.200394	0.892972	6.48743
1617.0	0.598729	0.35079	0.247939	0.743557	13.772
1618.0	0.110796	0.553367	0.442571	0.855845	7.87371
1619.0	0.302655	0.352203	0.0495473	0.931324	5.0702
1620.0	0.0228385	0.0757067	0.0528682	0.868321	7.53565
1621.0	0.360953	-0.116501	0.477455	0.733732	14.1688
1622.0	0.599119	0.754576	0.155458	0.777159	11.8911
1623.0	0.566291	-0.904316	1.47061	0.734294	11.8382
1624.0	0.52288	0.915424	0.392544	0.697212	16.6601
1625.0	0.366851	-0.193217	0.560068	0.882777	6.62604
1626.0	0.355744	-0.0861432	0.441887	0.764475	12.3948
1627.0	0.378714	-0.760011	1.13873	0.920299	4.2664
1628.0	0.249929	0.442176	0.192247	0.834889	8.97947
1629.0	0.122229	-0.909344	1.03157	0.780843	10.5182
1630.0	0.681587	0.456815	0.224772	0.838946	8.7786
1631.0	0.511501	1.48792	0.976415	0.736222	13.141
1632.0	0.16084	0.569935	0.409095	0.873169	7.1658
1633.0	0.560472	0.479927	0.0805457	0.792305	11.1039
1634.0	0.647385	1.22705	0.579667	0.813106	9.69173
1635.0	0.199777	0.878309	0.678532	0.841106	8.25151
1636.0	0.23229	0.075788	0.156502	0.776555	11.9236
1637.0	0.291074	0.0659728	0.225101	0.731467	14.5277
1638.0	0.639533	1.01506	0.37553	0.854212	8.00143
1639.0	0.445358	0.402411	0.042947	0.743013	13.8772
1640.0	0.613657	0.502349	0.111308	0.76611	12.5168
1641.0	0.589366	0.105529	0.483838	0.828646	9.06015
1642.0	0.244174	1.67779	1.43362	0.806029	8.2066
1643.0	0.251696	0.216674	0.0350221	0.835354	8.99595
1644.0	0.222893	0.339836	0.116943	0.904838	6.04887
1645.0	0.0367627	0.0506436	0.0138809	0.849854	8.33964
1646.0	0.565251	0.893584	0.328333	0.796018	10.7978
1647.0	0.43667	-0.109289	0.545959	0.836032	8.65101
1648.0	0.399413	0.914201	0.514788	0.731929	14.2351
1649.0	0.37742	0.643614	0.266194	0.843316	8.55867
1650.0	0.340066	0.290836	0.0492305	0.821937	9.62644
1651.0	0.193054	0.347583	0.154528	0.885996	6.78307
1652.0	0.438603	-0.0402692	0.478872	0.713038	15.4893
1653.0	0.153454	0.532711	0.379257	0.767015	12.3123
1654.0	0.0281078	0.538733	0.510625	0.756289	12.7838
1655.0	0.239248	0.872917	0.63367	0.811988	9.67513
1656.0	0.305789	0.050782	0.255007	0.775298	11.9456
1657.0	0.229161	-0.112747	0.341908	0.830793	9.08469
1658.0	0.351346	0.744536	0.39319	0.873	7.18564
1659.0	0.693264	0.555842	0.137422	0.942123	4.66935
1660.0	0.178098	0.518156	0.340058	0.832423	9.01015
1661.0	0.0302317	1.28852	1.25828	0.834232	7.40553
1662.0	0.0139677	0.0887287	0.074761	0.775147	12.0225
1663.0	0.450596	0.579202	0.128606	0.737987	14.1655
1664.0	0.188866	-0.114101	0.302967	0.819054	9.6683
1665.0	0.682277	1.12394	0.44166	0.819855	9.51815
1666.0	7.77545e-05	-0.381304	0.381382	0.882605	6.79973
1667.0	0.582149	0.713519	0.13137	0.742933	13.8633
1668.0	0.389825	0.656113	0.266288	0.844812	8.49121
1669.0	0.0220213	-0.391417	0.413438	0.932397	4.87375
1670.0	0.184654	0.221494	0.0368397	0.761532	12.7895
1671.0	0.203321	0.335602	0.132281	0.773216	12.1149
1672.0	0.315381	-0.495114	0.810495	0.857091	7.35018
1673.0	0.183377	-0.114219	0.297596	0.707694	16.0254
1674.0	0.606249	0.578223	0.0280256	0.838682	8.84321
1675.0	0.556098	0.244735	0.311364	0.773876	11.9866
1676.0	0.340286	-0.0528818	0.393167	0.86493	7.52522
1677.0	0.547177	0.550326	0.00314893	0.87564	7.23146
1678.0	0.105267	0.0560812	0.0491859	0.861566	7.82462
1679.0	0.13584	0.336884	0.201044	0.788554	11.2621
1680.0	0.659983	-0.14363	0.803613	0.740981	13.2235
1681.0	0.141142	0.500911	0.359768	0.793222	10.9179
1682.0	0.430759	1.09066	0.659899	0.756807	12.5484
1683.0	0.363046	0.478951	0.115905	0.823197	9.55423
1684.0	0.645076	0.292022	0.353055	0.953309	4.18382
1685.0	0.531209	0.907941	0.376731	0.718674	15.2302
1686.0	0.184712	0.876623	0.691911	0.782828	11.0687
1687.0	0.619072	0.868103	0.249032	0.838245	8.79854
1688.0	0.47729	0.628465	0.151175	0.784665	11.4882
1689.0	0.246545	1.00297	0.756428	0.770006	11.6518
1690.0	0.66772	1.38835	0.720633	0.964765	3.44421
1691.0	0.692951	0.980642	0.287692	0.879176	7.00228
1692.0	0.401288	0.221359	0.179929	0.790018	11.1943
1693.0	0.154494	0.439415	0.284921	0.837148	8.82855
1694.0	0.676715	0.48661	0.190105	0.833018	9.06709
1695.0	0.303057	-0.0272714	0.330328	0.689261	17.2816
1696.0	0.493775	0.294277	0.199498	0.857665	7.9551
1697.0	0.539899	-0.569329	1.10923	0.869459	6.26482
1698.0	0.0957537	-0.912884	1.00864	0.841739	7.64988
1699.0	0.650014	0.56109	0.0889241	0.754693	13.1764
1700.0	0.323909	0.909664	0.585756	0.831119	8.82947
1701.0	0.655279	0.34155	0.313729	0.912117	5.68919
1702.0	0.38871	0.926073	0.537363	0.833291	8.78661
1703.0	0.454981	0.533374	0.0783932	0.786174	11.4269
1704.0	0.171104	-0.488227	0.659332	0.682784	17.3187
1705.0	0.614671	0.753436	0.138765	0.766809	12.4694
1706.0	0.0915172	-0.196334	0.287851	0.838144	8.78114
1707.0	0.11775	-0.935548	1.0533	0.714907	14.2712
1708.0	0.577701	0.427004	0.150697	0.807024	10.3344
1709.0	0.441043	-0.0255419	0.466585	0.786653	11.1616
1710.0	0.269272	0.629014	0.359742	0.866069	7.50243
1711.0	0.33499	-0.0869531	0.421943	0.814454	9.79761
1712.0	0.42601	0.279038	0.146972	0.860199	7.86394
1713.0	0.589044	1.21298	0.623935	0.853276	7.78704
1714.0	0.581849	0.753322	0.171473	0.711537	15.8431
1715.0	0.546353	-0.238936	0.78529	0.699502	15.9054
1716.0	0.10557	0.794431	0.688862	0.891019	6.13957
1717.0	0.260345	-0.218937	0.479283	0.867425	7.34348
1718.0	0.0799477	0.295441	0.215493	0.832351	9.08715
1719.0	0.678254	0.69543	0.0171756	0.754094	13.2205
1720.0	0.0670918	-0.142973	0.210065	0.800006	10.6648
1721.0	0.315723	0.305258	0.0104648	0.743393	13.8563
1722.0	0.574823	0.326139	0.248684	0.778872	11.7547
1723.0	0.457752	-0.243568	0.701321	0.75155	12.7848
1724.0	0.64509	0.212521	0.432568	0.841209	8.53203
1725.0	0.38836	0.135728	0.252632	0.758352	12.898
1726.0	0.587568	0.712089	0.124521	0.726762	14.8682
1727.0	0.20862	-0.3015	0.510119	0.888598	6.44508
1728.0	0.288671	0.381023	0.0923525	0.746524	13.658
1729.0	0.336009	1.03688	0.700875	0.798642	10.2386
1730.0	0.606506	0.124676	0.48183	0.750112	13.1769
1731.0	0.205826	-0.309193	0.515019	0.841097	8.4553
1732.0	0.0211293	0.0195566	0.0015727	0.819603	9.7414
1733.0	0.622048	1.83975	1.21771	0.716179	13.7355
1734.0	0.412926	0.234447	0.178479	0.754929	13.1341
1735.0	0.32748	0.161963	0.165517	0.817098	9.83289
1736.0	0.280837	0.166096	0.114741	0.709615	15.9926
1737.0	0.151607	0.179495	0.0278879	0.925748	5.27485
1738.0	0.144989	-0.350117	0.495106	0.863764	7.48284
1739.0	0.640893	1.06892	0.428024	0.926282	5.08327
1740.0	0.619817	1.50519	0.88537	0.77681	11.0441
1741.0	0.0222852	0.890995	0.86871	0.874438	6.52909
1742.0	0.454103	0.717184	0.263081	0.855054	8.03869
1743.0	0.267233	0.958278	0.691045	0.841112	8.23341
1744.0	0.503606	0.591309	0.0877028	0.762138	12.7474
1745.0	0.297221	0.42687	0.129649	0.787531	11.3429
1746.0	0.5364	0.106723	0.429677	0.825716	9.25057
1747.0	0.102552	-0.0873679	0.18992	0.915742	5.61243
1748.0	0.208068	0.321529	0.113461	0.821753	9.62396
1749.0	0.176351	0.0292027	0.147148	0.802288	10.5739
1750.0	0.0933128	0.464361	0.371049	0.829292	9.13267
1751.0	0.0387713	1.05039	1.01162	0.784859	10.3549
1752.0	0.420335	1.06499	0.644658	0.820241	9.26274
1753.0	0.0877005	0.357526	0.269825	0.788279	11.2399
1754.0	0.605503	1.12604	0.52054	0.850229	8.04218
1755.0	0.248584	1.0095	0.760913	0.816255	9.27792
1756.0	0.0633683	0.0236616	0.0397067	0.744816	13.7689
1757.0	0.34991	-0.119689	0.4696	0.85464	7.90085
1758.0	0.164623	0.0260456	0.138578	0.912377	5.75542
1759.0	0.406804	0.189853	0.216951	0.889947	6.60117
1760.0	0.53568	0.315782	0.219898	0.778488	11.791
1761.0	0.273447	0.0829919	0.190456	0.851726	8.21913
1762.0	0.105488	0.499982	0.394494	0.76835	12.2241
1763.0	0.122633	-0.74556	0.868193	0.750033	12.5643
1764.0	0.416775	0.151534	0.265241	0.768819	12.2972
1765.0	0.555105	0.476913	0.0781924	0.77638	11.9544
1766.0	0.524979	0.595895	0.0709154	0.764098	12.6391
1767.0	0.273356	-0.215553	0.488909	0.791594	10.8793
1768.0	0.641249	1.38964	0.74839	0.826756	8.8026
1769.0	0.390355	0.88387	0.493515	0.844314	8.33331
1770.0	0.621841	0.0115618	0.610279	0.741093	13.5447
1771.0	0.235094	1.46661	1.23151	0.713648	13.8542
1772.0	0.504094	0.313105	0.190988	0.860581	7.83214
1773.0	0.416184	1.02476	0.608574	0.844465	8.19476
1774.0	0.192249	-0.0831183	0.275367	0.724922	14.9103
1775.0	0.240483	0.0815955	0.158888	0.966852	3.81723
1776.0	0.622671	0.500403	0.122267	0.806306	10.3789
1777.0	0.242434	-1.07065	1.31309	0.792951	9.18511
1778.0	0.573319	0.314023	0.259296	0.804828	10.3952
1779.0	0.0226906	-0.249851	0.272542	0.945705	4.49259
1780.0	0.617445	0.332701	0.284744	0.901225	6.12326
1781.0	0.15379	0.888788	0.734998	0.763854	12.0285
1782.0	0.509572	1.75672	1.24715	0.656659	17.7801
1783.0	0.607472	0.405385	0.202087	0.705429	16.2404
1784.0	0.160888	0.0211201	0.139768	0.948366	4.45043
1785.0	0.511895	0.246095	0.2658	0.807452	10.2602
1786.0	0.150849	-0.697256	0.848105	0.74695	12.7839
1787.0	0.284271	0.390583	0.106312	0.860183	7.87522
1788.0	0.11794	0.548975	0.431034	0.843174	8.44474
1789.0	0.679659	0.689439	0.0097795	0.924136	5.33469
1790.0	0.529692	-0.687962	1.21765	0.760145	11.1558
1791.0	0.179253	-0.0604263	0.23968	0.724285	14.974
1792.0	0.0434826	0.649319	0.605836	0.864653	7.32169
1793.0	0.204305	0.0213482	0.182956	0.899572	6.23404
1794.0	0.492725	0.364617	0.128108	0.873636	7.29838
1795.0	0.041456	-0.251835	0.293291	0.814862	9.87792
1796.0	0.202043	0.481146	0.279102	0.830781	9.12679
1797.0	0.245922	0.0719501	0.173972	0.795507	10.911
1798.0	0.104798	-0.36891	0.473708	0.744089	13.5433
1799.0	0.586693	1.38305	0.796356	0.813621	9.34517
1800.0	0.104032	-0.28396	0.387992	0.872427	7.21362
1801.0	0.0496889	0.324604	0.274915	0.78163	11.5903
1802.0	0.475933	1.65116	1.17522	0.811954	8.63129
1803.0	0.0234959	0.0632221	0.0397262	0.812719	10.0752
1804.0	0.0699536	0.685552	0.615599	0.709355	15.544
1805.0	0.139413	0.493602	0.35419	0.831418	9.04646
1806.0	0.150871	0.441585	0.290714	0.761145	12.7135
1807.0	0.413343	-0.309045	0.722388	0.791283	10.5797
1808.0	0.519628	1.73422	1.21459	0.787565	9.72201
1809.0	0.0994697	0.844326	0.744856	0.760301	12.2108
1810.0	0.118349	0.102224	0.0161246	0.820361	9.70452
1811.0	0.0926053	0.172065	0.0794602	0.747295	13.6146
1812.0	0.311332	0.84232	0.530988	0.87086	7.14682
1813.0	0.167403	0.593967	0.426564	0.84319	8.44804
1814.0	0.0833085	-0.403595	0.486903	0.78097	11.4413
1815.0	0.629404	0.5485	0.0809041	0.807782	10.3144
1816.0	0.609835	0.195437	0.414398	0.73843	13.949
1817.0	0.0834239	0.378322	0.294898	0.908003	5.85651
1818.0	0.547307	1.70113	1.15382	0.779313	10.3022
1819.0	0.62003	0.530936	0.0890947	0.794714	10.9771
1820.0	0.195438	0.0602034	0.135235	0.737475	14.1948
1821.0	0.389225	-0.107779	0.497005	0.868233	7.29198
1822.0	0.219663	0.634766	0.415103	0.909402	5.72113
1823.0	0.284119	0.390393	0.106273	0.86934	7.48391
1824.0	0.191171	-0.0467864	0.237957	0.794281	10.9448
1825.0	0.0791759	0.343752	0.264576	0.862757	7.70421
1826.0	0.516393	1.08082	0.564431	0.807285	9.99628
1827.0	0.11183	0.160324	0.0484944	0.880692	7.0205
1828.0	0.245745	-0.310643	0.556388	0.851916	7.92831
1829.0	0.369284	0.346405	0.0228792	0.77803	11.8709
1830.0	0.312644	0.0699747	0.242669	0.869417	7.43238
1831.0	0.287102	-0.463615	0.750717	0.878979	6.53303
1832.0	0.68854	1.39673	0.708185	0.767859	11.8509
1833.0	0.298873	0.100543	0.19833	0.907987	5.90309
1834.0	0.539992	1.39728	0.857287	0.833501	8.30927
1835.0	0.116209	-0.415182	0.531392	0.698367	16.4133
1836.0	0.530918	0.242509	0.288409	0.818869	9.68656
1837.0	0.186824	-0.866136	1.05296	0.748579	12.2331
1838.0	0.608827	0.367159	0.241668	0.790973	11.1149
1839.0	0.44997	0.520543	0.0705736	0.784959	11.4929
1840.0	0.0107165	-0.0033281	0.0140446	0.690905	17.3078
1841.0	0.228488	0.32136	0.0928716	0.839431	8.80066
1842.0	0.393371	0.251273	0.142098	0.706229	16.2125
1843.0	0.34945	0.733119	0.38367	0.795717	10.7692
1844.0	0.23212	0.0292846	0.202835	0.864254	7.6696
1845.0	0.6009	0.438816	0.162084	0.854766	8.09568
1846.0	0.404702	0.603742	0.19904	0.886802	6.73487
1847.0	0.421304	0.924479	0.503175	0.863803	7.47301
1848.0	0.366528	1.0899	0.723374	0.968602	3.31506
1849.0	0.20928	-0.113147	0.322428	0.830511	9.1116
1850.0	0.344742	1.29862	0.953881	0.769555	11.2915
1851.0	0.474821	1.18491	0.710091	0.821084	9.128
1852.0	0.318992	0.498736	0.179745	0.820938	9.64206
1853.0	0.29871	-0.0295342	0.328244	0.718526	15.2828
1854.0	0.0948775	0.148897	0.0540192	0.760914	12.823
1855.0	0.124487	0.0335284	0.0909586	0.86707	7.58311
1856.0	0.491248	0.480996	0.0102519	0.861032	7.85001
1857.0	0.405668	0.396529	0.00913972	0.878786	7.10116
1858.0	0.144467	0.0963929	0.0480739	0.836792	8.92843
1859.0	0.50948	1.81192	1.30244	0.808495	8.46423
1860.0	0.104078	1.38648	1.2824	0.870279	5.82995
1861.0	0.409779	0.470224	0.0604458	0.823112	9.56886
1862.0	0.474513	0.717303	0.242791	0.831571	9.11016
1863.0	0.529905	0.481974	0.0479311	0.806011	10.4077
1864.0	0.514984	0.747472	0.232488	0.76989	12.2566
1865.0	0.263367	0.111824	0.151542	0.928427	5.15601
1866.0	0.256127	0.325837	0.0697098	0.753213	13.2665
1867.0	0.055874	-0.307067	0.362941	0.751506	13.215
1868.0	0.457842	0.527839	0.0699968	0.6521	20.2748
1869.0	0.509464	1.14175	0.632282	0.71292	15.2819
1870.0	0.578749	0.647127	0.0683781	0.760757	12.8299
1871.0	0.591396	0.683072	0.0916764	0.879974	7.04394
1872.0	0.0128967	0.831425	0.818528	0.888563	6.04636
1873.0	0.177915	0.256257	0.0783423	0.749591	13.4784
1874.0	0.388912	0.521774	0.132862	0.774871	12.0237
1875.0	0.246011	0.369005	0.122994	0.832958	9.09223
1876.0	0.537915	-0.232823	0.770738	0.758546	12.2642
1877.0	0.160699	0.786575	0.625876	0.792523	10.6607
1878.0	0.0577978	0.261349	0.203551	0.731494	14.5375
1879.0	0.674156	0.618596	0.05556	0.858745	7.94598
1880.0	0.28142	0.472532	0.191112	0.8677	7.52766
1881.0	0.425839	0.745991	0.320152	0.731155	14.4833
1882.0	0.560379	0.606054	0.045675	0.769063	12.3633
1883.0	0.20918	0.514126	0.304945	0.819068	9.66633
1884.0	0.526141	1.45938	0.933241	0.810574	9.23818
1885.0	0.188727	0.656045	0.467318	0.779144	11.5607
1886.0	0.196782	0.840746	0.643964	0.883082	6.5141
1887.0	0.537973	0.470726	0.0672468	0.735793	14.3154
1888.0	0.00213367	0.177883	0.17575	0.823989	9.49757
1889.0	0.185299	-0.0233354	0.208634	0.745121	13.6997
1890.0	0.306406	-0.334781	0.641187	0.812724	9.62894
1891.0	0.673048	0.587714	0.0853337	0.764269	12.6268
1892.0	0.0965041	0.203018	0.106514	0.720463	15.2782
1893.0	0.4615	0.488612	0.0271119	0.81455	9.98626
1894.0	0.298323	-0.843764	1.14209	0.9415	3.52224
1895.0	0.364826	0.813222	0.448396	0.794826	10.7549
1896.0	0.468965	0.566579	0.0976141	0.705839	16.2528
1897.0	0.119348	0.734704	0.615356	0.846961	8.07526
1898.0	0.117219	0.348896	0.231677	0.724825	14.9441
1899.0	0.432266	0.902495	0.47023	0.899805	6.04237
1900.0	0.513461	0.236985	0.276476	0.800197	10.6191
1901.0	0.0662624	0.404229	0.337967	0.744348	13.6607
1902.0	0.423925	0.726515	0.302589	0.708238	15.9849
1903.0	0.293825	-0.430243	0.724068	0.669281	18.2014
1904.0	0.0704866	1.15621	1.08573	0.766039	11.1778
1905.0	0.683302	0.183194	0.500108	0.787788	11.0654
1906.0	0.696502	0.558587	0.137915	0.908912	5.88733
1907.0	0.603268	0.750545	0.147277	0.764188	12.6144
1908.0	0.0654355	0.480225	0.414789	0.805383	10.2517
1909.0	0.123285	0.0964836	0.0268018	0.890945	6.60705
1910.0	0.585614	0.359657	0.225957	0.793216	11.0063
1911.0	0.437909	-0.130992	0.568901	0.827551	9.01609
1912.0	0.475137	0.534877	0.0597404	0.875757	7.22301
1913.0	0.0139453	0.49114	0.477195	0.852035	8.00743
1914.0	0.0203304	-0.0538998	0.0742302	0.775598	11.9979
1915.0	0.419574	0.11158	0.307993	0.762728	12.6112
1916.0	0.192939	0.161844	0.0310948	0.88544	6.82835
1917.0	0.228625	1.18017	0.951544	0.795417	9.94671
1918.0	0.23876	0.625346	0.386586	0.963044	3.83228
1919.0	0.361782	0.0414188	0.320363	0.785238	11.3668
1920.0	0.676103	0.655596	0.0205069	0.917909	5.56533
1921.0	0.662584	0.361826	0.300758	0.868625	7.4338
1922.0	0.20729	1.37343	1.16614	0.880178	5.71073
1923.0	0.0164318	-0.0457128	0.0621447	0.89746	6.34575
1924.0	0.363455	0.196228	0.167227	0.79164	11.1144
1925.0	0.532722	0.218067	0.314655	0.757174	12.9242
1926.0	0.0372609	-0.169063	0.206324	0.827301	9.32795
1927.0	0.266629	0.295552	0.0289227	0.769331	12.3498
1928.0	0.391461	0.28259	0.108871	0.794675	10.9747
1929.0	0.684997	0.714213	0.0292157	0.792198	11.1159
1930.0	0.272459	-0.284177	0.556635	0.857857	7.66987
1931.0	0.193205	0.276548	0.083343	0.754814	13.1705
1932.0	0.297776	0.696326	0.39855	0.760856	12.6424
1933.0	0.651652	0.145512	0.50614	0.874883	7.0057
1934.0	0.214963	1.26939	1.05442	0.949575	3.42164
1935.0	0.246513	-0.108105	0.354618	0.840823	8.6139
1936.0	0.206269	0.434105	0.227837	0.83418	8.99642
1937.0	0.300308	1.44912	1.14881	0.669622	17.1155
1938.0	0.309578	-1.0204	1.32998	0.761146	10.7797
1939.0	0.114382	0.126418	0.0120363	0.89133	6.59223
1940.0	0.145344	0.0250565	0.120287	0.85926	7.91191
1941.0	0.220633	0.518875	0.298242	0.927707	5.12009
1942.0	0.604883	-0.604727	1.20961	0.665821	17.2088
1943.0	0.204628	-0.00183151	0.20646	0.875618	7.18946
1944.0	0.654261	0.659837	0.00557538	0.921647	5.42668
1945.0	0.588168	0.621459	0.0332905	0.885473	6.82687
1946.0	0.436344	0.533327	0.0969828	0.88017	7.03487
1947.0	0.543385	0.929523	0.386138	0.804674	10.3125
1948.0	0.240026	0.9297	0.689673	0.707753	15.5282
1949.0	0.0245125	-0.117448	0.14196	0.779507	11.7682
1950.0	0.047046	-0.0701542	0.1172	0.875449	7.22556
1951.0	0.448873	0.556439	0.107566	0.763774	12.6498
1952.0	0.169981	0.57518	0.405199	0.831894	8.98316
1953.0	0.60113	0.981667	0.380537	0.836082	8.81027
1954.0	0.100725	-0.0989525	0.199677	0.866745	7.56477
1955.0	0.542322	0.0446298	0.497692	1.0021	2.49951
1956.0	0.440687	-0.359885	0.800571	0.846118	7.84235
1957.0	0.595671	0.353938	0.241733	0.801449	10.5755
1958.0	0.061038	-1.16072	1.22175	0.777783	10.2039
1959.0	0.105823	-0.0611766	0.167	0.697706	16.7901
1960.0	0.493425	0.973022	0.479597	0.747485	13.3344
1961.0	0.691696	1.31921	0.627515	0.812957	9.63637
1962.0	0.554452	-0.764804	1.31926	0.664815	16.9192
1963.0	0.447366	0.602468	0.155102	0.747803	13.563
1964.0	0.587488	0.697627	0.110139	0.849257	8.35373
1965.0	0.534994	0.837327	0.302333	0.664921	19.1277
1966.0	0.434428	0.60188	0.167451	0.860044	7.86402
1967.0	0.663201	0.270975	0.392226	0.952613	4.181
1968.0	0.285609	0.339157	0.0535473	0.89635	6.39041
1969.0	0.329748	0.263397	0.0663511	0.898128	6.31899
1970.0	0.288179	0.673618	0.385439	0.860516	7.72017
1971.0	0.208	-0.59708	0.80508	0.828586	8.62502
1972.0	0.192884	0.944582	0.751698	0.789505	10.6233
1973.0	0.453902	-0.049311	0.503213	0.722292	14.8574
1974.0	0.325752	0.309742	0.0160098	0.846777	8.47693
1975.0	0.648602	0.659636	0.0110339	0.740453	14.0347
1976.0	0.648185	1.09494	0.446758	0.793148	10.8431
1977.0	0.551706	0.898348	0.346642	0.603082	24.5074
1978.0	0.699529	1.21487	0.515345	0.803524	10.2417
1979.0	0.690524	-0.603094	1.29362	0.778224	9.98285
1980.0	0.0908472	0.442523	0.351676	0.93117	4.96205
1981.0	0.483656	0.130915	0.352741	0.767811	12.2905
1982.0	0.312184	0.0385712	0.273613	0.736454	14.1884
1983.0	0.615145	2.01025	1.39511	0.808013	8.22643
1984.0	0.143753	-0.300974	0.444727	0.789648	11.027
1985.0	0.255594	0.346853	0.0912592	0.761849	12.7631
1986.0	0.551107	0.661363	0.110256	0.720505	15.2745
1987.0	0.660337	1.19304	0.532704	0.802511	10.2724
1988.0	0.224681	0.729607	0.504926	0.753651	12.9432
1989.0	0.543159	1.20966	0.666498	0.759059	12.4099
1990.0	0.667152	-0.125346	0.792497	0.862417	7.15317
1991.0	0.608717	0.99834	0.389623	0.811513	9.97012
1992.0	0.290118	0.167862	0.122256	0.644812	20.866
1993.0	0.0336209	0.0929324	0.0593115	0.838796	8.83512
1994.0	0.364604	-0.0289335	0.393537	0.780645	11.5525
1995.0	0.694256	0.339643	0.354612	0.864077	7.59091
1996.0	0.482743	1.25711	0.774368	0.827168	8.74169
1997.0	0.03795	-0.438902	0.476852	0.800497	10.4363
1998.0	0.475136	0.0176579	0.457478	0.816554	9.66177
1999.0	0.385778	0.399072	0.0132934	0.777943	11.876
2000.0	0.217069	0.24273	0.0256606	0.693897	17.094
2001.0	0.339125	0.721291	0.382166	0.88165	6.83797
2002.0	0.399583	0.76057	0.360987	0.868056	7.41742
2003.0	0.519093	0.740073	0.22098	0.721907	15.1377
2004.0	0.211738	0.346257	0.134519	0.844074	8.57982
2005.0	0.408515	0.622785	0.21427	0.880589	6.98118
2006.0	0.693391	1.50219	0.808803	0.644072	20.02
2007.0	0.2934	0.394335	0.100935	0.793938	11.0148
2008.0	0.0871002	1.16618	1.07908	0.848919	7.1886
2009.0	0.284277	0.107831	0.176445	0.886916	6.73871
2010.0	0.269789	0.569402	0.299613	0.803714	10.4263
2011.0	0.458137	0.00848749	0.44965	0.788739	11.0696
2012.0	0.623871	0.546248	0.0776224	0.813237	10.0449
2013.0	0.392261	0.432635	0.0403731	0.875546	7.23371
2014.0	0.356316	-1.37485	1.73117	0.693972	13.3266
2015.0	0.158347	-0.175245	0.333592	0.808188	10.1788
2016.0	0.35312	1.3211	0.967977	0.859871	6.95097
2017.0	0.0801465	-0.0845951	0.164742	0.927228	5.19579
2018.0	0.521952	0.121175	0.400776	0.839823	8.62266
2019.0	0.218641	-0.227914	0.446555	0.861381	7.6311
2020.0	0.654425	1.48988	0.835455	0.790641	10.4172
2021.0	0.65229	-0.58639	1.23868	0.771338	10.4957
2022.0	0.121427	0.657561	0.536134	0.795068	10.6461
2023.0	0.698196	0.726871	0.0286759	0.889898	6.64882
2024.0	0.463576	0.620772	0.157195	0.858713	7.92509
2025.0	0.348722	0.211091	0.137631	0.892076	6.54396
2026.0	0.517042	1.80275	1.28571	0.745254	11.7938
2027.0	0.561831	0.889936	0.328104	0.701022	16.4561
2028.0	0.396692	0.347679	0.049013	0.784301	11.5309
2029.0	0.313278	0.0188076	0.294471	0.897009	6.28239
2030.0	0.67647	0.468754	0.207716	0.854648	8.08338
2031.0	0.0725463	0.183608	0.111062	0.804241	10.4855
2032.0	0.0753418	0.465285	0.389944	0.76677	12.3164
2033.0	0.372404	0.211683	0.16072	0.789085	11.2507
2034.0	0.292165	0.789554	0.497389	0.760467	12.5605
2035.0	0.608458	1.37291	0.764456	0.757507	12.3343
2036.0	0.344805	-0.393809	0.738613	0.779096	11.1913
2037.0	0.285471	0.538493	0.253022	0.675793	18.3316
2038.0	0.0589486	-0.0290357	0.0879843	0.718261	15.4262
2039.0	0.543485	1.29691	0.753424	0.784419	10.8851
2040.0	0.139716	0.368892	0.229177	0.755902	13.0529
2041.0	0.331798	0.751397	0.419599	0.843338	8.44752
2042.0	0.442297	0.66553	0.223232	0.722941	15.0698
2043.0	0.16813	-0.253554	0.421685	0.788773	11.0953
2044.0	0.223669	0.368124	0.144456	0.67448	18.4893
2045.0	0.0532533	-0.0617613	0.115015	0.818224	9.79372
2046.0	0.54679	0.190291	0.356499	0.769966	12.1674
2047.0	0.629295	1.23864	0.609341	0.833505	8.68975
2048.0	0.26777	-0.276663	0.544434	0.797208	10.5267
2049.0	0.247614	0.0319776	0.215637	0.754403	13.1473
2050.0	0.0688731	-0.199637	0.26851	0.690271	17.2581
2051.0	0.45277	0.429157	0.0236129	0.756864	13.0589
2052.0	0.147106	0.383206	0.2361	0.826816	9.33673
2053.0	0.373994	0.541779	0.167785	0.862293	7.76693
2054.0	0.150196	0.375876	0.225679	0.831508	9.12162
2055.0	0.113508	-0.604341	0.717848	0.801088	10.0892
2056.0	0.148699	-1.03998	1.18868	0.844088	7.14693
2057.0	0.403453	-0.0647041	0.468157	0.772739	11.9079
2058.0	0.0824514	0.890471	0.80802	0.830796	8.51838
2059.0	0.00708934	-0.339397	0.346486	0.76876	12.2426
2060.0	0.552188	0.317931	0.234257	0.759809	12.8248
2061.0	0.0466255	0.420708	0.374083	0.729189	14.5603
2062.0	0.12087	-0.39111	0.51198	0.841772	8.42814
2063.0	0.419479	0.519602	0.100122	0.871314	7.40206
2064.0	0.233351	0.548029	0.314678	0.761827	12.6575
2065.0	0.362437	0.486991	0.124554	0.827428	9.35099
2066.0	0.553202	0.710542	0.157339	0.720631	15.2504
2067.0	0.6242	1.40744	0.783241	0.888229	6.11443
2068.0	0.687804	0.492757	0.195047	0.902705	6.1077
2069.0	0.273508	0.150463	0.123045	0.742584	13.887
2070.0	0.330321	0.397208	0.066887	0.836322	8.94777
2071.0	0.289006	0.0433411	0.245665	0.667745	18.9509
2072.0	0.595321	0.972712	0.377391	0.777028	11.7621
2073.0	0.485071	0.0942174	0.390853	0.806028	10.2407
2074.0	0.637379	0.137297	0.500082	0.836941	8.65992
2075.0	0.18248	0.256334	0.0738544	0.708646	16.0678
2076.0	0.36175	0.377456	0.015706	0.725987	14.9366
2077.0	0.180352	-0.178245	0.358597	0.912704	5.63815
2078.0	0.0639944	-0.209333	0.273327	0.78005	11.6763
2079.0	0.527754	0.430607	0.0971472	0.752655	13.2938
2080.0	0.544357	1.23852	0.694165	0.777954	11.3245
2081.0	0.400847	0.183767	0.217079	0.814579	9.93414
2082.0	0.44876	0.413138	0.0356227	0.892767	6.53385
2083.0	0.16986	-0.5031	0.67296	0.893682	6.05611
2084.0	0.180327	0.073697	0.10663	0.833549	9.06877
2085.0	0.420016	0.475072	0.0550558	0.763549	12.6726
2086.0	0.520313	0.500407	0.0199063	0.770923	12.2617
2087.0	0.0947288	0.648056	0.553327	0.822379	9.27834
2088.0	0.59185	1.80732	1.21547	0.819548	8.17646
2089.0	0.571201	0.326017	0.245185	0.961209	3.97448
2090.0	0.340525	0.136904	0.203621	0.870386	7.40924
2091.0	0.154889	-0.378356	0.533245	0.785351	11.1549
2092.0	0.392099	0.94184	0.549741	0.837449	8.58201
2093.0	0.382736	0.259246	0.12349	0.858489	7.94455
2094.0	0.240392	0.706006	0.465614	0.892951	6.31493
2095.0	0.519104	0.832532	0.313428	0.93079	4.99959
2096.0	0.515269	-0.288306	0.803574	0.91503	5.06096
2097.0	0.250046	1.54862	1.29857	0.729656	12.6661
2098.0	0.0420492	0.00480574	0.0372435	0.808658	10.2764
2099.0	0.11082	-0.812457	0.923277	0.756247	12.094
2100.0	0.321374	-0.0522533	0.373628	0.763769	12.4997
2101.0	0.423875	0.884574	0.460699	0.732009	14.2949
2102.0	0.163852	-0.18316	0.347012	0.854539	8.00836
2103.0	0.411257	0.387659	0.0235981	0.874523	7.27739
2104.0	0.0560939	0.396704	0.340611	0.770885	12.1294
2105.0	0.529948	0.362194	0.167753	0.920053	5.45902
2106.0	0.532888	0.354769	0.178119	0.88183	6.94457
2107.0	0.476253	0.928225	0.451972	0.843407	8.41497
2108.0	0.255468	0.0625119	0.192956	0.758185	12.9391
2109.0	0.502157	0.210963	0.291194	0.78849	11.2153
2110.0	0.462305	0.431299	0.0310066	0.711909	15.8545
2111.0	0.67245	0.958328	0.285877	0.898292	6.23697
2112.0	0.319459	1.15649	0.837036	0.771893	11.4025
2113.0	0.285618	0.02196	0.263658	0.843294	8.56106
2114.0	0.350842	0.711901	0.361058	0.777369	11.7575
2115.0	0.404195	-0.052558	0.456753	0.79203	10.8908
2116.0	0.271949	0.457669	0.18572	0.909621	5.84537
2117.0	0.445866	-0.695778	1.14164	0.835961	7.61345
2118.0	0.0922019	-0.3033	0.395502	0.85447	7.97427
2119.0	0.586075	0.20107	0.385005	0.676079	18.1963
2120.0	0.229676	0.63464	0.404964	0.793953	10.8413
2121.0	0.4959	1.34357	0.847668	0.789173	10.4699
2122.0	0.0797675	-0.250569	0.330337	0.763048	12.5763
2123.0	0.0556756	-0.855525	0.9112	0.734832	13.3718
2124.0	0.362922	0.464053	0.101131	0.756002	13.0975
2125.0	0.0150999	0.665641	0.650541	0.772365	11.6937
2126.0	0.0157967	-0.635672	0.651469	0.806683	9.91046
2127.0	0.15286	0.405555	0.252695	0.762945	12.6353
2128.0	0.344059	1.27087	0.926811	0.695449	15.8731
2129.0	0.366562	0.232274	0.134288	0.907608	5.93819
2130.0	0.318327	-0.103844	0.422171	0.998495	2.66977
2131.0	0.472216	0.469891	0.00232444	0.699817	16.6794
2132.0	0.41951	0.0993932	0.320117	0.878308	7.01828
2133.0	0.630709	0.334465	0.296244	0.821556	9.55246
2134.0	0.526662	1.10015	0.573493	0.767595	12.0649
2135.0	0.495635	0.564516	0.068881	0.646632	20.7278
2136.0	0.1412	0.0346641	0.106536	0.823699	9.5325
2137.0	0.448058	-0.126803	0.574862	0.809707	9.8639
2138.0	0.274784	0.330811	0.0560274	0.754608	13.187
2139.0	0.136002	0.764795	0.628793	0.876681	6.79299
2140.0	0.405034	0.141929	0.263104	0.872123	7.3083
2141.0	0.3918	-0.425241	0.817041	0.911199	5.18234
2142.0	0.0307385	0.0899567	0.0592182	0.733187	14.4785
2143.0	0.189505	0.755999	0.566494	0.718356	15.0263
2144.0	0.158012	0.444529	0.286517	0.939747	4.69461
2145.0	0.101482	-0.253646	0.355128	0.797666	10.6928
2146.0	0.412904	0.647731	0.234826	0.77547	11.9476
2147.0	0.251571	-0.461535	0.713106	0.84303	8.11558
2148.0	0.213804	0.216796	0.00299195	0.965134	3.89724
2149.0	0.315585	0.303507	0.0120782	0.749801	13.4731
2150.0	0.491738	0.462944	0.0287934	0.800722	10.6766
2151.0	0.455598	-0.0668768	0.522475	0.671843	18.3469
2152.0	0.694723	0.343379	0.351344	0.788319	11.1805
2153.0	0.479911	0.98757	0.507659	0.73181	14.2515
2154.0	0.300245	-0.212981	0.513226	0.721225	14.9132
2155.0	0.341546	-0.139744	0.48129	0.754112	12.9441
2156.0	0.141636	-0.157982	0.299618	0.859245	7.83522
2157.0	0.593461	0.931467	0.338006	0.80342	10.414
2158.0	0.127053	0.269341	0.142288	0.832607	9.10311
2159.0	0.0310981	0.0185715	0.0125266	0.842189	8.68396
2160.0	0.482176	0.702233	0.220057	0.825681	9.39828
2161.0	0.277031	0.553494	0.276463	0.761599	12.6971
2162.0	0.0116069	-0.180805	0.192412	0.8632	7.71895
2163.0	0.18197	-0.0859282	0.267899	0.710106	15.8847
2164.0	0.26357	-0.43258	0.696151	0.843394	8.12407
2165.0	0.37787	0.0956573	0.282213	0.808646	10.1908
2166.0	0.0827676	0.12494	0.0421727	0.733147	14.4831
2167.0	0.199884	0.687081	0.487197	0.859952	7.6537
2168.0	0.279432	-0.26845	0.547883	0.834527	8.71771
2169.0	0.575625	1.37716	0.801535	0.815708	9.23613
2170.0	0.582622	-0.402048	0.98467	0.716635	14.3326
2171.0	0.284049	-0.0517315	0.33578	0.691119	17.1439
2172.0	0.111171	-0.0836552	0.194826	0.699273	16.6677
2173.0	0.658068	0.639067	0.0190003	0.880067	7.04817
2174.0	0.394243	0.30548	0.0887636	0.741319	13.9726
2175.0	0.554967	1.34344	0.788474	0.685507	16.8765
2176.0	0.400084	0.421799	0.021715	0.836295	8.95328
2177.0	0.337307	0.602175	0.264867	0.836423	8.87356
2178.0	0.630877	0.846654	0.215777	0.895666	6.37453
2179.0	0.469155	0.272975	0.19618	0.841003	8.69751
2180.0	0.44054	0.499918	0.0593786	0.672858	18.636
2181.0	0.683895	2.04666	1.36277	0.823461	7.60773
2182.0	0.294975	0.809423	0.514448	0.769451	12.0365
2183.0	0.118557	0.220488	0.101931	0.876177	7.1987
2184.0	0.30776	0.591857	0.284097	0.908579	5.84055
2185.0	0.551285	1.00524	0.453955	0.583533	26.3709
2186.0	0.296807	-0.0151684	0.311975	0.858307	7.86805
2187.0	0.499578	1.01193	0.512352	0.738036	13.8626
2188.0	0.484119	0.171828	0.31229	0.894578	6.36752
2189.0	0.124264	-0.308316	0.43258	0.85517	7.9121
2190.0	0.245152	0.151223	0.093929	0.836464	8.93663
2191.0	0.00817107	0.145214	0.137043	0.85859	7.93656
2192.0	0.211903	-0.167324	0.379227	0.912466	5.63254
2193.0	0.424883	-0.089492	0.514375	0.877955	6.87093
2194.0	0.50372	-0.281482	0.785201	0.791582	10.4592
2195.0	0.694674	0.561703	0.132971	0.857442	7.9876
2196.0	0.33805	0.389619	0.0515692	0.808117	10.302
2197.0	0.358709	0.744846	0.386137	0.915112	5.52807
2198.0	0.29992	0.150642	0.149278	0.74409	13.7874
2199.0	0.0474338	1.0766	1.02917	0.846418	7.40281
2200.0	0.0147956	0.0833029	0.0685073	0.836329	8.94724
2201.0	0.00654196	-0.603017	0.609559	0.934561	4.61005
2202.0	0.531633	0.79469	0.263056	0.672712	18.5577
2203.0	0.130263	-0.808352	0.938615	0.864598	6.80903
2204.0	0.0527364	0.398142	0.345406	0.718266	15.2852
2205.0	0.0212414	0.130739	0.109498	0.828708	9.29443
2206.0	0.0263936	0.444218	0.417824	0.809712	10.0339
2207.0	0.287232	0.0675415	0.21969	0.616246	23.3535
2208.0	0.667546	-0.28708	0.954626	0.866407	6.70387
2209.0	0.0908771	-0.318658	0.409535	0.829484	9.09165
2210.0	0.545517	-0.211227	0.756744	0.560273	28.3522
2211.0	0.582409	1.31392	0.731511	0.8909	6.08539
2212.0	0.406142	0.860891	0.454749	0.870335	7.24435
2213.0	0.222287	-0.2238	0.446086	0.703351	16.1784
2214.0	0.57055	0.130478	0.440072	0.779653	11.5615
2215.0	0.379526	0.695563	0.316038	0.734198	14.297
2216.0	0.111151	-0.153474	0.264624	0.818928	9.69797
2217.0	0.664884	-0.0585143	0.723398	0.869825	6.94818
2218.0	0.254279	0.28361	0.0293314	0.808929	10.2635
2219.0	0.197045	-0.217654	0.4147	0.890056	6.47372
2220.0	0.523378	-0.115968	0.639346	0.828934	8.86136
2221.0	0.0752461	1.12908	1.05383	0.766657	11.2214
2222.0	0.356261	0.471917	0.115657	0.775132	12.0143
2223.0	0.544207	1.17759	0.633386	0.824451	9.07896
2224.0	0.678579	0.992985	0.314406	0.842224	8.57868
2225.0	0.497474	0.790974	0.2935	0.805955	10.3178
2226.0	0.263941	-0.0748323	0.338774	0.930347	5.00011
2227.0	0.59364	-0.382883	0.976522	0.664174	18.0116
2228.0	0.371886	-0.375539	0.747424	0.798653	10.1639
2229.0	0.349898	1.25494	0.905046	0.775783	11.0592
2230.0	0.368467	0.570384	0.201917	0.791629	11.1005
2231.0	0.115409	0.709531	0.594121	0.710613	15.4933
2232.0	0.565515	0.573855	0.00834067	0.746723	13.6563
2233.0	0.534141	0.765433	0.231293	0.70469	16.2744
2234.0	0.302697	1.10619	0.803491	0.748464	12.7826
2235.0	0.0584991	0.564803	0.506303	0.818817	9.50185
2236.0	0.0665642	0.714359	0.647794	0.827095	8.93547
2237.0	0.472088	-0.436136	0.908224	0.889027	5.8783
2238.0	0.597098	1.00463	0.407529	0.752913	13.0917
2239.0	0.60507	-0.0872133	0.692284	0.709828	15.3857
2240.0	0.60555	0.0360492	0.5695	0.744383	13.4056
2241.0	0.505113	1.15164	0.646525	0.959166	3.72038
2242.0	0.446747	0.929674	0.482926	0.820968	9.42378
2243.0	0.156489	0.228933	0.0724438	0.795443	10.9424
2244.0	0.146234	1.02493	0.878696	0.768972	11.4799
2245.0	0.160033	0.00480909	0.155224	0.785668	11.4333
2246.0	0.0984038	0.0471476	0.0512562	0.702793	16.4702
2247.0	0.0628696	0.648521	0.585652	0.652933	19.7314
2248.0	0.0370962	-0.735111	0.772207	0.724654	14.2833
2249.0	0.0246359	-0.42715	0.451785	0.813811	9.80061
2250.0	0.332317	0.118036	0.214282	0.978188	3.42688
2251.0	0.175935	0.0749384	0.100996	0.886592	6.77257
2252.0	0.194048	0.387832	0.193784	0.78041	11.6994
2253.0	0.490358	1.08059	0.590235	0.788241	10.9312
2254.0	0.416816	0.62304	0.206224	0.861135	7.80206
2255.0	0.43783	0.390083	0.0477475	0.82839	9.31984
2256.0	0.00803646	-0.0849459	0.0929823	0.776237	11.9593
2257.0	0.368693	-0.265526	0.63422	0.889424	6.27307
2258.0	0.449858	0.378321	0.0715371	0.8482	8.40817
2259.0	0.0309535	-0.384874	0.415828	0.839687	8.61595
2260.0	0.094513	0.371711	0.277198	0.857333	7.93141
2261.0	0.579829	0.693978	0.114148	0.833851	9.05301
2262.0	0.306485	0.309672	0.00318632	0.834125	9.05415
2263.0	0.355447	0.525569	0.170122	0.927832	5.17208
2264.0	0.596346	-0.0522408	0.648587	0.825822	8.99389
2265.0	0.680371	-0.198405	0.878776	0.806215	9.55592
2266.0	0.471183	0.224886	0.246297	0.882696	6.8804
2267.0	0.582306	-0.0118044	0.594111	0.769415	11.9364
2268.0	0.119104	0.583755	0.464651	0.811568	9.89744
2269.0	0.452787	0.285239	0.167548	0.716929	15.4878
2270.0	0.437036	0.107163	0.329873	0.851065	8.17307
2271.0	0.47108	0.307906	0.163174	0.795055	10.9385
2272.0	0.0657285	0.813918	0.74819	0.85555	7.51467
2273.0	0.318637	0.51661	0.197973	0.874103	7.2559
2274.0	0.675289	0.465831	0.209458	0.889575	6.61921
2275.0	0.0279664	0.125933	0.0979663	0.837387	8.89333
2276.0	0.44007	0.467296	0.0272263	0.691148	17.2896
2277.0	0.0457005	1.01627	0.970569	0.783991	10.4899
2278.0	0.63374	1.5673	0.933561	0.858584	7.07069
2279.0	0.138515	0.676339	0.537824	0.822777	9.27757
2280.0	0.58153	2.42745	1.84592	0.671097	14.3537
2281.0	0.287919	0.2239	0.0640192	0.811725	10.1214
2282.0	0.0870233	-0.253668	0.340691	0.898274	6.20416
2283.0	0.543637	0.723325	0.179688	0.774164	12.0456
2284.0	0.169045	-0.00784498	0.176889	0.852456	8.19208
2285.0	0.455982	0.225313	0.23067	0.744506	13.725
2286.0	0.00779872	-0.862062	0.86986	0.732222	13.619
2287.0	0.33403	0.685634	0.351603	0.859062	7.80841
2288.0	0.236229	0.0144258	0.221804	0.785631	11.4068
2289.0	0.000499529	0.517526	0.517026	0.740034	13.7355
2290.0	0.0323428	-0.205818	0.238161	0.831658	9.10847
2291.0	0.364926	0.071873	0.293053	0.789187	11.1774
2292.0	0.670708	1.50956	0.838855	0.877721	6.44607
2293.0	0.115918	-0.777048	0.892966	0.725285	13.9978
2294.0	0.553778	0.573156	0.0193783	0.857867	7.98695
2295.0	0.412202	-0.269823	0.682025	0.854143	7.67183
2296.0	0.490403	0.76486	0.274457	0.807859	10.2347
2297.0	0.114636	0.192894	0.0782574	0.865065	7.67072
2298.0	0.300164	-0.13709	0.437255	0.9076	5.77151
2299.0	0.0615979	0.691178	0.62958	0.794751	10.5411
2300.0	0.566493	0.531047	0.0354459	0.731169	14.6075
2301.0	0.214475	0.148966	0.065509	0.854217	8.14253
2302.0	0.180588	0.654297	0.473709	0.728377	14.507
2303.0	0.224964	-0.196861	0.421826	0.775341	11.8131
2304.0	0.2195	0.378398	0.158897	0.908756	5.88729
2305.0	0.147839	0.476842	0.329003	0.833535	8.96646
2306.0	0.371333	1.45012	1.07879	0.833382	7.87119
2307.0	0.196984	-0.0661419	0.263126	0.817524	9.76674
2308.0	0.599377	0.776686	0.177308	0.795273	10.9218
2309.0	0.350854	0.604145	0.253291	0.745863	13.6304
2310.0	0.616081	0.0501652	0.565916	0.782682	11.2556
2311.0	0.436449	0.426347	0.0101021	0.941432	4.71116
2312.0	0.0431186	0.999992	0.956874	0.756216	12.0226
2313.0	0.0489247	0.441841	0.392917	0.782501	11.4537
2314.0	0.478752	0.605356	0.126604	0.721738	15.1897
2315.0	0.210868	1.07433	0.863464	0.842151	7.9101
2316.0	0.0688427	-0.539084	0.607926	0.799681	10.3203
2317.0	0.217718	0.494844	0.277126	0.888987	6.61024
2318.0	0.192316	0.60874	0.416424	0.722371	14.9519
2319.0	0.369455	-0.0708851	0.440341	0.859019	7.73829
2320.0	0.355574	-0.0313948	0.386968	0.791036	11.0087
2321.0	0.240401	0.991383	0.750982	0.779514	11.1483
2322.0	0.572877	0.445658	0.127219	0.855217	8.08633
2323.0	0.434872	0.403495	0.031377	0.751564	13.3681
2324.0	0.439471	0.439146	0.000325621	0.793223	11.0634
2325.0	0.154905	0.641496	0.486591	0.770627	12.0037
2326.0	0.629844	0.400241	0.229603	0.902117	6.1162
2327.0	0.0551297	0.614918	0.559788	0.856431	7.72786
2328.0	0.465842	0.752441	0.286599	0.794676	10.8958
2329.0	0.686495	0.826883	0.140388	0.832742	9.09742
2330.0	0.144585	-0.23159	0.376174	0.797124	10.7034
2331.0	0.0604868	0.723493	0.663006	0.792257	10.6211
2332.0	0.0668099	0.22183	0.15502	0.764062	12.6188
2333.0	0.514512	0.00482327	0.509689	0.957006	3.93548
2334.0	0.2843	0.914616	0.630317	0.868924	7.11181
2335.0	0.186466	0.644966	0.458501	0.852434	8.00794
2336.0	0.0829691	0.244083	0.161113	0.791532	11.1223
2337.0	0.49626	0.548689	0.0524291	0.821375	9.65305
2338.0	0.152725	0.364007	0.211281	0.851163	8.23531
2339.0	0.012946	0.692388	0.679442	0.876542	6.73291
2340.0	0.408159	1.75325	1.34509	0.820656	7.78365
2341.0	0.397433	1.81603	1.41859	0.699035	14.1901
2342.0	0.178123	-0.143865	0.321989	0.82208	9.51022
2343.0	0.429521	0.710151	0.28063	0.830466	9.1406
2344.0	0.161712	0.0814449	0.0802666	0.811449	10.1325
2345.0	0.410352	0.046721	0.363631	0.746708	13.4979
2346.0	0.539889	0.320856	0.219033	0.866215	7.57904
2347.0	0.614572	0.832716	0.218144	0.865769	7.59841
2348.0	0.226272	0.705601	0.479329	0.835368	8.75338
2349.0	0.302191	0.0797476	0.222444	0.743813	13.7712
2350.0	0.554203	1.26733	0.713127	0.684423	17.1028
2351.0	0.361881	0.900439	0.538558	0.755239	12.8098
2352.0	0.395199	-0.277248	0.672447	0.844463	8.11008
2353.0	0.668448	-0.386104	1.05455	0.855841	6.946
2354.0	0.15526	0.149964	0.0052953	0.771195	12.247
2355.0	0.0855986	0.614114	0.528515	0.778737	11.513
2356.0	0.352485	1.26252	0.91004	0.787337	10.443
2357.0	0.335697	1.77706	1.44137	0.755679	10.7316
2358.0	0.604482	0.237363	0.367118	0.813016	9.91496
2359.0	0.0405975	0.443398	0.4028	0.892958	6.36806
2360.0	0.454071	-0.58334	1.03741	0.740553	12.738
2361.0	0.0908878	-0.626198	0.717086	0.864817	7.16648
2362.0	0.671665	0.829651	0.157986	0.803728	10.4974
2363.0	0.375669	1.39894	1.02327	0.778264	10.6722
2364.0	0.55021	0.935206	0.384996	0.721456	15.0422
2365.0	0.517414	0.29342	0.223994	0.820632	9.63743
2366.0	0.581072	0.373868	0.207204	0.719967	15.2706
2367.0	0.690361	1.08135	0.390994	0.819847	9.56406
2368.0	0.0361373	-0.0738615	0.109999	0.924836	5.29761
2369.0	0.260201	-0.546668	0.806868	0.823569	8.85512
2370.0	0.092462	0.0527931	0.0396689	0.79801	10.8143
2371.0	0.260178	0.36869	0.108512	0.808611	10.2673
2372.0	0.0990258	0.146035	0.0470088	0.9211	5.44485
2373.0	0.238185	0.586484	0.348298	0.844513	8.45193
2374.0	0.397138	0.0696456	0.327493	0.737771	14.0679
2375.0	0.479417	0.52693	0.0475133	0.760547	12.8448
2376.0	0.487806	0.457769	0.0300373	0.726635	14.8945
2377.0	0.599437	0.706211	0.106775	0.866455	7.6061
2378.0	0.0757211	0.281159	0.205437	0.807049	10.3116
2379.0	0.407855	0.282102	0.125753	0.808556	10.2656
2380.0	0.671993	0.815091	0.143098	0.882671	6.92148
2381.0	0.606044	0.380808	0.225237	0.759823	12.8289
2382.0	0.484612	1.13866	0.654049	0.806174	9.93194
2383.0	0.526193	-0.39814	0.924332	0.879964	6.20827
2384.0	0.258622	-0.0372048	0.295827	0.805821	10.323
2385.0	0.488138	0.149404	0.338734	0.877814	7.02633
2386.0	0.462758	0.0660791	0.396679	0.807718	10.1515
2387.0	0.390049	0.640692	0.250642	0.77635	11.8906
2388.0	0.593598	0.462933	0.130665	0.83199	9.13527
2389.0	0.0255217	1.25206	1.22654	0.837247	7.35266
2390.0	0.390062	0.811252	0.42119	0.80703	10.1637
2391.0	0.655548	0.281121	0.374427	0.888234	6.57782
2392.0	0.6534	0.603668	0.0497318	0.839816	8.78957
2393.0	0.668584	0.315861	0.352723	0.851714	8.12829
2394.0	0.218509	0.630353	0.411844	0.866759	7.43241
2395.0	0.270619	0.15651	0.114109	0.763652	12.655
2396.0	0.513502	0.329516	0.183986	0.741422	13.9347
2397.0	0.689921	0.647596	0.0423252	0.873672	7.31164
2398.0	0.53106	0.650136	0.119076	0.899742	6.24623
2399.0	0.35003	0.743115	0.393085	0.764469	12.4428
2400.0	0.059716	0.270192	0.210475	0.804506	10.4368
2401.0	0.0859177	0.281001	0.195084	0.820543	9.65482
2402.0	0.0550998	-0.248235	0.303334	0.79527	10.854
2403.0	0.321539	0.27366	0.0478782	0.854178	8.1463
2404.0	0.609117	0.439872	0.169245	0.814755	9.94574
2405.0	0.0725419	0.446908	0.374366	0.736913	14.0803
2406.0	0.258068	0.294781	0.036713	0.765557	12.5609
2407.0	0.243406	0.284977	0.0415704	0.874741	7.26712
2408.0	0.17792	-0.575712	0.753632	0.740036	13.3731
2409.0	0.377892	0.595535	0.217643	0.745361	13.6807
2410.0	0.516098	1.05251	0.536411	0.65059	19.9994
2411.0	0.613738	0.159325	0.454413	0.761536	12.5478
2412.0	0.497311	-0.30129	0.798601	0.809242	9.55332
2413.0	0.121916	-0.418032	0.539948	0.748279	13.2139
2414.0	0.499102	0.753662	0.25456	0.717818	15.3831
2415.0	0.207949	-0.153058	0.361007	0.905034	5.92836
2416.0	0.141536	0.799295	0.657759	0.767548	11.9476
2417.0	0.47513	1.3779	0.902774	0.742502	12.9319
2418.0	0.542001	0.753213	0.211211	0.740185	13.9968
2419.0	0.477826	0.0264724	0.451354	0.705783	16.007
2420.0	0.122221	0.539924	0.417704	0.858462	7.78222
2421.0	0.565998	0.162303	0.403695	0.804255	10.3182
2422.0	0.37242	0.418889	0.046469	0.827374	9.3679
2423.0	0.544117	0.523837	0.0202801	0.845116	8.55141
2424.0	0.183692	-0.0855017	0.269193	0.755652	13.0437
2425.0	0.238102	0.479467	0.241365	0.838999	8.76801
2426.0	0.495692	1.29438	0.798692	0.880047	6.41679
2427.0	0.019197	0.480739	0.461542	0.954587	4.05981
2428.0	0.495043	0.461709	0.0333341	0.776702	11.9426
2429.0	0.519474	-0.123909	0.643383	0.793835	10.5686
2430.0	0.355558	0.408291	0.0527334	0.784614	11.5137
2431.0	0.589325	0.234131	0.355194	0.706849	16.0343
2432.0	0.539727	1.40266	0.862929	0.831262	8.4011
2433.0	0.325263	0.731775	0.406512	0.855866	7.90429
2434.0	0.273175	-1.08089	1.35407	0.76819	10.331
2435.0	0.52126	0.855511	0.334251	0.732948	14.36
2436.0	0.521151	0.00175883	0.519392	0.795862	10.6251
2437.0	0.0626061	-1.19925	1.26186	0.678812	16.0953
2438.0	0.267107	1.31816	1.05106	0.814234	8.81477
2439.0	0.405779	-0.956115	1.36189	0.885631	5.02956
2440.0	0.331383	0.240647	0.0907361	0.87323	7.32358
2441.0	0.643893	0.489036	0.154857	0.867969	7.529
2442.0	0.436155	0.751326	0.315171	0.741705	13.838
2443.0	0.00280318	-0.352136	0.35494	0.830646	9.08184
2444.0	0.598742	0.777331	0.178589	0.819786	9.69795
2445.0	0.0902339	-0.17774	0.267974	0.802251	10.52
2446.0	0.000670076	0.101349	0.100679	0.736499	14.2649
2447.0	0.358966	0.74596	0.386994	0.71966	15.1564
2448.0	0.412197	0.571533	0.159337	0.841513	8.68813
2449.0	0.0983007	-1.20893	1.30723	0.733034	12.4387
2450.0	0.156438	-0.4673	0.623738	0.802839	10.1402
2451.0	0.509817	1.46376	0.953941	0.830434	8.26664
2452.0	0.519193	0.836095	0.316902	0.767117	12.3573
2453.0	0.487351	0.165559	0.321792	0.809114	10.1413
2454.0	0.209473	0.0831621	0.126311	0.847981	8.40666
2455.0	0.581292	0.254551	0.326741	0.785564	11.3449
2456.0	0.30588	0.664031	0.358151	0.767891	12.2815
2457.0	0.580806	0.845879	0.265073	0.839974	8.71085
2458.0	0.498068	1.27535	0.777279	0.864999	7.06857
2459.0	0.00378436	0.534491	0.530707	0.976679	3.26682
2460.0	0.252056	-0.296369	0.548425	0.83084	8.88719
2461.0	0.433237	-0.137981	0.571218	0.803083	10.197
2462.0	0.334581	1.05073	0.716151	0.857061	7.4974
2463.0	0.286218	1.09065	0.804435	0.781796	10.9338
2464.0	0.506349	0.577622	0.0712731	0.802949	10.5588
2465.0	0.312115	0.564153	0.252038	0.70907	15.9648
2466.0	0.0694862	0.322513	0.253027	0.665444	19.1247
2467.0	0.206683	0.509877	0.303194	0.694414	16.9376
2468.0	0.217516	0.536856	0.319339	0.793094	10.9554
2469.0	0.048407	0.35888	0.310473	0.81436	9.89109
2470.0	0.222914	-0.34279	0.565704	0.832059	8.81041
2471.0	0.676416	0.481335	0.195081	0.88481	6.81697
2472.0	0.246036	0.949622	0.703586	0.745502	13.135
2473.0	0.648681	1.29488	0.646198	0.88909	6.27132
2474.0	0.553011	0.848345	0.295334	0.718708	15.2968
2475.0	0.367466	0.800189	0.432722	0.916191	5.45138
2476.0	0.370731	0.249109	0.121621	0.749566	13.4694
2477.0	0.293054	-0.142995	0.436049	0.654667	19.8051
2478.0	0.661197	0.800185	0.138987	0.824224	9.49885
2479.0	0.362162	0.215377	0.146785	0.766739	12.4707
2480.0	0.226642	0.686902	0.46026	0.7774	11.6623
2481.0	0.132723	0.262113	0.12939	0.866376	7.60399
2482.0	0.0622088	0.37759	0.315381	0.818833	9.67067
2483.0	0.0242441	-0.0161742	0.0404183	0.862569	7.78226
2484.0	0.690941	0.130522	0.560419	0.774574	11.6985
2485.0	0.107707	-0.195235	0.302942	0.858096	7.88293
2486.0	0.589844	1.02948	0.43964	0.821106	9.46021
2487.0	0.663316	1.08573	0.422409	0.885364	6.65536
2488.0	0.538154	0.66869	0.130536	0.68474	17.7313
2489.0	0.141123	0.362907	0.221784	0.724974	14.9402
2490.0	0.348343	0.631859	0.283516	0.82323	9.48044
2491.0	0.537346	-0.0378264	0.575172	0.860653	7.52846
2492.0	0.365014	0.460505	0.0954916	0.77252	12.163
2493.0	0.3379	0.317749	0.0201514	0.865914	7.64031
2494.0	0.653051	1.02766	0.374614	0.765491	12.4018
2495.0	0.392349	0.0581017	0.334247	0.814727	9.8565
2496.0	0.48669	0.83675	0.35006	0.870842	7.30812
2497.0	0.593216	0.602653	0.00943712	0.87471	7.27005
2498.0	0.646987	1.12685	0.479868	0.900786	5.9955
2499.0	0.178622	0.235588	0.0569669	0.834413	9.03736
2500.0	0.0360372	-0.379234	0.415272	0.814269	9.81273
2501.0	0.578885	0.937132	0.358247	0.867028	7.46286
2502.0	0.065912	0.758994	0.693082	0.776571	11.4005
2503.0	0.0156446	0.52588	0.510235	0.812895	9.78411
2504.0	0.285626	0.343261	0.0576354	0.835707	8.97738
2505.0	0.0571799	-0.362192	0.419371	0.663749	19.103
2506.0	0.649679	0.878295	0.228615	0.786798	11.3414
2507.0	0.189601	1.33295	1.14335	0.869205	6.20015
2508.0	0.415897	0.851949	0.436052	0.846567	8.28822
2509.0	0.545263	0.85214	0.306878	0.740029	13.946
2510.0	0.521024	0.402116	0.118908	0.715414	15.6051
2511.0	0.25049	1.02546	0.774972	0.789676	10.5749
2512.0	0.477699	0.836429	0.358731	0.741282	13.828
2513.0	0.33856	0.0482046	0.290355	0.845902	8.42827
2514.0	0.397501	0.214142	0.183359	0.725633	14.9176
2515.0	0.515845	1.09413	0.57828	0.924267	5.01468
2516.0	0.117913	0.162298	0.0443843	0.86344	7.74451
2517.0	0.639028	0.0296941	0.609334	0.796283	10.4907
2518.0	0.587241	0.470419	0.116822	0.786236	11.4151
2519.0	0.487413	-0.023893	0.511306	0.752182	13.021
2520.0	0.0717239	-0.154787	0.226511	0.883641	6.85126
2521.0	0.268385	1.13188	0.863493	0.850605	7.53937
2522.0	0.59279	0.0764207	0.51637	0.877299	6.89577
2523.0	0.605783	-0.143141	0.748924	0.81739	9.24307
2524.0	0.605713	0.323015	0.282698	0.828235	9.24393
2525.0	0.0924435	0.553079	0.460636	0.794521	10.7581
2526.0	0.659475	1.67648	1.017	0.796385	9.75792
2527.0	0.0574016	0.552241	0.49484	0.756538	12.7882
2528.0	0.103704	0.212384	0.108679	0.903132	6.11666
2529.0	0.441992	0.811217	0.369225	0.865999	7.49835
2530.0	0.671872	0.654033	0.0178385	0.800419	10.6926
2531.0	0.425466	0.340445	0.0850206	0.847439	8.44
2532.0	0.00809093	-1.39619	1.40428	0.740322	11.7094
2533.0	0.289249	0.918744	0.629495	0.849305	7.95365
2534.0	0.287941	0.821324	0.533383	0.862126	7.51263
2535.0	0.380282	0.120336	0.259946	0.74788	13.506
2536.0	0.179825	0.238758	0.0589332	0.811882	10.1144
2537.0	0.519619	0.537371	0.017752	0.700328	16.6435
2538.0	0.0650502	0.0752491	0.0101989	0.656221	19.946
2539.0	0.178606	0.577297	0.39869	0.74801	13.3885
2540.0	0.515011	0.25189	0.263121	0.873159	7.26499
2541.0	0.515364	0.244526	0.270838	0.866536	7.53957
2542.0	0.094673	-0.145312	0.239985	0.845313	8.48264
2543.0	0.104979	1.23081	1.12583	0.903995	4.88715
2544.0	0.259174	0.5051	0.245926	0.873369	7.26505
2545.0	0.0915139	-0.135123	0.226637	0.769105	12.3034
2546.0	0.42279	0.467016	0.0442254	0.719578	15.3476
2547.0	0.193235	0.679867	0.486632	0.838555	8.60028
2548.0	0.204166	0.211088	0.00692164	0.934529	4.95697
2549.0	0.196478	-0.448261	0.64474	0.801379	10.184
2550.0	0.18879	0.38345	0.19466	0.804161	10.4612
2551.0	0.280086	0.348726	0.0686403	0.781713	11.6669
2552.0	0.37289	0.529968	0.157078	0.825005	9.45594
2553.0	0.162304	-0.177978	0.340281	0.90796	5.83035
2554.0	0.367003	1.1286	0.761601	0.742894	13.1881
2555.0	0.638964	0.1932	0.445764	0.781692	11.4464
2556.0	0.0677132	-0.188408	0.256121	0.893998	6.42176
2557.0	0.0245792	-0.464329	0.488909	0.791244	10.8975
2558.0	0.464263	0.225774	0.238489	0.76381	12.5945
2559.0	0.335716	-0.220539	0.556255	0.816008	9.57982
2560.0	0.468521	-0.52776	0.996281	0.793602	9.94288
2561.0	0.0031866	0.570645	0.567459	0.89414	6.16541
2562.0	0.287407	0.355063	0.0676559	0.800768	10.67
2563.0	0.674058	0.755342	0.0812837	0.867505	7.56635
2564.0	0.120985	-0.291307	0.412292	0.751619	13.1627
2565.0	0.280146	0.539642	0.259496	0.829702	9.18856
2566.0	0.13657	-1.02133	1.1579	0.854721	6.76564
2567.0	0.130507	-0.454153	0.584659	0.890027	6.30828
2568.0	0.286311	-0.311197	0.597508	0.866991	7.23327
2569.0	0.276995	-0.403016	0.680011	0.763648	12.1301
2570.0	0.620354	0.771966	0.151612	0.890938	6.58533
2571.0	0.57159	0.617944	0.0463542	0.826942	9.38831
2572.0	0.14372	0.294259	0.15054	0.822047	9.5993
2573.0	0.200479	1.04073	0.840255	0.725501	14.0958
2574.0	0.699321	0.639272	0.0600491	0.790987	11.1761
2575.0	0.559749	-0.784168	1.34392	0.721523	13.0164
2576.0	0.107543	0.168325	0.0607826	0.749912	13.4623
2577.0	0.110646	0.39481	0.284164	0.813797	9.93568
2578.0	0.398663	-0.0803475	0.47901	0.871116	7.1889
2579.0	0.6316	-0.152898	0.784498	0.880118	6.436
2580.0	0.686444	1.24129	0.554846	0.785795	11.105
2581.0	0.192644	0.473897	0.281254	0.919879	5.41703
2582.0	0.242216	-0.038338	0.280554	0.792567	11.0089
2583.0	0.243795	-0.376984	0.620779	0.694292	16.5633
2584.0	0.361065	0.594693	0.233628	0.747477	13.5456
2585.0	0.596389	0.822578	0.226189	0.837645	8.8375
2586.0	0.151632	0.68215	0.530518	0.965491	3.63239
2587.0	0.369259	-0.328963	0.698222	0.819281	9.23142
2588.0	0.0816726	0.427121	0.345449	0.892293	6.43654
2589.0	0.103645	0.291998	0.188353	0.835108	8.97093
2590.0	0.620577	0.00320544	0.617371	0.852292	7.8383
2591.0	0.336997	0.164643	0.172353	0.828811	9.27063
2592.0	0.294073	0.495391	0.201318	0.723238	15.0623
2593.0	0.376662	0.17202	0.204641	0.770349	12.2452
2594.0	0.161565	-0.446998	0.608564	0.946202	4.20384
2595.0	0.0670579	0.131379	0.0643215	0.814465	9.98669
2596.0	0.0659428	0.361176	0.295233	0.772865	12.0535
2597.0	0.0371699	-0.191104	0.228274	0.914065	5.66013
2598.0	0.0141402	-0.0312358	0.045376	0.8423	8.67695
2599.0	0.21495	0.464464	0.249514	0.779889	11.6992
2600.0	0.206075	-0.243347	0.449422	0.854907	7.90827
2601.0	0.57198	0.461322	0.110658	0.828357	9.3107
2602.0	0.44372	0.728215	0.284496	0.878433	7.03466
2603.0	0.0166116	0.173775	0.157163	0.757565	12.9897
2604.0	0.382698	0.237812	0.144886	0.800057	10.688
2605.0	0.572993	0.320667	0.252327	0.733475	14.3864
2606.0	0.595393	0.612335	0.0169411	0.889785	6.6539
2607.0	0.250182	0.644924	0.394742	0.764882	12.418
2608.0	0.401198	0.355758	0.0454398	0.778533	11.8418
2609.0	0.675735	0.133526	0.542209	0.808532	9.96156
2610.0	0.115529	0.54182	0.426291	0.861627	7.63857
2611.0	0.677863	0.492743	0.18512	0.7877	11.3142
2612.0	0.542138	-0.788225	1.33036	0.843381	6.82063
2613.0	0.683414	0.306326	0.377088	0.705456	16.1081
2614.0	0.433247	0.0507635	0.382483	0.936452	4.75184
2615.0	0.279193	1.49631	1.21712	0.704461	14.4882
2616.0	0.256772	0.263778	0.00700616	0.85353	8.17713
2617.0	0.0446588	0.480506	0.435847	0.806677	10.1675
2618.0	0.69794	1.41294	0.715002	0.706819	15.5455
2619.0	0.0485089	0.299985	0.251476	0.779048	11.7436
2620.0	0.0158343	0.171041	0.155207	0.770335	12.2667
2621.0	0.126324	0.731468	0.605144	0.700929	16.1289
2622.0	0.173354	-0.593382	0.766737	0.754556	12.4986
2623.0	0.22623	0.244255	0.0180248	0.677018	18.3257
2624.0	0.070494	-0.542999	0.613493	0.889533	6.29406
2625.0	0.388183	-0.0745103	0.462694	0.866594	7.39436
2626.0	0.479899	0.692663	0.212764	0.840549	8.71101
2627.0	0.461408	0.535597	0.0741894	0.836891	8.92049
2628.0	0.305294	0.512932	0.207638	0.843994	8.55719
2629.0	0.499274	-0.284991	0.784266	0.829727	8.60717
2630.0	0.125187	0.603362	0.478175	0.83412	8.81193
2631.0	0.359056	0.671005	0.311949	0.770004	12.1999
2632.0	0.047922	0.753721	0.705799	0.798874	10.2193
2633.0	0.581245	0.935368	0.354123	0.755203	13.0069
2634.0	0.685968	0.477838	0.208129	0.834796	8.97703
2635.0	0.670755	0.501009	0.169746	0.802675	10.5463
2636.0	0.398999	0.110681	0.288318	0.81714	9.77026
2637.0	0.42544	-0.305588	0.731028	0.872541	6.82482
2638.0	0.555852	1.11142	0.555572	0.87106	7.11168
2639.0	0.257065	-0.175338	0.432404	0.74777	13.3691
2640.0	0.428709	1.5975	1.16879	0.838268	7.44788
2641.0	0.0472933	0.437845	0.390551	0.805906	10.2471
2642.0	0.0693903	0.0714348	0.00204445	0.733286	14.4767
2643.0	0.154445	0.0822224	0.0722229	0.765371	12.5669
2644.0	0.0981178	-0.086133	0.184251	0.705929	16.2152
2645.0	0.0750319	0.383253	0.308221	0.731267	14.4855
2646.0	0.631685	0.562572	0.0691128	0.833387	9.08331
2647.0	0.611815	0.384092	0.227723	0.805274	10.3898
2648.0	0.571162	1.09836	0.527196	0.804393	10.1846
2649.0	0.388077	0.387194	0.000883035	0.946796	4.52306
2650.0	0.484529	0.635328	0.150799	0.781189	11.6745
2651.0	0.459621	0.560326	0.100705	0.740079	14.0453
2652.0	0.588711	1.00859	0.419883	0.861168	7.66382
2653.0	0.00162749	0.406709	0.405081	0.756775	12.8701
2654.0	0.254822	-0.0479391	0.302761	0.92043	5.38466
2655.0	0.626	-0.0106742	0.636674	0.801074	10.2107
2656.0	0.041096	0.598869	0.557773	0.740355	13.6631
2657.0	0.338376	0.874982	0.536606	0.851948	7.94914
2658.0	0.405595	0.46952	0.0639249	0.767755	12.4341
2659.0	0.586165	0.144882	0.441282	0.790155	11.004
2660.0	0.661149	0.569823	0.0913262	0.922401	5.39087
2661.0	0.162405	0.446926	0.284521	0.833693	8.9881
2662.0	0.110678	0.516117	0.40544	0.859692	7.73945
2663.0	0.339262	0.36786	0.0285987	0.732997	14.4937
2664.0	0.500813	0.324218	0.176595	0.832417	9.10031
2665.0	0.441099	0.761566	0.320467	0.671152	18.631
2666.0	0.212369	0.926624	0.714255	0.744928	13.1509
2667.0	0.363427	1.2192	0.855769	0.646625	19.7004
2668.0	0.418452	0.623311	0.204859	0.870091	7.42114
2669.0	0.421921	0.103062	0.31886	0.86402	7.61784
2670.0	0.0386611	0.365562	0.326901	0.878509	7.00559
2671.0	0.549578	-0.307331	0.856909	0.825255	8.68867
2672.0	0.150006	0.843024	0.693019	0.786331	10.8829
2673.0	0.495217	0.406584	0.0886328	0.777366	11.8986
2674.0	0.487359	0.180218	0.307141	0.836852	8.82822
2675.0	0.329714	0.553413	0.223699	0.829117	9.23447
2676.0	0.517619	0.373081	0.144539	0.79571	10.9111
2677.0	0.151634	-0.307984	0.459618	0.809483	10.0051
2678.0	0.673692	-0.102199	0.775892	0.670505	18.0041
2679.0	0.568882	0.408807	0.160075	0.744302	13.7706
2680.0	0.578318	0.832848	0.25453	0.794562	10.9211
2681.0	0.0259971	0.104395	0.0783983	0.74994	13.4577
2682.0	0.307987	0.511516	0.203529	0.90237	6.11739
2683.0	0.0967126	-0.229984	0.326697	0.762572	12.6061
2684.0	0.461138	-0.0775922	0.53873	0.653675	19.7452
2685.0	0.594167	1.70518	1.11101	0.76959	10.9235
2686.0	0.4686	0.0190069	0.449593	0.750284	13.2026
2687.0	0.444802	-0.301847	0.74665	0.788458	10.6859
2688.0	0.497333	0.814935	0.317602	0.93193	4.95602
2689.0	0.114242	-0.409598	0.523841	0.839827	8.50316
2690.0	0.403508	1.44289	1.03938	0.851305	7.17079
2691.0	0.560947	0.956372	0.395425	0.878735	6.94685
2692.0	0.414714	0.258958	0.155756	0.803365	10.5165
2693.0	0.127822	0.71569	0.587869	0.830483	8.85632
2694.0	0.617835	-0.505296	1.12313	0.736301	12.7709
2695.0	0.462701	0.582649	0.119948	0.839912	8.7726
2696.0	0.465277	0.945888	0.480611	0.79142	10.8974
2697.0	0.0749955	-0.620453	0.695449	0.739157	13.5273
2698.0	0.0625707	0.274672	0.212102	0.834416	8.99281
2699.0	0.50732	-0.0534719	0.560792	0.754884	12.8013
2700.0	0.385292	1.43995	1.05465	0.751502	12.062
2701.0	0.351515	0.390579	0.0390648	0.90083	6.21612
2702.0	0.461434	0.72154	0.260106	0.817521	9.76862
2703.0	0.285934	1.145	0.859069	0.635846	20.5915
2704.0	0.670178	0.84673	0.176552	0.835343	8.96462
2705.0	0.243143	0.634995	0.391851	0.785458	11.2974
2706.0	0.15942	-0.155634	0.315054	0.849659	8.24522
2707.0	0.165936	0.369266	0.203331	0.913626	5.68697
2708.0	0.338482	1.31414	0.975658	0.790107	10.1645
2709.0	0.608357	0.0515121	0.556845	0.771535	11.8692
2710.0	0.471305	0.290563	0.180742	0.831671	9.13348
2711.0	0.291406	0.211734	0.0796714	0.704918	16.3197
2712.0	0.0967153	0.479009	0.382294	0.729068	14.5603
2713.0	0.53299	0.745046	0.212055	0.899864	6.21144
2714.0	0.557807	1.1979	0.64009	0.890407	6.22689
2715.0	0.681455	0.643917	0.0375383	0.833315	9.09026
2716.0	0.625132	0.758359	0.133227	0.841822	8.68212
2717.0	0.630979	0.471351	0.159628	0.88594	6.78374
2718.0	0.346812	1.09943	0.75262	0.882261	6.39794
2719.0	0.0245689	0.15817	0.133601	0.752719	13.2799
2720.0	0.481017	0.119974	0.361043	0.650681	20.2138
2721.0	0.572071	0.980879	0.408809	0.796767	10.6931
2722.0	0.073941	0.66873	0.594789	0.760919	12.4102
2723.0	0.0101308	-1.02775	1.03788	0.842507	7.55519
2724.0	0.505166	0.249049	0.256117	0.879566	7.00344
2725.0	0.400657	0.552581	0.151924	0.719704	15.3128
2726.0	0.3017	1.2821	0.980399	0.783757	10.4808
2727.0	0.571271	0.814193	0.242921	0.71924	15.2977
2728.0	0.19854	0.220857	0.0223172	0.791635	11.1457
2729.0	0.419192	0.494863	0.0756707	0.876215	7.2018
2730.0	0.477231	-0.296409	0.773639	0.67771	17.4725
2731.0	0.413406	0.95533	0.541924	0.824109	9.2098
2732.0	0.578212	1.90272	1.3245	0.672897	16.3099
2733.0	0.109032	-0.0501935	0.159226	0.75861	12.9287
2734.0	0.435589	1.00319	0.5676	0.906349	5.69339
2735.0	0.448102	0.555757	0.107655	0.798484	10.7788
2736.0	0.364444	0.689913	0.325469	0.789081	11.1603
2737.0	0.381473	1.37258	0.991102	0.868577	6.54432
2738.0	0.387692	0.431826	0.0441342	0.884824	6.85233
2739.0	0.076259	0.135392	0.0591328	0.802075	10.6048
2740.0	0.295017	0.255904	0.0391124	0.747381	13.6153
2741.0	0.363003	0.614049	0.251046	0.749091	13.4396
2742.0	0.183542	0.283547	0.100005	0.816905	9.86122
2743.0	0.067129	0.545507	0.478378	0.826877	9.14864
2744.0	0.66918	0.915662	0.246482	0.766856	12.4182
2745.0	0.697326	0.054088	0.643238	0.885962	6.39953
2746.0	0.588083	0.792383	0.2043	0.687847	17.4726
2747.0	0.487588	-0.193892	0.68148	0.749567	12.9326
2748.0	0.205279	0.733322	0.528043	0.840903	8.44987
2749.0	0.61261	0.36783	0.244779	0.863596	7.67856
2750.0	0.152598	-0.245605	0.398203	0.806427	10.2144
2751.0	0.60587	0.00113589	0.604734	0.714123	15.2459
2752.0	0.13747	0.417497	0.280027	0.757496	12.93
2753.0	0.0803133	0.261407	0.181094	0.799698	10.6931
2754.0	0.212506	0.501468	0.288963	0.774645	11.96
2755.0	0.178555	0.110359	0.068196	0.921304	5.43496
2756.0	0.534337	0.421444	0.112893	0.873567	7.30495
2757.0	0.0157108	0.434204	0.418493	0.862297	7.61662
2758.0	0.2916	0.491475	0.199875	0.685829	17.6213
2759.0	0.582242	1.06714	0.484901	0.760425	12.5773
2760.0	0.383729	0.467358	0.0836289	0.807512	10.3273
2761.0	0.460572	0.484119	0.0235468	0.887646	6.73958
2762.0	0.514355	-0.26509	0.779445	0.932189	4.4763
2763.0	0.437875	1.41252	0.974649	0.713249	14.5741
2764.0	0.626964	-0.107455	0.734419	0.917584	5.06682
2765.0	0.171587	0.329571	0.157984	0.818629	9.76136
2766.0	0.693816	0.745472	0.0516566	0.812196	10.0998
2767.0	0.281445	-0.0522084	0.333653	0.820072	9.5982
2768.0	0.359573	-0.0128361	0.372409	0.829626	9.11596
2769.0	0.519294	-0.0894115	0.608706	0.768093	11.9891
2770.0	0.606923	0.482314	0.12461	0.800469	10.6731
2771.0	0.109769	-0.205485	0.315254	0.799919	10.6076
2772.0	0.622487	1.28321	0.66072	0.729926	14.1494
2773.0	0.1573	0.361381	0.204081	0.812804	10.0272
2774.0	0.293925	0.452397	0.158472	0.932804	4.99551
2775.0	0.0489104	0.424536	0.375625	0.807472	10.1816
2776.0	0.518567	0.69268	0.174113	0.801223	10.6182
2777.0	0.351386	0.249384	0.102002	0.869967	7.45836
2778.0	0.673787	1.16713	0.493346	0.933364	4.77161
2779.0	0.185491	-0.430545	0.616036	0.777541	11.4631
2780.0	0.177113	0.281771	0.104658	0.725554	14.9509
2781.0	0.441995	0.65553	0.213535	0.947903	4.44251
2782.0	0.409729	0.822904	0.413175	0.888305	6.54489
2783.0	0.654983	1.33916	0.684182	0.752437	12.7614
2784.0	0.230017	-0.861391	1.09141	0.77588	10.6372
2785.0	0.181729	0.270495	0.0887654	0.814036	10.0036
2786.0	0.427974	-0.150518	0.578493	0.751194	12.9916
2787.0	0.427605	0.661212	0.233607	0.753156	13.2105
2788.0	0.66713	0.539325	0.127805	0.79321	11.0457
2789.0	0.207132	-0.228126	0.435258	0.873139	7.14482
2790.0	0.0661763	0.500966	0.434789	0.809633	10.022
2791.0	0.431882	0.730392	0.29851	0.882912	6.84325
2792.0	0.311261	0.592282	0.281022	0.860104	7.80917
2793.0	0.424181	0.93172	0.507539	0.840515	8.48962
2794.0	0.401655	0.814026	0.412371	0.730924	14.4144
2795.0	0.467276	0.531989	0.0647128	0.808529	10.2798
2796.0	0.083602	0.158128	0.0745264	0.863132	7.75405
2797.0	0.295676	-0.576788	0.872464	0.949396	3.74082
2798.0	0.482753	0.811407	0.328654	0.832878	8.99712
2799.0	0.275418	0.58159	0.306172	0.890132	6.54773
2800.0	0.0233177	0.785337	0.76202	0.834137	8.4412
2801.0	0.0387709	0.287985	0.249214	0.87419	7.22918
2802.0	0.482574	0.0439486	0.438626	0.73449	14.1655
2803.0	0.623467	0.415235	0.208232	0.737549	14.1596
2804.0	0.0629174	0.207236	0.144319	0.816742	9.85736
2805.0	0.362017	0.323134	0.0388825	0.747443	13.6116
2806.0	0.437479	0.982643	0.545164	0.821339	9.33736
2807.0	0.430484	1.39738	0.966893	0.82564	8.46037
2808.0	0.655515	1.09402	0.438501	0.772389	11.9581
2809.0	0.60514	0.118745	0.486396	0.79159	10.8823
2810.0	0.621942	0.726061	0.104119	0.875347	7.23269
2811.0	0.604816	-0.033259	0.638075	0.827368	8.93595
2812.0	0.0545672	0.992295	0.937728	0.816322	8.95455
2813.0	0.267933	0.660643	0.392709	0.851847	8.09159
2814.0	0.652085	0.981955	0.329869	0.850473	8.19925
2815.0	0.325341	0.185984	0.139357	0.860902	7.83581
2816.0	0.573323	0.521332	0.0519913	0.953554	4.28684
2817.0	0.68201	0.394972	0.287038	0.69174	17.1396
2818.0	0.653744	0.570131	0.0836133	0.821593	9.63802
2819.0	0.621194	1.10514	0.483941	0.88515	6.60885
2820.0	0.617821	0.323425	0.294396	0.773946	11.9946
2821.0	0.602696	0.392826	0.20987	0.782299	11.5904
2822.0	0.687043	0.144229	0.542814	0.846842	8.16749
2823.0	0.126291	-0.368195	0.494486	0.720233	15.0006
2824.0	0.119989	0.465257	0.345268	0.714166	15.5543
2825.0	0.32163	0.177642	0.143988	0.765665	12.5321
2826.0	0.175182	0.0819455	0.0932362	0.909394	5.8789
2827.0	0.60744	0.451062	0.156378	0.78281	11.5854
2828.0	0.662079	0.459703	0.202376	0.768075	12.3731
2829.0	0.5954	0.339991	0.255409	0.725639	14.8778
2830.0	0.479737	-0.0598112	0.539548	0.713286	15.3949
2831.0	0.510837	0.508659	0.00217859	0.706683	16.2077
2832.0	0.272915	0.716853	0.443939	0.860194	7.68444
2833.0	0.00424304	-0.354958	0.359201	0.886742	6.64877
2834.0	0.238306	0.947165	0.708859	0.754745	12.5879
2835.0	0.540686	0.132852	0.407833	0.767662	12.25
2836.0	0.424472	-0.107891	0.532364	0.789286	10.9496
2837.0	0.570007	0.332125	0.237881	0.823831	9.47741
2838.0	0.679527	0.565572	0.113955	0.945491	4.5566
2839.0	0.536626	0.0884073	0.448219	0.723591	14.8395
2840.0	0.546201	0.0717006	0.4745	0.633903	21.4967
2841.0	0.169408	-0.500381	0.669789	0.783707	11.0563
2842.0	0.429673	0.412611	0.0170616	0.774374	12.0711
2843.0	0.33832	-0.220786	0.559106	0.80893	9.92161
2844.0	0.678548	0.120236	0.558312	0.899305	5.97396
2845.0	0.0446749	0.734249	0.689574	0.751506	12.8066
2846.0	0.239176	-0.327637	0.566813	0.878863	6.77744
2847.0	0.526232	0.40303	0.123202	0.752198	13.3137
2848.0	0.0589534	0.682361	0.623408	0.842398	8.26815
2849.0	0.0918137	0.270797	0.178984	0.687762	17.4916
2850.0	0.64998	1.1282	0.478223	0.742867	13.6113
2851.0	0.50473	1.19861	0.693879	0.774249	11.5246
2852.0	0.523898	0.359051	0.164846	0.808499	10.2559
2853.0	0.13186	-0.118332	0.250192	0.85471	8.06059
2854.0	0.300575	0.41983	0.119255	0.908828	5.89518
2855.0	0.134194	-0.847968	0.982162	0.791498	10.0798
2856.0	0.401925	0.220545	0.18138	0.890297	6.60119
2857.0	0.0283645	-0.691082	0.719447	0.717722	14.8219
2858.0	0.554084	0.109917	0.444167	0.851269	8.07249
2859.0	0.689125	0.490224	0.198901	0.875841	7.18328
2860.0	0.125048	0.679356	0.554308	0.698122	16.3981
2861.0	0.286655	0.591143	0.304488	0.761309	12.6945
2862.0	0.648995	1.32301	0.674019	0.864791	7.22789
2863.0	0.378774	0.781952	0.403178	0.905061	5.89622
2864.0	0.643154	0.600288	0.0428652	0.859433	7.9174
2865.0	0.656706	-0.0183604	0.675067	0.80219	10.0995
2866.0	0.238571	0.124297	0.114274	0.932148	5.03047
2867.0	0.611634	1.23579	0.624155	0.769965	11.8639
2868.0	0.596192	-0.643618	1.23981	0.797054	9.18315
2869.0	0.447953	0.397485	0.0504682	0.826471	9.41021
2870.0	0.649359	-0.103878	0.753238	0.894973	5.89494
2871.0	0.145848	0.423316	0.277468	0.883069	6.84893
2872.0	0.221799	0.835378	0.613579	0.748132	13.1212
2873.0	0.521696	0.637854	0.116158	0.929712	5.11825
2874.0	0.256319	0.959094	0.702774	0.828728	8.78094
2875.0	0.0695857	-0.125097	0.194682	0.77526	11.9789
2876.0	0.120247	0.127754	0.00750762	0.759087	12.9312
2877.0	0.597597	0.858191	0.260594	0.774944	11.9616
2878.0	0.0754027	-0.407114	0.482517	0.858729	7.71096
2879.0	0.592063	0.518848	0.073215	0.749487	13.4855
2880.0	0.0197795	0.648651	0.628871	0.772174	11.7359
2881.0	0.635259	0.684625	0.0493662	0.871809	7.38895
2882.0	0.573114	0.298191	0.274923	0.802948	10.4806
2883.0	0.489813	-0.664556	1.15437	0.782227	10.15
2884.0	0.173762	1.00969	0.835925	0.791545	10.3701
2885.0	0.698287	0.820836	0.122549	0.850681	8.28746
2886.0	0.0420788	0.792774	0.750695	0.805589	9.81289
2887.0	0.410411	1.23311	0.822704	0.84614	7.80451
2888.0	0.103031	0.380856	0.277825	0.866636	7.53142
2889.0	0.0108433	0.335662	0.324819	0.768806	12.257
2890.0	0.264158	-0.00861565	0.272773	0.923557	5.28563
2891.0	0.264394	0.463115	0.198721	0.836707	8.89295
2892.0	0.176622	-0.620315	0.796937	0.883467	6.28238
2893.0	0.0587456	-0.254572	0.313317	0.746349	13.5603
2894.0	0.301879	0.382353	0.0804735	0.890213	6.63065
2895.0	0.681831	-1.05487	1.7367	0.682817	14.0368
2896.0	0.558279	-0.131688	0.689967	0.82313	9.06144
2897.0	0.670409	0.74614	0.0757307	0.894561	6.45828
2898.0	0.0377906	-0.680578	0.718369	0.833573	8.53458
2899.0	0.133891	0.359366	0.225475	0.760361	12.798
2900.0	0.586546	0.742642	0.156096	0.754749	13.1535
2901.0	0.477759	-0.0285204	0.50628	0.746263	13.3753
2902.0	0.326603	0.216102	0.110501	0.890655	6.6073
2903.0	0.0396489	-0.196548	0.236197	0.754964	13.1035
2904.0	0.0793708	0.125746	0.0463757	0.912194	5.77874
2905.0	0.0723795	-0.137958	0.210337	0.881197	6.95796
2906.0	0.530762	0.169476	0.361285	0.908902	5.78028
2907.0	0.00785129	-0.653891	0.661742	0.77215	11.6886
2908.0	0.416731	0.387365	0.0293659	0.768827	12.3779
2909.0	0.464773	0.648313	0.18354	0.926128	5.2298
2910.0	0.271166	-0.201651	0.472817	0.754212	12.9479
2911.0	0.285468	0.13597	0.149499	0.615056	23.5045
2912.0	0.229303	1.17866	0.949356	0.885781	5.93189
2913.0	0.263227	-0.15016	0.413387	0.833012	8.92422
2914.0	0.366175	-0.238388	0.604563	0.644366	20.4034
2915.0	0.634334	0.784571	0.150237	0.86461	7.67335
2916.0	0.00306671	-0.547319	0.550386	0.759359	12.5584
2917.0	0.0485981	0.602923	0.554325	0.789066	10.9343
2918.0	0.275133	-0.0519913	0.327124	0.894869	6.34674
2919.0	0.560462	1.01075	0.450284	0.860671	7.65815
2920.0	0.330785	1.05349	0.722708	0.840038	8.23514
2921.0	0.446716	0.0655993	0.381117	0.881551	6.8428
2922.0	0.263584	-0.0152524	0.278837	0.809011	10.1748
2923.0	0.344973	-0.137042	0.482015	0.729095	14.4521
2924.0	0.598271	1.23073	0.632461	0.856421	7.63982
2925.0	0.282535	0.59902	0.316484	0.821331	9.54982
2926.0	0.21851	1.09059	0.872081	0.649902	19.3949
2927.0	0.559539	0.832344	0.272805	0.765684	12.4681
2928.0	0.291717	1.05112	0.759403	0.754072	12.5394
2929.0	0.147446	0.160092	0.0126462	0.833923	9.06337
2930.0	0.567843	0.508257	0.0595865	0.828038	9.33508
2931.0	0.361835	0.381213	0.0193776	0.636311	21.6142
2932.0	0.369808	1.35506	0.985257	0.647326	19.3118
2933.0	0.477141	1.2773	0.800159	0.63792	20.5547
2934.0	0.324566	1.15536	0.830797	0.774414	11.2782
2935.0	0.372641	-0.445815	0.818456	0.892353	5.89796
2936.0	0.432045	0.08032	0.351725	0.792364	10.9688
2937.0	0.060291	0.102527	0.0422356	0.802823	10.5688
2938.0	0.473132	0.560879	0.0877468	0.819216	9.75172
2939.0	0.189591	-0.310906	0.500497	0.755914	12.8175
2940.0	0.325162	1.0271	0.701936	0.760233	12.2869
2941.0	0.325531	0.646691	0.32116	0.822171	9.50644
2942.0	0.138108	0.970887	0.832779	0.966782	3.22394
2943.0	0.453833	0.50433	0.0504973	0.714773	15.6622
2944.0	0.512689	0.193246	0.319443	0.783432	11.4636
2945.0	0.254417	1.082	0.827587	0.934554	4.32178
2946.0	0.346618	-0.270167	0.616785	0.762875	12.2688
2947.0	0.247547	0.260792	0.0132452	0.846814	8.47536
2948.0	0.421203	0.957123	0.53592	0.818881	9.46556
2949.0	0.396209	0.41502	0.0188111	0.859537	7.91441
2950.0	0.680592	1.28722	0.606633	0.79123	10.7539
2951.0	0.522581	1.34419	0.821605	0.770354	11.5153
2952.0	0.462088	0.282273	0.179815	0.829186	9.25017
2953.0	0.107899	-0.410102	0.518001	0.8615	7.5558
2954.0	0.360999	0.455705	0.0947063	0.719513	15.3429
2955.0	0.000598705	0.143011	0.142412	0.632543	21.9148
2956.0	0.0943272	0.653974	0.559647	0.901392	5.89188
2957.0	0.436466	1.32186	0.88539	0.702039	15.5207
2958.0	0.601027	1.13827	0.537239	0.907383	5.68622
2959.0	0.229	-0.319067	0.548067	0.928494	4.89332
2960.0	0.235017	0.804562	0.569545	0.788658	10.9364
2961.0	0.163783	-0.113917	0.2777	0.852073	8.16145
2962.0	0.680715	0.380951	0.299764	0.90243	6.068
2963.0	0.321866	0.0505868	0.27128	0.776664	11.8611
2964.0	0.421763	0.790821	0.369058	0.715977	15.4136
2965.0	0.243753	0.00919418	0.234558	0.869612	7.42809
2966.0	0.392192	-0.267878	0.66007	0.838305	8.40343
2967.0	0.342888	-0.590514	0.933403	0.807711	9.37637
2968.0	0.514635	0.0559847	0.45865	0.749149	13.2596
2969.0	0.236542	0.526299	0.289756	0.828475	9.22836
2970.0	0.0485697	-0.0316011	0.0801707	0.745117	13.7449
2971.0	0.203112	-0.816368	1.01948	0.805017	9.32694
2972.0	0.239704	0.574269	0.334565	0.814666	9.85921
2973.0	0.218708	-0.324056	0.542765	0.882336	6.66275
2974.0	0.685014	-0.507944	1.19296	0.721229	13.4923
2975.0	0.0347901	0.362441	0.327651	0.852371	8.11702
2976.0	0.394866	-0.12115	0.516016	0.840701	8.47214
2977.0	0.134379	0.128232	0.00614736	0.845927	8.51531
2978.0	0.532965	0.246106	0.286859	0.786188	11.3396
2979.0	0.318595	0.435404	0.116809	0.905506	6.02317
2980.0	0.614544	0.297158	0.317385	0.798579	10.6745
2981.0	0.115441	-0.350679	0.46612	0.85821	7.74928
2982.0	0.583577	-0.249098	0.832675	0.76855	11.5929
2983.0	0.616665	-0.276486	0.893151	0.783112	10.6962
2984.0	0.609977	0.551438	0.0585392	0.772905	12.1484
2985.0	0.233312	0.455537	0.222225	0.876062	7.16424
2986.0	0.611974	1.1377	0.525728	0.790545	10.8919
2987.0	0.534449	0.65426	0.119811	0.829603	9.24983
2988.0	0.414992	0.931787	0.516795	0.905218	5.78944
2989.0	0.215484	0.404247	0.188763	0.822839	9.54734
2990.0	0.183637	0.0625998	0.121037	0.783989	11.5336
2991.0	0.356622	0.140112	0.216509	0.704423	16.3012
2992.0	0.168872	-0.570873	0.739745	0.946608	4.02891
2993.0	0.463392	-0.176467	0.639859	0.689987	16.8351
2994.0	0.43937	0.533659	0.0942885	0.965452	3.87862
2995.0	0.67007	-0.302457	0.972527	0.763649	11.5734
2996.0	0.471549	0.538453	0.0669045	0.818256	9.80168
2997.0	0.495142	0.459092	0.0360503	0.833855	9.06529
2998.0	0.46012	0.028744	0.431375	0.783974	11.3392
2999.0	0.26868	0.665619	0.396939	0.856047	7.9043
3000.0	0.0883782	0.377442	0.289064	0.925154	5.21837
3001.0	0.106956	0.379203	0.272247	0.81308	9.97809
3002.0	0.354843	-0.797842	1.15269	0.789902	9.76324
3003.0	0.498822	0.9349	0.436078	0.838134	8.6685
3004.0	0.390568	0.683636	0.293068	0.776629	11.8488
3005.0	0.114142	0.852986	0.738844	0.79575	10.3246
3006.0	0.0213026	0.454941	0.433639	0.739409	13.8695
3007.0	0.0185037	-0.389617	0.40812	0.781235	11.5075
3008.0	0.588128	0.139522	0.448606	0.675292	18.1837
3009.0	0.178046	-0.0416106	0.219656	0.816098	9.85881
3010.0	0.656582	0.946066	0.289483	0.801672	10.536
3011.0	0.579787	0.877296	0.297509	0.837971	8.7831
3012.0	0.560661	1.29053	0.729871	0.808022	9.72671
3013.0	0.212696	1.19655	0.983853	0.735035	13.1949
3014.0	0.585539	0.789014	0.203475	0.711127	15.8551
3015.0	0.460665	-0.0842804	0.544945	0.815937	9.59673
3016.0	0.186383	-0.278866	0.46525	0.718434	15.1522
3017.0	0.496328	0.55153	0.0552022	0.738476	14.152
3018.0	0.451165	0.340654	0.110511	0.872068	7.3682
3019.0	0.239037	-0.022678	0.261715	0.787263	11.2984
3020.0	0.241774	0.0849983	0.156775	0.841729	8.67916
3021.0	0.327681	0.856823	0.529142	0.768107	12.0932
3022.0	0.130759	-0.303917	0.434676	0.813858	9.81478
3023.0	0.222282	0.895356	0.673073	0.908032	5.50443
3024.0	0.225869	0.229402	0.0035334	0.896858	6.3732
3025.0	0.684326	0.0703035	0.614023	0.854983	7.72549
3026.0	0.390205	0.209545	0.180661	0.799182	10.7196
3027.0	0.370806	0.0777011	0.293104	0.810234	10.1053
3028.0	0.370426	1.03704	0.66661	0.891591	6.14645
3029.0	0.0383912	-0.160755	0.199146	0.79287	11.0371
3030.0	0.18427	0.263887	0.0796164	0.93387	4.97475
3031.0	0.106542	-0.331242	0.437784	0.797453	10.6307
3032.0	0.452391	0.770363	0.317972	0.79696	10.7569
3033.0	0.693385	1.51206	0.818675	0.862162	7.12155
3034.0	0.569729	0.0241688	0.545561	0.911407	5.52544
3035.0	0.303051	-0.252069	0.555121	0.883817	6.58954
3036.0	0.0184154	0.358275	0.33986	0.903958	5.9841
3037.0	0.227815	0.726555	0.49874	0.674757	18.1598
3038.0	0.304833	0.129999	0.174834	0.876398	7.16922
3039.0	0.049822	0.263679	0.213857	0.858914	7.89475
3040.0	0.336106	0.94908	0.612974	0.852453	7.83684
3041.0	0.505743	0.180767	0.324976	0.86701	7.48671
3042.0	0.465661	-0.053851	0.519512	0.812938	9.77166
3043.0	0.169601	0.375472	0.20587	0.742994	13.8292
3044.0	0.583592	0.3653	0.218293	0.698278	16.7244
3045.0	0.255414	-0.0291996	0.284613	0.922202	5.32927
3046.0	0.483392	0.448883	0.0345091	0.872162	7.37543
3047.0	0.259791	0.466058	0.206267	0.805665	10.3805
3048.0	0.472613	1.01523	0.54262	0.797191	10.5298
3049.0	0.183134	0.107806	0.0753273	0.799477	10.7346
3050.0	0.392728	0.744968	0.35224	0.808493	10.1496
3051.0	0.172814	-0.105684	0.278498	0.76775	12.3485
3052.0	0.559898	1.41915	0.859253	0.802514	9.77483
3053.0	0.0219911	1.07252	1.05052	0.878318	6.03167
3054.0	0.470146	0.585962	0.115816	0.804678	10.4623
3055.0	0.324096	0.519034	0.194938	0.862239	7.75918
3056.0	0.425486	0.932623	0.507136	0.720098	14.9935
3057.0	0.292219	0.361949	0.0697303	0.833665	9.07033
3058.0	0.461008	0.979632	0.518624	0.749319	13.1796
3059.0	0.434001	0.0547355	0.379266	0.72627	14.7398
3060.0	0.119359	0.0454352	0.0739236	0.794936	10.9684
3061.0	0.316931	0.818586	0.501655	0.736114	13.9933
3062.0	0.0295832	-0.2121	0.241683	0.906386	5.946
3063.0	0.66419	0.491789	0.172401	0.754011	13.1901
3064.0	0.498098	0.621029	0.122931	0.791673	11.1272
3065.0	0.041424	0.169999	0.128575	0.836909	8.90797
3066.0	0.543335	0.299688	0.243647	0.682589	17.8324
3067.0	0.0744729	-0.0691153	0.143588	0.807706	10.3026
3068.0	0.00553206	0.122214	0.116682	0.867692	7.5513
3069.0	0.107093	0.51502	0.407927	0.853406	8.01055
3070.0	0.389204	0.859787	0.470583	0.749776	13.2094
3071.0	0.286897	0.335633	0.0487363	0.910692	5.83558
3072.0	0.516029	0.0445204	0.471508	0.819467	9.50736
3073.0	0.694127	0.686966	0.00716048	0.799547	10.7373
3074.0	0.34291	0.00749675	0.335413	0.884051	6.77379
3075.0	0.657535	0.180863	0.476672	0.860573	7.6374
3076.0	0.629656	1.10999	0.480331	0.912438	5.5505
3077.0	0.486316	0.442382	0.043934	0.761204	12.8075
3078.0	0.437303	0.761091	0.323788	0.845074	8.44397
3079.0	0.154131	0.0889753	0.0651552	0.773346	12.1231
3080.0	0.0994662	0.556987	0.457521	0.846917	8.25268
3081.0	0.271377	-0.246007	0.517383	0.855236	7.82648
3082.0	0.110305	0.200676	0.0903712	0.860714	7.8555
3083.0	0.453352	0.996703	0.543351	0.749284	13.1503
3084.0	0.564405	0.503014	0.0613913	0.764287	12.6299
3085.0	0.573888	0.0709467	0.502942	0.803453	10.2592
3086.0	0.64861	0.188055	0.460555	0.872716	7.13968
3087.0	0.479088	-0.0201731	0.499262	0.694423	16.7313
3088.0	0.345762	0.522347	0.176585	0.798674	10.7472
3089.0	0.1432	0.345513	0.202313	0.712979	15.7323
3090.0	0.0197825	-0.296219	0.316001	0.886125	6.70247
3091.0	0.391654	1.31145	0.919798	0.692809	16.0717
3092.0	0.103489	0.935894	0.832405	0.83789	8.15464
3093.0	0.283589	0.795416	0.511827	0.774225	11.7773
3094.0	0.152372	0.443323	0.29095	0.894507	6.38293
3095.0	0.40581	0.287861	0.11795	0.874224	7.27634
3096.0	0.0669166	0.373909	0.306992	0.824924	9.38495
3097.0	0.626467	0.0336487	0.592818	0.950488	4.07383
3098.0	0.115529	0.311672	0.196143	0.819823	9.68904
3099.0	0.165701	0.688731	0.52303	0.78153	11.3699
3100.0	0.227321	1.05723	0.829908	0.778146	11.0802
3101.0	0.216298	0.5838	0.367502	0.895211	6.30579
3102.0	0.231809	0.721294	0.489485	0.810877	9.90548
3103.0	0.648156	-0.660132	1.30829	0.795702	9.06333
3104.0	0.0751296	-0.500833	0.575963	0.717183	15.0889
3105.0	0.0219536	-0.0334614	0.055415	0.848699	8.38807
3106.0	0.0369613	0.199628	0.162667	0.783957	11.5218
3107.0	0.255492	-0.141137	0.396629	0.75447	13.0115
3108.0	0.0722217	-0.743842	0.816063	0.811878	9.39506
3109.0	0.332276	0.72475	0.392474	0.78127	11.52
3110.0	0.193412	0.634457	0.441045	0.862267	7.59816
3111.0	0.0631959	-0.552548	0.615744	0.744108	13.3562
3112.0	0.358907	-0.384167	0.743074	0.723722	14.3963
3113.0	0.148359	-0.113316	0.261674	0.981891	3.28758
3114.0	0.459353	-0.0972709	0.556624	0.670383	18.4079
3115.0	0.482598	0.176165	0.306433	0.744058	13.7027
3116.0	0.572029	0.483621	0.0884076	0.769224	12.3476
3117.0	0.331949	-0.0169634	0.348913	0.834321	8.91576
3118.0	0.57698	0.797882	0.220902	0.795987	10.8655
3119.0	0.00914406	-0.354938	0.364082	0.879017	6.95905
3120.0	0.417824	0.500261	0.0824368	0.801417	10.6346
3121.0	0.257497	1.17776	0.920262	0.738283	13.1446
3122.0	0.17858	0.561585	0.383005	0.73013	14.4929
3123.0	0.0971465	0.00279869	0.0943478	0.789372	11.2548
3124.0	0.0617697	0.458112	0.396342	0.733597	14.2641
3125.0	0.140845	0.458681	0.317835	0.973188	3.54048
3126.0	0.454346	-0.478015	0.932361	0.832571	8.21179
3127.0	0.495305	0.376705	0.118601	0.765445	12.5523
3128.0	0.282332	0.651378	0.369045	0.746436	13.5093
3129.0	0.487638	1.33935	0.851711	0.851564	7.51838
3130.0	0.619101	0.197053	0.422048	0.883038	6.7497
3131.0	0.469745	0.809657	0.339911	0.868363	7.41946
3132.0	0.197002	-0.264074	0.461077	0.73154	14.3237
3133.0	0.646619	-0.260035	0.906655	0.908366	5.14225
3134.0	0.675569	0.398087	0.277482	0.678107	18.1407
3135.0	0.536329	-0.0913016	0.627631	0.896503	6.00318
3136.0	0.309236	0.497481	0.188245	0.842801	8.61915
3137.0	0.188109	0.488078	0.299969	0.749448	13.3861
3138.0	0.213565	0.814973	0.601408	0.815921	9.52759
3139.0	0.490286	0.564217	0.0739313	0.729662	14.6971
3140.0	0.392115	0.342277	0.0498378	0.91362	5.7245
3141.0	0.38945	0.261974	0.127476	0.844173	8.5773
3142.0	0.359017	1.23796	0.878942	0.790653	10.3342
3143.0	0.166686	0.752064	0.585378	0.867808	7.21344
3144.0	0.0287813	0.28031	0.251529	0.85669	7.97339
3145.0	0.0545455	-0.438455	0.493001	0.791044	10.9034
3146.0	0.180713	0.612183	0.43147	0.91076	5.65639
3147.0	0.368994	-0.162548	0.531542	0.764377	12.2984
3148.0	0.445524	0.905713	0.460189	0.859666	7.69211
3149.0	0.621545	0.911281	0.289736	0.876246	7.1219
3150.0	0.203825	0.665054	0.461229	0.899649	6.05659
3151.0	0.356573	-0.211548	0.568121	0.769885	11.9453
3152.0	0.285266	0.238603	0.0466629	0.820416	9.69983
3153.0	0.476881	-0.0316777	0.508559	0.756293	12.7861
3154.0	0.554895	-0.199379	0.754275	0.853266	7.60396
3155.0	0.0798494	-0.442284	0.522133	0.728972	14.4102
3156.0	0.4772	0.143708	0.333493	0.816424	9.77447
3157.0	0.583254	-0.639061	1.22231	0.749575	11.7311
3158.0	0.0293172	0.0691162	0.0397989	0.745091	13.7523
3159.0	0.504429	-0.472839	0.977269	0.789339	10.2002
3160.0	0.433506	0.148766	0.28474	0.921364	5.36014
3161.0	0.436681	0.527533	0.0908517	0.74805	13.5673
3162.0	0.233655	0.473957	0.240302	0.836616	8.87782
3163.0	0.226834	0.504114	0.27728	0.815645	9.84968
3164.0	0.561669	-0.171559	0.733229	0.68255	17.1998
3165.0	0.127279	0.844711	0.717432	0.907558	5.46357
3166.0	0.453207	-0.781215	1.23442	0.773867	10.3741
3167.0	0.673887	0.00866913	0.665217	0.680931	17.4434
3168.0	0.569377	-0.127978	0.697354	0.813231	9.52311
3169.0	0.576094	0.325543	0.250551	0.871096	7.35786
3170.0	0.524246	1.08929	0.565047	0.768575	12.0217
3171.0	0.590271	1.09458	0.504308	0.773226	11.8406
3172.0	0.389831	0.821387	0.431556	0.914606	5.51158
3173.0	0.302186	0.931901	0.629715	0.774885	11.5871
3174.0	0.578817	0.176522	0.402295	0.783235	11.406
3175.0	0.547293	0.560029	0.0127363	0.636298	21.6156
3176.0	0.16363	-0.720355	0.883985	0.875931	6.4421
3177.0	0.0994734	0.37247	0.272996	0.86032	7.80442
3178.0	0.221163	1.08803	0.866867	0.931901	4.35418
3179.0	0.0514262	-0.0496845	0.101111	0.896586	6.37392
3180.0	0.616005	0.68809	0.072085	0.708503	16.0778
3181.0	0.551008	0.0898822	0.461126	0.709078	15.7738
3182.0	0.255795	-0.0978295	0.353625	0.789815	11.1002
3183.0	0.695987	0.12889	0.567097	0.829423	8.93094
3184.0	0.172763	0.149415	0.0233481	0.697029	16.8733
3185.0	0.46091	0.454968	0.00594176	0.819725	9.73546
3186.0	0.497913	0.37919	0.118722	0.836352	8.93622
3187.0	0.208612	0.277538	0.0689258	0.8835	6.90336
3188.0	0.0631542	0.855166	0.792012	0.752345	12.5794
3189.0	0.0560832	0.462262	0.406179	0.837247	8.73556
3190.0	0.657198	0.41391	0.243287	0.818174	9.74616
3191.0	0.574063	1.11084	0.536777	0.846896	8.17182
3192.0	0.0166243	0.115851	0.0992263	0.85766	7.98619
3193.0	0.051634	-0.60124	0.652874	0.738418	13.6412
3194.0	0.0895816	-0.476666	0.566247	0.796715	10.5249
3195.0	0.193238	0.861623	0.668385	0.713303	15.1978
3196.0	0.347505	-0.0134522	0.360957	0.721332	15.0726
3197.0	0.588947	1.17807	0.589118	0.875516	6.88886
3198.0	0.057254	0.275456	0.218202	0.763056	12.6481
3199.0	0.196907	0.0743591	0.122547	0.776118	11.9584
3200.0	0.277446	0.836947	0.559501	0.764941	12.2313
3201.0	0.528077	0.501829	0.0262475	0.733139	14.4849
3202.0	0.110985	-0.0740338	0.185019	0.884275	6.84249
3203.0	0.409327	0.0433285	0.365999	0.797141	10.711
3204.0	0.405404	0.758257	0.352854	0.789418	11.1217
3205.0	0.510201	0.327329	0.182872	0.683475	17.802
3206.0	0.453731	0.867375	0.413644	0.788583	11.1129
3207.0	0.423511	1.0883	0.664786	0.702283	15.9394
3208.0	0.415659	0.598319	0.18266	0.747673	13.5595
3209.0	0.238435	0.294625	0.0561893	0.813858	10.0175
3210.0	0.296291	-0.0154342	0.311725	0.809399	10.1342
3211.0	0.553534	0.470511	0.083023	0.592032	25.7987
3212.0	0.544938	0.410482	0.134456	0.779076	11.7939
3213.0	0.684839	0.815098	0.130259	0.840797	8.72953
3214.0	0.0962166	0.0456679	0.0505487	0.884595	6.86104
3215.0	0.478047	1.00353	0.525485	0.801277	10.343
3216.0	0.274643	-0.224545	0.499188	0.793511	10.7688
3217.0	0.503961	0.295204	0.208756	0.819472	9.70042
3218.0	0.329558	0.398924	0.0693663	0.777447	11.8977
3219.0	0.490669	1.70904	1.21837	0.862998	6.28028
3220.0	0.468652	1.14094	0.672289	0.801536	10.1363
3221.0	0.0785374	0.180248	0.10171	0.832407	9.12299
3222.0	0.497294	-0.350454	0.847748	0.844305	7.84244
3223.0	0.505173	0.125543	0.37963	0.779033	11.6516
3224.0	0.481362	0.717474	0.236112	0.731575	14.5147
3225.0	0.291271	0.64832	0.357049	0.751738	13.2064
3226.0	0.198832	0.525992	0.327161	0.683318	17.7152
3227.0	0.139411	0.19041	0.050999	0.838558	8.84701
3228.0	0.368196	0.897998	0.529802	0.828711	9.00752
3229.0	0.530285	1.09666	0.566377	0.774314	11.7049
3230.0	0.0292479	-0.384726	0.413974	0.740487	13.8243
3231.0	0.0304564	0.332869	0.302413	0.732151	14.4347
3232.0	0.357262	-0.135446	0.492709	0.923283	5.13672
3233.0	0.0676145	-0.605839	0.673454	0.781822	11.1504
3234.0	0.397441	0.489874	0.0924331	0.870472	7.43898
3235.0	0.438545	0.654759	0.216214	0.834203	9.00082
3236.0	0.11915	0.870642	0.751492	0.811424	9.52605
3237.0	0.1335	0.766517	0.633017	0.881178	6.60471
3238.0	0.363621	0.339079	0.0245423	0.765715	12.5529
3239.0	0.116117	0.358028	0.24191	0.916604	5.55865
3240.0	0.468848	0.0466278	0.42222	0.782022	11.4521
3241.0	0.283806	0.794983	0.511177	0.798017	10.5245
3242.0	0.53903	-0.00981848	0.548849	0.866813	7.297
3243.0	0.648561	1.53761	0.889049	0.833432	8.25472
3244.0	0.47004	1.08805	0.618009	0.75589	12.6639
3245.0	0.451017	0.0659128	0.385104	0.708059	15.9243
3246.0	0.535685	0.467211	0.0684735	0.841435	8.71346
3247.0	0.271446	-0.307431	0.578877	0.808931	9.89701
3248.0	0.215566	0.558319	0.342753	0.7749	11.9068
3249.0	0.345812	-0.0497471	0.395559	0.702208	16.3114
3250.0	0.180566	-0.254599	0.435166	0.904889	5.87694
3251.0	0.157311	0.174191	0.0168803	0.76779	12.4366
3252.0	0.393144	1.57897	1.18582	0.684282	15.9481
3253.0	0.458293	0.756982	0.298689	0.758647	12.8509
3254.0	0.0757024	0.439567	0.363865	0.63626	21.4267
3255.0	0.456429	0.0427472	0.413682	0.788655	11.109
3256.0	0.353919	0.750857	0.396939	0.754922	12.985
3257.0	0.0129456	0.853822	0.840876	0.749575	12.6456
3258.0	0.242731	0.654386	0.411655	0.932233	4.88102
3259.0	0.268586	0.306294	0.0377083	0.828999	9.29207
3260.0	0.319326	0.200842	0.118484	0.802847	10.554
3261.0	0.332159	0.593063	0.260904	0.990187	3.02432
3262.0	0.12396	-0.619542	0.743502	0.804763	9.86541
3263.0	0.578384	1.57948	1.0011	0.790465	10.0911
3264.0	0.399753	0.111817	0.287936	0.816353	9.80868
3265.0	0.00167218	0.448832	0.44716	0.900937	6.01902
3266.0	0.0317992	0.38905	0.357251	0.747685	13.4453
3267.0	0.694407	1.00581	0.311407	0.741253	13.8682
3268.0	0.318733	1.39243	1.07369	0.745386	12.3658
3269.0	0.47893	-0.626812	1.10574	0.728324	13.2968
3270.0	0.67908	0.00304418	0.676036	0.828329	8.83838
3271.0	0.115876	0.00898798	0.106888	0.831044	9.18548
3272.0	0.294317	-0.501942	0.796258	0.772222	11.4605
3273.0	0.105864	-0.198582	0.304446	0.807216	10.2476
3274.0	0.348237	-0.656319	1.00456	0.880918	6.01981
3275.0	0.569049	1.00906	0.440007	0.852635	8.01628
3276.0	0.268036	0.343153	0.0751165	0.75783	12.9971
3277.0	0.479407	0.451338	0.0280692	0.726594	14.8972
3278.0	0.263263	0.489329	0.226066	0.801964	10.5575
3279.0	0.150167	0.143054	0.00711329	0.829462	9.27179
3280.0	0.593493	0.241296	0.352197	0.669674	18.715
3281.0	0.249743	0.743958	0.494215	0.762792	12.4324
3282.0	0.104772	0.426819	0.322047	0.8511	8.17682
3283.0	0.661247	1.25954	0.598294	0.828219	8.94846
3284.0	0.601747	0.50558	0.0961678	0.881005	7.00078
3285.0	0.314028	-0.170002	0.48403	0.713	15.4856
3286.0	0.103888	0.157195	0.0533074	0.876509	7.19251
3287.0	0.010712	0.267534	0.256822	0.855009	8.04401
3288.0	0.0213322	-0.50938	0.530712	0.827377	9.06888
3289.0	0.196933	-0.118632	0.315565	0.738617	14.0255
3290.0	0.460556	0.328342	0.132214	0.800841	10.652
3291.0	0.451756	0.556011	0.104255	0.845274	8.53333
3292.0	0.514948	0.355624	0.159323	0.821122	9.64069
3293.0	0.467446	0.848816	0.38137	0.801282	10.4873
3294.0	0.361209	0.11484	0.246369	0.776762	11.8706
3295.0	0.680016	0.634069	0.0459469	0.827238	9.37436
3296.0	0.37048	0.536824	0.166345	0.771591	12.1929
3297.0	0.148222	0.559632	0.41141	0.778022	11.6775
3298.0	0.252073	1.15872	0.906642	0.746861	12.668
3299.0	0.279286	0.199607	0.079679	0.829481	9.26416
3300.0	0.544045	0.868016	0.323971	0.721011	15.1251
3301.0	0.411378	0.809435	0.398057	0.804318	10.32
3302.0	0.0748639	0.269561	0.194697	0.754792	13.1349
3303.0	0.0811717	-0.370227	0.451399	0.896143	6.20207
3304.0	0.0127084	-0.537731	0.550439	0.831964	8.83284
3305.0	0.0355341	-0.42695	0.462485	0.872834	7.13296
3306.0	0.0416013	-0.295056	0.336657	0.876455	7.08378
3307.0	0.0520124	-0.355746	0.407759	0.781704	11.4828
3308.0	0.369147	0.29869	0.070457	0.774722	12.0466
3309.0	0.52721	0.500506	0.0267038	0.793296	11.0588
3310.0	0.145797	-0.989121	1.13492	0.817908	8.44957
3311.0	0.597184	0.201988	0.395196	0.820464	9.53094
3312.0	0.660247	0.906351	0.246104	0.839542	8.74077
3313.0	0.614855	0.378746	0.236109	0.904132	6.03531
3314.0	0.126876	-0.851316	0.978192	0.679353	16.8803
3315.0	0.425343	1.11839	0.693052	0.76561	12.0
3316.0	0.445712	0.125871	0.319841	0.877299	7.06001
3317.0	0.566897	0.0235269	0.54337	0.840285	8.46063
3318.0	0.556342	1.08321	0.526872	0.70171	16.1894
3319.0	0.285332	0.113467	0.171864	0.690954	17.2655
3320.0	0.64076	-0.438602	1.07936	0.771315	10.9089
3321.0	0.25159	0.878736	0.627146	0.763726	12.206
3322.0	0.289107	1.13431	0.845204	0.849381	7.62437
3323.0	0.0476396	-0.750383	0.798023	0.743902	13.0607
3324.0	0.456403	-0.181713	0.638115	0.822854	9.14783
3325.0	0.113413	0.886873	0.77346	0.792162	10.4497
3326.0	0.481755	-0.0539497	0.535705	0.857249	7.71949
3327.0	0.346579	1.79624	1.44967	0.83345	6.91894
3328.0	0.616737	0.504914	0.111822	0.817451	9.83198
3329.0	0.281807	1.14981	0.868005	0.834382	8.25007
3330.0	0.482596	0.225195	0.257401	0.785266	11.4067
3331.0	0.180617	0.753736	0.573119	0.832294	8.79067
3332.0	0.491926	0.3875	0.104426	0.727296	14.84
3333.0	0.502844	0.417	0.0858439	0.803351	10.5359
3334.0	0.490923	0.980176	0.489253	0.84005	8.52976
3335.0	0.645762	-0.00779698	0.653559	0.846103	8.06315
3336.0	0.399702	0.872083	0.472381	0.833829	8.83113
3337.0	0.587961	1.01063	0.422673	0.78129	11.4908
3338.0	0.31453	1.12138	0.80685	0.739367	13.3138
3339.0	0.0317981	1.46038	1.42858	0.851143	6.22624
3340.0	0.193207	1.23282	1.03961	0.703877	15.0243
3341.0	0.213488	0.228091	0.0146026	0.657072	19.8772
3342.0	0.0941087	1.11203	1.01792	0.873254	6.30079
3343.0	0.183797	-1.24081	1.42461	0.734247	11.9945
3344.0	0.00859693	0.022347	0.01375	0.756386	13.0871
3345.0	0.277474	0.76918	0.491705	0.824132	9.26424
3346.0	0.587674	0.173286	0.414387	0.686136	17.4239
3347.0	0.641962	0.00836279	0.633599	0.855499	7.67818
3348.0	0.638169	0.775734	0.137565	0.777258	11.8917
3349.0	0.608686	0.0626336	0.546053	0.695478	16.5937
3350.0	0.491738	0.405903	0.0858351	0.838282	8.85459
3351.0	0.190639	0.0221018	0.168538	0.805432	10.4078
3352.0	0.267426	0.626118	0.358692	0.844772	8.43262
3353.0	0.2538	-0.664934	0.918734	0.790133	10.2819
3354.0	0.0890335	-0.352397	0.441431	0.86562	7.45506
3355.0	0.166585	0.540295	0.37371	0.720052	15.1436
3356.0	0.365497	0.270556	0.0949419	0.881871	6.96558
3357.0	0.330144	0.32648	0.00366451	0.824464	9.50828
3358.0	0.107452	0.314446	0.206994	0.917856	5.52681
3359.0	0.412863	0.0735865	0.339276	0.949224	4.33295
3360.0	0.189625	0.707016	0.517391	0.820544	9.40695
3361.0	0.416111	0.389298	0.0268136	0.890252	6.63476
3362.0	0.618824	0.273341	0.345483	0.792738	10.9543
3363.0	0.279479	0.880469	0.60099	0.777109	11.5073
3364.0	0.117324	-0.358321	0.475644	0.8258	9.2021
3365.0	0.226388	1.07801	0.85162	0.941361	4.04788
3366.0	0.337692	0.267129	0.0705631	0.771354	12.2324
3367.0	0.457477	-0.0227044	0.480182	0.812624	9.82972
3368.0	0.47415	-0.576081	1.05023	0.780372	10.4997
3369.0	0.127882	0.322903	0.195021	0.839452	8.76868
3370.0	0.222018	-0.19752	0.419538	0.782562	11.4258
3371.0	0.433726	0.689505	0.255779	0.85963	7.84354
3372.0	0.0246592	-0.210195	0.234854	0.772057	12.1352
3373.0	0.345477	0.363334	0.0178572	0.802376	10.5931
3374.0	0.26068	0.535724	0.275044	0.792169	11.0331
3375.0	0.332475	0.125104	0.207372	0.78047	11.69
3376.0	0.187048	-0.274282	0.46133	0.717961	15.1874
3377.0	0.173914	0.10058	0.0733347	0.785206	11.4793
3378.0	0.161016	-0.23103	0.392046	0.855546	7.93012
3379.0	0.524073	0.217833	0.306239	0.729981	14.5676
3380.0	0.637838	0.231333	0.406505	0.740057	13.8578
3381.0	0.183659	-0.350678	0.534337	0.781107	11.3789
3382.0	0.0979133	-0.19392	0.291833	0.766591	12.4046
3383.0	0.465653	0.956602	0.490948	0.767273	12.1848
3384.0	0.47088	0.913957	0.443077	0.715594	15.3628
3385.0	0.471185	0.707031	0.235846	0.710689	15.8663
3386.0	0.168334	0.571108	0.402773	0.847112	8.293
3387.0	0.0608213	0.45294	0.392119	0.858887	7.78508
3388.0	0.634883	-0.161837	0.79672	0.846185	7.84569
3389.0	0.551496	-0.131619	0.683115	0.820155	9.21217
3390.0	0.212153	0.430423	0.218269	0.859758	7.85626
3391.0	0.086006	0.31124	0.225234	0.825142	9.42142
3392.0	0.307537	1.45157	1.14403	0.730107	13.0858
3393.0	0.610087	0.106087	0.504	0.870971	7.17025
3394.0	0.0542024	-0.557198	0.6114	0.844817	8.17549
3395.0	0.551022	-0.483028	1.03405	0.789855	10.0486
3396.0	0.14872	0.612266	0.463546	0.771154	12.0
3397.0	0.572133	0.899205	0.327072	0.722265	15.0417
3398.0	0.684546	0.647577	0.0369684	0.828184	9.33053
3399.0	0.0192304	-0.839035	0.858265	0.887146	6.03757
3400.0	0.142847	0.882612	0.739765	0.829723	8.67865
3401.0	0.224104	0.568973	0.344869	0.799507	10.6069
3402.0	0.0449786	-0.497889	0.542868	0.809002	9.93758
3403.0	0.032518	0.4836	0.451082	0.835359	8.7815
3404.0	0.0193204	0.345897	0.326577	0.748895	13.3988
3405.0	0.0369377	-0.420409	0.457346	0.763662	12.4244
3406.0	0.0175687	-0.358768	0.376337	0.841881	8.54931
3407.0	0.240752	0.530097	0.289345	0.820479	9.60849
3408.0	0.0389541	-0.399181	0.438135	0.841751	8.50247
3409.0	0.675107	0.707525	0.0324184	0.748944	13.5228
3410.0	0.319096	1.03424	0.715143	0.71339	15.1109
3411.0	0.190995	-0.618562	0.809557	0.806182	9.68397
3412.0	0.499814	0.61811	0.118296	0.821347	9.64222
3413.0	0.236349	-0.344535	0.580884	0.852986	7.85292
3414.0	0.683967	0.196705	0.487262	0.84247	8.42249
3415.0	0.616829	-1.32881	1.94564	0.703585	11.7981
3416.0	0.0598742	-0.0163483	0.0762226	0.726025	14.9273
3417.0	0.192072	0.681465	0.489393	0.865146	7.42988
3418.0	0.340065	-0.878283	1.21835	0.804445	8.88031
3419.0	0.521534	1.58559	1.06406	0.885241	5.73058
3420.0	0.488261	0.824438	0.336178	0.809894	10.0924
3421.0	0.597757	0.79851	0.200753	0.867235	7.54354
3422.0	0.070485	0.241504	0.171019	0.782519	11.5956
3423.0	0.648402	0.867345	0.218942	0.865108	7.6262
3424.0	0.583086	1.19519	0.612105	0.779579	11.3593
3425.0	0.675026	0.789875	0.114849	0.871881	7.37505
3426.0	0.0279266	-0.808856	0.836782	0.738833	13.2869
3427.0	0.0555134	0.00910265	0.0464107	0.791894	11.1303
3428.0	0.0189649	-0.201542	0.220507	0.872488	7.31383
3429.0	0.36753	0.21223	0.155299	0.818917	9.74831
3430.0	0.369008	0.0146476	0.354361	0.819227	9.62342
3431.0	0.322363	0.76948	0.447117	0.773286	11.9001
3432.0	0.587103	0.5566	0.0305024	0.679756	18.1203
3433.0	0.366722	1.58036	1.21364	0.740191	12.2941
3434.0	0.483924	0.290883	0.193041	0.746138	13.6464
3435.0	0.00746428	0.0751199	0.0676557	0.668074	19.0021
3436.0	0.385549	0.754156	0.368607	0.893695	6.36478
3437.0	0.404022	0.107545	0.296477	0.776251	11.8671
3438.0	0.622978	0.581943	0.041035	0.822604	9.59529
3439.0	0.566662	0.309702	0.25696	0.706319	16.1474
3440.0	0.193287	0.038511	0.154776	0.763993	12.6228
3441.0	0.179006	0.313612	0.134606	0.773186	12.1158
3442.0	0.25953	0.339819	0.0802888	0.794645	10.9823
3443.0	0.419049	0.42134	0.00229097	0.698939	16.7405
3444.0	0.0734445	-0.33953	0.412974	0.738544	13.9434
3445.0	0.696079	0.288467	0.407612	0.660057	19.4071
3446.0	0.655548	0.510596	0.144951	0.739694	14.0555
3447.0	0.581356	0.812666	0.23131	0.792966	11.0165
3448.0	0.514321	0.637885	0.123565	0.792226	11.0981
3449.0	0.650925	0.170293	0.480632	0.880281	6.8093
3450.0	0.493241	0.789654	0.296413	0.653655	20.0307
3451.0	0.142955	0.621686	0.478732	0.853029	7.96231
3452.0	0.529701	1.01942	0.489721	0.75123	13.1023
3453.0	0.607515	0.730369	0.122854	0.854813	8.10516
3454.0	0.0721938	0.159865	0.0876712	0.844604	8.56682
3455.0	0.0578448	0.0556304	0.00221433	0.797302	10.8525
3456.0	0.177141	0.469638	0.292497	0.949861	4.33803
3457.0	0.187186	0.399858	0.212673	0.74411	13.7584
3458.0	0.612951	-0.0362906	0.649242	0.788278	10.8472
3459.0	0.674725	-0.3847	1.05942	0.805255	9.22641
3460.0	0.687438	1.20746	0.520018	0.828562	9.02543
3461.0	0.273779	0.00851802	0.265261	0.865391	7.59132
3462.0	0.618731	1.65399	1.03526	0.769855	11.0922
3463.0	0.306787	-0.514583	0.82137	0.80319	9.81056
3464.0	0.432832	0.678773	0.245941	0.855219	8.04048
3465.0	0.203398	0.919078	0.715679	0.732688	13.8865
3466.0	0.291005	0.0615867	0.229418	0.707589	16.0786
3467.0	0.205404	-0.439235	0.64464	0.887496	6.33657
3468.0	0.636547	-0.496971	1.13352	0.728594	13.206
3469.0	0.248726	0.719621	0.470895	0.826085	9.19344
3470.0	0.591608	0.771022	0.179414	0.722929	15.0926
3471.0	0.577563	0.343819	0.233744	0.829703	9.20208
3472.0	0.617397	1.60223	0.984836	0.702562	15.2509
3473.0	0.0364833	-0.131068	0.167551	0.775927	11.9538
3474.0	0.522208	0.240232	0.281975	0.793109	10.9798
3475.0	0.41425	0.837008	0.422759	0.83351	8.89288
3476.0	0.354729	-0.00271858	0.357447	0.678395	18.0508
3477.0	0.102378	0.378253	0.275875	0.813879	9.93674
3478.0	0.345583	0.346538	0.000955139	0.876545	7.19389
3479.0	0.275517	0.414173	0.138656	0.716183	15.548
3480.0	0.227135	0.203979	0.0231567	0.816256	9.90314
3481.0	0.311846	0.504953	0.193107	0.730385	14.6121
3482.0	0.132693	0.163917	0.0312242	0.696298	16.9241
3483.0	0.167275	0.760998	0.593723	0.805131	10.066
3484.0	0.380048	-0.0431217	0.42317	0.760342	12.6479
3485.0	0.675304	0.350762	0.324542	0.68109	17.8812
3486.0	0.650417	1.31799	0.66757	0.849503	7.89412
3487.0	0.0853422	0.548786	0.463444	0.641142	20.8895
3488.0	0.0614613	-0.502253	0.563715	0.700209	16.2406
3489.0	0.41069	0.643456	0.232766	0.73241	14.4644
3490.0	0.45597	0.239029	0.216941	0.801524	10.5843
3491.0	0.646027	0.345905	0.300122	0.888861	6.60219
3492.0	0.0436328	0.863561	0.819928	0.848987	7.68449
3493.0	0.501006	0.797539	0.296534	0.856586	7.95248
3494.0	0.350758	-0.819214	1.16997	0.629386	20.247
3495.0	0.193121	0.0836705	0.10945	0.763158	12.6843
3496.0	0.2899	0.463104	0.173204	0.788315	11.2865
3497.0	0.265743	0.224037	0.0417064	0.849607	8.34898
3498.0	0.549614	1.53417	0.984559	0.830263	8.21273
3499.0	0.662986	0.240676	0.422309	0.889214	6.50102
3500.0	0.21947	0.546241	0.326772	0.789453	11.1399
3501.0	0.404239	0.0600585	0.344181	0.861254	7.71922
3502.0	0.647059	0.85864	0.211581	0.749419	13.4421
3503.0	0.030272	-0.397957	0.428229	0.795405	10.7449
3504.0	0.546893	-0.233536	0.780429	0.566036	27.6326
3505.0	0.310113	0.132218	0.177896	0.846944	8.43664
3506.0	0.546747	0.709378	0.162631	0.771344	12.208
3507.0	0.56555	0.989552	0.424001	0.723596	14.8654
3508.0	0.0683252	0.484255	0.41593	0.851255	8.09822
3509.0	0.0896435	-0.303711	0.393355	0.929435	4.99561
3510.0	0.0159545	-0.608471	0.624425	0.758482	12.5063
3511.0	0.468503	0.0784834	0.39002	0.781516	11.509
3512.0	0.402832	-0.486342	0.889174	0.769363	11.4375
3513.0	0.331087	1.13666	0.805573	0.79502	10.248
3514.0	0.51054	0.46032	0.0502204	0.905715	6.02591
3515.0	0.429527	0.608656	0.179129	0.824668	9.46397
3516.0	0.151722	0.410956	0.259234	0.751673	13.2823
3517.0	0.546531	1.66184	1.11531	0.86289	6.5207
3518.0	0.40746	-0.148223	0.555683	0.783911	11.2034
3519.0	0.0766121	0.328848	0.252235	0.770916	12.1885
3520.0	0.0772395	0.342988	0.265748	0.837556	8.82101
3521.0	0.2566	0.692991	0.436391	0.868156	7.35236
3522.0	0.466181	0.163548	0.302634	0.735	14.2575
3523.0	0.338697	-0.277667	0.616364	0.888133	6.34618
3524.0	0.280689	-0.212717	0.493405	0.819006	9.50669
3525.0	0.522014	0.173234	0.34878	0.933865	4.86713
3526.0	0.193891	0.205169	0.011278	0.834137	9.05343
3527.0	0.187454	-0.0358495	0.223303	0.792234	11.0587
3528.0	0.222853	0.129236	0.0936178	0.82783	9.33928
3529.0	0.0789402	0.839303	0.760362	0.817636	9.21285
3530.0	0.579713	0.919318	0.339606	0.864743	7.5731
3531.0	0.155455	0.352065	0.19661	0.844428	8.5423
3532.0	0.599326	0.766627	0.167302	0.715487	15.5827
3533.0	0.602723	-0.172543	0.775266	0.703849	15.6307
3534.0	0.29409	-0.343394	0.637483	0.864144	7.3035
3535.0	0.313466	-0.571166	0.884632	0.766809	11.5862
3536.0	0.296428	0.621956	0.325528	0.730675	14.509
3537.0	0.400468	1.0042	0.603733	0.881811	6.61487
3538.0	0.417149	0.687406	0.270257	0.877292	7.08964
3539.0	0.582144	0.952967	0.370822	0.800757	10.5227
3540.0	0.381107	0.554464	0.173357	0.909146	5.86777
3541.0	0.35178	-0.352696	0.704477	0.69963	16.0507
3542.0	0.283836	-0.0369787	0.320815	0.797821	10.7107
3543.0	0.316127	-0.183621	0.499748	0.797193	10.5793
3544.0	0.0964951	0.165807	0.0693118	0.853388	8.17846
3545.0	0.486425	0.50898	0.0225544	0.797051	10.8648
3546.0	0.584286	0.780295	0.196009	0.889556	6.62538
3547.0	0.40047	1.04364	0.643171	0.740382	13.5378
3548.0	0.462367	-0.376718	0.839084	0.726668	14.0254
3549.0	0.14069	-0.271449	0.412139	0.875866	7.05146
3550.0	0.0574312	0.741212	0.683781	0.826077	8.93216
3551.0	0.669386	-0.0481598	0.717546	0.795952	10.3486
3552.0	0.567091	0.929678	0.362588	0.815492	9.79773
3553.0	0.452351	1.05826	0.605906	0.850117	7.94795
3554.0	0.516948	0.0242243	0.492724	0.784652	11.2389
3555.0	0.240182	-0.164555	0.404736	0.827545	9.18668
3556.0	0.152904	1.31104	1.15813	0.75503	11.5995
3557.0	0.304475	0.566688	0.262213	0.687358	17.4722
3558.0	0.340992	0.704747	0.363756	0.846047	8.37168
3559.0	0.278849	0.141812	0.137037	0.852654	8.19632
3560.0	0.362831	0.33884	0.0239909	0.678124	18.2425
3561.0	0.0969223	-0.700177	0.797099	0.764259	11.896
3562.0	0.013938	-0.543298	0.557236	0.787019	11.0377
3563.0	0.0353744	-0.167514	0.202888	0.771049	12.2072
3564.0	0.08376	0.19405	0.11029	0.897899	6.32037
3565.0	0.0745069	0.339312	0.264805	0.882103	6.89512
3566.0	0.604464	-0.151139	0.755603	0.847529	7.85214
3567.0	0.507683	-0.0927769	0.60046	0.748282	13.1314
3568.0	0.0375212	0.959444	0.921923	0.732845	13.4687
3569.0	0.450606	0.35649	0.0941164	0.740593	14.0155
3570.0	0.353492	1.40083	1.04734	0.762425	11.4684
3571.0	0.182653	0.12367	0.0589831	0.826189	9.42257
3572.0	0.406955	-0.100676	0.507631	0.792538	10.8096
3573.0	0.436424	0.555346	0.118921	0.91382	5.70573
3574.0	0.43134	1.45595	1.02461	0.710809	14.6083
3575.0	0.229778	-0.369088	0.598865	0.690773	16.8458
3576.0	0.538301	0.725176	0.186875	0.761132	12.7727
3577.0	0.420586	0.890364	0.469779	0.738705	13.8727
3578.0	0.630282	1.07085	0.44057	0.759112	12.7005
3579.0	0.444764	0.424559	0.0202049	0.788343	11.3187
3580.0	0.547294	-0.38748	0.934774	0.735207	13.2971
3581.0	0.617364	1.21445	0.597089	0.760215	12.4469
3582.0	0.327033	0.893522	0.566489	0.808491	9.93419
3583.0	0.472455	1.34512	0.872664	0.740483	13.1151
3584.0	0.61789	0.0538645	0.564026	0.832296	8.8015
3585.0	0.35933	0.247078	0.112252	0.859124	7.91971
3586.0	0.384328	0.270753	0.113576	0.833319	9.07785
3587.0	0.376997	0.195534	0.181463	0.778956	11.7834
3588.0	0.277454	0.0531873	0.224266	0.75516	13.0987
3589.0	0.115568	0.409692	0.294124	0.767032	12.3783
3590.0	0.412663	0.698128	0.285465	0.79183	11.0442
3591.0	0.192599	1.01489	0.822287	0.817984	9.09172
3592.0	0.167454	1.06895	0.901495	0.794077	10.1158
3593.0	0.415125	0.431193	0.0160679	0.8999	6.25366
3594.0	0.576211	0.92303	0.346819	0.830993	9.07174
3595.0	0.650785	0.259202	0.391583	0.904209	5.93783
3596.0	0.479094	0.1385	0.340594	0.79439	10.8725
3597.0	0.268056	0.134936	0.133121	0.845171	8.53077
3598.0	0.261262	-0.116008	0.377269	0.768564	12.2276
3599.0	0.0325539	-0.4725	0.505054	0.797695	10.5478
3600.0	0.371888	-0.0313405	0.403228	0.680076	17.8794
3601.0	0.504773	0.406253	0.0985191	0.810711	10.1654
3602.0	0.477256	0.815174	0.337918	0.90208	6.05795
3603.0	0.344862	0.725538	0.380676	0.702299	16.3201
3604.0	0.186976	0.499329	0.312353	0.754213	13.0975
3605.0	0.535039	1.61071	1.07567	0.722274	13.7485
3606.0	0.00866633	-0.507475	0.516142	0.923887	5.09241
3607.0	0.00751476	0.556411	0.548896	0.910516	5.55551
3608.0	0.400641	0.164972	0.235669	0.764489	12.5577
3609.0	0.257464	0.239488	0.0179759	0.811559	10.1338
3610.0	0.564568	0.263243	0.301325	0.747459	13.5031
3611.0	0.0448644	0.326656	0.281792	0.767307	12.3712
3612.0	0.630093	0.890642	0.260549	0.720958	15.175
3613.0	0.651791	0.421563	0.230228	0.829853	9.19676
3614.0	0.464804	0.231344	0.23346	0.749887	13.4028
3615.0	0.519762	1.12972	0.609955	0.860856	7.47792
3616.0	0.335526	1.12831	0.792784	0.835835	8.31424
3617.0	0.593737	0.885249	0.291512	0.76629	12.4217
3618.0	0.607753	0.708764	0.101012	0.712576	15.7983
3619.0	0.179949	-0.148267	0.328216	0.796178	10.7897
3620.0	0.363185	-0.405505	0.76869	0.896644	5.80749
3621.0	0.460617	0.786488	0.325871	0.881526	6.88271
3622.0	0.188376	0.365296	0.17692	0.822326	9.5766
3623.0	0.546424	0.215763	0.330662	0.797675	10.7111
3624.0	0.293952	0.346177	0.052225	0.744617	13.7794
3625.0	0.317443	0.488936	0.171493	0.756563	13.0421
3626.0	0.237031	-0.634782	0.871813	0.774659	11.186
3627.0	0.208357	0.494934	0.286577	0.793624	10.9502
3628.0	0.155501	0.160691	0.00519004	0.86389	7.72722
3629.0	0.307306	1.0076	0.700299	0.829617	8.74341
3630.0	0.0244662	-1.10251	1.12698	0.77426	10.6349
3631.0	0.578079	-0.5655	1.14358	0.701014	14.9307
3632.0	0.541227	0.883731	0.342505	0.771203	12.1103
3633.0	0.28765	0.374961	0.087311	0.653162	20.184
3634.0	0.268252	0.17229	0.0959617	0.851582	8.25361
3635.0	0.0153635	-0.0386737	0.0540371	0.894024	6.48232
3636.0	0.516103	0.873569	0.357466	0.779522	11.644
3637.0	0.12385	-0.120095	0.243946	0.876527	7.13483
3638.0	0.325872	-0.0572975	0.383169	0.806926	10.2025
3639.0	0.481468	0.410555	0.0709123	0.824086	9.52088
3640.0	0.390177	-0.843878	1.23406	0.798062	9.14899
3641.0	0.12386	-0.456017	0.579877	0.834852	8.66484
3642.0	0.488221	0.703324	0.215103	0.691036	17.2375
3643.0	0.278339	0.86557	0.587232	0.78657	11.0226
3644.0	0.382947	0.355653	0.0272937	0.835724	8.97934
3645.0	0.278202	-0.0538357	0.332037	0.838119	8.75341
3646.0	0.631514	1.73062	1.09911	0.772248	10.8109
3647.0	0.101758	0.150503	0.0487447	0.835444	8.99054
3648.0	0.011856	1.14296	1.1311	0.749839	11.9633
3649.0	0.0557335	0.063483	0.00774946	0.766398	12.515
3650.0	0.408411	0.382201	0.0262107	0.709866	15.9917
3651.0	0.3943	0.824468	0.430167	0.741572	13.7421
3652.0	0.360737	0.7593	0.398562	0.769927	12.1327
3653.0	0.47636	0.115246	0.361114	0.822756	9.44917
3654.0	0.0918008	0.241946	0.150145	0.839705	8.77346
3655.0	0.214398	-0.159616	0.374014	0.872771	7.20998
3656.0	0.620756	0.289998	0.330757	0.855698	7.96909
3657.0	0.0615204	-0.00917811	0.0706985	0.793613	11.0375
3658.0	0.25146	0.705978	0.454518	0.830501	9.00287
3659.0	0.385772	0.507494	0.121722	0.867043	7.5776
3660.0	0.443913	0.337761	0.106152	0.804155	10.491
3661.0	0.0707744	-0.28044	0.351214	0.759465	12.7637
3662.0	0.176604	-0.52595	0.702553	0.79744	10.2967
3663.0	0.0605155	-0.204131	0.264646	0.76409	12.5632
3664.0	0.259183	-0.854739	1.11392	0.835895	7.68015
3665.0	0.238648	0.483506	0.244857	0.943681	4.5766
3666.0	0.146419	0.559545	0.413126	0.785043	11.2999
3667.0	0.0506291	0.498074	0.447445	0.854657	7.92102
3668.0	0.147747	-0.105242	0.252989	0.833703	9.00566
3669.0	0.515813	0.851449	0.335637	0.71429	15.5544
3670.0	0.497838	0.335158	0.16268	0.849988	8.30633
3671.0	0.562477	0.985103	0.422626	0.765704	12.3452
3672.0	0.439539	0.570156	0.130617	0.710391	15.9355
3673.0	0.451526	0.356668	0.094858	0.891594	6.57295
3674.0	0.673898	0.0995433	0.574354	0.780831	11.3433
3675.0	0.454245	0.247239	0.207006	0.711401	15.835
3676.0	0.187093	1.50052	1.31343	0.854678	6.38817
3677.0	0.661206	-0.25376	0.914966	0.807673	9.41481
3678.0	0.599133	0.451954	0.147179	0.777731	11.8628
3679.0	0.00135533	-0.477331	0.478687	0.864962	7.44819
3680.0	0.203732	-0.372183	0.575915	0.890731	6.2903
3681.0	0.242345	0.356358	0.114013	0.687574	17.5305
3682.0	0.307485	-0.116567	0.424052	0.809049	10.0609
3683.0	0.31177	0.168485	0.143286	0.937019	4.84874
3684.0	0.032266	0.487112	0.454846	0.914034	5.51332
3685.0	0.0361548	-0.695676	0.731831	0.722512	14.4933
3686.0	0.295471	0.606366	0.310895	0.76183	12.6601
3687.0	0.0858003	0.0260067	0.0597936	0.780658	11.725
3688.0	0.525822	-0.291244	0.817066	0.788783	10.5465
3689.0	0.512823	0.0255999	0.487223	0.767049	12.2015
3690.0	0.0327007	0.938724	0.906023	0.81665	9.00102
3691.0	0.347622	0.0310265	0.316596	0.823995	9.42264
3692.0	0.294314	0.708076	0.413763	0.761249	12.6055
3693.0	0.103914	-0.403709	0.507623	0.764773	12.3052
3694.0	0.144605	0.44374	0.299134	0.852216	8.14231
3695.0	0.039775	0.277281	0.237506	0.813048	9.999
3696.0	0.612275	1.09891	0.486638	0.787681	11.086
3697.0	0.511976	0.857963	0.345987	0.751466	13.2317
3698.0	0.674073	0.297563	0.37651	0.931114	4.94716
3699.0	0.338132	0.248084	0.0900481	0.831037	9.18934
3700.0	0.41844	0.491513	0.0730727	0.735669	14.3221
3701.0	0.343013	0.326828	0.016185	0.851312	8.27486
3702.0	0.541823	1.22603	0.684212	0.840785	8.25785
3703.0	0.258064	-0.134173	0.392237	0.805039	10.289
3704.0	0.0876586	0.775894	0.688235	0.783042	11.0632
3705.0	0.56083	1.33699	0.776165	0.747283	12.9027
3706.0	0.399766	0.605317	0.205552	0.818509	9.74837
3707.0	0.389891	-0.0877918	0.477682	0.813483	9.79039
3708.0	0.326689	0.568245	0.241556	0.854566	8.07129
3709.0	0.13299	-0.710535	0.843524	0.772474	11.3587
3710.0	0.0211034	0.256227	0.235124	0.824844	9.43063
3711.0	0.60977	1.04955	0.439781	0.720014	15.0787
3712.0	0.406314	1.0591	0.652786	0.851774	7.81476
3713.0	0.367197	0.769481	0.402284	0.848319	8.2397
3714.0	0.370616	1.57933	1.20872	0.842097	7.18482
3715.0	0.558137	-0.12468	0.682818	0.733818	13.873
3716.0	0.248175	0.10008	0.148095	0.728411	14.7557
3717.0	0.311828	0.0595181	0.25231	0.955719	4.15714
3718.0	0.276224	-0.297756	0.57398	0.745189	13.3514
3719.0	0.36178	0.281456	0.0803239	0.787587	11.3517
3720.0	0.0477397	0.387468	0.339728	0.80369	10.3991
3721.0	0.205592	0.720462	0.51487	0.770706	11.9666
3722.0	0.615211	0.649799	0.0345874	0.737421	14.219
3723.0	0.0412948	-0.143578	0.184873	0.786115	11.3982
3724.0	0.156517	0.341436	0.184918	0.797417	10.8083
3725.0	0.323439	0.536352	0.212913	0.836089	8.91519
3726.0	0.308277	1.26946	0.96118	0.838057	7.90875
3727.0	0.534395	0.787016	0.25262	0.843241	8.56945
3728.0	0.279384	0.498041	0.218657	0.889002	6.63829
3729.0	0.227385	0.163847	0.0635383	0.859715	7.90293
3730.0	0.557232	0.376535	0.180697	0.804496	10.4502
3731.0	0.0485444	-0.26218	0.310724	0.813516	9.93221
3732.0	0.589616	-0.237014	0.82663	0.693737	16.2166
3733.0	0.436964	0.991869	0.554905	0.835569	8.66184
3734.0	0.215238	-0.265423	0.480661	0.739727	13.7981
3735.0	0.221193	0.327325	0.106131	0.806913	10.3526
3736.0	0.518881	0.656337	0.137456	0.850084	8.30991
3737.0	0.447743	0.748111	0.300369	0.799908	10.6184
3738.0	0.443392	-0.176599	0.619991	0.855284	7.70489
3739.0	0.636711	0.794943	0.158232	0.872183	7.35041
3740.0	0.609847	1.50061	0.890762	0.849847	7.52363
3741.0	0.693105	1.03155	0.338449	0.759098	12.7951
3742.0	0.24284	0.299961	0.0571206	0.801948	10.6115
3743.0	0.190224	0.851115	0.66089	0.698997	16.1706
3744.0	0.57452	0.803081	0.228562	0.784881	11.4431
3745.0	0.585098	0.250693	0.334406	0.685792	17.5284
3746.0	0.146121	0.489983	0.343862	0.774974	11.9019
3747.0	0.143662	0.0147089	0.128953	0.758476	12.9467
3748.0	0.179555	0.268348	0.0887927	0.916093	5.62622
3749.0	0.534701	1.02881	0.494107	0.770883	11.9811
3750.0	0.292905	0.0568623	0.236043	0.77134	12.1742
3751.0	0.302064	-0.44043	0.742494	0.853013	7.63287
3752.0	0.331378	0.546933	0.215555	0.84802	8.37308
3753.0	0.100235	0.765705	0.665471	0.876151	6.76752
3754.0	0.372732	1.70845	1.33572	0.715191	13.4341
3755.0	0.433491	-0.0646818	0.498173	0.714015	15.4011
3756.0	0.410439	0.784285	0.373846	0.719062	15.2077
3757.0	0.337713	0.32286	0.0148529	0.797505	10.8418
3758.0	0.665616	1.0235	0.357885	0.825525	9.32014
3759.0	0.5786	0.56199	0.0166097	0.861155	7.84455
3760.0	0.397164	-0.0727005	0.469864	0.728627	14.4958
3761.0	0.534837	-0.122919	0.657756	0.70869	15.5203
3762.0	0.0572034	0.707187	0.649984	0.790496	10.731
3763.0	0.166478	0.128627	0.0378514	0.713637	15.7389
3764.0	0.322085	0.401956	0.079871	0.905348	6.03629
3765.0	0.308514	-0.400444	0.708958	0.801384	10.0883
3766.0	0.176927	-0.556194	0.733121	0.766425	11.8888
3767.0	0.326349	1.00458	0.678231	0.840165	8.29421
3768.0	0.432698	0.474294	0.0415965	0.736162	14.2961
3769.0	0.470289	0.827223	0.356935	0.806524	10.2439
3770.0	0.427486	0.0393909	0.388095	0.885227	6.68841
3771.0	0.637533	-0.102242	0.739775	0.723017	14.4469
3772.0	0.67	0.594803	0.0751973	0.710897	15.9162
3773.0	0.609147	-0.638895	1.24804	0.688717	15.4477
3774.0	0.173623	0.923429	0.749807	0.871345	6.84647
3775.0	0.571112	0.239187	0.331925	0.722493	15.0231
3776.0	0.237478	0.243491	0.00601297	0.837022	8.92027
3777.0	0.60704	1.07439	0.467348	0.688724	17.1759
3778.0	0.552631	-0.125268	0.677899	0.743361	13.3044
3779.0	0.130759	-0.150602	0.281361	0.747103	13.5383
3780.0	0.501221	0.306174	0.195047	0.75903	12.8894
3781.0	0.215883	0.847529	0.631646	0.735929	13.8254
3782.0	0.179964	0.409951	0.229988	0.744355	13.7344
3783.0	0.289012	0.516306	0.227294	0.787665	11.2963
3784.0	0.598243	-0.0280283	0.626271	0.830899	8.78778
3785.0	0.593489	0.31145	0.282039	0.893534	6.4264
3786.0	0.503243	0.0464568	0.456786	0.685779	17.4008
3787.0	0.650987	1.78506	1.13407	0.840626	7.42546
3788.0	0.633739	0.996741	0.363001	0.782792	11.4639
3789.0	0.595302	1.25366	0.658361	0.884413	6.44218
3790.0	0.324511	-0.212435	0.536947	0.824934	9.17661
3791.0	0.208613	1.41791	1.2093	0.787909	9.71855
3792.0	0.205127	0.806798	0.601671	0.79126	10.759
3793.0	0.435752	-0.476724	0.912477	0.734332	13.3993
3794.0	0.0220594	-0.308144	0.330204	0.83942	8.69529
3795.0	0.0425048	0.5502	0.507695	0.845432	8.26856
3796.0	0.622901	-0.0152372	0.638138	0.826918	8.95687
3797.0	0.256355	0.227176	0.0291799	0.808032	10.3082
3798.0	0.0750233	-0.520358	0.595382	0.845592	8.16104
3799.0	0.380718	0.595197	0.214479	0.729715	14.6435
3800.0	0.544231	-0.812231	1.35646	0.871639	5.58822
3801.0	0.350548	0.0838212	0.266726	0.757338	12.9477
3802.0	0.592704	0.689414	0.09671	0.792844	11.0726
3803.0	0.475186	0.467407	0.00777901	0.76872	12.3848
3804.0	0.674177	-0.182773	0.85695	0.88922	5.95817
3805.0	0.661291	-0.0271476	0.688439	0.857335	7.52517
3806.0	0.573999	-0.0337283	0.607727	0.80292	10.1578
3807.0	0.399714	0.0696987	0.330015	0.71258	15.6724
3808.0	0.432619	1.04868	0.616058	0.868429	7.15032
3809.0	0.0548248	-0.78107	0.835895	0.775325	11.2197
3810.0	0.526254	0.41867	0.107584	0.7849	11.4885
3811.0	0.316082	0.814253	0.498171	0.786035	11.1597
3812.0	0.0438277	-0.229794	0.273622	0.791284	11.0801
3813.0	0.524921	0.647638	0.122717	0.839666	8.78315
3814.0	0.56394	0.874779	0.310839	0.714603	15.5541
3815.0	0.562611	1.10532	0.542711	0.706461	15.8451
3816.0	0.125541	-0.708959	0.8345	0.69145	16.3591
3817.0	0.636955	1.06174	0.424782	0.769319	12.1414
3818.0	0.687186	1.06313	0.375947	0.894412	6.33113
3819.0	0.469064	0.142072	0.326992	0.788867	11.1704
3820.0	0.684235	0.392659	0.291576	0.806832	10.2753
3821.0	0.431579	0.209169	0.22241	0.692957	17.0965
3822.0	0.587328	0.346606	0.240722	0.834262	8.98617
3823.0	0.53631	1.32607	0.789765	0.672561	17.8207
3824.0	0.576747	1.72832	1.15158	0.743755	12.2582
3825.0	0.448064	1.18503	0.736961	0.829908	8.6745
3826.0	0.207011	0.523379	0.316368	0.783177	11.4795
3827.0	0.199126	0.566128	0.367002	0.826092	9.28629
3828.0	0.443825	0.324985	0.118841	0.764485	12.6065
3829.0	0.0737222	0.24409	0.170368	0.841902	8.6666
3830.0	0.591808	0.364069	0.227739	0.819845	9.67346
3831.0	0.278245	-0.297275	0.57552	0.755767	12.7307
3832.0	0.268569	-0.238681	0.507251	0.890841	6.35877
3833.0	0.403796	0.97036	0.566565	0.854415	7.80749
3834.0	0.567525	1.45405	0.886525	0.76141	11.881
3835.0	0.216673	-0.208019	0.424692	0.913486	5.55923
3836.0	0.29092	0.024893	0.266027	0.646339	20.658
3837.0	0.194318	-0.0203989	0.214716	0.778578	11.7887
3838.0	0.294275	0.0293475	0.264928	0.867345	7.50848
3839.0	0.614335	0.159604	0.454731	0.839834	8.57371
3840.0	0.467229	1.38811	0.920881	0.837739	8.00107
3841.0	0.490339	0.498176	0.00783674	0.785884	11.4492
3842.0	0.312301	0.791228	0.478927	0.748601	13.2692
3843.0	0.362963	0.586681	0.223718	0.871895	7.3372
3844.0	0.464312	0.844673	0.380361	0.718503	15.2378
3845.0	0.295366	1.13082	0.835453	0.769144	11.5551
3846.0	0.538523	0.0539666	0.484557	0.848885	8.13893
3847.0	0.356512	0.542708	0.186196	0.737562	14.1694
3848.0	0.387329	0.711315	0.323986	0.837105	8.80541
3849.0	0.0877768	0.121055	0.0332784	0.895561	6.42329
3850.0	0.00984693	0.379401	0.369554	0.819515	9.59767
3851.0	0.31698	0.764471	0.44749	0.934519	4.77051
3852.0	0.114502	0.365927	0.251425	0.749182	13.434
3853.0	0.497752	-0.081831	0.579583	0.778436	11.4646
3854.0	0.456646	0.704027	0.247381	0.713111	15.6978
3855.0	0.399382	0.211738	0.187644	0.70011	16.6132
3856.0	0.421833	0.602609	0.180776	0.724158	15.0131
3857.0	0.377854	-0.108384	0.486238	0.784583	11.2498
3858.0	0.632842	-0.239834	0.872675	0.792105	10.2722
3859.0	0.550348	0.0862991	0.464049	0.870656	7.22233
3860.0	0.553645	0.799112	0.245467	0.749835	13.3989
3861.0	0.493691	-0.15294	0.646631	0.870844	7.01095
3862.0	0.360765	0.0536875	0.307078	0.634962	21.5948
3863.0	0.236941	0.742169	0.505228	0.83291	8.83957
3864.0	0.603717	0.721944	0.118226	0.753858	13.2179
3865.0	0.617585	0.219688	0.397897	0.729358	14.527
3866.0	0.0761758	0.100565	0.024389	0.858204	7.97203
3867.0	0.23255	0.584612	0.352062	0.705243	16.146
3868.0	0.240679	0.247235	0.006556	0.752083	13.3386
3869.0	0.562354	0.983917	0.421563	0.793795	10.8341
3870.0	0.0833002	1.35499	1.27169	0.765582	10.71
3871.0	0.0439121	-0.161584	0.205496	0.782162	11.5999
3872.0	0.0972418	0.104892	0.00765054	0.854392	8.1392
3873.0	0.291915	1.39591	1.104	0.888146	5.53459
3874.0	0.363471	0.0598031	0.303668	0.861647	7.72915
3875.0	0.173551	0.697344	0.523793	0.700985	16.2432
3876.0	0.120723	-0.588737	0.70946	0.878978	6.5925
3877.0	0.619076	0.235706	0.38337	0.719918	15.1431
3878.0	0.13113	0.394571	0.263441	0.777247	11.8342
3879.0	0.400725	0.573561	0.172836	0.783356	11.55
3880.0	0.662613	1.58319	0.920578	0.741924	12.9276
3881.0	0.412995	1.39067	0.977679	0.823234	8.5497
3882.0	0.0710146	0.0123372	0.0586773	0.886332	6.78978
3883.0	0.658445	1.04832	0.389879	0.714382	15.4984
3884.0	0.304605	-0.179346	0.48395	0.94726	4.29171
3885.0	0.349425	-0.443789	0.793213	0.814187	9.32328
3886.0	0.365454	0.402153	0.0366995	0.744016	13.8173
3887.0	0.303644	-0.257661	0.561305	0.721152	14.8535
3888.0	0.0912255	-0.269703	0.360929	0.824041	9.38818
3889.0	0.00257895	0.303665	0.301086	0.865957	7.54657
3890.0	0.156952	0.0960085	0.0609438	0.922452	5.3934
3891.0	0.148932	-0.200329	0.349261	0.777923	11.737
3892.0	0.0462842	-0.00669491	0.0529791	0.778492	11.8432
3893.0	0.634478	0.909375	0.274897	0.821723	9.55762
3894.0	0.605668	0.276569	0.329099	0.803129	10.4352
3895.0	0.541019	0.443761	0.0972582	0.663985	19.3143
3896.0	0.334858	0.330573	0.00428417	0.862782	7.77474
3897.0	0.157381	0.327287	0.169906	0.912274	5.75005
3898.0	0.650566	1.26752	0.616951	0.834394	8.63917
3899.0	0.634595	-0.41386	1.04845	0.844675	7.43801
3900.0	0.143726	0.0758708	0.0678551	0.855839	8.07105
3901.0	0.0318957	-0.567605	0.599501	0.763359	12.2661
3902.0	0.32313	0.849721	0.526591	0.871963	7.10555
3903.0	0.185346	-0.200753	0.3861	0.738325	13.983
3904.0	0.166724	-1.15208	1.3188	0.777913	9.92702
3905.0	0.314659	0.61008	0.295422	0.750394	13.3336
3906.0	0.618089	0.190238	0.427851	0.889264	6.49439
3907.0	0.56526	0.480591	0.0846685	0.800979	10.6564
3908.0	0.441368	0.57017	0.128802	0.751868	13.3315
3909.0	0.426349	0.387299	0.0390499	0.819983	9.72137
3910.0	0.211059	0.461155	0.250096	0.809696	10.1576
3911.0	0.250842	-0.232415	0.483257	0.794571	10.7317
3912.0	0.245951	-0.493944	0.739895	0.845609	7.96091
3913.0	0.694506	0.343596	0.35091	0.796529	10.7544
3914.0	0.591155	-0.294526	0.885681	0.801287	9.7855
3915.0	0.56989	0.781282	0.211391	0.812614	10.0331
3916.0	0.186915	-0.247022	0.433938	0.802013	10.4029
3917.0	0.372525	0.395	0.022475	0.877214	7.16567
3918.0	0.574195	0.415173	0.159022	0.729302	14.6952
3919.0	0.465195	0.279445	0.185749	0.765421	12.5297
3920.0	0.180788	-0.548871	0.729659	0.928516	4.67657
3921.0	0.569548	0.203201	0.366347	0.859537	7.77704
3922.0	0.607336	-0.547497	1.15483	0.786479	9.93118
3923.0	0.639675	0.476014	0.163661	0.889617	6.63442
3924.0	0.00449645	0.287459	0.282963	0.82924	9.19661
3925.0	0.301317	0.177242	0.124075	0.722091	15.1677
3926.0	0.260307	0.701926	0.441619	0.847635	8.23559
3927.0	0.570585	-0.494002	1.06459	0.808175	9.07361
3928.0	0.349353	0.720553	0.3712	0.796135	10.7583
3929.0	0.459497	0.777507	0.31801	0.676025	18.264
3930.0	0.279656	0.186046	0.0936102	0.790164	11.2133
3931.0	0.645066	0.668074	0.0230081	0.915464	5.65689
3932.0	0.269493	-0.757207	1.0267	0.743354	12.5997
3933.0	0.342816	0.668882	0.326066	0.709677	15.8693
3934.0	0.342265	0.188309	0.153956	0.714703	15.6399
3935.0	0.149168	0.0359129	0.113255	0.765668	12.5412
3936.0	0.0493105	-0.284627	0.333937	0.804394	10.368
3937.0	0.0428543	-0.211463	0.254317	0.773101	12.0665
3938.0	0.572522	0.179584	0.392938	0.822045	9.4572
3939.0	0.395597	0.897777	0.50218	0.708761	15.7446
3940.0	0.549932	0.387419	0.162513	0.708458	16.0536
3941.0	0.46954	0.694925	0.225385	0.799156	10.7007
3942.0	0.683281	0.292609	0.390672	0.742511	13.7247
3943.0	0.266501	0.111847	0.154654	0.802163	10.5776
3944.0	0.303743	0.473896	0.170153	0.740475	13.9982
3945.0	0.236933	-0.0311505	0.268083	0.854822	8.0461
3946.0	0.399434	0.320206	0.0792287	0.867977	7.54666
3947.0	0.680156	0.0338463	0.646309	0.891086	6.19227
3948.0	0.580887	-0.299445	0.880333	0.766975	11.5858
3949.0	0.675877	0.544536	0.131341	0.830627	9.19875
3950.0	0.134584	0.322416	0.187832	0.803575	10.4937
3951.0	0.616115	0.686398	0.0702826	0.720275	15.2985
3952.0	0.205364	0.350482	0.145118	0.713138	15.747
3953.0	0.454121	0.749326	0.295205	0.969527	3.67306
3954.0	0.568212	0.802926	0.234714	0.787337	11.3097
3955.0	0.494798	0.089307	0.405491	0.748659	13.3435
3956.0	0.511935	0.473949	0.0379866	0.812743	10.0742
3957.0	0.186954	0.0229819	0.163973	0.882303	6.93009
3958.0	0.267235	1.08272	0.81549	0.750976	12.614
3959.0	0.559444	0.405396	0.154047	0.838672	8.81941
3960.0	0.200088	0.490535	0.290447	0.835957	8.87995
3961.0	0.148839	0.766727	0.617888	0.887306	6.37725
3962.0	0.482145	0.80444	0.322296	0.701796	16.4077
3963.0	0.603577	1.08357	0.479994	0.791559	10.8908
3964.0	0.441486	0.029495	0.411991	0.848165	8.23831
3965.0	0.327915	-0.509988	0.837903	0.83348	8.34444
3966.0	0.153472	0.486277	0.332806	0.839004	8.71243
3967.0	0.203147	0.805559	0.602412	0.691214	16.809
3968.0	0.365428	0.202015	0.163413	0.864713	7.66472
3969.0	0.158632	-0.139253	0.297884	0.809195	10.1536
3970.0	0.424784	0.169139	0.255645	0.844637	8.5049
3971.0	0.419372	0.41748	0.00189139	0.852565	8.21972
3972.0	0.0903152	0.210086	0.119771	0.848113	8.40245
3973.0	0.0732877	0.517941	0.444653	0.740794	13.7738
3974.0	0.280247	0.190903	0.089344	0.709415	16.0127
3975.0	0.502403	-0.609971	1.11237	0.869455	6.25817
3976.0	0.449247	0.234908	0.214339	0.765474	12.5133
3977.0	0.388325	1.0044	0.616072	0.842108	8.29059
3978.0	0.2499	-0.161516	0.411416	0.820516	9.51432
3979.0	0.484984	0.400446	0.0845377	0.729131	14.7285
3980.0	0.516326	1.0058	0.489472	0.814726	9.71756
3981.0	0.0667498	-0.586019	0.652769	0.809029	9.7931
3982.0	0.0469477	0.266516	0.219568	0.84472	8.51915
3983.0	0.264413	0.67388	0.409467	0.851589	8.08902
3984.0	0.595427	0.754182	0.158755	0.802696	10.5493
3985.0	0.565878	0.517854	0.0480237	0.85838	7.96262
3986.0	0.0631363	0.400575	0.337438	0.749117	13.377
3987.0	0.13744	0.86718	0.729741	0.845188	7.99489
3988.0	0.548054	1.1349	0.586841	0.770964	11.861
3989.0	0.0716719	0.314675	0.243003	0.8456	8.46823
3990.0	0.0636071	0.866994	0.803387	0.762168	12.0009
3991.0	0.120973	0.331094	0.21012	0.757721	12.9576
3992.0	0.253725	0.731073	0.477348	0.805963	10.1614
3993.0	0.427728	1.11968	0.691948	0.852277	7.73892
3994.0	0.528784	0.897087	0.368303	0.903511	5.98185
3995.0	0.614448	1.47751	0.863063	0.805543	9.61843
3996.0	0.608516	1.00157	0.393055	0.752968	13.1023
3997.0	0.4158	0.471924	0.0561239	0.774766	12.0462
3998.0	0.57369	0.644149	0.0704591	0.891188	6.59316
3999.0	0.426405	0.485643	0.0592383	0.806842	10.3647
4000.0	0.448592	1.50926	1.06067	0.703606	14.9869
4001.0	0.472391	0.321579	0.150811	0.739408	14.0709
4002.0	0.612944	0.244099	0.368844	0.76656	12.3469
4003.0	0.594674	0.50553	0.0891435	0.678833	18.1796
4004.0	0.610069	0.0562244	0.553845	0.852524	7.9046
4005.0	0.678939	0.281313	0.397626	0.883689	6.74317
4006.0	0.0470176	0.578538	0.53152	0.798138	10.4948
4007.0	0.421401	0.60779	0.18639	0.787036	11.3487
4008.0	0.034947	-0.155099	0.190046	0.836479	8.90702
4009.0	0.609201	1.19657	0.587373	0.727035	14.4426
4010.0	0.229137	1.00838	0.779242	0.834832	8.38191
4011.0	0.0487659	0.533079	0.484313	0.87644	6.96309
4012.0	0.0276571	0.348055	0.320398	0.827016	9.27701
4013.0	0.166435	-0.135663	0.302098	0.835975	8.87182
4014.0	0.342098	1.05245	0.71035	0.808024	9.75712
4015.0	0.427204	1.2831	0.855896	0.794003	10.2076
4016.0	0.638794	0.541144	0.0976503	0.770648	12.2662
4017.0	0.557824	1.29486	0.73704	0.829299	8.70246
4018.0	0.100654	-0.426866	0.52752	0.848734	8.10059
4019.0	0.692888	0.616529	0.0763599	0.732009	14.5492
4020.0	0.382918	0.383081	0.000162756	0.733576	14.4586
4021.0	0.437447	0.872294	0.434846	0.805543	10.2249
4022.0	0.642124	1.71255	1.07043	0.745099	12.3906
4023.0	0.5391	0.808593	0.269493	0.824741	9.41686
4024.0	0.549509	1.2301	0.680587	0.670291	18.2073
4025.0	0.577718	0.396841	0.180877	0.804875	10.431
4026.0	0.648892	0.677767	0.0288754	0.787235	11.3767
4027.0	0.667892	0.717915	0.0500234	0.810564	10.1806
4028.0	0.664439	-0.0357597	0.700199	0.803767	9.98299
4029.0	0.346352	1.49118	1.14483	0.710833	14.2853
4030.0	0.596909	1.02333	0.426424	0.926392	5.08058
4031.0	0.109242	-0.874114	0.983356	0.795871	9.8568
4032.0	0.543629	0.674783	0.131153	0.615453	23.475
4033.0	0.0680493	-0.423686	0.491735	0.732747	14.2128
4034.0	0.341335	0.0065363	0.334798	0.892634	6.43013
4035.0	0.560918	0.851575	0.290657	0.80014	10.613
4036.0	0.00712774	0.663102	0.655975	0.778071	11.3768
4037.0	0.430147	-0.00830732	0.438454	0.785426	11.2552
4038.0	0.543587	0.988855	0.445268	0.855995	7.86477
4039.0	0.204246	1.03477	0.830521	0.701161	15.6994
4040.0	0.480627	0.0165466	0.464081	0.752536	13.0551
4041.0	0.248639	0.713566	0.464928	0.804473	10.2486
4042.0	0.542643	-0.0153288	0.557972	0.583731	26.1812
4043.0	0.532912	0.719793	0.186881	0.893959	6.45343
4044.0	0.158586	0.287455	0.128869	0.843601	8.60272
4045.0	0.407014	0.640157	0.233143	0.800428	10.6319
4046.0	0.0795496	-0.0917559	0.171306	0.823516	9.52182
4047.0	0.10395	-0.14006	0.244011	0.877647	7.08848
4048.0	0.143232	0.859929	0.716697	0.72193	14.5574
4049.0	0.672973	0.122372	0.550601	0.760243	12.5078
4050.0	0.454854	0.3431	0.111753	0.828027	9.326
4051.0	0.339438	0.998812	0.659374	0.757017	12.5373
4052.0	0.441789	0.220146	0.221643	0.8211	9.61608
4053.0	0.160144	0.202776	0.0426322	0.781139	11.7011
4054.0	0.564832	0.361852	0.20298	0.812438	10.0456
4055.0	0.317915	-0.0805963	0.398512	0.81178	9.94932
4056.0	0.462603	-0.0791558	0.541759	0.792181	10.7879
4057.0	0.440568	0.0212439	0.419324	0.821446	9.46273
4058.0	0.381317	0.788609	0.407292	0.795915	10.7382
4059.0	0.477228	0.756545	0.279317	0.739141	14.0197
4060.0	0.5612	0.428424	0.132776	0.917684	5.55733
4061.0	0.231658	0.0528453	0.178812	0.730457	14.6142
4062.0	0.585047	0.26293	0.322117	0.807537	10.2195
4063.0	0.566479	0.573779	0.00729953	0.759751	12.893
4064.0	0.234062	-0.299653	0.533715	0.832602	8.82253
4065.0	0.238553	-0.0314025	0.269956	0.834981	8.93713
4066.0	0.51361	0.554393	0.0407825	0.828574	9.31184
4067.0	0.638723	-0.369794	1.00852	0.797532	9.71937
4068.0	0.124194	0.64772	0.523527	0.719535	15.0087
4069.0	0.121033	0.0376635	0.083369	0.786344	11.417
4070.0	0.470538	0.062749	0.407789	0.736711	14.0608
4071.0	0.641985	1.04193	0.399943	0.796519	10.7138
4072.0	0.279378	-0.283546	0.562925	0.824839	9.15055
4073.0	0.448363	0.473241	0.0248784	0.791645	11.145
4074.0	0.0913761	0.196683	0.105307	0.688126	17.4931
4075.0	0.0894863	0.824221	0.734735	0.647922	19.8637
4076.0	0.528223	-0.531661	1.05988	0.756225	11.7825
4077.0	0.439386	0.738928	0.299542	0.709173	15.9243
4078.0	0.226628	-0.61861	0.845238	0.817273	9.08469
4079.0	0.229865	0.629469	0.399604	0.829816	9.08469
4080.0	0.505047	0.694041	0.188994	0.784849	11.4636
4081.0	0.511479	0.484706	0.0267735	0.775604	12.0031
4082.0	0.679321	0.613913	0.0654082	0.784794	11.5025
4083.0	0.36718	-0.666727	1.03391	0.663876	17.8794
4084.0	0.541845	0.148845	0.393	0.774958	11.861
4085.0	0.110803	-0.211984	0.322787	0.823318	9.4506
4086.0	0.404467	0.536814	0.132347	0.861604	7.80749
4087.0	0.123054	-0.397951	0.521005	0.810986	9.86541
4088.0	0.0656606	-0.00456926	0.0702298	0.726042	14.9273
4089.0	0.479662	1.03355	0.553887	0.705915	15.8663
4090.0	0.423772	0.68316	0.259388	0.774257	12.0
4091.0	0.152643	-0.199201	0.351844	0.792872	10.9424
4092.0	0.100542	1.36309	1.26255	0.677097	16.2152
4093.0	0.0434311	-0.164472	0.207903	0.671943	18.6517
4094.0	0.239043	0.263804	0.0247611	0.716843	15.5282
4095.0	0.242418	0.806883	0.564465	0.710743	15.5282
4096.0	0.241394	-0.633401	0.874796	0.879375	6.31898
4097.0	0.0563822	0.956439	0.900056	0.793114	10.1675
4098.0	0.111332	-0.254621	0.365953	0.783978	11.3982
4099.0	0.351356	-0.143574	0.49493	0.766338	12.2324
4100.0	0.413577	1.03179	0.618213	0.691828	16.7405
4101.0	0.411321	0.619571	0.20825	0.698127	16.7405
4102.0	0.50958	0.377939	0.131641	0.880441	7.01584
4103.0	0.624874	0.411936	0.212938	0.820323	9.65753
4104.0	0.0212001	0.0671666	0.0459665	0.843646	8.61595
4105.0	0.203275	-0.04263	0.245905	0.684167	17.7152
4106.0	0.0279882	-0.0285695	0.0565577	0.833734	9.06888
4107.0	0.248257	0.360191	0.111934	0.790632	11.1846
4108.0	0.275286	-0.036827	0.312113	0.788802	11.1846
4109.0	0.300932	0.257745	0.043187	0.74164	13.9604
4110.0	0.475916	-0.340085	0.816001	0.676495	17.4725
4111.0	0.48076	0.818762	0.338002	0.686519	17.4725
4112.0	0.485819	0.688961	0.203142	0.687858	17.4725
4113.0	0.0570415	0.0451385	0.0119029	0.728952	14.7485
4114.0	0.0708296	-0.0407402	0.11157	0.728711	14.7485
4115.0	0.0327316	0.576078	0.543347	0.834178	8.73899
4116.0	0.630885	1.51389	0.883006	0.791841	10.2657
4117.0	0.584476	1.68872	1.10425	0.802921	9.23613
4118.0	0.00897118	-0.764743	0.773714	0.738995	13.3988
4119.0	0.596138	0.32374	0.272397	0.819343	9.67346
4120.0	0.483267	0.225617	0.25765	0.819761	9.66177
4121.0	0.346261	1.3048	0.958544	0.640417	19.9512
4122.0	0.662274	1.73362	1.07135	0.862801	6.61921
4123.0	0.576273	0.987234	0.410961	0.699873	16.4561
4124.0	0.223005	0.165292	0.0577122	0.799069	10.7581
4125.0	0.663939	1.02189	0.357953	0.903535	5.98821
4126.0	0.0085574	0.60458	0.596022	0.82901	8.91451
4127.0	0.0272812	0.0350142	0.00773296	0.837146	8.91451
4128.0	0.519039	1.14131	0.622269	0.821397	9.23818
4129.0	0.338726	0.836732	0.498006	0.700362	16.3201
4130.0	0.075193	-0.545322	0.620515	0.684163	17.2844
4131.0	0.0925259	-0.352543	0.445069	0.804891	10.2476
4132.0	0.606188	0.691713	0.0855255	0.754696	13.1769
4133.0	0.484997	-0.156737	0.641735	0.724807	14.5007
4134.0	0.487998	-0.16021	0.648208	0.724644	14.5007
4135.0	0.410082	0.796445	0.386363	0.793315	10.8908
4136.0	0.216978	0.520788	0.30381	0.774459	11.96
4137.0	0.289632	0.131322	0.158311	0.873304	7.3035
4138.0	0.121861	-0.00565276	0.127514	0.749657	13.4623
4139.0	0.285832	-0.146653	0.432485	0.784182	11.327
4140.0	0.648589	0.939601	0.291012	0.74861	13.4421
4141.0	0.401678	0.399213	0.00246478	0.718012	15.4523
4142.0	0.196636	-0.413958	0.610594	0.818181	9.40695
4143.0	0.680986	0.521518	0.159468	0.82289	9.55592
4144.0	0.00867224	0.51271	0.504038	0.628667	21.9148
4145.0	0.0163722	-0.409324	0.425697	0.629872	21.9148
4146.0	0.649788	0.942439	0.29265	0.872642	7.27004
4147.0	0.426228	-0.134504	0.560733	0.803343	10.197
4148.0	0.413721	0.520284	0.106563	0.748118	13.5595
4149.0	0.182259	0.702147	0.519888	0.795886	10.6233
4150.0	0.476485	0.899644	0.423159	0.801493	10.4394
4151.0	0.312232	0.100001	0.212231	0.785801	11.4025
4152.0	0.102319	0.289829	0.18751	0.801008	10.6237
4153.0	0.69091	0.735354	0.0444444	0.715662	15.6042
4154.0	0.292321	-0.230187	0.522508	0.703418	16.0786
4155.0	0.284315	-0.223623	0.507938	0.741503	13.658
4156.0	0.323548	0.0897254	0.233822	0.858141	7.91912
4157.0	0.182799	0.230514	0.0477149	0.836159	8.95763
4158.0	0.520059	0.0533704	0.466688	0.927276	5.01468
4159.0	0.182008	-0.31233	0.494338	0.790219	10.9448
4160.0	0.636936	0.201393	0.435543	0.86822	7.35041
4161.0	0.133654	-0.151477	0.285131	0.83137	9.09569
4162.0	0.51671	0.759476	0.242766	0.683011	17.802
4163.0	0.502661	0.430822	0.071839	0.683991	17.802
4164.0	0.505868	0.257707	0.248161	0.682963	17.802
4165.0	0.607419	0.581559	0.0258604	0.833895	9.06409
4166.0	0.535493	1.07273	0.537236	0.724328	14.6835
4167.0	0.103784	-0.224356	0.32814	0.690356	17.2051
4168.0	0.31056	-0.163194	0.473754	0.757055	12.7826
4169.0	0.578765	-0.107617	0.686382	0.799555	10.2147
4170.0	0.426197	1.27472	0.848526	0.836375	8.19476
4171.0	0.0457151	-0.0952912	0.141006	0.7761	11.9538
4172.0	0.60144	0.943068	0.341629	0.844123	8.47428
4173.0	0.446026	-0.100768	0.546795	0.744998	13.3993
4174.0	0.358087	0.614536	0.256449	0.757512	12.9441
4175.0	0.50824	0.536559	0.0283186	0.701877	16.5357
4176.0	0.202402	0.488576	0.286174	0.6946	16.9376
4177.0	0.20157	0.245456	0.0438862	0.696088	16.9376
4178.0	0.0414108	-0.695987	0.737398	0.736075	13.6413
4179.0	0.648406	0.223945	0.424461	0.903535	5.93783
4180.0	0.476904	0.915151	0.438247	0.83716	8.71101
4181.0	0.608036	1.2657	0.657659	0.783488	11.086
4182.0	0.58008	0.319598	0.260483	0.6979	16.7244
4183.0	0.539655	0.440946	0.0987092	0.708775	16.0536
4184.0	0.358684	0.576064	0.21738	0.758334	12.9186
4185.0	0.668925	0.656971	0.0119541	0.854639	8.12829
4186.0	0.202412	0.157491	0.0449211	0.776393	11.9584
4187.0	0.196261	-0.607552	0.803812	0.762915	11.9584
4188.0	0.468321	-0.667077	1.1354	0.759208	11.4269
4189.0	0.0181093	0.607902	0.589793	0.816074	9.53515
4190.0	0.564479	-0.0269215	0.591401	0.798238	10.4152
4191.0	0.675218	0.797756	0.122538	0.793238	11.0457
4192.0	0.431839	0.709005	0.277166	0.833184	9.01609
4193.0	0.249007	0.714577	0.46557	0.797998	10.5749
4194.0	0.250181	0.369665	0.119484	0.886371	6.77744
4195.0	0.0570143	1.0746	1.01758	0.777642	10.718
4196.0	0.401606	0.145534	0.256072	0.830194	9.1674
4197.0	0.183138	-0.135877	0.319015	0.720787	15.1436
4198.0	0.5393	-0.188566	0.727866	0.725442	14.3154
4199.0	0.538076	0.740969	0.202893	0.735066	14.3154
4200.0	0.573852	0.63999	0.0661387	0.698833	16.7421
4201.0	0.0623801	0.193623	0.131243	0.731606	14.5603
4202.0	0.0344678	0.623713	0.589245	0.725126	14.5603
4203.0	0.399838	0.056037	0.343801	0.711315	15.7446
4204.0	0.185409	1.6218	1.43639	0.72136	12.722
4205.0	0.0896218	-0.128417	0.218039	0.869152	7.45506
4206.0	0.504991	-0.257582	0.762572	0.748834	12.8368
4207.0	0.412893	0.163085	0.249808	0.740719	13.9427
4208.0	0.321631	0.57369	0.252059	0.739865	13.9933
4209.0	0.257815	0.464871	0.207056	0.770645	12.2276
4210.0	0.268198	0.371198	0.103001	0.773085	12.1301
4211.0	0.115232	0.373508	0.258277	0.866313	7.5558
4212.0	0.510446	1.23836	0.727916	0.760003	12.2566
4213.0	0.400805	0.0662865	0.334518	0.765509	12.4341
4214.0	0.615166	0.402639	0.212527	0.858779	7.9012
4215.0	0.682935	0.132228	0.550707	0.808364	9.95966
4216.0	0.19792	0.664118	0.466198	0.832905	8.87995
4217.0	0.075036	-0.252461	0.327497	0.686382	17.4916
4218.0	0.533904	0.18036	0.353544	0.768525	12.25
4219.0	0.601649	1.30071	0.699065	0.785409	10.9218
4220.0	0.600705	1.46939	0.868685	0.779737	10.9218
4221.0	0.682012	1.12672	0.44471	0.861966	7.60773
4222.0	0.691192	0.110106	0.581085	0.828068	8.97703
4223.0	0.0208346	0.714017	0.693182	0.789728	10.706
4224.0	0.262135	0.570905	0.30877	0.78644	11.3114
4225.0	0.238129	0.325444	0.0873149	0.76958	12.3279
4226.0	0.146984	0.205728	0.0587434	0.786111	11.4333
4227.0	0.166995	0.0915927	0.0754022	0.786063	11.4333
4228.0	0.34002	0.28697	0.0530501	0.838474	8.85062
4229.0	0.502475	0.0768128	0.425662	0.738475	13.9347
4230.0	0.50767	0.133489	0.37418	0.740978	13.8326
4231.0	0.204652	-0.284922	0.489574	0.652919	19.8772
4232.0	0.00612734	0.91956	0.913433	0.758323	11.9979
4233.0	0.31599	0.818804	0.502814	0.746021	13.3939
4234.0	0.097416	0.0619819	0.0354341	0.76476	12.6061
4235.0	0.0804685	0.121496	0.0410278	0.764751	12.6061
4236.0	0.523221	0.456895	0.0663264	0.700012	16.6601
4237.0	0.0787802	0.77061	0.69183	0.78648	10.877
4238.0	0.0387861	-0.351423	0.39021	0.769163	12.1827
4239.0	0.39259	0.380766	0.011824	0.817223	9.8565
4240.0	0.647506	-0.287806	0.935311	0.800641	9.71937
4241.0	0.421567	1.12802	0.706449	0.723381	14.4833
4242.0	0.263848	-0.145321	0.409169	0.74109	13.7926
4243.0	0.272201	0.363476	0.0912752	0.744286	13.7926
4244.0	0.484976	0.482791	0.00218545	0.709401	16.0239
4245.0	0.536904	-0.0377875	0.574692	0.745807	13.3137
4246.0	0.392497	1.06749	0.674998	0.701898	15.9481
4247.0	0.597313	0.988043	0.39073	0.820543	9.53094
4248.0	0.645231	-0.494829	1.14006	0.751327	11.8554
4249.0	0.257644	0.440549	0.182905	0.842963	8.6139
4250.0	0.60991	0.7408	0.130889	0.717751	15.4477
4251.0	0.277825	1.31998	1.04215	0.630049	20.5915
4252.0	0.319139	0.348884	0.0297447	0.859655	7.90875
4253.0	0.466861	0.606892	0.140031	0.725863	14.9204
4254.0	0.19888	0.110547	0.088333	0.673094	18.6122
4255.0	0.215009	-0.0150341	0.230043	0.897636	6.29082
4256.0	0.387995	-0.0022956	0.390291	0.905273	5.89796
4257.0	0.172909	0.0666781	0.106231	0.793115	11.0563
4258.0	0.594061	0.85349	0.259429	0.783665	11.4908
4259.0	0.693706	0.586559	0.107148	0.801903	10.6047
4260.0	0.66189	0.396245	0.265646	0.746052	13.6113
4261.0	0.600477	0.25637	0.344107	0.77388	11.9616
4262.0	0.177121	0.310108	0.132987	0.812267	10.0798
4263.0	0.30091	0.458074	0.157164	0.76332	12.6601
4264.0	0.453968	0.727647	0.273679	0.763224	12.6065
4265.0	0.33915	0.475547	0.136397	0.809765	10.2025
4266.0	0.46245	0.380378	0.0820714	0.807206	10.343
4267.0	0.255857	0.601056	0.345198	0.763318	12.5492
4268.0	0.639616	0.110466	0.52915	0.821135	9.36557
4269.0	0.172341	0.821774	0.649433	0.717574	14.9509
4270.0	0.543575	-0.152759	0.696334	0.830392	8.71346
4271.0	0.567515	0.291264	0.276251	0.75818	12.893
4272.0	0.464124	0.376129	0.0879942	0.801054	10.652
4273.0	0.458832	0.474044	0.0152118	0.801219	10.652
4274.0	0.446271	1.01451	0.568243	0.742582	13.5149
4275.0	0.266116	0.0980526	0.168063	0.821072	9.64
4276.0	0.43685	-0.498643	0.935493	0.783692	10.5797
4277.0	0.546376	1.15617	0.609796	0.799989	10.3022
4278.0	0.653414	0.125565	0.527849	0.791439	10.8431
4279.0	0.651949	1.24806	0.596112	0.789783	10.8431
4280.0	0.396451	0.357406	0.0390455	0.765611	12.5577
4281.0	0.287083	-0.251765	0.538849	0.735265	13.9982
4282.0	0.300811	-0.124207	0.425018	0.737447	13.9982
4283.0	0.0885123	0.675485	0.586973	0.731453	14.1672
4284.0	0.136527	-0.627271	0.763799	0.807669	9.68904
4285.0	0.608338	0.139535	0.468803	0.75238	13.0589
4286.0	0.478475	-0.343839	0.822314	0.785086	10.7288
4287.0	0.581911	2.20596	1.62405	0.657301	16.3099
4288.0	0.176494	0.444143	0.267649	0.754744	13.0975
4289.0	0.180852	-0.647156	0.828008	0.742301	13.0975
4290.0	0.39448	0.785301	0.390821	0.835446	8.83113
4291.0	0.14181	0.00725694	0.134553	0.910253	5.8371
4292.0	0.287981	0.285999	0.00198275	0.864055	7.72017
4293.0	0.435567	0.822263	0.386696	0.714592	15.4878
4294.0	0.518776	0.648302	0.129526	0.755119	13.141
4295.0	0.595474	0.430973	0.164501	0.687346	17.5284
4296.0	0.0117855	-0.360087	0.371873	0.768379	12.2426
4297.0	0.249387	-0.61825	0.867638	0.745433	12.8331
4298.0	0.0619859	-0.163703	0.225688	0.702764	16.4097
4299.0	0.59758	-0.0679026	0.665482	0.735932	13.772
4300.0	0.534061	-0.014417	0.548478	0.681894	17.5612
4301.0	0.522018	-0.636604	1.15862	0.663259	17.5612
4302.0	0.274413	0.341747	0.0673337	0.676864	18.3316
4303.0	0.284553	0.390103	0.105549	0.676745	18.3316
4304.0	0.620325	1.93213	1.3118	0.797256	8.97766
4305.0	0.558619	0.908663	0.350044	0.845918	8.38768
4306.0	0.656567	0.680915	0.0243482	0.875711	7.22789
4307.0	0.360189	0.898889	0.538701	0.770084	11.972
4308.0	0.362767	-0.165754	0.528521	0.746619	13.3266
4309.0	0.550199	1.03105	0.480853	0.887419	6.5207
4310.0	0.595041	0.990707	0.395666	0.733734	14.2562
4311.0	0.62621	1.91457	1.28836	0.774273	10.2028
4312.0	0.526265	0.512651	0.013614	0.822423	9.60557
4313.0	0.0803075	-0.43257	0.512878	0.807994	10.022
4314.0	0.290884	0.278846	0.0120382	0.897528	6.34674
4315.0	0.570196	0.406165	0.164031	0.698495	16.7363
4316.0	0.614663	0.328113	0.286549	0.820766	9.59643
4317.0	0.249954	0.651445	0.401491	0.774043	11.9032
4318.0	0.0807349	0.791226	0.710491	0.755129	12.5632
4319.0	0.0404336	0.136661	0.0962275	0.835059	9.00102
4320.0	0.217245	0.480955	0.26371	0.657956	19.7091
4321.0	0.290612	-0.14057	0.431182	0.758782	12.729
4322.0	0.493143	-0.271487	0.76463	0.772749	11.4882
4323.0	0.543109	0.587317	0.0442078	0.840219	8.77172
4324.0	0.569713	0.17456	0.395153	0.779999	11.5858
4325.0	0.233966	0.791124	0.557157	0.830822	8.87782
4326.0	0.0743071	1.24518	1.17088	0.754494	11.5956
4327.0	0.222312	0.39731	0.174997	0.859084	7.90293
4328.0	0.550442	-0.581197	1.13164	0.868253	6.26482
4329.0	0.0259788	0.421813	0.395834	0.771965	12.0226
4330.0	0.119113	0.285065	0.165952	0.829528	9.23925
4331.0	0.410729	0.091516	0.319213	0.737877	14.0679
4332.0	0.407314	0.531435	0.124121	0.739604	14.0679
4333.0	0.403279	0.115361	0.287918	0.738256	14.0679
4334.0	0.351393	0.471615	0.120222	0.770499	12.2688
4335.0	0.301405	0.461494	0.160089	0.693131	17.1155
4336.0	0.0684707	0.450366	0.381895	0.761539	12.6188
4337.0	0.108696	1.15978	1.05108	0.819653	8.56007
4338.0	0.551142	-0.681368	1.23251	0.807684	8.68867
4339.0	0.298736	0.600829	0.302093	0.790337	11.111
4340.0	0.566192	1.21022	0.644023	0.82251	9.156
4341.0	0.254101	0.133712	0.120389	0.75127	13.3691
4342.0	0.259457	0.328792	0.0693349	0.751468	13.3691
4343.0	0.361942	0.666861	0.304919	0.779295	11.6961
4344.0	0.577253	1.7399	1.16265	0.733519	12.8299
4345.0	0.432048	1.09369	0.661645	0.765217	12.0711
4346.0	0.507614	0.335528	0.172085	0.804384	10.4592
4347.0	0.0151621	1.35031	1.33515	0.789482	9.29443
4348.0	0.506873	0.719952	0.213079	0.752504	13.2596
4349.0	0.523326	1.04373	0.5204	0.747923	13.2596
4350.0	0.0518803	-0.372897	0.424777	0.777807	11.6763
4351.0	0.0891674	-0.154723	0.24389	0.812284	10.0332
4352.0	0.378281	1.2305	0.852216	0.769975	11.4775
4353.0	0.0763848	0.927687	0.851303	0.626425	21.4267
4354.0	0.485756	1.19733	0.711575	0.777056	11.3449
4355.0	0.486478	0.70428	0.217802	0.859907	7.85001
4356.0	0.557407	-0.0812114	0.638619	0.765691	12.0794
4357.0	0.563921	1.09005	0.526126	0.691852	16.8765
4358.0	0.0668268	0.8706	0.803773	0.75491	12.4102
4359.0	0.565319	0.373417	0.191902	0.784131	11.5007
4360.0	0.0506856	-1.00988	1.06057	0.72296	13.7449
4361.0	0.367698	0.612676	0.244978	0.74666	13.5878
4362.0	0.622526	1.09782	0.475291	0.7179	15.175
4363.0	0.634275	1.25071	0.616434	0.714931	15.175
4364.0	0.195333	-0.7329	0.928233	0.84418	7.70154
4365.0	0.229152	0.573317	0.344165	0.801049	10.5291
4366.0	0.168099	0.252084	0.0839854	0.78517	11.4793
4367.0	0.247919	-0.315566	0.563485	0.761276	12.4324
4368.0	0.323904	1.53927	1.21536	0.735382	12.5715
4369.0	0.194462	-0.152692	0.347154	0.735442	14.1948
4370.0	0.575007	1.09279	0.517781	0.801945	10.3182
4371.0	0.364971	-1.03408	1.39905	0.758026	10.7382
4372.0	0.6101	0.191895	0.418205	0.87288	7.17025
4373.0	0.656415	0.677344	0.0209295	0.787911	11.3414
4374.0	0.380938	0.825807	0.444869	0.742332	13.6807
4375.0	0.159384	0.58031	0.420925	0.843301	8.44804
4376.0	0.527961	0.586709	0.0587481	0.735094	14.36
4377.0	0.519776	0.659698	0.139922	0.779046	11.7938
4378.0	0.451601	0.532816	0.0812153	0.864553	7.69211
4379.0	0.0387353	0.446942	0.408206	0.79365	10.854
4380.0	0.367235	0.216856	0.150379	0.736623	14.242
4381.0	0.555728	0.277134	0.278594	0.728876	14.6572
4382.0	0.162134	0.0117373	0.150396	0.775965	11.9581
4383.0	0.145187	0.326402	0.181215	0.88553	6.79299
4384.0	0.392719	0.339473	0.0532468	0.732923	14.4958
4385.0	0.0938231	-0.632353	0.726176	0.75075	12.7893
4386.0	0.0865483	-0.429775	0.516324	0.756074	12.7893
4387.0	0.283414	0.608044	0.32463	0.701931	16.3965
4388.0	0.61721	0.301362	0.315848	0.758813	12.8289
4389.0	0.00339599	0.0210982	0.0177022	0.763444	12.6818
4390.0	0.0184112	-0.413439	0.43185	0.79238	10.8975
4391.0	0.0505617	0.690267	0.639705	0.69675	16.3612
4392.0	0.360526	0.7343	0.373775	0.759399	12.7481
4393.0	0.417093	0.135615	0.281478	0.788835	11.2034
4394.0	0.48713	-0.0364855	0.523615	0.840387	8.47806
4395.0	0.273388	0.46892	0.195533	0.827559	9.32045
4396.0	0.489161	0.128989	0.360172	0.816478	9.75172
4397.0	0.611355	1.03712	0.425765	0.786409	11.2157
4398.0	0.286446	1.07296	0.786514	0.782008	10.9547
4399.0	0.285276	0.940094	0.654818	0.718948	14.8535
4400.0	0.535609	-0.0502474	0.585856	0.768709	11.9866
4401.0	0.55304	-0.377077	0.930117	0.757892	11.9866
4402.0	0.0335361	-0.43787	0.471406	0.795092	10.7176
4403.0	0.464417	0.46459	0.000172125	0.73682	14.2575
4404.0	0.352391	0.140917	0.211474	0.783717	11.5137
4405.0	0.583516	-0.0950222	0.678539	0.807917	9.8104
4406.0	0.532315	-0.0182469	0.550562	0.76337	12.3311
4407.0	0.534664	-0.0940148	0.628679	0.761463	12.3311
4408.0	0.516034	-0.0396882	0.555722	0.753856	12.8675
4409.0	0.18288	1.44276	1.25988	0.663878	17.1903
4410.0	0.3176	0.536312	0.218712	0.883099	6.87677
4411.0	0.147004	0.576786	0.429782	0.813953	9.81478
4412.0	0.691405	0.835156	0.143752	0.65495	20.02
4413.0	0.698745	1.13357	0.434827	0.652037	20.02
4414.0	0.204348	0.901703	0.697354	0.733791	13.8503
4415.0	0.0301785	0.598357	0.568178	0.7269	14.4785
4416.0	0.24082	0.475553	0.234732	0.694605	16.9724
4417.0	0.254976	0.494698	0.239723	0.694561	16.9724
4418.0	0.361955	0.163385	0.198569	0.677423	18.2425
4419.0	0.581757	1.11688	0.535123	0.764713	12.2752
4420.0	0.478466	-0.0468126	0.525279	0.856365	7.76904
4421.0	0.0952908	-0.410324	0.505615	0.726744	14.5713
4422.0	0.507724	-0.091864	0.599588	0.696951	16.4116
4423.0	0.485493	0.281551	0.203942	0.702911	16.4116
4424.0	0.364116	0.433531	0.0694149	0.747376	13.6116
4425.0	0.126778	-0.0964887	0.223266	0.810275	10.1429
4426.0	0.241377	-0.525184	0.766562	0.879271	6.49755
4427.0	0.349538	-0.00621823	0.355756	0.904873	5.93819
4428.0	0.142141	1.3273	1.18516	0.76679	10.8829
4429.0	0.648883	1.53149	0.882605	0.752537	12.3906
4430.0	0.622091	0.290069	0.332022	0.833696	8.95687
4431.0	0.215344	0.494664	0.27932	0.737898	14.0958
4432.0	0.417373	0.420708	0.00333586	0.923448	5.36014
4433.0	0.48226	0.0618001	0.42046	0.822776	9.39828
4434.0	0.591792	0.862518	0.270725	0.901099	6.13575
4435.0	0.448665	0.840198	0.391533	0.795825	10.7569
4436.0	0.450416	1.2914	0.840984	0.831971	8.40776
4437.0	0.526796	1.19462	0.667823	0.767548	11.9322
4438.0	0.126117	0.153269	0.0271529	0.858773	7.94716
4439.0	0.166048	1.594	1.42795	0.7041	13.8292
4440.0	0.167094	0.660196	0.493102	0.738972	13.8292
4441.0	0.0593174	0.568312	0.508994	0.758125	12.6804
4442.0	0.402509	-0.0242042	0.426713	0.723377	14.8766
4443.0	0.381488	0.46493	0.0834422	0.726798	14.8766
4444.0	0.352213	0.481151	0.128939	0.652235	20.247
4445.0	0.350685	-0.0866185	0.437304	0.64923	20.247
4446.0	0.641533	1.36008	0.718547	0.868263	7.0201
4447.0	0.58807	0.268695	0.319376	0.833252	8.98617
4448.0	0.60772	0.287286	0.320434	0.785023	11.3782
4449.0	0.35581	0.0650089	0.290801	0.682691	17.7912
4450.0	0.606987	1.03518	0.428194	0.689369	17.1759
4451.0	0.593936	1.1365	0.542566	0.687328	17.1759
4452.0	0.484899	0.399951	0.0849479	0.749485	13.4834
4453.0	0.341195	0.222592	0.118602	0.730765	14.617
4454.0	0.321457	1.82785	1.50639	0.687843	14.617
4455.0	0.144833	0.00175102	0.143082	0.827618	9.33673
4456.0	0.458571	0.253346	0.205225	0.821661	9.59673
4457.0	0.19824	0.0433752	0.154865	0.899897	6.2306
4458.0	0.699415	0.425492	0.273923	0.715148	15.5455
4459.0	0.619746	0.311607	0.308139	0.859051	7.8383
4460.0	0.379484	0.69029	0.310806	0.805534	10.3273
4461.0	0.464	-0.676648	1.14065	0.73528	12.7848
4462.0	0.271245	0.53173	0.260485	0.789213	11.1964
4463.0	0.182906	0.044839	0.138067	0.732648	14.4929
4464.0	0.631656	0.777693	0.146038	0.761681	12.7574
4465.0	0.181574	0.318183	0.136609	0.820946	9.65644
4466.0	0.533265	-0.224606	0.757871	0.701502	15.8233
4467.0	0.109835	0.180542	0.0707073	0.73675	14.2557
4468.0	0.494916	0.382954	0.111962	0.858311	7.9551
4469.0	0.0636584	0.23057	0.166911	0.808356	10.2623
4470.0	0.195835	0.201435	0.00560002	0.819077	9.76674
4471.0	0.355798	0.733558	0.37776	0.736767	14.0861
4472.0	0.436793	0.706028	0.269235	0.738889	14.0419
4473.0	0.42411	0.00163372	0.422477	0.736777	14.0419
4474.0	0.687464	0.11358	0.573884	0.822951	9.22641
4475.0	0.16243	0.199245	0.0368155	0.785642	11.4606
4476.0	0.161426	-0.589633	0.75106	0.759468	12.247
4477.0	0.624979	-0.518614	1.14359	0.750521	11.8917
4478.0	0.215416	0.0104267	0.204989	0.842518	8.62502
4479.0	0.145018	-0.332876	0.477894	0.77389	11.8342
4480.0	0.693584	-0.272592	0.966176	0.841967	7.72549
4481.0	0.467594	0.738167	0.270573	0.824457	9.42972
4482.0	0.508247	0.592099	0.0838518	0.838866	8.82822
4483.0	0.0388053	-0.443794	0.4826	0.840434	8.51915
4484.0	0.502556	1.34466	0.842102	0.729193	13.8626
4485.0	0.297557	0.441428	0.143871	0.690891	17.2816
4486.0	0.245604	-0.934668	1.18027	0.759415	11.2974
4487.0	0.345819	0.409704	0.0638851	0.793216	11.0592
4488.0	0.193587	0.0697976	0.123789	0.709087	16.0254
4489.0	0.202092	0.485146	0.283054	0.707854	16.0254
4490.0	0.48307	0.706098	0.223028	0.768725	12.3265
4491.0	0.0135584	0.655777	0.642219	0.683341	17.3078
4492.0	0.550527	0.868293	0.317766	0.814745	9.86731
4493.0	0.236663	0.171042	0.0656214	0.79558	10.9364
4494.0	0.229931	0.360741	0.130809	0.795302	10.9364
4495.0	0.258888	-0.0718069	0.330695	0.768454	12.2721
4496.0	0.256649	0.303011	0.0463626	0.770697	12.2721
4497.0	0.0717453	0.0392994	0.0324459	0.774678	12.0535
4498.0	0.333654	0.306544	0.0271103	0.799644	10.7316
4499.0	0.118267	0.249806	0.13154	0.713432	15.7323
4500.0	0.0591029	0.578182	0.519079	0.768145	12.1033
4501.0	0.418486	0.510171	0.0916849	0.718442	15.4136
4502.0	0.0226529	-0.106664	0.129317	0.742841	13.8695
4503.0	0.193739	0.208398	0.0146593	0.738558	14.1505
4504.0	0.188841	-0.235272	0.424114	0.737016	14.0255
4505.0	0.196504	-0.206704	0.403208	0.737361	14.0255
4506.0	0.448858	1.17782	0.728963	0.829864	8.68885
4507.0	0.274286	-0.0995196	0.373806	0.80451	10.331
4508.0	0.289992	0.887743	0.597751	0.799736	10.331
4509.0	0.698192	-0.070657	0.768849	0.757955	12.3011
4510.0	0.677566	1.11383	0.436269	0.689748	17.1396
4511.0	0.301243	-0.244728	0.545971	0.768674	12.0408
4512.0	0.0534973	0.274402	0.220905	0.775494	11.9536
4513.0	0.0564602	-0.214771	0.271232	0.860791	7.78508
4514.0	0.400513	0.880026	0.479512	0.744069	13.5378
4515.0	0.0507543	0.169685	0.118931	0.793423	11.0371
4516.0	0.554696	0.364409	0.190287	0.819093	9.72671
4517.0	0.354865	0.396475	0.0416099	0.798887	10.7692
4518.0	0.0502966	-0.307853	0.358149	0.744024	13.6631
4519.0	0.0441028	-0.119016	0.163119	0.746073	13.6631
4520.0	0.186608	-0.910123	1.09673	0.7116	14.3684
4521.0	0.586753	1.49087	0.90412	0.696661	15.8431
4522.0	0.101719	-0.894389	0.996108	0.821716	8.58206
4523.0	0.0514604	-0.464365	0.515825	0.818599	9.50185
4524.0	0.369293	1.42348	1.05418	0.767768	11.1603
4525.0	0.162487	-0.36354	0.526026	0.812294	9.79568
4526.0	0.622859	0.0849063	0.537953	0.801554	10.3144
4527.0	0.0604953	-1.44164	1.50214	0.743238	11.2197
4528.0	0.061324	-0.681736	0.74306	0.778425	11.2197
4529.0	0.401866	0.408782	0.00691664	0.868932	7.51257
4530.0	0.679769	0.32864	0.351128	0.677271	18.1407
4531.0	0.0337616	-1.12912	1.16288	0.746554	12.0665
4532.0	0.387018	0.286756	0.100261	0.92224	5.39518
4533.0	0.00928203	-0.636337	0.645619	0.757017	12.5584
4534.0	0.0658088	-0.0993875	0.165196	0.691098	17.2581
4535.0	0.489189	1.01695	0.527765	0.650365	20.0307
4536.0	0.501725	1.09561	0.593886	0.649091	20.0307
4537.0	0.290589	0.423515	0.132926	0.8781	7.11181
4538.0	0.677917	2.13207	1.45415	0.656528	17.0489
4539.0	0.685799	0.750926	0.0651272	0.694467	17.0489
4540.0	0.677287	0.443674	0.233612	0.715662	15.5375
4541.0	0.697308	-0.452538	1.14985	0.857361	6.6733
4542.0	0.363093	0.612826	0.249733	0.679579	18.0508
4543.0	0.314113	1.05661	0.742495	0.735856	13.6455
4544.0	0.442623	-0.0775073	0.520131	0.819314	9.46273
4545.0	0.651493	-0.0589438	0.710437	0.730097	14.0555
4546.0	0.502388	-0.691653	1.19404	0.664836	17.3319
4547.0	0.465179	1.73242	1.26724	0.632517	19.649
4548.0	0.160772	0.289547	0.128776	0.830604	9.20052
4549.0	0.211874	0.216289	0.00441512	0.86089	7.85626
4550.0	0.13936	0.14534	0.0059809	0.786493	11.417
4551.0	0.699774	0.441336	0.258438	0.696619	16.8154
4552.0	0.193847	1.18399	0.990138	0.726508	13.6997
4553.0	0.352017	-0.241981	0.593998	0.811265	9.76324
4554.0	0.426823	-0.299008	0.725831	0.755548	12.5133
4555.0	0.482353	0.595149	0.112797	0.726767	14.8714
4556.0	0.135881	-0.56936	0.705241	0.822435	9.0715
4557.0	0.224935	0.332789	0.107854	0.77886	11.8131
4558.0	0.543435	0.237963	0.305473	0.831454	9.07896
4559.0	0.635092	0.696141	0.0610488	0.733605	14.4521
4560.0	0.0512077	0.252091	0.200883	0.735912	14.2641
4561.0	0.6831	-0.361688	1.04479	0.824138	8.366
4562.0	0.175308	0.467675	0.292367	0.689889	17.2678
4563.0	0.441283	1.12815	0.686865	0.739408	13.5265
4564.0	0.114465	0.597934	0.483469	0.689702	17.0858
4565.0	0.191733	0.230391	0.0386575	0.779525	11.7887
4566.0	0.12477	0.59495	0.470181	0.854369	7.9121
4567.0	0.675152	0.697327	0.0221755	0.75409	13.2205
4568.0	0.0437354	-0.663147	0.706882	0.724354	14.421
4569.0	0.37884	0.668183	0.289343	0.790701	11.1005
4570.0	0.365259	0.411402	0.0461429	0.792464	11.1005
4571.0	0.425473	1.53826	1.11279	0.712065	14.2949
4572.0	0.429803	0.949293	0.51949	0.730872	14.2949
4573.0	0.638691	1.05534	0.416651	0.7819	11.4639
4574.0	0.1371	-0.129953	0.267053	0.710166	15.8813
4575.0	0.500496	0.426261	0.0742342	0.764088	12.6391
4576.0	0.0976344	0.0523472	0.0452872	0.86565	7.64988
4577.0	0.108066	-0.0823033	0.190369	0.738279	14.1235
4578.0	0.663441	0.241422	0.422019	0.808308	10.0995
4579.0	0.254121	-0.0918151	0.345936	0.805935	10.2819
4580.0	0.501114	-0.0527926	0.553907	0.657062	19.4501
4581.0	0.593161	1.95981	1.36665	0.767519	10.3287
4582.0	0.112317	-0.231499	0.343816	0.732676	14.369
4583.0	0.0970518	-0.168173	0.265224	0.733623	14.369
4584.0	0.0899317	0.0288741	0.0610576	0.769934	12.3128
4585.0	0.0911077	-0.0631413	0.154249	0.769514	12.3128
4586.0	0.0974558	0.287169	0.189713	0.769258	12.3128
4587.0	0.56772	1.10657	0.538852	0.71804	15.0851
4588.0	0.0585121	0.822855	0.764343	0.649526	19.6707
4589.0	0.0151319	0.531298	0.516166	0.802081	10.3132
4590.0	0.195788	0.535618	0.33983	0.841361	8.60028
4591.0	0.148046	0.381333	0.233287	0.759816	12.825
4592.0	0.323	0.657699	0.3347	0.749405	13.3622
4593.0	0.128232	-0.323142	0.451374	0.692207	16.9471
4594.0	0.184555	-0.470913	0.655468	0.766763	11.9945
4595.0	0.484898	0.965139	0.480241	0.863275	7.51838
4596.0	0.472572	0.690327	0.217755	0.67508	18.4079
4597.0	0.335377	-0.859483	1.19486	0.866304	6.20059
4598.0	0.552073	0.342785	0.209287	0.677814	18.2073
4599.0	0.0146276	-0.233083	0.24771	0.775124	11.9593
4600.0	0.263633	-0.0119972	0.27563	0.827893	9.26424
4601.0	0.196533	0.475115	0.278582	0.785044	11.4056
4602.0	0.582392	0.82321	0.240817	0.723729	15.0089
4603.0	0.560698	0.912462	0.351764	0.722387	15.0129
4604.0	0.331009	0.207588	0.123421	0.861002	7.83581
4605.0	0.00831617	1.27376	1.26545	0.738262	12.257
4606.0	0.268808	-0.194818	0.463627	0.753293	13.0115
4607.0	0.615521	0.988196	0.372675	0.739086	13.949
4608.0	0.530832	1.20498	0.674152	0.764168	12.1103
4609.0	0.0842782	0.595072	0.510794	0.640363	20.8895
4610.0	0.188579	0.949973	0.761395	0.745341	13.0437
4611.0	0.476073	-0.106311	0.582384	0.643005	20.5547
4612.0	0.484109	0.477148	0.00696079	0.64879	20.5547
4613.0	0.0605512	-0.0335325	0.0940837	0.803433	10.5302
4614.0	0.0614058	-0.0867859	0.148192	0.830909	9.18052
4615.0	0.530674	0.711161	0.180487	0.747168	13.5905
4616.0	0.0376246	0.406608	0.368984	0.766124	12.3712
4617.0	0.405024	0.845429	0.440405	0.706194	15.9917
4618.0	0.421743	0.978595	0.556852	0.703998	15.9917
4619.0	0.416095	0.955474	0.539379	0.70436	15.9917
4620.0	0.570657	0.35943	0.211227	0.82762	9.3107
4621.0	0.444315	0.453392	0.00907639	0.850191	8.32477
4622.0	0.263243	0.802859	0.539615	0.832377	8.82622
4623.0	0.172215	0.31925	0.147035	0.753634	13.2219
4624.0	0.357535	-0.391312	0.748848	0.79522	10.3352
4625.0	0.551443	0.787565	0.236123	0.574164	27.6326
4626.0	0.546946	-0.110977	0.657923	0.568609	27.6326
4627.0	0.580312	1.42964	0.849324	0.720588	14.3864
4628.0	0.567415	1.06706	0.499644	0.729804	14.3864
4629.0	0.578501	0.712925	0.134424	0.734378	14.3864
4630.0	0.361396	-0.24237	0.603766	0.783804	11.1461
4631.0	0.279575	-0.675269	0.954844	0.745448	12.6448
4632.0	0.635802	0.84188	0.206079	0.752948	13.2371
4633.0	0.0421389	-0.657216	0.699354	0.723417	14.4933
4634.0	0.600167	0.4088	0.191367	0.75556	13.0917
4635.0	0.444243	0.272459	0.171784	0.818579	9.7588
4636.0	0.113704	-0.809071	0.922775	0.785382	10.5182
4637.0	0.0479197	0.213397	0.165477	0.750874	13.377
4638.0	0.416709	0.241176	0.175533	0.742201	13.8912
4639.0	0.0309409	0.126202	0.0952607	0.833527	9.07223
4640.0	0.192185	0.783083	0.590898	0.715334	15.1874
4641.0	0.231938	0.185048	0.0468904	0.728815	14.7546
4642.0	0.583472	0.343594	0.239878	0.70648	16.1474
4643.0	0.571484	0.0897911	0.481692	0.712008	15.5541
4644.0	0.123043	-0.333197	0.45624	0.699756	16.4133
4645.0	0.419814	0.532425	0.112611	0.70606	16.2337
4646.0	0.289076	-0.21058	0.499656	0.806027	10.1342
4647.0	0.275733	0.72252	0.446787	0.750601	13.187
4648.0	0.63149	0.0166988	0.614791	0.827155	8.97686
4649.0	0.31371	0.23082	0.0828893	0.824342	9.50669
4650.0	0.588327	0.444162	0.144164	0.883294	6.89577
4651.0	0.119788	-0.077655	0.197443	0.77973	11.7345
4652.0	0.237493	1.01191	0.77442	0.71937	14.6142
4653.0	0.133554	-0.0948936	0.228448	0.846176	8.44957
4654.0	0.0688681	-0.232946	0.301814	0.704476	16.2406
4655.0	0.191984	0.904085	0.712101	0.795054	10.4029
4656.0	0.0145184	-0.72982	0.744338	0.773523	11.4811
4657.0	0.0107997	-0.806654	0.817454	0.771124	11.4811
4658.0	0.413232	-0.248425	0.661658	0.781093	11.207
4659.0	0.386942	-0.0993717	0.486314	0.78539	11.207
4660.0	0.179148	-0.125455	0.304603	0.797576	10.7346
4661.0	0.600167	-0.633644	1.23381	0.690272	15.3857
4662.0	0.593017	-0.0817007	0.674717	0.710286	15.3857
4663.0	0.499704	0.747562	0.247858	0.827214	9.31184
4664.0	0.1429	0.457893	0.314993	0.83927	8.71243
4665.0	0.272972	0.445132	0.172159	0.709003	16.0127
4666.0	0.445445	0.371949	0.0734959	0.691062	17.2896
4667.0	0.425197	1.32911	0.903917	0.676258	17.2896
4668.0	0.441474	0.844207	0.402733	0.688173	17.2896
4669.0	0.254412	0.48025	0.225839	0.834392	8.98755
4670.0	0.0306796	-1.04963	1.0803	0.871936	6.22624
4671.0	0.612261	-0.328865	0.941126	0.777702	10.8823
4672.0	0.43448	0.263986	0.170494	0.770682	12.2416
4673.0	0.252561	-0.235315	0.487876	0.747251	13.3386
4674.0	0.547502	0.529938	0.0175632	0.741909	13.946
4675.0	0.322133	-0.785467	1.1076	0.78569	10.0883
4676.0	0.31437	0.0768622	0.237508	0.811233	10.0883
4677.0	0.621436	0.614856	0.00658068	0.754417	13.2019
4678.0	0.686366	0.472112	0.214254	0.791173	11.1185
4679.0	0.441216	0.92904	0.487824	0.682609	17.5925
4680.0	0.680186	0.691169	0.0109826	0.831018	9.19875
4681.0	0.135478	-0.442973	0.578451	0.729978	14.2712
4682.0	0.172752	0.0713897	0.101362	0.812712	10.066
4683.0	0.460599	0.340822	0.119776	0.768367	12.3878
4684.0	0.271435	-0.643732	0.915167	0.735026	13.3514
4685.0	0.267732	0.659294	0.391562	0.788528	11.1358
4686.0	0.688432	1.5969	0.908472	0.731444	13.5837
4687.0	0.668428	0.159289	0.509139	0.742714	13.5837
4688.0	0.608881	0.768331	0.15945	0.815457	9.91496
4689.0	0.274045	0.714994	0.440949	0.833148	8.89295
4690.0	0.329119	0.599659	0.27054	0.858044	7.90429
4691.0	0.106477	-0.0309033	0.13738	0.832766	9.0972
4692.0	0.475414	0.875156	0.399742	0.839653	8.63129
4693.0	0.044941	0.47542	0.430479	0.813067	9.85736
4694.0	0.553779	0.470201	0.0835777	0.566839	28.5399
4695.0	0.177349	-0.146302	0.32365	0.808228	10.184
4696.0	0.568677	1.12435	0.555668	0.714838	15.2706
4697.0	0.557543	0.450752	0.106791	0.722829	15.1251
4698.0	0.292249	-0.492702	0.784951	0.775814	11.287
4699.0	0.427948	1.17554	0.74759	0.747549	12.9387
4700.0	0.413825	0.989336	0.57551	0.752173	12.9387
4701.0	0.679292	0.299445	0.379848	0.838706	8.69073
4702.0	0.683431	0.525569	0.157862	0.841466	8.69073
4703.0	0.107101	-0.101122	0.208223	0.885218	6.79517
4704.0	0.651404	-0.0571	0.708504	0.792562	10.536
4705.0	0.567935	0.683872	0.115937	0.730929	14.6075
4706.0	0.456786	0.44014	0.0166468	0.712215	15.835
4707.0	0.495746	1.04122	0.545477	0.866869	7.29838
4708.0	0.422873	-0.0025549	0.425428	0.841951	8.5049
4709.0	0.121733	-0.127594	0.249327	0.841173	8.66484
4710.0	0.597873	0.0468235	0.551049	0.666485	18.715
4711.0	0.598075	-0.928716	1.52679	0.631707	18.715
4712.0	0.696211	-0.524969	1.22118	0.782096	9.98285
4713.0	0.138065	-0.689721	0.827786	0.737499	13.3849
4714.0	0.128955	-0.43355	0.562505	0.744889	13.3849
4715.0	0.219151	0.649159	0.430008	0.812141	9.90314
4716.0	0.224079	0.835736	0.611658	0.807943	9.90314
4717.0	0.542645	0.580174	0.0375292	0.813265	10.0486
4718.0	0.0485405	0.342426	0.293886	0.797787	10.731
4719.0	0.468423	0.882139	0.413715	0.751306	13.1796
4720.0	0.449096	0.567456	0.11836	0.743418	13.838
4721.0	0.250252	0.78165	0.531398	0.759263	12.5879
4722.0	0.403904	0.21121	0.192694	0.831245	9.14861
4723.0	0.17587	-1.23514	1.41101	0.779556	9.56957
4724.0	0.482165	-0.904912	1.38708	0.682777	15.3949
4725.0	0.655887	0.650789	0.0050982	0.747197	13.6281
4726.0	0.558779	0.580247	0.0214677	0.801126	10.6564
4727.0	0.460468	0.222688	0.23778	0.72281	15.0698
4728.0	0.439843	1.12355	0.683703	0.714864	15.0698
4729.0	0.286692	0.150287	0.136405	0.762842	12.6945
4730.0	0.110789	0.322838	0.212049	0.697387	16.7901
4731.0	0.101974	-0.316722	0.418696	0.694959	16.7901
4732.0	0.453211	0.814521	0.36131	0.722659	14.9869
4733.0	0.195169	0.478563	0.283395	0.831998	9.0675
4734.0	0.379408	0.12284	0.256569	0.793504	10.9747
4735.0	0.317625	-0.0580504	0.375676	0.881807	6.8365
4736.0	0.159921	0.859663	0.699743	0.759206	12.3485
4737.0	0.401828	0.765895	0.364067	0.781524	11.5309
4738.0	0.407257	0.693774	0.286517	0.782599	11.5309
4739.0	0.479966	0.106556	0.37341	0.735541	14.1655
4740.0	0.600977	-0.00838723	0.609365	0.672298	18.1796
4741.0	0.51848	1.18419	0.665714	0.792234	10.6182
4742.0	0.524843	1.03412	0.509281	0.750832	13.1023
4743.0	0.359276	0.757703	0.398426	0.716621	15.3429
4744.0	0.356591	-0.112906	0.469497	0.715433	15.3429
4745.0	0.362527	-0.131203	0.49373	0.714984	15.3429
4746.0	0.398119	0.771033	0.372915	0.843651	8.47214
4747.0	0.0187837	-0.275176	0.293959	0.827385	9.27701
4748.0	0.337304	-0.0214569	0.35876	0.77063	12.1288
4749.0	0.58987	0.928953	0.339083	0.686503	17.4726
4750.0	0.566935	0.0876237	0.479311	0.727588	14.5501
4751.0	0.663927	0.547455	0.116472	0.893289	6.50102
4752.0	0.329986	-0.0864448	0.416431	0.769236	12.1541
4753.0	0.292487	0.156324	0.136162	0.647232	20.658
4754.0	0.288411	0.199281	0.0891304	0.647413	20.658
4755.0	0.671266	1.48006	0.80879	0.677102	17.4434
4756.0	0.406375	0.691245	0.28487	0.78435	11.4385
4757.0	0.409509	-0.167409	0.576918	0.778989	11.4385
4758.0	0.280659	0.750406	0.469747	0.790943	10.9338
4759.0	0.355878	0.938274	0.582396	0.698927	16.3012
4760.0	0.00193983	0.00786167	0.00592184	0.78725	11.3768
4761.0	0.349508	0.868558	0.51905	0.762937	12.3948
4762.0	0.112863	-0.617907	0.730769	0.803758	9.93568
4763.0	0.119168	1.08581	0.966646	0.746327	12.567
4764.0	0.140187	0.134399	0.00578792	0.725935	14.9402
4765.0	0.049946	-0.393813	0.443759	0.769474	12.1136
4766.0	0.0366765	-0.631951	0.668628	0.764261	12.1136
4767.0	0.393298	1.00267	0.609376	0.793458	10.6353
4768.0	0.0924776	-0.377962	0.470439	0.627371	22.0782
4769.0	0.425299	0.440224	0.0149246	0.719611	15.3476
4770.0	0.195413	0.538402	0.342989	0.827717	9.22797
4771.0	0.193751	-0.0854292	0.27918	0.826519	9.32694
4772.0	0.203185	0.380363	0.177177	0.827577	9.32694
4773.0	0.0174738	0.128395	0.110921	0.867723	7.5513
4774.0	0.427989	0.792981	0.364992	0.728558	14.6083
4775.0	0.431007	0.142251	0.288756	0.729538	14.6083
4776.0	0.607978	0.921077	0.3131	0.912206	5.68622
4777.0	0.550262	-0.0748165	0.625079	0.686579	17.1028
4778.0	0.562351	1.0547	0.49235	0.689304	17.1028
4779.0	0.535593	0.943066	0.407473	0.690712	17.1028
4780.0	0.128036	-0.598041	0.726078	0.806278	9.81845
4781.0	0.429144	0.243327	0.185817	0.768123	12.3779
4782.0	0.311739	0.289111	0.0226285	0.749793	13.4731
4783.0	0.376198	-0.0816535	0.457852	0.785157	11.2498
4784.0	0.290865	0.102066	0.188799	0.78731	11.3332
4785.0	0.307599	0.0471703	0.260429	0.771086	12.1742
4786.0	0.303489	0.650626	0.347136	0.794945	10.8389
4787.0	0.312543	0.720629	0.408086	0.793946	10.8389
4788.0	0.527582	0.932344	0.404763	0.772569	11.9811
4789.0	0.0831288	-0.0408134	0.123942	0.732982	14.4767
4790.0	0.353114	0.46024	0.107125	0.736142	14.2853
4791.0	0.395102	-0.346329	0.741431	0.871504	6.85233
4792.0	0.492235	0.437533	0.0547018	0.761182	12.8075
4793.0	0.563656	-0.416369	0.980025	0.655512	18.6729
4794.0	0.556292	1.01908	0.462791	0.668619	18.6729
4795.0	0.563837	0.350906	0.212931	0.671627	18.6729
4796.0	0.440509	1.69443	1.25392	0.689952	15.3445
4797.0	0.429541	0.781641	0.3521	0.717267	15.3445
4798.0	0.127196	-0.778409	0.905605	0.871311	6.59223
4799.0	0.556843	0.466764	0.090079	0.743802	13.822
4800.0	0.520976	0.607719	0.0867438	0.723062	15.115
4801.0	0.526089	0.756565	0.230476	0.722175	15.115
4802.0	0.409444	-0.387176	0.79662	0.772635	11.4375
4803.0	0.0438414	-0.102619	0.146461	0.749803	13.4474
4804.0	0.425386	0.857736	0.432349	0.768157	12.1984
4805.0	0.407924	-0.234519	0.642443	0.763459	12.1984
4806.0	0.63716	1.03509	0.39793	0.862473	7.6262
4807.0	0.680683	0.176727	0.503957	0.798068	10.53
4808.0	0.697365	0.0860741	0.611291	0.795462	10.53
4809.0	0.574561	0.845354	0.270793	0.860983	7.77704
4810.0	0.506473	0.288456	0.218017	0.807168	10.2998
4811.0	0.530796	0.853174	0.322379	0.729364	14.5938
4812.0	0.418014	-0.0164849	0.434499	0.854408	7.94362
4813.0	0.246951	-0.1617	0.408651	0.832833	8.93663
4814.0	0.392197	0.965441	0.573244	0.803154	10.1908
4815.0	0.20547	1.2694	1.06393	0.669808	17.3496
4816.0	0.386653	-0.659846	1.0465	0.727405	13.506
4817.0	0.263667	-0.296749	0.560416	0.793232	10.7107
4818.0	0.073242	0.43711	0.363868	0.806258	10.2517
4819.0	0.306701	-0.144234	0.450935	0.82837	9.1058
4820.0	0.101295	-0.262105	0.3634	0.761724	12.6245
4821.0	0.659875	0.597907	0.0619676	0.882423	6.94818
4822.0	0.0625711	0.186393	0.123822	0.655957	19.946
4823.0	0.540106	0.130734	0.409372	0.73046	14.4465
4824.0	0.274948	0.123413	0.151535	0.670076	18.8224
4825.0	0.298312	1.00025	0.701942	0.661768	18.8224
4826.0	0.294515	0.100087	0.194429	0.669811	18.8224
4827.0	0.512255	0.279088	0.233167	0.770875	12.2015
4828.0	0.266883	-0.0358116	0.302694	0.835778	8.88047
4829.0	0.384698	0.846581	0.461883	0.737551	13.952
4830.0	0.380755	-0.330837	0.711592	0.77408	11.5054
4831.0	0.370223	0.310337	0.0598856	0.784754	11.5054
4832.0	0.641969	-0.0122351	0.654204	0.782648	11.1355
4833.0	0.292847	-0.607915	0.900763	0.685682	16.6166
4834.0	0.586194	1.11806	0.531869	0.67748	17.9105
4835.0	0.598194	-0.0211775	0.619372	0.675665	17.9105
4836.0	0.548769	1.05068	0.501907	0.659728	19.3143
4837.0	0.298508	-0.040187	0.338695	0.776367	11.8299
4838.0	0.390727	1.25349	0.862767	0.708084	15.1674
4839.0	0.0838445	-0.437068	0.520913	0.715442	15.2782
4840.0	0.674914	0.627763	0.0471519	0.748921	13.5228
4841.0	0.675252	0.644613	0.0306385	0.748947	13.5228
4842.0	0.561994	1.01364	0.451646	0.587792	25.9257
4843.0	0.249534	0.0177003	0.231834	0.754465	13.135
4844.0	0.225378	0.828691	0.603314	0.783933	11.1399
4845.0	0.200809	0.506216	0.305407	0.797089	10.759
4846.0	0.417609	0.700337	0.282727	0.804541	10.3955
4847.0	0.614233	0.783582	0.169349	0.7688	12.3469
4848.0	0.0114066	-0.354045	0.365451	0.75098	13.2437
4849.0	0.00196897	-0.32179	0.323759	0.751565	13.2437
4850.0	0.635203	0.0162368	0.618966	0.861746	7.42875
4851.0	0.0592204	0.406392	0.347172	0.729935	14.5375
4852.0	0.185024	-0.153799	0.338823	0.831857	9.03736
4853.0	0.257632	0.295333	0.0377001	0.792485	11.1002
4854.0	0.696586	0.616142	0.0804435	0.766669	12.4923
4855.0	0.539159	0.586438	0.0472792	0.761807	12.7727
4856.0	0.467999	0.698221	0.230222	0.817786	9.77166
4857.0	0.342992	0.712976	0.369985	0.783453	11.4228
4858.0	0.511784	0.213197	0.298586	0.796839	10.7765
4859.0	0.223428	0.12891	0.0945178	0.801317	10.6372
4860.0	0.534227	0.0115356	0.522692	0.753606	12.9242
4861.0	0.65497	0.33469	0.32028	0.837505	8.78957
4862.0	0.471699	-0.161046	0.632746	0.737919	13.7027
4863.0	0.482176	0.27767	0.204506	0.745107	13.7027
4864.0	0.454696	1.13874	0.684048	0.790102	10.7007
4865.0	0.114549	0.842852	0.728303	0.790555	10.6076
4866.0	0.609701	1.17459	0.564892	0.695089	16.5937
4867.0	0.611941	1.19589	0.583947	0.694682	16.5937
4868.0	0.441292	0.239857	0.201435	0.763173	12.6498
4869.0	0.454372	0.488354	0.0339814	0.856661	8.03869
4870.0	0.0199009	0.330512	0.310611	0.83422	8.94724
4871.0	0.668703	1.05219	0.383483	0.867464	7.42546
4872.0	0.545003	0.714905	0.169901	0.559358	29.3748
4873.0	0.160224	-0.0149623	0.175187	0.880844	6.98595
4874.0	0.158815	-0.0502002	0.209016	0.812758	10.0272
4875.0	0.116341	-0.800163	0.916504	0.777047	10.9684
4876.0	0.131152	0.022065	0.109087	0.794044	11.0074
4877.0	0.0579934	-0.629536	0.68753	0.775485	11.4678
4878.0	0.426247	-0.248199	0.674446	0.733973	13.8772
4879.0	0.696681	0.758948	0.0622675	0.673763	18.5667
4880.0	0.695897	0.648402	0.0474949	0.673792	18.5667
4881.0	0.671774	0.796832	0.125058	0.673552	18.5667
4882.0	0.480512	0.694648	0.214136	0.785703	11.4067
4883.0	0.485376	-0.274696	0.760072	0.774401	11.4067
4884.0	0.439704	0.624176	0.184473	0.770954	12.2208
4885.0	0.495629	0.119586	0.376043	0.787273	11.2153
4886.0	0.607349	-0.581638	1.18899	0.74519	12.0737
4887.0	0.075342	-0.253652	0.328994	0.830938	9.08715
4888.0	0.527906	0.915676	0.38777	0.671261	18.5577
4889.0	0.685346	0.333339	0.352007	0.820499	9.56406
4890.0	0.270708	0.763365	0.492657	0.805399	10.1732
4891.0	0.236466	0.555111	0.318645	0.771654	12.1036
4892.0	0.0502398	0.642257	0.592018	0.713816	15.2852
4893.0	0.0450681	-0.197906	0.242974	0.719432	15.2852
4894.0	0.0677485	-0.871326	0.939074	0.774865	11.0375
4895.0	0.131583	-0.0592534	0.190836	0.833456	9.04646
4896.0	0.320692	0.168891	0.1518	0.777018	11.9001
4897.0	0.0283354	-0.106215	0.134551	0.788025	11.3153
4898.0	0.0413084	-0.624863	0.666171	0.778934	11.3153
4899.0	0.290964	-0.401821	0.692785	0.849294	7.86805
4900.0	0.131927	0.248635	0.116708	0.741432	13.9587
4901.0	0.566184	0.0128825	0.553302	0.798501	10.4502
4902.0	0.471928	0.499324	0.0273962	0.766124	12.5297
4903.0	0.319659	1.39414	1.07449	0.847582	7.25612
4904.0	0.171695	0.317121	0.145426	0.818714	9.76136
4905.0	0.623048	1.1357	0.512655	0.703624	16.0778
4906.0	0.0536405	0.637607	0.583967	0.766184	12.1294
4907.0	0.126695	0.113905	0.0127897	0.833067	9.10311
4908.0	0.323851	1.00847	0.684621	0.867359	7.10555
4909.0	0.299851	0.992664	0.692814	0.734943	13.7874
4910.0	0.0152408	0.226157	0.210916	0.821588	9.59767
4911.0	0.352239	-0.0237991	0.376038	0.752606	13.139
4912.0	0.131266	-0.514996	0.646262	0.703722	15.8728
4913.0	0.615265	0.985233	0.369968	0.766767	12.3343
4914.0	0.354147	0.326825	0.0273221	0.832728	9.1183
4915.0	0.672258	0.961692	0.289434	0.757428	12.9276
4916.0	0.586272	0.430454	0.155817	0.782721	11.5904
4917.0	0.280452	-0.0104636	0.290916	0.738621	14.0434
4918.0	0.268007	0.429716	0.16171	0.739789	14.0434
4919.0	0.35569	0.977294	0.621603	0.80978	9.79942
4920.0	0.586529	-0.127209	0.713738	0.800334	10.1335
4921.0	0.622008	0.390917	0.231091	0.849295	8.30904
4922.0	0.526904	-0.21126	0.738164	0.832441	8.55618
4923.0	0.552998	0.122296	0.430702	0.757121	12.8248
4924.0	0.326938	1.18625	0.859307	0.758604	12.0932
4925.0	0.264313	0.412802	0.148489	0.794307	10.9823
4926.0	0.259731	-0.144143	0.403874	0.791253	10.9823
4927.0	0.341595	0.193677	0.147918	0.688867	17.4254
4928.0	0.340794	0.453122	0.112328	0.689038	17.4254
4929.0	0.375995	0.217721	0.158274	0.844829	8.53849
4930.0	0.54222	0.642913	0.100693	0.737464	14.2055
4931.0	0.0669536	-0.493175	0.560128	0.767443	12.0909
4932.0	0.482788	0.829509	0.346721	0.817731	9.70137
4933.0	0.478597	-0.0683805	0.546977	0.716455	15.1771
4934.0	0.216716	0.0976168	0.119099	0.676768	18.3257
4935.0	0.170478	0.349112	0.178634	0.750848	13.3731
4936.0	0.498501	-0.589876	1.08838	0.731742	13.135
4937.0	0.601594	0.103098	0.498497	0.838593	8.58632
4938.0	0.498987	0.189833	0.309154	0.731265	14.4849
4939.0	0.10336	0.113273	0.00991275	0.815012	9.96432
4940.0	0.452868	1.0854	0.632533	0.75228	12.8509
4941.0	0.106749	0.321765	0.215016	0.715568	15.5543
4942.0	0.119426	0.0309019	0.088524	0.716307	15.5543
4943.0	0.46454	0.167049	0.29749	0.79119	11.0696
4944.0	0.66251	0.935264	0.272753	0.917745	5.50089
4945.0	0.632951	0.368562	0.264389	0.818589	9.71449
4946.0	0.0981855	0.649669	0.551483	0.682765	17.4931
4947.0	0.193418	-0.700247	0.893665	0.675047	17.4031
4948.0	0.20255	0.478581	0.276031	0.688177	17.4031
4949.0	0.228404	0.575724	0.34732	0.818265	9.67513
4950.0	0.191451	0.213259	0.0218079	0.781527	11.6818
4951.0	0.00900196	0.256637	0.247635	0.755981	13.0379
4952.0	0.382665	0.509078	0.126414	0.742497	13.8913
4953.0	0.690114	0.336848	0.353267	0.789729	11.105
4954.0	0.0666538	-0.150499	0.217153	0.836062	8.91453
4955.0	0.00839034	-0.903329	0.911719	0.74706	12.6456
4956.0	0.584501	0.80839	0.22389	0.736753	14.2002
4957.0	0.514797	1.37344	0.858647	0.747213	12.7474
4958.0	0.486002	-0.132898	0.6189	0.640208	20.7278
4959.0	0.433039	-0.465008	0.898047	0.753609	12.2972
4960.0	0.454161	0.687824	0.233664	0.675759	18.3469
4961.0	0.453358	0.220912	0.232447	0.675769	18.3469
4962.0	0.332879	0.675349	0.342469	0.744792	13.6304
4963.0	0.553873	-0.0963485	0.650221	0.75947	12.4116
4964.0	0.553253	0.685964	0.132711	0.792064	11.1039
4965.0	0.314927	-0.144606	0.459534	0.778734	11.591
4966.0	0.301692	0.559447	0.257755	0.781811	11.591
4967.0	0.315255	-0.0121788	0.327433	0.780943	11.591
4968.0	0.0492011	0.765631	0.71643	0.756095	12.4979
4969.0	0.0504546	0.618556	0.568102	0.760013	12.4979
4970.0	0.379142	0.421322	0.0421798	0.853884	8.15974
4971.0	0.295698	-0.475674	0.771372	0.892028	5.98306
4972.0	0.63371	0.303066	0.330644	0.837855	8.76645
4973.0	0.245843	0.412287	0.166444	0.834596	9.00287
4974.0	0.453717	0.221071	0.232647	0.838994	8.7726
4975.0	0.0849623	-0.223952	0.308914	0.731258	14.4855
4976.0	0.570197	0.867172	0.296975	0.767265	12.3633
4977.0	0.554992	1.0785	0.523509	0.7634	12.3633
4978.0	0.56956	0.466028	0.103533	0.813651	10.0194
4979.0	0.319507	0.263198	0.0563089	0.805778	10.4184
4980.0	0.308535	0.526165	0.21763	0.804804	10.4184
4981.0	0.405443	0.671612	0.266169	0.773527	12.036
4982.0	0.425988	0.740724	0.314737	0.817792	9.72137
4983.0	0.521527	1.0493	0.527771	0.781177	11.3831
4984.0	0.519157	-0.498582	1.01774	0.733081	13.2317
4985.0	0.516323	0.503538	0.012784	0.753904	13.2317
4986.0	0.371165	0.736674	0.365509	0.816462	9.74831
4987.0	0.248763	-0.0113832	0.260147	0.727513	14.7557
4988.0	0.251349	0.313909	0.0625596	0.728765	14.7557
4989.0	0.319517	0.419292	0.0997744	0.802437	10.5793
4990.0	0.460159	1.17101	0.710851	0.747488	13.0058
4991.0	0.182584	0.464891	0.282307	0.801776	10.5353
4992.0	0.578446	0.324551	0.253895	0.794569	10.9211
4993.0	0.197144	-0.311571	0.508714	0.768159	12.1149
4994.0	0.296928	0.63234	0.335411	0.742546	13.7712
4995.0	0.27727	1.05642	0.779155	0.827516	8.71771
4996.0	0.551584	1.0951	0.54352	0.717133	15.1377
4997.0	0.574554	1.15115	0.576595	0.713789	15.3096
4998.0	0.585121	0.241346	0.343776	0.717913	15.3096
4999.0	0.0728993	0.364051	0.291151	0.803616	10.4368
5000.0	0.132552	0.282853	0.150301	0.788221	11.2999
5001.0	0.679308	-0.0484921	0.7278	0.821799	9.06709
5002.0	0.19563	0.445953	0.250323	0.791062	11.1054
5003.0	0.15368	-0.509652	0.663332	0.80172	10.1402
5004.0	0.204653	0.388345	0.183692	0.854825	8.08534
5005.0	0.494357	1.10019	0.605835	0.792748	10.6766
5006.0	0.46804	0.203551	0.264489	0.676586	18.264
5007.0	0.0742931	0.558572	0.484279	0.662439	19.1247
5008.0	0.699773	0.916137	0.216364	0.844425	8.53387
5009.0	0.494686	1.31085	0.816164	0.725383	14.152
5010.0	0.0967933	-0.160203	0.256996	0.656095	19.8637
5011.0	0.337064	0.202659	0.134405	0.711361	15.8693
5012.0	0.609069	0.671468	0.0623989	0.757235	13.0335
5013.0	0.447037	0.02355	0.423487	0.788405	11.1129
5014.0	0.527827	0.275514	0.252313	0.62478	22.5443
5015.0	0.531141	1.06447	0.533327	0.621172	22.5443
5016.0	0.626614	-0.256766	0.88338	0.705425	15.2985
5017.0	0.149332	0.849009	0.699678	0.831152	8.67349
5018.0	0.388877	-0.0152066	0.404084	0.905784	5.86777
5019.0	0.265418	0.757947	0.492529	0.904373	5.84537
5020.0	0.5469	0.416408	0.130492	0.75232	13.3044
5021.0	0.317505	1.76532	1.44781	0.828373	7.14682
5022.0	0.109801	0.806806	0.697006	0.809647	9.69797
5023.0	0.563794	0.326624	0.23717	0.798581	10.724
5024.0	0.0492282	0.307102	0.257874	0.799231	10.6793
5025.0	0.23428	0.164681	0.0695998	0.816112	9.90548
5026.0	0.365123	-0.158833	0.523957	0.79548	10.6393
5027.0	0.0198717	0.681844	0.661972	0.77205	11.6937
5028.0	0.361345	0.0355119	0.325833	0.764962	12.4716
5029.0	0.412205	0.522009	0.109804	0.862288	7.78365
5030.0	0.127938	0.117894	0.0100435	0.750464	13.434
5031.0	0.661001	-0.0461773	0.707178	0.777761	11.3142
5032.0	0.0590736	1.28731	1.22824	0.815673	8.32359
5033.0	0.207689	0.566156	0.358466	0.710871	15.7612
5034.0	0.578096	0.673937	0.0958402	0.755059	13.1535
5035.0	0.0739569	0.657484	0.583527	0.855186	7.75405
5036.0	0.606618	-0.723456	1.33007	0.682893	15.5827
5037.0	0.49376	0.55998	0.0662197	0.803417	10.5359
5038.0	0.00628729	0.304836	0.298549	0.880075	6.95905
5039.0	0.637027	0.069158	0.567868	0.832172	8.8026
5040.0	0.495522	0.848581	0.353059	0.738984	13.9725
5041.0	0.0252217	0.860738	0.835516	0.756375	12.2661
5042.0	0.615449	1.31325	0.697806	0.767929	11.8639
5043.0	0.0729826	-0.160556	0.233538	0.808482	10.2266
5044.0	0.0193888	0.111564	0.0921749	0.784609	11.5075
5045.0	0.100877	0.131387	0.0305099	0.77756	11.896
5046.0	0.241382	-0.00105879	0.242441	0.838987	8.76801
5047.0	0.363225	0.774883	0.411657	0.774466	11.8706
5048.0	0.32388	0.224016	0.0998638	0.751967	13.3336
5049.0	0.267188	-0.488954	0.756142	0.78356	10.9256
5050.0	0.416312	0.684054	0.267742	0.781016	11.6277
5051.0	0.0583733	-1.07948	1.13786	0.714342	14.0803
5052.0	0.41273	0.356378	0.0563526	0.76463	12.6112
5053.0	0.382596	0.872335	0.489739	0.777791	11.6091
5054.0	0.634931	0.225898	0.409033	0.792576	10.9089
5055.0	0.497913	1.42476	0.926852	0.825856	8.52976
5056.0	0.00465857	0.168836	0.164177	0.775777	11.9633
5057.0	0.236923	0.646341	0.409418	0.890406	6.46408
5058.0	0.475871	0.462333	0.0135375	0.818352	9.80168
5059.0	0.557314	-0.0110199	0.568334	0.718071	15.0422
5060.0	0.0565122	-0.344402	0.400914	0.843235	8.46823
5061.0	0.363835	0.624955	0.261119	0.635398	21.5948
5062.0	0.38112	-0.487836	0.868956	0.795536	10.1053
5063.0	0.608579	0.306058	0.302521	0.827971	9.24393
5064.0	0.305913	-0.101568	0.407481	0.901679	6.02317
5065.0	0.520483	-0.130266	0.650749	0.799779	10.2559
5066.0	0.476211	0.69997	0.223759	0.73354	14.3991
5067.0	0.614047	0.710218	0.0961712	0.850249	8.31262
5068.0	0.595519	0.712462	0.116943	0.749318	13.4855
5069.0	0.617824	1.24836	0.630539	0.740529	13.5483
5070.0	0.335121	1.25537	0.92025	0.797192	9.92161
5071.0	0.34251	0.49191	0.149401	0.847348	8.42827
5072.0	0.603545	0.29147	0.312075	0.721877	15.0787
5073.0	0.476315	0.320329	0.155986	0.883585	6.8804
5074.0	0.461432	0.700804	0.239372	0.672095	18.6209
5075.0	0.550905	0.0676377	0.483267	0.706722	15.9054
5076.0	0.475462	0.281408	0.194054	0.775104	11.9878
5077.0	0.524751	1.0245	0.499746	0.77003	12.0217
5078.0	0.598779	-0.233779	0.832558	0.680363	17.1535
5079.0	0.159191	0.695164	0.535973	0.783263	11.2621
5080.0	0.528946	0.35481	0.174136	0.750481	13.3967
5081.0	0.512195	0.0345486	0.477646	0.746472	13.3967
5082.0	0.651048	0.0973303	0.553718	0.72772	14.4469
5083.0	0.631231	-0.168611	0.799842	0.721219	14.4469
5084.0	0.685113	-0.222869	0.907983	0.773488	11.1761
5085.0	0.0367544	-0.204442	0.241197	0.748698	13.4687
5086.0	0.125271	0.0814375	0.0438332	0.75859	12.9576
5087.0	0.477311	0.468594	0.00871763	0.784239	11.5369
5088.0	0.32589	0.405	0.0791101	0.84816	8.40876
5089.0	0.042829	0.0755667	0.0327377	0.736381	14.2833
5090.0	0.51735	0.283635	0.233715	0.654616	19.9994
5091.0	0.539253	0.752703	0.21345	0.654773	19.9994
5092.0	0.0306954	1.08789	1.0572	0.775785	10.7242
5093.0	0.572769	0.290191	0.282578	0.677479	18.1837
5094.0	0.226784	-0.0306655	0.25745	0.741179	13.91
5095.0	0.151444	0.241844	0.0903994	0.793746	11.027
5096.0	0.634669	0.805868	0.171198	0.716021	15.5459
5097.0	0.187355	0.53538	0.348025	0.823524	9.42257
5098.0	0.191655	0.413289	0.221633	0.825154	9.42257
5099.0	0.253501	0.351051	0.09755	0.7936	11.0331
5100.0	0.345141	0.414934	0.0697931	0.755651	13.1242
5101.0	0.358518	0.968699	0.610181	0.682164	17.4465
5102.0	0.502806	0.483282	0.019524	0.719063	15.3831
5103.0	0.446635	0.598041	0.151406	0.826008	9.41021
5104.0	0.453338	0.335902	0.117436	0.826216	9.41021
5105.0	0.374408	0.856823	0.482415	0.726051	14.6435
5106.0	0.388626	0.267417	0.121209	0.730331	14.6435
5107.0	0.439608	-0.324639	0.764247	0.870226	6.87093
5108.0	0.449159	0.452328	0.00316893	0.755739	13.1249
5109.0	0.579792	0.202026	0.377766	0.732437	14.3537
5110.0	0.364175	0.0295205	0.334654	0.736023	14.1694
5111.0	0.247811	0.686451	0.43864	0.832519	8.92422
5112.0	0.542922	-0.222686	0.765608	0.68556	16.9192
5113.0	0.224173	0.47263	0.248458	0.835162	8.94058
5114.0	0.55032	1.07043	0.520111	0.678757	17.8324
5115.0	0.547991	0.730533	0.182542	0.683063	17.8324
5116.0	0.507377	0.854802	0.347425	0.885794	6.69519
5117.0	0.337992	0.334478	0.00351432	0.715159	15.6399
5118.0	0.177761	0.847155	0.669393	0.740681	13.4784
5119.0	0.47284	-0.925499	1.39834	0.765545	10.3366
5120.0	0.327281	-0.275833	0.603114	0.867768	7.19389
5121.0	0.418948	0.423317	0.00436809	0.735774	14.3221
5122.0	0.12171	-0.634171	0.755881	0.842806	8.06059
5123.0	0.0963364	-0.381933	0.47827	0.798719	10.5249
5124.0	0.375502	0.0169275	0.358575	0.723549	14.9323
5125.0	0.384782	1.49507	1.11028	0.7024	14.9323
5126.0	0.0756942	0.427214	0.351519	0.667202	18.9061
5127.0	0.213186	0.735682	0.522496	0.749725	13.1509
5128.0	0.136033	0.396249	0.260216	0.840741	8.67865
5129.0	0.696483	0.752613	0.0561295	0.790912	11.1805
5130.0	0.392974	1.05194	0.658967	0.729319	14.1901
