IND_ID	Opt	Phen	AbsErr	Fitness

1.0	0.195142	0.192543	0.00259903	0.777573
2.0	0.22891	0.320566	0.0916566	0.853702
3.0	0.812511	1.41789	0.605384	0.776985
4.0	0.75173	0.967236	0.215506	0.790594
5.0	0.0963926	-0.0316068	0.127999	0.846705
6.0	0.101449	-0.235647	0.337096	0.840563
7.0	0.784899	-0.298858	1.08376	0.710151
8.0	0.871786	0.603911	0.267875	0.79318
9.0	0.77226	0.701511	0.0707493	0.760663
10.0	0.941162	0.309357	0.631805	0.854987
11.0	0.0245631	-0.224022	0.248585	0.980481
12.0	0.47959	0.404131	0.0754595	0.84129
13.0	0.546854	0.011659	0.535195	0.780289
14.0	0.349139	-0.165248	0.514387	0.740778
15.0	0.221037	0.432802	0.211766	0.782754
16.0	0.0427188	-0.00547452	0.0481933	0.80139
17.0	0.971011	0.499523	0.471488	0.753966
18.0	0.845552	0.940704	0.0951523	0.828905
19.0	0.502021	0.770938	0.268917	0.809466
20.0	0.55527	0.810554	0.255284	0.882089
21.0	0.805001	0.597724	0.207278	0.850556
22.0	0.475987	0.751892	0.275904	0.805471
23.0	0.990493	1.29211	0.301618	0.618337
24.0	0.905806	0.829936	0.0758704	0.844124
25.0	0.216675	0.0155502	0.201125	0.888386
26.0	0.554928	0.638996	0.0840679	0.704895
27.0	0.714929	0.546414	0.168515	0.876076
28.0	0.934683	1.05152	0.116834	0.819506
29.0	0.39983	-0.169622	0.569451	0.860313
30.0	0.0716486	0.373286	0.301637	0.849745
31.0	0.612644	0.756776	0.144132	0.812722
32.0	0.696986	0.638573	0.058413	0.773568
33.0	0.791602	1.12019	0.328583	0.809376
34.0	0.700638	-0.0782577	0.778896	0.77338
35.0	0.948274	1.13563	0.187358	0.888028
36.0	0.553577	0.762331	0.208754	0.702635
37.0	0.990442	0.638591	0.351851	0.820567
38.0	0.917653	0.0927773	0.824876	0.852887
39.0	0.719813	0.842577	0.122763	0.850754
40.0	0.802246	0.906574	0.104328	0.849013
41.0	0.424983	0.24755	0.177433	0.78121
42.0	0.102479	0.849723	0.747244	0.732213
43.0	0.158113	0.331349	0.173236	0.769632
44.0	0.360659	0.103917	0.256742	0.90196
45.0	0.742315	1.43163	0.689319	0.762619
46.0	0.847809	0.560088	0.287722	0.866845
47.0	0.405132	0.673325	0.268193	0.829576
48.0	0.542475	0.762688	0.220213	0.863269
49.0	0.448028	0.646118	0.19809	0.880923
50.0	0.0586022	0.245123	0.186521	0.848003
51.0	0.847104	0.903618	0.0565146	0.693951
52.0	0.104034	0.322314	0.218281	0.76825
53.0	0.314898	-0.0615762	0.376475	0.815824
54.0	0.77987	0.359797	0.420074	0.748289
55.0	0.143257	0.564051	0.420794	0.877282
56.0	0.779411	0.748895	0.0305163	0.830914
57.0	0.0223069	-0.162016	0.184323	0.836607
58.0	0.982744	1.04883	0.0660889	0.839524
59.0	0.333467	0.358892	0.0254246	0.825671
60.0	0.103674	-0.742668	0.846343	0.80775
61.0	0.825571	0.971596	0.146025	0.851215
62.0	0.32919	-0.00700892	0.336199	0.744861
63.0	0.702827	1.68706	0.984235	0.691622
64.0	0.320814	0.171402	0.149412	0.702378
65.0	0.599372	0.856284	0.256913	0.774449
66.0	0.557425	0.743485	0.18606	0.912752
67.0	0.461423	0.936893	0.475471	0.807413
68.0	0.103668	-0.0860403	0.189709	0.916887
69.0	0.525426	0.753288	0.227863	0.864173
70.0	0.215038	0.0713455	0.143693	0.881408
71.0	0.598821	0.727117	0.128296	0.842125
72.0	0.172182	0.367899	0.195717	0.978424
73.0	0.433582	0.216893	0.216688	0.859677
74.0	0.918015	1.03102	0.113009	0.795852
75.0	0.384032	0.841498	0.457466	0.875954
76.0	0.0160239	1.23935	1.22332	0.776479
77.0	0.838543	0.765767	0.0727768	0.830336
78.0	0.504977	0.851001	0.346024	0.687912
79.0	0.773688	0.57207	0.201618	0.721127
80.0	0.426136	0.0965201	0.329616	0.844194
81.0	0.187962	0.201608	0.0136455	0.796315
82.0	0.654001	0.49958	0.154421	0.855092
83.0	0.198048	-0.0253469	0.223395	0.649575
84.0	0.15871	0.297636	0.138926	0.75024
85.0	0.942321	0.51336	0.428961	0.786248
86.0	0.815645	1.27069	0.455044	0.841539
87.0	0.666462	0.790561	0.124099	0.913885
88.0	0.440768	0.199017	0.241752	0.884409
89.0	0.386734	0.119875	0.266859	0.79917
90.0	0.200053	-0.158672	0.358725	0.889069
91.0	0.392481	0.851846	0.459365	0.754266
92.0	0.0698673	0.46425	0.394382	0.826811
93.0	0.83899	0.877848	0.0388587	0.737611
94.0	0.0563002	0.183294	0.126994	0.756847
95.0	0.552177	0.947937	0.39576	0.779137
96.0	0.0420291	0.395431	0.353402	0.642761
97.0	0.327056	0.259223	0.0678323	0.697933
98.0	0.569567	0.13747	0.432097	0.753166
99.0	0.833152	0.522845	0.310307	0.844176
100.0	0.317072	-0.140004	0.457075	0.696042
101.0	0.378403	0.421931	0.0435271	0.904154
102.0	0.473428	0.699577	0.226149	0.83542
103.0	0.277768	0.697023	0.419256	0.855124
104.0	0.530808	0.59348	0.0626716	0.793259
105.0	0.191783	-0.05881	0.250593	0.805233
106.0	0.0605993	0.607739	0.547139	0.757904
107.0	0.780689	0.889397	0.108708	0.88514
108.0	0.0727503	0.122006	0.0492558	0.706373
109.0	0.617162	0.95206	0.334899	0.732481
110.0	0.442013	0.483533	0.0415194	0.759792
111.0	0.461744	0.216153	0.245591	0.800677
112.0	0.129619	-0.100248	0.229867	0.700539
113.0	0.0558498	0.14815	0.0923	0.811544
114.0	0.707367	1.3587	0.651331	0.804509
115.0	0.130769	-0.00013633	0.130905	0.869637
116.0	0.395924	-0.155933	0.551857	0.799965
117.0	0.47373	0.31911	0.15462	0.840562
118.0	0.187998	0.163265	0.0247335	0.754718
119.0	0.235355	0.384376	0.149021	0.72661
120.0	0.212242	0.133516	0.0787258	0.857052
121.0	0.528203	0.379618	0.148585	0.80838
122.0	0.417573	0.338828	0.0787455	0.817314
123.0	0.452792	0.789192	0.3364	0.848147
124.0	0.3241	0.108654	0.215446	0.694175
125.0	0.67664	1.56387	0.887226	0.810238
126.0	0.632775	1.15179	0.519017	0.744023
127.0	0.285638	-0.141507	0.427145	0.726202
128.0	0.575044	0.793197	0.218153	0.862096
129.0	0.410772	0.989701	0.578928	0.738862
130.0	0.784986	0.589368	0.195617	0.790316
131.0	0.114139	0.475799	0.36166	0.708037
132.0	0.214695	0.342529	0.127834	0.830665
133.0	0.493674	0.609473	0.115799	0.952022
134.0	0.176276	0.171062	0.00521419	0.676338
135.0	0.300304	0.458809	0.158506	0.786896
136.0	0.375514	0.576393	0.200879	0.853174
137.0	0.923301	0.266186	0.657115	0.826723
138.0	0.541235	0.811326	0.270091	0.833519
139.0	0.332368	0.807764	0.475396	0.764183
140.0	0.844364	-0.0402323	0.884596	0.777843
141.0	0.30174	0.73172	0.42998	0.839269
142.0	0.0651367	-0.0539345	0.119071	0.727011
143.0	0.576513	0.896286	0.319773	0.900103
144.0	0.0764791	0.408435	0.331956	0.781777
145.0	0.547373	0.926105	0.378732	0.818176
146.0	0.183287	0.674608	0.491321	0.749265
147.0	0.469145	0.553342	0.0841977	0.866962
148.0	0.190196	0.610216	0.420019	0.576343
149.0	0.484467	0.701145	0.216678	0.752444
150.0	0.209913	0.204816	0.0050968	0.848843
151.0	0.408021	0.627078	0.219057	0.679205
152.0	0.485916	0.816192	0.330276	0.929754
153.0	0.918489	1.28777	0.369278	0.750547
154.0	0.875007	0.640568	0.234438	0.830939
155.0	0.454789	0.0940491	0.36074	0.926335
156.0	0.943345	0.904941	0.0384037	0.781416
157.0	0.0081143	0.115807	0.107693	0.793007
158.0	0.20377	0.2422	0.0384302	0.788325
159.0	0.221462	0.336178	0.114716	0.787597
160.0	0.539023	1.01699	0.477971	0.781569
161.0	0.707005	1.05731	0.350304	0.856161
162.0	0.521136	0.387361	0.133774	0.849056
163.0	0.661003	0.649552	0.0114507	0.721759
164.0	0.770191	0.538942	0.231249	0.756444
165.0	0.520745	-0.0114309	0.532176	0.913012
166.0	0.377931	0.619074	0.241143	0.790634
167.0	0.0685489	-0.0384818	0.107031	0.797437
168.0	0.243243	-0.00073158	0.243975	0.823862
169.0	0.286653	0.80475	0.518097	0.873926
170.0	0.305735	0.893253	0.587519	0.862912
171.0	0.880012	0.847356	0.0326562	0.742693
172.0	0.282971	0.60536	0.32239	0.740741
173.0	0.0850609	0.794611	0.70955	0.689405
174.0	0.464482	0.224473	0.240009	0.876962
175.0	0.939255	0.899644	0.039611	0.760122
176.0	0.584679	0.559619	0.0250597	0.795217
177.0	0.220233	0.604259	0.384027	0.758995
178.0	0.549862	0.517368	0.0324944	0.819599
179.0	0.43403	0.832347	0.398318	0.814065
180.0	0.849838	1.10452	0.254684	0.742728
181.0	0.635896	0.685199	0.0493031	0.918975
182.0	0.978279	0.399643	0.578636	0.740752
183.0	0.273043	0.196473	0.0765701	0.767159
184.0	0.952834	1.15178	0.198945	0.769199
185.0	0.39221	-0.00274669	0.394957	0.765407
186.0	0.037886	0.145375	0.107489	0.81827
187.0	0.891748	0.778643	0.113105	0.8904
188.0	0.890373	0.312498	0.577875	0.880461
189.0	0.179088	0.516478	0.337391	0.855026
190.0	0.652545	0.511877	0.140668	0.760694
191.0	0.412979	0.125087	0.287892	0.830808
192.0	0.930816	0.795486	0.13533	0.806302
193.0	0.257569	-0.0632231	0.320793	0.741614
194.0	0.646236	0.291486	0.35475	0.852997
195.0	0.631023	0.632634	0.00161137	0.850143
196.0	0.248994	0.00443264	0.244561	0.760953
197.0	0.868417	0.84696	0.0214579	0.786238
198.0	0.351393	0.510042	0.158649	0.717283
199.0	0.997318	1.24733	0.250008	0.806949
200.0	0.489781	-0.0668913	0.556673	0.772309
201.0	0.837697	0.849177	0.0114798	0.814984
202.0	0.177011	0.166112	0.0108996	0.727339
203.0	0.374557	-0.116021	0.490579	0.796727
204.0	0.837139	1.39721	0.560076	0.720495
205.0	0.683426	-0.154413	0.837838	0.652435
206.0	0.646786	0.526045	0.120741	0.879619
207.0	0.345424	0.416469	0.0710453	0.786453
208.0	0.545089	0.446457	0.0986315	0.788463
209.0	0.088683	0.361965	0.273282	0.731416
210.0	0.745906	0.662134	0.0837715	0.740826
211.0	0.817016	0.527043	0.289972	0.708838
212.0	0.756992	0.850863	0.0938706	0.882029
213.0	0.17464	0.0331426	0.141497	0.742041
214.0	0.566851	0.757529	0.190678	0.770789
215.0	0.446047	1.06042	0.614374	0.847626
216.0	0.929006	1.03785	0.108843	0.804013
217.0	0.936842	0.771074	0.165768	0.832063
218.0	0.57224	-0.388206	0.960447	0.762825
219.0	0.441983	0.899792	0.457809	0.882546
220.0	0.237917	0.173637	0.0642792	0.84077
221.0	0.712914	0.436192	0.276722	0.776549
222.0	0.953081	0.502194	0.450887	0.720283
223.0	0.452047	-0.259498	0.711545	0.807477
224.0	0.423742	0.437854	0.0141124	0.758612
225.0	0.32344	0.173486	0.149954	0.625709
226.0	0.1226	0.446773	0.324174	0.83073
227.0	0.427579	0.893182	0.465603	0.852214
228.0	0.101886	0.329666	0.22778	0.839134
229.0	0.571249	0.434866	0.136382	0.792475
230.0	0.0604498	-0.234222	0.294672	0.756547
231.0	0.215003	0.585823	0.37082	0.874095
232.0	0.334431	0.453269	0.118838	0.935364
233.0	0.852235	0.509149	0.343086	0.927656
234.0	0.0693926	0.44642	0.377027	0.863334
235.0	0.229534	0.295583	0.0660482	0.827662
236.0	0.461649	1.15578	0.694128	0.811026
237.0	0.451212	0.30125	0.149962	0.906389
238.0	0.778155	0.353362	0.424794	0.750264
239.0	0.0915156	0.354066	0.262551	0.838352
240.0	0.888187	0.96148	0.0732932	0.921543
241.0	0.182287	-0.736947	0.919234	0.855853
242.0	0.29774	0.577086	0.279345	0.875988
243.0	0.602006	0.710563	0.108557	0.753055
244.0	0.612298	0.314992	0.297306	0.76966
245.0	0.371737	0.702789	0.331052	0.818416
246.0	0.035166	0.317478	0.282312	0.77556
247.0	0.0771125	0.445376	0.368264	0.936507
248.0	0.438087	0.730556	0.29247	0.884692
249.0	0.869292	1.03663	0.167338	0.88769
250.0	0.279805	0.423897	0.144093	0.877655
251.0	0.506167	0.452223	0.0539441	0.789047
252.0	0.234157	0.107133	0.127024	0.840403
253.0	0.795288	0.701549	0.0937387	0.861695
254.0	0.128637	0.499564	0.370927	0.778008
255.0	0.888155	0.70536	0.182794	0.860659
256.0	0.840355	1.38493	0.544576	0.904275
257.0	0.897917	0.872436	0.0254812	0.770366
258.0	0.759727	0.704198	0.0555284	0.859356
259.0	0.762826	0.982409	0.219584	0.768972
260.0	0.745282	1.19012	0.444834	0.813811
261.0	0.960763	1.13036	0.169594	0.896677
262.0	0.0100716	-0.0269385	0.0370102	0.763633
263.0	0.823738	2.053	1.22927	0.774516
264.0	0.257238	0.219638	0.0376003	0.879524
265.0	0.776942	1.05436	0.277416	0.714047
266.0	0.156691	0.9752	0.818509	0.826049
267.0	0.378841	-0.047943	0.426784	0.937034
268.0	0.235037	0.205988	0.0290487	0.72215
269.0	0.59205	0.894077	0.302027	0.796455
270.0	0.900041	0.588626	0.311414	0.903999
271.0	0.155773	0.570691	0.414918	0.815137
272.0	0.17235	-0.205356	0.377706	0.633331
273.0	0.440605	0.132989	0.307615	0.963766
274.0	0.971944	0.208361	0.763582	0.774671
275.0	0.666768	0.661729	0.00503871	0.755809
276.0	0.680459	0.582931	0.0975274	0.769883
277.0	0.74805	0.661761	0.0862889	0.747874
278.0	0.676808	0.552862	0.123946	0.81421
279.0	0.489639	0.675365	0.185725	0.75458
280.0	0.782324	0.261698	0.520626	0.764551
281.0	0.334642	1.04293	0.708289	0.82268
282.0	0.0573807	0.0257399	0.0316408	0.852448
283.0	0.803101	1.12229	0.319193	0.738553
284.0	0.904749	1.01467	0.109919	0.818243
285.0	0.134174	-0.109055	0.243229	0.861693
286.0	0.0331061	0.993537	0.960431	0.789156
287.0	0.172815	-0.0391008	0.211916	0.762668
288.0	0.0267372	0.226922	0.200185	0.794162
289.0	0.671966	0.922437	0.250471	0.83935
290.0	0.711859	0.786838	0.0749796	0.93932
291.0	0.835085	0.704911	0.130174	0.75654
292.0	0.334	0.414726	0.0807254	0.74312
293.0	0.53208	0.130998	0.401082	0.810431
294.0	0.306464	0.412142	0.105678	0.835753
295.0	0.728598	0.5031	0.225499	0.75416
296.0	0.371351	0.735799	0.364449	0.790722
297.0	0.389396	0.662874	0.273478	0.780002
298.0	0.923621	0.88755	0.0360711	0.69393
299.0	0.0237066	0.442126	0.418419	0.806893
300.0	0.290187	0.138526	0.151661	0.823651
301.0	0.526556	0.864615	0.338059	0.796743
302.0	0.819599	0.608647	0.210953	0.827183
303.0	0.946698	-0.070855	1.01755	0.799285
304.0	0.0698433	0.425321	0.355477	0.845719
305.0	0.587591	0.239347	0.348244	0.805582
306.0	0.322785	0.506052	0.183267	0.888972
307.0	0.600557	1.22827	0.627709	0.78223
308.0	0.522942	0.487628	0.0353143	0.828448
309.0	0.0839207	-0.157273	0.241194	0.784886
310.0	0.108111	0.863225	0.755114	0.700419
311.0	0.490248	0.84069	0.350442	0.802705
312.0	0.667533	0.468271	0.199262	0.867844
313.0	0.37746	0.502651	0.125191	0.707292
314.0	0.408023	0.454328	0.0463049	0.851996
315.0	0.583622	0.00015575	0.583466	0.785268
316.0	0.917041	0.483473	0.433568	0.870745
317.0	0.131303	0.434645	0.303343	0.80685
318.0	0.937081	1.21691	0.279828	0.778442
319.0	0.997298	0.0275005	0.969797	0.65821
320.0	0.191891	0.614887	0.422996	0.788958
321.0	0.188815	0.172637	0.0161776	0.895025
322.0	0.245987	0.575718	0.329731	0.790931
323.0	0.329334	0.690549	0.361215	0.795428
324.0	0.406634	-0.223969	0.630603	0.705991
325.0	0.737624	1.01054	0.272919	0.800471
326.0	0.779951	0.632515	0.147436	0.790925
327.0	0.519811	0.315796	0.204015	0.765987
328.0	0.683687	0.408398	0.275289	0.821569
329.0	0.747324	1.26676	0.519434	0.690452
330.0	0.0141637	-0.293434	0.307598	0.801392
331.0	0.957565	0.590129	0.367436	0.782106
332.0	0.164642	0.231103	0.0664609	0.791001
333.0	0.0406458	0.145778	0.105132	0.914806
334.0	0.700845	0.613221	0.0876244	0.725044
335.0	0.552157	0.685544	0.133387	0.72921
336.0	0.149529	0.444316	0.294786	0.852913
337.0	0.287366	0.160306	0.12706	0.8586
338.0	0.183853	0.649183	0.46533	0.57904
339.0	0.790652	0.656691	0.133961	0.87793
340.0	0.336094	0.34858	0.0124866	0.749163
341.0	0.740472	0.714907	0.025565	0.892761
342.0	0.314462	0.29416	0.0203024	0.890416
343.0	0.401631	0.627954	0.226323	0.783682
344.0	0.329454	0.69894	0.369485	0.663985
345.0	0.26757	0.228068	0.0395026	0.711683
346.0	0.254359	0.343096	0.0887372	0.840315
347.0	0.139499	0.416815	0.277316	0.917118
348.0	0.710232	0.955106	0.244875	0.857077
349.0	0.78137	0.739296	0.0420741	0.760644
350.0	0.0246545	-0.0259723	0.0506268	0.785425
351.0	0.686373	0.770705	0.0843319	0.860557
352.0	0.500876	0.0827042	0.418172	0.851781
353.0	0.445009	1.0709	0.625894	0.806431
354.0	0.329612	0.788005	0.458394	0.649761
355.0	0.717008	0.618203	0.0988048	0.891834
356.0	0.0504814	-0.090459	0.14094	0.842133
357.0	0.307341	0.328904	0.0215627	0.717611
358.0	0.207002	0.0672891	0.139713	0.747466
359.0	0.563597	0.772784	0.209187	0.745246
360.0	0.447166	0.602536	0.15537	0.758369
361.0	0.612093	0.951278	0.339185	0.887934
362.0	0.45863	0.178562	0.280067	0.80617
363.0	0.833187	1.07926	0.246078	0.775347
364.0	0.116009	0.318978	0.202968	0.763101
365.0	0.436822	0.666741	0.229919	0.8329
366.0	0.341117	0.507467	0.16635	0.871958
367.0	0.18307	0.433431	0.250362	0.912332
368.0	0.819364	0.480047	0.339316	0.736589
369.0	0.14338	0.456748	0.313368	0.872443
370.0	0.506176	0.869733	0.363557	0.771345
371.0	0.710118	0.579373	0.130745	0.737459
372.0	0.847658	1.06178	0.214117	0.765241
373.0	0.107675	0.0325072	0.0751679	0.843949
374.0	0.462592	0.362255	0.100338	0.77126
375.0	0.527439	0.62883	0.101391	0.797375
376.0	0.655703	0.716458	0.0607545	0.846332
377.0	0.243616	-0.0524198	0.296036	0.75741
378.0	0.186247	-0.0146362	0.200884	0.952838
379.0	0.0855946	0.153399	0.0678046	0.861509
380.0	0.311035	0.907862	0.596826	0.753372
381.0	0.906192	1.25894	0.352743	0.745602
382.0	0.126837	0.505846	0.379009	0.801833
383.0	0.646867	0.958764	0.311897	0.710644
384.0	0.792664	0.825387	0.0327229	0.808211
385.0	0.798757	1.26951	0.470757	0.791732
386.0	0.40249	-0.0538029	0.456293	0.850634
387.0	0.813883	0.482336	0.331548	0.902386
388.0	0.994912	1.24314	0.248227	0.730161
389.0	0.401128	0.561477	0.160348	0.823168
390.0	0.269819	-0.159466	0.429285	0.811405
391.0	0.26572	0.205848	0.0598725	0.848785
392.0	0.333157	0.131029	0.202128	0.863159
393.0	0.406586	-0.118157	0.524743	0.942061
394.0	0.864855	0.730637	0.134218	0.752472
395.0	0.436747	0.122565	0.314181	0.810422
396.0	0.667222	1.07821	0.410984	0.801792
397.0	0.335576	0.75008	0.414504	0.626998
398.0	0.68271	0.75135	0.0686393	0.754572
399.0	0.18264	0.416615	0.233975	0.715484
400.0	0.368322	0.171744	0.196577	0.835412
401.0	0.948325	0.426075	0.52225	0.981429
402.0	0.693348	0.332251	0.361097	0.936547
403.0	0.398633	0.355059	0.0435737	0.817389
404.0	0.323085	0.134785	0.1883	0.859506
405.0	0.461074	0.383198	0.0778758	0.800544
406.0	0.901722	1.24849	0.346767	0.772992
407.0	0.404023	0.0888905	0.315132	0.79459
408.0	0.620074	1.23282	0.612744	0.777794
409.0	0.245063	-0.0157088	0.260771	0.728852
410.0	0.481649	0.522717	0.041068	0.899899
411.0	0.546525	0.54453	0.00199455	0.814858
412.0	0.763019	0.664908	0.0981111	0.8242
413.0	0.556447	0.358996	0.197451	0.714225
414.0	0.573467	1.14502	0.571555	0.73656
415.0	0.768038	0.925257	0.157218	0.825249
416.0	0.736179	1.0102	0.274022	0.813828
417.0	0.858349	1.24614	0.387795	0.719233
418.0	0.0576702	-0.183234	0.240904	0.825875
419.0	0.0286019	0.130807	0.102205	0.867583
420.0	0.985143	0.818423	0.166719	0.866544
421.0	0.708684	0.807809	0.0991246	0.827508
422.0	0.651167	0.569665	0.0815017	0.802358
423.0	0.307667	0.479474	0.171807	0.811682
424.0	0.824287	0.630828	0.193459	0.827222
425.0	0.476373	0.89034	0.413967	0.788688
426.0	0.837727	0.933185	0.0954587	0.714572
427.0	0.481956	0.284625	0.197331	0.728895
428.0	0.871308	0.669026	0.202283	0.857804
429.0	0.844256	0.803673	0.0405829	0.716211
430.0	0.512396	0.327903	0.184494	0.780771
431.0	0.919768	0.874223	0.0455446	0.84036
432.0	0.023481	-0.482169	0.50565	0.792647
433.0	0.366438	0.122556	0.243882	0.854966
434.0	0.927655	0.85449	0.0731643	0.807648
435.0	0.192189	0.409953	0.217763	0.773252
436.0	0.449468	0.385358	0.0641101	0.779101
437.0	0.307368	0.355085	0.0477165	0.835589
438.0	0.708614	0.557729	0.150885	0.844089
439.0	0.822335	0.826497	0.00416208	0.893059
440.0	0.473673	0.628049	0.154376	0.897016
441.0	0.529981	0.641673	0.111692	0.788333
442.0	0.224339	0.244515	0.020176	0.812013
443.0	0.0883001	0.174526	0.0862256	0.786231
444.0	0.177442	1.04121	0.86377	0.73942
445.0	0.290417	0.232755	0.0576621	0.731604
446.0	0.851454	0.801393	0.0500613	0.775218
447.0	0.840839	1.6613	0.820458	0.808254
448.0	0.886207	1.0552	0.16899	0.897202
449.0	0.110581	0.0185701	0.0920111	0.925822
450.0	0.886436	1.3083	0.42186	0.910805
451.0	0.578089	0.494528	0.0835606	0.9257
452.0	0.160596	0.132621	0.0279752	0.806242
453.0	0.32169	0.832824	0.511134	0.855083
454.0	0.348565	0.629654	0.281088	0.703209
455.0	0.105929	0.400235	0.294307	0.888911
456.0	0.123027	0.422271	0.299244	0.766579
457.0	0.0910623	0.26064	0.169578	0.765344
458.0	0.356287	0.647488	0.291201	0.810453
459.0	0.478241	0.329716	0.148525	0.705991
460.0	0.991815	0.525158	0.466657	0.740615
461.0	0.438085	0.606608	0.168523	0.855518
462.0	0.451394	-0.0242813	0.475676	0.780465
463.0	0.424946	-0.074072	0.499018	0.881933
464.0	0.640096	1.02455	0.384455	0.850544
465.0	0.869723	0.764508	0.105214	0.815006
466.0	0.596413	0.1897	0.406713	0.818317
467.0	0.195183	0.774243	0.579059	0.865853
468.0	0.382694	0.0983624	0.284332	0.798521
469.0	0.188082	0.529457	0.341375	0.767675
470.0	0.503881	0.59199	0.0881088	0.723535
471.0	0.351315	0.357864	0.00654846	0.777727
472.0	0.391811	0.381747	0.0100644	0.849809
473.0	0.245936	0.506616	0.26068	0.733971
474.0	0.130948	0.149566	0.0186174	0.779289
475.0	0.439911	-0.165748	0.60566	0.750517
476.0	0.420083	0.0137062	0.406377	0.835767
477.0	0.449824	0.359467	0.0903572	0.798382
478.0	0.431377	0.299156	0.132221	0.841099
479.0	0.011328	0.12299	0.111662	0.766467
480.0	0.0323784	-0.225848	0.258227	0.945298
481.0	0.999214	0.881153	0.118061	0.921389
482.0	0.592912	0.794837	0.201926	0.879879
483.0	0.0227266	-0.00367227	0.0263989	0.771709
484.0	0.355926	0.796084	0.440158	0.744096
485.0	0.656554	1.04043	0.383878	0.813036
486.0	0.855471	1.37227	0.516799	0.832931
487.0	0.658312	0.859657	0.201345	0.796449
488.0	0.648495	0.666071	0.0175755	0.764636
489.0	0.987823	0.792646	0.195177	0.808795
490.0	0.927355	0.787422	0.139933	0.850934
491.0	0.654589	0.750741	0.096152	0.813528
492.0	0.304523	0.457407	0.152883	0.854617
493.0	0.91737	0.822296	0.0950738	0.893601
494.0	0.13245	-0.109011	0.241461	0.834063
495.0	0.18361	0.144008	0.0396015	0.719423
496.0	0.961688	0.551684	0.410004	0.743377
497.0	0.349309	0.462466	0.113157	0.951013
498.0	0.0618744	0.426813	0.364938	0.763318
499.0	0.534631	0.811326	0.276695	0.779489
500.0	0.0298226	0.809557	0.779735	0.762387
501.0	0.194457	0.309298	0.114841	0.822418
502.0	0.821755	1.14893	0.327173	0.824565
503.0	0.840613	0.582201	0.258411	0.828777
504.0	0.0673175	0.203416	0.136099	0.859132
505.0	0.31509	0.58586	0.27077	0.724954
506.0	0.591965	0.793135	0.20117	0.827364
507.0	0.193581	0.400037	0.206456	0.868756
508.0	0.200095	0.132377	0.0677178	0.846108
509.0	0.955295	1.3611	0.405808	0.955891
510.0	0.517551	1.29749	0.779937	0.887235
511.0	0.650124	0.70013	0.0500064	0.679011
512.0	0.855134	1.01734	0.162203	0.676121
513.0	0.362372	0.724465	0.362093	0.726112
514.0	0.60916	0.547753	0.0614072	0.897966
515.0	0.512386	0.474128	0.0382583	0.755552
516.0	0.969948	0.272356	0.697592	0.760193
517.0	0.575974	0.475442	0.100532	0.766874
518.0	0.234562	0.405111	0.17055	0.818271
519.0	0.2401	-0.0081048	0.248204	0.867391
520.0	0.957295	0.92649	0.0308049	0.78999
521.0	0.608843	0.480374	0.12847	0.709459
522.0	0.288749	0.30654	0.0177909	0.85979
523.0	0.966683	0.589124	0.377559	0.709213
524.0	0.903175	0.747163	0.156012	0.78373
525.0	0.428888	1.00094	0.572047	0.882352
526.0	0.780767	0.810139	0.0293723	0.702783
527.0	0.694782	0.910296	0.215514	0.879549
528.0	0.0472586	0.226537	0.179279	0.786529
529.0	0.534973	-0.0115701	0.546543	0.798297
530.0	0.747261	0.856182	0.108921	0.724632
531.0	0.0215638	-0.424955	0.446519	0.915058
532.0	0.184239	0.555831	0.371592	0.761617
533.0	0.875377	0.985092	0.109715	0.796764
534.0	0.954216	0.857523	0.0966927	0.70456
535.0	0.62532	0.528173	0.0971474	0.86156
536.0	0.406891	1.23871	0.831815	0.795641
537.0	0.844474	0.626248	0.218226	0.746521
538.0	0.647728	0.826364	0.178636	0.710884
539.0	0.85041	1.60588	0.755474	0.936137
540.0	0.419276	0.685301	0.266025	0.871045
541.0	0.229015	-0.256904	0.485919	0.893824
542.0	0.680415	0.963963	0.283548	0.768744
543.0	0.540857	0.840094	0.299236	0.708971
544.0	0.975021	0.57736	0.397661	0.7537
545.0	0.312391	0.0709594	0.241431	0.914206
546.0	0.166414	0.571235	0.404821	0.756496
547.0	0.282588	0.347844	0.0652557	0.798067
548.0	0.218709	0.25319	0.034481	0.767887
549.0	0.42365	0.632701	0.209051	0.820579
550.0	0.163117	0.282499	0.119381	0.91652
551.0	0.383302	0.657458	0.274155	0.723691
552.0	0.72591	0.616298	0.109611	0.82724
553.0	0.22044	1.03346	0.813021	0.737273
554.0	0.991245	0.818745	0.1725	0.867271
555.0	0.863631	0.478281	0.38535	0.902333
556.0	0.0637298	0.318356	0.254626	0.773736
557.0	0.913437	0.833195	0.0802413	0.83096
558.0	0.882158	0.803556	0.0786011	0.828171
559.0	0.594989	0.549896	0.0450925	0.964254
560.0	0.135411	0.0625601	0.0728509	0.944241
561.0	0.325776	-0.0298687	0.355645	0.752462
562.0	0.581263	0.731674	0.150411	0.938683
563.0	0.378497	-0.000259366	0.378757	0.754617
564.0	0.68735	0.897139	0.209789	0.879734
565.0	0.534848	0.483336	0.0515121	0.829752
566.0	0.641709	0.876342	0.234634	0.780337
567.0	0.665733	1.13121	0.46548	0.822614
568.0	0.412303	0.513302	0.100999	0.820906
569.0	0.341861	0.0898267	0.252034	0.983322
570.0	0.00194192	0.635336	0.633394	0.816854
571.0	0.167909	0.319577	0.151668	0.771442
572.0	0.846944	0.996735	0.149791	0.915879
573.0	0.412846	0.664218	0.251372	0.848218
574.0	0.0470822	-0.0828904	0.129973	0.790805
575.0	0.881768	0.729736	0.152032	0.829504
576.0	0.124314	0.295522	0.171208	0.747605
577.0	0.0881997	0.567861	0.479661	0.840245
578.0	0.226925	0.412057	0.185132	0.80888
579.0	0.905367	1.68704	0.781669	0.782654
580.0	0.769623	0.394093	0.375531	0.761695
581.0	0.879667	1.29459	0.414919	0.744123
582.0	0.979688	0.918098	0.0615895	0.836308
583.0	0.0882974	0.0808262	0.00747122	0.740263
584.0	0.646408	1.17604	0.529629	0.757374
585.0	0.900281	0.781411	0.11887	0.77134
586.0	0.940224	0.781486	0.158739	0.92982
587.0	0.171918	-0.266058	0.437976	0.887899
588.0	0.847638	1.36533	0.517695	0.809471
589.0	0.404365	0.55338	0.149016	0.842391
590.0	0.475997	0.544045	0.0680478	0.858112
591.0	0.48893	0.641243	0.152313	0.73194
592.0	0.191389	0.199863	0.00847347	0.785793
593.0	0.393936	0.0687979	0.325138	0.73746
594.0	0.891867	0.808527	0.0833402	0.865618
595.0	0.311875	0.27314	0.0387355	0.700781
596.0	0.649195	0.636756	0.012439	0.891492
597.0	0.249289	0.298497	0.049208	0.843567
598.0	0.617961	0.523966	0.0939946	0.835316
599.0	0.163765	0.316448	0.152683	0.77056
600.0	0.614591	0.314157	0.300434	0.797762
601.0	0.0115948	-0.0767688	0.0883636	0.933179
602.0	0.513791	0.37763	0.136161	0.885497
603.0	0.197969	0.502587	0.304617	0.875572
604.0	0.0765584	0.119952	0.0433939	0.797537
605.0	0.54299	0.974036	0.431047	0.880958
606.0	0.644424	0.560029	0.0843945	0.854212
607.0	0.890105	0.93981	0.0497051	0.789751
608.0	0.266036	0.146345	0.119691	0.716811
609.0	0.324633	0.667526	0.342892	0.708529
610.0	0.65866	0.878441	0.219781	0.758303
611.0	0.942684	0.874325	0.0683596	0.861095
612.0	0.178257	0.491579	0.313322	0.765015
613.0	0.657083	0.219026	0.438056	0.697356
614.0	0.270571	-1.01232	1.28289	0.723424
615.0	0.961792	0.589707	0.372085	0.868277
616.0	0.683912	-0.0290097	0.712922	0.827656
617.0	0.921308	0.370263	0.551045	0.908228
618.0	0.84524	1.23278	0.387536	0.792683
619.0	0.19576	-0.031124	0.226884	0.772218
620.0	0.611548	0.301542	0.310006	0.784628
621.0	0.0573416	-0.127385	0.184726	0.78852
622.0	0.560408	0.38798	0.172428	0.78162
623.0	0.74902	0.970544	0.221524	0.864197
624.0	0.575489	1.04002	0.464533	0.806991
625.0	0.976681	0.62418	0.352501	0.663788
626.0	0.49598	0.507591	0.0116104	0.73336
627.0	0.518206	0.483927	0.0342792	0.869627
628.0	0.326716	0.752026	0.42531	0.815693
629.0	0.794893	0.206668	0.588225	0.859605
630.0	0.154243	0.124691	0.0295521	0.773881
631.0	0.692261	0.644161	0.0481002	0.902015
632.0	0.299032	0.388473	0.0894409	0.776837
633.0	0.0025606	0.546705	0.544144	0.831327
634.0	0.137364	-0.0431268	0.180491	0.835198
635.0	0.990632	0.681759	0.308873	0.750668
636.0	0.391506	0.52978	0.138274	0.836478
637.0	0.779567	0.669888	0.109679	0.744915
638.0	0.871173	0.549089	0.322085	0.848846
639.0	0.949117	0.667889	0.281228	0.848818
640.0	0.580684	0.691096	0.110412	0.954751
641.0	0.970066	1.08857	0.118501	0.911071
642.0	0.659041	0.799637	0.140595	0.882356
643.0	0.0531869	0.183565	0.130378	0.814892
644.0	0.665851	0.126997	0.538854	0.724159
645.0	0.802893	0.530682	0.272211	0.81938
646.0	0.830067	0.381887	0.44818	0.785975
647.0	0.672246	0.489742	0.182504	0.755032
648.0	0.42168	-0.160696	0.582376	0.901229
649.0	0.956066	0.647409	0.308656	0.725428
650.0	0.889103	0.611019	0.278085	0.951288
651.0	0.542391	0.375911	0.16648	0.763583
652.0	0.780196	0.210674	0.569521	0.710811
653.0	0.417191	0.744051	0.32686	0.814187
654.0	0.124892	0.402742	0.27785	0.876107
655.0	0.837999	0.848192	0.0101933	0.84939
656.0	0.403617	0.308343	0.0952742	0.924564
657.0	0.417168	-0.00879696	0.425965	0.818181
658.0	0.988001	0.583112	0.40489	0.915935
659.0	0.351082	0.22795	0.123132	0.875052
660.0	0.532575	1.00859	0.476015	0.795071
661.0	0.980717	0.726076	0.254641	0.818238
662.0	0.794916	0.634655	0.160261	0.873734
663.0	0.634967	1.22188	0.586909	0.933395
664.0	0.119023	0.037152	0.0818713	0.814318
665.0	0.40733	0.611418	0.204088	0.853415
666.0	0.551502	0.193117	0.358386	0.951009
667.0	0.659044	0.392841	0.266203	0.883643
668.0	0.792905	0.814225	0.0213198	0.861212
669.0	0.523574	0.734149	0.210575	0.84093
670.0	0.165611	0.744369	0.578758	0.701311
671.0	0.802665	0.536128	0.266537	0.821071
672.0	0.876761	1.22623	0.349469	0.739778
673.0	0.221312	0.392152	0.17084	0.74008
674.0	0.0425694	0.475176	0.432607	0.753818
675.0	0.447558	0.692389	0.244831	0.781427
676.0	0.801529	0.62635	0.175179	0.749366
677.0	0.448855	0.423135	0.0257206	0.836606
678.0	0.179342	0.218274	0.0389318	0.752344
679.0	0.203444	0.484871	0.281427	0.855814
680.0	0.82796	0.996444	0.168483	0.835497
681.0	0.0233583	0.196844	0.173485	0.935641
682.0	0.677319	-0.557743	1.23506	0.7933
683.0	0.648416	0.968149	0.319733	0.782
684.0	0.627952	0.565565	0.0623863	0.707624
685.0	0.520306	1.05791	0.5376	0.787454
686.0	0.249747	0.569775	0.320028	0.728305
687.0	0.365808	0.8056	0.439791	0.833888
688.0	0.267318	0.132588	0.134729	0.867509
689.0	0.512758	0.565934	0.0531763	0.856772
690.0	0.3306	0.0859063	0.244694	0.723851
691.0	0.752426	1.20387	0.451443	0.699586
692.0	0.405843	0.886606	0.480763	0.802901
693.0	0.681538	0.14098	0.540558	0.730067
694.0	0.373695	0.100681	0.273014	0.793195
695.0	0.0521878	0.217681	0.165493	0.981082
696.0	0.950923	0.714504	0.236419	0.836786
697.0	0.569662	0.450737	0.118925	0.954751
698.0	0.535812	0.516409	0.0194033	0.798588
699.0	0.482795	0.583601	0.100806	0.860951
700.0	0.0797221	0.62274	0.543018	0.883143
701.0	0.636423	1.02419	0.387766	0.795891
702.0	0.00703394	0.878774	0.87174	0.807554
703.0	0.0172695	0.575336	0.558067	0.806978
704.0	0.0793764	0.304078	0.224702	0.832882
705.0	0.739919	0.522303	0.217616	0.931998
706.0	0.137974	-0.417131	0.555106	0.758751
707.0	0.61343	0.768744	0.155314	0.890531
708.0	0.320307	-0.177934	0.498241	0.639911
709.0	0.525356	0.754894	0.229538	0.903661
710.0	0.546554	0.839083	0.292529	0.815207
711.0	0.992136	0.809791	0.182344	0.635452
712.0	0.245105	0.105352	0.139753	0.945716
713.0	0.522663	0.697731	0.175068	0.855664
714.0	0.792356	0.840351	0.0479945	0.726262
715.0	0.0316528	-0.0173857	0.0490385	0.895737
716.0	0.78512	0.904456	0.119336	0.75432
717.0	0.477831	0.747411	0.26958	0.861667
718.0	0.832837	0.877243	0.0444055	0.789993
719.0	0.0245899	0.427278	0.402688	0.725682
720.0	0.154715	0.737218	0.582502	0.711672
721.0	0.943861	0.882074	0.0617867	0.745858
722.0	0.846636	0.516938	0.329698	0.834349
723.0	0.360979	0.376051	0.015072	0.748938
724.0	0.558568	0.57178	0.0132124	0.800921
725.0	0.449679	0.200295	0.249384	0.883517
726.0	0.681441	0.679606	0.00183505	0.887949
727.0	0.254029	0.0575336	0.196496	0.801388
728.0	0.789668	0.0548575	0.73481	0.83458
729.0	0.590999	1.176	0.585006	0.734315
730.0	0.454453	0.369855	0.0845982	0.816257
731.0	0.183769	0.651846	0.468077	0.563025
732.0	0.531121	0.750251	0.219129	0.832362
733.0	0.713884	0.983591	0.269707	0.810138
734.0	0.020465	-0.132758	0.153223	0.797318
735.0	0.00708678	-0.598113	0.605199	0.624491
736.0	0.364742	-0.082987	0.447729	0.759616
737.0	0.620067	0.708315	0.0882487	0.796692
738.0	0.414988	0.355454	0.0595344	0.818922
739.0	0.952246	0.572537	0.379709	0.723301
740.0	0.239606	-0.24537	0.484976	0.758546
741.0	0.0916973	-0.0910347	0.182732	0.891921
742.0	0.851873	0.369578	0.482295	0.795754
743.0	0.589969	0.569204	0.0207648	0.761891
744.0	0.507365	0.698804	0.191438	0.761766
745.0	0.461439	0.729202	0.267763	0.839263
746.0	0.559256	0.726311	0.167055	0.763893
747.0	0.712785	1.27873	0.565948	0.822193
748.0	0.18933	0.397973	0.208643	0.802055
749.0	0.0602051	0.023421	0.0367841	0.750689
750.0	0.981371	1.01377	0.0323947	0.834118
751.0	0.688057	0.652493	0.0355641	0.760748
752.0	0.781876	0.516813	0.265063	0.804764
753.0	0.115844	0.293885	0.178041	0.807851
754.0	0.0256671	0.323306	0.297638	0.926736
755.0	0.613556	0.712565	0.0990092	0.771168
756.0	0.596441	0.33766	0.258781	0.750828
757.0	0.992802	1.38558	0.392777	0.673231
758.0	0.846617	0.910562	0.0639448	0.771066
759.0	0.95662	0.657424	0.299197	0.762333
760.0	0.220901	0.546647	0.325746	0.923105
761.0	0.538836	0.896538	0.357702	0.868751
762.0	0.938246	0.803877	0.134369	0.813414
763.0	0.956338	0.963755	0.00741626	0.841973
764.0	0.864949	0.934179	0.0692296	0.79188
765.0	0.246623	0.501645	0.255022	0.829653
766.0	0.76848	1.21596	0.44748	0.882094
767.0	0.502959	0.480803	0.0221559	0.838616
768.0	0.179727	0.382528	0.202801	0.876579
769.0	0.291304	0.391585	0.100281	0.820684
770.0	0.879296	0.13765	0.741645	0.721735
771.0	0.403866	0.52985	0.125985	0.788641
772.0	0.708232	0.752606	0.0443736	0.755151
773.0	0.0632367	-0.11965	0.182886	0.83034
774.0	0.444009	0.0210609	0.422948	0.914963
775.0	0.967765	0.898213	0.0695515	0.878776
776.0	0.288182	0.519427	0.231244	0.942681
777.0	0.31813	0.582954	0.264824	0.767179
778.0	0.647504	0.548753	0.0987509	0.795083
779.0	0.256178	0.0276323	0.228546	0.757584
780.0	0.742684	0.736402	0.00628189	0.738473
781.0	0.743459	1.00009	0.256631	0.760208
782.0	0.719086	1.6386	0.919509	0.780637
783.0	0.623629	0.50628	0.117349	0.696508
784.0	0.883011	0.743512	0.139499	0.712294
785.0	0.094893	0.88629	0.791397	0.810903
786.0	0.647661	0.352771	0.29489	0.783352
787.0	0.294038	0.542322	0.248284	0.764218
788.0	0.59656	0.276138	0.320422	0.769297
789.0	0.550999	0.118913	0.432086	0.785267
790.0	0.978736	0.675078	0.303658	0.884309
791.0	0.617593	1.6062	0.988605	0.648445
792.0	0.894048	0.708021	0.186027	0.774768
793.0	0.716723	0.783485	0.0667625	0.796889
794.0	0.256202	0.321595	0.0653922	0.87999
795.0	0.102798	0.574502	0.471704	0.81507
796.0	0.856725	1.71249	0.855762	0.892673
797.0	0.1022	-0.097354	0.199554	0.758014
798.0	0.954164	0.625358	0.328806	0.86155
799.0	0.550839	0.564015	0.0131762	0.807152
800.0	0.225164	0.266774	0.0416097	0.6862
801.0	0.449107	0.780597	0.33149	0.839837
802.0	0.308328	0.589967	0.281639	0.809686
803.0	0.596533	0.904364	0.30783	0.744566
804.0	0.238606	-0.0353146	0.273921	0.845891
805.0	0.00873106	0.280655	0.271924	0.907836
806.0	0.74566	0.0200038	0.725657	0.701947
807.0	0.354241	0.789083	0.434842	0.853317
808.0	0.559629	1.44594	0.886313	0.800145
809.0	0.251516	-0.00437513	0.255891	0.843874
810.0	0.651195	1.00849	0.35729	0.781526
811.0	0.447617	0.915699	0.468082	0.872782
812.0	0.515625	0.705514	0.189889	0.886978
813.0	0.769829	0.415622	0.354207	0.76232
814.0	0.158342	-0.0102116	0.168554	0.822282
815.0	0.148751	0.433982	0.285231	0.90317
816.0	0.0293523	0.35749	0.328137	0.825672
817.0	0.490365	0.6626	0.172234	0.927299
818.0	0.337475	0.18697	0.150505	0.76554
819.0	0.215273	0.0422404	0.173032	0.784369
820.0	0.637831	0.631968	0.00586297	0.792812
821.0	0.324595	0.661852	0.337256	0.730085
822.0	0.800398	0.161654	0.638745	0.740425
823.0	0.445143	0.47557	0.0304274	0.809613
824.0	0.939778	1.22494	0.285158	0.750154
825.0	0.408645	-0.164759	0.573404	0.726034
826.0	0.732077	0.817993	0.0859161	0.761302
827.0	0.298211	0.572832	0.274621	0.939586
828.0	0.762789	0.784151	0.0213613	0.786897
829.0	0.0521551	0.405058	0.352902	0.81445
830.0	0.575476	0.555906	0.01957	0.715963
831.0	0.544167	0.813233	0.269066	0.76349
832.0	0.845131	0.634373	0.210758	0.716286
833.0	0.400246	0.0911218	0.309124	0.682101
834.0	0.883706	0.763973	0.119733	0.845445
835.0	0.820657	0.797481	0.023176	0.820531
836.0	0.110076	0.141886	0.0318101	0.788086
837.0	0.453385	0.503778	0.0503928	0.786677
838.0	0.983373	0.924631	0.058742	0.799865
839.0	0.0373529	0.152846	0.115493	0.821125
840.0	0.336371	0.0399073	0.296464	0.982512
841.0	0.587492	1.18669	0.599195	0.742072
842.0	0.238571	0.0902181	0.148353	0.833706
843.0	0.859835	0.798344	0.061491	0.85589
844.0	0.999661	0.40024	0.599421	0.769672
845.0	0.687354	0.641737	0.0456177	0.713801
846.0	0.334247	0.570554	0.236307	0.802589
847.0	0.322233	0.34842	0.0261869	0.835681
848.0	0.154429	0.0780222	0.0764069	0.919413
849.0	0.0471919	0.352271	0.305079	0.698504
850.0	0.0276369	0.490883	0.463246	0.833088
851.0	0.846155	0.941467	0.0953123	0.885183
852.0	0.551739	0.0775303	0.474209	0.81093
853.0	0.829457	0.81246	0.0169971	0.732321
854.0	0.909729	0.650082	0.259647	0.876286
855.0	0.780106	0.73802	0.0420861	0.836537
856.0	0.0996252	-0.278069	0.377694	0.775324
857.0	0.908811	0.723845	0.184966	0.880994
858.0	0.270248	1.4393	1.16905	0.882204
859.0	0.933768	0.842722	0.0910466	0.825989
860.0	0.878234	0.513776	0.364458	0.765947
861.0	0.443181	0.495324	0.0521435	0.84806
862.0	0.415522	0.447829	0.0323074	0.794395
863.0	0.96456	0.805493	0.159068	0.716128
864.0	0.00303045	0.12446	0.121429	0.892263
865.0	0.0329624	0.134516	0.101554	0.853674
866.0	0.859589	0.973422	0.113833	0.889268
867.0	0.838442	0.640948	0.197494	0.7844
868.0	0.483966	0.694381	0.210415	0.747734
869.0	0.286109	0.591861	0.305751	0.775808
870.0	0.168059	0.472008	0.303948	0.692821
871.0	0.862502	1.00785	0.14535	0.867525
872.0	0.340025	0.114828	0.225198	0.871361
873.0	0.342937	-0.365654	0.708591	0.704385
874.0	0.404417	0.128997	0.275421	0.775947
875.0	0.680699	0.860788	0.180089	0.763645
876.0	0.206704	0.0845132	0.122191	0.838589
877.0	0.812859	0.254698	0.558161	0.908125
878.0	0.991693	-0.0301326	1.02183	0.729167
879.0	0.289728	0.102185	0.187543	0.799816
880.0	0.677617	0.474859	0.202759	0.802197
881.0	0.618217	0.488903	0.129315	0.714723
882.0	0.664976	0.534801	0.130175	0.762264
883.0	0.535702	0.498374	0.0373281	0.80238
884.0	0.245718	0.794942	0.549223	0.692972
885.0	0.819792	1.23758	0.417786	0.816898
886.0	0.0217339	-0.0740075	0.0957413	0.872776
887.0	0.495238	0.517418	0.0221802	0.753021
888.0	0.31555	0.266086	0.0494639	0.762203
889.0	0.505411	0.367531	0.137881	0.799546
890.0	0.796862	0.637828	0.159034	0.821963
891.0	0.147489	-0.14172	0.289209	0.736393
892.0	0.422044	0.0140297	0.408014	0.734509
893.0	0.320003	0.060969	0.259034	0.782368
894.0	0.031025	0.536634	0.505609	0.814209
895.0	0.223462	0.125017	0.0984447	0.916745
896.0	0.296558	0.152098	0.144459	0.823988
897.0	0.143814	0.412902	0.269088	0.800506
898.0	0.493117	0.630058	0.13694	0.835632
899.0	0.806861	0.974673	0.167812	0.836199
900.0	0.714263	1.26719	0.55293	0.814315
901.0	0.816765	0.445395	0.37137	0.698972
902.0	0.0849231	0.00266369	0.0822594	0.851932
903.0	0.609604	1.11069	0.501089	0.727059
904.0	0.472236	0.288566	0.183671	0.760366
905.0	0.974531	0.71629	0.258241	0.803301
906.0	0.41288	0.0706314	0.342249	0.876215
907.0	0.785899	0.515935	0.269964	0.890963
908.0	0.753552	0.890687	0.137135	0.900778
909.0	0.121398	0.469887	0.348488	0.936023
910.0	0.0664792	-0.0326924	0.0991716	0.83449
911.0	0.681719	0.983797	0.302077	0.735374
912.0	0.30133	0.733112	0.431782	0.841539
913.0	0.960105	0.247932	0.712172	0.919988
914.0	0.842444	0.430727	0.411717	0.726519
915.0	0.86518	1.57084	0.705658	0.861516
916.0	0.98666	0.865479	0.121182	0.83792
917.0	0.228946	0.353799	0.124854	0.844319
918.0	0.48983	1.08742	0.597591	0.796511
919.0	0.59736	0.455729	0.141632	0.728479
920.0	0.0212514	-0.045107	0.0663584	0.809757
921.0	0.715425	-0.0408605	0.756286	0.787828
922.0	0.957373	-0.126727	1.0841	0.769307
923.0	0.232631	-0.0604236	0.293055	0.826523
924.0	0.0624091	0.171686	0.109277	0.766061
925.0	0.701302	0.106629	0.594673	0.797419
926.0	0.332218	0.118306	0.213912	0.636864
927.0	0.187506	-0.38341	0.570916	0.834711
928.0	0.866028	0.756516	0.109512	0.85634
929.0	0.629638	1.13408	0.504439	0.803962
930.0	0.378307	0.102115	0.276193	0.741335
931.0	0.79214	1.54687	0.754727	0.747188
932.0	0.0429796	0.433363	0.390383	0.895828
933.0	0.735551	0.34078	0.394771	0.809164
934.0	0.28156	0.078875	0.202685	0.885151
935.0	0.492297	0.834261	0.341965	0.806587
936.0	0.188946	0.999088	0.810142	0.806803
937.0	0.250245	0.237588	0.0126574	0.800987
938.0	0.873378	0.585379	0.288	0.806874
939.0	0.64726	0.638111	0.00914819	0.778502
940.0	0.96616	1.10742	0.141261	0.905335
941.0	0.106731	0.176111	0.0693803	0.951244
942.0	0.815808	0.876988	0.0611809	0.738564
943.0	0.813273	0.410035	0.403237	0.920262
944.0	0.15115	0.751719	0.600569	0.881581
945.0	0.207234	0.25234	0.0451063	0.721843
946.0	0.370741	1.22518	0.854438	0.893545
947.0	0.321554	0.431812	0.110257	0.93947
948.0	0.216131	0.479394	0.263263	0.772457
949.0	0.129483	0.117178	0.012305	0.742401
950.0	0.945121	0.539752	0.405369	0.800139
951.0	0.0321744	0.31744	0.285265	0.884117
952.0	0.552078	0.669458	0.11738	0.805543
953.0	0.181609	0.217357	0.0357479	0.757225
954.0	0.227928	-0.142823	0.370751	0.761338
955.0	0.376875	0.380812	0.00393659	0.812873
956.0	0.559353	0.821276	0.261923	0.807661
957.0	0.154762	0.714278	0.559516	0.942273
958.0	0.701328	0.400031	0.301297	0.852508
959.0	0.0606513	-0.0164027	0.077054	0.880859
960.0	0.697453	1.44011	0.742657	0.778242
961.0	0.587287	0.908654	0.321367	0.710365
962.0	0.269804	-0.119607	0.38941	0.726649
963.0	0.300816	-0.0197857	0.320602	0.824878
964.0	0.0693114	0.480165	0.410853	0.830027
965.0	0.123139	0.611246	0.488107	0.78805
966.0	0.513274	0.548092	0.034818	0.841419
967.0	0.902881	0.692235	0.210646	0.757696
968.0	0.565724	0.970271	0.404547	0.918352
969.0	0.959733	1.21207	0.252338	0.954848
970.0	0.755637	0.907857	0.152221	0.880486
971.0	0.018711	0.0034567	0.0152543	0.734735
972.0	0.328182	0.0342654	0.293916	0.825244
973.0	0.0594995	-0.590104	0.649603	0.766564
974.0	0.218764	0.198085	0.0206792	0.792718
975.0	0.356936	0.473857	0.116921	0.793338
976.0	0.161099	0.33062	0.169521	0.791921
977.0	0.897676	1.15227	0.25459	0.861075
978.0	0.133245	0.137939	0.0046935	0.786238
979.0	0.792132	0.366182	0.425949	0.646412
980.0	0.931342	0.554522	0.37682	0.901294
981.0	0.408603	0.325272	0.0833302	0.775796
982.0	0.767179	0.581518	0.185661	0.718468
983.0	0.606712	1.44166	0.834944	0.714019
984.0	0.888857	1.09448	0.205621	0.872663
985.0	0.489935	0.540053	0.0501186	0.81859
986.0	0.0960659	0.172392	0.0763259	0.858589
987.0	0.972069	0.559937	0.412133	0.733615
988.0	0.199306	0.28898	0.0896735	0.714041
989.0	0.522634	1.14131	0.618678	0.888777
990.0	0.574151	0.513157	0.0609933	0.79218
991.0	0.880359	0.690345	0.190014	0.824949
992.0	0.727151	1.09962	0.37247	0.875389
993.0	0.303609	-0.0291976	0.332807	0.916094
994.0	0.629005	0.333413	0.295592	0.747289
995.0	0.170908	0.750988	0.58008	0.862103
996.0	0.674561	0.551337	0.123225	0.783105
997.0	0.156951	0.638907	0.481956	0.701508
998.0	0.325751	0.0792283	0.246522	0.834464
999.0	0.80252	0.666929	0.135591	0.846466
1000.0	0.250465	0.261511	0.0110468	0.808106
1001.0	0.607099	0.608769	0.00166967	0.75736
1002.0	0.38006	0.774524	0.394464	0.876547
1003.0	0.089883	0.163955	0.0740717	0.75173
1004.0	0.908701	1.03865	0.129948	0.910352
1005.0	0.0242139	0.757404	0.73319	0.763376
1006.0	0.411508	0.635312	0.223804	0.799354
1007.0	0.807186	0.791944	0.0152427	0.819436
1008.0	0.102703	0.00932034	0.0933831	0.771464
1009.0	0.955673	0.643848	0.311825	0.850826
1010.0	0.529524	0.302609	0.226915	0.877425
1011.0	0.507035	0.749335	0.2423	0.738684
1012.0	0.170908	-0.0408906	0.211798	0.803981
1013.0	0.717277	0.800027	0.0827502	0.748069
1014.0	0.594401	0.677721	0.0833207	0.814793
1015.0	0.342371	0.226927	0.115445	0.683295
1016.0	0.358357	0.848927	0.49057	0.773238
1017.0	0.147699	0.430395	0.282696	0.838054
1018.0	0.815774	0.430134	0.38564	0.720034
1019.0	0.63448	0.850639	0.216159	0.839568
1020.0	0.116215	0.188389	0.0721743	0.899332
1021.0	0.193312	0.107361	0.0859509	0.864272
1022.0	0.411001	0.348906	0.062095	0.797422
1023.0	0.734925	0.734248	0.000676433	0.758642
1024.0	0.930284	0.656135	0.274149	0.859006
1025.0	0.507037	0.503377	0.00366013	0.721471
1026.0	0.625237	0.687825	0.0625877	0.740712
1027.0	0.845566	0.662998	0.182568	0.759726
1028.0	0.744741	0.590852	0.153888	0.888392
1029.0	0.254799	0.609525	0.354726	0.709225
1030.0	0.625147	0.548494	0.0766528	0.791313
1031.0	0.323411	0.267081	0.0563295	0.719866
1032.0	0.249803	0.418524	0.168722	0.785618
1033.0	0.244253	0.761916	0.517663	0.740293
1034.0	0.106368	-0.343139	0.449507	0.748943
1035.0	0.00636168	0.671196	0.664834	0.86176
1036.0	0.279165	0.0588371	0.220328	0.707642
1037.0	0.137746	0.362706	0.22496	0.967324
1038.0	0.49886	0.753762	0.254902	0.803912
1039.0	0.188184	0.204753	0.0165695	0.87223
1040.0	0.642357	0.912214	0.269857	0.773154
1041.0	0.228699	-0.0705612	0.299261	0.793351
1042.0	0.248384	-0.109803	0.358187	0.829127
1043.0	0.199376	0.213165	0.013789	0.778919
1044.0	0.860316	0.708175	0.152142	0.869464
1045.0	0.490832	0.412079	0.0787531	0.756656
1046.0	0.668499	0.231469	0.43703	0.74217
1047.0	0.645771	0.477923	0.167849	0.838358
1048.0	0.705073	1.35347	0.648394	0.740591
1049.0	0.460723	0.326561	0.134162	0.899552
1050.0	0.0486862	0.397683	0.348997	0.80114
1051.0	0.168145	0.515352	0.347206	0.849775
1052.0	0.12339	0.727688	0.604298	0.72966
1053.0	0.874354	0.746133	0.12822	0.801496
1054.0	0.984637	1.10774	0.123106	0.86654
1055.0	0.15969	0.518081	0.358391	0.780363
1056.0	0.598873	0.416275	0.182598	0.803481
1057.0	0.793444	1.10125	0.307802	0.81675
1058.0	0.42855	0.577314	0.148764	0.862999
1059.0	0.806039	0.790015	0.0160237	0.835945
1060.0	0.800967	1.36828	0.567312	0.806283
1061.0	0.07015	-0.00313711	0.0732871	0.821775
1062.0	0.247045	-0.534136	0.781181	0.859576
1063.0	0.907596	0.490762	0.416835	0.851428
1064.0	0.840888	0.810588	0.0302999	0.745602
1065.0	0.75935	0.316334	0.443016	0.784706
1066.0	0.171316	0.252905	0.0815885	0.80849
1067.0	0.0681653	0.285629	0.217464	0.806715
1068.0	0.6369	0.739575	0.102675	0.745379
1069.0	0.971736	1.00436	0.0326241	0.850494
1070.0	0.769021	0.587088	0.181933	0.825132
1071.0	0.618636	1.38123	0.762594	0.632758
1072.0	0.948771	0.547416	0.401355	0.831113
1073.0	0.996179	0.780948	0.21523	0.806037
1074.0	0.370564	0.249629	0.120936	0.901632
1075.0	0.764401	1.06115	0.296745	0.709311
1076.0	0.155136	0.532163	0.377028	0.882718
1077.0	0.979281	0.719843	0.259437	0.839053
1078.0	0.559287	0.491504	0.067783	0.804869
1079.0	0.772315	0.638759	0.133556	0.851808
1080.0	0.0400632	0.401693	0.36163	0.84503
1081.0	0.252113	0.611042	0.358929	0.837653
1082.0	0.739999	1.57548	0.835486	0.854935
1083.0	0.738526	0.396549	0.341978	0.756896
1084.0	0.25305	0.348605	0.0955554	0.766957
1085.0	0.392332	0.63881	0.246478	0.788541
1086.0	0.982256	0.381162	0.601095	0.63138
1087.0	0.0865396	-0.242068	0.328607	0.896414
1088.0	0.247649	0.560952	0.313303	0.785027
1089.0	0.304726	0.432739	0.128014	0.807119
1090.0	0.179527	0.375996	0.196468	0.910655
1091.0	0.01083	0.288334	0.277504	0.833279
1092.0	0.697233	0.670799	0.0264347	0.712701
1093.0	0.802763	0.536445	0.266318	0.824724
1094.0	0.261668	0.615895	0.354227	0.698219
1095.0	0.63807	1.25228	0.614213	0.784748
1096.0	0.515458	1.00272	0.487267	0.776029
1097.0	0.623382	0.596652	0.0267306	0.73101
1098.0	0.947416	0.562329	0.385087	0.788672
1099.0	0.00399806	0.0765152	0.0725171	0.829583
1100.0	0.978921	0.750883	0.228038	0.766114
1101.0	0.66688	0.255946	0.410934	0.81439
1102.0	0.208581	0.30381	0.0952293	0.853985
1103.0	0.298509	0.0514463	0.247063	0.919805
1104.0	0.537737	0.658488	0.120752	0.787671
1105.0	0.208175	0.641042	0.432867	0.90707
1106.0	0.102223	0.155084	0.0528609	0.79561
1107.0	0.823226	1.26467	0.441448	0.898139
1108.0	0.439491	0.558074	0.118583	0.800835
1109.0	0.424084	0.410089	0.0139949	0.885061
1110.0	0.811901	0.738334	0.0735666	0.712124
1111.0	0.732267	1.592	0.859731	0.73727
1112.0	0.514739	0.730459	0.21572	0.822898
1113.0	0.544915	1.17145	0.626539	0.879106
1114.0	0.612438	0.596127	0.0163105	0.770671
1115.0	0.917982	0.896255	0.0217266	0.680209
1116.0	0.0807483	0.21203	0.131282	0.822536
1117.0	0.163956	0.580249	0.416294	0.825389
1118.0	0.341979	0.0831061	0.258873	0.814273
1119.0	0.207749	-0.204787	0.412537	0.879757
1120.0	0.0305109	0.242742	0.212231	0.80278
1121.0	0.213807	-0.0384059	0.252213	0.894918
1122.0	0.49112	0.799675	0.308555	0.809475
1123.0	0.412045	0.538508	0.126463	0.708887
1124.0	0.622085	0.416868	0.205217	0.818714
1125.0	0.468668	-0.032982	0.50165	0.78802
1126.0	0.981389	0.833623	0.147767	0.825669
1127.0	0.621425	0.835911	0.214485	0.623464
1128.0	0.471962	0.798884	0.326922	0.873571
1129.0	0.545632	0.0640838	0.481548	0.636658
1130.0	0.307217	0.615024	0.307807	0.758708
1131.0	0.75217	0.492282	0.259887	0.815679
1132.0	0.0852747	0.0334585	0.0518161	0.795143
1133.0	0.936604	0.524633	0.411971	0.78378
1134.0	0.224539	0.243221	0.0186825	0.745075
1135.0	0.927657	0.83597	0.091687	0.790531
1136.0	0.0882976	-0.128424	0.216722	0.893112
1137.0	0.921368	1.35595	0.434584	0.932397
1138.0	0.281777	0.184534	0.0972428	0.9363
1139.0	0.00417726	-0.182436	0.186613	0.718701
1140.0	0.841216	0.622692	0.218524	0.8972
1141.0	0.651352	0.322773	0.328579	0.72174
1142.0	0.230766	0.355387	0.124621	0.801929
1143.0	0.0389023	0.193137	0.154234	0.850093
1144.0	0.0736868	1.08342	1.00973	0.74854
1145.0	0.513339	0.94404	0.430701	0.784552
1146.0	0.796394	0.856661	0.0602663	0.819434
1147.0	0.924546	1.03247	0.107927	0.919889
1148.0	0.0408672	-0.433523	0.47439	0.915982
1149.0	0.9474	0.805954	0.141446	0.818751
1150.0	0.561385	0.433395	0.127989	0.875284
1151.0	0.533442	0.494428	0.0390137	0.822352
1152.0	0.159342	0.181269	0.0219265	0.817867
1153.0	0.211949	0.282241	0.0702919	0.886679
1154.0	0.32249	0.890935	0.568444	0.869599
1155.0	0.886424	0.154333	0.73209	0.816362
1156.0	0.420465	0.486214	0.0657483	0.805586
1157.0	0.214523	0.117666	0.0968566	0.894057
1158.0	0.853655	0.979261	0.125606	0.722609
1159.0	0.849867	0.509131	0.340736	0.777995
1160.0	0.755401	1.44877	0.693371	0.70089
1161.0	0.77024	0.0550045	0.715236	0.686719
1162.0	0.161867	0.343485	0.181618	0.730179
1163.0	0.948206	0.644007	0.304199	0.917103
1164.0	0.0968669	1.01262	0.915754	0.735371
1165.0	0.304747	0.728541	0.423794	0.74467
1166.0	0.288911	-0.168411	0.457323	0.890458
1167.0	0.887999	0.622702	0.265297	0.826187
1168.0	0.988519	0.423687	0.564833	0.794852
1169.0	0.0440352	0.0567159	0.0126807	0.775235
1170.0	0.0378401	0.0877158	0.0498757	0.851257
1171.0	0.151854	-0.00807708	0.159931	0.8329
1172.0	0.622985	0.805991	0.183007	0.775576
1173.0	0.164655	0.372558	0.207903	0.839086
1174.0	0.769624	1.27295	0.50333	0.83957
1175.0	0.470163	0.641316	0.171153	0.864855
1176.0	0.754758	0.828988	0.0742293	0.702488
1177.0	0.0842325	0.584057	0.499825	0.787582
1178.0	0.807492	0.843511	0.036018	0.750019
1179.0	0.811428	1.32057	0.509142	0.798488
1180.0	0.314167	0.694072	0.379905	0.881679
1181.0	0.38556	0.980587	0.595027	0.816858
1182.0	0.276979	1.41266	1.13568	0.717844
1183.0	0.946794	0.828115	0.118679	0.783708
1184.0	0.133804	0.254481	0.120676	0.836811
1185.0	0.12821	0.214341	0.0861316	0.731055
1186.0	0.975985	0.928753	0.0472328	0.888916
1187.0	0.865181	0.659481	0.2057	0.843799
1188.0	0.875873	0.835114	0.0407591	0.812453
1189.0	0.4681	0.766224	0.298124	0.738578
1190.0	0.881301	-0.320635	1.20194	0.882017
1191.0	0.771861	1.12298	0.351118	0.829969
1192.0	0.35116	0.464556	0.113396	0.774967
1193.0	0.11037	0.0922812	0.0180892	0.910681
1194.0	0.558286	0.955735	0.397449	0.681932
1195.0	0.852752	0.872836	0.0200838	0.918035
1196.0	0.870434	0.631163	0.239271	0.784982
1197.0	0.322017	0.079887	0.24213	0.858925
1198.0	0.169395	0.743807	0.574412	0.641166
1199.0	0.747526	0.652083	0.0954436	0.816979
1200.0	0.418087	0.240759	0.177328	0.801115
1201.0	0.321844	0.284257	0.0375869	0.957007
1202.0	0.361776	0.678571	0.316794	0.770272
1203.0	0.864068	0.668526	0.195542	0.805156
1204.0	0.627933	0.784801	0.156868	0.745099
1205.0	0.270114	0.453712	0.183598	0.772333
1206.0	0.928096	0.894715	0.0333811	0.842689
1207.0	0.159934	0.290938	0.131004	0.772978
1208.0	0.441125	0.09306	0.348065	0.72507
1209.0	0.06342	0.648237	0.584817	0.85582
1210.0	0.642542	0.793109	0.150567	0.853062
1211.0	0.185315	0.793564	0.608249	0.680642
1212.0	0.60347	0.929934	0.326465	0.82631
1213.0	0.488946	0.400874	0.0880727	0.731102
1214.0	0.883656	0.919048	0.0353917	0.826759
1215.0	0.983007	0.902017	0.0809897	0.828143
1216.0	0.373109	0.763744	0.390636	0.792257
1217.0	0.59889	0.760601	0.161711	0.747668
1218.0	0.206355	0.454997	0.248642	0.906796
1219.0	0.254426	0.00478973	0.249637	0.913204
1220.0	0.798804	0.095287	0.703517	0.723917
1221.0	0.44616	0.439246	0.00691397	0.871332
1222.0	0.663064	0.75899	0.0959266	0.713112
1223.0	0.827904	0.54149	0.286414	0.789755
1224.0	0.822864	0.346951	0.475912	0.825442
1225.0	0.663844	0.56789	0.0959539	0.740792
1226.0	0.142872	-0.344068	0.48694	0.817464
1227.0	0.841614	0.919734	0.0781195	0.842911
1228.0	0.755711	0.618756	0.136956	0.737355
1229.0	0.32434	0.216233	0.108107	0.894077
1230.0	0.830727	0.921683	0.0909562	0.77243
1231.0	0.11525	0.228922	0.113671	0.803985
1232.0	0.656233	0.755352	0.0991193	0.823929
1233.0	0.25614	0.510916	0.254776	0.78287
1234.0	0.270562	0.123723	0.146839	0.819199
1235.0	0.0777848	0.527921	0.450136	0.718097
1236.0	0.185606	0.635285	0.449679	0.798333
1237.0	0.870033	0.801804	0.0682291	0.901547
1238.0	0.0803368	-0.138585	0.218922	0.840598
1239.0	0.45012	0.0515363	0.398583	0.828015
1240.0	0.20411	0.213577	0.00946784	0.736288
1241.0	0.073209	0.222227	0.149018	0.838915
1242.0	0.702558	0.0940726	0.608485	0.71561
1243.0	0.337692	0.492798	0.155106	0.688164
1244.0	0.763929	0.371416	0.392514	0.786785
1245.0	0.158358	0.140069	0.0182884	0.710091
1246.0	0.150942	0.522739	0.371797	0.739266
1247.0	0.444535	0.400527	0.0440083	0.91887
1248.0	0.398763	0.469542	0.0707784	0.723551
1249.0	0.474802	0.745135	0.270333	0.806621
1250.0	0.732254	0.752013	0.0197584	0.755994
1251.0	0.256883	-0.433921	0.690804	0.691585
1252.0	0.998746	0.549803	0.448943	0.76216
1253.0	0.815608	1.18418	0.368568	0.69751
1254.0	0.134633	0.246537	0.111904	0.855874
1255.0	0.493027	0.514858	0.0218314	0.806749
1256.0	0.716993	0.650294	0.0666984	0.744538
1257.0	0.504826	0.216928	0.287898	0.804551
1258.0	0.589672	1.10376	0.514085	0.867929
1259.0	0.987529	1.23836	0.250833	0.961601
1260.0	0.0212236	0.35172	0.330497	0.841258
1261.0	0.0654605	0.994603	0.929142	0.788566
1262.0	0.771695	1.27482	0.50312	0.800571
1263.0	0.602084	0.578587	0.0234963	0.707666
1264.0	0.104069	0.0200297	0.0840388	0.821537
1265.0	0.697097	1.22404	0.526944	0.871989
1266.0	0.549919	0.721684	0.171765	0.794862
1267.0	0.147171	0.609752	0.462581	0.858657
1268.0	0.948933	0.276951	0.671982	0.875363
1269.0	0.394234	0.0947327	0.299501	0.80157
1270.0	0.563609	0.713888	0.150278	0.73889
1271.0	0.684311	0.695568	0.0112564	0.933642
1272.0	0.639949	1.10666	0.466715	0.798432
1273.0	0.761449	0.797629	0.0361805	0.888586
1274.0	0.557829	-0.159314	0.717144	0.872204
1275.0	0.832221	0.972745	0.140525	0.796936
1276.0	0.0670815	0.600752	0.53367	0.824837
1277.0	0.177932	0.0527093	0.125222	0.813158
1278.0	0.170125	0.41389	0.243764	0.891446
1279.0	0.399221	0.504129	0.104908	0.880676
1280.0	0.619867	0.333089	0.286778	0.702032
1281.0	0.897145	0.865039	0.0321057	0.795357
1282.0	0.0828845	0.0168713	0.0660132	0.865101
1283.0	0.362243	0.3378	0.0244429	0.794576
1284.0	0.623001	0.66999	0.0469893	0.760869
1285.0	0.418665	0.45261	0.0339451	0.856081
1286.0	0.666676	0.503124	0.163552	0.778086
1287.0	0.233901	0.234386	0.000485363	0.813963
1288.0	0.195797	0.675075	0.479279	0.662546
1289.0	0.626482	0.881353	0.25487	0.715995
1290.0	0.0713317	-0.0999387	0.17127	0.825003
1291.0	0.73686	1.51898	0.782121	0.759194
1292.0	0.88288	0.740231	0.142649	0.801649
1293.0	0.0790585	0.363287	0.284228	0.83502
1294.0	0.44808	0.257753	0.190327	0.802131
1295.0	0.61902	0.973963	0.354943	0.873623
1296.0	0.44953	0.35225	0.0972796	0.791948
1297.0	0.611145	0.308353	0.302791	0.853432
1298.0	0.848537	0.611011	0.237525	0.84075
1299.0	0.924487	0.843134	0.0813534	0.928267
1300.0	0.493764	0.568104	0.0743397	0.76461
1301.0	0.969853	1.42967	0.45982	0.840561
1302.0	0.696905	0.540996	0.15591	0.864023
1303.0	0.757231	0.639391	0.11784	0.726831
1304.0	0.402393	0.818051	0.415658	0.859941
1305.0	0.549497	0.23939	0.310107	0.746251
1306.0	0.911501	1.02908	0.11758	0.877846
1307.0	0.953022	0.253601	0.699421	0.766964
1308.0	0.79164	0.412136	0.379504	0.720401
1309.0	0.55229	0.894255	0.341965	0.831821
1310.0	0.920682	0.182417	0.738265	0.8239
1311.0	0.551053	0.93219	0.381137	0.710356
1312.0	0.392466	0.35029	0.0421764	0.694459
1313.0	0.041223	-0.0486732	0.0898962	0.839796
1314.0	0.485556	0.392155	0.0934013	0.730462
1315.0	0.678022	0.489211	0.188811	0.866715
1316.0	0.365084	0.331679	0.033404	0.720416
1317.0	0.147766	-0.0890797	0.236846	0.892043
1318.0	0.778044	0.866056	0.0880116	0.769622
1319.0	0.793807	1.08533	0.291522	0.806677
1320.0	0.0123248	0.63307	0.620745	0.864515
1321.0	0.757918	1.50826	0.750346	0.79658
1322.0	0.86458	0.56443	0.300151	0.780975
1323.0	0.568756	1.08685	0.518095	0.730625
1324.0	0.952723	1.41139	0.45867	0.861839
1325.0	0.802733	0.78622	0.0165133	0.89235
1326.0	0.159427	0.0220099	0.137417	0.814016
1327.0	0.761642	0.524272	0.23737	0.769125
1328.0	0.412741	0.356314	0.0564266	0.717172
1329.0	0.407933	0.253961	0.153972	0.79931
1330.0	0.163577	0.669927	0.50635	0.887368
1331.0	0.0831513	-0.0746881	0.157839	0.75969
1332.0	0.28955	0.381029	0.0914793	0.796881
1333.0	0.0412474	-0.460621	0.501868	0.91298
1334.0	0.832845	0.577409	0.255436	0.817434
1335.0	0.906452	0.97366	0.0672079	0.796276
1336.0	0.629043	0.604111	0.0249326	0.870112
1337.0	0.469634	0.221446	0.248187	0.819317
1338.0	0.599453	0.881706	0.282252	0.74546
1339.0	0.589801	0.51347	0.0763313	0.869818
1340.0	0.454708	0.204185	0.250522	0.850255
1341.0	0.769085	1.02231	0.25322	0.788365
1342.0	0.595405	0.477176	0.118229	0.782458
1343.0	0.39673	0.763932	0.367203	0.79248
1344.0	0.406273	0.592043	0.18577	0.701881
1345.0	0.819988	0.508255	0.311733	0.81678
1346.0	0.538777	0.198091	0.340686	0.769123
1347.0	0.294653	0.195491	0.099162	0.737404
1348.0	0.596377	1.3194	0.723027	0.827126
1349.0	0.0607441	0.46203	0.401286	0.820587
1350.0	0.734322	1.15497	0.42065	0.789833
1351.0	0.576286	0.728052	0.151766	0.74354
1352.0	0.129955	0.0221426	0.107812	0.813829
1353.0	0.126245	0.591738	0.465493	0.824366
1354.0	0.73586	0.472405	0.263455	0.769066
1355.0	0.896874	0.817245	0.0796286	0.909187
1356.0	0.171711	0.562484	0.390773	0.735673
1357.0	0.544152	0.573261	0.0291092	0.854559
1358.0	0.552572	0.604545	0.0519731	0.773858
1359.0	0.978272	0.360566	0.617706	0.748227
1360.0	0.722731	0.734565	0.0118337	0.907755
1361.0	0.466459	0.620248	0.153789	0.771612
1362.0	0.00225355	0.0775724	0.0753188	0.811087
1363.0	0.439634	0.13445	0.305184	0.798813
1364.0	0.427184	0.970035	0.542851	0.85406
1365.0	0.134272	0.429299	0.295027	0.915207
1366.0	0.359219	0.0292716	0.329947	0.740706
1367.0	0.253568	0.63765	0.384082	0.809432
1368.0	0.140509	0.603678	0.463169	0.694593
1369.0	0.37825	0.864423	0.486173	0.853383
1370.0	0.496651	0.567538	0.0708867	0.783095
1371.0	0.952534	0.903221	0.0493137	0.861465
1372.0	0.764742	0.443875	0.320867	0.816285
1373.0	0.482105	0.332648	0.149457	0.690683
1374.0	0.95871	0.89039	0.0683202	0.808161
1375.0	0.382765	-0.10247	0.485235	0.827716
1376.0	0.0837901	0.17928	0.0954898	0.834707
1377.0	0.219186	-0.0881579	0.307344	0.802729
1378.0	0.479509	0.969852	0.490342	0.712588
1379.0	0.0488204	1.0447	0.995876	0.634514
1380.0	0.554589	0.452453	0.102136	0.809146
1381.0	0.80902	1.37119	0.562171	0.682786
1382.0	0.980519	0.739185	0.241334	0.789355
1383.0	0.483755	0.0274647	0.456291	0.81913
1384.0	0.0734164	0.178503	0.105087	0.770283
1385.0	0.915878	0.79779	0.118088	0.848975
1386.0	0.454374	0.0692827	0.385092	0.866396
1387.0	0.419483	0.514523	0.0950403	0.847471
1388.0	0.620652	1.09394	0.473287	0.894411
1389.0	0.624417	0.7434	0.118983	0.834758
1390.0	0.107972	0.290434	0.182462	0.798477
1391.0	0.525098	0.609541	0.0844424	0.777051
1392.0	0.491344	0.292705	0.198639	0.901354
1393.0	0.324314	0.169226	0.155087	0.829045
1394.0	0.88225	0.695834	0.186416	0.906162
1395.0	0.54175	0.709897	0.168147	0.786294
1396.0	0.827057	0.891406	0.0643497	0.794185
1397.0	0.556967	0.765615	0.208648	0.681542
1398.0	0.0863625	0.182437	0.0960744	0.778468
1399.0	0.523161	-0.0183646	0.541526	0.811826
1400.0	0.327619	0.476776	0.149158	0.703803
1401.0	0.546869	0.790572	0.243702	0.802453
1402.0	0.579713	0.219839	0.359874	0.758288
1403.0	0.317888	0.27156	0.0463279	0.739153
1404.0	0.805872	0.691785	0.114088	0.926333
1405.0	0.638505	1.20622	0.567719	0.845352
1406.0	0.232465	0.0421366	0.190328	0.820347
1407.0	0.221357	0.151654	0.0697031	0.741784
1408.0	0.244559	0.694444	0.449886	0.796431
1409.0	0.497336	0.562939	0.0656037	0.760724
1410.0	0.396504	-0.2028	0.599304	0.836032
1411.0	0.557428	0.516829	0.0405984	0.706326
1412.0	0.108633	0.249815	0.141182	0.828203
1413.0	0.165761	0.646085	0.480324	0.699707
1414.0	0.462856	1.06945	0.606595	0.871263
1415.0	0.948294	1.03582	0.0875281	0.818351
1416.0	0.904146	1.30721	0.403064	0.785411
1417.0	0.444614	0.404065	0.0405489	0.852604
1418.0	0.751359	0.865717	0.114358	0.814137
1419.0	0.111633	-0.166289	0.277922	0.708425
1420.0	0.584014	1.0671	0.483083	0.838133
1421.0	0.575354	0.678921	0.103567	0.719467
1422.0	0.595261	0.619544	0.0242838	0.862102
1423.0	0.782348	0.547177	0.235171	0.836638
1424.0	0.89177	0.569727	0.322043	0.836645
1425.0	0.257406	0.61912	0.361714	0.868584
1426.0	0.420834	0.621491	0.200657	0.820087
1427.0	0.390055	-0.0840643	0.47412	0.738971
1428.0	0.351166	0.702904	0.351737	0.890099
1429.0	0.98633	-0.0598732	1.0462	0.916204
1430.0	0.917504	0.92142	0.00391673	0.794236
1431.0	0.70044	0.876659	0.176219	0.832412
1432.0	0.944252	0.641591	0.302662	0.84831
1433.0	0.808428	1.20581	0.39738	0.787004
1434.0	0.238567	0.0770097	0.161558	0.802142
1435.0	0.570546	0.691063	0.120518	0.791539
1436.0	0.527039	1.33634	0.809302	0.852917
1437.0	0.703404	0.311481	0.391922	0.791062
1438.0	0.839353	0.918075	0.0787218	0.741142
1439.0	0.35284	0.177975	0.174865	0.774756
1440.0	0.271141	0.253549	0.0175924	0.87094
1441.0	0.869623	0.803082	0.0665413	0.847801
1442.0	0.475218	0.735103	0.259885	0.864343
1443.0	0.127631	-0.393199	0.52083	0.838751
1444.0	0.806019	0.43429	0.371729	0.780608
1445.0	0.481506	0.33763	0.143876	0.818176
1446.0	0.54707	0.409349	0.137721	0.820373
1447.0	0.692242	0.994773	0.302531	0.852774
1448.0	0.546252	0.269185	0.277067	0.69768
1449.0	0.369133	0.520789	0.151656	0.826619
1450.0	0.385573	0.757814	0.372241	0.792978
1451.0	0.21264	0.3008	0.0881602	0.792773
1452.0	0.792514	1.00348	0.21097	0.892507
1453.0	0.714962	1.2277	0.512739	0.854854
1454.0	0.156563	0.508886	0.352323	0.756551
1455.0	0.12746	-0.0445692	0.17203	0.759594
1456.0	0.922918	0.965072	0.0421547	0.903461
1457.0	0.416814	0.555245	0.138432	0.867608
1458.0	0.557616	1.00133	0.44371	0.855478
1459.0	0.228251	0.501819	0.273568	0.954347
1460.0	0.74305	0.922902	0.179852	0.822081
1461.0	0.0432754	-0.653342	0.696617	0.886271
1462.0	0.179857	0.210099	0.0302426	0.693131
1463.0	0.333868	0.186149	0.147719	0.77658
1464.0	0.479607	0.479022	0.000584757	0.88447
1465.0	0.86287	0.593442	0.269428	0.690666
1466.0	0.707202	0.857257	0.150055	0.819316
1467.0	0.790073	0.945142	0.155069	0.732072
1468.0	0.776478	0.711434	0.0650439	0.867634
1469.0	0.802972	0.647692	0.15528	0.745553
1470.0	0.721295	0.680354	0.0409415	0.78445
1471.0	0.657629	1.52085	0.863226	0.773532
1472.0	0.258799	0.596045	0.337246	0.81721
1473.0	0.0483888	0.515252	0.466863	0.644826
1474.0	0.0166359	0.475107	0.458471	0.853808
1475.0	0.731094	0.512231	0.218863	0.787839
1476.0	0.310286	0.231788	0.0784982	0.720246
1477.0	0.636383	1.00586	0.36948	0.789559
1478.0	0.144269	0.157774	0.013505	0.848221
1479.0	0.353744	-0.132997	0.486741	0.82849
1480.0	0.0989762	0.482804	0.383828	0.80996
1481.0	0.336951	0.84221	0.505259	0.838756
1482.0	0.0444518	0.0679617	0.0235099	0.804829
1483.0	0.186272	-0.0856306	0.271903	0.807841
1484.0	0.305103	-0.145278	0.450381	0.843034
1485.0	0.359112	0.590985	0.231873	0.831398
1486.0	0.845999	1.32247	0.476471	0.81766
1487.0	0.613566	0.674465	0.0608986	0.804928
1488.0	0.229769	-0.0280658	0.257835	0.738531
1489.0	0.270633	0.758006	0.487373	0.892466
1490.0	0.794389	0.675058	0.119331	0.820758
1491.0	0.718199	0.775123	0.0569244	0.869673
1492.0	0.078333	0.248434	0.170101	0.834907
1493.0	0.0979543	0.301271	0.203317	0.791094
1494.0	0.358777	0.614367	0.255591	0.814725
1495.0	0.665256	0.834135	0.168879	0.727008
1496.0	0.761025	0.368502	0.392523	0.843476
1497.0	0.0490028	0.390544	0.341541	0.843931
1498.0	0.653527	0.804005	0.150479	0.865209
1499.0	0.557907	0.729148	0.171241	0.925383
1500.0	0.614152	1.52976	0.915609	0.84535
1501.0	0.131139	0.0222891	0.10885	0.873158
1502.0	0.231081	0.166314	0.0647673	0.800014
1503.0	0.432117	1.1118	0.679679	0.804607
1504.0	0.0737875	-0.104045	0.177832	0.814019
1505.0	0.618624	0.373818	0.244806	0.790227
1506.0	0.742385	1.06594	0.323554	0.771057
1507.0	0.785155	1.69799	0.912836	0.710101
1508.0	0.816474	0.81911	0.00263652	0.818363
1509.0	0.339217	-0.228499	0.567715	0.827566
1510.0	0.183204	0.538608	0.355404	0.919518
1511.0	0.13193	0.188466	0.0565367	0.873444
1512.0	0.181029	0.153251	0.0277781	0.837682
1513.0	0.367759	0.909918	0.542159	0.80212
1514.0	0.193921	0.61014	0.41622	0.724108
1515.0	0.789247	0.4248	0.364447	0.753935
1516.0	0.877966	0.999178	0.121212	0.877183
1517.0	0.371269	0.801858	0.430589	0.868807
1518.0	0.583568	0.458949	0.124619	0.78403
1519.0	0.560027	1.12884	0.568812	0.737926
1520.0	0.719868	0.781728	0.0618601	0.872749
1521.0	0.125627	-0.251065	0.376692	0.813785
1522.0	0.130403	0.362881	0.232478	0.726843
1523.0	0.54962	0.81309	0.26347	0.81844
1524.0	0.545502	0.589024	0.0435217	0.639192
1525.0	0.392727	0.160359	0.232368	0.88298
1526.0	0.492934	0.60994	0.117006	0.790916
1527.0	0.708982	0.283333	0.425649	0.73675
1528.0	0.532451	0.754738	0.222287	0.933158
1529.0	0.267517	0.558583	0.291066	0.761561
1530.0	0.986556	0.85401	0.132546	0.776039
1531.0	0.836849	0.864306	0.0274567	0.764962
1532.0	0.855592	1.17282	0.317228	0.71985
1533.0	0.781195	0.464155	0.317039	0.710041
1534.0	0.720564	-0.04853	0.769094	0.808329
1535.0	0.200422	0.674002	0.47358	0.6755
1536.0	0.125371	0.0747283	0.050643	0.778869
1537.0	0.894081	0.865459	0.0286215	0.785452
1538.0	0.063171	0.418956	0.355785	0.878492
1539.0	0.0475284	0.14887	0.101341	0.786586
1540.0	0.36487	0.162041	0.202829	0.884324
1541.0	0.469051	0.60541	0.136359	0.942191
1542.0	0.614443	0.705089	0.0906454	0.95327
1543.0	0.00187044	-0.0820269	0.0838973	0.789292
1544.0	0.488068	0.925963	0.437895	0.738772
1545.0	0.996563	0.973705	0.0228574	0.718947
1546.0	0.06497	-0.554098	0.619068	0.741641
1547.0	0.373619	0.0621144	0.311504	0.905891
1548.0	0.392954	0.00157824	0.391376	0.871718
1549.0	0.459829	0.763702	0.303873	0.788132
1550.0	0.74573	1.21873	0.473001	0.704521
1551.0	0.769965	1.0825	0.312535	0.788454
1552.0	0.927447	0.585236	0.342212	0.885211
1553.0	0.0650338	0.337206	0.272172	0.75026
1554.0	0.138033	-0.00490619	0.142939	0.800539
1555.0	0.558283	1.26928	0.710996	0.908192
1556.0	0.413972	0.337793	0.0761793	0.703539
1557.0	0.0399185	0.318695	0.278777	0.872659
1558.0	0.305401	0.230672	0.0747287	0.804146
1559.0	0.584008	0.484979	0.0990292	0.799946
1560.0	0.258228	0.492695	0.234467	0.82888
1561.0	0.46071	0.29301	0.1677	0.887931
1562.0	0.953367	0.993511	0.0401439	0.829102
1563.0	0.504541	0.667273	0.162732	0.810063
1564.0	0.585665	0.743331	0.157666	0.777722
1565.0	0.484099	0.491725	0.00762641	0.877945
1566.0	0.669171	0.794917	0.125746	0.812777
1567.0	0.348443	-0.217272	0.565715	0.858172
1568.0	0.372687	-0.228429	0.601117	0.924664
1569.0	0.950391	0.393932	0.556459	0.843805
1570.0	0.0616245	-0.221525	0.28315	0.786407
1571.0	0.773336	0.218524	0.554812	0.819892
1572.0	0.0776786	-0.307244	0.384923	0.890738
1573.0	0.549731	0.521799	0.0279322	0.87996
1574.0	0.469304	0.593392	0.124088	0.811463
1575.0	0.112111	0.392932	0.280821	0.948273
1576.0	0.452972	-0.0661089	0.519081	0.840719
1577.0	0.139219	0.135601	0.00361764	0.894874
1578.0	0.395322	0.655449	0.260127	0.813195
1579.0	0.429255	0.869809	0.440555	0.837787
1580.0	0.186707	0.535461	0.348755	0.608251
1581.0	0.986639	0.80933	0.177309	0.801679
1582.0	0.541345	0.525516	0.0158296	0.675388
1583.0	0.484268	0.628625	0.144357	0.784143
1584.0	0.560948	0.519748	0.0411999	0.826764
1585.0	0.452148	0.613339	0.161192	0.803295
1586.0	0.737789	0.692183	0.0456059	0.847488
1587.0	0.453258	0.28685	0.166408	0.819261
1588.0	0.282367	-0.187137	0.469504	0.83818
1589.0	0.72345	0.417536	0.305914	0.756295
1590.0	0.347173	-0.064206	0.411379	0.836895
1591.0	0.810661	0.997858	0.187198	0.714263
1592.0	0.726487	0.344774	0.381713	0.746166
1593.0	0.190302	0.00816443	0.182138	0.593026
1594.0	0.793189	0.407985	0.385204	0.883187
1595.0	0.905514	0.50776	0.397754	0.809689
1596.0	0.894698	0.872513	0.0221848	0.781393
1597.0	0.297813	-0.156571	0.454383	0.745989
1598.0	0.68517	0.457826	0.227344	0.880868
1599.0	0.845276	1.41783	0.572554	0.755134
1600.0	0.748308	0.465398	0.28291	0.898028
1601.0	0.921086	0.247475	0.673611	0.820458
1602.0	0.191829	0.212329	0.0204998	0.918534
1603.0	0.691516	0.578783	0.112733	0.903486
1604.0	0.887875	1.10076	0.212882	0.834262
1605.0	0.807602	0.104235	0.703367	0.715707
1606.0	0.19475	0.483057	0.288308	0.771465
1607.0	0.361917	0.464268	0.102351	0.846537
1608.0	0.829949	0.728492	0.101458	0.811661
1609.0	0.886297	1.12505	0.238755	0.850028
1610.0	0.643796	0.505948	0.137848	0.668345
1611.0	0.0943458	0.189838	0.0954919	0.834514
1612.0	0.751644	1.10035	0.348704	0.795896
1613.0	0.0767884	0.0724871	0.00430134	0.771147
1614.0	0.213288	0.437834	0.224547	0.795091
1615.0	0.00279561	0.147659	0.144864	0.91955
1616.0	0.420826	0.242293	0.178533	0.813376
1617.0	0.12039	-0.0278007	0.148191	0.815558
1618.0	0.780253	0.587317	0.192936	0.85378
1619.0	0.810003	0.335052	0.474951	0.772733
1620.0	0.687725	0.334742	0.352983	0.820716
1621.0	0.573369	-0.179571	0.75294	0.69518
1622.0	0.549117	-0.164037	0.713153	0.724771
1623.0	0.416166	0.409053	0.00711301	0.787844
1624.0	0.890721	1.32159	0.430866	0.755237
1625.0	0.278993	0.506849	0.227856	0.773734
1626.0	0.423071	0.269118	0.153953	0.896263
1627.0	0.857322	0.733182	0.124139	0.719984
1628.0	0.586838	0.617548	0.03071	0.791323
1629.0	0.292736	0.374088	0.0813513	0.882769
1630.0	0.460846	0.186006	0.27484	0.831207
1631.0	0.137929	0.636926	0.498997	0.861381
1632.0	0.12768	-0.400062	0.527742	0.802568
1633.0	0.83901	1.28298	0.443965	0.794764
1634.0	0.151802	0.18968	0.0378772	0.701156
1635.0	0.834581	0.746001	0.0885804	0.951224
1636.0	0.966129	0.875756	0.0903728	0.854245
1637.0	0.932058	1.17403	0.241972	0.889881
1638.0	0.111412	0.332841	0.221429	0.732671
1639.0	0.0876748	0.555761	0.468086	0.843612
1640.0	0.19333	-0.0467792	0.240109	0.779522
1641.0	0.329888	0.539191	0.209304	0.865487
1642.0	0.963387	0.398272	0.565114	0.928694
1643.0	0.612981	0.0344408	0.57854	0.842331
1644.0	0.497522	0.449237	0.0482847	0.896917
1645.0	0.269168	0.514356	0.245188	0.756331
1646.0	0.750582	0.320944	0.429638	0.685807
1647.0	0.659618	0.790623	0.131005	0.708069
1648.0	0.945977	0.499736	0.446241	0.961006
1649.0	0.508417	0.429171	0.0792461	0.911916
1650.0	0.741142	0.200541	0.540601	0.824351
1651.0	0.427865	0.255237	0.172628	0.863032
1652.0	0.697629	1.11936	0.421734	0.88253
1653.0	0.19084	0.390452	0.199612	0.880466
1654.0	0.317533	0.583337	0.265805	0.876443
1655.0	0.303318	0.751675	0.448357	0.77819
1656.0	0.315178	-0.175752	0.49093	0.823068
1657.0	0.598613	0.679832	0.0812185	0.928306
1658.0	0.713156	1.22353	0.510373	0.885988
1659.0	0.161628	0.166559	0.0049316	0.827845
1660.0	0.76551	0.465083	0.300427	0.900364
1661.0	0.592088	1.01345	0.421363	0.827059
1662.0	0.963618	1.1546	0.190983	0.876063
1663.0	0.204892	0.00851546	0.196377	0.88804
1664.0	0.954946	1.09255	0.137603	0.712891
1665.0	0.317617	0.72016	0.402543	0.88221
1666.0	0.085493	0.339381	0.253888	0.872302
1667.0	0.116342	-0.0413376	0.15768	0.89813
1668.0	0.352333	0.518878	0.166545	0.796663
1669.0	0.640808	0.708305	0.0674969	0.786648
1670.0	0.090666	0.712423	0.621757	0.96112
1671.0	0.932762	0.725648	0.207114	0.830719
1672.0	0.19694	0.652854	0.455914	0.75735
1673.0	0.653197	0.645578	0.00761866	0.68921
1674.0	0.109754	-0.0482071	0.157961	0.945676
1675.0	0.689522	0.312489	0.377033	0.761606
1676.0	0.902613	0.516084	0.386529	0.908587
1677.0	0.869684	0.73251	0.137173	0.792784
1678.0	0.752625	0.752029	0.000596415	0.835135
1679.0	0.274437	-0.208308	0.482745	0.774374
1680.0	0.690963	0.414584	0.276379	0.804562
1681.0	0.911016	0.777784	0.133232	0.893226
1682.0	0.325858	0.802795	0.476937	0.829273
1683.0	0.656854	0.293057	0.363797	0.837976
1684.0	0.903434	1.17553	0.272092	0.825646
1685.0	0.287522	0.228138	0.0593841	0.828916
1686.0	0.917962	0.700552	0.21741	0.755548
1687.0	0.0257356	0.151518	0.125782	0.80621
1688.0	0.992231	0.459529	0.532703	0.792057
1689.0	0.363654	0.380048	0.0163944	0.829137
1690.0	0.0776866	0.0388221	0.0388646	0.740341
1691.0	0.860056	1.04696	0.1869	0.890268
1692.0	0.756124	0.959137	0.203013	0.719098
1693.0	0.918059	0.938566	0.0205078	0.681824
1694.0	0.403746	0.435745	0.0319993	0.697804
1695.0	0.559887	1.06638	0.506489	0.888945
1696.0	0.582326	0.494573	0.0877531	0.678276
1697.0	0.882183	0.198902	0.683281	0.704253
1698.0	0.881086	1.25884	0.377757	0.87085
1699.0	0.535029	0.981017	0.445988	0.864363
1700.0	0.284247	0.645167	0.360921	0.827504
1701.0	0.585732	1.01692	0.431188	0.958341
1702.0	0.788255	0.861625	0.0733698	0.740542
1703.0	0.195483	0.479455	0.283971	0.87119
1704.0	0.518447	0.701044	0.182597	0.832893
1705.0	0.580615	1.23475	0.65413	0.729109
1706.0	0.185224	0.329792	0.144569	0.838745
1707.0	0.853358	0.884579	0.031221	0.936974
1708.0	0.0959031	0.183038	0.0871351	0.755509
1709.0	0.0087022	-0.185362	0.194064	0.834491
1710.0	0.287763	-0.179429	0.467193	0.758938
1711.0	0.892806	0.296275	0.596531	0.75698
1712.0	0.0709666	0.485931	0.414965	0.786551
1713.0	0.859952	0.955612	0.0956599	0.884123
1714.0	0.000315871	-0.0769929	0.0773087	0.87602
1715.0	0.854038	0.230335	0.623702	0.739407
1716.0	0.649465	0.467271	0.182194	0.768403
1717.0	0.00223546	0.140015	0.13778	0.830488
1718.0	0.950592	0.84318	0.107412	0.953508
1719.0	0.709384	0.733437	0.0240525	0.763623
1720.0	0.113723	-0.121312	0.235035	0.780692
1721.0	0.990423	0.580495	0.409928	0.764588
1722.0	0.791872	1.20996	0.418086	0.873595
1723.0	0.728234	1.09394	0.365704	0.915888
1724.0	0.214487	0.226225	0.0117379	0.868483
1725.0	0.559791	1.14429	0.584503	0.851168
1726.0	0.473419	-0.0934629	0.566882	0.777166
1727.0	0.933469	0.674316	0.259153	0.894776
1728.0	0.326651	0.970977	0.644327	0.793475
1729.0	0.3779	0.512657	0.134757	0.812042
1730.0	0.665501	0.945792	0.280291	0.788359
1731.0	0.818998	1.26951	0.450515	0.873339
1732.0	0.269867	0.5668	0.296933	0.784221
1733.0	0.13042	0.350274	0.219853	0.913459
1734.0	0.741345	0.909613	0.168268	0.7643
1735.0	0.0357623	0.19996	0.164197	0.826766
1736.0	0.343542	-0.0031456	0.346687	0.873566
1737.0	0.590187	0.73814	0.147952	0.748951
1738.0	0.884251	1.33608	0.451832	0.81208
1739.0	0.202812	0.191959	0.0108533	0.786091
1740.0	0.392302	0.257971	0.134331	0.736481
1741.0	0.809834	0.690186	0.119648	0.865301
1742.0	0.418149	0.57334	0.155191	0.876428
1743.0	0.783175	0.629685	0.15349	0.703736
1744.0	0.875583	1.35632	0.480739	0.733685
1745.0	0.304245	-0.0343786	0.338623	0.789218
1746.0	0.308408	0.205075	0.103332	0.715332
1747.0	0.677712	0.940084	0.262372	0.8431
1748.0	0.203353	0.134773	0.0685802	0.858614
1749.0	0.11998	0.256095	0.136115	0.865328
1750.0	0.295942	0.0245035	0.271439	0.819714
1751.0	0.546579	0.976579	0.43	0.758291
1752.0	0.327919	0.353347	0.0254281	0.631264
1753.0	0.261973	0.440087	0.178114	0.750892
1754.0	0.491084	0.7513	0.260216	0.842586
1755.0	0.785465	0.546543	0.238921	0.84401
1756.0	0.173214	0.0771149	0.0960987	0.613209
1757.0	0.607066	1.04328	0.43621	0.889599
1758.0	0.101286	0.0875204	0.0137651	0.828993
1759.0	0.725881	0.992328	0.266447	0.711828
1760.0	0.0375312	0.359379	0.321847	0.821579
1761.0	0.886908	0.702339	0.184569	0.757475
1762.0	0.986871	0.868964	0.117908	0.730805
1763.0	0.616782	0.685669	0.0688873	0.818814
1764.0	0.404571	0.0152589	0.389313	0.693971
1765.0	0.546128	0.682716	0.136588	0.898518
1766.0	0.721602	1.30877	0.587167	0.884618
1767.0	0.200835	0.257706	0.0568711	0.868124
1768.0	0.521429	0.968865	0.447435	0.825528
1769.0	0.835323	1.29671	0.461387	0.756635
1770.0	0.879446	0.61704	0.262405	0.808307
1771.0	0.21557	1.05666	0.841087	0.723582
1772.0	0.507647	0.082277	0.42537	0.682649
1773.0	0.264068	0.175771	0.0882978	0.811636
1774.0	0.320097	-0.282022	0.602119	0.651344
1775.0	0.204899	-0.216804	0.421703	0.834163
1776.0	0.177661	-0.183444	0.361104	0.759136
1777.0	0.488462	0.542709	0.0542462	0.941822
1778.0	0.442199	1.15759	0.715392	0.850089
1779.0	0.229755	0.830219	0.600464	0.854587
1780.0	0.00847602	-0.251581	0.260057	0.803554
1781.0	0.276488	-0.187962	0.46445	0.790042
1782.0	0.164774	0.550779	0.386005	0.781004
1783.0	0.421967	0.18229	0.239677	0.741476
1784.0	0.191254	0.213991	0.0227367	0.790021
1785.0	0.615678	0.90511	0.289433	0.876359
1786.0	0.815749	0.310458	0.505291	0.85987
1787.0	0.304318	0.299059	0.00525815	0.895152
1788.0	0.480873	0.345203	0.13567	0.816924
1789.0	0.327042	0.361531	0.0344885	0.922658
1790.0	0.383173	0.385358	0.00218445	0.809056
1791.0	0.898174	1.05764	0.159468	0.771522
1792.0	0.814016	0.667205	0.146811	0.713575
1793.0	0.193449	0.2048	0.0113514	0.77629
1794.0	0.873033	0.927263	0.0542296	0.928087
1795.0	0.711213	0.773977	0.062764	0.684235
1796.0	0.71474	0.793003	0.0782629	0.770379
1797.0	0.197123	0.688959	0.491836	0.805327
1798.0	0.721298	0.665587	0.0557108	0.862932
1799.0	0.77653	1.75124	0.974705	0.779976
1800.0	0.00322492	0.930983	0.927758	0.771909
1801.0	0.551921	1.64665	1.09473	0.784647
1802.0	0.817813	0.0723732	0.745439	0.751379
1803.0	0.792616	0.264262	0.528354	0.774541
1804.0	0.48937	0.514762	0.0253921	0.797848
1805.0	0.978078	0.989829	0.0117513	0.903344
1806.0	0.832339	0.797007	0.0353321	0.751214
1807.0	0.360248	0.29934	0.060908	0.874794
1808.0	0.399166	0.699543	0.300377	0.869115
1809.0	0.51447	0.567231	0.052761	0.88396
1810.0	0.471376	0.0444773	0.426898	0.8269
1811.0	0.394981	0.72697	0.331989	0.854908
1812.0	0.506264	0.0911032	0.41516	0.79861
1813.0	0.938547	0.804329	0.134219	0.763391
1814.0	0.41295	0.823261	0.41031	0.818483
1815.0	0.185617	0.311148	0.125532	0.780776
1816.0	0.705399	1.0286	0.323202	0.756751
1817.0	0.696627	1.15778	0.461157	0.848647
1818.0	0.823921	0.326142	0.497779	0.880537
1819.0	0.724979	0.536205	0.188774	0.934615
1820.0	0.413302	0.289303	0.123999	0.815391
1821.0	0.0392681	0.351922	0.312654	0.695182
1822.0	0.0834735	0.230983	0.14751	0.895634
1823.0	0.130464	-0.889428	1.01989	0.795324
1824.0	0.321345	-0.062849	0.384194	0.836115
1825.0	0.0712196	0.200591	0.129372	0.861957
1826.0	0.765789	1.03588	0.270092	0.822307
1827.0	0.484655	0.448264	0.036391	0.960622
1828.0	0.335801	0.381022	0.0452203	0.759289
1829.0	0.635335	0.57384	0.0614957	0.888278
1830.0	0.38592	0.0489767	0.336943	0.800923
1831.0	0.699876	0.968058	0.268182	0.795934
1832.0	0.499781	-0.142304	0.642085	0.835891
1833.0	0.931322	0.732018	0.199304	0.877109
1834.0	0.604661	0.738599	0.133938	0.773512
1835.0	0.625413	1.03307	0.407653	0.741206
1836.0	0.805232	0.727636	0.0775965	0.729929
1837.0	0.578057	1.11979	0.541734	0.925666
1838.0	0.0796807	0.361778	0.282097	0.81038
1839.0	0.0260325	0.472498	0.446466	0.722695
1840.0	0.130813	0.487955	0.357142	0.82696
1841.0	0.95324	0.601105	0.352135	0.821019
1842.0	0.578266	0.662081	0.0838143	0.807652
1843.0	0.63085	0.579328	0.0515217	0.760626
1844.0	0.592557	0.245171	0.347386	0.861098
1845.0	0.674249	0.159788	0.514461	0.841384
1846.0	0.532039	0.736229	0.204191	0.772198
1847.0	0.261825	0.556959	0.295134	0.834325
1848.0	0.655561	0.795994	0.140434	0.798294
1849.0	0.691977	0.471082	0.220895	0.887504
1850.0	0.0723953	0.0331736	0.0392216	0.758346
1851.0	0.663566	0.379232	0.284334	0.837394
1852.0	0.148018	0.636526	0.488508	0.792642
1853.0	0.57443	0.573519	0.000910883	0.832743
1854.0	0.903677	1.05938	0.155699	0.885015
1855.0	0.38632	0.482615	0.0962952	0.879973
1856.0	0.710023	0.47973	0.230293	0.849868
1857.0	0.389724	0.231288	0.158436	0.835228
1858.0	0.288805	0.414504	0.125699	0.851786
1859.0	0.556186	0.765865	0.209679	0.835599
1860.0	0.108591	-0.184943	0.293534	0.893001
1861.0	0.378724	0.584266	0.205542	0.71546
1862.0	0.385476	0.389051	0.00357456	0.876287
1863.0	0.195828	0.314693	0.118865	0.857895
1864.0	0.916022	1.43319	0.517165	0.85466
1865.0	0.451638	0.44865	0.00298775	0.846433
1866.0	0.398871	0.343994	0.0548775	0.792175
1867.0	0.407867	0.239118	0.16875	0.781454
1868.0	0.702701	0.522059	0.180642	0.824429
1869.0	0.308722	0.257258	0.0514645	0.75262
1870.0	0.735954	1.05526	0.319307	0.808132
1871.0	0.0180351	0.572596	0.554561	0.799629
1872.0	0.180466	0.695606	0.515141	0.755744
1873.0	0.669042	0.836138	0.167097	0.808122
1874.0	0.366147	-0.123966	0.490114	0.908517
1875.0	0.186144	-0.315626	0.50177	0.579944
1876.0	0.551221	1.06988	0.518663	0.818551
1877.0	0.802536	0.519778	0.282758	0.766495
1878.0	0.384115	0.777241	0.393125	0.816056
1879.0	0.256295	0.491094	0.234799	0.853738
1880.0	0.306587	0.924492	0.617905	0.814999
1881.0	0.28241	0.148039	0.134371	0.740028
1882.0	0.668038	0.7889	0.120862	0.829233
1883.0	0.656586	1.03079	0.374208	0.918009
1884.0	0.045074	0.0726132	0.0275392	0.806228
1885.0	0.633235	0.439502	0.193733	0.780414
1886.0	0.630605	0.633233	0.00262749	0.873687
1887.0	0.60723	0.546365	0.0608649	0.717584
1888.0	0.6004	0.402178	0.198222	0.880288
1889.0	0.261997	0.440458	0.178461	0.78014
1890.0	0.649896	0.616695	0.0332009	0.744793
1891.0	0.329508	0.261726	0.0677822	0.67278
1892.0	0.868689	0.892383	0.0236949	0.896387
1893.0	0.349608	0.443512	0.0939037	0.933172
1894.0	0.815711	0.653712	0.161999	0.870542
1895.0	0.579775	1.00826	0.428488	0.8359
1896.0	0.500429	1.19493	0.694498	0.865841
1897.0	0.762401	1.68571	0.923306	0.860295
1898.0	0.803283	1.12189	0.318608	0.745535
1899.0	0.0849561	0.451285	0.366329	0.70764
1900.0	0.785759	0.792791	0.00703201	0.741831
1901.0	0.80258	0.823298	0.0207174	0.780167
1902.0	0.374775	0.310313	0.0644624	0.875743
1903.0	0.107869	0.625374	0.517505	0.892536
1904.0	0.236641	0.376449	0.139808	0.901057
1905.0	0.517903	0.808162	0.290259	0.745565
1906.0	0.176616	0.808759	0.632143	0.851045
1907.0	0.256133	-0.381507	0.63764	0.705587
1908.0	0.818928	0.849752	0.0308244	0.866843
1909.0	0.610709	0.883862	0.273153	0.729566
1910.0	0.556008	0.793975	0.237967	0.942432
1911.0	0.549119	0.745118	0.195999	0.632945
1912.0	0.538566	0.284111	0.254455	0.906941
1913.0	0.223379	0.0237189	0.19966	0.840891
1914.0	0.156584	0.400748	0.244164	0.774448
1915.0	0.33131	0.0364343	0.294875	0.86101
1916.0	0.608696	0.961303	0.352607	0.6885
1917.0	0.612057	0.732568	0.120512	0.732237
1918.0	0.509851	0.717609	0.207758	0.813683
1919.0	0.839027	0.864253	0.025226	0.933952
1920.0	0.268916	0.734899	0.465983	0.729349
1921.0	0.931629	0.921866	0.00976267	0.796899
1922.0	0.051178	0.0725154	0.0213373	0.853959
1923.0	0.323981	0.347823	0.0238423	0.820808
1924.0	0.0866205	0.462088	0.375467	0.826495
1925.0	0.422119	0.582909	0.16079	0.835954
1926.0	0.936553	0.66363	0.272922	0.821778
1927.0	0.611983	0.621771	0.00978848	0.748103
1928.0	0.703097	0.797114	0.0940164	0.767353
1929.0	0.343939	0.390669	0.04673	0.755122
1930.0	0.370541	0.399383	0.0288419	0.828876
1931.0	0.0458171	0.114141	0.0683237	0.852941
1932.0	0.853063	0.705137	0.147926	0.726842
1933.0	0.290249	0.186069	0.104181	0.773784
1934.0	0.429802	0.841367	0.411565	0.872361
1935.0	0.0470158	0.766479	0.719463	0.855362
1936.0	0.533831	0.844387	0.310556	0.897099
1937.0	0.834749	0.690264	0.144484	0.87456
1938.0	0.47088	0.699161	0.228281	0.902784
1939.0	0.60781	0.979735	0.371925	0.778778
1940.0	0.975167	0.943527	0.03164	0.756984
1941.0	0.596949	0.931658	0.33471	0.824879
1942.0	0.614104	0.980559	0.366455	0.806619
1943.0	0.61992	0.712713	0.0927933	0.75841
1944.0	0.755616	0.501135	0.254481	0.877475
1945.0	0.938967	1.21465	0.275678	0.713635
1946.0	0.219593	-0.295392	0.514985	0.791472
1947.0	0.396551	0.590258	0.193707	0.814108
1948.0	0.910953	0.827158	0.0837946	0.853888
1949.0	0.866547	0.855787	0.0107595	0.786448
1950.0	0.277352	0.414887	0.137534	0.801057
1951.0	0.185367	-0.143821	0.329188	0.685044
1952.0	0.755881	0.691092	0.0647884	0.771207
1953.0	0.203521	0.36524	0.161718	0.777111
1954.0	0.149266	0.242593	0.0933266	0.882746
1955.0	0.679703	0.755892	0.0761891	0.908598
1956.0	0.496327	0.849458	0.353131	0.907811
1957.0	0.621495	0.441946	0.179549	0.871097
1958.0	0.780633	0.922442	0.141809	0.741996
1959.0	0.761964	0.554186	0.207778	0.869741
1960.0	0.731907	0.672022	0.0598849	0.876492
1961.0	0.123437	-0.335633	0.45907	0.853624
1962.0	0.167932	-0.0848013	0.252733	0.906465
1963.0	0.104778	0.409438	0.30466	0.757144
1964.0	0.682157	0.841477	0.159319	0.764644
1965.0	0.466262	0.287956	0.178306	0.96328
1966.0	0.860426	1.36977	0.509342	0.872197
1967.0	0.0660861	0.127429	0.0613433	0.914455
1968.0	0.246252	0.0167852	0.229466	0.813663
1969.0	0.596432	0.283103	0.313329	0.766606
1970.0	0.399064	0.496828	0.0977642	0.845346
1971.0	0.48212	0.412603	0.0695167	0.758824
1972.0	0.0271425	-0.594388	0.621531	0.747947
1973.0	0.0735359	0.0853701	0.0118342	0.907457
1974.0	0.312949	0.410396	0.0974473	0.92516
1975.0	0.923936	1.00036	0.0764231	0.856652
1976.0	0.265914	-0.257904	0.523818	0.712576
1977.0	0.360538	0.35019	0.010348	0.806335
1978.0	0.210587	0.670072	0.459485	0.746337
1979.0	0.592391	0.0106113	0.581779	0.778181
1980.0	0.516581	-0.0568699	0.573451	0.804227
1981.0	0.692397	1.17393	0.481529	0.858632
1982.0	0.531328	0.111521	0.419806	0.858981
1983.0	0.584985	1.10849	0.5235	0.770257
1984.0	0.322782	0.779928	0.457147	0.913419
1985.0	0.389543	0.675386	0.285843	0.781112
1986.0	0.207134	0.71714	0.510006	0.91861
1987.0	0.480191	0.162076	0.318115	0.872503
1988.0	0.726825	0.478535	0.24829	0.800954
1989.0	0.67799	0.485866	0.192124	0.889471
1990.0	0.930561	0.951065	0.0205045	0.834743
1991.0	0.268642	0.421988	0.153346	0.929161
1992.0	0.747906	0.440727	0.307179	0.866789
1993.0	0.491597	0.640636	0.149038	0.920548
1994.0	0.695739	-0.00860521	0.704344	0.752419
1995.0	0.0522261	0.0110707	0.0411555	0.701492
1996.0	0.833897	0.650259	0.183638	0.848142
1997.0	0.0171556	-0.054256	0.0714116	0.817979
1998.0	0.67136	0.640611	0.0307488	0.83731
1999.0	0.623832	0.482258	0.141574	0.726923
2000.0	0.71187	1.0635	0.351625	0.812391
2001.0	0.241535	0.251192	0.00965677	0.816981
2002.0	0.280491	0.228951	0.0515403	0.74576
2003.0	0.189457	0.18856	0.00089725	0.871638
2004.0	0.835365	0.536286	0.29908	0.843443
2005.0	0.15536	0.158905	0.00354497	0.761436
2006.0	0.303276	0.303376	9.92094e-05	0.743244
2007.0	0.733781	1.14866	0.414882	0.865282
2008.0	0.465379	0.596339	0.13096	0.846923
2009.0	0.0869405	0.221675	0.134734	0.77596
2010.0	0.388763	0.631034	0.24227	0.857291
2011.0	0.884912	0.469943	0.414969	0.827748
2012.0	0.444609	-0.0718407	0.516449	0.844204
2013.0	0.379268	0.753459	0.374192	0.723724
2014.0	0.127091	0.124201	0.00289005	0.802302
2015.0	0.759921	1.23749	0.477567	0.835354
2016.0	0.911543	0.532953	0.37859	0.823848
2017.0	0.617416	0.480563	0.136853	0.827341
2018.0	0.771098	0.836917	0.0658193	0.788105
2019.0	0.898147	1.19788	0.299736	0.899096
2020.0	0.8203	0.802843	0.0174572	0.8794
2021.0	0.64823	0.749058	0.100828	0.820453
2022.0	0.716526	0.916333	0.199807	0.799811
2023.0	0.732875	0.92855	0.195675	0.785557
2024.0	0.178595	-0.0697864	0.248382	0.786823
2025.0	0.717578	0.390182	0.327397	0.749047
2026.0	0.674511	0.355902	0.31861	0.816796
2027.0	0.386567	0.227026	0.15954	0.788124
2028.0	0.185715	0.326844	0.14113	0.886107
2029.0	0.524461	0.0632799	0.461181	0.832068
2030.0	0.480806	1.16891	0.688109	0.839458
2031.0	0.580593	-0.0659009	0.646494	0.798938
2032.0	0.148097	0.376305	0.228208	0.833802
2033.0	0.943466	0.703561	0.239905	0.727483
2034.0	0.928944	0.97643	0.0474862	0.78081
2035.0	0.987434	0.831326	0.156107	0.963843
2036.0	0.535532	-0.0250163	0.560548	0.846535
2037.0	0.854308	0.936556	0.0822474	0.814987
2038.0	0.842717	1.08309	0.240374	0.790338
2039.0	0.570965	0.30171	0.269255	0.80253
2040.0	0.349089	0.0471253	0.301964	0.815191
2041.0	0.560396	0.119118	0.441278	0.808927
2042.0	0.237954	-0.422468	0.660422	0.868188
2043.0	0.784679	0.8122	0.0275207	0.75412
2044.0	0.982763	0.106154	0.876609	0.748696
2045.0	0.14986	0.944775	0.794915	0.770081
2046.0	0.264237	0.553115	0.288879	0.780413
2047.0	0.513036	0.537789	0.0247527	0.807852
2048.0	0.418004	0.275281	0.142723	0.805768
2049.0	0.694765	1.02152	0.326754	0.824169
2050.0	0.564465	0.281501	0.282964	0.829381
2051.0	0.7129	1.19933	0.486431	0.767794
2052.0	0.250235	0.265674	0.0154386	0.789209
2053.0	0.760874	0.76516	0.00428586	0.757241
2054.0	0.623203	0.302268	0.320935	0.901491
2055.0	0.889534	0.863314	0.0262202	0.858707
2056.0	0.913526	0.420213	0.493313	0.782398
2057.0	0.293982	0.400092	0.10611	0.720432
2058.0	0.252583	0.0158529	0.23673	0.914448
2059.0	0.522946	0.595151	0.0722058	0.810226
2060.0	0.641354	1.12328	0.481921	0.767651
2061.0	0.150855	0.0259105	0.124944	0.957741
2062.0	0.576494	0.744354	0.16786	0.90134
2063.0	0.304247	0.919376	0.615129	0.731915
2064.0	0.794996	0.626443	0.168552	0.753851
2065.0	0.732924	1.04573	0.312809	0.808897
2066.0	0.229127	0.20558	0.0235475	0.854345
2067.0	0.0490517	0.481482	0.43243	0.973073
2068.0	0.231115	0.168215	0.0629003	0.675325
2069.0	0.158604	0.408686	0.250082	0.830145
2070.0	0.183524	0.269314	0.08579	0.767323
2071.0	0.218155	0.168344	0.0498111	0.705527
2072.0	0.465915	0.155483	0.310432	0.841989
2073.0	0.435579	0.481151	0.0455724	0.852812
2074.0	0.22224	0.191764	0.0304767	0.801591
2075.0	0.62303	1.76046	1.13743	0.823556
2076.0	0.587974	0.810786	0.222812	0.874016
2077.0	0.489481	0.874812	0.385331	0.871217
2078.0	0.129729	-0.241305	0.371035	0.905187
2079.0	0.811449	0.84583	0.0343807	0.868265
2080.0	0.777607	0.275798	0.50181	0.776344
2081.0	0.455525	0.676699	0.221174	0.828153
2082.0	0.869964	0.986196	0.116232	0.82847
2083.0	0.846823	0.729564	0.117258	0.822114
2084.0	0.71838	0.509277	0.209103	0.930577
2085.0	0.48868	-0.00976466	0.498445	0.808435
2086.0	0.838145	0.650798	0.187347	0.846273
2087.0	0.673859	0.714633	0.0407748	0.773132
2088.0	0.307332	0.294379	0.0129533	0.721111
2089.0	0.328848	0.187528	0.14132	0.657581
2090.0	0.182238	0.383415	0.201176	0.779769
2091.0	0.74738	1.0549	0.307517	0.875975
2092.0	0.0586602	0.717498	0.658838	0.796139
2093.0	0.490304	-0.0372228	0.527527	0.888808
2094.0	0.868096	1.20898	0.340888	0.892045
2095.0	0.801747	0.880024	0.0782767	0.774173
2096.0	0.682334	0.314971	0.367363	0.893692
2097.0	0.716846	0.666074	0.0507719	0.676854
2098.0	0.746573	0.642601	0.103972	0.779476
2099.0	0.677928	0.294663	0.383265	0.832798
2100.0	0.0797394	0.116453	0.0367131	0.808276
2101.0	0.110718	0.062461	0.0482569	0.830067
2102.0	0.893601	0.200351	0.693251	0.777205
2103.0	0.195094	0.953385	0.758291	0.713709
2104.0	0.534348	0.265189	0.269159	0.7337
2105.0	0.0615146	0.455606	0.394091	0.873851
2106.0	0.564755	0.186539	0.378215	0.792004
2107.0	0.0797496	-0.144755	0.224504	0.804209
2108.0	0.765648	0.428297	0.337352	0.757946
2109.0	0.378123	0.604432	0.22631	0.77211
2110.0	0.35966	0.143817	0.215843	0.817771
2111.0	0.954328	1.01966	0.0653285	0.876552
2112.0	0.806066	0.952355	0.14629	0.755024
2113.0	0.856336	0.747212	0.109125	0.889863
2114.0	0.398603	0.367864	0.0307392	0.889705
2115.0	0.300333	0.593422	0.293089	0.873569
2116.0	0.0608581	0.531424	0.470565	0.78164
2117.0	0.0744374	-0.0371643	0.111602	0.945224
2118.0	0.752351	0.577672	0.174679	0.761155
2119.0	0.820643	0.317141	0.503502	0.812228
2120.0	0.878689	0.799591	0.0790978	0.770807
2121.0	0.742602	1.21548	0.472875	0.80111
2122.0	0.360899	0.285582	0.0753173	0.835624
2123.0	0.296538	0.421675	0.125137	0.782522
2124.0	0.512746	1.36717	0.854422	0.754414
2125.0	0.394299	0.745635	0.351336	0.780876
2126.0	0.397607	0.417072	0.0194649	0.784191
2127.0	0.39473	0.39291	0.00181974	0.769934
2128.0	0.54424	0.52798	0.0162603	0.853918
2129.0	0.716635	0.796664	0.0800295	0.837629
2130.0	0.653156	1.11255	0.459398	0.721109
2131.0	0.315167	0.458775	0.143607	0.656419
2132.0	0.64448	0.840993	0.196513	0.879081
2133.0	0.488146	0.885992	0.397846	0.914216
2134.0	0.566532	0.897826	0.331294	0.794961
2135.0	0.980582	0.804538	0.176044	0.736959
2136.0	0.432428	0.51873	0.0863022	0.729893
2137.0	0.704146	0.603572	0.100574	0.812092
2138.0	0.785848	0.376893	0.408955	0.685059
2139.0	0.0984596	0.336947	0.238487	0.900785
2140.0	0.265193	0.522772	0.257579	0.771657
2141.0	0.862243	1.55689	0.694648	0.838332
2142.0	0.0421967	0.353323	0.311126	0.909645
2143.0	0.145936	-0.115882	0.261819	0.812117
2144.0	0.583697	1.40926	0.825561	0.935014
2145.0	0.00125787	0.591063	0.589805	0.830935
2146.0	0.294956	0.502759	0.207803	0.842902
2147.0	0.314977	0.626132	0.311155	0.842193
2148.0	0.3308	0.53608	0.20528	0.897905
2149.0	0.844616	1.12484	0.280222	0.821239
2150.0	0.105692	-0.0158514	0.121543	0.927962
2151.0	0.394358	0.573597	0.179239	0.875738
2152.0	0.417072	0.3434	0.0736721	0.756266
2153.0	0.10733	0.285656	0.178326	0.886516
2154.0	0.984614	1.27006	0.285444	0.916832
2155.0	0.802403	0.976243	0.17384	0.814176
2156.0	0.416069	0.169267	0.246802	0.744532
2157.0	0.78868	0.862498	0.0738175	0.736146
2158.0	0.485209	0.702405	0.217196	0.879462
2159.0	0.20845	0.202237	0.00621253	0.82058
2160.0	0.10743	0.285583	0.178153	0.882237
2161.0	0.339965	0.701391	0.361425	0.715191
2162.0	0.708834	0.648011	0.0608233	0.900492
2163.0	0.238806	0.248886	0.0100804	0.754475
2164.0	0.779556	0.706273	0.0732827	0.851997
2165.0	0.023885	-0.0856336	0.109519	0.762499
2166.0	0.455887	0.269781	0.186106	0.92524
2167.0	0.225377	0.816536	0.591159	0.828986
2168.0	0.704719	0.622882	0.0818365	0.728356
2169.0	0.814495	0.679854	0.134642	0.900495
2170.0	0.6184	0.393088	0.225312	0.823369
2171.0	0.0438912	0.11846	0.0745686	0.795246
2172.0	0.660921	0.97096	0.310039	0.892458
2173.0	0.554848	0.995939	0.441091	0.843868
2174.0	0.113689	0.326754	0.213066	0.708545
2175.0	0.909657	1.06018	0.15052	0.825809
2176.0	0.879036	1.18166	0.30262	0.905066
2177.0	0.694905	0.193835	0.50107	0.761572
2178.0	0.0796571	-0.359004	0.438661	0.848028
2179.0	0.959288	1.29303	0.333741	0.83492
2180.0	0.282273	0.177736	0.104537	0.718378
2181.0	0.136542	0.193542	0.0569999	0.879782
2182.0	0.646483	0.960478	0.313995	0.792172
2183.0	0.928301	0.950669	0.0223677	0.778581
2184.0	0.857002	1.12626	0.269257	0.759652
2185.0	0.933474	0.792663	0.140811	0.781135
2186.0	0.00838051	0.271549	0.263168	0.657413
2187.0	0.449896	-0.0983401	0.548236	0.80069
2188.0	0.169706	0.0925034	0.077203	0.830138
2189.0	0.193785	0.28927	0.095485	0.674584
2190.0	0.271288	0.40096	0.129672	0.755327
2191.0	0.78901	0.631856	0.157154	0.645685
2192.0	0.430289	-0.0744427	0.504732	0.750957
2193.0	0.765125	0.894749	0.129625	0.80669
2194.0	0.767719	0.4175	0.350219	0.80798
2195.0	0.792325	1.01279	0.220465	0.756219
2196.0	0.820091	0.712901	0.107189	0.727982
2197.0	0.11796	0.177981	0.060021	0.719047
2198.0	0.414536	0.680883	0.266347	0.819662
2199.0	0.494234	0.614574	0.12034	0.869666
2200.0	0.243703	0.585673	0.34197	0.884383
2201.0	0.230765	0.421692	0.190928	0.912957
2202.0	0.339468	0.531089	0.191621	0.835097
2203.0	0.978453	0.935273	0.0431794	0.872856
2204.0	0.432457	0.116737	0.31572	0.742741
2205.0	0.721572	0.199564	0.522009	0.787627
2206.0	0.450763	-0.0424811	0.493244	0.908815
2207.0	0.402344	0.132308	0.270036	0.730617
2208.0	0.467677	1.06111	0.593431	0.873252
2209.0	0.973946	1.03787	0.0639205	0.748149
2210.0	0.0730782	-0.0826561	0.155734	0.876994
2211.0	0.665298	0.324606	0.340692	0.838821
2212.0	0.0674903	0.613692	0.546201	0.868315
2213.0	0.145581	0.274956	0.129375	0.841711
2214.0	0.180271	0.737759	0.557488	0.700126
2215.0	0.443588	0.66014	0.216552	0.861581
2216.0	0.195475	0.0962906	0.0991841	0.887493
2217.0	0.213021	0.45547	0.242449	0.878587
2218.0	0.0155877	0.222286	0.206699	0.704036
2219.0	0.664793	0.793526	0.128733	0.909274
2220.0	0.700944	1.20087	0.499929	0.756106
2221.0	0.0071271	-0.355958	0.363085	0.952775
2222.0	0.342361	0.333865	0.00849585	0.834725
2223.0	0.762821	0.368377	0.394444	0.758578
2224.0	0.299244	0.599098	0.299854	0.892493
2225.0	0.216235	0.535995	0.31976	0.796103
2226.0	0.634281	0.395387	0.238894	0.730107
2227.0	0.291185	0.30496	0.0137751	0.742659
2228.0	0.051619	0.842929	0.79131	0.796817
2229.0	0.68221	0.343527	0.338683	0.894805
2230.0	0.47693	-0.253845	0.730775	0.802404
2231.0	0.332747	0.579676	0.246929	0.776334
2232.0	0.888301	0.627993	0.260308	0.936751
2233.0	0.801514	0.851126	0.0496126	0.769549
2234.0	0.67212	1.11004	0.437916	0.700996
2235.0	0.703504	0.842458	0.138954	0.826515
2236.0	0.683597	0.770347	0.0867491	0.790153
2237.0	0.0695676	-0.211001	0.280569	0.813423
2238.0	0.723491	0.776927	0.053436	0.769773
2239.0	0.224073	0.154224	0.0698488	0.775772
2240.0	0.351495	1.03577	0.684271	0.773871
2241.0	0.524624	-0.334742	0.859366	0.765311
2242.0	0.664093	1.01793	0.353834	0.890003
2243.0	0.644972	0.800847	0.155875	0.791454
2244.0	0.784739	0.873823	0.0890842	0.885729
2245.0	0.73838	1.312	0.573617	0.820732
2246.0	0.501386	0.0314248	0.469961	0.828451
2247.0	0.762422	0.819628	0.0572055	0.863944
2248.0	0.0819429	-0.600003	0.681946	0.780066
2249.0	0.720804	0.656176	0.0646272	0.817332
2250.0	0.181169	0.550717	0.369547	0.769908
2251.0	0.704771	0.597599	0.107172	0.847998
2252.0	0.337306	0.249945	0.0873611	0.658298
2253.0	0.407685	0.314188	0.093497	0.827614
2254.0	0.170379	0.225287	0.0549079	0.774317
2255.0	0.203898	0.8558	0.651901	0.781575
2256.0	0.0345026	0.17005	0.135547	0.819219
2257.0	0.264659	0.325167	0.0605079	0.8365
2258.0	0.496612	0.568212	0.0715993	0.799094
2259.0	0.573759	0.185764	0.387995	0.867738
2260.0	0.127112	0.062	0.0651124	0.822896
2261.0	0.367155	0.699003	0.331848	0.799376
2262.0	0.579091	0.868834	0.289744	0.780584
2263.0	0.835015	1.26798	0.432965	0.803577
2264.0	0.60368	0.486921	0.116759	0.771724
2265.0	0.280609	0.449942	0.169334	0.760958
2266.0	0.229461	0.667657	0.438195	0.804454
2267.0	0.792705	1.04507	0.25236	0.810139
2268.0	0.492674	0.627016	0.134342	0.730642
2269.0	0.329307	0.331177	0.00186963	0.747706
2270.0	0.119224	0.121214	0.00199005	0.834114
2271.0	0.595396	0.704073	0.108677	0.863792
2272.0	0.0071597	0.141332	0.134173	0.849605
2273.0	0.647426	0.852667	0.205241	0.727868
2274.0	0.513514	0.5734	0.0598859	0.762911
2275.0	0.395745	0.296162	0.099583	0.794734
2276.0	0.717814	0.396947	0.320867	0.820321
2277.0	0.522903	0.389409	0.133494	0.796322
2278.0	0.558122	1.11879	0.560668	0.673989
2279.0	0.677159	1.08458	0.407426	0.78167
2280.0	0.863263	0.761316	0.101947	0.868283
2281.0	0.401	0.531428	0.130429	0.791403
2282.0	0.121934	0.338643	0.216709	0.710495
2283.0	0.0339574	0.505857	0.4719	0.731531
2284.0	0.252339	0.195125	0.0572136	0.880277
2285.0	0.0622627	-0.0719403	0.134203	0.847639
2286.0	0.265774	0.56777	0.301995	0.784721
2287.0	0.116615	0.293075	0.17646	0.859731
2288.0	0.595711	0.402563	0.193148	0.819552
2289.0	0.513099	0.378963	0.134136	0.846717
2290.0	0.994701	0.272734	0.721968	0.738307
2291.0	0.284526	-0.0545521	0.339078	0.721851
2292.0	0.941685	1.17816	0.236479	0.839741
2293.0	0.884839	0.891336	0.00649748	0.912943
2294.0	0.338137	0.339181	0.00104388	0.845003
2295.0	0.82762	1.57553	0.747907	0.885126
2296.0	0.644725	1.07049	0.425765	0.796332
2297.0	0.729968	1.26752	0.537547	0.726023
2298.0	0.806081	0.200863	0.605218	0.830207
2299.0	0.401003	-0.173896	0.574899	0.867913
2300.0	0.531216	0.434457	0.0967597	0.776799
2301.0	0.141273	0.0729193	0.0683534	0.825692
2302.0	0.204015	0.326452	0.122437	0.912673
2303.0	0.161799	0.198569	0.0367699	0.721809
2304.0	0.0646604	0.42548	0.360819	0.866136
2305.0	0.606953	0.747002	0.140049	0.858238
2306.0	0.874519	0.12274	0.751779	0.880617
2307.0	0.20905	0.290739	0.0816894	0.792362
2308.0	0.228501	-0.133571	0.362073	0.862416
2309.0	0.739099	-0.0741332	0.813232	0.86365
2310.0	0.123845	0.293515	0.169669	0.803429
2311.0	0.141566	0.534503	0.392937	0.703794
2312.0	0.0204168	-0.169164	0.18958	0.815207
2313.0	0.847642	1.62276	0.775118	0.836834
2314.0	0.212787	0.620248	0.407461	0.891739
2315.0	0.474637	0.901395	0.426758	0.851942
2316.0	0.624129	1.02393	0.3998	0.668585
2317.0	0.4879	0.576612	0.0887123	0.800006
2318.0	0.339781	-0.100135	0.439915	0.772714
2319.0	0.412751	0.102118	0.310633	0.784024
2320.0	0.0493306	0.0170657	0.0322649	0.937419
2321.0	0.312402	0.320804	0.00840207	0.708633
2322.0	0.0724342	0.272507	0.200073	0.942771
2323.0	0.245181	0.269767	0.0245866	0.828755
2324.0	0.469706	0.0765457	0.393161	0.883052
2325.0	0.197095	0.740151	0.543056	0.926095
2326.0	0.309344	-0.105374	0.414718	0.75417
2327.0	0.658266	0.802247	0.143981	0.842132
2328.0	0.163043	0.303831	0.140787	0.732267
2329.0	0.656532	0.540028	0.116504	0.690236
2330.0	0.271748	0.0570078	0.21474	0.768738
2331.0	0.539642	1.14653	0.606893	0.728774
2332.0	0.237309	-0.0362088	0.273518	0.836834
2333.0	0.225358	0.620984	0.395626	0.900133
2334.0	0.117255	0.0186133	0.098642	0.746684
2335.0	0.582563	-0.0956821	0.678245	0.846772
2336.0	0.782386	0.815997	0.0336103	0.869065
2337.0	0.876416	0.944742	0.0683254	0.842472
2338.0	0.89161	0.903798	0.0121879	0.857829
2339.0	0.628999	0.628557	0.000441975	0.808342
2340.0	0.61216	0.250877	0.361283	0.861319
2341.0	0.718659	0.07779	0.640869	0.837095
2342.0	0.126706	-0.397497	0.524203	0.865236
2343.0	0.664191	0.418987	0.245205	0.704288
2344.0	0.540449	0.57122	0.0307703	0.772432
2345.0	0.307059	0.564151	0.257091	0.853633
2346.0	0.556335	0.669402	0.113067	0.867956
2347.0	0.0765376	0.737968	0.66143	0.815134
2348.0	0.21303	0.394559	0.181529	0.905761
2349.0	0.732889	1.24899	0.516105	0.86873
2350.0	0.422959	1.28193	0.85897	0.838611
2351.0	0.216474	0.135472	0.0810024	0.765846
2352.0	0.760255	0.317649	0.442606	0.776203
2353.0	0.774231	0.839117	0.0648865	0.795884
2354.0	0.52408	0.870101	0.346021	0.777252
2355.0	0.475086	0.324034	0.151052	0.849992
2356.0	0.968107	1.21638	0.248276	0.924547
2357.0	0.587036	0.675542	0.0885061	0.803314
2358.0	0.622193	0.7976	0.175407	0.825152
2359.0	0.437657	0.771916	0.33426	0.76525
2360.0	0.433998	0.587393	0.153396	0.805606
2361.0	0.0415793	0.436691	0.395111	0.845035
2362.0	0.261189	0.126932	0.134257	0.752862
2363.0	0.46392	0.259879	0.204041	0.858419
2364.0	0.977479	1.17311	0.195634	0.663957
2365.0	0.168868	0.440446	0.271579	0.738322
2366.0	0.234377	0.506814	0.272437	0.891728
2367.0	0.0570325	-0.00743029	0.0644628	0.830118
2368.0	0.575111	0.63737	0.0622584	0.85607
2369.0	0.100628	-0.0956639	0.196292	0.983185
2370.0	0.941773	1.01226	0.0704889	0.813595
2371.0	0.279609	0.443433	0.163824	0.743291
2372.0	0.300157	0.589798	0.28964	0.761147
2373.0	0.0164112	0.586531	0.57012	0.910775
2374.0	0.864166	0.911368	0.0472023	0.878543
2375.0	0.269085	0.173669	0.095416	0.896966
2376.0	0.32563	-0.0567522	0.382383	0.867356
2377.0	0.169419	0.221523	0.0521042	0.7247
2378.0	0.262764	0.124741	0.138023	0.703679
2379.0	0.528815	0.656778	0.127963	0.863573
2380.0	0.621438	0.527513	0.0939245	0.828362
2381.0	0.654573	0.420753	0.23382	0.783961
2382.0	0.463052	0.438754	0.0242984	0.779404
2383.0	0.640676	0.256537	0.384139	0.854268
2384.0	0.891314	1.28519	0.393875	0.78726
2385.0	0.949816	0.972276	0.0224604	0.946144
2386.0	0.0735617	-0.623108	0.696669	0.758341
2387.0	0.515284	0.769126	0.253842	0.862094
2388.0	0.282292	0.144871	0.137421	0.731646
2389.0	0.982908	1.0386	0.0556961	0.806037
2390.0	0.0476725	0.0554528	0.00778032	0.757011
2391.0	0.462338	-0.274112	0.73645	0.763609
2392.0	0.0683237	0.159907	0.0915833	0.797997
2393.0	0.653016	0.508196	0.14482	0.7562
2394.0	0.641377	0.73852	0.0971429	0.706912
2395.0	0.617826	0.673722	0.0558953	0.748423
2396.0	0.0815941	0.339159	0.257565	0.70595
2397.0	0.172058	0.109382	0.0626757	0.806665
2398.0	0.364081	0.307167	0.0569137	0.763187
2399.0	0.865118	0.921389	0.0562711	0.951262
2400.0	0.413613	0.811825	0.398212	0.842443
2401.0	0.403393	0.26291	0.140484	0.877039
2402.0	0.384993	0.659229	0.274236	0.840941
2403.0	0.712159	1.30545	0.593291	0.71623
2404.0	0.0216683	-0.146513	0.168181	0.836843
2405.0	0.71296	0.747236	0.0342758	0.685737
2406.0	0.0680198	-0.0171209	0.0851407	0.842118
2407.0	0.418811	0.561923	0.143113	0.858978
2408.0	0.886953	0.57908	0.307873	0.863703
2409.0	0.0827899	0.349516	0.266726	0.886309
2410.0	0.714013	0.779073	0.0650596	0.6727
2411.0	0.730069	1.07639	0.346324	0.83415
2412.0	0.161468	-0.216889	0.378357	0.772597
2413.0	0.428494	0.303831	0.124662	0.841608
2414.0	0.270726	0.453448	0.182722	0.909494
2415.0	0.373999	0.618792	0.244792	0.830311
2416.0	0.191855	0.475528	0.283674	0.811538
2417.0	0.151063	0.409584	0.258521	0.869433
2418.0	0.228893	0.0560078	0.172885	0.71886
2419.0	0.393699	0.342274	0.0514256	0.734493
2420.0	0.0465669	-0.0502457	0.0968126	0.834808
2421.0	0.639059	0.622272	0.0167873	0.817965
2422.0	0.0559358	0.685746	0.62981	0.858969
2423.0	0.558228	0.516491	0.0417371	0.728357
2424.0	0.325017	0.66384	0.338822	0.664951
2425.0	0.623687	0.87857	0.254883	0.663606
2426.0	0.290285	0.488629	0.198343	0.772459
2427.0	0.0549225	0.230756	0.175833	0.853803
2428.0	0.860082	0.768	0.0920825	0.854791
2429.0	0.183554	0.534267	0.350713	0.79917
2430.0	0.590715	0.700544	0.109828	0.746774
2431.0	0.895291	0.722507	0.172784	0.907486
2432.0	0.908472	0.383468	0.525004	0.909184
2433.0	0.902905	0.421651	0.481254	0.78445
2434.0	0.398046	0.229472	0.168574	0.839003
2435.0	0.740869	0.560337	0.180532	0.769665
2436.0	0.938384	1.02045	0.0820675	0.780685
2437.0	0.931176	0.708282	0.222895	0.715774
2438.0	0.37591	0.325838	0.0500722	0.711886
2439.0	0.0781846	0.634601	0.556417	0.853561
2440.0	0.326801	0.285672	0.0411292	0.785178
2441.0	0.711681	1.2093	0.497615	0.868879
2442.0	0.891535	0.997989	0.106453	0.871816
2443.0	0.599665	1.27869	0.67902	0.735473
2444.0	0.106552	0.74854	0.641988	0.761139
2445.0	0.139215	0.235768	0.0965533	0.794896
2446.0	0.50742	0.660199	0.152779	0.881278
2447.0	0.747456	0.821838	0.0743822	0.728429
2448.0	0.931394	0.94389	0.0124961	0.749809
2449.0	0.533645	0.584821	0.0511754	0.864887
2450.0	0.532713	0.71683	0.184118	0.758523
2451.0	0.909126	0.659777	0.249349	0.83736
2452.0	0.614011	0.236797	0.377214	0.689838
2453.0	0.0145299	0.38956	0.37503	0.79015
2454.0	0.536396	0.601354	0.064958	0.870758
2455.0	0.0406677	0.260394	0.219727	0.933815
2456.0	0.195157	0.158311	0.0368456	0.82357
2457.0	0.201096	-0.133736	0.334832	0.841834
2458.0	0.226409	0.500846	0.274437	0.854887
2459.0	0.393892	0.338808	0.0550835	0.820631
2460.0	0.313693	0.020464	0.293229	0.832048
2461.0	0.157503	0.203116	0.0456122	0.787518
2462.0	0.510875	0.735225	0.22435	0.785327
2463.0	0.292233	0.272814	0.0194182	0.84832
2464.0	0.0150098	0.69992	0.68491	0.797403
2465.0	0.689024	0.966697	0.277673	0.831403
2466.0	0.677303	0.548273	0.12903	0.850007
2467.0	0.109569	0.696558	0.586988	0.783251
2468.0	0.347529	0.308572	0.0389567	0.773326
2469.0	0.184845	0.433894	0.249049	0.841994
2470.0	0.187236	0.491945	0.304709	0.812735
2471.0	0.944628	0.550058	0.39457	0.768326
2472.0	0.293977	0.717868	0.423891	0.827356
2473.0	0.997844	0.860502	0.137343	0.817066
2474.0	0.980202	0.688557	0.291645	0.820884
2475.0	0.258194	0.529641	0.271447	0.855963
2476.0	0.834526	0.70378	0.130746	0.820837
2477.0	0.155779	-0.101053	0.256832	0.697511
2478.0	0.738592	0.854581	0.115988	0.804208
2479.0	0.97591	0.725479	0.250431	0.782961
2480.0	0.174425	-0.34824	0.522665	0.756366
2481.0	0.244012	1.09854	0.854531	0.667859
2482.0	0.437535	-0.354111	0.791646	0.840607
2483.0	0.508095	1.09631	0.588217	0.829897
2484.0	0.480115	1.18911	0.708996	0.885881
2485.0	0.126395	-0.19391	0.320305	0.799608
2486.0	0.559967	0.743462	0.183495	0.741426
2487.0	0.725149	0.919755	0.194606	0.810488
2488.0	0.222047	0.0598941	0.162153	0.779102
2489.0	0.275288	1.04082	0.765531	0.78389
2490.0	0.483046	0.226541	0.256505	0.811388
2491.0	0.8689	1.06193	0.19303	0.779918
2492.0	0.870439	0.572796	0.297642	0.721214
2493.0	0.587758	0.426048	0.161711	0.775924
2494.0	0.770532	0.767222	0.00331039	0.819947
2495.0	0.807699	0.0418823	0.765817	0.817372
2496.0	0.272521	-0.250874	0.523395	0.838303
2497.0	0.33474	-0.0806948	0.415435	0.795666
2498.0	0.701232	0.653221	0.0480109	0.739861
2499.0	0.853895	0.770035	0.0838596	0.715802
2500.0	0.514999	0.86622	0.351221	0.758333
2501.0	0.163784	0.0995497	0.0642347	0.846348
2502.0	0.785421	0.932997	0.147576	0.754087
2503.0	0.329771	-0.285062	0.614834	0.876754
2504.0	0.0505019	-0.226385	0.276887	0.649695
2505.0	0.0146828	-0.425674	0.440357	0.777185
2506.0	0.777411	0.319786	0.457625	0.857077
2507.0	0.748978	1.09135	0.342373	0.850867
2508.0	0.804235	0.942112	0.137877	0.732846
2509.0	0.493014	0.623538	0.130525	0.851829
2510.0	0.863777	0.711479	0.152298	0.819257
2511.0	0.927971	0.60913	0.318841	0.919519
2512.0	0.244557	0.530038	0.285481	0.764913
2513.0	0.823763	1.14923	0.325464	0.726953
2514.0	0.522211	0.620362	0.0981507	0.775408
2515.0	0.131184	-1.02454	1.15572	0.662228
2516.0	0.00227846	0.316701	0.314422	0.842097
2517.0	0.280878	0.183984	0.0968943	0.781122
2518.0	0.97208	0.772022	0.200058	0.693635
2519.0	0.958522	0.805682	0.152839	0.719365
2520.0	0.615208	0.830995	0.215787	0.641462
2521.0	0.681102	0.674198	0.00690434	0.687535
2522.0	0.3451	0.471261	0.126161	0.779468
2523.0	0.234319	0.480429	0.24611	0.78346
2524.0	0.585319	0.555567	0.0297512	0.924551
2525.0	0.177035	0.301741	0.124706	0.838416
2526.0	0.140759	-0.317858	0.458617	0.884741
2527.0	0.659459	0.301299	0.35816	0.801944
2528.0	0.280046	0.101235	0.178812	0.849615
2529.0	0.63992	0.298496	0.341425	0.773347
2530.0	0.285901	0.123933	0.161968	0.85289
2531.0	0.172434	0.522561	0.350127	0.750751
2532.0	0.0231707	0.0703576	0.0471869	0.834874
2533.0	0.0860963	0.806589	0.720492	0.847802
2534.0	0.491941	0.641816	0.149876	0.728176
2535.0	0.488199	0.533027	0.0448272	0.819391
2536.0	0.717425	1.2513	0.533873	0.702225
2537.0	0.357105	0.313898	0.0432071	0.829343
2538.0	0.783917	0.934082	0.150165	0.854105
2539.0	0.820241	0.871118	0.0508766	0.82861
2540.0	0.498971	0.732678	0.233706	0.868971
2541.0	0.316272	0.0573511	0.258921	0.884071
2542.0	0.34837	0.683433	0.335063	0.886293
2543.0	0.967871	0.473809	0.494062	0.705115
2544.0	0.662725	0.260679	0.402046	0.905209
2545.0	0.199083	-0.151846	0.350929	0.872062
2546.0	0.735059	0.736975	0.00191609	0.96223
2547.0	0.853389	1.08575	0.232362	0.866253
2548.0	0.157032	0.186817	0.0297853	0.7805
2549.0	0.680211	0.650929	0.0292811	0.752889
2550.0	0.92234	0.973553	0.0512126	0.812556
2551.0	0.278966	0.0546912	0.224275	0.80889
2552.0	0.257028	-0.269223	0.526251	0.84397
2553.0	0.765478	1.23065	0.465172	0.885821
2554.0	0.163659	0.513475	0.349816	0.760185
2555.0	0.683398	0.490944	0.192454	0.894265
2556.0	0.244005	0.236465	0.00753916	0.799264
2557.0	0.375687	0.509781	0.134094	0.724536
2558.0	0.454244	0.148626	0.305618	0.80022
2559.0	0.0503567	0.674891	0.624534	0.770861
2560.0	0.814434	1.1394	0.324968	0.746006
2561.0	0.0954045	0.292067	0.196663	0.90403
2562.0	0.146741	-0.218562	0.365303	0.88731
2563.0	0.627727	0.578069	0.0496582	0.744387
2564.0	0.986995	0.298934	0.688061	0.751283
2565.0	0.855625	0.873695	0.01807	0.748449
2566.0	0.441464	0.58433	0.142866	0.893974
2567.0	0.107448	0.298005	0.190557	0.871388
2568.0	0.869161	0.743555	0.125606	0.803071
2569.0	0.577823	0.740499	0.162676	0.847833
2570.0	0.30099	-0.130459	0.431449	0.737477
2571.0	0.91856	0.599345	0.319215	0.694025
2572.0	0.356322	0.847262	0.49094	0.912801
2573.0	0.651861	0.757536	0.105675	0.768102
2574.0	0.23348	0.224335	0.00914559	0.835927
2575.0	0.290586	0.185139	0.105447	0.8344
2576.0	0.961212	0.815215	0.145998	0.916046
2577.0	0.679135	0.234206	0.444929	0.690541
2578.0	0.688465	0.818821	0.130356	0.866491
2579.0	0.826366	0.337332	0.489034	0.773996
2580.0	0.227942	-0.046114	0.274056	0.736047
2581.0	0.383628	0.857273	0.473645	0.840781
2582.0	0.695683	0.150528	0.545155	0.834617
2583.0	0.637664	1.2169	0.579237	0.761489
2584.0	0.871614	1.15165	0.280032	0.837514
2585.0	0.0889306	0.189281	0.100351	0.925183
2586.0	0.708517	0.733769	0.0252525	0.727351
2587.0	0.311576	0.510843	0.199267	0.755885
2588.0	0.809417	0.458997	0.35042	0.730689
2589.0	0.0972608	0.432466	0.335205	0.852141
2590.0	0.287302	0.452784	0.165482	0.765504
2591.0	0.458414	0.0402539	0.41816	0.797212
2592.0	0.990409	0.505481	0.484928	0.783614
2593.0	0.0472605	-0.274967	0.322228	0.789926
2594.0	0.269804	-0.0806986	0.350502	0.78776
2595.0	0.294373	-0.0946479	0.38902	0.805933
2596.0	0.356666	0.120321	0.236346	0.90225
2597.0	0.193569	0.314872	0.121303	0.599411
2598.0	0.294362	0.408541	0.114179	0.752405
2599.0	0.790234	0.643632	0.146602	0.860087
2600.0	0.545507	0.178699	0.366808	0.78789
2601.0	0.724233	0.0459176	0.678315	0.749161
2602.0	0.583124	0.815217	0.232093	0.743724
2603.0	0.0564429	0.167342	0.110899	0.875942
2604.0	0.879029	1.21486	0.335828	0.834591
2605.0	0.157954	0.28601	0.128056	0.824392
2606.0	0.881359	0.707208	0.174151	0.761474
2607.0	0.0434261	0.0189693	0.0244568	0.642038
2608.0	0.691577	0.984195	0.292617	0.704714
2609.0	0.0378068	0.0907936	0.0529868	0.699619
2610.0	0.720068	0.993768	0.2737	0.870069
2611.0	0.359992	0.000974927	0.359017	0.85484
2612.0	0.334729	0.255317	0.0794122	0.850122
2613.0	0.165402	-0.244338	0.409739	0.970509
2614.0	0.629714	0.37126	0.258455	0.772459
2615.0	0.123442	0.22358	0.100138	0.86341
2616.0	0.554358	0.546594	0.00776408	0.952574
2617.0	0.0884587	0.511745	0.423286	0.824985
2618.0	0.131	0.0786689	0.0523313	0.840693
2619.0	0.277003	0.421486	0.144483	0.924631
2620.0	0.850097	0.96124	0.111143	0.728019
2621.0	0.510387	0.280142	0.230245	0.882748
2622.0	0.827829	0.603656	0.224173	0.712453
2623.0	0.36218	0.79145	0.42927	0.798887
2624.0	0.706525	0.97314	0.266615	0.898211
2625.0	0.442938	0.779354	0.336416	0.944352
2626.0	0.27617	0.848567	0.572397	0.808378
2627.0	0.266843	0.361755	0.0949117	0.899604
2628.0	0.187248	-0.123914	0.311162	0.565646
2629.0	0.981027	0.602016	0.37901	0.784962
2630.0	0.598117	1.04788	0.449766	0.743643
2631.0	0.252239	0.0526096	0.199629	0.962163
2632.0	0.849689	0.527071	0.322619	0.746805
2633.0	0.0444887	0.475998	0.431509	0.774338
2634.0	0.332596	0.499883	0.167287	0.880331
2635.0	0.336504	0.611719	0.275214	0.798197
2636.0	0.153699	0.144898	0.00880083	0.782091
2637.0	0.533382	0.661528	0.128147	0.809747
2638.0	0.402375	-0.0507299	0.453105	0.776039
2639.0	0.116769	0.444674	0.327905	0.794682
2640.0	0.815147	0.538706	0.276441	0.860034
2641.0	0.347686	0.55554	0.207854	0.840572
2642.0	0.414945	0.311247	0.103698	0.848248
2643.0	0.126137	0.692419	0.566282	0.751652
2644.0	0.672642	1.75879	1.08615	0.871781
2645.0	0.224153	-0.159928	0.38408	0.748024
2646.0	0.96209	0.58219	0.3799	0.898753
2647.0	0.523655	0.269513	0.254142	0.786825
2648.0	0.360073	0.891133	0.531059	0.785252
2649.0	0.810153	0.931486	0.121333	0.717159
2650.0	0.786589	0.746683	0.0399057	0.785381
2651.0	0.497368	0.436545	0.0608237	0.880912
2652.0	0.775872	0.518795	0.257077	0.830827
2653.0	0.899802	1.45804	0.55824	0.869365
2654.0	0.186291	0.206975	0.0206839	0.701279
2655.0	0.544077	0.769031	0.224954	0.873762
2656.0	0.158118	0.640101	0.481983	0.806085
2657.0	0.814589	0.800125	0.0144644	0.74495
2658.0	0.125356	-0.501458	0.626814	0.724592
2659.0	0.39333	0.370941	0.022389	0.832828
2660.0	0.0458935	0.528687	0.482793	0.640568
2661.0	0.551498	0.707589	0.15609	0.82409
2662.0	0.155989	0.10797	0.0480186	0.738675
2663.0	0.233838	0.431143	0.197305	0.789587
2664.0	0.530849	0.737745	0.206895	0.766026
2665.0	0.0700614	-0.470124	0.540185	0.873309
2666.0	0.77569	0.562325	0.213364	0.845527
2667.0	0.121159	0.0582859	0.0628731	0.837681
2668.0	0.106816	0.838332	0.731516	0.738769
2669.0	0.431378	0.343847	0.087531	0.844542
2670.0	0.371794	0.860297	0.488502	0.835942
2671.0	0.746721	1.16067	0.413949	0.891558
2672.0	0.975263	0.742262	0.233001	0.790226
2673.0	0.549464	0.286927	0.262537	0.734548
2674.0	0.167328	0.143674	0.0236538	0.669126
2675.0	0.0130476	-0.167022	0.18007	0.811554
2676.0	0.85117	0.609829	0.241341	0.851555
2677.0	0.120722	0.440238	0.319516	0.789957
2678.0	0.602795	0.887812	0.285017	0.851633
2679.0	0.654607	0.558803	0.0958041	0.826378
2680.0	0.782402	1.02347	0.241067	0.759195
2681.0	0.618418	0.921227	0.302809	0.810669
2682.0	0.695442	0.519136	0.176305	0.89456
2683.0	0.596737	0.458673	0.138064	0.854527
2684.0	0.0231576	0.589627	0.566469	0.785661
2685.0	0.63402	0.731144	0.0971244	0.859824
2686.0	0.504206	-0.0819378	0.586144	0.678032
2687.0	0.198575	0.463016	0.26444	0.768445
2688.0	0.0732967	-0.648169	0.721466	0.91441
2689.0	0.504632	0.496587	0.00804432	0.930769
2690.0	0.492818	0.778525	0.285706	0.86724
2691.0	0.991747	1.03635	0.044598	0.796995
2692.0	0.644067	1.24373	0.599666	0.808885
2693.0	0.069966	-0.313725	0.383691	0.884576
2694.0	0.556874	1.20095	0.644071	0.852811
2695.0	0.983471	0.601856	0.381614	0.918421
2696.0	0.978124	0.609272	0.368852	0.932357
2697.0	0.0259763	0.33474	0.308764	0.824193
2698.0	0.0404291	0.620823	0.580394	0.728894
2699.0	0.19166	0.478432	0.286772	0.670059
2700.0	0.370799	0.593063	0.222264	0.859713
2701.0	0.629011	0.757616	0.128604	0.692024
2702.0	0.597787	0.253648	0.34414	0.845601
2703.0	0.36638	-0.0360756	0.402455	0.748324
2704.0	0.170504	0.872079	0.701575	0.77187
2705.0	0.409792	0.322167	0.0876247	0.933724
2706.0	0.126393	0.188862	0.0624691	0.787851
2707.0	0.557598	0.440209	0.117389	0.897672
2708.0	0.47065	0.631305	0.160655	0.876433
2709.0	0.64354	0.577782	0.0657574	0.854848
2710.0	0.251308	-0.327991	0.579299	0.738784
2711.0	0.615185	0.496443	0.118742	0.709326
2712.0	0.184608	0.417079	0.232471	0.752736
2713.0	0.294208	1.04664	0.752435	0.845966
2714.0	0.166299	-0.197164	0.363463	0.777223
2715.0	0.323071	1.28645	0.963382	0.633787
2716.0	0.294952	-0.0373651	0.332317	0.862651
2717.0	0.798759	0.768074	0.0306859	0.831896
2718.0	0.568014	0.344524	0.22349	0.831259
2719.0	0.699727	1.42816	0.72843	0.842935
2720.0	0.745782	0.715501	0.0302818	0.710071
2721.0	0.0715365	0.460837	0.389301	0.727342
2722.0	0.167851	-0.0373942	0.205246	0.884542
2723.0	0.508196	0.284189	0.224007	0.923124
2724.0	0.732793	0.937799	0.205006	0.850996
2725.0	0.078841	0.3256	0.246759	0.702006
2726.0	0.471178	0.632877	0.161698	0.792165
2727.0	0.779591	1.22429	0.444702	0.904257
2728.0	0.213977	-0.0303178	0.244294	0.882097
2729.0	0.745656	0.259526	0.48613	0.777304
2730.0	0.939937	0.788651	0.151285	0.91818
2731.0	0.935134	0.34046	0.594674	0.854098
2732.0	0.281266	0.045459	0.235807	0.873929
2733.0	0.259886	-0.176936	0.436822	0.795213
2734.0	0.00518106	0.136524	0.131343	0.842324
2735.0	0.0331967	0.160952	0.127755	0.884869
2736.0	0.908616	0.788836	0.11978	0.812733
2737.0	0.253764	0.188065	0.0656996	0.931868
2738.0	0.345152	0.501213	0.156061	0.886019
2739.0	0.619358	-0.373783	0.99314	0.8725
2740.0	0.601368	0.452971	0.148396	0.762861
2741.0	0.490925	0.0115825	0.479342	0.730109
2742.0	0.40516	0.650198	0.245038	0.80927
2743.0	0.400782	0.524269	0.123487	0.780998
2744.0	0.179249	0.879339	0.700089	0.671644
2745.0	0.969768	0.799627	0.170142	0.820847
2746.0	0.516563	0.124894	0.391669	0.837419
2747.0	0.476549	-0.206082	0.682631	0.866041
2748.0	0.935466	0.900011	0.0354551	1.00765
2749.0	0.0676461	0.0443032	0.023343	0.74879
2750.0	0.14929	0.0825427	0.0667473	0.783223
2751.0	0.791113	0.476303	0.31481	0.86343
2752.0	0.915773	0.689636	0.226137	0.852799
2753.0	0.488519	0.85569	0.367171	0.866918
2754.0	0.321948	0.417117	0.0951688	0.846559
2755.0	0.464976	0.449503	0.0154726	0.779897
2756.0	0.774633	0.197061	0.577572	0.752826
2757.0	0.0665559	0.05348	0.0130759	0.841117
2758.0	0.0541655	0.271176	0.217011	0.849734
2759.0	0.335819	-0.481413	0.817232	0.750318
2760.0	0.0183003	-0.0303229	0.0486232	0.996352
2761.0	0.977853	0.487077	0.490776	0.74144
2762.0	0.000310436	0.652371	0.652061	0.782605
2763.0	0.471494	0.203301	0.268193	0.848234
2764.0	0.156412	0.398211	0.2418	0.795452
2765.0	0.729201	1.03828	0.309079	0.778743
2766.0	0.952773	0.697515	0.255258	0.697938
2767.0	0.592632	0.503198	0.0894345	0.789638
2768.0	0.712584	0.986095	0.273511	0.784551
2769.0	0.678407	0.644275	0.0341327	0.75763
2770.0	0.696648	0.903377	0.206728	0.848516
2771.0	0.544388	0.534788	0.00959983	0.819963
2772.0	0.648628	0.41786	0.230768	0.7742
2773.0	0.205059	0.558969	0.353909	0.741121
2774.0	0.780039	1.11517	0.335127	0.833729
2775.0	0.486088	1.0053	0.519208	0.883397
2776.0	0.358203	0.904643	0.54644	0.825384
2777.0	0.961985	0.542013	0.419971	0.80613
2778.0	0.804979	0.490178	0.314802	0.781961
2779.0	0.419041	0.435838	0.0167969	0.774057
2780.0	0.762932	0.608974	0.153959	0.803177
2781.0	0.504276	-0.344614	0.84889	0.822818
2782.0	0.938027	0.638211	0.299815	0.921999
2783.0	0.752559	0.854839	0.10228	0.819568
2784.0	0.659905	0.640718	0.0191867	0.755517
2785.0	0.834745	0.762152	0.0725934	0.738521
2786.0	0.390194	0.0860817	0.304112	0.766752
2787.0	0.750627	0.848261	0.0976335	0.758336
2788.0	0.665477	0.271978	0.393498	0.805182
2789.0	0.0788142	0.929828	0.851014	0.796545
2790.0	0.594782	1.39789	0.803107	0.732952
2791.0	0.292817	0.684396	0.391579	0.887133
2792.0	0.733478	0.625734	0.107744	0.782593
2793.0	0.371579	0.821616	0.450037	0.831806
2794.0	0.493245	1.48481	0.991562	0.813212
2795.0	0.0837515	0.186019	0.102267	0.806588
2796.0	0.362663	0.134405	0.228258	0.943007
2797.0	0.527758	0.676019	0.148261	0.875148
2798.0	0.666568	0.836636	0.170068	0.871742
2799.0	0.666672	1.0888	0.42213	0.782229
2800.0	0.587321	1.32342	0.736098	0.855711
2801.0	0.824719	0.766972	0.0577468	0.763489
2802.0	0.994497	0.872059	0.122438	0.802558
2803.0	0.967226	0.884579	0.0826473	0.81208
2804.0	0.540605	0.717965	0.17736	0.865005
2805.0	0.134515	0.54462	0.410105	0.763704
2806.0	0.574914	0.0812593	0.493655	0.822068
2807.0	0.334199	0.656055	0.321856	0.719772
2808.0	0.239761	0.501575	0.261813	0.988352
2809.0	0.444175	0.299063	0.145113	0.73621
2810.0	0.7336	0.56344	0.17016	0.790092
2811.0	0.699641	0.56036	0.139281	0.854946
2812.0	0.357916	0.51249	0.154574	0.915161
2813.0	0.645769	0.756519	0.11075	0.808147
2814.0	0.193926	0.466636	0.27271	0.79728
2815.0	0.756551	0.609619	0.146932	0.715622
2816.0	0.252426	0.0988758	0.153551	0.848949
2817.0	0.0760736	-0.00428707	0.0803607	0.789357
2818.0	0.188207	0.373626	0.185419	0.691598
2819.0	0.664611	0.880109	0.215498	0.824594
2820.0	0.198168	0.349543	0.151375	0.86977
2821.0	0.226772	0.975966	0.749193	0.844715
2822.0	0.615744	1.02226	0.406513	0.868308
2823.0	0.759759	0.963322	0.203563	0.904795
2824.0	0.233806	-0.0801305	0.313936	0.768817
2825.0	0.977178	0.281031	0.696147	0.811568
2826.0	0.321934	0.0481897	0.273744	0.747914
2827.0	0.773104	1.6957	0.922594	0.699035
2828.0	0.556135	0.460291	0.0958446	0.774343
2829.0	0.326024	1.59939	1.27336	0.766942
2830.0	0.154289	-0.234345	0.388634	0.704139
2831.0	0.802947	0.944675	0.141728	0.690526
2832.0	0.783533	0.488676	0.294857	0.645186
2833.0	0.741467	0.981593	0.240126	0.736198
2834.0	0.235041	0.816334	0.581293	0.794857
2835.0	0.203399	0.303494	0.100095	0.908323
2836.0	0.621984	1.20899	0.587003	0.848778
2837.0	0.71237	0.742098	0.0297279	0.787759
2838.0	0.0925149	0.0390077	0.0535071	0.871678
2839.0	0.617061	0.521295	0.0957664	0.751331
2840.0	0.755888	-0.471634	1.22752	0.741822
2841.0	0.167367	0.454984	0.287617	0.705049
2842.0	0.562009	0.512926	0.0490831	0.748754
2843.0	0.723429	0.897768	0.174339	0.871604
2844.0	0.183197	-0.000816694	0.184013	0.785022
2845.0	0.737839	0.986019	0.24818	0.866705
2846.0	0.969027	0.938061	0.0309665	0.870583
2847.0	0.279407	-0.0882983	0.367706	0.704489
2848.0	0.827675	0.852492	0.0248176	0.821822
2849.0	0.940647	0.912251	0.0283963	0.715238
2850.0	0.867307	0.697594	0.169713	0.786735
2851.0	0.177488	0.136357	0.0411306	0.862378
2852.0	0.397402	0.577468	0.180065	0.763665
2853.0	0.647656	0.908944	0.261288	0.804289
2854.0	0.270353	-0.225274	0.495626	0.794757
2855.0	0.0489163	0.314796	0.26588	0.800988
2856.0	0.455749	-0.22655	0.682299	0.795145
2857.0	0.24387	0.204381	0.0394895	0.839547
2858.0	0.836694	0.978632	0.141938	0.745794
2859.0	0.3708	0.197291	0.173509	0.813351
2860.0	0.133043	0.282878	0.149835	0.773656
2861.0	0.960608	0.924351	0.0362563	0.806029
2862.0	0.606213	0.647434	0.0412209	0.842758
2863.0	0.511284	1.04207	0.530782	0.871887
2864.0	0.476518	0.507234	0.0307163	0.7551
2865.0	0.576158	0.679264	0.103106	0.857308
2866.0	0.179713	0.195433	0.01572	0.695597
2867.0	0.838553	0.701094	0.137459	0.875103
2868.0	0.560657	0.780598	0.21994	0.69292
2869.0	0.489797	0.892518	0.402722	0.788439
2870.0	0.703897	1.38905	0.685149	0.686921
2871.0	0.817964	0.63544	0.182524	0.897078
2872.0	0.621613	0.822282	0.20067	0.667435
2873.0	0.567329	0.684279	0.11695	0.705768
2874.0	0.216401	0.118456	0.0979444	0.798035
2875.0	0.248635	0.00464663	0.243988	0.897169
2876.0	0.678635	0.840888	0.162253	0.847157
2877.0	0.976463	0.728144	0.248319	0.706256
2878.0	0.937958	0.735411	0.202547	0.805871
2879.0	0.947098	0.471674	0.475424	0.838889
2880.0	0.0473785	0.109075	0.061696	0.895258
2881.0	0.0960177	0.965745	0.869727	0.797376
2882.0	0.756377	0.648812	0.107565	0.810176
2883.0	0.492059	0.613945	0.121886	0.761565
2884.0	0.802754	0.119038	0.683716	0.838026
2885.0	0.58288	0.510118	0.0727616	0.770465
2886.0	0.0641715	-0.0871911	0.151363	0.824005
2887.0	0.0209805	-0.0794677	0.100448	0.874902
2888.0	0.842991	1.12767	0.284674	0.701923
2889.0	0.676115	0.217315	0.4588	0.81455
2890.0	0.618283	1.03218	0.4139	0.888228
2891.0	0.572566	1.01292	0.440356	0.891769
2892.0	0.979476	1.17699	0.197513	0.870371
2893.0	0.268355	0.408757	0.140402	0.736175
2894.0	0.0851862	0.218018	0.132832	0.897549
2895.0	0.418543	-0.0426991	0.461242	0.842887
2896.0	0.743136	0.219909	0.523227	0.73402
2897.0	0.954886	0.629585	0.325301	0.929812
2898.0	0.118829	-0.769381	0.88821	0.792269
2899.0	0.183224	0.499566	0.316341	0.700363
2900.0	0.130924	-0.20993	0.340854	0.715775
2901.0	0.338274	0.28291	0.0553646	0.629657
2902.0	0.807702	0.744337	0.063365	0.844889
2903.0	0.262273	0.221115	0.0411585	0.683632
2904.0	0.118229	-0.871694	0.989923	0.845433
2905.0	0.565223	-0.0362771	0.6015	0.736782
2906.0	0.720727	1.16347	0.442741	0.800851
2907.0	0.141992	0.862504	0.720513	0.772991
2908.0	0.973801	0.634796	0.339005	0.911297
2909.0	0.385279	0.646778	0.261499	0.714109
2910.0	0.362976	0.452255	0.0892792	0.836622
2911.0	0.980168	1.2236	0.243429	0.829406
2912.0	0.953346	0.305915	0.647432	0.694193
2913.0	0.410555	-0.0497102	0.460265	0.786272
2914.0	0.229198	0.596602	0.367404	0.859735
2915.0	0.311246	-0.0655696	0.376816	0.739278
2916.0	0.275718	0.394771	0.119052	0.798384
2917.0	0.300178	0.124448	0.17573	0.855085
2918.0	0.786245	0.733107	0.0531377	0.826174
2919.0	0.999396	0.912312	0.0870837	0.695403
2920.0	0.898622	0.968581	0.0699592	0.767946
2921.0	0.635553	0.739134	0.103581	0.825807
2922.0	0.352507	0.111851	0.240656	0.806079
2923.0	0.462336	0.231821	0.230515	0.835733
2924.0	0.708597	0.716485	0.00788787	0.857086
2925.0	0.081049	0.0484119	0.0326371	0.852308
2926.0	0.644917	0.104037	0.540879	0.851106
2927.0	0.844814	1.00568	0.160868	0.780209
2928.0	0.852717	1.07545	0.222729	0.83992
2929.0	0.374677	-0.236516	0.611193	0.824438
2930.0	0.698114	0.480925	0.217189	0.718934
2931.0	0.515288	0.117176	0.398112	0.88284
2932.0	0.542597	0.476971	0.0656255	0.703153
2933.0	0.0970279	0.0917503	0.00527765	0.91098
2934.0	0.315415	0.634385	0.31897	0.741898
2935.0	0.931632	1.07436	0.142723	0.804898
2936.0	0.666647	1.07374	0.407097	0.737352
2937.0	0.108053	0.227955	0.119902	0.751977
2938.0	0.0222626	0.251634	0.229371	0.801687
2939.0	0.687327	0.837036	0.149709	0.793408
2940.0	0.425169	0.767534	0.342365	0.880365
2941.0	0.591519	0.389138	0.202381	0.859877
2942.0	0.377645	-0.37494	0.752585	0.81759
2943.0	0.287681	0.461585	0.173904	0.840742
2944.0	0.445221	-0.0202069	0.465428	0.905456
2945.0	0.444503	0.595004	0.150501	0.869369
2946.0	0.615011	0.783645	0.168634	0.691599
2947.0	0.703505	1.06772	0.36422	0.752934
2948.0	0.784181	0.511237	0.272944	0.715188
2949.0	0.269015	-0.0836868	0.352701	0.794487
2950.0	0.904151	1.02363	0.119483	0.879942
2951.0	0.841209	0.928862	0.0876525	0.779683
2952.0	0.829646	0.465921	0.363725	0.933595
2953.0	0.525168	0.455108	0.0700603	0.799413
2954.0	0.915583	0.838109	0.0774742	0.760759
2955.0	0.666404	0.478965	0.187438	0.846688
2956.0	0.435614	0.431221	0.00439285	0.740842
2957.0	0.961701	0.965592	0.00389075	0.903362
2958.0	0.922644	0.914706	0.00793823	0.786001
2959.0	0.292786	0.389902	0.0971155	0.878097
2960.0	0.842784	0.765831	0.076953	0.823471
2961.0	0.370901	0.752931	0.38203	0.832486
2962.0	0.843848	0.989433	0.145585	0.75684
2963.0	0.442159	0.258169	0.18399	0.848917
2964.0	0.438391	0.155554	0.282837	0.895724
2965.0	0.115103	0.385283	0.270181	0.808926
2966.0	0.840282	0.567162	0.27312	0.829112
2967.0	0.665446	0.456388	0.209058	0.797813
2968.0	0.866691	1.18837	0.321682	0.799372
2969.0	0.751198	0.765347	0.0141496	0.725294
2970.0	0.78024	0.629568	0.150672	0.78177
2971.0	0.862808	1.00861	0.145802	0.85876
2972.0	0.12776	0.11516	0.0126001	0.698227
2973.0	0.564654	0.307359	0.257294	0.757003
2974.0	0.601025	0.117062	0.483962	0.881773
2975.0	0.778624	0.984947	0.206324	0.745073
2976.0	0.959741	0.66649	0.293251	0.817961
2977.0	0.0206399	-0.0563139	0.0769537	0.835361
2978.0	0.232367	0.0757911	0.156575	0.773508
2979.0	0.257705	0.267724	0.0100185	0.809406
2980.0	0.301644	0.658749	0.357104	0.72035
2981.0	0.794144	0.476299	0.317845	0.749929
2982.0	0.764762	0.570912	0.19385	0.818185
2983.0	0.960937	0.825948	0.134989	0.806094
2984.0	0.185062	0.276538	0.0914759	0.839404
2985.0	0.225617	0.423714	0.198097	0.679947
2986.0	0.780881	0.577378	0.203503	0.757174
2987.0	0.138434	0.355067	0.216633	0.793285
2988.0	0.161272	-0.00497018	0.166242	0.792477
2989.0	0.977812	0.852614	0.125199	0.820218
2990.0	0.689672	0.569341	0.120331	0.687659
2991.0	0.0172103	0.185724	0.168514	0.778064
2992.0	0.0184338	0.526086	0.507652	0.821661
2993.0	0.110407	0.181417	0.0710104	0.793587
2994.0	0.645078	0.595652	0.049426	0.818396
2995.0	0.690467	0.543484	0.146983	0.670305
2996.0	0.399804	-0.686864	1.08667	0.823546
2997.0	0.668904	0.842338	0.173434	0.798247
2998.0	0.929536	0.966729	0.0371932	0.904978
2999.0	0.232659	-0.185425	0.418084	0.960365
3000.0	0.104693	0.585242	0.48055	0.797543
3001.0	0.254459	0.14509	0.109369	0.714071
3002.0	0.268413	-0.0515068	0.319919	0.736795
3003.0	0.626903	0.422788	0.204115	0.689503
3004.0	0.32577	0.392679	0.0669091	0.875861
3005.0	0.338394	0.729152	0.390758	0.841772
3006.0	0.269707	-0.0111768	0.280884	0.759543
3007.0	0.487053	0.363144	0.123909	0.76031
3008.0	0.574263	1.54566	0.971401	0.876469
3009.0	0.394398	0.888863	0.494464	0.827482
3010.0	0.73852	1.39546	0.656939	0.829476
3011.0	0.271157	0.0282212	0.242936	0.822342
3012.0	0.924089	0.864021	0.0600682	0.943354
3013.0	0.143745	0.250215	0.10647	0.902052
3014.0	0.981509	0.633118	0.348392	0.67408
3015.0	0.775521	0.116398	0.659124	0.783998
3016.0	0.78835	0.582215	0.206136	0.740133
3017.0	0.0568476	0.174611	0.117763	0.770684
3018.0	0.34678	0.349893	0.00311289	0.79998
3019.0	0.630265	0.917016	0.286751	0.663732
3020.0	0.433481	0.138302	0.295178	0.895824
3021.0	0.0747506	-0.0727209	0.147472	0.745094
3022.0	0.901101	0.400631	0.50047	0.803296
3023.0	0.457799	0.443813	0.0139856	0.883616
3024.0	0.623447	0.891528	0.268082	0.691708
3025.0	0.34902	0.184981	0.164039	0.801872
3026.0	0.433133	0.643719	0.210586	0.854939
3027.0	0.367253	0.380404	0.0131512	0.83539
3028.0	0.650977	0.790865	0.139888	0.681539
3029.0	0.416064	0.265352	0.150712	0.714741
3030.0	0.343698	0.84354	0.499842	0.786057
3031.0	0.0940907	-0.210617	0.304707	0.907523
3032.0	0.590696	0.376872	0.213824	0.850663
3033.0	0.0899839	0.108089	0.018105	0.87086
3034.0	0.30988	-0.445353	0.755233	0.830151
3035.0	0.971322	0.443278	0.528045	0.90932
3036.0	0.969241	1.0142	0.0449559	0.85884
3037.0	0.124773	0.500707	0.375934	0.728377
3038.0	0.302334	0.683034	0.380701	0.844142
3039.0	0.995018	0.700283	0.294735	0.833158
3040.0	0.273997	0.514265	0.240267	0.718247
3041.0	0.870517	0.331414	0.539103	0.783689
3042.0	0.951761	0.975774	0.0240134	0.780196
3043.0	0.546509	0.421334	0.125175	0.810693
3044.0	0.623714	0.957564	0.333849	0.811993
3045.0	0.40058	-0.43852	0.8391	0.718691
3046.0	0.747361	0.659677	0.0876833	0.800072
3047.0	0.215394	0.964495	0.7491	0.754426
3048.0	0.0146894	-0.336559	0.351249	0.863836
3049.0	0.974129	1.0672	0.0930688	0.861902
3050.0	0.137023	0.240441	0.103418	0.815443
3051.0	0.458107	0.201744	0.256363	0.727754
3052.0	0.945484	1.46775	0.522269	0.72075
3053.0	0.169314	0.284121	0.114807	0.780171
3054.0	0.630145	0.635395	0.0052491	0.744484
3055.0	0.503458	0.976807	0.473349	0.770758
3056.0	0.354357	0.826392	0.472034	0.812225
3057.0	0.562986	-0.0382719	0.601258	0.752285
3058.0	0.573956	0.841508	0.267552	0.806046
3059.0	0.553901	0.356898	0.197002	0.818902
3060.0	0.977342	0.990862	0.0135194	0.780074
3061.0	0.636843	0.855391	0.218547	0.737247
3062.0	0.725549	1.01752	0.291976	0.772701
3063.0	0.0481578	0.22244	0.174282	0.863068
3064.0	0.186947	-0.019598	0.206545	0.877514
3065.0	0.19582	0.390061	0.194241	0.707645
3066.0	0.850158	0.897404	0.0472455	0.899555
3067.0	0.0825205	0.341719	0.259198	0.776263
3068.0	0.747801	0.811315	0.0635137	0.796234
3069.0	0.252391	0.0553483	0.197043	0.73782
3070.0	0.413344	0.0430528	0.370291	0.789116
3071.0	0.393851	0.156836	0.237015	0.865525
3072.0	0.993059	0.678545	0.314514	0.777789
3073.0	0.889668	0.72274	0.166928	0.787224
3074.0	0.283893	0.400555	0.116662	0.718575
3075.0	0.0301218	-0.182198	0.21232	0.76713
3076.0	0.355653	0.58385	0.228197	0.818291
3077.0	0.138127	0.0148756	0.123251	0.691568
3078.0	0.330508	0.131856	0.198652	0.862657
3079.0	0.0953529	0.319282	0.223929	0.823831
3080.0	0.906554	0.684517	0.222037	0.862759
3081.0	0.648037	0.574247	0.0737897	0.680256
3082.0	0.151667	0.699502	0.547835	0.834035
3083.0	0.171164	0.557307	0.386143	0.813938
3084.0	0.249646	0.233469	0.0161774	0.816304
3085.0	0.893063	0.598539	0.294524	0.881936
3086.0	0.933694	0.932991	0.000703225	0.812546
3087.0	0.172679	0.775463	0.602784	0.907013
3088.0	0.0156762	-0.307405	0.323081	0.918766
3089.0	0.469089	0.395977	0.0731116	0.876097
3090.0	0.483133	0.915623	0.43249	0.773987
3091.0	0.153631	0.455885	0.302254	0.902314
3092.0	0.0831265	0.715729	0.632603	0.834618
3093.0	0.867445	0.832028	0.0354165	0.850331
3094.0	0.92565	0.273838	0.651812	0.802344
3095.0	0.917321	0.35967	0.557651	0.907457
3096.0	0.923355	0.38441	0.538945	0.808478
3097.0	0.86757	1.27963	0.412056	0.884395
3098.0	0.710016	0.0378774	0.672139	0.808652
3099.0	0.59926	1.10588	0.506615	0.768622
3100.0	0.360878	0.378849	0.0179717	0.750349
3101.0	0.0159411	0.206024	0.190083	0.861963
3102.0	0.0805868	0.163422	0.0828348	0.716984
3103.0	0.907483	0.277805	0.629678	0.839137
3104.0	0.19012	0.840462	0.650343	0.76119
3105.0	0.870294	1.46313	0.592838	0.776281
3106.0	0.137448	0.35076	0.213312	0.830561
3107.0	0.452168	0.810875	0.358707	0.813096
3108.0	0.00186287	0.784434	0.782571	0.885551
3109.0	0.691894	0.823477	0.131583	0.73799
3110.0	0.111149	0.150982	0.0398329	0.870996
3111.0	0.452998	0.695782	0.242784	0.774747
3112.0	0.0749951	-0.301074	0.376069	0.751864
3113.0	0.910072	0.400437	0.509634	0.739027
3114.0	0.0165322	0.13042	0.113887	0.779949
3115.0	0.775089	0.451592	0.323496	0.789608
3116.0	0.631562	0.898195	0.266634	0.681904
3117.0	0.586764	0.786117	0.199353	0.797207
3118.0	0.905277	0.561738	0.343539	0.815874
3119.0	0.728627	0.68265	0.0459774	0.808069
3120.0	0.538752	0.165358	0.373394	0.868902
3121.0	0.948963	0.507347	0.441616	0.70551
3122.0	0.638318	0.526735	0.111584	0.798293
3123.0	0.222138	1.14012	0.917978	0.792696
3124.0	0.21955	0.629465	0.409915	0.796533
3125.0	0.935337	1.26238	0.327045	0.845389
3126.0	0.334101	0.539447	0.205346	0.86251
3127.0	0.847743	0.605092	0.242652	0.735378
3128.0	0.838152	1.25967	0.421523	0.831736
3129.0	0.252734	0.174674	0.0780603	0.766882
3130.0	0.259138	0.841322	0.582184	0.745944
3131.0	0.905758	1.58993	0.684175	0.781944
3132.0	0.21163	0.00351877	0.208111	0.849062
3133.0	0.940666	0.670301	0.270365	0.776657
3134.0	0.164611	0.0403394	0.124272	0.800962
3135.0	0.795337	0.419377	0.375961	0.848158
3136.0	0.710394	0.617573	0.0928215	0.811195
3137.0	0.119483	0.697196	0.577713	0.853848
3138.0	0.0288567	-0.434008	0.462865	0.786375
3139.0	0.394471	-0.101718	0.49619	0.795829
3140.0	0.422415	0.564465	0.14205	0.88122
3141.0	0.277895	0.729502	0.451608	0.761942
3142.0	0.449216	0.475327	0.0261108	0.872656
3143.0	0.673014	0.412065	0.260949	0.816019
3144.0	0.509383	1.03956	0.530172	0.885925
3145.0	0.86611	1.31872	0.452612	0.709556
3146.0	0.395198	0.617942	0.222744	0.781228
3147.0	0.446942	0.423922	0.02302	0.780484
3148.0	0.178066	0.00824533	0.169821	0.805421
3149.0	0.304862	0.00659258	0.298269	0.840961
3150.0	0.313545	0.775426	0.461881	0.724876
3151.0	0.16354	0.533988	0.370449	0.674298
3152.0	0.129969	-0.112946	0.242915	0.851148
3153.0	0.0244129	0.480349	0.455936	0.780567
3154.0	0.999573	0.534002	0.465571	0.834772
3155.0	0.771961	0.890791	0.11883	0.867375
3156.0	0.299465	0.461669	0.162204	0.734593
3157.0	0.239898	-0.300341	0.540239	0.898241
3158.0	0.979614	0.481133	0.498481	0.827643
3159.0	0.908779	1.17773	0.268947	0.833265
3160.0	0.88411	0.514031	0.370079	0.809877
3161.0	0.378405	-0.286712	0.665118	0.924774
3162.0	0.241421	0.557478	0.316056	0.801406
3163.0	0.321485	0.585703	0.264218	0.768593
3164.0	0.297245	-0.0227847	0.32003	0.85737
3165.0	0.227925	0.678489	0.450565	0.831032
3166.0	0.381421	0.415838	0.034417	0.772728
3167.0	0.931236	0.762634	0.168603	0.811184
3168.0	0.343552	-0.054142	0.397694	0.789771
3169.0	0.793045	0.507285	0.28576	0.74766
3170.0	0.621238	0.628241	0.00700345	0.843285
3171.0	0.325037	-0.0593133	0.38435	0.841635
3172.0	0.321668	-0.0462785	0.367946	0.672525
3173.0	0.538872	0.22647	0.312402	0.797252
3174.0	0.708256	0.456154	0.252102	0.831554
3175.0	0.448776	0.436429	0.0123477	0.805834
3176.0	0.841375	0.958243	0.116868	0.779008
3177.0	0.886892	0.698981	0.187911	0.775304
3178.0	0.460188	0.447422	0.0127656	0.719561
3179.0	0.992538	0.684242	0.308296	0.814945
3180.0	0.865541	0.311365	0.554176	0.830296
3181.0	0.918741	0.490998	0.427743	0.791036
3182.0	0.772654	0.99589	0.223236	0.826672
3183.0	0.0112857	0.371297	0.360012	0.869903
3184.0	0.259166	0.557634	0.298469	0.797364
3185.0	0.955889	0.69149	0.264399	0.903491
3186.0	0.17423	0.108554	0.0656762	0.812983
3187.0	0.334548	-0.333559	0.668107	0.675314
3188.0	0.363381	0.269152	0.0942295	0.761204
3189.0	0.211641	0.155914	0.0557273	0.814073
3190.0	0.343365	0.765427	0.422062	0.805498
3191.0	0.632762	0.964374	0.331612	0.823591
3192.0	0.612058	0.34906	0.262999	0.768311
3193.0	0.162353	-0.252488	0.414841	0.764983
3194.0	0.647889	0.346956	0.300933	0.83398
3195.0	0.264447	0.0367716	0.227676	0.864417
3196.0	0.658735	1.78666	1.12793	0.795124
3197.0	0.021869	0.59067	0.568801	0.806496
3198.0	0.740935	1.19423	0.453298	0.718369
3199.0	0.628451	0.938763	0.310312	0.742488
3200.0	0.297358	-0.182892	0.480251	0.786194
3201.0	0.682199	0.683333	0.00113339	0.813517
3202.0	0.498734	0.711337	0.212603	0.814946
3203.0	0.464141	0.424598	0.0395431	0.871114
3204.0	0.654024	0.999023	0.344999	0.816729
3205.0	0.602091	0.930327	0.328236	0.786207
3206.0	0.0368875	-0.275408	0.312295	0.693993
3207.0	0.253546	-0.254972	0.508518	0.754687
3208.0	0.0521588	0.330316	0.278157	0.787039
3209.0	0.463108	0.131723	0.331385	0.870775
3210.0	0.787969	0.954197	0.166228	0.797727
3211.0	0.923016	0.51927	0.403746	0.810423
3212.0	0.450482	0.711022	0.26054	0.803245
3213.0	0.957505	1.0914	0.133894	0.846492
3214.0	0.0301076	0.210184	0.180076	0.833149
3215.0	0.313244	0.432234	0.11899	0.80127
3216.0	0.325439	0.224049	0.10139	0.822842
3217.0	0.933753	0.978879	0.0451255	0.8508
3218.0	0.590058	0.821453	0.231395	0.751811
3219.0	0.807456	0.661608	0.145848	0.774025
3220.0	0.965982	0.698584	0.267399	0.794326
3221.0	0.400767	0.435148	0.0343809	0.828364
3222.0	0.319907	-0.0455807	0.365488	0.757045
3223.0	0.70368	1.18848	0.484801	0.87292
3224.0	0.15393	0.145239	0.00869131	0.770749
3225.0	0.931809	0.368022	0.563788	0.915795
3226.0	0.0497795	0.151988	0.102209	0.852904
3227.0	0.207044	0.531178	0.324134	0.731324
3228.0	0.459891	0.641436	0.181545	0.882123
3229.0	0.391327	-0.037975	0.429302	0.762689
3230.0	0.64766	0.527908	0.119751	0.834156
3231.0	0.934834	0.882343	0.0524913	0.818803
3232.0	0.127066	0.339494	0.212429	0.887381
3233.0	0.129184	0.0266838	0.1025	0.917383
3234.0	0.0226742	-0.386185	0.408859	0.737912
3235.0	0.512369	0.43512	0.077249	0.797008
3236.0	0.827711	1.32223	0.494521	0.848362
3237.0	0.916494	0.687806	0.228688	0.88972
3238.0	0.682026	0.529809	0.152217	0.799562
3239.0	0.506361	0.859781	0.35342	0.800384
3240.0	0.206105	0.0550007	0.151104	0.761805
3241.0	0.207851	0.198874	0.00897679	0.796548
3242.0	0.765674	0.678499	0.0871753	0.77385
3243.0	0.701189	0.728663	0.0274743	0.701562
3244.0	0.273202	0.333325	0.0601235	0.759049
3245.0	0.613785	1.50317	0.889382	0.912342
3246.0	0.0826557	0.196733	0.114077	0.787817
3247.0	0.240719	0.538069	0.29735	0.700031
3248.0	0.185332	-0.314596	0.499928	0.808518
3249.0	0.0601006	-0.0440956	0.104196	0.930297
3250.0	0.691164	0.618969	0.0721948	0.708182
3251.0	0.303582	0.628489	0.324907	0.750056
3252.0	0.226827	-0.0730243	0.299852	0.79727
3253.0	0.590063	0.74971	0.159647	0.856518
3254.0	0.712552	0.0529769	0.659575	0.788244
3255.0	0.352139	0.505381	0.153242	0.817286
3256.0	0.951728	0.729487	0.22224	0.715522
3257.0	0.217007	0.328869	0.111861	0.845984
3258.0	0.576818	1.41149	0.834671	0.685644
3259.0	0.425344	0.2685	0.156844	0.880248
3260.0	0.00275644	0.600707	0.59795	0.848451
3261.0	0.353545	0.285382	0.0681632	0.902243
3262.0	0.618384	0.682027	0.0636426	0.751245
3263.0	0.310717	0.659008	0.348291	0.880317
3264.0	0.443818	0.48339	0.0395726	0.902888
3265.0	0.0683978	0.15827	0.0898725	0.854104
3266.0	0.25774	0.287739	0.0299989	0.87455
3267.0	0.50666	0.695771	0.189111	0.877756
3268.0	0.914456	1.18053	0.266071	0.942985
3269.0	0.0379492	0.304678	0.266729	0.810848
3270.0	0.116853	-0.141731	0.258584	0.841771
3271.0	0.49933	0.594556	0.0952259	0.978356
3272.0	0.52835	0.713068	0.184718	0.777607
3273.0	0.582464	0.890664	0.308201	0.916777
3274.0	0.0956285	-0.0641009	0.159729	0.868338
3275.0	0.655794	1.07132	0.415529	0.793657
3276.0	0.549384	0.26215	0.287234	0.713251
3277.0	0.242828	0.655543	0.412715	0.737968
3278.0	0.434148	-0.145811	0.579959	0.844567
3279.0	0.503474	0.437419	0.0660546	0.771937
3280.0	0.495451	0.236865	0.258586	0.79552
3281.0	0.291869	0.515452	0.223584	0.848078
3282.0	0.913509	0.608572	0.304938	0.788946
3283.0	0.770235	0.611247	0.158988	0.861632
3284.0	0.363519	0.758244	0.394725	0.767174
3285.0	0.611428	0.596072	0.0153565	0.70907
3286.0	0.293883	0.380066	0.0861835	0.866384
3287.0	0.766106	0.700308	0.0657979	0.823789
3288.0	0.894305	1.34248	0.448171	0.830147
3289.0	0.894043	2.01477	1.12073	0.743015
3290.0	0.423533	0.594171	0.170638	0.878104
3291.0	0.863688	1.00482	0.141136	0.71288
3292.0	0.620577	0.86819	0.247612	0.839722
3293.0	0.988998	0.485239	0.503759	0.814749
3294.0	0.388449	0.567478	0.179028	0.831657
3295.0	0.630186	0.514699	0.115487	0.851405
3296.0	0.617643	0.6862	0.0685572	0.788878
3297.0	0.405127	0.245655	0.159472	0.777536
3298.0	0.347308	0.524947	0.17764	0.744742
3299.0	0.410483	0.942157	0.531674	0.790627
3300.0	0.853991	1.34471	0.490716	0.670864
3301.0	0.902162	0.858735	0.0434268	0.879846
3302.0	0.84107	0.305571	0.535499	0.722272
3303.0	0.822668	1.12185	0.299182	0.762768
3304.0	0.88809	1.06718	0.179094	0.846333
3305.0	0.694644	0.78963	0.0949866	0.833826
3306.0	0.6533	0.251493	0.401807	0.788218
3307.0	0.47942	0.170773	0.308647	0.811911
3308.0	0.758955	0.419798	0.339157	0.773207
3309.0	0.739105	1.43505	0.695947	0.824005
3310.0	0.927144	1.03756	0.110418	0.809755
3311.0	0.947339	0.784808	0.162531	0.870181
3312.0	0.314047	0.0228922	0.291155	0.835439
3313.0	0.450407	1.02285	0.572445	0.770382
3314.0	0.234338	0.194193	0.0401457	0.910608
3315.0	0.421031	0.154334	0.266697	0.846923
3316.0	0.976979	0.861287	0.115692	0.722191
3317.0	0.363596	0.382877	0.0192813	0.76258
3318.0	0.379124	0.259233	0.119891	0.828927
3319.0	0.403779	0.697847	0.294068	0.788371
3320.0	0.368214	0.509921	0.141707	0.798303
3321.0	0.0751386	0.0164391	0.0586995	0.825422
3322.0	0.267959	-0.626387	0.894347	0.787383
3323.0	0.252469	-0.66886	0.921329	0.836421
3324.0	0.94517	0.945615	0.000444687	0.793125
3325.0	0.620502	0.827882	0.20738	0.709378
3326.0	0.890121	0.559697	0.330424	0.859082
3327.0	0.269763	0.0280102	0.241752	0.714891
3328.0	0.976976	0.83016	0.146816	0.885422
3329.0	0.369797	0.252835	0.116962	0.742202
3330.0	0.778536	1.02394	0.245407	0.779743
3331.0	0.701648	0.929313	0.227664	0.730392
3332.0	0.117626	-0.532665	0.650291	0.775727
3333.0	0.547161	0.37215	0.175011	0.680256
3334.0	0.571984	0.458765	0.113219	0.826302
3335.0	0.313475	0.249777	0.0636982	0.845778
3336.0	0.0319292	-0.409647	0.441576	0.703088
3337.0	0.0551516	-0.161356	0.216507	0.796195
3338.0	0.0824304	-0.429418	0.511849	0.891962
3339.0	0.964121	0.798038	0.166083	0.771493
3340.0	0.589974	0.393519	0.196455	0.798101
3341.0	0.346391	0.50916	0.16277	0.833553
3342.0	0.311079	0.835364	0.524285	0.863982
3343.0	0.301057	0.403781	0.102724	0.855667
3344.0	0.776005	0.560078	0.215928	0.837417
3345.0	0.689578	1.03667	0.347089	0.784216
3346.0	0.542776	0.187009	0.355767	0.767708
3347.0	0.741212	0.937919	0.196707	0.92119
3348.0	0.177334	0.962391	0.785057	0.917782
3349.0	0.505323	0.0367423	0.468581	0.948914
3350.0	0.242883	0.356898	0.114015	0.732626
3351.0	0.90608	0.691814	0.214267	0.837679
3352.0	0.515498	0.653443	0.137945	0.917797
3353.0	0.977884	1.37676	0.398881	0.835892
3354.0	0.975977	0.640508	0.33547	0.855075
3355.0	0.0951691	0.405394	0.310225	0.815781
3356.0	0.167522	0.00824388	0.159278	0.748344
3357.0	0.878974	0.659849	0.219125	0.738973
3358.0	0.838552	0.504669	0.333883	0.79053
3359.0	0.430113	0.447851	0.0177381	0.871713
3360.0	0.737328	0.693003	0.0443246	0.814086
3361.0	0.787251	0.181522	0.605729	0.736499
3362.0	0.527231	0.231706	0.295525	0.866037
3363.0	0.537463	0.624154	0.0866911	0.89096
3364.0	0.756788	1.02718	0.270389	0.779632
3365.0	0.854779	1.44675	0.59197	0.872351
3366.0	0.859955	1.06339	0.203437	0.689857
3367.0	0.00979448	-0.859929	0.869723	0.94101
3368.0	0.162447	0.266984	0.104537	0.810178
3369.0	0.9432	0.471488	0.471712	0.870222
3370.0	0.157864	0.043597	0.114267	0.838487
3371.0	0.522523	0.373759	0.148764	0.949988
3372.0	0.455052	0.440874	0.0141782	0.887074
3373.0	0.490127	0.571298	0.0811708	0.700475
3374.0	0.642083	0.659487	0.0174042	0.692398
3375.0	0.769067	0.295156	0.47391	0.713605
3376.0	0.299331	-0.103357	0.402688	0.825059
3377.0	0.632768	0.992272	0.359503	0.748972
3378.0	0.183657	0.549483	0.365825	0.720634
3379.0	0.825022	0.728363	0.096658	0.704242
3380.0	0.0102129	0.349672	0.339459	0.894316
3381.0	0.604579	1.03586	0.431282	0.836593
3382.0	0.333863	0.3519	0.0180376	0.868322
3383.0	0.718868	0.957918	0.23905	0.905688
3384.0	0.974542	0.502174	0.472368	0.817795
3385.0	0.879122	1.02937	0.150248	0.770516
3386.0	0.964158	1.06668	0.102519	0.948864
3387.0	0.927494	0.788933	0.138561	0.817452
3388.0	0.532856	1.20321	0.670356	0.864289
3389.0	0.370974	1.08462	0.713644	0.855105
3390.0	0.576538	1.09209	0.515547	0.793536
3391.0	0.623768	0.304234	0.319534	0.777746
3392.0	0.754433	0.959057	0.204624	0.83173
3393.0	0.136971	0.149708	0.0127375	0.798047
3394.0	0.915897	1.37755	0.461649	0.839014
3395.0	0.402229	0.627495	0.225265	0.709101
3396.0	0.330271	0.669662	0.339391	0.621208
3397.0	0.406487	1.09442	0.687932	0.769289
3398.0	0.0307629	0.510698	0.479935	0.855163
3399.0	0.247808	0.509319	0.261511	0.833621
3400.0	0.916965	1.14922	0.232252	0.766951
3401.0	0.36695	0.987779	0.620829	0.814337
3402.0	0.987249	0.727806	0.259443	0.886266
3403.0	0.974259	0.74455	0.229709	0.858498
3404.0	0.938744	0.533871	0.404873	0.808371
3405.0	0.986234	0.987173	0.000938863	0.830308
3406.0	0.343246	0.649971	0.306725	0.751612
3407.0	0.351283	0.607606	0.256323	0.8368
3408.0	0.371052	0.923346	0.552294	0.826202
3409.0	0.513222	0.573855	0.0606327	0.960864
3410.0	0.379486	0.656656	0.27717	0.843779
3411.0	0.390646	0.637588	0.246942	0.830383
3412.0	0.313567	-0.251011	0.564578	0.841866
3413.0	0.538681	0.107459	0.431222	0.799668
3414.0	0.100801	0.1302	0.0293991	0.788394
3415.0	0.370413	-0.951045	1.32146	0.776198
3416.0	0.444723	0.425546	0.0191772	0.7582
3417.0	0.442698	0.4616	0.0189018	0.829881
3418.0	0.251683	0.313817	0.0621347	0.799154
3419.0	0.772198	0.90491	0.132712	0.765395
3420.0	0.538712	0.237828	0.300884	0.739179
3421.0	0.157962	0.361861	0.203899	0.712913
3422.0	0.835971	0.94996	0.113989	0.837995
3423.0	0.922077	0.458445	0.463632	0.83068
3424.0	0.765536	0.499327	0.266209	0.903703
3425.0	0.449796	0.386028	0.0637688	0.863642
3426.0	0.764994	0.522248	0.242746	0.7395
3427.0	0.535691	-0.208905	0.744595	0.802409
3428.0	0.153494	0.50177	0.348276	0.766125
3429.0	0.135459	-0.173655	0.309114	0.768952
3430.0	0.371643	-0.144632	0.516275	0.802243
3431.0	0.320107	1.32073	1.00062	0.744034
3432.0	0.810344	0.513245	0.297099	0.744758
3433.0	0.485645	0.519469	0.0338239	0.83023
3434.0	0.613272	1.38293	0.769657	0.648129
3435.0	0.220641	0.282238	0.0615979	0.888108
3436.0	0.187438	0.40345	0.216012	0.873938
3437.0	0.893154	0.539475	0.353679	0.945265
3438.0	0.852195	0.902732	0.0505377	0.906288
3439.0	0.833611	0.650039	0.183573	0.824042
3440.0	0.635114	0.908842	0.273728	0.868217
3441.0	0.795942	0.543707	0.252235	0.755134
3442.0	0.0767909	0.0257327	0.0510582	0.866329
3443.0	0.837142	0.335977	0.501164	0.786865
3444.0	0.325383	-0.110074	0.435457	0.749982
3445.0	0.32503	0.353433	0.0284032	0.741557
3446.0	0.581234	0.742093	0.16086	0.803886
3447.0	0.29239	0.81654	0.52415	0.817651
3448.0	0.709697	1.31579	0.606093	0.828045
3449.0	0.793554	0.939553	0.145999	0.791181
3450.0	0.405843	0.336984	0.0688588	0.727571
3451.0	0.817915	0.803009	0.0149058	0.942137
3452.0	0.360479	0.65399	0.293511	0.770527
3453.0	0.0418988	0.526513	0.484614	0.773744
3454.0	0.109417	0.131541	0.0221238	0.777883
3455.0	0.409461	0.104772	0.304689	0.981165
3456.0	0.774043	0.67217	0.101872	0.857727
3457.0	0.0377779	-0.135924	0.173702	0.803924
3458.0	0.716222	1.16423	0.448011	0.818401
3459.0	0.752593	1.33371	0.58112	0.760247
3460.0	0.0766353	0.886424	0.809789	0.819216
3461.0	0.278889	0.732069	0.45318	0.74912
3462.0	0.301054	0.203268	0.0977861	0.82323
3463.0	0.399561	0.491716	0.092155	0.675083
3464.0	0.424817	0.490473	0.0656555	0.815597
3465.0	0.207309	0.502226	0.294918	0.75158
3466.0	0.962294	0.901211	0.0610829	0.816739
3467.0	0.692007	0.886457	0.19445	0.831476
3468.0	0.137283	0.0605409	0.076742	0.85356
3469.0	0.894813	1.19168	0.296865	0.815351
3470.0	0.978574	1.07912	0.100543	0.861414
3471.0	0.998553	0.744698	0.253855	0.799104
3472.0	0.554815	0.596823	0.042008	0.84621
3473.0	0.517573	0.582821	0.0652485	0.793065
3474.0	0.543369	0.731603	0.188234	0.836535
3475.0	0.581322	0.62629	0.0449681	0.966337
3476.0	0.978057	0.815906	0.162151	0.707729
3477.0	0.484154	1.00812	0.52397	0.774383
3478.0	0.779517	0.460395	0.319122	0.790506
3479.0	0.62881	0.885249	0.256439	0.636041
3480.0	0.554351	-0.0320217	0.586372	0.809642
3481.0	0.742756	0.708901	0.0338546	0.751566
3482.0	0.674479	0.538743	0.135736	0.866399
3483.0	0.632459	1.25582	0.62336	0.722326
3484.0	0.78992	0.80192	0.0119998	0.803248
3485.0	0.649681	0.487238	0.162442	0.727172
3486.0	0.321971	0.04573	0.276241	0.632634
3487.0	0.654115	0.912887	0.258771	0.795245
3488.0	0.69339	0.968268	0.274878	0.776332
3489.0	0.502075	1.07027	0.568196	0.829512
3490.0	0.405075	-0.0795886	0.484664	0.784573
3491.0	0.104189	0.596429	0.492241	0.812271
3492.0	0.0769116	0.574302	0.49739	0.80413
3493.0	0.867189	1.22284	0.355653	0.817655
3494.0	0.902739	0.535563	0.367175	0.907862
3495.0	0.758345	0.278902	0.479443	0.723846
3496.0	0.534802	-0.17301	0.707811	0.763858
3497.0	0.435019	0.815494	0.380474	0.839323
3498.0	0.29193	-0.0634016	0.355332	0.800882
3499.0	0.648858	1.10996	0.461104	0.755898
3500.0	0.269495	0.178971	0.0905246	0.702041
3501.0	0.0109792	0.402095	0.391116	0.824344
3502.0	0.571427	0.774109	0.202682	0.855988
3503.0	0.772462	1.24375	0.471287	0.808492
3504.0	0.376231	-0.102084	0.478315	0.763741
3505.0	0.311123	0.340592	0.0294693	0.852959
3506.0	0.956927	0.934533	0.0223938	0.788964
3507.0	0.263213	0.31183	0.0486165	0.844306
3508.0	0.442575	0.877063	0.434488	0.788135
3509.0	0.503235	0.931444	0.428209	0.901005
3510.0	0.85002	1.06505	0.215028	0.833657
3511.0	0.920119	0.647033	0.273085	0.833263
3512.0	0.624795	0.311855	0.31294	0.845809
3513.0	0.0434497	-0.139963	0.183412	0.87379
3514.0	0.428488	0.28082	0.147668	0.877822
3515.0	0.00737809	0.638782	0.631404	0.907122
3516.0	0.867993	1.12114	0.253146	0.750233
3517.0	0.775328	-0.0445177	0.819846	0.770593
3518.0	0.588863	0.664535	0.0756721	0.759741
3519.0	0.972832	0.605852	0.36698	0.907525
3520.0	0.139856	0.403786	0.26393	0.804077
3521.0	0.326681	0.561389	0.234708	0.655064
3522.0	0.839342	0.843759	0.0044162	0.847797
3523.0	0.422401	0.436375	0.0139732	0.808339
3524.0	0.854357	1.06573	0.211376	0.789832
3525.0	0.175639	0.448658	0.273019	0.667336
3526.0	0.372518	0.644295	0.271777	0.851862
3527.0	0.40117	-0.285285	0.686455	0.689232
3528.0	0.398969	-0.155274	0.554243	0.840138
3529.0	0.879385	1.13022	0.250836	0.745405
3530.0	0.783489	0.584489	0.199	0.779996
3531.0	0.0799547	-0.141349	0.221304	0.807589
3532.0	0.0949046	0.0329638	0.0619408	0.763273
3533.0	0.455356	0.366921	0.0884347	0.897546
3534.0	0.623399	0.625979	0.00258024	0.817423
3535.0	0.602376	0.121965	0.480411	0.723093
3536.0	0.390799	-0.245407	0.636206	0.744112
3537.0	0.13167	0.144608	0.0129387	0.838042
3538.0	0.0278992	0.890914	0.863014	0.805947
3539.0	0.191211	0.364881	0.17367	0.776922
3540.0	0.721138	0.993088	0.271949	0.881008
3541.0	0.723011	1.11001	0.387002	0.843522
3542.0	0.704705	0.837921	0.133216	0.93439
3543.0	0.754071	1.07387	0.3198	0.698959
3544.0	0.105887	0.272285	0.166397	0.841411
3545.0	0.237557	0.467464	0.229907	0.855766
3546.0	0.601163	1.16353	0.562362	0.901099
3547.0	0.340463	0.434607	0.0941438	0.797723
3548.0	0.550516	0.299357	0.251158	0.81371
3549.0	0.584019	0.987904	0.403886	0.829426
3550.0	0.81515	0.645414	0.169737	0.810033
3551.0	0.379285	0.164127	0.215158	0.847298
3552.0	0.0044436	-0.236925	0.241368	0.780524
3553.0	0.667943	0.911722	0.243778	0.861087
3554.0	0.00964787	0.064063	0.0544152	0.960618
3555.0	0.31886	0.41562	0.0967594	0.665189
3556.0	0.686911	0.429936	0.256975	0.858308
3557.0	0.532216	0.793145	0.260929	0.876269
3558.0	0.947579	1.24109	0.293506	0.813521
3559.0	0.165058	0.192902	0.0278437	0.796623
3560.0	0.712883	0.428367	0.284516	0.876879
3561.0	0.952054	0.760538	0.191516	0.698891
3562.0	0.654676	0.248276	0.406401	0.678574
3563.0	0.619359	-0.0552863	0.674645	0.786731
3564.0	0.627824	1.12001	0.492191	0.711576
3565.0	0.0552145	-0.348189	0.403403	0.721931
3566.0	0.680117	0.756772	0.076655	0.931995
3567.0	0.958503	0.714973	0.24353	0.740721
3568.0	0.983557	0.38259	0.600967	0.620129
3569.0	0.0460624	-0.49528	0.541342	0.795321
3570.0	0.877979	1.01778	0.139803	0.774071
3571.0	0.583167	0.878853	0.295686	0.758993
3572.0	0.562913	0.5288	0.0341128	0.790857
3573.0	0.72822	1.196	0.46778	0.817339
3574.0	0.392392	0.10353	0.288862	0.844869
3575.0	0.998575	0.650405	0.34817	0.852343
3576.0	0.466659	0.477103	0.0104439	0.91592
3577.0	0.943891	0.563812	0.38008	0.705518
3578.0	0.0838441	0.894392	0.810548	0.763517
3579.0	0.254883	-0.0747794	0.329662	0.806512
3580.0	0.346728	0.616775	0.270047	0.844838
3581.0	0.834439	0.558754	0.275685	0.770935
3582.0	0.506552	0.569655	0.063103	0.881254
3583.0	0.377085	0.588203	0.211118	0.746979
3584.0	0.356286	0.817186	0.460899	0.772381
3585.0	0.503148	0.602907	0.0997588	0.775827
3586.0	0.428571	0.65897	0.230399	0.816592
3587.0	0.16386	0.298649	0.134789	0.794212
3588.0	0.185344	0.280673	0.0953288	0.755388
3589.0	0.800835	0.745909	0.0549262	0.788059
3590.0	0.983756	0.74195	0.241806	0.798189
3591.0	0.436825	0.477569	0.0407443	0.830379
3592.0	0.902638	0.588886	0.313753	0.734053
3593.0	0.684692	1.01594	0.33125	0.825384
3594.0	0.384024	0.249207	0.134817	0.78753
3595.0	0.310507	0.157247	0.15326	0.846961
3596.0	0.810446	0.62242	0.188026	0.877054
3597.0	0.802468	-0.249058	1.05153	0.812749
3598.0	0.742549	1.03783	0.295285	0.798537
3599.0	0.500386	0.275541	0.224844	0.708477
3600.0	0.674623	0.616289	0.0583346	0.823642
3601.0	0.448445	0.371872	0.0765735	0.804537
3602.0	0.184464	0.27431	0.0898457	0.785397
3603.0	0.627204	0.793049	0.165845	0.894526
3604.0	0.730244	0.573499	0.156745	0.807007
3605.0	0.105129	0.120595	0.0154664	0.861234
3606.0	0.0202188	0.344179	0.323961	0.827024
3607.0	0.978098	0.46027	0.517828	0.80456
3608.0	0.548302	1.41465	0.866345	0.823168
3609.0	0.511586	0.264013	0.247573	0.700164
3610.0	0.450661	0.268631	0.18203	0.821611
3611.0	0.888904	0.798366	0.0905374	0.856225
3612.0	0.323904	0.486513	0.162608	0.655595
3613.0	0.658836	-0.105356	0.764192	0.786869
3614.0	0.991635	0.867681	0.123954	0.734802
3615.0	0.053724	-0.242925	0.296649	0.883874
3616.0	0.858933	0.854559	0.00437335	0.758975
3617.0	0.773473	0.900695	0.127222	0.836177
3618.0	0.850494	0.589321	0.261173	0.808098
3619.0	0.745099	1.424	0.678899	0.726181
3620.0	0.776588	0.0664725	0.710115	0.791232
3621.0	0.840834	0.814664	0.0261695	0.705418
3622.0	0.781198	0.964653	0.183455	0.75761
3623.0	0.437526	0.20804	0.229486	0.876903
3624.0	0.875661	0.450581	0.42508	0.780027
3625.0	0.763443	1.04276	0.279317	0.840226
3626.0	0.676963	0.324966	0.351998	0.901705
3627.0	0.864004	0.712433	0.151571	0.714038
3628.0	0.0683491	0.834922	0.766573	0.756043
3629.0	0.00620365	0.303374	0.29717	0.814458
3630.0	0.166874	0.0406573	0.126217	0.793273
3631.0	0.503992	0.516495	0.0125027	0.799822
3632.0	0.157597	0.0566473	0.10095	0.814572
3633.0	0.181838	0.487488	0.30565	0.777113
3634.0	0.744978	0.783554	0.0385759	0.848842
3635.0	0.59362	0.932565	0.338945	0.791039
3636.0	0.552528	0.47371	0.0788179	0.724874
3637.0	0.20225	0.204829	0.00257884	0.801195
3638.0	0.972031	0.253374	0.718657	0.746904
3639.0	0.992464	0.766037	0.226427	0.747914
3640.0	0.810241	1.56654	0.756298	0.840352
3641.0	0.814415	0.830812	0.0163972	0.829247
3642.0	0.543837	0.0561085	0.487728	0.642922
3643.0	0.528002	0.801684	0.273681	0.817628
3644.0	0.838375	0.726415	0.11196	0.774159
3645.0	0.719659	1.5192	0.799541	0.700881
3646.0	0.676867	2.07911	1.40224	0.669252
3647.0	0.720582	1.52025	0.799665	0.707256
3648.0	0.515398	0.626153	0.110755	0.797686
3649.0	0.38089	1.02978	0.648894	0.706112
3650.0	0.900109	0.504125	0.395984	0.882447
3651.0	0.26051	-0.114383	0.374893	0.840899
3652.0	0.223231	-0.127373	0.350604	0.769663
3653.0	0.290153	0.841656	0.551503	0.746902
3654.0	0.0825041	-0.446638	0.529142	0.788984
3655.0	0.00814434	0.472204	0.464059	0.895964
3656.0	0.254772	0.498529	0.243756	0.722352
3657.0	0.607919	0.0599503	0.547969	0.766935
3658.0	0.486339	0.414048	0.0722911	0.812313
3659.0	0.485003	0.502408	0.0174057	0.681112
3660.0	0.858463	0.571915	0.286547	0.723544
3661.0	0.873627	0.634133	0.239494	0.853247
3662.0	0.763308	0.569317	0.193991	0.743312
3663.0	0.52281	0.322197	0.200613	0.757545
3664.0	0.863994	1.45436	0.590369	0.884015
3665.0	0.573736	0.694685	0.12095	0.738286
3666.0	0.706163	0.920265	0.214101	0.912123
3667.0	0.0879308	0.503498	0.415567	0.737456
3668.0	0.338305	0.152389	0.185916	0.687248
3669.0	0.479838	0.672383	0.192545	0.722364
3670.0	0.680574	0.736622	0.0560476	0.900106
3671.0	0.876331	0.810111	0.0662199	0.794075
3672.0	0.391317	0.576877	0.185561	0.864633
3673.0	0.759368	0.462571	0.296796	0.787525
3674.0	0.119159	-0.625794	0.744953	0.783588
3675.0	0.595818	0.485719	0.110099	0.874441
3676.0	0.0293979	-0.239334	0.268732	0.800594
3677.0	0.773519	0.446356	0.327163	0.836953
3678.0	0.901657	1.0435	0.141844	0.870795
3679.0	0.477943	0.393269	0.0846738	0.750405
3680.0	0.340737	0.108885	0.231852	0.789678
3681.0	0.857822	0.610103	0.247719	0.849292
3682.0	0.113372	-0.218383	0.331755	0.761045
3683.0	0.832918	0.550046	0.282872	0.753722
3684.0	0.324847	0.415819	0.0909717	0.755259
3685.0	0.000407628	0.553481	0.553074	0.878241
3686.0	0.0101548	0.162821	0.152667	0.743024
3687.0	0.301113	0.0910866	0.210027	0.731565
3688.0	0.0137402	0.349662	0.335922	0.768321
3689.0	0.697774	0.983275	0.285501	0.87777
3690.0	0.77953	1.51492	0.735389	0.847075
3691.0	0.35043	0.34521	0.00521933	0.842846
3692.0	0.821515	0.537692	0.283823	0.849494
3693.0	0.663933	0.93926	0.275327	0.799907
3694.0	0.815228	0.679295	0.135934	0.701429
3695.0	0.884019	1.10624	0.222218	0.878643
3696.0	0.369348	0.653167	0.283819	0.725704
3697.0	0.143546	0.358344	0.214798	0.897437
3698.0	0.332803	0.547722	0.214919	0.786562
3699.0	0.763658	0.3466	0.417058	0.776969
3700.0	0.868314	0.633316	0.234998	0.880845
3701.0	0.750409	0.722655	0.0277542	0.918494
3702.0	0.92961	0.407512	0.522098	0.812511
3703.0	0.0134688	0.317876	0.304407	0.837023
3704.0	0.0847652	-0.178617	0.263382	0.873572
3705.0	0.119039	-0.303052	0.422092	0.772774
3706.0	0.041581	-0.703402	0.744983	0.938427
3707.0	0.696973	0.401741	0.295232	0.768957
3708.0	0.601373	0.503564	0.0978099	0.785119
3709.0	0.0461157	0.167369	0.121254	0.840271
3710.0	0.232026	-0.051424	0.28345	0.719017
3711.0	0.67013	0.432293	0.237837	0.842005
3712.0	0.0436318	0.197472	0.15384	0.84323
3713.0	0.278905	0.236243	0.0426618	0.868653
3714.0	0.936707	0.742549	0.194158	0.882028
3715.0	0.945873	0.862046	0.0838268	0.689973
3716.0	0.16207	0.804619	0.642549	0.785773
3717.0	0.0737519	0.332451	0.258699	0.753983
3718.0	0.782903	0.898274	0.115371	0.797147
3719.0	0.762528	0.928698	0.16617	0.75265
3720.0	0.112211	0.233627	0.121416	0.826499
3721.0	0.0915897	0.357026	0.265437	0.836486
3722.0	0.675866	0.979272	0.303406	0.832481
3723.0	0.257919	0.0573855	0.200534	0.766221
3724.0	0.596907	0.46861	0.128297	0.741109
3725.0	0.742087	1.46361	0.721527	0.834158
3726.0	0.962015	1.14554	0.183524	0.834627
3727.0	0.390691	0.853625	0.462934	0.844502
3728.0	0.166293	0.654485	0.488191	0.786657
3729.0	0.132208	0.169028	0.0368207	0.779892
3730.0	0.1987	0.379665	0.180965	0.774136
3731.0	0.110057	0.223763	0.113706	0.819716
3732.0	0.679014	0.126592	0.552423	0.815099
3733.0	0.352467	0.417806	0.0653394	0.735115
3734.0	0.393458	0.395843	0.00238535	0.821937
3735.0	0.462963	0.0137479	0.449215	0.841661
3736.0	0.739109	0.745043	0.00593419	0.897449
3737.0	0.598322	0.363905	0.234417	0.74722
3738.0	0.631878	0.216724	0.415154	0.655646
3739.0	0.733763	0.552295	0.181468	0.755561
3740.0	0.911566	0.517425	0.394141	0.857786
3741.0	0.97664	0.347295	0.629345	0.847336
3742.0	0.864067	0.850793	0.0132743	0.843077
3743.0	0.640075	1.37072	0.730643	0.792086
3744.0	0.322919	0.4487	0.125781	0.745681
3745.0	0.319639	0.472669	0.15303	0.869785
3746.0	0.942864	0.673565	0.269299	0.768039
3747.0	0.632206	1.01197	0.379767	0.825944
3748.0	0.0341886	-0.151537	0.185726	0.876103
3749.0	0.987383	0.727112	0.260272	0.748167
3750.0	0.202649	0.55079	0.348141	0.746802
3751.0	0.801857	0.533762	0.268095	0.782859
3752.0	0.159608	0.224179	0.0645717	0.766467
3753.0	0.328212	0.503791	0.175578	0.818732
3754.0	0.625585	0.301413	0.324173	0.703688
3755.0	0.611338	0.900955	0.289617	0.785974
3756.0	0.864192	0.782056	0.0821359	0.813624
3757.0	0.922251	0.598893	0.323358	0.82573
3758.0	0.611663	0.547323	0.0643402	0.695782
3759.0	0.592916	0.612572	0.0196565	0.791497
3760.0	0.806851	0.966372	0.159521	0.796846
3761.0	0.346178	0.467258	0.12108	0.780672
3762.0	0.462886	0.61151	0.148625	0.881819
3763.0	0.623048	0.916882	0.293834	0.793786
3764.0	0.729428	0.959049	0.229621	0.919357
3765.0	0.112908	0.111479	0.0014293	0.769154
3766.0	0.800829	0.859328	0.0584992	0.770096
3767.0	0.250542	0.176828	0.0737145	0.787249
3768.0	0.940997	0.568934	0.372063	0.834454
3769.0	0.448389	0.768082	0.319692	0.850954
3770.0	0.509738	0.648448	0.138709	0.769824
3771.0	0.504098	0.646164	0.142067	0.786679
3772.0	0.0562576	0.179231	0.122974	0.824946
3773.0	0.2612	0.634379	0.373179	0.807477
3774.0	0.254421	0.405269	0.150848	0.794472
3775.0	0.0560735	-0.463898	0.519971	0.767801
3776.0	0.472023	0.530849	0.0588253	0.797378
3777.0	0.297421	-0.147416	0.444837	0.820583
3778.0	0.0747798	0.714469	0.639689	0.751822
3779.0	0.245685	0.366385	0.120701	0.751155
3780.0	0.22543	0.453581	0.228151	0.778749
3781.0	0.19549	0.211032	0.0155426	0.807652
3782.0	0.912407	1.62115	0.708739	0.811069
3783.0	0.887326	1.20813	0.320802	0.78756
3784.0	0.458497	0.547576	0.0890795	0.84952
3785.0	0.0748425	-0.429791	0.504633	0.748012
3786.0	0.684313	0.633815	0.0504986	0.93747
3787.0	0.8229	0.757968	0.0649319	0.739516
3788.0	0.386604	0.663561	0.276957	0.895484
3789.0	0.501552	0.585426	0.0838743	0.762331
3790.0	0.784107	0.779506	0.00460137	0.781358
3791.0	0.705332	1.27151	0.56618	0.704096
3792.0	0.112274	-0.102413	0.214687	0.754639
3793.0	0.544874	0.883303	0.338429	0.730618
3794.0	0.901782	0.557864	0.343917	0.73732
3795.0	0.77287	0.551353	0.221517	0.838728
3796.0	0.114027	-0.288184	0.402211	0.87817
3797.0	0.393217	0.938431	0.545214	0.765086
3798.0	0.417519	0.011763	0.405756	0.800546
3799.0	0.105375	0.304788	0.199413	0.783818
3800.0	0.150067	0.687558	0.537491	0.785583
3801.0	0.0882877	0.305015	0.216728	0.767064
3802.0	0.845042	1.50261	0.657571	0.68909
3803.0	0.059029	0.648163	0.589134	0.83984
3804.0	0.563194	0.863685	0.300491	0.907126
3805.0	0.847776	1.18343	0.335652	0.689977
3806.0	0.151421	0.550863	0.399442	0.83563
3807.0	0.350833	0.544444	0.19361	0.777549
3808.0	0.868136	1.36776	0.499624	0.850322
3809.0	0.85297	1.48927	0.636302	0.799119
3810.0	0.0796641	0.2632	0.183536	0.704813
3811.0	0.657401	0.924019	0.266618	0.856127
3812.0	0.629412	0.751665	0.122253	0.718144
3813.0	0.989356	0.560147	0.429209	0.812573
3814.0	0.546841	1.09757	0.550726	0.790123
3815.0	0.326286	1.18147	0.855182	0.723012
3816.0	0.231838	-0.0890198	0.320858	0.816912
3817.0	0.827702	0.746251	0.0814506	0.850924
3818.0	0.241043	0.301918	0.0608754	0.779825
3819.0	0.940398	0.588923	0.351475	0.790378
3820.0	0.55007	1.30846	0.75839	0.788319
3821.0	0.776119	0.537021	0.239098	0.770488
3822.0	0.024833	0.15945	0.134617	0.800053
3823.0	0.0413506	-0.0609456	0.102296	0.776052
3824.0	0.687043	0.681342	0.00570104	0.8533
3825.0	0.302869	0.466339	0.163471	0.782771
3826.0	0.763214	0.545399	0.217815	0.840139
3827.0	0.275362	-0.0400516	0.315414	0.92875
3828.0	0.945223	0.817591	0.127632	0.77458
3829.0	0.674199	0.302969	0.37123	0.828355
3830.0	0.720589	-0.665994	1.38658	0.746701
3831.0	0.561424	0.335459	0.225965	0.832398
3832.0	0.839636	1.15278	0.313141	0.788009
3833.0	0.376619	0.55351	0.176891	0.831913
3834.0	0.415499	0.560183	0.144685	0.789925
3835.0	0.779066	1.05647	0.277404	0.761344
3836.0	0.608993	1.42459	0.815601	0.872929
3837.0	0.126157	0.31622	0.190063	0.804812
3838.0	0.247709	1.0107	0.762995	0.838328
3839.0	0.723787	1.248	0.524209	0.800774
3840.0	0.971557	-0.389494	1.36105	0.731432
3841.0	0.326965	0.0104007	0.316564	0.674083
3842.0	0.323292	0.257621	0.0656712	0.626768
3843.0	0.887926	0.57222	0.315706	0.817695
3844.0	0.900479	0.7181	0.182379	0.817021
3845.0	0.904484	0.849528	0.0549559	0.853702
3846.0	0.906706	0.972023	0.065316	0.853959
3847.0	0.173332	0.560583	0.387251	0.823538
3848.0	0.549866	1.03856	0.488695	0.711206
3849.0	0.627942	0.146479	0.481463	0.732046
3850.0	0.972698	1.36713	0.394429	0.713069
3851.0	0.237882	0.000258116	0.237624	0.853781
3852.0	0.159476	0.70166	0.542184	0.809972
3853.0	0.0584606	0.327658	0.269197	0.795412
3854.0	0.470393	0.428646	0.0417469	0.793903
3855.0	0.354501	0.489475	0.134975	0.762799
3856.0	0.298653	0.360253	0.0616	0.853938
3857.0	0.813267	1.28997	0.476706	0.768906
3858.0	0.61255	0.884241	0.271691	0.701784
3859.0	0.774379	0.704453	0.0699261	0.733508
3860.0	0.367777	0.339223	0.0285533	0.872863
3861.0	0.536637	-0.14129	0.677927	0.837076
3862.0	0.215337	0.252797	0.0374601	0.830545
3863.0	0.30055	0.357166	0.0566163	0.850169
3864.0	0.13105	0.166639	0.0355891	0.841362
3865.0	0.259502	-0.0386128	0.298115	0.797321
3866.0	0.628701	0.653788	0.0250866	0.823612
3867.0	0.739946	0.368267	0.371679	0.8342
3868.0	0.714341	0.141589	0.572753	0.813595
3869.0	0.153824	0.722067	0.568243	0.691709
3870.0	0.344977	0.360759	0.0157824	0.830581
3871.0	0.0253737	0.306118	0.280744	0.799356
3872.0	0.795419	0.826099	0.0306796	0.763547
3873.0	0.865832	0.719206	0.146626	0.871384
3874.0	0.82776	0.707127	0.120633	0.713283
3875.0	0.525398	0.222828	0.30257	0.79062
3876.0	0.633387	0.840531	0.207144	0.813353
3877.0	0.870421	1.94503	1.07461	0.783068
3878.0	0.254634	0.132793	0.12184	0.823623
3879.0	0.0537724	0.709584	0.655812	0.855825
3880.0	0.251685	0.0959506	0.155734	0.809288
3881.0	0.276739	0.315288	0.0385489	0.890794
3882.0	0.644838	0.37305	0.271787	0.850592
3883.0	0.24941	0.0461342	0.203276	0.746815
3884.0	0.258657	0.0835378	0.175119	0.825089
3885.0	0.148193	-0.283987	0.43218	0.843637
3886.0	0.774158	0.766788	0.00736973	0.756318
3887.0	0.572122	0.654409	0.0822863	0.735543
3888.0	0.856372	0.605467	0.250905	0.757509
3889.0	0.382237	0.00872427	0.373513	0.919124
3890.0	0.801001	1.00123	0.200227	0.756581
3891.0	0.601754	0.814692	0.212938	0.707162
3892.0	0.30073	-0.340288	0.641018	0.802404
3893.0	0.246126	-0.161093	0.407219	0.832276
3894.0	0.0387679	-0.688251	0.727019	0.900217
3895.0	0.435639	0.391495	0.0441437	0.858717
3896.0	0.897427	1.10957	0.212147	0.784174
3897.0	0.337687	0.0349316	0.302755	0.849189
3898.0	0.720414	0.679332	0.0410824	0.675204
3899.0	0.738178	0.728067	0.0101108	0.835057
3900.0	0.638027	1.19617	0.558146	0.811451
3901.0	0.526015	1.15	0.623983	0.854241
3902.0	0.6264	0.390759	0.23564	0.76416
3903.0	0.588925	0.887934	0.299009	0.913695
3904.0	0.807019	1.05541	0.248387	0.799355
3905.0	0.629249	1.11585	0.486597	0.711675
3906.0	0.909141	0.817539	0.091602	0.78716
3907.0	0.0956439	0.771758	0.676114	0.805237
3908.0	0.256451	0.235667	0.020784	0.801466
3909.0	0.663049	1.0431	0.380055	0.744721
3910.0	0.708333	1.05517	0.346841	0.776146
3911.0	0.651834	0.416298	0.235536	0.67482
3912.0	0.647564	0.742036	0.0944722	0.712691
3913.0	0.171095	-0.176218	0.347313	0.631166
3914.0	0.065281	1.20212	1.13684	0.849128
3915.0	0.088816	1.02639	0.937578	0.707006
3916.0	0.360078	0.356852	0.00322612	0.775558
3917.0	0.946743	0.786427	0.160316	0.830034
3918.0	0.509222	0.846133	0.336911	0.769284
3919.0	0.343592	-0.0139495	0.357541	0.785662
3920.0	0.411757	0.103856	0.307901	0.808951
3921.0	0.106649	0.528549	0.421899	0.781044
3922.0	0.36781	0.440513	0.0727032	0.898137
3923.0	0.337202	0.434122	0.09692	0.78509
3924.0	0.654308	0.560201	0.0941071	0.784868
3925.0	0.657673	0.958682	0.30101	0.814232
3926.0	0.812657	0.785063	0.0275939	0.743754
3927.0	0.518785	0.750488	0.231703	0.801909
3928.0	0.461796	0.0995902	0.362206	0.73553
3929.0	0.628783	0.661061	0.0322772	0.742485
3930.0	0.202921	-0.561679	0.7646	0.881569
3931.0	0.187543	-0.0205547	0.208097	0.769845
3932.0	0.717201	0.429647	0.287553	0.78796
3933.0	0.176617	0.207251	0.0306343	0.770397
3934.0	0.51603	0.491502	0.0245287	0.719707
3935.0	0.498714	0.517053	0.018339	0.7415
3936.0	0.546077	0.256328	0.289749	0.647448
3937.0	0.0744361	0.310463	0.236027	0.819906
3938.0	0.0983533	0.400488	0.302135	0.947032
3939.0	0.0500151	0.184316	0.134301	0.760092
3940.0	0.0871545	0.321664	0.23451	0.80426
3941.0	0.431964	0.779577	0.347613	0.853598
3942.0	0.525126	0.980199	0.455073	0.874077
3943.0	0.101333	-0.0854192	0.186752	0.846869
3944.0	0.33933	-0.167908	0.507238	0.840091
3945.0	0.31688	-0.197278	0.514159	0.664073
3946.0	0.389272	0.283971	0.105301	0.830507
3947.0	0.68827	0.581391	0.10688	0.714742
3948.0	0.00469794	0.515752	0.511054	0.86228
3949.0	0.531079	-0.208833	0.739912	0.779506
3950.0	0.991591	0.261119	0.730472	0.69519
3951.0	0.831998	0.483955	0.348043	0.748904
3952.0	0.378159	0.54045	0.162292	0.784159
3953.0	0.399561	-0.134485	0.534046	0.760945
3954.0	0.305018	0.36005	0.0550323	0.817852
3955.0	0.923988	0.707576	0.216411	0.905
3956.0	0.206418	0.41646	0.210041	0.888851
3957.0	0.743815	0.812062	0.0682467	0.836593
3958.0	0.823186	0.668593	0.154593	0.886604
3959.0	0.897911	0.63493	0.262981	0.803608
3960.0	0.450511	0.575534	0.125023	0.802113
3961.0	0.589559	0.466843	0.122716	0.787249
3962.0	0.443576	0.272304	0.171272	0.731275
3963.0	0.205225	0.828639	0.623414	0.953563
3964.0	0.0233468	-0.114389	0.137736	0.738519
3965.0	0.0339611	0.191153	0.157192	0.715159
3966.0	0.550271	0.882438	0.332167	0.691855
3967.0	0.319618	0.721558	0.40194	0.664955
3968.0	0.282366	0.443026	0.16066	0.764106
3969.0	0.165279	0.964881	0.799601	0.823989
3970.0	0.545239	0.45434	0.0908992	0.710507
3971.0	0.565588	0.394116	0.171472	0.905168
3972.0	0.14316	-1.24112	1.38428	0.812309
3973.0	0.145071	0.42956	0.284488	0.837049
3974.0	0.609713	0.835272	0.225559	0.8737
3975.0	0.600676	0.528507	0.0721684	0.791242
3976.0	0.278259	0.727173	0.448914	0.774018
3977.0	0.623776	0.782233	0.158457	0.736048
3978.0	0.574213	0.718365	0.144152	0.792525
3979.0	0.789241	1.08933	0.300085	0.834573
3980.0	0.741015	0.351137	0.389878	0.737994
3981.0	0.659024	0.451219	0.207805	0.858432
3982.0	0.44234	0.169056	0.273284	0.798686
3983.0	0.785148	0.919441	0.134292	0.781278
3984.0	0.16367	0.35675	0.19308	0.814653
3985.0	0.548634	0.288297	0.260336	0.707147
3986.0	0.602442	0.714476	0.112035	0.701115
3987.0	0.269146	0.731906	0.46276	0.809349
3988.0	0.422228	0.585821	0.163593	0.78393
3989.0	0.150055	0.538457	0.388403	0.740406
3990.0	0.545966	0.799624	0.253657	0.780471
3991.0	0.633492	0.684476	0.0509844	0.746767
3992.0	0.615841	0.570134	0.045707	0.83089
3993.0	0.39146	0.035774	0.355686	0.793816
3994.0	0.401361	0.58149	0.180129	0.72373
3995.0	0.27197	0.173273	0.0986976	0.957786
3996.0	0.129167	0.155297	0.0261298	0.823505
3997.0	0.333902	-0.209626	0.543529	0.644384
3998.0	0.282489	0.506789	0.2243	0.747063
3999.0	0.179888	0.404062	0.224173	0.752858
4000.0	0.176378	0.39295	0.216572	0.815488
4001.0	0.995755	0.88622	0.109535	0.875587
4002.0	0.767383	0.672461	0.0949221	0.686235
4003.0	0.151158	-0.0789181	0.230076	0.827008
4004.0	0.147359	0.273549	0.12619	0.787015
4005.0	0.803502	0.781609	0.0218933	0.878882
4006.0	0.612135	1.50539	0.893258	0.704227
4007.0	0.187557	0.319039	0.131482	0.816138
4008.0	0.995425	0.66223	0.333195	0.941768
4009.0	0.515677	1.02419	0.508518	0.789305
4010.0	0.502418	0.819058	0.31664	0.90089
4011.0	0.850626	0.845283	0.0053427	0.777887
4012.0	0.0916644	0.268995	0.177331	0.862568
4013.0	0.720857	0.217707	0.503151	0.788983
4014.0	0.731111	0.62174	0.109371	0.888129
4015.0	0.695117	1.16406	0.468939	0.808381
4016.0	0.00715148	-0.0349786	0.0421301	0.6303
4017.0	0.593988	1.18122	0.58723	0.809463
4018.0	0.173905	0.19079	0.0168851	0.737333
4019.0	0.738952	0.689823	0.0491293	0.823636
4020.0	0.846996	1.35059	0.503595	0.725921
4021.0	0.272783	0.612676	0.339893	0.798007
4022.0	0.265262	0.431698	0.166436	0.791598
4023.0	0.128308	0.426125	0.297817	0.87095
4024.0	0.106187	-0.166873	0.27306	0.78145
4025.0	0.0908282	0.317758	0.22693	0.763286
4026.0	0.228184	0.955573	0.727389	0.755786
4027.0	0.101259	0.718904	0.617645	0.905189
4028.0	0.824422	0.662862	0.16156	0.816613
4029.0	0.803263	1.71271	0.909446	0.680731
4030.0	0.154553	-0.132667	0.28722	0.765442
4031.0	0.771199	1.11678	0.345576	0.759898
4032.0	0.106126	0.145595	0.0394691	0.716685
4033.0	0.241881	0.134064	0.107817	0.734481
4034.0	0.810729	0.322267	0.488462	0.923188
4035.0	0.470803	0.0518	0.419003	0.748537
4036.0	0.932017	0.933328	0.00131028	0.803779
4037.0	0.224	0.310334	0.0863349	0.80201
4038.0	0.136632	0.69235	0.555718	0.787061
4039.0	0.351121	-0.0727458	0.423867	0.817274
4040.0	0.587616	0.298487	0.289129	0.702902
4041.0	0.576957	0.65673	0.0797732	0.848786
4042.0	0.997119	0.602799	0.39432	0.97125
4043.0	0.297199	0.236571	0.0606275	0.812378
4044.0	0.295628	-0.0650578	0.360686	0.751571
4045.0	0.718961	1.29115	0.572184	0.92287
4046.0	0.310611	0.229108	0.0815028	0.70976
4047.0	0.708245	1.51548	0.807231	0.736158
4048.0	0.69692	0.628838	0.0680813	0.658634
4049.0	0.873871	0.710292	0.163579	0.756248
4050.0	0.42744	0.132095	0.295345	0.757777
4051.0	0.464437	0.398523	0.0659139	0.844359
4052.0	0.465826	0.592546	0.12672	0.875456
4053.0	0.520586	0.561503	0.0409175	0.790132
4054.0	0.751568	0.279013	0.472556	0.836509
4055.0	0.298992	0.187138	0.111854	0.89619
4056.0	0.82132	0.947966	0.126646	0.740961
4057.0	0.235762	0.33764	0.101878	0.66078
4058.0	0.369349	0.405091	0.0357421	0.834141
4059.0	0.553844	1.04125	0.487404	0.683769
4060.0	0.624993	0.708944	0.0839511	0.698679
4061.0	0.271054	0.468208	0.197154	0.711665
4062.0	0.73197	0.553736	0.178234	0.815443
4063.0	0.762043	0.540741	0.221302	0.894097
4064.0	0.774992	0.592246	0.182747	0.86693
4065.0	0.949584	1.35848	0.408895	0.794147
4066.0	0.589236	1.19079	0.601554	0.689693
4067.0	0.689759	0.813654	0.123895	0.641901
4068.0	0.368677	0.436057	0.06738	0.772075
4069.0	0.986253	0.448246	0.538008	0.755257
4070.0	0.657039	0.754832	0.0977931	0.880374
4071.0	0.387981	-0.171069	0.55905	0.759703
4072.0	0.117272	0.497154	0.379882	0.846949
4073.0	0.137308	-0.553112	0.69042	0.724775
4074.0	0.959535	0.513918	0.445617	0.864334
4075.0	0.0493927	0.778996	0.729603	0.73336
4076.0	0.416372	0.345424	0.0709483	0.833561
4077.0	0.851481	1.05317	0.201692	0.805622
4078.0	0.416131	0.0249946	0.391136	0.782784
4079.0	0.264611	0.0205135	0.244097	0.720191
4080.0	0.387744	0.0109823	0.376761	0.787015
4081.0	0.128786	0.264856	0.136069	0.834606
4082.0	0.132528	-0.0158267	0.148355	0.717978
4083.0	0.56413	0.470289	0.0938411	0.772916
4084.0	0.295205	0.280323	0.0148816	0.728186
4085.0	0.980686	0.463097	0.517588	0.935442
4086.0	0.0551521	0.289656	0.234504	0.825681
4087.0	0.927806	1.08318	0.155372	0.779936
4088.0	0.0483704	0.0379124	0.010458	0.69597
4089.0	0.56598	0.165971	0.40001	0.828993
4090.0	0.996137	0.291973	0.704164	0.882938
4091.0	0.539544	0.61805	0.078506	0.882691
4092.0	0.478662	0.136343	0.342319	0.779249
4093.0	0.914062	0.0996279	0.814434	0.78508
4094.0	0.26216	0.236724	0.0254357	0.777121
4095.0	0.717717	0.551281	0.166436	0.775553
4096.0	0.145389	0.322718	0.177329	0.742086
4097.0	0.893844	0.927029	0.0331858	0.858887
4098.0	0.308541	0.566691	0.25815	0.71783
4099.0	0.984095	0.302359	0.681736	0.749091
4100.0	0.498412	0.573228	0.0748155	0.73379
4101.0	0.195862	0.370728	0.174866	0.862822
4102.0	0.649678	0.942907	0.293229	0.839425
4103.0	0.32239	-0.262508	0.584898	0.619895
4104.0	0.815875	0.503	0.312875	0.849824
4105.0	0.795201	0.639654	0.155547	0.780615
4106.0	0.957777	1.45427	0.496493	0.801181
4107.0	0.814385	0.852199	0.0378146	0.909299
4108.0	0.252938	0.510948	0.25801	0.731675
4109.0	0.649528	0.736736	0.0872085	0.749025
4110.0	0.2599	0.423268	0.163368	0.768838
4111.0	0.809476	0.95034	0.140864	0.848506
4112.0	0.386999	0.462419	0.0754204	0.714996
4113.0	0.818873	1.47582	0.656948	0.899525
4114.0	0.431186	0.744894	0.313708	0.85188
4115.0	0.41173	0.908253	0.496522	0.877727
4116.0	0.460472	0.656508	0.196036	0.874246
4117.0	0.620856	0.495163	0.125693	0.71216
4118.0	0.606712	0.368994	0.237718	0.7389
4119.0	0.0336268	-0.0952114	0.128838	0.870378
4120.0	0.82019	0.60456	0.21563	0.797547
4121.0	0.514178	0.615383	0.101205	0.780893
4122.0	0.250966	0.10027	0.150696	0.73945
4123.0	0.113515	0.15063	0.0371152	0.791965
4124.0	0.598491	-0.0568084	0.6553	0.786605
4125.0	0.261643	0.892743	0.6311	0.793618
4126.0	0.916475	0.869826	0.0466485	0.83102
4127.0	0.463725	0.657518	0.193793	0.826097
4128.0	0.986446	0.901824	0.0846217	0.832508
4129.0	0.558562	1.07039	0.511829	0.840777
4130.0	0.579877	0.756803	0.176926	0.772923
4131.0	0.476371	0.351061	0.12531	0.807693
4132.0	0.655566	0.849064	0.193498	0.706933
4133.0	0.998503	0.774348	0.224154	0.8282
4134.0	0.0572892	0.519775	0.462485	0.727453
4135.0	0.631867	0.638464	0.00659653	0.718953
4136.0	0.74867	0.269462	0.479208	0.739271
4137.0	0.766137	0.617417	0.14872	0.89341
4138.0	0.513415	1.1663	0.652886	0.789372
4139.0	0.297731	0.132514	0.165218	0.743744
4140.0	0.395449	0.289275	0.106174	0.868536
4141.0	0.384794	0.539473	0.154679	0.79153
4142.0	0.380897	-0.00457383	0.385471	0.889146
4143.0	0.227834	0.136042	0.0917921	0.905987
4144.0	0.208194	0.270855	0.062661	0.835784
4145.0	0.930976	0.632187	0.29879	0.71218
4146.0	0.46994	1.31932	0.849384	0.752173
4147.0	0.122962	0.595675	0.472712	0.899175
4148.0	0.450929	0.383522	0.0674071	0.861266
4149.0	0.837268	1.21679	0.37952	0.745332
4150.0	0.338801	0.894842	0.556041	0.813861
4151.0	0.565335	0.452014	0.113322	0.752393
4152.0	0.70518	0.527684	0.177496	0.85769
4153.0	0.76661	0.609528	0.157082	0.693679
4154.0	0.00597757	0.782131	0.776153	0.83721
4155.0	0.0922226	0.180775	0.0885525	0.714919
4156.0	0.341166	0.285208	0.0559578	0.824832
4157.0	0.356909	0.191817	0.165091	0.768324
4158.0	0.285918	0.233793	0.0521258	0.813418
4159.0	0.90553	0.25271	0.65282	0.810553
4160.0	0.643228	0.748813	0.105585	0.730609
4161.0	0.544483	0.542015	0.00246832	0.635539
4162.0	0.118907	0.107367	0.0115403	0.822927
4163.0	0.106254	-0.0483897	0.154643	0.83658
4164.0	0.208882	0.25919	0.0503081	0.745041
4165.0	0.478009	1.13627	0.658257	0.946064
4166.0	0.640383	0.449066	0.191317	0.75496
4167.0	0.535712	0.416296	0.119416	0.820767
4168.0	0.303374	1.27303	0.969653	0.8188
4169.0	0.859702	1.22717	0.367466	0.855958
4170.0	0.250369	0.394216	0.143847	0.768889
4171.0	0.888776	0.748541	0.140236	0.837631
4172.0	0.849854	0.836564	0.0132903	0.73246
4173.0	0.175303	1.22267	1.04737	0.752895
4174.0	0.196528	0.506734	0.310207	0.67337
4175.0	0.535327	0.400436	0.134891	0.817209
4176.0	0.197581	0.182756	0.0148247	0.782725
4177.0	0.119457	-0.165518	0.284975	0.809845
4178.0	0.557019	0.316017	0.241002	0.769887
4179.0	0.162092	0.728725	0.566634	0.740546
4180.0	0.46709	0.337256	0.129834	0.766523
4181.0	0.557007	0.734663	0.177656	0.804702
4182.0	0.753046	0.788747	0.0357009	0.784646
4183.0	0.658454	0.80431	0.145856	0.818644
4184.0	0.421704	0.434676	0.0129719	0.854987
4185.0	0.863915	0.792405	0.0715105	0.831499
4186.0	0.309019	0.137418	0.171601	0.846368
4187.0	0.0346084	0.215146	0.180538	0.696466
4188.0	0.51397	-0.126559	0.640529	0.79757
4189.0	0.928546	0.196312	0.732233	0.828737
4190.0	0.234177	0.439949	0.205772	0.856273
4191.0	0.617451	0.939147	0.321696	0.73069
4192.0	0.997167	0.147401	0.849765	0.663348
4193.0	0.326744	1.11494	0.788191	0.838835
4194.0	0.228531	0.664753	0.436222	0.763732
4195.0	0.232283	0.450822	0.218539	0.820285
4196.0	0.844647	0.840396	0.00425137	0.767481
4197.0	0.701	0.482013	0.218987	0.791417
4198.0	0.637274	1.48789	0.850612	0.81691
4199.0	0.659284	0.332609	0.326675	0.846052
4200.0	0.426329	0.551135	0.124806	0.815399
4201.0	0.150527	0.443446	0.292919	0.824739
4202.0	0.750751	0.445362	0.305389	0.798062
4203.0	0.483859	0.436494	0.0473648	0.812922
4204.0	0.897744	2.0602	1.16245	0.750243
4205.0	0.849032	0.865557	0.0165249	0.756497
4206.0	0.665144	0.795749	0.130604	0.863303
4207.0	0.651458	0.651401	5.72436e-05	0.85574
4208.0	0.0229338	-0.0588614	0.0817952	0.806954
4209.0	0.719135	0.793109	0.073974	0.670004
4210.0	0.220026	0.536471	0.316445	0.836712
4211.0	0.173373	0.388927	0.215554	0.770508
4212.0	0.175777	0.372002	0.196226	0.8517
4213.0	0.0302652	0.832667	0.802402	0.912514
4214.0	0.492664	0.822175	0.329511	0.797591
4215.0	0.692062	0.613551	0.078511	0.821033
4216.0	0.657589	0.961156	0.303567	0.855629
4217.0	0.734136	0.702803	0.0313325	0.811307
4218.0	0.338735	0.316669	0.0220656	0.688597
4219.0	0.226273	0.520401	0.294128	0.800278
4220.0	0.966064	0.341798	0.624266	0.749472
4221.0	0.767985	1.34097	0.57299	0.833054
4222.0	0.597669	0.849186	0.251517	0.700164
4223.0	0.611445	0.589115	0.02233	0.701342
4224.0	0.533964	0.962475	0.428511	0.702888
4225.0	0.781155	0.473157	0.307998	0.714797
4226.0	0.918957	0.938597	0.0196399	0.831061
4227.0	0.510286	0.628119	0.117833	0.721202
4228.0	0.584167	0.768768	0.184601	0.79077
4229.0	0.595731	0.790557	0.194826	0.790686
4230.0	0.783156	1.30234	0.519184	0.68594
4231.0	0.277363	0.453085	0.175722	0.73106
4232.0	0.309209	0.12893	0.18028	0.731028
4233.0	0.55379	0.5084	0.0453896	0.863124
4234.0	0.367782	0.668692	0.30091	0.827325
4235.0	0.97675	0.519988	0.456761	0.775658
4236.0	0.130972	0.297908	0.166935	0.785642
4237.0	0.486225	0.663349	0.177124	0.840696
4238.0	0.2858	0.323208	0.0374071	0.649471
4239.0	0.379135	0.783495	0.404359	0.77812
4240.0	0.866003	0.265334	0.600669	0.804928
4241.0	0.827882	0.257402	0.57048	0.793738
4242.0	0.749008	0.408273	0.340736	0.80786
4243.0	0.425196	0.643782	0.218587	0.7291
4244.0	0.866646	0.639966	0.22668	0.781799
4245.0	0.723881	0.434617	0.289264	0.886365
4246.0	0.16239	-0.0166133	0.179003	0.675761
4247.0	0.931023	0.452705	0.478317	0.88569
4248.0	0.159137	0.121985	0.037152	0.738694
4249.0	0.499162	0.438294	0.0608684	0.739783
4250.0	0.630229	0.85564	0.225411	0.815121
4251.0	0.286929	0.235575	0.0513533	0.813419
4252.0	0.294873	0.528117	0.233244	0.812266
4253.0	0.225141	-0.0819813	0.307122	0.76223
4254.0	0.585776	0.520552	0.0652235	0.749308
4255.0	0.881459	0.628984	0.252476	0.750239
4256.0	0.782491	0.898468	0.115977	0.645877
4257.0	0.76466	0.45529	0.309369	0.644475
4258.0	0.27306	0.974682	0.701622	0.734002
4259.0	0.613413	0.0139917	0.599421	0.732883
4260.0	0.160939	0.417218	0.256279	0.876955
4261.0	0.225712	-0.325334	0.551046	0.767658
4262.0	0.396105	0.319032	0.0770728	0.696681
4263.0	0.135861	0.403939	0.268078	0.876237
4264.0	0.0198895	-0.109406	0.129295	0.763314
4265.0	0.716878	0.780965	0.0640869	0.744545
4266.0	0.368707	0.677846	0.309139	0.851352
4267.0	0.482552	0.470653	0.0118991	0.753399
4268.0	0.304111	0.491084	0.186974	0.727504
4269.0	0.285708	0.073095	0.212613	0.727304
4270.0	0.397648	0.23592	0.161728	0.781504
4271.0	0.269284	0.732869	0.463585	0.791867
4272.0	0.0623185	0.991446	0.929128	0.811852
4273.0	0.732298	0.527834	0.204464	0.809464
4274.0	0.955974	0.52187	0.434103	0.706169
4275.0	0.708619	1.34099	0.632375	0.813943
4276.0	0.174016	0.367033	0.193016	0.779727
4277.0	0.154526	0.198237	0.0437113	0.780478
4278.0	0.923847	0.619753	0.304094	0.746247
4279.0	0.903517	1.07381	0.170291	0.74753
4280.0	0.0543156	0.408449	0.354133	0.839383
4281.0	0.65205	0.499932	0.152117	0.72339
4282.0	0.130622	0.0960232	0.034599	0.89872
4283.0	0.397626	0.585184	0.187558	0.887175
4284.0	0.789758	0.444832	0.344925	0.818372
4285.0	0.573296	0.159656	0.41364	0.757433
4286.0	0.322158	0.12374	0.198417	0.754623
4287.0	0.896517	0.633655	0.262863	0.909031
4288.0	0.0417896	0.320791	0.279001	0.647217
4289.0	0.662105	0.267927	0.394179	0.795382
4290.0	0.814346	1.08148	0.267137	0.746698
4291.0	0.827859	1.09938	0.271516	0.74665
4292.0	0.647185	0.40449	0.242695	0.852992
4293.0	0.772126	1.02387	0.251748	0.863855
4294.0	0.796503	0.840955	0.0444519	0.723161
4295.0	0.600793	0.682176	0.0813833	0.804864
4296.0	0.430921	0.721433	0.290512	0.840719
4297.0	0.639777	1.02307	0.383296	0.680527
4298.0	0.518272	0.489366	0.0289056	0.863944
4299.0	0.310007	0.729393	0.419386	0.845185
4300.0	0.412833	1.03118	0.618351	0.847464
4301.0	0.275854	0.40269	0.126836	0.774489
4302.0	0.270496	0.419054	0.148558	0.774363
4303.0	0.221864	0.535201	0.313337	0.83343
4304.0	0.226003	0.606802	0.380798	0.832358
4305.0	0.579151	0.880729	0.301578	0.780435
4306.0	0.155164	0.259077	0.103913	0.772546
4307.0	0.981808	1.02519	0.043386	0.675967
4308.0	0.684124	1.18947	0.50535	0.735569
4309.0	0.463129	0.306508	0.15662	0.732877
4310.0	0.112606	0.0761221	0.0364842	0.899429
4311.0	0.697695	0.811661	0.113965	0.701332
4312.0	0.739181	0.687802	0.0513796	0.834986
4313.0	0.326301	0.365599	0.0392981	0.629682
4314.0	0.332315	0.447482	0.115167	0.629488
4315.0	0.639859	0.485397	0.154462	0.744334
4316.0	0.0929374	-0.474947	0.567884	0.867478
4317.0	0.706782	1.25591	0.549124	0.871454
4318.0	0.740457	0.975791	0.235333	0.877411
4319.0	0.330464	0.440793	0.110329	0.845782
4320.0	0.341876	-0.00911204	0.350988	0.777194
4321.0	0.555064	1.63116	1.0761	0.659055
4322.0	0.55778	1.41011	0.852333	0.666644
4323.0	0.266714	0.92053	0.653816	0.804636
4324.0	0.583822	0.675247	0.0914255	0.832963
4325.0	0.639357	0.410075	0.229282	0.768658
4326.0	0.650771	0.860915	0.210144	0.791025
4327.0	0.632468	0.691123	0.0586551	0.751528
4328.0	0.0882171	0.311116	0.222899	0.851372
4329.0	0.195632	0.78618	0.590548	0.791327
4330.0	0.372341	0.505426	0.133085	0.935792
4331.0	0.264964	0.254751	0.0102136	0.712406
4332.0	0.634967	1.08598	0.451009	0.909117
4333.0	0.809615	0.473362	0.336253	0.73833
4334.0	0.273941	0.342471	0.0685303	0.836476
4335.0	0.797558	0.527611	0.269947	0.82103
4336.0	0.908401	1.07145	0.163048	0.767494
4337.0	0.719352	0.484915	0.234437	0.757432
4338.0	0.712993	0.19072	0.522273	0.79429
4339.0	0.998187	0.311077	0.68711	0.738009
4340.0	0.975813	0.629867	0.345946	0.745075
4341.0	0.684002	0.695551	0.0115491	0.687534
4342.0	0.535291	0.787946	0.252655	0.839486
4343.0	0.275784	1.01121	0.735426	0.746545
4344.0	0.101763	0.744506	0.642743	0.808479
4345.0	0.402934	-0.204253	0.607187	0.70654
4346.0	0.573637	0.453866	0.119771	0.792664
4347.0	0.410271	0.518538	0.108267	0.805959
4348.0	0.280357	0.420759	0.140402	0.715636
4349.0	0.339118	0.249095	0.0900231	0.721624
4350.0	0.705608	0.456815	0.248792	0.875264
4351.0	0.280166	0.62894	0.348774	0.812799
4352.0	0.454023	0.746833	0.29281	0.813218
4353.0	0.141564	0.307951	0.166387	0.717658
4354.0	0.528202	0.967295	0.439093	0.816471
4355.0	0.339551	0.641658	0.302106	0.797859
4356.0	0.660319	0.706545	0.0462262	0.813081
4357.0	0.742696	0.461835	0.28086	0.742484
4358.0	0.105929	0.805443	0.699513	0.761455
4359.0	0.0576966	0.374722	0.317025	0.872109
4360.0	0.562002	0.437456	0.124546	0.815597
4361.0	0.955681	0.967901	0.0122204	0.8348
4362.0	0.786056	0.746177	0.0398797	0.789711
4363.0	0.0671111	-0.0319679	0.099079	0.853739
4364.0	0.0787846	0.456784	0.378	0.878095
4365.0	0.281439	0.452707	0.171268	0.76667
4366.0	0.936224	0.712965	0.223259	0.795817
4367.0	0.0380931	-0.0548571	0.0929502	0.795179
4368.0	0.230936	0.71216	0.481224	0.725774
4369.0	0.662755	0.690584	0.027829	0.819248
4370.0	0.482974	0.54276	0.0597858	0.681053
4371.0	0.648588	0.896773	0.248186	0.782867
4372.0	0.633413	0.639678	0.00626475	0.784182
4373.0	0.796346	0.612648	0.183698	0.732447
4374.0	0.70065	0.298927	0.401722	0.801622
4375.0	0.577851	1.40381	0.825962	0.724129
4376.0	0.494426	1.16658	0.672151	0.809226
4377.0	0.830406	0.83283	0.00242405	0.829111
4378.0	0.528333	0.899161	0.370828	0.708059
4379.0	0.742339	0.705312	0.0370268	0.793628
4380.0	0.715537	0.426183	0.289354	0.787938
4381.0	0.744525	0.236046	0.508479	0.70701
4382.0	0.967713	0.732889	0.234824	0.87028
4383.0	0.0204935	-0.367971	0.388464	0.693003
4384.0	0.0192559	-0.125608	0.144864	0.695416
4385.0	0.861065	1.0051	0.144038	0.883839
4386.0	0.400868	-0.0899189	0.490787	0.704623
4387.0	0.395462	0.919431	0.523969	0.80636
4388.0	0.363111	0.360469	0.00264164	0.803816
4389.0	0.396972	0.16109	0.235883	0.723279
4390.0	0.247524	0.369118	0.121594	0.856924
4391.0	0.643482	0.82362	0.180137	0.807624
4392.0	0.992623	0.0845324	0.90809	0.661546
4393.0	0.174197	0.453502	0.279305	0.565071
4394.0	0.197245	0.213454	0.0162085	0.566202
4395.0	0.892392	0.749313	0.14308	0.812751
4396.0	0.113319	-1.12566	1.23898	0.752644
4397.0	0.539822	0.750777	0.210955	0.702396
4398.0	0.318116	0.448226	0.13011	0.62656
4399.0	0.445436	0.0774807	0.367955	0.827333
4400.0	0.437769	0.287069	0.1507	0.829899
4401.0	0.368377	0.205809	0.162569	0.775
4402.0	0.115478	0.120014	0.0045365	0.769245
4403.0	0.319693	0.238988	0.0807053	0.637523
4404.0	0.352861	0.0817883	0.271072	0.747677
4405.0	0.78818	0.590906	0.197274	0.725545
4406.0	0.777313	0.54163	0.235683	0.72522
4407.0	0.6082	0.929127	0.320927	0.705745
4408.0	0.752549	0.368397	0.384152	0.779185
4409.0	0.531257	0.811659	0.280403	0.679386
4410.0	0.832088	1.29054	0.458449	0.693195
4411.0	0.676018	0.474821	0.201197	0.735043
4412.0	0.308107	0.108718	0.19939	0.842101
4413.0	0.77482	0.984873	0.210053	0.795017
4414.0	0.4169	-0.365655	0.782556	0.69111
4415.0	0.584225	1.75784	1.17362	0.866015
4416.0	0.665139	0.388653	0.276486	0.720278
4417.0	0.0724017	0.31173	0.239329	0.705335
4418.0	0.0646357	0.0808411	0.0162054	0.706414
4419.0	0.388207	0.672006	0.283798	0.793818
4420.0	0.873476	0.769112	0.104364	0.757952
4421.0	0.757124	0.206394	0.55073	0.830421
4422.0	0.516709	0.538205	0.0214963	0.780834
4423.0	0.617024	0.693032	0.0760083	0.771252
4424.0	0.819565	0.624595	0.19497	0.709715
4425.0	0.808003	0.73491	0.0730931	0.712125
4426.0	0.149554	0.379463	0.229909	0.749558
4427.0	0.775565	0.999212	0.223647	0.753114
4428.0	0.839468	0.639894	0.199574	0.744817
4429.0	0.176484	0.807669	0.631185	0.700121
4430.0	0.160318	0.693258	0.53294	0.702269
4431.0	0.620164	0.762818	0.142654	0.641905
4432.0	0.898728	1.0097	0.110969	0.738033
4433.0	0.871095	1.18245	0.311353	0.736348
4434.0	0.989649	0.829222	0.160427	0.799378
4435.0	0.0640592	0.670115	0.606056	0.752676
4436.0	0.202011	-0.0681884	0.2702	0.768584
4437.0	0.102337	0.0555967	0.0467398	0.698189
4438.0	0.123704	-0.0460091	0.169713	0.697691
4439.0	0.943535	0.747717	0.195819	0.759364
4440.0	0.300932	-0.199371	0.500302	0.817944
4441.0	0.621479	0.743591	0.122112	0.69185
4442.0	0.205561	0.279678	0.0741176	0.888855
4443.0	0.651362	1.31388	0.662523	0.663648
4444.0	0.630105	0.716545	0.0864403	0.671299
4445.0	0.680891	0.353474	0.327417	0.743853
4446.0	0.290524	0.279975	0.0105488	0.75567
4447.0	0.986203	0.922339	0.0638642	0.787956
4448.0	0.527969	0.683816	0.155847	0.775099
4449.0	0.186548	0.396531	0.209984	0.679668
4450.0	0.411666	0.703854	0.292189	0.793551
4451.0	0.871112	1.30986	0.438753	0.776628
4452.0	0.87195	1.69406	0.822114	0.766484
4453.0	0.483773	0.437407	0.0463656	0.793894
4454.0	0.469972	0.410902	0.05907	0.840841
4455.0	0.759274	0.677385	0.0818895	0.717797
4456.0	0.783814	0.859816	0.0760016	0.762246
4457.0	0.759415	0.298511	0.460904	0.795607
4458.0	0.74902	0.66838	0.0806397	0.800098
4459.0	0.603707	0.551692	0.0520146	0.705622
4460.0	0.888767	0.830789	0.057978	0.781332
4461.0	0.840873	1.51843	0.677552	0.900201
4462.0	0.712377	0.941765	0.229389	0.828259
4463.0	0.319001	-0.130945	0.449945	0.679716
4464.0	0.368968	0.494234	0.125266	0.832798
4465.0	0.921747	0.606096	0.315651	0.778333
4466.0	0.825379	0.784688	0.040691	0.847759
4467.0	0.00158978	0.319757	0.318168	0.81417
4468.0	0.208992	0.531369	0.322377	0.767735
4469.0	0.173752	0.159565	0.0141866	0.676762
4470.0	0.622103	0.506134	0.115969	0.703327
4471.0	0.273271	-0.0029779	0.276249	0.84865
4472.0	0.145482	-0.155891	0.301372	0.809632
4473.0	0.318513	0.144293	0.174221	0.731837
4474.0	0.815142	0.812347	0.00279506	0.741282
4475.0	0.72183	1.302	0.580167	0.860144
4476.0	0.45105	0.265248	0.185802	0.751401
4477.0	0.882925	0.601061	0.281864	0.782182
4478.0	0.876001	0.67761	0.198391	0.783037
4479.0	0.875024	-0.106257	0.981281	0.713765
4480.0	0.926739	0.665394	0.261345	0.67898
4481.0	0.929138	0.715512	0.213627	0.679391
4482.0	0.174626	0.501859	0.327233	0.580681
4483.0	0.739624	0.820388	0.0807644	0.72841
4484.0	0.150265	0.580394	0.430129	0.771811
4485.0	0.676799	0.642052	0.0347468	0.738311
4486.0	0.704538	1.09079	0.386253	0.735366
4487.0	0.31397	0.418225	0.104254	0.818758
4488.0	0.0480978	-0.118178	0.166276	0.816616
4489.0	0.0592114	0.228559	0.169348	0.696468
4490.0	0.839667	0.837226	0.00244165	0.791526
4491.0	0.191262	-0.0747182	0.26598	0.78428
4492.0	0.816416	0.989443	0.173027	0.800049
4493.0	0.833174	0.878634	0.0454599	0.822964
4494.0	0.00509407	0.268932	0.263838	0.84111
4495.0	0.391757	0.459613	0.0678566	0.854288
4496.0	0.0951514	0.310104	0.214952	0.769547
4497.0	0.463816	0.0707643	0.393051	0.843385
4498.0	0.151036	0.439991	0.288956	0.883528
4499.0	0.877915	0.550539	0.327376	0.766481
4500.0	0.293967	0.0702625	0.223704	0.728642
4501.0	0.258027	0.252107	0.00592016	0.729625
4502.0	0.252332	0.0503338	0.201999	0.792399
4503.0	0.432743	0.509078	0.076335	0.756258
4504.0	0.421297	0.713568	0.292271	0.754627
4505.0	0.460181	1.03625	0.57607	0.834723
4506.0	0.0048531	0.742958	0.738104	0.799207
4507.0	0.762176	-0.178515	0.940692	0.806085
4508.0	0.389274	-0.192413	0.581687	0.691683
4509.0	0.0403678	0.521312	0.480944	0.647368
4510.0	0.954237	0.787112	0.167125	0.885696
4511.0	0.179297	-0.0188086	0.198105	0.726572
4512.0	0.212171	0.550364	0.338193	0.783646
4513.0	0.572093	-0.177192	0.749285	0.844409
4514.0	0.938058	0.546711	0.391347	0.871894
4515.0	0.200507	0.361582	0.161075	0.826348
4516.0	0.804237	0.823093	0.0188562	0.924432
4517.0	0.326957	0.33875	0.0117938	0.698016
4518.0	0.307988	-0.104733	0.41272	0.757154
4519.0	0.469381	0.904531	0.43515	0.846053
4520.0	0.61141	0.935948	0.324538	0.71692
4521.0	0.770051	0.250272	0.519779	0.861281
4522.0	0.823705	0.584667	0.239038	0.789063
4523.0	0.189229	0.253523	0.0642941	0.674674
4524.0	0.628436	0.790816	0.16238	0.736023
4525.0	0.0325387	0.15997	0.127431	0.630061
4526.0	0.00671917	-0.541713	0.548433	0.625368
4527.0	0.0268935	-0.251044	0.277938	0.629051
4528.0	0.0124369	0.0278811	0.0154442	0.630326
4529.0	0.256332	-0.0760505	0.332382	0.825965
4530.0	0.797278	0.9973	0.200022	0.700808
4531.0	0.320332	0.011748	0.308584	0.809368
4532.0	0.41881	0.480159	0.0613486	0.777472
4533.0	0.957661	0.357546	0.600115	0.69529
4534.0	0.839472	0.700869	0.138603	0.745813
4535.0	0.83013	0.831199	0.00106912	0.730901
4536.0	0.772862	0.72563	0.0472325	0.813377
4537.0	0.44244	0.137849	0.304592	0.803794
4538.0	0.746174	1.07581	0.329635	0.76499
4539.0	0.242753	0.392294	0.149541	0.745067
4540.0	0.55938	1.07161	0.512234	0.683317
4541.0	0.30894	-0.0316535	0.340594	0.747083
4542.0	0.679366	0.463136	0.21623	0.712945
4543.0	0.85516	1.11609	0.260927	0.769726
4544.0	0.782643	0.612881	0.169763	0.745458
4545.0	0.306643	0.22284	0.0838033	0.821215
4546.0	0.206358	0.316813	0.110455	0.773994
4547.0	0.816966	1.08394	0.266972	0.746802
4548.0	0.312107	0.584891	0.272784	0.673617
4549.0	0.705198	0.901391	0.196193	0.812409
4550.0	0.868912	0.541822	0.327089	0.792417
4551.0	0.207266	0.436445	0.229179	0.78259
4552.0	0.770943	0.573824	0.197119	0.759591
4553.0	0.778034	0.628195	0.14984	0.762472
4554.0	0.760664	1.36629	0.605621	0.69654
4555.0	0.75351	0.875067	0.121557	0.83472
4556.0	0.935965	1.26102	0.325059	0.74767
4557.0	0.916996	0.751289	0.165707	0.760316
4558.0	0.957563	0.739243	0.21832	0.727677
4559.0	0.841642	0.720545	0.121096	0.729558
4560.0	0.589469	0.713299	0.12383	0.717359
4561.0	0.237454	-0.0799609	0.317415	0.851986
4562.0	0.703166	0.928948	0.225782	0.846582
4563.0	0.521222	1.25186	0.730636	0.885062
4564.0	0.707228	0.625383	0.081845	0.707485
4565.0	0.72716	0.706124	0.0210358	0.707604
4566.0	0.0496563	-0.0228904	0.0725467	0.726483
4567.0	0.150379	0.398241	0.247862	0.865857
4568.0	0.853219	0.412123	0.441096	0.768527
4569.0	0.952057	0.616423	0.335634	0.774859
4570.0	0.780985	0.622233	0.158752	0.779915
4571.0	0.796165	0.639412	0.156753	0.779929
4572.0	0.303336	0.491685	0.188349	0.846681
4573.0	0.550473	0.455526	0.0949468	0.771366
4574.0	0.223803	0.750997	0.527194	0.792292
4575.0	0.513719	0.871259	0.357539	0.784373
4576.0	0.50626	0.486155	0.0201048	0.787104
4577.0	0.544662	0.783226	0.238564	0.907969
4578.0	0.433545	1.00812	0.574578	0.814158
4579.0	0.3571	0.681688	0.324588	0.722833
4580.0	0.944478	0.882381	0.0620965	0.81246
4581.0	0.937145	0.628132	0.309013	0.84191
4582.0	0.690514	0.804062	0.113548	0.728234
4583.0	0.820033	0.954324	0.134291	0.688238
4584.0	0.200123	0.14292	0.0572031	0.806546
4585.0	0.250811	0.261132	0.0103203	0.787129
4586.0	0.110092	0.332457	0.222365	0.859296
4587.0	0.411396	0.3573	0.0540958	0.683789
4588.0	0.798037	0.0344822	0.763555	0.771213
4589.0	0.854244	0.613419	0.240825	0.788786
4590.0	0.858589	0.763112	0.0954766	0.874844
4591.0	0.766517	0.262711	0.503806	0.727961
4592.0	0.827712	0.562286	0.265426	0.849428
4593.0	0.230356	0.205931	0.024425	0.84883
4594.0	0.717499	0.637302	0.0801971	0.727237
4595.0	0.11863	-0.146631	0.265261	0.792173
4596.0	0.967041	0.764556	0.202484	0.771212
4597.0	0.967167	1.12267	0.155505	0.771565
4598.0	0.295264	0.694063	0.398799	0.77365
4599.0	0.612332	0.438541	0.173791	0.711885
4600.0	0.360405	-0.03612	0.396525	0.772091
4601.0	0.335596	-0.155259	0.490855	0.770335
4602.0	0.905781	0.801068	0.104712	0.744014
4603.0	0.961266	1.20592	0.24465	0.787688
4604.0	0.884402	0.181393	0.703008	0.878598
4605.0	0.511086	0.999319	0.488232	0.761968
4606.0	0.423434	0.167903	0.25553	0.806899
4607.0	0.949484	0.381849	0.567635	0.797707
4608.0	0.781789	0.41102	0.370769	0.685604
4609.0	0.771358	0.352732	0.418626	0.684913
4610.0	0.0218126	0.139654	0.117841	0.833574
4611.0	0.867619	1.29403	0.426408	0.797662
4612.0	0.136118	0.247958	0.11184	0.794827
4613.0	0.849916	1.11328	0.263363	0.731094
4614.0	0.0479958	0.135291	0.0872948	0.756855
4615.0	0.0365733	0.0340851	0.00248822	0.757012
4616.0	0.60982	0.564083	0.045737	0.818874
4617.0	0.0947031	0.231285	0.136582	0.847247
4618.0	0.341815	-0.0763718	0.418187	0.655387
4619.0	0.385721	0.418262	0.0325407	0.711914
4620.0	0.663381	0.4067	0.256681	0.699713
4621.0	0.0766678	0.605367	0.5287	0.853422
4622.0	0.145933	0.454839	0.308907	0.791658
4623.0	0.317486	0.104363	0.213124	0.769103
4624.0	0.647467	0.726708	0.0792404	0.775672
4625.0	0.357113	0.231118	0.125995	0.776524
4626.0	0.0611005	0.264819	0.203719	0.765446
4627.0	0.657202	0.890704	0.233502	0.739885
4628.0	0.515934	0.656868	0.140934	0.723299
4629.0	0.246345	0.169629	0.076716	0.831003
4630.0	0.0604705	0.0170089	0.0434616	0.797645
4631.0	0.48746	0.459878	0.0275812	0.852212
4632.0	0.109203	0.106433	0.00276982	0.816049
4633.0	0.466735	0.489961	0.023226	0.807139
4634.0	0.648437	0.317024	0.331413	0.679576
4635.0	0.658683	0.962227	0.303545	0.679896
4636.0	0.718193	1.36125	0.643053	0.843947
4637.0	0.794963	0.913044	0.11808	0.798025
4638.0	0.429861	0.0131475	0.416713	0.741257
4639.0	0.723097	0.861744	0.138647	0.854477
4640.0	0.34524	0.404313	0.0590724	0.737345
4641.0	0.416163	0.241823	0.17434	0.821579
4642.0	0.456357	0.631149	0.174792	0.815286
4643.0	0.769274	0.878644	0.10937	0.753697
4644.0	0.796024	0.467378	0.328646	0.751738
4645.0	0.633805	0.695171	0.0613655	0.75922
4646.0	0.659895	0.302966	0.356929	0.833135
4647.0	0.725396	0.927014	0.201618	0.747384
4648.0	0.706153	0.999485	0.293332	0.746467
4649.0	0.724588	0.660113	0.0644742	0.748123
4650.0	0.247288	1.07175	0.824458	0.668756
4651.0	0.250861	1.14671	0.89585	0.666578
4652.0	0.616531	1.6276	1.01107	0.62547
4653.0	0.361465	0.474962	0.113497	0.860581
4654.0	0.78386	1.02798	0.244121	0.741204
4655.0	0.469544	0.466892	0.00265213	0.731854
4656.0	0.451326	0.279015	0.172311	0.731268
4657.0	0.931389	0.908205	0.0231837	0.864451
4658.0	0.387558	0.754888	0.36733	0.785774
4659.0	0.131801	0.410223	0.278422	0.803904
4660.0	0.976478	0.596286	0.380192	0.719646
4661.0	0.971074	0.882431	0.0886426	0.722298
4662.0	0.554738	0.714416	0.159677	0.735547
4663.0	0.534768	0.858128	0.32336	0.733978
4664.0	0.147116	0.853938	0.706822	0.804595
4665.0	0.110622	0.288336	0.177714	0.804295
4666.0	0.867719	0.770293	0.0974266	0.871673
4667.0	0.232407	1.12755	0.89514	0.784867
4668.0	0.8617	1.08118	0.21948	0.891409
4669.0	0.36555	0.267875	0.0976743	0.754972
4670.0	0.306021	0.441725	0.135703	0.803248
4671.0	0.117076	0.0432014	0.0738745	0.76904
4672.0	0.807396	0.920564	0.113168	0.819228
4673.0	0.715971	0.409731	0.30624	0.736605
4674.0	0.514087	0.434518	0.0795688	0.786765
4675.0	0.156509	-0.125642	0.282151	0.705107
4676.0	0.744012	1.34406	0.600044	0.69742
4677.0	0.578994	0.244541	0.334453	0.746539
4678.0	0.376413	0.411333	0.0349204	0.773161
4679.0	0.0602674	0.370657	0.31039	0.824744
4680.0	0.367709	0.463669	0.0959596	0.828934
4681.0	0.862491	0.842012	0.020479	0.821213
4682.0	0.463802	0.13161	0.332192	0.777561
4683.0	0.964277	0.943631	0.0206457	0.806049
4684.0	0.540555	0.913506	0.372951	0.862436
4685.0	0.658024	0.553633	0.10439	0.784824
4686.0	0.359303	0.857782	0.498479	0.788269
4687.0	0.522521	0.281175	0.241346	0.803564
4688.0	0.375915	0.47024	0.0943254	0.783614
4689.0	0.670546	1.56533	0.894787	0.805444
4690.0	0.658368	0.640727	0.0176411	0.818444
4691.0	0.792122	0.541878	0.250243	0.748775
4692.0	0.372873	-0.555962	0.928835	0.837727
4693.0	0.38644	0.473584	0.0871431	0.715276
4694.0	0.0319965	0.3414	0.309403	0.870688
4695.0	0.804276	1.12655	0.322276	0.767996
4696.0	0.85598	0.53615	0.31983	0.73789
4697.0	0.187765	0.266432	0.0786669	0.77743
4698.0	0.331416	0.74152	0.410104	0.813442
4699.0	0.127516	0.309818	0.182302	0.741738
4700.0	0.125778	0.118609	0.00716887	0.742403
4701.0	0.648373	0.813045	0.164672	0.75497
4702.0	0.1167	0.412236	0.295535	0.802143
4703.0	0.124754	-0.111327	0.236081	0.802837
4704.0	0.847344	0.804514	0.0428292	0.758766
4705.0	0.549191	1.15419	0.605001	0.76273
4706.0	0.550517	0.398221	0.152295	0.806643
4707.0	0.0115995	0.461718	0.450118	0.880314
4708.0	0.517395	0.510417	0.00697884	0.794896
4709.0	0.14364	0.13622	0.00742004	0.831599
4710.0	0.330957	0.781615	0.450658	0.816232
4711.0	0.0784528	0.456355	0.377902	0.696085
4712.0	0.761436	0.402633	0.358802	0.72582
4713.0	0.776813	0.383106	0.393706	0.77737
4714.0	0.316743	0.0337194	0.283023	0.748545
4715.0	0.779692	1.64165	0.861961	0.766018
4716.0	0.268033	0.60823	0.340196	0.76377
4717.0	0.118649	0.170379	0.0517299	0.748145
4718.0	0.378772	0.27828	0.100492	0.742687
4719.0	0.488656	0.791865	0.303209	0.758917
4720.0	0.306489	0.446744	0.140256	0.782045
4721.0	0.230758	0.507895	0.277137	0.73319
4722.0	0.36812	0.645121	0.277002	0.725779
4723.0	0.191044	0.182916	0.00812731	0.809477
4724.0	0.964475	1.2047	0.240222	0.836929
4725.0	0.033759	0.162875	0.129116	0.735219
4726.0	0.274331	0.554083	0.279752	0.759934
4727.0	0.296686	-0.263859	0.560545	0.846145
4728.0	0.538078	0.372897	0.165181	0.760313
4729.0	0.370726	0.589253	0.218527	0.80094
4730.0	0.908186	0.882853	0.0253332	0.89365
4731.0	0.266428	0.425228	0.1588	0.752784
4732.0	0.687766	0.284451	0.403316	0.835557
4733.0	0.134579	0.24489	0.110311	0.808616
4734.0	0.0998761	0.39013	0.290254	0.838387
4735.0	0.31971	0.783852	0.464142	0.739621
4736.0	0.375745	0.265435	0.11031	0.763002
4737.0	0.562491	0.257272	0.305219	0.793084
4738.0	0.550017	0.931409	0.381391	0.806891
4739.0	0.53297	0.645551	0.112581	0.80983
4740.0	0.188284	0.517827	0.329543	0.776623
4741.0	0.971059	-0.0274547	0.998514	0.748539
4742.0	0.784064	0.325822	0.458242	0.712998
4743.0	0.662262	0.79033	0.128068	0.818753
4744.0	0.650554	0.54038	0.110175	0.818849
4745.0	0.644073	0.80954	0.165467	0.823007
4746.0	0.328071	0.236566	0.0915052	0.622951
4747.0	0.0274321	-0.517937	0.545369	0.728868
4748.0	0.0447626	0.513188	0.468426	0.770624
4749.0	0.235541	0.116472	0.119069	0.820844
4750.0	0.274326	0.0671429	0.207183	0.718009
4751.0	0.795959	0.916643	0.120685	0.767859
4752.0	0.917334	0.632384	0.284949	0.810808
4753.0	0.895541	1.31954	0.424	0.765009
4754.0	0.370191	0.522887	0.152696	0.694059
4755.0	0.324619	-0.1194	0.444019	0.622255
4756.0	0.309651	-0.130523	0.440174	0.722607
4757.0	0.378691	-0.00768284	0.386374	0.829678
4758.0	0.200645	0.340321	0.139675	0.84576
4759.0	0.218024	0.150835	0.0671886	0.87493
4760.0	0.178571	0.502962	0.324391	0.751737
4761.0	0.152052	0.438454	0.286403	0.75221
4762.0	0.669908	1.08134	0.411435	0.797866
4763.0	0.404186	0.0475393	0.356646	0.740923
4764.0	0.77262	0.588873	0.183747	0.69351
4765.0	0.546107	0.0111282	0.534979	0.635748
4766.0	0.0803528	0.851723	0.77137	0.81626
4767.0	0.79795	1.10748	0.309533	0.74565
4768.0	0.163307	0.659743	0.496435	0.778933
4769.0	0.873934	0.719078	0.154856	0.877341
4770.0	0.734033	-0.0885287	0.822562	0.745508
4771.0	0.861839	0.942707	0.0808678	0.757141
4772.0	0.44783	0.890183	0.442353	0.782545
4773.0	0.889327	0.707005	0.182322	0.911527
4774.0	0.705673	1.12203	0.41636	0.655696
4775.0	0.58123	0.444571	0.136659	0.832316
4776.0	0.0537604	0.571405	0.517644	0.787193
4777.0	0.677319	0.67051	0.0068097	0.785214
4778.0	0.685244	1.30086	0.615613	0.777148
4779.0	0.815577	0.749222	0.0663548	0.722837
4780.0	0.601641	0.948611	0.34697	0.825997
4781.0	0.878948	0.799064	0.0798844	0.845631
4782.0	0.331217	0.0613003	0.269917	0.755206
4783.0	0.197396	0.342051	0.144654	0.857221
4784.0	0.743155	1.11473	0.371578	0.801471
4785.0	0.273983	0.126123	0.147861	0.825289
4786.0	0.634273	0.202136	0.432137	0.853345
4787.0	0.532768	0.796779	0.264011	0.796081
4788.0	0.903588	0.911913	0.00832479	0.771635
4789.0	0.0111299	0.0256536	0.0145237	0.766722
4790.0	0.578106	0.599988	0.0218818	0.719665
4791.0	0.406397	0.26312	0.143276	0.793973
4792.0	0.408944	0.759531	0.350587	0.791756
4793.0	0.647908	0.614172	0.0337358	0.77848
4794.0	0.539696	1.29996	0.760263	0.674343
4795.0	0.492497	0.684583	0.192085	0.817551
4796.0	0.547328	0.807755	0.260427	0.866636
4797.0	0.351558	0.349158	0.00240046	0.790838
4798.0	0.55871	0.855026	0.296317	0.632123
4799.0	0.525528	1.12996	0.604429	0.627528
4800.0	0.757573	0.935225	0.177651	0.799752
4801.0	0.190273	0.735342	0.545069	0.579264
4802.0	0.607036	0.98608	0.379044	0.754416
4803.0	0.302753	0.189491	0.113262	0.759529
4804.0	0.456787	0.901334	0.444547	0.851839
4805.0	0.375913	0.398406	0.0224932	0.806326
4806.0	0.254835	-0.0455606	0.300396	0.775228
4807.0	0.222542	0.514242	0.291701	0.684675
4808.0	0.465918	0.487551	0.0216333	0.90408
4809.0	0.427517	0.188139	0.239377	0.789594
4810.0	0.907379	0.546332	0.361048	0.784812
4811.0	0.747209	0.357416	0.389793	0.78683
4812.0	0.045854	0.733256	0.687402	0.769134
4813.0	0.337243	0.454424	0.117181	0.668508
4814.0	0.540451	0.571683	0.0312322	0.764972
4815.0	0.581025	0.471286	0.10974	0.768402
4816.0	0.859153	1.06892	0.209772	0.855584
4817.0	0.961525	1.36295	0.401425	0.722919
4818.0	0.422278	0.624889	0.20261	0.896971
4819.0	0.274448	-0.193776	0.468224	0.734473
4820.0	0.132644	0.146742	0.0140981	0.863645
4821.0	0.801286	1.07994	0.278651	0.819331
4822.0	0.179397	0.197642	0.0182455	0.599635
4823.0	0.368387	0.0766882	0.291699	0.770592
4824.0	0.180379	-0.121997	0.302377	0.778085
4825.0	0.65366	0.979827	0.326167	0.795017
4826.0	0.269284	0.0754367	0.193847	0.798488
4827.0	0.508561	0.508998	0.000436723	0.761872
4828.0	0.56996	0.484187	0.0857731	0.678282
4829.0	0.648384	0.501611	0.146773	0.802031
4830.0	0.579405	0.854137	0.274732	0.697124
4831.0	0.590333	0.957591	0.367258	0.696017
4832.0	0.997565	0.55258	0.444985	0.797485
4833.0	0.964711	0.652028	0.312683	0.692565
4834.0	0.973909	1.01377	0.0398594	0.694349
4835.0	0.976148	0.650631	0.325517	0.692413
4836.0	0.945599	0.790044	0.155555	0.693929
4837.0	0.37497	0.229827	0.145144	0.842417
4838.0	0.0487945	0.196868	0.148073	0.828912
4839.0	0.888699	1.38563	0.496932	0.791021
4840.0	0.743088	0.855546	0.112458	0.845905
4841.0	0.292773	0.52831	0.235537	0.718291
4842.0	0.265641	0.265415	0.000226036	0.798694
4843.0	0.187147	0.103154	0.083993	0.784858
4844.0	0.828826	0.879828	0.051002	0.849332
4845.0	0.0388926	0.0150668	0.0238258	0.875132
4846.0	0.298489	0.751952	0.453462	0.85442
4847.0	0.623885	0.949437	0.325552	0.751135
4848.0	0.659814	0.600254	0.0595596	0.80834
4849.0	0.420994	-0.112096	0.53309	0.67015
4850.0	0.86952	1.20395	0.334428	0.688559
4851.0	0.257924	0.611671	0.353747	0.792254
4852.0	0.253876	0.434546	0.18067	0.794258
4853.0	0.27322	-0.136208	0.409428	0.700883
4854.0	0.0614595	-0.228687	0.290147	0.840643
4855.0	0.571969	0.716333	0.144363	0.714574
4856.0	0.885852	0.788246	0.0976057	0.816424
4857.0	0.82235	0.305653	0.516697	0.733575
4858.0	0.317881	0.207814	0.110066	0.719693
4859.0	0.998463	0.982189	0.0162737	0.779882
4860.0	0.969207	0.82303	0.146177	0.866391
4861.0	0.502118	0.403352	0.0987655	0.764522
4862.0	0.640073	0.75901	0.118937	0.762868
4863.0	0.6517	0.812098	0.160398	0.762628
4864.0	0.913852	1.0678	0.153949	0.825785
4865.0	0.599807	1.03987	0.440067	0.808881
4866.0	0.582	0.338502	0.243498	0.692718
4867.0	0.380184	0.826774	0.44659	0.710324
4868.0	0.383999	0.769275	0.385275	0.711298
4869.0	0.703018	0.951932	0.248914	0.81843
4870.0	0.701853	0.593928	0.107925	0.81956
4871.0	0.127854	0.198762	0.0709082	0.850207
4872.0	0.398366	0.261482	0.136883	0.808641
4873.0	0.450387	0.792843	0.342457	0.802161
4874.0	0.543958	0.64606	0.102102	0.871579
4875.0	0.467928	0.686651	0.218722	0.754141
4876.0	0.46607	0.905957	0.439887	0.75117
4877.0	0.591774	0.104361	0.487413	0.777164
4878.0	0.0921435	0.248592	0.156448	0.787571
4879.0	0.0938783	0.227734	0.133855	0.788027
4880.0	0.847889	0.484736	0.363153	0.849827
4881.0	0.749414	0.819672	0.0702586	0.878151
4882.0	0.502951	0.475696	0.0272553	0.877454
4883.0	0.343062	0.743292	0.40023	0.889199
4884.0	0.97403	0.888413	0.0856165	0.81953
4885.0	0.927095	0.66262	0.264475	0.860813
4886.0	0.211226	0.237581	0.0263547	0.736276
4887.0	0.408975	0.312179	0.0967955	0.794746
4888.0	0.440048	0.0586308	0.381417	0.828319
4889.0	0.542685	0.800948	0.258263	0.823133
4890.0	0.18937	0.000642386	0.188728	0.766734
4891.0	0.778817	1.01116	0.232344	0.835336
4892.0	0.463496	0.129471	0.334025	0.73592
4893.0	0.353967	0.704879	0.350911	0.749111
4894.0	0.652578	0.117166	0.535412	0.836689
4895.0	0.362755	0.372379	0.00962393	0.856368
4896.0	0.204367	0.31833	0.113963	0.762009
4897.0	0.991876	0.907058	0.084818	0.798064
4898.0	0.321842	0.795342	0.4735	0.727914
4899.0	0.542987	0.202913	0.340074	0.814535
4900.0	0.729578	0.665953	0.0636254	0.808026
4901.0	0.0173063	-0.190431	0.207737	0.740389
4902.0	0.331755	0.750251	0.418495	0.626943
4903.0	0.48898	1.10183	0.612854	0.783863
4904.0	0.697176	0.440386	0.256789	0.730114
4905.0	0.833301	0.611552	0.221749	0.810797
4906.0	0.0814051	0.319385	0.23798	0.753594
4907.0	0.628149	0.657614	0.0294654	0.690255
4908.0	0.636183	0.511818	0.124365	0.689986
4909.0	0.0568352	0.267817	0.210982	0.643763
4910.0	0.0572709	-0.323599	0.38087	0.642057
4911.0	0.349077	0.497102	0.148026	0.817321
4912.0	0.977579	0.73644	0.241139	0.663607
4913.0	0.848034	1.13851	0.290479	0.70186
4914.0	0.1529	0.243352	0.0904518	0.833298
4915.0	0.398595	0.112188	0.286407	0.737932
4916.0	0.184014	0.811381	0.627367	0.746184
4917.0	0.00937488	1.03537	1.026	0.834221
4918.0	0.754204	1.46605	0.71185	0.715474
4919.0	0.630338	0.922285	0.291947	0.728253
4920.0	0.635056	0.828653	0.193597	0.729192
4921.0	0.304436	0.343833	0.039397	0.7394
4922.0	0.0803923	0.320836	0.240443	0.793946
4923.0	0.0840683	0.784494	0.700426	0.811926
4924.0	0.925248	1.04078	0.115528	0.838431
4925.0	0.278387	0.360453	0.0820658	0.711584
4926.0	0.564562	0.268832	0.29573	0.780392
4927.0	0.343158	-0.0630003	0.406158	0.742776
4928.0	0.570228	1.02831	0.458083	0.756477
4929.0	0.462808	0.409509	0.0532992	0.78394
4930.0	0.432008	-0.183751	0.615759	0.846359
4931.0	0.956816	-0.279446	1.23626	0.761963
4932.0	0.697303	1.20757	0.510262	0.701421
4933.0	0.661796	0.854163	0.192367	0.705634
4934.0	0.559942	0.668639	0.108697	0.704805
4935.0	0.108612	0.485161	0.376549	0.762998
4936.0	0.00310284	0.583079	0.579976	0.816982
4937.0	0.702009	0.638402	0.063607	0.826497
4938.0	0.458345	0.202203	0.256141	0.689885
4939.0	0.507574	0.552718	0.0451438	0.836016
4940.0	0.741924	0.32461	0.417315	0.737552
4941.0	0.329595	0.325029	0.00456596	0.657929
4942.0	0.490802	0.369625	0.121177	0.869661
4943.0	0.682843	0.592005	0.0908379	0.772994
4944.0	0.610934	0.725982	0.115049	0.732471
4945.0	0.622363	0.9536	0.331237	0.730567
4946.0	0.711945	0.59166	0.120285	0.770478
4947.0	0.77813	0.150247	0.627883	0.765757
4948.0	0.68883	0.452354	0.236476	0.693168
4949.0	0.655315	0.413953	0.241362	0.693125
4950.0	0.54364	0.363344	0.180296	0.781776
4951.0	0.333077	0.288486	0.044591	0.783758
4952.0	0.897474	0.61509	0.282384	0.823962
4953.0	0.159327	0.411566	0.252239	0.78264
4954.0	0.830814	0.238683	0.592131	0.748217
4955.0	0.787331	0.393155	0.394175	0.848481
4956.0	0.94358	0.588431	0.35515	0.816372
4957.0	0.594137	0.848683	0.254546	0.914321
4958.0	0.00855916	0.285878	0.277319	0.827951
4959.0	0.410303	1.00637	0.596069	0.847493
4960.0	0.990586	0.455241	0.535345	0.729444
4961.0	0.263365	0.394289	0.130923	0.786308
4962.0	0.655349	0.121668	0.533681	0.724267
4963.0	0.586771	1.6452	1.05843	0.725898
4964.0	0.446358	0.452061	0.00570301	0.801998
4965.0	0.461577	0.477578	0.0160016	0.801993
4966.0	0.86047	0.955152	0.0946822	0.766008
4967.0	0.740536	-0.471298	1.21183	0.722014
4968.0	0.935577	1.03534	0.0997619	0.753122
4969.0	0.616094	0.44962	0.166474	0.790923
4970.0	0.896632	0.803127	0.093505	0.879679
4971.0	0.582739	0.643659	0.0609198	0.7288
4972.0	0.891257	1.83088	0.93962	0.759831
4973.0	0.556786	0.367983	0.188804	0.763732
4974.0	0.7103	0.685827	0.0244737	0.792441
4975.0	0.654321	0.560067	0.0942544	0.712692
4976.0	0.480406	0.492912	0.0125055	0.884466
4977.0	0.621337	0.965979	0.344641	0.744423
4978.0	0.220386	0.561877	0.34149	0.790207
4979.0	0.199099	0.545554	0.346455	0.677378
4980.0	0.893886	0.825563	0.068323	0.828355
4981.0	0.812122	0.795396	0.0167259	0.726602
4982.0	0.68548	0.957473	0.271993	0.851561
4983.0	0.702452	0.980228	0.277776	0.671396
4984.0	0.702792	0.671491	0.0313016	0.672758
4985.0	0.780743	0.538744	0.241999	0.877626
4986.0	0.884439	0.816484	0.067955	0.715848
4987.0	0.660405	0.551258	0.109147	0.754425
4988.0	0.565851	0.627347	0.0614955	0.770497
4989.0	0.386025	0.395323	0.00929843	0.792238
4990.0	0.572843	0.171459	0.401384	0.702776
4991.0	0.563234	0.778012	0.214779	0.73842
4992.0	0.501226	0.450774	0.0504517	0.786351
4993.0	0.696275	0.301276	0.394999	0.661941
4994.0	0.0731417	0.11244	0.0392988	0.796955
4995.0	0.153218	0.26204	0.108822	0.724521
4996.0	0.598413	0.215239	0.383174	0.701712
4997.0	0.427224	0.208095	0.219129	0.741665
4998.0	0.843016	0.995842	0.152825	0.743562
4999.0	0.859616	0.903306	0.0436895	0.743994
5000.0	0.645915	0.892368	0.246453	0.747948
5001.0	0.840554	0.956675	0.116121	0.713303
5002.0	0.817389	1.15754	0.340151	0.711347
5003.0	0.832567	0.611349	0.221217	0.712624
5004.0	0.431736	0.257532	0.174205	0.803199
5005.0	0.147364	-0.114615	0.261979	0.705696
5006.0	0.13239	-0.339039	0.471429	0.702796
5007.0	0.150499	-0.176393	0.326892	0.704973
5008.0	0.959204	0.490052	0.469152	0.825612
5009.0	0.794933	0.526596	0.268336	0.817824
5010.0	0.374871	0.719146	0.344275	0.818215
5011.0	0.751807	1.06515	0.313342	0.725182
5012.0	0.337529	0.871345	0.533816	0.825693
5013.0	0.462563	0.542745	0.0801815	0.766741
5014.0	0.219753	0.49023	0.270477	0.739201
5015.0	0.107577	0.333966	0.226388	0.809408
5016.0	0.148999	0.33865	0.189651	0.632573
5017.0	0.469946	0.402901	0.0670445	0.850692
5018.0	0.00554074	-0.596541	0.602082	0.731701
5019.0	0.0899674	0.550911	0.460944	0.83894
5020.0	0.324062	0.559609	0.235547	0.759541
5021.0	0.878929	0.241915	0.637014	0.762483
5022.0	0.472052	0.583791	0.111739	0.740104
5023.0	0.296041	0.748221	0.452179	0.761831
5024.0	0.832176	1.41817	0.585997	0.871088
5025.0	0.011736	0.205697	0.193961	0.735194
5026.0	0.860674	0.99415	0.133476	0.72259
5027.0	0.250039	0.274653	0.0246138	0.849487
5028.0	0.636387	0.312174	0.324213	0.656815
5029.0	0.860291	1.96719	1.1069	0.811311
5030.0	0.872461	0.998257	0.125797	0.842213
5031.0	0.461111	0.0885996	0.372512	0.827888
5032.0	0.267831	0.370307	0.102476	0.747438
5033.0	0.605728	0.906174	0.300446	0.730218
5034.0	0.809452	1.03168	0.222233	0.713041
5035.0	0.790204	0.829956	0.0397525	0.763534
5036.0	0.533548	1.1484	0.614847	0.824848
5037.0	0.0848173	0.225909	0.141092	0.702778
5038.0	0.0837984	0.0959004	0.0121021	0.70315
5039.0	0.390706	0.229953	0.160753	0.714609
5040.0	0.599308	0.295287	0.304021	0.780787
5041.0	0.166938	0.0844514	0.0824865	0.790949
5042.0	0.45182	0.0982311	0.353589	0.717149
5043.0	0.457212	-0.16649	0.623702	0.712078
5044.0	0.894476	0.569586	0.32489	0.785076
5045.0	0.0220948	-0.170069	0.192164	0.69898
5046.0	0.919719	0.399608	0.520111	0.785135
5047.0	0.501867	0.751003	0.249136	0.754016
5048.0	0.272555	0.494257	0.221702	0.731049
5049.0	0.430974	1.0248	0.593825	0.809915
5050.0	0.792906	0.446978	0.345927	0.833204
5051.0	0.429825	0.697091	0.267266	0.874729
5052.0	0.0200225	0.765222	0.745199	0.810139
5053.0	0.682582	0.49816	0.184422	0.670083
5054.0	0.21993	0.652574	0.432644	0.723388
5055.0	0.722582	1.35452	0.631935	0.791995
5056.0	0.744693	0.804438	0.059745	0.731631
5057.0	0.718623	1.04419	0.325568	0.729612
5058.0	0.721025	0.671752	0.0492726	0.731653
5059.0	0.720698	1.06587	0.345168	0.729354
5060.0	0.0438391	0.372804	0.328965	0.772813
5061.0	0.917498	0.656266	0.261232	0.784541
5062.0	0.938374	1.0887	0.150326	0.847356
5063.0	0.227558	0.668751	0.441193	0.761964
5064.0	0.654121	1.07885	0.424729	0.876219
5065.0	0.638037	0.196311	0.441725	0.706066
5066.0	0.594114	0.480116	0.113999	0.709526
5067.0	0.0340455	0.260577	0.226532	0.803712
5068.0	0.0439046	-0.0166499	0.0605546	0.804761
5069.0	0.287152	0.784636	0.497485	0.785086
5070.0	0.37595	0.405443	0.0294933	0.807339
5071.0	0.548815	0.318509	0.230306	0.84563
5072.0	0.247706	0.344547	0.096841	0.818713
5073.0	0.933508	0.972214	0.0387066	0.769996
5074.0	0.865988	0.371237	0.494751	0.860132
5075.0	0.556439	0.517209	0.03923	0.762074
5076.0	0.0559266	0.0537589	0.00216763	0.84806
5077.0	0.789793	0.621153	0.16864	0.748738
5078.0	0.383256	0.0215026	0.361753	0.844228
5079.0	0.355564	0.561923	0.206359	0.840587
5080.0	0.676511	0.151049	0.525462	0.841119
5081.0	0.841761	0.684124	0.157637	0.772008
5082.0	0.583137	1.10435	0.521216	0.742249
5083.0	0.262223	0.168171	0.0940522	0.721175
5084.0	0.116915	0.673001	0.556086	0.752715
5085.0	0.608852	0.835095	0.226243	0.879625
5086.0	0.827681	0.786812	0.0408688	0.704386
5087.0	0.815458	0.63608	0.179378	0.703811
5088.0	0.828831	0.859218	0.0303869	0.704401
5089.0	0.0964363	0.535968	0.439531	0.794995
5090.0	0.143747	0.495056	0.351309	0.820018
5091.0	0.907185	1.60268	0.695494	0.802355
5092.0	0.926961	0.785182	0.141779	0.812605
5093.0	0.30295	0.489335	0.186385	0.741424
5094.0	0.735729	1.0838	0.348067	0.76999
5095.0	0.607958	0.0721198	0.535839	0.7927
5096.0	0.279279	0.818083	0.538804	0.794205
5097.0	0.611594	0.419146	0.192448	0.664529
5098.0	0.94919	0.740029	0.209161	0.818909
5099.0	0.638041	0.682108	0.0440674	0.781467
5100.0	0.96412	0.702835	0.261285	0.768881
5101.0	0.978897	1.23092	0.252023	0.76898
5102.0	0.987585	0.931572	0.0560125	0.767132
5103.0	0.47824	0.705822	0.227582	0.705428
5104.0	0.379344	0.994593	0.615249	0.824221
5105.0	0.806748	-0.00118121	0.80793	0.76534
5106.0	0.00421541	0.157447	0.153232	0.77019
5107.0	0.0699865	0.40424	0.334253	0.73814
5108.0	0.434421	1.01889	0.584473	0.846187
5109.0	0.191697	0.433991	0.242294	0.691149
5110.0	0.660167	0.471352	0.188814	0.689828
5111.0	0.19718	-0.0310573	0.228238	0.88264
5112.0	0.505669	0.554057	0.0483884	0.728571
5113.0	0.61844	0.748606	0.130166	0.696449
5114.0	0.755166	1.1681	0.412937	0.686065
5115.0	0.734574	0.480762	0.253811	0.688011
5116.0	0.36509	0.350249	0.0148409	0.832624
5117.0	0.0682581	0.169388	0.101129	0.776127
5118.0	0.999446	0.553021	0.446424	0.824816
5119.0	0.602924	0.784564	0.18164	0.747437
5120.0	0.785627	0.744064	0.0415636	0.838453
5121.0	0.823019	0.623909	0.19911	0.829691
5122.0	0.493499	0.472217	0.0212818	0.701306
5123.0	0.78806	1.15111	0.363048	0.767031
5124.0	0.183526	0.268245	0.0847188	0.668532
5125.0	0.410473	0.608225	0.197753	0.851128
5126.0	0.297959	0.144069	0.15389	0.709435
5127.0	0.324572	0.302362	0.02221	0.709877
5128.0	0.166678	0.975177	0.808499	0.691833
5129.0	0.500313	0.145574	0.354739	0.759877
5130.0	0.49783	0.156214	0.341617	0.760065
5131.0	0.116043	0.404464	0.288421	0.821642
5132.0	0.182322	0.40862	0.226298	0.736319
5133.0	0.169156	0.424775	0.255619	0.736039
5134.0	0.873309	0.856315	0.0169935	0.722145
5135.0	0.0635342	0.337126	0.273591	0.730185
5136.0	0.977441	0.394854	0.582587	0.620483
5137.0	0.494373	0.548546	0.0541725	0.731197
5138.0	0.609831	0.699052	0.0892215	0.748172
5139.0	0.933709	0.720217	0.213492	0.831649
5140.0	0.786733	0.561891	0.224842	0.763568
5141.0	0.788249	0.863749	0.0755002	0.861768
5142.0	0.655997	0.769882	0.113886	0.760835
5143.0	0.802158	0.505246	0.296912	0.782899
5144.0	0.633038	0.292236	0.340802	0.821893
5145.0	0.658619	0.496821	0.161799	0.764099
5146.0	0.473698	0.778109	0.304412	0.810369
5147.0	0.174008	0.58388	0.409871	0.691422
5148.0	0.40266	0.515335	0.112675	0.800171
5149.0	0.488668	0.314426	0.174242	0.777295
5150.0	0.502797	0.865759	0.362963	0.794995
5151.0	0.139199	-0.0500757	0.189274	0.892545
5152.0	0.912331	1.36344	0.451112	0.875344
5153.0	0.654319	0.845328	0.191009	0.774554
5154.0	0.988508	0.826175	0.162334	0.747698
5155.0	0.363766	0.654077	0.290311	0.852141
5156.0	0.635618	0.712107	0.0764892	0.678951
5157.0	0.660713	0.597211	0.0635016	0.678984
5158.0	0.658341	0.503223	0.155118	0.678621
5159.0	0.339683	0.342599	0.00291549	0.827204
5160.0	0.779174	0.154281	0.624893	0.748359
5161.0	0.114947	0.199909	0.0849621	0.800828
5162.0	0.451235	0.658228	0.206994	0.778507
5163.0	0.989649	0.665601	0.324048	0.823785
5164.0	0.614845	0.315823	0.299023	0.707375
5165.0	0.606734	0.193978	0.412755	0.705841
5166.0	0.981019	0.149275	0.831744	0.62592
5167.0	0.80764	0.922264	0.114624	0.717189
5168.0	0.0417847	0.316788	0.275003	0.846911
5169.0	0.823829	1.14323	0.319399	0.761446
5170.0	0.160652	0.325489	0.164836	0.773327
5171.0	0.409156	0.528772	0.119617	0.847347
5172.0	0.419681	0.170227	0.249454	0.846229
5173.0	0.38204	0.0831126	0.298927	0.906084
5174.0	0.953478	0.843968	0.10951	0.708983
5175.0	0.627779	0.698043	0.0702638	0.773761
5176.0	0.0167959	0.348053	0.331257	0.790817
5177.0	0.786134	0.790628	0.00449477	0.736254
5178.0	0.642547	0.806384	0.163837	0.854317
5179.0	0.921063	1.04954	0.128475	0.681531
5180.0	0.482192	0.111092	0.3711	0.840964
5181.0	0.198994	0.382067	0.183073	0.806012
5182.0	0.98704	0.540413	0.446627	0.616582
5183.0	0.501548	0.692075	0.190528	0.885061
5184.0	0.433945	1.36012	0.926174	0.817067
5185.0	0.129165	0.617567	0.488402	0.828662
5186.0	0.618115	0.905056	0.28694	0.635763
5187.0	0.622199	0.705767	0.0835676	0.637026
5188.0	0.407093	-0.351208	0.758301	0.895346
5189.0	0.643699	0.581451	0.0622474	0.736564
5190.0	0.200266	0.419505	0.21924	0.806595
5191.0	0.0615376	0.383734	0.322197	0.7859
5192.0	0.739065	1.20145	0.462384	0.818872
5193.0	0.311181	0.0726691	0.238512	0.656636
5194.0	0.495927	0.534967	0.0390394	0.892821
5195.0	0.0679951	0.776652	0.708657	0.760527
5196.0	0.688367	1.29851	0.610143	0.840848
5197.0	0.761985	0.502512	0.259473	0.718593
5198.0	0.737628	0.771876	0.034248	0.719873
5199.0	0.114454	0.195822	0.0813678	0.755447
5200.0	0.425828	0.682386	0.256559	0.814277
5201.0	0.870577	1.42584	0.555268	0.801377
5202.0	0.943941	0.241459	0.702482	0.819564
5203.0	0.157377	0.229028	0.0716513	0.828095
5204.0	0.517367	0.962628	0.445261	0.775592
5205.0	0.750628	1.29778	0.547153	0.72935
5206.0	0.532026	0.754566	0.22254	0.731901
5207.0	0.679709	0.243934	0.435776	0.819246
5208.0	0.0201032	0.132505	0.112402	0.743238
5209.0	0.467883	-0.0327856	0.500669	0.818176
5210.0	0.965271	1.07396	0.108689	0.846635
5211.0	0.866608	1.19045	0.323837	0.69012
5212.0	0.686455	0.848477	0.162022	0.641716
5213.0	0.105736	-0.609448	0.715184	0.812294
5214.0	0.461552	0.461843	0.000291964	0.84446
5215.0	0.469826	0.786964	0.317138	0.77806
5216.0	0.508315	0.677044	0.168728	0.771065
5217.0	0.0786559	0.294701	0.216045	0.820844
5218.0	0.460945	-0.368544	0.82949	0.74402
5219.0	0.86169	1.27607	0.414381	0.798101
5220.0	0.0196655	-0.520044	0.539709	0.749874
5221.0	0.338911	0.29478	0.0441309	0.775197
5222.0	0.867458	0.859668	0.00778913	0.71347
5223.0	0.699452	0.382962	0.31649	0.720828
5224.0	0.669985	0.748001	0.0780159	0.84066
5225.0	0.481547	0.347681	0.133866	0.729308
5226.0	0.625811	0.824407	0.198596	0.623571
5227.0	0.619175	1.20776	0.588588	0.618572
5228.0	0.61049	0.652098	0.0416086	0.781681
