IND_ID	PosInd_X	PosInd_Y	PhenValue	Region

2	3.30243	20.2827	0.599523	1
3	1.49601	5.70205	0.664451	1
6	8.16683	13.5594	-0.24873	1
11	0.375845	18.7826	-0.44002	1
15	0.835359	24.5099	-0.170092	1
17	5.6395	7.5216	0.0634079	1
22	0.851081	11.9574	-0.103824	1
24	0.4428	8.51419	0.054041	1
28	0.16913	5.71826	-0.165334	1
30	7.99435	6.97621	0.0150969	1
32	0.361423	24.3578	-0.447256	1
33	4.77947	23.9016	-0.236181	1
37	6.9957	14.2179	-0.619197	1
45	1.23752	13.7543	0.377194	1
51	1.95605	8.8232	-0.166222	1
55	6.28602	7.33732	0.100132	1
56	3.72079	0.798926	0.226481	1
57	5.74824	21.0599	0.289292	1
58	7.95184	6.17184	-0.0891306	1
60	6.80544	16.0722	0.536142	1
65	5.54434	15.5286	-0.0894535	1
72	2.80302	17.0146	0.248491	1
74	4.01968	22.7015	-0.678999	1
75	7.64187	21.2338	-0.512446	1
80	6.89974	3.78472	-0.263962	1
81	4.18767	17.0339	0.00625848	1
86	0.41531	9.76394	0.222338	1
88	2.16366	9.53137	-0.744664	1
91	1.84653	17.0408	-0.346059	1
93	5.7348	18.8258	0.0207928	1
94	5.73847	9.88331	0.375851	1
95	0.269513	9.3338	-0.151389	1
97	6.41931	14.0182	0.549638	1
98	7.61061	17.6532	-0.113982	1
99	3.99374	21.0499	-0.496002	1
103	2.40211	18.1486	-0.249596	1
106	6.96089	15.2167	-0.0586049	1
111	3.29448	2.89278	0.809454	1
115	3.60815	3.19993	0.483023	1
116	5.13693	11.2186	0.638586	1
117	5.09548	18.4553	0.126928	1
119	3.33763	23.1652	-0.681239	1
120	8.03879	16.1348	-0.453223	1
122	0.412066	11.0431	0.236701	1
123	6.10137	2.11023	0.318914	1
127	5.04546	11.3734	0.139491	1
135	1.00496	2.82458	-0.505715	1
137	7.19559	24.0069	0.123444	1
138	1.87388	2.0431	-0.0150061	1
141	5.24319	3.90884	0.0750241	1
143	8.22361	18.2908	-0.568291	1
147	6.06891	18.9761	-1.10198	1
151	3.70568	12.8686	0.297456	1
153	7.97216	20.8942	-0.0129895	1
154	7.09446	14.2487	-0.893172	1
160	8.13814	1.74256	0.24041	1
161	1.38024	6.43923	0.293199	1
162	3.8428	18.8673	0.578169	1
166	6.14373	22.0935	0.608439	1
169	2.52184	4.80975	-0.0459568	1
170	5.92819	23.3842	-0.132604	1
181	0.334022	19.5889	-0.946312	1
183	5.89677	21.6508	-0.121991	1
185	3.92457	18.4934	-0.229318	1
186	2.45713	6.55093	-0.28292	1
187	6.2891	4.11871	-1.14749	1
188	0.810563	14.8911	0.546356	1
189	3.70203	2.56912	0.0467282	1
190	3.10103	21.149	-0.553496	1
194	3.9787	12.8791	-0.0442895	1
195	2.69931	0.449021	-0.120392	1
200	6.63512	0.679398	0.432633	1
201	4.39561	15.3922	0.62086	1
206	2.69534	10.9113	0.353414	1
211	5.92957	20.5988	-1.13488	1
214	5.19767	7.71956	0.380693	1
215	6.66169	11.74	-0.547808	1
216	4.09992	22.6071	-0.782561	1
217	2.7623	14.8093	-0.135341	1
220	1.3696	3.60551	-0.343944	1
221	7.81246	2.44204	0.381945	1
223	4.26167	9.05337	-0.825474	1
228	2.15417	1.0526	0.107557	1
229	3.88239	17.4979	-0.305191	1
230	3.70433	15.7891	0.0476743	1
232	8.15161	8.8695	-0.467597	1
234	0.0122303	12.6395	0.182838	1
235	4.85493	19.3303	-0.352665	1
236	0.94203	3.53775	0.161833	1
240	2.92907	22.3287	0.0104031	1
244	1.04229	8.20583	0.359208	1
246	0.777833	24.1515	0.454772	1
247	2.44788	16.2703	0.0766537	1
249	6.88794	13.3155	0.0301031	1
251	1.50104	21.8987	-0.708317	1
252	1.37653	10.0333	0.437527	1
253	4.9476	5.60022	0.0103099	1
260	2.9275	15.9456	-0.0758319	1
262	7.09048	23.7559	-0.202836	1
263	2.23981	3.526	0.90931	1
266	3.75506	14.1519	-0.480378	1
268	5.80152	4.20648	0.367721	1
276	0.913729	16.7379	0.279064	1
277	1.4836	17.6044	0.34027	1
282	3.34683	7.12564	0.486268	1
287	3.64133	20.6943	-0.364823	1
289	3.13047	19.897	-0.241005	1
290	5.40255	8.63902	0.321593	1
298	1.28777	9.58984	-0.18177	1
304	2.81644	6.37808	0.180336	1
308	0.478457	23.1912	0.286972	1
311	1.62835	15.178	-0.128722	1
315	3.9074	8.92694	-0.075841	1
317	6.61183	23.0626	-0.0827698	1
319	4.30372	4.20999	0.0361039	1
320	4.97209	24.3555	-0.215059	1
322	1.47693	14.6833	0.450665	1
323	1.20435	11.3006	0.359389	1
331	6.00168	11.3884	-0.576842	1
332	1.72586	7.96135	-0.0545072	1
333	2.15606	1.69163	0.187895	1
334	3.57788	4.49628	-0.584442	1
343	5.35069	5.9321	0.243165	1
344	4.57513	18.484	-0.693593	1
350	4.05377	20.4371	-0.176658	1
351	3.24036	11.4718	-0.198485	1
353	3.12122	15.806	0.966769	1
355	6.38362	4.17491	0.585551	1
359	0.367913	14.5449	0.844193	1
362	6.29641	16.4285	-0.316019	1
365	0.672224	20.6543	-0.313901	1
368	7.35013	9.4137	-0.233424	1
369	2.40237	12.076	-0.354491	1
376	0.882463	5.43283	-0.273323	1
383	4.91906	5.05861	0.253126	1
384	6.00887	13.8521	-0.124166	1
385	2.76344	20.5993	0.0514365	1
388	6.20118	3.28404	0.886251	1
389	2.36878	0.032698	0.311495	1
397	0.964176	4.05589	0.109565	1
404	2.80447	0.826827	0.275594	1
406	7.19197	18.053	-0.284275	1
411	5.68406	9.46301	0.305115	1
414	2.62812	7.33158	-0.640792	1
418	2.64471	19.2013	-0.214265	1
420	3.97585	20.8404	-0.438488	1
421	4.62339	4.04011	0.129885	1
424	1.14994	19.4583	0.230095	1
427	0.7919	15.7837	-0.370771	1
428	4.23719	19.9634	0.577287	1
429	8.18615	0.123067	0.0579946	1
430	4.04627	7.95324	0.156171	1
433	5.85981	6.36574	-0.510365	1
439	5.36019	18.7917	-0.848093	1
442	0.684941	10.963	0.0911296	1
446	1.10265	5.56334	0.0247996	1
447	0.668834	22.8207	-0.379285	1
451	3.25561	23.7877	0.174596	1
452	6.36212	16.2214	0.456767	1
454	1.30196	10.7198	0.427636	1
457	7.16271	11.5842	0.486863	1
460	1.52166	23.6721	-0.852593	1
461	5.17695	7.52876	-0.226661	1
463	0.957232	15.216	0.383332	1
464	8.1644	11.1246	-0.207052	1
465	5.51221	22.7258	-0.735238	1
466	8.27551	24.1439	0.145763	1
467	0.295917	15.7953	0.339766	1
469	5.4596	18.9443	-0.259629	1
475	1.5382	0.244865	0.0932669	1
480	3.63435	15.9029	0.0408069	1
481	7.28371	12.5675	0.283227	1
487	3.37885	10.1751	-0.505306	1
492	1.15469	23.3551	-0.142875	1
498	2.48559	2.62732	0.0488085	1
499	6.21984	20.6149	0.350299	1
500	0.660703	8.84158	0.132414	1
502	2.87087	3.12274	-0.158808	1
506	0.223837	14.4708	-0.22899	1
508	4.60348	12.8839	-0.423803	1
510	5.11443	7.68664	0.29472	1
511	0.423487	1.17555	-0.556094	1
512	2.07106	22.9599	-0.134931	1
513	0.346463	3.75585	-0.213989	1
515	3.73839	6.76981	-1.09036	1
519	6.9768	0.629631	0.874996	1
521	7.09302	21.3791	0.235097	1
526	3.99399	14.3696	-0.227365	1
536	1.73447	21.4555	-0.496453	1
540	5.8264	2.86824	1.26868	1
543	2.03724	8.65582	-0.141022	1
545	7.36392	5.41336	0.332628	1
547	2.49589	18.6497	0.0140966	1
548	7.405	16.3203	-0.26431	1
550	6.43046	24.1356	-0.653285	1
551	3.49429	5.04934	0.290345	1
552	4.60432	11.747	0.182936	1
554	2.59963	23.7959	0.0826872	1
555	3.73905	1.25777	-0.248761	1
558	6.69077	20.1268	0.206855	1
564	4.26973	0.890819	0.223613	1
567	2.6693	12.217	-0.336426	1
575	7.24268	17.5277	-0.0843465	1
576	5.17414	0.923818	0.0655366	1
577	5.79037	4.82114	0.327846	1
583	3.46453	13.0318	-0.191167	1
587	7.05086	4.17987	0.611765	1
589	5.2177	9.29682	0.484313	1
591	1.81429	0.877583	-0.216581	1
607	5.93392	9.95581	-0.742001	1
614	5.56685	2.892	-0.206089	1
615	0.713214	4.87391	0.252754	1
616	7.43994	24.8042	-0.00655655	1
617	1.67306	12.7037	-0.445352	1
623	4.87487	10.5638	-0.682257	1
630	0.667446	16.3584	-0.0219356	1
642	4.9887	13.5564	0.52712	1
643	1.3555	17.6449	-0.155249	1
645	8.08416	17.3353	-0.099738	1
648	3.07881	15.0253	0.705463	1
649	3.56806	13.5287	0.311852	1
652	2.44078	7.86097	-0.148077	1
656	3.42813	0.754663	-0.22902	1
661	8.08148	9.00779	0.237072	1
665	2.37419	2.04418	-0.512542	1
672	5.83509	24.3154	-1.07062	1
676	6.14106	18.3351	-0.158148	1
681	0.0213184	2.90302	0.239143	1
688	5.19814	14.9337	-0.149865	1
690	6.79842	5.68633	0.334526	1
692	7.07842	21.1216	0.506853	1
700	5.94391	15.5585	-0.925456	1
701	1.63427	15.6037	-0.175218	1
702	5.53545	12.7243	0.0348154	1
705	5.39485	17.3246	-0.270313	1
706	1.97636	22.5256	-0.329127	1
709	3.60363	19.6266	-0.93175	1
713	0.257721	9.19284	0.0976863	1
714	5.21927	9.9415	0.161782	1
718	1.6273	2.90441	-0.183138	1
719	6.86229	11.773	-0.622579	1
720	6.58886	15.6116	0.144656	1
721	5.21082	4.02553	0.16198	1
723	6.63616	19.6033	0.397965	1
724	5.24528	22.7902	-0.0457547	1
725	5.63856	19.5751	-0.680769	1
727	5.35835	21.3103	0.214631	1
729	5.86781	15.0826	-0.195298	1
730	6.70048	23.9823	-0.488063	1
732	6.1055	24.2426	0.14033	1
734	0.27201	0.785833	-0.1127	1
735	2.83816	10.3512	0.298768	1
736	3.11491	10.9375	-0.734931	1
737	6.27411	5.268	0.0998074	1
738	2.01407	24.1744	0.499125	1
741	7.9655	15.2116	-0.200529	1
749	5.12546	13.1598	0.0997696	1
751	0.323362	19.9056	-0.129879	1
752	6.21927	12.2368	-0.347796	1
760	6.80935	16.624	0.132672	1
761	3.56814	11.3903	-1.02176	1
766	4.29484	9.45291	0.27508	1
767	0.852884	7.35241	0.35576	1
769	2.65271	2.88896	-0.427131	1
770	3.00149	17.8165	-0.631523	1
771	6.99686	22.6455	-0.741092	1
782	1.2982	20.0035	0.555079	1
783	5.83927	5.73059	-0.32054	1
785	4.80565	5.3381	0.0802467	1
786	2.86276	11.6279	-0.489586	1
788	5.93635	24.1082	-0.125792	1
794	3.70021	11.4812	-0.316025	1
796	2.33064	24.8443	-0.180355	1
798	6.31039	10.1328	0.329189	1
802	3.72678	19.4588	-0.352597	1
809	7.93018	15.0239	-1.28055	1
812	4.45257	3.18463	0.532778	1
813	6.29302	3.67952	-0.454012	1
816	7.38075	15.4307	-0.358691	1
821	4.27158	23.8881	-0.115176	1
822	2.5357	3.1782	0.838109	1
825	7.61773	17.5892	-0.372699	1
829	7.90742	18.0842	0.632918	1
833	1.52487	10.728	-0.127963	1
834	1.46171	21.9982	0.200756	1
835	1.59625	23.0379	0.373437	1
836	1.59192	8.9333	0.246218	1
839	7.45507	23.827	-0.0957512	1
840	7.65034	11.781	0.140287	1
845	7.39373	14.2182	0.0738365	1
846	3.23721	8.43484	0.383495	1
849	5.2801	16.4696	-0.46174	1
852	7.75508	13.0526	0.146235	1
854	4.90992	10.3956	-0.374532	1
856	1.15594	24.8982	-0.125086	1
857	6.19986	10.7868	0.588528	1
859	8.13845	20.2859	0.714905	1
864	7.08115	0.986919	-0.119547	1
865	6.60987	0.279049	0.733019	1
868	7.10268	2.75845	0.643752	1
869	2.44601	8.70638	-0.0353246	1
871	1.00469	16.4246	-0.0350348	1
876	7.36985	14.7632	0.154751	1
878	0.949626	19.7517	-0.0364207	1
881	5.04851	21.2043	0.269772	1
886	0.428838	9.09615	-0.341063	1
887	1.46461	11.5472	-0.175109	1
890	6.69635	16.0828	-0.277602	1
898	2.03554	15.9036	0.266508	1
900	2.06078	21.7155	-0.617643	1
907	1.4243	3.42211	0.0326184	1
914	3.51136	23.5526	-0.472382	1
916	4.99656	9.08111	-0.0419654	1
923	0.0257474	1.59857	-0.806646	1
925	4.93872	23.915	-0.299056	1
926	0.422033	10.0104	0.214233	1
927	1.09364	11.8291	-0.762908	1
929	0.391975	22.1149	0.702922	1
932	2.70897	18.4833	0.29881	1
933	7.51088	19.553	0.434376	1
936	5.5369	1.80223	-0.366054	1
940	2.33454	5.05183	0.29741	1
945	0.331281	14.5347	0.0452216	1
950	6.35984	9.89774	-0.335737	1
954	3.81647	1.19414	0.15402	1
955	1.3839	19.7983	-0.708845	1
956	3.02833	21.3043	-0.184768	1
965	1.84603	17.4404	-0.220442	1
970	1.04579	2.18568	-0.261919	1
971	5.83765	19.2489	-0.101771	1
972	1.5744	2.88602	0.539381	1
974	1.67408	1.59241	0.0136743	1
978	0.216851	1.84296	-0.417584	1
980	2.41249	14.0666	0.0167248	1
981	7.68054	24.2319	0.666941	1
982	4.2097	4.55441	0.00383775	1
986	0.419292	24.8647	-0.374389	1
987	7.86914	15.8406	0.228504	1
991	3.39227	11.8835	0.349106	1
997	2.14232	6.82578	-0.0395481	1
1001	1.42481	23.9068	-0.577743	1
1003	0.00867195	16.9947	-0.0627392	1
1005	6.14975	12.211	-0.528799	1
1006	3.59754	19.8576	-0.617024	1
1009	5.79317	22.2022	0.592207	1
1020	3.73742	8.79957	-0.053871	1
1023	2.53699	17.3606	0.0609985	1
1025	6.25163	6.05416	-0.184458	1
1034	1.4329	15.3629	0.670796	1
1037	5.708	23.0106	0.919484	1
1038	4.94974	19.8602	0.160517	1
1039	7.58343	24.8724	0.179833	1
1040	6.04216	0.994819	-0.248743	1
1042	6.75554	24.5991	-0.955993	1
1043	3.39785	22.7745	0.210578	1
1047	2.00503	20.1694	-0.638498	1
1048	0.190673	9.30809	0.580793	1
1049	5.90408	1.97424	-0.254203	1
1050	0.694137	6.42822	0.421392	1
1053	5.9546	13.8129	-0.553114	1
1054	6.83422	12.6306	-0.178387	1
1058	8.29935	11.0006	0.379296	1
1059	2.90023	9.67867	-0.621227	1
1068	4.08362	10.7651	-0.247199	1
1070	3.57491	9.45009	-0.367902	1
1072	8.12944	20.1801	-0.242937	1
1075	4.35422	14.6154	-0.727865	1
1077	1.98902	9.89718	-0.13234	1
1079	2.19612	7.22007	0.272618	1
1083	2.5394	22.1945	-0.090438	1
1084	0.662179	18.9499	-0.226402	1
1085	6.77284	5.08094	0.436079	1
1086	0.500397	18.9344	0.525338	1
1087	0.679747	18.3966	0.36051	1
1092	1.74803	3.21711	-0.46914	1
1093	4.12503	4.79028	0.206904	1
1097	3.75289	15.3772	-0.829223	1
1102	6.78937	14.3853	-0.743665	1
1103	2.16352	4.66322	1.30657	1
1104	0.108362	12.4794	0.153246	1
1107	0.92079	19.6057	0.434091	1
1109	5.11886	7.0906	-0.759352	1
1114	7.86277	10.9652	-0.402063	1
1120	2.79926	21.4277	-0.201069	1
1121	4.10421	5.17315	-0.362647	1
1126	8.28273	3.99989	-0.4072	1
1129	5.48215	1.06726	0.218844	1
1134	8.05045	7.63749	0.194541	1
1135	5.73899	6.1121	-0.0918476	1
1140	2.22819	24.6568	-0.260349	1
1145	7.62722	16.955	0.146041	1
1149	5.9788	15.2484	0.275514	1
1150	6.28385	13.4632	0.181652	1
1159	5.45101	4.74446	0.268164	1
1162	6.7021	17.8135	0.0898552	1
1164	2.15679	20.4291	0.571611	1
1165	1.453	13.1456	0.144772	1
1166	5.52206	17.3721	0.351493	1
1175	1.3571	15.1321	-0.487564	1
1179	5.94905	1.74022	0.62465	1
1181	5.58298	16.8163	0.00809057	1
1184	1.98139	22.4709	0.468704	1
1185	5.3816	8.30592	-0.402004	1
1187	5.85899	13.6575	0.249414	1
1188	4.04839	23.3446	-0.475034	1
1193	6.33674	1.09486	0.594122	1
1194	5.95886	4.38534	0.0322652	1
1197	3.06593	24.3163	-0.209242	1
1198	2.84591	24.9873	0.172231	1
1199	5.11443	18.0936	0.120046	1
1204	1.8045	15.8762	-0.376882	1
1205	5.37253	20.534	0.365195	1
1206	8.2199	5.83596	-0.352633	1
1209	1.19275	23.3451	0.601303	1
1212	3.69577	22.1729	-0.348434	1
1217	5.35722	12.2502	-0.66579	1
1219	4.78808	1.61899	-0.223404	1
1228	4.47158	2.60207	0.471169	1
1230	5.81546	9.39671	-0.14366	1
1231	5.78318	17.5678	0.152982	1
1236	0.34016	5.39672	0.679397	1
1237	7.12191	9.08381	-0.174092	1
1238	3.25298	18.9622	-0.49246	1
1240	3.36776	24.2961	-0.542921	1
1243	0.485579	17.9611	0.0791838	1
1244	7.34813	3.53533	0.566925	1
1250	8.20075	18.5001	-0.717673	1
1253	1.14651	16.452	0.167348	1
1258	4.39472	3.86108	-0.103927	1
1259	7.91845	14.0233	-0.0227462	1
1261	8.02547	22.2047	-0.00240103	1
1262	0.321473	0.911245	-0.555208	1
1267	1.02642	16.5694	-0.188696	1
1268	4.26941	13.049	-0.281422	1
1271	4.20481	8.06534	-0.00876713	1
1275	6.79279	6.16168	0.293631	1
1284	3.42559	15.3349	0.0486	1
1285	0.847816	3.51364	0.352991	1
1287	6.11166	22.1998	0.44276	1
1296	3.50298	19.7637	0.184949	1
1298	8.10186	1.04764	-0.70318	1
1299	3.7326	2.71547	-0.149684	1
1300	5.00483	12.0697	-0.603425	1
1303	7.13767	6.27108	-0.342853	1
1307	3.92816	14.9316	0.449665	1
1308	6.65559	4.64023	0.397877	1
1311	6.01087	13.4881	-0.0404036	1
1313	6.95221	19.9442	0.263588	1
1315	3.71914	19.2983	-0.21023	1
1318	3.55347	9.83721	-0.506412	1
1322	7.74303	11.884	0.99014	1
1323	3.17152	12.9917	0.718113	1
1324	2.43038	13.8752	0.524284	1
1326	3.31753	12.57	0.300415	1
1328	4.14776	8.28668	-0.0641495	1
1329	1.62279	21.9453	-0.125115	1
1332	4.23155	18.7593	-0.762628	1
1335	4.26112	16.4882	0.228723	1
1336	5.40243	6.34267	-0.149439	1
1341	0.0871199	17.1664	-0.277567	1
1343	4.38905	13.9508	-0.379957	1
1344	8.30297	12.7263	-0.094632	1
1346	7.99017	7.66927	0.218153	1
1350	0.574337	16.257	0.0844155	1
1351	6.17803	4.18279	0.109865	1
1352	4.64443	20.5803	-0.278885	1
1357	6.63462	15.9654	0.553497	1
1358	7.30865	6.23439	-0.39081	1
1360	1.46455	5.40283	-0.0253696	1
1362	4.75053	19.5405	0.01896	1
1366	6.82432	16.5254	-0.229202	1
1376	4.50603	15.1648	0.0443768	1
1378	3.83844	16.7701	0.0241148	1
1381	6.88572	1.90581	0.608933	1
1384	2.19353	3.98113	0.216683	1
1386	0.911946	19.9068	-0.178357	1
1388	4.61669	23.3433	0.559982	1
1393	0.430929	18.2248	0.0829057	1
1395	1.47733	6.83926	0.243302	1
1398	0.885695	6.68413	-0.103232	1
1399	4.9282	19.2233	-0.175298	1
1400	0.889032	1.33711	0.393917	1
1403	3.38924	22.28	0.190436	1
1409	0.74175	16.6177	-0.087718	1
1412	1.60331	3.43561	-0.260417	1
1418	6.57829	6.08448	0.316099	1
1419	7.56831	5.64978	-0.402631	1
1423	1.61613	13.9421	-0.192956	1
1424	3.10746	7.1309	-0.238444	1
1427	7.84362	2.94634	-0.412884	1
1439	0.0390149	20.9404	-0.412407	1
1450	4.99905	9.97065	-0.0702013	1
1451	6.79463	9.62452	-0.441792	1
1452	0.0486212	10.4631	-0.409326	1
1453	2.97716	1.13052	-0.340287	1
1458	3.53784	17.2042	-0.0925199	1
1475	4.7905	9.55599	-0.49981	1
1476	2.09882	18.5621	0.0738567	1
1478	3.14955	18.2392	-0.189117	1
1481	5.34505	15.0234	-0.262149	1
1488	5.21315	1.03815	-0.218906	1
1490	4.15377	16.4868	-0.489236	1
1492	4.02985	17.3639	0.498279	1
1493	7.29703	4.66203	-0.465414	1
1494	8.1383	4.40945	0.0105152	1
1498	4.28729	11.0013	-0.441434	1
1499	3.85185	11.6071	-0.283201	1
1500	7.29491	6.06701	-0.275047	1
1503	3.97637	19.2835	-0.625167	1
1506	2.31007	3.54261	0.0465496	1
1507	8.15344	5.65373	0.00746597	1
1512	6.13749	9.54618	0.112597	1
1517	0.796596	8.00915	1.51395	1
1518	2.33677	19.65	-0.359554	1
1523	6.99824	10.1832	-0.389047	1
1529	7.59911	10.6411	-0.525424	1
1531	5.22863	22.0675	-0.641733	1
1532	3.2953	9.29376	0.0770228	1
1533	2.53323	19.2544	-0.0738787	1
1536	2.2297	16.0951	-0.699091	1
1537	3.61308	15.9729	-0.0982891	1
1542	0.685619	6.13864	-0.870901	1
1549	1.23719	0.892631	0.388254	1
1550	2.36585	0.0546346	0.247112	1
1555	6.57964	9.30949	0.114309	1
1557	6.2192	14.3035	0.0802925	1
1559	5.82377	4.38461	-0.0150671	1
1561	5.51041	14.8892	-0.142648	1
1563	8.28695	22.0027	-0.283731	1
1564	6.51315	2.98835	-0.227963	1
1565	6.43728	6.80893	-0.473832	1
1566	1.01649	16.1232	0.151491	1
1568	5.11775	24.4714	-0.325751	1
1570	1.80453	10.1158	0.0487385	1
1573	2.01107	9.09927	-0.325631	1
1586	1.64626	16.8927	-0.3255	1
1588	0.117655	20.8853	0.0603496	1
1600	0.818573	13.5019	0.14241	1
1601	6.46373	6.86383	-0.0604559	1
1603	0.584635	3.27707	0.382449	1
1604	3.50084	0.715857	0.00993804	1
1610	5.37445	16.8774	-0.797616	1
1613	2.91188	0.308935	0.143117	1
1614	3.28801	20.6264	0.099592	1
1617	6.6872	7.84672	-0.323561	1
1622	5.25982	17.3054	-0.479807	1
1626	2.61086	19.4745	-0.0474853	1
1629	0.0334464	1.41574	-0.0331608	1
1632	5.26885	21.1753	-0.599506	1
1634	5.05692	14.9052	0.17786	1
1635	5.56692	4.9429	-0.82977	1
1637	7.60238	21.4122	0.320716	1
1641	2.78273	24.7603	-0.687347	1
1645	6.76542	11.3215	-0.300961	1
1648	0.368185	21.8261	-0.318231	1
1651	7.14308	12.4948	0.206135	1
1652	0.765314	10.822	-0.13438	1
1655	5.69355	17.3464	0.177455	1
1664	4.31565	14.0845	-0.00832501	1
1665	6.7218	10.4986	0.645695	1
1666	4.52583	15.3448	-0.117705	1
1671	4.8949	21.5382	-0.245201	1
1672	2.95153	5.19573	0.0901903	1
1674	6.05639	3.28066	0.0195233	1
1675	6.82787	15.4407	-0.174645	1
1678	6.13429	7.65585	0.47118	1
1681	7.38732	15.1094	0.27458	1
1682	4.28874	18.3857	0.0473113	1
1687	6.78861	24.2353	-0.154293	1
1689	3.51136	19.8077	-0.108462	1
1703	0.186611	7.88294	0.0584559	1
1706	7.89907	7.96645	-0.965836	1
1707	0.229314	22.8625	-0.879515	1
1710	5.297	4.26711	0.0296558	1
1714	4.30609	23.6069	-0.226854	1
1718	1.58517	3.72318	-0.102445	1
1726	0.608876	14.2535	0.676476	1
1729	4.44001	24.6486	-0.450217	1
1735	7.35811	3.84412	0.337056	1
1736	2.09721	13.6296	0.0597648	1
1737	5.8639	9.13548	-0.277685	1
1741	3.61456	1.19104	0.166576	1
1744	3.59523	10.5612	-0.352469	1
1745	6.99586	23.9643	0.108205	1
1753	2.39244	1.73069	-0.354465	1
1755	6.53428	4.83277	-0.202098	1
1759	7.00762	9.74315	0.499122	1
1760	2.52368	10.2609	0.182136	1
1765	8.16557	3.92889	0.80288	1
1766	8.03338	1.14266	0.174299	1
1771	6.83981	21.0758	0.100585	1
1772	8.22043	2.27374	0.634858	1
1782	4.81402	16.8346	-0.505846	1
1783	7.99906	23.4482	0.177072	1
1789	7.42058	3.59549	0.681752	1
1795	2.97083	10.6057	-0.0129362	1
1797	2.7876	0.701957	0.394139	1
1798	4.0192	16.4207	0.373581	1
1802	6.04759	15.1502	-0.0098607	1
1806	7.74678	22.7879	-0.141094	1
1813	0.322848	17.6045	-0.0454594	1
1820	1.84457	1.70735	-0.60283	1
1822	1.8275	6.57795	0.197287	1
1827	3.26288	22.645	-0.362621	1
1829	3.46716	12.0021	0.516466	1
1830	3.82888	11.924	0.333665	1
1831	5.20983	13.5106	-0.304758	1
1832	6.27431	19.9988	-0.018998	1
1834	3.63338	16.6649	-0.39928	1
1836	7.46433	5.40687	0.220265	1
1837	0.203715	6.66364	-0.0620967	1
1846	7.6972	0.294423	0.539148	1
1849	0.107458	23.2311	-0.165188	1
1850	0.240259	23.8824	-0.269103	1
1857	5.945	24.9693	0.229074	1
1860	7.3451	16.9938	-0.0579803	1
1862	1.85434	23.3219	-0.0905216	1
1865	3.30338	13.599	-0.0977097	1
1867	2.32739	15.1465	0.523735	1
1869	4.46464	20.9973	-0.394472	1
1872	4.39162	7.42962	-0.0326234	1
1873	2.96278	19.6083	0.0776099	1
1874	2.43049	11.3243	0.419481	1
1882	6.80428	22.1761	-0.128246	1
1883	1.16315	4.71719	0.0293722	1
1884	7.61799	14.1839	-0.194918	1
1890	6.41123	0.0530816	0.143279	1
1893	2.03717	4.47763	-0.241269	1
1897	8.05045	4.22223	-0.0941063	1
1898	8.0196	14.9563	-0.544711	1
1902	1.14917	9.58117	0.339085	1
1905	1.05091	2.51367	-0.239428	1
1908	7.38212	24.0715	-0.233601	1
1910	5.39935	19.3702	0.640482	1
1911	4.73732	17.3422	-0.254624	1
1912	3.72561	15.9397	-0.26837	1
1914	4.42057	1.09135	0.538251	1
1918	3.54246	14.4701	-0.00656822	1
1919	7.0688	2.20281	0.555777	1
1923	3.83321	0.633186	-0.0907828	1
1926	6.66889	19.9479	0.315441	1
1927	2.51038	9.44874	-0.118707	1
1931	1.45173	4.45983	-0.195337	1
1932	5.82197	0.500655	0.626611	1
1938	5.22657	12.1389	-0.00199929	1
1940	4.95251	1.29153	-0.407374	1
1941	6.08955	8.2739	-0.0493098	1
1943	0.205606	20.3006	-0.361648	1
1944	2.4344	13.3899	-0.292195	1
1945	1.75564	14.5645	-0.401194	1
1946	0.941155	4.31859	-0.107403	1
1951	0.761052	5.78722	-0.194805	1
1953	8.26054	21.8634	-0.300239	1
1957	2.57845	19.6641	-0.14377	1
1960	7.89598	20.8191	0.231124	1
1962	6.76648	6.90989	-0.471316	1
1964	5.70224	16.7169	-0.393767	1
1965	8.29631	20.1394	0.755716	1
1967	3.85615	2.12737	0.626458	1
1972	6.12884	23.745	-0.0847131	1
1973	0.363367	0.686836	-0.517426	1
1976	6.99656	3.3655	0.212196	1
1985	7.19441	7.68921	0.0109611	1
1988	1.56567	8.46553	0.409155	1
1989	4.01675	9.31486	0.188602	1
1991	1.55984	22.2139	0.045498	1
1992	7.87892	23.7663	-0.304972	1
1993	1.69989	10.5627	-0.124554	1
1995	4.98623	20.2117	0.0495862	1
1997	8.24273	5.36605	-0.218248	1
2000	8.16081	11.9083	0.294147	1
2001	7.52653	20.7156	-0.430807	1
2002	4.44242	2.69554	0.154688	1
2004	7.82054	13.4286	-0.788593	1
2007	5.24643	9.55818	0.0641265	1
2008	1.10033	21.402	0.547446	1
2010	3.85645	17.9575	0.0415353	1
2011	0.616261	12.4157	0.492858	1
2012	7.86509	0.321737	-1.00948	1
2014	4.12808	12.411	-0.60198	1
2015	4.7252	23.4504	0.107177	1
2016	6.82103	22.5952	-0.200633	1
2019	7.19648	23.0446	0.859188	1
2021	3.04707	15.7676	-0.394072	1
2026	1.66034	18.9139	-0.397591	1
2028	0.590011	15.1702	-0.610003	1
2036	3.09604	12.4368	-0.115187	1
2037	4.98612	19.7624	-0.0479635	1
2039	7.15521	22.3246	-0.129607	1
2040	3.34109	17.5817	-0.204518	1
2042	6.09176	18.0551	0.134852	1
2044	0.731485	11.0573	-0.241721	1
2045	1.12035	9.53715	-0.325715	1
2048	5.35522	5.29814	-0.427617	1
2050	5.25642	14.5726	-0.127634	1
2054	7.24876	12.3647	0.704654	1
2059	1.59443	20.1656	0.1316	1
2062	2.70389	17.9081	0.293125	1
2065	2.1807	10.9815	-0.450737	1
2069	7.39636	16.9226	-0.30477	1
2079	2.31987	3.94422	-0.466082	1
2085	2.08146	4.87867	-0.38318	1
2086	7.26015	11.0696	-0.3294	1
2087	3.82203	7.50492	-0.100591	1
2091	6.82898	18.6625	0.395037	1
2095	5.15595	13.7228	0.455421	1
2096	8.17109	10.2034	-0.202376	1
2097	5.46887	0.422883	1.07847	1
2100	8.27426	2.26084	0.298528	1
2101	7.98434	2.60487	0.610265	1
2105	3.98701	15.5695	-0.358082	1
2108	6.18894	15.5681	0.492888	1
2110	7.99499	11.748	0.293173	1
2111	7.26572	23.416	0.342431	1
2119	2.02621	1.88112	-0.25021	1
2120	6.62686	4.88666	0.25482	1
2123	7.29818	9.77143	-0.148562	1
2126	5.93512	10.8759	-0.356235	1
2127	0.234345	21.271	0.641546	1
2134	0.696534	19.9268	-0.029485	1
2136	3.75538	0.743859	0.68293	1
2140	0.990312	18.2834	0.196303	1
2142	3.75652	24.4436	0.0998561	1
2144	2.73356	17.507	-0.670393	1
2147	6.09914	0.666853	0.521913	1
2153	3.36449	7.02376	-1.00772	1
2155	2.66802	24.0804	-0.537229	1
2159	7.79576	22.9841	0.172329	1
2160	5.78718	17.0796	0.0833473	1
2162	1.99198	14.5203	-0.346187	1
2164	5.23626	23.6481	-0.21532	1
2165	4.26654	18.6361	-0.402844	1
2172	5.04579	14.8003	0.167461	1
2173	2.60272	6.23214	-0.0647425	1
2175	3.70425	4.03002	-0.304226	1
2176	5.08033	2.28802	-0.454379	1
2177	1.16164	18.6044	0.209628	1
2180	3.44736	22.2313	0.442908	1
2184	3.95756	24.1313	0.0147929	1
2186	1.66982	19.4543	-0.20015	1
2189	6.85545	16.2725	-0.114997	1
2191	1.39793	17.6597	-0.19254	1
2192	0.305461	1.13994	-0.302758	1
2197	7.0044	17.2411	-0.09647	1
2199	7.88313	19.5504	-0.252345	1
2203	1.1829	8.27375	0.36711	1
2204	2.22987	9.47477	0.133968	1
2206	7.94161	21.8936	0.423026	1
2207	1.01499	19.0719	-0.126718	1
2208	5.74464	19.0167	0.0697336	1
2209	0.444581	11.9512	-0.0387278	1
2211	0.184208	15.4524	0.283958	1
2215	2.80764	18.2002	-0.431195	1
2218	4.98779	22.2067	-1.43566	1
2219	7.86586	22.6534	-0.353575	1
2221	4.2711	3.84264	0.574056	1
2228	1.77354	12.1161	-0.0934282	1
2229	1.7855	1.7127	0.298736	1
2236	5.78227	11.6821	-1.11235	1
2237	2.5365	22.8434	-0.230011	1
2242	3.50401	17.1368	-0.111406	1
2246	2.4275	18.8042	0.677815	1
2249	7.13054	0.397132	0.22856	1
2250	7.27993	0.6123	1.30867	1
2252	6.57945	19.7329	0.451677	1
2254	4.09997	1.38256	0.269037	1
2255	0.220911	12.5392	0.0436382	1
2260	4.91446	12.0922	-0.0328923	1
2262	6.60133	19.7508	0.224134	1
2263	3.05056	8.04102	-0.156784	1
2269	7.79962	17.4296	0.0852675	1
2271	6.19778	3.04574	-0.240934	1
2273	6.26723	14.4657	-0.280091	1
2281	3.46095	1.90087	-0.115806	1
2286	2.6653	3.94262	-0.00288882	1
2287	6.83093	10.3308	-1.01284	1
2290	3.99733	14.281	-0.663156	1
2291	1.63265	12.5509	-0.581608	1
2296	8.01199	13.4398	-0.416603	1
2298	0.203489	0.929836	0.1552	1
2304	8.06939	13.6853	-0.157442	1
2305	6.07396	18.4481	0.689196	1
2309	0.0578658	1.8617	0.147043	1
2310	2.97867	0.958202	0.314022	1
2319	3.77766	2.79099	-0.669464	1
2320	1.99244	11.6212	-0.0337993	1
2322	7.55072	6.62262	-0.225183	1
2323	0.151171	20.6429	0.159434	1
2324	3.31422	19.2392	-0.181659	1
2326	5.29767	12.5687	0.481118	1
2333	6.60014	22.8049	0.0436398	1
2334	0.533421	1.29848	-0.229187	1
2339	0.441399	20.1939	-0.0460155	1
2341	7.3735	14.0197	0.189462	1
2350	8.13539	22.7693	-0.164034	1
2360	3.56006	3.18284	0.199695	1
2364	1.10761	0.142001	-0.315592	1
2367	2.77118	6.74421	-0.189763	1
2372	6.27482	16.8692	0.408806	1
2373	5.29066	0.505028	-0.340325	1
2379	2.46577	22.8298	0.239179	1
2385	6.23204	16.5124	0.993978	1
2388	6.6136	8.05346	0.222252	1
2399	2.27557	6.31752	0.0432088	1
2401	6.41171	6.59251	-0.163439	1
2402	7.64451	22.5732	0.0824481	1
2404	5.23234	22.6923	-0.421562	1
2407	4.97658	16.829	0.31224	1
2412	2.11849	18.532	-0.330462	1
2413	0.640214	17.3424	-0.218773	1
2416	0.444496	12.5895	0.166299	1
2417	3.041	4.24043	-0.00177216	1
2418	4.90909	15.8818	0.0561704	1
2421	5.99791	15.7797	0.555185	1
2425	1.10589	4.12969	0.0123886	1
2429	1.32382	4.79163	0.941852	1
2430	3.43592	10.5788	-0.500884	1
2431	8.01843	24.2457	0.127854	1
2432	7.22084	24.4523	-0.0186309	1
2440	2.02212	15.3188	0.893277	1
2447	6.77578	11.6689	-0.16693	1
2448	5.1621	14.4595	-0.622505	1
2456	3.26392	19.382	-0.510655	1
2459	3.9608	1.92716	0.139468	1
2462	5.93471	22.4022	-0.494105	1
2463	3.40751	13.1176	-0.310699	1
2468	3.0641	24.4671	-0.148214	1
2469	5.83195	24.6497	-0.363627	1
2477	0.195555	7.87353	0.230597	1
2478	7.08444	8.92957	0.200661	1
2479	6.29532	24.9345	-0.0678292	1
2482	5.47231	17.0316	-0.756714	1
2483	8.25148	15.9445	0.0167094	1
2484	2.89406	0.0692592	0.739842	1
2485	1.60431	18.7265	0.156332	1
2487	0.439238	19.3742	0.299173	1
2494	1.67381	10.6854	-0.466642	1
2496	6.51543	5.90355	-0.71598	1
2497	4.60224	6.17557	-0.819217	1
2499	5.68757	14.1395	0.0976499	1
2500	6.82562	13.9623	0.475009	1
2503	4.12658	18.3775	0.24366	1
2504	6.64311	20.0297	-0.0327955	1
2505	7.99407	19.507	0.0314142	1
2506	7.62382	18.3919	-0.586244	1
2507	7.20728	18.4002	-0.567766	1
2511	3.63545	23.8837	0.690995	1
2512	5.79037	20.7122	0.11317	1
2514	7.0502	12.8523	0.11024	1
2517	3.33157	16.6988	-0.19593	1
2522	2.4996	3.21246	0.0160601	1
2528	6.51649	12.1074	0.344548	1
2531	1.49576	16.72	0.799619	1
2534	7.64198	20.7068	-0.638422	1
2536	4.48437	20.3823	-0.208015	1
2538	5.04904	23.5578	-0.480768	1
2548	6.43757	21.2966	0.0913172	1
2551	4.81147	13.8805	-0.711486	1
2559	1.84954	16.3629	0.771478	1
2562	6.43594	3.50893	0.239247	1
2564	5.38919	11.2392	-0.219993	1
2566	4.65774	8.63244	0.334999	1
2572	3.71531	12.368	0.0445673	1
2573	4.15976	19.5694	-0.577688	1
2574	2.6793	19.6131	-0.482842	1
2575	4.43323	19.631	-0.485942	1
2577	5.92554	10.4708	0.716721	1
2578	6.55558	0.721796	-0.120088	1
2580	5.1173	6.79824	0.769898	1
2582	3.84852	4.89266	-0.239792	1
2583	5.67659	11.8111	0.373266	1
2584	0.656676	20.947	-0.386346	1
2594	1.67734	12.4927	-0.0659554	1
2597	0.762604	3.90113	0.812304	1
2599	5.59651	2.2248	0.199926	1
2606	1.12274	13.205	-0.162715	1
2614	8.01208	10.8392	-0.0993777	1
2621	0.10344	6.12732	-0.163449	1
2622	5.85821	23.4954	-0.272798	1
2623	5.006	13.9683	-0.00873751	1
2625	6.05456	9.24976	-1.04977	1
2626	0.546454	13.8837	0.245491	1
2628	6.11173	24.9451	0.417398	1
2630	2.15652	14.1988	0.136089	1
2631	0.750198	7.349	0.00120572	1
2632	1.6913	19.9217	-0.769459	1
2633	1.95475	20.5391	-0.176157	1
2634	3.75097	21.9831	-0.337991	1
2635	4.13671	21.5681	0.0397792	1
2638	1.03139	15.4203	0.221706	1
2639	1.02843	14.4006	-0.316368	1
2642	5.8956	24.3109	0.509287	1
2644	2.91185	17.7144	0.493359	1
2657	3.99647	8.25658	-0.413299	1
2660	0.255312	11.2693	0.440798	1
2661	6.19243	11.5455	0.469654	1
2662	8.06221	21.8725	-0.250267	1
2663	2.55729	19.2405	0.0758936	1
2667	4.33363	17.5122	-0.188579	1
2668	4.63058	17.845	0.0593203	1
2670	2.67551	11.2353	-0.364518	1
2674	3.56034	20.123	-0.492114	1
2676	2.14465	4.17105	-0.00390288	1
2677	4.30313	11.4631	0.0125936	1
2679	1.9832	6.63674	-0.171845	1
2686	3.51169	23.5611	-0.56485	1
2688	4.87855	18.1962	-0.246746	1
2692	5.80314	0.28067	0.141346	1
2696	7.32516	2.43699	0.128901	1
2698	2.34531	3.19265	0.561121	1
2704	2.72664	13.0308	0.400188	1
2705	4.77987	15.1931	0.32303	1
2706	0.588608	12.5151	0.183391	1
2707	0.555302	12.499	0.203317	1
2711	2.76126	17.0658	-0.325238	1
2721	4.0192	3.72132	0.25756	1
2722	1.57902	13.0726	-0.251543	1
2726	1.73299	8.61447	-0.32052	1
2727	6.32143	21.589	0.509726	1
2728	4.731	22.817	0.558834	1
2731	7.75098	13.0587	0.270446	1
2732	6.34616	14.5554	-0.198892	1
2737	2.10912	14.6509	-0.0957331	1
2739	0.871629	4.69092	-0.139619	1
2741	2.03498	16.7128	0.317903	1
2742	0.0808428	16.6979	0.760561	1
2746	1.38591	20.7325	-0.582417	1
2749	1.00727	8.29827	-0.137515	1
2752	0.623927	23.3378	-0.162482	1
2754	4.33758	18.7645	-0.257624	1
2761	4.93965	5.50049	-0.00292967	1
2762	4.84919	4.87969	0.627882	1
2766	2.95629	24.5568	0.853966	1
2767	6.71087	1.04878	0.733885	1
2770	0.0637546	18.1392	-0.110235	1
2772	4.26097	20.8611	-0.145647	1
2777	0.495447	19.5215	-0.163662	1
2779	4.49509	0.0314741	0.123963	1
2787	4.8715	7.24973	-0.699223	1
2789	1.35145	13.4804	-0.313486	1
2793	1.56671	12.9434	0.0787925	1
2796	5.93478	0.0833235	0.605809	1
2798	3.9112	0.717811	-0.0789267	1
2804	1.81172	11.9791	0.111299	1
2805	1.92877	8.36499	-0.374566	1
2807	6.33294	23.7834	-0.450894	1
2808	0.661546	23.1763	-0.360964	1
2811	7.57529	8.19323	-0.41617	1
2815	3.49183	19.9713	0.332813	1
2817	5.14594	23.7224	-0.706449	1
2818	4.49947	24.0275	-0.294316	1
2820	2.50726	21.8249	0.600169	1
2821	3.96124	3.31907	0.305065	1
2822	3.85154	0.271926	0.658181	1
2824	7.70634	10.5181	0.44779	1
2826	4.17751	8.62119	0.364117	1
2828	7.95359	19.801	0.0152145	1
2829	7.78706	17.4068	-0.219021	1
2831	7.95522	8.28401	-0.416552	1
2832	8.18567	6.97019	-0.635086	1
2834	1.4637	21.4275	-0.156037	1
2836	5.78846	15.7616	0.351003	1
2838	0.817515	8.00427	0.249912	1
2839	1.66303	13.7319	0.0977701	1
2840	7.77548	22.2837	0.110154	1
2844	5.32893	14.5069	-0.687358	1
2861	2.83738	18.8567	-0.143102	1
2870	4.34625	19.7984	0.377299	1
2875	0.227007	7.37991	0.27163	1
2885	5.67564	2.50675	-0.250519	1
2892	1.0467	13.2196	0.625322	1
2899	5.79113	0.317872	0.597915	1
2903	1.80731	5.02015	0.368084	1
2906	4.97343	14.3735	-0.210136	1
2907	5.45095	16.4705	-0.0740294	1
2910	4.39153	3.77853	0.0963702	1
2912	4.76077	12.0158	-0.260693	1
2918	8.22332	12.0587	0.644967	1
2920	3.8436	11.9774	-0.264563	1
2922	4.81429	14.2579	0.00385795	1
2923	4.21229	13.8377	-0.957648	1
2925	6.04638	16.4564	0.153089	1
2929	7.27232	24.4184	-0.60437	1
2930	6.03622	24.354	-0.26885	1
2934	1.0851	1.00922	0.103326	1
2935	6.80597	17.354	0.756319	1
2938	4.53736	5.13534	-0.490664	1
2941	7.79241	11.6565	0.616452	1
2943	8.06751	0.141335	-0.559672	1
2945	3.71861	4.44978	-0.144695	1
2954	1.2085	17.2185	-0.0465137	1
2962	4.44274	7.5927	-0.203794	1
2966	3.76403	3.22047	0.0329231	1
2967	7.87026	11.6076	0.94584	1
2975	1.8606	4.95578	-0.129377	1
2981	2.51368	19.5526	0.362075	1
2987	0.268343	6.72856	0.237962	1
3000	6.70989	3.75878	0.0938055	1
3001	6.95799	24.8086	0.549814	1
3004	4.4556	11.24	0.0808195	1
3009	0.19477	17.3196	-0.335577	1
3012	8.04745	1.07283	0.0509407	1
3015	1.26565	0.0718018	-0.65538	1
3023	4.35196	14.8443	-0.423989	1
3027	5.03537	0.218896	0.97204	1
3028	1.25347	18.968	0.0337191	1
3029	4.03979	13.4038	0.72155	1
3031	0.271523	7.29461	-0.160358	1
3032	0.908936	4.38736	0.341342	1
3033	2.58199	0.963618	-0.381156	1
3034	6.319	12.7711	-0.0769678	1
3039	2.8197	4.94964	-0.364802	1
3043	7.02491	0.582068	0.265384	1
3044	5.4123	9.75313	-0.258234	1
3046	4.44394	17.4886	0.421955	1
3047	4.49972	17.9237	-0.183652	1
3050	3.37984	3.69586	-0.141014	1
3066	8.03416	24.7585	-0.0678808	1
3071	5.12234	5.12794	-0.00703967	1
3075	5.5178	3.23222	0.147882	1
3076	0.755047	17.9153	0.660831	1
3077	7.5445	14.926	-0.225277	1
3079	1.38561	12.2284	-0.188785	1
3080	8.21026	9.96431	-0.368335	1
3081	0.492193	3.67859	0.154461	1
3085	0.0918061	24.519	0.236409	1
3086	1.30406	24.2107	0.173523	1
3087	2.41766	2.36784	1.43871	1
3090	4.22267	0.0272657	0.0577941	1
3092	6.0279	12.8647	-0.67351	1
3097	2.83638	24.9028	-0.0560934	1
3102	6.2042	11.0653	-0.377481	1
3103	1.46376	22.6867	-0.0119925	1
3119	1.83093	24.4593	-0.196447	1
3122	0.649932	6.27029	-0.306953	1
3126	4.40334	10.6946	-0.702813	1
3133	7.07462	6.97134	-0.452154	1
3138	3.98102	7.26975	-0.500388	1
3140	6.45437	8.3532	0.164435	1
3142	1.82296	12.4772	-0.0740215	1
3143	6.93199	1.136	-0.176463	1
3145	1.11576	3.92049	-0.336879	1
3146	1.1257	4.37214	-0.239494	1
3149	2.04488	4.0058	0.2605	1
3151	6.54773	2.45656	0.497163	1
3154	4.117	13.9937	-0.4673	1
3155	5.26224	14.2374	-0.44881	1
3159	7.39667	7.38906	0.499448	1
3161	3.68706	9.90879	-0.384123	1
3162	1.28799	3.3965	0.192912	1
3165	3.63923	3.47077	0.249771	1
3169	1.09087	12.9007	0.198219	1
3175	5.87785	14.8567	0.228026	1
3176	6.29389	7.50961	-0.267541	1
3179	0.601877	1.2396	-0.298039	1
3180	3.60714	22.2981	-0.35749	1
3181	0.820309	8.18984	-0.317096	1
3187	1.22714	17.9751	0.0768271	1
3191	2.82457	2.13332	0.183831	1
3195	4.68309	5.31644	-0.572192	1
3211	2.72991	15.3227	0.359406	1
3212	2.15432	10.6779	-0.0733538	1
3213	5.91226	22.7328	0.287232	1
3215	8.28902	13.1593	0.120223	1
3216	7.22324	13.51	0.0593784	1
3218	6.80411	20.5033	-0.417076	1
3221	6.67039	22.8447	-0.142861	1
3225	0.895134	17.2919	-0.0543361	1
3230	5.21513	19.0458	0.0073106	1
3235	5.27105	15.5413	0.0548443	1
3236	2.28836	24.9051	-0.472959	1
3240	7.07428	18.5717	-0.354859	1
3241	3.60121	10.0194	0.194509	1
3244	7.84387	9.35869	-0.515303	1
3245	7.01993	9.95096	0.141128	1
3247	3.77893	23.476	-0.264342	1
3250	8.02975	5.84257	-0.103004	1
3252	0.176229	23.9793	0.185625	1
3256	5.08202	7.59919	-0.385322	1
3257	5.85754	16.5282	0.213135	1
3260	3.93827	9.82268	-0.676516	1
3263	0.956189	17.1755	-0.125762	1
3268	6.23048	9.34461	-0.0210471	1
3269	4.59393	17.7906	0.27807	1
3271	1.89139	23.6488	-0.058853	1
3272	4.15311	5.71992	-0.290485	1
3273	3.11898	9.61245	0.457629	1
3274	7.63294	16.5452	0.351468	1
3275	7.15454	15.7431	0.408542	1
3280	0.170592	8.80752	-0.189314	1
3285	4.98067	10.7362	-0.0875066	1
3289	1.84428	4.47315	-0.121905	1
3290	8.25456	15.4241	0.164004	1
3293	3.30971	23.425	-0.635788	1
3294	0.255302	5.55219	0.40128	1
3295	6.16616	21.5	0.160544	1
3296	5.28323	3.4177	0.560435	1
3299	2.95008	11.5296	-0.170164	1
3301	7.6505	13.8901	-0.479402	1
3302	7.40531	13.0792	-0.485137	1
3305	3.20199	2.97847	0.358391	1
3307	2.75379	14.6373	-0.34096	1
3308	1.99576	14.3967	-0.0606947	1
3309	2.2757	14.2192	-0.164301	1
3318	1.96294	5.37311	-0.0264311	1
3319	2.74175	8.41159	-0.126906	1
3321	3.71927	19.774	-0.22639	1
3325	7.63703	4.04213	0.457064	1
3326	5.70555	7.65789	-0.29501	1
3328	3.82212	2.74719	0.334635	1
3329	7.31529	5.57097	0.478979	1
3330	7.00353	8.40509	0.326464	1
3333	2.20819	3.25701	-0.260402	1
3334	8.21393	8.40962	-0.470141	1
3336	0.661197	7.54139	-0.156449	1
3337	4.5659	9.27826	0.232554	1
3339	1.3356	13.1814	-0.0699135	1
3354	4.37462	11.232	-0.41512	1
3356	2.85913	1.53668	0.504465	1
3357	5.54487	19.2303	0.157469	1
3358	1.38363	12.9949	-0.484873	1
3366	1.38422	16.398	0.174503	1
3370	1.28204	11.8598	-0.453985	1
3372	3.05921	11.4414	0.127289	1
3374	7.56914	7.70623	0.125508	1
3377	5.51192	16.94	-0.0285192	1
3381	3.72839	9.62709	0.170265	1
3384	4.24749	14.7121	0.0321047	1
3385	8.19427	10.1637	-0.147981	1
3386	5.92244	21.9571	0.083113	1
3387	1.47233	4.79858	0.248634	1
3388	2.82706	0.820134	-0.0417351	1
3390	5.76278	18.4359	0.454025	1
3391	6.25096	10.3058	0.314503	1
3394	5.20523	7.89085	-0.0930137	1
3395	7.18237	13.8552	-0.381971	1
3400	6.97552	22.6791	-0.147388	1
3401	8.17839	18.686	0.0732287	1
3402	7.31881	16.687	-0.626877	1
3404	3.471	4.13637	0.214553	1
3407	0.0809349	6.49861	0.270045	1
3408	4.37178	1.37076	1.17041	1
3409	0.317426	24.0247	-0.203312	1
3417	4.61934	16.5405	-0.57277	1
3422	6.29587	14.0027	0.377373	1
3427	2.41005	13.0227	-0.121657	1
3429	8.15328	21.8548	0.670276	1
3433	3.71681	8.6272	-0.340485	1
3434	2.53965	10.8872	0.215079	1
3443	7.89713	4.42488	0.703981	1
3444	2.65408	24.2869	0.886777	1
3445	6.4041	13.9179	-0.428822	1
3447	8.33042	22.569	-0.497393	1
3448	7.86047	12.2959	0.104774	1
3454	7.17692	1.08489	0.377436	1
3457	6.56185	23.1458	0.0691131	1
3462	5.09292	11.0104	-0.703986	1
3464	1.67548	2.13013	0.898187	1
3465	4.93795	18.9701	0.409797	1
3466	5.04106	19.2133	-0.155535	1
3472	1.76632	10.9139	-0.749013	1
3473	0.695787	11.4143	0.441962	1
3476	7.6395	19.3919	0.249691	1
3477	0.47532	11.8544	0.439275	1
3480	0.281101	14.5098	-0.249529	1
3481	8.09827	15.33	0.0852339	1
3482	1.93568	12.1557	0.300313	1
3483	4.80116	7.71433	-0.872401	1
3484	4.20205	7.48325	-0.361009	1
3485	3.8474	17.0597	0.322659	1
3488	4.50863	24.9065	-0.410543	1
3491	6.21961	19.9955	-0.339134	1
3494	2.65808	12.6075	-0.139585	1
3503	4.06707	18.2702	-0.218361	1
3505	4.53525	2.25312	-0.508971	1
3509	0.369146	11.0696	0.35594	1
3512	3.78468	14.2049	0.042738	1
3513	3.2368	15.1905	-0.545377	1
3517	5.50415	4.23108	-0.0275562	1
3523	8.0258	8.74956	0.117414	1
3525	0.316119	23.0167	0.0926481	1
3526	3.02733	0.569618	-0.239871	1
3527	5.5224	18.7434	0.0429492	1
3529	1.78125	6.67374	0.130156	1
3535	4.62408	18.0977	-0.288833	1
3538	5.95435	2.49629	0.364809	1
3540	4.67597	23.2479	0.666782	1
3542	1.48266	15.1987	0.227459	1
3546	4.34242	1.0525	0.177325	1
3548	3.94896	3.19617	-0.282345	1
3555	5.47165	12.1782	0.197116	1
3563	2.60683	13.7401	0.36511	1
3570	5.58171	6.6731	-0.389539	1
3571	8.00255	21.7129	0.489945	1
3574	2.21524	8.26093	0.110237	1
3575	4.60897	13.5848	-1.16452	1
3576	5.85411	3.52374	0.0197005	1
3581	6.69788	18.2028	-0.837015	1
3584	2.11504	0.645582	-0.0976831	1
3585	5.53306	24.709	-0.417608	1
3588	4.01999	5.03929	-0.515257	1
3593	6.34379	24.9688	0.0876407	1
3595	7.2623	19.537	-0.018517	1
3599	8.01861	0.515622	-0.888411	1
3606	4.64586	0.592993	0.527522	1
3607	5.3214	23.2383	0.131515	1
3608	2.17997	10.7303	0.273782	1
3617	0.786566	8.54123	-0.230587	1
3621	3.31535	22.5247	0.430753	1
3628	6.22607	1.0484	0.68076	1
3629	5.79337	1.23791	0.970873	1
3630	7.08586	14.8347	-0.0247282	1
3631	5.16643	5.18733	0.779917	1
3634	8.10891	11.5851	0.251758	1
3635	7.7346	11.3481	0.407317	1
3639	6.02131	8.02589	0.335116	1
3642	1.01932	2.63826	-0.215151	1
3645	1.38324	13.2537	0.35505	1
3646	1.04925	13.4011	0.249821	1
3648	1.38526	14.4267	0.549126	1
3649	7.03953	24.8597	0.291908	1
3650	1.74382	9.13431	-0.226645	1
3653	7.50237	9.00914	-0.465009	1
3654	5.97504	21.7118	-0.00549535	1
3660	6.40479	15.9265	0.129177	1
3662	6.15065	3.43923	-0.232299	1
3667	5.42836	24.5753	-0.232434	1
3669	0.754293	1.09731	0.106912	1
3671	7.09434	17.187	-0.193257	1
3679	0.862313	11.6205	0.301059	1
3681	0.028781	14.0605	0.0625748	1
3683	6.27252	15.9548	0.564886	1
3685	6.55902	17.2695	0.179494	1
3691	7.38056	21.4755	0.773328	1
3692	5.08651	21.0331	0.553065	1
3697	3.97763	5.05505	-0.157923	1
3698	5.80103	10.847	-0.21486	1
3699	3.26457	23.9055	0.010488	1
3700	3.55597	23.3827	0.083697	1
3702	6.2184	13.7166	-0.125953	1
3705	2.04681	15.207	-0.228529	1
3707	3.80994	14.0344	-0.0269753	1
3709	3.6421	8.83055	-0.216099	1
3719	0.980923	1.0339	0.0455131	1
3725	1.1516	18.7163	-0.392796	1
3727	0.351446	3.46288	-0.936954	1
3731	4.88564	11.884	0.035743	1
3733	3.11873	17.389	0.169426	1
3741	8.1309	4.03943	0.344366	1
3746	5.23582	4.17125	0.440534	1
3749	6.54868	16.3951	-0.163677	1
3750	7.37618	5.92136	-0.217919	1
3751	5.71883	1.98771	0.761864	1
3753	4.14059	15.2347	-0.126413	1
3756	5.6819	8.29391	-0.265623	1
3759	5.13329	24.5248	0.232607	1
3760	6.63345	20.3103	0.0436065	1
3761	0.623865	8.52493	0.348205	1
3766	8.0316	13.1541	-0.799257	1
3771	2.67144	17.4737	0.069693	1
3772	2.75071	17.5074	-0.351568	1
3781	3.59096	22.5092	0.201134	1
3786	0.583657	19.3051	0.24866	1
3787	5.78548	12.9483	-0.0825773	1
3789	6.28568	13.1315	0.589304	1
3790	5.83358	3.02806	-0.189648	1
3791	6.01958	18.501	-0.777704	1
3793	6.5202	14.0843	-0.343879	1
3801	5.19598	16.0953	-0.392612	1
3808	4.7177	6.58619	0.958363	1
3809	5.04697	7.00461	0.174297	1
3814	3.00431	9.45477	-0.334927	1
3817	3.6263	12.7915	0.194396	1
3818	4.50734	23.8459	0.440859	1
3821	1.24453	23.6283	0.495166	1
3828	2.31244	18.5531	-0.401772	1
3830	0.737789	20.5505	-0.214473	1
3832	0.194021	22.7969	0.476277	1
3839	6.57144	20.9058	0.265183	1
3843	5.20137	22.3597	-0.800946	1
3846	7.79509	5.29075	-0.147609	1
3848	3.74044	0.486642	0.222774	1
3850	6.21249	19.7618	0.47297	1
3853	4.86876	14.6695	0.127987	1
3855	1.24243	5.92594	0.314531	1
3860	0.517854	14.5792	-0.193154	1
3867	3.75456	6.07838	-0.232924	1
3872	6.29684	17.0147	-0.572291	1
3878	7.35032	7.27443	0.24844	1
3879	6.26975	18.1109	0.291772	1
3882	0.651117	12.5246	0.173143	1
3886	4.0913	7.85302	0.385253	1
3887	4.90236	15.3591	0.185167	1
3889	7.64893	23.8146	0.149498	1
3890	6.73031	20.9919	-0.190527	1
3891	8.04868	6.99018	-0.202583	1
3892	7.68194	9.08658	0.249427	1
3895	2.41719	12.3401	0.120299	1
3898	6.43104	7.88546	-0.244465	1
3899	4.44765	3.75979	-0.267677	1
3902	3.90373	22.1864	-0.129329	1
3907	8.23716	13.5669	-0.552131	1
3909	3.69019	7.20889	-0.145648	1
3911	3.90498	20.6543	-0.206795	1
3929	5.31141	17.1851	-0.0330714	1
3930	4.28709	6.46734	0.305565	1
3937	6.94032	12.6667	-0.612781	1
3939	3.21034	21.8585	0.0120949	1
3947	4.53826	3.62017	0.225258	1
3948	5.33373	23.7345	-0.444781	1
3956	8.27753	24.9604	0.0739805	1
3957	6.71377	19.5289	-0.277715	1
3958	1.45288	7.8415	-0.110881	1
3961	4.86932	19.3257	-0.195629	1
3964	3.59939	0.990279	-0.670155	1
3965	4.12248	1.03214	-0.0143238	1
3969	0.0292191	22.7106	0.392208	1
3976	2.28351	7.0712	-0.454371	1
3981	5.42865	7.56382	0.284013	1
3985	2.95708	22.6369	-0.133981	1
3987	7.70913	12.7477	-0.639101	1
3991	4.05846	1.86173	-0.168274	1
3993	2.76332	16.8404	-0.104782	1
4000	2.90084	5.34228	-0.578828	1
4002	2.8212	10.0325	0.0357675	1
4003	0.958521	3.31699	-0.382365	1
4005	8.1315	3.91994	0.807859	1
4007	1.26114	17.1722	-0.147236	1
4008	1.3073	17.3284	0.183161	1
4009	1.44273	21.6548	-0.323056	1
4017	5.52569	12.7875	0.363167	1
4019	6.40814	17.2626	0.57411	1
4021	6.83692	5.3156	-0.0873767	1
4022	6.95837	17.2654	-0.211043	1
4024	2.35954	19.5538	0.488898	1
4026	4.57324	23.8909	-0.157419	1
4027	7.19718	3.64638	-0.0061642	1
4029	5.26949	9.65219	-0.0726226	1
4030	3.50215	2.50174	-0.344616	1
4037	2.04887	16.5101	0.26341	1
4038	3.09545	12.5676	0.510089	1
4042	4.07773	8.90812	0.487317	1
4044	0.964358	8.76326	-0.457731	1
4052	6.41241	21.4207	0.0507486	1
4053	3.52054	19.4034	-0.337527	1
4066	5.16032	13.3341	0.139917	1
4068	7.25992	17.1255	0.715445	1
4072	7.59699	6.23255	-0.217971	1
4080	1.43657	19.4189	0.499412	1
4083	6.46262	24.0275	0.744652	1
4084	5.30267	13.6768	-0.716611	1
4087	1.56237	16.493	0.419392	1
4093	7.3195	2.46025	-0.216828	1
4094	0.973427	9.04447	-0.398398	1
4099	6.21072	7.67016	0.0536879	1
4100	5.95681	7.36219	0.841995	1
4106	2.23182	4.97561	0.433245	1
4109	4.0759	5.97483	-0.75423	1
4111	8.1795	11.8392	0.413291	1
4118	3.63919	14.7793	0.20301	1
4121	5.31492	1.39937	0.747147	1
4123	1.09731	19.6545	-0.0962548	1
4124	1.38388	22.4991	-0.282437	1
4126	1.69748	22.6491	0.155112	1
4127	0.344883	5.41177	0.993977	1
4128	3.76705	17.7529	-0.0382837	1
4131	3.47824	11.6257	0.145661	1
4132	3.57231	11.9611	0.609527	1
4133	3.59814	11.6823	0.389431	1
4135	0.954121	15.1373	0.312581	1
4143	3.45812	2.66512	0.554684	1
4147	1.52048	22.2178	0.0946838	1
1	13.2837	22.1012	-0.323839	2
4	12.2467	24.4892	-0.20112	2
5	10.7609	7.82739	-0.25664	2
8	10.1002	11.9121	0.0800844	2
14	11.9842	2.09416	-0.11445	2
25	15.0455	22.6143	-1.57683	2
26	15.2893	21.1809	0.438567	2
31	11.4576	13.518	0.309655	2
38	10.4035	5.25413	-0.137153	2
39	11.6942	9.84954	0.341069	2
40	9.72948	21.5602	-0.706976	2
41	15.6419	14.6776	-0.101407	2
42	8.57448	16.2929	0.190225	2
46	13.3236	7.99149	-0.189969	2
47	9.43623	1.83451	0.402805	2
48	8.85741	12.9554	-0.0536355	2
53	8.82845	1.32453	-0.51355	2
54	9.38915	8.42755	0.0872182	2
59	15.7188	12.6532	0.675354	2
67	11.9514	3.89823	0.086094	2
71	9.35632	8.79723	0.535978	2
77	9.58727	2.28262	-0.0305922	2
78	14.9654	2.24498	0.256667	2
82	9.71762	2.36118	-0.642831	2
87	15.4841	13.7357	0.349037	2
89	11.7662	23.6153	0.368085	2
96	13.4967	8.05035	0.111307	2
101	11.9623	18.4964	-0.33957	2
105	13.1112	19.588	0.565656	2
107	14.7612	21.1029	-0.254882	2
112	11.916	18.6468	0.139973	2
113	9.77964	11.1284	0.175661	2
114	10.5783	24.9051	-0.528139	2
124	14.2838	16.8662	0.109624	2
129	9.4917	24.3692	0.507075	2
131	9.79181	7.76969	-0.151151	2
133	12.6262	4.09419	1.14814	2
134	15.1958	21.4441	-0.331951	2
136	11.6279	14.0857	-0.131123	2
139	13.4403	20.4172	-0.246919	2
140	13.1834	11.2459	0.443183	2
148	11.1113	4.13297	0.122039	2
149	15.9256	21.6395	0.404883	2
150	10.3518	17.0515	0.182486	2
152	16.21	7.65792	0.0489099	2
155	10.7789	16.0272	0.325817	2
156	12.1802	16.4503	0.218113	2
158	14.5283	14.0341	-1.03078	2
164	13.882	9.64608	-0.250763	2
165	15.565	21.3926	-0.130869	2
167	16.0659	19.2874	-0.437468	2
168	9.89938	22.9055	-0.547101	2
171	8.41357	8.60224	0.537202	2
172	9.49884	3.2903	1.12874	2
173	11.8792	1.57391	-0.0139576	2
174	15.7395	10.1787	-0.260304	2
177	12.2441	13.6841	-0.205104	2
178	10.111	11.2435	0.0916461	2
184	14.7674	12.0231	-0.382504	2
191	10.2167	14.9756	-0.486425	2
192	9.51641	10.7204	-0.0669799	2
196	13.0956	3.96593	-0.258379	2
198	9.02043	4.38569	0.0745186	2
203	12.571	15.4573	-0.471341	2
207	9.18994	13.1611	0.545828	2
209	16.489	9.69602	-0.0315992	2
210	16.4066	3.81864	0.162022	2
212	8.90277	0.430128	0.0541205	2
218	13.2413	23.4905	-0.282109	2
224	12.7943	8.95658	-0.325997	2
225	14.8251	12.2652	-0.164717	2
226	13.2065	12.6786	0.41452	2
227	10.7043	23.5579	-0.504632	2
239	13.4848	24.5103	0.0755984	2
241	9.62223	19.5219	0.363779	2
242	13.8215	8.38879	0.536933	2
243	11.5563	13.4235	0.131408	2
245	9.23729	4.33859	-0.102711	2
250	14.4356	23.183	-0.0896095	2
255	11.3455	14.8818	-0.455791	2
256	9.79514	24.6668	-0.36065	2
258	13.4579	23.0894	0.0581054	2
259	11.1595	7.81171	0.53176	2
271	11.0644	10.1417	0.00621804	2
275	11.1438	13.6301	0.0271385	2
294	14.073	20.9738	-0.150654	2
301	12.6272	1.04929	0.213809	2
302	14.0159	1.20175	0.16325	2
307	15.9753	22.9051	0.52626	2
309	13.458	3.19179	-1.03364	2
313	10.7326	15.7017	0.0639997	2
314	14.9133	16.208	-0.251629	2
318	13.8772	16.1829	0.458666	2
321	12.0762	18.0664	0.115492	2
325	9.98757	11.9514	0.654692	2
326	12.1237	8.71373	0.555722	2
328	14.6513	3.81652	0.510754	2
329	15.4757	15.3806	-0.69802	2
330	13.7492	15.0637	0.574304	2
337	12.5992	7.81551	0.348453	2
338	11.2979	9.36828	-0.238355	2
340	15.9028	19.4651	0.362632	2
342	8.98099	18.3217	0.175646	2
347	13.3015	14.0625	0.652191	2
349	10.4335	19.5477	0.00873873	2
354	13.5146	21.5497	-0.169048	2
358	9.88842	2.57578	0.357064	2
361	16.5154	8.6692	-0.718007	2
367	9.93287	15.0418	0.575939	2
372	10.5101	14.1254	-0.13587	2
373	11.3174	6.14549	0.444582	2
374	11.8015	12.8858	-0.37084	2
381	9.67979	15.1165	-0.148667	2
382	10.8218	8.22472	0.301444	2
386	8.68604	5.43528	0.406816	2
393	8.78556	7.17214	0.00900158	2
394	14.4631	13.9625	0.155417	2
395	15.7478	5.05379	0.111382	2
396	8.51509	24.149	-0.716495	2
398	10.8655	10.1245	0.0237685	2
400	13.8347	21.5425	0.125829	2
402	12.0199	13.7576	-0.478637	2
403	14.9192	10.9409	0.607726	2
407	10.4208	3.81952	-0.0556672	2
408	11.2028	21.4209	0.354759	2
410	8.94949	8.76579	0.336512	2
413	15.389	15.1846	0.210958	2
415	14.0543	23.712	0.125558	2
417	13.0974	22.5531	0.753099	2
419	11.4819	8.86608	-0.099293	2
422	15.733	1.95909	0.32959	2
426	9.74582	9.83587	0.725599	2
434	14.6117	9.49939	0.294945	2
437	12.8466	6.33528	0.132727	2
438	12.7504	5.10738	-0.49947	2
441	12.8071	12.0889	-0.0140479	2
444	11.0639	6.54944	0.465993	2
448	15.1768	0.834414	-0.0481171	2
450	15.8755	7.05692	0.184382	2
455	10.9064	0.0219907	-0.687623	2
458	8.80038	11.3508	-0.0126533	2
462	14.7897	9.33142	-0.275377	2
470	15.6	4.61531	-0.349954	2
471	8.93584	4.56912	0.101018	2
472	10.152	21.3078	-0.78243	2
473	9.40181	11.4019	-0.347202	2
482	12.5634	12.8925	-0.501659	2
483	14.4807	3.5197	0.333653	2
484	11.0457	18.582	0.00393124	2
485	13.5101	23.6092	-0.615523	2
486	13.0186	1.8616	1.27522	2
488	9.37653	21.1295	0.204535	2
490	10.5479	2.82525	0.0980497	2
491	10.3717	2.97904	0.148337	2
493	14.0636	5.72437	-0.421734	2
494	12.7534	18.5366	0.286408	2
496	12.028	9.41826	0.487495	2
503	14.4796	5.45293	-0.210261	2
504	9.24901	22.258	0.640495	2
507	8.93372	20.0022	0.277466	2
509	15.244	13.0887	0.508722	2
517	10.4136	10.9016	-0.0923647	2
522	11.5055	24.8156	-0.323086	2
523	12.0329	12.5134	0.0281186	2
529	14.3603	5.23314	-0.0445895	2
530	10.8917	22.7656	0.0740728	2
531	13.6938	23.8534	-0.605534	2
533	14.1864	12.9902	0.35933	2
534	9.439	2.76799	0.282506	2
535	16.3679	17.6369	-0.375756	2
538	12.4055	15.5017	-0.21659	2
539	14.108	11.1559	-0.0949528	2
542	15.4	0.56606	0.155476	2
546	13.0728	11.8721	-0.0392283	2
549	8.81891	13.7618	0.395581	2
557	16.0813	8.3173	-0.469772	2
560	10.9234	16.6493	-0.182799	2
561	11.5213	24.5373	0.299016	2
562	13.9211	14.571	0.0316897	2
566	9.59824	4.94099	0.619101	2
571	8.38193	8.37942	-0.124959	2
572	16.6642	7.18941	0.181001	2
573	9.99085	6.39562	0.269559	2
580	14.016	17.7479	0.096147	2
586	12.8872	6.55234	0.471098	2
588	12.4519	13.6911	0.299037	2
590	16.2977	5.13092	-0.577737	2
592	10.3671	17.6149	-0.146416	2
593	12.0861	14.0738	-0.0662297	2
594	13.4116	5.13551	0.0369682	2
595	12.5999	12.2109	-0.0711627	2
597	14.7737	14.7851	-0.338749	2
602	13.3836	0.41177	-0.501242	2
603	10.1251	6.60914	0.065826	2
608	16.5071	13.3331	0.12414	2
609	13.385	23.1125	0.171141	2
610	13.5454	12.1228	0.319981	2
612	15.9888	17.7508	0.00870562	2
613	16.0606	1.36058	0.666964	2
618	13.0409	2.24879	-0.580441	2
619	16.5528	5.8108	-0.0991049	2
620	15.0327	6.67746	0.0957394	2
627	14.9813	18.238	0.242447	2
628	10.6433	7.05572	-0.603458	2
631	9.53523	4.48269	-0.393585	2
634	9.18469	6.20532	0.0593044	2
635	8.88094	16.6195	0.0990497	2
638	10.9597	6.56099	0.441646	2
639	10.8509	0.207688	0.250615	2
640	15.378	19.7207	-0.3352	2
644	9.89036	21.6239	-0.117915	2
653	13.3671	10.8984	-0.356305	2
654	14.2677	15.4963	-0.325996	2
655	9.17165	14.2182	-0.0103382	2
658	13.1769	3.29299	-0.32236	2
662	10.479	23.5319	-0.81991	2
664	10.6125	10.0495	-0.209948	2
667	9.95989	18.6102	-0.487723	2
669	11.2169	16.7556	-0.0701946	2
671	9.11487	0.94475	-0.676249	2
674	10.9211	15.6011	0.646312	2
675	14.4816	22.3486	0.322097	2
677	10.118	10.4934	0.493368	2
680	12.0607	23.3065	0.0571618	2
684	15.7469	20.3754	-0.00812621	2
685	16.0469	10.6938	0.297738	2
686	11.4681	15.737	-0.710251	2
687	15.1335	3.17412	-0.0877814	2
691	11.8948	3.3058	-0.242362	2
693	11.268	19.5068	0.675537	2
696	15.1253	12.3628	0.41685	2
697	15.117	22.8317	-0.914915	2
698	8.38236	18.1642	-0.485506	2
699	13.6177	10.7406	0.128598	2
704	13.9477	16.5884	-0.102239	2
715	12.9507	20.4977	0.580909	2
722	12.4444	1.52215	-0.590535	2
731	16.4739	11.026	0.38682	2
739	8.34812	4.78588	-0.0493722	2
740	10.2652	14.5521	0.445047	2
742	14.8574	4.8334	-0.11133	2
743	10.1546	24.2002	0.64531	2
744	13.7632	3.07264	-0.173233	2
745	9.63988	18.4743	-0.433013	2
746	9.79489	3.15216	-0.293989	2
754	15.0832	19.9368	0.321487	2
762	16.3576	18.7924	0.123944	2
764	12.306	15.0857	0.112649	2
765	11.9463	13.2212	-0.642474	2
772	15.1035	21.2676	-0.319102	2
774	13.3773	16.4899	-0.604736	2
775	13.7495	1.34659	-0.236128	2
776	12.2363	22.9849	-0.817114	2
778	10.5935	0.253075	0.720758	2
779	9.86114	5.49426	0.108562	2
784	16.6218	23.5952	-0.137001	2
787	16.5157	23.8852	-0.238963	2
795	13.6812	16.5711	0.95952	2
803	13.7709	14.0904	-1.1108	2
804	11.8282	0.0553902	-0.140695	2
805	12.2375	23.9578	-1.33209	2
810	13.2391	18.4357	-0.303355	2
814	9.94598	23.4254	-0.295973	2
815	16.4418	15.3132	-0.469857	2
823	14.2783	3.47587	0.53982	2
824	14.4573	12.4556	-0.107107	2
826	14.9975	2.44383	0.153858	2
828	11.598	2.87083	-0.0789941	2
830	14.4402	14.8143	-0.494811	2
832	8.4948	3.16086	0.338144	2
841	11.4051	12.2676	-0.401966	2
843	8.82389	10.1651	0.249636	2
847	10.8096	4.43111	-0.0511633	2
855	14.359	17.556	0.283634	2
858	8.88333	21.195	-0.333482	2
861	12.5607	20.2401	-0.753922	2
866	13.0239	1.42033	0.353555	2
867	15.8642	14.2655	-0.37417	2
874	12.3085	2.02149	0.5205	2
875	16.316	21.8105	0.976973	2
877	16.6223	14.1132	-0.647686	2
880	12.2076	7.97682	0.0155659	2
882	14.1446	9.11464	0.454819	2
883	15.6694	9.54493	-0.772886	2
885	12.2413	10.7884	0.0989066	2
888	10.8809	8.55669	-0.0469612	2
889	13.6137	14.31	0.104413	2
893	14.7809	4.04402	0.251098	2
897	14.4445	11.6927	-0.554528	2
899	12.7758	0.414638	0.219569	2
901	15.2271	1.07668	0.367585	2
904	16.2032	13.1893	0.284957	2
905	9.49723	6.52657	0.328325	2
906	13.5061	3.34847	0.521515	2
908	13.9776	5.22898	-0.902115	2
912	14.0135	10.1892	-0.327185	2
913	14.5294	8.17542	-0.244601	2
915	12.5532	14.2749	0.322819	2
918	13.6415	21.0415	0.116135	2
922	16.0129	5.20344	-0.355323	2
930	9.62965	1.095	0.166003	2
931	12.553	4.24623	0.227353	2
934	15.2134	16.605	-0.42416	2
938	13.0613	13.6267	-0.393	2
939	9.78902	20.6622	-0.238532	2
941	14.2145	19.0185	-0.107516	2
946	10.195	18.0239	-0.886631	2
947	8.90634	18.1096	-0.42196	2
949	11.7975	8.18454	-0.00827271	2
952	14.1856	20.134	-0.269895	2
958	12.2407	5.2618	0.807984	2
959	10.9429	5.74694	0.511225	2
960	13.6932	3.79392	-0.795025	2
964	15.9447	6.32865	0.375416	2
968	11.9523	11.6818	-0.606829	2
969	13.4286	15.7439	0.391206	2
973	11.4957	12.5782	-0.6167	2
975	14.5999	13.3705	-0.00927002	2
976	15.1458	22.9438	-0.150505	2
977	9.58954	6.90622	0.260617	2
979	11.1243	8.51242	-0.262714	2
983	10.6899	8.06032	0.815034	2
984	9.19136	17.0569	-0.784899	2
985	9.24246	1.06462	0.314771	2
992	14.1507	19.6686	-0.205852	2
993	14.7538	12.8002	0.0194289	2
996	12.908	24.7272	-0.353023	2
1000	15.6837	1.07423	-0.762616	2
1007	16.4522	4.18843	0.046324	2
1010	13.6783	19.5408	0.486084	2
1012	8.61348	16.1452	0.220019	2
1013	12.0012	11.5984	-0.182958	2
1015	11.6883	11.6296	0.5914	2
1016	12.1461	10.5751	-0.404883	2
1027	13.2006	21.6225	-0.18631	2
1028	10.4617	14.3016	0.958498	2
1029	12.3677	18.0752	-0.0941424	2
1030	13.5915	10.2615	-0.113033	2
1031	16.5562	2.18137	0.19349	2
1045	15.5669	8.15385	-0.150743	2
1056	12.7502	17.6582	-0.350821	2
1057	9.21565	19.3613	-0.23583	2
1060	10.7368	18.0236	0.538462	2
1066	16.6616	2.11178	0.807087	2
1071	12.8697	17.7596	0.0761763	2
1073	9.25271	20.153	-0.487606	2
1074	10.3037	17.3089	-0.189104	2
1078	11.6381	4.667	0.631261	2
1080	9.31257	3.33353	0.330679	2
1081	14.9963	9.81372	-0.145654	2
1082	15.9161	17.4837	-0.304884	2
1088	9.08415	6.80774	0.503447	2
1091	15.8359	12.0558	-0.417302	2
1094	8.33506	7.13201	-0.513459	2
1100	12.0475	6.59691	0.605611	2
1101	16.1138	22.7897	-0.119209	2
1105	10.6868	18.2473	0.172772	2
1106	10.3493	0.951177	0.286632	2
1110	15.9777	16.481	-0.465158	2
1112	11.1806	22.753	0.317916	2
1113	16.5378	1.23328	0.0660311	2
1115	9.90887	4.34013	-0.267178	2
1124	15.2542	17.4777	-0.397723	2
1125	13.2983	4.41914	0.00923559	2
1127	15.0739	9.50566	-0.354183	2
1137	16.3778	11.2887	-1.05073	2
1138	15.0678	23.8352	0.902486	2
1139	12.5671	13.5864	-0.460819	2
1142	15.8546	6.46532	-0.183331	2
1143	16.2949	5.69973	-0.372292	2
1146	13.2595	13.0379	0.192425	2
1147	14.0292	8.58407	0.441615	2
1152	16.3954	20.6273	-0.477276	2
1155	9.68244	8.78181	0.402324	2
1156	12.2183	19.9884	-0.0942123	2
1157	13.6282	18.7041	-0.0177362	2
1158	11.9358	7.73223	-0.24575	2
1160	14.4395	2.09402	0.348327	2
1171	12.1898	20.6784	0.14141	2
1172	12.3364	17.8137	0.089188	2
1174	16.0778	11.2992	-0.116241	2
1177	8.64101	22.4044	0.39755	2
1178	12.0212	22.3946	-0.222986	2
1189	15.3498	7.79983	0.162239	2
1207	14.2737	13.7617	0.198534	2
1214	15.5432	18.172	-0.366122	2
1216	9.95893	19.8733	0.0842064	2
1218	8.72276	4.89345	-0.0526023	2
1220	13.7852	8.44017	0.31395	2
1222	14.9188	6.15902	-0.248858	2
1223	15.7246	7.40687	0.529651	2
1226	14.9226	5.15447	-0.341941	2
1239	10.469	6.25791	-0.652375	2
1241	16.6081	13.8132	-0.329732	2
1242	11.4152	8.50835	0.135089	2
1245	16.1281	1.3954	0.734264	2
1246	9.46351	13.3595	-0.292939	2
1248	9.05428	8.08224	-0.503284	2
1251	12.8679	24.3863	0.193932	2
1252	13.6272	2.95417	0.439728	2
1255	10.5407	17.9673	0.129436	2
1263	14.7748	10.2653	0.0256102	2
1265	12.5772	24.3331	-0.199593	2
1266	15.6506	24.1871	-0.347405	2
1270	14.2898	6.5856	-0.757149	2
1272	13.088	7.76352	-0.17854	2
1274	13.7343	9.25883	-0.414807	2
1277	10.1371	15.6069	1.02814	2
1278	11.5216	14.0769	0.538626	2
1282	9.24992	21.0482	-0.250842	2
1283	11.1744	19.3574	-0.413038	2
1286	10.1441	4.74651	-0.841132	2
1288	15.3679	1.65436	-0.0293357	2
1289	15.94	24.5132	0.016202	2
1293	9.05292	15.6346	-0.07183	2
1294	9.63603	13.5727	0.299654	2
1301	15.5854	6.34971	-0.209813	2
1304	15.0282	0.925583	-0.256594	2
1305	12.5611	20.0834	-1.31121	2
1310	9.48544	12.6204	0.759893	2
1312	14.3599	23.5021	0.0653699	2
1316	12.6217	17.7921	-0.181245	2
1317	15.1272	11.3134	-0.25884	2
1320	9.348	14.6387	-0.00239944	2
1325	13.5349	2.975	-0.591136	2
1333	9.49525	21.3254	-0.0310852	2
1334	8.92212	20.8231	0.199101	2
1337	12.8216	23.3823	0.449852	2
1338	11.6382	22.2517	-0.387938	2
1339	11.2008	4.54929	-0.163033	2
1347	14.6274	10.9318	-0.309197	2
1348	14.3301	23.4265	0.376119	2
1353	9.7893	4.0803	0.549715	2
1356	13.4013	21.6431	0.583047	2
1359	10.3703	8.04816	0.11584	2
1361	16.612	7.11871	-0.0344999	2
1363	11.0942	12.1517	-0.352587	2
1364	10.6465	20.1554	-0.00173962	2
1370	15.5652	14.6657	-0.529457	2
1371	14.5735	13.2355	0.761545	2
1372	12.2279	11.4246	0.382887	2
1373	14.9987	3.99761	-0.00369441	2
1377	10.7484	20.0641	-0.0861211	2
1380	9.07345	11.256	-0.573093	2
1382	11.9857	0.584152	0.564867	2
1385	16.1074	24.2338	-0.422387	2
1387	13.4532	24.1949	0.635171	2
1389	15.9476	16.5618	-0.225854	2
1390	8.49944	14.2079	-0.52685	2
1391	8.82591	18.9774	-0.0635111	2
1392	8.63309	16.8537	-0.461462	2
1397	12.512	9.36853	0.28016	2
1406	12.9926	9.2534	-0.368981	2
1407	14.4336	6.47649	0.787138	2
1410	15.8047	14.24	0.888186	2
1411	10.2352	8.64623	0.278989	2
1415	9.70434	18.5519	-1.16288	2
1417	9.91849	4.99688	0.452708	2
1420	12.8722	5.99027	0.306472	2
1425	11.7608	16.9571	-0.34662	2
1428	13.7236	4.15477	-0.107041	2
1430	11.3573	18.2183	-0.0363981	2
1432	12.421	3.09554	-0.254973	2
1437	15.9019	21.5086	-0.494286	2
1438	16.2307	12.2725	0.484172	2
1441	10.0073	3.07972	1.03074	2
1443	9.48285	20.8744	-0.354598	2
1448	9.46556	12.7478	0.290523	2
1449	11.2184	7.02474	0.345927	2
1456	9.5508	18.5314	-0.403574	2
1457	9.80418	17.6927	-0.244907	2
1459	16.5265	3.75302	0.561491	2
1461	11.0564	14.2991	-0.462602	2
1462	9.17431	4.63201	0.272723	2
1465	12.4807	24.8921	-1.21619	2
1466	9.95356	6.46673	0.148921	2
1469	13.8357	5.33936	-0.130776	2
1470	11.2612	16.0609	-0.438886	2
1471	15.3664	0.858721	-0.0738704	2
1472	11.9815	7.87637	-0.156664	2
1473	10.5053	11.1203	0.112349	2
1480	14.2753	3.32809	-0.234507	2
1482	9.32559	3.90401	-0.218271	2
1484	11.055	21.4478	0.265838	2
1485	13.9437	21.2603	-0.502221	2
1486	14.0144	20.8075	-0.0229347	2
1491	15.6905	22.3931	0.16452	2
1495	11.9293	4.69335	-0.383326	2
1496	8.60855	16.2188	-0.113409	2
1501	16.2811	10.487	0.652571	2
1504	16.278	8.20855	0.469683	2
1508	14.3312	10.9122	-0.510844	2
1509	13.1945	6.91598	0.286095	2
1513	15.9941	17.7506	-0.512665	2
1514	14.465	17.5636	-0.464723	2
1516	13.7865	7.49407	-0.0651665	2
1521	14.6357	12.8768	0.190243	2
1522	13.7409	4.50732	-0.899772	2
1524	15.0936	23.0907	-0.419776	2
1525	15.6377	16.7524	0.138137	2
1526	9.50927	5.74742	0.800037	2
1530	10.5244	13.409	-0.0070661	2
1535	14.2225	9.91259	-0.315309	2
1538	16.1185	4.75841	0.17485	2
1540	8.91837	17.1375	0.128758	2
1545	11.9301	1.39733	0.0227879	2
1546	14.2457	13.9052	-0.0104782	2
1548	14.8685	24.2078	-0.589147	2
1552	14.1894	24.8536	0.108165	2
1553	15.6059	21.1476	0.0619001	2
1560	8.96501	0.784516	-0.0378809	2
1567	9.96888	17.0373	-0.677703	2
1572	16.155	18.28	-0.586951	2
1574	15.3752	24.8813	-0.531843	2
1576	9.07282	22.9017	-0.191028	2
1577	9.75648	9.38607	-0.375412	2
1578	15.8871	21.0173	-0.174159	2
1579	8.93724	18.9792	0.195775	2
1580	13.0517	2.66941	-0.0760834	2
1581	9.73281	15.0769	-0.694366	2
1584	16.1216	3.76691	-0.037966	2
1585	9.77964	20.5476	-0.343867	2
1587	16.12	2.85282	0.389638	2
1591	15.8532	5.86052	-0.0057075	2
1592	9.65814	19.639	-0.618682	2
1594	9.6682	19.306	-0.444421	2
1595	12.1897	12.1108	-0.0532201	2
1596	13.1716	17.0295	-0.266489	2
1602	12.9429	1.71827	-0.490887	2
1606	12.6284	16.2422	-0.240995	2
1619	10.9967	1.23214	0.302189	2
1623	14.4625	18.0313	0.216233	2
1625	8.67275	11.5671	1.10807	2
1628	14.1745	16.7144	-0.092767	2
1633	15.3334	8.59535	-0.106082	2
1636	15.0978	22.4987	0.296636	2
1642	15.2413	8.57508	-0.0151673	2
1644	16.6645	8.75268	0.564561	2
1646	11.0234	23.318	0.200764	2
1647	9.75473	12.9789	0.168411	2
1649	9.54186	10.1284	0.0268475	2
1650	14.8741	24.5507	-0.734198	2
1653	14.9251	5.29563	-0.13824	2
1654	14.8881	5.43728	0.519348	2
1660	14.5479	22.9446	-0.713794	2
1661	14.67	11.0685	0.19209	2
1668	10.0519	7.98126	0.43936	2
1670	11.0454	9.16714	-0.641191	2
1673	15.3156	11.8187	-0.160621	2
1676	15.5523	15.5051	-0.306491	2
1677	10.7304	24.0725	-0.166859	2
1679	16.5922	21.2971	-0.0911446	2
1680	8.83414	23.2616	0.271348	2
1684	15.1627	20.6353	-0.721881	2
1686	16.6106	16.7314	-0.279851	2
1690	13.5601	15.3256	-0.148591	2
1692	15.3521	14.1132	0.0544487	2
1696	15.7112	21.3551	-0.479518	2
1697	12.5705	20.9788	-0.479979	2
1700	13.1636	2.06496	-0.482446	2
1701	10.7239	22.0276	-0.269233	2
1705	13.2938	17.9914	-0.272914	2
1708	8.82472	9.39711	-0.221845	2
1712	12.4459	9.40975	0.089556	2
1713	13.3399	10.6765	-0.10613	2
1719	8.42223	21.1293	0.342463	2
1720	9.93085	18.703	-0.645655	2
1721	13.6237	1.22284	-0.397868	2
1722	11.6682	11.4803	0.627326	2
1723	11.3748	11.5806	0.257077	2
1728	12.2205	3.2481	0.592626	2
1731	14.4747	0.0185169	0.246904	2
1740	13.6939	12.467	-0.802975	2
1748	10.6249	13.4497	-0.437734	2
1749	9.41615	1.86233	-0.756753	2
1750	15.22	16.8027	-0.891518	2
1751	15.2235	17.7491	-0.40835	2
1752	12.7995	1.45155	0.0255825	2
1758	14.9937	1.86562	1.13038	2
1761	9.90301	10.0473	0.0379275	2
1762	14.0674	0.255458	-0.0510172	2
1763	16.4965	13.3502	0.122512	2
1764	14.4214	3.69323	-0.0319652	2
1767	13.6592	22.9669	0.601712	2
1768	16.114	2.84584	0.421725	2
1770	9.28022	1.02016	0.618636	2
1773	10.1824	5.8781	-0.011045	2
1774	10.4174	5.48455	-0.0659054	2
1775	9.27332	6.67499	0.0552293	2
1776	13.0481	6.35077	0.0471607	2
1778	11.8039	4.19043	-0.394098	2
1779	9.4411	12.902	0.687162	2
1780	11.252	24.9902	-0.11346	2
1781	8.35994	1.82793	0.101065	2
1785	11.2014	1.65193	0.319554	2
1790	11.5618	1.81049	0.22947	2
1791	16.2318	4.95094	-0.00564448	2
1792	15.0902	15.2993	-0.136022	2
1804	8.7591	15.4173	-0.36213	2
1807	13.8392	11.4186	-0.545982	2
1808	14.3781	1.91672	-0.302565	2
1810	8.43185	14.6642	0.664904	2
1812	14.576	23.2394	-0.200056	2
1815	10.9718	16.7922	-0.236602	2
1816	15.6487	7.26373	-0.429381	2
1819	15.0206	1.71862	-0.170478	2
1824	15.2346	5.19401	-0.140423	2
1825	12.5982	14.9347	0.34808	2
1826	13.6615	18.5904	-0.566992	2
1828	9.16063	18.1317	0.130413	2
1838	10.6365	15.7395	-0.303299	2
1841	11.4864	19.6765	-0.483119	2
1842	14.5708	3.29588	-0.585865	2
1845	10.9957	9.6107	0.267387	2
1847	16.3818	2.02058	-0.587535	2
1848	9.51212	16.4236	-0.0417651	2
1851	15.8413	9.1944	0.473139	2
1852	10.0383	23.8431	-0.184146	2
1853	14.5597	6.82105	0.193788	2
1854	16.234	6.1692	-0.188094	2
1855	15.177	24.8709	0.223362	2
1858	13.1926	17.59	0.93934	2
1864	14.6739	9.39717	-0.136711	2
1868	8.74611	6.85136	-0.119786	2
1870	12.5078	3.07727	0.427416	2
1871	9.46877	14.8627	0.175254	2
1876	8.45942	14.0019	0.0254743	2
1877	9.44598	23.9566	-0.368614	2
1878	15.4811	10.1955	-0.112611	2
1880	9.19673	2.59058	-0.769521	2
1886	11.7664	19.27	-0.422922	2
1887	9.95574	11.7725	0.378088	2
1888	15.2338	23.4999	-0.118212	2
1892	11.9209	14.2301	0.428552	2
1894	11.3361	9.34007	-0.0539897	2
1896	8.66229	12.5756	-0.0461889	2
1899	14.5354	15.4624	0.157098	2
1901	9.84901	22.2123	0.726966	2
1906	11.9581	5.45476	0.268794	2
1913	12.1859	11.2729	0.420631	2
1921	16.5248	7.0981	-0.00882128	2
1922	14.4513	20.6243	0.0358648	2
1924	14.5555	22.1956	0.505033	2
1934	16.6396	9.21165	-0.368941	2
1936	15.9478	22.6918	0.24736	2
1942	10.8663	5.64673	0.551671	2
1949	11.8255	16.6231	-0.45464	2
1950	11.2881	3.71659	0.5219	2
1952	9.74585	2.50148	0.517798	2
1955	10.23	20.5468	0.0129174	2
1958	13.1038	21.8726	-0.168805	2
1959	8.67665	0.876052	0.132304	2
1969	11.7121	20.7503	0.017831	2
1970	11.1965	0.121029	0.485613	2
1971	15.6783	21.4091	-0.132344	2
1974	13.3298	13.1961	0.565066	2
1977	13.8679	3.27232	-0.0497108	2
1978	9.902	7.15758	-0.438667	2
1979	9.59658	20.4829	0.351523	2
1984	8.64355	22.4398	0.500767	2
1986	10.7652	2.67107	-0.620585	2
1987	11.7927	17.14	0.621667	2
1996	14.6133	4.74153	-0.025943	2
1998	12.8905	9.47242	0.136163	2
1999	11.2018	5.56354	-0.101408	2
2003	9.33646	14.7324	0.114067	2
2005	13.152	6.44707	0.0275399	2
2009	9.87777	8.79636	-0.0159649	2
2013	10.6218	24.7832	0.0307717	2
2017	12.9333	18.9471	0.18528	2
2018	8.4937	23.3447	0.194978	2
2020	11.5176	15.2872	-0.152182	2
2022	11.9451	1.55229	-0.275884	2
2027	9.15204	23.8248	-0.771426	2
2029	15.708	13.3979	-0.0622469	2
2033	15.5962	3.60573	0.428724	2
2038	15.5497	13.4089	-0.512792	2
2047	10.7538	7.14722	0.691886	2
2049	16.357	17.2376	0.634139	2
2052	10.0957	14.9614	0.275986	2
2063	13.3641	7.37034	-0.212076	2
2064	13.6124	19.936	0.453784	2
2066	11.3202	2.48881	-0.195927	2
2067	12.7153	4.92047	-0.818622	2
2071	16.1631	20.4131	-0.365151	2
2072	12.3412	2.16449	-0.480306	2
2075	9.58644	22.5702	-0.131925	2
2077	10.3826	21.6226	-0.751877	2
2078	10.9321	14.9691	0.226678	2
2080	9.21019	5.16709	0.031188	2
2088	10.7947	4.58769	0.300014	2
2092	13.7075	22.1525	-0.153234	2
2102	10.6346	5.46158	0.0865275	2
2104	9.85452	16.0591	-0.695574	2
2106	16.2845	10.4199	0.0572876	2
2109	12.9484	11.5121	-0.0759312	2
2112	10.3089	8.15271	0.414591	2
2114	12.8597	21.4561	-1.12769	2
2115	16.175	11.866	0.785341	2
2121	10.9873	24.3597	-0.246841	2
2122	9.01672	9.06495	0.206361	2
2124	11.7869	17.1306	-0.00604387	2
2125	14.6279	7.64148	-0.124	2
2129	14.8226	15.8426	-0.24973	2
2131	14.7416	18.2293	0.0359467	2
2133	13.5243	18.2494	0.679794	2
2137	13.3857	2.12248	0.327229	2
2146	12.1777	17.3523	-0.241863	2
2150	14.2234	17.5047	-0.385977	2
2156	12.7492	4.09949	0.678898	2
2161	14.0586	6.90072	0.0601402	2
2163	16.3417	12.4099	0.557208	2
2166	16.4872	20.3068	-0.335996	2
2168	12.0039	24.3366	-0.187081	2
2174	14.0194	21.6297	0.643121	2
2178	13.4872	24.6467	0.327433	2
2179	12.2009	12.8785	-0.554049	2
2181	9.90477	21.6025	0.782004	2
2183	15.485	10.4294	-0.239348	2
2185	10.4004	8.3232	-0.0909052	2
2187	11.7641	22.3997	-0.670868	2
2194	15.6496	18.7275	-0.533405	2
2195	15.0973	19.7245	-0.414502	2
2200	8.59531	7.30462	0.0896051	2
2201	15.8493	7.47582	0.463911	2
2205	15.4473	2.69374	0.763124	2
2210	9.30563	21.6063	-0.207378	2
2222	10.835	17.2234	-0.101659	2
2223	10.1189	17.2857	-0.669503	2
2224	13.5585	20.9901	0.00358724	2
2226	15.1716	0.0235015	-0.458009	2
2230	13.7977	23.2978	-0.352983	2
2238	14.4023	23.2115	-0.533291	2
2239	10.3431	8.67431	-0.147674	2
2240	8.91866	13.347	0.28633	2
2241	9.65914	13.6824	-0.939742	2
2248	9.80152	19.6355	0.300089	2
2257	11.7701	12.7966	-0.733531	2
2258	15.8208	0.133002	-0.302858	2
2264	14.6869	18.3967	-0.0104343	2
2265	16.1825	4.70453	0.0618926	2
2266	15.4709	21.9817	-0.205112	2
2267	8.46115	10.698	-0.0105566	2
2270	16.5625	24.3921	-0.46694	2
2272	16.274	16.4745	0.275374	2
2274	9.38859	6.15491	-0.0150077	2
2278	14.7292	18.227	-0.024918	2
2279	15.2831	18.7261	-0.473853	2
2280	12.5931	10.547	-0.197009	2
2284	10.5832	9.46744	0.273439	2
2285	15.785	14.5793	-0.335243	2
2289	14.3122	23.7992	-0.644989	2
2292	13.1042	0.305235	-0.496606	2
2294	13.119	17.2056	0.370453	2
2297	11.2058	14.5774	-0.0704003	2
2299	15.1852	12.376	-0.0751201	2
2300	14.3412	18.8204	0.106221	2
2301	11.4757	23.918	0.223429	2
2302	14.3087	7.0362	0.0150418	2
2306	8.99392	5.44854	0.130656	2
2307	10.0351	13.4495	0.124216	2
2308	10.1907	12.8477	-0.282614	2
2311	12.4976	22.4155	-0.0837989	2
2313	15.5684	17.2395	-0.0960981	2
2315	16.1571	0.0717048	0.320135	2
2317	11.4295	5.1792	0.376333	2
2325	11.116	2.32566	-0.0325574	2
2328	11.2539	12.5242	-0.957089	2
2330	10.6885	19.0787	0.101246	2
2332	11.768	20.7146	-0.431337	2
2338	15.0297	19.8775	-0.354596	2
2343	15.9566	5.38735	0.48227	2
2346	11.0467	24.1307	-0.0389731	2
2349	14.6708	13.1823	0.0716364	2
2352	13.5341	22.919	-0.787723	2
2354	11.0105	14.8212	0.639673	2
2356	9.76527	14.8766	0.0837747	2
2358	16.3169	23.4485	-1.55381	2
2359	14.0782	21.4461	0.137125	2
2361	12.387	18.9494	-0.452045	2
2362	8.40736	1.78417	-0.111671	2
2365	10.4089	18.8772	-0.695175	2
2371	11.7511	15.3692	0.325336	2
2375	10.0443	21.2419	0.0746928	2
2378	15.0571	23.337	0.34639	2
2381	10.5102	13.8299	0.349829	2
2382	9.27719	11.547	0.393812	2
2383	16.0779	18.6155	-0.427896	2
2386	14.5658	15.7385	-0.312354	2
2392	16.2187	17.8285	-0.40656	2
2393	11.3604	6.63878	0.172969	2
2394	13.3735	13.3139	-0.0359479	2
2395	12.3405	5.81731	0.0144892	2
2398	9.11437	22.0529	-0.544342	2
2400	9.02392	5.24621	-0.0846383	2
2403	8.74317	22.09	-0.302315	2
2405	11.4889	5.10885	-0.147543	2
2406	14.2763	24.6122	-0.105768	2
2408	11.108	20.5912	-0.2942	2
2409	11.4942	22.1622	-0.0579504	2
2411	15.5323	22.3936	-0.386839	2
2414	11.6268	9.22489	0.0206515	2
2415	15.1917	17.1468	0.0184231	2
2420	16.5721	0.422043	0.0507797	2
2427	12.496	19.6998	0.542266	2
2433	10.2572	15.5695	-0.149502	2
2436	12.5248	13.6395	0.14877	2
2438	10.1942	4.05592	0.396448	2
2441	16.3218	11.4846	0.935044	2
2442	11.964	16.2919	-0.358102	2
2444	12.3406	2.80478	-0.262911	2
2445	14.946	13.6332	0.00120988	2
2449	10.5361	1.42479	0.611003	2
2450	14.4135	15.2811	-0.456383	2
2451	12.655	20.1811	-0.551299	2
2453	12.5714	18.5631	-0.449796	2
2454	13.9583	12.6861	-0.0211446	2
2455	16.2819	15.7039	0.0832208	2
2458	8.5614	7.82112	0.367782	2
2460	16.3613	7.16086	0.0246198	2
2461	15.5839	7.00122	-0.646269	2
2464	15.7024	16.8629	0.0940782	2
2471	15.9204	23.4299	-0.234613	2
2473	10.3975	18.8417	-0.329679	2
2475	9.80646	20.8424	-0.285274	2
2476	10.8866	5.29052	0.107445	2
2481	12.5446	22.4685	-0.175975	2
2486	8.34982	0.703534	-0.19223	2
2488	14.1871	14.6198	-0.729219	2
2490	12.6196	24.3852	0.582068	2
2491	10.8726	11.6651	-0.341251	2
2492	12.3474	4.89974	0.411945	2
2493	9.26607	20.1941	0.381474	2
2498	16.1146	2.14434	-0.088573	2
2501	11.1062	13.8249	0.392618	2
2516	10.2439	7.17715	0.146866	2
2520	9.03506	4.119	-0.453926	2
2523	10.3587	18.4936	-0.119031	2
2524	12.701	21.3995	-1.21779	2
2525	12.2461	22.1088	-0.577361	2
2527	14.1253	2.60835	0.549493	2
2532	9.40397	11.5692	0.652208	2
2537	10.5614	2.83295	-0.00953029	2
2539	11.9234	14.1427	0.150431	2
2541	16.1928	20.1241	-0.174883	2
2543	14.9393	7.03097	-0.118109	2
2544	14.6498	0.847495	-0.344601	2
2549	15.2839	9.28211	0.168029	2
2552	9.91561	3.85105	0.34474	2
2557	14.5136	11.7264	-0.441928	2
2558	14.3993	17.6959	-0.656719	2
2561	14.3049	4.70638	-0.695357	2
2565	14.0691	22.6	0.358047	2
2567	15.6713	2.96584	-0.451992	2
2568	13.3098	1.11617	0.187277	2
2576	10.128	2.0188	-0.00397011	2
2581	11.0987	14.8643	-0.383956	2
2585	14.0073	4.83953	0.836478	2
2587	10.5291	13.2187	-0.168374	2
2589	10.9256	9.27938	-0.252784	2
2590	15.2552	9.04189	0.211603	2
2591	15.4752	8.1175	0.292321	2
2595	13.3586	19.9467	-0.298282	2
2600	14.5032	7.313	-0.135067	2
2608	9.39706	15.5795	-0.314839	2
2609	15.0278	21.5622	-0.460463	2
2613	8.94796	11.1366	-0.353441	2
2615	12.1014	21.156	0.0208745	2
2620	13.5367	22.0411	-0.468068	2
2624	11.6366	2.16702	-0.301821	2
2627	15.0283	0.919123	0.436684	2
2636	14.4593	21.4211	0.257328	2
2637	12.5057	3.55158	0.110313	2
2640	11.7502	17.4499	0.00337401	2
2643	8.6708	15.2268	-0.275165	2
2648	8.45486	11.1248	0.331895	2
2649	10.092	5.74416	-0.114525	2
2650	10.4853	4.92769	0.10039	2
2655	13.977	14.498	0.683756	2
2658	14.1286	1.19224	-0.557265	2
2659	13.0929	1.84572	-0.142616	2
2664	9.13621	19.7361	0.67421	2
2666	13.912	23.3437	0.135249	2
2673	8.33649	23.2852	-0.200505	2
2675	14.112	11.1534	-0.323904	2
2681	8.80427	1.69281	-0.871377	2
2689	16.3272	11.5974	-0.0606967	2
2693	15.1513	7.69533	-0.329137	2
2694	10.0703	1.72792	1.06289	2
2702	9.34312	1.49909	0.3863	2
2708	15.0249	4.32177	0.0595778	2
2710	14.9313	18.126	0.0953244	2
2719	9.9131	12.4405	0.0340293	2
2720	11.571	12.346	-0.443808	2
2729	9.0578	19.0182	-0.0386171	2
2733	9.5506	23.748	0.090389	2
2734	14.518	22.1337	-0.164917	2
2736	9.93773	8.63866	-0.548071	2
2738	8.99098	10.4961	0.197936	2
2744	8.48457	4.52748	-0.766492	2
2745	11.7953	11.1749	-0.555562	2
2747	12.0944	5.82464	0.024313	2
2748	11.0817	6.23204	0.5688	2
2753	14.8678	11.607	-0.347386	2
2764	12.0215	24.9838	-1.58346	2
2765	16.1295	5.77445	0.999116	2
2768	16.112	24.0551	0.267033	2
2769	12.7826	23.5685	-0.270352	2
2774	14.9951	9.30333	0.214053	2
2775	12.7758	12.4668	0.270915	2
2776	15.631	2.70116	0.323951	2
2780	14.8576	0.262817	0.479648	2
2781	14.4608	3.61833	-0.390744	2
2782	8.4548	24.4363	0.894942	2
2783	15.3591	11.8479	0.423214	2
2784	13.4309	13.9641	0.432604	2
2790	12.4179	19.9528	-0.377298	2
2791	15.3263	22.1102	0.0584015	2
2794	15.0135	16.293	-0.416753	2
2797	12.4131	5.1737	-0.0644606	2
2799	12.8242	3.16393	0.0789083	2
2800	10.1727	9.36352	-0.0171608	2
2801	11.8097	21.2283	0.0167898	2
2802	10.6563	21.8382	0.488086	2
2806	11.9974	11.1011	0.151133	2
2814	14.317	24.3645	-0.30689	2
2819	11.2591	5.24902	-0.0648348	2
2823	13.0479	21.0158	-0.45331	2
2825	9.9852	5.36235	0.0305254	2
2833	8.85314	7.51332	-0.473772	2
2835	9.44178	16.146	0.417198	2
2837	14.3251	6.46637	-0.295955	2
2841	16.3873	5.39081	-0.185985	2
2843	15.0817	1.28606	0.0438631	2
2845	14.2227	8.37009	0.977731	2
2846	15.6673	4.25012	-0.305366	2
2847	16.3474	9.83622	-0.280352	2
2850	10.6837	8.77515	0.190113	2
2854	10.284	2.06965	0.525744	2
2855	15.5279	16.2831	-0.476768	2
2856	13.0233	13.3329	-0.1119	2
2857	12.2022	12.6539	0.381865	2
2860	9.53746	2.65779	0.0151239	2
2862	12.5419	17.441	0.00356598	2
2863	14.2268	14.5067	0.0274511	2
2866	12.2894	16.3699	0.302835	2
2867	13.0633	1.51262	-0.495626	2
2873	15.261	8.53763	0.51328	2
2879	16.2712	18.9232	-1.04063	2
2881	16.0414	5.58442	-0.285384	2
2882	16.3172	6.72197	0.112421	2
2889	16.488	8.68715	0.400017	2
2894	15.2184	24.9655	0.0498203	2
2895	11.9355	6.03631	-0.306654	2
2896	10.9131	17.6104	0.126728	2
2898	12.3471	22.88	0.148753	2
2901	16.316	6.54779	0.440457	2
2902	15.7626	4.56382	-0.59891	2
2904	10.5516	15.1603	-0.266863	2
2908	9.43525	12.4323	0.354474	2
2913	14.4817	24.3933	-0.585165	2
2915	14.0631	18.3532	-0.338767	2
2916	13.9812	18.5484	-0.602456	2
2917	9.24458	6.75457	0.207964	2
2919	9.03816	11.2342	0.0604574	2
2921	15.245	11.6759	-0.358838	2
2926	13.4925	4.5185	0.00552076	2
2927	15.4238	18.2057	0.255171	2
2933	8.36439	11.6444	0.138194	2
2936	13.767	9.77053	0.915818	2
2939	10.2049	21.1991	0.111588	2
2940	10.5477	21.258	0.0174857	2
2947	14.0365	1.67123	0.243931	2
2956	9.12034	18.7649	0.0512797	2
2957	9.43723	3.25647	0.528306	2
2958	14.9752	20.0904	0.181404	2
2961	9.45614	2.20336	0.211354	2
2963	13.8086	2.32053	-0.0586551	2
2968	14.421	14.0051	-0.582602	2
2969	15.7257	3.58745	0.0465973	2
2971	15.8765	12.2888	-0.109864	2
2976	13.511	22.2621	-0.0728499	2
2977	13.7775	21.7809	0.568928	2
2978	12.3012	7.24633	-0.174227	2
2979	10.1988	20.0495	0.0812249	2
2982	14.6418	18.94	-0.23826	2
2985	11.2331	18.8363	0.196873	2
2986	14.9412	5.93228	-0.111882	2
2992	10.466	6.24917	-0.221989	2
2994	14.5569	0.143767	0.204727	2
2995	10.9984	5.39055	0.0545737	2
2997	9.55053	8.33985	0.316409	2
3002	15.4862	12.6546	0.890607	2
3003	11.5456	24.252	-0.204084	2
3006	10.3735	19.1008	-0.485505	2
3007	8.86733	2.59171	0.0601524	2
3010	9.61084	13.2856	-0.159373	2
3011	14.0252	24.7484	-0.319751	2
3014	14.8136	21.0893	-0.0824157	2
3017	13.8844	7.67565	0.479958	2
3018	13.8896	4.41833	0.185432	2
3019	10.2421	24.4143	-0.0172034	2
3020	8.44974	3.02727	0.454889	2
3021	12.6105	8.50748	0.632109	2
3022	14.8824	23.063	-0.170391	2
3024	11.287	22.2948	-0.532417	2
3025	14.5952	0.43356	-0.145206	2
3036	12.8178	15.5517	0.214481	2
3037	15.8648	19.4697	-0.0295503	2
3040	9.86421	15.2643	-0.816324	2
3042	11.4298	13.7284	0.178462	2
3051	9.89169	13.9388	0.175346	2
3052	15.8588	12.1394	0.456192	2
3053	14.1745	1.86451	-0.153653	2
3054	8.52408	21.8141	0.378706	2
3055	8.95709	13.1551	-0.0424641	2
3056	9.59812	16.2491	-0.547036	2
3057	12.2848	2.48129	0.603066	2
3060	11.8634	3.60753	-0.353478	2
3061	11.5612	3.93074	-0.0291075	2
3062	12.3442	3.44272	-0.543353	2
3063	16.4616	11.4232	0.140144	2
3069	8.80053	8.57018	-0.00442936	2
3070	10.7154	19.1802	0.101687	2
3074	13.6693	22.1648	0.253935	2
3078	9.47149	3.1232	1.28233	2
3082	10.4319	12.912	-0.172598	2
3083	15.4446	13.7859	-0.849855	2
3084	8.47217	21.0376	0.327631	2
3089	12.237	4.64517	-0.0456523	2
3094	16.0763	8.52198	0.42456	2
3095	14.0434	19.1434	1.14199	2
3098	12.3487	0.64497	-0.113786	2
3099	14.7812	14.7355	0.198574	2
3105	11.2558	14.2006	-0.0862087	2
3106	10.1844	11.3095	0.321986	2
3110	14.7424	4.8236	-0.158366	2
3113	10.2972	1.22092	1.32248	2
3114	9.03818	5.01787	-0.108761	2
3116	11.2768	1.36617	0.264015	2
3120	12.374	22.0296	0.202051	2
3123	10.1989	11.786	0.42377	2
3125	12.7161	12.5016	-0.500145	2
3129	11.1891	7.35616	0.249666	2
3134	16.4146	12.7707	0.458329	2
3136	14.4878	15.7753	-0.304459	2
3147	12.8766	13.3886	-0.723233	2
3152	12.9005	17.089	-0.134098	2
3156	15.7826	9.73192	-0.0533477	2
3157	15.4312	7.25213	-0.543514	2
3158	15.7998	7.82476	0.159998	2
3160	11.686	2.44122	0.0473652	2
3166	12.818	23.8315	-1.12516	2
3167	13.2774	23.3258	-0.045257	2
3170	15.3908	17.4077	-0.492381	2
3171	14.978	1.81322	0.585473	2
3172	13.7064	5.11352	-0.0115601	2
3183	15.1364	10.6096	0.381207	2
3184	14.5626	10.1223	0.719453	2
3188	8.40187	5.93991	-0.131522	2
3189	15.1035	7.92483	0.722622	2
3190	9.01438	20.281	-0.319389	2
3192	11.8	3.60488	-0.305005	2
3193	12.3627	19.2478	-0.202182	2
3194	10.8388	0.745342	0.404118	2
3198	14.7817	23.3626	-0.673193	2
3199	8.90862	0.27452	0.275325	2
3202	12.1165	17.5762	0.521604	2
3203	11.1037	14.1247	-0.68103	2
3205	11.2686	3.34217	-0.629295	2
3206	14.2914	1.59676	0.54227	2
3207	8.81756	5.68449	0.603167	2
3209	13.3376	9.95073	0.0880611	2
3210	13.2215	18.3077	0.00154234	2
3214	9.31287	16.8805	0.139729	2
3217	10.6872	5.37028	-0.00469234	2
3220	11.1103	11.2921	0.584037	2
3223	16.3238	13.4408	-0.263269	2
3224	14.8915	3.16699	0.772658	2
3227	14.5812	12.9546	0.370945	2
3228	15.4504	12.7491	-0.0783749	2
3229	14.3911	12.2212	-0.0715663	2
3232	14.4291	15.4916	-0.1702	2
3233	14.2843	2.91578	-0.05901	2
3238	16.5674	0.956829	-0.191646	2
3242	9.24438	9.1788	-0.417943	2
3248	10.0387	21.9169	-0.389156	2
3254	13.71	19.8685	0.179068	2
3255	12.9426	12.574	0.0140439	2
3258	8.6478	0.182778	-0.750449	2
3261	13.2844	19.0223	-0.227245	2
3266	15.6138	8.83716	-0.559609	2
3267	15.9942	9.00806	0.213259	2
3276	15.982	14.535	0.408795	2
3277	15.7419	14.7495	-0.106527	2
3286	15.3796	20.371	-0.082726	2
3288	9.39374	23.451	0.046033	2
3292	15.2595	2.02535	-0.199785	2
3298	14.8332	13.0484	-0.257131	2
3300	8.48252	13.8372	-0.413786	2
3310	11.4946	2.1891	0.239369	2
3311	10.2847	2.24067	0.617262	2
3312	14.8892	22.8172	-0.612366	2
3314	14.637	23.0199	-0.393195	2
3315	10.9673	11.6123	0.692137	2
3316	15.0537	23.0558	-0.670639	2
3317	14.7137	12.952	-0.689751	2
3322	8.4083	0.610705	0.237723	2
3331	13.5075	18.7437	0.0149402	2
3332	9.40225	14.7356	0.843422	2
3340	9.58161	15.6616	0.16449	2
3341	11.968	13.4949	-0.429269	2
3344	10.3344	8.55335	0.0903623	2
3346	10.0133	15.4807	-1.16891	2
3348	15.2286	16.5153	-0.695145	2
3349	14.9861	8.15301	-0.00315447	2
3351	11.679	2.08431	0.0662908	2
3352	11.7383	11.4585	-0.215648	2
3353	11.9883	10.6991	-0.75756	2
3359	14.482	19.1754	-0.667987	2
3360	14.3888	18.5046	-0.823386	2
3361	14.8721	23.7412	-0.538308	2
3362	14.1182	8.50711	0.348008	2
3363	13.625	8.78717	0.752825	2
3364	16.4736	20.7733	-0.562076	2
3368	11.6798	10.2308	0.607025	2
3375	14.8382	11.173	0.2436	2
3376	13.3076	7.99621	0.349586	2
3378	11.3605	18.3577	-0.122489	2
3379	8.56155	5.78715	-0.0981792	2
3380	10.3958	1.17041	0.462163	2
3382	14.8623	6.56119	-0.0539686	2
3383	12.3167	11.1793	0.0345695	2
3389	11.7763	22.2743	0.490372	2
3403	14.9763	20.049	0.666985	2
3406	11.6464	23.8519	0.149698	2
3411	13.6496	17.2933	0.324799	2
3412	13.6919	2.37673	-0.0525782	2
3414	16.1259	19.1753	-0.124225	2
3418	9.32482	14.1217	-0.140727	2
3419	10.9934	21.9273	-0.310075	2
3421	9.17466	3.21936	0.936666	2
3424	15.5793	9.74749	-0.424453	2
3425	13.727	4.19855	0.0370432	2
3430	13.5618	0.844616	-0.200838	2
3431	13.1359	1.04082	-0.586017	2
3435	13.8135	8.5931	0.316646	2
3436	10.9759	6.27172	-0.458572	2
3439	14.718	12.8983	0.274792	2
3440	13.1877	18.4356	-0.219429	2
3446	14.1572	22.0134	0.47523	2
3449	13.4076	5.24983	-0.837095	2
3450	14.3781	15.2872	-0.852491	2
3451	12.0345	8.71615	-0.157738	2
3455	15.6405	15.1627	0.493623	2
3456	15.73	15.1043	-0.334497	2
3459	14.6218	18.8826	-0.419445	2
3467	8.8292	18.6769	-0.442191	2
3470	10.989	7.46076	0.845045	2
3471	11.0167	7.67762	0.433211	2
3474	15.6424	6.36559	-0.823456	2
3475	8.39991	4.33469	-0.0525399	2
3478	11.7651	15.0199	0.102418	2
3486	11.7805	23.3186	-0.775888	2
3487	12.4177	22.9602	-0.650431	2
3492	15.0176	22.4001	-0.500776	2
3493	12.4334	2.27394	-0.211582	2
3495	14.3027	23.7132	-0.0231636	2
3496	14.1681	5.8106	0.0109771	2
3498	11.8709	13.3845	-0.869941	2
3499	9.77413	15.3912	-0.271271	2
3501	14.2615	3.28599	-0.362273	2
3506	10.2552	18.5163	-0.56388	2
3507	14.3025	15.3101	-0.360939	2
3510	8.53881	22.8703	0.121536	2
3511	9.12858	16.9519	-0.45359	2
3514	8.80862	1.67572	-0.266421	2
3516	13.721	19.1778	0.361534	2
3524	9.88229	0.855551	0.272423	2
3528	11.6957	6.14277	-0.547806	2
3530	11.7414	16.4706	0.216436	2
3531	15.9904	8.33095	-0.278032	2
3532	15.6738	8.81611	-1.19418	2
3533	11.6452	9.60925	0.556453	2
3534	11.5951	9.31715	-0.0599884	2
3536	11.0277	0.868282	0.476119	2
3549	11.4366	1.5633	0.306423	2
3551	16.0772	15.0379	-0.323545	2
3553	15.1774	24.712	0.431801	2
3554	8.99478	4.22947	0.444374	2
3556	12.6081	9.84502	0.634964	2
3558	16.5738	23.0971	-0.110169	2
3561	16.2443	20.0546	-0.155177	2
3562	10.7012	1.40061	0.687413	2
3564	13.5309	6.24728	0.0154313	2
3568	9.70598	2.82394	0.970022	2
3569	12.1157	4.50682	-0.558414	2
3572	11.1651	7.20869	-0.088721	2
3573	10.5305	6.9069	0.18608	2
3578	10.3631	3.58441	0.255648	2
3579	15.0948	11.2035	0.560799	2
3580	15.8322	22.9113	0.104696	2
3583	16.2037	12.8911	-0.119218	2
3590	12.3066	3.78986	-0.377622	2
3592	12.0329	15.4289	0.133081	2
3594	16.5302	3.75871	0.391068	2
3598	15.8107	16.4878	0.310499	2
3600	10.3216	3.12568	0.530496	2
3602	10.9513	14.5063	-0.378495	2
3604	10.5534	20.235	-0.241141	2
3614	13.1358	16.479	-0.397146	2
3615	11.1294	1.08784	1.08152	2
3616	16.3816	15.1346	-0.494228	2
3618	12.4813	11.854	-0.481276	2
3619	11.706	3.06663	-0.258066	2
3620	11.7536	2.19923	0.182683	2
3622	13.8583	10.9464	-0.234224	2
3623	15.978	9.77255	0.787524	2
3624	13.617	12.0996	0.227526	2
3625	13.7165	11.6656	-0.735119	2
3626	16.4271	9.52476	0.378852	2
3627	13.3299	22.4707	-0.402697	2
3633	11.403	10.2873	0.187682	2
3636	14.9213	3.15301	0.139728	2
3637	14.301	3.74986	0.438213	2
3638	15.69	3.85178	0.639082	2
3644	15.1341	0.750619	0.135273	2
3647	9.01967	9.99717	0.269994	2
3652	13.7402	10.0157	-0.000739114	2
3656	10.1606	24.5938	0.741908	2
3658	14.3608	12.8608	-0.357542	2
3659	16.0315	4.99201	-0.862377	2
3661	13.7551	23.1335	-0.739083	2
3666	10.2598	5.88374	-0.262997	2
3668	11.7944	19.0732	-0.0649634	2
3670	14.341	1.2457	0.0502564	2
3672	14.5044	0.0183181	-0.430206	2
3674	9.57368	13.4326	-0.277681	2
3682	16.6327	0.917607	-0.135592	2
3684	15.5489	13.7527	-0.151685	2
3688	9.38772	13.1331	0.10095	2
3689	14.7329	7.53964	-0.481334	2
3690	8.87395	6.16946	0.345372	2
3693	10.3672	2.34237	-0.252045	2
3696	9.58071	24.3864	-0.0712207	2
3701	12.4681	0.612285	0.75937	2
3703	9.00156	14.8064	-0.511707	2
3706	10.3299	4.39412	0.135205	2
3708	13.9781	23.506	-0.0644457	2
3710	14.4128	8.98075	-0.206663	2
3718	12.4602	20.8299	-0.528823	2
3723	11.8926	23.9749	-0.868024	2
3724	12.6097	24.6092	-0.661804	2
3729	8.39653	6.93401	0.161676	2
3732	15.6281	1.702	-0.363489	2
3735	16.4565	23.9061	-0.590208	2
3737	13.7356	14.0704	0.435701	2
3738	8.75238	5.108	0.0493797	2
3739	10.2794	12.2412	-0.0552132	2
3740	11.1295	17.8234	-0.124138	2
3742	15.2693	4.84183	-0.2696	2
3744	11.9323	6.01466	-0.109512	2
3745	11.9044	6.22579	0.110434	2
3747	11.5127	15.2703	-0.491912	2
3752	15.4013	3.51012	-1.12372	2
3754	16.5351	15.252	0.903695	2
3757	8.44738	17.388	-0.412487	2
3758	9.60715	17.0535	-0.242261	2
3768	13.4971	10.2499	-0.00636427	2
3769	13.8736	8.379	0.388891	2
3770	12.0923	16.6803	-0.827923	2
3778	8.39496	0.555148	-0.558233	2
3783	15.1539	14.4153	0.350204	2
3784	15.0266	18.7112	-0.178948	2
3788	10.7607	3.10111	-0.244746	2
3792	11.4235	12.0823	-0.37769	2
3794	12.8122	11.9172	-0.755583	2
3795	9.53254	18.5012	-1.17188	2
3799	15.5092	2.17983	-0.0548558	2
3802	11.6401	22.1656	0.455299	2
3805	14.4323	20.8323	0.114865	2
3813	9.62797	19.9135	-0.574777	2
3815	15.9803	4.70506	-0.309273	2
3824	12.5752	21.9038	-0.710498	2
3827	8.45057	19.8167	-0.263634	2
3834	8.94831	19.2052	-0.125195	2
3836	8.94656	0.352921	-0.700718	2
3837	10.2175	5.46933	0.356252	2
3838	12.3726	1.78256	0.114284	2
3840	12.1324	8.85508	0.853547	2
3841	12.4121	14.0366	-0.54307	2
3842	9.37645	6.69828	-0.55484	2
3844	13.9152	2.68637	0.235363	2
3849	14.3819	23.1858	-0.138947	2
3851	12.5729	15.6	0.591845	2
3852	13.7172	4.57217	-0.482657	2
3856	8.33726	10.1023	0.129957	2
3857	15.3677	24.7828	0.0194016	2
3859	13.4063	9.35994	0.814839	2
3866	15.9082	18.1245	-0.38875	2
3874	12.2616	2.4308	-0.206528	2
3875	14.2074	8.55108	0.607318	2
3876	14.0937	8.34691	1.01491	2
3893	16.4446	17.613	0.020069	2
3896	10.5519	22.5527	-0.424981	2
3897	14.9704	22.5492	-0.34482	2
3900	11.4519	4.86412	0.306783	2
3901	11.9618	23.481	-0.639672	2
3906	15.6071	13.3989	-0.0439504	2
3908	15.2529	7.6069	0.723852	2
3910	16.295	17.4573	0.123171	2
3916	11.7142	24.7666	-0.437052	2
3917	13.8493	2.82392	-0.77763	2
3918	12.2656	7.93892	-0.316257	2
3919	12.308	7.40817	0.0271136	2
3920	15.7278	12.8148	0.113701	2
3921	14.6647	24.2956	-0.220994	2
3922	9.50176	1.9177	0.276548	2
3923	9.72611	20.8996	0.0113006	2
3924	11.1011	10.8221	0.269758	2
3925	11.4665	10.8305	0.141908	2
3927	14.7476	15.2488	-0.39604	2
3928	12.1736	3.3491	-0.0992953	2
3933	9.86748	14.8034	-0.334788	2
3934	9.68124	14.9248	0.471843	2
3940	12.9781	9.66627	-0.673328	2
3943	9.96501	21.6642	-0.408272	2
3949	9.06818	10.1661	-0.250797	2
3951	8.66412	8.30725	0.0910009	2
3952	9.92845	18.2414	-0.25066	2
3954	15.9126	6.71166	0.349984	2
3955	11.4442	0.0634131	-0.0981309	2
3959	14.2383	23.2054	0.286602	2
3968	10.8706	20.9062	0.127401	2
3971	15.0752	11.0457	-0.723803	2
3973	15.3643	12.6692	0.602515	2
3974	15.8846	13.0387	1.33817	2
3977	9.77195	6.83128	0.128378	2
3983	12.738	15.6937	0.378648	2
3986	14.4473	20.6205	-0.0169676	2
3988	11.2721	21.6344	0.143487	2
3989	10.5502	21.535	0.263531	2
3990	11.0628	21.6805	-0.215762	2
3992	11.8781	24.2022	0.166501	2
3994	8.71003	15.5198	0.087493	2
3995	13.4306	17.7408	-0.46794	2
3999	11.9172	1.22245	-0.18395	2
4001	13.2037	21.4885	-0.395162	2
4004	11.8936	8.19977	0.0392431	2
4010	9.22417	18.669	-0.107595	2
4016	11.2467	1.55846	0.0275015	2
4018	11.5851	17.0698	0.311188	2
4020	12.5379	5.45147	-0.0226234	2
4023	9.21721	24.0983	-0.347079	2
4028	9.84199	21.6455	0.111971	2
4032	9.82933	4.31827	-0.121521	2
4036	11.1929	14.0107	-0.360829	2
4040	9.21143	20.9073	-0.329334	2
4041	10.8473	2.72556	0.31653	2
4043	16.4554	11.8766	0.248816	2
4045	9.68618	4.50955	0.815103	2
4046	15.7133	14.5483	-0.236426	2
4049	10.9121	6.20283	-0.0975718	2
4050	11.8326	16.9149	0.188671	2
4057	15.9311	2.64639	0.417746	2
4061	8.83126	23.4897	-0.132145	2
4063	12.3822	20.1981	-0.356439	2
4065	8.72858	19.3847	-0.242847	2
4067	12.9207	15.7126	-0.854958	2
4070	16.4589	19.2174	-0.869168	2
4071	15.1082	17.8959	-0.100594	2
4076	16.3212	8.48496	0.0736196	2
4077	10.0464	0.843211	0.567267	2
4078	10.4565	1.65204	0.797924	2
4085	10.3347	9.09971	0.321496	2
4088	13.2893	13.6773	-0.35783	2
4089	8.89194	20.8977	-0.136313	2
4090	9.51615	24.8124	0.0364086	2
4092	15.5635	12.4933	-0.252874	2
4097	8.58177	13.5106	-0.40109	2
4098	15.8092	17.9115	-0.643203	2
4103	14.2331	10.379	-0.213234	2
4104	14.749	10.4568	0.350327	2
4108	8.33477	2.09025	0.516539	2
4110	15.2577	23.2658	-0.323468	2
4115	15.608	17.1022	0.500625	2
4116	9.63484	9.83449	-0.0684238	2
4122	12.8803	6.76313	0.496773	2
4129	12.0304	14.2244	0.232514	2
4134	12.2241	20.8179	-0.175558	2
4139	12.678	8.54216	-0.0789993	2
4141	13.1768	3.45017	-0.365036	2
4145	13.0732	17.7322	0.532729	2
4146	15.3465	16.7002	-0.156335	2
7	20.3455	20.5188	0.217912	3
9	21.3581	16.497	-0.78485	3
10	19.5628	11.0705	0.120748	3
12	17.6392	5.14817	0.0922581	3
13	20.5559	21.9921	-0.0252948	3
16	19.8465	11.4683	-0.38844	3
18	24.1339	7.19958	-0.541199	3
19	19.6812	23.6205	-0.673381	3
20	20.6383	14.8096	-0.640463	3
21	24.3633	21.4314	-0.292108	3
23	22.9954	1.22943	-0.135453	3
27	22.9025	8.6512	-0.122892	3
29	19.6659	20.1625	-0.0912278	3
34	21.8509	10.823	0.0362988	3
35	21.0607	2.23276	-0.727109	3
36	19.0607	20.4329	-0.047583	3
43	20.7707	11.4734	-0.606728	3
44	17.1956	10.2937	0.47201	3
49	17.6188	4.26722	-0.714491	3
50	16.787	6.71822	-0.165275	3
52	24.9984	8.24188	0.314706	3
61	17.4812	17.3008	0.197955	3
62	18.7532	15.415	-0.318259	3
63	20.5942	7.687	-0.663878	3
64	19.7598	19.0903	0.337523	3
66	17.5404	14.4788	0.412175	3
68	17.0451	17.625	0.130135	3
69	16.8672	16.5166	0.120841	3
70	16.7355	10.2337	0.0431328	3
73	23.1137	22.1923	0.657547	3
76	17.8186	18.2344	-0.614985	3
79	19.2837	15.0878	-0.206723	3
83	18.9997	6.7495	0.304497	3
84	16.7954	24.038	-0.794463	3
85	21.0588	5.47391	-0.376031	3
90	18.964	8.27256	0.566419	3
92	22.8251	4.4262	0.00977408	3
100	24.5812	6.03135	-0.642068	3
102	17.1691	13.4442	-0.176818	3
104	23.131	9.76643	-0.432993	3
108	23.3721	5.79031	-0.749538	3
109	18.74	13.0872	0.428368	3
110	24.1658	22.0879	-0.107385	3
118	21.4374	5.77645	0.00983711	3
121	20.1514	15.9456	0.121618	3
125	20.3518	12.3236	-0.0215627	3
126	22.6966	9.63045	-0.172548	3
128	20.3584	10.2839	-1.00091	3
130	22.317	6.00762	0.513995	3
132	22.3618	3.35758	0.388457	3
142	16.9959	4.19105	0.202179	3
144	18.7487	19.4918	-0.448859	3
145	17.0219	14.5817	0.00440387	3
146	16.6684	1.19552	0.63561	3
157	20.0889	19.3863	-0.253477	3
159	20.8203	14.3979	0.342287	3
163	23.9639	11.2432	-0.60593	3
175	21.426	18.9554	-0.328473	3
176	23.4848	17.7827	-0.610192	3
179	18.1711	1.27927	-0.315964	3
180	17.455	12.0697	-0.0896467	3
182	21.672	11.9444	0.278612	3
193	22.8682	5.12105	-0.42527	3
197	24.7774	24.3418	0.3055	3
199	16.7401	15.5912	0.0497775	3
202	23.7971	13.1056	0.309416	3
204	24.9814	15.2164	-0.430798	3
205	24.7187	2.96697	-0.155651	3
208	22.9188	12.9444	-0.445033	3
213	20.279	0.621082	0.115153	3
219	18.5416	3.97469	0.11022	3
222	22.3326	7.5672	0.271061	3
231	24.8421	11.1888	-0.96956	3
233	24.6614	12.9467	-0.0589108	3
237	19.8109	0.277975	-0.222285	3
238	16.8111	5.35695	-0.453151	3
248	17.996	12.5665	0.0984846	3
254	17.0814	4.125	-0.0379265	3
257	18.713	2.44494	0.449038	3
261	18.3355	15.6423	-0.296255	3
264	23.6011	14.9775	0.243774	3
265	19.9236	8.44778	-0.227356	3
267	19.8766	16.8875	0.171774	3
269	18.576	21.3565	0.420863	3
270	16.9374	0.556305	-0.269396	3
272	17.273	13.7585	-0.128265	3
273	18.0535	22.1097	0.353976	3
274	20.3797	0.98186	0.308601	3
278	20.7145	9.98654	-1.26454	3
279	16.7455	23.0835	0.414163	3
280	18.875	0.0184592	-0.366391	3
281	16.7614	8.92263	0.318029	3
283	23.105	13.9052	-0.0484764	3
284	24.2976	24.6955	-0.0753883	3
285	24.9415	18.7628	-0.146079	3
286	18.2284	2.3601	0.714586	3
288	17.3146	22.3816	0.135279	3
291	21.3785	7.95668	-0.0659523	3
292	18.3436	4.11326	1.29761	3
293	17.7956	10.6237	-0.745862	3
295	20.0009	22.0149	0.450314	3
296	23.2202	23.4401	-0.0340324	3
297	21.1375	19.531	-0.995329	3
299	20.5398	1.34836	0.0164383	3
300	18.7812	4.07102	-0.109111	3
303	21.8841	16.3268	-0.347447	3
305	22.0745	10.1633	0.00651769	3
306	20.8463	8.56233	-0.506956	3
310	22.2631	2.6976	0.141884	3
312	22.2909	18.039	-0.111045	3
316	21.7082	18.3928	0.0217971	3
324	24.4153	0.364975	0.245476	3
327	19.7726	22.1051	0.645302	3
335	24.9311	3.69132	-0.876206	3
336	21.8039	5.27726	-1.06571	3
339	19.9853	7.68815	0.308436	3
341	20.6279	4.09988	0.0473265	3
345	17.1049	12.6174	-0.244499	3
346	20.9306	14.2299	-0.472474	3
348	24.1991	20.8528	0.0562422	3
352	17.2641	22.4906	0.257664	3
356	22.047	8.87889	0.288594	3
357	24.9847	14.6168	0.145159	3
360	17.457	24.0997	-0.00678006	3
363	19.8404	18.6422	-0.0938572	3
364	22.2816	13.9113	0.156397	3
366	21.5109	14.3509	0.104187	3
370	18.4228	21.1956	0.679628	3
371	23.2549	24.1977	-0.389825	3
375	21.879	15.8961	0.517167	3
377	23.1541	22.6805	0.0337731	3
378	17.3245	14.1315	0.156211	3
379	23.9335	7.61178	0.10852	3
380	19.163	22.1571	-0.518898	3
387	24.4836	0.97952	0.0141551	3
390	20.1736	4.32061	-0.0550229	3
391	17.9269	15.8219	0.533574	3
392	21.4313	9.01559	-0.166177	3
399	16.8584	18.8166	-1.31197	3
401	23.7495	17.9932	-0.0385971	3
405	17.8263	0.51375	0.274897	3
409	19.3009	21.9556	-0.0802912	3
412	24.0022	17.5648	0.640944	3
416	24.5458	22.1724	-0.432765	3
423	24.4072	1.26819	-0.513883	3
425	19.2124	11.4609	-0.463368	3
431	16.7292	9.13795	-0.057321	3
432	24.6987	3.71508	-0.507347	3
435	18.9837	12.8916	-1.01659	3
436	21.2628	8.94697	-0.253031	3
440	19.8747	3.86118	-0.446736	3
443	22.3674	8.11557	0.23243	3
445	19.7711	12.5402	-0.279325	3
449	24.0243	6.67833	0.00594296	3
453	22.1458	6.34014	-0.156562	3
456	21.2692	4.45501	-0.606044	3
459	17.3028	2.2359	0.48036	3
468	17.9557	18.7961	0.164746	3
474	23.9137	24.5488	-0.335193	3
476	19.2774	11.8815	-0.19466	3
477	23.3175	1.69462	0.478747	3
478	17.2072	18.5837	0.0135634	3
479	21.7421	2.88538	0.915098	3
489	18.6195	2.06552	-0.701857	3
495	18.8459	20.572	-0.39815	3
497	22.1815	1.05945	-0.333915	3
501	18.2594	9.07134	0.0301933	3
505	18.3544	15.9393	-0.514443	3
514	17.6202	15.6164	-0.567047	3
516	22.0198	14.6383	-0.138912	3
518	24.4146	20.6825	-0.0835365	3
520	17.6873	22.2773	-0.195025	3
524	16.9649	12.7638	-0.239815	3
525	18.0596	16.6066	-0.426575	3
527	22.1964	21.0827	-0.337092	3
528	23.9498	12.5009	-0.180114	3
532	17.7694	7.57099	-0.659819	3
537	19.0735	5.92847	0.417743	3
541	24.2209	20.9669	-0.500563	3
544	21.5902	1.91958	0.539672	3
553	22.5126	11.1101	0.136498	3
556	24.2557	5.17515	0.0731819	3
559	17.772	1.10625	0.0879606	3
563	24.64	18.5466	0.0949258	3
565	17.4561	19.3194	-0.0288642	3
568	23.5576	5.21089	-0.302062	3
569	22.6225	6.28134	-0.321699	3
570	16.9396	10.3329	0.989543	3
574	18.4489	22.4199	-0.166871	3
578	23.0309	1.55327	0.27554	3
579	22.8306	21.4686	0.0893079	3
581	17.5806	11.3691	0.476322	3
582	19.0146	13.744	0.0459385	3
584	23.3712	22.8832	-0.18518	3
585	22.6027	21.6703	0.572771	3
596	19.0305	11.432	-0.190518	3
598	17.9542	21.4389	0.134152	3
599	22.0174	20.5641	0.137221	3
600	24.2141	18.8423	-0.235211	3
601	18.1222	7.01143	0.1182	3
604	23.2418	9.66671	-0.750139	3
605	19.3851	23.8545	-0.186133	3
606	21.9384	12.5587	0.10443	3
611	20.6046	22.37	-0.163393	3
621	23.2866	7.27947	0.749214	3
622	24.7803	1.3378	-0.0162609	3
624	23.1987	9.67645	-0.380135	3
625	20.6931	9.37375	-0.738811	3
626	22.4731	24.6944	-0.455841	3
629	18.1806	2.01042	0.00503877	3
632	22.8018	19.1772	-0.257421	3
633	23.6508	18.7755	0.0732585	3
636	24.6302	11.0326	-0.563968	3
637	21.3688	2.80192	0.334137	3
641	17.6544	8.0924	-0.266356	3
646	18.6066	16.3991	-0.662332	3
647	21.5234	20.8001	0.0129411	3
650	24.414	0.692921	-0.118362	3
651	20.5024	0.533963	-0.0320975	3
657	18.8216	10.1339	0.0602274	3
659	23.8819	23.0974	-0.373839	3
660	21.1584	17.5583	0.052521	3
663	24.0886	9.36414	-0.944482	3
666	23.0077	12.389	-0.535028	3
668	22.2312	13.4291	-1.09822	3
670	24.0058	15.5172	0.105586	3
673	24.3507	6.98242	0.213256	3
678	21.4971	1.7972	0.0500659	3
679	21.3434	7.30278	0.0309789	3
682	22.24	3.13755	-0.426312	3
683	20.521	12.2052	-0.606582	3
689	17.874	24.0785	0.376719	3
694	17.1807	8.79124	-0.0832415	3
695	21.5208	2.83236	0.529411	3
703	17.4964	22.2371	-0.331819	3
707	24.2962	16.64	0.479933	3
708	18.4579	6.18383	0.668855	3
710	21.2802	10.0711	-0.457121	3
711	17.3878	10.7682	0.869171	3
712	22.1584	4.19463	-0.420915	3
716	18.4602	8.90855	0.139723	3
717	18.7337	9.16249	-0.152971	3
726	19.195	14.6903	0.11691	3
728	17.4234	16.6802	0.0260369	3
733	19.9548	4.24618	0.119801	3
747	18.2159	16.1927	-0.129045	3
748	22.2866	19.1614	-0.0534539	3
750	23.9908	1.3673	-0.309312	3
753	17.6418	12.5036	0.240343	3
755	21.8221	20.801	0.164153	3
756	19.0843	24.5225	0.203832	3
757	17.2576	23.9296	0.447906	3
758	17.1543	16.3184	-0.116936	3
759	17.3267	7.78683	-0.481469	3
763	19.1995	6.58797	-0.306804	3
768	24.9252	21.3534	-0.278565	3
773	20.4694	15.6621	-0.433354	3
777	20.4386	16.4911	-0.0289112	3
780	19.3599	0.960641	-0.111285	3
781	18.063	18.3211	0.459712	3
789	18.1363	7.46806	0.280019	3
790	24.9963	4.7646	0.299829	3
791	17.3864	19.5352	0.294536	3
792	19.2131	17.0544	0.177308	3
793	19.1692	16.8718	0.354517	3
797	16.8633	9.36499	-0.166168	3
799	23.9101	9.87554	0.472407	3
800	19.0479	1.31245	-0.0027652	3
801	19.4575	19.8409	-0.00815982	3
806	20.9048	13.8358	0.0884448	3
807	18.6184	20.2689	-0.381225	3
808	23.1241	22.783	0.599142	3
811	19.6558	6.88546	0.277567	3
817	20.5702	3.41954	0.0079708	3
818	18.888	4.73902	-0.396176	3
819	24.2292	21.1544	0.0636828	3
820	18.2041	21.4885	0.42538	3
827	23.6226	3.56134	-1.05177	3
831	17.1643	1.13978	0.272518	3
837	23.6056	21.7785	0.617154	3
838	23.3308	22.9269	0.449864	3
842	20.5768	18.9511	-0.495113	3
844	19.5605	3.27629	0.44306	3
848	21.7208	18.3563	-0.381274	3
850	17.6294	4.57184	-0.278425	3
851	17.1707	4.19602	0.202549	3
853	19.8743	12.9854	0.045823	3
860	22.3252	24.6558	0.385562	3
862	19.6262	18.8698	0.655499	3
863	21.207	3.37277	-0.735564	3
870	18.264	1.9765	0.477207	3
872	24.7611	12.4291	-0.0693101	3
873	19.5767	0.698329	0.530191	3
879	16.7053	10.5146	0.0331914	3
884	22.9713	12.8285	-0.347496	3
891	21.9206	24.7876	0.0255394	3
892	20.1449	19.0599	0.0225264	3
894	24.0707	5.52146	-0.223161	3
895	20.85	9.34493	-0.315629	3
896	20.9856	14.6032	-0.0888003	3
902	17.7959	0.533767	0.0669405	3
903	18.3303	13.9337	-0.18662	3
909	19.6314	9.30232	0.427328	3
910	24.6887	22.9705	0.19614	3
911	21.4891	17.9269	0.116161	3
917	24.9501	2.26335	-0.775096	3
919	18.9486	18.9936	0.747218	3
920	16.7917	2.63352	-0.572386	3
921	17.2078	6.38219	-0.0147371	3
924	18.8986	20.0569	-0.771413	3
928	24.6864	17.4317	0.109955	3
935	17.425	5.91124	-0.487569	3
937	22.9002	5.09384	-0.0497255	3
942	20.652	18.3786	-0.704238	3
943	21.1567	21.4533	-0.54588	3
944	21.0683	22.2348	-0.137807	3
948	20.447	16.9241	0.123712	3
951	16.93	3.97623	-0.531372	3
953	21.7213	6.3767	0.1961	3
957	18.2044	17.2777	-0.557375	3
961	17.225	9.57718	0.662433	3
962	19.577	9.82215	-0.154773	3
963	20.0554	10.982	0.488908	3
966	23.4829	19.0659	-0.0944185	3
967	24.1845	16.6296	-0.469705	3
988	19.8467	21.6101	0.128178	3
989	22.5719	21.2438	0.478725	3
990	21.5791	0.46186	-0.223697	3
994	18.8975	12.578	-0.342425	3
995	18.2221	23.8312	-0.41567	3
998	20.0131	6.38034	-0.288451	3
999	22.8185	11.7736	-0.520531	3
1002	17.4755	2.77294	0.0796349	3
1004	19.8195	17.9742	0.150412	3
1008	18.7124	9.38901	1.59393	3
1011	23.1065	11.8462	-0.292572	3
1014	24.3832	2.26164	-0.833854	3
1017	18.1486	2.64074	-0.143958	3
1018	21.6597	10.1108	0.329896	3
1019	24.7634	23.0032	-0.547294	3
1021	17.1407	11.8151	-1.03746	3
1022	19.468	10.2397	-0.314715	3
1024	19.7603	9.73961	-0.355462	3
1026	22.7109	4.92538	-0.0406022	3
1032	18.0477	17.9795	-0.164947	3
1033	23.4825	1.62445	-0.123322	3
1035	21.9987	6.54405	-0.309854	3
1036	19.8616	23.2676	0.122962	3
1041	22.3145	20.3315	0.171045	3
1044	17.2037	10.0266	-0.0968657	3
1046	22.0925	11.5934	0.39446	3
1051	24.3591	15.8667	0.0617822	3
1052	24.501	24.8765	-0.859143	3
1055	24.4383	8.98607	0.288081	3
1061	23.4411	23.8621	-0.0630032	3
1062	22.2916	9.81481	-0.21182	3
1063	21.4474	23.6035	-0.132168	3
1064	17.9574	17.3228	-0.144942	3
1065	16.792	7.00632	-0.699846	3
1067	19.3404	14.1934	0.583575	3
1069	16.95	20.6707	-0.0841919	3
1076	22.3012	15.3096	-0.275044	3
1089	19.2428	18.1663	0.770612	3
1090	16.9878	24.7378	0.97825	3
1095	18.279	12.7327	-0.778591	3
1096	22.4821	0.549878	-0.0421415	3
1098	24.4487	5.65995	0.143844	3
1099	18.6674	10.4013	0.709345	3
1108	21.6763	14.8831	0.201908	3
1111	19.2617	17.3531	0.452798	3
1116	16.9803	22.8907	0.195799	3
1117	21.9442	16.8979	0.17313	3
1118	23.3213	12.6053	0.359245	3
1119	18.6796	17.4169	-0.360512	3
1122	18.3871	11.5947	0.480011	3
1123	21.5338	8.44067	-0.172272	3
1128	21.1644	17.4692	0.515507	3
1130	18.6106	12.1439	0.737846	3
1131	17.1026	4.48721	0.273877	3
1132	21.759	5.74624	-0.345917	3
1133	24.7092	13.3521	-0.476605	3
1136	17.3289	13.1044	0.0293039	3
1141	21.7219	23.4105	-0.510823	3
1144	19.6439	6.47909	-0.0775152	3
1148	20.8236	18.2159	0.368616	3
1151	17.0853	19.206	-0.65767	3
1153	21.0346	19.493	0.397536	3
1154	22.7899	9.1659	-0.441514	3
1161	18.3448	18.0775	-0.328753	3
1163	21.9876	22.8037	-0.39474	3
1167	24.8503	13.2627	-0.669854	3
1168	23.818	13.1338	-1.07749	3
1169	21.0564	4.92903	-0.140787	3
1170	20.9332	13.0824	0.0322829	3
1173	20.0303	1.37074	0.304754	3
1176	17.6054	3.1556	-0.119622	3
1180	23.7477	4.48388	0.0216731	3
1182	19.7821	7.26227	-0.267762	3
1183	17.6261	13.2107	-0.157658	3
1186	24.5099	22.0219	-0.0265583	3
1190	19.3217	5.1549	-0.698097	3
1191	19.5419	5.66642	0.534958	3
1192	19.4951	4.51463	-0.173397	3
1195	24.9742	5.13651	-0.276241	3
1196	16.8546	16.4028	0.457131	3
1200	20.937	0.364192	0.221491	3
1201	21.6732	13.6163	-0.247151	3
1202	24.1795	21.102	-0.975429	3
1203	21.9718	19.7526	-0.114296	3
1208	22.6686	13.6752	0.778596	3
1210	20.7025	24.7349	-0.552061	3
1211	23.5166	10.698	-0.174374	3
1213	22.1643	15.7765	0.306065	3
1215	19.8976	13.4922	0.325627	3
1221	24.4266	23.094	0.254848	3
1224	21.8736	10.1872	-0.611337	3
1225	18.9412	5.39599	0.0844043	3
1227	21.917	1.80154	-0.0151785	3
1229	23.9873	3.61796	-0.329815	3
1232	21.3774	10.7185	0.218727	3
1233	21.9386	4.15784	-0.731063	3
1234	20.3566	24.6682	0.0326531	3
1235	21.3977	23.6356	-0.226227	3
1247	17.2897	21.0068	0.138167	3
1249	22.9359	5.49489	-0.358904	3
1254	17.7568	11.0034	0.226228	3
1256	22.8814	17.8406	0.0760748	3
1257	23.0794	0.464795	-0.488131	3
1260	19.4451	3.80392	-0.296761	3
1264	21.583	3.49856	0.4491	3
1269	24.231	16.7152	-0.352302	3
1273	20.4487	10.4529	0.126886	3
1276	23.8893	13.5647	0.229749	3
1279	23.0522	9.17315	0.415924	3
1280	23.9267	24.4817	-0.322962	3
1281	19.2637	18.0921	0.436105	3
1290	24.0981	20.3476	0.17002	3
1291	20.1346	23.5785	-0.329637	3
1292	22.5534	15.3671	-0.679724	3
1295	24.1195	15.5766	0.0139651	3
1297	16.9108	18.3988	-0.594935	3
1302	21.3546	21.927	-0.0694061	3
1306	17.5728	11.8195	-0.102445	3
1309	21.9895	23.0832	0.11826	3
1314	19.3928	8.32435	-0.578005	3
1319	21.2726	21.2797	0.25274	3
1321	21.3487	10.945	-0.430821	3
1327	17.7275	18.661	-0.485393	3
1330	24.4229	22.6205	-0.09835	3
1331	18.5749	9.44873	-0.0561295	3
1340	19.1779	6.26322	-0.0399781	3
1342	19.7542	18.5279	-0.502388	3
1345	22.4511	17.7549	0.21285	3
1349	23.1409	16.2674	0.224668	3
1354	24.4179	8.57301	0.00690984	3
1355	24.0331	10.4688	0.0694336	3
1365	21.1366	14.1078	0.475465	3
1367	24.8402	5.02358	-0.356982	3
1368	22.069	12.0894	0.100205	3
1369	19.1095	19.2687	-0.505287	3
1374	20.8704	4.18432	0.776994	3
1375	22.6229	7.9085	-0.802208	3
1379	24.153	5.83659	-0.534686	3
1383	22.2097	1.28288	-0.798471	3
1394	17.1526	6.43888	-0.167997	3
1396	18.3734	15.3401	0.490701	3
1401	18.3555	2.45965	-1.14501	3
1402	23.2189	24.0212	0.127458	3
1404	18.3828	18.9678	-0.0243835	3
1405	20.0987	15.3766	-0.165985	3
1408	22.8701	16.8149	0.24302	3
1413	21.3406	17.4032	-0.0777402	3
1414	23.1886	23.3075	0.0774134	3
1416	24.3697	6.48994	-0.0303415	3
1421	18.6224	20.0146	-0.362956	3
1422	18.6994	19.2327	-0.186823	3
1426	21.8862	18.154	-0.145994	3
1429	23.6382	19.6387	0.0203522	3
1431	22.3928	4.41364	-0.529946	3
1433	21.5149	23.9678	-0.590591	3
1434	19.3932	10.1332	0.424793	3
1435	20.5787	11.3252	0.311664	3
1436	24.0654	24.2724	0.669882	3
1440	18.6178	1.1989	0.321071	3
1442	18.7128	6.75427	-0.235908	3
1444	22.6943	11.9889	0.181732	3
1445	17.3821	0.650456	-0.240688	3
1446	19.6412	16.7333	-0.131904	3
1447	19.346	17.0576	-0.385209	3
1454	21.425	15.9149	-0.434422	3
1455	19.4156	8.16143	-0.518964	3
1460	21.1943	0.389536	-0.0332739	3
1463	20.6791	7.53937	-0.3969	3
1464	19.8045	6.09288	0.0439013	3
1467	21.2888	20.7542	0.236591	3
1468	23.5349	6.3491	0.820027	3
1474	21.3911	18.4545	0.300949	3
1477	23.2539	22.7361	-0.233385	3
1479	22.0961	12.1393	0.0106003	3
1483	20.4999	2.33261	-0.207314	3
1487	19.4674	2.94994	-0.240779	3
1489	23.5261	13.4016	0.18796	3
1497	19.5982	10.6083	0.577153	3
1502	24.5038	8.96697	0.0512225	3
1505	20.4816	4.86957	0.155504	3
1510	22.0622	1.07628	0.0618588	3
1511	24.314	2.58273	-0.78158	3
1515	20.4714	12.5867	-0.730373	3
1519	17.314	12.735	-0.21071	3
1520	21.4048	7.48953	0.441194	3
1527	22.5149	20.4867	0.286229	3
1528	18.8046	4.96489	-0.0179153	3
1534	19.3526	6.55492	0.211997	3
1539	23.7107	14.9949	0.287929	3
1541	18.2002	24.7069	-0.0342019	3
1543	19.5515	16.4363	-0.0187015	3
1544	18.3053	21.2164	0.291741	3
1547	19.4765	19.7422	-0.399436	3
1551	22.2659	11.9735	-0.552695	3
1554	18.4644	16.431	-0.265529	3
1556	17.985	3.54038	0.0148006	3
1558	21.4851	16.7249	-0.31666	3
1562	16.743	16.2086	-0.38811	3
1569	21.3092	23.884	0.386435	3
1571	23.0833	0.90966	-0.272856	3
1575	24.4638	9.09475	-0.288094	3
1582	18.8107	14.6544	0.290371	3
1583	18.9795	22.3171	0.140161	3
1589	17.1556	1.23345	-0.116498	3
1590	16.9943	0.407604	-0.233386	3
1593	23.864	9.12673	0.00658189	3
1597	21.7362	9.93894	-0.682883	3
1598	21.4344	5.63344	-0.365828	3
1599	24.6878	23.7503	-0.108246	3
1605	19.6591	1.63544	-0.340344	3
1607	17.4679	13.2787	1.32312	3
1608	21.9142	11.5422	-0.218285	3
1609	16.9327	19.8367	0.436216	3
1611	23.4852	9.5645	-0.770274	3
1612	24.7284	9.7303	-0.256524	3
1615	22.8118	22.855	0.857579	3
1616	21.1594	14.8707	0.0923331	3
1618	20.1979	11.7715	0.137716	3
1620	24.5716	16.3183	0.0891464	3
1621	23.4121	16.5643	0.063308	3
1624	20.9488	17.6061	-0.106931	3
1627	19.7722	13.8624	-0.557299	3
1630	24.923	24.509	0.165296	3
1631	23.9828	3.5067	0.545382	3
1638	20.7411	5.98866	-0.0268974	3
1639	20.0447	9.03174	-0.414139	3
1640	23.8937	5.01751	-0.199769	3
1643	19.4382	14.4599	0.255094	3
1656	24.3734	20.0993	0.0752952	3
1657	16.9293	14.0418	0.179273	3
1658	21.9638	4.58475	-0.05302	3
1659	17.9683	19.8931	-0.0128637	3
1662	22.1311	5.74785	-0.392535	3
1663	23.2823	1.19281	-0.19184	3
1667	22.1576	20.726	0.379558	3
1669	19.4461	24.6069	0.290628	3
1683	24.079	15.2473	-0.521604	3
1685	18.0918	5.29165	-0.900484	3
1688	19.9777	1.36376	-0.517963	3
1691	22.0895	9.67233	-0.223458	3
1693	20.7978	6.59918	0.473505	3
1694	18.6447	12.7037	-0.985539	3
1695	20.4292	12.4846	-0.55256	3
1698	18.6159	8.36096	-0.409613	3
1699	20.3237	13.92	-0.218324	3
1702	22.9336	12.7301	-0.0913683	3
1704	22.9055	3.27012	-0.665366	3
1709	21.8856	19.4552	-0.288636	3
1711	23.3152	18.0631	-0.561543	3
1715	16.9946	11.3692	-0.287385	3
1716	17.0782	11.1362	-0.455132	3
1717	19.8753	1.76786	0.315396	3
1724	16.9444	11.4227	-0.35382	3
1725	17.0193	0.482153	0.55549	3
1727	21.3923	20.8448	-0.470325	3
1730	18.1396	23.2542	-0.262762	3
1732	17.9348	20.6707	-0.0292301	3
1733	23.6371	20.6597	-0.384656	3
1734	21.794	16.9537	-0.280375	3
1738	23.7602	19.0963	0.109395	3
1739	24.0022	17.6131	-0.0225066	3
1742	24.5313	20.5463	0.351595	3
1743	23.204	1.80314	-0.320847	3
1746	21.2803	21.0818	-0.393393	3
1747	18.2645	24.9947	0.209722	3
1754	18.935	3.7215	0.233022	3
1756	23.7025	2.00626	-0.230029	3
1757	21.6045	24.9524	-0.0776723	3
1769	18.7917	17.4318	0.161035	3
1777	16.7095	6.75768	0.188016	3
1784	18.2416	23.8448	-0.101247	3
1786	19.6309	23.1033	-0.442178	3
1787	24.321	10.7911	-0.617578	3
1788	22.8077	8.67517	-0.242938	3
1793	24.8634	19.1241	-0.2851	3
1794	20.5335	10.9356	0.129833	3
1796	17.23	9.58383	0.20581	3
1799	18.6088	16.5221	-0.0814528	3
1800	20.5373	22.7275	-0.424636	3
1801	20.4638	24.9639	0.578279	3
1803	16.7707	5.04783	-0.385765	3
1805	21.0095	8.70388	0.0542086	3
1809	17.1237	4.75189	0.260518	3
1811	16.8012	5.93215	-0.120061	3
1814	17.2772	19.9416	0.151261	3
1817	18.3402	7.34799	-0.22756	3
1818	22.1156	8.41407	-0.254659	3
1821	18.0886	19.7701	0.179815	3
1823	20.4127	2.66239	-0.196069	3
1833	20.294	13.841	0.49022	3
1835	17.3892	14.7719	0.0642512	3
1839	18.0579	2.68797	0.114754	3
1840	20.1976	7.37978	0.117772	3
1843	23.6426	0.584074	-0.402849	3
1844	18.1632	14.7679	0.175083	3
1856	21.1537	20.7879	0.510907	3
1859	17.3301	8.73157	-0.613039	3
1861	20.6463	20.4896	0.378886	3
1863	22.3521	11.0184	0.170697	3
1866	18.4693	13.5937	-0.25435	3
1875	17.2224	23.2664	0.0683556	3
1879	22.789	16.8312	0.425826	3
1881	18.909	15.3035	0.207285	3
1885	22.6805	20.2905	-0.017221	3
1889	17.7178	1.40897	0.0608661	3
1891	23.1428	17.4047	-0.339338	3
1895	24.2627	6.99444	-0.576472	3
1900	19.1145	4.45327	-0.0242052	3
1903	22.9843	2.59791	-0.0304426	3
1904	24.3919	18.8957	-0.0871447	3
1907	17.8794	15.8614	-0.342574	3
1909	21.9706	12.7919	-0.219334	3
1915	23.9342	21.132	-0.369204	3
1916	22.3193	19.9065	-0.0773136	3
1917	19.415	8.02253	0.516946	3
1920	22.8331	18.6449	0.132568	3
1925	21.8624	19.3854	0.629466	3
1928	17.1088	18.8308	0.093417	3
1929	20.4444	17.7714	-0.151487	3
1930	19.8883	16.2733	-0.637761	3
1933	23.9771	4.98966	0.189902	3
1935	17.9923	11.8056	-0.980356	3
1937	23.5017	20.9945	-0.158097	3
1939	20.0347	14.7	0.0538605	3
1947	17.3379	21.1319	-0.67856	3
1948	23.2208	11.3507	0.572901	3
1954	22.1356	0.191296	-0.179041	3
1956	24.9104	0.655601	0.273876	3
1961	16.7911	15.459	0.223003	3
1963	21.646	8.35031	-0.2131	3
1966	19.1176	0.901506	-0.48356	3
1968	17.4734	15.5778	-0.275849	3
1975	18.2953	3.50637	-0.389633	3
1980	24.2395	14.9742	-0.50679	3
1981	20.6312	16.0969	-0.14861	3
1982	19.271	13.8291	-0.0596038	3
1983	23.4651	14.9857	-0.127939	3
1990	18.97	0.411045	0.431307	3
1994	24.4575	5.95426	-0.673368	3
2006	18.2397	16.2511	-0.153482	3
2023	19.459	2.53983	-0.445771	3
2024	19.3186	14.4602	-0.0763279	3
2025	21.5491	24.7457	-0.144834	3
2030	22.7691	11.9243	0.179951	3
2031	20.0839	16.6062	-0.780387	3
2032	20.8216	16.7302	-0.44209	3
2034	17.1472	11.5743	0.188432	3
2035	21.3977	15.6127	-0.375475	3
2041	24.4183	22.4909	-0.271712	3
2043	24.3895	19.4319	-0.132793	3
2046	18.6057	23.7858	0.761186	3
2051	21.1656	0.481816	-0.0697278	3
2053	17.6192	12.6436	-0.420462	3
2055	20.3983	0.43662	-0.309336	3
2056	18.4816	18.7984	-0.119595	3
2057	18.331	8.46604	-0.0470685	3
2058	17.6926	9.09662	0.245669	3
2060	23.9334	23.0499	0.0255486	3
2061	20.4504	21.7912	0.0782338	3
2068	23.6397	3.6004	-0.439641	3
2070	20.861	10.9416	-0.235732	3
2073	20.6965	10.8163	-0.0492519	3
2074	21.5831	10.479	-0.0879044	3
2076	24.2777	0.229061	-0.67206	3
2081	24.9299	12.9571	-0.493992	3
2082	20.642	2.40538	-0.0953221	3
2083	17.1782	20.5206	0.0299336	3
2084	19.2311	1.67015	0.923103	3
2089	20.2479	16.1777	-0.0987039	3
2090	23.092	12.3066	-0.00868075	3
2093	23.4251	9.58633	0.0423593	3
2094	18.2611	9.26994	0.0935067	3
2098	24.2922	2.45354	-0.225745	3
2099	23.9562	24.6169	0.0137203	3
2103	19.9113	10.5733	-1.00329	3
2107	18.4318	10.3474	0.301058	3
2113	19.1539	3.61014	0.327099	3
2116	24.5698	11.6856	0.0163864	3
2117	21.1547	14.4949	0.860851	3
2118	18.0084	14.3038	-0.621242	3
2128	24.2952	10.7145	-0.39515	3
2130	21.7582	11.0821	0.163585	3
2132	18.0748	23.0947	0.214847	3
2135	23.393	12.4037	-0.208127	3
2138	21.4007	16.0847	-0.203005	3
2139	17.3944	20.416	-0.471813	3
2141	20.3108	0.569846	-0.223369	3
2143	22.9022	3.30824	-0.441235	3
2145	16.9253	14.9595	0.0496972	3
2148	19.2515	19.9199	-0.102611	3
2149	20.2409	17.9393	-0.183822	3
2151	24.64	17.5683	0.309096	3
2152	23.8479	17.6089	0.0375427	3
2154	21.1558	2.23619	0.253993	3
2157	21.3893	13.8905	0.0173408	3
2158	18.7143	12.8023	-0.734751	3
2167	17.4033	12.5815	-0.0839733	3
2169	23.9025	22.2117	0.0548347	3
2170	22.7157	21.4629	-0.0435409	3
2171	21.2936	21.5863	-0.33225	3
2182	22.9754	24.6602	0.525219	3
2188	16.7593	9.54473	-0.237201	3
2190	16.777	14.2396	-0.139959	3
2193	24.9174	2.77892	0.484804	3
2196	23.1629	22.1727	-0.717811	3
2198	19.0476	23.6262	0.469838	3
2202	22.2005	2.11659	0.520031	3
2212	21.3527	15.7075	-0.226569	3
2213	20.8367	15.7693	-0.209877	3
2214	22.5302	12.1328	0.234046	3
2216	18.68	20.4825	0.179851	3
2217	19.0097	10.1372	0.0239411	3
2220	23.789	21.6889	-0.193129	3
2225	19.2035	22.2163	-0.248562	3
2227	19.992	8.59819	0.239583	3
2231	19.3177	9.44183	-0.534092	3
2232	17.8671	8.61565	-0.360546	3
2233	23.7661	0.14455	-0.157786	3
2234	19.4506	2.16222	-0.251722	3
2235	17.6682	5.13426	-0.0229742	3
2243	20.9222	20.5299	0.637252	3
2244	20.8504	11.62	-0.614676	3
2245	19.6897	21.4485	-0.0938339	3
2247	23.8568	18.8892	0.0805661	3
2251	17.2232	0.87638	-0.312025	3
2253	17.7076	5.40252	-0.22905	3
2256	18.9643	9.63151	0.315596	3
2259	22.4604	10.3671	-0.0196666	3
2261	20.11	22.3584	-0.127634	3
2268	18.3231	13.1696	0.272675	3
2275	18.1972	12.1728	0.238224	3
2276	18.0894	24.2564	0.471757	3
2277	20.9409	2.48406	-0.159133	3
2282	21.6255	21.7145	-0.0317592	3
2283	21.2189	6.95685	0.0515472	3
2288	23.2055	7.59121	-0.0444633	3
2293	20.1698	16.9091	-0.106279	3
2295	18.1794	19.1548	-0.255429	3
2303	17.5722	4.28994	-0.569927	3
2312	22.229	17.7815	0.247106	3
2314	17.7176	20.7717	0.329606	3
2316	20.6194	16.8822	-0.203169	3
2318	17.6757	1.15196	-0.16219	3
2321	23.0048	0.201233	-0.745173	3
2327	22.5491	15.0048	0.16392	3
2329	23.3077	10.2866	-0.244666	3
2331	22.7584	10.033	0.0310894	3
2335	22.5028	4.74778	-0.407672	3
2336	22.1822	20.6052	-0.155512	3
2337	22.1151	20.7337	0.751195	3
2340	19.009	14.8473	-0.165408	3
2342	24.9364	4.90319	-0.356988	3
2344	19.4658	22.7555	0.889838	3
2345	18.8957	21.2664	0.0130267	3
2347	19.778	0.118595	0.0325831	3
2348	20.4932	1.03606	0.352702	3
2351	24.6182	8.44714	-0.667763	3
2353	23.6065	4.08457	0.203467	3
2355	20.6248	4.34228	0.000396162	3
2357	19.3585	6.96449	-0.797605	3
2363	19.5592	16.9411	0.0278428	3
2366	19.2196	7.38731	0.201068	3
2368	17.1435	15.4224	-0.34468	3
2369	24.3745	0.375794	-0.480596	3
2370	17.7308	13.6946	-0.868381	3
2374	21.4234	17.8482	-0.37333	3
2376	23.3882	4.08198	0.166311	3
2377	23.1276	4.58978	-0.230376	3
2380	23.7178	17.2782	0.0877934	3
2384	24.4778	22.8655	-0.700358	3
2387	22.5635	14.3382	0.178695	3
2389	19.1847	5.09816	-0.371454	3
2390	20.3512	20.859	-0.192073	3
2391	20.0753	19.4868	0.328588	3
2396	22.9931	24.3655	-0.0625523	3
2397	23.7483	8.96742	0.0919988	3
2410	19.537	23.6093	-0.18531	3
2419	22.1118	20.988	0.425989	3
2422	22.3358	24.2139	0.24476	3
2423	24.2253	13.8216	0.521623	3
2424	23.3441	14.0835	0.0800862	3
2426	23.4569	8.93707	0.316543	3
2428	24.8027	15.9588	0.0375061	3
2434	21.8732	17.3573	0.18466	3
2435	19.3452	2.47117	0.0367146	3
2437	17.4967	2.65538	0.319	3
2439	20.0652	19.0827	-0.0462881	3
2443	21.0657	9.88659	-0.669168	3
2446	16.8396	8.98572	0.779619	3
2452	21.6728	2.38229	0.177507	3
2457	23.5361	3.33802	-0.362501	3
2465	22.7781	17.8435	0.00352008	3
2466	22.9435	17.7041	-0.159886	3
2467	20.8517	8.41262	0.275674	3
2470	22.1684	4.04496	0.404574	3
2472	22.8356	21.2832	0.435816	3
2474	20.2025	13.4428	0.330149	3
2480	19.5241	2.57692	0.680019	3
2489	21.7401	8.73969	-0.222029	3
2495	18.4519	24.7869	-0.0265253	3
2502	18.6989	5.81416	-0.479671	3
2508	21.0079	21.2231	0.375887	3
2509	21.4639	22.0202	0.752328	3
2510	22.0177	21.5363	0.752427	3
2513	20.9422	11.2801	0.239378	3
2515	23.9828	15.739	-0.133857	3
2518	20.6119	1.86171	0.190157	3
2519	16.6713	11.9339	0.284906	3
2521	19.3044	9.12031	-0.702043	3
2526	21.0309	12.3839	0.228567	3
2529	18.6099	22.0673	-0.267003	3
2530	16.8204	10.9849	-0.51509	3
2533	19.7871	2.70348	0.0529146	3
2535	23.4237	11.5359	0.0356503	3
2540	24.9049	0.864418	0.49194	3
2542	18.1474	18.8101	0.548888	3
2545	17.3834	7.51048	0.627167	3
2546	23.8394	18.6886	-0.688091	3
2547	17.4176	5.74113	0.663559	3
2550	18.2264	17.2782	0.993448	3
2553	21.9432	14.6154	0.816762	3
2554	24.2227	3.0097	-0.463394	3
2555	23.5245	2.21382	-0.475769	3
2556	19.5344	14.1658	0.437142	3
2560	18.648	23.4816	0.417571	3
2563	19.064	19.7001	0.270827	3
2569	17.2076	11.8901	-0.293147	3
2570	16.8434	19.3766	-0.56044	3
2571	23.9076	19.0498	-0.409572	3
2579	19.9237	2.64249	-0.326257	3
2586	17.4698	1.53137	0.365483	3
2588	21.5544	12.0013	-0.290036	3
2592	17.7331	22.7938	-0.51315	3
2593	18.6894	23.2007	-0.135702	3
2596	17.2473	3.68257	0.310272	3
2598	21.6392	14.9914	-0.0592448	3
2601	23.7639	19.9549	0.0468837	3
2602	24.0823	1.86897	-0.408574	3
2603	23.5361	1.78946	-0.650883	3
2604	21.6878	6.17455	0.480037	3
2605	21.2455	7.36534	0.0997276	3
2607	24.8586	2.98073	-0.333074	3
2610	24.3728	23.8309	-0.224026	3
2611	22.5735	7.19459	0.0272664	3
2612	24.7451	6.39553	0.0987662	3
2616	24.2742	17.5536	-0.425566	3
2617	18.3502	10.7401	0.182559	3
2618	18.6205	24.2492	0.0590017	3
2619	19.9578	12.3814	-0.530416	3
2629	24.7776	5.53509	-0.179001	3
2641	23.3306	19.7957	-0.533096	3
2645	18.8043	14.9648	-0.0905613	3
2646	19.8096	20.7901	-0.659373	3
2647	16.856	22.4936	-0.156302	3
2651	19.3203	18.7311	-0.088181	3
2652	19.6945	6.89054	-0.471246	3
2653	24.347	9.42791	0.150759	3
2654	20.8401	23.2061	-0.295228	3
2656	22.3645	12.4432	0.231842	3
2665	18.8713	12.2264	-0.184072	3
2669	24.189	6.70868	-0.517007	3
2671	23.3148	0.122575	-0.925247	3
2672	19.9455	9.78548	-0.803915	3
2678	19.5382	21.0631	0.468279	3
2680	20.5691	13.3762	0.455601	3
2682	22.4156	2.52766	-0.340769	3
2683	21.2078	7.40978	0.0881234	3
2684	22.9343	15.9647	-0.626973	3
2685	18.529	19.455	0.0130106	3
2687	20.5507	5.62021	-0.542471	3
2690	20.5451	15.0535	-0.126612	3
2691	18.254	11.8346	-0.344295	3
2695	18.2136	15.3378	-0.209724	3
2697	17.2711	9.06928	-0.171941	3
2699	20.9822	0.0048259	-0.275145	3
2700	22.4197	10.5073	0.182802	3
2701	22.8237	13.486	0.0873251	3
2703	17.4227	15.4903	0.00930853	3
2709	19.9154	19.0301	0.407769	3
2712	18.9968	17.7998	-0.282034	3
2713	24.144	5.93975	-0.987866	3
2714	24.9563	2.781	-1.19533	3
2715	23.5817	2.56694	-0.491906	3
2716	18.5091	23.4417	0.79158	3
2717	24.1898	24.9985	0.363697	3
2718	24.8856	6.02108	-0.330672	3
2723	19.5989	2.31835	-0.0543132	3
2724	18.1074	22.071	-0.160118	3
2725	22.8188	15.6426	-0.0470508	3
2730	23.4852	23.0172	-0.67702	3
2735	22.3803	1.47536	-0.294518	3
2740	22.1766	17.0198	-0.819136	3
2743	22.4137	11.4668	-0.109151	3
2750	20.8193	6.63884	-0.0684091	3
2751	20.2721	18.9921	0.416345	3
2755	17.2512	2.39613	-0.17348	3
2756	16.8922	24.293	-1.09975	3
2757	24.4812	6.79178	0.238755	3
2758	23.7525	9.94537	-0.334079	3
2759	23.9357	21.7429	-0.256634	3
2760	23.8024	5.59754	0.0515386	3
2763	22.5045	3.64952	-0.291422	3
2771	21.6646	20.2239	0.269757	3
2773	24.0839	14.181	0.116731	3
2778	21.5668	7.1009	-0.415157	3
2785	21.9026	11.2018	0.391306	3
2786	24.5629	23.2356	-0.276148	3
2788	21.7027	23.1288	0.0195662	3
2792	18.0862	18.9088	0.378877	3
2795	17.786	14.4922	-0.21169	3
2803	20.8899	21.0913	0.615337	3
2809	19.4215	15.2622	0.41349	3
2810	18.5374	15.1361	-0.197951	3
2812	18.0652	17.2161	-0.371584	3
2813	22.8293	2.53967	-0.273085	3
2816	24.0482	12.9899	-0.272903	3
2827	19.2614	17.4807	1.02328	3
2830	16.8974	10.6953	0.632516	3
2842	21.8976	6.22477	0.0785717	3
2848	18.7641	23.61	0.141101	3
2849	20.6615	17.2254	-0.136512	3
2851	18.766	24.3204	0.8218	3
2852	17.9263	20.1333	-0.283783	3
2853	17.3491	14.3432	0.508907	3
2858	17.5849	18.5954	-0.522659	3
2859	22.1731	12.7831	-0.146333	3
2864	24.9173	20.4501	-0.0129962	3
2865	21.9169	4.64951	0.330158	3
2868	23.2203	10.3528	-0.0761651	3
2869	20.7509	5.02672	-0.0856902	3
2871	19.386	9.7233	0.464233	3
2872	18.8518	9.21554	0.250942	3
2874	17.0709	4.03765	-0.174108	3
2876	21.4371	11.7313	-0.340474	3
2877	21.1639	10.8756	-0.0436729	3
2878	22.6484	0.105704	0.155801	3
2880	22.0982	7.99266	-0.418422	3
2883	17.771	1.96977	-0.251088	3
2884	16.9974	0.339276	-0.37109	3
2886	22.7343	5.79076	0.207587	3
2887	18.3698	20.752	-0.00488858	3
2888	20.6319	0.825369	0.123864	3
2890	22.1192	7.16924	-0.183993	3
2891	22.8231	6.60678	-0.269223	3
2893	20.6356	8.04899	0.213822	3
2897	20.2393	19.6782	-0.0736924	3
2900	24.4861	8.81899	-0.230351	3
2905	23.2815	23.7025	0.370579	3
2909	24.3652	23.2151	0.443976	3
2911	18.2586	2.94539	0.813371	3
2914	18.5926	21.3362	0.0863252	3
2924	20.9597	9.61224	-0.322866	3
2928	19.7525	23.7495	-0.0515495	3
2931	20.9394	10.9755	-0.306782	3
2932	24.2606	10.2193	-0.0948	3
2937	19.6621	23.419	-0.0527888	3
2942	20.9111	22.4799	0.0856784	3
2944	21.572	13.9583	0.192015	3
2946	20.8259	21.4432	0.675821	3
2948	22.5871	1.76382	0.117243	3
2949	17.6105	12.1925	-0.638365	3
2950	22.9012	16.2015	-0.737602	3
2951	24.7766	17.2341	0.353054	3
2952	24.8292	17.6255	-0.452604	3
2953	19.6776	17.7313	0.00646781	3
2955	18.3348	19.3316	0.140656	3
2959	19.5246	21.1394	-0.169838	3
2960	18.8059	15.0747	-0.583434	3
2964	20.2063	14.2263	0.123983	3
2965	22.8589	17.6123	0.00516531	3
2970	18.6769	3.56937	0.0739416	3
2972	19.705	11.1639	-0.329542	3
2973	17.7427	1.21725	0.174231	3
2974	17.4584	16.4941	0.631337	3
2980	24.0726	22.8779	0.538563	3
2983	22.9623	4.06613	0.477174	3
2984	23.3204	4.85884	-0.116913	3
2988	16.7612	22.647	0.113064	3
2989	19.445	21.5278	-0.0535356	3
2990	20.4853	22.035	0.355654	3
2991	19.7556	22.1619	0.963372	3
2993	22.6741	1.00913	-0.151371	3
2996	20.7448	10.2499	-0.596364	3
2998	23.8671	9.24765	0.102796	3
2999	18.4271	0.347988	0.194773	3
3005	18.3272	1.67339	0.906127	3
3008	23.2946	21.1972	0.557412	3
3013	18.651	16.1577	-0.275689	3
3016	19.1376	8.63718	0.704158	3
3026	23.3937	7.79279	-0.0774293	3
3030	23.7134	21.2521	-0.737713	3
3035	22.8485	2.09699	-0.634822	3
3038	18.0254	8.61854	0.397824	3
3041	17.4753	11.4945	0.0465963	3
3045	21.3906	5.09693	-0.244113	3
3048	22.1222	3.56093	0.743929	3
3049	17.4015	21.8758	0.179619	3
3058	17.576	22.9625	0.729871	3
3059	17.5879	12.3163	-0.348132	3
3064	19.6758	11.5502	-0.0843286	3
3065	20.5814	6.11564	0.411134	3
3067	16.9389	1.5841	-0.014857	3
3068	17.2818	7.07696	0.615374	3
3072	18.436	24.1691	0.12722	3
3073	21.9402	16.1713	-0.393259	3
3088	19.9631	8.30042	0.59087	3
3091	24.935	2.48081	-0.354687	3
3093	21.6463	2.27282	0.993966	3
3096	24.0779	9.81495	0.136006	3
3100	22.643	0.400887	-0.820724	3
3101	22.3901	0.258212	-0.445278	3
3104	17.6544	8.76223	0.0449988	3
3107	19.3766	20.5667	-0.316983	3
3108	19.7826	16.3436	0.0386192	3
3109	19.8414	17.327	0.246875	3
3111	22.0362	12.1111	-0.966587	3
3112	23.3286	6.23427	-0.445008	3
3115	23.6047	5.60666	-0.370343	3
3117	23.089	20.6808	0.0838642	3
3118	24.9864	0.222137	-1.04251	3
3121	23.2626	1.20409	-0.456981	3
3124	17.8761	8.88219	0.664189	3
3127	24.7892	24.2578	-0.194777	3
3128	23.9272	24.4673	-0.0438428	3
3130	22.8576	7.79702	0.307091	3
3131	19.8414	21.9737	0.413516	3
3132	17.2346	17.9164	-0.0223258	3
3135	24.3907	17.9341	0.256907	3
3137	18.5574	1.76958	0.727692	3
3139	16.8219	4.63455	-0.174702	3
3141	17.5425	24.6271	-0.317868	3
3144	24.7626	17.7519	0.214226	3
3148	21.1952	14.7981	0.0501641	3
3150	20.9003	1.98757	-0.0628666	3
3153	17.4716	7.51686	0.133707	3
3163	17.8102	5.59997	0.199451	3
3164	17.0309	14.7853	0.605604	3
3168	24.9492	4.98192	0.341799	3
3173	20.1246	18.6007	0.747911	3
3174	19.1608	23.6093	-0.524023	3
3177	19.2515	10.8643	0.584222	3
3178	21.8096	2.24152	-0.307829	3
3182	24.7027	13.5637	-0.390329	3
3185	23.7759	21.3762	-0.720544	3
3186	23.7214	21.2812	-0.315313	3
3196	24.1591	7.06501	0.289947	3
3197	21.9383	7.5125	0.440787	3
3200	19.6973	7.515	0.0725109	3
3201	21.0466	17.9993	0.4184	3
3204	24.947	3.15553	-0.24882	3
3208	21.2535	1.12331	-0.0606246	3
3219	24.9332	22.2398	-0.290964	3
3222	19.2407	16.4863	0.0375186	3
3226	21.1587	18.7435	0.103022	3
3231	20.713	5.31864	0.364174	3
3234	24.0424	15.1011	-0.292962	3
3237	17.3391	17.0962	-0.275696	3
3239	24.8861	0.65746	0.0981664	3
3243	20.6197	2.82204	-0.256554	3
3246	18.4141	22.6525	0.854277	3
3249	21.0751	24.0791	-0.290084	3
3251	24.9176	17.6836	0.124222	3
3253	21.4887	22.7512	-0.420149	3
3259	21.7746	8.32329	-0.271125	3
3262	24.8738	2.17243	-0.73438	3
3264	22.0338	2.32016	-0.080419	3
3265	21.9166	3.05734	-0.0307057	3
3270	18.3253	14.294	-0.0597715	3
3278	19.7246	11.7599	-0.290345	3
3279	22.1564	9.20181	-0.209328	3
3281	17.1864	9.444	0.0692578	3
3282	19.6007	22.5309	-0.230542	3
3283	18.5432	12.0627	-0.830974	3
3284	18.9982	5.26378	-0.104212	3
3287	17.3927	14.9322	-0.0559573	3
3291	24.5201	23.7407	-0.20236	3
3297	21.5942	15.5183	-0.619047	3
3303	21.5224	11.0768	0.271029	3
3304	18.8595	22.8023	1.43822	3
3306	20.2256	24.9736	0.347316	3
3313	20.8027	10.0325	0.103045	3
3320	17.4005	15.8175	-0.295025	3
3323	18.5599	1.16297	-0.175461	3
3324	23.5682	21.4092	-0.526059	3
3327	18.3704	4.49979	-0.180515	3
3335	19.6482	9.28184	0.0384589	3
3338	19.7331	20.0823	0.000768065	3
3342	17.0713	16.8307	-0.319628	3
3343	22.4714	6.86441	0.359328	3
3345	23.6713	24.5663	-0.0974367	3
3347	20.424	7.61935	0.330647	3
3350	20.6651	13.8236	0.0220858	3
3355	18.6059	18.5996	0.0372845	3
3365	22.4455	4.52119	-0.19097	3
3367	22.5349	8.34728	-0.253646	3
3369	17.4696	18.9054	-0.0640534	3
3371	23.8353	2.62723	-0.714098	3
3373	21.4019	17.3354	0.347228	3
3392	19.2884	15.0151	0.0102849	3
3393	24.5735	18.6275	-0.431166	3
3396	21.8952	23.748	-0.142623	3
3397	21.798	23.7382	0.134838	3
3398	24.8677	21.2736	-0.313707	3
3399	24.8122	21.288	-0.148163	3
3405	17.4994	15.573	-0.124097	3
3410	24.5273	24.8293	-0.0828291	3
3413	21.8505	21.6358	0.144972	3
3415	21.1517	21.9762	-0.386317	3
3416	20.2645	17.1752	0.83933	3
3420	21.2642	24.6133	0.333138	3
3423	18.6921	15.371	0.284905	3
3426	16.8249	17.2383	-0.728189	3
3428	23.9026	10.5516	-0.634249	3
3432	18.4565	12.4025	0.0776965	3
3437	24.705	17.9636	-0.264017	3
3438	24.5764	17.9273	-0.208756	3
3441	21.2422	9.47423	-0.495893	3
3442	21.8526	9.07945	-1.19283	3
3452	19.5534	4.18552	0.300324	3
3453	21.4239	8.28993	-0.257601	3
3458	21.4092	17.9176	1.08317	3
3460	23.9447	12.157	-0.161533	3
3461	18.8381	9.2737	0.171558	3
3463	17.9255	2.08858	0.32591	3
3468	23.8741	23.3468	0.610105	3
3469	24.2858	7.04851	-0.905076	3
3479	17.1463	21.5389	-0.423812	3
3489	19.5078	16.0066	0.26475	3
3490	19.1457	16.2607	-0.198818	3
3497	22.1482	1.06765	-0.101571	3
3500	20.0185	12.0229	-0.478304	3
3502	23.4982	2.19841	0.130932	3
3504	19.9269	24.3202	-0.429009	3
3508	19.0048	10.9953	-0.443735	3
3515	23.6058	21.5523	-0.0573235	3
3518	24.7652	6.0085	0.0708071	3
3519	24.3711	5.82005	-0.565037	3
3520	23.4897	10.1972	0.219437	3
3521	19.1428	10.407	0.612091	3
3522	18.3807	16.1965	-0.159394	3
3537	20.2131	13.0934	-0.0793776	3
3539	23.4619	22.6655	-0.206717	3
3541	18.1576	22.3244	0.1771	3
3543	24.3854	1.1328	-0.198267	3
3544	24.0714	22.5705	-0.505991	3
3545	24.2703	13.9875	0.557911	3
3547	22.3062	18.0668	-0.529055	3
3550	18.7159	9.59418	0.115046	3
3552	17.6034	12.1803	-0.200479	3
3557	24.0772	16.9184	-0.24752	3
3559	18.0532	9.00898	0.653909	3
3560	20.575	2.29019	0.00859323	3
3565	21.4492	8.2465	0.128126	3
3566	22.963	24.266	0.344129	3
3567	16.9373	19.6767	-0.323017	3
3577	16.8099	14.2781	-0.0410707	3
3582	22.9722	3.16211	-0.358879	3
3586	18.0539	24.0976	-0.13736	3
3587	21.0691	0.0382606	0.233339	3
3589	22.5859	11.6902	-0.168419	3
3591	21.8039	13.5025	-0.651339	3
3596	17.6297	10.9628	0.577296	3
3597	18.1161	4.53528	0.673839	3
3601	22.5074	7.78202	-0.59465	3
3603	23.5719	10.6774	-0.564212	3
3605	22.8428	0.0868896	-0.557872	3
3609	18.6791	8.98288	0.204408	3
3610	23.8773	21.1618	-0.26518	3
3611	24.1243	20.2462	0.0638977	3
3612	23.2139	21.8955	-0.0377418	3
3613	23.916	22.0387	0.0199693	3
3632	16.9585	11.7572	-0.434956	3
3640	18.4766	20.5456	0.162834	3
3641	18.5189	20.866	-0.283461	3
3643	20.3217	19.653	-0.0807136	3
3651	17.1687	18.2887	-0.544672	3
3655	19.9829	1.33641	-0.586415	3
3657	24.1834	20.844	-0.36732	3
3663	18.0	4.75513	0.120355	3
3664	22.5032	11.3891	-0.175752	3
3665	23.6221	10.5821	-0.0487484	3
3673	22.1767	7.4569	-0.344304	3
3675	21.4103	14.1151	0.937236	3
3676	21.3291	2.40074	-0.265865	3
3677	18.6675	19.3361	0.0185413	3
3678	18.8227	18.7185	-0.747326	3
3680	16.9216	0.811375	0.140156	3
3686	16.7936	6.42426	0.481306	3
3687	24.1206	19.5394	-0.467986	3
3694	23.1183	9.84812	-0.776167	3
3695	22.3199	18.7888	-0.0492983	3
3704	24.1642	13.4377	-0.514165	3
3711	17.9695	21.8459	0.182856	3
3712	19.3735	17.1406	-0.123649	3
3713	23.5484	14.1192	0.176943	3
3714	21.1667	4.95734	-0.228619	3
3715	24.1413	19.0358	-0.293535	3
3716	23.6753	19.358	-0.394553	3
3717	21.2453	21.0474	0.550179	3
3720	22.9895	18.2343	-0.0361913	3
3721	19.7428	3.46775	-0.564968	3
3722	19.1333	22.7428	0.261229	3
3726	21.2645	5.53001	-0.871281	3
3728	22.1817	12.42	0.1802	3
3730	24.2509	2.7604	-0.163623	3
3734	20.2378	2.9654	-0.105578	3
3736	17.4272	7.34969	0.678762	3
3743	20.8693	1.41	-0.177926	3
3748	20.703	17.8315	0.0747933	3
3755	21.485	18.3934	0.242791	3
3762	21.7983	20.3478	-0.0118654	3
3763	22.514	20.0586	0.735949	3
3764	21.1552	9.67715	-1.057	3
3765	19.1537	11.0343	0.423445	3
3767	22.2055	15.0837	-0.488445	3
3773	17.0	19.7188	0.0574514	3
3774	16.9374	19.7793	0.206587	3
3775	23.1572	4.7338	-0.00993947	3
3776	17.0314	13.0909	-0.509757	3
3777	18.5328	21.466	0.547539	3
3779	21.8847	14.4343	0.230625	3
3780	18.3714	2.75393	0.148533	3
3782	23.4789	7.49215	0.125711	3
3785	23.8556	16.7234	-0.0206097	3
3796	17.9437	4.43471	-0.584194	3
3797	18.452	4.81405	0.346805	3
3798	18.4824	15.1416	0.162916	3
3800	24.4176	21.8305	0.172484	3
3803	17.7358	0.254496	0.506396	3
3804	17.9225	11.4348	0.870332	3
3806	21.5986	23.5306	-0.497903	3
3807	24.4793	14.9	-0.214591	3
3810	17.1748	4.63236	-0.690018	3
3811	18.9278	1.19659	-0.255849	3
3812	24.5004	8.42014	0.288316	3
3816	17.276	14.8995	-0.155649	3
3819	21.3551	6.84778	0.000146757	3
3820	22.5259	16.2206	-0.967475	3
3822	18.4739	12.1663	-0.469195	3
3823	18.743	4.38605	-0.229722	3
3825	24.7392	2.4765	-0.345909	3
3826	24.517	2.01109	-0.511222	3
3829	17.9974	20.0949	0.165505	3
3831	16.966	9.65673	-0.02551	3
3833	24.3249	23.1364	-0.480199	3
3835	24.3419	20.9582	-0.367414	3
3845	20.4747	11.3065	0.507359	3
3847	17.5156	12.9739	-0.327418	3
3854	16.7818	16.8313	0.540641	3
3858	20.2748	6.84881	-0.207869	3
3861	18.5952	12.414	0.495401	3
3862	19.0957	8.48052	-0.0206703	3
3863	17.3268	11.7438	-0.275028	3
3864	17.4989	12.0893	0.0016701	3
3865	17.1184	12.4132	0.505818	3
3868	23.2776	11.0041	0.147214	3
3869	20.171	10.4189	0.303956	3
3870	20.1233	10.5897	-0.95919	3
3871	21.9838	10.2468	-0.300731	3
3873	19.8949	22.3209	0.106559	3
3877	21.6484	21.478	0.189789	3
3880	23.8086	11.6193	0.633736	3
3881	24.9376	21.2214	0.0479475	3
3883	19.1195	3.62521	0.141055	3
3884	19.3743	3.72235	-0.109032	3
3885	17.4306	5.50886	0.210972	3
3888	22.3974	2.29043	0.295105	3
3894	22.2335	8.14009	-0.339007	3
3903	23.576	5.58827	-0.369739	3
3904	21.2056	19.8352	-0.503838	3
3905	21.9827	4.64831	0.107121	3
3912	18.2311	23.3178	-0.0121437	3
3913	24.8167	24.4414	0.44299	3
3914	23.7936	24.5915	-0.522098	3
3915	18.8535	24.9751	0.14629	3
3926	18.075	1.49306	0.150811	3
3931	16.993	6.71241	0.211312	3
3932	17.4341	23.0238	-0.0572099	3
3935	19.2982	21.5407	-0.233765	3
3936	19.6601	19.4001	-0.512825	3
3938	17.5315	6.97349	-0.00612792	3
3941	23.5338	2.58648	-0.621538	3
3942	23.496	3.26353	-0.551156	3
3944	23.008	4.40151	0.161193	3
3945	21.292	17.6759	-0.212555	3
3946	23.1647	20.3849	-0.467746	3
3950	20.8689	6.7368	0.235032	3
3953	19.6833	1.13831	0.501785	3
3960	19.1512	13.6439	-0.327715	3
3962	18.5738	19.8013	-0.392446	3
3963	21.8506	15.2832	0.354802	3
3966	24.1973	10.3324	0.172643	3
3967	24.0898	10.1347	-0.445178	3
3970	20.4239	18.6555	0.043576	3
3972	21.5585	9.0723	-0.732169	3
3975	18.1706	17.6057	0.0562326	3
3978	20.2571	15.2825	-0.384183	3
3979	17.6489	22.8411	0.189386	3
3980	17.9981	14.4718	0.494307	3
3982	21.8206	12.1578	0.133384	3
3984	23.7956	6.44263	-0.0127541	3
3996	17.6166	15.2039	0.926838	3
3997	18.1704	7.02229	-0.513794	3
3998	19.3678	11.5825	0.521893	3
4006	23.9878	24.2789	0.202	3
4011	23.0345	23.4628	-0.122265	3
4012	16.7337	14.9855	-0.307273	3
4013	18.751	19.6636	-0.126677	3
4014	23.5695	17.7925	1.03289	3
4015	17.829	1.96047	-0.0872368	3
4025	21.2138	0.88274	-0.027402	3
4031	17.1736	14.6296	-0.418091	3
4033	24.6333	22.5902	0.0194658	3
4034	24.979	22.7797	-0.59214	3
4035	24.8659	21.838	0.00570593	3
4039	17.4686	14.6164	1.23543	3
4047	21.2305	15.4399	0.201259	3
4048	22.9059	7.06877	0.0597302	3
4051	23.5727	8.46219	-0.34421	3
4054	24.9724	19.0579	-0.0138587	3
4055	18.0885	7.95137	0.254502	3
4056	18.1437	7.12424	0.508466	3
4058	21.0117	7.17626	0.352273	3
4059	23.4386	9.22407	-0.368558	3
4060	21.7983	22.7299	0.0433521	3
4062	20.7147	0.338948	-0.47209	3
4064	24.1415	16.2882	0.529412	3
4069	22.5015	16.372	0.458652	3
4073	20.6091	5.83008	0.461547	3
4074	17.1985	0.603941	-0.0576282	3
4075	17.67	1.90782	-0.239424	3
4079	23.7385	10.9013	0.464047	3
4081	18.7773	15.6685	-0.429679	3
4082	21.8683	4.62695	-0.197828	3
4086	18.1677	21.126	1.2346	3
4091	18.2282	1.18184	0.0293761	3
4095	19.8642	20.6736	0.733611	3
4096	18.5561	5.86529	0.00677784	3
4101	20.9058	24.5755	0.295917	3
4102	20.4539	24.6933	-0.0849776	3
4105	24.6076	2.59868	0.26156	3
4107	17.2369	12.7947	-0.558151	3
4112	19.9204	0.488421	-0.265577	3
4113	20.3689	0.728852	-0.37998	3
4114	20.164	0.645119	0.48276	3
4117	23.4678	13.8268	0.349766	3
4119	23.8718	19.4638	0.357768	3
4120	24.718	16.62	-0.231252	3
4125	21.5608	2.1195	0.611414	3
4130	21.3163	11.6892	-0.394769	3
4136	24.5229	20.5832	0.275234	3
4137	24.7905	20.1276	0.422864	3
4138	20.0554	18.2976	-0.442315	3
4140	20.3024	5.74308	-0.346892	3
4142	19.3885	16.8125	-0.165442	3
4144	20.5103	10.7079	0.183514	3
