Ind_ID	PosInd_X	PosInd_Y	MutEffect	Region

3	4.47306	12.4673	0.626124	1
5	8.32264	2.8462	0.775969	1
8	0.077064	8.79824	0.828624	1
9	3.68798	3.85245	0.186607	1
10	3.94188	10.2598	0.63907	1
14	7.53409	12.4268	0.864667	1
21	5.77779	24.188	1.77125	1
22	5.94138	5.25261	0.717301	1
24	4.16085	17.1934	0.494562	1
25	1.54195	1.85354	0.341662	1
31	7.84409	10.3151	0.0706647	1
38	5.36291	21.9443	-0.186529	1
40	7.18085	7.59211	0.59462	1
43	4.72271	9.80653	0.0731045	1
49	7.98737	16.8303	0.36359	1
54	4.69886	1.26091	0.108963	1
55	6.37958	7.53676	0.263164	1
58	7.85881	9.62426	0.356134	1
64	5.92256	6.17317	0.218257	1
68	1.24013	24.5041	-0.394507	1
69	1.50876	18.0986	0.989945	1
77	0.730668	13.3747	0.456439	1
78	0.569098	8.75514	0.203129	1
82	3.27352	4.2142	0.383714	1
83	1.15212	4.73716	0.462759	1
85	3.9658	1.21874	0.228513	1
87	8.03405	0.909253	0.970371	1
89	0.574908	7.4895	1.13605	1
91	6.10586	11.1388	1.11489	1
94	1.43428	24.7741	-0.553	1
98	3.68849	13.5927	0.347558	1
101	0.569813	21.1562	1.28213	1
105	0.518459	8.87474	0.718543	1
106	3.98382	8.64649	-0.48884	1
107	0.858519	2.79788	1.12192	1
109	2.52753	8.17622	-0.288533	1
113	7.47237	23.9203	0.786706	1
116	3.43154	24.5662	0.354729	1
117	3.56858	16.4056	0.603039	1
122	2.33406	1.0034	-1.04291	1
123	6.97171	9.35444	0.0403036	1
125	3.5025	10.8113	0.944656	1
128	7.79426	12.4707	1.35135	1
130	7.07137	4.64116	-0.278308	1
131	7.30427	3.52851	0.349568	1
134	2.61025	21.3267	1.17986	1
135	2.74979	1.72293	-0.0301834	1
138	7.94564	14.5188	-0.113246	1
140	6.04488	7.40367	0.706975	1
144	2.30633	22.2077	0.541721	1
148	0.785806	15.0173	0.386947	1
149	2.24785	0.256809	0.186775	1
151	5.48918	1.85537	0.408805	1
153	3.15226	12.2011	0.295651	1
155	5.87148	18.2592	0.180259	1
156	2.02156	24.6023	-0.095628	1
157	4.48275	16.8141	0.329775	1
163	3.72605	18.5622	0.361995	1
168	2.17407	18.2003	0.904283	1
172	2.87272	12.5933	0.696766	1
173	2.77271	14.5143	1.4671	1
174	0.290196	15.2355	1.2998	1
178	1.32171	16.6034	0.252092	1
181	1.71617	14.2861	0.450111	1
188	4.86769	12.4477	1.53214	1
194	2.13774	1.61575	1.15244	1
205	3.24341	7.54292	1.05309	1
209	4.53762	22.5771	0.543409	1
210	2.4354	2.84893	0.126748	1
211	7.45659	6.22608	0.285228	1
213	5.59474	9.72536	0.346424	1
215	5.48594	0.740242	0.890945	1
217	3.4739	2.71425	-0.144129	1
222	7.28208	6.77756	0.106373	1
223	7.43175	24.849	1.08668	1
224	3.77655	20.4793	0.327431	1
225	2.3752	19.3485	0.757472	1
227	2.34017	20.6614	0.442194	1
228	7.51805	13.4012	1.13627	1
232	5.3178	23.9681	-0.0502351	1
236	8.2154	14.6097	1.63403	1
237	5.49502	18.1212	0.79534	1
243	1.33629	7.5812	1.48378	1
244	5.43721	0.888059	-0.404848	1
247	3.35059	19.6706	0.330981	1
253	0.59333	6.54435	0.98177	1
259	3.61224	17.3585	1.14713	1
262	3.64867	17.5763	0.427191	1
263	7.36684	9.8614	0.220429	1
264	0.934161	13.0131	0.493192	1
265	8.06486	15.6458	0.378195	1
270	1.85966	10.5627	0.356272	1
272	4.70705	5.12222	1.32151	1
276	4.30674	15.7115	0.762519	1
277	6.07385	7.36252	0.813658	1
284	1.44633	8.15993	0.523298	1
287	2.07048	2.22146	0.158952	1
290	6.7453	23.7741	0.692888	1
291	1.19859	5.11296	-0.0480966	1
292	2.26895	24.13	0.334613	1
293	5.01538	18.1367	0.292016	1
294	6.30978	14.7501	0.827302	1
296	1.77981	3.33845	-0.115305	1
298	0.113677	4.98983	0.883382	1
311	4.42758	8.44239	1.44361	1
312	8.00579	5.75188	0.598633	1
313	4.89722	14.4223	-0.502219	1
314	6.21565	12.4576	0.446106	1
316	7.96315	6.86192	0.743532	1
317	1.19353	9.14991	0.879679	1
320	8.17944	22.542	0.122798	1
324	0.757796	14.7667	1.08803	1
328	6.00203	20.1212	1.30624	1
333	6.61172	21.5248	0.775167	1
335	1.80764	1.50535	-0.11373	1
337	4.59202	19.7212	1.08388	1
341	8.16677	8.49815	-0.876874	1
344	5.64991	20.1719	1.57286	1
347	0.638131	8.1659	0.629774	1
349	7.915	23.3917	0.111552	1
354	4.90448	8.0016	1.17673	1
356	5.98534	10.2667	-0.0792959	1
358	6.58331	1.83499	0.557255	1
359	3.16993	9.01873	0.524887	1
360	5.52476	1.72485	0.74348	1
362	5.32188	6.83191	0.838126	1
366	5.90741	4.04175	1.21072	1
367	2.92302	15.1542	1.15552	1
368	7.29225	2.27701	0.562715	1
369	4.97597	7.68442	0.614288	1
377	7.36352	20.9151	0.105222	1
382	3.35156	1.4016	0.0128713	1
384	1.47199	22.5398	0.537908	1
387	2.66942	18.436	-0.249436	1
388	6.28793	6.0042	0.368872	1
389	1.26274	2.05479	0.965013	1
394	5.70442	17.5411	0.726241	1
396	4.67281	2.92364	-0.317447	1
399	5.70699	3.35285	1.37975	1
403	4.27626	11.8574	1.12578	1
405	6.40196	18.5118	0.393247	1
412	4.13332	13.26	-0.0181352	1
413	4.98718	24.976	0.618228	1
415	0.550148	1.0529	1.03099	1
419	7.56251	18.4972	1.10259	1
423	2.06131	2.8488	-0.875717	1
424	6.61716	16.5059	0.365348	1
425	3.65931	9.71183	-0.233059	1
426	8.33086	16.3919	-0.342224	1
431	1.80229	14.9417	-0.18094	1
432	4.47784	20.2041	0.499287	1
434	5.05563	1.25053	-0.41475	1
435	2.29507	21.2539	-0.18647	1
436	5.99373	14.397	0.109177	1
437	1.00688	23.7958	1.42376	1
440	2.38046	0.718844	0.655741	1
444	0.900914	6.57316	0.469715	1
447	0.674276	9.12094	0.257137	1
449	3.59577	21.4216	0.12938	1
451	6.72589	8.6651	-0.187093	1
452	6.15757	13.1703	-0.300945	1
462	4.94019	3.73423	0.141689	1
464	2.04427	11.4383	0.237824	1
468	7.20777	5.14805	0.0945756	1
470	4.99957	17.9117	0.801043	1
472	6.41284	20.3068	0.838981	1
475	1.07176	18.9715	-0.0956094	1
476	6.96336	2.58061	1.40286	1
480	4.00576	1.8566	-0.0772493	1
483	0.956902	10.5383	0.719776	1
486	1.49786	9.81307	1.03897	1
489	6.18164	19.102	1.02152	1
490	3.05463	19.1468	0.470426	1
496	1.2707	2.70736	0.292873	1
497	5.40016	19.4423	0.601167	1
503	1.94682	17.6478	0.718606	1
507	3.48897	14.5546	0.272768	1
509	7.16968	12.1295	-0.336719	1
510	1.08757	12.2277	0.98647	1
512	7.15624	13.2387	1.02583	1
513	2.71984	17.3958	1.60243	1
515	0.691269	13.0388	1.14374	1
519	6.31499	0.994013	-0.0936204	1
520	3.94365	18.7801	0.693923	1
521	0.546851	23.145	-0.723222	1
522	5.47625	4.12174	0.0163861	1
526	6.14951	7.78048	0.811394	1
528	7.86397	4.47724	0.83546	1
530	4.03254	12.2771	0.223219	1
533	5.38009	11.7303	0.0829368	1
538	4.19432	16.9002	-0.503438	1
550	7.0099	24.7452	0.266979	1
552	1.08585	10.0168	0.480974	1
553	6.49003	13.1929	0.554339	1
555	8.07296	0.471487	0.43344	1
557	2.63871	10.8627	0.161473	1
562	3.88348	10.1687	0.608464	1
564	1.98178	18.9963	0.95849	1
567	4.89546	6.55018	0.732632	1
570	4.23165	3.46734	0.506716	1
574	4.6554	16.8216	-0.361197	1
575	3.08094	12.859	0.668169	1
576	7.47084	0.436361	0.830901	1
577	7.14512	22.8812	0.290787	1
581	3.79226	6.30288	1.09954	1
588	1.68734	15.6872	-0.536978	1
593	5.84316	11.4146	0.642093	1
597	7.8873	15.3498	-0.23289	1
602	0.921078	17.888	1.26051	1
603	7.15094	19.788	-0.0173292	1
605	6.49564	5.17981	0.261121	1
606	4.12196	13.9516	1.33064	1
607	0.0684237	23.2772	-0.443266	1
608	0.370483	17.79	0.534349	1
610	0.959908	4.87762	0.669883	1
612	4.87067	11.2363	0.384605	1
617	7.40368	7.65652	0.335763	1
624	0.666427	19.9822	0.285353	1
625	7.86952	15.3101	0.153341	1
626	6.00674	16.5386	0.592594	1
628	5.71568	24.9403	0.953443	1
629	0.863986	23.7651	1.92194	1
630	6.02542	12.0194	1.29424	1
632	3.22377	11.4796	0.750714	1
635	3.50596	21.0693	0.413292	1
638	0.801671	9.98481	0.213883	1
640	4.39326	1.75402	-0.119731	1
642	5.19749	16.9561	0.622315	1
643	5.7129	16.2462	0.633036	1
646	1.02159	16.297	0.897064	1
656	0.899065	17.5344	0.858205	1
659	6.03838	4.53606	-0.113666	1
661	3.43675	6.38861	1.08886	1
664	5.37686	22.5066	-0.35252	1
666	7.50568	20.2211	-0.372925	1
673	5.75068	18.7497	-1.16141	1
675	1.34074	7.88403	0.458238	1
677	6.62226	22.9898	0.159362	1
680	7.17173	13.2833	0.713508	1
681	6.19137	23.2456	1.27174	1
684	5.66576	21.9656	0.203136	1
688	8.29612	10.9771	0.545363	1
689	1.24145	4.26763	0.157507	1
692	1.55813	19.5811	0.47358	1
699	7.61357	17.3943	0.215129	1
700	5.03224	3.14598	0.174117	1
705	4.94611	15.3825	-0.0055194	1
712	3.01354	19.8249	1.05504	1
713	4.31125	19.3017	1.12349	1
714	5.25637	19.7526	0.553762	1
715	5.75125	9.32178	0.965039	1
717	7.27446	0.213262	0.511977	1
720	0.222019	3.93891	0.942572	1
722	7.04254	17.1545	0.188665	1
728	1.12893	4.32094	0.131523	1
734	1.3208	1.89692	-0.0178304	1
735	5.18371	6.32057	0.452231	1
739	3.16321	19.3256	0.36594	1
740	2.58414	0.669546	1.25802	1
743	6.807	3.8758	0.788886	1
745	1.34593	0.341126	0.592874	1
746	1.61704	17.6991	0.455446	1
747	0.668729	7.19286	0.363431	1
750	4.76067	17.3632	0.499945	1
751	7.73328	24.5311	0.71602	1
754	6.46542	22.2222	0.55709	1
755	2.55215	20.3436	-0.0526289	1
763	2.89962	15.917	0.870612	1
764	7.2807	15.3043	1.66186	1
767	3.80609	4.70442	-0.157284	1
771	1.55558	4.6462	-0.0550112	1
772	1.79407	6.92802	0.348812	1
774	4.18359	13.1652	0.75918	1
775	3.08759	15.1861	0.019599	1
777	7.32854	17.3438	-0.152586	1
779	3.70634	11.5509	0.351068	1
783	4.65122	0.966372	0.50069	1
786	7.77756	10.9725	1.60601	1
787	5.81859	12.3279	0.594464	1
791	0.476166	16.1919	0.981868	1
797	7.46343	5.55818	-0.581797	1
801	8.10827	15.0079	0.951182	1
806	6.03145	20.4061	1.24697	1
809	4.19185	0.520073	0.279006	1
811	6.31847	17.6377	1.13725	1
812	7.01993	5.52693	0.418895	1
817	7.62313	15.6884	0.349802	1
823	1.59032	21.9468	0.543705	1
824	0.677418	20.4088	1.2876	1
826	2.70752	18.4898	0.90786	1
827	2.47117	10.7712	0.699236	1
842	2.4167	4.29222	0.539904	1
843	2.66175	17.6926	1.34838	1
856	0.2859	5.73111	0.300643	1
862	7.20874	16.46	0.547095	1
868	4.58234	13.0328	1.00697	1
870	3.1427	12.5032	1.41673	1
875	4.43542	15.5413	0.281648	1
878	1.53703	3.54494	0.55084	1
881	5.84851	24.7869	0.499973	1
883	2.17532	21.064	0.794963	1
897	7.89196	23.9409	1.19573	1
898	7.176	24.1065	0.504722	1
899	3.0275	2.17423	0.920347	1
909	7.51783	2.9125	0.54415	1
911	5.18215	8.30717	0.5833	1
915	5.63235	19.8603	0.708396	1
916	8.01807	13.0835	0.533935	1
917	1.35201	18.752	-0.0140315	1
919	0.501855	5.2182	1.01936	1
922	5.56659	1.82254	-0.176107	1
924	6.80031	3.64228	-0.10901	1
928	4.95177	11.7022	1.11071	1
931	8.14261	19.2844	1.03054	1
936	6.53452	6.19546	1.2068	1
941	4.22895	4.41801	0.349208	1
947	0.289735	11.5421	0.409046	1
953	6.15229	9.39136	-0.0703791	1
954	6.95741	12.5215	0.998998	1
955	3.57845	8.15651	-0.900811	1
956	6.82447	22.1937	-0.00679905	1
959	3.13618	4.08808	-0.00818317	1
961	5.34958	14.8755	0.35937	1
962	3.52009	1.94732	1.59732	1
963	3.45194	21.4476	0.366571	1
966	2.54232	23.7194	0.189407	1
967	5.18535	22.9643	-0.403507	1
969	0.0171662	3.12781	1.81677	1
970	4.1916	24.8451	0.791801	1
977	3.51664	14.3021	0.170159	1
978	4.19192	14.9968	0.0857903	1
979	5.16005	4.17239	0.515092	1
980	7.78074	3.62069	0.338572	1
983	3.41167	21.8765	-0.0315194	1
985	7.89431	19.2417	1.06865	1
988	2.1916	11.3459	-0.23431	1
991	3.26132	2.28662	0.886135	1
992	6.13488	16.8198	1.00195	1
993	1.8173	10.4316	0.894914	1
996	6.78532	16.6647	0.696122	1
1001	3.5051	17.9194	0.471322	1
1007	2.21934	19.3192	0.315044	1
1012	7.17879	11.971	0.28382	1
1014	7.05641	22.6464	-0.339157	1
1016	0.046931	24.2452	0.716767	1
1017	4.84005	10.9305	0.292816	1
1022	6.612	11.1487	1.00946	1
1023	0.340274	19.6168	1.05231	1
1029	2.8838	4.85969	0.151471	1
1031	4.52467	13.7139	0.162217	1
1032	1.80079	12.0817	1.98801	1
1035	3.94259	2.88842	0.147976	1
1036	0.287145	24.1079	0.204762	1
1037	7.4738	9.05026	1.01831	1
1040	5.75797	23.6728	0.0930463	1
1041	0.517897	22.3893	0.600148	1
1044	4.19105	8.05522	-0.439507	1
1045	3.53662	19.1848	-0.671492	1
1054	7.38476	13.6792	0.607817	1
1056	1.45889	10.405	0.746566	1
1057	7.30223	19.8318	-0.22771	1
1059	2.90479	5.4032	1.32314	1
1061	3.23251	11.1449	0.0694274	1
1064	3.45333	7.94127	-0.284009	1
1065	3.56216	2.93036	0.332119	1
1069	1.79055	9.97332	0.720718	1
1070	1.63821	22.1014	-0.198035	1
1071	0.0555946	14.9042	0.99774	1
1081	0.640832	23.682	0.130455	1
1082	3.93837	1.93028	0.828769	1
1084	5.48799	22.3149	0.671122	1
1085	8.19574	3.86813	0.241011	1
1088	4.51701	1.01025	0.257456	1
1091	1.58729	13.9249	-0.338266	1
1093	3.63357	10.4724	1.26341	1
1095	2.67885	17.0705	0.184036	1
1096	5.06602	6.2182	-0.647173	1
1097	3.74702	17.1618	0.241145	1
1098	3.85057	19.3726	0.323481	1
1099	3.1383	13.8052	0.0642392	1
1100	6.59056	13.6331	1.42059	1
1102	1.09206	23.1481	0.70672	1
1105	7.59215	20.8692	0.80979	1
1114	1.65412	15.6909	-0.250453	1
1115	5.35053	24.9902	0.987767	1
1117	1.32057	11.1591	0.555654	1
1119	6.93225	14.8782	-0.782683	1
1120	5.08819	18.5084	0.503639	1
1121	2.93507	18.4964	0.947874	1
1126	6.81773	24.2031	0.342656	1
1128	4.13939	6.19411	0.505091	1
1133	1.10185	22.511	-0.148981	1
1136	1.04877	20.3729	-0.253786	1
1144	6.81252	20.2583	0.330462	1
1147	5.21779	11.147	0.86527	1
1148	4.38559	11.0797	0.15101	1
1149	6.92179	21.048	0.806506	1
1153	5.52877	3.46826	0.886116	1
1154	0.296565	8.83783	0.65099	1
1156	7.60579	3.57329	-0.614076	1
1162	1.20732	19.6998	0.321463	1
1167	3.25717	5.95048	-0.304752	1
1171	5.05911	24.138	-1.17911	1
1173	6.03452	3.70279	0.390324	1
1175	1.87416	19.4802	1.2852	1
1176	0.482825	7.36262	0.23042	1
1179	7.82973	10.0497	1.62338	1
1181	7.14865	9.76852	0.904496	1
1183	6.94195	21.5204	1.29593	1
1186	5.52337	19.9129	1.8001	1
1189	6.22151	12.2675	0.409999	1
1190	5.75686	11.5385	1.23612	1
1191	4.35064	9.08391	1.67037	1
1192	3.61986	11.2679	0.46845	1
1195	8.16962	14.2444	0.457807	1
1196	2.24966	17.0819	-0.713081	1
1218	3.46539	10.2995	0.756282	1
1221	3.28136	10.5719	1.21406	1
1222	1.30056	17.0906	1.52655	1
1223	3.40793	15.8115	0.724007	1
1226	7.30197	14.7423	0.353489	1
1230	6.50888	2.35029	0.285909	1
1232	7.01166	4.39535	0.80841	1
1233	7.00507	19.4846	0.531638	1
1238	7.49987	13.3056	0.758003	1
1240	7.48891	1.03721	0.715667	1
1241	4.07868	15.7643	1.22392	1
1245	7.49025	3.33197	0.441703	1
1248	2.14858	18.798	0.0886147	1
1251	1.865	13.3349	1.6035	1
1256	0.202418	23.3905	0.969491	1
1257	3.54799	18.8352	0.687984	1
1260	2.45276	7.11054	0.113977	1
1261	2.28914	7.10448	-0.0511744	1
1264	1.44114	9.1311	0.530729	1
1273	1.18752	7.52619	0.412558	1
1275	0.944259	19.7096	-0.418815	1
1278	2.33713	4.98537	0.250588	1
1280	1.79592	7.82409	0.0981004	1
1281	7.25777	1.98141	0.746844	1
1286	2.80995	5.70998	0.515687	1
1288	0.340674	0.236423	-0.393052	1
1290	6.96104	4.45393	0.292837	1
1291	2.8111	14.2832	2.01643	1
1293	0.262473	14.0658	0.701878	1
1302	4.82891	0.826602	0.0986843	1
1311	1.20777	5.41891	-0.118769	1
1313	3.24935	13.4141	0.00662334	1
1320	5.72002	12.8692	0.77147	1
1326	3.46861	6.97115	-0.909695	1
1329	4.04312	1.38019	0.737794	1
1331	2.1898	15.1985	0.926073	1
1333	2.07858	1.60901	0.174756	1
1334	0.141927	21.8063	0.260868	1
1335	4.85762	9.61182	-0.427521	1
1336	0.673014	13.0671	0.617727	1
1337	1.05815	22.0907	1.20172	1
1339	5.86623	0.797188	1.18409	1
1340	2.50401	14.2999	0.612188	1
1346	2.49972	14.2232	0.0303725	1
1348	3.5229	24.0599	0.408317	1
1350	2.97052	3.48412	0.32832	1
1353	6.47288	10.3856	0.365647	1
1355	0.698062	18.2353	1.19219	1
1360	4.6939	24.6515	0.583408	1
1361	2.87605	23.9383	-0.0166073	1
1363	2.9649	17.0274	1.17942	1
1365	6.2397	15.0472	0.293292	1
1367	6.22391	6.19154	0.486975	1
1368	1.69719	3.19324	-0.765285	1
1369	1.6178	9.23114	1.01967	1
1371	4.96738	2.51064	1.04006	1
1373	0.34543	6.97483	1.30367	1
1379	2.32797	14.2488	0.882448	1
1383	4.0359	2.00873	1.01378	1
1386	7.6518	22.9465	0.119532	1
1392	4.5545	21.9291	0.359908	1
1395	5.00065	6.98957	0.72297	1
1400	4.94886	8.91995	0.259591	1
1404	5.58647	0.363435	1.35448	1
1409	6.99427	9.37699	0.567128	1
1411	3.54431	6.98701	0.267423	1
1412	7.63664	11.3134	1.01188	1
1413	0.18715	7.00203	0.539666	1
1414	7.78209	22.7816	0.941594	1
1418	4.53924	16.0368	-0.0151192	1
1422	2.19986	17.4524	1.60441	1
1423	6.5125	2.47768	0.624811	1
1424	5.9544	4.72776	0.900567	1
1429	6.6229	19.5597	1.46826	1
1430	3.29058	23.0187	-0.224814	1
1434	1.42227	22.5739	0.00247599	1
1438	2.83107	3.92624	-0.523617	1
1443	0.435279	19.1184	1.30634	1
1444	1.90783	7.41421	0.0221006	1
1445	4.70088	6.76249	0.916723	1
1454	3.20423	4.96698	1.09087	1
1455	7.2257	12.3249	0.841827	1
1456	6.64397	12.7345	-0.478052	1
1458	5.75659	5.07645	-0.37693	1
1460	2.27237	2.85433	-0.0832086	1
1462	7.22289	20.1858	1.0095	1
1465	7.05315	16.134	0.370681	1
1469	1.61061	13.1591	0.341827	1
1470	5.15447	15.3818	0.14599	1
1474	3.80461	7.65215	-0.180443	1
1479	0.154486	13.6648	1.15152	1
1481	4.18777	13.849	-0.00742071	1
1487	5.13464	12.2904	0.368891	1
1488	7.20004	20.7346	0.437584	1
1489	2.78162	10.6268	0.325833	1
1490	0.0179165	8.68796	-0.0349337	1
1491	7.60848	9.94892	0.439108	1
1504	0.397061	4.11082	1.35736	1
1512	2.04893	5.44262	-0.202133	1
1514	4.15024	14.0782	-0.167653	1
1518	7.48511	13.9924	-0.300567	1
1520	8.24111	7.58022	0.831329	1
1524	1.14258	16.3707	-0.51034	1
1525	1.67294	1.23008	0.153114	1
1529	3.37713	23.1336	-0.452621	1
1530	3.30054	21.0326	0.322337	1
1535	4.20279	20.8431	0.916794	1
1537	4.58938	1.62251	0.663787	1
1542	2.24999	23.7772	0.657215	1
1544	3.07443	4.75319	0.959005	1
1545	5.83433	6.23508	1.3261	1
1547	5.12647	1.4811	0.705843	1
1548	7.69037	4.33363	0.315493	1
1553	5.72633	15.0229	0.0952302	1
1558	0.762323	0.582023	0.857652	1
1561	7.15877	3.06277	0.698657	1
1563	4.15972	10.1564	-0.0886135	1
1567	1.15456	18.3655	-1.07413	1
1571	4.49297	23.6712	-0.291671	1
1576	7.90271	8.98353	0.62447	1
1577	4.72861	10.0267	0.853149	1
1578	4.01626	0.475356	0.0697603	1
1582	5.12446	10.7138	0.161921	1
1587	3.3763	7.62569	-0.275033	1
1590	6.48756	18.3303	0.217816	1
1592	7.59417	10.0423	0.521786	1
1595	4.88068	12.9287	-0.308883	1
1596	1.30383	10.0685	-0.0076585	1
1598	4.26952	9.19248	-0.276653	1
1602	3.99667	18.6264	0.707107	1
1603	5.67608	2.10075	-0.129298	1
1604	6.76486	8.24165	0.491999	1
1614	3.64565	0.438895	-0.430496	1
1617	6.29254	4.66937	0.0539437	1
1618	4.89864	20.5283	0.602547	1
1625	3.86588	10.7835	0.124875	1
1627	2.85118	13.4431	0.125306	1
1629	7.94768	13.8715	0.791939	1
1632	2.99243	16.0299	1.1112	1
1633	3.54344	16.1508	0.94853	1
1635	3.13005	24.2028	0.94869	1
1639	1.58935	17.7193	0.0228846	1
1641	5.85309	10.2375	-0.0362235	1
1643	2.62155	9.77998	0.650743	1
1651	4.89968	4.09209	1.13222	1
1654	2.02354	18.7525	0.30846	1
1656	5.65383	20.3513	0.393974	1
1657	8.1918	0.362128	1.46597	1
1658	7.80643	0.205683	1.20418	1
1659	5.36161	7.25073	0.915951	1
1660	2.1355	1.52189	1.47612	1
1664	0.189383	23.904	0.396045	1
1665	2.88749	18.1162	-0.604728	1
1670	6.71126	22.1949	0.253374	1
1671	4.53314	21.9818	0.732227	1
1672	6.52899	18.6368	0.595092	1
1684	1.19087	19.0381	0.253361	1
1689	0.209075	14.4831	-0.431441	1
1690	0.203896	3.47679	0.848753	1
1692	3.1364	6.57261	1.47457	1
1696	7.30756	10.0062	-0.421278	1
1703	6.53164	22.6832	0.837469	1
1705	0.251781	18.8333	0.37148	1
1711	8.09474	19.3178	0.345265	1
1713	2.28476	16.3215	0.307843	1
1717	1.22277	12.1229	0.768904	1
1718	7.58205	5.64455	0.458556	1
1719	8.02166	15.2257	0.129398	1
1720	6.37799	15.9507	1.25841	1
1724	4.49262	19.6513	0.60684	1
1727	1.25669	2.27075	0.619344	1
1729	5.70093	3.0714	0.756262	1
1739	7.253	13.6603	1.90194	1
1743	4.52449	10.2891	0.906135	1
1745	1.05475	10.6262	0.730944	1
1746	5.43891	3.04401	-0.129222	1
1749	2.19485	21.7403	0.834965	1
1754	1.35448	10.8155	0.628844	1
1755	6.72721	19.6729	0.296614	1
1762	0.918625	4.63389	0.543188	1
1768	7.95307	20.3186	0.582908	1
1774	6.96362	13.6928	0.765639	1
1780	5.74841	1.2583	0.704617	1
1781	2.5064	10.2605	0.0711221	1
1783	7.88431	4.30687	-0.222929	1
1785	3.58643	8.40812	0.153294	1
1786	8.16871	20.6072	-0.203957	1
1787	4.42899	7.39012	0.489026	1
1788	6.66099	22.7501	1.35369	1
1789	5.19061	14.4966	0.0468165	1
1792	4.19926	9.65801	0.896208	1
1793	2.09486	7.71573	-0.484792	1
1795	4.1075	12.9234	-1.75405	1
1800	2.03082	16.6984	0.911793	1
1811	6.34785	23.0377	0.730004	1
1814	0.697154	24.4279	0.0901804	1
1815	8.2395	4.31245	1.1051	1
1816	4.55318	23.6671	0.00612129	1
1818	5.33406	9.68999	0.758	1
1819	1.25561	13.8178	-0.0611443	1
1828	0.557762	5.79117	1.22639	1
1830	1.83909	2.15253	-0.512355	1
1832	0.350365	11.9083	-0.129778	1
1833	0.956051	12.1005	0.518594	1
1838	5.06242	21.2522	0.811029	1
1842	1.03891	3.37923	0.944003	1
1843	5.18152	8.81686	0.296819	1
1845	0.280206	1.95167	2.00432	1
1851	0.679844	15.1371	0.0302412	1
1852	6.49846	4.45558	0.686192	1
1853	6.9209	3.46082	0.308826	1
1863	6.96152	17.0917	0.91348	1
1865	4.39084	19.6996	0.750058	1
1868	5.92505	6.23601	0.35952	1
1871	4.99107	8.57714	0.245896	1
1877	1.54128	14.9928	1.02924	1
1878	1.69332	15.597	-0.103935	1
1879	4.95843	14.0797	0.748397	1
1881	6.38848	22.5747	-0.234014	1
1882	5.22427	13.9483	0.270218	1
1883	2.53867	17.9918	-0.468757	1
1884	5.01213	4.17136	1.00792	1
1887	3.34089	22.9603	0.846444	1
1888	1.21948	3.42467	-0.0644574	1
1889	1.40543	4.52207	0.104511	1
1891	7.88852	18.8767	0.942273	1
1894	5.42597	10.2676	0.513197	1
1898	0.593889	4.25754	0.0424268	1
1899	8.26004	19.6463	0.0983686	1
1905	6.38874	4.67571	1.04833	1
1906	5.33504	17.4922	0.142993	1
1907	0.347273	17.1455	-0.249013	1
1908	0.819215	16.4733	0.9697	1
1914	8.23278	14.9398	1.22726	1
1917	6.7842	5.78759	0.61179	1
1920	1.25286	12.5527	0.0734267	1
1921	6.83318	19.0254	-0.0693287	1
1922	2.22151	11.0607	0.0447124	1
1923	3.99583	14.0509	0.0464846	1
1926	7.55087	16.4351	0.854154	1
1931	5.71952	19.6804	0.492848	1
1937	2.21855	10.0597	1.34551	1
1942	6.14191	6.82918	0.785869	1
1943	4.88764	17.8581	0.0340935	1
1947	1.92053	15.7647	1.45269	1
1948	0.819938	5.99814	0.0319714	1
1951	6.88538	7.05501	0.751804	1
1952	2.08856	3.10719	0.646529	1
1953	1.43566	3.07055	0.337271	1
1957	7.077	11.8324	0.469843	1
1958	4.58142	3.73151	0.996337	1
1959	0.658041	15.1339	0.575532	1
1960	2.87258	15.2565	0.373497	1
1965	7.86696	23.1955	0.74723	1
1966	6.37638	15.3948	-0.733249	1
1973	3.45525	15.507	1.25891	1
1974	4.85758	14.8479	0.764378	1
1979	4.05546	6.12703	0.771573	1
1980	1.51874	11.6323	1.1123	1
1987	6.67396	1.85145	-0.0701556	1
1988	2.85465	23.7423	0.596305	1
1989	2.58833	11.9072	0.72169	1
1990	6.16186	18.4118	0.183515	1
1993	2.30985	3.47485	0.0414396	1
2001	7.55459	2.971	-0.36896	1
2004	5.49252	19.7031	0.963716	1
2010	3.71757	12.5517	0.540144	1
2016	7.58009	18.7389	-0.356951	1
2021	3.56463	2.37753	0.173184	1
2024	0.355865	6.25416	0.965644	1
2025	5.89209	7.1891	0.385127	1
2027	6.89432	6.73092	0.549122	1
2032	1.09443	1.40272	0.0671478	1
2042	8.09219	12.6501	0.106072	1
2043	4.01606	8.30113	1.12837	1
2048	8.31877	19.0543	0.426061	1
2054	8.15747	5.39098	0.830434	1
2059	7.8268	18.4067	1.26572	1
2061	1.80239	12.5514	0.505233	1
2062	5.76445	1.8348	0.403064	1
2063	6.71063	12.0405	1.36895	1
2067	6.51139	0.463551	0.0280931	1
2069	6.74831	14.666	0.602522	1
2070	2.73961	11.4735	-0.409407	1
2073	3.26431	11.5913	-0.107079	1
2076	3.73012	15.1732	-0.672927	1
2078	7.76735	11.7673	0.771594	1
2079	6.52238	3.94354	-0.0146458	1
2081	2.21498	3.28945	-0.0220477	1
2084	8.01608	8.76265	0.643085	1
2087	4.92523	1.7676	0.322863	1
2090	5.62876	16.3833	0.578469	1
2091	6.6347	0.403544	0.630917	1
2102	0.79823	12.8693	0.696571	1
2105	6.62106	1.49846	-0.832303	1
2109	3.08453	21.1569	-0.636703	1
2112	1.69868	13.2083	0.998059	1
2113	7.35801	16.5273	-0.463977	1
2117	2.19012	4.4857	1.09198	1
2118	3.90794	11.8731	0.0603465	1
2120	5.1224	8.18649	0.876184	1
2121	5.58267	2.60418	0.973736	1
2127	7.99263	2.60158	1.32245	1
2130	3.82025	7.35367	1.2914	1
2131	5.25246	21.9642	2.0105	1
2132	1.00334	17.5997	0.453497	1
2139	2.26394	5.621	0.623388	1
2144	3.4561	3.8628	0.370907	1
2149	3.95544	7.58727	0.223545	1
2150	3.06011	7.54047	-0.195802	1
2151	6.01753	23.5441	-0.272129	1
2157	7.14985	15.6763	-0.100485	1
2160	1.30323	23.0828	0.147494	1
2163	6.38802	11.0033	0.414466	1
2166	4.37991	18.8747	0.273384	1
2171	1.19257	24.3328	0.221853	1
2173	5.52954	3.2882	0.701142	1
2178	6.41836	3.08035	1.01894	1
2179	6.8846	3.38671	0.287912	1
2183	5.06149	4.5934	0.663267	1
2186	3.51692	16.7516	0.38685	1
2189	5.96108	1.1806	0.933635	1
2192	7.72735	21.1395	1.12862	1
2201	0.461579	3.28021	0.813678	1
2203	6.00833	2.01493	-0.0114079	1
2207	1.08229	7.18394	0.109226	1
2208	1.3012	7.45517	0.984777	1
2209	6.44015	24.9086	0.645248	1
2211	2.24576	9.14541	0.255313	1
2218	0.00181914	18.4845	1.05971	1
2219	4.89125	20.9958	-0.0312604	1
2223	2.58266	19.6892	0.488963	1
2224	5.6938	4.76597	-0.0887332	1
2230	1.49304	8.44962	-0.265062	1
2232	4.21308	3.9102	1.29717	1
2241	3.32009	5.55321	0.886673	1
2242	5.76758	5.02233	-0.261874	1
2243	3.46492	16.939	1.13804	1
2244	6.84926	17.0515	-0.273264	1
2247	0.0318802	7.80505	0.0262588	1
2251	5.05818	0.384026	0.363556	1
2256	2.97092	14.235	1.07868	1
2257	6.79112	15.4035	0.961446	1
2264	7.87098	16.8747	0.736586	1
2265	7.97477	17.6621	-0.329668	1
2269	1.66272	0.444533	0.537229	1
2274	2.34333	18.7646	1.2838	1
2277	4.97041	19.465	1.4935	1
2278	8.00612	5.33824	0.181301	1
2280	7.23019	3.95104	0.94072	1
2283	2.82665	15.3693	0.882703	1
2287	2.97055	10.3279	-0.601189	1
2288	5.50083	8.87505	1.37785	1
2295	0.527552	1.12445	0.953505	1
2297	4.4896	1.09103	1.57525	1
2300	7.93149	22.0987	0.375143	1
2301	6.85331	10.0329	0.335736	1
2311	5.0324	8.3331	1.76342	1
2314	5.4232	16.714	0.520406	1
2316	1.15613	17.4524	-0.0632195	1
2318	5.85609	8.17917	-0.0371218	1
2322	1.72523	16.7543	-0.152852	1
2323	4.1689	24.729	0.252129	1
2333	8.03302	14.7267	0.26642	1
2339	5.77677	14.0311	0.925171	1
2344	2.04967	18.0725	0.595232	1
2346	1.87061	19.106	0.109719	1
2349	0.655108	13.1504	-0.612834	1
2353	4.32643	15.9064	0.704089	1
2361	3.81974	20.7287	0.706747	1
2364	2.69071	22.0729	-0.0821843	1
2373	0.00423978	17.106	0.808262	1
2379	5.21102	8.22683	-0.423461	1
2385	3.51153	16.1672	0.0501389	1
2387	6.11574	5.20735	1.70081	1
2388	4.1373	10.0241	0.0313093	1
2389	7.40122	18.9304	0.533697	1
2393	6.31585	17.9799	-0.0890765	1
2395	7.95477	22.1045	1.13374	1
2396	3.86365	9.01743	0.862386	1
2397	5.47556	7.9463	0.582782	1
2400	4.92537	4.06256	1.35413	1
2405	2.54115	16.2228	0.472389	1
2410	1.0739	18.3554	1.24026	1
2411	2.8661	23.0975	1.17152	1
2415	5.61616	1.34309	-0.293679	1
2421	4.59465	9.8899	0.756323	1
2424	4.95795	19.3658	1.18023	1
2431	5.5095	16.8282	1.53565	1
2433	2.11332	2.50554	0.770617	1
2440	1.37614	16.3847	0.438331	1
2441	3.57409	7.85574	-0.602399	1
2445	3.13141	9.23205	0.662898	1
2447	2.46852	14.5851	-0.313237	1
2448	4.90863	0.588143	-0.267797	1
2450	3.34798	16.0093	0.758781	1
2452	7.65878	0.516498	0.882149	1
2464	1.96966	22.2206	0.560144	1
2465	3.04726	24.323	1.26452	1
2468	2.79434	24.8805	1.2005	1
2470	6.66703	24.4374	1.11502	1
2471	0.204316	21.6483	0.368682	1
2473	3.45086	0.559631	-0.458601	1
2476	3.9684	11.9794	0.262453	1
2478	7.86523	24.9632	0.244281	1
2483	4.06957	3.574	0.442874	1
2484	3.5634	4.66055	-0.158123	1
2485	4.30013	15.4901	0.728814	1
2488	5.78702	13.8028	0.50932	1
2489	2.36286	12.9042	1.12763	1
2491	3.71064	13.7946	1.21327	1
2492	7.22544	1.45108	0.341485	1
2493	7.04889	22.9507	-0.000161102	1
2500	3.08573	11.2686	0.729709	1
2508	4.28955	6.65904	1.02171	1
2509	0.929741	14.5477	0.13416	1
2519	0.889149	22.2962	-0.80461	1
2520	0.322129	23.3094	0.451388	1
2521	6.42526	13.9374	1.10189	1
2526	4.99875	3.28328	1.76934	1
2528	7.54409	19.1173	0.0919244	1
2529	1.90345	21.1273	0.932205	1
2530	6.7026	17.7272	0.382459	1
2531	7.47716	3.90027	1.24243	1
2533	2.61165	7.50046	-0.0496063	1
2534	2.46312	1.06962	0.7778	1
2535	3.26653	0.95586	-0.0652993	1
2540	4.30034	17.7432	0.67407	1
2544	7.57279	9.47654	-0.885346	1
2545	8.11931	24.1729	0.34759	1
2550	6.54355	12.618	0.284782	1
2553	2.11481	13.5275	1.04479	1
2559	4.69764	7.55774	0.899488	1
2560	7.1495	0.42589	0.0652791	1
2563	4.72959	24.0017	0.55268	1
2564	2.22318	9.57774	0.20482	1
2570	6.91715	2.07998	0.288583	1
2571	5.98356	1.98861	0.234341	1
2573	0.369683	6.73436	1.71025	1
2577	1.50763	19.8951	-0.205204	1
2587	5.83984	20.9695	0.796103	1
2589	0.00853106	10.6017	0.304274	1
2596	5.72278	12.0244	0.704091	1
2598	6.08282	11.1226	0.204705	1
2604	3.54179	9.44619	0.139915	1
2605	1.08508	11.9653	1.57577	1
2606	5.94037	23.3015	-0.111344	1
2607	3.99177	12.9231	0.105019	1
2611	3.7263	7.97229	-0.0331495	1
2612	6.65364	18.4383	-0.509448	1
2616	7.94083	24.8968	0.059264	1
2617	1.86858	2.02756	-0.417022	1
2618	5.19756	9.20357	0.806413	1
2621	2.49308	15.5797	0.826863	1
2622	4.04529	15.8209	0.665069	1
2623	4.97092	14.8076	-0.472181	1
2624	4.22588	15.188	1.24973	1
2625	5.63839	19.5708	0.795505	1
2626	6.55684	13.8642	0.285503	1
2627	0.689318	17.3645	0.83249	1
2633	6.66829	5.97513	0.185664	1
2637	2.30207	20.6903	0.00194279	1
2638	6.34115	1.30832	1.68001	1
2641	1.06437	18.9138	0.533352	1
2642	3.76855	18.4035	0.149358	1
2644	5.33897	3.3958	-0.658613	1
2645	4.31696	4.27206	0.856545	1
2647	2.90892	15.8909	0.430447	1
2649	0.388562	20.5996	0.516618	1
2650	1.42135	8.65541	0.63225	1
2651	2.87589	23.4294	0.369195	1
2654	6.32326	3.24127	0.91264	1
2656	1.58591	7.1157	1.35793	1
2660	2.87183	0.61305	-0.712877	1
2661	3.28455	1.08425	0.359559	1
2663	2.12892	17.0285	1.00435	1
2664	6.77872	21.2312	0.583613	1
2665	4.32606	6.46974	-0.32961	1
2666	0.303462	15.9186	0.215487	1
2667	1.50096	4.57262	0.498515	1
2668	2.1039	11.3414	-0.0365645	1
2672	4.10711	14.8407	0.00128816	1
2675	4.4665	10.6324	-0.32087	1
2678	3.33432	3.92318	0.0925359	1
2681	5.32358	24.1835	-0.649678	1
2684	7.52989	12.5772	1.54338	1
2685	1.07156	5.65174	-0.247206	1
2686	6.8231	4.96631	0.53196	1
2687	6.43719	4.33119	0.149635	1
2689	2.10374	14.1901	0.623322	1
2690	1.66236	13.935	-0.0201002	1
2691	7.39447	6.83931	0.380651	1
2701	5.79219	12.9127	1.50502	1
2705	5.79934	6.9339	1.1167	1
2706	1.49173	17.9698	1.05256	1
2708	2.27059	16.0373	1.38253	1
2709	2.38137	16.8915	0.519286	1
2710	1.40459	23.5871	0.817754	1
2711	5.6404	21.9624	1.35887	1
2712	5.53435	23.1224	1.40017	1
2715	4.71935	0.468324	0.309405	1
2716	4.40651	23.7096	-0.0802942	1
2717	6.03061	24.2957	0.229082	1
2725	3.72881	6.6085	0.32513	1
2726	3.90272	6.53067	0.76448	1
2728	3.81883	24.2049	0.435886	1
2734	6.03824	17.6487	1.04532	1
2737	3.35061	13.2105	0.813727	1
2738	2.58581	13.3269	0.284468	1
2739	6.93719	7.82916	0.717941	1
2740	7.29682	7.76317	0.447687	1
2744	7.12192	11.8154	-0.23877	1
2745	7.62477	12.1974	1.04889	1
2748	1.56348	15.4257	0.14355	1
2752	0.582869	16.4692	0.449725	1
2758	6.78168	18.0653	0.268404	1
2764	7.61284	8.12965	0.0396579	1
2765	7.28587	8.53776	0.255363	1
2767	6.05652	17.0742	0.659716	1
2769	7.84715	14.4375	0.118161	1
2775	3.62817	21.0821	0.230606	1
2781	1.87583	12.039	-0.707781	1
2782	7.0754	5.05122	0.612491	1
2784	2.10587	15.2193	0.382055	1
2786	7.26535	23.6884	0.359033	1
2787	7.78985	1.69711	0.398236	1
2799	0.815342	20.7425	1.10337	1
2802	7.39052	5.71904	0.562348	1
2804	3.63649	1.54176	0.246382	1
2806	8.26038	11.9544	0.869908	1
2807	6.7767	20.5344	-0.0431175	1
2808	6.37532	11.2108	0.215401	1
2811	4.70212	23.5358	0.743658	1
2814	4.95473	8.6858	-0.172519	1
2815	2.68494	6.13468	-0.0787836	1
2818	6.1811	20.4896	0.120906	1
2823	4.67651	3.97173	0.74824	1
2824	3.53864	4.22833	0.797324	1
2829	7.19539	4.12584	0.262125	1
2834	8.08574	6.00631	-0.11279	1
2837	3.44338	9.46682	0.43487	1
2838	2.96596	9.26283	-0.156185	1
2839	2.89988	21.0679	0.434147	1
2840	0.544955	3.1563	-0.122416	1
2842	6.00907	17.5387	1.12786	1
2846	1.49585	12.4476	0.795303	1
2849	6.20707	0.488649	0.185574	1
2856	3.57288	21.4779	0.720776	1
2857	5.72876	7.39942	0.572222	1
2859	0.459141	1.42375	0.699251	1
2860	0.334684	2.98838	0.336839	1
2866	2.37934	22.1886	0.134407	1
2867	5.92034	3.09891	-1.47868	1
2869	4.93138	19.129	1.11695	1
2872	3.95083	23.581	0.57024	1
2873	7.78671	4.79343	1.24324	1
2876	2.46591	22.38	0.622169	1
2878	2.85463	14.1065	0.266307	1
2883	5.90259	11.8981	1.15966	1
2884	5.9991	11.9801	0.651906	1
2887	1.32047	3.25526	1.4536	1
2889	4.09809	23.3159	0.46123	1
2890	3.8595	9.02144	0.0904915	1
2893	3.19771	9.98688	0.490278	1
2894	4.33168	24.2432	-0.688467	1
2898	3.04308	20.9867	1.13695	1
2904	5.43688	13.8009	0.882625	1
2906	2.09047	23.9764	0.245578	1
2908	5.64302	17.0124	0.470251	1
2910	3.84859	16.8119	0.963108	1
2915	5.04501	9.98189	0.801921	1
2919	4.38951	7.50221	0.037451	1
2928	1.88805	3.8284	0.180064	1
2932	7.58214	20.3159	0.311387	1
2933	0.0681929	22.7918	0.450897	1
2940	2.30387	0.215895	0.869372	1
2942	6.81751	7.6616	-0.0907017	1
2958	7.61118	3.69658	0.288755	1
2959	5.67897	19.1525	-0.534242	1
2962	3.91585	9.40411	0.123902	1
2967	8.19888	23.7679	0.0673707	1
2968	7.7074	8.29564	0.297973	1
2975	4.01788	9.18343	1.5093	1
2977	5.13971	20.995	0.541101	1
2979	3.69806	16.4282	0.222661	1
2981	7.84777	17.8314	0.391896	1
2983	1.54562	9.57836	0.171073	1
2984	1.52721	22.9799	-0.403298	1
2985	4.50714	16.3552	0.906311	1
2986	4.87292	15.9711	0.731148	1
2988	6.152	20.3898	0.01274	1
2989	5.70512	19.9829	0.533171	1
2990	5.64669	1.6557	0.476313	1
2991	4.10376	6.80209	1.06273	1
2995	7.93022	5.96742	0.125116	1
2998	6.04131	6.51222	1.07726	1
2999	2.21374	4.52693	0.0561826	1
3002	2.84347	11.3384	0.3986	1
3006	7.27052	17.7029	0.540548	1
3008	5.43278	23.918	1.19279	1
3012	7.28385	13.1754	0.67494	1
3013	1.31876	2.0273	0.371381	1
3015	3.34274	8.34251	0.143616	1
3017	0.583345	14.7181	0.320055	1
3021	1.43296	5.60242	0.131414	1
3024	3.38432	11.6624	0.744329	1
3025	5.11628	4.54413	0.820053	1
3026	3.52762	16.7362	0.649853	1
3027	5.07335	0.828291	-0.0664046	1
3034	1.64023	7.29415	-0.127869	1
3040	8.02007	12.0685	0.227233	1
3047	6.73423	16.1429	0.761141	1
3048	1.40872	6.37117	0.552236	1
3049	1.23416	3.99642	0.223481	1
3050	2.80741	12.5406	1.90525	1
3055	2.23679	14.8137	0.388031	1
3056	2.58406	14.5962	0.403257	1
3058	2.33543	9.16801	0.777345	1
3064	0.205421	3.62269	-0.289481	1
3065	0.818996	4.00212	0.749454	1
3067	6.08058	5.50063	0.599615	1
3068	6.42014	6.98656	0.415947	1
3069	4.72837	19.9744	0.33832	1
3073	6.78659	19.7377	0.37655	1
3074	0.94587	13.8347	0.136966	1
3081	2.43776	23.2292	0.894689	1
3082	0.228419	1.77759	-0.357037	1
3085	2.55918	0.693016	1.46965	1
3090	2.05319	7.87652	0.350419	1
3091	4.89031	18.3231	1.01459	1
3094	2.27608	18.2245	-0.293445	1
3096	1.51977	9.83831	0.741364	1
3102	2.27005	9.12878	0.556139	1
3103	4.63071	3.0163	-0.118492	1
3104	0.972271	2.05323	0.18511	1
3109	6.92323	9.01667	0.239203	1
3111	3.84113	18.9328	0.500041	1
3112	0.282621	19.7015	-0.401283	1
3115	4.41042	9.32393	1.66401	1
3123	8.15014	14.686	0.464894	1
3130	7.10015	22.5111	0.391942	1
3131	0.724133	9.80442	0.301079	1
3132	0.434644	10.0589	0.0429034	1
3133	1.91083	2.82397	0.346714	1
3134	2.9467	11.5262	-0.00254894	1
3136	7.95509	6.65774	0.66279	1
3145	3.08878	24.4172	-0.182655	1
3149	2.28883	19.3761	-0.0453333	1
3152	1.27438	3.78463	0.845739	1
3157	2.7219	9.19202	0.375538	1
3159	6.28796	6.4479	1.19105	1
3162	0.879569	19.0434	0.298479	1
3166	3.78328	18.1315	0.213878	1
3169	0.296055	24.6419	0.0196934	1
3173	6.83442	14.3231	-0.344061	1
3175	2.48433	23.2601	0.727839	1
3176	3.33398	7.61986	0.181693	1
3184	1.78246	22.0454	0.912249	1
3189	7.46401	10.8163	0.365088	1
3191	4.8583	0.31127	0.143288	1
3194	0.10751	19.621	0.435989	1
3198	3.74484	10.1912	0.0491378	1
3202	5.96674	5.21087	0.402591	1
3203	1.15019	9.69444	1.5984	1
3206	5.3161	10.5618	0.235357	1
3207	3.92465	17.9012	-0.270157	1
3211	7.97717	11.4778	0.861132	1
3212	4.14613	1.65467	0.787436	1
3215	2.75144	15.8693	-0.139225	1
3220	5.89685	12.8827	0.293472	1
3221	4.06439	21.2575	1.11824	1
3224	3.06206	18.7721	0.729793	1
3225	4.30997	15.9515	-0.789186	1
3229	7.98793	16.3562	1.25231	1
3232	0.137954	14.5986	1.09472	1
3235	2.62407	1.46294	0.89537	1
3236	2.66943	13.9605	0.258421	1
3237	5.10217	11.7601	0.391696	1
3240	2.62442	2.67839	0.856483	1
3243	3.76952	16.1183	0.844276	1
3244	7.38786	6.25063	-1.13308	1
3248	7.33937	8.60458	-0.0425847	1
3249	4.22374	21.1678	0.79995	1
3253	7.99497	6.72709	-0.0770002	1
3254	1.7994	9.7156	-0.445294	1
3257	2.29235	21.9502	1.84247	1
3261	4.62872	14.4823	0.173142	1
3264	7.25141	5.27806	0.543725	1
3265	3.28742	24.9824	0.581699	1
3268	1.09048	6.13279	0.47161	1
3271	6.41441	2.68223	-0.202407	1
3272	3.45512	2.17916	1.00924	1
3275	7.44982	5.84236	0.0950972	1
3276	5.80106	6.31427	1.1731	1
3282	1.31348	10.3487	-0.418114	1
3283	5.32804	19.7622	1.00625	1
3290	6.04206	24.0275	0.452187	1
3300	4.8398	8.16544	-0.13023	1
3302	5.61821	4.81304	1.2068	1
3303	5.22145	0.766422	0.749782	1
3306	5.97618	5.06781	1.00002	1
3308	7.82272	14.1921	1.63284	1
3311	6.98646	10.9215	-1.10703	1
3313	6.37524	2.73917	0.33589	1
3314	5.50277	24.1963	-0.0968862	1
3315	3.50587	14.1029	-0.111629	1
3316	7.93073	7.23129	-0.196172	1
3319	0.448321	11.819	1.33533	1
3320	0.695893	11.4198	1.45319	1
3321	2.8738	21.0785	0.622465	1
3322	0.734624	2.32399	-0.246358	1
3325	1.93228	15.9192	0.849516	1
3331	0.688909	7.71176	0.253978	1
3336	0.977025	16.7161	1.86208	1
3343	5.03369	20.9339	0.620549	1
3344	6.00618	10.2362	-0.848527	1
3347	7.10845	8.6945	0.789229	1
3348	5.70588	0.371165	0.160703	1
3349	3.30752	18.7354	0.744181	1
3350	4.86418	9.77502	0.0491347	1
3354	5.81875	6.39442	0.0254092	1
3355	4.13936	11.9302	-0.633762	1
3360	6.07481	4.42903	0.908487	1
3366	4.04463	13.3065	1.48558	1
3369	0.279795	6.07745	-0.0446483	1
3370	2.39133	3.58842	1.30091	1
3373	2.50526	16.4998	-0.0269745	1
3376	0.463991	24.741	0.220327	1
3381	4.31048	8.87471	0.726393	1
3382	2.64917	24.9079	2.13865	1
3383	2.67624	5.13096	2.42475	1
3385	2.81338	5.13884	0.669267	1
3386	2.48546	5.12031	-0.0518247	1
3387	0.589062	3.41163	1.22384	1
3388	0.840114	3.43799	0.773682	1
3392	1.90385	14.2622	-0.0365337	1
3396	6.53447	24.8454	1.38212	1
3397	8.06888	12.4969	-0.468005	1
3398	7.76828	12.5382	1.1147	1
3399	7.04706	5.5226	1.93245	1
3416	6.77123	15.1215	1.89757	1
3421	1.72686	19.8539	1.00326	1
3434	3.89819	3.14406	-0.0119303	1
3435	8.03247	18.6207	1.07032	1
3439	2.293	8.57133	0.759569	1
3440	7.2206	16.1773	-0.177272	1
3442	1.48698	7.48115	-0.468105	1
3443	3.00571	23.087	0.172009	1
3445	0.258506	9.04959	-1.21267	1
3447	2.0604	18.4719	1.2723	1
3450	5.24006	3.43068	-0.0690128	1
3451	5.01245	2.87955	0.926104	1
3454	8.18981	14.8611	1.45392	1
3457	3.98062	20.049	-0.410969	1
3459	7.61844	13.9666	-0.22985	1
3462	1.19565	9.77096	-0.538801	1
3464	2.3115	9.76387	1.00947	1
3472	8.33126	2.07038	0.303123	1
3475	6.24165	20.1573	-0.583866	1
3476	6.72202	20.229	0.328262	1
3477	8.17507	5.64323	1.27134	1
3478	6.74391	13.0375	0.246784	1
3479	7.02483	13.1308	0.791904	1
3481	2.28467	17.2174	0.283479	1
3482	4.598	10.9913	0.23455	1
3487	0.433989	4.59582	0.71073	1
3489	6.84859	11.0885	-0.417378	1
3490	5.33399	24.6154	0.225848	1
3497	0.685962	15.6859	0.962936	1
3501	7.77419	4.3495	0.181454	1
3505	4.40339	1.60568	0.267955	1
3508	0.34741	3.768	0.316521	1
3510	5.02401	7.64638	0.588903	1
3513	4.61015	0.266962	-0.303009	1
3514	4.83223	0.71156	-0.470021	1
3516	4.79044	13.6424	0.2883	1
3517	4.77378	12.8572	-0.0365824	1
3520	1.54126	24.5528	0.148141	1
3522	7.41255	4.39558	0.763002	1
3524	3.74508	6.77743	0.644426	1
3525	5.38102	13.794	1.79753	1
3527	2.32728	22.3037	-0.41884	1
3528	1.53171	20.5144	0.853893	1
3533	7.75621	11.2613	0.368351	1
3541	4.72833	15.4113	0.308395	1
3543	2.97689	7.64798	0.625952	1
3546	4.83882	23.9907	0.997108	1
3547	4.63808	24.0855	1.10736	1
3548	6.37534	17.7651	0.205183	1
3551	0.647362	19.405	0.692853	1
3553	2.97527	11.5529	1.32235	1
3555	5.46272	21.8711	0.00295624	1
3563	8.05708	11.5733	0.55028	1
3565	3.61508	5.87699	0.809851	1
3566	1.96923	7.91636	1.36907	1
3568	7.87416	11.7169	-0.679054	1
3573	1.92209	10.3584	0.518381	1
3576	7.64118	5.0583	0.787599	1
3577	4.49228	13.2974	0.530875	1
3581	3.28281	7.56332	0.570525	1
3582	7.00458	14.2896	0.403952	1
3585	3.30409	19.0725	1.83573	1
3589	6.18301	7.1727	0.453198	1
3590	3.64068	24.0554	1.52237	1
3591	3.54719	24.7234	0.988923	1
3599	5.86537	22.7331	0.559531	1
3601	4.0426	6.52081	-0.242685	1
3602	6.71792	19.0836	1.75052	1
3609	8.29152	4.35809	0.948707	1
3610	1.16013	18.9979	0.538436	1
3615	3.08633	16.1704	0.865752	1
3617	4.59322	17.7802	0.691368	1
3620	5.24361	14.7418	1.41854	1
3623	0.321524	10.7225	0.751338	1
3624	0.348178	10.0101	0.500831	1
3627	3.5719	6.50892	1.08061	1
3630	7.97892	8.68471	0.748271	1
3633	2.75224	15.2943	0.123852	1
3636	4.95419	18.1337	0.735054	1
3638	7.07399	22.6489	0.312505	1
3639	6.89622	18.9854	0.438871	1
3643	0.253638	14.2935	-0.224114	1
3649	0.68128	15.1497	0.592733	1
3651	2.80846	3.0917	0.621982	1
3656	3.28982	21.303	0.565637	1
3657	1.59104	23.7828	0.068455	1
3658	4.3825	12.885	0.193424	1
3660	6.67839	6.2461	0.248462	1
3671	0.565421	21.1807	0.04858	1
3672	6.49242	22.7056	0.0412292	1
3673	1.93441	12.6344	0.603275	1
3675	1.83596	21.5238	-0.226781	1
3695	0.250899	21.969	0.526052	1
3700	6.59003	21.5293	1.49501	1
3701	7.62191	15.5642	0.380527	1
3706	3.03761	9.50669	1.19683	1
3707	3.3858	9.46519	1.24504	1
3708	3.25497	8.99868	0.106495	1
3709	2.21181	5.56269	-0.102641	1
3712	4.39769	17.7171	1.47867	1
3717	4.16802	11.5502	1.30831	1
3718	8.32733	9.46119	0.805048	1
3722	2.33079	11.1452	0.107164	1
3723	6.48622	15.9347	0.303612	1
3725	6.01206	7.96533	0.0653247	1
3736	1.1606	18.4527	0.0660748	1
3740	2.18306	9.26544	1.06078	1
3743	5.57887	5.16626	0.923796	1
3745	6.13785	7.22068	-0.181299	1
3750	4.64396	18.9855	0.687409	1
3762	8.08191	22.0368	0.0423379	1
3769	5.95743	1.91862	0.140178	1
3771	2.32668	9.01754	0.406779	1
3772	7.27266	6.99143	-0.320862	1
3773	3.15644	17.1242	0.300553	1
3780	6.93724	5.35093	0.440736	1
3782	0.681539	17.4908	1.13264	1
3784	5.62295	19.4728	0.25399	1
3785	4.91563	20.152	-0.149299	1
3790	5.79246	23.6989	0.505834	1
3795	0.604511	20.7495	0.507081	1
3797	2.39901	4.75744	-0.0952548	1
3800	5.96244	18.8647	0.835168	1
3801	0.204448	4.38559	0.623598	1
3802	6.78399	18.0531	1.0067	1
3803	3.76975	6.1741	1.00315	1
3807	6.62358	21.893	0.63005	1
3808	5.54748	9.27591	0.534584	1
3812	6.65904	22.5506	0.810868	1
3815	6.10202	24.0747	0.511936	1
3820	2.38181	12.3446	0.0197442	1
3824	0.885088	18.0965	1.06127	1
3825	0.784916	17.7301	0.544082	1
3830	6.89072	22.7991	0.828111	1
3831	1.53975	22.2015	0.226602	1
3833	5.69304	11.7573	0.277497	1
3835	2.20851	11.1158	0.334231	1
3836	4.06604	22.3889	1.26471	1
3837	3.64782	14.8606	0.912486	1
3839	1.61308	14.3605	-0.120568	1
3844	0.396807	5.50814	0.443617	1
3848	4.27571	14.0735	1.39628	1
3854	1.47504	1.45891	0.528159	1
3855	3.86448	13.3739	-0.0700182	1
3856	3.43966	19.6672	-0.48561	1
3860	7.61447	3.71502	0.954845	1
3861	6.22109	8.16241	-0.0487121	1
3866	8.15705	9.25919	0.74923	1
3870	6.63598	17.7996	-0.59693	1
3871	6.1951	18.8056	1.12952	1
3877	7.86547	3.93054	-0.661737	1
3879	1.03454	5.92147	0.581409	1
3880	7.78583	10.1266	-0.157495	1
3883	8.23329	16.5991	0.396992	1
3884	2.85855	18.4742	1.32856	1
3885	3.5517	18.6038	0.423493	1
3887	4.1046	12.6495	0.0308948	1
3893	4.82078	7.12457	-0.34984	1
3894	5.57076	6.81364	0.0855297	1
3901	1.97405	20.955	0.467658	1
3903	0.263389	5.93656	0.661622	1
3906	7.55132	9.74021	0.982529	1
3908	3.09581	3.90649	0.945617	1
3911	3.48315	21.8641	1.45849	1
3912	3.39809	22.0484	0.624937	1
3916	3.97981	4.2188	0.713166	1
3923	5.88167	16.8293	-0.367055	1
3924	7.02566	21.9689	0.83826	1
3925	7.06205	14.5599	0.32218	1
3926	6.74289	14.0297	1.08764	1
3928	1.27346	4.32418	0.411719	1
3931	6.55296	8.41756	0.703661	1
3932	5.6422	16.9802	0.704522	1
3936	5.31618	9.24051	0.953283	1
3945	3.16322	17.9314	1.79164	1
3947	0.760959	21.8654	-0.466526	1
3948	1.64139	1.59945	-0.0693505	1
3956	3.92871	5.92834	-0.415559	1
3957	7.58677	17.57	1.03995	1
3960	2.12355	19.6498	-0.0108819	1
3962	6.62669	5.70607	-0.530688	1
3971	1.38359	6.43181	0.210987	1
3974	8.19952	13.1538	0.968427	1
3976	3.69524	0.374055	0.907317	1
3980	1.45884	19.0387	1.07263	1
3989	2.60882	22.4391	0.575964	1
4001	6.23333	16.8351	0.971842	1
4003	2.0432	1.21726	0.977261	1
4004	5.25247	11.0894	1.01258	1
4005	2.94083	4.06212	1.10077	1
4007	2.46313	14.9598	1.16231	1
4010	1.00459	6.36729	0.581781	1
4013	5.4649	22.6686	-0.145157	1
4014	1.65609	14.4503	-0.0296824	1
4016	7.07359	18.7589	0.340321	1
1	8.49511	13.2591	-0.280199	2
2	13.9794	13.5177	0.428758	2
6	15.8244	7.01217	0.240181	2
7	8.45717	3.9244	0.100522	2
11	11.1639	5.91387	0.909534	2
12	14.2963	0.965567	1.99776	2
13	9.6705	10.23	0.469014	2
15	13.6795	1.21935	0.230078	2
16	13.4519	1.7949	0.927824	2
17	11.7278	8.59768	0.470746	2
18	12.1001	17.8105	-0.558892	2
30	8.55156	20.7299	0.101851	2
33	13.0375	16.8625	0.370652	2
35	11.6522	6.8901	0.26287	2
36	10.8363	13.4706	0.735434	2
44	15.2089	14.9012	0.0312998	2
45	8.95611	4.02717	0.354641	2
46	8.43962	21.2905	0.148153	2
48	9.88347	6.83117	1.09063	2
59	10.0211	20.9636	0.513894	2
60	8.61012	17.2041	0.783289	2
61	9.57822	24.7555	-0.361667	2
62	10.1933	15.5659	0.532857	2
63	14.0975	22.7516	0.231595	2
65	8.81239	22.7919	0.799793	2
67	11.9598	7.5867	0.641334	2
70	15.7459	20.5502	-0.74095	2
72	10.8179	3.66262	0.197547	2
75	15.338	22.495	0.75098	2
81	12.0142	24.4081	1.29771	2
86	12.5203	12.6196	1.52244	2
88	11.8042	2.82261	0.468864	2
90	8.80538	23.0599	-0.88706	2
93	12.2716	20.3864	0.818004	2
95	13.2006	9.09411	0.938926	2
97	12.5615	22.3282	1.02692	2
99	8.7578	19.6629	1.50116	2
102	9.68466	10.7666	0.856403	2
104	12.8806	8.03162	-0.630453	2
112	10.6941	23.4245	0.536258	2
114	10.5616	10.3455	0.167603	2
115	8.78638	14.5772	0.26036	2
121	11.9843	2.60894	0.185182	2
124	12.5562	17.4105	0.666215	2
132	16.022	24.2368	1.56249	2
136	12.7074	20.5622	0.25175	2
139	8.34979	18.1472	1.08907	2
142	15.6376	22.0486	0.684847	2
145	8.73163	2.64824	0.506849	2
152	11.6588	1.17791	0.63014	2
158	10.001	12.3474	0.537199	2
159	14.5329	18.1869	-0.223695	2
160	11.8565	18.1377	0.320289	2
161	12.163	23.9137	0.766733	2
162	12.4296	6.29411	1.53788	2
164	9.86386	3.60212	0.335814	2
165	12.6937	8.76856	-0.220007	2
167	14.9016	21.273	1.4019	2
169	11.0024	21.3998	0.0917138	2
170	15.361	21.2804	0.425039	2
187	9.78171	1.08322	0.936769	2
189	12.1688	0.968725	1.03548	2
190	15.0525	21.0798	0.771338	2
191	13.3738	19.1002	-0.982381	2
192	10.5202	15.3288	0.224071	2
195	8.5148	2.49662	1.33887	2
196	9.49701	22.2162	-0.283681	2
197	16.0366	12.2315	-0.146715	2
198	14.6105	21.1863	0.454955	2
200	11.1373	17.6531	0.313966	2
202	11.3928	4.40732	0.187622	2
203	10.4831	14.6627	0.600994	2
204	8.71495	20.6389	1.1148	2
206	12.5157	5.73551	-0.822009	2
212	10.7575	16.3414	0.756245	2
214	10.5273	1.58289	0.988769	2
216	12.1139	22.5249	1.22847	2
218	11.0694	7.79708	0.255978	2
219	12.6577	14.544	0.621733	2
221	9.82752	7.66156	0.46404	2
226	15.9697	9.23097	0.447908	2
229	8.81786	1.30625	-0.0444782	2
230	9.67736	17.8748	-0.13235	2
239	14.1564	11.1439	-0.134034	2
242	14.1767	7.78909	0.551343	2
245	9.30507	17.5244	0.0632093	2
251	11.6929	10.6152	1.0395	2
252	16.4166	24.4225	0.799209	2
254	11.0415	2.67534	0.563308	2
255	12.4535	22.3001	0.822584	2
261	13.7705	6.86093	0.178135	2
266	13.0555	10.2315	-0.10135	2
268	16.2835	14.1736	0.0870308	2
269	13.8469	24.6075	1.19575	2
273	13.3568	5.83478	1.07396	2
274	10.568	21.7366	-0.729381	2
278	9.74224	13.2393	0.519616	2
279	9.79292	3.60851	-0.410501	2
280	11.5003	12.3834	0.413239	2
283	10.584	6.53728	0.976964	2
289	12.8506	0.838365	0.637792	2
299	15.4695	6.67143	-0.00248317	2
303	14.1499	11.6374	-0.181896	2
322	14.5928	10.4309	-0.291145	2
325	9.91923	13.199	-0.353698	2
326	11.9943	4.1898	0.0813756	2
327	13.3587	20.8061	0.841592	2
331	14.6623	5.51752	0.0428509	2
336	16.1301	21.5082	1.28706	2
338	15.9069	14.8156	-0.00586858	2
339	9.1528	7.57281	0.882047	2
340	10.268	5.96637	1.41489	2
352	9.80894	10.1787	0.0188411	2
363	16.5941	2.79139	0.801673	2
364	15.8958	12.1623	0.7518	2
365	16.0935	16.1936	-0.0211751	2
370	10.6081	22.2314	0.847291	2
371	11.2793	1.60161	-0.195694	2
372	9.45363	0.292678	0.703488	2
374	11.144	5.54914	0.617494	2
376	13.7557	23.8349	-0.228147	2
379	15.1694	16.7485	0.991002	2
380	14.4183	19.3767	1.21927	2
383	13.298	18.3995	0.702237	2
385	13.4294	0.776087	1.00262	2
386	10.6984	22.1571	1.09303	2
390	15.6056	21.0589	0.0252385	2
395	10.4817	14.8462	0.735698	2
398	16.452	18.739	0.578603	2
400	13.8938	1.02717	0.800924	2
401	15.482	14.9857	0.677088	2
406	13.6407	10.9133	0.751681	2
407	9.47372	4.43775	0.0995801	2
408	11.5929	19.8869	0.799801	2
414	14.6134	22.9193	1.08049	2
420	13.273	5.95771	0.0605909	2
422	14.7825	0.241281	-0.612273	2
427	15.1155	4.26363	0.325758	2
428	10.0421	7.14677	-0.166487	2
429	14.3889	5.67879	-0.678736	2
433	14.1489	14.4765	0.848179	2
438	16.0034	10.0733	0.202036	2
441	16.4631	18.2397	0.755943	2
442	10.4228	4.54572	0.452691	2
446	10.5341	7.06712	0.102273	2
450	9.86354	16.3654	1.54141	2
453	13.8539	9.29108	0.274288	2
454	15.9111	19.0315	-0.11813	2
456	14.0929	14.2815	-0.102161	2
460	12.3176	17.5211	0.679111	2
463	14.6602	22.3625	0.725081	2
465	13.2501	4.84587	0.454798	2
469	8.3864	5.98474	-0.250628	2
471	8.4026	12.7686	0.092617	2
477	9.13795	21.2735	0.446767	2
482	12.2022	15.5801	-0.272155	2
484	11.7199	15.226	0.812169	2
485	10.0485	17.1347	-0.251472	2
488	15.3164	14.0463	0.264083	2
491	16.0937	22.6302	-0.120872	2
494	10.6377	3.15006	0.0604751	2
495	13.5863	8.59916	0.507233	2
502	13.6457	7.44169	0.100232	2
505	11.4845	13.0255	1.02521	2
508	10.1757	7.19078	-0.439284	2
511	9.93706	18.8059	-0.1606	2
517	16.0376	18.7487	1.29901	2
518	16.1947	9.07829	0.807716	2
523	11.6939	13.5902	-0.250163	2
529	15.5651	18.4269	0.294814	2
531	11.1279	12.6151	1.40055	2
532	13.5841	5.31375	0.488169	2
534	14.9456	4.19988	1.13807	2
536	13.2781	15.5775	0.611827	2
537	15.348	11.7885	0.349222	2
539	12.3184	15.9677	0.336448	2
544	11.0367	23.1257	-0.0930977	2
545	9.93741	24.0701	0.35601	2
547	13.74	2.55426	0.339734	2
548	12.2492	3.05637	-0.851371	2
549	14.6874	9.17349	1.20904	2
551	15.8891	18.4072	1.04993	2
559	15.988	18.5671	1.51959	2
560	9.49803	0.0312714	-0.0391919	2
563	14.7473	0.175125	-0.217811	2
572	10.897	4.99095	0.636205	2
573	8.55515	15.1982	0.854509	2
578	12.5353	15.1344	1.04454	2
579	15.4823	18.9466	0.812008	2
580	14.9373	8.80253	0.000854753	2
582	12.5037	9.59043	0.139198	2
584	9.89558	13.6564	0.320007	2
585	9.03133	23.1479	1.05168	2
586	9.8011	2.0757	1.17748	2
590	12.05	0.200572	0.700977	2
592	11.7118	9.24065	0.187251	2
594	8.91388	5.78193	1.25616	2
595	16.48	14.1442	0.341955	2
598	14.9992	6.37235	-0.443086	2
600	14.0236	12.0107	0.848196	2
601	9.59544	20.8451	-0.234419	2
616	12.4751	4.05142	1.48176	2
618	12.4912	15.2913	0.0385631	2
622	12.8392	22.1184	0.114161	2
634	13.8667	4.45422	1.41484	2
639	12.6193	11.3802	1.59443	2
644	14.1912	18.0515	-0.656886	2
647	10.8052	19.9977	0.756403	2
648	15.8201	2.19014	1.13844	2
651	16.2557	5.83306	0.702869	2
652	10.8519	0.354558	-0.0562811	2
655	10.7681	11.4201	0.468494	2
662	9.8403	3.63193	0.0897386	2
667	16.4092	6.39277	-0.424523	2
668	9.43153	12.433	0.403024	2
669	10.1391	18.015	0.392674	2
670	13.1401	13.148	0.159148	2
671	15.8982	12.2368	0.873548	2
672	15.6436	4.08013	0.35533	2
676	9.82584	2.70567	0.381081	2
679	9.33478	8.04787	0.462285	2
683	9.17037	15.5457	-0.833478	2
686	10.8401	13.1839	0.82481	2
690	9.44778	1.27544	0.752005	2
694	8.76269	9.06372	-0.605831	2
695	16.1813	23.234	0.000176164	2
698	13.0263	13.9546	0.909963	2
701	14.4939	14.3323	1.01401	2
703	16.1216	22.8417	1.04782	2
704	12.0141	12.6474	-1.06056	2
708	11.8509	3.89321	0.885204	2
710	13.5138	14.4615	-0.000940927	2
711	15.6176	2.92834	0.351838	2
719	9.63403	17.2219	0.336875	2
724	16.6113	7.22066	0.0547173	2
725	9.23117	12.7089	0.777216	2
729	13.8771	2.38676	0.577898	2
730	16.3808	1.94103	0.449316	2
731	10.2511	2.77623	0.0719618	2
733	14.8622	0.713582	0.581746	2
736	9.83799	6.82597	0.607082	2
737	16.373	5.81695	0.0263975	2
738	14.4449	8.18718	0.0108027	2
749	10.1747	2.13665	0.50199	2
752	11.7655	19.8504	1.0745	2
753	12.0903	21.8062	-0.0829691	2
756	15.511	5.58381	-0.00899614	2
757	14.489	17.7385	0.691383	2
761	15.3906	13.7707	-0.220463	2
769	14.1113	3.16595	-0.108379	2
778	15.4379	4.4743	0.729556	2
780	9.8457	11.3295	0.800076	2
782	13.8224	9.15355	-0.213109	2
789	8.61597	3.95463	1.3482	2
795	15.8163	23.4644	1.07796	2
796	16.4203	19.3106	1.02399	2
800	16.6469	14.4815	-0.323265	2
803	8.75395	4.88825	0.0402464	2
807	12.1104	10.2884	0.551181	2
813	13.3937	6.38583	0.318724	2
814	10.2234	17.0624	0.0906685	2
815	10.9299	12.0052	-0.0581253	2
822	15.9791	17.5362	0.329603	2
828	16.059	19.0913	0.498876	2
829	10.5253	13.9579	0.594068	2
830	15.9222	20.3904	0.528684	2
833	16.651	21.453	-0.0643396	2
834	10.0041	15.9376	0.247746	2
838	16.4515	8.46674	-0.257854	2
839	11.1078	24.5142	-0.439568	2
840	15.4738	17.2816	0.71125	2
841	16.3257	6.36583	0.534553	2
844	14.23	10.469	1.99481	2
845	11.0481	22.0625	0.231403	2
846	15.7958	21.105	1.24498	2
849	10.8322	8.40577	-0.438078	2
850	11.0212	13.7174	1.25142	2
853	10.7821	21.0475	1.02799	2
855	9.56861	22.0365	0.0225919	2
858	11.5445	4.23498	0.202457	2
859	11.4959	2.3414	0.310225	2
861	11.2787	20.4538	0.718084	2
863	15.0791	1.19154	0.482502	2
864	12.6726	2.46703	0.217829	2
865	11.0647	15.3881	0.936133	2
867	9.13478	3.74934	0.0787703	2
869	14.9983	22.8211	-0.201338	2
873	14.6176	21.2848	0.926501	2
876	10.5187	16.429	-0.560792	2
877	9.63996	15.9459	0.00831519	2
888	12.8552	14.9263	1.03612	2
891	16.1153	20.1145	1.23179	2
893	15.6846	12.4032	-0.516806	2
894	15.0313	7.45704	0.850471	2
902	16.5695	9.40217	0.916453	2
906	11.9259	17.1333	1.06477	2
908	14.3042	14.3205	-0.0666923	2
910	16.1674	0.199054	0.309988	2
912	12.2812	18.8126	0.76345	2
913	13.0349	15.3221	1.09492	2
914	9.25467	5.00429	0.901394	2
920	9.8287	10.3752	0.350981	2
921	9.45678	9.78678	0.267338	2
926	8.56423	13.6811	0.49592	2
927	11.7249	21.6151	-0.779997	2
930	11.9496	1.59825	0.172789	2
933	13.9866	0.788734	0.133953	2
938	8.58304	12.7811	1.23346	2
940	10.3552	23.7919	-0.230148	2
943	12.8867	6.67034	0.93568	2
944	9.23483	19.2176	0.147305	2
945	9.53027	12.2395	0.0585749	2
946	10.1891	11.0003	-0.289834	2
949	13.7423	19.7164	-0.128169	2
950	11.606	10.1633	0.556273	2
951	10.1862	3.43933	0.0259831	2
952	16.1504	3.70313	-0.173567	2
957	13.7881	13.5164	-0.0650234	2
958	10.0248	1.69467	0.708656	2
960	9.97187	10.0591	0.707602	2
964	15.5774	7.80514	1.3338	2
965	14.1167	23.9462	-0.087434	2
972	9.17191	18.8955	1.34004	2
973	14.4475	14.056	0.288792	2
976	13.6124	11.7701	0.529886	2
984	10.1728	18.4072	0.454722	2
987	11.7069	3.76292	-0.362196	2
989	13.9126	16.0056	0.103954	2
994	10.4	5.84258	0.251587	2
997	12.1902	7.65246	0.48746	2
998	12.4985	1.52116	-0.181062	2
999	15.7992	3.21053	0.804612	2
1000	13.2729	13.634	-0.275779	2
1004	15.3399	21.6665	1.44663	2
1009	13.6441	5.66608	0.522506	2
1010	11.9643	15.8101	0.983506	2
1015	16.0227	11.9762	0.879731	2
1021	15.5924	10.3033	-0.129291	2
1024	13.4523	9.81613	0.856639	2
1025	13.1916	17.2985	0.51396	2
1028	14.0046	14.7847	0.360095	2
1033	11.0925	22.598	0.582338	2
1042	13.0601	13.9768	0.148252	2
1050	15.0369	2.82565	-0.117742	2
1051	10.3407	13.9362	0.873123	2
1052	12.882	4.55246	0.638876	2
1055	14.5577	23.5803	1.32327	2
1062	14.2445	18.6376	0.0196741	2
1066	11.9423	0.997064	0.818868	2
1072	13.6808	11.5035	-0.260513	2
1075	10.5413	11.8693	-0.23268	2
1077	14.0477	23.4641	0.63701	2
1078	16.0962	8.29417	0.232379	2
1079	11.2948	11.8875	0.84715	2
1080	12.0721	18.9919	0.497185	2
1083	12.5943	20.1382	0.120003	2
1086	16.0532	22.5362	0.238402	2
1090	8.88863	1.38964	0.124252	2
1092	13.8808	11.1182	0.170693	2
1107	14.6245	15.881	-0.13914	2
1108	9.6489	3.40031	0.344455	2
1109	13.5116	2.33367	0.952842	2
1110	9.49711	20.6808	0.0993004	2
1112	14.0982	20.0332	0.0419799	2
1116	11.6501	24.3691	-0.216534	2
1118	12.4623	8.74396	0.381389	2
1123	10.1828	2.88332	0.227295	2
1125	8.65834	0.627678	-0.656233	2
1127	10.8405	10.2274	-0.0366889	2
1129	8.63	2.3915	0.245023	2
1131	14.8949	23.4698	-0.203691	2
1132	14.6622	2.776	0.763136	2
1134	15.4431	22.6374	0.654599	2
1140	10.6803	16.2235	1.53797	2
1143	14.8554	24.0887	1.07129	2
1158	10.5266	18.5536	0.690686	2
1159	9.38267	15.2503	0.344812	2
1163	8.97062	22.8221	0.592321	2
1164	9.34933	13.5664	-0.17811	2
1165	10.1143	11.0028	0.296568	2
1166	12.1127	23.588	0.493292	2
1169	9.85425	17.0569	0.913109	2
1172	9.66439	0.489334	0.327462	2
1174	14.8537	16.0639	0.934319	2
1178	14.5502	24.4719	0.266111	2
1180	16.388	10.1016	0.191873	2
1187	12.3569	15.4448	0.55762	2
1188	13.8901	22.1016	0.562732	2
1193	10.7836	11.0913	0.0287159	2
1194	12.6627	5.24111	-0.195628	2
1197	10.3492	18.2987	0.996553	2
1198	15.7579	9.2679	0.891333	2
1199	15.5985	13.1704	0.378913	2
1200	11.8029	10.7042	0.978718	2
1201	14.2372	12.3005	-0.137317	2
1208	16.4319	24.6864	0.270124	2
1210	13.1553	19.2768	0.302055	2
1211	10.8596	10.5778	0.0787555	2
1212	12.7695	24.2528	0.676833	2
1213	11.5521	11.9686	0.302333	2
1216	10.1183	1.41656	0.588868	2
1227	12.4127	17.7183	0.307863	2
1229	16.5779	1.57809	-0.156389	2
1231	14.0241	1.59597	-0.163013	2
1234	11.0815	2.92152	0.604015	2
1236	16.3583	6.05724	0.527293	2
1249	12.1888	16.6954	0.0852354	2
1253	10.0855	15.1728	-0.0743397	2
1254	14.8134	20.64	0.425881	2
1255	10.7913	24.9237	0.363954	2
1262	14.791	3.79761	1.75232	2
1265	10.9716	19.1676	-0.213038	2
1267	14.5509	2.92346	-0.546682	2
1268	12.921	3.71241	0.374383	2
1270	10.9172	11.138	0.20844	2
1271	10.9454	17.7434	-0.380004	2
1274	9.44703	2.64712	0.998747	2
1276	15.7672	20.6909	0.528302	2
1279	9.35813	3.79541	1.24678	2
1285	11.1352	13.3672	0.550194	2
1292	15.5055	8.63009	-0.013654	2
1298	12.0531	1.92146	-0.0856114	2
1299	13.6759	23.1451	0.339814	2
1303	12.1864	13.5583	0.285231	2
1304	13.2549	5.69875	1.63587	2
1305	15.9322	16.8493	0.458174	2
1306	10.3711	5.10386	0.478474	2
1308	8.3578	4.71087	0.125442	2
1309	13.169	22.7102	0.327852	2
1310	12.1152	7.68687	0.978524	2
1315	11.9115	24.9697	-0.108491	2
1316	13.5287	15.147	-0.234744	2
1317	11.4507	6.47068	0.360635	2
1318	13.1436	12.6086	0.738532	2
1319	11.0772	17.7648	-0.107521	2
1322	10.7781	20.2455	1.31704	2
1323	15.3256	18.4184	-0.137153	2
1324	13.6459	6.49524	-0.0984178	2
1325	10.6447	13.2764	1.36173	2
1338	11.6263	15.291	1.88359	2
1342	16.3318	19.8244	0.856543	2
1343	9.93008	16.7478	0.730412	2
1345	13.6666	18.5023	-0.0974568	2
1351	13.2567	7.91483	1.09289	2
1354	9.69024	1.81518	0.759216	2
1356	9.77216	4.59412	0.706524	2
1357	8.77118	19.1365	-0.402986	2
1364	14.9632	13.8064	-0.0679688	2
1374	12.2204	15.9443	-0.0647943	2
1375	14.0791	10.3451	-0.415061	2
1376	16.4155	21.1924	0.304321	2
1378	15.4093	22.3335	-0.273056	2
1384	9.27764	22.2528	1.13714	2
1385	15.2751	0.370628	0.50412	2
1388	12.5748	19.4966	-0.0995366	2
1390	9.00911	14.0691	0.948241	2
1391	9.82013	8.46025	-0.176676	2
1393	9.78209	10.8432	1.23311	2
1394	9.48427	18.2694	-0.963353	2
1397	15.8852	12.7676	1.44567	2
1398	13.6746	4.60904	0.0603443	2
1399	8.90233	6.60644	0.605529	2
1401	13.3531	20.9469	1.76222	2
1402	14.4899	5.77112	-0.00833007	2
1405	15.5343	12.9626	0.442901	2
1406	12.2701	11.6555	1.3368	2
1408	11.2354	18.0022	1.49828	2
1410	11.3861	20.8928	0.740706	2
1415	13.2582	2.92066	0.575845	2
1417	9.21395	11.0359	1.45948	2
1419	9.97984	4.12738	1.62413	2
1425	12.2832	22.0858	1.21892	2
1426	16.2579	10.4539	0.88473	2
1431	11.5509	11.7801	-1.3329	2
1432	14.045	10.3282	1.40122	2
1433	8.38844	14.0114	-0.0681836	2
1435	12.7897	15.5331	0.553862	2
1436	10.1435	13.4697	0.590942	2
1441	9.75782	20.0317	1.01228	2
1442	15.5141	6.22554	0.525939	2
1448	15.349	11.524	0.581824	2
1459	15.0219	24.2274	0.101003	2
1463	9.80822	19.45	1.39619	2
1464	13.7398	17.4004	0.876553	2
1468	16.0423	9.1458	0.531497	2
1471	14.0955	0.941091	1.26165	2
1473	10.6447	16.5352	0.531272	2
1476	15.2521	9.89225	0.980888	2
1483	12.9067	7.55194	0.489351	2
1484	11.3281	19.922	0.0406713	2
1486	9.39782	22.8121	1.58497	2
1495	16.6006	18.8674	0.429942	2
1496	12.201	24.4593	0.768058	2
1498	13.9568	19.0968	-0.259806	2
1505	8.76514	24.0411	0.00125676	2
1506	12.1592	5.26488	0.339273	2
1509	9.92524	3.83363	-0.196809	2
1510	15.9346	23.7994	1.02782	2
1511	13.0487	9.631	0.843149	2
1513	16.0805	11.3037	-0.00342947	2
1517	16.2315	20.1589	0.469068	2
1522	14.1808	9.48643	-0.261619	2
1523	11.1651	0.850619	-0.256965	2
1532	8.98781	3.67011	-0.543123	2
1533	15.2347	6.73445	0.453901	2
1539	12.3614	10.6486	1.14335	2
1549	15.4331	22.7513	-0.0477712	2
1555	9.61261	21.6753	-0.0873322	2
1557	13.4628	5.22015	0.509975	2
1559	14.4339	11.1573	0.801992	2
1560	12.319	1.98758	0.191281	2
1565	14.3539	11.4911	0.817429	2
1568	10.7907	9.95958	0.910727	2
1569	10.4496	10.2428	0.467476	2
1574	14.4749	15.9669	-0.0712112	2
1575	15.5986	15.2697	0.961118	2
1580	8.83178	5.62876	0.395004	2
1581	11.8258	4.29774	0.513403	2
1583	13.3868	3.97856	1.23361	2
1588	10.5936	18.9836	0.095431	2
1594	15.6191	22.8091	1.85519	2
1601	11.3064	18.8324	0.723455	2
1605	9.41815	17.8522	0.158531	2
1608	15.762	10.0423	0.12346	2
1609	12.0749	8.61627	-0.328102	2
1611	11.9646	21.3694	0.224309	2
1612	9.41901	3.79166	0.609671	2
1615	14.223	4.88192	0.58661	2
1616	14.894	3.47683	0.287929	2
1619	16.2196	2.1496	0.126465	2
1620	16.2616	6.00834	0.615053	2
1623	16.5447	12.5938	0.655556	2
1624	11.1584	23.7174	0.934536	2
1626	9.34661	15.9205	1.06287	2
1628	15.4424	18.9672	-0.144688	2
1631	12.3409	11.0097	0.513573	2
1634	9.14193	21.1002	0.629905	2
1637	12.4954	12.0107	0.109862	2
1638	12.547	7.18268	1.079	2
1644	8.37091	17.1594	0.0555098	2
1645	9.00656	6.89165	0.167387	2
1649	8.40679	7.35795	0.82527	2
1652	13.2452	23.5229	1.38831	2
1653	10.6543	15.1523	0.822213	2
1655	13.3874	6.31331	1.03172	2
1662	9.77626	24.5394	0.157159	2
1663	10.8313	15.5665	0.362758	2
1666	8.58487	8.21873	0.379099	2
1667	16.246	16.8381	1.15197	2
1668	10.1029	8.33315	0.786054	2
1669	10.4508	19.6589	0.242961	2
1673	13.2918	12.8433	0.0645216	2
1674	9.78991	10.9187	0.306071	2
1676	10.867	3.88864	1.20873	2
1678	10.6113	21.5975	-0.0923842	2
1681	10.301	8.19476	0.110536	2
1686	14.4366	16.1262	0.333553	2
1687	14.4561	22.5609	-0.571333	2
1688	15.076	10.8188	1.20172	2
1695	8.91384	5.30691	0.831665	2
1697	14.2527	22.7294	0.897581	2
1699	12.1283	4.65682	-0.409593	2
1704	14.5228	16.5837	-0.130549	2
1708	10.2471	3.84771	0.773536	2
1709	15.3593	17.1378	0.309524	2
1710	14.6011	13.1667	-0.155824	2
1714	11.5189	7.40207	0.839315	2
1716	10.1267	6.63036	0.230308	2
1721	15.3616	20.1748	0.959949	2
1722	10.3664	24.3081	0.219094	2
1723	9.06767	24.2666	0.341808	2
1725	13.028	23.7783	0.862366	2
1728	12.2525	13.998	-0.354058	2
1730	12.4893	20.3195	1.09698	2
1732	14.0644	12.3314	0.334903	2
1733	14.3063	23.4495	1.30945	2
1737	11.0855	6.85182	0.0342873	2
1738	9.51832	12.1915	0.924936	2
1740	11.5572	5.72787	-0.657277	2
1741	16.6645	8.06549	1.37258	2
1744	15.65	11.1983	0.80289	2
1747	10.6755	5.21034	0.0566257	2
1759	15.7498	6.80653	0.653159	2
1760	10.0468	3.68749	-0.0493788	2
1763	8.5193	24.8057	1.29946	2
1764	10.5572	0.492034	-0.176303	2
1771	9.24417	4.83599	1.74997	2
1772	16.0357	13.0905	1.25904	2
1773	14.8432	7.41031	1.16272	2
1776	13.0198	12.05	-0.333468	2
1777	13.7774	12.6788	0.969957	2
1790	11.4173	13.5902	0.215631	2
1791	10.6096	7.78983	0.17795	2
1801	9.89805	17.3834	0.310372	2
1802	14.4243	11.6106	0.219471	2
1804	10.9378	16.4179	1.1076	2
1805	13.2527	16.4156	0.166291	2
1806	11.7951	10.9862	-1.40102	2
1807	12.4008	12.1109	1.415	2
1808	13.4346	6.71275	0.866271	2
1809	16.1179	22.9241	-0.326084	2
1813	15.9304	1.08554	0.384106	2
1817	15.9401	13.1943	0.65482	2
1822	10.938	10.0861	-0.194921	2
1823	11.2738	9.70321	-0.171507	2
1824	9.15893	6.21232	0.246697	2
1825	15.9493	6.30417	-0.375457	2
1827	15.9354	17.1863	0.850751	2
1834	12.3457	23.4772	0.836637	2
1836	13.4953	8.4496	0.301362	2
1844	11.9473	19.1242	0.407374	2
1846	10.9665	6.83498	1.28957	2
1855	11.7348	23.3079	0.264506	2
1856	11.9136	22.9228	-0.20217	2
1857	10.4163	22.8558	0.764656	2
1859	10.3493	22.2683	-0.0228117	2
1862	13.6463	17.9085	0.0859268	2
1864	12.0987	5.94042	1.01603	2
1872	12.367	17.1287	-0.416213	2
1875	11.5963	0.327868	0.524119	2
1880	10.819	2.30973	-0.844369	2
1890	14.1152	21.0198	0.789636	2
1892	11.1651	4.48758	-0.315937	2
1901	10.4309	6.24865	-0.781387	2
1904	14.7831	16.6721	0.414254	2
1912	12.5284	10.5357	0.588172	2
1913	9.8201	2.58803	-0.310451	2
1919	9.19642	9.00789	0.904227	2
1927	10.4665	10.6806	0.367757	2
1928	9.10928	8.60653	0.195302	2
1929	15.5571	14.0526	0.504332	2
1934	13.4093	23.2781	0.97359	2
1936	8.72383	5.03577	1.88169	2
1938	11.7722	4.72407	-0.0153349	2
1939	10.3257	0.940469	0.465669	2
1940	9.17659	0.404626	0.92792	2
1954	16.368	14.0017	0.726326	2
1956	11.829	10.2742	0.825576	2
1964	13.4511	24.7025	-0.0338139	2
1967	13.2557	14.3628	0.401055	2
1968	15.1095	6.25249	0.729601	2
1969	12.3883	18.156	-0.710684	2
1977	16.6518	21.572	0.233632	2
1982	11.2287	7.74252	1.70851	2
1983	12.8228	16.8317	0.00629552	2
1992	9.89646	4.88905	0.417671	2
1994	12.5552	10.902	-0.484206	2
1998	10.3962	15.0423	0.640428	2
2002	15.5507	3.61244	0.320093	2
2005	10.1298	17.6724	0.380564	2
2008	16.3584	12.4245	1.05816	2
2011	9.81382	6.7863	0.513355	2
2013	10.0702	23.433	0.528867	2
2014	16.6064	2.05873	0.391977	2
2017	16.1707	3.43016	0.748237	2
2019	9.69643	7.84184	0.85005	2
2020	13.8818	8.09685	-0.372836	2
2022	15.8403	24.357	0.58549	2
2029	13.5152	15.6759	-1.05527	2
2036	9.8557	14.5277	0.346842	2
2037	13.5479	6.12481	-0.53351	2
2040	11.5737	18.4795	0.255635	2
2044	8.84683	13.2616	1.31449	2
2046	14.8712	20.4175	0.843824	2
2049	8.87616	19.6003	0.20821	2
2050	13.0206	18.9851	0.0954762	2
2052	11.9046	13.8824	1.06684	2
2053	13.2363	16.064	0.449809	2
2055	15.3045	7.65853	0.672466	2
2057	13.367	21.196	0.461825	2
2065	11.9495	4.92099	1.00053	2
2068	12.5475	19.6453	0.944105	2
2075	12.6086	5.3986	1.03846	2
2082	14.1957	17.6941	-0.182174	2
2088	11.6069	17.0496	1.3697	2
2092	11.5731	9.70259	1.7799	2
2093	11.2743	9.29479	1.34265	2
2094	10.8718	10.9958	0.494544	2
2095	9.73197	10.9024	-0.104479	2
2096	9.80543	22.2271	0.857883	2
2097	10.7681	24.4296	0.935307	2
2099	15.9841	0.546815	-0.188045	2
2100	14.0339	4.05283	0.759992	2
2101	12.8682	2.79933	-0.69194	2
2106	12.9276	2.05747	1.07707	2
2107	9.36726	18.8399	0.363458	2
2108	14.8366	6.92256	0.149678	2
2122	10.5647	12.6072	0.40247	2
2123	14.8206	20.6269	0.812464	2
2128	8.54946	1.97821	0.195231	2
2129	8.75318	2.18148	0.511048	2
2134	15.4025	8.27052	0.302587	2
2135	14.8728	1.6133	1.3368	2
2137	13.0533	15.8202	-0.520095	2
2141	12.4545	11.158	0.298789	2
2145	12.2099	18.407	0.672524	2
2147	15.3303	18.5249	0.552339	2
2148	13.1184	4.84715	0.822997	2
2152	13.6903	17.8791	0.865801	2
2153	13.1693	1.41729	0.583849	2
2154	12.659	22.4397	1.01598	2
2165	11.3578	2.34268	1.12294	2
2169	12.3428	6.97639	2.08645	2
2174	11.2028	24.5326	0.947065	2
2175	10.597	23.6613	0.323286	2
2177	13.6656	8.71187	-0.159096	2
2180	8.33397	20.1134	0.833672	2
2181	10.9174	14.4605	1.31022	2
2187	8.96643	10.6586	-0.772548	2
2188	13.6833	5.98538	0.861425	2
2190	9.58009	10.35	0.0678535	2
2193	13.5604	4.3639	-0.0945971	2
2196	14.2059	17.4807	1.26214	2
2198	14.2382	23.8529	1.4624	2
2199	13.0313	19.9567	-0.103938	2
2210	11.8272	20.5403	-0.125093	2
2213	11.3342	13.0228	-0.726679	2
2214	9.3961	20.7373	0.835558	2
2215	14.6382	20.7138	0.858227	2
2216	13.2734	9.90539	1.529	2
2217	15.9306	16.2238	1.29532	2
2221	11.1224	21.9008	0.330529	2
2222	14.2893	0.441747	-0.578287	2
2225	15.6568	3.2401	0.760311	2
2227	14.8022	12.4553	0.135018	2
2228	14.8225	12.5729	0.833828	2
2231	14.1592	1.92895	0.372296	2
2234	11.0238	3.47975	0.203444	2
2239	9.80481	3.14921	0.176212	2
2240	16.3162	10.8436	0.79587	2
2248	10.9609	23.2062	-0.610357	2
2249	13.8167	13.2596	0.979451	2
2253	16.1088	10.5912	-0.111642	2
2254	10.7131	16.9135	-0.460203	2
2258	11.1972	24.5042	2.40167	2
2259	16.0884	1.51161	0.354051	2
2261	9.22162	4.39835	1.46953	2
2263	15.0764	13.9906	0.886272	2
2268	12.3001	9.97227	0.905939	2
2270	16.0166	17.1922	-1.25729	2
2273	12.9932	20.414	-0.37957	2
2276	11.3765	15.6352	0.542523	2
2281	11.9659	13.0644	-0.0535916	2
2282	10.8711	4.6563	0.482501	2
2284	16.5756	18.3649	0.444213	2
2285	11.8887	5.32114	0.532915	2
2292	12.6936	16.9625	1.08697	2
2293	11.7232	16.1275	-0.0917249	2
2294	10.8679	1.07324	-0.369178	2
2296	12.1921	5.78531	0.907049	2
2298	15.0073	24.8813	-0.214356	2
2299	12.0939	22.1303	0.242243	2
2305	8.74317	22.422	0.980885	2
2306	14.0179	3.25479	0.928846	2
2307	14.2532	2.35156	0.229906	2
2309	15.0661	7.15253	1.24225	2
2315	11.1128	23.5604	0.153321	2
2317	10.0705	19.2294	-0.53833	2
2319	15.938	4.09949	0.653612	2
2320	15.4809	5.42392	0.0461385	2
2321	11.9165	4.47931	-0.034493	2
2328	12.975	7.46867	0.678358	2
2329	15.9992	3.39443	0.351295	2
2331	9.8608	6.56023	0.851759	2
2332	14.5635	5.5087	0.805048	2
2334	14.7505	2.47281	1.07187	2
2335	15.8209	7.33253	-0.180778	2
2336	15.6023	15.0007	-0.280677	2
2340	10.7645	0.517445	-0.0241533	2
2341	9.78144	17.5714	0.454074	2
2342	15.2381	13.6693	2.22434	2
2345	11.2834	3.94067	0.675662	2
2347	11.3728	18.1727	-0.613402	2
2350	13.1008	9.04683	0.50603	2
2354	8.81089	10.2389	0.517086	2
2355	9.72094	23.7485	0.640769	2
2357	15.2819	3.54232	-0.189221	2
2358	9.83722	9.95909	0.545821	2
2362	14.7144	10.7954	0.219201	2
2363	10.8992	9.57396	-0.426485	2
2365	11.129	23.3667	0.056717	2
2371	9.65884	23.0525	0.187492	2
2374	12.7559	20.0924	0.439643	2
2376	16.197	8.06388	0.107493	2
2377	11.703	11.133	0.530373	2
2378	11.1397	18.9278	0.561636	2
2380	10.283	11.0119	-0.404538	2
2382	12.6973	13.4037	1.71363	2
2383	15.6582	23.1232	1.36007	2
2390	13.1728	23.5762	-0.125294	2
2391	14.4141	9.73015	-0.234232	2
2402	9.40446	7.87675	-1.16073	2
2404	12.5272	21.1797	-0.122229	2
2412	15.2708	10.3231	1.33623	2
2414	14.6163	18.1654	-0.152095	2
2416	13.5315	10.0956	-0.30554	2
2417	15.8909	8.59094	-0.135101	2
2418	10.6448	0.859986	1.07819	2
2419	14.4848	10.5643	0.540121	2
2420	8.38833	6.63314	0.494469	2
2427	13.361	5.29074	0.0796332	2
2432	9.78806	19.7682	0.682693	2
2436	14.5755	11.6849	0.27053	2
2437	10.273	5.94998	0.33442	2
2438	15.4491	6.84969	-0.180342	2
2439	11.1434	0.248818	0.877751	2
2444	11.4579	8.9419	-0.566284	2
2449	14.7531	14.8097	1.3005	2
2451	14.7766	12.8081	0.590492	2
2456	14.4709	5.93409	-0.116808	2
2457	15.0402	2.54291	0.558995	2
2458	16.3614	14.7329	0.0777345	2
2462	14.3706	22.098	-0.263338	2
2466	13.0796	18.3294	0.729274	2
2467	12.6393	17.4023	-0.462333	2
2474	13.7978	12.0759	-0.357557	2
2479	8.84913	24.3189	0.749981	2
2480	9.35166	1.19546	0.919853	2
2486	12.7941	18.0553	1.53882	2
2495	9.5985	6.13278	0.331655	2
2496	16.548	14.3279	-0.380029	2
2497	13.8104	2.86537	0.71652	2
2501	14.9545	15.6817	0.5247	2
2506	14.7138	16.7089	0.43616	2
2507	13.3501	2.90098	1.15309	2
2511	16.1329	3.9856	0.238542	2
2513	11.9998	13.1966	0.820433	2
2514	10.3924	21.7123	0.0505003	2
2517	16.6048	2.64384	1.13861	2
2522	10.7872	15.4857	-0.0963888	2
2524	13.2601	23.8489	1.19181	2
2525	10.783	5.40671	-0.637892	2
2536	16.5207	4.06006	0.48675	2
2537	9.18898	24.7222	0.517356	2
2538	11.4309	15.9184	1.40669	2
2548	8.98363	5.83286	0.340611	2
2554	15.0738	15.7341	0.837482	2
2565	9.84888	4.01407	0.0156767	2
2566	14.499	19.079	0.434822	2
2568	12.3136	3.88304	0.501024	2
2572	9.21462	17.1307	0.443258	2
2575	14.6396	24.8044	0.30707	2
2576	11.5754	12.7534	-0.299541	2
2578	15.054	9.4738	1.27984	2
2579	9.55484	4.54968	0.0888553	2
2581	14.8164	14.9338	0.940565	2
2583	8.34098	5.09381	0.244473	2
2584	10.4312	4.9509	0.0311837	2
2585	9.82892	17.0652	0.370426	2
2588	9.4665	5.71534	-0.249779	2
2591	15.8718	22.098	1.40288	2
2593	11.4978	17.9316	0.836836	2
2594	10.238	11.9942	0.660787	2
2597	13.6596	18.4027	-0.373062	2
2603	10.725	24.2072	1.49823	2
2610	12.9717	22.4067	0.445308	2
2619	15.83	8.65051	0.196862	2
2620	13.4399	24.3041	0.763283	2
2629	15.3836	2.15131	0.868397	2
2635	14.6766	7.96199	0.355646	2
2636	13.2749	0.965958	0.807642	2
2639	12.2828	22.7003	0.237203	2
2640	12.6848	10.7764	-0.544651	2
2646	11.2837	8.37804	0.719855	2
2659	16.6256	2.68559	0.563393	2
2670	9.76136	21.6523	1.15231	2
2671	9.47802	17.4334	0.937367	2
2673	13.1305	20.224	1.17715	2
2674	12.4308	21.0867	0.722179	2
2677	9.71847	4.89964	0.151451	2
2680	11.8577	16.6576	0.944416	2
2682	12.2718	10.3804	0.257345	2
2694	12.5643	16.7992	-0.0890283	2
2695	11.2253	1.06085	0.68614	2
2696	13.9102	8.09692	0.231753	2
2697	14.8634	5.85519	-0.189997	2
2699	13.1286	23.6837	1.18312	2
2707	9.15685	1.66962	0.674719	2
2713	12.9262	12.4687	-0.108509	2
2714	15.4098	10.7213	0.730899	2
2719	14.387	16.719	0.528655	2
2720	12.214	17.9438	1.91892	2
2721	9.22431	24.4321	-0.153509	2
2732	10.7944	14.5673	0.726598	2
2733	16.1085	20.2165	0.682353	2
2736	16.6011	22.1872	-0.801355	2
2741	14.0721	22.1097	0.878137	2
2742	11.7047	14.7961	-0.159248	2
2743	13.6781	12.3782	0.128537	2
2749	15.316	18.1096	0.772277	2
2750	9.92118	3.02994	0.833584	2
2753	10.9464	6.62816	0.807102	2
2760	8.39593	7.06879	0.476275	2
2761	8.91326	22.2219	-0.117979	2
2762	9.2342	21.4901	0.727297	2
2763	15.7452	16.3003	1.00913	2
2768	8.47285	16.8468	0.848462	2
2770	10.5861	9.39566	1.34105	2
2771	12.1022	21.8459	-0.176089	2
2774	14.795	17.1968	0.394954	2
2778	8.96844	5.36822	0.0590497	2
2779	16.0081	22.9132	-0.582897	2
2783	11.8712	22.9653	1.35381	2
2785	16.0948	6.47845	0.0502904	2
2788	15.0372	24.9072	0.275258	2
2790	16.0227	24.9073	0.594409	2
2791	11.973	5.31299	1.25943	2
2792	13.4947	10.234	0.111823	2
2793	14.1549	16.557	0.397777	2
2794	11.0578	2.81777	0.304514	2
2795	15.1542	14.0448	0.967007	2
2796	10.3419	17.2496	0.513969	2
2798	14.4146	4.12046	-0.119244	2
2801	8.70322	14.1202	0.999817	2
2805	16.5084	13.6392	1.41112	2
2809	10.3158	20.2012	0.859472	2
2812	12.9048	21.6183	0.215476	2
2816	11.0994	19.5644	-0.0584208	2
2820	9.55867	15.1962	0.147195	2
2822	12.5151	19.4019	0.300196	2
2825	14.4584	4.4692	1.07185	2
2826	10.3501	12.1859	0.974331	2
2827	9.8233	11.0812	0.415282	2
2828	12.8114	11.1544	1.31702	2
2830	16.0562	23.4905	0.909478	2
2831	15.2169	17.7632	0.640563	2
2832	15.4077	18.4401	0.788502	2
2835	15.8845	20.9242	1.33322	2
2841	11.4652	23.6919	0.461486	2
2844	13.9378	22.7774	0.19453	2
2850	12.7359	3.82946	1.43656	2
2852	13.5392	17.2467	0.297168	2
2858	15.053	24.6747	1.02988	2
2864	12.4046	18.2598	1.02693	2
2868	10.5772	5.74248	0.266477	2
2871	13.4082	0.111183	0.73658	2
2875	9.68707	22.2315	-0.156863	2
2881	10.4282	20.6353	0.535336	2
2885	12.0794	14.7935	0.277811	2
2892	10.5142	3.21194	0.901564	2
2896	13.7347	6.17881	0.280655	2
2897	12.3858	5.41945	-0.290934	2
2899	13.6342	18.1499	0.241704	2
2900	8.78454	12.5535	0.940648	2
2902	8.58239	11.8609	0.479888	2
2909	11.8179	15.4122	1.16453	2
2912	15.1399	17.9765	1.50071	2
2914	13.2528	5.14533	1.49759	2
2916	12.2253	14.2158	1.37928	2
2922	13.11	1.82922	0.250376	2
2923	8.68844	1.79128	1.07769	2
2927	10.0209	6.77729	0.504203	2
2929	11.8971	21.9713	-0.556489	2
2930	10.4343	17.7666	-0.217313	2
2931	12.8783	21.5331	0.369106	2
2937	14.9765	21.4422	0.76331	2
2939	13.9205	15.8958	-0.250441	2
2944	14.2363	9.04251	0.973668	2
2945	14.2974	9.90624	0.199265	2
2954	13.9482	23.2666	1.20562	2
2956	13.0397	17.8067	-0.843371	2
2957	15.4203	23.969	0.745148	2
2963	14.7686	23.6851	0.76638	2
2972	10.914	14.1941	0.764048	2
2976	15.5209	20.2734	0.543344	2
2982	11.8962	1.5691	-0.0686034	2
2987	13.3558	16.7209	1.05048	2
2992	10.3251	1.72883	-0.109309	2
2993	10.1895	12.8578	-0.000100899	2
3000	12.0073	10.1194	0.121231	2
3001	8.68186	4.17766	1.28007	2
3004	8.38494	3.69567	-0.169953	2
3005	8.47874	8.82115	0.3059	2
3009	14.2093	8.28168	0.812565	2
3010	11.0502	13.6855	0.844082	2
3014	8.94005	22.0945	0.547621	2
3020	8.74604	23.192	-0.69105	2
3030	11.5197	13.6044	0.999981	2
3031	15.7365	1.35264	0.893149	2
3032	9.92182	24.6621	0.390466	2
3033	10.2099	24.5211	0.505464	2
3041	15.9354	8.91562	-0.27321	2
3042	11.372	10.1477	-0.288524	2
3044	9.26554	22.667	0.369591	2
3052	15.5754	3.85	0.433309	2
3057	9.31497	11.2042	0.265696	2
3061	10.7106	15.0523	1.11266	2
3063	13.3275	15.5594	0.471401	2
3071	16.2596	9.93551	1.25618	2
3075	15.8574	20.0316	0.901687	2
3076	12.4177	5.44027	-0.178934	2
3077	11.2397	4.37731	1.16236	2
3080	9.61914	24.6837	0.302776	2
3086	16.5432	17.4869	-0.406427	2
3088	15.4061	17.7326	0.0934448	2
3093	11.971	14.8724	0.535594	2
3095	9.32632	14.0189	0.429791	2
3097	10.5071	10.274	0.060886	2
3100	10.8745	19.3628	0.0520426	2
3105	9.3997	1.20293	-0.0738082	2
3106	9.39083	23.5625	-0.67374	2
3110	11.0209	10.4549	0.609713	2
3113	15.866	13.5215	1.02716	2
3114	15.9667	2.8364	0.788403	2
3118	9.07591	19.1722	0.556737	2
3119	9.79557	19.5096	0.406719	2
3121	13.841	2.2025	-0.214575	2
3124	14.9673	23.4798	0.126518	2
3135	11.3755	19.7894	0.573754	2
3137	11.6396	12.1265	0.549817	2
3142	11.3363	4.44468	1.38602	2
3143	10.982	22.7184	0.92371	2
3148	14.498	18.6634	2.33332	2
3150	14.0822	9.56553	-0.0211519	2
3155	14.2398	20.1164	0.893817	2
3156	13.7304	7.71941	-0.0846628	2
3160	11.6176	22.0867	-0.606366	2
3164	11.7729	8.95272	0.152347	2
3165	12.2701	9.3838	0.275893	2
3168	15.8658	17.8572	0.394704	2
3177	13.6736	0.773375	1.02839	2
3179	12.9953	8.19086	0.0286554	2
3188	11.6458	15.2559	-0.337806	2
3190	13.2674	22.3534	0.474161	2
3192	14.3253	7.71117	0.252582	2
3193	8.91525	8.29554	1.43327	2
3196	9.91752	0.0556388	0.519321	2
3201	12.6448	18.4747	0.376965	2
3218	8.86502	23.7273	0.141126	2
3219	11.6805	3.08797	-0.796886	2
3222	13.4941	12.1585	1.20395	2
3223	8.76979	2.22413	0.630176	2
3228	11.8686	17.9656	1.24902	2
3230	14.7091	15.5	0.923122	2
3231	9.95474	15.8978	-0.238025	2
3242	12.8009	6.93794	0.973111	2
3245	15.7833	8.21893	0.515482	2
3246	15.4372	8.10772	0.51504	2
3252	15.2578	4.2413	0.625087	2
3255	15.9614	17.8726	0.69091	2
3256	9.84887	2.26556	1.57071	2
3258	13.6108	5.39407	-0.685244	2
3259	12.0222	19.3484	0.18612	2
3260	10.4579	9.31133	0.0858122	2
3262	10.7246	21.6537	0.118942	2
3263	11.9833	15.7292	1.04518	2
3269	10.9018	19.6808	0.952818	2
3270	11.0055	19.4143	0.696318	2
3273	13.2492	19.8103	1.59018	2
3274	11.525	9.94441	0.848104	2
3279	10.9417	24.6254	0.0549297	2
3281	14.7078	17.6714	1.05221	2
3284	9.86442	0.373525	0.73576	2
3288	11.1649	3.34041	1.40935	2
3291	9.40182	7.36414	0.416742	2
3292	11.7942	5.04408	0.590758	2
3295	13.9125	9.18896	1.74208	2
3297	12.6512	13.4017	0.888054	2
3299	14.1857	14.4618	0.368064	2
3305	14.6782	3.20237	0.992302	2
3309	10.6637	1.72988	0.669136	2
3312	14.5846	15.4531	0.10259	2
3317	12.6025	22.4726	0.776169	2
3318	12.5469	7.39314	0.499355	2
3324	10.542	22.1851	0.00872466	2
3327	14.2635	17.987	0.0859001	2
3328	14.0662	18.1089	1.25032	2
3334	16.3474	1.22709	1.57464	2
3335	15.1801	18.4544	0.138497	2
3337	9.88406	22.8026	-0.111351	2
3338	9.46755	23.081	0.362511	2
3339	11.4557	7.71835	1.01108	2
3345	12.8019	19.1761	0.5837	2
3351	9.13875	2.40285	0.412128	2
3352	11.4076	12.6431	-0.278385	2
3359	13.3828	6.98069	0.376833	2
3367	9.89478	0.357452	0.545544	2
3368	10.9534	0.26341	0.67055	2
3371	15.1238	7.24375	1.19326	2
3372	10.4239	9.65349	-0.53521	2
3374	16.5765	9.22306	0.698212	2
3377	14.1393	12.1162	0.982567	2
3378	10.4723	22.3584	0.174907	2
3380	16.081	17.2165	0.374148	2
3389	10.0307	14.7853	-0.100875	2
3390	9.50998	7.14506	0.985883	2
3391	10.4978	15.7802	0.0463322	2
3393	12.2168	20.607	1.08534	2
3394	12.3454	19.6543	0.273672	2
3395	15.8957	9.06909	0.256627	2
3401	8.35404	1.81822	1.01848	2
3402	11.0327	15.2855	1.38444	2
3403	14.7578	5.96455	0.138206	2
3404	14.1003	8.86517	-0.257146	2
3406	16.1922	5.57979	0.23348	2
3409	15.0544	4.56179	0.976209	2
3410	11.1599	8.0067	0.235361	2
3411	13.6117	3.71586	-0.21868	2
3412	10.832	14.7975	-0.348741	2
3413	16.3333	19.1772	0.479906	2
3414	12.8981	4.83505	0.373393	2
3417	9.39885	14.128	0.412715	2
3418	11.5708	12.5522	0.212601	2
3419	13.0651	16.9413	0.326774	2
3420	10.1111	22.5172	1.21475	2
3423	8.44597	18.3995	0.643515	2
3424	11.7825	23.8762	0.338326	2
3426	15.6977	17.0276	1.08693	2
3427	15.6361	17.1677	0.372956	2
3430	12.3807	10.4543	-0.114106	2
3437	10.0833	21.0966	0.932516	2
3438	13.6679	15.0599	0.854659	2
3441	9.26616	10.761	0.299251	2
3444	15.6692	20.2556	0.228137	2
3452	15.055	0.0765332	0.759983	2
3453	11.8664	22.2396	-0.523696	2
3455	13.5124	4.54634	1.51806	2
3460	16.1295	24.1065	0.933873	2
3461	15.7904	23.6087	0.500463	2
3463	13.5905	7.32545	0.895537	2
3465	15.7305	14.4826	0.534561	2
3466	15.7906	16.488	1.09739	2
3468	12.6177	5.46983	-0.39577	2
3470	16.1793	14.2183	0.970656	2
3471	13.2497	14.746	0.689288	2
3480	8.55421	19.4836	0.42534	2
3483	13.8243	23.299	-0.0412124	2
3491	14.6996	16.1811	0.282255	2
3492	14.1546	16.5963	0.339391	2
3493	12.9722	7.69437	0.446828	2
3495	10.793	24.1159	0.532834	2
3499	16.4601	24.9862	0.179158	2
3502	15.3033	13.6687	0.142433	2
3503	14.863	14.0008	-0.632305	2
3506	11.6903	23.6086	0.586845	2
3507	14.6028	22.7441	0.677001	2
3515	14.2778	10.8428	1.44786	2
3523	15.7466	7.15906	0.103753	2
3526	11.4127	2.31787	0.748407	2
3529	13.005	19.8519	0.509313	2
3534	14.4194	0.682753	0.0310075	2
3535	14.0209	1.45009	0.531764	2
3537	16.1112	16.8404	0.250836	2
3538	16.0734	16.822	0.669643	2
3542	11.327	6.30548	-0.809392	2
3545	9.39258	1.8146	0.447176	2
3550	9.16881	20.0845	-0.188431	2
3552	11.8205	6.87178	0.574734	2
3554	10.5062	12.6037	0.356745	2
3558	12.6901	14.8723	0.111953	2
3561	15.3313	13.6895	0.158854	2
3567	10.0968	16.8434	1.22726	2
3570	8.46457	14.0781	0.158167	2
3574	12.3337	10.5618	-0.544768	2
3575	9.01891	0.280437	0.618173	2
3578	11.4274	3.82728	0.321182	2
3584	8.95831	5.51927	0.0153191	2
3586	10.8174	0.573108	0.619432	2
3588	10.6995	11.7528	0.213075	2
3593	12.9027	21.6083	-0.364788	2
3595	12.3132	17.9222	0.658328	2
3597	14.7069	24.6588	-0.403218	2
3598	14.6583	24.9129	0.392567	2
3600	12.7639	6.34614	1.09766	2
3606	16.091	9.99084	0.0944668	2
3612	11.1922	4.23088	0.776844	2
3614	13.4623	1.9585	0.88078	2
3619	16.5559	2.79352	-0.0397451	2
3621	12.776	18.2698	0.316272	2
3631	14.6929	8.02374	-0.754065	2
3632	14.9052	12.5384	-0.146483	2
3637	13.9054	5.81583	1.28343	2
3640	8.72957	3.14794	0.182476	2
3642	13.9576	11.9997	0.356875	2
3644	10.0799	23.8942	1.06996	2
3645	12.9822	4.08639	0.694867	2
3647	16.4564	1.70621	1.16354	2
3648	15.1408	23.0085	-0.285343	2
3650	10.3254	16.0195	0.373577	2
3654	16.4486	18.7954	0.184047	2
3655	13.9148	23.3472	1.07671	2
3659	10.4898	15.1597	-0.255798	2
3664	12.2602	14.3545	0.842724	2
3665	9.22945	4.84756	1.11294	2
3668	12.8392	18.0005	0.167228	2
3669	13.3599	15.03	0.327341	2
3676	9.28691	1.42152	-0.199859	2
3679	13.9494	5.88405	0.383707	2
3680	13.5308	5.89149	0.797683	2
3682	10.1351	14.902	0.0933736	2
3684	15.1654	23.1405	0.309098	2
3685	16.4971	12.7478	0.266157	2
3686	12.326	10.7438	0.59174	2
3691	13.9369	13.1416	-0.58928	2
3692	13.1108	13.1588	0.836382	2
3693	13.188	17.7933	0.251838	2
3694	8.40364	20.4548	1.11469	2
3696	11.2404	7.69411	0.622819	2
3698	13.0001	9.17635	-0.182483	2
3711	15.8938	8.72627	0.434286	2
3714	15.1052	11.3125	-0.185432	2
3716	10.9976	1.25325	0.793227	2
3720	9.44409	16.601	1.11797	2
3721	9.35055	15.7233	1.38506	2
3727	15.6719	22.6486	0.0833068	2
3730	14.8195	23.4537	0.846119	2
3731	13.3844	13.3435	0.745291	2
3732	9.79787	18.0216	0.87802	2
3733	14.503	6.04349	0.365564	2
3734	9.97292	6.49291	0.842583	2
3735	9.87816	14.9626	-0.0528034	2
3738	11.6899	21.869	0.679858	2
3744	11.4079	3.10752	1.01103	2
3748	9.34922	7.68596	0.357843	2
3754	14.5937	8.36365	0.808793	2
3757	14.8177	10.9154	0.891025	2
3760	11.4937	23.7094	0.194643	2
3763	16.4693	8.4918	1.12421	2
3764	15.5045	20.5985	1.2396	2
3765	11.3032	0.434188	-0.422335	2
3774	14.052	11.6145	-0.255971	2
3775	11.2485	9.43922	-0.0331143	2
3777	8.71408	0.491345	0.423326	2
3779	11.331	15.617	0.86469	2
3786	11.4104	5.10315	0.720062	2
3791	10.2249	0.903535	-0.00685533	2
3793	11.7366	9.72814	0.41829	2
3794	14.4373	17.6143	0.0131735	2
3798	10.1458	15.2121	0.810824	2
3805	12.414	23.3297	-0.795146	2
3806	11.9728	22.6417	-0.152139	2
3810	12.2693	18.0418	0.237147	2
3818	14.9163	24.0365	0.873815	2
3819	11.4048	0.952135	0.784404	2
3823	14.24	5.54701	-1.14306	2
3826	14.1975	16.0067	0.868675	2
3834	8.61	3.06735	-0.0160651	2
3841	11.3181	13.5516	0.881556	2
3843	9.37828	8.85438	0.210714	2
3845	10.8447	15.8195	0.768159	2
3846	10.9236	15.384	0.487878	2
3847	10.7444	11.2223	-0.00150483	2
3849	8.54126	2.27137	1.33518	2
3850	8.89799	2.5241	0.495902	2
3851	16.267	22.5574	-0.716243	2
3852	10.1481	13.8395	0.854785	2
3853	9.47229	21.5626	0.541206	2
3862	11.2177	5.84467	0.0556707	2
3863	13.56	1.96985	1.39792	2
3864	14.121	7.9258	-0.252988	2
3867	13.3074	5.93512	-0.062979	2
3868	15.9617	7.02084	0.0906679	2
3869	11.7811	4.30216	-0.0854606	2
3874	15.3907	6.78951	-0.216942	2
3889	15.5847	18.2525	1.03194	2
3890	11.0366	2.2864	0.0223505	2
3891	13.2212	11.0283	0.0361942	2
3892	11.5202	13.8671	-0.398633	2
3896	15.0084	10.3033	1.20606	2
3898	12.9643	18.6466	-0.622756	2
3900	10.9637	13.6683	0.265803	2
3902	9.6395	12.9815	0.569668	2
3905	13.9843	22.3793	0.915273	2
3907	11.1543	23.4029	-0.443625	2
3909	15.5174	7.51661	-0.058778	2
3914	9.50591	7.64575	1.15568	2
3915	13.5141	11.3309	1.64785	2
3917	15.0368	17.9174	-0.563199	2
3919	12.3306	9.96676	1.17476	2
3920	11.7772	10.5994	0.538064	2
3921	11.9424	20.7074	0.422648	2
3927	14.0036	15.0929	0.690895	2
3934	13.3805	16.2514	0.343181	2
3935	8.86973	5.18683	0.566407	2
3939	15.8123	2.21572	1.64767	2
3940	15.9586	1.96493	0.454784	2
3941	16.1426	13.5754	0.807526	2
3942	12.9684	11.3172	0.535186	2
3943	15.9391	0.234551	1.09757	2
3944	9.23488	8.40598	-0.2833	2
3949	9.13113	19.7065	0.11872	2
3950	16.3907	14.578	1.00407	2
3951	14.8267	12.6727	-0.562468	2
3953	10.4024	10.7906	0.914907	2
3965	16.1058	8.02541	-0.152853	2
3969	11.1469	10.6515	-0.0415135	2
3975	15.3674	18.323	0.526569	2
3978	16.4069	18.8889	0.313627	2
3979	11.2529	5.44	-0.0384185	2
3984	8.43382	17.2934	0.775456	2
3985	11.3849	15.7743	1.54808	2
3986	16.0353	9.7144	0.498389	2
3988	12.4045	6.58057	-0.1541	2
3993	10.9378	16.9883	0.610667	2
3997	13.4229	24.2651	-0.620066	2
3998	10.8864	1.1827	-0.0467551	2
4000	14.1339	23.9966	-0.263485	2
4006	14.9008	9.21595	1.56087	2
4009	9.08344	3.9367	-0.614056	2
4011	10.728	13.018	0.78602	2
4012	11.2724	24.3102	0.845337	2
4018	9.95742	20.5376	0.228808	2
4020	13.5869	21.7728	0.136835	2
4021	13.4592	12.8276	0.143738	2
4	16.6726	12.2179	0.381142	3
19	22.5332	18.3962	0.103743	3
20	24.0435	16.5488	0.308997	3
23	17.5821	23.0277	0.511355	3
26	20.094	9.86628	-0.367273	3
27	22.2882	14.7147	-0.474808	3
28	21.6316	5.1162	0.712534	3
29	22.9422	14.7332	1.27001	3
32	18.4258	12.1495	-0.102895	3
34	21.752	10.6679	-0.252573	3
37	19.3051	0.105047	0.302003	3
39	21.5685	17.3976	0.809828	3
41	19.7976	21.1761	0.0834558	3
42	24.1593	22.7752	-0.372266	3
47	19.4754	7.56258	0.508607	3
50	19.4414	9.16787	0.310267	3
51	20.206	14.1311	2.01045	3
52	24.1197	2.42908	0.354253	3
53	23.9553	10.7434	0.562463	3
56	23.1309	15.4095	0.387882	3
57	19.9025	15.7332	-0.166583	3
66	19.5463	12.267	0.554199	3
71	22.3469	14.128	0.833383	3
73	18.6933	14.4807	0.0208191	3
74	24.2528	14.4542	-0.246123	3
76	21.8346	2.04404	0.910808	3
79	24.0101	12.6205	0.132342	3
80	22.2173	14.328	0.963317	3
84	17.0833	13.089	0.084134	3
92	22.6436	15.4444	0.661665	3
96	17.9608	17.865	1.1892	3
100	20.2098	4.19693	-0.232333	3
103	16.995	0.373018	0.017568	3
108	18.9766	17.4675	0.901771	3
110	24.225	4.04938	0.754309	3
111	20.9456	13.3073	-0.390637	3
118	20.8828	20.3234	0.365096	3
119	22.0276	5.60819	0.629443	3
120	20.5986	9.91674	-0.954869	3
126	23.5603	4.96643	-0.623772	3
127	21.9879	2.14672	-0.000774619	3
129	20.6567	24.4216	0.879902	3
133	21.9775	11.3401	1.8338	3
137	18.0095	20.9796	0.449207	3
141	24.202	14.5949	0.0300326	3
143	18.5994	21.5755	1.32251	3
146	19.4359	16.3625	0.187454	3
147	23.8669	7.52214	0.513807	3
150	16.8119	15.2053	0.440279	3
154	18.8297	22.9019	-0.828208	3
166	20.3748	18.1189	0.403	3
171	21.6436	22.175	1.32342	3
175	19.5701	22.0319	0.553051	3
176	19.0887	9.63317	0.52092	3
177	18.9097	12.1367	-1.0644	3
179	18.3341	10.9984	1.08265	3
180	18.1707	11.7763	0.761549	3
182	24.2746	9.70708	1.76826	3
183	24.7986	24.651	0.971892	3
184	18.0201	18.3092	-0.00623251	3
185	16.8753	8.64672	-0.072497	3
186	24.3548	22.8561	0.562527	3
193	17.7448	9.18268	1.59446	3
199	23.7774	13.946	0.738855	3
201	18.3025	2.94153	-0.193853	3
207	22.9887	9.54652	1.34575	3
208	22.5179	10.9457	0.18472	3
220	19.0594	5.25293	0.487144	3
231	23.3361	23.1265	0.883037	3
233	23.7213	5.90628	0.314041	3
234	22.9571	6.36584	-0.0754329	3
235	17.3348	3.23304	-0.204763	3
238	23.1405	6.97184	0.535506	3
240	18.6031	2.31617	-0.507883	3
241	23.2639	24.8001	0.79606	3
246	17.4042	7.7239	0.626721	3
248	17.4606	11.8064	0.601695	3
249	23.0274	12.7721	0.369029	3
250	22.3634	5.47392	0.54842	3
256	19.3669	5.67628	-0.21428	3
257	24.8634	2.63063	0.755615	3
258	24.0079	0.311599	1.37619	3
260	18.0055	7.54723	0.764766	3
267	18.9107	6.8293	0.49342	3
271	18.2434	1.65908	0.026749	3
275	18.6098	17.5968	0.699552	3
281	18.1867	6.29095	0.542221	3
282	24.4144	18.3337	0.137281	3
285	19.4522	19.8038	1.08291	3
286	20.6032	19.4879	0.580161	3
288	20.1006	12.0829	0.769064	3
295	18.1722	9.48303	0.477358	3
297	20.547	21.4129	0.179157	3
300	24.2979	4.46202	0.732074	3
301	20.9621	4.37088	0.678839	3
302	21.1344	20.6888	0.774864	3
304	24.1959	0.37328	-0.000249662	3
305	19.5982	16.6129	0.714696	3
306	23.664	2.26219	0.411813	3
307	17.4484	19.4946	-0.468727	3
308	24.536	21.5756	0.0805362	3
309	24.0943	20.5277	0.612395	3
310	22.2713	7.9788	0.88048	3
315	17.9765	16.1682	0.0275579	3
318	18.477	1.11644	0.496674	3
319	17.9549	15.4649	1.3361	3
321	18.7231	19.6502	-0.981493	3
323	21.2785	24.6359	0.511109	3
329	18.0536	6.16404	0.424278	3
330	21.4419	5.42073	1.20037	3
332	17.3601	5.98707	-0.257971	3
334	20.8497	22.4109	1.24319	3
342	20.4088	1.39691	0.57986	3
343	18.4819	20.7171	1.15812	3
345	20.5461	18.5556	0.919453	3
346	18.9556	19.4482	-0.217987	3
348	22.7636	12.1639	0.170096	3
350	17.4497	18.4807	0.512489	3
351	24.9956	19.0821	-0.0412176	3
353	17.253	5.15803	0.750713	3
355	17.284	22.5747	0.412459	3
357	21.3971	13.6458	0.602456	3
361	18.2382	10.9007	-0.859656	3
373	24.7702	17.7388	1.25497	3
375	23.6338	4.85706	0.0970154	3
378	22.3091	7.03721	0.810229	3
381	17.5067	2.49626	-0.450703	3
391	16.8414	13.148	0.962628	3
392	19.0886	22.536	0.425008	3
393	17.5634	9.15634	0.12087	3
397	22.5785	11.6949	-0.333681	3
402	18.4182	1.89166	-0.11914	3
404	22.7094	22.2028	0.226178	3
409	18.4278	5.82437	0.500149	3
410	18.9517	11.2679	0.768963	3
411	22.9028	17.8537	0.735734	3
416	16.9111	6.82335	0.735849	3
417	20.8964	8.93528	0.664842	3
418	18.6353	4.9141	1.52271	3
421	20.4104	15.0198	-0.694155	3
430	23.6334	18.9252	0.0976454	3
439	17.925	20.7178	0.0932847	3
443	24.489	2.22137	0.265303	3
445	17.7391	4.24956	-0.182382	3
448	17.1601	9.4295	0.280869	3
455	17.5667	15.6635	-0.0705727	3
457	23.0586	10.0686	0.163366	3
458	20.4284	2.50731	0.408968	3
459	22.4282	8.88082	0.379381	3
461	22.1859	16.9062	0.607892	3
466	21.4594	11.2637	-0.348337	3
467	20.1713	18.9927	0.121122	3
473	18.8145	2.74502	0.906533	3
474	18.8288	6.74294	0.878482	3
478	19.8811	10.0959	0.0760935	3
479	24.4939	22.4178	0.346217	3
481	22.8983	20.3193	-0.34638	3
487	20.6067	4.85081	1.25966	3
492	21.4256	11.973	-0.294956	3
493	19.7055	24.9992	0.272623	3
498	18.319	23.7073	0.136076	3
499	22.6151	15.2943	-0.123346	3
500	24.5478	9.54303	0.890246	3
501	24.2084	15.2943	0.170688	3
504	24.7004	8.08979	0.838444	3
506	21.2411	4.11259	0.665749	3
514	20.3468	7.27127	1.0321	3
516	23.4274	22.6494	0.897828	3
524	21.3289	11.6244	-0.184765	3
525	16.7115	14.7526	0.455737	3
527	24.2326	23.7148	0.474269	3
535	21.7063	16.3704	0.359621	3
540	18.5964	22.9474	0.025734	3
541	17.876	8.18131	1.66264	3
542	19.6369	13.7573	0.571437	3
543	17.1013	21.7387	0.402766	3
546	22.3849	22.0394	0.795579	3
554	21.4106	9.71612	1.21935	3
556	18.783	16.0311	1.10871	3
558	19.6627	11.5359	0.569584	3
561	22.0473	2.62397	0.465297	3
565	17.6168	5.99344	-0.803204	3
566	21.1381	19.7768	-0.686362	3
568	20.8572	0.36933	0.409651	3
569	19.3816	20.2149	1.09396	3
571	23.1546	4.13074	0.30887	3
583	19.5747	23.2491	0.330602	3
587	19.4653	14.3198	0.664533	3
589	20.1846	1.24589	-0.154923	3
591	18.0427	9.41088	1.02332	3
596	16.9816	13.8769	1.76894	3
599	19.2326	22.1715	0.333241	3
604	19.0089	19.4543	0.713701	3
609	23.933	0.800984	0.497451	3
611	21.4727	12.4551	-0.041913	3
613	17.2588	18.2316	0.626449	3
614	22.8913	22.6293	0.0576969	3
615	24.1252	10.7945	0.540466	3
619	16.7418	4.59178	0.68785	3
620	20.8761	10.5809	1.17624	3
621	17.2666	10.7512	0.382897	3
623	24.3708	4.61107	0.356709	3
627	17.9155	12.2508	1.29077	3
631	22.2554	4.32119	-0.882567	3
633	19.9476	3.22275	0.41361	3
636	20.8492	3.70292	1.29477	3
637	17.7615	24.4084	0.405965	3
641	23.2704	18.8086	0.976799	3
645	20.5609	20.6283	0.463468	3
649	20.0776	6.48735	1.89776	3
650	18.4301	12.7614	-0.0814585	3
653	18.3755	18.7787	0.832382	3
654	22.0325	17.3504	-0.658385	3
657	20.1995	21.949	1.04265	3
658	19.4709	15.2438	1.51379	3
660	22.5209	20.6526	0.397436	3
663	17.7326	9.97664	1.17552	3
665	22.348	0.628748	0.125542	3
674	17.0281	20.5426	0.612369	3
678	20.7681	19.4529	0.524482	3
682	23.0633	6.53072	0.265206	3
685	20.7246	17.1901	0.483595	3
687	17.555	4.00191	0.425694	3
691	24.1879	19.7763	0.336304	3
693	17.103	18.2474	0.764217	3
696	21.75	10.2083	0.426695	3
697	18.1625	3.92425	-0.208882	3
702	19.8796	4.60795	-0.0487824	3
706	19.5495	8.75909	0.503585	3
707	17.2135	1.47159	-0.0110862	3
709	16.75	20.4341	1.98289	3
716	19.5182	24.1037	-0.0724109	3
718	20.4528	18.007	0.860291	3
721	21.6254	0.446559	1.18762	3
723	18.0574	7.73901	-0.513833	3
726	23.2115	13.6936	0.524073	3
727	23.663	22.9426	0.786384	3
732	23.701	8.3507	0.969422	3
741	20.718	22.0769	0.020442	3
742	17.1656	17.1267	-0.11744	3
744	21.7206	0.706412	1.19057	3
748	21.029	24.0877	0.553396	3
758	20.9432	2.43481	0.616307	3
759	18.3188	14.6261	0.346314	3
760	18.2436	4.50495	0.773003	3
762	17.2886	18.8057	1.04357	3
765	17.0664	8.94429	-0.10573	3
766	21.5271	18.7496	1.11026	3
768	19.9336	22.7473	0.338433	3
770	20.2547	15.0289	0.355738	3
773	17.2096	2.73284	-0.21675	3
776	19.9856	24.3232	0.887507	3
781	22.5052	8.96034	0.391413	3
784	17.9773	23.8984	0.69382	3
785	20.4474	1.76659	0.0682411	3
788	18.9251	19.8005	0.947615	3
790	22.5844	11.7516	0.211103	3
792	24.6749	24.7379	0.427493	3
793	23.8614	8.42632	0.030972	3
794	23.2079	2.17961	0.413385	3
798	22.608	17.0396	0.393023	3
799	21.4481	15.0494	1.02034	3
802	21.2464	6.74342	0.310838	3
804	22.6899	17.208	0.388322	3
805	19.439	12.8739	0.501468	3
808	23.145	18.7774	0.591386	3
810	19.359	18.8578	-0.784752	3
816	24.8672	2.00877	-0.234666	3
818	19.2218	10.4566	1.09139	3
819	18.3988	7.93725	0.258641	3
820	24.2883	0.284936	-0.106361	3
821	17.1492	1.8122	0.904988	3
825	19.4403	15.5462	0.547653	3
831	18.6401	22.9587	0.866478	3
832	16.7039	20.5826	0.874099	3
835	16.9527	10.4457	-0.36664	3
836	20.4039	17.8692	0.256934	3
837	21.7009	12.5101	0.343052	3
847	20.5289	1.00652	-0.577446	3
848	19.6547	20.5016	0.385385	3
851	21.3008	0.67787	-0.65435	3
852	18.0811	5.63319	0.655922	3
854	24.6553	18.2405	1.71324	3
857	20.3441	20.7602	1.62162	3
860	19.3293	16.2031	-0.107937	3
866	22.3585	19.7018	-0.0522301	3
871	20.6561	3.32171	0.292769	3
872	20.894	2.86159	0.596442	3
874	24.1103	24.4409	0.850377	3
879	22.8172	4.93863	0.225972	3
880	21.0945	7.71378	0.921719	3
882	20.2971	0.00711581	0.500668	3
884	22.2688	13.4568	0.873772	3
885	23.0476	19.5078	0.375165	3
886	22.6359	0.235599	0.065851	3
887	24.13	1.24077	0.851799	3
889	17.517	17.3623	0.324476	3
890	18.7158	19.7958	1.1612	3
892	23.9429	1.33186	0.921491	3
895	22.5637	20.6842	0.40785	3
896	24.6777	12.9009	1.00624	3
900	16.7675	19.2301	-0.0128994	3
901	21.0306	13.2983	0.963394	3
903	17.0343	21.6104	-0.196757	3
904	19.2567	18.0614	0.281799	3
905	19.4904	6.8715	0.487327	3
907	20.5699	19.8037	0.995996	3
918	18.8843	3.07733	0.799496	3
923	21.3104	6.30323	-0.282429	3
925	21.0341	19.4702	1.48847	3
929	17.3074	3.83295	0.55451	3
932	22.3741	19.1771	0.386301	3
934	24.9036	5.8028	0.593433	3
935	23.0418	16.095	-0.129855	3
937	23.1482	2.17949	0.810402	3
939	19.5766	19.1896	0.217509	3
942	18.4796	5.54019	0.534715	3
948	23.7272	24.0341	1.38921	3
968	23.1136	3.84301	0.0177568	3
971	22.3444	8.7825	-0.304429	3
974	18.1457	8.91894	1.47113	3
975	24.6634	17.0466	0.827132	3
981	23.3711	13.9274	0.867413	3
982	18.4816	5.52668	1.19844	3
986	17.5359	16.6346	0.529897	3
990	22.3716	4.88858	0.240452	3
995	18.3872	10.4271	-0.0647175	3
1002	22.7752	16.0425	0.810814	3
1003	18.061	23.343	0.423429	3
1005	19.7686	12.259	0.317247	3
1006	22.2019	13.1909	0.475383	3
1008	23.1813	13.0857	0.377702	3
1011	20.7991	17.4818	0.329339	3
1013	20.7753	11.7514	0.282139	3
1018	17.3366	1.0724	0.145118	3
1019	18.1876	1.23954	0.52834	3
1020	16.9857	14.4473	0.400271	3
1026	23.3194	14.489	-0.275167	3
1027	20.4233	6.11895	0.688178	3
1030	17.8147	5.31165	0.114632	3
1034	19.463	22.9006	-0.372585	3
1038	22.9351	24.1185	-0.42882	3
1039	22.8456	0.329557	0.387567	3
1043	19.3242	8.52126	0.67457	3
1046	23.676	19.8912	1.23698	3
1047	16.8429	20.6253	1.00144	3
1048	20.4521	13.9352	0.686879	3
1049	24.3463	3.5313	0.599457	3
1053	23.6307	23.3548	0.0675816	3
1058	21.6661	6.51176	1.02697	3
1060	21.9857	11.2421	-0.383533	3
1063	21.5249	4.19824	2.23491	3
1067	23.4262	0.323145	0.980757	3
1068	24.0007	2.12032	0.739079	3
1073	20.7361	5.08514	1.13623	3
1074	18.9406	23.2634	0.384012	3
1076	24.6082	1.83668	0.385006	3
1087	24.3597	11.3476	-0.0122807	3
1089	17.197	15.6369	0.417085	3
1094	21.7579	12.2645	1.1442	3
1101	22.7726	10.094	0.158927	3
1103	22.7567	13.704	0.27744	3
1104	20.0056	5.04041	0.0618481	3
1106	20.3166	7.32726	0.409243	3
1111	21.9543	6.76734	0.809216	3
1113	24.3868	13.8953	0.914413	3
1122	22.4	7.57066	1.44229	3
1124	18.5418	22.0137	0.645641	3
1130	19.4583	13.0332	-0.498825	3
1135	23.3472	22.9149	0.276899	3
1137	22.8773	11.0665	1.35571	3
1138	23.3629	18.92	0.314105	3
1139	23.8164	12.4078	1.32744	3
1141	23.2042	21.4506	-0.580465	3
1142	17.1382	12.6487	1.16835	3
1145	21.1843	4.25237	1.11437	3
1146	21.2776	23.8476	0.279862	3
1150	20.1368	21.2826	0.429156	3
1151	19.3411	7.09143	0.118901	3
1152	22.0269	19.3159	0.415929	3
1155	22.6252	19.8302	0.759443	3
1157	16.7405	23.1714	-0.159089	3
1160	18.3342	14.9306	0.762632	3
1161	18.3891	17.2451	0.249713	3
1168	17.4761	11.9947	1.17008	3
1170	22.1087	17.8633	0.238092	3
1177	24.526	23.1509	1.05346	3
1182	17.2408	6.34863	0.660688	3
1184	24.9618	17.6465	1.56625	3
1185	16.8553	17.552	1.00418	3
1202	18.807	14.7119	-0.224016	3
1203	18.1911	14.9793	0.463543	3
1204	18.1584	14.8244	0.481271	3
1205	17.4371	7.25696	0.689615	3
1206	24.8181	1.18803	-0.109971	3
1207	19.1562	4.17844	-0.553824	3
1209	21.855	20.5292	1.53302	3
1214	22.7472	12.4133	-0.175786	3
1215	23.7354	6.89657	-0.748839	3
1217	19.6474	12.0745	0.089914	3
1219	21.1378	23.603	0.505631	3
1220	19.703	18.8144	0.260178	3
1224	20.5137	24.8579	0.323826	3
1225	18.5752	0.378666	0.0236929	3
1228	22.8206	0.710137	-0.154423	3
1235	19.2727	24.058	0.902484	3
1237	24.2664	16.0435	0.0470293	3
1239	20.6693	15.517	0.70559	3
1242	21.2673	22.7107	1.26847	3
1243	16.8896	7.53472	0.792218	3
1244	23.9475	16.0155	0.149334	3
1246	22.1656	24.6639	-0.0294089	3
1247	22.5291	24.3753	1.94806	3
1250	23.9815	17.836	1.45402	3
1252	24.9021	18.4183	-0.592382	3
1258	20.2789	22.4065	0.335546	3
1259	21.9512	5.68826	0.0372893	3
1263	16.9341	2.83719	0.810373	3
1266	22.2817	3.34661	0.894902	3
1269	19.2062	5.08005	0.981773	3
1272	18.7175	0.190172	0.144223	3
1277	19.6049	15.8843	0.756613	3
1282	20.2869	19.0522	0.400946	3
1283	19.0463	3.4859	-0.0661711	3
1284	19.0929	19.9479	-0.434286	3
1287	16.839	23.8577	1.25769	3
1289	20.703	7.70912	0.391411	3
1294	19.2393	23.0811	0.266188	3
1295	22.3318	16.5561	0.836119	3
1296	16.7923	22.1413	0.219291	3
1297	18.5578	24.0398	1.18068	3
1300	20.2479	2.59899	0.640628	3
1301	17.1422	8.81391	0.015251	3
1307	17.9617	14.0886	0.182977	3
1312	24.1708	22.3651	0.825705	3
1314	19.875	0.609548	0.0997414	3
1321	23.2688	2.77924	0.248394	3
1327	19.7109	18.2355	0.37786	3
1328	23.3676	12.1089	0.779098	3
1330	16.8907	17.1306	0.496615	3
1332	20.6048	20.8253	0.116953	3
1341	24.9421	5.36524	-0.332468	3
1344	23.8519	14.6225	0.697027	3
1347	17.6383	19.338	-0.454555	3
1349	23.5516	21.8219	0.0192136	3
1352	23.6196	5.14584	0.332857	3
1358	23.6383	9.12702	0.781341	3
1359	22.1145	3.20141	-0.214107	3
1362	18.1949	16.2511	1.44478	3
1366	21.3505	15.3633	0.391738	3
1370	24.1832	14.3554	0.892547	3
1372	18.7791	12.7356	1.33477	3
1377	21.4386	16.5717	0.894325	3
1380	19.2534	2.46609	0.548505	3
1381	20.312	7.23973	0.878303	3
1382	22.2809	20.945	0.365455	3
1387	24.0681	9.23259	1.15697	3
1389	22.3987	2.00818	0.829226	3
1396	19.2356	17.1247	0.328517	3
1403	21.3375	23.454	0.145953	3
1407	21.5466	19.0577	-0.447979	3
1416	24.4666	11.3918	-0.0399635	3
1420	18.4516	1.05677	1.14461	3
1421	20.9959	21.5033	-0.166924	3
1427	18.6051	20.5086	0.885301	3
1428	19.5301	19.5517	0.746336	3
1437	17.7571	3.09419	0.755579	3
1439	20.9153	12.315	-0.226749	3
1440	21.7686	18.3052	0.193114	3
1446	22.9987	0.0846551	-0.234543	3
1447	22.8205	0.719312	0.515363	3
1449	18.5135	11.0354	1.19765	3
1450	23.9823	6.30659	-0.0536559	3
1451	21.7129	21.9897	0.437522	3
1452	22.4252	19.8052	1.08219	3
1453	20.4099	24.2822	1.45409	3
1457	17.4068	21.4549	0.134091	3
1461	19.2772	1.82921	-0.379691	3
1466	16.7251	23.5077	1.03815	3
1467	22.8769	16.3935	-0.259912	3
1472	22.8565	9.46549	0.381683	3
1475	21.8035	4.05671	0.690733	3
1477	20.1601	2.12318	1.01044	3
1478	16.9042	19.4739	0.921309	3
1480	19.2358	3.8249	0.520694	3
1482	18.1149	22.0054	1.02276	3
1485	18.4672	7.28306	1.17917	3
1492	24.2678	17.1947	0.692663	3
1493	24.8867	17.3958	0.447945	3
1494	20.1449	21.4452	0.696906	3
1497	21.8073	19.7338	0.464828	3
1499	21.3444	1.91366	-0.195152	3
1500	16.6695	11.975	0.365142	3
1501	21.2204	20.8387	0.0981404	3
1502	24.7568	8.38427	0.323484	3
1503	17.3587	5.98661	-0.444289	3
1507	21.6093	18.9837	1.07806	3
1508	21.589	18.7186	1.67091	3
1515	19.3541	1.54527	0.972103	3
1516	24.9745	11.0866	0.936193	3
1519	21.9451	24.8517	0.0383558	3
1521	22.6404	20.0773	0.352392	3
1526	24.4303	3.27081	0.0936051	3
1527	18.7922	0.497956	0.655266	3
1528	16.9671	17.3245	0.43928	3
1531	19.3902	10.2676	1.01658	3
1534	24.6401	8.29615	0.446538	3
1536	23.0024	21.5386	0.211435	3
1538	19.3001	5.42696	0.704194	3
1540	21.2034	2.63666	0.930163	3
1541	22.6163	14.0593	0.609178	3
1543	21.5515	7.88591	0.880528	3
1546	17.6335	23.5	0.404272	3
1550	22.498	24.2224	0.0474564	3
1551	20.1581	17.5131	1.25066	3
1552	24.3127	9.6708	-0.378178	3
1554	21.581	13.7568	0.179356	3
1556	24.1505	16.8467	1.04835	3
1562	18.3175	4.66755	1.24162	3
1564	21.4462	1.21542	0.465467	3
1566	16.9823	9.17065	0.378719	3
1570	23.1211	24.1494	-0.117301	3
1572	24.8221	11.3365	0.735294	3
1573	22.4247	4.40461	0.916741	3
1579	16.7873	18.27	0.257814	3
1584	23.6216	7.74327	-0.281622	3
1585	17.4697	8.76448	1.04525	3
1586	21.8984	4.47096	0.723359	3
1589	17.8591	13.3249	1.28497	3
1591	22.4849	20.3431	1.23585	3
1593	20.2333	13.0715	-0.775423	3
1597	21.9029	16.7851	0.255666	3
1599	18.9997	6.2137	0.584363	3
1600	23.1701	2.75288	0.882032	3
1606	21.3523	8.62082	1.59658	3
1607	16.7616	0.204135	0.19838	3
1610	19.115	12.4112	0.2378	3
1613	21.2327	10.9307	0.546536	3
1621	23.6232	21.1381	0.354505	3
1622	23.449	24.0374	0.25795	3
1630	19.9554	8.69793	0.781484	3
1636	20.71	24.3415	-0.527261	3
1640	19.5092	22.8854	0.399715	3
1642	17.6529	5.62388	1.15664	3
1646	17.4521	15.7702	-0.394233	3
1647	23.8077	22.1684	1.22714	3
1648	21.9002	12.4665	0.53102	3
1650	21.4623	18.4041	0.657028	3
1661	22.3858	20.9257	0.20884	3
1675	17.9684	14.9094	-0.346744	3
1677	24.1263	24.9817	0.0550413	3
1679	18.6216	23.06	1.09358	3
1680	18.2417	7.44103	0.990587	3
1682	21.0701	24.0616	0.483847	3
1683	20.6101	23.9942	-0.00811161	3
1685	21.519	4.22515	1.03683	3
1691	17.4359	22.2392	0.572253	3
1693	23.7435	22.9445	-0.261463	3
1694	22.6791	22.2352	0.898068	3
1698	19.5693	14.4373	0.435309	3
1700	21.649	17.684	0.873863	3
1701	24.9328	15.3319	1.96904	3
1702	18.4079	6.48316	0.196713	3
1706	20.7584	13.8481	0.0520326	3
1707	22.3962	22.3001	0.452776	3
1712	22.734	13.5844	0.50431	3
1715	19.7748	8.96638	-0.018848	3
1726	18.6908	22.1261	0.216552	3
1731	20.2418	2.13018	-0.290788	3
1734	17.3334	14.325	0.654187	3
1735	20.5767	12.2924	-0.476392	3
1736	18.5841	16.8995	0.84457	3
1742	22.5654	7.70583	-0.543249	3
1748	21.9054	23.4403	0.195562	3
1750	22.0558	15.2135	0.975454	3
1751	22.9677	11.9463	0.751524	3
1752	17.8089	8.34592	-0.0935955	3
1753	22.0286	15.0657	0.85003	3
1756	19.8157	12.7145	0.328686	3
1757	21.4596	23.1831	1.21073	3
1758	21.3636	22.5315	1.12576	3
1761	22.2495	14.2471	-0.423483	3
1765	18.2624	20.8353	0.0329844	3
1766	21.2527	8.2213	0.736222	3
1767	20.5589	8.39754	0.193338	3
1769	24.2525	7.18684	1.0811	3
1770	21.6928	7.11985	0.503694	3
1775	22.333	21.8505	0.366557	3
1778	17.5791	21.4629	0.724747	3
1779	24.6066	3.38157	0.144757	3
1782	21.6471	0.413	0.418701	3
1784	21.278	23.743	0.712812	3
1794	17.1729	12.855	0.230194	3
1796	22.2851	0.923112	0.0227892	3
1797	23.1882	18.3822	0.76312	3
1798	16.7469	17.9497	-1.04696	3
1799	24.1197	19.407	-0.321596	3
1803	19.3891	18.7227	0.172565	3
1810	20.1945	4.78287	0.0895261	3
1812	17.7928	23.632	0.394133	3
1820	20.0805	1.7156	0.571281	3
1821	19.3432	23.9099	0.878762	3
1826	22.1607	6.1906	1.27521	3
1829	23.3928	13.4016	1.48351	3
1831	19.369	14.7046	0.881316	3
1835	24.3979	7.26216	0.592414	3
1837	17.7537	19.9374	0.858426	3
1839	22.7117	11.1704	0.659279	3
1840	24.6444	18.8833	0.332893	3
1841	19.7941	0.41161	-0.674836	3
1847	20.619	19.7173	0.398666	3
1848	23.9078	16.5958	0.237185	3
1849	21.2329	3.88664	1.68657	3
1850	18.2006	23.5814	0.0950067	3
1854	21.1757	7.0437	0.426679	3
1858	21.2727	19.2158	0.6663	3
1860	17.0764	22.7516	-0.112702	3
1861	23.6521	9.50677	0.938726	3
1866	17.9123	4.09632	0.890613	3
1867	23.1878	1.87628	0.351592	3
1869	22.267	9.39641	0.163349	3
1870	21.1379	10.0611	0.269416	3
1873	19.258	20.5548	1.01866	3
1874	24.0465	12.7927	0.443415	3
1876	23.7647	17.8933	-0.094965	3
1885	18.8896	15.6098	0.972476	3
1886	23.5521	8.22563	1.37908	3
1893	22.9255	19.2584	0.724312	3
1895	19.2586	8.20671	0.668542	3
1896	21.6286	21.3352	-0.0752461	3
1897	21.357	21.2757	-0.584862	3
1900	20.154	22.2669	0.87174	3
1902	18.3744	19.6585	1.06067	3
1903	20.0914	22.6546	0.343498	3
1909	18.8304	7.53198	-0.393041	3
1910	19.4825	22.0027	-0.0339074	3
1911	16.6741	4.93314	1.12517	3
1915	23.6457	16.4243	0.895638	3
1916	24.6871	5.42831	1.11495	3
1918	23.1596	8.00311	0.172449	3
1924	22.8638	10.8049	0.397231	3
1925	23.076	14.6602	0.96867	3
1930	17.0846	22.9604	0.505256	3
1932	20.0996	12.5135	-0.189581	3
1933	21.1969	7.68739	0.819504	3
1935	16.9952	17.2559	0.410241	3
1941	19.1066	24.5415	2.07893	3
1944	21.9817	6.80894	0.790934	3
1945	19.0306	14.8042	0.791404	3
1946	18.2574	15.1046	0.897689	3
1949	19.9879	3.46956	1.24902	3
1950	23.0127	1.0086	0.501007	3
1955	18.226	21.4101	0.491762	3
1961	18.859	13.9106	1.72552	3
1962	23.4169	13.4118	0.9555	3
1963	23.6452	22.5647	0.614548	3
1970	19.7486	3.95508	1.18868	3
1971	23.2	8.83497	0.218731	3
1972	20.7198	6.62277	0.159656	3
1975	24.0904	7.56915	0.0228812	3
1976	18.153	6.33182	-0.154811	3
1978	24.7229	21.6598	1.47156	3
1981	17.9279	24.7891	0.70188	3
1984	18.8944	2.25884	-0.111294	3
1985	22.8779	24.2305	-0.24132	3
1986	17.7285	19.8163	0.347185	3
1991	22.3306	6.99597	0.232718	3
1995	19.8802	1.44479	-0.0259393	3
1996	20.5156	9.89398	-0.165416	3
1997	19.3983	24.0083	0.0657265	3
1999	16.9208	7.13673	0.00710695	3
2000	17.5638	23.0576	0.339478	3
2003	19.2633	12.3651	0.569091	3
2006	18.3224	2.95251	-0.0222763	3
2007	17.1488	4.67915	1.31926	3
2009	23.3668	5.54331	0.333106	3
2012	19.6238	18.665	0.458358	3
2015	24.1017	7.72474	0.965854	3
2018	21.7266	6.90032	0.925626	3
2023	23.9054	21.984	0.942524	3
2026	18.6465	7.96633	-0.129675	3
2028	22.2238	20.5352	0.891325	3
2030	17.6527	8.13459	0.39252	3
2031	24.9558	21.0644	0.433149	3
2033	20.2586	21.7611	0.702231	3
2034	17.7687	19.0416	0.776847	3
2035	18.3524	23.2942	0.479515	3
2038	24.3566	15.9659	1.20996	3
2039	19.7608	8.02633	-0.00646141	3
2041	19.32	14.5983	0.30747	3
2045	17.6256	16.673	0.770212	3
2047	18.714	8.04099	1.46571	3
2051	24.5301	11.8308	0.309945	3
2056	19.4363	18.3464	0.844548	3
2058	19.5567	11.6297	0.272329	3
2060	18.6247	17.6054	0.240645	3
2064	20.6374	21.9013	0.240232	3
2066	21.6482	15.4588	0.229187	3
2071	21.4659	14.8198	0.469125	3
2072	18.965	2.76186	0.181503	3
2074	24.2742	7.32303	1.13391	3
2077	23.303	19.2646	0.793865	3
2080	20.3431	18.7751	0.423732	3
2083	17.2254	17.042	0.788029	3
2085	19.2919	12.8936	-0.459668	3
2086	22.4007	20.2688	0.352534	3
2089	20.8307	14.1348	1.24616	3
2098	17.1876	17.8991	0.0174619	3
2103	24.7163	23.5322	0.528994	3
2104	24.3574	10.7953	0.870152	3
2110	18.8182	12.5905	0.857482	3
2111	22.8218	8.63765	0.348134	3
2114	20.2765	1.10279	0.660822	3
2115	20.2399	19.8626	0.139864	3
2116	24.3177	7.76786	0.802986	3
2119	19.1226	8.42939	0.6563	3
2124	21.9136	9.25766	0.978149	3
2125	24.1273	20.5564	0.219096	3
2126	22.6584	16.6199	1.44535	3
2133	21.7614	10.9788	0.706059	3
2136	21.2824	12.0039	0.865003	3
2138	21.2268	6.1015	0.478388	3
2140	17.4168	11.7592	1.28001	3
2142	22.7549	17.0346	0.902383	3
2143	20.8845	17.0274	1.3436	3
2146	17.8023	23.0391	1.45008	3
2155	19.2425	6.11664	0.559895	3
2156	21.5911	9.80231	1.34588	3
2158	19.7527	10.9649	1.34767	3
2159	20.1227	20.7976	0.301361	3
2161	17.9279	0.229106	0.257796	3
2162	17.8879	15.8075	0.0444691	3
2164	23.8707	2.43561	-0.0238041	3
2167	19.3464	19.0532	1.08041	3
2168	19.7553	19.3568	0.384729	3
2170	17.8141	12.7563	1.70162	3
2172	22.0517	9.88505	0.283894	3
2176	24.7126	4.6564	0.39233	3
2182	19.5571	20.5152	0.14464	3
2184	24.1591	23.335	0.233843	3
2185	24.2358	23.4051	0.160654	3
2191	18.3871	20.3016	0.33287	3
2194	22.7269	13.5302	0.580217	3
2195	22.9653	12.1788	0.916484	3
2197	20.0353	11.5171	1.42017	3
2200	23.9523	17.2782	0.167391	3
2202	18.4112	17.4203	-0.64838	3
2204	21.3045	19.6013	1.05509	3
2205	22.3926	14.8089	0.473693	3
2206	23.4006	8.93086	-0.579332	3
2212	23.3482	6.13881	0.370739	3
2220	22.5466	3.64736	1.28792	3
2226	16.7316	14.5622	0.453055	3
2229	18.6984	14.9865	1.16893	3
2233	19.4037	8.64035	-0.333907	3
2235	17.73	23.6764	0.896187	3
2236	21.2675	1.80868	0.748911	3
2237	21.0307	1.67267	-0.45188	3
2238	22.7748	3.29197	0.160788	3
2245	24.9479	10.6419	1.35487	3
2246	24.7098	10.5861	0.683901	3
2250	20.3468	13.3455	0.75068	3
2252	20.706	21.6408	-0.415125	3
2255	22.6401	23.7736	0.825586	3
2260	17.4002	2.33517	0.821874	3
2262	20.9907	15.835	0.741471	3
2266	22.115	7.02952	1.23923	3
2267	22.6323	2.54906	1.20562	3
2271	21.7437	18.2901	1.13134	3
2272	21.7017	7.32563	0.182658	3
2275	21.7928	11.1827	0.749512	3
2279	17.1763	10.7723	0.494034	3
2286	23.4418	6.66647	0.405861	3
2289	18.0918	5.05073	0.625538	3
2290	20.9256	21.806	0.996785	3
2291	24.2396	4.1794	1.05389	3
2302	20.1039	12.9726	0.382406	3
2303	19.3278	3.66181	1.04109	3
2304	18.8489	24.9228	0.273062	3
2308	17.7616	6.17026	1.94233	3
2310	17.2198	23.7047	0.272006	3
2312	24.9645	21.2903	0.630497	3
2313	16.7088	4.81801	-0.202518	3
2324	24.1091	6.74006	0.453266	3
2325	24.3719	6.94588	1.4557	3
2326	17.7749	7.86105	1.32611	3
2327	18.816	18.0158	1.52159	3
2330	17.6059	13.2411	0.762309	3
2337	22.6296	20.5697	1.2846	3
2338	20.2046	2.60062	0.0357932	3
2343	17.3321	20.2332	0.166584	3
2348	20.9271	5.84715	0.356865	3
2351	20.7398	1.26958	1.69644	3
2352	20.4626	0.689382	1.17161	3
2356	21.8882	10.9919	-0.466384	3
2359	23.8078	13.1937	0.93302	3
2360	17.04	7.05948	1.29296	3
2366	24.4415	18.5531	0.700595	3
2367	23.0238	9.00106	0.416554	3
2368	18.7418	13.3274	0.240548	3
2369	17.9275	17.8274	-0.37764	3
2370	17.7776	19.9546	0.811125	3
2372	19.5564	10.8052	0.406564	3
2375	24.464	9.91297	1.55516	3
2381	20.7711	3.0731	0.379419	3
2384	21.9653	7.99566	-0.712487	3
2386	24.8258	15.3456	-0.139908	3
2392	19.4586	7.00549	-0.301285	3
2394	16.9265	4.51136	0.739379	3
2398	18.5445	19.1364	0.517103	3
2399	16.7652	7.71035	0.116693	3
2401	19.2086	0.292897	0.511613	3
2403	19.6407	7.99335	-0.0602563	3
2406	17.9054	12.7785	0.397095	3
2407	17.7941	13.8009	-0.267311	3
2408	17.6425	13.9923	0.903875	3
2409	23.5367	21.8663	0.773427	3
2413	16.6678	12.6469	0.799361	3
2422	22.3972	12.2309	0.217893	3
2423	18.4595	2.65565	0.28156	3
2425	17.3623	15.5925	0.116982	3
2426	23.0174	11.5044	0.51809	3
2428	22.0	12.884	1.72527	3
2429	24.205	20.2451	0.0160734	3
2430	24.2224	19.7348	0.832454	3
2434	20.1505	10.4117	0.456036	3
2435	17.6358	9.22411	0.901841	3
2442	22.4371	17.4239	0.442643	3
2443	18.0135	6.86865	0.722309	3
2446	23.2478	16.0415	0.921145	3
2453	21.7504	23.7197	0.210916	3
2454	18.1218	16.1745	0.385763	3
2455	23.6854	10.9689	-0.603169	3
2459	19.7705	10.4704	0.0887299	3
2460	18.4668	9.83481	0.568538	3
2461	19.9713	0.777771	-0.449072	3
2463	23.8806	12.5505	1.26872	3
2469	22.6441	18.5651	0.109034	3
2472	17.845	8.47146	0.625679	3
2475	20.8037	14.9946	1.46172	3
2477	18.2018	20.9819	0.702982	3
2481	18.4106	18.2402	0.152434	3
2482	18.0111	10.9184	0.769427	3
2487	24.829	18.6051	0.969562	3
2490	17.4617	17.351	1.46135	3
2494	22.3619	22.6757	0.679517	3
2498	24.744	20.9519	0.581079	3
2499	24.317	14.6974	1.43371	3
2502	22.5254	16.5237	0.527659	3
2503	23.1928	3.91781	1.16262	3
2504	22.4333	4.23849	1.38572	3
2505	21.7658	12.4406	0.712268	3
2510	21.0621	19.4478	-0.559187	3
2512	24.1318	19.6534	0.748167	3
2515	17.8877	21.6448	1.21546	3
2516	19.2949	20.4939	0.483312	3
2518	20.9966	23.0039	-0.540584	3
2523	19.6635	9.82977	0.0901998	3
2527	21.8724	18.5558	0.592555	3
2532	19.1422	23.9826	-0.055932	3
2539	18.4904	4.96092	0.622188	3
2541	24.2794	5.18796	0.952288	3
2542	17.9577	7.32599	0.382	3
2543	17.1399	21.5392	-0.116863	3
2546	17.7001	5.61664	-0.28546	3
2547	23.1209	19.9652	0.322658	3
2549	16.9743	24.08	-0.806725	3
2551	17.2149	14.1681	-0.486094	3
2552	20.5448	3.71855	0.30757	3
2555	20.9591	7.83918	0.111776	3
2556	22.4219	5.40271	1.60753	3
2557	16.6732	12.0645	1.74724	3
2558	23.0695	0.668706	0.217044	3
2561	24.821	19.3908	-0.0186531	3
2562	17.1243	23.0869	0.376271	3
2567	21.2346	17.1146	0.631904	3
2569	24.4912	13.8597	0.301841	3
2574	21.7376	4.12069	0.661084	3
2580	24.4099	22.922	0.032861	3
2582	18.5753	5.89447	0.119771	3
2586	16.7799	2.54895	1.25416	3
2590	20.4173	17.071	0.766771	3
2592	22.6098	11.3887	0.170436	3
2595	24.9353	2.7506	0.887501	3
2599	22.1765	18.4635	0.632914	3
2600	23.669	3.51115	0.913796	3
2601	22.8514	10.2191	0.830284	3
2602	24.1	13.4514	0.892541	3
2608	22.6397	23.1368	1.06871	3
2609	23.2567	1.3675	-0.441423	3
2613	20.5737	24.5952	-0.182933	3
2614	19.8607	24.5977	-0.178471	3
2615	16.9259	11.4031	0.326358	3
2628	19.2639	2.63922	0.842452	3
2630	23.591	11.6884	-0.111683	3
2631	23.9642	7.63652	0.66535	3
2632	23.2983	21.9297	-0.812859	3
2634	19.0687	15.0718	1.10925	3
2643	19.2832	19.8302	-0.344542	3
2648	20.061	18.2264	1.13351	3
2652	20.2313	15.6263	0.138985	3
2653	16.9586	6.35286	-0.279064	3
2655	22.9813	17.5767	1.3417	3
2657	20.5721	17.9354	0.0018772	3
2658	19.0589	23.9112	-0.113255	3
2662	17.0316	12.2169	-0.502226	3
2669	19.9314	5.36848	1.09361	3
2676	18.7756	14.4936	0.460854	3
2679	22.4537	8.58284	0.243075	3
2683	20.0558	5.06845	0.192773	3
2688	22.9605	2.09078	0.185835	3
2692	19.4031	2.35519	0.551611	3
2693	16.7002	3.32536	0.808742	3
2698	20.5933	4.91967	-0.202126	3
2700	21.6867	10.3412	-0.0392274	3
2702	23.005	12.5027	0.519677	3
2703	21.884	13.0085	-0.33669	3
2704	17.5883	11.6498	1.02674	3
2718	19.4552	19.5965	0.785887	3
2722	24.4676	19.5884	-0.851927	3
2723	22.5859	18.9193	0.01132	3
2724	17.7985	20.8266	0.955631	3
2727	22.6991	1.20363	0.0412989	3
2729	24.1949	15.1465	0.251355	3
2730	23.5231	15.1437	0.633143	3
2731	24.2896	23.7044	-0.194114	3
2735	21.195	10.4539	0.228157	3
2746	20.1431	10.596	1.361	3
2747	20.362	10.3211	0.937883	3
2751	20.4396	11.5428	0.159312	3
2754	17.3287	5.09689	0.178468	3
2755	24.6385	10.1978	-0.0313674	3
2756	18.4375	1.6591	0.301408	3
2757	22.2664	13.4768	0.69902	3
2759	24.0077	18.8498	0.366367	3
2766	21.7738	5.39352	0.87535	3
2772	18.0078	21.3841	-0.122677	3
2773	22.8056	9.73491	-0.301907	3
2776	22.8086	15.7014	-0.134829	3
2777	22.7325	15.6048	0.265397	3
2780	19.1916	6.20872	0.898001	3
2789	20.708	1.00912	0.721125	3
2797	23.9104	21.7428	0.601728	3
2800	22.0144	12.3741	-1.00806	3
2803	23.3521	6.516	1.15026	3
2810	23.0532	14.604	0.0898051	3
2813	17.3652	2.9259	0.0847529	3
2817	18.7408	6.87276	-0.224854	3
2819	19.3617	0.150424	-0.448791	3
2821	23.3766	14.428	0.517559	3
2833	19.6886	9.05919	-0.29088	3
2836	18.9585	18.6213	0.41356	3
2843	22.0717	19.0867	-0.313612	3
2845	19.4301	24.4544	0.565981	3
2847	24.0519	9.12643	1.61596	3
2848	22.4719	7.08533	-0.601155	3
2851	23.6753	0.177018	1.49988	3
2853	22.1979	21.0953	1.20939	3
2854	16.9615	17.7721	0.693804	3
2855	16.8368	18.1549	0.021951	3
2861	18.2313	22.372	0.910008	3
2862	18.787	23.4074	0.379003	3
2863	22.2455	0.914114	0.523563	3
2865	22.4111	12.7554	0.422782	3
2870	21.8617	8.58256	1.16852	3
2874	21.0678	14.0392	1.48694	3
2877	20.7282	4.08019	1.12781	3
2879	24.6552	20.1803	-0.0467789	3
2880	21.9275	16.1025	1.09908	3
2882	24.5676	22.6194	-0.720745	3
2886	18.9718	7.4793	0.686157	3
2888	23.4681	4.46069	1.20901	3
2891	21.843	15.6692	-0.241496	3
2895	23.867	19.8353	0.249844	3
2901	20.8599	4.78278	0.680288	3
2903	22.4666	18.1775	0.598553	3
2905	21.3995	5.82156	0.30913	3
2907	24.4095	3.22253	0.151	3
2911	21.9021	13.6414	1.01155	3
2913	21.1782	20.9688	0.0710998	3
2917	24.8106	10.2236	-0.265354	3
2918	19.0178	9.74005	0.225337	3
2920	23.9872	22.4755	0.509284	3
2921	24.0459	8.71537	0.0378412	3
2924	19.0302	5.12557	0.128232	3
2925	24.4486	9.66018	0.83075	3
2926	23.7497	9.24503	-0.139555	3
2934	20.315	7.95395	1.13142	3
2935	22.3323	2.26736	0.428536	3
2936	20.5113	20.1786	0.296903	3
2938	24.9049	22.7197	-0.0274946	3
2941	22.3605	14.5433	0.277463	3
2943	23.2361	2.33274	0.541753	3
2946	23.5042	4.59603	0.234228	3
2947	21.2985	8.81553	1.42222	3
2948	22.5383	0.702082	0.220806	3
2949	22.6814	11.3869	1.14219	3
2950	22.3376	11.8042	0.765349	3
2951	21.6352	11.5517	-0.228114	3
2952	21.0519	13.5982	1.12068	3
2953	20.1904	22.9887	0.574406	3
2955	22.4463	13.5271	0.504529	3
2960	20.1507	9.69317	0.432935	3
2961	24.1104	1.08838	0.870958	3
2964	20.658	18.1786	0.427062	3
2965	21.8595	3.09146	0.950741	3
2966	24.5637	3.24281	0.205023	3
2969	20.0267	23.9689	0.641566	3
2970	23.0956	13.6022	-0.636182	3
2971	19.2802	18.5211	0.134381	3
2973	22.3294	18.8998	1.10525	3
2974	16.7193	9.30222	0.189977	3
2978	21.745	3.29661	0.139984	3
2980	24.6924	2.05401	-0.42654	3
2994	16.8964	10.8673	-0.60963	3
2996	24.0899	19.2342	0.383875	3
2997	21.9388	21.9998	0.394833	3
3003	17.9895	18.0709	0.74854	3
3007	20.3413	2.09326	0.565416	3
3011	22.5239	14.0602	0.376615	3
3016	23.4287	18.1257	-0.211082	3
3018	23.2674	1.8712	0.197487	3
3019	18.8712	23.6822	0.440502	3
3022	20.0433	9.36795	0.895383	3
3023	18.8459	9.78252	0.966207	3
3028	18.2893	23.9626	-0.461382	3
3029	21.0425	20.1118	0.57522	3
3035	22.0973	19.4426	0.353383	3
3036	20.4897	17.4467	0.00868478	3
3037	20.0392	16.8263	0.542817	3
3038	20.5476	2.49787	1.03038	3
3039	20.7354	14.702	0.70014	3
3043	24.8462	20.8095	1.15408	3
3045	18.7974	22.5409	0.760754	3
3046	18.305	23.5732	-0.414171	3
3051	17.0649	24.9278	1.36914	3
3053	23.0263	9.8748	-0.095439	3
3054	18.3941	12.1607	-0.00610279	3
3059	19.0428	1.33917	1.96979	3
3060	24.044	17.3316	-0.127145	3
3062	19.4385	21.8057	1.13386	3
3066	19.951	9.49852	1.37641	3
3070	21.7351	6.30488	1.01345	3
3072	23.1792	9.78254	-0.0121162	3
3078	18.7889	10.661	-0.508199	3
3079	22.997	6.94606	0.143657	3
3083	23.5572	17.9812	0.326815	3
3084	18.281	2.70141	1.15471	3
3087	22.8697	2.1316	-0.740883	3
3089	20.4825	21.1569	-0.0676459	3
3092	24.6615	16.2505	0.566983	3
3098	17.1434	16.9526	1.37336	3
3099	24.3958	6.9992	0.638102	3
3101	22.738	8.14315	-0.405732	3
3107	18.514	24.252	0.514431	3
3108	17.8034	23.9542	0.975178	3
3116	23.8272	11.5782	-0.19218	3
3117	20.4638	7.07359	0.517291	3
3120	18.963	16.7826	-0.331848	3
3122	16.7698	20.5989	0.0658966	3
3125	23.8072	16.9597	0.564541	3
3126	23.1599	14.5766	0.285626	3
3127	18.7718	9.35249	-0.446171	3
3128	23.5151	1.21339	0.401154	3
3129	23.8817	2.89175	0.638737	3
3138	21.2265	23.3936	0.183242	3
3139	24.7006	20.1846	0.793442	3
3140	23.1505	9.44347	-0.486285	3
3141	24.3552	17.8853	0.866293	3
3144	21.2729	21.9636	1.18835	3
3146	20.6086	4.98429	0.547893	3
3147	16.7899	16.1245	1.72113	3
3151	23.4083	8.12623	0.993872	3
3153	18.0	15.0992	-0.265125	3
3154	18.7876	13.3402	0.528676	3
3158	18.5815	11.7386	-0.34796	3
3161	22.0967	24.7367	0.104705	3
3163	20.5626	24.3598	0.994839	3
3167	18.4617	20.6056	-0.0318777	3
3170	16.9259	3.06265	0.52175	3
3171	20.6233	7.05028	0.390467	3
3172	22.0537	21.5879	-0.346105	3
3174	17.4075	4.0339	0.0521976	3
3178	23.6439	24.3684	0.901237	3
3180	17.5247	21.6444	0.322106	3
3181	17.8712	12.3466	0.627322	3
3182	21.0133	5.57152	0.844396	3
3183	20.9479	19.5083	1.10293	3
3185	17.8454	4.5584	1.13634	3
3186	16.8046	21.1386	-0.0811401	3
3187	19.9761	18.1293	-0.273941	3
3195	23.0624	17.6349	1.60343	3
3197	21.0405	13.614	1.27353	3
3199	24.2116	19.0803	0.283482	3
3200	23.6444	17.3967	0.572897	3
3204	22.2357	21.1518	0.328137	3
3205	23.211	10.819	0.673778	3
3208	17.6384	14.0919	-0.299465	3
3209	17.8062	21.658	0.907779	3
3210	16.6835	6.24987	1.28575	3
3213	17.375	19.8137	-0.0821237	3
3214	17.3126	7.11652	0.0124427	3
3216	17.6876	8.65582	0.678794	3
3217	17.8975	22.8615	0.0915255	3
3226	22.3608	6.74519	0.584637	3
3227	24.9889	9.70701	0.0558681	3
3233	23.834	23.4109	0.410199	3
3234	20.9221	5.0816	0.238582	3
3238	21.6744	24.4451	-0.142352	3
3239	22.1804	12.8661	0.447796	3
3241	21.1601	2.42218	1.46456	3
3247	19.3608	11.7863	0.432035	3
3250	22.7205	23.9972	1.45822	3
3251	18.7924	15.5447	1.12507	3
3266	21.3483	13.6967	0.691238	3
3267	23.6058	4.75226	0.0475191	3
3277	19.9383	4.90231	0.690267	3
3278	19.4056	8.62626	0.0287835	3
3280	24.8404	11.1939	-0.577837	3
3285	18.3337	23.9858	0.638729	3
3286	18.1315	16.3641	-0.723066	3
3287	18.4796	24.9141	1.57477	3
3289	17.8784	11.8651	0.987012	3
3293	21.5444	11.3634	0.379621	3
3294	24.4577	3.32846	1.05082	3
3296	20.6769	5.25933	-0.251432	3
3298	19.6097	24.3204	0.210087	3
3301	17.606	5.15828	-0.061974	3
3304	21.28	6.33611	0.562294	3
3307	22.3155	8.31927	0.970784	3
3310	23.0813	18.4058	0.358134	3
3323	17.6004	12.3243	0.771802	3
3326	21.3257	7.99404	0.0238389	3
3329	20.4623	19.3942	0.746172	3
3330	23.0313	3.7229	0.326866	3
3332	16.9454	16.7252	0.677908	3
3333	17.1271	12.3582	1.43397	3
3340	19.5701	20.541	0.622488	3
3341	19.5196	20.5925	1.32955	3
3342	19.6531	20.2785	0.137449	3
3346	21.4345	12.6397	1.09243	3
3353	24.5775	5.27705	0.539873	3
3356	24.0716	3.92617	0.883371	3
3357	20.4524	4.62217	1.49943	3
3358	19.1885	4.20166	1.26083	3
3361	18.3786	19.7345	0.837469	3
3362	23.9404	24.706	0.857185	3
3363	24.3877	24.5103	1.44591	3
3364	23.7329	24.6059	0.0997757	3
3365	23.6048	20.4726	0.38484	3
3375	24.152	4.96927	0.144145	3
3379	19.0838	8.46929	-1.16233	3
3384	18.5379	23.0142	1.39018	3
3400	21.2383	17.5026	0.270656	3
3405	21.7961	11.488	0.784051	3
3407	23.9527	19.1238	2.12654	3
3408	21.424	24.559	0.506802	3
3415	18.2242	17.2746	0.288383	3
3422	19.3366	3.21771	-0.100508	3
3425	24.484	17.0796	0.117145	3
3428	18.4496	16.2652	0.454317	3
3429	19.0954	16.876	0.842126	3
3431	22.7987	2.96469	-0.550725	3
3432	22.9955	21.5181	0.585649	3
3433	23.3345	21.1476	0.465575	3
3436	16.817	18.8599	-0.590986	3
3446	17.9605	11.6765	0.739874	3
3448	20.4146	8.23713	1.45331	3
3449	20.6724	7.82621	0.423262	3
3456	17.6767	23.3905	1.22477	3
3458	18.1923	5.63651	0.615804	3
3467	23.349	2.62036	0.940482	3
3469	22.8287	6.01367	0.471904	3
3473	21.4328	18.5802	0.242731	3
3474	17.9987	22.5227	0.190322	3
3484	23.7829	21.9514	-0.331396	3
3485	17.5068	19.3516	0.493703	3
3486	19.2355	2.19156	0.0315688	3
3488	17.8307	13.0655	0.363047	3
3494	22.0922	2.31661	0.968102	3
3496	18.3409	18.1772	0.798523	3
3498	20.1052	10.1332	0.0556104	3
3500	21.462	4.49667	0.288622	3
3504	17.3926	16.9869	0.460926	3
3509	19.0131	14.6268	0.506903	3
3511	17.271	11.0719	1.33816	3
3512	24.8915	2.8926	0.784236	3
3518	18.666	11.354	0.366536	3
3519	18.3368	11.5552	-0.742006	3
3521	20.6367	1.76031	1.18857	3
3530	21.5097	1.82954	1.11917	3
3531	22.0902	2.52727	0.161816	3
3532	18.2385	5.40819	0.661531	3
3536	24.536	17.4308	0.396367	3
3539	23.2794	8.48537	-0.257073	3
3540	18.9487	11.2621	0.583965	3
3544	23.2426	13.8737	0.854216	3
3549	21.2811	24.3802	0.0963833	3
3556	21.3104	2.69097	0.92434	3
3557	19.9645	10.1306	0.580098	3
3559	22.0054	13.1276	0.896557	3
3560	21.9583	12.719	0.761715	3
3562	19.0371	0.66628	-0.0476418	3
3564	23.5472	18.1747	1.19957	3
3569	24.3397	15.5777	1.32304	3
3571	19.0711	7.31178	0.767843	3
3572	22.8245	0.169979	1.17603	3
3579	18.1316	24.7387	1.18169	3
3580	18.0158	18.1215	-0.344532	3
3583	20.7162	4.4576	0.568664	3
3587	20.2521	3.00032	0.107564	3
3592	16.7621	20.5168	0.213448	3
3594	20.8861	13.4672	0.762501	3
3596	18.4056	2.8297	-0.161343	3
3603	20.0194	10.6488	0.664759	3
3604	24.3768	9.74999	1.19402	3
3605	19.7872	8.5562	0.267745	3
3607	20.4442	7.35486	0.0526433	3
3608	24.5027	7.17039	0.184511	3
3611	21.9108	9.56496	0.508649	3
3613	17.1977	23.3227	0.653349	3
3616	24.3616	4.51546	0.0643441	3
3618	22.9134	1.7689	-0.362201	3
3622	24.0883	7.90906	-0.262134	3
3625	23.1671	18.4735	-0.508666	3
3626	21.0931	11.4449	0.5637	3
3628	19.2606	10.9114	1.10291	3
3629	24.035	7.35068	0.554778	3
3634	19.1912	24.5151	0.784636	3
3635	17.0944	17.5825	0.50621	3
3641	19.3554	3.27041	0.880709	3
3646	19.1284	8.52281	0.422559	3
3652	23.4519	7.33646	-0.889828	3
3653	23.824	8.7523	0.341443	3
3661	24.8998	1.50287	0.0847507	3
3662	23.8386	24.6198	-0.0788278	3
3663	21.977	19.8022	1.09827	3
3666	18.3845	7.8424	-0.438631	3
3667	18.6356	7.93042	0.566957	3
3670	16.8495	10.9926	1.33522	3
3674	20.7368	0.650481	0.513547	3
3677	20.789	23.1519	1.16839	3
3678	19.2236	19.3717	0.256262	3
3681	21.4302	19.0639	0.130095	3
3683	21.7893	11.5098	0.295185	3
3687	17.8126	23.6186	0.656509	3
3688	23.0979	1.7021	1.03923	3
3689	24.2337	1.83739	-0.454746	3
3690	23.7627	16.731	1.23602	3
3697	18.5157	2.74739	0.0258511	3
3699	23.2975	23.1524	0.942371	3
3702	24.2512	19.8644	0.430661	3
3703	22.0866	18.3224	1.04312	3
3704	17.2188	22.6233	-0.253861	3
3705	16.9332	21.9967	1.89771	3
3710	24.5057	15.9791	0.907163	3
3713	18.0459	23.8916	0.472112	3
3715	21.3124	21.9863	0.540421	3
3719	18.8141	14.2323	0.458174	3
3724	23.5188	0.398125	0.379259	3
3726	23.4333	18.8245	0.330404	3
3728	17.6405	16.4241	0.558718	3
3729	22.5725	18.7933	-0.00473545	3
3737	18.906	0.943208	1.24986	3
3739	21.7887	2.7637	1.29112	3
3741	17.6056	18.6365	0.402132	3
3742	23.3398	24.1884	-0.334503	3
3746	22.9276	2.1798	0.877655	3
3747	16.7019	4.82469	-0.704791	3
3749	19.0331	8.07458	0.279324	3
3751	19.9652	14.7445	0.309766	3
3752	24.4364	14.7423	0.492664	3
3753	24.0422	14.5029	1.34427	3
3755	23.5309	8.96474	0.245416	3
3756	20.1315	19.3026	1.30336	3
3758	18.9027	2.40132	0.665169	3
3759	19.9228	13.3361	-0.285408	3
3761	24.3527	8.62537	-0.390433	3
3766	21.3431	18.3426	0.448836	3
3767	21.7064	21.1741	-0.57328	3
3768	19.2758	15.6093	0.0422884	3
3770	23.5276	9.20582	0.709151	3
3776	23.6066	13.715	0.907941	3
3778	20.038	0.760708	0.383648	3
3781	19.5634	12.5778	1.63682	3
3783	22.0831	13.2621	1.16058	3
3787	16.7788	11.0536	-0.820626	3
3788	20.7521	20.9427	1.54224	3
3789	21.3414	21.1043	0.963829	3
3792	24.2837	15.4269	0.471665	3
3796	19.438	17.3961	-0.611703	3
3799	24.5121	16.976	-0.107143	3
3804	22.5252	23.5429	-0.699893	3
3809	22.6729	22.0582	0.629919	3
3811	16.8784	21.5169	1.7374	3
3813	20.6684	24.7048	1.02927	3
3814	21.0297	22.9232	0.546627	3
3816	18.7444	14.6173	-1.0317	3
3817	17.5402	21.5135	0.112492	3
3821	19.979	7.90159	-1.48802	3
3822	19.0884	5.04958	-0.652821	3
3827	18.5533	2.83408	0.651004	3
3828	20.8204	24.2265	1.29769	3
3829	20.109	24.1221	1.29602	3
3832	21.1313	11.8836	0.640479	3
3838	22.407	21.695	0.395033	3
3840	17.6361	0.100175	0.956781	3
3842	23.9075	11.1285	-0.524087	3
3857	18.7376	22.368	0.50091	3
3858	24.2827	3.77098	0.930389	3
3859	19.181	3.02754	1.01282	3
3865	22.8188	24.1226	-0.651476	3
3872	21.6821	6.12299	0.825756	3
3873	19.2136	22.961	-0.0434199	3
3875	23.6054	21.0175	0.00207274	3
3876	24.5988	20.2049	1.25426	3
3878	22.1724	0.836626	0.927374	3
3881	16.8263	5.35569	0.535121	3
3882	19.1151	6.5205	0.896433	3
3886	24.6655	1.16831	0.888851	3
3888	18.1365	11.7942	0.0930585	3
3895	22.4658	3.35259	0.870418	3
3897	21.9426	22.7723	-0.279387	3
3899	18.5193	23.8624	0.722764	3
3904	20.6486	12.5823	1.19732	3
3910	19.9005	18.8475	0.557649	3
3913	17.7036	21.4389	0.0991098	3
3918	23.8068	22.9822	0.0476336	3
3922	17.0162	20.2652	0.313758	3
3929	17.4827	21.528	1.11278	3
3930	21.5162	19.4672	0.253753	3
3933	18.3596	11.9197	-0.464438	3
3937	22.8601	19.0502	0.674432	3
3938	23.1425	15.8172	-0.0573922	3
3946	20.6697	20.2664	0.704559	3
3952	24.8889	24.8265	1.01394	3
3954	20.7017	12.2778	0.038594	3
3955	18.1202	2.43727	0.418774	3
3958	18.1172	3.31715	0.353015	3
3959	23.1333	14.159	-0.156955	3
3961	17.0718	24.9904	0.525198	3
3963	22.6994	10.5431	0.703429	3
3964	16.7461	8.59467	0.205337	3
3966	18.6027	15.0941	0.898437	3
3967	17.7259	15.0473	0.513654	3
3968	17.3569	15.1391	1.21698	3
3970	19.2487	10.8141	0.598177	3
3972	20.1678	1.07281	0.370207	3
3973	21.8195	12.3303	-0.00761615	3
3977	21.2838	5.76744	0.67712	3
3981	23.7226	24.7983	0.635803	3
3982	23.6598	4.10013	0.418923	3
3983	22.7624	22.6588	0.0704086	3
3987	24.5833	21.0271	0.234486	3
3990	16.953	13.3208	0.464947	3
3991	23.1369	18.9829	1.08042	3
3992	16.7646	3.54097	0.442321	3
3994	23.8712	23.9317	0.719913	3
3995	21.6329	18.9258	0.18607	3
3996	23.0177	6.50438	0.278162	3
3999	20.2716	23.0083	1.38782	3
4002	17.6616	22.6029	0.683316	3
4008	23.7804	23.3236	-0.428323	3
4015	21.7241	13.2231	0.0212008	3
4017	21.2004	20.7062	0.127579	3
4019	20.7595	7.02489	1.12076	3
