IND_ID	PosInd_X	PosInd_Y	PhenValue	Region

22	1.10343	8.25296	0.229579	1
25	0.408688	12.9694	0.115976	1
33	2.15863	12.8162	-0.199079	1
36	0.0823941	17.4499	-1.14205	1
42	1.72015	2.53287	0.0642519	1
50	1.11443	10.4313	-0.885414	1
63	0.808033	3.86603	0.065469	1
64	1.03016	21.7445	-0.960846	1
76	2.3337	12.1886	0.474532	1
96	0.164199	9.3912	-0.411276	1
99	1.18187	14.4949	-0.154967	1
107	0.663648	10.2673	0.443753	1
133	2.37316	17.5199	0.139649	1
141	0.69581	17.663	-0.488574	1
154	1.1047	14.0849	-0.0906602	1
167	0.0432605	21.1539	0.223974	1
172	1.22773	17.415	0.0725864	1
174	1.14574	18.1674	0.223546	1
185	2.00325	17.6216	0.340315	1
201	2.4567	15.8659	0.312285	1
214	1.84962	3.01693	0.44505	1
220	1.76731	21.9184	-0.423252	1
222	1.92872	20.107	-0.00660182	1
227	1.43612	9.22263	0.253083	1
249	2.0754	10.8938	0.1598	1
271	1.03763	4.24479	-0.505856	1
298	0.134574	7.43184	0.874938	1
311	0.860777	6.73635	0.264296	1
319	1.05772	22.202	-0.520194	1
342	0.799635	17.1376	0.137345	1
348	2.18097	3.03332	0.299307	1
368	1.85226	24.6163	-0.274903	1
376	0.641749	19.6505	-0.683771	1
379	0.721833	11.972	-0.653729	1
385	1.72099	6.61488	-0.263728	1
393	1.02876	9.61306	0.107537	1
397	0.981566	15.9857	-0.067863	1
406	2.01197	15.1317	-0.792519	1
407	1.18614	17.7402	0.196574	1
419	2.16475	19.6241	-0.0357354	1
420	2.3786	3.73367	-0.283993	1
454	1.79005	19.4085	-0.553688	1
455	0.439953	5.08175	0.372416	1
476	0.93677	0.180748	0.28915	1
483	0.0315521	16.5445	0.577939	1
491	1.14163	5.77871	-0.0875425	1
500	1.21957	10.8593	-0.318193	1
518	0.404507	22.1247	-0.425947	1
525	0.438318	24.9234	0.0143751	1
527	1.49374	3.93498	-1.3312	1
533	0.798999	8.98898	-0.436044	1
546	0.413853	7.73839	-0.20091	1
556	0.930763	5.45809	-0.164947	1
563	0.919269	14.5386	-0.170342	1
573	0.979058	19.1844	0.273711	1
582	0.548003	5.46841	0.0534683	1
585	0.417517	1.25352	0.0200815	1
599	1.5671	19.748	-0.15025	1
606	0.0987976	12.1407	0.341809	1
612	1.27426	18.2905	0.780474	1
619	2.1509	22.8335	-0.0852633	1
649	0.992698	12.4558	-1.6143	1
654	0.684428	8.14128	0.398996	1
659	2.02708	4.58845	0.378554	1
666	0.124335	16.8192	-0.425576	1
668	0.163431	5.70903	-0.517597	1
672	1.74505	24.2049	-0.220196	1
674	1.54747	23.4187	0.305366	1
676	0.732321	20.7091	0.0319344	1
679	1.12805	6.48787	0.169306	1
680	1.01373	20.973	0.0895683	1
683	0.55989	13.9559	0.309506	1
704	0.246184	13.0361	-0.0420003	1
706	2.23895	16.7401	0.0253084	1
712	1.57627	18.6626	-0.480232	1
726	1.43297	3.00195	-0.392359	1
733	0.172151	1.45595	-0.471544	1
738	1.42177	6.81392	-0.204785	1
742	0.599818	20.4271	0.122119	1
747	0.236271	21.5327	0.582926	1
756	0.636683	14.2839	-0.896685	1
764	0.23305	11.4372	-0.0342276	1
772	0.383759	4.82441	-0.351531	1
801	0.276247	18.2642	-0.07923	1
802	1.85944	1.84068	0.0667783	1
804	1.228	13.4013	-0.137348	1
807	2.11685	0.696136	0.26625	1
810	0.809881	9.47427	0.561764	1
820	0.156654	1.7163	0.208959	1
845	2.18324	9.49873	-0.0409274	1
853	2.47275	22.9454	-0.181347	1
865	2.41354	11.4004	-1.03275	1
881	1.02759	12.1737	-0.570619	1
902	1.87608	15.9209	-1.06537	1
904	2.36615	14.1336	0.0953072	1
909	1.92844	23.9106	-0.692287	1
913	0.464713	4.31105	-0.0843505	1
933	0.61926	1.67657	-0.734065	1
938	1.31485	15.0574	0.292952	1
942	0.839626	20.4534	-0.60012	1
947	2.20446	14.8716	-0.0702955	1
949	2.29133	17.5188	0.012009	1
954	2.49558	12.624	0.361233	1
975	0.326116	0.256025	0.198015	1
979	0.458147	6.86975	0.117718	1
983	2.28971	22.038	0.153205	1
984	1.84886	22.9546	-0.00745858	1
990	1.46084	23.2286	-0.0270681	1
991	1.59427	6.00352	-0.0589806	1
993	1.66992	16.6474	-0.393805	1
997	2.33266	14.2367	-0.0284244	1
1006	1.80732	0.992488	0.454242	1
1007	1.99138	0.0256375	-0.523545	1
1017	0.195772	22.801	-0.235728	1
1063	1.27459	24.4384	0.200885	1
1064	0.232267	19.3182	-0.0787675	1
1094	0.912822	12.7988	0.700026	1
1096	2.44296	5.5264	-0.393512	1
1130	0.0607761	24.3951	-0.314685	1
1148	2.30034	13.8642	-0.385838	1
1152	2.1707	3.52377	0.110952	1
1165	1.51143	19.6405	0.0767385	1
1172	1.65022	24.2685	-1.1669	1
1191	0.782389	2.42261	0.269085	1
1193	1.44421	22.1457	0.296701	1
1195	0.775688	0.402119	-0.403404	1
1201	0.260801	1.39406	-0.445818	1
1212	2.20972	11.3241	0.095876	1
1219	1.63849	21.7408	0.363665	1
1244	2.0815	18.979	-0.0792768	1
1258	2.07159	24.0397	0.382095	1
1263	0.959827	24.2934	0.0812047	1
1264	0.460823	23.3114	-0.449668	1
1297	1.19272	18.5115	-0.220472	1
1304	2.19858	7.87983	-0.376778	1
1312	1.5497	3.91512	0.74134	1
1340	2.41019	1.07765	-0.644831	1
1391	0.231993	22.494	-0.0101372	1
1407	2.04796	19.2377	-0.148932	1
1413	2.23679	21.4259	-0.187654	1
1427	1.38193	5.91424	1.01987	1
1450	0.0131095	6.17817	-0.0393078	1
1463	0.228739	17.0996	0.698302	1
1477	0.0500726	15.424	0.224095	1
1495	2.21564	22.4186	-0.633374	1
1498	0.4478	3.00424	-0.294955	1
1518	1.57205	11.6855	0.102607	1
1526	2.28275	5.44804	-0.764852	1
1538	2.15453	20.6122	-0.985443	1
1548	0.919773	7.59337	-0.431415	1
1558	2.3628	24.544	-0.761139	1
1574	2.07245	7.80898	-0.47639	1
1576	1.53927	6.48451	-0.0393158	1
1595	0.434289	15.6135	0.0149819	1
1607	0.980978	4.51774	0.0912576	1
1622	1.68973	11.0557	-0.604126	1
1637	1.68342	7.53988	-0.091677	1
1653	0.825714	2.01004	0.831122	1
1656	0.0176614	1.23477	-0.437362	1
1661	1.41183	8.25206	0.193661	1
1662	1.89505	11.6861	-0.52431	1
1678	0.389086	12.8474	-0.0276827	1
1682	0.398643	21.1386	-0.656273	1
1685	1.55784	1.677	-0.139531	1
1692	2.03486	9.0802	-0.626672	1
1698	1.84287	5.40054	-0.222586	1
1714	0.818723	7.03249	-0.320831	1
1723	0.601228	1.07458	-0.78323	1
1737	0.361547	17.0432	-0.465675	1
1757	0.055296	10.6194	-0.625229	1
1766	1.6769	16.138	-0.394536	1
1768	2.46015	8.44902	0.472507	1
1776	1.48473	2.89204	-0.0704503	1
1791	2.4898	23.8147	0.307526	1
1793	1.38376	14.0734	-0.0599901	1
1800	0.0790144	15.329	-0.190827	1
1801	0.157824	14.8505	-0.360362	1
1807	1.04922	17.1301	0.106199	1
1815	1.76826	10.8194	-0.305196	1
1830	2.40051	2.76608	-0.613025	1
1851	2.07528	7.52512	-0.832919	1
1858	1.18881	13.1413	-0.270508	1
1874	0.475012	22.8567	-0.395852	1
1875	1.37913	24.697	-0.288932	1
1876	0.130931	2.72581	-0.791127	1
1879	2.42245	4.29019	0.446153	1
1884	1.56002	2.35364	0.570688	1
1888	2.22461	21.4005	-0.0702367	1
1893	2.0737	14.2972	-0.00326638	1
1896	1.86154	17.5065	0.0654039	1
1924	2.44428	19.4501	-0.220104	1
1925	0.461815	4.46293	-0.493363	1
1931	1.26596	3.88886	0.712337	1
1942	0.925461	22.4784	-0.14908	1
1943	0.85902	20.5236	0.186641	1
1946	1.9107	8.70031	0.368705	1
1954	1.90892	7.58203	-0.32648	1
1964	0.352773	7.57468	0.0416244	1
1965	0.64187	6.71391	0.0355117	1
1971	0.388941	19.6091	-0.586729	1
2025	1.93043	20.9342	-0.19216	1
2046	2.12208	19.9637	-0.0426611	1
2063	2.35042	13.9576	0.00624268	1
2073	2.09329	21.1574	-0.470356	1
2079	2.04277	2.23313	0.0831953	1
2094	1.70292	17.1799	-0.803982	1
2102	2.03501	13.5414	0.141832	1
2120	0.310699	1.35065	-0.221871	1
2124	2.04379	15.2955	-0.648497	1
2133	1.45633	10.4394	-0.0595108	1
2144	1.08565	21.8118	-0.70534	1
2162	1.72305	17.4517	0.607048	1
2166	1.88873	13.8059	-0.581866	1
2172	2.1922	7.50995	-0.331184	1
2175	0.509722	14.1814	-0.821016	1
2183	0.211132	23.416	0.304513	1
2193	2.06377	4.73936	-0.0482576	1
2214	2.08613	8.51653	-0.301475	1
2216	1.95892	22.4741	-0.102242	1
2227	2.10112	3.20409	-1.13748	1
2233	0.827509	15.0353	-0.156179	1
2236	0.710963	17.7437	0.440279	1
2249	2.24513	10.2193	-0.181367	1
2275	0.16796	0.621425	-0.380894	1
2276	1.26778	3.37439	0.254911	1
2292	0.474458	17.2557	0.528864	1
2297	2.42473	6.52319	-0.61284	1
2302	1.2807	16.6174	0.187073	1
2306	1.27524	12.6475	-0.775388	1
2307	1.8364	13.0567	-0.310286	1
2311	1.10795	14.8517	-0.617191	1
2341	1.85653	2.72534	-0.297052	1
2347	1.14808	15.9498	0.821787	1
2353	1.56363	15.7553	-0.0019028	1
2363	1.89524	11.8662	-0.142366	1
2364	1.72292	3.90649	0.356831	1
2365	1.81559	4.5322	0.476725	1
2388	1.34396	21.2127	-0.647438	1
2394	2.03243	7.89088	-0.0390777	1
2397	1.61867	9.04608	0.0257952	1
2402	0.25467	19.339	-0.230217	1
2411	1.39115	14.8236	-0.389791	1
2437	0.571523	11.1053	0.392388	1
2451	2.41002	21.7403	-0.14163	1
2464	0.658102	18.2731	0.479911	1
2485	0.0162805	0.13269	-0.270931	1
2511	2.17925	2.68481	0.0288445	1
2524	0.95186	7.36802	-0.529094	1
2542	1.75337	12.195	0.566256	1
2554	1.09564	18.5533	-0.0873389	1
2580	0.916915	9.20313	0.28052	1
2585	0.986924	17.9597	0.197644	1
2590	1.86418	24.4538	-0.372714	1
2595	0.61112	10.302	-0.360327	1
2602	2.02965	12.0178	-1.181	1
2603	2.37495	12.0868	0.0759078	1
2604	1.08411	4.48987	-0.351823	1
2605	1.59857	5.53107	0.255933	1
2610	1.15379	11.0617	0.211604	1
2616	0.777978	23.4989	-0.128877	1
2619	1.12432	6.5821	0.480411	1
2672	0.523579	1.52601	-0.543903	1
2741	1.7075	18.3362	-0.136931	1
2767	0.93005	18.9955	-0.646685	1
2774	1.24731	18.2802	0.0728378	1
2786	1.73617	8.59171	0.44638	1
2791	1.74537	16.0338	-0.35057	1
2812	1.89899	2.06285	-0.136803	1
2818	1.80292	22.8011	-0.220087	1
2824	0.81766	19.071	-0.542849	1
2852	2.35238	12.1395	-0.409939	1
2853	1.78282	14.778	0.435304	1
2854	0.613037	24.2688	-0.0804638	1
2868	2.24481	1.73939	0.0312807	1
2883	1.36638	6.56508	-0.247513	1
2912	1.15903	8.70094	-0.323351	1
2914	1.81211	3.95226	-0.43609	1
2915	2.44613	22.9484	-1.077	1
2925	0.554304	1.31062	0.00712428	1
2943	1.41599	13.5431	-0.490303	1
2954	2.43919	7.02671	0.240709	1
2962	2.28259	13.7009	-0.0122786	1
2969	0.135742	12.2887	-0.223661	1
2984	0.220467	22.9213	0.253483	1
3005	0.0821489	13.2	0.364749	1
3009	2.15444	2.48072	-0.535086	1
3016	2.34821	8.98386	0.350298	1
3057	0.533948	8.78079	-0.365127	1
3061	2.17349	16.0699	-1.05374	1
3066	0.962345	7.99919	-0.302372	1
3068	2.45708	7.22987	-0.469034	1
3069	2.00507	9.57778	0.139104	1
3076	1.87309	9.4837	0.283077	1
3080	2.48298	7.65849	0.169714	1
3082	1.83415	24.1118	-1.04389	1
3088	1.39101	9.71234	-0.718411	1
3100	0.386339	21.9964	-0.439321	1
3106	1.05037	17.5471	0.483629	1
3118	2.44127	21.2984	-0.414782	1
3132	1.78938	11.0923	-0.120447	1
3147	1.01932	8.01526	0.409582	1
3173	0.694462	24.7502	-0.0664588	1
3178	2.05985	22.1507	0.0787782	1
3184	0.686429	9.46715	0.0703409	1
3202	1.32739	21.2147	-0.170812	1
3205	0.169627	18.9697	-0.83297	1
3219	2.06336	0.558543	0.012385	1
3223	2.30268	16.3969	-0.143454	1
3254	0.622408	17.6466	0.38225	1
3261	0.838957	1.95337	0.124319	1
3269	1.30181	12.6852	-1.19941	1
3287	2.35661	14.9615	-0.483191	1
3313	1.2337	8.93329	0.141661	1
3319	1.51452	7.23081	-0.146788	1
3322	1.2036	15.0457	-0.800058	1
3323	0.831693	14.9533	-0.293229	1
3326	0.695927	9.46905	0.399271	1
3353	1.81227	22.5182	0.593872	1
3354	2.41045	22.891	-0.0484825	1
3356	0.450096	20.747	-0.16872	1
3357	0.437779	21.3593	-0.0665828	1
3362	1.83119	4.04362	0.077263	1
3389	1.99391	1.71464	0.207235	1
3392	1.38223	7.29671	0.516401	1
3402	0.0297955	24.5367	-0.290182	1
3410	1.61902	6.75372	-0.00176415	1
3441	2.36158	19.5286	0.259158	1
3452	1.01024	14.7001	0.553762	1
3456	1.8059	2.97258	-0.267041	1
3466	1.71126	8.8259	0.778211	1
3468	1.8595	21.7725	-0.00259493	1
3482	2.29363	7.0131	0.144086	1
3495	2.02801	6.34678	0.593913	1
3504	1.46417	19.1931	-0.158671	1
3508	0.420277	10.6695	0.136542	1
3524	2.37725	1.59559	-0.311367	1
3531	1.57497	8.87147	0.601124	1
3537	1.9898	17.9469	-0.0592594	1
3554	0.55086	11.0112	1.49526	1
3560	0.165338	19.1703	0.213777	1
3561	1.19588	1.18531	0.0246632	1
3565	1.95761	2.90932	-0.21655	1
3577	1.20353	8.17003	0.444831	1
3589	1.24391	17.4989	-1.20822	1
3593	0.0290516	23.3878	-0.0700004	1
3595	2.33047	19.5169	0.758533	1
3600	0.0510915	23.1356	0.102717	1
3613	0.461709	1.45588	0.152852	1
3614	1.41022	15.0201	-0.419459	1
3654	1.64176	4.16032	-0.411908	1
3655	1.21328	17.3041	0.661992	1
3656	1.02178	15.9354	-0.228043	1
3669	1.102	17.4948	0.0595962	1
3674	1.83437	1.33662	0.185535	1
3694	0.383619	0.314674	-0.638288	1
3706	0.336343	22.8743	-0.0322272	1
3711	1.30317	24.591	-0.357706	1
3713	1.22858	22.3281	-0.755702	1
3730	0.412608	11.4524	-0.0872343	1
3735	0.871644	18.2051	-0.0158938	1
3742	1.57362	19.4879	-0.386871	1
3752	0.239496	19.2016	0.0916409	1
3754	1.44294	5.96024	-0.442869	1
3759	2.30871	3.12554	-0.314045	1
3763	2.46227	2.70006	-0.232064	1
3824	0.796362	9.00081	0.0214963	1
3834	2.09167	11.9722	0.483326	1
3864	1.65742	9.43445	0.206542	1
3895	1.87217	20.4676	-0.105578	1
3898	0.6682	5.38661	-0.183627	1
3899	0.45608	5.43751	-0.0878131	1
3901	1.44594	23.6153	-0.352282	1
3902	0.938449	19.0664	0.0684459	1
3910	0.653156	9.13862	-0.711199	1
3911	0.931648	10.2473	-0.17367	1
3917	2.31623	7.93717	-0.0474872	1
3933	0.42502	12.6967	-0.367277	1
3935	1.6462	22.4812	-0.635844	1
3940	1.46819	3.7338	0.562177	1
3970	0.452564	12.445	0.451745	1
4032	0.806547	2.05308	-0.0844456	1
4034	1.60079	11.0622	0.148774	1
4037	2.29669	18.7333	0.201174	1
4046	1.4153	19.5173	-0.761569	1
4058	0.568517	16.824	0.428356	1
4060	1.93139	15.7623	0.2706	1
4061	2.40582	15.8418	0.160478	1
4063	0.30961	4.59729	-0.0519045	1
4064	0.302628	4.93497	-0.245346	1
4065	0.423948	4.55168	-0.462947	1
4066	1.31741	21.784	-0.572877	1
4072	2.3451	13.1677	0.406896	1
4075	0.293938	21.5718	-0.858738	1
4085	1.68928	15.1724	-0.0107259	1
7	4.90245	18.1707	-0.397112	2
11	3.23883	20.6124	-0.530293	2
15	3.66367	0.880792	-0.365986	2
19	3.76925	2.10064	0.149295	2
24	4.93002	11.6758	-0.508091	2
35	2.96546	14.7573	-0.189525	2
49	3.49288	13.6225	-0.996126	2
79	3.2806	24.48	-0.770586	2
92	3.69835	0.806443	0.292433	2
108	3.74144	17.979	0.113989	2
118	2.98459	2.79368	-0.30335	2
119	3.62613	19.5354	-0.755105	2
122	2.79006	12.4597	0.0996401	2
147	3.01849	8.40804	0.428038	2
191	2.82452	14.1835	-0.219185	2
197	4.26193	2.07379	-1.06713	2
199	3.94801	5.74176	-0.545416	2
205	4.65316	8.79825	0.200049	2
209	4.95811	19.2982	0.405014	2
212	3.84626	23.4196	0.0670923	2
223	3.00396	1.60902	0.439053	2
228	3.9371	16.6374	-0.159708	2
247	4.83772	4.30446	0.55468	2
253	3.64521	16.9054	-0.480457	2
256	4.2373	17.2936	0.795876	2
272	3.87741	10.2225	0.268417	2
289	4.19089	13.3257	-0.0442824	2
292	3.88751	21.2277	-0.474644	2
304	3.01811	17.186	-0.047465	2
312	3.71498	24.0693	-0.914873	2
322	3.46021	21.5803	-0.0172656	2
329	4.48221	10.5747	-0.0899965	2
357	2.78126	14.9442	-0.478444	2
361	4.15288	14.2939	-1.04203	2
374	4.10871	21.8033	-0.532739	2
384	4.6641	4.48256	-0.0229185	2
391	2.90723	11.2084	-0.057649	2
409	3.15511	5.30191	0.158451	2
416	2.94186	15.802	-0.151519	2
423	2.96525	4.0783	-0.420712	2
426	3.39973	18.5661	0.194811	2
432	4.58735	5.25332	0.306822	2
441	3.12805	19.3958	0.575424	2
459	3.80746	11.6834	-0.574533	2
479	2.58963	19.2646	-0.162623	2
482	2.75567	23.9801	0.165999	2
515	3.32327	11.8071	0.424404	2
521	3.83378	14.6306	0.205021	2
526	4.29397	11.619	0.0566453	2
531	3.78178	2.6794	0.156216	2
567	3.69765	13.8496	-0.611511	2
572	3.49749	16.335	-0.41405	2
588	4.96081	9.6715	0.984772	2
597	3.68452	23.9665	0.542182	2
602	4.32045	7.20167	-0.104257	2
609	4.90522	2.5865	-0.197016	2
613	3.83104	5.57229	0.150894	2
623	3.30523	1.46728	-0.40798	2
636	4.1711	9.99657	-0.337422	2
640	3.31813	4.37815	-0.0889687	2
643	4.82564	22.212	0.609688	2
647	3.49109	10.4872	-0.219382	2
662	4.22195	19.1491	0.316172	2
694	2.50593	6.40172	0.61179	2
697	4.34865	17.2322	-0.0583448	2
714	4.03142	11.3629	-0.15362	2
717	3.53728	6.82594	-0.518455	2
720	3.46663	6.59929	0.418309	2
741	3.82876	22.3633	-0.202371	2
746	4.69161	24.7169	0.176475	2
777	4.26519	1.6971	-1.02342	2
787	3.42487	6.3081	-0.122711	2
803	2.96597	12.0631	0.25422	2
805	4.94319	23.9694	0.405519	2
812	4.14662	13.263	0.235881	2
826	4.22985	22.5013	0.455479	2
831	4.05712	21.18	-0.738202	2
842	4.29291	24.8285	0.253417	2
850	4.0705	4.61931	-0.559046	2
852	3.25273	22.2704	-0.228862	2
855	4.18576	22.2875	0.623756	2
872	4.87	3.90833	0.174385	2
874	4.04641	1.12162	0.217399	2
888	4.97918	14.0262	-0.902079	2
906	3.5579	4.97044	-0.430798	2
920	4.34987	14.9885	0.148562	2
921	2.64209	18.4127	0.397713	2
924	4.38384	12.942	-0.048581	2
926	3.6129	14.0449	-0.2749	2
966	4.50108	14.3535	0.68039	2
968	3.69263	23.4479	-0.19501	2
969	3.48146	1.46712	-0.0282739	2
980	4.04601	8.93029	-0.232395	2
996	2.93871	23.408	0.364561	2
1008	3.46279	20.5095	0.423666	2
1016	4.92552	19.6108	0.437713	2
1019	2.85103	18.711	-0.191667	2
1024	3.34295	9.44054	0.25095	2
1028	4.85512	3.63307	0.144009	2
1038	2.65491	6.77386	-0.368324	2
1043	2.99433	24.9009	0.13448	2
1055	3.00417	12.6531	0.888099	2
1057	4.11075	20.4536	-0.0947959	2
1074	4.43735	15.2265	0.261037	2
1101	4.01911	6.59033	-0.270844	2
1109	4.62591	13.6526	0.32399	2
1111	3.33876	20.605	-0.355554	2
1133	2.68137	8.9021	0.441228	2
1135	2.77721	7.10416	0.555027	2
1154	4.86188	18.8995	-0.175836	2
1166	4.10178	0.802551	0.780274	2
1168	2.84277	9.93954	-0.396282	2
1169	4.73761	21.2522	0.205925	2
1203	3.48993	13.1999	-0.702151	2
1206	3.22122	7.08467	0.227751	2
1226	2.52159	9.54125	-0.104071	2
1228	3.3286	14.8308	-0.104498	2
1233	3.35476	5.91697	-0.508416	2
1234	4.99771	3.46065	-0.276285	2
1251	3.56773	20.9534	-0.794637	2
1276	3.54188	5.68856	-0.262874	2
1281	4.52242	15.8703	0.618037	2
1287	3.55732	21.4932	0.718324	2
1288	3.61536	2.13579	-0.462837	2
1291	3.1465	17.4023	0.746158	2
1299	3.55662	5.33651	0.160498	2
1309	3.45164	15.6125	0.500912	2
1311	3.75207	4.51032	-0.101622	2
1313	3.1673	0.585627	0.411717	2
1315	4.58301	20.5527	0.247037	2
1317	2.5447	3.46546	-0.283335	2
1326	3.35055	2.3259	0.600419	2
1339	4.83195	15.0509	-0.3166	2
1350	3.703	7.70228	-0.0249275	2
1351	4.28783	11.6465	-0.211039	2
1353	4.57168	17.3737	-0.265761	2
1354	4.79771	6.014	-0.0765594	2
1381	2.68644	17.7014	0.467176	2
1412	2.53276	5.84519	-0.131379	2
1417	3.28909	19.3517	0.15126	2
1418	3.29767	15.2635	0.227463	2
1419	2.55719	20.8107	-0.822024	2
1432	4.08455	9.97115	-0.569759	2
1451	3.21232	18.7423	-0.110915	2
1462	4.60207	9.2126	-0.00699298	2
1464	3.83777	7.18552	0.0809577	2
1471	4.27199	0.541128	0.166655	2
1502	3.42383	15.5054	0.061435	2
1504	3.98554	9.67447	0.435959	2
1527	3.43933	18.9812	-0.471285	2
1531	3.50017	3.52689	0.0409759	2
1535	4.15844	12.2289	-0.374015	2
1545	4.76239	0.527454	0.439723	2
1570	2.98654	8.59015	0.575208	2
1580	3.01071	10.8132	0.237967	2
1583	3.73081	10.7186	0.176792	2
1596	3.84469	9.34395	-0.178305	2
1645	3.04355	5.7317	-0.381457	2
1659	4.99068	8.61345	-0.503727	2
1663	4.97663	5.59689	0.436353	2
1672	3.02052	5.49407	-0.727169	2
1681	4.78936	11.2519	-0.46501	2
1700	4.34635	23.5984	-0.564735	2
1706	3.82332	17.8325	0.00186103	2
1721	3.14285	4.22039	-0.328068	2
1736	4.51671	10.1402	-0.517282	2
1740	2.88281	22.1964	0.747807	2
1745	2.99005	12.1918	-0.789564	2
1755	4.96258	7.53556	0.171905	2
1786	3.82131	22.0017	-0.144687	2
1795	3.30819	18.0284	0.602671	2
1810	4.83494	6.18721	0.277853	2
1823	4.91902	2.03746	-0.0329401	2
1824	4.25078	2.65234	0.0379971	2
1825	4.44328	4.27685	-0.174205	2
1829	3.00693	2.83478	-0.581097	2
1831	2.80042	2.74609	0.121163	2
1845	3.75763	16.1185	0.967915	2
1849	3.21087	17.8928	-0.619407	2
1850	4.56658	21.8383	-0.355767	2
1857	3.30314	6.61029	0.191107	2
1880	4.71707	6.56582	0.400591	2
1915	2.69285	10.6863	-0.20242	2
1917	4.80168	9.1713	-0.143392	2
1939	3.85983	2.83195	0.0381524	2
1950	2.77482	1.49679	0.00854549	2
1969	2.86733	14.9866	-0.654366	2
1982	3.3585	9.32154	0.104654	2
1983	2.69963	7.28532	-0.127771	2
1984	3.66022	3.34708	-0.359634	2
1988	4.93772	12.7896	-0.510746	2
1996	3.93637	16.001	0.375875	2
2007	4.71621	7.75474	-0.561466	2
2017	3.9813	21.6501	0.0400982	2
2023	3.74099	12.3234	-0.394888	2
2041	4.29057	23.1164	0.611507	2
2044	3.53173	21.9501	-0.357557	2
2050	4.28665	24.1738	-1.15399	2
2060	2.79868	8.86472	0.47314	2
2071	3.4143	24.8843	-0.348515	2
2074	3.91957	15.5157	-0.532577	2
2077	4.30061	7.341	0.217184	2
2080	3.24839	24.5709	-0.0190941	2
2091	3.36644	13.6417	-0.0482703	2
2095	4.93337	19.6281	-0.280916	2
2097	3.3025	8.63695	0.191849	2
2103	3.96989	8.02202	-0.338278	2
2122	3.98079	21.0563	-0.915361	2
2128	4.69582	2.09743	-0.040753	2
2132	2.71902	12.565	-0.706526	2
2168	4.60899	24.3392	0.205501	2
2176	2.81653	16.3812	-0.451394	2
2179	4.85214	2.96807	-0.172936	2
2182	4.94846	12.1021	0.342852	2
2189	4.91078	12.9226	-0.468075	2
2196	3.40844	14.563	-0.65995	2
2197	4.12686	15.1834	-0.4225	2
2224	3.33427	1.56511	-0.296237	2
2228	4.49582	24.1734	-0.480058	2
2229	2.5629	4.71606	0.157186	2
2238	2.94921	14.7279	0.0465549	2
2247	3.06694	16.8265	0.924175	2
2259	3.35004	2.09928	-0.619876	2
2277	3.36498	2.79942	-0.0939734	2
2279	3.69582	5.54268	-0.132811	2
2286	4.16653	0.980195	-0.0786857	2
2288	4.38136	17.1719	0.768327	2
2303	3.07487	9.18394	0.784067	2
2313	4.54308	22.273	-0.180764	2
2315	3.40116	1.89442	-0.0828747	2
2322	4.02582	13.7359	-0.443025	2
2324	4.96523	12.6145	0.924402	2
2329	3.45153	7.67188	-0.0652376	2
2349	2.75674	12.1343	-0.508635	2
2354	4.75282	17.5752	0.461991	2
2355	4.0061	0.472503	0.531105	2
2387	4.53771	5.59239	0.575415	2
2400	4.1999	12.5477	0.377366	2
2424	3.32618	13.0924	-0.403801	2
2433	2.93834	15.3228	0.172416	2
2446	2.63889	17.3934	-0.171909	2
2449	2.63925	19.9364	0.198029	2
2453	3.83979	3.063	-0.367805	2
2463	2.54504	6.90951	0.0871292	2
2470	2.64023	1.33267	-0.108309	2
2476	3.56123	23.3232	-0.0637077	2
2486	4.41116	23.2653	0.264794	2
2493	2.78389	6.24644	0.477555	2
2505	3.86767	21.1456	0.31863	2
2513	4.56953	21.6804	-0.0158427	2
2531	2.58377	12.0079	-0.362323	2
2536	4.69817	0.805662	0.273295	2
2601	2.59779	11.8904	-0.489774	2
2622	2.89262	0.203818	-0.223499	2
2624	2.73343	0.941358	0.71829	2
2629	2.60074	2.8636	0.051606	2
2630	2.99306	3.79106	-0.0351129	2
2633	4.50172	23.5695	0.345569	2
2640	4.19096	15.1201	-0.124561	2
2646	3.84719	10.6003	0.094013	2
2661	4.20197	19.4831	-0.14495	2
2669	4.38675	14.1251	0.12345	2
2677	4.66597	0.320655	0.083833	2
2681	3.71023	7.6348	-0.272514	2
2692	3.77353	13.2326	-0.452571	2
2713	3.77262	3.40715	0.00906198	2
2717	4.38638	14.5296	-0.847343	2
2738	3.60968	2.14202	-0.532428	2
2756	3.14156	15.0209	-0.104314	2
2757	4.69089	6.23603	-0.00631364	2
2776	3.94129	15.8172	0.0034767	2
2785	3.49577	9.58422	0.8604	2
2798	4.0903	7.3796	-0.0702582	2
2813	2.66129	24.7043	0.362865	2
2817	3.06815	7.47836	-0.256396	2
2819	2.57588	0.0451367	0.11001	2
2839	2.50296	12.9357	0.164186	2
2848	2.84115	21.7097	-0.479244	2
2862	2.51138	22.1962	-0.553593	2
2870	4.78998	2.12567	-0.0590544	2
2879	4.49924	18.4103	-0.269147	2
2916	2.73781	21.5905	0.00331145	2
2927	2.87463	3.02406	-0.662465	2
2936	3.33983	10.2712	0.774574	2
2960	4.79674	15.57	0.276409	2
3026	4.09862	21.5673	0.343712	2
3064	3.96839	4.10708	-0.0160059	2
3065	4.32204	4.07145	0.581784	2
3086	3.72629	18.4759	-0.0728122	2
3103	4.53484	14.7791	-0.122176	2
3109	2.63508	4.99399	-0.23418	2
3114	3.77973	16.8444	0.00477075	2
3117	2.6538	21.2186	-0.0520946	2
3126	3.49996	22.3046	0.352412	2
3154	4.28212	8.08803	-0.138893	2
3155	4.94366	8.13497	0.414217	2
3156	4.95166	6.75231	-0.0151683	2
3157	3.64574	12.0445	0.0968049	2
3162	4.82359	19.1522	-0.708047	2
3171	4.87764	2.0392	0.522849	2
3175	2.87669	20.5649	-0.296233	2
3193	3.48573	3.00029	-0.873174	2
3196	4.38888	1.06934	-0.960129	2
3200	3.27861	2.83624	-0.172744	2
3216	3.80364	22.8265	-0.383904	2
3220	4.45437	3.03572	-0.252904	2
3222	3.10574	13.6395	-0.028392	2
3224	3.36804	24.4445	-0.491999	2
3226	3.12909	24.2225	-0.361039	2
3229	2.61361	4.30184	-0.0282001	2
3249	3.55456	21.211	0.486501	2
3262	2.79698	11.9357	-0.791507	2
3265	2.52677	23.7336	-0.315616	2
3284	4.7337	5.11098	0.334281	2
3293	3.13014	24.7594	-0.149236	2
3308	2.88323	10.0051	-0.598596	2
3310	4.66356	17.6975	0.348122	2
3318	4.37493	16.5669	-0.452535	2
3324	4.48406	4.94089	-0.102338	2
3327	3.15641	9.61287	0.0903377	2
3329	2.81479	1.25677	0.407527	2
3330	3.45416	6.40143	0.126421	2
3347	2.78506	3.03096	-0.363257	2
3351	4.34323	14.9337	0.254932	2
3366	2.86303	16.3504	0.227805	2
3367	3.18702	16.3076	0.3914	2
3372	4.52539	2.66967	-0.383634	2
3380	3.35353	3.44324	-0.430852	2
3391	3.42868	9.62532	-0.322678	2
3416	4.46745	13.6327	-0.182767	2
3421	4.46798	14.7845	0.0855071	2
3424	2.58491	17.2298	0.19293	2
3425	4.46545	17.2422	0.163349	2
3438	2.87539	20.4315	-0.213596	2
3446	2.58425	20.6205	-0.403232	2
3454	4.07617	5.01682	-0.789584	2
3459	4.9759	6.39256	-0.180735	2
3471	2.87286	0.053589	-0.387084	2
3476	3.02557	5.47987	0.132997	2
3486	3.59819	5.55895	-0.126664	2
3491	4.54037	10.6188	0.340554	2
3492	4.05017	9.96208	0.2577	2
3501	2.71746	0.200403	-0.096341	2
3543	4.7941	13.3181	0.381933	2
3563	3.97059	4.95022	-0.176379	2
3566	3.97198	19.9227	-0.318685	2
3567	3.78491	19.6704	-0.589911	2
3572	2.80635	11.2268	-0.675987	2
3574	4.9734	7.35759	0.0332213	2
3590	3.58669	11.8529	0.146227	2
3596	2.54211	19.4521	0.347384	2
3602	4.70223	23.9955	-0.0759949	2
3622	3.49692	0.00115162	-0.142666	2
3651	4.53239	8.88226	-0.25477	2
3662	3.81103	16.7211	-0.4569	2
3664	3.46934	12.273	0.692114	2
3695	4.05706	13.909	-0.311737	2
3699	2.90998	1.88215	-0.127526	2
3707	3.80572	15.5749	-0.567883	2
3717	3.07157	17.4491	-0.0175534	2
3736	3.60111	4.45959	-0.70503	2
3744	4.31328	15.7999	0.0441816	2
3745	4.4287	15.1488	-0.131049	2
3746	4.36728	11.3724	0.214907	2
3749	4.33314	4.74969	0.035915	2
3751	2.73192	24.4948	-0.258923	2
3757	3.99232	16.2178	0.105113	2
3762	4.67403	23.2591	0.404259	2
3773	4.75424	12.7015	0.676104	2
3784	3.60237	6.86399	0.0706552	2
3798	4.18263	12.4235	0.298208	2
3810	3.57413	23.8756	-0.00620985	2
3811	3.91005	23.9886	-0.407353	2
3812	4.6118	7.04811	0.132879	2
3814	3.92383	1.69538	-0.64789	2
3815	3.94541	2.43375	-0.658905	2
3829	4.97007	0.822368	-0.336497	2
3833	4.73671	5.32711	0.161587	2
3852	4.84735	2.43411	0.274578	2
3856	4.14383	2.73732	0.443949	2
3866	4.45647	11.8108	0.331246	2
3873	4.65094	19.4649	0.44327	2
3881	3.0309	15.6819	-0.109572	2
3889	3.44243	3.53171	-0.0593512	2
3896	2.91531	15.3768	-0.110602	2
3921	2.66298	9.20823	0.435134	2
3931	4.63382	18.1576	-0.961175	2
3949	2.71906	3.18484	-0.333845	2
3963	3.37192	8.52258	0.419928	2
3967	3.31325	24.4606	0.2207	2
3968	3.12269	6.83931	0.0866014	2
3986	4.51675	0.620139	-0.182707	2
3996	4.58498	2.16166	0.00462603	2
4022	3.46134	15.0888	0.459207	2
4033	4.15532	21.8172	0.505325	2
4040	3.8725	7.47184	-0.358062	2
4041	4.26722	7.12147	0.0508228	2
4048	3.8642	3.64804	-0.00792368	2
4073	3.65046	14.0629	0.0118479	2
4074	3.78585	13.3811	-0.988835	2
4088	3.74083	20.4533	0.621266	2
4097	3.9216	18.2117	-0.577074	2
5	6.48405	14.2461	-0.0262827	3
6	6.73756	1.63037	0.272696	3
14	6.21015	7.60071	-0.125171	3
17	5.1934	13.841	-0.104178	3
20	7.20776	7.10675	0.0693687	3
27	5.8768	12.8044	-0.264614	3
28	5.99874	17.6797	-0.248529	3
34	5.15359	16.5409	0.226297	3
39	6.78759	5.77415	0.636705	3
40	7.07224	13.0574	0.845048	3
43	6.54544	19.6752	-0.243573	3
44	6.38047	23.1555	0.247275	3
48	5.03857	13.4102	0.0568974	3
54	6.86355	10.5872	-0.117049	3
57	5.37681	19.4418	0.420449	3
80	5.17697	15.6139	-0.541399	3
88	7.01532	9.41803	0.292708	3
100	5.16969	11.5168	0.616061	3
103	6.0441	1.96327	-0.271186	3
140	5.01377	9.23803	0.0707087	3
146	6.77576	3.05829	-0.0341183	3
160	6.34391	24.9004	-0.942069	3
164	7.36459	18.4698	0.223109	3
173	5.08155	14.311	-0.258632	3
179	6.86037	16.7723	0.0461467	3
203	6.66248	11.531	-0.464209	3
204	5.21279	1.7847	0.0492022	3
216	6.97948	0.687728	-0.0326379	3
225	7.14481	17.3925	0.0610937	3
236	7.00492	22.7204	-0.354086	3
238	5.41318	2.39326	0.362833	3
278	6.16952	20.5695	-0.0680915	3
280	5.89541	20.4403	-0.108882	3
281	6.37455	24.5252	0.382361	3
284	5.62449	0.252804	-0.695366	3
314	6.54642	2.9575	-0.0997845	3
332	7.34648	22.1403	0.643061	3
343	5.15089	24.416	0.0418168	3
350	6.84722	10.0213	0.254775	3
352	7.10863	18.9402	0.286507	3
353	5.26776	3.20777	-0.422581	3
359	5.25963	13.4358	0.0578297	3
372	6.70578	2.05933	-0.139633	3
380	6.28187	18.445	0.108711	3
392	5.14438	11.5317	0.644718	3
408	5.34047	23.3548	0.128241	3
410	5.63998	9.57796	-0.86444	3
414	6.53581	19.2468	-0.0691356	3
448	6.1904	10.6615	0.223916	3
470	6.01979	6.54635	-0.557648	3
475	5.95741	19.4452	0.158118	3
493	6.28365	5.24822	-0.0356148	3
523	5.52474	3.32003	-0.376727	3
529	5.61923	2.16472	0.756997	3
530	6.56731	22.3587	-0.292308	3
538	5.53491	2.83965	-0.355044	3
540	5.52643	24.7437	0.402446	3
548	6.98576	12.7708	-0.0679403	3
570	7.30084	12.253	0.0124361	3
575	6.49381	6.32843	0.0165961	3
581	5.93074	9.4953	-0.203758	3
615	6.77395	2.02693	-0.121032	3
624	5.32919	10.0886	0.264831	3
633	6.04309	4.2343	0.340033	3
656	5.19919	0.954881	-0.0150888	3
665	7.43475	15.4047	-0.747961	3
667	7.28917	23.7684	-0.196191	3
673	6.71571	10.8688	-0.530404	3
682	5.1997	7.81141	-0.021491	3
686	6.81788	8.41531	-0.389979	3
689	6.74905	3.02786	0.642657	3
692	5.4085	19.5662	0.116468	3
701	5.22374	2.65954	-0.70494	3
702	7.37912	4.81248	-0.239605	3
728	7.22155	1.27738	0.354725	3
729	7.18864	22.064	0.0644945	3
730	6.85971	19.0695	-0.573276	3
732	5.11432	5.21617	0.161638	3
744	6.71451	19.0098	-0.344974	3
751	6.87764	2.34599	0.296186	3
752	5.73611	5.56188	-1.00661	3
753	5.10245	16.1309	0.400646	3
759	7.24358	11.9681	-0.130105	3
785	6.71726	20.5506	0.665229	3
789	5.40411	7.3259	-0.529021	3
797	5.82322	21.6335	-0.466891	3
809	6.69658	7.43061	-0.300565	3
817	5.29247	16.8057	-0.0956611	3
821	6.56189	13.2645	0.684076	3
823	5.71611	3.77125	0.303687	3
866	6.56592	0.279138	-0.0218725	3
871	5.10518	7.46246	-0.235738	3
884	5.64848	2.86229	0.33998	3
887	6.01012	8.75063	0.507718	3
890	5.69719	16.6542	0.0959659	3
893	5.36581	2.05892	0.434894	3
894	5.3795	10.5162	0.744915	3
911	7.1366	21.6976	0.507994	3
915	5.42328	10.8724	0.0632872	3
931	5.42638	24.8858	-0.239476	3
946	5.92959	9.35463	-0.158812	3
974	6.20309	7.57255	-0.0390527	3
995	5.82389	18.7984	0.976227	3
1002	6.4684	9.18539	0.0112429	3
1010	7.36998	12.2355	0.0553332	3
1014	5.12177	0.292895	-0.245283	3
1033	5.77966	17.9907	-0.375821	3
1036	6.06239	20.9727	0.530423	3
1044	7.44145	11.9561	0.0268655	3
1049	7.33679	4.54646	-0.438438	3
1050	6.6545	5.80035	-0.399097	3
1065	5.18514	16.9194	0.322175	3
1070	6.25203	19.4599	0.234837	3
1085	7.37847	18.0651	-0.728435	3
1089	5.66509	10.8695	-0.195526	3
1095	5.08387	18.1135	-0.826302	3
1103	5.68728	23.6186	-0.347158	3
1115	5.70851	4.584	-0.398062	3
1131	5.97247	23.6682	-0.1637	3
1136	5.93277	5.11414	0.144695	3
1145	6.15612	16.2865	-0.118914	3
1155	5.68453	6.57345	-0.0604443	3
1180	5.43257	0.215656	0.612776	3
1215	7.0984	9.9976	0.410536	3
1222	7.18712	14.3259	-0.173416	3
1225	5.72836	7.09694	0.0925322	3
1232	5.45026	11.1292	0.270881	3
1235	6.4531	9.56904	0.49038	3
1239	6.90193	4.7395	-0.080583	3
1267	7.49699	22.1665	-0.340434	3
1271	5.47693	3.95132	-0.237035	3
1294	6.10951	8.63907	0.0130387	3
1318	6.00634	16.2656	0.55025	3
1333	6.45535	6.20566	0.764791	3
1349	7.22613	14.3888	0.466856	3
1355	7.13865	10.1636	-0.803171	3
1360	5.78578	11.7633	-0.270214	3
1362	6.34123	16.2494	0.344711	3
1380	5.71038	4.2604	0.0369973	3
1384	5.80532	9.36569	-0.157697	3
1393	6.64376	9.92548	0.227845	3
1428	5.77256	21.4277	-0.421489	3
1447	5.4309	11.0157	0.701576	3
1483	6.4964	20.2805	0.205351	3
1490	6.31219	24.4787	-0.0648065	3
1506	5.10287	23.264	0.468331	3
1516	7.11178	9.3746	-0.440557	3
1534	6.0538	7.44267	-0.166962	3
1544	5.51699	0.945041	-0.037006	3
1547	6.7056	7.76995	-0.289865	3
1557	5.86187	22.0488	-0.225148	3
1573	5.87854	23.9504	0.182742	3
1581	7.13067	8.14802	-0.093893	3
1602	5.15977	21.5553	-0.200968	3
1608	5.27652	18.685	0.45757	3
1609	5.74037	17.9703	0.0914419	3
1631	7.27797	6.26131	-0.538054	3
1647	5.08903	5.84198	-0.204113	3
1664	7.25884	18.8924	-0.210264	3
1670	7.13201	11.1287	0.0397326	3
1687	7.16785	18.9131	-0.65325	3
1705	6.8766	6.48849	-0.257601	3
1720	6.50563	20.1181	0.253469	3
1727	6.37778	14.6811	0.229748	3
1749	7.3455	2.71829	0.392343	3
1750	6.87522	7.08671	0.858638	3
1753	6.0544	17.1384	-0.147336	3
1760	5.72417	5.2747	0.358276	3
1769	5.40578	14.6033	0.398315	3
1770	5.8198	13.51	-0.557026	3
1774	6.24097	2.5928	-0.0387502	3
1775	6.27106	24.9672	-0.283873	3
1792	7.05235	18.9625	-0.0307375	3
1812	5.47523	1.98252	0.170858	3
1819	6.12645	4.87865	0.190468	3
1828	5.4974	24.6306	0.208554	3
1835	5.58251	0.870603	-0.129832	3
1836	5.39254	1.90905	-0.308885	3
1838	6.82027	1.35208	-0.439066	3
1840	5.82024	23.576	0.366161	3
1841	6.92928	24.0178	-0.594557	3
1863	6.03822	7.48478	-0.408116	3
1866	5.44024	16.7797	0.0790653	3
1871	6.22851	18.1241	0.48061	3
1887	5.15655	17.3434	0.0215047	3
1895	7.1106	17.1954	0.925142	3
1899	6.50488	12.7984	-0.743093	3
1900	5.03678	19.5419	0.0438727	3
1902	6.16605	18.4591	-0.582444	3
1906	6.3429	19.2617	0.489612	3
1913	5.77993	23.0018	-0.385302	3
1928	6.11957	20.7092	0.0148044	3
1929	5.68353	2.4219	0.0218543	3
1938	5.55074	24.4799	-0.0346985	3
1956	5.24694	21.4247	-0.165052	3
1960	7.33204	21.5235	0.494097	3
1961	6.16624	22.6398	0.224087	3
1967	7.13119	15.1799	0.26818	3
1972	6.29305	17.2118	0.4066	3
1986	5.48049	1.66206	-0.145405	3
2000	6.97314	11.4242	-0.906365	3
2019	5.76456	1.21799	-0.292619	3
2037	6.39684	22.2262	1.00335	3
2056	6.39899	6.91306	-0.081078	3
2064	6.44839	14.4941	0.469404	3
2069	6.3591	2.07088	0.006328	3
2098	6.3952	20.8905	-0.870515	3
2129	7.33395	23.332	-0.71461	3
2137	7.43814	17.6338	-0.610988	3
2141	6.46304	12.1569	-0.456502	3
2143	6.86315	21.5472	-0.148249	3
2146	5.98589	23.9015	-0.0143667	3
2160	6.05146	8.68034	-0.140205	3
2178	6.31257	17.2232	-0.632232	3
2186	6.73821	24.5541	0.142098	3
2187	6.09117	11.5047	0.487228	3
2203	6.65282	20.2045	-0.387164	3
2211	6.0761	2.70478	0.815753	3
2220	6.92038	1.10493	0.16712	3
2248	6.78706	11.0961	0.681824	3
2280	5.6875	13.1023	0.0875819	3
2312	5.57129	12.1835	0.310914	3
2316	6.33021	10.237	-0.0704694	3
2317	5.41415	16.1367	-0.395802	3
2331	7.29671	9.82731	0.0909213	3
2336	5.9035	0.14564	-0.612491	3
2396	5.7402	5.91279	0.78916	3
2398	5.95044	19.993	-0.00864244	3
2417	6.72404	23.7472	-0.112799	3
2422	5.74684	15.5632	-0.921751	3
2442	6.4213	21.7675	-0.115444	3
2450	6.07402	16.029	-0.419645	3
2466	6.93417	13.3833	-0.255082	3
2469	6.37391	16.7953	0.444431	3
2471	6.0781	13.9626	0.193145	3
2482	5.99434	8.92044	-0.672562	3
2499	6.75575	17.2232	0.607408	3
2502	6.46761	20.4659	-0.673165	3
2509	6.57051	2.74841	0.0962486	3
2518	7.15355	20.1342	0.409643	3
2545	5.96119	12.0275	-0.525321	3
2566	5.37698	14.5828	-0.3391	3
2569	5.58856	9.27315	1.50527	3
2574	6.99403	23.2172	-0.146634	3
2598	6.08021	21.7243	-0.0776467	3
2599	6.03123	22.0487	0.569923	3
2607	5.41185	19.9277	-0.225275	3
2608	5.87376	17.8061	0.57199	3
2609	6.27375	2.94979	0.390054	3
2617	5.3011	17.527	0.323774	3
2618	6.68493	2.31747	0.789496	3
2621	7.10529	3.30442	-0.333894	3
2631	6.46685	15.7343	0.481609	3
2634	7.44902	13.2632	-0.199395	3
2651	6.92114	20.6219	-0.0857864	3
2657	6.60335	10.8197	0.200438	3
2658	5.92029	1.79118	-0.849365	3
2666	5.37883	15.119	-0.162696	3
2676	5.52881	11.086	-0.329101	3
2686	6.65684	6.14686	-0.611929	3
2690	6.49146	24.2638	0.422968	3
2708	5.67139	21.8123	-0.407342	3
2723	6.09358	24.95	-0.138908	3
2726	6.85614	13.3864	-0.595565	3
2727	6.73006	6.39046	0.188445	3
2729	5.7926	9.256	-0.0586851	3
2746	7.38863	18.053	0.666667	3
2749	5.25065	22.578	0.435502	3
2766	7.37147	14.2473	-0.12132	3
2778	5.74943	12.3162	-0.788647	3
2794	6.88083	5.52499	0.0299	3
2808	5.27311	15.7699	-0.0794508	3
2831	7.01541	4.00429	0.694761	3
2834	5.10731	6.22073	0.141658	3
2855	5.55357	0.812066	0.100657	3
2861	5.13897	10.651	-0.260523	3
2864	6.35387	22.4156	0.850515	3
2905	5.81696	24.4324	0.18884	3
2911	6.75115	11.0169	-0.134727	3
2937	7.29059	7.46648	0.417795	3
2944	5.34188	13.5237	0.0803974	3
2949	6.45858	15.6491	-0.464839	3
2955	5.58334	18.0827	0.849391	3
2963	6.7522	12.6215	0.673583	3
2972	6.8975	17.107	0.133604	3
2979	6.45462	3.32727	0.0983318	3
2985	7.3376	3.14733	0.285191	3
3001	6.51569	19.2771	0.179424	3
3008	6.69312	11.5378	0.303719	3
3018	5.3329	0.207669	0.00303199	3
3041	6.83691	6.94245	-0.0962725	3
3042	7.16063	6.07848	0.0910508	3
3046	7.11752	3.51727	0.454257	3
3055	7.22835	1.62633	0.0501389	3
3087	5.92359	24.885	0.219931	3
3095	5.8084	10.7418	0.227765	3
3123	5.36594	1.23212	-0.144043	3
3134	6.69857	18.0584	-0.0436594	3
3164	5.77819	14.7955	-0.815075	3
3165	5.72913	14.7511	0.312148	3
3166	5.09945	14.9434	0.456192	3
3167	7.43678	13.7426	-0.214484	3
3187	7.29872	17.8663	0.16723	3
3192	6.60594	1.4772	0.894148	3
3206	5.76365	3.32652	0.228221	3
3215	5.42453	14.4011	-0.748247	3
3227	5.07367	2.89023	-0.211535	3
3239	6.37147	22.686	0.0880223	3
3242	6.49617	16.7325	-0.179219	3
3252	5.75221	13.7664	-0.375887	3
3255	6.83477	2.11771	-0.067659	3
3266	5.78497	18.9766	0.21702	3
3268	7.2218	17.9728	-0.484036	3
3273	6.39885	20.708	0.197675	3
3275	5.64881	8.1709	0.248256	3
3282	7.36093	6.03275	-0.504351	3
3311	5.56958	12.323	0.177075	3
3336	5.00493	22.6444	0.670459	3
3338	5.28661	13.8821	0.0695953	3
3340	6.04543	5.07514	-0.149411	3
3343	5.66894	12.6471	0.0233765	3
3352	6.12563	22.17	0.317309	3
3358	5.55218	19.3285	0.266651	3
3387	5.45507	13.473	-0.601715	3
3404	5.11331	7.0702	0.00973142	3
3406	5.6504	3.08779	-0.029868	3
3415	5.22313	11.3945	0.0224697	3
3430	6.87811	2.23887	0.879712	3
3431	6.62618	2.18963	-0.132731	3
3434	5.88891	8.36094	0.110658	3
3439	7.04319	3.53139	-0.340763	3
3464	6.17222	17.0656	0.56572	3
3512	6.23161	5.58265	-0.0227382	3
3526	7.38301	14.5239	0.117639	3
3530	6.8598	10.2999	0.386105	3
3532	6.42446	12.5425	0.261353	3
3539	6.75496	7.26761	-0.441615	3
3559	7.40848	5.86784	0.0817625	3
3564	5.98402	2.47387	0.215563	3
3570	7.14802	13.2487	-0.197274	3
3571	6.40835	13.6031	-0.626672	3
3588	5.21062	17.6291	1.1624	3
3592	7.08677	15.4601	0.405129	3
3610	5.92053	11.9993	-0.375451	3
3618	6.46393	1.85618	0.491749	3
3621	7.29244	19.024	0.0238275	3
3628	6.00244	21.7515	0.0431233	3
3634	5.05005	5.46124	0.377143	3
3638	5.85686	3.11865	0.636943	3
3645	7.28069	21.5546	-0.180827	3
3647	7.2828	9.8358	-0.1435	3
3650	5.97914	24.66	0.0673225	3
3685	5.83949	23.0276	-0.0037744	3
3686	5.67268	24.456	0.462589	3
3692	6.35942	2.01281	0.601619	3
3709	5.04692	12.7299	-0.150995	3
3716	5.88538	5.15432	-0.357442	3
3782	6.13705	9.54664	-0.000351895	3
3787	6.50092	6.7107	-0.623488	3
3792	6.05853	6.45425	-0.862795	3
3803	5.39095	22.449	0.831882	3
3804	5.61215	22.91	-0.687579	3
3816	6.26501	8.88543	0.239453	3
3827	6.34674	1.79445	0.558627	3
3836	6.72655	13.2708	-0.494183	3
3865	6.81755	5.16413	-0.255325	3
3878	6.17358	9.34193	-0.364511	3
3884	6.64747	9.83957	-0.590687	3
3893	6.29353	20.1758	-0.378709	3
3939	6.40289	24.8341	0.546072	3
3951	6.22528	18.1748	-0.00435634	3
3972	7.06794	16.1094	0.280456	3
3973	6.73109	9.56562	-0.173733	3
3974	6.09419	13.6084	0.184127	3
3993	6.09569	12.4075	-0.282912	3
3995	5.20493	2.08681	-0.944411	3
3997	6.03618	9.10717	0.157591	3
4003	5.60318	17.0519	-0.617922	3
4018	6.3286	17.9762	0.411351	3
4024	6.12279	16.7754	-0.196262	3
4035	5.13031	3.65791	0.378818	3
4054	6.75622	2.87149	-0.150115	3
4062	7.24853	15.2394	-0.196328	3
4086	6.79508	17.8164	0.164291	3
4089	7.45093	21.5246	-0.221947	3
4096	7.12023	16.6118	-0.512087	3
4100	7.49834	2.04373	0.354368	3
10	8.35164	12.4233	0.383039	4
30	8.19509	20.4814	-0.0305944	4
45	8.93758	4.46987	0.652865	4
58	8.65725	1.08266	-0.0353148	4
66	9.90577	2.92838	0.470684	4
70	7.89676	6.49549	0.00103112	4
71	9.08931	11.2339	0.121429	4
73	9.96814	3.4441	-0.0576487	4
75	8.36638	3.2425	0.246554	4
83	8.0925	17.3783	0.140308	4
86	9.59846	22.1399	-0.291708	4
89	7.78595	24.0534	-0.387817	4
97	7.81856	14.0384	-0.184869	4
102	9.8496	3.54487	0.365286	4
123	8.7234	13.8251	0.508535	4
132	8.3689	8.59335	-0.212131	4
136	8.05643	24.3831	-0.357462	4
139	9.76707	5.19819	0.308749	4
150	8.17984	23.5328	-0.182967	4
156	9.70012	3.98133	-0.713988	4
165	8.1647	21.8472	0.169929	4
166	8.7781	24.0092	-0.306212	4
177	8.87139	8.13804	0.530835	4
210	7.66633	19.8624	-0.402984	4
213	8.05753	17.2888	-0.201055	4
221	9.76446	9.02941	0.654377	4
229	9.1991	19.9093	-0.460769	4
232	7.71353	11.9857	-0.414273	4
243	9.72336	13.7763	-0.1347	4
244	7.52516	7.28568	0.153227	4
290	9.78647	5.19844	-0.661237	4
296	9.13397	11.6515	0.907297	4
302	8.83371	5.61305	0.485971	4
310	9.98551	0.0982506	0.38344	4
315	7.59509	2.93587	0.315289	4
318	9.52247	4.12574	-0.041862	4
323	8.20584	18.5614	0.0196046	4
369	8.61093	18.1715	-0.480958	4
377	8.57439	18.9596	0.274384	4
383	7.68487	4.66918	0.860063	4
387	9.27126	3.04182	-0.0881691	4
396	9.82748	6.31159	-0.348184	4
424	9.31586	17.7827	-0.618831	4
430	9.63715	19.2722	-0.161001	4
431	8.5961	18.4098	0.986419	4
435	8.73557	10.5292	0.664795	4
436	8.66088	19.5197	-0.00980743	4
443	8.40745	15.7718	0.458259	4
473	8.28613	14.2871	-0.365821	4
474	8.24075	13.2118	0.216697	4
487	9.81547	24.8958	0.410822	4
495	8.62474	1.40274	0.000171149	4
504	8.05567	21.1501	-0.361287	4
510	9.62679	5.58525	0.41408	4
520	9.57455	5.37173	0.0165301	4
535	7.78364	6.78606	-0.432535	4
542	7.78616	14.2835	0.161919	4
555	9.90856	2.52315	0.622216	4
565	9.6681	16.1305	-0.0552377	4
584	8.53239	10.273	0.0506115	4
591	8.44531	5.88818	0.539506	4
593	8.63736	9.37434	0.149197	4
594	8.51149	22.5243	-0.596181	4
610	7.53367	3.46333	0.0788021	4
614	8.79606	8.99002	0.406794	4
621	7.58927	11.0237	-0.340596	4
631	7.77083	17.5421	0.504718	4
639	9.54604	21.7932	-0.633351	4
651	8.37968	19.0491	0.911422	4
652	7.59342	21.5791	-0.288921	4
675	9.70358	13.0701	-0.260648	4
715	9.53643	24.0236	-0.0965157	4
719	9.2215	18.0263	-0.225993	4
735	8.00691	21.493	-0.713742	4
739	9.84045	13.0743	-0.223353	4
743	9.33198	9.69377	-0.344348	4
745	8.61862	7.05028	-0.0803075	4
760	8.44948	13.2531	0.0462185	4
761	9.45049	14.7319	-1.02506	4
763	9.06069	3.17514	-0.435704	4
773	9.41129	21.2731	-0.723479	4
776	8.54747	0.106853	-0.573717	4
790	7.87707	23.7433	-0.697012	4
794	9.31753	8.54929	0.402772	4
824	7.54049	10.2366	-0.511681	4
832	8.41606	7.89552	-0.525535	4
835	7.95233	16.0201	-0.04344	4
841	7.99746	15.1466	-0.295066	4
849	7.85783	5.27042	0.115673	4
858	9.81979	13.3066	0.328232	4
867	8.97646	1.05396	0.0997678	4
868	8.092	24.8767	-0.395254	4
885	9.27765	19.7949	0.447977	4
886	8.33693	22.6149	0.63312	4
892	8.85233	16.8124	-0.0711509	4
898	8.48618	11.8036	0.425457	4
918	9.48328	10.1984	0.304426	4
937	7.91701	12.3678	0.616801	4
948	9.02034	2.51819	-0.0804492	4
955	9.01335	18.5707	0.0662615	4
956	9.63429	20.8116	-0.631063	4
958	7.73669	24.4537	0.00913063	4
963	9.67413	10.3818	0.183287	4
964	7.7222	3.82084	0.0336416	4
994	8.2578	10.7237	-0.725387	4
1046	8.00681	19.4917	-0.158576	4
1058	8.97652	14.9874	-0.412473	4
1060	9.60812	17.4411	0.429822	4
1079	7.86517	5.18065	0.0500067	4
1080	8.86827	4.96197	0.361381	4
1105	8.21452	4.81344	0.59241	4
1117	7.88233	19.2073	-0.0113692	4
1118	7.81572	2.26727	0.0108515	4
1129	7.79914	14.0041	0.179728	4
1139	9.74684	7.34212	-0.277976	4
1167	7.96715	20.6076	-0.0364022	4
1173	8.36629	2.87759	-0.441423	4
1188	8.32209	24.1562	0.199247	4
1192	9.38334	11.3959	0.326798	4
1197	7.63704	14.4952	-0.329598	4
1202	8.02835	12.9941	0.613253	4
1204	8.1345	18.1341	0.00629128	4
1216	8.01974	13.9967	0.321532	4
1221	8.84502	3.41808	-0.282866	4
1223	7.75236	11.4818	0.211664	4
1238	8.90954	11.2477	0.205381	4
1241	8.21534	14.6964	-0.0830057	4
1242	9.89564	9.52059	-0.152819	4
1252	9.73495	4.64614	-0.0697442	4
1260	7.98258	3.09789	-0.231901	4
1274	8.13947	5.02792	-0.345011	4
1278	8.30392	3.20723	0.149153	4
1295	7.8607	16.4808	0.183652	4
1307	8.458	0.662479	-0.551272	4
1319	8.18967	19.2487	0.151484	4
1324	8.80034	8.35025	-0.358745	4
1336	9.51607	3.45098	-0.675821	4
1346	8.2647	13.9945	0.423371	4
1356	9.6236	12.05	0.463505	4
1358	8.95353	7.85106	0.232944	4
1361	9.71635	5.79481	0.381542	4
1367	8.213	2.42369	-0.0126009	4
1386	7.78241	21.1985	-0.139353	4
1387	9.28272	4.13448	0.307697	4
1406	9.62835	22.7955	0.231456	4
1415	9.78811	20.2797	0.630546	4
1452	9.86008	16.885	0.4271	4
1454	9.3856	7.81762	-0.538513	4
1455	9.13914	19.9746	-0.424349	4
1466	8.58389	4.15495	0.47071	4
1481	9.04771	8.98547	-0.893373	4
1491	9.27403	23.9709	0.0176223	4
1513	8.69717	6.47722	-0.691452	4
1524	9.80325	24.0403	0.117428	4
1537	9.21585	16.9521	0.155338	4
1556	9.5581	0.0566612	-0.356621	4
1572	8.94998	14.9839	0.245048	4
1575	8.57836	5.68978	-0.209652	4
1578	9.46437	6.88937	-0.37624	4
1590	8.97137	1.00216	0.136918	4
1597	9.70458	11.4814	-0.166667	4
1598	7.73877	3.43534	-0.198665	4
1623	7.72815	19.2926	0.101748	4
1626	9.46794	4.58857	0.204847	4
1636	7.64832	22.9356	-0.419586	4
1638	8.37607	1.59337	0.39673	4
1660	9.85141	11.9536	-0.315687	4
1667	9.68079	4.30135	-0.146688	4
1680	9.12478	6.36818	-0.137212	4
1732	8.09289	3.3811	-0.851401	4
1739	9.39308	4.26259	-1.34334	4
1748	8.86819	14.0921	-0.276098	4
1756	8.07196	9.56613	-0.480155	4
1761	7.80376	23.5343	-0.103559	4
1778	8.5301	4.68832	-0.446498	4
1783	7.57823	0.808209	-0.450084	4
1789	7.50964	14.086	-0.149187	4
1853	9.00888	17.9347	-0.062842	4
1860	9.61543	12.7735	0.944349	4
1862	8.13806	15.2527	-0.508069	4
1864	9.3713	14.8755	-0.499692	4
1878	9.5283	23.1742	0.506872	4
1886	9.18517	19.2794	-0.54427	4
1903	8.13407	10.7469	0.102219	4
1904	8.93935	9.88103	0.0863224	4
1922	9.44001	24.2483	-0.451528	4
1923	9.25729	24.9801	-0.102112	4
1930	9.42158	6.87498	-0.690456	4
1944	8.29069	0.312477	-0.339789	4
1991	8.86347	20.0419	0.378363	4
1992	8.69789	19.5184	-0.832951	4
2009	8.6009	5.85918	-0.0268412	4
2010	8.52754	22.6146	8.32428e-05	4
2012	8.42875	20.6667	0.189361	4
2018	7.54803	8.68267	-0.128651	4
2027	7.7507	20.5842	0.802968	4
2035	9.21051	9.00561	-0.107128	4
2062	9.73985	11.4117	0.00646024	4
2070	8.25325	5.9761	0.0171905	4
2081	8.32149	23.9611	0.171448	4
2082	8.44426	8.09991	-0.270946	4
2089	9.33159	8.15685	0.330322	4
2090	9.0519	7.62414	0.435154	4
2100	8.88342	23.3174	-0.563777	4
2107	9.72332	0.484091	-0.389212	4
2114	7.88686	4.52692	-0.290734	4
2139	9.49904	19.3797	-0.208955	4
2164	9.58662	0.960605	0.917228	4
2170	9.78114	20.2685	-0.808509	4
2188	7.61314	9.42165	0.328615	4
2191	9.95216	0.630968	-0.643376	4
2201	8.08518	8.66547	0.240116	4
2204	9.37013	15.8199	0.443321	4
2213	7.84425	2.078	-0.0661682	4
2218	8.40389	19.0563	0.107777	4
2221	9.39798	9.22224	-0.633954	4
2225	9.21186	17.5242	0.350936	4
2234	7.98433	13.6422	0.568062	4
2239	9.23836	2.33635	0.375002	4
2245	8.52466	21.5823	-0.608625	4
2265	8.94494	15.5749	-0.855526	4
2266	8.55442	16.7463	0.103801	4
2284	8.50712	15.3615	-0.443602	4
2285	8.51769	14.9194	0.0496293	4
2287	7.92384	6.12649	0.501154	4
2293	9.56481	18.5352	-0.2162	4
2308	8.68649	13.3646	0.360887	4
2323	9.7365	6.67591	-0.714346	4
2328	9.43121	1.83319	-0.169379	4
2335	7.68019	16.7753	0.125471	4
2359	8.75608	14.6549	0.15922	4
2372	9.99374	24.6811	-0.316019	4
2381	8.36108	2.32922	0.142897	4
2395	9.06628	6.04218	-0.529289	4
2406	7.56503	5.45787	-0.628405	4
2420	7.58523	2.49318	0.339352	4
2431	9.19612	14.4511	0.0648013	4
2432	9.53372	10.5756	-0.481562	4
2448	8.5956	1.7808	0.17698	4
2465	8.74277	5.40431	0.343939	4
2474	8.84282	23.8071	-0.500867	4
2475	9.06806	23.7628	-0.506537	4
2479	7.84006	9.2229	-0.0441028	4
2480	8.93683	2.46249	0.169255	4
2490	8.45141	2.40968	-0.15752	4
2494	8.05873	21.2357	0.433038	4
2496	9.94134	22.6882	0.0422901	4
2516	7.68954	4.8664	0.425095	4
2535	8.32259	22.7815	-0.315903	4
2539	8.63524	9.58362	0.197466	4
2540	9.41221	12.8747	1.05599	4
2543	8.96182	21.4054	-0.352215	4
2555	8.92831	5.43694	0.496199	4
2575	8.01268	13.3595	0.0439363	4
2582	7.54346	7.56114	0.262478	4
2594	8.28484	2.155	-0.0544659	4
2611	8.74786	22.066	-0.395036	4
2613	8.20308	5.91985	-0.651396	4
2628	8.04435	10.3982	-0.296444	4
2635	8.35765	14.1642	-0.0436	4
2667	8.03459	11.9779	-0.0981899	4
2678	9.70581	15.9289	-0.394311	4
2689	7.54977	9.40863	0.692181	4
2701	8.42332	19.7064	-0.750022	4
2710	7.87242	13.8237	-0.134746	4
2712	7.86664	22.1711	0.413511	4
2720	8.50147	21.038	-1.37434	4
2728	9.56518	8.36426	0.438216	4
2731	9.88735	22.4397	0.189882	4
2732	9.19484	22.6331	-0.182805	4
2735	7.53972	6.51384	-0.371078	4
2742	7.76675	2.92762	0.22623	4
2743	7.92724	3.01896	-0.164083	4
2747	8.8454	10.9638	-0.986193	4
2748	7.77779	11.5067	0.209306	4
2759	8.13286	1.27477	0.240305	4
2761	9.37789	8.48872	-0.557294	4
2765	9.84424	23.2647	0.919684	4
2768	8.60605	6.91827	-0.5155	4
2771	8.58446	23.5336	-0.0276535	4
2797	7.5919	1.04886	0.111512	4
2804	9.00364	21.3	-0.55591	4
2805	8.58815	18.2554	1.42805	4
2807	8.34798	14.2301	-0.487486	4
2836	8.30617	10.2959	0.0386262	4
2849	8.17711	6.44261	0.294313	4
2892	8.0496	11.133	0.654267	4
2894	8.71066	4.99602	0.184213	4
2900	7.95591	15.9922	-1.08818	4
2906	8.88497	7.46247	0.234279	4
2924	8.05689	11.6664	0.0834617	4
2926	8.94965	16.0577	-0.227143	4
2947	8.34192	16.8584	0.11528	4
2958	9.27113	12.6368	1.39381	4
2967	9.48582	0.158834	0.403956	4
2980	8.06743	16.033	-0.354845	4
2989	7.69941	15.3277	0.253156	4
2998	8.3504	23.8414	-0.419493	4
3002	8.70516	6.82429	-0.1359	4
3006	9.17003	19.0557	0.351568	4
3010	7.59946	22.974	-0.126712	4
3023	8.281	23.1207	-0.600365	4
3049	7.6605	21.4715	0.227381	4
3060	8.7738	21.0169	0.0929273	4
3063	8.6843	2.25945	-0.0779637	4
3070	8.85172	4.18593	-0.0384197	4
3084	7.85206	10.5783	0.765218	4
3101	8.60385	24.3373	-0.604054	4
3112	9.47838	19.1983	0.31522	4
3124	9.26572	9.04351	0.349562	4
3125	9.32981	8.35856	0.528651	4
3128	9.42788	6.06406	-0.265867	4
3159	8.46185	3.33436	-0.376217	4
3168	7.51398	3.69333	0.0129766	4
3169	9.33663	6.35659	0.153698	4
3179	8.09011	1.81631	0.163488	4
3201	9.1711	7.98298	-0.425727	4
3217	9.0315	18.7617	-0.246195	4
3251	8.15014	21.6698	0.221908	4
3267	9.57182	16.3926	-1.17512	4
3277	7.54462	16.9612	-0.336697	4
3307	8.16629	6.56435	-0.145753	4
3328	9.73463	13.4872	-0.141343	4
3332	8.43997	23.0203	-0.0151907	4
3334	7.72843	5.18132	-0.325531	4
3348	7.54281	10.3787	0.0139511	4
3350	7.64436	21.5099	-0.537897	4
3361	9.52803	15.5609	-0.341451	4
3390	9.83338	20.4492	-0.845202	4
3396	9.05745	18.2909	-0.449298	4
3428	8.96177	14.2038	0.576086	4
3432	8.27435	5.49939	-0.0294992	4
3440	8.2326	6.60112	-0.185686	4
3473	8.62867	4.17375	-0.415665	4
3474	8.45881	6.74434	-0.517159	4
3478	9.65191	24.1997	-0.271414	4
3484	8.40092	16.2622	-0.104956	4
3500	9.10262	7.46484	0.211247	4
3502	7.86222	24.0303	0.274603	4
3503	8.21378	15.2445	-0.0115588	4
3505	9.37528	1.27479	1.11519	4
3509	9.21414	22.8351	0.0165057	4
3510	9.17549	7.28419	-0.109569	4
3521	9.9287	6.3454	0.0966452	4
3573	9.39216	18.1323	-0.854301	4
3582	7.80984	11.9972	-0.0173451	4
3584	9.80611	16.729	0.597715	4
3599	7.56636	11.7641	0.309772	4
3604	9.51288	0.866506	0.485079	4
3612	9.13467	2.84614	-0.155468	4
3616	9.34131	18.4064	-0.0297316	4
3627	8.7363	11.567	-0.185448	4
3639	8.67255	15.5306	-0.572346	4
3640	9.10296	15.2108	-0.180564	4
3644	8.15346	12.9665	0.280552	4
3646	7.98207	10.2403	0.495911	4
3683	9.17647	7.28885	-1.32	4
3691	7.79567	7.16565	-0.521452	4
3693	8.37116	15.4708	-0.906836	4
3696	8.26428	2.88057	-0.0971723	4
3703	7.85248	24.2209	-0.369783	4
3710	9.35617	21.8579	-0.661791	4
3712	9.4456	17.1786	0.383194	4
3718	7.95395	4.22717	0.434659	4
3719	9.51029	3.83926	0.320239	4
3758	8.50319	19.2642	1.57593	4
3776	9.05069	9.25165	0.381766	4
3813	9.18272	8.37166	0.295542	4
3818	8.25576	0.755457	-0.0815435	4
3819	9.98238	0.562611	0.098108	4
3820	9.98696	1.59389	0.389634	4
3838	8.9536	5.55298	-0.288551	4
3839	7.54703	22.806	-0.291457	4
3868	8.58026	21.4657	-0.372437	4
3869	8.72026	21.484	-0.88872	4
3870	7.67797	14.179	-0.211998	4
3880	8.27922	8.29598	-0.396937	4
3888	7.5986	2.44218	0.0582066	4
3891	7.95977	7.44394	-0.298557	4
3908	9.43869	12.4722	0.824903	4
3936	7.53712	11.5119	-0.297798	4
3944	9.71347	5.49797	0.00804793	4
3950	8.17909	9.82151	-0.665093	4
3959	9.53068	16.4292	-0.326033	4
3981	7.86649	22.2488	-0.0950925	4
3989	8.86409	6.13613	-0.283877	4
4004	9.71828	5.055	0.224672	4
4017	9.5757	6.65352	-0.23401	4
4020	9.01294	10.4219	0.094026	4
4042	9.4887	18.193	-0.201204	4
4045	8.03013	9.87221	0.0196083	4
4055	8.67706	13.8016	0.772472	4
4057	7.95722	14.5282	0.541378	4
4068	9.37374	15.4529	-0.148466	4
4077	8.31638	16.149	-0.380386	4
4078	7.95235	16.4189	-0.996258	4
4082	8.5351	2.21619	0.368599	4
4095	8.26827	2.86313	0.120918	4
4098	9.22649	7.54249	-0.0171879	4
4099	7.77561	1.7724	0.416447	4
1	10.6646	18.2167	0.424637	5
9	11.2231	15.659	-0.595422	5
31	10.657	24.3379	-0.439547	5
38	12.4064	18.1054	-0.647724	5
47	10.3846	16.9211	-0.998456	5
60	11.6833	0.794641	-0.271363	5
61	10.8589	14.1941	0.219624	5
68	11.1404	19.0913	-0.219146	5
72	10.2001	11.2504	-0.391115	5
77	10.9864	14.7167	-0.721118	5
85	12.1509	21.9555	-0.296561	5
90	11.1331	16.1864	0.00249033	5
94	10.5464	5.87336	-0.387656	5
120	11.8658	13.8444	0.429541	5
124	12.0412	7.82769	-0.227641	5
144	11.6671	24.3269	-0.0895928	5
145	12.1685	20.5656	0.390982	5
149	10.068	5.88957	-0.0624243	5
152	11.1546	18.6115	-0.0700401	5
158	10.0303	22.9948	-0.460988	5
163	10.1401	17.7921	0.387183	5
181	12.2173	13.5311	0.0688811	5
183	10.1096	8.72713	-0.159281	5
187	10.425	10.6704	0.0132351	5
208	10.2932	15.798	-0.794569	5
239	10.8935	1.39537	-0.705811	5
246	10.2765	15.2748	-0.238197	5
252	10.247	19.2297	0.566216	5
255	11.4826	1.05899	-0.229534	5
262	11.8498	23.7697	0.34856	5
283	12.0907	19.8658	1.18444	5
287	12.174	11.6573	-0.144302	5
294	11.423	2.86495	-0.211899	5
306	11.7223	24.5981	-0.137242	5
325	11.4271	23.4299	-0.238712	5
335	10.8272	4.048	0.321488	5
344	10.1773	17.778	0.158799	5
358	11.2162	4.89826	0.167597	5
363	10.7019	24.4507	-0.141121	5
375	10.1568	15.3133	-0.142155	5
378	11.438	16.5298	-0.406973	5
389	12.3162	15.4622	-0.534922	5
395	12.245	14.5818	-0.732654	5
401	10.3735	21.2503	0.202822	5
422	11.3529	22.7373	0.306778	5
425	11.7129	18.2	-0.963746	5
433	10.1983	7.6293	0.399514	5
434	12.3893	18.5035	-0.197423	5
444	11.7962	1.27489	-0.417751	5
450	10.1399	10.2501	0.224568	5
464	11.192	4.13203	0.447721	5
468	11.124	1.24711	0.164437	5
480	10.6553	17.9143	-0.500463	5
494	10.4399	19.6034	0.337579	5
499	11.9738	2.24178	-0.206059	5
501	12.2269	12.1968	-0.60159	5
508	10.1205	18.9827	-0.330823	5
516	11.5727	6.48823	0.00749177	5
528	12.2469	6.10764	0.0178093	5
543	11.3685	23.9289	0.167671	5
554	10.9984	3.82892	-0.463776	5
557	11.4758	2.7374	0.633496	5
568	11.5032	19.6816	0.000791101	5
576	10.5444	20.2127	0.11953	5
578	10.9324	13.3806	-0.318526	5
595	10.3839	20.2791	0.399947	5
626	11.7333	2.7862	0.289633	5
637	10.3135	10.8879	-0.206192	5
638	10.2993	11.9647	-0.404671	5
642	11.3438	7.82814	0.0635969	5
645	10.7797	2.52344	0.16551	5
657	12.3364	3.77269	-1.0669	5
658	12.4617	22.071	0.07392	5
677	11.129	12.7334	0.283648	5
681	12.0039	9.72268	-0.358557	5
684	11.3295	10.2061	0.313188	5
691	10.0733	0.043369	0.676992	5
705	11.0399	21.2897	-0.131794	5
709	12.2025	12.6179	0.171503	5
722	11.9927	17.9853	-0.564594	5
731	10.3627	4.82499	0.314338	5
765	11.7772	23.0346	0.42989	5
767	12.2048	1.22757	-0.525206	5
786	12.3246	18.5186	-0.568507	5
799	10.5215	5.70955	0.759002	5
816	11.6186	7.37851	0.291114	5
819	11.203	15.1505	0.169044	5
825	11.164	24.6655	0.408375	5
836	10.1297	13.3475	0.0341392	5
838	12.4729	14.8793	0.198514	5
839	11.7064	20.322	0.0959079	5
840	10.173	21.0678	-0.950785	5
856	11.3205	13.4979	-0.553868	5
875	11.6276	4.911	-0.404859	5
883	11.2697	15.1453	0.157938	5
896	10.7051	5.78852	-0.203965	5
917	10.6519	4.48418	0.148159	5
922	10.5924	16.3668	-0.2711	5
927	12.1424	16.266	-0.114178	5
930	10.766	15.3543	-0.340883	5
935	10.6517	19.1978	0.166772	5
977	10.59	2.43845	-0.00160025	5
989	12.0971	10.4125	0.319759	5
1013	11.6273	14.4166	0.176279	5
1031	11.4584	17.0426	0.599535	5
1039	12.3343	7.67414	-0.47913	5
1045	12.2913	0.569869	-0.586557	5
1047	10.454	20.6019	-0.290175	5
1053	12.3934	10.1052	0.573232	5
1062	11.4033	4.02925	0.181883	5
1075	10.2083	15.4997	-0.258286	5
1076	10.1279	23.7653	0.162697	5
1086	12.0429	5.73184	0.120944	5
1116	10.8468	1.55583	0.279487	5
1122	12.3031	8.84479	-0.133774	5
1127	11.243	18.5896	-0.408874	5
1142	12.1646	21.503	0.9272	5
1147	11.1256	0.703889	0.442151	5
1150	10.7067	1.7664	0.304617	5
1176	10.2061	7.50581	-0.108477	5
1196	10.5235	22.7362	-0.64511	5
1200	12.2554	0.00716747	-0.459911	5
1205	11.1139	17.0749	-0.929114	5
1214	12.0871	12.0538	-0.549143	5
1218	11.7365	6.13609	0.792341	5
1224	11.3167	8.8208	0.303439	5
1230	11.4962	16.0709	0.813242	5
1231	12.0193	12.7595	-0.114496	5
1240	11.9126	11.8792	0.159595	5
1257	11.2053	5.67701	-0.21024	5
1261	10.9777	18.4019	-0.0301598	5
1279	11.2209	8.05275	-0.307705	5
1301	10.2724	13.6839	-0.0597079	5
1303	11.4645	12.6726	-0.625372	5
1305	11.4676	20.0385	0.799011	5
1314	10.6465	8.95379	-0.340888	5
1322	12.3381	17.3298	-1.10794	5
1327	12.2544	0.890836	0.535795	5
1328	10.0231	15.4057	-0.655986	5
1329	12.218	21.3515	0.213819	5
1330	10.1663	15.8382	-0.914418	5
1338	10.1253	16.7736	0.347928	5
1341	11.4056	23.6099	-0.209427	5
1343	11.4781	1.63786	0.183555	5
1347	10.1939	11.9681	0.0452114	5
1370	10.8536	14.6612	0.143727	5
1371	10.482	24.0245	-0.487872	5
1375	10.9438	6.58835	1.02924	5
1382	11.1322	6.66338	1.04295	5
1390	11.7356	2.47227	-0.0569669	5
1401	10.3825	18.1097	-0.141768	5
1403	11.4207	11.1282	0.291668	5
1405	10.0589	16.1923	-0.193588	5
1410	10.2274	6.64572	-0.311985	5
1416	10.6772	13.1632	-0.090837	5
1429	12.1514	23.893	0.504295	5
1431	10.8326	17.3412	-0.0399467	5
1441	12.4344	6.60531	-0.247754	5
1442	10.1959	6.44956	0.0188876	5
1443	12.0291	20.8007	-0.068199	5
1444	11.6127	22.5586	0.190464	5
1445	10.9001	8.05245	0.47427	5
1449	10.293	24.7492	-0.19902	5
1461	10.9894	7.17411	-0.156327	5
1470	11.2399	19.5505	-0.837456	5
1478	12.3827	12.4159	-0.864388	5
1479	10.0098	21.5964	-0.345406	5
1480	10.4433	10.1867	-0.773684	5
1488	11.9602	13.2776	-0.637357	5
1496	11.4804	7.06954	0.260916	5
1510	10.4732	12.992	-0.173606	5
1512	10.8542	0.857661	0.243757	5
1522	12.0934	5.51687	-0.915991	5
1530	10.3884	2.51034	-0.0807279	5
1533	12.4235	4.64553	-0.119227	5
1539	10.8766	8.94936	0.395562	5
1540	12.2155	23.8713	0.0933386	5
1550	12.4125	11.0178	0.153906	5
1551	11.3435	6.01487	0.211868	5
1561	12.4943	2.44765	0.656924	5
1571	12.439	10.7651	-0.266032	5
1587	11.0852	13.1979	-0.201012	5
1604	10.9203	21.2189	-0.108618	5
1612	11.8921	21.1239	0.470412	5
1619	12.0976	16.4324	-0.209152	5
1621	12.0272	9.20805	-0.250556	5
1624	11.4094	22.6053	0.56751	5
1632	10.6776	19.4417	-0.26882	5
1633	12.1548	20.3125	-0.24872	5
1642	10.5514	10.8334	0.393904	5
1671	11.8589	13.1138	-0.0608754	5
1673	11.1407	3.96074	-0.720547	5
1688	11.1316	9.82728	0.343774	5
1690	10.1298	10.9345	0.602585	5
1694	12.0403	10.8301	-0.105385	5
1704	11.1261	2.68664	0.552456	5
1709	10.0711	14.2859	-0.0477281	5
1711	11.5542	13.6867	-0.611525	5
1729	10.1021	22.5685	-0.31818	5
1735	12.1153	16.0595	-0.445547	5
1741	12.4852	21.1082	-0.232995	5
1746	11.2526	23.2262	-0.382605	5
1764	10.6501	9.8231	0.21823	5
1798	11.1832	2.34971	0.0661029	5
1809	10.7842	10.274	0.392693	5
1817	11.8823	14.3804	0.106163	5
1846	12.2081	19.0118	0.374675	5
1847	11.1805	16.3872	-0.378513	5
1859	11.0977	4.41628	-0.111723	5
1870	12.2022	5.39795	-0.36399	5
1889	12.4736	9.05433	0.0601281	5
1897	12.3353	21.8789	0.0676636	5
1912	11.2405	13.0816	-0.409428	5
1933	12.3038	0.292182	0.148071	5
1934	11.0076	5.30954	1.0668	5
1949	10.7076	18.6014	0.34341	5
1951	10.8626	23.6119	0.124098	5
1987	12.0705	16.5054	0.274817	5
2011	11.2086	11.1208	-0.0376826	5
2016	11.0704	8.71596	0.591273	5
2026	11.8535	9.15348	-0.220726	5
2034	11.7811	13.0801	-0.538099	5
2039	11.1125	15.9565	-0.301472	5
2065	10.6526	15.2818	-0.535485	5
2066	10.3386	21.9934	-0.582263	5
2078	12.2475	23.4947	0.110583	5
2083	11.7875	5.43421	-0.098748	5
2099	12.1371	11.1003	-0.652793	5
2108	10.9036	12.5414	-1.06015	5
2113	10.6915	5.80866	0.314509	5
2118	10.279	11.7087	0.646469	5
2123	12.2813	24.4367	-0.683159	5
2148	11.2394	6.74841	-0.268227	5
2158	12.3979	14.8266	-0.237837	5
2165	10.9984	20.2854	-0.416257	5
2181	10.9879	12.3868	0.142084	5
2205	11.6553	24.772	-0.358644	5
2210	11.1166	15.6743	-0.826229	5
2253	10.2612	0.403595	-0.0473524	5
2255	12.3351	14.1697	-0.0533536	5
2262	11.3085	22.6074	-0.11445	5
2263	10.653	6.91426	1.09802	5
2264	10.2725	6.51258	0.188156	5
2267	10.6436	21.6264	-0.14189	5
2273	12.2672	17.8898	-0.446278	5
2278	11.4851	20.3933	-0.422799	5
2289	10.4467	5.63955	0.230486	5
2300	11.1743	8.04976	-0.42897	5
2301	10.9527	19.9644	0.143147	5
2333	10.739	11.4603	0.09317	5
2334	11.4191	10.2109	-0.695941	5
2344	12.3312	3.69411	-0.668489	5
2345	11.978	0.402485	0.58145	5
2346	10.1457	19.2245	-0.62207	5
2351	12.2917	12.7476	0.367002	5
2361	10.8031	13.9569	-1.61319	5
2370	10.8775	22.4075	0.243485	5
2374	11.9143	6.73886	0.153175	5
2385	11.5904	20.3988	-0.533462	5
2386	11.1099	20.1567	0.114277	5
2415	10.4602	0.560523	0.250772	5
2426	10.5989	23.751	0.387852	5
2445	10.9093	10.8865	-0.607493	5
2455	10.6192	11.9843	0.589323	5
2457	10.667	12.9552	0.225957	5
2459	12.2695	0.0140592	-0.174964	5
2461	10.4014	13.068	1.02672	5
2472	11.9421	9.13073	-0.0134122	5
2497	11.7093	18.8842	-0.662393	5
2498	10.6033	8.32167	0.075792	5
2503	11.1487	1.59888	0.427228	5
2514	11.0351	12.1974	-0.707748	5
2515	11.9194	11.157	-0.806653	5
2522	12.3995	11.3749	0.332233	5
2523	12.1336	11.2914	0.218636	5
2538	10.2519	18.1256	0.303164	5
2541	10.8054	14.4992	-0.179271	5
2547	10.1807	17.6848	0.0191974	5
2551	11.0615	10.5777	0.0705604	5
2567	10.3511	2.69806	0.904258	5
2572	10.0598	24.9938	-0.124427	5
2583	10.1829	21.7637	-1.02554	5
2612	12.3891	1.82474	-0.475786	5
2626	11.4182	8.02794	-0.193239	5
2641	10.5166	8.15875	0.161539	5
2655	10.9406	0.713725	0.145843	5
2660	11.6917	20.2233	-0.213832	5
2663	12.4504	0.479163	-0.563578	5
2665	11.1861	20.7411	0.445035	5
2679	12.0698	22.561	-0.469977	5
2680	12.3292	12.5605	0.221104	5
2682	10.864	22.6683	-0.00780717	5
2683	10.6351	16.5342	-0.224818	5
2687	11.5608	14.2492	0.0490426	5
2691	11.8945	20.517	-0.0424468	5
2697	10.6411	6.00268	1.39975	5
2703	10.8726	24.4117	0.0546349	5
2715	10.2903	10.099	0.277589	5
2718	11.8443	5.84169	0.217251	5
2724	10.4042	3.45608	0.0153069	5
2740	11.2737	0.367466	0.469447	5
2779	11.6817	18.7614	-0.250318	5
2787	11.8292	19.708	-0.69068	5
2789	11.1459	11.4626	-0.229828	5
2790	10.4814	23.5033	-0.0817418	5
2799	11.9775	17.5866	-1.19707	5
2801	10.8935	7.72898	0.0131316	5
2838	11.1417	23.3025	0.0767679	5
2840	12.3494	22.9593	0.0565129	5
2880	11.1224	4.10105	-0.510242	5
2889	10.6439	20.634	-0.118869	5
2891	12.0502	7.62485	-0.214207	5
2895	12.409	22.6185	0.187791	5
2897	12.4321	15.8663	0.338171	5
2902	11.5198	3.51362	-0.304677	5
2909	12.0074	4.30745	0.919726	5
2918	10.5369	23.8165	-0.167979	5
2929	10.6435	17.8916	-0.485293	5
2933	10.225	11.2877	-0.740923	5
2940	10.6329	8.02276	-0.419522	5
2950	12.45	20.9469	0.521808	5
2966	12.4669	23.6586	0.0972659	5
2968	11.0036	7.3785	0.442378	5
2970	12.4041	21.0869	0.516747	5
2974	11.5604	17.1994	-0.437275	5
2990	11.952	6.62977	0.0184041	5
2995	10.869	14.3745	-0.384884	5
2996	10.5914	21.6538	-0.583334	5
3011	11.2083	10.0045	-0.0943044	5
3013	10.5808	10.4023	-0.0476254	5
3014	11.0315	10.2063	-0.392831	5
3017	11.3975	4.28797	0.414478	5
3028	12.1143	16.2301	-0.283575	5
3035	10.6039	8.87488	0.102539	5
3050	12.0112	9.49257	-0.0453408	5
3052	10.1057	12.5918	0.161876	5
3053	10.4661	12.516	0.536086	5
3067	10.1345	2.13694	0.192959	5
3085	12.4842	3.44597	-0.246334	5
3110	10.9336	1.91997	0.0263791	5
3115	10.9488	9.70496	0.191417	5
3121	10.4475	5.12332	-0.0472557	5
3131	11.1178	19.1686	-0.333527	5
3149	12.0995	13.248	-0.624814	5
3151	10.8218	21.0894	0.184539	5
3191	12.3083	1.57078	-0.413861	5
3204	10.518	5.20633	-0.917942	5
3207	12.3017	13.6162	0.374263	5
3213	10.4612	5.58656	0.234833	5
3221	11.4786	18.4768	-0.209909	5
3245	11.7955	24.6879	-0.659808	5
3246	12.2802	17.7408	-0.369317	5
3253	10.3652	7.3959	0.111352	5
3260	10.2301	7.16253	-0.678681	5
3285	10.3267	10.2758	0.175006	5
3291	11.2487	24.6686	0.149796	5
3294	10.5663	2.80796	0.389993	5
3295	10.1819	5.27047	-0.224271	5
3296	10.164	4.51662	0.463674	5
3297	12.297	6.21327	-0.12534	5
3315	11.6487	4.49073	-0.306051	5
3320	10.7842	22.3711	-0.7582	5
3321	11.2895	22.394	-0.679629	5
3333	10.6731	12.7267	-0.393379	5
3335	10.6203	20.3821	0.524543	5
3349	11.3072	16.0492	-0.288984	5
3365	10.0331	5.05451	0.486111	5
3377	10.9745	13.3254	-0.287285	5
3393	10.5761	1.06439	-0.048527	5
3401	12.1017	4.6343	-0.0058035	5
3417	10.7644	15.9053	-0.15062	5
3426	10.2004	15.8237	0.37299	5
3427	10.3199	15.4243	-0.370826	5
3435	12.3979	4.30713	0.302799	5
3442	11.5985	15.0399	-0.121539	5
3443	12.2846	6.37974	-0.438848	5
3451	11.0025	17.5782	0.305794	5
3461	11.0286	4.19374	0.676573	5
3472	11.2308	20.2381	0.302819	5
3477	10.163	23.9318	0.079116	5
3483	10.8283	10.1149	-0.182682	5
3487	10.9154	24.0818	0.483366	5
3507	10.8311	23.4811	-0.297808	5
3513	10.058	18.491	0.406953	5
3515	11.3033	20.5	0.0864708	5
3516	11.7393	13.9187	-0.297031	5
3517	11.0485	12.8957	-0.132448	5
3518	11.2654	0.523913	0.178438	5
3519	10.8579	14.8688	0.137209	5
3527	12.2118	0.812537	0.0532399	5
3533	11.9535	1.89971	0.521828	5
3535	10.5598	5.63752	0.0770375	5
3557	11.5169	19.4952	-0.869433	5
3578	12.064	10.3182	-0.0334714	5
3597	12.1501	6.46558	0.122663	5
3609	10.7312	23.7604	-0.326863	5
3615	10.3214	11.6426	0.704955	5
3623	10.6718	4.85569	-0.26429	5
3626	10.7431	9.81398	-0.00347532	5
3633	11.9886	11.2009	-0.204187	5
3636	10.1586	24.7366	-0.558668	5
3637	12.4146	0.501935	0.170711	5
3680	11.6407	3.137	-0.182452	5
3681	11.4734	10.3503	0.0521984	5
3702	10.397	23.8434	-0.16082	5
3704	11.0319	3.3043	-0.441973	5
3731	10.1329	13.601	0.0415092	5
3737	10.0848	24.0511	-0.178715	5
3738	10.048	15.2292	-0.739892	5
3761	12.1807	18.8236	1.0023	5
3765	10.0459	4.92132	0.136808	5
3766	10.7301	1.9177	0.187568	5
3767	11.4304	1.04952	-0.503706	5
3786	11.2489	16.2014	0.100072	5
3790	12.2731	1.05388	-0.320531	5
3828	10.1502	16.8639	-0.123825	5
3830	10.9887	20.0275	-0.479742	5
3832	12.4975	16.4877	0.496941	5
3851	11.819	8.15213	0.13696	5
3854	12.0389	18.3742	-0.425649	5
3862	10.8398	6.13183	0.361864	5
3863	11.343	11.67	-0.0829922	5
3867	11.7156	14.6458	0.26696	5
3883	10.5854	6.70375	-0.426842	5
3894	10.3784	24.6906	0.324544	5
3907	11.9176	5.18112	-1.23228	5
3925	10.0323	24.1137	-0.0626799	5
3926	10.2729	24.4563	0.123759	5
3932	10.2528	2.95997	0.228691	5
3943	12.3729	11.4454	0.499022	5
3957	10.7416	1.26862	-0.0539178	5
3964	11.1406	24.5319	-0.274958	5
3998	12.1063	21.3172	0.580224	5
4000	12.3965	13.5977	0.928005	5
4005	12.2936	10.679	-0.932936	5
4012	10.2819	16.2119	-0.639767	5
4021	12.4465	20.1888	0.276712	5
4026	10.0178	5.80644	0.769494	5
4030	11.4583	10.3625	0.123625	5
4044	11.1971	3.61524	-0.50091	5
4047	11.6549	6.02798	0.583077	5
4052	12.3223	21.6312	-0.383826	5
4070	10.2869	7.22175	0.594621	5
4079	12.2931	20.0511	-0.233783	5
4091	10.5637	5.45552	0.175395	5
18	14.1824	20.2846	0.3099	6
59	14.71	4.9215	-0.157047	6
69	12.7106	0.0760538	0.255003	6
81	12.8514	11.6709	0.121884	6
84	12.8394	22.6492	0.503402	6
91	14.5912	16.3802	0.0891236	6
98	14.1745	15.6014	0.427874	6
109	14.6525	21.759	-0.690341	6
121	14.7201	0.989793	-0.113184	6
142	14.3145	6.24046	0.309328	6
148	14.2009	10.4348	0.054602	6
182	12.8086	21.0514	-0.256268	6
217	14.196	10.6631	0.0204959	6
218	13.8865	12.8848	0.264713	6
234	14.0015	20.9109	-0.014453	6
235	13.3553	14.3939	0.617274	6
240	13.4225	2.61697	0.352301	6
248	14.9585	18.1107	-0.184751	6
258	13.7531	10.9263	0.0536337	6
265	13.0119	18.6931	0.78269	6
267	14.67	14.8449	0.00713799	6
279	12.5423	11.9664	-0.357539	6
286	14.3756	20.185	-0.227533	6
288	12.6742	2.89944	0.0668859	6
295	12.9642	15.0577	-0.0418697	6
309	13.758	21.2343	0.212547	6
313	14.6259	17.7228	-0.138199	6
324	14.8034	6.26033	-0.0241164	6
326	14.988	7.43147	0.184376	6
327	12.5661	22.0652	0.0483759	6
328	13.2357	11.0816	0.566342	6
345	14.9652	17.1269	-0.49398	6
346	14.0643	23.2598	0.212589	6
351	12.9979	4.3542	0.256058	6
367	14.7522	9.16292	0.570125	6
381	13.6003	20.3205	-0.101665	6
402	13.7386	6.41843	-0.336048	6
405	14.8942	3.59804	0.895636	6
412	12.5931	6.74358	0.072568	6
417	12.6807	18.3308	-0.579036	6
438	13.3391	8.70169	0.287242	6
440	13.3577	17.369	0.24204	6
456	14.6781	22.9692	-0.494899	6
457	14.6027	23.7611	-0.110804	6
462	14.9102	10.8201	0.614345	6
481	13.2436	17.012	0.233997	6
486	12.5756	23.9868	0.055621	6
498	13.9535	11.6724	-0.254994	6
507	14.5786	0.917712	0.156867	6
512	14.4406	17.5765	0.0969873	6
519	13.9515	21.809	0.195668	6
536	12.593	7.58642	0.400407	6
539	12.9986	4.23843	1.16591	6
549	12.7108	4.047	0.394644	6
552	14.34	8.59421	1.15024	6
577	13.578	2.45567	0.0175774	6
580	14.4039	20.1935	-0.310324	6
583	12.5635	14.7052	0.214912	6
600	13.0418	20.3577	0.0417808	6
605	14.8152	6.96329	-0.157106	6
611	14.6907	4.24859	0.116735	6
622	12.7341	1.47758	-0.225851	6
629	14.9411	13.1764	0.526487	6
641	14.778	16.0016	0.340355	6
660	13.0941	15.3967	0.197774	6
685	14.4697	21.368	-0.577204	6
687	14.4601	16.8217	0.659352	6
693	13.3193	22.6586	-0.388797	6
718	14.6628	0.769744	-0.0930386	6
721	14.9974	1.70289	-0.195425	6
725	13.9782	15.271	-0.517131	6
727	14.9193	20.871	0.343507	6
737	14.7589	6.65486	-0.13469	6
755	13.9521	10.8349	-0.0943037	6
757	13.2735	7.52411	-0.0864958	6
762	14.9096	9.18885	0.208848	6
769	13.8914	20.9028	-0.85369	6
771	13.6981	11.5491	-0.989313	6
791	13.4904	6.3971	-0.289238	6
796	13.1189	10.2688	-0.254999	6
798	14.3262	5.77767	-0.0335471	6
822	14.746	7.16713	-0.342837	6
828	14.2558	23.9713	0.0472034	6
833	13.4157	24.5563	-0.43386	6
837	13.5854	21.8096	-0.407903	6
857	14.7565	5.57917	0.281025	6
873	14.9835	1.79822	0.224388	6
877	12.7864	8.03854	0.223725	6
889	12.5804	20.1754	0.197299	6
891	12.9853	19.9913	0.722523	6
899	14.6848	3.53067	0.218233	6
903	13.1404	5.91867	-0.0595641	6
907	13.5564	18.4653	0.231524	6
908	13.379	8.88661	-0.188554	6
910	13.6669	13.3447	0.082497	6
912	13.1465	10.1432	0.630105	6
939	14.0841	11.0754	0.170627	6
950	13.2844	4.48243	0.0544485	6
959	13.9665	4.39132	0.0161539	6
961	13.6906	7.20948	-0.088528	6
971	13.1937	19.6223	-0.251688	6
978	12.5594	6.31903	0.734601	6
981	13.8111	19.1049	-0.0677563	6
982	13.2868	6.0827	0.347493	6
987	13.0449	1.63368	0.0155375	6
988	14.061	12.3822	-0.262333	6
1003	14.2502	17.4718	0.867539	6
1011	13.0901	4.98275	0.85404	6
1015	12.945	17.4658	-0.0119762	6
1027	12.9146	9.4043	0.196205	6
1052	13.693	11.6216	-0.172527	6
1072	14.6083	10.9641	-0.27671	6
1083	13.7081	16.4789	0.253809	6
1097	14.5875	4.25168	-0.569331	6
1098	13.7566	7.01655	-0.475303	6
1123	13.572	7.68716	-0.192709	6
1146	13.2416	11.2218	0.191395	6
1151	12.6655	13.2143	-0.597027	6
1160	13.6866	17.3204	-0.418439	6
1161	14.814	9.89979	-1.29071	6
1179	13.5949	9.16799	-0.382497	6
1183	12.8389	16.792	-0.236777	6
1185	14.8446	19.7189	-0.0804698	6
1207	14.2464	13.5878	0.471003	6
1209	14.1749	11.4099	0.103837	6
1211	14.5741	2.9398	0.349383	6
1229	13.7953	10.3	-0.0890768	6
1237	14.35	4.00677	0.450446	6
1250	13.2044	16.3647	0.363955	6
1254	13.636	15.6947	-0.118349	6
1255	13.3414	15.1766	-0.25376	6
1256	13.4707	6.65822	-0.642838	6
1259	13.8947	12.9244	-0.188918	6
1265	13.0237	23.2896	-0.723908	6
1272	12.8152	8.99241	-0.420161	6
1296	14.9614	5.71911	-0.636089	6
1332	12.65	11.9058	-0.116535	6
1334	14.8496	12.2737	1.39791	6
1344	13.0533	17.8971	0.21471	6
1345	13.5592	16.6477	0.515463	6
1348	12.5116	14.2075	0.215826	6
1352	14.0958	24.8064	-0.517017	6
1357	12.9972	7.7626	0.580493	6
1368	13.9679	23.4527	0.222909	6
1377	13.1147	18.1849	-0.0909347	6
1383	13.9234	22.8698	-0.254375	6
1389	13.2643	3.75721	-0.188821	6
1392	14.5732	4.72971	1.31079	6
1411	13.3615	11.1108	0.418148	6
1423	12.7494	15.165	-0.149294	6
1438	14.6709	4.84181	-0.304997	6
1439	14.5692	5.2288	0.0314343	6
1468	13.7475	19.2098	-0.27116	6
1473	13.2277	10.4515	-0.639605	6
1494	14.3058	8.862	-0.158981	6
1514	13.9389	16.7771	0.323162	6
1517	13.1404	2.33102	-0.0368877	6
1529	12.5377	21.7307	0.294874	6
1543	13.6723	1.69124	0.39938	6
1553	14.4669	13.4708	-0.0678354	6
1599	14.0549	3.49317	0.681985	6
1610	12.6621	15.9933	0.673813	6
1615	14.6626	20.3499	-0.828294	6
1617	14.0977	18.0143	0.619071	6
1618	13.3429	1.37972	0.84315	6
1634	13.4653	1.82227	0.369667	6
1646	14.013	5.27314	0.103999	6
1651	14.3522	24.7311	0.00362997	6
1655	12.7921	7.3575	0.0240008	6
1657	13.2598	0.492939	0.144306	6
1658	13.367	4.01962	-0.512969	6
1669	12.7826	21.6025	0.396796	6
1674	14.5888	10.4016	0.0839983	6
1675	14.5193	9.80455	-0.243889	6
1679	14.127	15.2262	-0.43241	6
1689	14.2663	17.781	-0.0205895	6
1696	14.1815	5.49059	0.379236	6
1697	13.738	4.03813	0.699798	6
1701	12.6787	9.28694	0.054857	6
1707	14.8101	2.80519	0.156788	6
1722	14.9454	13.6399	0.197881	6
1726	14.919	17.0659	-0.882385	6
1728	14.6417	10.5714	0.674183	6
1731	14.9111	3.08638	0.114914	6
1751	14.9266	21.2671	-0.613511	6
1765	13.4982	16.9479	-0.27354	6
1767	14.6625	13.2663	-0.129441	6
1777	12.761	23.6044	0.243635	6
1784	13.0183	3.05173	-0.105212	6
1788	13.9165	14.2538	0.205149	6
1796	14.3257	6.58896	0.324812	6
1814	13.0642	21.5092	0.303032	6
1833	14.2035	16.3897	-0.818337	6
1843	14.5759	8.28976	-0.0124797	6
1881	13.0034	4.25133	0.206012	6
1882	13.8974	21.9884	-0.383873	6
1894	14.9773	14.2776	0.547813	6
1905	13.9221	7.54958	-0.737107	6
1909	13.9219	4.20494	-0.187791	6
1919	13.3242	21.703	-0.122214	6
1937	12.8856	17.8893	-0.234758	6
1940	14.6194	12.9092	-0.485916	6
1941	14.9414	12.4226	0.754468	6
1947	13.8011	8.01054	0.1929	6
1955	13.4485	8.79687	0.245429	6
1958	14.1097	13.6714	0.0314841	6
1973	14.0324	3.97238	-0.0744106	6
1981	13.5475	19.5372	0.491783	6
1989	12.5738	18.6277	0.106776	6
1998	14.092	20.138	-0.487593	6
2008	14.2526	15.2653	-0.0431487	6
2031	12.8092	3.11559	-0.123946	6
2052	13.7686	7.1769	0.0645846	6
2055	14.5549	16.3228	-0.350413	6
2061	14.8411	19.0211	-0.564645	6
2084	13.7978	18.303	-0.730889	6
2093	13.8103	10.2841	0.18734	6
2101	14.84	13.234	0.516162	6
2125	12.6908	1.35562	-0.704502	6
2126	13.2575	5.58885	-0.242325	6
2136	12.8823	6.59881	-0.264876	6
2142	14.9834	3.29462	0.537236	6
2149	12.882	2.79189	-0.699976	6
2151	14.1775	3.00731	-0.169435	6
2161	13.5928	10.7516	-0.178043	6
2163	14.5256	9.60777	-0.189941	6
2177	14.5863	6.0148	-0.1828	6
2192	14.574	19.5523	-0.419156	6
2208	13.4823	23.8049	-0.260741	6
2231	12.6644	4.90901	-0.127587	6
2240	12.9862	8.39893	0.191823	6
2241	14.2056	8.67595	-0.246475	6
2251	13.9289	5.53225	0.0756751	6
2256	13.5297	24.1454	-0.203789	6
2290	14.1285	2.43621	-0.776758	6
2296	14.8563	15.4936	0.375608	6
2298	12.5333	24.4349	0.0487962	6
2305	14.9044	12.6783	0.30346	6
2309	14.9661	21.5367	-0.192431	6
2310	13.7746	22.6195	-0.341945	6
2338	13.2464	10.4876	0.50147	6
2360	14.5233	9.74685	0.12446	6
2369	13.6726	22.1846	-0.122626	6
2373	14.5194	12.8341	0.373793	6
2376	14.2622	18.3116	-1.28595	6
2382	14.8451	18.2994	-0.238224	6
2408	13.3373	10.6917	0.576469	6
2409	12.7602	11.0942	-0.65935	6
2410	14.2041	11.7849	-0.803163	6
2421	13.2075	15.8827	0.054447	6
2438	12.7912	0.487986	0.556804	6
2456	13.0693	2.5849	0.747076	6
2468	12.5489	15.6923	0.00198012	6
2473	13.2223	22.1538	0.0470546	6
2508	14.5981	16.0836	0.360034	6
2521	13.6035	20.948	-1.05071	6
2537	14.0722	22.1809	-0.708639	6
2549	12.5665	10.3762	0.0302657	6
2550	13.6201	7.87152	-0.0810716	6
2560	14.2997	11.6641	-0.0592143	6
2565	12.8831	5.53671	-0.263347	6
2570	14.9955	13.9174	0.0446417	6
2576	13.1924	19.9159	0.355031	6
2578	12.6889	21.6626	0.00655352	6
2588	14.1855	7.25728	0.7374	6
2593	14.5215	0.0544431	0.722355	6
2614	13.5907	20.0981	0.596055	6
2642	13.7728	5.67509	-0.516248	6
2659	13.3987	14.7901	-0.635334	6
2674	13.4088	4.2374	0.264085	6
2688	12.8783	15.4344	-0.436758	6
2693	14.1409	9.03647	-0.879737	6
2702	12.6575	20.6041	0.211801	6
2704	14.7425	18.4685	-1.16776	6
2714	13.7605	5.71757	-0.894311	6
2722	13.3348	19.4361	0.184164	6
2725	13.0831	1.77732	-0.126605	6
2734	13.939	13.3945	-0.278469	6
2739	13.0679	17.5967	-0.361085	6
2788	12.6361	19.9101	-0.08885	6
2792	13.5141	2.32232	-0.355808	6
2793	13.4963	9.79114	0.73813	6
2802	14.8806	11.7006	-0.351596	6
2809	13.8	21.0677	-0.805906	6
2810	12.7527	6.12495	0.423978	6
2821	14.1395	19.8986	-0.0670491	6
2826	13.0288	7.33669	-0.347368	6
2827	13.1946	7.33329	-0.42605	6
2829	14.0349	24.9729	0.340766	6
2830	14.6245	13.2089	0.205249	6
2859	12.6979	15.5599	-0.287678	6
2866	14.7358	11.2995	0.525668	6
2878	12.676	15.9489	-0.122045	6
2893	13.8685	17.6291	-0.172453	6
2896	12.7319	16.8663	-0.0468401	6
2903	14.6391	1.05568	0.21708	6
2904	14.03	1.54634	0.0247315	6
2910	13.3498	20.6349	0.0438786	6
2920	14.1982	14.8744	-0.528223	6
2931	12.8563	14.6927	0.665925	6
2935	12.5549	18.5019	-0.217989	6
2951	13.189	13.4385	-0.599386	6
2952	13.6428	12.6473	-0.574066	6
2957	12.647	20.2223	0.79243	6
2975	14.934	11.1709	0.597046	6
2986	14.0402	16.3902	0.484613	6
2994	13.609	11.8962	-0.309465	6
3007	12.9866	21.5728	-0.0995079	6
3019	12.7544	10.1247	0.183993	6
3021	12.8786	13.73	-0.133361	6
3024	14.3443	1.99732	0.00445249	6
3037	14.2292	24.4447	0.0110123	6
3039	14.856	13.4197	0.362971	6
3040	14.3302	7.94357	-0.309891	6
3043	14.4434	6.09599	-0.6548	6
3044	14.7081	5.48634	0.283755	6
3045	14.7766	21.48	-0.846617	6
3058	13.1693	1.06241	-0.119355	6
3059	14.0846	1.37253	0.699978	6
3099	13.1105	0.483218	-0.209601	6
3111	14.4175	20.2072	-0.503931	6
3133	12.9485	13.0054	-0.0587967	6
3135	14.2921	24.5086	0.154705	6
3136	13.7661	5.00182	-0.465475	6
3137	13.3331	4.37758	9.45412e-05	6
3141	14.8165	10.9299	0.248179	6
3142	14.3353	10.7464	0.328045	6
3143	13.984	16.2676	0.0856356	6
3174	12.9934	24.8602	-0.576398	6
3188	13.5616	22.5354	-0.119568	6
3189	13.4024	21.8147	-0.394686	6
3194	14.9645	12.39	0.297632	6
3212	12.8235	10.6897	-0.16912	6
3225	12.8871	22.9306	-0.102873	6
3230	14.2378	23.5952	0.246509	6
3232	12.7448	10.9228	0.648215	6
3234	14.9247	14.3815	0.00388631	6
3244	12.6965	11.7229	-0.719926	6
3263	13.3844	7.73453	0.572044	6
3278	14.2401	14.5436	-0.679303	6
3283	12.6707	14.0446	1.13342	6
3288	13.7164	3.01607	0.693721	6
3289	13.8565	3.3772	0.194058	6
3290	13.804	3.93096	-0.44463	6
3292	12.9903	19.2771	0.0810549	6
3303	13.2985	9.30323	-0.165557	6
3304	13.9954	7.69416	0.0628936	6
3345	14.1442	6.86348	-0.267721	6
3346	13.8871	6.49887	0.489464	6
3364	14.2273	15.1087	0.464721	6
3371	13.7724	14.5898	-0.145472	6
3376	13.4824	2.17234	0.588197	6
3384	14.1481	11.0935	-0.129995	6
3394	14.3339	4.99051	0.38185	6
3395	14.3459	12.7844	0.331582	6
3397	14.8639	13.056	0.0752716	6
3408	13.257	22.4523	-0.0343017	6
3409	14.1398	11.6687	0.325089	6
3414	14.4288	22.9753	-0.283459	6
3422	13.9467	14.1126	-0.128574	6
3423	13.9099	14.3219	-0.550958	6
3479	14.1457	1.19132	-0.731834	6
3480	14.3452	17.4042	0.239827	6
3511	12.6912	4.61303	-0.747092	6
3514	12.6219	22.5127	0.185899	6
3550	14.0554	8.88225	-0.211673	6
3553	13.3217	24.4729	-0.417809	6
3558	14.773	21.1494	-0.70209	6
3569	13.8038	23.7673	0.201294	6
3580	12.9368	18.5972	-0.206854	6
3585	13.7477	16.8743	0.311508	6
3591	13.46	16.8679	0.490889	6
3619	12.7083	15.595	-1.27949	6
3635	14.7465	16.4637	-0.27801	6
3643	14.9591	19.8816	0.249807	6
3649	14.0393	5.44768	-0.751342	6
3658	14.0369	16.2308	0.228503	6
3677	14.8716	16.0859	0.689596	6
3682	13.0206	14.0047	-0.124596	6
3732	13.8989	11.5736	-0.251994	6
3741	13.7593	19.4435	0.0131199	6
3747	14.9071	5.97562	0.307899	6
3778	13.7058	17.2936	0.497499	6
3780	13.0493	24.2118	-0.32981	6
3793	12.7371	20.3717	0.297818	6
3794	14.6798	8.04986	-0.999043	6
3805	14.9556	0.489151	0.258285	6
3807	14.5868	9.58197	0.100613	6
3808	13.7978	22.1572	0.468407	6
3809	12.5316	21.0458	-0.794686	6
3835	13.1046	9.87394	-0.232636	6
3848	13.2671	19.7405	0.344236	6
3853	14.0187	14.4514	-0.393984	6
3858	14.9457	15.072	0.276373	6
3859	14.5704	15.5091	0.344249	6
3876	13.4682	4.84465	0.480335	6
3877	14.2529	23.292	-0.219752	6
3892	13.6872	21.0016	0.0455594	6
3914	12.8172	1.9682	-0.169312	6
3916	14.1011	3.2464	0.0782673	6
3918	12.7577	12.5955	-0.165679	6
3919	12.9247	13.2061	-0.618445	6
3923	13.2741	23.9101	-0.783086	6
3927	12.6353	7.42302	-0.00728909	6
3928	13.5597	10.2249	0.031722	6
3941	14.7953	20.3838	-0.0972316	6
3942	14.8182	19.6631	-0.0685131	6
3948	13.3036	20.2347	0.0452752	6
3960	14.1818	16.3623	-0.0224304	6
3977	14.5388	3.38068	0.512714	6
3983	14.9759	7.08793	-0.401085	6
3985	12.6893	24.3075	0.249042	6
3988	12.8762	5.44812	-0.417396	6
4008	13.1908	10.4531	0.284468	6
4010	13.4827	7.01068	0.0150349	6
4027	14.0373	22.6662	0.171577	6
4051	12.6278	21.0749	-0.224565	6
4090	14.5369	18.6433	-0.236235	6
8	16.4407	7.93546	-0.0880326	7
12	15.0665	12.4908	0.107322	7
51	16.7063	20.016	-0.230805	7
52	15.4472	16.6901	0.421131	7
55	17.1977	10.6385	0.44016	7
65	15.0424	15.6824	-0.408266	7
74	16.5962	22.348	-0.209163	7
78	16.8292	7.27757	0.697511	7
87	15.8787	21.4396	0.26447	7
106	17.0568	16.147	0.183435	7
111	17.0117	23.9447	-0.442294	7
112	16.7801	0.532668	-0.0792179	7
127	15.8203	12.5568	0.386509	7
128	17.0066	16.3405	0.134232	7
151	15.9544	21.6924	0.174143	7
153	15.6741	1.36635	0.206047	7
162	15.5551	9.22711	-0.197425	7
169	15.9727	23.2799	-0.601248	7
188	17.1269	9.09322	0.423902	7
194	16.9236	18.1166	-0.0633681	7
195	16.4605	18.9238	-0.806855	7
200	15.9121	17.4214	0.754664	7
207	17.4848	1.67091	0.361878	7
237	17.3941	14.0162	-0.602859	7
251	16.2492	23.5611	0.372712	7
264	16.4234	19.2735	0.410275	7
266	17.4623	19.5975	0.0805591	7
270	15.8103	4.86301	-0.684911	7
291	16.9312	16.7889	-0.0346235	7
305	15.3571	24.7207	-0.0780196	7
316	16.8216	19.6297	-0.322529	7
317	16.5632	3.03434	-0.18794	7
333	17.2144	20.7495	-0.223417	7
334	15.025	21.4405	-0.57943	7
336	15.2936	4.14704	-0.51147	7
337	15.4207	20.036	-0.695161	7
339	15.4847	13.6095	-0.437173	7
347	16.8696	16.2954	0.170393	7
355	15.7094	12.2396	-0.358215	7
371	16.2724	12.4415	0.203245	7
373	16.1363	16.8714	-0.149751	7
382	15.8692	0.66307	-0.0364193	7
390	16.3387	14.0426	0.50589	7
398	15.9608	23.6689	-0.106662	7
428	16.6285	0.472126	0.619456	7
429	16.3243	16.5078	-0.528735	7
445	15.628	12.6161	0.524084	7
446	15.8163	2.92959	0.64519	7
447	17.3016	20.5383	0.546062	7
460	16.7606	8.18511	0.735455	7
461	15.6513	24.6067	0.0596016	7
463	15.0354	17.8427	-0.371516	7
471	16.385	3.96552	0.349978	7
485	16.6747	15.6318	0.217845	7
502	15.1723	11.6537	0.646743	7
511	15.6128	6.38935	0.985363	7
522	16.1949	2.76041	0.565048	7
534	16.6116	8.75918	-0.748553	7
537	15.3306	16.8197	-0.0443653	7
558	17.4666	23.6576	-0.170464	7
564	15.3653	11.5456	0.973377	7
566	15.8319	17.5188	-0.169022	7
569	17.0422	21.3941	-0.50068	7
590	16.9703	1.80249	-0.306365	7
592	17.1905	4.21921	-1.11878	7
607	16.6704	21.2984	0.410328	7
620	15.4744	20.1518	-0.511338	7
634	17.0369	5.58752	-0.188519	7
669	15.692	10.0468	0.24451	7
670	15.9443	1.09248	0.456502	7
688	16.125	6.31007	-0.169901	7
695	16.1763	6.57348	-0.112197	7
710	16.438	19.6007	-0.436719	7
713	16.3283	24.8551	-0.168707	7
723	15.3151	18.5491	-0.435125	7
724	15.3353	14.515	-0.400972	7
768	15.7972	7.26875	0.680682	7
770	15.6072	22.7413	-0.24142	7
774	17.1911	4.0174	0.661196	7
788	15.3648	21.8054	-0.0319153	7
792	15.2879	3.20328	-0.326147	7
793	16.3657	1.0462	0.204182	7
800	16.8609	13.8263	0.296676	7
806	15.6519	8.4119	0.618255	7
834	17.0629	14.1483	-0.0676782	7
854	16.777	8.84	1.06227	7
870	17.2433	20.0018	-0.172622	7
878	16.3191	8.64225	0.392232	7
879	16.7814	2.58589	-0.472208	7
882	17.3259	10.4455	-0.00785459	7
895	16.6938	23.8859	-0.393618	7
897	16.0409	15.5882	0.0330192	7
923	17.2793	8.54185	-0.0435432	7
932	16.8126	4.68852	0.504291	7
940	17.244	18.9758	0.105093	7
941	15.6432	5.30808	0.64108	7
943	15.5466	3.01313	-0.555278	7
944	16.2702	2.59189	-0.409859	7
962	16.6457	3.36488	-0.234548	7
970	15.1338	15.5785	-0.660152	7
1001	17.4292	5.06281	-0.0986095	7
1026	15.9995	8.49489	-0.279103	7
1030	16.7628	23.84	0.470327	7
1032	16.1125	8.04094	0.163906	7
1037	15.8913	3.55976	0.475263	7
1042	15.0595	2.62075	0.300366	7
1059	17.1891	22.6426	0.332766	7
1068	15.1138	23.6648	-0.86924	7
1069	15.5316	16.5809	0.497656	7
1071	17.3198	19.2905	0.0356598	7
1073	15.2282	10.7742	-0.242185	7
1078	16.0969	12.9025	0.499862	7
1087	16.356	3.42783	-0.0278963	7
1088	15.1575	13.6587	0.0386068	7
1092	16.6247	24.991	0.447741	7
1107	15.7273	23.148	-0.0307858	7
1114	16.8263	18.1717	0.476761	7
1119	15.9713	0.306136	0.353506	7
1125	16.7826	23.1347	-0.513025	7
1128	16.9898	24.3188	0.754178	7
1138	16.6466	14.3571	-0.565859	7
1140	16.1466	1.19154	0.165839	7
1163	17.1702	11.9725	0.571664	7
1164	16.9764	10.2577	0.960835	7
1170	16.6331	24.0844	-0.33042	7
1171	17.1922	22.6444	0.0595626	7
1174	15.1912	7.55892	-0.802829	7
1175	15.0809	6.32716	-0.36689	7
1182	15.6403	15.8986	0.497481	7
1184	15.386	12.2578	0.142785	7
1217	15.8128	3.68115	-0.63255	7
1243	16.2046	13.8098	-0.250277	7
1245	15.9128	10.7547	-0.0747201	7
1246	15.352	3.47557	0.509673	7
1247	15.3818	2.4272	-0.842055	7
1270	16.4912	24.3293	0.541031	7
1273	17.0534	12.6809	0.505599	7
1284	15.731	1.7912	0.463467	7
1290	17.3057	2.95632	-0.671188	7
1300	17.0757	18.8897	-0.728257	7
1321	17.4118	18.7335	-0.528829	7
1323	16.9273	12.8435	-0.304203	7
1363	17.2797	21.6453	0.277648	7
1365	15.8483	20.3343	-0.586694	7
1366	17.4048	8.34567	0.826035	7
1369	16.7344	16.3553	-0.281929	7
1372	15.5925	14.8072	0.767633	7
1378	16.1384	24.1044	0.0528855	7
1404	16.1898	7.29597	1.02253	7
1420	15.4569	19.2447	-0.616442	7
1421	15.5984	11.119	0.905396	7
1425	16.4338	13.8591	0.144714	7
1426	16.4223	17.8141	0.037807	7
1433	15.8178	1.13484	0.276166	7
1448	15.9258	0.0835296	0.548892	7
1453	15.6903	21.702	0.225456	7
1456	16.7867	13.0676	-0.2632	7
1460	17.224	5.03569	-0.0880436	7
1472	16.3801	22.2885	-0.256322	7
1474	17.279	8.13983	0.669989	7
1476	17.0069	9.80446	0.243827	7
1482	16.5616	6.52183	0.0772803	7
1487	16.9285	15.8401	-0.219237	7
1505	17.2044	0.569144	0.184376	7
1509	15.7591	23.6054	0.0589104	7
1525	17.2598	3.67731	0.223217	7
1554	15.0584	14.912	-0.0781183	7
1562	16.1448	6.09735	0.919056	7
1579	17.3417	22.0065	1.19685	7
1588	15.8583	23.2761	0.558349	7
1593	16.9677	18.1554	0.0160416	7
1601	16.5614	5.84123	-0.0240218	7
1620	17.2871	18.0984	0.267012	7
1627	17.3122	24.96	0.376915	7
1628	16.446	9.18294	0.180934	7
1629	15.2811	0.777132	0.487865	7
1639	15.4127	9.27777	0.603114	7
1640	15.6602	4.42643	-0.370109	7
1643	15.8668	0.125583	0.0483342	7
1666	16.9185	17.4488	-0.176993	7
1676	15.2887	16.2143	0.232353	7
1683	15.1656	17.4408	0.0177948	7
1699	16.5437	21.1079	-0.0392737	7
1717	17.1869	5.96813	1.23469	7
1718	16.8256	23.1673	0.0802698	7
1734	16.4827	10.1481	0.439425	7
1752	15.1723	20.9997	-0.611053	7
1762	15.9458	16.1462	-0.769208	7
1771	15.9364	18.8442	-0.69109	7
1782	17.4591	7.57753	-0.386939	7
1794	15.9585	12.2747	-0.476125	7
1797	15.1554	13.8216	0.0516892	7
1808	15.3213	4.11044	0.304396	7
1816	16.7273	23.456	-0.461439	7
1818	15.4882	19.1696	0.0479713	7
1821	15.0651	13.2618	0.120286	7
1822	15.323	0.912766	0.695757	7
1832	16.7963	3.64731	-0.440903	7
1834	16.9678	6.94952	0.444041	7
1855	16.8128	0.190598	-0.033457	7
1861	15.7701	4.67216	-0.282587	7
1867	15.4385	21.4332	-0.450806	7
1892	17.0296	21.9927	0.555293	7
1898	15.0524	0.88278	-0.39515	7
1901	15.7788	10.0039	-0.125052	7
1911	15.7907	11.6475	0.578342	7
1914	16.8653	11.5501	-0.606967	7
1921	17.275	2.70246	0.544451	7
1935	16.0363	7.50199	0.18229	7
1957	15.3877	24.8878	-0.0045593	7
1968	15.903	14.0558	0.106893	7
1974	16.0748	23.3889	0.099013	7
1979	16.031	7.12665	0.335902	7
1980	15.4712	6.07271	0.393247	7
1993	16.0556	0.990852	0.695774	7
2004	16.8978	14.4364	-0.255186	7
2005	15.3974	20.3356	-0.659804	7
2006	15.6384	20.0645	0.136449	7
2024	15.9982	13.1549	-0.833141	7
2030	16.6317	3.28102	-0.257541	7
2038	15.8985	16.7799	0.260523	7
2042	15.2743	8.25566	-0.19238	7
2047	15.7676	23.8182	0.229667	7
2054	15.0765	0.861236	0.71985	7
2057	16.9204	8.8066	0.496778	7
2067	15.979	6.87939	0.514557	7
2085	15.2632	24.3312	0.0479534	7
2092	15.5574	11.2803	-0.527302	7
2104	15.0098	0.78336	0.455176	7
2105	15.352	9.16368	0.132817	7
2116	17.3281	20.3467	-0.345151	7
2121	16.2569	2.79504	0.601295	7
2131	16.316	2.29202	-0.33748	7
2135	15.5915	11.2314	0.306858	7
2138	15.2485	15.837	-0.138546	7
2140	15.2319	6.57796	0.469685	7
2145	15.0218	11.5732	-0.184552	7
2150	15.7955	0.64281	-0.0481211	7
2152	16.1008	18.0514	-0.198234	7
2153	15.1687	19.4238	-0.764278	7
2155	17.2632	22.8309	0.201168	7
2157	16.4393	7.0472	-0.442348	7
2169	15.6919	16.5665	0.0620828	7
2173	16.9477	16.1726	-0.369419	7
2206	16.1155	20.651	-0.439775	7
2209	15.6777	10.7075	0.36729	7
2217	16.3668	20.2799	0.279826	7
2219	16.2899	8.26383	0.221958	7
2222	15.2763	14.6459	-0.668538	7
2257	15.1018	16.5571	0.0248428	7
2269	16.4007	1.83795	0.189322	7
2271	16.5311	5.42666	-0.115987	7
2272	16.906	7.22742	0.962371	7
2274	15.6283	9.84823	-0.34508	7
2283	15.5541	14.3252	0.111106	7
2314	16.5509	14.5167	-1.02556	7
2318	16.2838	11.2004	-0.644529	7
2327	15.3871	15.2457	0.618312	7
2343	15.5554	14.4889	-0.260527	7
2357	16.407	9.43993	0.0485226	7
2358	16.1287	10.2077	0.710948	7
2383	16.618	10.3946	0.212468	7
2391	17.418	15.8	0.361746	7
2399	16.1795	18.4423	0.135229	7
2412	15.7628	19.662	-0.178867	7
2414	15.6945	21.1236	0.0358477	7
2419	16.1588	1.82516	0.574001	7
2423	16.717	18.0264	0.171892	7
2425	16.4986	2.31382	-0.245219	7
2436	16.016	15.6328	-0.267948	7
2462	16.9773	12.7261	-0.177233	7
2481	16.168	8.8356	0.202307	7
2483	17.2189	3.71167	0.12528	7
2525	15.0315	16.4032	-0.45279	7
2526	16.6141	24.1585	0.0534776	7
2534	17.2394	0.965599	0.29395	7
2557	17.1323	1.43971	0.14181	7
2564	17.0559	6.18324	0.366001	7
2573	16.6405	0.69401	0.629866	7
2581	16.0347	10.1448	0.107168	7
2587	16.1067	19.4621	0.17333	7
2623	17.1363	24.5052	-0.294165	7
2625	16.5029	3.78931	-1.1047	7
2638	17.4812	0.726874	-0.442734	7
2639	15.9573	6.55733	-0.717529	7
2653	16.9724	18.0916	-0.0749248	7
2654	16.8726	11.1386	-0.205378	7
2656	15.4998	21.4086	-0.474459	7
2664	17.4271	0.225103	0.53102	7
2673	15.9799	11.125	-0.019546	7
2721	15.2303	9.28988	-0.48004	7
2737	15.8204	6.78059	0.934727	7
2750	16.0769	7.26171	0.291889	7
2754	15.3248	6.333	-0.197468	7
2758	15.4786	6.10041	0.411503	7
2762	17.3625	9.80125	0.145491	7
2780	15.6069	8.45087	0.259243	7
2781	17.4324	9.63499	0.231686	7
2815	17.1798	15.5044	0.537178	7
2820	15.8069	23.8041	0.0858658	7
2823	17.3364	20.4678	0.792917	7
2835	16.3721	7.11589	0.148047	7
2841	16.2068	3.20417	0.0486287	7
2842	17.1443	16.6585	0.323356	7
2843	15.0513	15.6085	-0.415377	7
2847	16.9745	6.70404	0.32473	7
2850	16.1198	23.4218	-0.0158093	7
2858	16.2928	21.2519	-0.599443	7
2875	15.6039	4.1317	0.0190408	7
2877	16.6546	18.4493	-0.354175	7
2885	16.5496	5.02487	0.040935	7
2901	15.5773	20.5626	-0.350996	7
2908	16.917	10.8787	-0.709239	7
2932	16.034	17.2731	-0.455802	7
2934	15.6075	7.93139	0.0557105	7
2961	17.1842	12.4909	-0.121701	7
2973	17.0553	5.19317	0.123612	7
2978	15.404	24.5799	0.338176	7
2988	17.2483	18.2643	-0.541455	7
2992	17.0857	2.17399	0.189589	7
2999	16.8881	22.601	-0.0224126	7
3012	16.1747	24.4209	-0.232904	7
3015	16.5312	13.9197	-0.22527	7
3032	17.4717	9.88757	0.0945476	7
3048	15.0799	8.02602	0.158243	7
3071	16.8263	23.7478	0.675576	7
3077	16.1455	7.10201	0.979616	7
3081	16.9439	9.89456	-0.550653	7
3089	15.2618	20.4396	0.506863	7
3092	15.3802	23.3469	0.00357793	7
3107	17.3124	10.1856	0.0940813	7
3129	16.6221	22.904	-0.122732	7
3139	16.8651	15.9387	-0.627674	7
3152	15.2129	11.6852	0.109807	7
3161	17.4063	12.3285	-0.0884937	7
3163	16.9625	22.0014	0.753728	7
3185	16.0382	15.4232	0.109249	7
3186	16.3773	14.6565	0.107038	7
3190	16.3662	10.3031	-0.113641	7
3195	17.2087	10.9773	-0.124955	7
3198	15.1651	20.5689	-0.521749	7
3208	15.8876	4.87412	-0.179767	7
3209	15.2512	5.00473	-1.14867	7
3210	15.7439	3.21791	0.462779	7
3218	17.3929	2.82805	-0.395161	7
3228	16.6881	15.4438	-0.466258	7
3231	16.7004	15.8353	-0.1289	7
3233	16.4975	13.2086	0.0149124	7
3238	17.4829	16.4279	0.0473134	7
3250	15.3443	7.53299	-0.123208	7
3256	15.4533	2.44309	0.285005	7
3271	16.8371	1.87875	-0.323344	7
3272	15.5738	15.5478	-0.360548	7
3276	15.2845	16.1325	-0.508477	7
3279	15.1521	18.0335	-0.567161	7
3316	16.8447	2.50817	0.225558	7
3331	17.0989	6.05449	-0.149673	7
3342	15.331	16.2729	-0.197595	7
3363	16.2518	5.73615	0.860568	7
3375	16.517	15.4845	0.285922	7
3381	15.4636	18.0684	-0.477444	7
3383	15.1831	23.3102	0.104726	7
3385	15.2206	16.3898	0.540776	7
3398	16.1209	12.8631	-0.338463	7
3405	16.5288	11.8107	-0.389696	7
3411	16.1613	8.65923	0.707949	7
3419	16.3525	19.4502	0.509543	7
3470	16.3431	6.17591	0.262802	7
3493	16.2389	4.88348	0.133826	7
3520	16.1524	24.8704	-0.264747	7
3528	15.6574	18.8699	0.0659902	7
3529	15.5219	19.2426	0.1861	7
3538	16.9684	9.11598	0.30848	7
3540	16.9579	14.8486	-0.236967	7
3544	16.2566	24.7284	0.325756	7
3549	16.1193	10.5714	-0.0213954	7
3552	15.9655	3.20784	0.238967	7
3562	15.977	23.633	-0.129365	7
3568	15.0971	24.0957	0.0856105	7
3583	16.5012	23.9346	0.0986293	7
3586	15.1329	11.3577	0.333666	7
3601	16.0746	18.7461	-0.669523	7
3605	17.4468	8.22048	0.748021	7
3608	17.4013	17.7198	-0.328083	7
3620	15.2849	8.35961	0.219684	7
3642	16.5299	23.1205	-0.116349	7
3666	16.5657	4.67213	-0.219021	7
3688	16.1463	9.17086	0.121581	7
3690	15.5875	17.3094	-0.451103	7
3700	15.6355	21.6078	-0.704888	7
3723	17.3442	11.2522	-0.221237	7
3750	16.3999	22.8655	-0.192196	7
3764	16.5687	0.731165	-0.154952	7
3769	16.3706	6.18554	-0.201426	7
3770	16.1511	6.25104	-0.0679177	7
3785	15.4043	23.3451	-0.494931	7
3796	15.4697	7.83976	0.436681	7
3799	15.6664	14.7767	-0.06859	7
3801	16.1162	8.43701	-0.125147	7
3817	16.5312	24.1124	-0.00580889	7
3825	16.6848	3.2174	-0.923775	7
3842	17.2985	21.2811	-0.908831	7
3844	16.8886	24.0915	0.30884	7
3872	16.1381	6.83398	0.785831	7
3886	17.0561	20.3397	0.257086	7
3897	17.1008	0.0606539	1.15931	7
3947	17.1567	8.65729	0.994622	7
3952	16.065	17.5135	0.408383	7
3987	15.9468	12.4338	-0.876572	7
3994	17.1169	12.599	0.0761601	7
4006	15.6989	16.9298	-0.06744	7
4013	15.288	11.787	0.620322	7
4023	15.5564	7.98298	0.0766297	7
4043	16.7261	19.8803	-0.491621	7
4053	17.0258	3.54328	0.188806	7
4056	15.1137	13.4192	-0.334138	7
4059	15.876	19.4695	-0.793698	7
4069	17.4632	14.1023	0.550474	7
4071	17.4435	13.8268	-0.33565	7
4081	16.5171	11.44	0.260553	7
4083	16.4819	24.0592	0.205647	7
4084	15.1613	12.9419	-0.13146	7
4087	16.0112	0.881961	-0.152685	7
2	19.2377	21.504	0.824276	8
4	17.7103	18.3011	0.48701	8
13	17.7688	0.0558362	0.430617	8
21	17.866	5.99499	0.294748	8
32	19.1485	16.3676	-0.0931207	8
46	19.5614	16.1057	0.0169368	8
56	18.4657	21.5799	0.00299165	8
82	19.8481	15.4286	0.404005	8
95	17.9055	5.80926	0.393703	8
104	19.5504	12.1179	-0.264827	8
110	18.3236	23.3419	0.181052	8
114	18.3879	23.3015	0.949263	8
126	18.3771	23.5984	0.276132	8
131	18.7587	12.2392	0.208286	8
138	19.3678	17.4077	-0.0279776	8
155	19.2246	3.58326	0.0697969	8
159	18.0319	16.6335	0.454859	8
171	18.6559	6.79595	-0.0775192	8
175	18.5417	10.5889	-0.358413	8
176	18.2814	6.49198	0.587104	8
180	18.6818	2.76321	-0.558756	8
190	18.2178	21.2167	0.291733	8
198	18.7493	13.223	0.495227	8
211	17.5065	19.0207	-0.217497	8
219	17.9772	13.8994	0.190474	8
231	18.5678	3.48835	0.0508417	8
250	17.5584	10.7931	0.664219	8
259	17.7774	4.84098	-0.385715	8
268	19.5807	7.92328	-0.508569	8
273	19.8664	24.0255	0.174201	8
276	19.1798	3.20707	0.439111	8
282	18.1842	0.113783	-0.479398	8
293	18.9157	3.74242	0.0679354	8
297	19.8296	24.1631	-0.774344	8
330	18.7579	6.24602	-0.75977	8
341	18.0431	0.882431	-0.14814	8
354	19.1176	16.0213	0.272352	8
362	19.3545	23.9328	0.266618	8
365	18.2651	16.0719	0.310079	8
370	17.6162	12.3685	0.42426	8
394	18.4718	22.9574	0.296167	8
400	18.3523	23.4274	-0.0865463	8
403	19.1494	11.1689	-0.157572	8
415	18.8652	9.31498	0.269297	8
418	18.4484	21.7436	-0.279855	8
442	19.6943	14.0501	-0.945411	8
449	18.7583	6.12524	0.397606	8
451	17.9702	19.3909	0.451669	8
452	19.2599	20.096	-0.0907323	8
465	17.5612	24.5202	0.108466	8
484	17.8846	15.3934	-0.626702	8
490	19.5253	5.68988	-0.188053	8
496	17.6218	21.5912	-0.00700523	8
497	18.1913	21.3556	0.342102	8
505	19.8998	9.72554	0.315061	8
509	19.4902	13.7458	-0.81935	8
513	18.6365	0.0478647	-0.213113	8
524	17.6583	10.5063	0.448914	8
541	18.4572	20.7309	0.190543	8
544	17.5615	3.8199	-0.148296	8
547	19.1123	1.45747	0.956568	8
550	17.5762	13.6929	-0.620889	8
559	18.1177	1.09429	-0.0381955	8
574	19.2175	10.7607	0.517433	8
579	19.7621	0.930796	-0.641402	8
586	18.6968	0.530686	-0.231453	8
596	18.1336	20.0637	0.441652	8
601	18.6785	13.6585	-0.00644558	8
603	19.578	2.77382	0.438917	8
608	19.1741	20.4736	-0.0992743	8
627	17.926	9.00463	-0.230433	8
632	19.5319	17.1321	0.0260339	8
648	18.4969	6.00271	-0.481467	8
650	19.547	9.84309	0.255208	8
671	17.6548	6.80934	1.11085	8
678	19.2313	17.9366	-0.112148	8
696	18.7027	9.23292	0.379449	8
698	18.4186	19.2104	0.0955693	8
707	19.2757	22.7947	-0.0704798	8
711	19.2332	13.2277	0.590281	8
716	17.5882	5.7698	0.192058	8
734	17.8682	24.8416	-0.00475936	8
748	17.8677	22.4223	0.183243	8
749	18.72	17.1369	-0.446545	8
778	18.5376	8.91704	0.400633	8
779	18.0421	11.1559	0.282139	8
780	19.3485	12.3605	1.00471	8
784	19.3828	11.8376	-0.121006	8
813	17.5203	1.70749	0.211271	8
830	18.144	20.4866	0.57632	8
848	18.9291	5.11347	-0.149703	8
851	19.9832	15.35	-0.460888	8
861	18.303	22.572	0.322806	8
863	19.6502	21.0012	-0.656777	8
900	19.3592	2.66956	-0.253506	8
901	19.1466	1.59411	-0.0240852	8
905	17.8363	14.7263	0.142871	8
914	17.9289	3.91908	0.246692	8
916	19.5509	3.9822	-0.151756	8
928	17.7172	22.1701	0.520526	8
929	17.9729	17.0907	0.0721211	8
945	19.0569	22.1529	0.334119	8
952	18.1753	15.6185	-0.471815	8
965	19.5552	21.879	-0.226054	8
976	18.4432	7.9894	0.637082	8
992	19.7221	5.18664	0.0235392	8
999	17.8189	1.49587	0.0752746	8
1009	18.957	7.37225	0.862407	8
1012	18.7528	23.596	-0.384268	8
1018	19.952	4.41983	-0.185848	8
1023	19.819	9.3064	0.117641	8
1025	18.0615	15.2993	0.338593	8
1035	18.8669	3.42467	0.283618	8
1048	18.7507	20.3704	-0.100674	8
1056	19.4828	0.423284	0.357604	8
1081	18.3933	3.09541	-0.117509	8
1084	19.2977	6.18127	0.219546	8
1093	19.7983	22.8954	-0.567258	8
1112	19.4334	22.2233	0.182827	8
1113	19.808	8.57312	0.546907	8
1134	17.7243	9.34173	0.463256	8
1143	18.8854	11.0371	-0.300255	8
1144	17.756	2.66108	0.0311908	8
1153	17.7715	15.7423	-0.246163	8
1158	17.9471	4.67238	-0.150009	8
1162	19.179	6.1256	0.0704836	8
1178	19.5476	9.42909	0.536415	8
1208	17.7779	14.5137	-0.109288	8
1220	17.654	17.76	-0.86808	8
1262	18.4228	9.80024	0.543428	8
1266	17.5951	7.08312	0.588786	8
1269	17.8434	1.45516	-0.184207	8
1275	19.6483	1.68785	0.0161116	8
1286	19.5089	24.9615	-0.242784	8
1289	19.8949	5.77471	-0.707828	8
1292	17.9555	12.8871	0.10105	8
1298	19.3896	4.47878	-0.0328594	8
1310	17.9517	11.1274	0.462268	8
1320	19.2355	19.882	0.346119	8
1331	19.0398	19.1236	0.288032	8
1337	18.3516	6.83544	0.563646	8
1364	19.3799	8.86457	0.950045	8
1373	19.1607	10.4986	-0.176265	8
1388	19.9143	13.4997	1.22805	8
1395	17.5788	24.4841	0.418105	8
1396	18.4996	1.90621	-0.304114	8
1397	19.2465	21.2329	-0.650561	8
1398	19.8219	10.1868	-0.449474	8
1414	18.8728	21.1588	-0.793211	8
1436	18.685	3.66423	-0.245156	8
1459	18.7899	3.8499	-0.28554	8
1469	17.6793	3.57826	0.0747682	8
1484	18.6674	5.27703	-0.813264	8
1485	18.1315	4.6607	-0.124635	8
1489	19.606	11.5797	0.232971	8
1497	19.7972	10.0552	-0.218449	8
1499	18.6236	15.0708	-0.53145	8
1501	19.8766	2.65754	0.327251	8
1508	18.1909	10.9904	0.743931	8
1521	19.2535	2.46435	-0.407253	8
1528	17.6078	13.5592	0.353036	8
1542	19.9031	24.6678	-0.608159	8
1546	19.461	4.99336	-0.123125	8
1565	18.6833	17.1737	-0.313234	8
1567	19.9122	17.6786	-0.586451	8
1569	17.7743	9.14944	-0.437717	8
1591	17.8274	10.5046	0.259933	8
1592	17.8841	6.73882	0.464313	8
1635	18.9435	21.582	-0.419223	8
1641	18.222	15.0464	-0.134857	8
1644	18.8039	9.6516	-0.31215	8
1668	19.74	24.6073	0.0725603	8
1693	19.7387	21.196	0.0616679	8
1703	19.5807	13.1395	0.30559	8
1710	18.0141	12.8264	-0.325281	8
1724	19.2218	7.90137	0.579534	8
1730	19.0368	20.7992	0.0885667	8
1738	19.1945	23.1521	0.00717536	8
1763	19.7485	1.19036	0.199012	8
1772	18.2764	3.66262	0.0811076	8
1780	19.7859	12.1223	-0.457475	8
1781	19.2351	16.7682	0.06258	8
1785	19.9182	21.8504	-0.686093	8
1802	18.8279	19.6536	0.243004	8
1820	19.2647	13.9617	0.318178	8
1839	18.6757	14.258	0.49542	8
1869	17.9646	2.23814	0.00282112	8
1883	18.7619	20.645	0.510966	8
1910	19.288	4.95359	-0.156219	8
1920	19.0574	24.6506	0.308195	8
1926	18.7865	24.228	-0.12633	8
1952	18.1035	18.4017	0.0719049	8
1953	17.9157	12.8518	0.0224156	8
1975	19.4129	3.39984	-0.14908	8
1999	18.7784	22.2058	0.178547	8
2001	19.6078	12.2414	0.380693	8
2002	19.4891	11.5869	-0.0404765	8
2015	19.072	17.2394	-0.112251	8
2020	18.8771	9.70196	0.259654	8
2021	19.0211	13.237	0.224384	8
2036	18.0478	10.1243	-0.593453	8
2048	18.3436	16.2341	-0.165746	8
2053	17.8233	11.0801	0.267063	8
2072	19.6073	15.0328	-0.0118781	8
2075	17.7471	6.01137	0.586768	8
2087	18.8422	17.9703	0.0296409	8
2106	18.466	23.8961	0.319905	8
2110	19.1017	9.02365	-0.301196	8
2115	19.4132	4.46264	-0.68592	8
2117	19.8495	7.01951	-0.614319	8
2119	18.6127	8.94225	0.216801	8
2127	18.3705	7.2196	0.43663	8
2130	18.8055	19.4467	0.378327	8
2147	17.7636	1.68256	0.00906453	8
2154	18.2528	22.811	-0.118964	8
2190	19.5707	9.17821	0.241814	8
2194	18.2035	14.9157	0.133135	8
2195	18.2948	14.4612	-0.693892	8
2199	19.2947	14.5869	-0.480023	8
2200	19.4505	14.8593	-0.141414	8
2207	17.5519	13.1153	-0.00573256	8
2212	19.0029	8.60465	0.0360748	8
2215	19.3796	16.5307	-0.294262	8
2230	19.9231	9.44375	0.0168677	8
2232	19.6868	12.4181	0.739401	8
2235	19.9058	24.4367	1.08792	8
2243	18.5634	23.843	0.507044	8
2250	18.4093	4.72389	-0.0577881	8
2254	18.1859	11.6422	-0.326157	8
2261	18.5108	24.6033	-0.158847	8
2270	19.4318	24.181	0.292875	8
2326	17.6001	15.6796	0.32889	8
2330	18.6372	11.8694	0.170164	8
2332	19.3224	8.438	0.308	8
2340	17.8692	8.56216	0.0471946	8
2342	18.4748	24.3898	0.40746	8
2350	19.8459	18.1542	-0.0125606	8
2362	18.5999	20.0015	-0.941227	8
2366	17.5496	17.9872	0.00733552	8
2367	18.3964	22.2466	-0.460173	8
2377	18.7368	23.2428	0.574414	8
2378	19.0792	23.3911	-0.17456	8
2379	18.0483	23.6767	0.163222	8
2380	19.5632	1.27508	0.925658	8
2393	18.9203	4.57406	-0.896224	8
2403	19.3383	23.4711	-0.277177	8
2404	18.5115	7.42615	0.397546	8
2427	18.3042	10.9559	0.0555869	8
2441	19.2589	15.3435	0.00348524	8
2443	18.9889	8.37964	0.130412	8
2444	19.5097	8.57941	-0.178517	8
2452	19.668	19.8335	0.0245013	8
2454	18.1075	4.70284	-0.148485	8
2458	19.7938	11.6611	0.18099	8
2484	19.0929	4.88742	-0.0576818	8
2489	18.3555	7.36195	0.718813	8
2495	17.8966	5.55408	0.788974	8
2507	17.5145	18.7542	-0.140793	8
2510	17.6968	2.15401	0.484649	8
2519	19.9208	2.52127	-0.112384	8
2520	17.6019	17.9495	-0.347328	8
2530	18.5769	23.7379	0.762935	8
2544	17.9279	8.50542	-0.179028	8
2546	19.576	16.3516	0.178291	8
2552	18.139	6.47897	0.728096	8
2558	19.5448	2.53203	0.0885271	8
2568	18.0874	14.5965	0.326362	8
2571	18.8583	4.63132	-0.638258	8
2589	19.2	13.8882	-0.815425	8
2592	17.7069	13.1644	0.170544	8
2597	18.7101	20.8312	-0.172466	8
2600	19.7523	4.04111	-0.896468	8
2643	18.8137	6.24627	0.0407433	8
2647	18.6519	9.11635	0.0128702	8
2648	17.9735	16.3354	-0.27271	8
2649	18.9961	17.4357	-0.597688	8
2652	17.5857	12.8667	0.32288	8
2668	19.2604	2.14283	0.16826	8
2675	18.2232	22.4938	-0.133315	8
2696	19.4749	5.64915	0.539332	8
2699	18.6654	21.078	0.297058	8
2709	19.4343	6.76529	0.281425	8
2733	18.4486	4.32538	-0.276849	8
2755	17.843	11.2622	0.0416866	8
2764	19.171	13.7207	0.459483	8
2775	19.7254	16.4502	-0.350805	8
2777	18.9941	12.0589	0.695542	8
2782	17.8169	9.98515	0.0153278	8
2796	19.5606	14.1935	-0.163073	8
2816	18.2796	6.55411	-0.170708	8
2822	19.627	7.3777	0.283731	8
2825	19.6131	4.09427	-0.109413	8
2844	18.2294	10.0909	0.735473	8
2851	19.427	8.80948	0.305121	8
2872	18.2525	6.52849	-0.561083	8
2873	19.3777	18.5104	0.279252	8
2876	19.8393	13.4631	-0.115103	8
2882	18.5855	17.6107	-0.393125	8
2887	19.5499	9.87945	0.302952	8
2888	19.5936	9.79059	-0.0300467	8
2898	18.0396	9.7523	0.102738	8
2907	19.7001	6.77159	-0.169147	8
2913	17.9282	3.53487	-0.0570115	8
2928	19.6138	7.84199	-0.274867	8
2939	19.5748	1.15157	0.219659	8
2942	18.2736	18.1383	-0.908664	8
2946	17.8282	6.37745	0.346888	8
2956	19.9112	0.236892	-0.665754	8
2959	17.9324	17.6626	-0.242805	8
2964	19.0477	3.79032	0.0982536	8
2971	19.2709	15.1096	0.266322	8
2981	19.6939	10.5143	0.517521	8
2982	19.6699	11.135	0.0527329	8
2983	19.95	1.29182	-0.553582	8
2993	17.927	23.0217	0.2073	8
2997	19.8333	7.2281	-0.118359	8
3003	19.132	7.91077	0.838561	8
3029	19.5747	22.7951	-0.512297	8
3033	18.841	22.4317	0.0616053	8
3038	19.3843	16.6753	-0.431421	8
3054	19.9665	20.6254	0.688361	8
3056	17.7653	7.27541	0.225311	8
3072	18.6742	18.3339	0.363123	8
3073	18.5167	22.4823	0.213243	8
3083	19.5444	24.1472	-0.196234	8
3090	18.3895	19.8389	-0.175517	8
3091	18.1225	15.317	-0.320513	8
3094	18.8273	15.444	-0.00492635	8
3108	17.5512	13.9948	-0.231212	8
3113	18.1714	7.94759	0.0280772	8
3122	17.9483	2.05315	-0.237557	8
3127	18.1581	22.1477	0.48892	8
3145	18.9214	22.9783	-0.416907	8
3158	19.6848	1.98008	0.269728	8
3170	19.9272	12.3332	-0.242489	8
3176	18.005	17.2372	-0.422426	8
3182	19.4803	10.9691	-0.414878	8
3183	19.4174	11.3713	-0.322762	8
3199	18.1538	11.9786	-0.0735109	8
3237	17.5181	11.7161	-0.0160524	8
3241	19.8166	19.7056	-0.0822799	8
3243	18.2853	6.3565	-0.849767	8
3259	19.3883	24.3201	0.763426	8
3286	17.7029	14.2824	-0.377832	8
3299	19.5937	24.3494	-0.100829	8
3300	19.1854	16.1736	-0.0502291	8
3302	18.6491	16.9728	0.606689	8
3317	19.6177	2.32904	-0.680316	8
3339	18.685	8.834	-0.0833709	8
3359	18.4489	9.18889	-0.50376	8
3368	19.8217	0.281822	0.0416413	8
3369	19.3489	0.671566	0.248616	8
3386	18.4359	6.52722	0.831329	8
3399	17.6369	15.2817	-0.967096	8
3400	18.9102	21.9757	0.218537	8
3403	19.4391	10.8076	0.483758	8
3407	19.6671	9.6273	-0.0479403	8
3448	19.7569	14.5868	0.197947	8
3449	19.7783	14.3503	-0.264118	8
3453	17.5628	15.4032	-0.659055	8
3465	19.8072	4.6063	0.323448	8
3467	19.5836	14.0338	0.0197433	8
3469	17.8046	19.7041	0.238144	8
3475	19.9768	24.4341	-0.556632	8
3485	18.6356	7.75836	1.08421	8
3488	19.2192	23.777	0.458273	8
3489	19.0611	23.1883	0.220309	8
3490	18.8016	15.2315	-0.435585	8
3494	17.6114	22.5831	0.878576	8
3498	19.2603	3.86039	0.193164	8
3499	19.4815	4.12112	0.243526	8
3506	17.6596	11.697	0.0146863	8
3525	19.0876	24.1521	0.788989	8
3546	18.9977	20.0737	0.618737	8
3555	18.107	6.24372	1.21411	8
3579	18.8743	0.00491638	-0.751057	8
3617	17.7143	13.869	-0.0793904	8
3624	19.6378	0.0987849	0.020326	8
3630	18.8736	3.39931	0.770732	8
3641	18.0895	18.5665	0.188156	8
3652	18.7507	3.8146	-0.357456	8
3653	18.0808	16.6395	-0.146537	8
3657	18.0245	18.7563	0.0242709	8
3663	19.8432	14.1656	0.266657	8
3665	17.9131	2.90231	0.462656	8
3672	19.4821	9.36218	0.28144	8
3684	19.9947	7.81278	-0.596796	8
3689	18.0388	22.3642	0.832919	8
3697	19.9726	18.3699	-0.528663	8
3708	19.8174	24.6412	0.032747	8
3714	19.3527	11.3822	0.690422	8
3715	19.1886	8.30239	-0.0803586	8
3722	18.1281	11.2217	-0.533446	8
3724	17.7243	15.5238	0.293916	8
3725	18.4962	19.6885	0.442997	8
3726	19.6753	12.7829	1.09516	8
3727	19.3102	17.4743	-0.351555	8
3739	19.2224	16.272	0.235243	8
3760	18.3798	1.93608	-0.0926461	8
3772	18.9239	9.2707	0.0342471	8
3774	18.8905	0.802541	-0.0258257	8
3779	17.9849	0.887903	-0.17226	8
3795	19.8302	2.97839	-0.0279717	8
3821	17.698	11.057	-0.0963169	8
3823	19.8598	16.1288	-0.462393	8
3837	18.1182	11.6446	0.0273845	8
3840	18.2315	6.29423	0.01335	8
3841	17.6445	21.6217	-0.0957599	8
3843	17.5256	11.3208	0.864702	8
3845	18.063	4.25912	0.746552	8
3847	18.0782	16.3004	-0.192707	8
3860	17.697	9.73957	0.768606	8
3871	19.7924	21.5572	-0.0999653	8
3875	19.9469	2.72992	-0.0439269	8
3879	19.2083	4.00148	0.443862	8
3904	19.9817	24.5418	-0.0239707	8
3912	18.1468	23.185	-0.129239	8
3915	19.442	1.3953	0.499773	8
3937	19.6094	7.81988	-0.117012	8
3956	18.3952	9.46153	-0.131529	8
3971	17.5211	19.8138	-0.0732362	8
3975	17.6084	24.3755	0.0601697	8
3990	18.5253	22.9796	-0.0961458	8
4001	18.086	19.8905	-0.0739872	8
4007	19.066	2.50753	0.112876	8
4009	18.6233	10.0703	0.174866	8
4049	18.3082	21.5332	-0.474658	8
4076	18.5131	18.2861	-0.822529	8
4093	19.4291	7.93926	-0.273803	8
4094	19.3311	10.7176	0.479186	8
3	20.9282	14.1905	-0.635204	9
29	20.2257	16.8181	-0.123074	9
37	21.6823	15.7041	0.55246	9
41	22.2967	0.545711	-0.146423	9
67	21.0874	9.93189	0.170298	9
101	20.2137	20.3951	-0.518761	9
113	20.2868	14.2389	0.342284	9
116	20.5769	18.8407	0.25226	9
130	22.1224	5.94135	0.623843	9
134	20.7826	0.732893	0.299934	9
143	20.9264	1.44844	-0.487784	9
168	20.6804	20.4508	-0.0218205	9
170	20.7305	0.132825	0.512059	9
178	21.7981	20.8584	0.166422	9
186	20.4933	17.3278	0.0622363	9
189	20.0565	11.2998	0.68372	9
192	21.2443	0.174046	-0.107101	9
193	21.4089	21.0242	-0.347584	9
224	21.0912	20.9415	-0.35885	9
241	20.6375	9.54294	0.507557	9
254	20.5301	8.01029	-0.274744	9
260	20.5755	14.0962	-0.472566	9
275	22.0376	14.7115	-0.85047	9
277	22.3138	19.3253	0.0538473	9
285	20.6143	0.885077	1.02895	9
299	20.0283	0.173471	0.197005	9
300	22.1848	9.55058	-0.104668	9
301	21.5209	3.42481	0.153497	9
303	22.0915	0.634391	0.640799	9
331	21.4851	17.4444	-0.249419	9
338	22.3409	23.5136	0.151512	9
340	22.0247	22.0451	-0.682571	9
360	20.5638	18.0669	-0.106698	9
364	21.8445	22.6592	-0.116083	9
388	21.8859	6.93701	0.253448	9
421	22.0926	8.4668	-0.399814	9
439	21.7519	17.1721	-0.225685	9
453	20.0761	6.71723	-0.0605319	9
458	20.9961	4.12835	-0.293842	9
469	22.1303	3.65829	-0.197698	9
472	21.889	21.8454	0.418975	9
477	21.5464	0.55505	-0.493791	9
478	21.6009	4.67846	0.38679	9
489	20.9222	14.8577	-0.00818807	9
514	22.4108	2.58236	-0.683908	9
532	21.2621	24.331	-0.118523	9
551	21.4721	13.0598	-0.0172005	9
553	20.4076	18.335	-0.257805	9
560	21.5476	8.60442	0.0181963	9
571	21.4716	0.51918	0.571288	9
589	22.108	2.69032	0.368929	9
598	20.5238	3.94397	0.799499	9
644	20.7496	10.2837	-0.42731	9
646	20.8616	17.2531	-0.153207	9
663	21.2186	7.25581	-0.0609837	9
700	20.2301	22.1552	0.102827	9
703	21.1707	18.2938	-0.0762673	9
736	20.1188	6.49099	-0.249673	9
754	20.2487	6.59476	-1.35935	9
766	22.4886	12.5251	0.906582	9
775	21.5316	21.1413	-0.484229	9
781	20.5417	0.884673	0.0327804	9
782	20.2259	0.665428	-0.249061	9
783	21.0154	15.7737	-0.466638	9
808	21.8391	4.89083	0.671079	9
814	21.5968	15.5315	-0.244523	9
843	21.8971	18.2106	0.263911	9
859	20.5816	18.856	-0.0278842	9
869	20.6946	13.0417	-0.288178	9
951	22.2427	22.6876	-0.0510243	9
957	21.0883	12.5779	0.308285	9
1000	22.2092	3.02362	1.29573	9
1005	21.8055	19.147	0.235016	9
1020	21.2356	24.3872	-0.103063	9
1021	21.1249	17.5587	0.0501637	9
1022	21.8413	5.79957	-0.389883	9
1029	21.0844	3.21642	0.00240448	9
1040	22.4614	9.31221	0.303039	9
1051	21.5104	20.1196	-0.347555	9
1061	21.9854	24.3942	-0.122478	9
1066	22.0455	12.1775	-0.230681	9
1067	20.895	11.0372	0.563828	9
1082	20.115	0.372383	-0.481625	9
1090	20.4101	11.626	0.455805	9
1091	20.0384	2.18324	-0.254591	9
1106	22.3913	2.56326	0.866832	9
1108	21.1472	5.49285	0.0597895	9
1110	21.0079	16.2817	-0.590898	9
1126	20.0001	20.7061	-0.212169	9
1141	21.1434	14.4822	-0.490652	9
1149	20.619	22.2933	0.00322369	9
1156	20.372	23.3401	0.441082	9
1177	21.6613	9.30297	-0.876828	9
1187	20.688	21.6378	0.0275858	9
1189	21.5594	0.815572	-0.157727	9
1194	20.3047	11.0889	0.424145	9
1198	20.8411	13.7023	-0.309626	9
1210	22.486	5.85218	0.145451	9
1213	20.6392	10.2356	0.394148	9
1282	21.6256	19.1162	0.866327	9
1293	20.4166	6.21819	-0.472632	9
1302	21.6629	7.26425	0.575149	9
1316	21.6743	8.06246	-0.405197	9
1325	20.4465	20.9125	0.0113219	9
1335	20.0082	20.3385	-0.316389	9
1359	22.1768	0.0764646	0.0636769	9
1376	20.1102	11.8538	0.830036	9
1385	20.7547	6.37009	-0.560393	9
1399	22.1377	3.44477	0.0549406	9
1402	22.1233	14.3733	0.593754	9
1408	21.208	5.04849	0.792915	9
1422	21.6298	2.13967	-0.0395006	9
1424	21.8441	13.4082	0.0265284	9
1430	21.8125	11.6969	-0.138435	9
1434	21.3512	10.4045	-0.0531874	9
1440	20.9994	2.7572	0.0392486	9
1458	20.4329	19.4625	-0.501285	9
1465	20.2522	4.26942	-0.0633265	9
1486	20.2997	19.1892	0.32171	9
1519	21.152	6.87138	-0.0988215	9
1523	20.0939	9.35779	0.00763281	9
1532	20.0836	7.43348	-0.654633	9
1536	20.6956	17.3096	-0.00308336	9
1559	21.9763	13.234	-0.0119138	9
1566	21.9507	1.65082	0.574102	9
1568	20.9042	0.0292642	0.472462	9
1577	20.8698	18.8766	-0.303399	9
1585	21.7648	8.41708	0.154429	9
1586	20.0115	16.0229	-0.6581	9
1589	20.7379	14.3531	-1.16152	9
1603	20.8817	17.8525	0.467738	9
1606	21.519	17.3381	-0.267649	9
1630	20.7968	11.5451	-0.26068	9
1648	20.4467	9.58907	-0.0927546	9
1649	21.5227	8.30083	0.637266	9
1650	22.0615	8.6731	-0.195496	9
1652	20.2137	3.13296	-0.695453	9
1665	20.2022	23.356	-0.515793	9
1677	21.4861	7.67203	-0.0902837	9
1684	21.1158	5.51063	1.06563	9
1686	20.2574	23.3662	0.362051	9
1695	21.8499	2.88087	0.264075	9
1712	20.0593	24.196	0.52214	9
1713	20.0354	0.673952	-0.252478	9
1725	20.7889	22.3335	-0.0750603	9
1733	22.0118	3.24139	0.0510203	9
1743	20.3211	14.5048	-0.398494	9
1744	22.4356	13.6696	-0.149856	9
1747	20.6793	19.6175	0.267697	9
1773	21.9854	7.19815	0.0866683	9
1779	21.1671	10.7395	-0.261572	9
1799	21.8654	14.7285	0.533955	9
1811	21.5563	7.10353	0.347067	9
1813	22.2685	14.0511	-0.470997	9
1826	21.0486	20.0904	-0.897918	9
1827	22.38	19.994	-0.820245	9
1842	21.6826	6.25676	0.885067	9
1848	20.5132	15.1911	-0.158063	9
1868	20.3681	10.5166	0.275109	9
1872	21.4953	2.29713	0.120889	9
1873	21.0353	2.86702	-0.483327	9
1885	20.837	3.13805	1.7844	9
1891	21.4678	10.8343	-0.426923	9
1907	20.2996	10.2506	-0.551246	9
1908	22.2193	1.46951	-0.134133	9
1918	21.8623	19.3763	-0.260359	9
1927	20.7038	24.3361	0.103858	9
1932	22.1765	24.1707	-0.142019	9
1948	21.3799	21.1285	-0.194107	9
1966	21.7466	12.1016	-0.0334163	9
1976	20.017	10.2533	0.0973867	9
1978	22.0383	17.357	0.262292	9
1994	20.6174	24.0647	0.340938	9
1995	20.1127	8.46323	-0.720819	9
1997	20.5348	22.0901	0.274551	9
2013	21.449	21.3167	0.293824	9
2014	20.9786	21.6903	-0.0829323	9
2022	21.2395	23.6265	0.264943	9
2029	20.4788	22.806	-0.144663	9
2043	21.0972	13.2566	-0.366259	9
2049	22.2101	4.73485	0.438044	9
2059	20.5085	5.83497	0.860906	9
2068	21.426	0.109526	-0.00756936	9
2076	21.0331	15.2908	-0.0723813	9
2096	22.1684	5.31106	0.325125	9
2134	21.6632	16.7022	0.487855	9
2167	22.0806	4.34062	0.596812	9
2174	22.3584	9.70338	-0.66287	9
2184	21.9868	7.48419	0.236787	9
2237	21.9033	4.88588	0.394775	9
2246	21.9808	23.8235	-0.250055	9
2260	22.0496	5.34847	0.0905974	9
2281	20.585	3.32476	0.403114	9
2291	20.577	23.6076	-0.243805	9
2299	20.96	7.54623	0.218764	9
2304	21.0293	23.5338	-0.704038	9
2319	22.1475	11.1514	-0.137646	9
2320	22.2797	12.2785	0.932289	9
2321	21.2297	14.9276	0.123754	9
2325	21.0228	6.23412	-0.0439756	9
2339	21.2815	9.6586	-0.70939	9
2348	20.6695	0.318616	-0.00163395	9
2356	21.9055	24.6581	0.247209	9
2368	22.34	17.3704	-0.44608	9
2384	21.4068	21.5585	-0.0723888	9
2389	20.4183	6.11008	0.49318	9
2390	21.5931	1.78039	-0.0142055	9
2392	20.0828	3.70227	-0.33011	9
2401	22.4286	5.34241	0.192356	9
2405	20.364	10.1082	0.55394	9
2407	21.4649	0.564442	-0.357637	9
2428	21.3134	17.1594	0.552195	9
2429	21.9697	16.5192	0.436712	9
2434	20.9095	7.40142	-0.529015	9
2435	20.187	8.14119	-0.10277	9
2439	21.3232	15.3282	-0.412467	9
2440	21.8913	13.9516	-0.15252	9
2460	20.2421	4.59464	0.298236	9
2477	20.56	13.7798	0.280634	9
2487	21.2417	11.725	1.43195	9
2491	21.0839	12.4708	0.1889	9
2500	22.2471	21.652	0.43905	9
2504	22.2691	8.51903	-0.0094823	9
2517	21.5679	11.0731	0.576981	9
2527	21.2794	23.0515	-0.478722	9
2529	21.8025	18.7219	0.274776	9
2532	22.2668	17.785	-0.0924813	9
2559	20.1866	2.67068	-0.184973	9
2563	21.7846	9.51133	-0.20309	9
2577	20.9831	12.6983	0.109537	9
2586	21.2612	3.56989	0.377205	9
2615	20.1836	15.017	0.158509	9
2627	20.7758	19.1313	0.630888	9
2636	20.2314	24.7126	-0.0323676	9
2644	21.0487	8.69253	0.782367	9
2650	20.0473	9.66983	0.293426	9
2662	21.241	7.8755	-0.258935	9
2670	21.124	5.62424	-0.169958	9
2671	21.1136	23.1076	-0.623256	9
2698	21.5288	2.9901	0.329256	9
2707	21.8745	9.49597	-0.650597	9
2711	20.0088	18.9127	0.191471	9
2719	20.2765	6.36447	0.0815359	9
2736	21.7921	5.9484	0.292886	9
2753	21.6653	9.12775	0.183657	9
2760	21.5883	2.99778	0.919443	9
2769	21.5537	18.5893	0.0987776	9
2770	22.162	18.0861	0.73766	9
2772	21.4411	8.40432	0.386011	9
2773	20.6446	23.2112	0.75502	9
2795	20.4165	13.2345	0.24121	9
2800	21.6402	20.0306	-0.704672	9
2803	21.91	12.7391	-0.567257	9
2811	22.4024	4.20298	0.152561	9
2814	21.0855	1.27772	-0.0864632	9
2856	22.0355	16.7529	0.268879	9
2865	21.1975	22.7449	-0.679517	9
2867	21.9226	0.467182	0.323038	9
2874	22.2739	1.47781	0.379923	9
2881	20.6413	16.68	0.212736	9
2886	21.4865	4.88343	0.0689405	9
2890	20.3759	0.792622	-0.0208901	9
2899	20.7971	1.52508	0.0775654	9
2919	20.543	12.7984	0.841375	9
2923	22.3473	1.42185	0.426982	9
2938	22.3108	5.27373	-0.575086	9
2941	20.5611	12.6792	-0.484597	9
2945	21.6178	15.7105	0.0388406	9
2953	20.0585	2.77023	-1.1626	9
2965	20.7659	7.7427	-0.345178	9
2976	21.9228	10.1366	-0.333415	9
2991	21.6414	24.9324	-0.783784	9
3000	22.0133	19.7664	0.593961	9
3004	20.9316	20.2032	-0.151101	9
3022	22.3406	10.6265	-0.297576	9
3031	21.9873	8.83415	0.0437068	9
3051	21.8117	12.3047	0.142332	9
3062	21.5223	22.1254	-0.216814	9
3074	21.613	17.3475	0.646124	9
3078	22.073	3.31448	-0.232961	9
3096	20.9085	16.5773	-0.412724	9
3097	20.1152	20.9781	-0.363022	9
3104	20.1942	3.34942	0.149058	9
3105	21.6295	8.15497	0.077076	9
3120	22.385	14.8466	0.256596	9
3144	20.3423	19.103	-0.283498	9
3148	22.2093	13.9587	0.350616	9
3150	22.1025	15.1727	0.153232	9
3153	22.1266	23.1845	-0.486929	9
3160	21.3704	16.2775	0.369706	9
3197	22.173	22.6033	-0.0255431	9
3203	20.1065	2.74141	0.0397542	9
3214	21.3444	16.8852	0.863779	9
3247	20.8706	23.9879	-0.595877	9
3257	21.3965	13.2517	0.222966	9
3258	21.4561	15.7359	0.0733529	9
3264	20.6164	21.4342	-0.51737	9
3280	21.6821	19.7626	0.231297	9
3281	21.2558	19.4694	-0.22758	9
3298	21.5164	24.3129	-0.0274073	9
3305	22.0559	22.1654	0.521761	9
3306	21.7045	23.8461	0.329429	9
3312	21.2476	17.1323	0.102054	9
3314	21.4649	18.6761	-0.248012	9
3337	22.2461	7.20779	-0.654682	9
3344	20.3407	10.2939	-0.802846	9
3378	20.8047	2.97321	0.161016	9
3429	21.0934	0.291055	-0.624055	9
3436	22.031	5.45984	0.307018	9
3444	21.8348	16.3116	0.153966	9
3445	21.7501	16.3202	-0.110755	9
3447	22.1739	22.2609	-1.11712	9
3455	20.1169	18.1676	0.0967563	9
3457	20.1295	8.9113	-0.0339782	9
3458	20.7715	1.20243	0.365674	9
3460	20.8446	20.2317	0.249603	9
3481	21.8911	2.86074	0.318174	9
3497	20.2036	4.60825	0.0676682	9
3522	21.9288	21.9711	0.16695	9
3523	21.9487	5.56177	-0.1266	9
3534	21.2725	18.0536	0.32326	9
3536	21.6478	8.70776	0.161127	9
3542	21.8464	7.21249	0.144316	9
3545	21.9772	10.7221	0.255822	9
3548	21.4243	3.26584	0.159934	9
3594	20.1906	7.18412	0.0759205	9
3598	22.4991	13.5922	-0.469247	9
3606	22.4386	1.56012	-0.391096	9
3607	20.3106	13.9774	-0.285168	9
3611	21.7734	4.48748	0.86389	9
3632	22.3804	6.50543	0.0459847	9
3659	22.4915	20.1174	-0.48125	9
3661	21.9378	11.9366	0.303621	9
3667	20.6977	22.5621	-0.442454	9
3670	20.7484	7.55987	0.47042	9
3671	20.6784	7.94164	-0.0913668	9
3679	20.1639	13.6426	1.06522	9
3687	21.5359	24.5397	-0.413297	9
3720	21.9376	7.73075	-0.42252	9
3721	20.0617	11.652	-0.233434	9
3728	21.7747	21.7102	0.393975	9
3729	20.4325	4.58047	-0.768839	9
3733	22.4651	5.2905	-0.0929669	9
3743	22.367	8.92914	-0.479515	9
3748	21.7921	17.0226	-0.488026	9
3753	21.9888	17.5385	0.576393	9
3756	20.3712	24.3842	0.016711	9
3768	20.5545	23.4283	-0.600942	9
3771	20.4029	7.01854	0.430218	9
3775	21.429	13.0729	0.00133063	9
3791	22.3579	17.8837	0.787635	9
3797	21.0117	18.1727	0.397249	9
3800	22.4809	9.9487	0.398635	9
3802	21.5016	7.81566	0.0708527	9
3822	22.2089	14.1058	0.0299869	9
3826	22.3318	23.269	-0.488996	9
3831	22.2825	17.8139	-0.155578	9
3846	20.9634	18.3747	0.708297	9
3849	21.6517	24.923	-1.1224	9
3857	21.6026	20.5185	0.247378	9
3874	20.2142	2.35924	-0.196409	9
3882	22.4953	10.5771	-0.553085	9
3885	20.2155	3.28021	-0.577031	9
3887	22.0079	24.3974	-0.589702	9
3900	20.0015	18.8664	0.330561	9
3905	20.5923	16.5333	0.219731	9
3906	21.4538	17.2095	0.413692	9
3909	21.6197	20.5433	-0.0509302	9
3913	20.1907	18.4334	0.119494	9
3920	22.1254	11.1158	0.668347	9
3922	20.364	18.5408	0.470727	9
3924	20.8516	17.7926	0.080387	9
3930	22.0682	24.9771	-0.0460144	9
3934	21.7904	24.3688	-0.154276	9
3953	21.3665	2.88829	0.185908	9
3954	20.7856	3.10025	-1.09649	9
3965	20.4816	21.5872	-0.44889	9
3969	21.6877	6.25125	-0.381004	9
3976	20.5391	21.8686	0.346743	9
3991	22.3062	8.65491	0.588012	9
3992	21.3436	8.84798	-0.0217664	9
3999	20.951	15.3652	0.595878	9
4011	20.6929	4.36833	0.341094	9
4015	21.7232	8.34868	-0.125439	9
4016	20.2177	22.4388	0.208373	9
4019	21.8322	22.4725	0.270804	9
4025	20.1052	11.8904	0.347601	9
4029	20.8229	13.7068	0.299237	9
4036	21.7002	14.9501	0.200103	9
4038	20.5441	12.6638	0.284982	9
4039	22.1952	11.617	0.153341	9
4067	20.7671	21.8989	-0.547063	9
16	22.6289	22.5953	-0.527018	10
23	24.1474	9.31896	-0.170534	10
26	23.4991	6.84277	0.641681	10
53	24.3346	14.6722	0.494578	10
62	22.5486	13.8782	-1.00916	10
93	24.7785	0.630991	0.0916878	10
105	22.9983	13.3477	0.264876	10
115	23.3962	0.537866	0.69604	10
117	23.2916	8.69561	0.435717	10
125	23.7881	8.21096	0.622454	10
129	22.6958	10.8649	-0.233858	10
135	23.5957	0.821675	0.214411	10
137	22.7998	1.9864	0.161017	10
157	23.5737	19.1455	-0.107723	10
161	24.6312	7.45235	0.197424	10
184	23.9212	10.3616	-0.188432	10
196	22.8276	23.9461	-0.235848	10
202	23.344	5.23776	-0.265028	10
206	23.2941	15.7977	-0.166187	10
215	24.644	9.19633	0.252682	10
226	24.3199	14.7048	-0.229691	10
230	22.6364	16.6062	-0.486344	10
233	23.5497	1.62361	-0.507541	10
242	24.9837	21.086	0.27026	10
245	22.6115	17.5412	0.402704	10
257	24.4793	18.1211	0.223475	10
261	23.4381	1.24688	0.43904	10
263	23.3627	19.4376	-0.0658939	10
269	24.2083	4.84012	0.300778	10
274	23.2999	1.1748	0.928844	10
307	23.0323	8.59856	0.684217	10
308	24.4318	23.3751	-0.67419	10
320	22.8855	9.55277	0.293819	10
321	24.6676	6.44325	0.445415	10
349	24.6021	12.329	0.288175	10
356	22.9639	20.8999	-0.215243	10
366	22.8349	4.69441	0.200277	10
386	24.0679	8.54089	0.150559	10
399	24.4915	7.67305	-0.321895	10
404	23.6301	9.30075	-0.328202	10
411	24.4589	12.6162	0.355174	10
413	22.7868	9.32718	-0.705124	10
427	24.9856	9.60506	-0.522233	10
437	24.2592	3.30027	-0.934866	10
466	23.288	5.35736	0.0869589	10
467	23.0266	21.3779	-0.394892	10
488	24.3197	7.86216	0.00201019	10
492	24.9187	7.57644	-0.102898	10
503	22.5443	22.5806	-0.779391	10
506	24.063	20.4403	-0.652707	10
517	24.395	23.9117	-0.241228	10
545	24.9697	0.900968	-0.631318	10
561	22.6463	18.3205	-0.540175	10
562	23.2692	17.2555	0.180487	10
587	24.4184	20.2282	-0.0860262	10
604	23.9947	16.131	0.118957	10
616	22.8914	1.32369	-0.0873235	10
617	23.1008	19.094	0.0954317	10
618	22.8229	18.7861	-0.351938	10
625	23.5485	3.56649	0.367108	10
628	23.8844	24.1637	0.178136	10
630	22.5717	21.1204	0.211975	10
635	23.883	16.261	0.388962	10
653	24.0861	7.88018	-0.0457448	10
655	23.5757	2.09691	0.202996	10
661	22.6325	4.7542	0.260262	10
664	24.9446	4.30694	0.669127	10
690	23.3149	19.0676	-0.654054	10
699	24.1635	19.6336	0.734353	10
708	24.0221	1.58278	0.550127	10
740	22.7175	20.6204	-0.20778	10
750	22.9021	8.84216	0.133982	10
758	22.7966	2.39341	-0.245925	10
795	24.3285	7.68538	-1.34525	10
811	24.2771	4.52338	0.305227	10
815	23.0508	4.08108	-0.221585	10
818	22.743	12.4388	-0.464306	10
827	23.1863	14.8921	0.0666237	10
829	22.7933	11.6917	0.883802	10
844	24.944	16.0426	-0.205387	10
846	24.1353	1.61516	-0.0369758	10
847	23.916	15.7219	-0.0458568	10
860	23.3496	10.6931	0.468633	10
862	24.7107	2.50487	0.0532737	10
864	23.065	10.9287	-0.0354938	10
876	24.3302	10.7225	-0.493675	10
880	23.8987	15.2831	-0.46881	10
919	22.5991	21.4345	0.715098	10
925	23.8591	20.8154	-0.637525	10
934	24.5614	6.76252	0.506162	10
936	23.5618	9.15014	-0.039017	10
953	24.4877	18.8708	0.275937	10
960	23.6829	1.36201	0.518178	10
967	22.8755	5.97301	0.872444	10
972	23.4503	13.4593	-0.025794	10
973	23.3451	2.69309	-0.795151	10
985	22.7713	9.00828	-0.515453	10
986	22.7163	18.2652	0.0451462	10
998	24.591	12.2013	0.193208	10
1004	23.1657	14.2178	0.954994	10
1034	22.802	15.2018	0.00966349	10
1041	24.478	15.1064	-0.653272	10
1054	23.4929	24.5686	0.0905034	10
1077	23.9124	11.0491	-0.711984	10
1099	23.4823	4.00689	0.876555	10
1100	24.4557	19.2212	0.200494	10
1102	23.8926	12.7075	0.336101	10
1104	23.5611	17.5478	-0.456321	10
1120	24.9827	18.3377	-0.877172	10
1121	23.1736	12.5449	0.176207	10
1124	22.9098	16.6904	0.431621	10
1132	24.9533	2.40485	0.110622	10
1137	24.0237	3.40672	0.00967025	10
1157	23.1001	10.9487	-0.0461697	10
1159	22.604	12.7761	0.976161	10
1181	23.7692	18.1121	-0.0173297	10
1186	23.3861	8.98717	0.099223	10
1190	23.3446	18.043	0.531116	10
1199	22.5383	13.538	-0.206981	10
1227	23.4477	13.9632	-0.485761	10
1236	24.6701	1.19211	-0.222587	10
1248	22.8802	9.95527	0.251514	10
1249	24.213	17.1172	-0.683587	10
1253	22.7071	17.8928	0.157114	10
1268	24.2792	17.0862	-0.0670216	10
1277	23.8154	21.5999	0.283828	10
1280	24.871	12.4745	0.135409	10
1283	23.2636	6.2262	-0.194326	10
1285	24.9539	6.33245	0.631055	10
1306	23.1958	24.2101	0.476481	10
1308	24.776	7.61073	-0.137094	10
1342	23.6293	19.8784	-0.0433969	10
1374	24.0915	22.7811	-0.197917	10
1379	23.9977	11.8357	0.376315	10
1394	24.1001	2.51625	0.066356	10
1400	24.6019	17.6986	0.461745	10
1409	23.1459	12.1497	-0.205193	10
1435	24.0643	5.96576	0.00492596	10
1437	22.6717	12.0601	0.00768107	10
1446	22.6762	20.9008	-0.585139	10
1457	24.3287	18.4419	-0.344161	10
1467	23.4164	14.7427	-0.247443	10
1475	23.0116	5.49271	0.173121	10
1492	23.2314	17.0222	-0.472651	10
1493	23.0196	13.7494	0.691838	10
1500	23.5171	10.8639	-0.410369	10
1503	22.8287	4.25388	-0.312013	10
1507	23.0526	20.6051	0.890299	10
1511	22.8229	19.0798	0.432891	10
1515	23.6546	22.84	-0.245136	10
1520	23.799	15.7211	0.158141	10
1541	24.461	17.4788	-0.494904	10
1549	22.7236	7.02379	0.221624	10
1552	22.8226	3.7957	0.716435	10
1555	23.1492	21.6545	0.612225	10
1560	23.5488	3.77721	-0.0513956	10
1563	23.6672	2.23948	-0.273882	10
1564	24.0868	6.35943	-0.723749	10
1582	22.5325	7.53012	-0.16695	10
1584	23.7596	0.630688	0.759321	10
1594	23.0864	20.8923	-0.156299	10
1600	24.6093	22.6722	0.106305	10
1605	24.9087	8.06401	-0.127667	10
1611	24.1544	2.05022	0.559796	10
1613	23.0496	23.3925	-0.0808789	10
1614	24.269	24.8355	-0.0298493	10
1616	23.7113	13.3352	-0.63176	10
1625	22.7819	21.071	-0.0869051	10
1654	22.7955	3.93758	-0.192277	10
1691	24.8573	10.5417	-0.267048	10
1702	22.6594	13.2982	-0.709056	10
1708	22.6427	7.41527	-0.083761	10
1715	24.2967	15.2577	0.699514	10
1716	24.4224	3.38463	0.0449618	10
1719	23.2749	13.5234	-1.06066	10
1742	24.777	0.597466	-0.0337126	10
1754	22.9041	3.43304	-0.507625	10
1758	24.0549	21.2491	-0.310772	10
1759	23.5111	20.6178	0.480261	10
1787	24.1687	13.1446	0.00753201	10
1790	23.5194	12.3343	0.0110784	10
1803	23.0501	16.0439	0.315018	10
1804	23.4639	18.1921	0.432011	10
1805	23.5753	23.9744	1.02547	10
1806	24.1871	8.61458	-0.51552	10
1837	24.6734	0.0607076	0.287556	10
1844	23.5711	14.86	-0.142971	10
1852	23.9953	3.4398	0.423994	10
1854	23.0814	24.7166	-0.359881	10
1856	23.9221	22.3991	0.268277	10
1865	24.9115	20.3743	0.0554256	10
1877	24.8677	19.0697	-0.397206	10
1890	24.9017	2.49836	-0.585934	10
1916	23.6993	6.68998	0.334151	10
1936	24.5845	11.1552	-0.384412	10
1945	22.5092	24.4158	-0.0625245	10
1959	24.1024	23.8864	0.220998	10
1962	24.6626	13.2166	-0.274287	10
1963	24.249	23.1893	-0.15384	10
1970	22.5594	15.9399	0.118239	10
1977	22.7313	22.8667	-0.225592	10
1985	22.714	15.5829	-0.200383	10
1990	24.4522	0.851534	-0.503961	10
2003	22.6126	8.67441	-0.325673	10
2028	23.9836	12.6761	0.336407	10
2032	22.9044	10.3841	0.122463	10
2033	23.3601	2.02255	-0.333455	10
2040	23.4547	8.7817	0.054425	10
2045	24.7969	1.6931	-0.603113	10
2051	24.5148	9.8944	0.111776	10
2058	24.5297	12.5373	-0.0711393	10
2086	23.7285	9.49838	-0.196209	10
2088	24.4383	15.0025	-0.306717	10
2109	22.5123	5.75923	-0.0942042	10
2111	22.519	13.1149	-0.401704	10
2112	24.3923	1.93459	-0.116028	10
2156	23.6205	16.3409	0.0602186	10
2159	24.6257	11.3877	0.254555	10
2171	24.0306	17.4662	-0.639265	10
2180	24.7052	13.6629	-0.0467969	10
2185	23.3015	3.19196	0.224849	10
2198	23.6326	19.6131	1.03248	10
2202	24.655	3.50771	-0.535232	10
2223	24.1756	2.02953	0.0451463	10
2226	23.5595	19.7548	0.103692	10
2242	24.836	0.945428	0.650541	10
2244	23.5819	4.59551	0.647243	10
2252	23.6696	7.9932	1.04759	10
2258	24.3856	7.16667	-0.387845	10
2268	24.0035	0.514078	0.118318	10
2282	22.5561	23.9719	-0.401452	10
2294	22.8417	1.08431	0.115458	10
2295	23.5886	24.533	-0.318686	10
2337	22.82	24.0397	0.210524	10
2352	24.2995	16.4668	1.30566	10
2371	23.1797	12.2011	0.235232	10
2375	24.9965	11.4122	0.400505	10
2413	24.1041	21.1317	0.395118	10
2416	22.9465	5.48863	-0.0952289	10
2418	22.8171	7.55313	-0.612208	10
2430	24.6771	2.6584	0.866293	10
2447	24.8714	6.26408	-0.174535	10
2467	23.7135	21.0201	-0.11336	10
2478	24.897	0.99289	0.560103	10
2488	24.0948	0.157847	0.00410793	10
2492	24.1302	20.3359	0.466461	10
2501	22.6265	24.298	0.363687	10
2506	24.904	17.3565	0.588596	10
2512	23.7506	11.3674	-0.108139	10
2528	23.6217	11.5317	-0.644408	10
2533	23.1389	13.351	-0.0486657	10
2548	23.7135	22.2646	-0.703382	10
2553	24.7831	20.0102	0.115357	10
2556	24.6465	5.83581	0.124726	10
2561	23.0288	10.7277	-0.406928	10
2562	24.1333	17.2339	0.279289	10
2579	24.5401	19.0966	-0.734732	10
2584	23.773	3.30852	-0.266528	10
2591	24.6371	9.85398	0.529014	10
2596	23.1565	10.0955	0.559037	10
2606	24.3168	14.0091	-0.0799149	10
2620	24.95	1.46637	-0.397186	10
2632	24.6441	24.5151	0.549605	10
2637	24.5239	10.6504	-0.272033	10
2645	22.9457	2.60373	0.768811	10
2684	24.4364	7.46491	0.136555	10
2685	24.3301	21.507	0.128508	10
2694	23.1229	20.4907	0.0335581	10
2695	24.0906	21.1556	0.702777	10
2700	22.5633	19.0972	0.469604	10
2705	23.8361	12.3386	-0.331079	10
2706	24.694	5.17038	0.405126	10
2716	23.8926	13.4134	-0.559772	10
2730	23.3091	8.11839	0.169514	10
2744	22.5575	24.518	0.303771	10
2745	24.2798	2.5608	0.420275	10
2751	22.5332	15.1957	0.388646	10
2752	23.6488	24.2216	-0.0527916	10
2763	23.154	9.17956	0.358547	10
2783	23.1607	3.05076	-0.14058	10
2784	23.3009	4.38398	0.0465016	10
2806	22.9529	2.32087	0.0120705	10
2828	22.5089	9.40169	-0.628009	10
2832	24.3577	23.813	0.417647	10
2833	24.6299	14.8365	-0.681892	10
2837	23.4787	9.30242	-0.0243859	10
2845	23.4811	20.9633	0.110023	10
2846	23.8974	20.4523	0.308867	10
2857	22.8749	7.69221	0.0455413	10
2860	24.1537	4.69847	-0.338198	10
2863	24.0585	18.4544	0.437099	10
2869	24.2213	19.4346	0.766773	10
2871	23.0767	14.1363	-0.159324	10
2884	23.9989	19.5027	0.148147	10
2917	23.1371	1.61119	0.684355	10
2921	23.2643	2.83366	-0.603658	10
2922	23.7359	23.8545	-0.426215	10
2930	22.6994	3.72225	-0.452154	10
2948	23.3969	22.3926	0.0573185	10
2977	23.0898	6.45202	0.229771	10
2987	22.7853	5.92678	-0.396131	10
3020	24.486	0.472146	-0.356048	10
3025	23.1176	11.1787	-1.32423	10
3027	23.7634	14.0464	-0.371479	10
3030	23.087	15.5786	-0.0819055	10
3034	23.358	17.7212	0.278367	10
3036	22.9166	21.0329	-0.187116	10
3047	24.894	11.0743	0.0182262	10
3075	23.0299	18.2984	0.40088	10
3079	23.0982	16.4805	-0.564407	10
3093	23.1829	24.0939	-0.0307503	10
3098	22.5276	1.39464	0.348084	10
3102	23.3012	5.62879	1.23181	10
3116	24.3554	13.0575	-0.441481	10
3119	24.7554	12.485	-0.0199486	10
3130	23.1053	17.0814	-0.2212	10
3138	24.7277	11.385	0.755595	10
3140	22.7365	17.7725	-0.0233092	10
3146	23.8015	11.457	0.0242617	10
3172	23.9654	3.42434	0.30611	10
3177	24.1028	15.886	-0.220788	10
3180	22.904	6.67673	0.0475151	10
3181	24.4458	15.3249	0.110287	10
3211	24.3574	11.6966	0.294008	10
3235	23.3589	24.289	0.0987259	10
3236	24.2732	24.8603	-0.587613	10
3240	22.6435	2.52278	0.503631	10
3248	24.4888	22.3686	0.463233	10
3270	24.4547	7.0524	0.71875	10
3274	24.6249	24.7651	0.0829742	10
3301	22.5497	4.33452	-0.635523	10
3309	23.3246	23.1103	-0.479786	10
3325	24.8717	22.3096	0.254991	10
3341	22.6922	4.04992	0.0364039	10
3355	24.3035	6.34079	-0.411592	10
3360	24.1371	15.1424	0.0737273	10
3370	22.7979	14.4983	0.291024	10
3373	23.5472	13.7509	0.103838	10
3374	23.4471	13.5412	-0.0620889	10
3379	23.3836	12.2723	0.728408	10
3382	23.7692	14.6307	0.463529	10
3388	24.4676	3.61328	0.293654	10
3412	22.5273	23.6105	-0.560849	10
3413	23.0058	5.32271	-0.187584	10
3418	24.8192	17.3631	-0.698492	10
3420	24.2843	5.75419	-0.0511676	10
3433	23.0122	13.8916	0.666299	10
3437	23.4936	5.40062	0.19389	10
3450	23.499	6.19141	0.18227	10
3462	24.7044	21.1283	0.107262	10
3463	24.9825	21.4096	-0.425022	10
3496	23.834	21.1582	0.275746	10
3541	24.1904	7.80335	-0.1067	10
3547	24.1388	16.9743	-0.31506	10
3551	24.3711	3.52452	-0.0981852	10
3556	24.038	7.26112	0.178574	10
3575	23.8497	3.61014	0.271605	10
3576	22.8357	24.1105	0.179569	10
3581	24.0344	19.7671	0.54902	10
3587	23.6997	10.2318	-0.722519	10
3603	24.1675	23.075	-0.11215	10
3625	24.1859	23.056	-0.530404	10
3629	24.5759	10.5227	-0.294771	10
3631	23.2636	7.23266	-0.101956	10
3648	23.8685	13.1142	0.0807669	10
3660	24.6503	4.7295	-0.584079	10
3668	22.762	2.61502	-0.402167	10
3673	24.3336	10.8546	-0.160024	10
3675	22.7328	21.1013	0.70394	10
3676	23.3305	20.6961	1.07032	10
3678	23.7361	19.3665	-0.0838565	10
3698	22.8827	22.9799	0.21167	10
3701	24.3147	2.8676	0.334513	10
3705	23.1046	6.00184	0.403561	10
3734	24.3286	3.59956	0.0525594	10
3740	23.6505	8.82988	0.110421	10
3755	24.0249	19.2994	0.0343353	10
3777	22.6929	3.88346	-0.299566	10
3781	23.1098	21.344	0.30447	10
3783	24.9401	24.4711	0.484944	10
3788	23.8182	14.4142	0.0610852	10
3789	23.8492	15.5129	0.129425	10
3806	24.4501	4.03297	0.712564	10
3850	24.1067	11.3533	-0.8169	10
3855	22.7319	1.88548	0.14996	10
3861	23.8048	23.2696	-0.223244	10
3890	24.3872	6.30453	-0.294082	10
3903	24.4254	20.7313	-0.110893	10
3929	24.342	7.21942	-0.0241794	10
3938	22.6251	10.0539	-1.45958	10
3945	24.8142	0.113731	0.162199	10
3946	24.9964	0.100447	0.171922	10
3955	24.4837	2.7965	-0.00475796	10
3958	24.1055	11.5368	-0.199934	10
3961	22.5679	10.4519	-0.445784	10
3962	23.3452	3.52982	0.254432	10
3966	23.5898	4.90973	-0.518282	10
3978	22.6431	15.1681	-0.00839258	10
3979	22.9671	14.8899	-0.0609443	10
3980	23.3771	9.53204	-0.725435	10
3982	23.574	0.16716	-0.384622	10
3984	24.2731	20.1615	0.320138	10
4002	23.3639	9.43585	-1.04271	10
4014	22.791	15.6032	-0.363633	10
4028	23.0009	3.03534	-0.2135	10
4031	23.8315	22.7333	0.757694	10
4050	24.1457	4.94502	0.547471	10
4080	23.5036	9.85522	-0.921524	10
4092	22.7256	19.4263	0.386827	10
