IND_ID	Opt	Phen	AbsErr	Fitness	density

1.0	0.70765	1.38805	0.680398	0.830895	8.71338
2.0	0.125078	0.332588	0.20751	0.955318	4.18959
3.0	0.567527	0.66233	0.0948028	0.791687	11.1334
4.0	0.761175	1.17414	0.412961	0.879832	6.88779
5.0	0.851983	0.662872	0.189111	0.79768	10.793
6.0	0.527152	0.768235	0.241084	0.921299	5.38434
7.0	0.243115	0.263841	0.0207256	0.918531	5.54213
8.0	0.415626	0.0727669	0.342859	0.866475	7.49723
9.0	0.0396266	-0.0555694	0.095196	0.837829	8.87358
10.0	0.903533	0.928811	0.0252787	0.826565	9.4078
11.0	0.269981	0.284767	0.0147858	0.784852	11.504
12.0	0.0512023	0.0721028	0.0209006	0.953649	4.28563
13.0	0.919594	0.289279	0.630316	0.861627	7.41946
14.0	0.926733	0.815907	0.110827	0.872483	7.35075
15.0	0.896836	0.795103	0.101732	0.820007	9.71066
16.0	0.844247	0.889009	0.0447626	0.88661	6.77994
17.0	0.140503	0.569474	0.428971	0.918396	5.37239
18.0	0.773536	1.12838	0.354844	0.836657	8.80384
19.0	0.485719	0.476118	0.00960055	0.823388	9.55949
20.0	0.128616	-0.178991	0.307607	0.872774	7.25548
21.0	0.622816	0.517266	0.10555	0.843778	8.60046
22.0	0.782465	1.15667	0.374201	0.818111	9.66155
23.0	0.115987	0.300129	0.184142	0.821088	9.6331
24.0	0.28108	0.237542	0.043538	0.863475	7.74309
25.0	0.178446	0.0501	0.128346	0.804088	10.4886
26.0	0.926455	0.557843	0.368613	0.937152	4.73661
27.0	0.52625	0.282666	0.243584	0.889069	6.6242
28.0	0.917825	0.587486	0.330339	0.865317	7.55499
29.0	0.541506	0.473186	0.0683199	0.837395	8.89817
30.0	0.0492361	0.387514	0.338278	0.874079	7.18117
31.0	0.286454	0.334425	0.0479719	0.851125	8.28101
32.0	0.967549	0.71268	0.254869	0.865172	7.60614
33.0	0.498154	-0.126213	0.624367	0.824711	9.0788
34.0	0.998376	1.30009	0.301715	0.93548	4.83793
35.0	0.476046	0.240181	0.235865	0.84512	8.49334
36.0	0.900511	1.07291	0.172398	0.889267	6.64554
37.0	0.282271	0.0227156	0.259556	0.878728	7.03611
38.0	0.529751	0.621179	0.091428	0.872618	7.34908
39.0	0.842177	0.867529	0.0253517	0.858815	7.94545
40.0	0.449877	0.231846	0.218031	0.801946	10.5624
41.0	0.203133	0.26906	0.0659272	0.881856	6.97086
42.0	0.309937	0.22372	0.0862169	0.885729	6.81018
43.0	0.360882	0.152409	0.208473	0.846802	8.43063
44.0	0.311407	0.412612	0.101205	0.847805	8.42048
45.0	0.624438	0.12238	0.502058	0.892141	6.31243
46.0	0.243552	0.324798	0.0812454	0.860272	7.8762
47.0	0.692913	0.788048	0.0951342	0.805972	10.4021
48.0	0.954479	0.706661	0.247818	0.845971	8.4491
49.0	0.810625	0.574533	0.236092	0.741243	13.9189
50.0	0.323935	1.19275	0.868818	0.848507	7.62118
51.0	0.583322	0.851641	0.26832	0.859153	7.85744
52.0	0.826486	0.456938	0.369548	0.778967	11.6638
53.0	0.117253	0.115584	0.00166982	0.885084	6.84372
54.0	0.895537	0.614317	0.28122	0.76491	12.5063
55.0	0.476853	0.846108	0.369255	0.851589	8.12144
56.0	0.0875084	0.450163	0.362654	0.844648	8.43519
57.0	0.349163	1.16518	0.816019	0.802144	9.87199
58.0	0.488893	0.722921	0.234029	0.789799	11.1804
59.0	0.230472	0.326139	0.0956664	0.863897	7.71758
60.0	0.0558629	-0.039381	0.0952439	0.874093	7.28673
61.0	0.261368	0.0340388	0.227329	0.909815	5.82143
62.0	0.475784	0.088174	0.38761	0.895384	6.28412
63.0	0.350356	0.374499	0.0241426	0.771228	12.2445
64.0	0.461527	0.456991	0.00453521	0.866511	7.6153
65.0	0.802933	0.876597	0.0736645	0.868748	7.51491
66.0	0.451883	0.588673	0.13679	0.89739	6.33397
67.0	0.482596	0.698818	0.216221	0.84309	8.59419
68.0	0.946372	0.52644	0.419932	0.86919	7.32309
69.0	0.73053	0.961303	0.230774	0.917047	5.5471
70.0	0.296103	0.255012	0.0410909	0.804473	10.4857
71.0	0.994112	0.86209	0.132022	0.838112	8.85176
72.0	0.590996	1.01708	0.426079	0.817999	9.622
73.0	0.942322	0.599786	0.342536	0.886991	6.6503
74.0	0.371061	0.357299	0.0137621	0.890695	6.61756
75.0	0.67112	0.818133	0.147013	0.89658	6.36298
76.0	0.937916	0.981704	0.043788	0.924268	5.32814
77.0	0.674423	0.608879	0.0655442	0.799582	10.7308
78.0	0.519061	0.908945	0.389884	0.84819	8.25563
79.0	0.0418785	0.239254	0.197376	0.802229	10.5576
80.0	0.264293	-0.223492	0.487785	0.921993	5.1886
81.0	0.711359	0.844417	0.133058	0.831738	9.14634
82.0	0.342101	0.753461	0.41136	0.876559	7.02352
83.0	0.912327	0.644334	0.267993	0.83047	9.1478
84.0	0.500107	0.519504	0.019397	0.872168	7.376
85.0	0.537382	0.663147	0.125765	0.875913	7.20421
86.0	0.918266	0.844038	0.0742286	0.813227	10.0459
87.0	0.000882839	0.42313	0.422248	0.770907	12.0559
88.0	0.563906	0.442753	0.121153	0.88216	6.94811
89.0	0.552456	0.648268	0.0958128	0.838871	8.8257
90.0	0.935754	1.16059	0.224837	0.950329	4.35398
91.0	0.33098	0.752716	0.421736	0.791654	10.9449
92.0	0.0179068	0.0848045	0.0668977	0.877246	7.16035
93.0	0.913832	1.2494	0.335572	0.766882	12.3562
94.0	0.98539	1.78152	0.796128	0.914477	5.09257
95.0	0.0401596	0.265134	0.224974	0.842422	8.62034
96.0	0.445218	0.473663	0.0284441	0.836246	8.95516
97.0	0.879478	0.599297	0.280181	0.794057	10.9318
98.0	0.387941	0.852458	0.464517	0.88135	6.78088
99.0	0.0961679	-0.192824	0.288992	0.89804	6.2451
100.0	0.873753	0.874708	0.000954789	0.849017	8.37706
101.0	0.795435	0.727825	0.0676101	0.807146	10.3483
102.0	0.229939	0.547751	0.317812	0.857437	7.90205
103.0	0.141624	-0.0101502	0.151774	0.890932	6.58555
104.0	0.357114	0.140483	0.216632	0.823333	9.5116
105.0	0.787417	0.577358	0.210059	0.888178	6.67501
106.0	0.482496	0.768567	0.286071	0.793031	10.9813
107.0	0.487652	0.807882	0.32023	0.7801	11.6417
108.0	0.418497	0.305464	0.113033	0.866201	7.61547
109.0	0.763677	1.11521	0.351533	0.867796	7.43525
110.0	0.669471	1.08903	0.419563	0.90614	5.84184
111.0	0.745311	0.366806	0.378505	0.836304	8.80168
112.0	0.20959	0.5121	0.30251	0.837704	8.79216
113.0	0.497272	0.506495	0.00922292	0.766698	12.4981
114.0	0.543796	0.24848	0.295316	0.823086	9.47994
115.0	0.540093	1.08806	0.547966	0.864813	7.38245
116.0	0.188932	0.691376	0.502444	0.904274	5.83967
117.0	0.201206	0.281266	0.08006	0.854903	8.11022
118.0	0.0782241	-0.103925	0.182149	0.924922	5.27449
119.0	0.677681	0.71597	0.0382889	0.733087	14.4873
120.0	0.239803	-0.222673	0.462475	0.837066	8.69233
121.0	0.0107311	0.102635	0.0919041	0.871325	7.4032
122.0	0.317938	0.480616	0.162678	0.89593	6.38382
123.0	0.471668	0.24228	0.229389	0.879908	7.00238
124.0	0.341161	0.597592	0.256431	0.891526	6.51974
125.0	0.235464	0.601936	0.366472	0.9378	4.71508
126.0	0.410828	0.351716	0.0591123	0.906176	6.00723
127.0	0.0272646	0.666638	0.639374	0.8578	7.57145
128.0	0.956789	0.999679	0.0428906	0.94136	4.71209
129.0	0.341966	0.304872	0.0370941	0.807704	10.324
130.0	0.548007	0.452569	0.0954384	0.910412	5.83972
131.0	0.869944	0.542095	0.327849	0.944649	4.49883
132.0	0.881835	0.561426	0.32041	0.844475	8.47314
133.0	0.138548	0.201164	0.0626163	0.932485	5.02691
134.0	0.44684	1.10255	0.655708	0.8807	6.59518
135.0	0.728333	0.269606	0.458727	0.887262	6.54749
136.0	0.387378	0.386504	0.000874264	0.823131	9.57189
137.0	0.798512	0.91401	0.115498	0.82793	9.32963
138.0	0.775116	1.14037	0.365252	0.854947	7.97714
139.0	0.253899	0.553266	0.299368	0.856241	7.96581
140.0	0.849281	0.342251	0.50703	0.832042	8.8778
141.0	0.519949	0.448479	0.0714705	0.910439	5.84256
142.0	0.602371	0.968884	0.366513	0.853963	8.01924
143.0	0.237239	-0.106186	0.343425	0.852303	8.10905
144.0	0.0477938	0.207602	0.159808	0.853872	8.13568
145.0	0.62839	0.387399	0.240992	0.905544	5.97867
146.0	0.597545	0.247241	0.350304	0.857534	7.87549
147.0	0.575359	0.757	0.181641	0.812385	10.0572
148.0	0.476412	0.873377	0.396965	0.818835	9.60767
149.0	0.482582	0.770591	0.288009	0.871427	7.32359
150.0	0.32095	0.660834	0.339883	0.825452	9.33709
151.0	0.024046	-0.262714	0.28676	0.813127	9.96689
152.0	0.629039	0.265679	0.363361	0.876613	7.05852
153.0	0.486203	0.479288	0.00691522	0.85122	8.27914
154.0	0.774018	1.06616	0.292146	0.812659	9.98646
155.0	0.956149	1.39449	0.438337	0.890294	6.44444
156.0	0.363253	0.0528486	0.310404	0.792541	10.9904
157.0	0.21529	0.427852	0.212562	0.839851	8.74289
158.0	0.920917	0.459529	0.461388	0.820964	9.44588
159.0	0.83627	1.13389	0.297616	0.785773	11.3544
160.0	0.878437	0.937535	0.0590977	0.770896	12.2595
161.0	0.780317	0.799343	0.0190257	0.801881	10.6182
162.0	0.233384	0.18799	0.0453933	0.914696	5.68432
163.0	0.819492	1.01723	0.197734	0.900805	6.18048
164.0	0.604231	1.12702	0.522787	0.854747	7.84199
165.0	0.783021	1.18982	0.406799	0.815426	9.76395
166.0	0.729535	1.05383	0.324299	0.827908	9.2323
167.0	0.184398	0.502874	0.318477	0.922118	5.31303
168.0	0.584461	0.733905	0.149444	0.910383	5.82809
169.0	0.253776	0.128923	0.124854	0.928683	5.15367
170.0	0.415302	-0.236638	0.65194	0.827735	8.89992
171.0	0.658843	0.461446	0.197398	0.83954	8.76367
172.0	0.392894	0.575486	0.182591	0.840322	8.73395
173.0	0.458424	0.568184	0.10976	0.922579	5.38076
174.0	0.94103	0.649227	0.291803	0.90678	5.90502
175.0	0.435109	0.218297	0.216812	0.829153	9.23603
176.0	0.525968	0.65777	0.131802	0.839066	8.80811
177.0	0.119616	0.293086	0.173471	0.861447	7.80136
178.0	0.856093	0.832	0.0240928	0.743662	13.8396
179.0	0.934266	0.848927	0.0853395	0.82497	9.47632
180.0	0.295939	1.42927	1.13333	0.90819	4.71627
181.0	0.101362	0.285541	0.18418	0.831142	9.15684
182.0	0.469248	-0.217966	0.687214	0.835736	8.48179
183.0	0.2781	0.331628	0.053528	0.860554	7.86784
184.0	0.46164	0.804155	0.342514	0.76279	12.5813
185.0	0.389959	0.870985	0.481026	0.898029	6.10147
186.0	0.639602	0.428887	0.210715	0.80544	10.3897
187.0	0.813019	1.24436	0.431345	0.836279	8.75765
188.0	0.979922	0.564754	0.415169	0.97298	3.48369
189.0	0.206001	0.662704	0.456703	0.853622	7.95762
190.0	0.412234	0.704774	0.29254	0.81072	10.0816
191.0	0.102682	0.124955	0.0222723	0.822746	9.58975
192.0	0.752817	1.07158	0.318767	0.855708	7.97668
193.0	0.0812848	0.324484	0.243199	0.79897	10.7009
194.0	0.938294	0.745148	0.193146	0.874878	7.22554
195.0	0.673843	0.0191521	0.65469	0.760699	12.3352
196.0	0.115244	0.77485	0.659607	0.793435	10.5655
197.0	0.527993	0.305929	0.222064	0.923043	5.3283
198.0	0.37532	0.148787	0.226533	0.850733	8.24744
199.0	0.483261	0.342602	0.140659	0.848006	8.40155
200.0	0.494581	0.425188	0.0693925	0.906449	5.99544
201.0	0.130929	0.426641	0.295712	0.871448	7.31815
202.0	0.705073	1.81858	1.1135	0.791101	9.79935
203.0	0.0436551	0.0199373	0.0237177	0.792497	11.1006
204.0	0.518231	0.198032	0.320199	0.905352	5.94303
205.0	0.411317	-0.0450756	0.456393	0.827031	9.16335
206.0	0.528327	0.913119	0.384792	0.838123	8.71332
207.0	0.78193	0.780916	0.00101316	0.858677	7.95208
208.0	0.754981	0.972472	0.217491	0.805656	10.3757
209.0	0.471233	0.599661	0.128428	0.958199	4.11575
210.0	0.676788	0.569324	0.107464	0.872038	7.37013
211.0	0.664571	0.555468	0.109102	0.884972	6.83643
212.0	0.0162632	-0.181042	0.197305	0.882779	6.89865
213.0	0.0517106	0.461886	0.410176	0.936483	4.73031
214.0	0.582706	0.498442	0.0842635	0.891996	6.5588
215.0	0.479164	0.392734	0.0864302	0.8291	9.28085
216.0	0.485186	0.420159	0.0650269	0.856685	8.03449
217.0	0.124314	0.249845	0.125531	0.843852	8.59227
218.0	0.460324	0.271498	0.188826	0.813065	10.0209
219.0	0.286245	0.451976	0.165731	0.837369	8.87526
220.0	0.218786	0.671563	0.452777	0.882303	6.75286
221.0	0.080397	0.0132001	0.0671968	0.881962	6.96634
222.0	0.963619	0.721537	0.242082	0.849943	8.27489
223.0	0.220121	0.456844	0.236723	1.0032	2.63093
224.0	0.65922	0.545162	0.114058	0.7788	11.8148
225.0	0.902555	0.734177	0.168378	0.847966	8.39439
226.0	0.662729	0.715509	0.0527793	0.928638	5.16736
227.0	0.107844	0.29266	0.184815	0.900647	6.19144
228.0	0.197814	0.567075	0.369261	0.909962	5.73442
229.0	0.964592	0.748444	0.216148	0.820455	9.64968
230.0	0.132224	0.436649	0.304425	0.832184	9.04566
231.0	0.804668	0.591556	0.213111	0.896855	6.32883
232.0	0.0363416	-0.084868	0.12121	0.786614	11.3939
233.0	0.713393	1.09705	0.383653	0.951451	4.22689
234.0	0.0354324	0.245325	0.209893	0.866035	7.5907
235.0	0.840054	0.899189	0.0591342	0.842805	8.65253
236.0	0.304173	0.100327	0.203846	0.774713	12.0047
237.0	0.650308	0.626806	0.0235019	0.807673	10.3264
238.0	0.671332	0.976917	0.305585	0.84499	8.45971
239.0	0.413814	0.0880234	0.325791	0.927179	5.12311
240.0	0.229491	0.347759	0.118268	0.926809	5.22352
241.0	0.0811514	0.617139	0.535988	0.781466	11.3577
242.0	0.243197	0.411129	0.167932	0.899643	6.23639
243.0	0.0294946	0.271583	0.242089	0.92335	5.30819
244.0	0.604363	0.793388	0.189025	0.891554	6.54821
245.0	0.842784	0.97415	0.131366	0.963614	3.93251
246.0	0.209596	0.0152023	0.194394	0.923087	5.33761
247.0	0.921971	0.560858	0.361114	0.844251	8.45422
248.0	0.472561	0.147792	0.324769	0.867488	7.46659
249.0	0.824539	1.10801	0.283466	0.846638	8.39944
250.0	0.503725	-0.359441	0.863165	0.900598	5.50799
251.0	0.92	0.60208	0.31792	0.897074	6.2658
252.0	0.341469	0.487252	0.145783	0.825988	9.41296
253.0	0.397103	0.261363	0.13574	0.746573	13.6431
254.0	0.872032	1.09504	0.223007	0.793083	11.0147
255.0	0.906848	1.08303	0.176185	0.798833	10.7392
256.0	0.903521	0.945488	0.0419674	0.918587	5.53873
257.0	0.297586	0.444608	0.147022	0.840513	8.73758
258.0	0.649777	0.981229	0.331452	0.846808	8.36108
259.0	0.128927	0.133244	0.00431659	0.86901	7.50933
260.0	0.640322	0.573287	0.0670351	0.875709	7.22407
261.0	0.787967	1.23322	0.445257	0.812105	9.89034
262.0	0.796303	0.668764	0.127539	0.856629	8.02448
263.0	0.40477	0.316009	0.0887605	0.819811	9.72281
264.0	0.442729	0.225489	0.21724	0.94246	4.63127
265.0	0.55099	0.728335	0.177345	0.871004	7.39339
266.0	0.133823	0.775038	0.641215	0.874276	6.87603
267.0	0.327989	0.53011	0.202121	0.837014	8.87737
268.0	0.454368	-0.240962	0.69533	0.897542	5.87628
269.0	0.99646	0.640737	0.355723	0.895832	6.2897
270.0	0.830813	0.36191	0.468903	0.894884	6.23576
271.0	0.40959	1.13137	0.721785	0.871808	6.86841
272.0	0.913538	0.708245	0.205293	0.846589	8.44155
273.0	0.498327	0.511447	0.0131201	0.897272	6.35677
274.0	0.612097	0.93136	0.319263	0.93382	4.88715
275.0	0.814528	0.396497	0.418031	0.871637	7.2222
276.0	0.527366	1.00981	0.482443	0.791442	10.8943
277.0	0.0124267	0.494657	0.48223	0.967576	3.60727
278.0	0.499792	0.881835	0.382042	0.805575	10.2709
279.0	0.491091	0.221071	0.27002	0.765862	12.4599
280.0	0.653878	0.583752	0.0701263	0.798763	10.772
281.0	0.485389	0.574388	0.0889987	0.822373	9.59962
282.0	0.883651	0.562117	0.321535	0.876036	7.11108
283.0	0.891508	1.34719	0.455678	0.857421	7.79327
284.0	0.777177	0.983829	0.206652	0.947313	4.4657
285.0	0.6074	0.915947	0.308547	0.876669	7.09313
286.0	0.286196	0.720146	0.43395	0.844995	8.3604
287.0	0.923055	0.843923	0.0791319	0.925397	5.28252
288.0	0.89294	0.552994	0.339946	0.84494	8.43879
289.0	0.883852	0.607516	0.276336	0.818583	9.70777
290.0	0.404409	0.599075	0.194666	0.837191	8.87239
291.0	0.269785	0.268765	0.00101977	0.8605	7.87312
292.0	0.858339	0.996002	0.137662	0.911839	5.77605
293.0	0.540942	0.804605	0.263663	0.869306	7.4263
294.0	0.920057	0.157012	0.763045	0.809547	9.59849
295.0	0.812551	1.21886	0.406308	0.861532	7.65964
296.0	0.197519	0.330335	0.132816	0.915227	5.6494
297.0	0.256961	0.308549	0.0515886	0.729692	14.6987
298.0	0.415052	0.531507	0.116455	0.879185	7.07122
299.0	0.337513	0.662856	0.325344	0.899005	6.1856
300.0	0.722385	0.754997	0.0326127	0.809458	10.237
301.0	0.482263	0.702679	0.220415	0.810822	10.1172
302.0	0.836456	0.176252	0.660203	0.810505	9.71024
303.0	0.782266	1.17538	0.393111	0.839366	8.64987
304.0	0.324051	0.390763	0.0667122	0.792367	11.103
305.0	0.181222	0.560529	0.379307	0.853901	8.0121
306.0	0.167797	0.691079	0.523283	0.851404	7.98756
307.0	0.597967	0.723697	0.12573	0.910501	5.82987
308.0	0.0141961	0.441538	0.427342	0.87209	7.19537
309.0	0.381716	0.444551	0.0628348	0.735972	14.3051
310.0	0.393967	0.613334	0.219367	0.798821	10.7208
311.0	0.246208	0.562951	0.316743	0.898897	6.19518
312.0	0.951954	1.05986	0.107907	0.93796	4.8235
313.0	0.144827	0.0953504	0.0494767	0.895793	6.41281
314.0	0.247892	-0.0014002	0.249292	0.906114	5.95279
315.0	0.359917	0.466225	0.106309	0.838434	8.84345
316.0	0.64889	0.710259	0.0613685	0.967572	3.81267
317.0	0.837812	1.13865	0.300838	0.829372	9.17925
318.0	0.273132	0.756503	0.483371	0.851932	8.00582
319.0	0.315726	0.290308	0.0254185	0.884093	6.88333
320.0	0.696902	0.26546	0.431442	0.894815	6.27144
321.0	0.421835	0.0551264	0.366708	0.856237	7.91978
322.0	0.399443	0.336453	0.0629896	0.931637	5.05747
323.0	0.746899	0.182727	0.564172	0.915508	5.35233
324.0	0.740954	1.11141	0.370458	0.903004	5.99985
325.0	0.924832	0.486106	0.438726	0.891862	6.38184
326.0	0.261488	0.189192	0.0722954	0.84644	8.48685
327.0	0.589265	0.692166	0.102901	0.863333	7.74029
328.0	0.62008	0.210915	0.409164	0.923966	5.18274
329.0	0.543066	0.999189	0.456123	0.809323	10.0165
330.0	0.981202	0.608718	0.372484	0.945636	4.43565
331.0	0.359066	0.321665	0.0374011	0.828154	9.33188
332.0	0.47945	1.01717	0.537721	0.842156	8.38265
333.0	0.913544	0.903759	0.00978519	0.803411	10.541
334.0	0.0804293	0.142876	0.0624465	0.870092	7.45971
335.0	0.94726	0.755259	0.192001	0.81708	9.82346
336.0	0.377174	0.083524	0.29365	0.794482	10.9012
337.0	0.0231346	0.709161	0.686027	0.841518	8.22239
338.0	0.715649	0.75122	0.0355713	0.795644	10.9365
339.0	0.930402	1.27316	0.342754	0.809305	10.1166
340.0	0.822314	0.666037	0.156277	0.881817	6.95241
341.0	0.547642	0.812357	0.264715	0.934588	4.88939
342.0	0.851261	0.0168859	0.834375	0.850286	7.60352
343.0	0.891626	0.856632	0.034994	0.906606	5.99288
344.0	0.647746	0.449804	0.197942	0.903766	6.06553
345.0	0.794032	0.603508	0.190524	0.832328	9.09901
346.0	0.903854	0.849665	0.0541886	0.842948	8.64663
347.0	0.264347	0.142865	0.121481	0.804072	10.4914
348.0	0.232361	-0.0116865	0.244048	0.8681	7.48734
349.0	0.817091	0.871219	0.0541283	0.870999	7.42249
350.0	0.862837	0.549529	0.313308	0.858288	7.86801
351.0	0.469548	0.114494	0.355054	0.903992	5.97258
352.0	0.441593	0.253316	0.188277	0.873197	7.2975
353.0	0.245458	0.242875	0.00258312	0.883333	6.91491
354.0	0.0580403	-0.0786979	0.136738	0.832419	9.11354
355.0	0.993919	0.759873	0.234046	0.73812	14.1106
356.0	0.0940398	0.309982	0.215943	0.791899	11.0798
357.0	0.0424698	0.416602	0.374132	0.812992	9.91046
358.0	0.760234	1.33317	0.572936	0.842527	8.32521
359.0	0.52191	0.0449903	0.47692	0.888076	6.49813
360.0	0.170538	0.205016	0.0344782	0.868908	7.51243
361.0	0.44987	0.0436967	0.406174	0.861097	7.67843
362.0	0.130688	0.409628	0.27894	0.819465	9.66367
363.0	0.701997	0.529121	0.172877	0.793522	11.0142
364.0	0.981403	0.901993	0.0794102	0.855782	8.07179
365.0	0.679999	0.660385	0.0196132	0.748929	13.5246
366.0	0.0811725	0.532123	0.450951	0.803738	10.2995
367.0	0.607471	0.855309	0.247838	0.830376	9.16328
368.0	0.16643	0.0631892	0.103241	0.902494	6.14252
369.0	0.00547507	0.444626	0.439151	0.801418	10.4279
370.0	0.866213	1.07701	0.2108	0.937091	4.82389
371.0	0.324688	0.210071	0.114618	0.834405	9.02719
372.0	0.821277	0.767101	0.0541756	0.842578	8.66343
373.0	0.287695	0.609453	0.321757	0.944162	4.5195
374.0	0.549886	0.528449	0.0214372	0.772082	12.1973
375.0	0.687438	0.678	0.00943853	0.771114	12.2514
376.0	0.917338	0.435763	0.481576	0.822704	9.34249
377.0	0.440055	0.70242	0.262365	0.880586	6.95842
378.0	0.164182	-0.0343887	0.198571	0.786672	11.3627
379.0	0.232052	0.531254	0.299203	0.840016	8.68868
380.0	0.877613	0.654265	0.223348	0.849368	8.30948
381.0	0.413607	0.625136	0.21153	0.883001	6.88384
382.0	0.859986	0.632381	0.227605	0.82494	9.42984
383.0	0.0480651	-0.0671612	0.115226	0.822667	9.57974
384.0	0.57863	-0.036044	0.614674	0.785074	11.0641
385.0	0.431798	0.0239856	0.407812	0.811519	9.95398
386.0	0.116353	0.792484	0.676131	0.860712	7.39779
387.0	0.550803	0.502484	0.0483187	0.790926	11.1807
388.0	0.610072	0.745515	0.135443	0.888408	6.6913
389.0	0.391395	1.22843	0.837035	0.897783	5.65819
390.0	0.141543	-0.266021	0.407565	0.843461	8.45241
391.0	0.780113	0.672626	0.107486	0.850957	8.27884
392.0	0.383548	0.659615	0.276068	0.897479	6.27421
393.0	0.897436	0.976016	0.0785802	0.86802	7.54494
394.0	0.914165	0.381034	0.533131	0.919036	5.25376
395.0	0.673166	1.49553	0.822361	0.833956	8.34969
396.0	0.210468	0.0695857	0.140882	0.818612	9.7677
397.0	0.380462	0.971539	0.591077	0.835429	8.62466
398.0	0.98878	0.53531	0.453469	0.826087	9.21057
399.0	0.527255	0.732213	0.204958	0.954162	4.23006
400.0	0.891966	1.00768	0.115719	0.865984	7.62412
401.0	0.293343	0.236116	0.0572261	0.938501	4.81205
402.0	0.581157	0.507752	0.0734048	0.754161	13.2105
403.0	0.247165	0.530546	0.283381	0.912548	5.69029
404.0	0.21577	0.492595	0.276824	0.849267	8.28613
405.0	0.792165	-0.092467	0.884632	0.850753	7.49541
406.0	0.226313	0.279083	0.0527701	0.862638	7.77809
407.0	0.35681	0.115637	0.241174	0.903433	6.05997
408.0	0.0928269	0.202108	0.109281	0.872197	7.3631
409.0	0.564329	0.854926	0.290598	0.777073	11.8264
410.0	0.943735	0.792456	0.151279	0.982314	3.31432
411.0	0.506702	0.259643	0.247059	0.844387	8.52068
412.0	0.650803	0.9605	0.309697	0.914339	5.60785
413.0	0.527189	0.0429888	0.4842	0.795255	10.6956
414.0	0.185356	-0.00402575	0.189382	0.968639	3.74841
415.0	0.029383	-0.148874	0.178257	0.893979	6.45571
416.0	0.187866	0.909856	0.721991	0.888665	6.18694
417.0	0.225908	0.837252	0.611343	0.788044	10.913
418.0	0.853603	0.862528	0.00892463	0.94711	4.51204
419.0	0.339101	0.384314	0.0452128	0.808093	10.3038
420.0	0.688109	0.718061	0.0299519	0.938004	4.83196
421.0	0.195113	0.479693	0.28458	0.880027	6.96918
422.0	0.997784	1.22737	0.229584	0.878899	7.04377
423.0	0.168955	0.167814	0.00114092	0.951471	4.36097
424.0	0.604849	0.730621	0.125772	0.879325	7.0632
425.0	0.0791963	0.115054	0.0358576	0.921946	5.4144
426.0	0.14287	0.285174	0.142304	0.836925	8.90329
427.0	0.596829	0.991085	0.394256	0.841809	8.53807
428.0	0.259171	0.39679	0.137619	0.891609	6.56256
429.0	0.279518	-0.0539191	0.333437	0.824491	9.38731
430.0	0.263501	0.366841	0.10334	0.86782	7.54884
431.0	0.00501874	0.126214	0.121196	0.973196	3.61733
432.0	0.462592	0.338665	0.123928	0.870688	7.423
433.0	0.484157	0.656505	0.172348	0.81996	9.69193
434.0	0.608622	0.344066	0.264555	0.813665	9.95392
435.0	0.635953	0.477763	0.158189	0.871664	7.3722
436.0	0.768939	0.119764	0.649175	0.894656	6.04855
437.0	0.697744	0.971919	0.274175	0.911191	5.74657
438.0	0.317073	0.270444	0.0466291	0.930546	5.09864
439.0	0.747297	0.431715	0.315582	0.89858	6.20827
440.0	0.354992	0.481756	0.126764	0.820352	9.68781
441.0	0.5475	0.849596	0.302096	0.777477	11.7965
442.0	0.106421	0.286946	0.180525	0.878954	7.06167
443.0	0.123132	0.271227	0.148096	0.878083	7.10825
444.0	0.0111848	-0.258886	0.270071	0.741636	13.8742
445.0	0.804779	1.12231	0.317531	0.876012	7.11464
446.0	0.283172	0.430315	0.147143	0.903774	6.08224
447.0	0.53298	1.09029	0.557306	0.885426	6.52241
448.0	0.212078	0.94782	0.735742	0.913826	5.20383
449.0	0.535807	0.744755	0.208949	0.890076	6.59939
450.0	0.676266	1.25735	0.581089	0.800135	10.3326
451.0	0.910687	0.843594	0.0670933	0.75706	13.0429
452.0	0.0588969	0.745157	0.686261	0.91755	5.13242
453.0	0.506197	0.425905	0.080292	0.90451	6.06855
454.0	0.958446	0.861549	0.0968975	0.842923	8.64098
455.0	0.630841	-0.117511	0.748352	0.867079	7.02573
456.0	0.521918	0.847819	0.325901	0.9186	5.43876
457.0	0.65057	0.740049	0.0894793	0.897376	6.34499
458.0	0.669676	0.454715	0.214961	0.732075	14.4952
459.0	0.00518638	0.668216	0.663029	0.815103	9.483
460.0	0.379481	0.425983	0.0465015	0.85156	8.26191
461.0	0.156436	0.162471	0.00603533	0.82891	9.29776
462.0	0.769713	0.779865	0.0101521	0.839763	8.7945
463.0	0.961505	0.351742	0.609763	0.874124	6.9215
464.0	0.0120972	0.161052	0.148955	0.881281	6.97657
465.0	0.508027	0.636045	0.128019	0.911358	5.79677
466.0	0.318375	0.765332	0.446957	0.812298	9.87924
467.0	0.635888	0.741304	0.105417	0.894119	6.47049
468.0	0.176591	0.318084	0.141493	0.765496	12.5425
469.0	0.656636	0.622953	0.0336825	0.917996	5.5614
470.0	0.0607034	0.42829	0.367587	0.903247	5.99253
471.0	0.576228	0.681615	0.105387	0.783345	11.572
472.0	0.648514	0.458892	0.189622	0.890426	6.59301
473.0	0.409052	0.279427	0.129625	0.85348	8.16198
474.0	0.106975	0.226496	0.119522	0.8196	9.72604
475.0	0.975944	0.779025	0.196919	0.856385	8.01191
476.0	0.967577	0.324826	0.642751	0.856234	7.63448
477.0	0.785973	1.20684	0.420866	0.913954	5.54472
478.0	0.200281	-0.580274	0.780555	0.92547	4.71461
479.0	0.977052	0.611995	0.365057	0.84052	8.61976
480.0	0.158597	0.152996	0.00560072	0.888171	6.71899
481.0	0.914147	0.536341	0.377806	0.864344	7.5622
482.0	0.658245	0.784349	0.126104	0.865337	7.64911
483.0	0.495306	0.769687	0.274382	0.919929	5.4188
484.0	0.185207	0.0739019	0.111305	0.870136	7.44923
485.0	0.516566	0.071006	0.44556	0.90904	5.7097
486.0	0.315745	0.445479	0.129734	0.900854	6.20025
487.0	0.169169	-0.0177254	0.186895	0.86053	7.83596
488.0	0.980809	0.563084	0.417725	0.869352	7.31816
489.0	0.834901	0.882073	0.0471718	0.806541	10.3812
490.0	0.288456	0.80263	0.514174	0.832818	8.8342
491.0	0.188124	0.535687	0.347563	0.893524	6.38632
492.0	0.860284	1.008	0.147719	0.808879	10.2429
493.0	0.417945	0.102244	0.315701	0.829396	9.16835
494.0	0.300011	0.387835	0.0878239	0.799886	10.7115
495.0	0.306725	0.312349	0.00562404	0.839123	8.82385
496.0	0.075492	0.545004	0.469512	0.838802	8.60628
497.0	0.0573143	0.417961	0.360646	0.878295	6.99121
498.0	0.444222	-0.353896	0.798118	0.787438	10.6501
499.0	0.179612	0.245324	0.0657125	0.817918	9.81821
500.0	0.725637	1.2731	0.547461	0.806404	10.0606
501.0	0.0992474	0.258788	0.159541	0.903422	6.09216
502.0	0.0960757	0.0361077	0.059968	0.822685	9.58932
503.0	0.603663	0.59606	0.00760336	0.846986	8.46777
504.0	0.118842	-0.122419	0.241262	0.864976	7.62138
505.0	0.289668	0.136457	0.15321	0.847869	8.4038
506.0	0.0804528	0.846669	0.766216	0.84657	7.87771
507.0	0.408291	0.210109	0.198182	0.81929	9.71384
508.0	0.273036	0.73569	0.462655	0.831982	8.92613
509.0	0.713002	0.56813	0.144872	0.888176	6.69802
510.0	0.654135	1.22754	0.573402	0.840879	8.39877
511.0	0.592307	0.885466	0.293159	0.867048	7.50508
512.0	0.149663	0.592212	0.442549	0.992782	2.83151
513.0	0.487436	0.33768	0.149756	0.75542	13.1167
514.0	0.60146	0.195729	0.405731	0.805701	10.244
515.0	0.121987	0.294251	0.172263	0.880063	7.019
516.0	0.626777	0.49238	0.134397	0.803093	10.5371
517.0	0.478602	0.427952	0.0506505	0.814411	9.99108
518.0	0.542147	0.282904	0.259243	0.79499	10.8963
519.0	0.175092	0.819906	0.644814	0.901227	5.79936
520.0	0.0972998	0.345486	0.248187	0.841564	8.64769
521.0	0.552802	1.03623	0.483423	0.983863	3.07911
522.0	0.570463	0.607071	0.0366076	0.839436	8.80814
523.0	0.257819	-0.162771	0.42059	0.866742	7.42574
524.0	0.280245	0.357244	0.0769989	0.911576	5.79855
525.0	0.928062	0.135938	0.792124	0.919773	4.90411
526.0	0.261915	0.486337	0.224422	0.774226	12.0212
527.0	0.450102	0.418677	0.0314247	0.88238	6.9528
528.0	0.469521	0.745026	0.275505	0.890146	6.56477
529.0	0.683366	0.977085	0.293719	0.798077	10.7162
530.0	0.339547	0.647069	0.307522	0.866153	7.53425
531.0	0.0361786	-0.365199	0.401377	0.845633	8.3602
532.0	0.89594	0.676642	0.219298	0.778151	11.8096
533.0	0.227092	0.467635	0.240543	0.873565	7.25952
534.0	0.0852401	0.47022	0.38498	0.819143	9.60296
535.0	0.972745	1.5419	0.569159	0.859381	7.58995
536.0	0.532881	0.443843	0.0890379	0.922426	5.39034
537.0	0.886119	0.568549	0.31757	0.849091	8.26877
538.0	0.105791	0.0875149	0.0182763	0.916106	5.63295
539.0	0.397861	0.0318433	0.366018	0.871371	7.27443
540.0	0.326335	-0.0848767	0.411211	0.840271	8.59341
541.0	0.718052	0.868495	0.150443	0.84436	8.56215
542.0	0.327281	0.243984	0.0832966	0.926062	5.2575
543.0	0.133049	-0.18769	0.320739	0.761284	12.6839
544.0	0.314055	0.694125	0.38007	0.860389	7.72985
545.0	0.130289	0.489551	0.359262	0.84898	8.24436
546.0	0.724297	0.78477	0.0604733	0.83868	8.84028
547.0	0.403211	0.122101	0.281111	0.75706	12.9544
548.0	0.350625	0.433756	0.0831305	0.861893	7.80592
549.0	0.0828374	0.127282	0.0444445	0.793767	11.0329
550.0	0.0729998	0.247172	0.174173	0.926057	5.23559
551.0	0.549293	0.3813	0.167992	0.774323	12.0416
552.0	0.335332	0.542662	0.207329	0.939107	4.75359
553.0	0.585301	1.15452	0.56922	0.797731	10.4694
554.0	0.66535	0.775022	0.109671	0.773438	12.109
555.0	0.649668	0.554229	0.0954386	0.810044	10.1991
556.0	0.348562	0.902963	0.554401	0.773872	11.7444
557.0	0.175765	0.702358	0.526592	0.803624	10.2238
558.0	0.771813	0.400862	0.370951	0.854096	8.01004
559.0	0.869476	0.893788	0.0243122	0.967347	3.82298
560.0	0.0694451	0.123005	0.0535596	0.892794	6.53123
561.0	0.214123	0.380498	0.166375	0.921434	5.40828
562.0	0.550969	0.308004	0.242965	0.787151	11.3151
563.0	0.673485	0.588453	0.085032	0.886226	6.7903
564.0	0.118452	0.102828	0.015624	0.934581	4.95491
565.0	0.867946	0.810282	0.057664	0.905147	6.04699
566.0	0.877247	0.697018	0.180229	0.879052	7.05771
567.0	0.540074	0.587609	0.0475347	0.949175	4.43827
568.0	0.016823	0.366121	0.349298	0.787114	11.2456
569.0	0.292281	0.322132	0.0298505	0.767426	12.4563
570.0	0.173097	-0.0200208	0.193117	0.884164	6.84395
571.0	0.637277	0.928938	0.291661	0.926805	5.1566
572.0	0.26704	0.559312	0.292271	0.857346	7.92201
573.0	0.862845	0.403824	0.45902	0.878577	6.89914
574.0	0.693294	0.508816	0.184478	0.784531	11.4825
575.0	0.691943	0.534231	0.157712	0.877893	7.11312
576.0	0.0948098	-0.163092	0.257901	0.84083	8.67586
577.0	0.747311	0.332378	0.414933	0.808191	10.1118
578.0	0.0367842	0.469328	0.432543	0.820019	9.5189
579.0	0.0150956	0.196275	0.181179	0.944828	4.56148
580.0	0.835825	1.10797	0.272149	0.818702	9.70451
581.0	0.915756	0.97675	0.0609933	0.838184	8.86296
582.0	0.267695	0.241789	0.0259054	0.851028	8.287
583.0	0.90411	0.488657	0.415454	0.924668	5.15214
584.0	0.221734	0.718263	0.496529	0.877571	6.90464
585.0	0.725315	-0.243975	0.96929	0.883979	5.96598
586.0	0.0249333	0.146442	0.121509	0.921854	5.40501
587.0	0.147083	0.191103	0.0440195	0.835607	8.9835
588.0	0.862532	0.836918	0.0256137	0.958527	4.11906
589.0	0.102382	0.214868	0.112486	0.8289	9.28471
590.0	0.373818	1.18404	0.810226	0.899695	5.62715
591.0	0.232803	0.499982	0.267179	0.973162	3.56779
592.0	0.769199	1.08035	0.311155	0.867993	7.45403
593.0	0.770197	1.16461	0.394416	0.849653	8.18705
594.0	0.00959582	0.158725	0.149129	0.749047	13.4913
595.0	0.798065	0.946812	0.148747	0.904814	6.04162
596.0	0.0324851	-0.0810726	0.113558	0.88495	6.83631
597.0	0.754209	0.687464	0.0667445	0.885447	6.82458
598.0	0.768936	0.768573	0.000362566	0.859959	7.8965
599.0	0.515252	0.479849	0.0354025	0.829457	9.27074
600.0	0.719305	0.542044	0.177261	0.878949	7.06301
601.0	0.879686	0.715223	0.164462	0.889743	6.62911
602.0	0.722185	0.970587	0.248402	0.834899	8.95275
603.0	0.688693	0.932599	0.243906	0.917632	5.5193
604.0	0.602374	1.13497	0.532601	0.823332	9.25724
605.0	0.138163	-0.246862	0.385025	0.86447	7.55125
606.0	0.365867	0.688684	0.322818	0.857592	7.89201
607.0	0.111993	0.244507	0.132514	0.883209	6.90246
608.0	0.859108	0.875962	0.0168541	0.821923	9.62945
609.0	0.644107	1.18149	0.537388	0.785847	11.1238
610.0	0.168899	0.577953	0.409054	0.92848	5.01835
611.0	0.884911	0.600992	0.283919	0.859727	7.82375
612.0	0.959177	1.01112	0.0519468	0.921612	5.42544
613.0	0.15352	0.233081	0.079561	0.839622	8.79437
614.0	0.420092	0.481918	0.0618255	0.821634	9.63946
615.0	0.704112	0.810807	0.106695	0.815931	9.90717
616.0	0.387283	0.440647	0.0533634	0.833073	9.09999
617.0	0.438645	0.441572	0.00292645	0.919921	5.49072
618.0	0.600908	1.38016	0.779252	0.806178	9.73638
619.0	0.654726	0.92879	0.274063	0.93078	5.02164
620.0	0.901501	1.00919	0.107694	0.893249	6.50455
621.0	0.437983	0.525851	0.0878684	0.774224	12.0707
622.0	0.560311	0.982164	0.421853	0.800899	10.4707
623.0	0.792839	0.56007	0.232769	0.842977	8.59149
624.0	0.410523	-0.167344	0.577868	0.725497	14.5533
625.0	0.573301	0.76808	0.194778	0.877994	7.09585
626.0	0.963834	1.00599	0.0421536	0.829573	9.26469
627.0	0.850042	0.448414	0.401628	0.857673	7.82985
628.0	0.351328	0.509663	0.158336	0.851388	8.24572
629.0	0.15816	0.257237	0.0990773	0.853021	8.18941
630.0	0.00433839	0.190856	0.186517	0.894611	6.42776
631.0	0.562277	1.04739	0.485112	0.810629	9.92234
632.0	0.123179	-0.104178	0.227357	0.843676	8.56252
633.0	0.0558484	0.259253	0.203405	0.886367	6.75069
634.0	0.882376	0.105672	0.776704	0.831682	8.52976
635.0	0.608355	0.0541718	0.554183	0.799276	10.4098
636.0	0.929437	1.09834	0.168905	0.887804	6.7055
637.0	0.194557	0.335018	0.140461	0.887694	6.71866
638.0	0.410461	0.3865	0.0239605	0.895681	6.41906
639.0	0.393751	0.611249	0.217498	0.830482	9.17341
640.0	0.444644	0.319328	0.125316	0.868434	7.51773
641.0	0.210966	0.45711	0.246144	0.864532	7.6379
642.0	0.0217522	-0.0359096	0.0576619	0.861277	7.83613
643.0	0.865703	0.666728	0.198976	0.836762	8.89032
644.0	0.0534731	0.115132	0.0616591	0.838124	8.86563
645.0	0.736301	-0.193331	0.929632	0.868568	6.66129
646.0	0.859553	0.73224	0.127312	0.8549	8.10022
647.0	0.597211	0.501766	0.0954449	0.9163	5.61728
648.0	0.0700475	0.0337912	0.0362563	0.879963	7.05147
649.0	0.16531	-0.0737997	0.23911	0.852385	8.16833
650.0	0.882144	0.837901	0.0442429	0.822445	9.60257
651.0	0.143491	0.367465	0.223974	0.898471	6.26079
652.0	0.976511	0.940454	0.0360575	0.924385	5.3244
653.0	0.0814918	0.866615	0.785123	0.813607	9.3649
654.0	0.503991	0.35925	0.144741	0.775287	11.997
655.0	0.978475	0.132362	0.846112	0.877905	6.42659
656.0	0.310043	0.417644	0.107601	0.893125	6.5095
657.0	0.752941	0.396483	0.356458	0.828451	9.18338
658.0	0.688982	0.938697	0.249716	0.758906	12.8678
659.0	0.103978	0.274344	0.170366	0.849056	8.34506
660.0	0.038732	0.264257	0.225525	0.842383	8.62185
661.0	0.0303896	0.270753	0.240364	0.866164	7.57123
662.0	0.553455	0.335337	0.218118	0.791862	11.0807
663.0	0.150919	0.772211	0.621291	0.846125	8.1047
664.0	0.0722729	0.304026	0.231753	0.951181	4.32168
665.0	0.873009	1.02632	0.153309	0.837825	8.85849
666.0	0.685503	0.607106	0.0783972	0.869342	7.48905
667.0	0.677654	0.913684	0.23603	0.88655	6.7291
668.0	0.69904	0.935178	0.236137	0.779742	11.7147
669.0	0.031116	0.300797	0.269681	0.83416	8.97522
670.0	0.345948	0.50282	0.156872	0.822553	9.57295
671.0	0.421048	0.217236	0.203812	0.912971	5.71152
672.0	0.753244	1.08605	0.33281	0.825024	9.36247
673.0	0.00232369	1.03594	1.03362	0.839554	7.69421
674.0	0.813712	0.938928	0.125216	0.854744	8.10758
675.0	0.806668	0.747522	0.0591459	0.796533	10.8881
676.0	0.921919	1.37166	0.449736	0.809005	10.0385
677.0	0.254263	0.186655	0.0676073	0.822183	9.6123
678.0	0.190142	0.246265	0.0561229	0.820971	9.67205
679.0	0.851321	0.525822	0.325499	0.857057	7.91347
680.0	0.765219	0.78754	0.0223214	0.879298	7.07965
681.0	0.252703	0.559471	0.306768	0.904627	5.97908
682.0	0.079744	-0.0884623	0.168206	0.907921	5.91627
683.0	0.446748	0.512703	0.0659554	0.892114	6.5568
684.0	0.762508	0.836906	0.0743976	0.846355	8.49035
685.0	0.635595	0.496881	0.138714	0.906827	5.96696
686.0	0.813592	0.732611	0.080981	0.92785	5.19253
687.0	0.306097	-0.0113849	0.317482	0.971213	3.60537
688.0	0.966564	0.518406	0.448158	0.905379	5.84707
689.0	0.666818	0.262061	0.404757	0.806465	10.2067
690.0	0.718895	0.66954	0.0493551	0.86435	7.70503
691.0	0.129742	0.631636	0.501894	0.900057	6.00277
692.0	0.597187	0.737898	0.140711	0.929108	5.13422
693.0	0.761074	0.515086	0.245988	0.890917	6.54915
694.0	0.391403	0.543603	0.1522	0.892439	6.52534
695.0	0.363581	0.499969	0.136388	0.871919	7.368
696.0	0.749033	0.76224	0.0132068	0.927981	5.19378
697.0	0.232113	0.127615	0.104498	0.907015	5.96779
698.0	0.0105148	0.102463	0.0919487	0.916138	5.62399
699.0	0.248852	-0.0198011	0.268653	0.815091	9.8818
700.0	0.78016	0.491555	0.288604	0.903074	6.04947
701.0	0.0779504	0.242255	0.164304	0.91343	5.70812
702.0	0.0180284	-0.365486	0.383514	0.90884	5.76671
703.0	0.702988	0.592004	0.110984	0.84832	8.3953
704.0	0.0334317	0.394422	0.36099	0.802928	10.421
705.0	0.545792	0.31882	0.226972	0.868348	7.48501
706.0	0.0139206	0.0911137	0.0771931	0.88889	6.68421
707.0	0.464388	0.367657	0.0967303	0.817377	9.83898
708.0	0.765227	0.451069	0.314158	0.95065	4.29879
709.0	0.95978	1.18281	0.223033	0.933878	4.93382
710.0	0.577212	0.802135	0.224923	0.887621	6.691
711.0	0.429172	0.843297	0.414125	0.807864	10.1287
712.0	0.595422	0.925149	0.329727	0.892906	6.42264
713.0	0.302657	0.374661	0.0720042	0.931769	5.05157
714.0	0.53134	0.848625	0.317285	0.843255	8.5302
715.0	0.352701	0.224496	0.128205	0.814852	9.95433
716.0	0.00128772	0.309077	0.30779	0.816477	9.78983
717.0	0.557658	0.174481	0.383177	0.825066	9.32178
718.0	0.10797	0.451706	0.343736	0.952164	4.22896
719.0	0.395049	0.242806	0.152243	0.867825	7.53592
720.0	0.911785	0.907461	0.00432421	0.883635	6.9026
721.0	0.791146	0.45931	0.331837	0.92141	5.33092
722.0	0.261181	0.450743	0.189562	0.867244	7.54757
723.0	0.161485	0.600837	0.439353	0.908478	5.73632
724.0	0.616973	0.742424	0.12545	0.852492	8.20663
725.0	0.664631	1.06706	0.402426	0.84551	8.36483
726.0	0.534013	0.559553	0.0255404	0.854636	8.12787
727.0	0.577831	0.341073	0.236757	0.936526	4.83319
728.0	0.65672	1.25975	0.603033	0.857748	7.61968
729.0	0.0734573	0.0282965	0.0451608	0.881247	6.99809
730.0	0.65337	0.828731	0.175361	0.880677	6.99274
731.0	0.763878	0.7057	0.0581781	0.832772	9.11343
732.0	0.84822	0.991464	0.143244	0.866962	7.57526
733.0	0.750034	0.12462	0.625413	0.889353	6.28675
734.0	0.179411	0.496118	0.316707	0.794565	10.8811
735.0	0.00878115	-0.0170758	0.0258569	0.835117	9.00747
736.0	0.849001	0.514703	0.334298	0.808525	10.1616
737.0	0.760075	1.15808	0.398008	0.931961	4.90111
738.0	0.968157	1.00813	0.0399736	0.841151	8.72965
739.0	0.760184	0.309854	0.45033	0.808457	10.065
740.0	0.61111	1.20712	0.596012	0.834822	8.64625
741.0	0.938326	0.643826	0.2945	0.930183	5.03233
742.0	0.101952	0.638556	0.536604	0.968712	3.52044
743.0	0.942307	1.15891	0.216598	0.858457	7.91337
744.0	0.127035	0.358183	0.231148	0.799939	10.6578
745.0	0.860991	0.582092	0.278899	0.797331	10.7639
746.0	0.845568	0.610168	0.2354	0.968643	3.73072
747.0	0.605717	0.467796	0.13792	0.864759	7.6706
748.0	0.976735	1.46632	0.489587	0.842785	8.40595
749.0	0.834137	0.389372	0.444765	0.782913	11.3823
750.0	0.40854	0.00523016	0.40331	0.89482	6.29418
751.0	0.00684116	0.0490381	0.0421969	0.822842	9.58376
752.0	0.85159	0.697859	0.153731	0.862014	7.78359
753.0	0.0488809	0.261893	0.213012	0.885146	6.79609
754.0	0.738403	0.34638	0.392023	0.843916	8.44495
755.0	0.95824	0.383273	0.574967	0.780307	11.3704
756.0	0.628459	0.303935	0.324524	0.812009	9.99654
757.0	0.701214	0.543327	0.157886	0.86057	7.84449
758.0	0.411188	0.416028	0.00483964	0.764443	12.6255
759.0	0.573432	0.744379	0.170947	0.812537	10.0539
760.0	0.599875	0.420579	0.179296	0.824945	9.45073
761.0	0.533628	0.535488	0.00186035	0.831261	9.1875
762.0	0.545384	-0.235433	0.780817	0.786392	10.735
763.0	0.342734	0.477796	0.135062	0.837209	8.89235
764.0	0.560028	0.656104	0.0960758	0.793289	11.0496
765.0	0.997287	1.45851	0.461222	0.906625	5.78799
766.0	0.531718	0.563796	0.0320784	0.873389	7.32423
767.0	0.273281	0.773367	0.500086	0.806792	10.0957
768.0	0.34614	0.651846	0.305705	0.851886	8.15274
769.0	0.611697	0.966621	0.354924	0.816243	9.76721
770.0	0.111084	0.335706	0.224621	0.835252	8.94839
771.0	0.0971531	0.368499	0.271346	0.842015	8.61461
772.0	0.810586	1.08466	0.274078	0.966235	3.79287
773.0	0.876853	1.20799	0.331142	0.805622	10.3085
774.0	0.097694	0.698945	0.601251	0.834336	8.66193
775.0	0.578175	0.263626	0.31455	0.823293	9.45742
776.0	0.4724	0.423486	0.0489136	0.763216	12.6923
777.0	0.896378	0.843253	0.0531245	0.821472	9.64834
778.0	0.235974	0.104548	0.131426	0.879155	7.06873
779.0	0.836776	0.912411	0.0756351	0.808896	10.2598
780.0	0.740077	1.09382	0.353743	0.868028	7.42386
781.0	0.360498	0.149213	0.211286	0.955808	4.17145
782.0	0.340781	0.328772	0.0120092	0.911042	5.82441
783.0	0.359558	0.533957	0.174399	0.855207	8.07204
784.0	0.902878	1.04299	0.140109	0.816597	9.86573
785.0	0.493305	0.495674	0.00236837	0.828414	9.32115
786.0	0.209688	0.809736	0.600049	0.862929	7.40182
787.0	0.0857376	0.362031	0.276294	0.870352	7.37538
788.0	0.449235	0.942529	0.493294	0.872092	7.13428
789.0	0.471829	0.53621	0.064381	0.92585	5.26793
790.0	0.450261	0.425123	0.0251381	0.889251	6.67496
791.0	0.0453858	0.599539	0.554154	0.763272	12.3319
792.0	0.0133732	-0.313698	0.327072	0.7335	14.3316
793.0	0.221846	0.376588	0.154742	0.868462	7.50818
794.0	0.966879	0.712501	0.254378	0.865024	7.61269
795.0	0.106571	0.00359509	0.102975	0.777027	11.9139
796.0	0.648916	0.801953	0.153036	0.775231	11.9973
797.0	0.74343	1.01287	0.269439	0.792174	11.0362
798.0	0.847018	0.632091	0.214927	0.824729	9.44589
799.0	0.620831	0.332368	0.288463	0.895672	6.33838
800.0	0.32175	0.448073	0.126323	0.895691	6.40356
801.0	0.478441	0.598648	0.120207	0.86227	7.78197
802.0	0.570348	1.29573	0.725383	0.81998	9.15688
803.0	0.17017	0.15979	0.0103794	0.895872	6.41198
804.0	0.485661	-0.232845	0.718506	0.751291	12.771
805.0	0.218641	0.507854	0.289213	0.902749	6.06168
806.0	0.27998	0.429809	0.149829	0.842052	8.66671
807.0	0.977957	1.17061	0.192652	0.937626	4.81166
808.0	0.877185	0.663477	0.213708	0.82274	9.54125
809.0	0.825145	0.45648	0.368665	0.911367	5.68161
810.0	0.0257268	0.451432	0.425706	0.787478	11.1594
811.0	0.542316	0.252365	0.289951	0.838588	8.75954
812.0	0.722259	0.55606	0.166199	0.829244	9.25249
813.0	0.568996	0.297591	0.271405	0.848042	8.34375
814.0	0.487726	0.475139	0.0125871	0.829406	9.27432
815.0	0.616955	1.06893	0.451979	0.822173	9.39745
816.0	0.656452	0.810917	0.154465	0.83044	9.20044
817.0	0.863488	1.25613	0.392645	0.783774	11.3861
818.0	0.96759	0.370154	0.597437	0.820803	9.29883
819.0	0.362341	0.64141	0.27907	0.867146	7.50909
820.0	0.624306	0.764224	0.139918	0.790907	11.1622
821.0	0.816688	0.97714	0.160451	0.818642	9.75988
822.0	0.901138	0.875044	0.0260941	0.818007	9.81788
823.0	0.984923	0.918433	0.0664897	0.770868	12.26
824.0	0.694595	0.957554	0.262959	0.814606	9.90881
825.0	0.103254	0.202662	0.0994081	0.86428	7.70043
826.0	0.559889	0.913435	0.353545	0.936821	4.75851
827.0	0.0488482	0.870831	0.821983	0.793638	10.2888
828.0	0.761607	1.16613	0.404524	0.81647	9.71531
829.0	0.176574	0.0679933	0.108581	0.864918	7.67122
830.0	0.38119	0.723514	0.342324	0.911617	5.69013
831.0	0.30466	0.909714	0.605054	0.882038	6.60413
832.0	0.394238	0.533287	0.139049	0.827368	9.34972
833.0	0.369757	0.338757	0.0310003	0.879209	7.08286
834.0	0.296575	-0.0443108	0.340886	0.862281	7.67743
835.0	0.520487	0.840776	0.320289	0.897054	6.26512
836.0	0.664322	0.78595	0.121628	0.837673	8.87468
837.0	0.180966	0.172901	0.00806516	0.804855	10.4682
838.0	0.692058	1.04066	0.348606	0.867443	7.45224
839.0	0.985252	0.732624	0.252628	0.869917	7.40632
840.0	0.739419	0.665312	0.074107	0.858802	7.94101
841.0	0.546369	0.0171928	0.529177	0.879092	6.80908
842.0	0.846276	0.882052	0.0357769	0.95369	4.28345
843.0	0.884016	0.974935	0.0909186	0.813616	10.0238
844.0	0.404302	0.378201	0.026101	0.813706	10.0277
845.0	0.530402	0.198992	0.33141	0.822945	9.4623
846.0	0.76235	0.869984	0.107634	0.841437	8.7061
847.0	0.519415	0.438019	0.0813961	0.910466	5.84007
848.0	0.284527	-0.267617	0.552144	0.881803	6.67417
849.0	0.358684	0.404475	0.045791	0.787084	11.3832
850.0	0.562633	0.585574	0.0229414	0.953386	4.29459
851.0	0.581829	0.547223	0.0346051	0.942668	4.66657
852.0	0.767928	0.186567	0.58136	0.847128	8.10993
853.0	0.374225	0.956316	0.582091	0.930043	4.80167
854.0	0.483025	0.590771	0.107746	0.904467	6.06521
855.0	0.867576	0.645216	0.222359	0.856319	8.00379
856.0	0.179534	0.172363	0.0071706	0.900566	6.22785
857.0	0.00749756	0.150418	0.14292	0.810598	10.1592
858.0	0.149304	0.158008	0.00870464	0.879948	7.05333
859.0	0.959648	1.18601	0.226364	0.857386	7.95547
860.0	0.727252	0.531751	0.195501	0.877507	7.11567
861.0	0.0826983	-0.0598812	0.14258	0.844464	8.5599
862.0	0.750591	0.482878	0.267713	0.807053	10.2789
863.0	0.818147	0.922625	0.104478	0.784585	11.506
864.0	0.936765	0.398503	0.538262	0.921457	5.15944
865.0	0.229178	-0.121807	0.350985	0.904983	5.93723
866.0	0.775218	0.972492	0.197275	0.821606	9.60285
867.0	0.582302	0.220751	0.361551	0.89108	6.47354
868.0	0.373757	0.599069	0.225312	0.885735	6.76692
869.0	0.935255	0.485008	0.450247	0.898623	6.10619
870.0	0.892423	0.703655	0.188769	0.85119	8.2435
871.0	0.0270504	-0.0137952	0.0408456	0.90957	5.87899
872.0	0.672782	0.378281	0.294501	0.822743	9.49681
873.0	0.954348	0.462284	0.492064	0.965294	3.67412
874.0	0.958578	1.46551	0.506934	0.885511	6.57184
875.0	0.259861	0.473369	0.213508	0.91431	5.65713
876.0	0.679953	1.42534	0.74539	0.861467	7.26626
877.0	0.97905	0.622445	0.356605	0.788449	11.1695
878.0	0.93799	0.903209	0.0347815	0.830912	9.20254
879.0	0.561086	0.418396	0.142691	0.751241	13.3638
880.0	0.422052	0.782999	0.360947	0.841213	8.59146
881.0	0.689368	1.30643	0.617059	0.743565	13.3866
882.0	0.174017	0.78964	0.615623	0.811938	9.70197
883.0	0.64845	0.892984	0.244533	0.805219	10.3838
884.0	0.730871	0.971128	0.240257	0.80587	10.3534
885.0	0.48952	0.366145	0.123375	0.748628	13.5246
886.0	0.61829	1.15424	0.535953	0.83324	8.79058
887.0	0.888618	0.566577	0.32204	0.837605	8.7838
888.0	0.103403	0.363474	0.260071	0.98017	3.34363
889.0	0.791763	0.799284	0.00752111	0.812448	10.0902
890.0	0.568713	0.881178	0.312466	0.865529	7.55766
891.0	0.276036	0.312943	0.0369069	0.850376	8.31523
892.0	0.254588	0.146124	0.108463	0.820481	9.68627
893.0	0.790323	1.50473	0.714404	0.852198	7.71005
894.0	0.395343	0.328223	0.0671196	0.826639	9.40014
895.0	0.886828	0.430785	0.456043	0.893913	6.28562
896.0	0.419176	0.561434	0.142258	0.797284	10.8307
897.0	0.224307	-0.231472	0.455779	0.858943	7.72742
898.0	0.590507	0.734799	0.144292	0.840096	8.75743
899.0	0.327662	0.669179	0.341518	0.933109	4.89892
900.0	0.131258	0.0621675	0.0690903	0.860727	7.85842
901.0	0.288821	0.637188	0.348367	0.954033	4.16207
902.0	0.725815	0.48943	0.236386	0.936616	4.83016
903.0	0.144447	0.231676	0.0872284	0.793889	11.0202
904.0	0.954554	0.377748	0.576806	0.791975	10.7548
905.0	0.758557	0.933856	0.175299	0.885226	6.80741
906.0	0.406111	0.46958	0.0634694	0.872898	7.34173
907.0	0.662897	0.563841	0.0990556	0.822797	9.57726
908.0	0.365336	0.445083	0.0797478	0.886321	6.78732
909.0	0.696052	0.953035	0.256982	0.771503	12.1531
910.0	0.426267	-0.0312985	0.457566	0.775822	11.7507
911.0	0.658621	0.31639	0.342231	0.945403	4.46366
912.0	0.139915	0.0854387	0.0544762	0.947237	4.50495
913.0	0.890678	0.494615	0.396063	0.836442	8.78102
914.0	0.689951	0.0495325	0.640419	0.83063	8.7813
915.0	0.907816	0.667708	0.240108	0.861199	7.78381
916.0	0.175338	0.033778	0.14156	0.765306	12.5532
917.0	0.968984	0.461922	0.507062	0.801263	10.3647
918.0	0.735661	1.20717	0.471508	0.885492	6.60685
919.0	0.755168	0.722929	0.0322391	0.826921	9.39053
920.0	0.733498	0.496946	0.236552	0.799053	10.7002
921.0	0.283656	0.272843	0.0108132	0.830226	9.23585
922.0	0.899576	1.09067	0.191092	0.955005	4.20625
923.0	0.339124	-0.024466	0.36359	0.880072	6.91619
924.0	0.188701	-0.165308	0.354008	0.851194	8.15025
925.0	0.175444	0.155208	0.020236	0.794182	11.0131
926.0	0.0060034	0.0240017	0.0179983	0.890371	6.63039
927.0	0.528202	-0.0171785	0.545381	0.857413	7.70169
928.0	0.2244	0.554789	0.330388	0.895241	6.32996
929.0	0.680511	0.161405	0.519106	0.875146	6.98153
930.0	0.94011	1.01657	0.0764633	0.928447	5.17144
931.0	0.453968	0.174084	0.279884	0.898209	6.24355
932.0	0.0166994	0.413558	0.396859	0.851479	8.10439
933.0	0.165951	0.564183	0.398232	0.887265	6.59852
934.0	0.0978164	0.583529	0.485713	0.814282	9.74311
935.0	0.681261	0.799252	0.11799	0.943149	4.63787
936.0	0.203697	0.143763	0.0599336	0.878656	7.10299
937.0	0.438693	0.597109	0.158417	0.852926	8.17778
938.0	0.544526	0.00517387	0.539352	0.896138	6.11741
939.0	0.385808	0.424137	0.0383286	0.842627	8.66271
940.0	0.280156	0.0783794	0.201777	0.833929	9.01994
941.0	0.0384672	0.38267	0.344203	0.913902	5.60272
942.0	0.191684	0.146234	0.0454501	0.901857	6.17563
943.0	0.0779918	0.5535	0.475508	0.852045	8.00863
944.0	0.704542	0.624458	0.0800841	0.868521	7.52351
945.0	0.902872	1.01509	0.112221	0.913724	5.71087
946.0	0.496162	0.578108	0.0819461	0.857534	7.99489
947.0	0.53706	0.0853629	0.451697	0.87314	7.13018
948.0	0.488773	0.431004	0.0577685	0.930791	5.08866
949.0	0.184337	0.304422	0.120085	0.866126	7.61702
950.0	0.747395	0.61831	0.129085	0.832093	9.13089
951.0	0.28666	-0.155513	0.442173	0.832906	8.90301
952.0	0.201138	0.461748	0.26061	0.878826	7.03153
953.0	0.326231	0.381279	0.0550482	0.8156	9.93242
954.0	0.470647	0.207471	0.263175	0.928794	5.09908
955.0	0.993878	0.888937	0.104941	0.903148	6.11682
956.0	0.467276	0.619946	0.15267	0.76397	12.6249
957.0	0.167404	0.132706	0.0346981	0.893012	6.52418
958.0	0.665232	0.798773	0.133542	0.842392	8.65618
959.0	0.0603728	0.786886	0.726513	0.756091	12.4811
960.0	0.0634185	0.434863	0.371444	0.790667	11.0412
961.0	0.387523	1.23939	0.851867	0.832359	8.37087
962.0	0.242295	0.270294	0.0279994	0.842729	8.65881
963.0	0.026363	-0.175891	0.202254	0.840595	8.71352
964.0	0.919872	0.538167	0.381705	0.837157	8.76001
965.0	0.772395	0.352004	0.420391	0.816756	9.68726
966.0	0.436135	0.325684	0.110452	0.925317	5.27986
967.0	0.806188	0.86049	0.0543019	0.959698	4.07731
968.0	0.529025	0.948616	0.419591	0.832354	8.94922
969.0	0.863749	0.428327	0.435422	0.850997	8.09243
970.0	0.741633	0.851696	0.110062	0.805133	10.4409
971.0	0.928128	0.781293	0.146836	0.900752	6.19964
972.0	0.426565	0.721957	0.295392	0.794175	10.9159
973.0	0.402797	0.209613	0.193184	0.740806	13.9679
974.0	0.870146	0.947012	0.0768664	0.766524	12.5011
975.0	0.887437	0.72537	0.162066	0.847984	8.39577
976.0	0.438137	0.657982	0.219845	0.773101	12.0855
977.0	0.693867	0.779432	0.0855648	0.778948	11.8132
978.0	0.0535055	0.268622	0.215117	0.870443	7.40196
979.0	0.532267	0.52037	0.0118964	0.869603	7.48414
980.0	0.372155	-0.0205137	0.392669	0.769668	12.1525
981.0	0.730786	0.891137	0.160351	0.964494	3.89542
982.0	0.437992	-0.0457171	0.483709	0.776129	11.7058
983.0	0.43276	0.0287801	0.403979	0.75617	12.9061
984.0	0.962717	0.949977	0.0127406	0.768162	12.4159
985.0	0.0822406	-0.130804	0.213044	0.802398	10.5419
986.0	0.107944	0.0387402	0.0692037	0.804698	10.4709
987.0	0.769123	1.1556	0.386481	0.84732	8.29711
988.0	0.924252	0.520668	0.403584	0.86534	7.49936
989.0	0.474073	0.492873	0.0188004	0.799666	10.7309
990.0	0.415087	0.624622	0.209536	0.846087	8.46223
991.0	0.168278	0.627165	0.458886	0.900746	6.01611
992.0	0.0366786	0.49662	0.459941	0.999755	2.60226
993.0	0.0569539	0.766652	0.709698	0.798816	10.2161
994.0	0.900207	1.29597	0.395764	0.873603	7.15853
995.0	0.26085	0.609939	0.349089	0.914273	5.58553
996.0	0.892245	0.550067	0.342178	0.733822	14.2992
997.0	0.0655829	0.171326	0.105743	0.945563	4.55578
998.0	0.987029	0.820926	0.166103	0.788155	11.2977
999.0	0.131506	0.303312	0.171806	0.831801	9.13079
1000.0	0.0475619	0.364612	0.31705	0.847025	8.36113
1001.0	0.746709	0.629144	0.117564	0.880078	7.03424
1002.0	0.670141	0.211239	0.458902	0.862647	7.56555
1003.0	0.746864	0.185064	0.5618	0.805307	10.0977
1004.0	0.649371	0.815727	0.166355	0.817413	9.81729
1005.0	0.484203	0.310673	0.173529	0.807029	10.3259
1006.0	0.639332	0.128743	0.510589	0.93022	4.86817
1007.0	0.964055	0.745346	0.218708	0.795844	10.8739
1008.0	0.712583	0.871304	0.158721	0.796096	10.8863
1009.0	0.553056	0.671336	0.11828	0.870135	7.44765
1010.0	0.787592	0.609117	0.178475	0.870744	7.40392
1011.0	0.73746	1.44528	0.707819	0.92695	4.76195
1012.0	0.502309	0.162486	0.339823	0.79314	10.9378
1013.0	0.84396	1.05517	0.211207	0.868742	7.47536
1014.0	0.101206	-0.184727	0.285933	0.853079	8.11235
1015.0	0.0165018	0.109835	0.0933332	0.816746	9.87038
1016.0	0.50407	1.13734	0.633267	0.871012	7.02112
1017.0	0.864933	0.434195	0.430738	0.855406	7.90347
1018.0	0.100303	0.583946	0.483643	0.821251	9.40956
1019.0	0.621805	0.652208	0.0304024	0.875151	7.25085
1020.0	0.490631	0.257688	0.232943	0.860803	7.80435
1021.0	0.279969	0.486101	0.206132	0.945314	4.53557
1022.0	0.259507	0.330565	0.071058	0.944195	4.60933
1023.0	0.0133815	0.643849	0.630468	0.874143	6.89512
1024.0	0.783175	1.82741	1.04423	0.854406	7.02845
1025.0	0.0462809	0.443399	0.397119	0.918263	5.40233
1026.0	0.0902121	0.476212	0.386	0.891084	6.45539
1027.0	0.887126	0.686864	0.200262	0.844441	8.5402
1028.0	0.859294	1.02477	0.165472	0.805963	10.3823
1029.0	0.164766	0.20429	0.0395244	0.862006	7.80656
1030.0	0.472378	0.151822	0.320556	0.804341	10.3804
1031.0	0.00815374	0.287666	0.279512	0.912331	5.70059
1032.0	0.0875031	0.378034	0.290531	0.88032	6.95373
1033.0	0.338182	0.320439	0.0177433	0.815911	9.92018
1034.0	0.331782	0.310981	0.0208001	0.854435	8.13695
1035.0	0.442142	0.123434	0.318708	0.804948	10.3512
1036.0	0.525454	0.493152	0.0323023	0.773659	12.1095
1037.0	0.713112	0.501002	0.21211	0.897654	6.29789
1038.0	0.601331	0.416421	0.184909	0.927392	5.18316
1039.0	0.180771	0.3951	0.21433	0.877604	7.10393
1040.0	0.276796	0.672442	0.395646	0.816897	9.70233
1041.0	0.038958	0.461947	0.422989	0.826121	9.23755
1042.0	0.578121	0.406345	0.171776	0.800776	10.6418
1043.0	0.848523	0.819852	0.0286706	0.858537	7.95732
1044.0	0.029335	-0.256763	0.286098	0.849004	8.29241
1045.0	0.381288	0.0101157	0.371173	0.919994	5.35704
1046.0	0.801085	1.23078	0.429698	0.871872	7.20243
1047.0	0.123785	0.149452	0.0256673	0.85194	8.24663
1048.0	0.831157	1.0734	0.242243	0.890164	6.58103
1049.0	0.827063	0.987919	0.160856	0.868286	7.51367
1050.0	0.734457	1.07169	0.337233	0.924801	5.2028
1051.0	0.320136	0.266233	0.0539034	0.777573	11.893
1052.0	0.899492	1.1146	0.215106	0.853129	8.14687
1053.0	0.384702	0.0476991	0.337003	0.848895	8.26424
1054.0	0.355803	0.810928	0.455125	0.788403	11.0816
1055.0	0.0917256	-0.297438	0.389164	0.869661	7.32848
1056.0	0.239826	0.348079	0.108254	0.861985	7.79704
1057.0	0.0477202	0.124574	0.0768543	0.929028	5.15024
1058.0	0.71938	0.570019	0.149361	0.852483	8.20018
1059.0	0.538779	0.388148	0.150631	0.811451	10.1145
1060.0	0.757738	0.78133	0.0235918	0.825042	9.48018
1061.0	0.913695	0.66009	0.253605	0.853706	8.10283
1062.0	0.787756	0.744704	0.0430523	0.905399	6.03873
1063.0	0.135454	0.153367	0.0179129	0.890186	6.63779
1064.0	0.774522	0.70125	0.0732719	0.870881	7.425
1065.0	0.710526	0.726505	0.0159789	0.932142	5.0427
1066.0	0.35987	0.567616	0.207746	0.940173	4.71566
1067.0	0.774155	1.57535	0.801194	0.846638	7.81846
1068.0	0.988749	0.345234	0.643515	0.967436	3.45
1069.0	0.724641	0.641375	0.0832655	0.823791	9.53289
1070.0	0.983206	1.28273	0.299521	0.954238	4.1839
1071.0	0.00834373	0.316056	0.307712	0.89225	6.46247
1072.0	0.708214	0.559188	0.149026	0.844566	8.55329
1073.0	0.53774	0.587692	0.0499526	0.809371	10.2398
1074.0	0.455874	0.80622	0.350346	0.754124	13.0727
1075.0	0.64855	1.08342	0.434871	0.858202	7.77848
1076.0	0.535967	0.905005	0.369038	0.796998	10.7158
1077.0	0.986048	0.199261	0.786787	0.771641	11.5091
1078.0	0.671149	0.853505	0.182355	0.852643	8.18176
1079.0	0.59242	1.46203	0.869606	0.873181	6.57879
1080.0	0.54864	1.27692	0.728278	0.790261	10.6228
1081.0	0.608059	0.143464	0.464595	0.867872	7.33864
1082.0	0.026181	0.0572972	0.0311162	0.810439	10.1884
1083.0	0.577602	0.423824	0.153778	0.849846	8.31555
1084.0	0.0600178	-0.13916	0.199177	0.830773	9.16795
1085.0	0.630579	0.663093	0.0325141	0.852778	8.20923
1086.0	0.275499	0.302577	0.0270784	0.946795	4.5224
1087.0	0.291996	-0.132024	0.42402	0.862167	7.61743
1088.0	0.809172	0.503797	0.305375	0.901703	6.09287
1089.0	0.275714	0.273997	0.00171764	0.881326	6.99687
1090.0	0.0951678	0.210834	0.115666	0.79298	11.061
1091.0	0.704837	0.642676	0.0621611	0.800827	10.6678
1092.0	0.386856	0.691498	0.304642	0.888844	6.60015
1093.0	0.231445	0.484455	0.253009	0.858652	7.88735
1094.0	0.435373	0.774187	0.338814	0.944032	4.51368
1095.0	0.540219	0.546762	0.00654287	0.860992	7.85183
1096.0	0.412745	1.09004	0.677295	0.897368	5.90691
1097.0	0.394343	0.361462	0.0328815	0.898639	6.30219
1098.0	0.752206	1.02065	0.268442	0.823599	9.4718
1099.0	0.455026	0.861527	0.406501	0.869799	7.30876
1100.0	0.946145	1.06821	0.122066	0.817834	9.81076
1101.0	0.180974	0.918784	0.73781	0.870854	6.88451
1102.0	0.309152	0.680134	0.370983	0.844957	8.41495
1103.0	0.877669	0.610569	0.2671	0.842142	8.61127
1104.0	0.37847	0.64464	0.26617	0.908508	5.85278
1105.0	0.108655	0.247886	0.139231	0.933776	4.96592
1106.0	0.852011	1.20495	0.352937	0.84148	8.58535
1107.0	0.0977938	0.0418834	0.0559105	0.792477	11.0987
1108.0	0.446602	0.36805	0.0785523	0.828548	9.3082
1109.0	0.666556	0.72708	0.0605246	0.811467	10.1347
1110.0	0.27908	0.721376	0.442296	0.922635	5.20494
1111.0	0.953084	0.611364	0.34172	0.917415	5.47282
1112.0	0.646139	0.729864	0.083725	0.798365	10.7901
1113.0	0.351846	0.370153	0.0183075	0.889983	6.64593
1114.0	0.268357	0.213218	0.0551386	0.91344	5.73074
1115.0	0.556588	0.596139	0.0395512	0.929814	5.12575
1116.0	0.309154	0.0157261	0.293428	0.897114	6.27887
1117.0	0.253177	0.209928	0.0432495	0.854259	8.14319
1118.0	0.450797	0.0699544	0.380842	0.883246	6.7741
1119.0	0.358894	0.564392	0.205497	0.908928	5.86433
1120.0	0.861031	0.945894	0.0848628	0.896554	6.37815
1121.0	0.613997	0.494766	0.119231	0.800319	10.6821
1122.0	0.420153	0.726239	0.306086	0.740831	13.8978
1123.0	0.0489186	0.480919	0.432	0.767799	12.2187
1124.0	0.459654	0.157898	0.301756	0.786173	11.3305
1125.0	0.368169	0.0534594	0.314709	0.944285	4.51936
1126.0	0.431827	0.81194	0.380113	0.873001	7.19577
1127.0	0.110299	0.0100287	0.100271	0.824466	9.49733
1128.0	0.116551	0.468822	0.352271	0.844922	8.43066
1129.0	0.734728	1.01611	0.281386	0.894395	6.39272
1130.0	0.885039	0.421003	0.464036	0.827994	9.11062
1131.0	0.397365	0.789784	0.392419	0.800986	10.4929
1132.0	0.97122	0.40689	0.56433	0.815032	9.61724
1133.0	0.576375	1.07885	0.502478	0.850553	8.04701
1134.0	0.253703	0.333012	0.0793089	0.865513	7.65142
1135.0	0.668425	0.386697	0.281728	0.865437	7.58017
1136.0	0.560797	1.00156	0.44076	0.851299	8.07429
1137.0	0.529973	0.809863	0.27989	0.913605	5.65231
1138.0	0.508046	0.468286	0.0397601	0.841603	8.70909
1139.0	0.600251	0.973921	0.37367	0.854348	7.99689
1140.0	0.308452	0.42843	0.119977	0.843819	8.5952
1141.0	0.248839	0.637704	0.388865	0.896741	6.22991
1142.0	0.712324	1.07943	0.367101	0.783952	11.3987
1143.0	0.904342	0.776363	0.127979	0.838536	8.83344
1144.0	0.6051	0.720937	0.115836	0.933934	4.96581
1145.0	0.0408643	0.141474	0.10061	0.766187	12.5151
1146.0	0.299663	0.730564	0.430901	0.880318	6.85286
1147.0	0.423072	0.461109	0.0380371	0.816932	9.86924
1148.0	0.537627	0.381965	0.155662	0.817655	9.80932
1149.0	0.786187	0.608892	0.177295	0.919994	5.45808
1150.0	0.392177	0.0464641	0.345713	0.821892	9.50212
1151.0	0.276256	0.392385	0.116128	0.83281	9.10088
1152.0	0.738661	0.751086	0.012425	0.861176	7.84376
1153.0	0.475217	0.911728	0.436511	0.792018	10.9118
1154.0	0.790166	0.922979	0.132813	0.86799	7.53457
1155.0	0.549412	0.403358	0.146054	0.871289	7.39168
1156.0	0.256172	0.342272	0.0861004	0.907545	5.95085
1157.0	0.954067	1.18626	0.232192	0.838756	8.7837
1158.0	0.66522	0.590393	0.0748265	0.794895	10.9703
1159.0	0.333115	0.490066	0.156951	0.841749	8.6782
1160.0	0.717339	1.29471	0.577371	0.878176	6.79347
1161.0	0.30883	0.517458	0.208628	0.836677	8.89004
1162.0	0.548096	0.807531	0.259435	0.874525	7.21005
1163.0	0.569981	0.768072	0.198091	0.850393	8.27506
1164.0	0.358883	0.439184	0.0803003	0.828428	9.31355
1165.0	0.0297827	0.395828	0.366045	0.860024	7.75626
1166.0	0.0241676	-0.0947342	0.118902	0.778817	11.8125
1167.0	0.42051	-0.207354	0.627864	0.908257	5.55206
1168.0	0.954499	0.535529	0.41897	0.839703	8.61244
1169.0	0.800447	0.38169	0.418757	0.891661	6.4066
1170.0	0.127647	0.321751	0.194104	0.89548	6.3906
1171.0	0.155386	0.185046	0.0296598	0.896179	6.39913
1172.0	0.185786	-0.121124	0.30691	0.800717	10.5729
1173.0	0.232745	0.557676	0.324931	0.846828	8.36465
1174.0	0.9195	1.09793	0.178427	0.81982	9.69635
1175.0	0.510074	0.167297	0.342776	0.87334	7.20882
1176.0	0.457128	0.699956	0.242828	0.863956	7.66413
1177.0	0.980185	0.763899	0.216285	0.856659	7.99172
1178.0	0.3759	0.430308	0.0544078	0.782251	11.64
1179.0	0.226565	0.533051	0.306486	0.914962	5.58636
1180.0	0.264286	0.0284328	0.235853	0.863469	7.68838
1181.0	0.139662	0.309342	0.169681	0.802466	10.5569
1182.0	0.841787	0.763371	0.0784158	0.854663	8.12102
1183.0	0.0621089	0.398322	0.336213	0.908199	5.82389
1184.0	0.710505	0.368945	0.34156	0.873474	7.2041
1185.0	0.900101	1.22913	0.329027	0.816187	9.78918
1186.0	0.0624987	0.892696	0.830197	0.814295	9.25378
1187.0	0.332846	0.19615	0.136696	0.83925	8.79834
1188.0	0.399459	0.618468	0.219009	0.807394	10.288
1189.0	0.596522	0.475264	0.121258	0.815151	9.94158
1190.0	0.450939	0.571323	0.120384	0.874652	7.25795
1191.0	0.945994	1.28267	0.336674	0.855224	7.98573
1192.0	0.780653	0.0866077	0.694045	0.818164	9.29088
1193.0	0.318679	-0.137535	0.456215	0.912292	5.57758
1194.0	0.00128662	0.313296	0.312009	0.856047	7.96628
1195.0	0.470659	1.04032	0.569658	0.837505	8.55606
1196.0	0.625347	-0.0494564	0.674803	0.924184	4.90446
1197.0	0.259501	0.40242	0.142919	0.911672	5.78098
1198.0	0.218695	0.360322	0.141627	0.803954	10.4914
1199.0	0.535634	1.05481	0.519177	0.941194	4.47038
1200.0	0.433922	0.0244993	0.409422	0.770615	12.0845
1201.0	0.810616	1.32238	0.511763	0.896176	6.14416
1202.0	0.263444	0.429534	0.16609	0.925584	5.25549
1203.0	0.911378	1.12392	0.212544	0.880716	6.97672
1204.0	0.867732	0.910789	0.0430576	0.823693	9.54303
1205.0	0.449109	0.780202	0.331094	0.809354	10.1228
1206.0	0.179722	0.186558	0.00683544	0.912514	5.76867
1207.0	0.434393	0.311707	0.122685	0.898526	6.29298
1208.0	0.824001	1.00105	0.177045	0.814771	9.94197
1209.0	0.882358	0.854956	0.0274024	0.848531	8.39797
1210.0	0.465245	0.207591	0.257654	0.803242	10.476
1211.0	0.0734942	0.199517	0.126023	0.970412	3.70777
1212.0	0.969883	0.625592	0.344291	0.792161	10.9852
1213.0	0.407138	-0.0830699	0.490208	0.738557	13.8579
1214.0	0.648639	0.531828	0.116812	0.929331	5.13193
1215.0	0.876	0.637578	0.238422	0.86835	7.4795
1216.0	0.794057	0.175684	0.618373	0.881396	6.61399
1217.0	0.617425	0.568157	0.049268	0.798262	10.8005
1218.0	0.664453	0.900315	0.235862	0.789959	11.1711
1219.0	0.904372	1.10895	0.204576	0.849476	8.31303
1220.0	0.808726	0.912118	0.103391	0.812411	10.0804
1221.0	0.843729	1.08875	0.245023	0.815969	9.85228
1222.0	0.165711	-0.118983	0.284695	0.853252	8.10547
1223.0	0.266918	0.428926	0.162008	0.965299	3.86805
1224.0	0.82364	1.16263	0.338993	0.879965	6.9378
1225.0	0.560064	0.16626	0.393805	0.88776	6.58213
1226.0	0.908345	0.8151	0.0932446	0.831135	9.18413
1227.0	0.25122	0.593355	0.342134	0.837778	8.76181
1228.0	0.866866	1.08061	0.213749	0.81853	9.7436
1229.0	0.159179	0.413935	0.254756	0.881911	6.90818
1230.0	0.649002	0.935072	0.28607	0.863551	7.65815
1231.0	0.602095	0.894557	0.292462	0.845945	8.42507
1232.0	0.749081	1.26337	0.514289	0.83717	8.63431
1233.0	0.294893	0.388323	0.0934299	0.911227	5.80912
1234.0	0.892273	0.298931	0.593341	0.851137	7.91871
1235.0	0.267447	0.581941	0.314494	0.866798	7.5025
1236.0	0.00401526	0.142225	0.13821	0.863608	7.71978
1237.0	0.163063	-0.299213	0.462277	0.822107	9.3905
1238.0	0.89474	0.959499	0.0647592	0.8482	8.40915
1239.0	0.689337	0.00151689	0.68782	0.93443	4.52088
1240.0	0.813651	0.848809	0.0351586	0.936708	4.87785
1241.0	0.917259	0.4776	0.43966	0.79984	10.5073
1242.0	0.906728	0.306072	0.600656	0.830845	8.82347
1243.0	0.61022	0.667709	0.0574888	0.881234	6.99733
1244.0	0.852922	1.04368	0.190757	0.850107	8.2907
1245.0	0.357168	0.910452	0.553284	0.831374	8.85678
1246.0	0.1659	0.594519	0.428619	0.944882	4.42054
1247.0	0.964602	-0.0170527	0.981654	0.803438	9.48547
1248.0	0.64021	0.866274	0.226063	0.794046	10.9632
1249.0	0.560822	0.465426	0.0953962	0.887984	6.71751
1250.0	0.61596	0.49782	0.11814	0.833472	9.06961
1251.0	0.414772	0.308114	0.106659	0.871165	7.40696
1252.0	0.0502624	0.351989	0.301727	0.913469	5.64528
1253.0	0.590494	0.482082	0.108412	0.892307	6.54184
1254.0	0.630508	0.151488	0.47902	0.847078	8.22461
1255.0	0.299616	0.343322	0.0437055	0.81679	9.87562
1256.0	0.118756	0.167843	0.0490878	0.859573	7.91075
1257.0	0.442842	0.785905	0.343063	0.816714	9.75337
1258.0	0.365308	0.382862	0.0175542	0.893276	6.51459
1259.0	0.105356	-0.0592382	0.164595	0.856358	8.02518
1260.0	0.295724	0.00645572	0.289268	0.907777	5.8683
1261.0	0.671785	0.516074	0.15571	0.793522	11.0206
1262.0	0.978952	0.758516	0.220436	0.844846	8.51306
1263.0	0.892894	0.816042	0.0768518	0.730244	14.6599
1264.0	0.910718	1.30444	0.39372	0.840336	8.60527
1265.0	0.900067	1.32699	0.426918	0.789996	11.0263
1266.0	0.809211	0.463712	0.345498	0.866742	7.48408
1267.0	0.949763	0.871375	0.0783882	0.84024	8.76633
1268.0	0.316779	0.647576	0.330796	0.820572	9.57623
1269.0	0.0731929	0.643152	0.569959	0.927173	4.91816
1270.0	0.249564	0.543845	0.294281	0.776157	11.8737
1271.0	0.468225	0.211948	0.256277	0.876723	7.1205
1272.0	0.400387	0.586233	0.185846	0.74898	13.4805
1273.0	0.913255	0.871002	0.0422534	0.829942	9.24738
1274.0	0.955366	0.229258	0.726107	0.865951	7.10581
1275.0	0.627028	0.472663	0.154364	0.8634	7.72384
1276.0	0.535286	0.983502	0.448216	0.787372	11.1428
1277.0	0.248916	-0.332576	0.581492	0.82612	9.06769
1278.0	0.612876	0.566724	0.0461527	0.874136	7.2919
1279.0	0.166578	0.24849	0.0819112	0.842538	8.66123
1280.0	0.312647	0.685449	0.372802	0.933498	4.86409
1281.0	0.911727	0.911145	0.00058237	0.829382	9.27561
1282.0	0.0578451	0.0772025	0.0193574	0.823298	9.56348
1283.0	0.400834	0.355712	0.0451214	0.945541	4.565
1284.0	0.638114	0.645229	0.00711535	0.886716	6.77763
1285.0	0.488329	1.17887	0.690536	0.815682	9.41503
1286.0	0.576002	0.414538	0.161463	0.795763	10.9025
1287.0	0.914151	0.463627	0.450525	0.84384	8.39685
1288.0	0.860745	0.718469	0.142276	0.885377	6.81172
1289.0	0.866768	0.186979	0.679789	0.85447	7.66077
1290.0	0.722855	0.35891	0.363945	0.90188	6.04794
1291.0	0.0333823	0.0334199	3.76113e-05	0.90884	5.90847
1292.0	0.738204	0.326049	0.412155	0.890658	6.45181
1293.0	0.156447	-0.202212	0.35866	0.874442	7.15179
1294.0	0.928983	1.0368	0.107821	0.873447	7.3111
1295.0	0.829844	0.599458	0.230386	0.881543	6.93501
1296.0	0.389424	0.583749	0.194325	0.811545	10.0934
1297.0	0.650591	0.181906	0.468685	0.854009	7.92928
1298.0	0.974313	2.13985	1.16553	0.909947	4.58329
1299.0	0.296703	0.254323	0.0423797	0.929786	5.12656
1300.0	0.748075	1.05354	0.30547	0.941823	4.61098
1301.0	0.579415	1.08171	0.50229	0.874223	7.03686
1302.0	0.174297	0.606828	0.432531	0.886187	6.61367
1303.0	0.88052	0.675681	0.204839	0.875559	7.19256
1304.0	0.206728	0.988857	0.78213	0.922098	4.8342
1305.0	0.00850272	-0.277742	0.286244	0.793111	10.977
1306.0	0.452485	0.257762	0.194723	0.93407	4.93802
1307.0	0.750876	0.529143	0.221733	1.00945	2.4469
1308.0	0.388167	0.550678	0.162511	0.776287	11.9361
1309.0	0.406559	0.285439	0.12112	0.857849	7.97297
1310.0	0.0616064	0.550476	0.48887	0.863191	7.51348
1311.0	0.392588	0.657195	0.264608	0.89747	6.28063
1312.0	0.971428	0.0695089	0.901919	0.82159	8.77608
1313.0	0.747251	1.33589	0.588634	0.841981	8.33073
1314.0	0.495535	0.225118	0.270417	0.920877	5.38571
1315.0	0.897816	0.496748	0.401068	0.879877	6.89561
1316.0	0.327307	0.299443	0.0278639	0.885453	6.828
1317.0	0.691439	1.0847	0.393266	0.774734	11.873
1318.0	0.234043	0.564557	0.330514	0.805446	10.3178
1319.0	0.461197	0.113618	0.347579	0.898662	6.18441
1320.0	0.334093	0.306676	0.0274164	0.791602	11.1471
1321.0	0.927422	1.23362	0.306195	0.846411	8.39564
1322.0	0.272942	0.592812	0.31987	0.782972	11.4879
1323.0	0.635518	1.07619	0.440675	0.748632	13.3095
1324.0	0.395208	0.455437	0.0602289	0.883641	6.89875
1325.0	0.48537	0.761204	0.275835	0.90447	6.00257
1326.0	0.587566	0.801031	0.213465	0.823204	9.5192
1327.0	0.477635	0.697082	0.219448	0.796558	10.8368
1328.0	0.831957	0.784326	0.0476316	0.811072	10.1557
1329.0	0.584157	0.426521	0.157636	0.853709	8.14356
1330.0	0.0911906	0.447682	0.356491	0.906232	5.88554
1331.0	0.528922	0.73983	0.210907	0.786386	11.3721
1332.0	0.334133	0.435064	0.100931	0.958192	4.12173
1333.0	0.014809	0.421293	0.406484	0.80182	10.4382
1334.0	0.878652	0.22881	0.649843	0.756542	12.5791
1335.0	0.134716	0.15309	0.0183746	0.852756	8.21095
1336.0	0.153286	0.452618	0.299332	0.820999	9.57715
1337.0	0.629509	0.702969	0.0734594	0.871507	7.39864
1338.0	0.953471	0.745352	0.208119	0.972013	3.63053
1339.0	0.574833	0.723707	0.148873	0.920456	5.44978
1340.0	0.0250166	0.197794	0.172777	0.870803	7.40348
1341.0	0.42704	0.358946	0.0680938	0.821553	9.64246
1342.0	0.443504	-0.119459	0.562963	0.825026	9.14169
1343.0	0.955801	0.767898	0.187903	0.875021	7.22163
1344.0	0.478865	0.460172	0.0186926	0.819207	9.76012
1345.0	0.620855	0.0863881	0.534467	0.787587	11.0359
1346.0	0.57116	0.391646	0.179513	0.884474	6.83642
1347.0	0.0761639	0.0846357	0.00847175	0.880572	7.02771
1348.0	0.239018	0.575991	0.336973	0.784864	11.3743
1349.0	0.392691	0.907751	0.51506	0.826435	9.13051
1350.0	0.666071	0.819045	0.152974	0.906646	5.96986
1351.0	0.719255	0.714476	0.00477914	0.835472	8.99174
1352.0	0.117074	0.274856	0.157781	0.884268	6.85208
1353.0	0.326654	0.703394	0.37674	0.828779	9.15216
1354.0	0.584684	0.916998	0.332315	0.828243	9.21091
1355.0	0.464773	0.393411	0.071362	0.95753	4.14887
1356.0	0.184883	0.243773	0.0588897	0.892217	6.55361
1357.0	0.940913	0.704001	0.236912	0.894293	6.41937
1358.0	0.627988	0.747569	0.119581	0.804084	10.4913
1359.0	0.165914	0.286824	0.12091	0.784781	11.4914
1360.0	0.0731117	-0.0637386	0.13685	0.913423	5.71632
1361.0	0.873432	0.760805	0.112627	0.83569	8.96823
1362.0	0.475081	0.28703	0.18805	0.921636	5.3935
1363.0	0.327217	0.156279	0.170938	0.929856	5.0982
1364.0	0.7775	0.657859	0.119641	0.846788	8.46173
1365.0	0.275567	0.28068	0.00511338	0.849702	8.34655
1366.0	0.48065	0.639504	0.158854	0.875199	7.22436
1367.0	0.496805	0.401935	0.0948697	0.786096	11.4278
1368.0	0.543752	0.495574	0.0481782	0.853134	8.19222
1369.0	0.805051	0.63097	0.174082	0.841062	8.70343
1370.0	0.167279	-0.0437275	0.211007	0.829639	9.21588
1371.0	0.833151	1.09395	0.260804	0.890995	6.53865
1372.0	0.94434	0.621989	0.322351	0.829792	9.14529
1373.0	0.4693	0.0170417	0.452259	0.88439	6.66884
1374.0	0.0822529	0.502071	0.419819	0.851293	8.0932
1375.0	0.618946	0.552124	0.0668228	0.815865	9.91793
1376.0	0.815018	0.74039	0.0746278	0.8549	8.11119
1377.0	0.596405	0.0936596	0.502746	0.774007	11.7998
1378.0	0.430059	0.773404	0.343346	0.807747	10.1935
1379.0	0.224882	0.517257	0.292375	0.794026	10.9256
1380.0	0.414537	0.570326	0.155789	0.87349	7.29654
1381.0	0.70643	0.328177	0.378254	0.801798	10.4639
1382.0	0.552169	1.00252	0.450351	0.826033	9.21613
1383.0	0.683151	1.28161	0.598457	0.826925	9.00868
1384.0	0.484928	1.22666	0.741737	0.813219	9.45487
1385.0	0.381513	0.299489	0.0820239	0.749774	13.4668
1386.0	0.979168	0.945247	0.0339212	0.969952	3.73619
1387.0	0.268796	-0.242444	0.51124	0.876294	6.94232
1388.0	0.795778	0.516541	0.279236	0.817869	9.74056
1389.0	0.415683	1.12247	0.706783	0.903873	5.61774
1390.0	0.198349	0.403378	0.205029	0.871558	7.35944
1391.0	0.65207	0.792528	0.140458	0.836489	8.9239
1392.0	0.622322	0.532419	0.0899027	0.805566	10.4236
1393.0	0.7832	0.829287	0.0460873	0.873758	7.3077
1394.0	0.974727	1.36514	0.390409	0.901881	6.02855
1395.0	0.308162	1.0356	0.72744	0.850707	7.75575
1396.0	0.7612	0.59437	0.166829	0.87091	7.40103
1397.0	0.61438	0.72484	0.11046	0.903812	6.08995
1398.0	0.405061	0.269446	0.135614	0.908541	5.90211
1399.0	0.194091	0.0821556	0.111935	0.90906	5.88798
1400.0	0.729009	1.21543	0.486424	0.787852	11.0773
1401.0	0.323559	0.355136	0.0315763	0.889725	6.65559
1402.0	0.964088	0.568055	0.396033	0.861968	7.64936
1403.0	0.738152	0.982809	0.244657	0.876707	7.127
1404.0	0.755104	0.937365	0.182261	0.905962	5.98664
1405.0	0.457813	0.729888	0.272076	0.777477	11.8163
1406.0	0.386604	0.210275	0.176329	0.816907	9.83818
1407.0	0.184727	0.344609	0.159882	0.874956	7.23412
1408.0	0.351374	0.352739	0.00136439	0.861369	7.8356
1409.0	0.600296	0.437946	0.16235	0.787036	11.3582
1410.0	0.418032	0.29461	0.123423	0.868364	7.52119
1411.0	0.458732	0.105252	0.353479	0.77759	11.7517
1412.0	0.811791	0.942508	0.130717	0.924709	5.29754
1413.0	0.716759	0.382562	0.334197	0.917564	5.47209
1414.0	0.365255	0.386877	0.0216218	0.889555	6.66293
1415.0	0.105762	-0.0232433	0.129005	0.882216	6.94386
1416.0	0.161634	0.883914	0.72228	0.847699	7.89523
1417.0	0.518727	0.424013	0.094714	0.836878	8.91742
1418.0	0.674003	0.557496	0.116507	0.799104	10.7449
1419.0	0.423236	0.192686	0.23055	0.937885	4.78751
1420.0	0.612208	0.709126	0.0969178	0.858479	7.95101
1421.0	0.396131	0.729558	0.333427	0.783379	11.456
1422.0	0.699065	0.664756	0.0343086	0.770452	12.2869
1423.0	0.957621	0.640129	0.317493	0.921623	5.33188
1424.0	0.570218	0.699688	0.12947	0.808917	10.2466
1425.0	0.31893	0.266796	0.0521338	0.920776	5.45639
1426.0	0.399322	0.417676	0.0183536	0.824299	9.51579
1427.0	0.792921	0.499644	0.293277	0.898597	6.22088
1428.0	0.971006	0.785686	0.18532	0.824034	9.49173
1429.0	0.980824	0.823716	0.157108	0.842411	8.64811
1430.0	0.271671	-0.236372	0.508043	0.815653	9.65248
1431.0	0.356099	0.423718	0.0676186	0.86111	7.84208
1432.0	0.261506	0.190462	0.071044	0.729187	14.7275
1433.0	0.882233	0.737	0.145232	0.875692	7.20803
1434.0	0.0663848	0.0557649	0.0106199	0.893596	6.50207
1435.0	0.187158	0.315722	0.128564	0.885489	6.81086
1436.0	0.0143049	0.383891	0.369586	0.8492	8.2268
1437.0	0.800608	1.18149	0.380883	0.853254	8.03919
1438.0	0.288621	0.2827	0.0059213	0.906613	5.99377
1439.0	0.317558	0.40112	0.0835621	0.766483	12.5021
1440.0	0.0921389	0.73389	0.641751	0.78167	11.2056
1441.0	0.0470234	0.656429	0.609406	0.876826	6.81089
1442.0	0.0722401	0.682915	0.610675	0.936691	4.53341
1443.0	0.181843	0.451178	0.269334	0.811802	10.0426
1444.0	0.70405	0.329905	0.374145	0.843152	8.49368
1445.0	0.45687	0.795325	0.338455	0.824397	9.38815
1446.0	0.137308	-0.0397804	0.177088	0.948868	4.42215
1447.0	0.124406	0.759149	0.634743	0.890949	6.21212
1448.0	0.344451	0.00531532	0.339135	0.821114	9.54418
1449.0	0.766741	0.0701628	0.696578	0.873976	6.81465
1450.0	0.0904258	0.249042	0.158616	0.849035	8.35005
1451.0	0.491135	0.143873	0.347262	0.800945	10.532
1452.0	0.422928	0.759958	0.33703	0.871768	7.27836
1453.0	0.238852	0.785072	0.546221	0.797509	10.5092
1454.0	0.470366	0.25986	0.210505	0.814065	9.96237
1455.0	0.0494201	-0.204586	0.254006	0.823204	9.49874
1456.0	0.339609	0.596865	0.257256	0.810634	10.1072
1457.0	0.486042	0.261335	0.224706	0.895631	6.37207
1458.0	0.0241854	0.29627	0.272084	0.812374	10.0128
1459.0	0.412678	-0.105571	0.518249	0.867783	7.28912
1460.0	0.29931	0.245191	0.0541193	0.915271	5.66183
1461.0	0.0157989	0.301921	0.286122	0.81786	9.73676
1462.0	0.904527	0.736354	0.168173	0.845704	8.49574
1463.0	0.793868	1.34215	0.548286	0.870436	7.14576
1464.0	0.656262	0.901956	0.245695	0.834687	8.96395
1465.0	0.42494	0.269925	0.155015	0.914562	5.66829
1466.0	0.691859	1.05626	0.364401	0.868376	7.40143
1467.0	0.220602	0.0937898	0.126812	0.867299	7.56545
1468.0	0.560982	0.621633	0.060651	0.853916	8.1564
1469.0	0.685354	0.601693	0.083661	0.835596	8.9786
1470.0	0.369925	0.675585	0.305661	0.788257	11.2177
1471.0	0.356181	0.396978	0.0407971	0.844222	8.59038
1472.0	0.811474	0.693152	0.118322	0.789768	11.2282
1473.0	0.810961	0.698734	0.112227	0.780122	11.7436
1474.0	0.285056	0.874174	0.589117	0.820878	9.30585
1475.0	0.307249	0.874938	0.567689	0.834365	8.70188
1476.0	0.441829	0.12787	0.31396	0.884065	6.78704
1477.0	0.834956	0.0427685	0.792188	0.771714	11.4954
1478.0	0.394022	0.536798	0.142776	0.892087	6.54209
1479.0	0.816548	1.08405	0.267505	0.865133	7.60107
1480.0	0.336628	-0.0219609	0.358589	0.794951	10.8295
1481.0	0.534135	0.363666	0.170469	0.820104	9.68571
1482.0	0.27754	0.434612	0.157072	0.924677	5.29153
1483.0	0.823013	0.639751	0.183262	0.80888	10.2299
1484.0	0.0567389	0.336081	0.279342	0.872546	7.28173
1485.0	0.513626	0.911944	0.398318	0.817845	9.65422
1486.0	0.646894	1.39808	0.75119	0.898923	5.74515
1487.0	0.469203	0.482313	0.0131108	0.817602	9.83805
1488.0	0.912287	0.933225	0.0209379	0.835531	8.98857
1489.0	0.414749	0.180997	0.233752	0.910908	5.77705
1490.0	0.106336	-0.404533	0.510868	0.824484	9.22705
1491.0	0.206656	0.385497	0.178841	0.832856	9.07905
1492.0	0.390517	0.133189	0.257327	0.940691	4.67597
1493.0	0.633921	0.367277	0.266644	0.807569	10.2538
1494.0	0.14193	-0.0608824	0.202813	0.876461	7.15603
1495.0	0.987203	1.00013	0.0129316	0.787541	11.3613
1496.0	0.645269	0.735104	0.089835	0.803024	10.5517
1497.0	0.581249	-0.331121	0.91237	0.87232	6.53883
1498.0	0.758349	1.01211	0.253758	0.809089	10.1856
1499.0	0.736316	1.37629	0.639973	0.822115	9.18024
1500.0	0.347325	0.637955	0.290631	0.815996	9.82433
1501.0	0.629759	0.547657	0.0821021	0.931711	5.05217
1502.0	0.790977	0.77952	0.011457	0.845823	8.51987
1503.0	0.305029	0.105092	0.199937	0.842038	8.64894
1504.0	0.318737	0.904651	0.585915	0.946939	4.20307
1505.0	0.66127	1.07975	0.418484	0.900945	6.04278
1506.0	0.967659	0.975556	0.00789743	0.95361	4.28731
1507.0	0.384174	-0.230862	0.615036	0.75029	12.9926
1508.0	0.321498	0.0456966	0.275801	0.832294	9.05822
1509.0	0.944205	0.755381	0.188825	0.894264	6.44062
1510.0	0.174769	0.416849	0.24208	0.847584	8.37988
1511.0	0.784821	0.690265	0.0945562	0.86541	7.65312
1512.0	0.571838	0.912782	0.340944	0.911261	5.70448
1513.0	0.738964	0.385995	0.352969	0.929509	5.0212
1514.0	0.749078	0.779437	0.0303586	0.860365	7.878
1515.0	0.58648	0.297575	0.288905	0.878011	7.04951
1516.0	0.462607	0.77367	0.311063	0.844188	8.49224
1517.0	0.49186	0.716739	0.224878	0.862652	7.72858
1518.0	0.789672	1.20363	0.413956	0.900778	6.05291
1519.0	0.931044	0.604391	0.326653	0.828284	9.21298
1520.0	0.348606	-0.216864	0.56547	0.74238	13.5309
1521.0	0.365546	0.224297	0.14125	0.842148	8.66501
1522.0	0.558234	0.819309	0.261076	0.821436	9.57937
1523.0	0.568225	0.44673	0.121495	0.833276	9.07783
1524.0	0.679413	0.235484	0.443929	0.839569	8.59592
1525.0	0.438886	0.243842	0.195043	0.82989	9.21105
1526.0	0.381533	0.220376	0.161157	0.86674	7.57912
1527.0	0.965744	0.868191	0.0975537	0.932523	5.02026
1528.0	0.68871	1.02758	0.338868	0.750305	13.3058
1529.0	0.29511	0.311405	0.0162949	0.794909	10.9757
1530.0	0.816906	0.632042	0.184864	0.941485	4.67768
1531.0	0.561604	0.671303	0.109699	0.836049	8.95235
1532.0	0.117508	0.617174	0.499666	0.829642	8.99708
1533.0	0.117215	0.156365	0.0391496	0.846484	8.48875
1534.0	0.716385	0.462801	0.253584	0.928384	5.11866
1535.0	0.693484	1.00366	0.310177	0.875536	7.139
1536.0	0.371487	0.599661	0.228174	0.800909	10.61
1537.0	0.147611	0.320551	0.17294	0.901693	6.15486
1538.0	0.467405	0.934697	0.467292	0.859183	7.70617
1539.0	0.254611	-0.278276	0.532888	0.882368	6.67194
1540.0	0.0491091	0.120859	0.0717501	0.958471	4.11685
1541.0	0.690897	1.12661	0.435717	0.852588	8.02222
1542.0	0.828179	1.32019	0.492014	0.871809	7.14733
1543.0	0.161832	0.422146	0.260314	0.885731	6.75021
1544.0	0.727889	0.911274	0.183385	0.797051	10.8277
1545.0	0.017316	0.650373	0.633057	0.80039	10.2502
1546.0	0.962639	0.772218	0.19042	0.832933	9.07091
1547.0	0.0356111	0.186656	0.151045	0.879721	7.0399
1548.0	0.789938	1.13403	0.344089	0.834863	8.89431
1549.0	0.204892	0.321448	0.116556	0.859423	7.90578
1550.0	0.57184	0.916273	0.344433	0.82731	9.24602
1551.0	0.984744	0.958716	0.0260281	0.872523	7.36081
1552.0	0.301655	0.591729	0.290074	0.875254	7.16283
1553.0	0.9849	0.768719	0.216181	0.887753	6.6895
1554.0	0.0516337	0.207304	0.15567	0.805842	10.3919
1555.0	0.844754	1.19232	0.347562	0.805391	10.3078
1556.0	0.20213	-0.177498	0.379628	0.925866	5.13524
1557.0	0.386787	0.81061	0.423822	0.789883	11.0352
1558.0	0.90433	0.909747	0.00541635	0.921124	5.44605
1559.0	0.164965	0.327432	0.162467	0.789592	11.2234
1560.0	0.846415	1.07644	0.230021	0.877801	7.08882
1561.0	0.971507	0.879054	0.092453	0.872569	7.35093
1562.0	0.0354079	0.534832	0.499424	0.900375	5.99285
1563.0	0.249729	0.254504	0.00477434	0.842456	8.67202
1564.0	0.653238	1.69944	1.0462	0.82447	8.34763
1565.0	0.58447	0.577323	0.00714782	0.814153	10.0064
1566.0	0.430949	0.312116	0.118834	0.80909	10.2409
1567.0	0.644339	0.320557	0.323782	0.837069	8.80718
1568.0	0.874144	0.645374	0.22877	0.795305	10.8967
1569.0	0.314113	0.563194	0.249081	0.817822	9.7601
1570.0	0.212975	0.128699	0.0842765	0.935944	4.89967
1571.0	0.789966	0.473541	0.316426	0.891244	6.49711
1572.0	0.281986	0.960662	0.678675	0.88817	6.26576
1573.0	0.824899	0.504373	0.320526	0.886287	6.6931
1574.0	0.502337	0.370533	0.131804	0.896469	6.37149
1575.0	0.660637	1.43462	0.773981	0.834842	8.38996
1576.0	0.361954	0.05319	0.308764	0.784549	11.4118
1577.0	0.242695	0.242956	0.000260617	0.863768	7.73243
1578.0	0.992009	0.775262	0.216747	0.862378	7.74401
1579.0	0.186351	0.428183	0.241832	0.892337	6.4946
1580.0	0.603561	0.599711	0.00385038	0.857148	8.01865
1581.0	0.887443	1.02087	0.133427	0.815162	9.93766
1582.0	0.464558	0.229028	0.235531	0.761675	12.7174
1583.0	0.486302	-0.211577	0.697879	0.929397	4.68709
1584.0	0.935636	0.838457	0.0971783	0.836508	8.93397
1585.0	0.464873	0.228426	0.236447	0.834718	8.96725
1586.0	0.860161	0.750646	0.109515	0.927974	5.18287
1587.0	0.64554	0.720699	0.075159	0.797133	10.8548
1588.0	0.433079	0.655366	0.222287	0.833482	9.03141
1589.0	0.769982	0.906754	0.136772	0.806297	10.3752
1590.0	0.460847	1.13218	0.671329	0.844295	8.11909
1591.0	0.58681	-0.124623	0.711433	0.818016	9.27179
1592.0	0.799268	0.790245	0.0090235	0.820125	9.71609
1593.0	0.760386	1.36247	0.602085	0.78953	10.8482
1594.0	0.676546	0.891689	0.215144	0.827316	9.32328
1595.0	0.640209	0.514927	0.125282	0.866775	7.58812
1596.0	0.060221	-0.465883	0.526104	0.812458	9.78761
1597.0	0.551713	0.124829	0.426884	0.899217	6.10299
1598.0	0.875674	1.00747	0.131796	0.801871	10.5997
1599.0	0.386427	0.485551	0.099124	0.826811	9.3863
1600.0	0.382254	0.674716	0.292462	0.809268	10.1535
1601.0	0.691344	1.00487	0.313529	0.814034	9.90495
1602.0	0.832123	0.579976	0.252147	0.907375	5.9031
1603.0	0.28344	0.527923	0.244483	0.829184	9.22091
1604.0	0.943076	0.376447	0.566628	0.767185	12.0968
1605.0	0.41715	0.585381	0.168231	0.918644	5.5113
1606.0	0.951438	0.662614	0.288824	0.769712	12.2323
1607.0	0.640726	0.24614	0.394586	0.83	9.08033
1608.0	0.0141976	0.191255	0.177058	0.908349	5.89693
1609.0	0.220626	0.273429	0.0528034	0.869033	7.50553
1610.0	0.794061	1.12248	0.328422	0.848497	8.28788
1611.0	0.453776	0.487941	0.0341651	0.91056	5.84176
1612.0	0.389927	0.611758	0.221831	0.882858	6.88522
1613.0	0.698642	1.36605	0.66741	0.924789	4.8918
1614.0	0.938521	0.709545	0.228975	0.898693	6.24989
1615.0	0.0188456	0.219718	0.200873	0.891732	6.53655
1616.0	0.873032	0.615931	0.257101	0.771788	12.1373
1617.0	0.912048	1.14458	0.232531	0.84671	8.42369
1618.0	0.436212	0.305874	0.130338	0.827431	9.34928
1619.0	0.855815	0.798887	0.0569272	0.892871	6.5278
1620.0	0.44773	0.185113	0.262617	0.813251	9.97529
1621.0	0.199759	0.30257	0.102811	0.883322	6.9048
1622.0	0.683443	1.33393	0.650482	0.755172	12.6567
1623.0	0.164039	0.608978	0.44494	0.845342	8.33477
1624.0	0.156577	0.528942	0.372366	0.845898	8.37174
1625.0	0.305177	0.394942	0.0897651	0.893311	6.50556
1626.0	0.673269	0.428133	0.245135	0.86597	7.57711
1627.0	0.479753	0.459661	0.0200918	0.883072	6.92513
1628.0	0.230854	0.884135	0.653282	0.852798	7.76947
1629.0	0.552543	0.254155	0.298388	0.836229	8.86249
1630.0	0.188463	0.737618	0.549155	0.834288	8.72723
1631.0	0.988027	0.787693	0.200334	0.825575	9.41224
1632.0	0.972265	1.0959	0.123638	0.877829	7.12537
1633.0	0.33865	0.353989	0.0153391	0.842775	8.65732
1634.0	0.893398	0.659997	0.233401	0.816284	9.84301
1635.0	0.370624	0.572179	0.201555	0.75743	12.9786
1636.0	0.834347	1.00656	0.172212	0.891912	6.53993
1637.0	0.175013	0.443299	0.268286	0.768527	12.3116
1638.0	0.873665	0.635103	0.238562	0.935355	4.87422
1639.0	0.0237279	0.293804	0.270076	0.820776	9.60585
1640.0	0.896941	0.706521	0.19042	0.84596	8.47591
1641.0	0.317238	0.471344	0.154106	0.938107	4.80701
1642.0	0.126471	0.193795	0.0673238	0.879953	7.04866
1643.0	0.613692	0.588591	0.0251016	0.807411	10.3395
1644.0	0.0799161	0.13343	0.0535142	0.857774	7.98839
1645.0	0.584115	0.516678	0.0674363	0.80178	10.6187
1646.0	0.678891	0.772152	0.0932611	0.8655	7.64954
1647.0	0.760256	0.969236	0.20898	0.844415	8.53763
1648.0	0.947929	0.82395	0.123979	0.814666	9.96456
1649.0	0.459101	0.424286	0.0348155	0.903296	6.12061
1650.0	0.0184754	0.476504	0.458029	0.882663	6.7335
1651.0	0.875918	0.800754	0.0751636	0.850133	8.32152
1652.0	0.709691	1.03524	0.325546	0.760114	12.747
1653.0	0.0369485	0.280927	0.243979	0.900089	6.18846
1654.0	0.818163	0.765573	0.0525897	0.785888	11.4459
1655.0	0.761263	0.788379	0.0271163	0.884077	6.88391
1656.0	0.445859	0.529931	0.084072	0.871141	7.41231
1657.0	0.846187	0.485889	0.360297	0.892148	6.43199
1658.0	0.546101	0.692337	0.146235	0.77812	11.842
1659.0	0.209197	0.411266	0.202068	0.941747	4.66227
1660.0	0.437183	-0.0361316	0.473315	0.887834	6.51119
1661.0	0.265899	0.564822	0.298923	0.806628	10.2807
1662.0	0.159611	1.17494	1.01533	0.767021	11.2919
1663.0	0.306409	0.128616	0.177793	0.886875	6.73988
1664.0	0.565874	1.2842	0.718324	0.807006	9.79476
1665.0	0.410448	-0.0848981	0.495346	0.78689	11.1179
1666.0	0.00379738	0.995594	0.991797	0.842494	7.65103
1667.0	0.477	0.56138	0.0843804	0.816525	9.88284
1668.0	0.128807	0.305008	0.176201	0.91363	5.6967
1669.0	0.58204	1.4809	0.898858	0.872906	6.539
1670.0	0.870764	0.832041	0.0387235	0.765886	12.5422
1671.0	0.670686	0.572145	0.0985403	0.753477	13.2453
1672.0	0.51593	1.21656	0.700632	0.809897	9.68028
1673.0	0.62065	0.689166	0.0685164	0.81403	10.0074
1674.0	0.564839	0.323464	0.241375	0.886139	6.74314
1675.0	0.575711	0.184844	0.390867	0.739047	13.9344
1676.0	0.365513	0.86811	0.502597	0.862452	7.53114
1677.0	0.508768	1.29864	0.789871	0.77356	11.3996
1678.0	0.160982	0.704453	0.543471	0.924435	5.0452
1679.0	0.25154	1.18035	0.928813	0.766215	11.5273
1680.0	0.956141	0.661962	0.294179	0.950682	4.3088
1681.0	0.598191	1.24535	0.647162	0.869377	7.07131
1682.0	0.718047	0.113	0.605048	0.863997	7.35041
1683.0	0.888299	0.729081	0.159218	0.825441	9.43451
1684.0	0.674787	0.301723	0.373064	0.728166	14.6257
1685.0	0.829061	0.699572	0.129488	0.875871	7.20495
1686.0	0.952174	1.30754	0.355364	0.934525	4.83919
1687.0	0.974838	0.788679	0.186159	0.883053	6.89175
1688.0	0.539322	0.676206	0.136884	0.880735	7.00238
1689.0	0.476358	0.607678	0.13132	0.845314	8.52485
1690.0	0.576097	0.587791	0.0116941	0.765001	12.5938
1691.0	0.511399	0.785995	0.274596	0.873457	7.24636
1692.0	0.5792	0.817515	0.238316	0.86366	7.67903
1693.0	0.992226	1.38773	0.395508	0.964375	3.78159
1694.0	0.545255	0.457714	0.0875408	0.825617	9.44518
1695.0	0.0100555	0.336756	0.3267	0.881013	6.90311
1696.0	0.145793	0.410335	0.264542	0.859493	7.84478
1697.0	0.371832	0.0502133	0.321619	0.788274	11.2055
1698.0	0.848546	0.464824	0.383722	0.809546	10.0721
1699.0	0.0606804	0.234324	0.173643	0.972069	3.64046
1700.0	0.793056	0.517665	0.275391	0.818677	9.70382
1701.0	0.629786	-0.204387	0.834173	0.869113	6.80577
1702.0	0.214714	-0.0837215	0.298435	0.876319	7.11377
1703.0	0.237709	-0.256488	0.494197	0.876443	6.95329
1704.0	0.620454	0.625057	0.00460266	0.825274	9.46969
1705.0	0.808358	0.981522	0.173164	0.885721	6.78812
1706.0	0.436928	0.548213	0.111285	0.846107	8.49431
1707.0	0.165225	0.304478	0.139253	0.860506	7.85294
1708.0	0.0689475	0.00187661	0.0670709	0.863716	7.73007
1709.0	0.714137	0.591947	0.122189	0.845403	8.52325
1710.0	0.0175924	0.175277	0.157685	0.871612	7.37453
1711.0	0.985016	1.47935	0.494333	0.787063	11.11
1712.0	0.6854	1.10441	0.41901	0.851803	8.07145
1713.0	0.456689	-0.036584	0.493273	0.895905	6.17283
1714.0	0.970122	0.119438	0.850684	0.833552	8.31866
1715.0	0.493051	0.67264	0.179589	0.776106	11.9392
1716.0	0.528326	1.22732	0.698997	0.866476	7.12259
1717.0	0.814855	0.613802	0.201054	0.876818	7.14193
1718.0	0.895727	0.874748	0.0209791	0.851314	8.27456
1719.0	0.790492	0.385146	0.405346	0.841155	8.5584
1720.0	0.617016	0.633644	0.0166281	0.853771	8.1663
1721.0	0.51595	1.03715	0.521197	0.893026	6.25835
1722.0	0.491931	0.563376	0.0714452	0.793438	11.0465
1723.0	0.0480596	-0.324455	0.372515	0.848853	8.23994
1724.0	0.408336	0.472709	0.0643728	0.79101	11.1742
1725.0	0.0791659	0.140954	0.0617883	0.889798	6.64987
1726.0	0.492455	0.28513	0.207326	0.857313	7.96714
1727.0	0.139941	0.00949009	0.130451	0.805254	10.4294
1728.0	0.616975	0.754096	0.137121	0.896405	6.37264
1729.0	0.836061	1.26036	0.4243	0.801415	10.4423
1730.0	0.188529	0.18464	0.00388882	0.856821	8.03291
1731.0	0.622802	0.359111	0.26369	0.808698	10.1994
1732.0	0.642721	0.612728	0.0299928	0.998687	2.81757
1733.0	0.725176	1.38068	0.655499	0.952896	3.92095
1734.0	0.291651	0.989315	0.697664	0.853546	7.67567
1735.0	0.11538	-0.172159	0.28754	0.838121	8.78239
1736.0	0.590699	0.652802	0.062103	0.871989	7.37998
1737.0	0.187144	1.08703	0.899885	0.851711	7.42641
1738.0	0.192191	-0.463476	0.655666	0.869807	7.04232
1739.0	0.728293	0.602569	0.125724	0.804005	10.4936
1740.0	0.476279	0.404883	0.0713959	0.88752	6.74017
1741.0	0.0501451	0.243078	0.192933	0.868824	7.47937
1742.0	0.316159	0.678821	0.362662	0.898189	6.19245
1743.0	0.298779	0.140762	0.158017	0.918895	5.50512
1744.0	0.416439	0.387456	0.0289833	0.86876	7.51906
1745.0	0.373797	0.179594	0.194203	0.895203	6.40149
1746.0	0.845681	0.609973	0.235708	0.857959	7.9261
1747.0	0.138443	0.328122	0.189679	0.875726	7.19164
1748.0	0.10563	0.643629	0.538	0.838481	8.54845
1749.0	0.444866	1.01721	0.572342	0.797795	10.4623
1750.0	0.775139	0.483944	0.291195	0.849896	8.24973
1751.0	0.249199	-0.441941	0.691139	0.870742	6.9557
1752.0	0.420601	0.383532	0.0370688	0.82413	9.52269
1753.0	0.972016	0.415064	0.556952	0.824992	9.15049
1754.0	0.245206	0.46498	0.219774	0.865517	7.60843
1755.0	0.403993	0.651885	0.247892	0.790743	11.1235
1756.0	0.684995	1.00445	0.319459	0.947026	4.42104
1757.0	0.61169	0.768787	0.157097	0.895769	6.39193
1758.0	0.825748	0.632753	0.192996	0.90967	5.84087
1759.0	0.520316	1.05208	0.531767	0.850904	8.0003
1760.0	0.502032	0.648673	0.146641	0.881291	6.97681
1761.0	0.598147	0.7508	0.152654	0.86003	7.86949
1762.0	0.353126	-0.33138	0.684506	0.864752	7.21516
1763.0	0.367077	-0.400832	0.767909	0.800868	10.0188
1764.0	0.79594	0.981575	0.185636	0.877959	7.10077
1765.0	0.439642	0.186561	0.253081	0.825542	9.38809
1766.0	0.424564	0.267443	0.157122	0.818314	9.77686
1767.0	0.0623027	0.248232	0.18593	0.940519	4.71141
1768.0	0.669456	0.481307	0.188148	0.830191	9.19979
1769.0	0.541044	0.613598	0.0725544	0.838557	8.84422
1770.0	0.215391	-0.0631284	0.278519	0.879378	6.99921
1771.0	0.707243	0.4247	0.282543	0.802027	10.5224
1772.0	0.0353991	0.377962	0.342563	0.810875	10.0392
1773.0	0.32225	0.485286	0.163036	0.857803	7.9627
1774.0	0.730825	0.365494	0.365331	0.817828	9.68234
1775.0	0.299938	0.129224	0.170713	0.945806	4.5307
1776.0	0.530134	0.735956	0.205822	0.855003	8.06865
1777.0	0.681663	0.776885	0.095222	0.798135	10.7995
1778.0	0.304167	0.566178	0.262011	0.79482	10.9034
1779.0	0.5666	0.68587	0.11927	0.893913	6.4756
1780.0	0.00470857	0.248069	0.243361	0.864658	7.63392
1781.0	0.54613	1.12798	0.581846	0.798793	10.3995
1782.0	0.688688	0.987424	0.298735	0.94211	4.60464
1783.0	0.470192	0.470419	0.000227154	0.751607	13.3667
1784.0	0.821316	0.697274	0.124043	0.769586	12.3186
1785.0	0.45837	0.58793	0.12956	0.799074	10.7428
1786.0	0.699541	0.440204	0.259337	0.868533	7.46121
1787.0	0.413083	0.206421	0.206662	0.71567	15.552
1788.0	0.478548	0.502526	0.0239785	0.775323	12.0187
1789.0	0.613425	0.59367	0.0197555	0.859745	7.90539
1790.0	0.55488	0.0570188	0.497861	0.887733	6.49177
1791.0	0.923493	1.0444	0.120909	0.84115	8.71597
1792.0	0.211479	0.49236	0.280881	0.891417	6.51111
1793.0	0.565992	0.640225	0.0742337	0.848748	8.38334
1794.0	0.446253	0.550186	0.103933	0.844525	8.56712
1795.0	0.584863	0.518025	0.0668383	0.862858	7.76692
1796.0	0.639698	0.368438	0.27126	0.852816	8.13239
1797.0	0.315219	0.554576	0.239357	0.934599	4.90091
1798.0	0.716742	0.712694	0.00404791	0.917731	5.57239
1799.0	0.0679802	-0.268082	0.336063	0.968777	3.67469
1800.0	0.575611	0.525912	0.0496987	0.955073	4.23501
1801.0	0.815696	0.465275	0.350421	0.868621	7.40122
1802.0	0.513361	0.80836	0.295	0.904103	6.00609
1803.0	0.717817	1.1864	0.468587	0.924349	5.11959
1804.0	0.5455	0.40172	0.14378	0.865927	7.61909
1805.0	0.521301	0.740785	0.219484	0.916842	5.55964
1806.0	0.439964	0.37686	0.0631037	0.958673	4.11106
1807.0	0.0299652	0.183214	0.153249	0.86835	7.5134
1808.0	0.683569	0.543393	0.140175	0.958435	4.10489
1809.0	0.236363	-0.208328	0.444691	0.820021	9.50731
1810.0	0.336047	0.656924	0.320877	0.933772	4.88789
1811.0	0.581926	0.214848	0.367077	0.893978	6.3547
1812.0	0.453749	-0.197252	0.651001	0.758009	12.4935
1813.0	0.333395	0.634946	0.301551	0.812297	9.99813
1814.0	0.166731	0.707482	0.540751	0.800854	10.3463
1815.0	0.928712	1.18844	0.259731	0.898409	6.24634
1816.0	0.54774	0.575	0.0272591	0.871135	7.41898
1817.0	0.396445	0.632911	0.236466	0.951187	4.31948
1818.0	0.322037	0.646741	0.324704	0.829063	9.17781
1819.0	0.124039	-0.29996	0.423999	0.821934	9.43519
1820.0	0.765528	0.77468	0.00915229	0.848063	8.41954
1821.0	0.0387712	0.560467	0.521696	0.902646	5.8832
1822.0	0.391242	0.075669	0.315573	0.909172	5.79976
1823.0	0.637339	0.76812	0.130781	0.811155	10.1353
1824.0	0.99676	0.933892	0.0628672	0.917947	5.56054
1825.0	0.68335	0.316429	0.366921	0.793011	10.923
1826.0	0.786208	1.41515	0.628942	0.883976	6.49696
1827.0	0.87306	0.545154	0.327906	0.864134	7.60701
1828.0	0.483337	0.305667	0.17767	0.832559	9.09331
1829.0	0.0389104	0.225478	0.186568	0.907861	5.91229
1830.0	0.0972847	0.0703906	0.026894	0.777151	11.9186
1831.0	0.388534	0.323405	0.0651289	0.773846	12.0955
1832.0	0.344659	1.45376	1.1091	0.897867	5.15192
1833.0	0.654427	1.13345	0.479021	0.907108	5.75348
1834.0	0.367822	-0.0742611	0.442084	0.784081	11.3228
1835.0	0.58186	0.690573	0.108713	0.801557	10.6219
1836.0	0.255551	-0.0726231	0.328175	0.852265	8.12133
1837.0	0.995379	1.18311	0.187729	0.821169	9.62778
1838.0	0.941015	1.07154	0.130526	0.883991	6.87114
1839.0	0.526237	1.19027	0.664036	0.895293	6.00478
1840.0	0.618532	0.582441	0.0360914	0.959918	4.07135
1841.0	0.28422	0.112892	0.171328	0.847429	8.41732
1842.0	0.199823	0.638356	0.438532	0.87009	7.26922
1843.0	0.0973214	0.345324	0.248002	0.812401	10.0252
1844.0	0.191899	-0.0955873	0.287486	0.914351	5.62012
1845.0	0.664795	1.19675	0.531959	0.77895	11.4974
1846.0	0.616988	0.23627	0.380717	0.834257	8.89416
1847.0	0.942061	0.681527	0.260534	0.859571	7.84358
1848.0	0.118321	-0.210767	0.329088	0.809661	10.1091
1849.0	0.547881	0.41841	0.129471	0.790467	11.1884
1850.0	0.682579	1.02437	0.34179	0.935146	4.82579
1851.0	0.644389	1.35479	0.7104	0.826783	8.85993
1852.0	0.130419	0.352667	0.222248	0.907686	5.9049
1853.0	0.417305	0.653941	0.236636	0.883056	6.87038
1854.0	0.168107	0.929687	0.761581	0.971415	3.17367
1855.0	0.837745	0.250607	0.587138	0.906593	5.66247
1856.0	0.177657	0.653961	0.476304	0.869725	7.24969
1857.0	0.177722	0.180474	0.00275275	0.880948	7.01237
1858.0	0.271364	0.417698	0.146334	0.883325	6.89388
1859.0	0.570674	0.704909	0.134235	0.927445	5.19647
1860.0	0.514959	0.107736	0.407222	0.93332	4.84542
1861.0	0.690096	0.688843	0.00125231	0.754607	13.1908
1862.0	0.390509	0.695001	0.304492	0.835032	8.91372
1863.0	0.588281	0.74392	0.155639	0.912137	5.7597
1864.0	0.469646	0.816472	0.346826	0.911882	5.67711
1865.0	0.487061	0.471345	0.0157168	0.899869	6.25486
1866.0	0.543838	0.174946	0.368892	0.871336	7.27378
1867.0	0.786185	0.962404	0.176219	0.844246	8.55847
1868.0	0.0353861	-0.152989	0.188375	0.859364	7.88579
1869.0	0.791944	1.23398	0.442039	0.886198	6.60503
1870.0	0.0104455	0.789066	0.778621	0.867923	6.94437
1871.0	0.636167	0.787177	0.15101	0.841874	8.67444
1872.0	0.702792	0.677874	0.0249182	0.850559	8.30788
1873.0	0.0769446	0.405115	0.328171	0.938729	4.70684
1874.0	0.642539	1.14539	0.502847	0.769807	12.0304
1875.0	0.60528	0.45952	0.14576	0.862184	7.77871
1876.0	0.608801	0.518006	0.0907956	0.933328	4.99248
1877.0	0.496585	0.789176	0.292591	0.845423	8.44841
1878.0	0.860488	0.766785	0.0937035	0.760617	12.833
1879.0	0.241894	-0.302749	0.544643	0.824462	9.18994
1880.0	0.264787	-0.186837	0.451623	0.856809	7.82354
1881.0	0.963116	0.816408	0.146708	0.762327	12.7203
1882.0	0.563173	0.304481	0.258692	0.842617	8.59442
1883.0	0.239018	0.660568	0.421549	0.870733	7.25701
1884.0	0.908869	1.0881	0.179232	0.797998	10.7808
1885.0	0.0148047	0.28199	0.267186	0.887029	6.69426
1886.0	0.964737	0.729726	0.235011	0.87854	7.05602
1887.0	0.226093	-0.0128481	0.238941	0.875685	7.17213
1888.0	0.250291	0.100905	0.149386	0.853755	8.14416
1889.0	0.402696	0.416228	0.013532	0.828555	9.31431
1890.0	0.58739	0.638202	0.050812	0.908272	5.92769
1891.0	0.172923	0.0230954	0.149828	0.775624	11.9769
1892.0	0.962502	1.16564	0.203137	0.890919	6.56806
1893.0	0.117461	0.116728	0.000732543	0.798449	10.7936
1894.0	0.37444	0.201861	0.172579	0.746315	13.6449
1895.0	0.179498	0.0904712	0.0890267	0.894448	6.46062
1896.0	0.811318	1.23923	0.427913	0.849839	8.15026
1897.0	0.966468	0.51556	0.450908	0.879228	6.87984
1898.0	0.137702	0.259375	0.121674	0.887829	6.71808
1899.0	0.180332	0.663468	0.483137	0.852681	7.9732
1900.0	0.168226	0.498244	0.330018	0.839144	8.70801
1901.0	0.326627	-0.420533	0.74716	0.851376	7.69689
1902.0	0.187128	0.0849097	0.102218	0.921034	5.43947
1903.0	0.782226	0.826273	0.0440467	0.825588	9.45273
1904.0	0.777755	0.948974	0.17122	0.927436	5.18616
1905.0	0.823024	0.93487	0.111846	0.828276	9.31424
1906.0	0.8552	0.752653	0.102546	0.925428	5.27735
1907.0	0.227782	-0.279158	0.50694	0.866542	7.35315
1908.0	0.828218	0.689523	0.138696	0.880226	7.02276
1909.0	0.657274	1.0568	0.39953	0.848047	8.25406
1910.0	0.671048	0.635767	0.0352815	0.832284	9.13844
1911.0	0.613741	1.11864	0.504901	0.869752	7.2203
1912.0	0.25791	0.49272	0.23481	0.892185	6.50396
1913.0	0.362148	0.21225	0.149897	0.920314	5.45472
1914.0	0.398751	0.38608	0.0126705	0.815104	9.95978
1915.0	0.0504258	0.205172	0.154747	0.955903	4.18706
1916.0	0.543175	0.759557	0.216382	0.872806	7.30235
1917.0	0.536948	0.292354	0.244594	0.845086	8.49051
1918.0	0.375306	0.698374	0.323068	0.80926	10.1332
1919.0	0.347996	0.677414	0.329418	0.934515	4.85611
1920.0	0.760621	1.23614	0.47552	0.90011	6.02571
1921.0	0.838706	0.934428	0.0957219	0.862085	7.79533
1922.0	0.805133	0.659656	0.145477	0.748266	13.5389
1923.0	0.204319	0.452177	0.247858	0.923175	5.31197
1924.0	0.972513	0.645008	0.327506	0.850108	8.21702
1925.0	0.852267	0.683259	0.169009	0.857474	7.97499
1926.0	0.305864	0.741953	0.436089	0.872381	7.17565
1927.0	0.727482	1.09834	0.370857	0.805353	10.2913
1928.0	0.834389	-0.000580962	0.83497	0.828262	8.58848
1929.0	0.671116	0.842061	0.170945	0.802627	10.5483
1930.0	0.862603	0.706488	0.156115	0.842868	8.62771
1931.0	0.311968	0.298843	0.0131245	0.89571	6.4183
1932.0	0.540898	0.0679364	0.472961	0.767915	12.1692
1933.0	0.938443	0.404249	0.534194	0.899731	5.98298
1934.0	0.881112	0.934985	0.0538731	0.806839	10.3655
1935.0	0.854402	0.454387	0.400015	0.857585	7.83499
1936.0	0.782889	0.990205	0.207316	0.855075	8.06485
1937.0	0.0431413	0.602389	0.559247	0.872209	7.05979
1938.0	0.733254	0.702587	0.0306665	0.912945	5.75149
1939.0	0.0730479	-0.0662568	0.139305	0.908535	5.90139
1940.0	0.810684	0.645494	0.16519	0.855662	8.05539
1941.0	0.312216	1.07184	0.759627	0.865033	7.09433
1942.0	0.370873	-0.324654	0.695527	0.790089	10.6837
1943.0	0.882754	0.775559	0.107195	0.865481	7.64746
1944.0	0.743726	0.745216	0.00148906	0.828698	9.30774
1945.0	0.66536	1.59359	0.928228	0.845707	7.63459
1946.0	0.267363	0.836233	0.56887	0.897465	6.03389
1947.0	0.893127	0.604601	0.288527	0.836967	8.83468
1948.0	0.607545	1.25267	0.645127	0.897307	5.9504
1949.0	0.816531	1.00824	0.191713	0.886607	6.74557
1950.0	0.790984	1.02927	0.238287	0.861739	7.76145
1951.0	0.189222	-0.132598	0.32182	0.861945	7.70474
1952.0	0.122176	0.33384	0.211664	0.75622	13.0437
1953.0	0.535516	0.917904	0.382389	0.907211	5.82965
1954.0	0.339351	0.315287	0.024064	0.828779	9.30333
1955.0	0.9072	1.22755	0.320354	0.896384	6.29136
1956.0	0.666954	0.481491	0.185463	0.888881	6.65643
1957.0	0.271229	0.67963	0.408402	0.848218	8.239
1958.0	0.926872	0.488342	0.438529	0.831365	8.97785
1959.0	0.832999	0.806071	0.0269279	0.852137	8.23789
1960.0	0.866545	1.22225	0.355706	0.831211	9.05496
1961.0	0.911601	0.565837	0.345764	0.846938	8.34515
1962.0	0.438112	0.393027	0.0450848	0.828717	9.3047
1963.0	0.464768	0.84602	0.381252	0.831987	8.99883
1964.0	0.439397	-0.238847	0.678243	0.87617	6.74972
1965.0	0.269209	0.420812	0.151602	0.761345	12.7746
1966.0	0.322254	0.49847	0.176215	0.855399	8.063
1967.0	0.737686	0.873542	0.135856	0.90795	5.92465
1968.0	0.83427	0.851444	0.0171744	0.850901	8.29301
1969.0	0.700044	0.174892	0.525153	0.860836	7.57662
1970.0	0.141821	0.504945	0.363124	0.884481	6.73714
1971.0	0.273744	0.51746	0.243716	0.774108	12.0173
1972.0	0.99588	0.726483	0.269397	0.857976	7.90787
1973.0	0.908131	0.865547	0.042584	0.831227	9.18717
1974.0	0.983681	0.665817	0.317864	0.909084	5.80173
1975.0	0.144284	0.112375	0.0319097	0.837885	8.87956
1976.0	0.566812	0.406435	0.160377	0.804739	10.4456
1977.0	0.703793	0.788136	0.0843429	0.868705	7.51499
1978.0	0.0494842	0.492603	0.443118	0.854194	7.94521
1979.0	0.806361	0.368189	0.438173	0.742109	13.7013
1980.0	0.85868	1.02443	0.165753	0.82473	9.466
1981.0	0.858857	0.0112425	0.847614	0.800059	9.91845
1982.0	0.137295	0.332125	0.19483	0.785026	11.4517
1983.0	0.756457	0.928081	0.171624	0.907227	5.94173
1984.0	0.70268	0.968423	0.265743	0.913399	5.66748
1985.0	0.595219	0.0770507	0.518169	0.798295	10.5023
1986.0	0.496662	0.71058	0.213918	0.883728	6.85325
1987.0	0.377155	0.816119	0.438964	0.907875	5.75959
1988.0	0.328762	0.496314	0.167552	0.934379	4.93614
1989.0	0.788596	0.525028	0.263568	0.849691	8.27476
1990.0	0.547616	1.58236	1.03474	0.810939	9.00766
1991.0	0.514599	-0.404972	0.919571	0.830554	8.32814
1992.0	0.852568	0.109486	0.743082	0.864314	7.1495
1993.0	0.533969	1.45116	0.917192	0.826179	8.53351
1994.0	0.472442	0.644122	0.17168	0.864081	7.68891
1995.0	0.475753	1.01248	0.536732	0.771153	11.9155
1996.0	0.780743	0.604902	0.175841	0.846452	8.45942
1997.0	0.169845	0.610016	0.440171	0.855008	7.91235
1998.0	0.679453	0.840498	0.161045	0.746381	13.6455
1999.0	0.169929	0.19731	0.0273815	0.875457	7.2383
2000.0	0.1196	0.729435	0.609834	0.88355	6.5374
2001.0	0.335862	0.358256	0.0223944	0.810574	10.1823
2002.0	0.946839	1.17456	0.227719	0.881435	6.94061
2003.0	0.426748	0.67913	0.252382	0.832518	9.06099
2004.0	0.0316542	0.64512	0.613466	0.851113	7.89479
2005.0	0.329342	0.378827	0.0494847	0.926939	5.22967
2006.0	0.037235	-0.0553128	0.0925478	0.870591	7.43396
2007.0	0.20127	0.237698	0.0364275	0.865614	7.65216
2008.0	0.103266	0.177317	0.0740511	0.850801	8.29208
2009.0	0.586103	0.266214	0.319889	0.94926	4.3434
2010.0	0.159788	0.49345	0.333662	0.815726	9.80826
2011.0	0.680689	1.06603	0.385343	0.750364	13.2621
2012.0	0.448069	0.815709	0.36764	0.931066	4.95507
2013.0	0.11218	0.382944	0.270764	0.85358	8.09908
2014.0	0.357467	0.579103	0.221636	0.815306	9.89645
2015.0	0.966369	1.27067	0.304298	0.927809	5.11293
2016.0	0.905958	0.60994	0.296018	0.849724	8.25441
2017.0	0.483033	0.777027	0.293994	0.775859	11.8902
2018.0	0.414875	-0.0139966	0.428871	0.812351	9.8939
2019.0	0.17405	0.0653692	0.10868	0.868712	7.50994
2020.0	0.955116	1.18892	0.233806	0.942571	4.62043
2021.0	0.206173	0.379918	0.173744	0.865117	7.64395
2022.0	0.214828	0.115085	0.099743	0.923691	5.34174
2023.0	0.964204	0.343311	0.620892	0.845013	8.15464
2024.0	0.559692	0.348029	0.211662	0.794849	10.9287
2025.0	0.292622	0.284479	0.00814349	0.949885	4.41568
2026.0	0.965993	0.539732	0.426262	0.803727	10.324
2027.0	0.413779	0.243954	0.169825	0.96231	3.96577
2028.0	0.846949	0.324511	0.522438	0.883082	6.654
2029.0	0.730994	0.937456	0.206462	0.806146	10.3563
2030.0	0.618952	0.422006	0.196946	0.828438	9.27846
2031.0	0.52265	1.21304	0.690386	0.846151	8.00993
2032.0	0.781205	1.05695	0.275749	0.848412	8.3248
2033.0	0.331705	0.698996	0.36729	0.891311	6.46022
2034.0	0.85193	0.656274	0.195656	0.857005	7.98541
2035.0	0.765793	0.608911	0.156882	0.889289	6.64972
2036.0	0.737426	0.810077	0.0726515	0.872079	7.37478
2037.0	0.707534	0.315762	0.391772	0.77351	11.9413
2038.0	0.0517294	0.0415	0.0102294	0.895535	6.42529
2039.0	0.275558	0.486193	0.210635	0.868157	7.50032
2040.0	0.950008	0.819776	0.130231	0.889788	6.63729
2041.0	0.951769	0.776159	0.17561	0.804684	10.4427
2042.0	0.973177	0.596863	0.376314	0.854937	7.9691
2043.0	0.688352	1.07707	0.388719	0.795867	10.7571
2044.0	0.758859	0.804354	0.0454949	0.863639	7.73585
2045.0	0.499249	0.411107	0.0881418	0.885252	6.82919
2046.0	0.316802	0.394458	0.0776562	0.848199	8.40729
2047.0	0.182582	0.832216	0.649634	0.809873	9.75616
2048.0	0.741495	1.35519	0.613693	0.849764	7.95368
2049.0	0.923014	0.8902	0.0328149	0.873615	7.31473
2050.0	0.548664	0.741776	0.193112	0.94954	4.39341
2051.0	0.0207157	0.148821	0.128105	0.843587	8.60356
2052.0	0.955173	0.542447	0.412726	0.795077	10.7763
2053.0	0.928361	0.744839	0.183522	0.877619	7.1156
2054.0	0.278961	0.526203	0.247242	0.872504	7.30053
2055.0	0.594242	0.616682	0.0224406	0.816986	9.86763
2056.0	0.141291	0.512997	0.371705	0.895749	6.28158
2057.0	0.380902	0.022461	0.358441	0.903594	5.98558
2058.0	0.737913	1.30756	0.56965	0.827701	9.00817
2059.0	0.307791	0.491101	0.18331	0.851302	8.24066
2060.0	0.0376074	-0.0132437	0.0508512	0.921414	5.43284
2061.0	0.903547	0.593708	0.309839	0.800017	10.6065
2062.0	0.254244	0.0419256	0.212319	0.85834	7.92033
2063.0	0.825924	0.532793	0.29313	0.84016	8.68591
2064.0	0.0233448	0.529311	0.505967	0.867753	7.30311
2065.0	0.532492	0.419169	0.113323	0.88267	6.92912
2066.0	0.716643	1.12151	0.404871	0.855228	7.93346
2067.0	0.664889	0.426167	0.238722	0.863078	7.70376
2068.0	0.177763	0.0600238	0.117739	0.879802	7.04554
2069.0	0.20319	0.751834	0.548644	0.94114	4.44329
2070.0	0.691074	0.444932	0.246141	0.744006	13.7461
2071.0	0.0698635	0.371545	0.301681	0.895225	6.34836
2072.0	0.595149	0.291623	0.303526	0.788909	11.1849
2073.0	0.177138	0.236929	0.0597909	0.823418	9.55429
2074.0	0.854262	0.978178	0.123916	0.848449	8.38637
2075.0	0.407064	0.982157	0.575093	0.809198	9.88864
2076.0	0.969561	0.737721	0.231841	0.863887	7.67244
2077.0	0.709191	0.904695	0.195503	0.827843	9.30705
2078.0	0.51179	0.795484	0.283694	0.853409	8.09914
2079.0	0.130441	0.321924	0.191483	0.892894	6.49394
2080.0	0.214613	0.0935395	0.121074	0.922584	5.3781
2081.0	0.783066	0.58607	0.196996	0.92161	5.39118
2082.0	0.502033	0.905039	0.403006	0.811441	9.96203
2083.0	0.0519049	0.584251	0.532346	0.879001	6.80941
2084.0	0.102419	0.398294	0.295874	0.84048	8.66964
2085.0	0.838949	0.761976	0.0769724	0.796604	10.8818
2086.0	0.821905	0.474988	0.346917	0.806467	10.2545
2087.0	0.910631	0.781684	0.128947	0.802387	10.5744
2088.0	0.883517	0.849743	0.0337739	0.827929	9.3428
2089.0	0.217672	0.198894	0.0187782	0.846209	8.5023
2090.0	0.652426	0.783313	0.130887	0.812653	10.0614
2091.0	0.687504	0.742134	0.0546302	0.82483	9.48764
2092.0	0.943363	0.622359	0.321004	0.890008	6.54352
2093.0	0.568311	0.364407	0.203904	0.929635	5.09459
2094.0	0.904809	0.823112	0.0816969	0.823955	9.52531
2095.0	0.750004	1.63309	0.883087	0.906885	5.23739
2096.0	0.624074	0.582225	0.0418485	0.860901	7.85399
2097.0	0.0693957	0.301622	0.232227	0.87691	7.12458
2098.0	0.805904	0.532149	0.273756	0.855027	8.03396
2099.0	0.629445	0.931294	0.301849	0.797537	10.7385
2100.0	0.819472	0.757222	0.0622501	0.833326	9.08711
2101.0	0.737444	1.18864	0.4512	0.851073	8.07463
2102.0	0.825518	0.668767	0.156751	0.944866	4.56777
2103.0	0.703083	0.575073	0.12801	0.805212	10.4322
2104.0	0.932554	1.36803	0.435479	0.880417	6.84486
2105.0	0.942492	0.524646	0.417846	0.888446	6.53542
2106.0	0.569321	0.603667	0.0343459	0.763863	12.657
2107.0	0.839216	1.00879	0.169575	0.831745	9.1342
2108.0	0.49081	0.271847	0.218962	0.902733	6.09698
2109.0	0.584203	0.491376	0.0928269	0.809735	10.2149
2110.0	0.379325	0.878572	0.499247	0.816662	9.6133
2111.0	0.877537	1.29936	0.421821	0.796456	10.697
2112.0	0.725871	1.14402	0.418154	0.8531	8.01523
2113.0	0.809781	0.301639	0.508141	0.860129	7.62483
2114.0	0.480776	0.226099	0.254676	0.882035	6.90313
2115.0	0.609346	0.973095	0.36375	0.827221	9.2356
2116.0	0.927067	0.844571	0.0824962	0.886972	6.76057
2117.0	0.204158	-0.0719734	0.276131	0.807515	10.2508
2118.0	0.290475	0.159142	0.131333	0.760775	12.814
2119.0	0.453529	0.439572	0.0139571	0.867259	7.58331
2120.0	0.823244	1.33446	0.51122	0.844767	8.29449
2121.0	0.00865605	0.579216	0.57056	0.884016	6.56436
2122.0	0.468631	0.356028	0.112603	0.763842	12.6447
2123.0	0.939816	1.11748	0.177665	0.929071	5.1245
2124.0	0.165265	0.359702	0.194436	0.851313	8.2358
2125.0	0.35271	0.605322	0.252612	0.774102	12.0125
2126.0	0.107324	0.103138	0.00418654	0.883751	6.89786
2127.0	0.639262	0.591872	0.0473892	0.776028	11.9781
2128.0	0.714365	0.593133	0.121232	0.908339	5.91343
2129.0	0.431514	0.234082	0.197432	0.923527	5.32029
2130.0	0.481328	1.00343	0.522107	0.796328	10.5981
2131.0	0.848933	0.590714	0.258219	0.80702	10.2861
2132.0	0.639252	0.425537	0.213715	0.818902	9.72567
2133.0	0.506011	0.331216	0.174795	0.831925	9.12391
2134.0	0.149363	-0.363784	0.513147	0.908604	5.66412
2135.0	0.52824	0.720761	0.192521	0.787378	11.328
2136.0	0.717449	0.854731	0.137282	0.793838	11.0102
2137.0	0.949323	0.29421	0.655112	0.879917	6.62765
2138.0	0.485171	0.302701	0.18247	0.860275	7.84862
2139.0	0.451984	0.280672	0.171312	0.85986	7.87063
2140.0	0.750399	0.0349334	0.715466	0.813897	9.46332
2141.0	0.189041	0.573088	0.384047	0.811174	9.99148
2142.0	0.390105	0.0847744	0.30533	0.936372	4.80404
2143.0	0.780196	1.07245	0.292254	0.901253	6.11795
2144.0	0.0831687	-0.518356	0.601524	0.901799	5.8293
2145.0	0.329959	0.251911	0.0780487	0.830928	9.19658
2146.0	0.371725	0.408746	0.0370204	0.800229	10.7011
2147.0	0.74222	1.12189	0.379674	0.841556	8.56138
2148.0	0.702192	0.880098	0.177906	0.943342	4.61466
2149.0	0.0276724	0.0697392	0.0420668	0.848416	8.40204
2150.0	0.370261	0.529164	0.158903	0.904409	6.05421
2151.0	0.301355	0.73759	0.436235	0.781234	11.4805
2152.0	0.810248	0.787636	0.0226118	0.91579	5.64467
2153.0	0.21639	-0.101764	0.318155	0.910423	5.75065
2154.0	0.739097	-0.0262837	0.76538	0.980504	2.87779
2155.0	0.354053	0.758391	0.404338	0.851203	8.11037
2156.0	0.81691	1.47634	0.659433	0.861945	7.36789
2157.0	0.183611	0.510046	0.326435	0.85688	7.92051
2158.0	0.177066	0.950659	0.773593	0.902945	5.55852
2159.0	0.756369	1.08285	0.326484	0.786053	11.3192
2160.0	0.0243343	0.980044	0.95571	0.822978	8.60613
2161.0	0.12173	0.696741	0.575011	0.80145	10.2741
2162.0	0.256644	0.329979	0.0733341	0.925331	5.28579
2163.0	0.70726	1.08044	0.373184	0.769987	12.1521
2164.0	0.990424	0.600061	0.390363	0.840776	8.58806
2165.0	0.933369	0.738766	0.194603	0.956455	4.15556
2166.0	0.913594	0.693781	0.219813	0.823805	9.48756
2167.0	0.536029	0.83645	0.300422	0.843681	8.52187
2168.0	0.5705	0.548044	0.0224552	0.770125	12.3059
2169.0	0.421282	0.313376	0.107906	0.839637	8.78807
2170.0	0.93283	0.525643	0.407188	0.873037	7.17284
2171.0	0.401591	0.168473	0.233118	0.751891	13.2849
2172.0	0.122457	0.127648	0.00519152	0.772738	12.1615
2173.0	0.92013	0.802984	0.117146	0.823315	9.54827
2174.0	0.419049	0.432667	0.0136181	0.822578	9.59812
2175.0	0.263038	-0.410492	0.67353	0.77504	11.5135
2176.0	0.766026	0.675393	0.0906331	0.936655	4.87321
2177.0	0.29587	-0.117424	0.413294	0.775693	11.8021
2178.0	0.0112664	0.46293	0.451663	0.911819	5.59935
2179.0	0.322817	0.354059	0.0312429	0.88906	6.68231
2180.0	0.126415	0.116317	0.0100981	0.99589	2.90511
2181.0	0.0510338	0.0735915	0.0225576	0.78908	11.2797
2182.0	0.50414	0.193381	0.310759	0.874583	7.17818
2183.0	0.821968	0.786625	0.0353433	0.835805	8.97507
2184.0	0.889355	1.345	0.455646	0.81995	9.50008
2185.0	0.0901727	-0.100285	0.190458	0.864349	7.67053
2186.0	0.563681	0.87217	0.30849	0.791202	11.0615
2187.0	0.274759	-0.444565	0.719325	0.80281	10.001
2188.0	0.901186	0.825955	0.0752316	0.800217	10.6969
2189.0	0.919106	0.407683	0.511423	0.909052	5.64884
2190.0	0.717225	0.857332	0.140107	0.925086	5.2813
2191.0	0.828929	0.463609	0.36532	0.846678	8.34229
2192.0	0.819824	1.01168	0.191857	0.822131	9.57993
2193.0	0.473073	0.732717	0.259644	0.87812	7.0611
2194.0	0.771598	0.926463	0.154864	0.855118	8.08262
2195.0	0.0279986	0.478301	0.450302	0.834861	8.80516
2196.0	0.296142	0.396016	0.0998739	0.783112	11.5858
2197.0	0.0395847	0.399266	0.359681	0.870684	7.30784
2198.0	0.36449	0.500751	0.13626	0.841417	8.69967
2199.0	0.695767	0.702457	0.00668962	0.754106	13.22
2200.0	0.23832	0.157124	0.0811965	0.898399	6.30623
2201.0	0.160625	0.132267	0.0283584	0.798454	10.7924
2202.0	0.829173	0.95014	0.120967	0.87923	7.06828
2203.0	0.961829	0.594216	0.367613	0.912601	5.63575
2204.0	0.923032	0.912082	0.0109501	0.818385	9.80016
2205.0	0.560193	0.320179	0.240013	0.900552	6.17229
2206.0	0.453862	0.382093	0.0717692	0.884506	6.86205
2207.0	0.533999	0.761687	0.227688	0.789921	11.1774
2208.0	0.642785	0.647014	0.00422956	0.90693	5.98161
2209.0	0.988005	0.500856	0.487149	0.832644	8.87088
2210.0	0.682742	0.955734	0.272992	0.857583	7.92291
2211.0	0.710444	0.722913	0.0124689	0.77443	12.0682
2212.0	0.429866	0.57869	0.148824	0.88749	6.72449
2213.0	0.0520955	0.166289	0.114194	0.82612	9.41557
2214.0	0.93878	1.17966	0.240876	0.880896	6.95652
2215.0	0.161872	0.550117	0.388245	0.801496	10.4707
2216.0	0.45036	0.596666	0.146306	0.775153	12.0039
2217.0	0.723628	0.92781	0.204182	0.878135	7.08628
2218.0	0.074715	-0.113261	0.187976	0.929571	5.10279
2219.0	0.876191	1.13824	0.26205	0.803113	10.48
2220.0	0.572677	0.598584	0.0259065	0.880427	7.03305
2221.0	0.567938	0.680191	0.112253	0.857487	7.99088
2222.0	0.618912	0.276558	0.342353	0.931971	4.93928
2223.0	0.830781	1.087	0.25622	0.80061	10.6101
2224.0	0.442155	0.331229	0.110926	0.883125	6.9111
2225.0	0.344354	0.740589	0.396235	0.754729	12.9969
2226.0	0.249156	0.381738	0.132583	0.859586	7.89461
2227.0	0.311209	0.915189	0.60398	0.861785	7.44567
2228.0	0.271882	0.0618453	0.210037	0.78901	11.2339
2229.0	0.460896	0.430744	0.030152	0.85152	8.26495
2230.0	0.97657	0.575661	0.400909	0.783631	11.3862
2231.0	0.91356	0.643956	0.269604	0.871495	7.3311
2232.0	0.990583	0.923971	0.0666117	0.860818	7.85481
2233.0	0.738424	1.07424	0.335815	0.813837	9.89882
2234.0	0.951405	0.951064	0.000340696	0.885637	6.82133
2235.0	0.857384	0.846913	0.0104716	0.875112	7.2533
2236.0	0.515384	0.547782	0.0323979	0.88005	7.04818
2237.0	0.566381	0.266035	0.300346	0.838958	8.73621
2238.0	0.985975	1.04081	0.0548326	0.933928	4.97578
2239.0	0.0680265	0.0892851	0.0212586	0.89419	6.47819
2240.0	0.279942	0.152632	0.12731	0.85552	8.07305
2241.0	0.57749	0.593424	0.0159336	0.73885	14.1325
2242.0	0.913618	0.741127	0.172491	0.898913	6.26344
2243.0	0.757948	0.856346	0.0983981	0.887114	6.75199
2244.0	0.972495	1.12401	0.151512	0.844322	8.56354
2245.0	0.822645	0.938542	0.115896	0.874688	7.25751
2246.0	0.887296	0.881089	0.00620749	0.876582	7.19229
2247.0	0.878661	1.23675	0.35809	0.854893	7.98483
2248.0	0.0316001	0.0259588	0.0056413	0.94709	4.51276
2249.0	0.386313	0.181915	0.204398	0.838722	8.79809
2250.0	0.185433	0.263761	0.0783277	0.885016	6.84036
2251.0	0.69948	1.08972	0.39024	0.825317	9.30405
2252.0	0.167288	-0.649357	0.816645	0.828627	8.60344
2253.0	0.93047	0.715129	0.21534	0.840022	8.73388
2254.0	0.0973289	-0.19854	0.295868	0.838063	8.77993
2255.0	0.156236	0.46647	0.310234	0.861581	7.72785
2256.0	0.602287	0.0519896	0.550297	0.784076	11.2015
2257.0	0.164063	0.687966	0.523903	0.888664	6.42845
2258.0	0.357038	0.489513	0.132476	0.851793	8.23562
2259.0	0.394126	0.435975	0.041849	0.785714	11.4564
2260.0	0.602709	0.78067	0.177961	0.895187	6.40804
2261.0	0.584551	1.03431	0.449755	0.825484	9.24263
2262.0	0.608454	1.14283	0.53438	0.854454	7.84217
2263.0	0.687671	0.0279568	0.659714	0.901211	5.78126
2264.0	0.664191	-0.175474	0.839665	0.92176	4.75956
2265.0	0.827835	0.0806785	0.747157	0.890122	6.09349
2266.0	0.874405	0.159477	0.714928	0.810045	9.65113
2267.0	0.640433	0.330896	0.309537	0.849854	8.24016
2268.0	0.25924	0.514039	0.254799	0.870132	7.39617
2269.0	0.942502	0.672454	0.270048	0.809238	10.1689
2270.0	0.169251	0.62245	0.453199	0.867555	7.36257
2271.0	0.530472	0.410296	0.120176	0.773388	12.109
2272.0	0.538855	-0.338764	0.877619	0.888104	5.96729
2273.0	0.0560306	-0.486243	0.542274	0.827494	9.05018
2274.0	0.701653	0.337671	0.363982	0.974367	3.47399
2275.0	0.673155	0.75246	0.0793047	0.867829	7.55295
2276.0	0.705295	0.690454	0.0148413	0.881032	7.00873
2277.0	0.683421	0.975789	0.292368	0.862473	7.70059
2278.0	0.527682	0.628041	0.100358	0.811858	10.1083
2279.0	0.483962	0.90812	0.424158	0.78969	11.045
2280.0	0.370082	0.319245	0.0508362	0.866915	7.59551
2281.0	0.809387	0.438534	0.370853	0.883572	6.76832
2282.0	0.843037	0.707126	0.135911	0.821673	9.62176
2283.0	0.237484	0.338232	0.100748	0.903879	6.08933
2284.0	0.518032	0.456565	0.0614666	0.814432	9.98869
2285.0	0.290977	-0.0105852	0.301562	0.859444	7.82541
2286.0	0.578033	0.538881	0.039152	0.946182	4.54305
2287.0	0.72218	0.0536559	0.668524	0.89253	6.10705
2288.0	0.720404	0.0328682	0.687536	0.845891	8.02547
2289.0	0.735967	1.23125	0.495286	0.869906	7.22351
2290.0	0.146061	0.334328	0.188267	0.805486	10.3973
2291.0	0.0547981	0.348054	0.293255	0.778527	11.7456
2292.0	0.11213	0.66215	0.550019	0.908964	5.61294
2293.0	0.893141	0.87136	0.0217806	0.909388	5.88708
2294.0	0.822623	0.896732	0.0741092	0.826573	9.40221
2295.0	0.126246	0.362532	0.236287	0.87148	7.34876
2296.0	0.593473	0.488283	0.105189	0.86192	7.8005
2297.0	0.283084	0.307901	0.0248172	0.85384	8.16291
2298.0	0.89308	0.932371	0.039291	0.731407	14.5922
2299.0	0.201863	0.571299	0.369435	0.901424	6.06172
2300.0	0.375572	0.931405	0.555832	0.79629	10.5596
2301.0	0.0971843	-0.0329029	0.130087	0.901945	6.15771
2302.0	0.0773585	-0.137824	0.215182	0.931828	5.01085
2303.0	0.563798	0.60589	0.0420923	0.839304	8.8137
2304.0	0.128141	0.02925	0.098891	0.805064	10.4469
2305.0	0.383164	0.840827	0.457663	0.844485	8.36117
2306.0	0.434785	0.48564	0.0508553	0.855623	8.08261
2307.0	0.8874	0.623803	0.263597	0.842074	8.6163
2308.0	0.752407	0.435925	0.316482	0.851851	8.14737
2309.0	0.817947	0.848599	0.0306518	0.900335	6.236
2310.0	0.108562	0.0406494	0.0679124	0.80915	10.2484
2311.0	0.851327	0.872254	0.0209266	0.760818	12.8314
2312.0	0.741835	0.480851	0.260984	0.863731	7.66442
2313.0	0.747706	1.18202	0.43431	0.912046	5.60551
2314.0	0.270266	0.755332	0.485066	0.911464	5.58283
2315.0	0.490857	0.378992	0.111865	0.874492	7.26662
2316.0	0.117762	0.473694	0.355932	0.928099	5.07033
2317.0	0.325854	0.302019	0.0238348	0.906469	5.99877
2318.0	0.34273	0.2842	0.0585295	0.906636	5.9896
2319.0	0.472171	0.479134	0.00696286	0.916646	5.61296
2320.0	0.125563	0.665758	0.540196	0.779586	11.4532
2321.0	0.869316	0.807039	0.0622763	0.863213	7.75227
2322.0	0.236541	-0.780434	1.01697	0.85321	7.13569
2323.0	0.765074	0.495989	0.269084	0.848283	8.33429
2324.0	0.826661	1.34077	0.51411	0.898013	6.0701
2325.0	0.722407	0.795127	0.07272	0.943483	4.63412
2326.0	0.550797	0.648202	0.0974058	0.900325	6.22806
2327.0	0.71701	0.95303	0.236019	0.818467	9.7358
2328.0	0.591784	1.02299	0.431201	0.860014	7.70353
2329.0	0.260729	0.376523	0.115794	0.924834	5.29644
2330.0	0.560592	0.994418	0.433826	0.803357	10.3354
2331.0	0.132333	0.867828	0.735495	0.900317	5.71399
2332.0	0.767236	1.0838	0.316566	0.892939	6.4297
2333.0	0.863321	0.233759	0.629563	0.861707	7.41701
2334.0	0.705135	1.25163	0.546495	0.774362	11.7277
2335.0	0.502345	1.07268	0.570333	0.933119	4.70424
2336.0	0.63039	0.602393	0.0279968	0.848749	8.3882
2337.0	0.35696	0.403089	0.0461285	0.843424	8.62596
2338.0	0.258116	0.0395192	0.218597	0.789518	11.2031
2339.0	0.369293	0.211836	0.157457	0.84556	8.50587
2340.0	0.448568	0.257388	0.19118	0.838231	8.8261
2341.0	0.413554	0.296063	0.11749	0.863014	7.75067
2342.0	0.355939	0.483901	0.127962	0.863549	7.7251
2343.0	0.172484	0.815359	0.642875	0.805927	9.96
2344.0	0.376024	0.405202	0.0291784	0.871138	7.41878
2345.0	0.308355	0.188392	0.119963	0.896247	6.38318
2346.0	0.730842	1.38565	0.654806	0.891455	6.16698
2347.0	0.0521824	0.144662	0.09248	0.923842	5.33752
2348.0	0.918274	1.03804	0.119762	0.840726	8.73553
2349.0	0.265633	0.601699	0.336066	0.788702	11.1723
2350.0	0.297354	0.368842	0.0714881	0.843805	8.60559
2351.0	0.983262	0.899201	0.0840612	0.990733	3.06058
2352.0	0.367511	0.121493	0.246019	0.860641	7.80493
2353.0	0.662931	0.37282	0.290111	0.819655	9.6476
2354.0	0.241426	0.306911	0.0654851	0.813009	10.058
2355.0	0.819878	0.73299	0.0868877	0.867512	7.56509
2356.0	0.250431	0.180958	0.0694733	0.882657	6.93766
2357.0	0.0897939	0.570944	0.48115	0.878879	6.86603
2358.0	0.0148592	0.0985214	0.0836622	0.79568	10.9282
2359.0	0.407952	0.413129	0.0051768	0.861829	7.81575
2360.0	0.34281	-0.247566	0.590376	0.824259	9.1441
2361.0	0.284996	-0.309609	0.594605	0.836202	8.58495
2362.0	0.230181	0.518602	0.288421	0.883993	6.80524
2363.0	0.0104149	0.194757	0.184343	0.796742	10.8432
2364.0	0.696322	1.37945	0.683127	0.847166	7.97536
2365.0	0.0345741	0.077782	0.0432079	0.864076	7.71735
2366.0	0.0455117	0.101396	0.0558839	0.808213	10.2967
2367.0	0.882209	0.899038	0.0168286	0.840505	8.76045
2368.0	0.20558	0.0233141	0.182266	0.869458	7.45671
2369.0	0.307981	-0.266233	0.574214	0.873947	6.97084
2370.0	0.905423	0.948066	0.0426425	0.811923	10.1142
2371.0	0.706774	0.728957	0.0221829	0.884868	6.85199
2372.0	0.0104408	0.579603	0.569162	0.867065	7.26351
2373.0	0.134005	0.107701	0.0263044	0.902388	6.15631
2374.0	0.0208398	0.481835	0.460995	0.853983	7.9378
2375.0	0.508989	0.61633	0.107341	0.908015	5.9289
2376.0	0.923482	1.00366	0.0801755	0.925615	5.27436
2377.0	0.775971	1.04222	0.266249	0.883205	6.84947
2378.0	0.104796	-0.461788	0.566585	0.846022	8.17658
2379.0	0.207063	0.811649	0.604586	0.873233	6.96459
2380.0	0.954527	1.4468	0.492271	0.823128	9.31122
2381.0	0.763018	0.790615	0.0275965	0.857811	7.98895
2382.0	0.856405	1.1584	0.301993	0.853993	8.06243
2383.0	0.445469	0.858349	0.41288	0.761073	12.6164
2384.0	0.321149	0.690759	0.36961	0.81375	9.87707
2385.0	0.61156	0.40154	0.21002	0.866507	7.57054
2386.0	0.48256	0.943485	0.460924	0.813721	9.79589
2387.0	0.61839	1.15541	0.537019	0.820094	9.4062
2388.0	0.5054	0.521106	0.0157067	0.929101	5.15293
2389.0	0.71393	0.443894	0.270036	0.88688	6.69873
2390.0	0.556688	1.03961	0.482923	0.900633	5.99855
2391.0	0.318289	0.475528	0.157239	0.837827	8.85711
2392.0	0.432723	0.452983	0.0202607	0.801182	10.6536
2393.0	0.397002	-0.127321	0.524324	0.833303	8.80068
2394.0	0.735644	0.886931	0.151287	0.882895	6.90992
2395.0	0.499723	0.466626	0.0330974	0.880426	7.03268
2396.0	0.765324	0.692083	0.0732413	0.905733	6.02243
2397.0	0.715481	0.682229	0.0332523	0.880931	7.01195
2398.0	0.125573	-0.119118	0.244691	0.832542	9.06394
2399.0	0.694129	0.961593	0.267464	0.829172	9.20889
2400.0	0.998102	0.78572	0.212382	0.761701	12.7282
2401.0	0.153259	-0.0622983	0.215557	0.854378	8.09178
2402.0	0.866966	1.16802	0.301055	0.819345	9.65553
2403.0	0.915377	0.920955	0.00557854	0.854777	8.12235
2404.0	0.346992	-0.168498	0.51549	0.812229	9.81078
2405.0	0.206055	0.531243	0.325188	0.850096	8.21911
2406.0	0.848497	0.761339	0.0871575	0.867216	7.5776
2407.0	0.261742	0.583862	0.32212	0.939844	4.67106
2408.0	0.398376	0.726967	0.328592	0.945359	4.47363
2409.0	0.384973	0.773703	0.38873	0.821282	9.49723
2410.0	0.501834	0.396943	0.104891	0.892027	6.55372
2411.0	0.745362	0.269602	0.475761	0.925408	5.07455
2412.0	0.961903	0.815906	0.145997	0.84761	8.41763
2413.0	0.55092	1.16351	0.612591	0.7991	10.3433
2414.0	0.0797968	0.266529	0.186732	0.949582	4.39417
2415.0	0.389638	0.586438	0.1968	0.85808	7.93815
2416.0	0.571603	0.368993	0.20261	0.749182	13.4607
2417.0	0.847102	0.600615	0.246486	0.876604	7.13037
2418.0	0.673042	0.437644	0.235398	0.83221	9.08413
2419.0	0.358804	0.305515	0.053289	0.865008	7.67648
2420.0	0.191764	0.0909762	0.100788	0.840057	8.77047
2421.0	0.436747	0.214621	0.222126	0.881046	6.95902
2422.0	0.0370132	0.515918	0.478905	0.860141	7.65377
2423.0	0.13528	0.252961	0.117681	0.798173	10.7923
2424.0	0.121994	0.730922	0.608927	0.850613	7.92241
2425.0	0.451822	0.7722	0.320378	0.798734	10.6644
2426.0	0.248976	0.463877	0.214901	0.898533	6.26224
2427.0	0.97916	0.972356	0.00680405	0.862373	7.79231
2428.0	0.73987	0.739264	0.000606223	0.930123	5.11602
2429.0	0.71267	0.989156	0.276485	0.811463	10.055
2430.0	0.417196	0.300769	0.116427	0.858867	7.92991
2431.0	0.886038	1.03944	0.153403	0.847313	8.42859
2432.0	0.312343	0.575242	0.262899	0.86894	7.44213
2433.0	0.896819	0.643932	0.252887	0.845333	8.47508
2434.0	0.124778	0.880809	0.756031	0.749548	12.8069
2435.0	0.353207	0.706476	0.353268	0.852928	8.07448
2436.0	0.618839	1.14302	0.524177	0.915916	5.37843
2437.0	0.621237	0.806499	0.185262	0.843538	8.58699
2438.0	0.636319	0.487485	0.148834	0.846352	8.47306
2439.0	0.609555	0.666079	0.056524	0.820117	9.71312
2440.0	0.848591	0.810526	0.0380645	0.828052	9.33664
2441.0	0.208971	0.996615	0.787643	0.865528	7.03016
2442.0	0.633412	0.752282	0.11887	0.771759	12.1993
2443.0	0.627569	0.688672	0.0611034	0.756287	13.0886
2444.0	0.420719	0.384522	0.0361975	0.843391	8.62831
2445.0	0.632039	0.852886	0.220847	0.865599	7.60445
2446.0	0.753945	0.866518	0.112573	0.806446	10.3744
2447.0	0.320734	0.723847	0.403112	0.89045	6.46735
2448.0	0.712466	0.674032	0.0384341	0.947096	4.51122
2449.0	0.133985	-0.215071	0.349055	0.913202	5.62583
2450.0	0.795446	0.50859	0.286856	0.918142	5.47855
2451.0	0.90691	0.948285	0.0413755	0.817823	9.82564
2452.0	0.905363	1.27121	0.365849	0.812438	9.9443
2453.0	0.177084	-0.0442222	0.221306	0.948674	4.41267
2454.0	0.417386	0.693809	0.276423	0.89386	6.41661
2455.0	0.34835	0.460402	0.112052	0.817872	9.81148
2456.0	0.218419	-0.0352479	0.253667	0.870196	7.39407
2457.0	0.813872	0.657689	0.156183	0.745369	13.708
2458.0	0.371773	0.119771	0.252002	0.79039	11.1396
2459.0	0.320878	1.04362	0.722741	0.809378	9.67154
2460.0	0.471018	0.0462312	0.424787	0.750204	13.2333
2461.0	0.985626	0.941708	0.0439173	0.895796	6.41319
2462.0	0.641759	0.610607	0.0311525	0.881224	7.00008
2463.0	0.511357	0.745501	0.234143	0.882914	6.87731
2464.0	0.411399	0.771023	0.359624	0.844475	8.44525
2465.0	0.422383	0.29294	0.129443	0.914362	5.68283
2466.0	0.488289	0.610907	0.122618	0.81551	9.92369
2467.0	0.00675772	0.530326	0.523568	0.770485	11.9684
2468.0	0.743844	0.859559	0.115715	0.81592	9.9055
2469.0	0.209869	-0.258661	0.46853	0.917793	5.36108
2470.0	0.439412	0.307761	0.131651	0.871873	7.37123
2471.0	0.657978	0.990381	0.332403	0.841845	8.58359
2472.0	0.475949	0.0393243	0.436625	0.784217	11.3211
2473.0	0.738326	0.478875	0.259451	0.80604	10.3344
2474.0	0.471588	0.828443	0.356854	0.838747	8.7067
2475.0	0.503154	0.618649	0.115495	0.944546	4.58938
2476.0	0.497862	0.468323	0.0295391	0.885356	6.83182
2477.0	0.496967	0.793007	0.29604	0.899254	6.19361
2478.0	0.349649	0.448592	0.0989432	0.788175	11.3169
2479.0	0.950483	0.899628	0.050855	0.847139	8.45826
2480.0	0.49964	0.766008	0.266368	0.775503	11.9275
2481.0	0.597936	0.222899	0.375037	0.866933	7.45441
2482.0	0.614125	1.01523	0.4011	0.833017	8.93458
2483.0	0.881929	0.826561	0.0553685	0.863374	7.74621
2484.0	0.827736	0.852064	0.0243284	0.838442	8.85443
2485.0	0.397651	0.72629	0.32864	0.908482	5.81794
2486.0	0.337053	0.5577	0.220647	0.928207	5.13981
2487.0	0.69709	0.737327	0.0402371	0.968299	3.79047
2488.0	0.519832	1.08568	0.565848	0.790247	10.8583
2489.0	0.0180466	0.667884	0.649838	0.926634	4.84665
2490.0	0.635589	0.759701	0.124112	0.789402	11.2459
2491.0	0.162441	0.613698	0.451258	0.862932	7.56047
2492.0	0.769291	-0.0686872	0.837978	0.849372	7.63715
2493.0	0.374437	0.0032403	0.371196	0.864337	7.56754
2494.0	0.135332	0.388593	0.25326	0.82678	9.32944
2495.0	0.0244372	0.488028	0.463591	0.859395	7.70059
2496.0	0.887191	0.868874	0.0183168	0.912388	5.77314
2497.0	0.909942	0.297479	0.612463	0.847237	8.06668
2498.0	0.411376	0.739085	0.327708	0.81976	9.61742
2499.0	0.999497	0.465578	0.533918	0.864075	7.42913
2500.0	0.807705	0.813749	0.00604401	0.858328	7.96724
2501.0	0.0953877	-0.332441	0.427829	0.857291	7.8241
2502.0	0.861901	0.926336	0.0644346	0.789726	11.2416
2503.0	0.758993	0.963326	0.204333	0.854695	8.08278
2504.0	0.805087	0.807596	0.00250881	0.850534	8.30961
2505.0	0.843246	0.553457	0.289789	0.826767	9.30875
2506.0	0.162753	0.292229	0.129477	0.850627	8.28805
2507.0	0.06549	0.234171	0.168681	0.904351	6.05333
2508.0	0.290823	0.478804	0.187981	0.84814	8.37931
2509.0	0.325343	0.675582	0.350239	0.895829	6.2936
2510.0	0.997128	1.00993	0.0128009	0.828141	9.33385
2511.0	0.388728	0.679643	0.290915	0.886511	6.70198
2512.0	0.183035	0.283823	0.100788	0.789966	11.2222
2513.0	0.457392	0.85429	0.396898	0.767842	12.2502
2514.0	0.112781	0.561098	0.448317	0.952166	4.15331
2515.0	0.37576	0.760633	0.384873	0.886632	6.63428
2516.0	0.371795	0.442842	0.0710472	0.850061	8.32535
2517.0	0.35956	0.0751637	0.284396	0.936139	4.82387
2518.0	0.392418	0.130846	0.261572	0.8108	10.0965
2519.0	0.262384	-0.0328233	0.295207	0.804719	10.3786
2520.0	0.980089	-0.217468	1.19756	0.844028	7.12826
2521.0	0.732383	0.774565	0.0421828	0.819074	9.765
2522.0	0.566116	0.693286	0.12717	0.753185	13.2547
2523.0	0.540154	0.715342	0.175188	0.823408	9.52552
2524.0	0.336459	0.539665	0.203206	0.847072	8.42081
2525.0	0.842886	0.826173	0.0167133	0.895449	6.42853
2526.0	0.881243	0.485299	0.395944	0.731811	14.3754
2527.0	0.0441661	0.180752	0.136586	0.859771	7.88548
2528.0	0.715584	0.510542	0.205042	0.973397	3.58628
2529.0	0.69655	0.852067	0.155517	0.810338	10.1679
2530.0	0.636407	0.933415	0.297008	0.852763	8.11958
2531.0	0.616679	-0.0288816	0.64556	0.809633	9.77365
2532.0	0.541642	0.116629	0.425013	0.78162	11.4709
2533.0	0.584921	0.806594	0.221673	0.787211	11.3231
2534.0	0.914983	0.952419	0.0374354	0.86845	7.53158
2535.0	0.663409	0.591993	0.0714169	0.825945	9.43236
2536.0	0.265084	0.407538	0.142455	0.778928	11.7994
2537.0	0.984159	0.542332	0.441826	0.903979	5.90623
2538.0	0.704125	0.514329	0.189795	0.841919	8.65849
2539.0	0.0112475	0.174254	0.163007	0.846082	8.48058
2540.0	0.792566	0.122526	0.670039	0.892417	6.10952
2541.0	0.718759	0.501893	0.216866	0.891127	6.55409
2542.0	0.444976	1.00535	0.560371	0.846791	8.14968
2543.0	0.942687	0.518497	0.42419	0.805889	10.2177
2544.0	0.445229	0.0564719	0.388757	0.783219	11.4191
2545.0	0.645812	0.514471	0.131342	0.828612	9.2933
2546.0	0.328533	0.283617	0.0449155	0.826292	9.41923
2547.0	0.670482	1.55666	0.886174	0.86848	6.7431
2548.0	0.667079	1.26754	0.600461	0.798752	10.3772
2549.0	0.640143	0.863486	0.223343	0.803862	10.463
2550.0	0.515586	0.411892	0.103694	0.892871	6.52038
2551.0	0.143084	0.438645	0.29556	0.887744	6.64968
2552.0	0.837758	0.971646	0.133889	0.790117	11.2055
2553.0	0.907367	0.246572	0.660795	0.787929	10.8484
2554.0	0.0517341	0.231694	0.17996	0.780506	11.7002
2555.0	0.0453746	0.291517	0.246143	0.835922	8.90674
2556.0	0.611231	0.863154	0.251923	0.862661	7.71502
2557.0	0.964366	0.570655	0.39371	0.825379	9.29818
2558.0	0.363708	0.38063	0.0169218	0.874736	7.26876
2559.0	0.0811007	0.812549	0.731448	0.933412	4.49981
2560.0	0.903269	1.03057	0.127301	0.813084	10.0412
2561.0	0.185143	0.587155	0.402012	0.883786	6.73576
2562.0	0.399904	0.376581	0.0233236	0.905688	6.02885
2563.0	0.424877	0.552574	0.127697	0.871281	7.39711
2564.0	0.933102	0.699736	0.233366	0.882799	6.88238
2565.0	0.45844	0.923822	0.465382	0.740726	13.755
2566.0	0.902	0.97477	0.0727701	0.832626	9.11816
2567.0	0.31185	0.705968	0.394118	0.818336	9.63413
2568.0	0.122407	0.21528	0.0928725	0.915191	5.65941
2569.0	0.046719	0.231052	0.184333	0.840693	8.71637
2570.0	0.646331	0.509887	0.136444	0.939451	4.76404
2571.0	0.642889	1.06831	0.425425	0.772314	11.9753
2572.0	0.831186	0.702912	0.128274	0.921349	5.42209
2573.0	0.977209	0.544129	0.43308	0.892775	6.3505
2574.0	0.512046	0.887097	0.375051	0.794321	10.8485
2575.0	0.550381	0.805563	0.255182	0.8558	8.0103
2576.0	0.901333	0.0524234	0.84891	0.903621	5.41643
2577.0	0.385349	0.599828	0.214479	0.818373	9.75089
2578.0	0.652931	1.08322	0.430293	0.795666	10.7294
2579.0	0.629798	0.939627	0.309829	0.812986	9.95879
2580.0	0.699157	0.898134	0.198977	0.887485	6.70739
2581.0	0.277133	0.510867	0.233734	0.895461	6.37472
2582.0	0.704923	0.947111	0.242189	0.807952	10.2485
2583.0	0.485167	0.776136	0.290969	0.93307	4.93019
2584.0	0.536736	-0.0483018	0.585038	0.821676	9.27303
2585.0	0.0546514	0.223254	0.168603	0.952977	4.28307
2586.0	0.340039	0.38711	0.047071	0.802597	10.5798
2587.0	0.624816	0.0441532	0.580663	0.831041	8.83936
2588.0	0.527437	1.08524	0.557801	0.834108	8.7254
2589.0	0.271039	0.0475365	0.223503	0.870873	7.38017
2590.0	0.28167	0.0182642	0.263406	0.906055	5.94806
2591.0	0.651901	0.759244	0.107343	0.929478	5.12858
2592.0	0.318217	0.573758	0.255541	0.836208	8.88856
2593.0	0.353943	0.171124	0.182819	0.908084	5.9051
2594.0	0.437385	0.475202	0.0378173	0.875185	7.24892
2595.0	0.669673	-0.161249	0.830923	0.774165	11.2914
2596.0	0.237991	0.911779	0.673788	0.884885	6.4031
2597.0	0.12453	-0.00802945	0.132559	0.858724	7.93195
2598.0	0.0674407	0.342071	0.274631	0.899114	6.21098
2599.0	0.779942	0.867663	0.087721	0.854435	8.12943
2600.0	0.0713597	0.245221	0.173862	0.830525	9.18965
2601.0	0.971564	0.749355	0.222209	0.896868	6.32445
2602.0	0.18696	0.794184	0.607225	0.879724	6.69531
2603.0	0.126557	-0.0086398	0.135197	0.867711	7.54575
2604.0	0.10455	0.0415483	0.0630021	0.910474	5.84231
2605.0	0.884227	1.04283	0.158603	0.788587	11.2777
2606.0	0.352673	0.386878	0.0342043	0.82661	9.4051
2607.0	0.391724	0.42985	0.0381253	0.842277	8.67861
2608.0	0.30945	0.163456	0.145994	0.827782	9.32809
2609.0	0.0746667	0.160124	0.0854568	0.838437	8.84758
2610.0	0.31118	0.510341	0.199162	0.874482	7.23966
2611.0	0.446464	0.245036	0.201429	0.83284	9.07065
2612.0	0.556107	0.230213	0.325893	0.813801	9.90771
2613.0	0.120223	0.191392	0.0711693	0.761889	12.7647
2614.0	0.754625	0.36497	0.389655	0.943577	4.49542
2615.0	0.0695585	0.237559	0.168001	0.840354	8.73788
2616.0	0.0623867	0.307682	0.245295	0.807659	10.2614
2617.0	0.405926	0.331005	0.0749203	0.92625	5.25189
2618.0	0.441432	0.985887	0.544455	0.821541	9.32859
2619.0	0.693435	0.762084	0.068649	0.874148	7.2888
2620.0	0.415249	1.33086	0.915609	0.803827	9.60162
2621.0	0.969853	0.58142	0.388433	0.847382	8.29274
2622.0	0.27806	0.338666	0.0606067	0.826858	9.39066
2623.0	0.276888	0.739363	0.462475	0.850651	8.08258
2624.0	0.205394	0.269366	0.0639723	0.86852	7.5259
2625.0	0.278099	0.511398	0.233299	0.786507	11.3543
2626.0	0.229594	0.373046	0.143452	0.882378	6.93332
2627.0	0.246577	0.000657266	0.24592	0.868166	7.48362
2628.0	0.330306	0.483098	0.152792	0.864865	7.66166
2629.0	0.0764731	-0.149775	0.226248	0.920945	5.40402
2630.0	0.929521	0.59536	0.334162	0.894931	6.33971
2631.0	0.321349	0.355387	0.0340375	0.840205	8.77322
2632.0	0.191786	0.313948	0.122162	0.817835	9.8107
2633.0	0.920831	0.991287	0.0704564	0.911846	5.78923
2634.0	0.900757	0.916872	0.0161147	0.908271	5.92995
2635.0	0.381912	0.157125	0.224786	0.834704	8.97363
2636.0	0.966153	1.67935	0.713192	0.874266	6.77946
2637.0	0.419275	0.0845833	0.334692	0.823007	9.45696
2638.0	0.196834	-0.751068	0.947902	0.871746	6.49716
2639.0	0.846303	0.951815	0.105513	0.809878	10.2051
2640.0	0.468024	0.549757	0.081733	0.916296	5.61975
2641.0	0.865411	0.904117	0.0387052	0.820849	9.67968
2642.0	0.355009	-0.292303	0.647312	0.800145	10.2424
2643.0	0.53833	0.491933	0.0463967	0.812872	10.067
2644.0	0.509915	0.78991	0.279995	0.965059	3.82905
2645.0	0.323866	0.918258	0.594393	0.86025	7.52287
2646.0	0.0976041	-0.569508	0.667112	0.819018	9.28943
2647.0	0.765587	0.971805	0.206218	0.829252	9.23616
2648.0	0.425971	0.392441	0.0335303	0.8799	7.05425
2649.0	0.513243	0.311993	0.20125	0.83672	8.89129
2650.0	0.182565	0.387139	0.204574	0.787919	11.294
2651.0	0.056631	0.0767941	0.020163	0.930105	5.11631
2652.0	0.765945	0.344636	0.42131	0.850785	8.11428
2653.0	0.606848	0.705276	0.0984281	0.821389	9.64489
2654.0	0.409212	0.802261	0.393049	0.869462	7.33375
2655.0	0.981337	0.445325	0.536012	0.851348	7.97613
2656.0	0.437246	0.442584	0.00533818	0.917444	5.58312
2657.0	0.376893	0.487678	0.110786	0.897392	6.34017
2658.0	0.208125	0.601844	0.393719	0.853295	8.02717
2659.0	0.101454	0.208959	0.107504	0.91054	5.83248
2660.0	0.0882729	-0.105433	0.193706	0.956346	4.15961
2661.0	0.798646	0.921873	0.123227	0.901211	6.18798
2662.0	0.702243	1.00481	0.302566	0.843838	8.51345
2663.0	0.0304692	0.313896	0.283427	0.806007	10.3216
2664.0	0.981176	0.711162	0.270014	0.914471	5.6249
2665.0	0.0537102	0.0624229	0.0087127	0.927736	5.2028
2666.0	0.626986	1.02476	0.397773	0.847831	8.26511
2667.0	0.462764	0.614765	0.152	0.794756	10.9579
2668.0	0.838846	1.04583	0.20698	0.856913	7.9847
2669.0	0.987452	1.26805	0.280598	0.75131	13.2899
2670.0	0.642941	0.418823	0.224118	0.893862	6.44222
2671.0	0.578176	0.334165	0.244011	0.839038	8.76487
2672.0	0.499257	0.325945	0.173311	0.827664	9.32429
2673.0	0.524353	0.701449	0.177096	0.808915	10.2306
2674.0	0.595741	-0.113128	0.708869	0.889404	6.17604
2675.0	0.83151	0.441241	0.390269	0.835257	8.84028
2676.0	0.827756	0.449777	0.377979	0.858598	7.80875
2677.0	0.784977	1.06967	0.284696	0.844494	8.4949
2678.0	0.106094	0.373001	0.266907	0.860631	7.79437
2679.0	0.975407	0.302386	0.673021	0.818875	9.28776
2680.0	0.20306	0.681545	0.478484	0.937677	4.63169
2681.0	0.561902	0.738054	0.176151	0.833009	9.07294
2682.0	0.974835	0.673508	0.301327	0.840649	8.65854
2683.0	0.645905	1.03497	0.389062	0.838307	8.70146
2684.0	0.419724	0.658762	0.239038	0.806309	10.3321
2685.0	0.417989	-0.269704	0.687693	0.782819	11.0758
2686.0	0.391996	0.640259	0.248263	0.783	11.5328
2687.0	0.0347545	0.258473	0.223719	0.85872	7.89872
2688.0	0.173116	0.137572	0.0355433	0.775188	12.0253
2689.0	0.339858	0.408751	0.0688926	0.906944	5.97649
2690.0	0.305698	0.737037	0.43134	0.890131	6.45691
2691.0	0.681312	0.918237	0.236925	0.881695	6.92573
2692.0	0.670088	0.710704	0.0406169	0.830672	9.2133
2693.0	0.475265	0.591566	0.116301	0.792978	11.061
2694.0	0.099228	0.201423	0.102195	0.859842	7.89083
2695.0	0.0171563	0.253325	0.236168	0.873958	7.24525
2696.0	0.656465	1.09908	0.44261	0.860165	7.68685
2697.0	0.899469	0.918669	0.0192008	0.899673	6.26243
2698.0	0.15729	0.248995	0.0917055	0.907952	5.93429
2699.0	0.164674	0.172697	0.00802332	0.864607	7.69647
2700.0	0.53721	0.571904	0.0346943	0.858728	7.94865
2701.0	0.48911	0.824917	0.335807	0.776946	11.8007
2702.0	0.074322	-0.20511	0.279432	0.808175	10.216
2703.0	0.761018	0.907593	0.146575	0.830968	9.17828
2704.0	0.46456	1.06632	0.601762	0.764542	12.1966
2705.0	0.322632	0.326686	0.00405418	0.945975	4.55168
2706.0	0.462288	0.234939	0.22735	0.828162	9.27762
2707.0	0.622616	1.16286	0.540248	0.793198	10.7373
2708.0	0.762049	1.19688	0.43483	0.831112	8.99302
2709.0	0.459138	1.18772	0.728584	0.864142	7.17818
2710.0	0.952466	1.30538	0.352912	0.874604	7.14917
2711.0	0.268508	0.645097	0.376589	0.85782	7.8435
2712.0	0.288785	0.379235	0.09045	0.831041	9.18906
2713.0	0.555516	0.600798	0.0452816	0.759344	12.9141
2714.0	0.223651	-0.225191	0.448842	0.874765	7.06533
2715.0	0.0196307	0.303197	0.283567	0.822201	9.52952
2716.0	0.387944	-0.308284	0.696228	0.831264	8.67342
2717.0	0.765207	0.741137	0.0240705	0.848069	8.41877
2718.0	0.11251	0.290435	0.177925	0.852949	8.16994
2719.0	0.234119	0.531932	0.297813	0.873777	7.21963
2720.0	0.0129948	-0.134424	0.147419	0.793706	11.0139
2721.0	0.823374	0.743512	0.0798613	0.871458	7.3997
2722.0	0.316132	0.390644	0.0745121	0.768666	12.3814
2723.0	0.0711672	0.547126	0.475959	0.899285	6.05729
2724.0	0.255629	0.496578	0.240948	0.769642	12.2657
2725.0	0.935785	1.47532	0.539537	0.873154	7.04225
2726.0	0.521155	0.776799	0.255644	0.837914	8.81018
2727.0	0.456829	-0.00206853	0.458897	0.85518	7.88753
2728.0	0.449255	0.640655	0.1914	0.806512	10.3446
2729.0	0.453838	0.48465	0.0308116	0.7847	11.5113
2730.0	0.236603	0.297924	0.0613209	0.904949	6.05424
2731.0	0.353814	-0.241574	0.595388	0.806449	9.9984
2732.0	0.0467693	-0.104284	0.151053	0.919687	5.47769
2733.0	0.527882	0.7513	0.223418	0.915269	5.61694
2734.0	0.584646	0.153447	0.4312	0.823578	9.35033
2735.0	0.142261	0.0929916	0.0492689	0.878833	7.09685
2736.0	0.303831	0.409619	0.105788	0.98305	3.30107
2737.0	0.692184	1.35671	0.664525	0.875614	6.79077
2738.0	0.430204	0.379786	0.050418	0.845467	8.53336
2739.0	0.128517	0.604169	0.475652	0.92798	4.98123
2740.0	0.0914994	-0.199355	0.290855	0.837183	8.82334
2741.0	0.566566	1.10102	0.534454	0.920263	5.20717
2742.0	0.0117557	0.378254	0.366498	0.848432	8.26324
2743.0	0.553899	0.834304	0.280405	0.776836	11.8459
2744.0	0.598825	0.347527	0.251298	0.833604	9.01115
2745.0	0.732156	0.784215	0.0520588	0.870519	7.4429
2746.0	0.868198	0.729806	0.138392	0.864174	7.69549
2747.0	0.585772	0.858008	0.272236	0.915312	5.59218
2748.0	0.834116	0.695397	0.138719	0.868834	7.49722
2749.0	0.835297	0.716747	0.11855	0.826409	9.40077
2750.0	0.915156	0.953378	0.0382214	0.863629	7.73693
2751.0	0.370511	0.805021	0.434511	0.802409	10.3824
2752.0	0.460737	0.676894	0.216157	0.855655	8.03561
2753.0	0.95376	0.697007	0.256753	0.887659	6.6743
2754.0	0.761192	0.935498	0.174305	0.809511	10.2021
2755.0	0.68913	0.759408	0.0702782	0.806237	10.3934
2756.0	0.348088	0.231837	0.116251	0.821755	9.62315
2757.0	0.356001	-0.496677	0.852678	0.848418	7.65337
2758.0	0.63519	-0.0240367	0.659227	0.912589	5.35087
2759.0	0.200404	0.446893	0.246489	0.903529	6.05375
2760.0	0.104785	-0.156623	0.261408	0.810885	10.0924
2761.0	0.293573	0.168603	0.12497	0.869778	7.46103
2762.0	0.809909	0.78231	0.0275989	0.882336	6.95481
2763.0	0.468729	0.581606	0.112877	0.866593	7.59886
2764.0	0.798427	0.645656	0.152771	0.861155	7.82087
2765.0	0.827109	0.985417	0.158308	0.849635	8.32347
2766.0	0.121261	-0.315104	0.436365	0.855821	7.8804
2767.0	0.827546	0.734303	0.0932422	0.889238	6.66751
2768.0	0.148753	0.210506	0.0617532	0.891833	6.56856
2769.0	0.852633	0.748553	0.10408	0.858814	7.93501
2770.0	0.8372	0.775098	0.0621021	0.80504	10.4547
2771.0	0.0110211	-0.0306667	0.0416878	0.882597	6.94317
2772.0	0.522709	0.64471	0.122001	0.876985	7.16069
2773.0	0.263846	0.270791	0.00694444	0.869181	7.50203
2774.0	0.746529	0.354677	0.391851	0.811013	9.9928
2775.0	0.640655	0.945412	0.304757	0.921316	5.35072
2776.0	0.0398442	0.310537	0.270693	0.904747	5.99462
2777.0	0.103297	-0.456063	0.559359	0.799773	10.3783
2778.0	0.640021	0.413655	0.226366	0.907203	5.92157
2779.0	0.603334	0.543388	0.0599455	0.861596	7.82212
2780.0	0.0394539	0.457553	0.418099	0.781102	11.5053
2781.0	0.149015	-0.0725333	0.221548	0.922778	5.33831
2782.0	0.0809132	0.169277	0.0883639	0.925953	5.26068
2783.0	0.0177231	1.10587	1.08815	0.818162	8.54655
2784.0	0.0114415	-0.267522	0.278963	0.747001	13.5459
2785.0	0.0228346	0.266052	0.243217	0.765362	12.5041
2786.0	0.94409	0.541888	0.402202	0.931325	4.92084
2787.0	0.406809	0.832034	0.425225	0.738838	13.913
2788.0	0.294313	0.414883	0.120569	0.764491	12.6057
2789.0	0.760513	1.02934	0.268831	0.807096	10.2761
2790.0	0.709328	0.506666	0.202663	0.812937	10.0212
2791.0	0.45663	0.578013	0.121384	0.871008	7.41018
2792.0	0.373057	0.452847	0.0797895	0.785251	11.4757
2793.0	0.387556	0.364502	0.0230537	0.830232	9.23511
2794.0	0.589434	0.830222	0.240788	0.876277	7.14672
2795.0	0.0752789	0.881323	0.806044	0.865651	6.99568
2796.0	0.266453	-0.144269	0.410722	0.811076	9.97312
2797.0	0.375894	0.886261	0.510367	0.875336	6.98268
2798.0	0.982194	1.02413	0.0419386	0.80982	10.2183
2799.0	0.639608	0.455792	0.183815	0.792212	11.078
2800.0	0.695227	0.164997	0.53023	0.833079	8.80441
2801.0	0.249035	0.974465	0.72543	0.901715	5.67452
2802.0	0.0401464	0.28082	0.240673	0.881978	6.91238
2803.0	0.143334	0.132098	0.0112363	0.901501	6.19134
2804.0	0.367317	0.681422	0.314105	0.84981	8.23913
2805.0	0.861898	1.17451	0.312608	0.81114	10.0476
2806.0	0.527429	0.644386	0.116957	0.785057	11.4777
2807.0	0.244525	0.158646	0.0858795	0.758263	12.97
2808.0	0.505266	0.661695	0.156429	0.826391	9.39043
2809.0	0.951624	1.13052	0.178892	0.963254	3.93123
2810.0	0.209989	0.674994	0.465004	0.887239	6.54269
2811.0	0.708915	0.973359	0.264444	0.812002	10.0356
2812.0	0.653063	0.988851	0.335788	0.807556	10.2086
2813.0	0.910956	0.86082	0.0501362	0.866272	7.62291
2814.0	0.20232	0.834078	0.631758	0.887206	6.36425
2815.0	0.0237144	0.220243	0.196529	0.865501	7.61895
2816.0	0.958952	0.884802	0.0741502	0.864647	7.68919
2817.0	0.991082	0.657802	0.33328	0.867676	7.453
2818.0	0.150075	0.487787	0.337713	0.9038	5.9916
2819.0	0.883632	0.395597	0.488034	0.924224	5.10662
2820.0	0.272716	0.805649	0.532934	0.837892	8.58092
2821.0	0.606624	0.745093	0.138469	0.831808	9.14149
2822.0	0.285535	0.658456	0.37292	0.828033	9.19019
2823.0	0.426379	-0.136498	0.562876	0.720642	14.884
2824.0	0.364491	-0.313626	0.678117	0.863952	7.25768
2825.0	0.124507	0.163282	0.0387757	0.837373	8.90256
2826.0	0.921339	1.03477	0.113433	0.865857	7.63005
2827.0	0.17812	0.519091	0.340971	0.794359	10.8739
2828.0	0.37144	0.137241	0.234198	0.76949	12.2779
2829.0	0.367799	0.165267	0.202532	0.859268	7.88425
2830.0	0.711204	0.599016	0.112188	0.87226	7.35978
2831.0	0.50735	0.650499	0.143149	0.86336	7.72897
2832.0	0.318709	1.1075	0.788792	0.842713	8.01221
2833.0	0.78026	1.11865	0.338395	0.794641	10.8613
2834.0	0.535435	0.739341	0.203906	0.82062	9.64731
2835.0	0.723235	0.510034	0.213201	0.807493	10.2859
2836.0	0.156938	0.335104	0.178166	0.844235	8.55826
2837.0	0.19771	0.372043	0.174332	0.867107	7.55905
2838.0	0.223445	-0.197396	0.420841	0.838088	8.68436
2839.0	0.188869	-0.284854	0.473722	0.900057	6.02942
2840.0	0.0159608	0.151928	0.135968	0.92613	5.24409
2841.0	0.213803	0.699833	0.486031	0.910474	5.61929
2842.0	0.510825	0.78512	0.274295	0.950654	4.32012
2843.0	0.363943	0.454812	0.0908685	0.815111	9.95058
2844.0	0.507632	0.939115	0.431483	0.870424	7.26144
2845.0	0.488457	0.480272	0.00818553	0.840388	8.76602
2846.0	0.456288	0.339653	0.116635	0.892907	6.51616
2847.0	0.834075	1.7585	0.924421	0.81832	8.88629
2848.0	0.494957	0.588289	0.0933321	0.906228	6.00016
2849.0	0.453987	0.353546	0.10044	0.894511	6.45599
2850.0	0.56879	0.441611	0.127179	0.834443	9.0222
2851.0	0.211024	0.610504	0.39948	0.953536	4.14423
2852.0	0.268075	0.13727	0.130805	0.812157	10.0858
2853.0	0.982296	0.559096	0.4232	0.868805	7.33651
2854.0	0.950701	0.720978	0.229724	0.793748	10.9767
2855.0	0.714129	0.654327	0.059801	0.861254	7.83687
2856.0	0.690632	1.05802	0.367392	0.857627	7.85888
2857.0	0.135016	0.188489	0.0534733	0.902474	6.15089
2858.0	0.550193	-0.131013	0.681206	0.761763	12.234
2859.0	0.831223	1.10167	0.270442	0.79195	11.0473
2860.0	0.98379	0.670753	0.313037	0.802698	10.4684
2861.0	0.983182	1.16376	0.180581	0.775518	11.9709
2862.0	0.664058	0.619429	0.0446289	0.84303	8.64393
2863.0	0.790052	0.799061	0.00900897	0.854708	8.12531
2864.0	0.480836	-0.528434	1.00927	0.744864	12.5532
2865.0	0.63677	0.210239	0.426531	0.80763	10.1289
2866.0	0.412377	0.521107	0.10873	0.863368	7.7375
2867.0	0.0179229	0.259798	0.241875	0.85266	8.15486
2868.0	0.232402	0.541244	0.308842	0.909072	5.80765
2869.0	0.616538	0.733362	0.116824	0.853282	8.17396
2870.0	0.397557	0.877876	0.480318	0.814337	9.74609
2871.0	0.306578	0.530369	0.223791	0.889562	6.6136
2872.0	0.130238	-0.159861	0.290099	0.848084	8.33093
2873.0	0.508848	0.690013	0.181166	0.84236	8.64184
2874.0	0.0408551	0.0475483	0.00669318	0.871368	7.40989
2875.0	0.380117	0.543274	0.163157	0.890479	6.60009
2876.0	0.0313258	0.261614	0.230288	0.849285	8.30988
2877.0	0.634088	0.159945	0.474144	0.845304	8.30851
2878.0	0.988546	0.567363	0.421183	0.838464	8.66689
2879.0	0.0670252	0.219529	0.152503	0.88344	6.88738
2880.0	0.0741898	0.270248	0.196058	0.92027	5.44118
2881.0	0.368831	0.730432	0.361601	0.77952	11.6406
2882.0	0.00126717	0.134247	0.13298	0.862064	7.78754
2883.0	0.906169	0.789116	0.117053	0.817851	9.81128
2884.0	0.229811	0.351578	0.121766	0.839067	8.81075
2885.0	0.0245454	0.173866	0.149321	0.886714	6.75561
2886.0	0.193443	0.176111	0.0173323	0.857384	8.00803
2887.0	0.0591139	0.386208	0.327094	0.828083	9.22213
2888.0	0.333607	0.960133	0.626527	0.802965	10.13
2889.0	0.902978	0.727475	0.175503	0.81377	9.99157
2890.0	0.907363	0.939914	0.032551	0.814472	9.98972
2891.0	0.910747	0.628863	0.281884	0.918456	5.46957
2892.0	0.831491	0.984165	0.152675	0.852155	8.21361
2893.0	0.603812	0.340228	0.263585	0.802467	10.5117
2894.0	0.0976255	0.130216	0.0325907	0.958342	4.12497
2895.0	0.654093	0.578591	0.0755021	0.801974	10.6075
2896.0	0.859702	0.615145	0.244557	0.792173	11.0507
2897.0	0.746515	1.15329	0.406777	0.886648	6.61652
2898.0	0.741274	0.435579	0.305695	0.797103	10.7581
2899.0	0.725455	0.834949	0.109494	0.910422	5.83656
2900.0	0.747458	0.587556	0.159903	0.852323	8.20389
2901.0	0.487151	0.872517	0.385366	0.880194	6.89497
2902.0	0.318297	0.737541	0.419244	0.89821	6.14853
2903.0	0.620028	0.943057	0.323029	0.913412	5.63468
2904.0	0.363954	1.2347	0.870745	0.830017	8.44392
2905.0	0.000278753	0.755005	0.754726	0.754976	12.4959
2906.0	0.109914	0.374944	0.265029	0.933249	4.93724
2907.0	0.500698	-0.0820377	0.582736	0.795085	10.5871
2908.0	0.747739	0.99666	0.248921	0.835914	8.90564
2909.0	0.43363	0.765434	0.331804	0.767497	12.3247
2910.0	0.511733	-0.280609	0.792342	0.893457	5.89556
2911.0	0.354302	0.392517	0.0382152	0.882457	6.94917
2912.0	0.33839	0.0851123	0.253277	0.842873	8.58573
2913.0	0.819711	0.794043	0.0256675	0.818327	9.80239
2914.0	0.0115985	0.112726	0.101127	0.892253	6.54551
2915.0	0.709139	1.00815	0.299013	0.826761	9.30321
2916.0	0.723906	0.499139	0.224767	0.956874	4.12979
2917.0	0.46805	0.685452	0.217402	0.826	9.38442
2918.0	0.260913	0.556054	0.295141	0.722267	15.0664
2919.0	0.960568	0.840169	0.120399	0.885408	6.81618
2920.0	0.239837	0.493607	0.25377	0.855644	8.01783
2921.0	0.364338	-0.39901	0.763348	0.902868	5.57647
2922.0	0.619324	0.622289	0.00296501	0.833798	9.06932
2923.0	0.118862	0.0328831	0.0859785	0.878467	7.10697
2924.0	0.767418	1.22591	0.458493	0.829701	9.03626
2925.0	0.915097	0.412122	0.502975	0.929252	4.91025
2926.0	0.251695	0.0855049	0.16619	0.880827	6.98973
2927.0	0.87545	0.681585	0.193865	0.898764	6.26161
2928.0	0.721684	0.885608	0.163924	0.805388	10.4117
2929.0	0.521036	0.7371	0.216065	0.859447	7.8707
2930.0	0.10023	0.302665	0.202434	0.863147	7.71716
2931.0	0.0603757	-0.110686	0.171062	0.807482	10.3043
2932.0	0.6249	0.972337	0.347437	0.757893	12.857
2933.0	0.366567	0.208434	0.158133	0.920799	5.43435
2934.0	0.71734	0.179208	0.538131	0.811135	9.83838
2935.0	0.848044	1.24799	0.399944	0.769995	12.1277
2936.0	0.846159	1.38182	0.535666	0.831295	8.88075
2937.0	0.00757545	0.674843	0.667267	0.867504	7.12304
2938.0	0.839473	-0.289611	1.12908	0.91102	4.62148
2939.0	0.809232	0.742319	0.0669137	0.849426	8.35419
2940.0	0.373189	0.494527	0.121338	0.882314	6.94176
2941.0	0.473048	0.24103	0.232018	0.864632	7.64053
2942.0	0.755962	0.544849	0.211113	0.879231	7.03827
2943.0	0.247874	0.0559704	0.191903	0.795368	10.9108
2944.0	0.245586	0.22876	0.0168258	0.903384	6.11811
2945.0	0.732684	1.07351	0.340823	0.821659	9.51688
2946.0	0.504301	0.386605	0.117696	0.920073	5.47191
2947.0	0.00242509	0.511736	0.50931	0.801234	10.3636
2948.0	0.416576	-0.0620862	0.478663	0.786301	11.1673
2949.0	0.440603	0.879866	0.439263	0.915372	5.47651
2950.0	0.32678	0.390967	0.0641864	0.789628	11.2468
2951.0	0.0737907	0.187054	0.113263	0.823234	9.55311
2952.0	0.096015	0.607478	0.511463	0.860464	7.60702
2953.0	0.391608	0.598278	0.206671	0.855865	8.03059
2954.0	0.920631	1.35361	0.432983	0.8372	8.71399
2955.0	0.932617	1.06819	0.135569	0.855956	8.05174
2956.0	0.639766	0.372543	0.267223	0.926568	5.17814
2957.0	0.834305	0.680952	0.153353	0.887201	6.73474
2958.0	0.687025	1.15167	0.464642	0.733934	14.1711
2959.0	0.588031	0.0552818	0.532749	0.852657	7.92237
2960.0	0.428055	0.351801	0.0762536	0.835316	8.99282
2961.0	0.0226038	0.430793	0.40819	0.885288	6.67011
2962.0	0.344113	0.617572	0.273459	0.852529	8.14378
2963.0	0.425124	0.514852	0.0897276	0.914172	5.69832
2964.0	0.413351	0.622756	0.209406	0.882502	6.90506
2965.0	0.160443	0.27814	0.117696	0.930258	5.09809
2966.0	0.124519	0.326105	0.201586	0.923275	5.32799
2967.0	0.51078	0.35374	0.15704	0.833881	9.03924
2968.0	0.452882	0.557821	0.104939	0.856484	8.03624
2969.0	0.0129796	0.545431	0.532452	0.848912	8.0873
2970.0	0.76374	0.948335	0.184595	0.812205	10.0649
2971.0	0.415853	0.405766	0.0100868	0.917725	5.57252
2972.0	0.999467	1.56601	0.566541	0.870816	7.10946
2973.0	0.160636	0.322616	0.16198	0.850844	8.26858
2974.0	0.829126	0.573167	0.255959	0.872032	7.31583
2975.0	0.484759	0.141453	0.343306	0.923832	5.23443
2976.0	0.627685	0.494891	0.132793	0.845066	8.5356
2977.0	0.0586581	-0.268047	0.326705	0.939685	4.67394
2978.0	0.109918	0.227166	0.117248	0.822659	9.57961
2979.0	0.686173	0.811728	0.125555	0.856556	8.02822
2980.0	0.65558	1.21203	0.556446	0.796637	10.5412
2981.0	0.104981	0.129578	0.0245974	0.862712	7.77717
2982.0	0.0882137	-0.436641	0.524854	0.876683	6.91227
2983.0	0.881284	0.906594	0.0253098	0.94122	4.71813
2984.0	0.391654	0.155545	0.236109	0.794052	10.9577
2985.0	0.129956	0.120623	0.00933282	0.803442	10.5395
2986.0	0.919729	0.343589	0.57614	0.917788	5.25481
2987.0	0.947031	1.04431	0.0972818	0.878655	7.09715
2988.0	0.993042	0.891969	0.101073	0.847352	8.44075
2989.0	0.200249	0.200037	0.000211749	0.863306	7.75229
2990.0	0.180733	0.413604	0.23287	0.954717	4.19991
2991.0	0.243834	0.462088	0.218254	0.931397	5.02516
2992.0	0.846577	0.922021	0.0754441	0.839157	8.81629
2993.0	0.0919189	0.151318	0.0593988	0.903896	6.09511
2994.0	0.929185	0.77967	0.149516	0.886041	6.78274
2995.0	0.0121161	-0.548805	0.560921	0.822129	9.28112
2996.0	0.518817	0.0778444	0.440973	0.79658	10.6722
2997.0	0.584178	1.1539	0.569718	0.797958	10.4573
2998.0	0.636014	0.390576	0.245438	0.839645	8.73643
2999.0	0.902667	1.46677	0.564108	0.865541	7.3335
3000.0	0.883175	0.528323	0.354851	0.83836	8.72584
3001.0	0.871986	0.759581	0.112405	0.8171	9.84888
3002.0	0.0362726	-0.0452804	0.081553	0.788833	11.2857
3003.0	0.0795601	0.0910699	0.0115097	0.911883	5.79247
3004.0	0.605739	0.514848	0.090891	0.910797	5.82589
3005.0	0.116597	0.633692	0.517094	0.857616	7.72369
3006.0	0.959649	0.604497	0.355152	0.862868	7.64215
3007.0	0.900741	0.50423	0.396511	0.866241	7.46692
3008.0	0.106488	0.211534	0.105046	0.823577	9.53865
3009.0	0.098388	0.369088	0.2707	0.836298	8.87599
3010.0	0.272561	0.167727	0.104834	0.867253	7.5726
3011.0	0.107379	0.237996	0.130617	0.941126	4.70623
3012.0	0.504828	0.875465	0.370637	0.881817	6.83981
3013.0	0.166909	0.411186	0.244277	0.824771	9.42938
3014.0	0.488739	0.701582	0.212843	0.811988	10.0633
3015.0	0.29937	-0.0641071	0.363478	0.968263	3.67448
3016.0	0.977061	0.822001	0.15506	0.806519	10.3582
3017.0	0.270119	-0.50509	0.77521	0.865649	7.04456
3018.0	0.841022	0.878109	0.037087	0.885628	6.82032
3019.0	0.511539	0.537766	0.0262267	0.898136	6.32232
3020.0	0.435691	0.681099	0.245408	0.759267	12.8496
3021.0	0.658097	0.205168	0.452929	0.821625	9.42267
3022.0	0.31023	0.570096	0.259866	0.793621	10.9668
3023.0	0.785494	0.798664	0.0131707	0.898428	6.31137
3024.0	0.213393	0.751429	0.538036	0.963095	3.70468
3025.0	0.0431145	0.215745	0.172631	0.849958	8.30417
3026.0	0.271856	0.383756	0.1119	0.847141	8.44781
3027.0	0.673992	1.01467	0.340678	0.807943	10.1857
3028.0	0.442336	0.884121	0.441785	0.86753	7.37396
3029.0	0.732668	0.946746	0.214079	0.898306	6.27149
3030.0	0.0910826	0.347714	0.256632	0.835941	8.90025
3031.0	0.0195133	0.227866	0.208353	0.841203	8.68323
3032.0	0.471695	0.367194	0.104501	0.75189	13.337
3033.0	0.871607	0.477556	0.394051	0.841331	8.55991
3034.0	0.186566	1.08554	0.89897	0.849352	7.53016
3035.0	0.43995	0.840669	0.400719	0.779026	11.6332
3036.0	0.602895	-0.024674	0.627569	0.867396	7.17921
3037.0	0.271789	0.419463	0.147674	0.877797	7.12017
3038.0	0.256759	0.0981961	0.158563	0.78399	11.5215
3039.0	0.846651	1.02732	0.180671	0.894503	6.43415
3040.0	0.797473	0.806351	0.00887799	0.852853	8.20694
3041.0	0.216794	0.417929	0.201135	0.861142	7.80387
3042.0	0.916027	0.834898	0.0811291	0.818912	9.7676
3043.0	0.837785	1.12074	0.282959	0.806628	10.2909
3044.0	0.274616	0.59757	0.322954	0.867246	7.47803
3045.0	0.798073	0.696201	0.101872	0.78115	11.6907
3046.0	0.939378	0.989261	0.0498828	0.85475	8.12096
3047.0	0.18623	0.722462	0.536232	0.795409	10.6285
3048.0	0.10083	0.0441934	0.0566366	0.893625	6.49788
3049.0	0.772429	0.413349	0.35908	0.949061	4.32588
3050.0	0.404267	-0.440984	0.845251	0.890651	5.92139
3051.0	0.0599599	-0.067775	0.127735	0.812621	10.0639
3052.0	0.087904	-0.067521	0.155425	0.778863	11.7985
3053.0	0.529881	0.700802	0.170921	0.855219	8.07278
3054.0	0.642212	1.32585	0.683635	0.797485	10.3234
3055.0	0.540154	0.623446	0.083292	0.806508	10.3776
3056.0	0.792083	0.701184	0.0908991	0.935933	4.89897
3057.0	0.109278	0.348847	0.23957	0.770524	12.2175
3058.0	0.0804778	0.051136	0.0293418	0.843456	8.62581
3059.0	0.0695006	0.453419	0.383919	0.803125	10.3922
3060.0	0.448047	0.883947	0.4359	0.82718	9.17587
3061.0	0.343205	0.50457	0.161365	0.9104	5.82387
3062.0	0.618954	0.674286	0.0553322	0.821839	9.63045
3063.0	0.538911	0.568569	0.0296583	0.807377	10.3409
3064.0	0.370732	0.374678	0.00394565	0.797032	10.8663
3065.0	0.483351	0.74175	0.2584	0.847447	8.37748
3066.0	0.159951	0.258021	0.0980709	0.804308	10.4851
3067.0	0.420621	0.27642	0.144201	0.846232	8.47989
3068.0	0.463343	0.657891	0.194548	0.754452	13.1547
3069.0	0.191873	0.0745508	0.117322	0.844275	8.57528
3070.0	0.161511	0.262399	0.100888	0.815847	9.91253
3071.0	0.390153	0.338597	0.0515558	0.911079	5.82056
3072.0	0.340054	-0.2599	0.599954	0.906645	5.6459
3073.0	0.655759	0.359275	0.296484	0.851221	8.18788
3074.0	0.360744	0.0988673	0.261877	0.798741	10.702
3075.0	0.965459	0.618177	0.347282	0.806427	10.2563
3076.0	0.956012	0.909768	0.0462439	0.819654	9.7366
3077.0	0.626973	0.817697	0.190724	0.809244	10.2088
3078.0	0.178159	0.507581	0.329422	0.810816	10.0518
3079.0	0.29583	0.568634	0.272804	0.799891	10.6369
3080.0	0.149732	0.434235	0.284503	0.878169	7.04553
3081.0	0.627823	0.218147	0.409676	0.831725	8.98712
3082.0	0.15198	0.24271	0.0907303	0.802867	10.5595
3083.0	0.790184	0.163481	0.626703	0.83279	8.70002
3084.0	0.67434	0.760711	0.0863708	0.885138	6.83412
3085.0	0.887673	0.554231	0.333442	0.854952	7.99981
3086.0	0.897301	0.822944	0.0743569	0.823655	9.54087
3087.0	0.54977	0.327479	0.222291	0.789114	11.2225
3088.0	0.800266	0.534543	0.265723	0.893914	6.42017
3089.0	0.133805	-0.136689	0.270494	0.799471	10.6597
3090.0	0.644204	0.903959	0.259755	0.861603	7.75634
3091.0	0.0077635	0.691999	0.684235	0.862202	7.32332
3092.0	0.857468	0.795997	0.0614709	0.777347	11.9044
3093.0	0.547575	0.699207	0.151632	0.790404	11.1847
3094.0	0.527844	0.454478	0.0733655	0.873327	7.32242
3095.0	0.463696	0.19007	0.273626	0.938988	4.72818
3096.0	0.119484	0.33835	0.218866	0.871606	7.35148
3097.0	0.374079	0.619318	0.245239	0.884424	6.81069
3098.0	0.624759	0.148008	0.476751	0.839496	8.56752
3099.0	0.546329	0.0637777	0.482551	0.859162	7.69228
3100.0	0.984834	0.923982	0.0608514	0.882117	6.96083
3101.0	0.928842	0.600206	0.328636	0.88423	6.77101
3102.0	0.902926	0.550956	0.351971	0.880803	6.89459
3103.0	0.256763	0.798503	0.54174	0.857907	7.68443
3104.0	0.584215	0.650929	0.0667143	0.849926	8.33197
3105.0	0.660231	0.661835	0.00160396	0.867077	7.59126
3106.0	0.29258	0.395781	0.103201	0.939447	4.7716
3107.0	0.853423	0.879036	0.0256131	0.8795	7.07119
3108.0	0.077804	0.251595	0.173791	0.848982	8.34716
3109.0	0.595795	0.943442	0.347647	0.896594	6.26531
3110.0	0.889008	0.457829	0.431179	0.733373	14.2426
3111.0	0.648731	0.599162	0.0495686	0.79233	11.1072
3112.0	0.609261	1.00841	0.399149	0.827694	9.18448
3113.0	0.482389	0.898793	0.416404	0.884208	6.70704
3114.0	0.881553	0.702884	0.17867	0.776364	11.9255
3115.0	0.867215	1.00552	0.138301	0.927559	5.19128
3116.0	0.819493	0.358002	0.461491	0.822687	9.36364
3117.0	0.101068	0.301127	0.200059	0.883765	6.85744
3118.0	0.535272	1.25549	0.720215	0.827267	8.82256
3119.0	0.970083	0.887487	0.0825959	0.954244	4.2594
3120.0	0.736895	1.05391	0.317011	0.861188	7.74043
3121.0	0.0427463	0.059397	0.0166507	0.914628	5.68857
3122.0	0.595484	0.3962	0.199284	0.856626	8.00043
3123.0	0.58338	0.595896	0.012516	0.865772	7.64662
3124.0	0.0494242	0.573394	0.523969	0.738357	13.8285
3125.0	0.953511	1.14372	0.190206	0.849977	8.29671
3126.0	0.194504	0.0953304	0.0991731	0.892137	6.55049
3127.0	0.852886	1.35887	0.505988	0.846848	8.20727
3128.0	0.899968	0.71826	0.181708	0.810535	10.1485
3129.0	0.247169	0.461613	0.214444	0.856109	8.01651
3130.0	0.168396	0.248866	0.0804699	0.820513	9.6905
3131.0	0.0925236	0.353925	0.261402	0.841687	8.63502
3132.0	0.143166	-0.040691	0.183857	0.848966	8.34411
3133.0	0.152293	-0.0417221	0.194015	0.822461	9.56325
3134.0	0.644756	0.576019	0.0687376	0.888609	6.6967
3135.0	0.739286	0.571173	0.168113	0.823174	9.5393
3136.0	0.582258	1.09109	0.508832	0.779236	11.5095
3137.0	0.664085	0.347869	0.316216	0.861485	7.72815
3138.0	0.600579	0.499883	0.100695	0.896942	6.35997
3139.0	0.699123	0.617489	0.0816339	0.781315	11.6861
3140.0	0.442616	0.485479	0.0428629	0.806041	10.4067
3141.0	0.977965	1.32548	0.347516	0.832154	9.01718
3142.0	0.0150407	0.403814	0.388773	0.90959	5.73432
3143.0	0.340081	0.575777	0.235697	0.79869	10.7192
3144.0	0.792016	1.16876	0.376742	0.858277	7.82359
3145.0	0.407675	0.599582	0.191907	0.783779	11.5195
3146.0	0.474534	0.457685	0.0168491	0.790013	11.2309
3147.0	0.332712	0.846473	0.513762	0.802144	10.3127
3148.0	0.163034	0.143841	0.0191927	0.948143	4.47582
3149.0	0.294264	-0.235813	0.530078	0.759481	12.5772
3150.0	0.258689	0.770202	0.511513	0.84517	8.27618
3151.0	0.906582	1.16364	0.257061	0.908275	5.86625
3152.0	0.96905	0.997296	0.0282461	0.843177	8.63853
3153.0	0.444222	0.321015	0.123207	0.858126	7.96041
3154.0	0.309889	0.874468	0.56458	0.776271	11.601
3155.0	0.963746	0.623451	0.340295	0.786597	11.2799
3156.0	0.552986	0.247363	0.305623	0.894111	6.38998
3157.0	0.721864	0.845439	0.123575	0.913234	5.72681
3158.0	0.784973	0.968498	0.183525	0.830022	9.20953
3159.0	0.675041	0.458584	0.216457	0.847559	8.39324
3160.0	0.833836	1.05367	0.219836	0.894158	6.43239
3161.0	0.925165	1.02754	0.102377	0.829869	9.24149
3162.0	0.428033	0.220615	0.207418	0.809717	10.178
3163.0	0.861231	0.899825	0.0385931	0.812089	10.1063
3164.0	0.676693	0.551145	0.125548	0.832226	9.12567
3165.0	0.693571	0.67708	0.0164911	0.892369	6.55067
3166.0	0.301238	0.553788	0.25255	0.793458	10.9794
3167.0	0.292106	0.144442	0.147664	0.76245	12.713
3168.0	0.377443	-0.139929	0.517372	0.807516	10.0406
3169.0	0.597209	0.350322	0.246887	0.862101	7.74164
3170.0	0.324127	0.166569	0.157558	0.85304	8.17301
3171.0	0.787727	1.85032	1.06259	0.896861	5.28542
3172.0	0.39809	0.223521	0.174569	0.816626	9.85249
3173.0	0.927185	0.694844	0.23234	0.861168	7.78889
3174.0	0.317788	0.291246	0.026542	0.927391	5.2148
3175.0	0.281686	1.09586	0.814179	0.893363	5.86536
3176.0	0.811945	0.815179	0.0032337	0.869587	7.48494
3177.0	0.83324	0.731086	0.102155	0.772737	12.1495
3178.0	0.00766365	0.587119	0.579455	0.830343	8.87321
3179.0	0.85787	1.34723	0.489362	0.869662	7.23962
3180.0	0.0588801	0.281392	0.222512	0.764047	12.5897
3181.0	0.554552	0.251881	0.302672	0.834095	8.95819
3182.0	0.248315	0.337119	0.0888036	0.885157	6.83292
3183.0	0.413645	-0.0609243	0.47457	0.850354	8.08394
3184.0	0.84019	0.0800778	0.760112	0.841428	8.1154
3185.0	0.803678	0.646001	0.157676	0.937626	4.82308
3186.0	0.607871	0.73139	0.123519	0.886979	6.75189
3187.0	0.473624	0.466821	0.0068033	0.801556	10.635
3188.0	0.319989	0.714582	0.394592	0.826855	9.22782
3189.0	0.179242	0.179886	0.000643115	0.85237	8.22831
3190.0	0.636529	0.845595	0.209067	0.798564	10.7388
3191.0	0.680579	1.09965	0.419073	0.887917	6.55559
3192.0	0.188668	0.128113	0.0605552	0.813803	10.0197
3193.0	0.921923	0.792949	0.128974	0.894248	6.45998
3194.0	0.0361041	0.399474	0.36337	0.8606	7.73345
3195.0	0.511922	0.848345	0.336423	0.868014	7.43656
3196.0	0.474845	-0.0866662	0.561511	0.769291	11.9867
3197.0	0.364516	0.595141	0.230625	0.85177	8.19961
3198.0	0.425287	0.502906	0.0776189	0.870539	7.43873
3199.0	0.162653	-0.435708	0.598361	0.774043	11.677
3200.0	0.836656	0.959719	0.123063	0.811719	10.1096
3201.0	0.63001	0.70822	0.0782097	0.825843	9.43615
3202.0	0.627996	0.429565	0.198431	0.817138	9.81795
3203.0	0.123659	0.369368	0.245709	0.859848	7.83932
3204.0	0.145528	0.269444	0.123916	0.906945	5.96617
3205.0	0.293525	0.680191	0.386666	0.888411	6.56155
3206.0	0.478074	0.90929	0.431216	0.924366	5.15062
3207.0	0.958718	0.840047	0.11867	0.810144	10.1887
3208.0	0.28697	0.305598	0.0186282	0.81193	10.1154
3209.0	0.83999	0.437796	0.402195	0.817141	9.68488
3210.0	0.953378	1.37305	0.41967	0.801616	10.4365
3211.0	0.703725	0.133908	0.569817	0.932973	4.71
3212.0	0.303074	0.242233	0.0608406	0.815014	9.9603
3213.0	0.101097	0.268696	0.167599	0.824118	9.49447
3214.0	0.0545794	0.0304433	0.0241361	0.809507	10.2351
3215.0	0.398363	0.0181192	0.380244	0.841844	8.54789
3216.0	0.645664	0.800567	0.154902	0.922709	5.36463
3217.0	0.211781	0.952367	0.740586	0.848223	7.84468
3218.0	0.516035	0.104311	0.411723	0.885269	6.66802
3219.0	0.516934	0.470708	0.0462265	0.901816	6.17713
3220.0	0.323711	0.662468	0.338757	0.898883	6.18167
3221.0	0.583167	0.707983	0.124815	0.804874	10.4501
3222.0	0.57462	0.395825	0.178795	0.809267	10.2125
3223.0	0.132927	0.466873	0.333946	0.847172	8.34311
3224.0	0.677573	0.219253	0.458319	0.809348	10.013
3225.0	0.504729	0.509336	0.00460638	0.834169	9.05211
3226.0	0.523813	0.125204	0.398609	0.812537	9.9121
3227.0	0.793466	0.669	0.124465	0.943533	4.62292
3228.0	0.121272	-0.439044	0.560316	0.790679	10.8429
3229.0	0.273351	0.298048	0.0246972	0.822787	9.58769
3230.0	0.344147	0.0323266	0.311821	0.82525	9.36628
3231.0	0.84997	1.13232	0.282352	0.828449	9.2341
3232.0	0.784909	1.14087	0.355962	0.860155	7.75805
3233.0	0.79422	0.898433	0.104213	0.819692	9.72531
3234.0	0.410074	0.0711622	0.338912	0.826568	9.28507
3235.0	0.0388926	-0.0663046	0.105197	0.880296	7.02806
3236.0	0.00729821	0.503532	0.496234	0.84183	8.4421
3237.0	0.243074	0.543317	0.300243	0.857313	7.91858
3238.0	0.198688	0.176145	0.0225436	0.887082	6.76238
3239.0	0.3336	0.807043	0.473443	0.825585	9.21445
3240.0	0.68356	1.46904	0.785478	0.916712	5.02601
3241.0	0.274508	0.272008	0.00249976	0.78069	11.7274
3242.0	0.166877	0.297901	0.131024	0.941325	4.6991
3243.0	0.898414	1.11232	0.213905	0.829775	9.2082
3244.0	0.609067	1.3494	0.74033	0.857613	7.438
3245.0	0.613696	2.00451	1.39081	0.772575	9.99024
3246.0	0.931507	0.739671	0.191836	0.881199	6.96533
3247.0	0.0815231	-0.254472	0.335995	0.96714	3.72887
3248.0	0.938088	0.525468	0.41262	0.893244	6.34891
3249.0	0.907715	0.909398	0.0016831	0.796062	10.9163
3250.0	0.0283371	0.222897	0.19456	0.859859	7.86196
3251.0	0.738349	0.919318	0.180969	0.95956	4.05489
3252.0	0.682549	0.708067	0.0255179	0.942226	4.68264
3253.0	0.142531	-0.0970831	0.239614	0.839355	8.75265
3254.0	0.955489	0.323474	0.632014	0.874397	6.88271
3255.0	0.352635	0.783101	0.430466	0.898083	6.14418
3256.0	0.513981	0.625068	0.111087	0.92463	5.30493
3257.0	0.697993	0.863981	0.165988	0.923807	5.32078
3258.0	0.477079	0.971943	0.494864	0.883305	6.67272
3259.0	0.0221922	0.172147	0.149955	0.835269	8.97727
3260.0	0.230007	-0.171496	0.401503	0.796842	10.6959
3261.0	0.536137	0.68463	0.148493	0.833699	9.05045
3262.0	0.665163	0.821913	0.156751	0.740596	13.9962
3263.0	0.20854	-0.249423	0.457962	0.887346	6.5448
3264.0	0.437132	0.185081	0.252051	0.85757	7.93481
3265.0	0.0232713	0.221523	0.198251	0.847171	8.41848
3266.0	0.0267206	0.118084	0.0913633	0.791404	11.1489
3267.0	0.432337	0.418212	0.0141255	0.921306	5.43914
3268.0	0.479738	0.622138	0.142399	0.812335	10.0736
3269.0	0.857268	0.698864	0.158404	0.909007	5.87785
3270.0	0.947724	0.470817	0.476907	0.867829	7.32875
3271.0	0.760218	0.506392	0.253826	0.856589	7.97656
3272.0	0.824252	0.662485	0.161767	0.847239	8.42916
3273.0	0.793994	1.14096	0.346969	0.943723	4.51931
3274.0	0.941646	0.646454	0.295192	0.900658	6.1394
3275.0	0.151014	-0.169288	0.320302	0.838854	8.72787
3276.0	0.501473	0.459632	0.0418405	0.924571	5.31712
3277.0	0.132004	0.229966	0.0979625	0.892209	6.54786
3278.0	0.327352	-0.0433449	0.370697	0.840912	8.59763
3279.0	0.31741	0.229534	0.0878753	0.842846	8.64625
3280.0	0.660494	1.136	0.475505	0.858246	7.73871
3281.0	0.933277	1.17886	0.245581	0.865972	7.57682
3282.0	0.611305	0.546613	0.0646923	0.86798	7.54867
3283.0	0.477188	0.959727	0.482539	0.832992	8.85953
3284.0	0.963962	1.63027	0.666307	0.839334	8.3483
3285.0	0.521289	0.535579	0.0142896	0.780464	11.7394
3286.0	0.124431	0.544667	0.420236	0.847755	8.24941
3287.0	0.553031	0.322911	0.23012	0.81453	9.93018
3288.0	0.882025	0.806505	0.0755195	0.905113	6.04599
3289.0	0.357683	0.663233	0.30555	0.825638	9.35205
3290.0	0.614461	0.58549	0.028971	0.819337	9.7533
3291.0	0.150012	1.22008	1.07006	0.864694	6.54367
3292.0	0.0553288	-0.543697	0.599025	0.742914	13.4518
3293.0	0.195553	0.421348	0.225795	0.95779	4.09826
3294.0	0.0748546	0.0619471	0.0129075	0.901098	6.20699
3295.0	0.854127	0.806446	0.0476804	0.898444	6.30868
3296.0	0.0868073	-0.278144	0.364951	0.821244	9.51839
3297.0	0.578069	1.08907	0.510996	0.890211	6.38001
3298.0	0.46207	-0.150275	0.612345	0.889725	6.2878
3299.0	0.382256	0.400458	0.0182019	0.835952	8.96926
3300.0	0.745344	0.466355	0.278989	0.869767	7.39845
3301.0	0.478821	0.364411	0.11441	0.815545	9.92413
3302.0	0.514519	0.639632	0.125114	0.877577	7.13542
3303.0	0.0898804	0.141714	0.0518339	0.881843	6.97306
3304.0	0.586991	1.11361	0.526616	0.88855	6.43021
3305.0	0.118257	-0.0279256	0.146182	0.881143	6.98301
3306.0	0.779965	0.389023	0.390942	0.835487	8.82912
3307.0	0.23636	0.203411	0.0329489	0.846104	8.50625
3308.0	0.781158	0.989343	0.208185	0.909883	5.82687
3309.0	0.776338	0.713684	0.0626542	0.874584	7.27143
3310.0	0.773682	0.931101	0.157418	0.855856	8.04947
3311.0	0.539857	0.658591	0.118734	0.874678	7.25725
3312.0	0.7936	0.896126	0.102526	0.90861	5.9071
3313.0	0.42424	0.384916	0.0393244	0.911637	5.80047
3314.0	0.642087	0.661585	0.0194984	0.803906	10.5157
3315.0	0.0877723	0.600344	0.512571	0.841521	8.4388
3316.0	0.200581	0.0153434	0.185237	0.876425	7.16435
3317.0	0.879011	0.394436	0.484576	0.8076	10.0724
3318.0	0.803083	0.573426	0.229658	0.855878	8.01967
3319.0	0.0229751	0.418521	0.395546	0.85163	8.0988
3320.0	0.600416	0.627903	0.0274863	0.788469	11.3116
3321.0	0.477757	0.511074	0.0333171	0.800509	10.6871
3322.0	0.41287	0.143585	0.269285	0.836664	8.85998
3323.0	0.767597	1.1495	0.381901	0.838281	8.70846
3324.0	0.333676	0.56701	0.233334	0.887477	6.69298
3325.0	0.423798	0.471215	0.0474168	0.843054	8.64255
3326.0	0.421158	0.397198	0.0239597	0.820683	9.68869
3327.0	0.232539	0.445318	0.212778	0.84765	8.39082
3328.0	0.246225	0.143654	0.102571	0.882493	6.93865
3329.0	0.66596	1.22541	0.559452	0.854943	7.79275
3330.0	0.566752	0.89214	0.325388	0.907358	5.86292
3331.0	0.964028	1.65332	0.689287	0.883187	6.45043
3332.0	0.415644	0.141254	0.27439	0.810141	10.1215
3333.0	0.81435	1.02339	0.20904	0.809904	10.168
3334.0	0.933199	0.447059	0.486139	0.835368	8.74643
3335.0	0.915115	0.417297	0.497818	0.820463	9.43221
3336.0	0.733469	0.761207	0.0277385	0.822907	9.58174
3337.0	0.769836	1.22719	0.457353	0.819606	9.5149
3338.0	0.182887	1.12232	0.939429	0.816106	8.96138
3339.0	0.433554	0.188371	0.245183	0.832879	9.04804
3340.0	0.280634	0.63643	0.355796	0.867707	7.43595
3341.0	0.954528	0.633687	0.320841	0.900943	6.11295
3342.0	0.486106	0.794654	0.308549	0.785275	11.3733
3343.0	0.441278	0.356964	0.0843142	0.805421	10.432
3344.0	0.914478	1.02021	0.10573	0.763126	12.6871
3345.0	0.901135	0.794685	0.106449	0.911845	5.78316
3346.0	0.0936124	0.00555566	0.0880567	0.78759	11.35
3347.0	0.574135	1.20732	0.633188	0.78526	11.0283
3348.0	0.727629	1.30648	0.578855	0.772279	11.7996
3349.0	0.257198	-0.232526	0.489724	0.759545	12.6219
3350.0	0.027487	0.222154	0.194667	0.884257	6.83959
3351.0	0.102569	0.397993	0.295425	0.838806	8.74622
3352.0	0.537672	0.936338	0.398666	0.801487	10.462
3353.0	0.810478	1.0612	0.250725	0.845845	8.45323
3354.0	0.617471	0.51984	0.0976306	0.826317	9.40996
3355.0	0.88742	0.964315	0.0768948	0.836198	8.95196
3356.0	0.159648	0.60678	0.447132	0.796963	10.6465
3357.0	0.597332	1.00678	0.409449	0.853628	7.99954
3358.0	0.324656	0.877413	0.552757	0.817857	9.49492
3359.0	0.157592	0.504634	0.347042	0.824466	9.37852
3360.0	0.197118	0.891532	0.694414	0.876316	6.72175
3361.0	0.608675	0.639366	0.0306906	0.868513	7.52938
3362.0	0.975246	0.840048	0.135198	0.853399	8.16399
3363.0	0.242004	0.573885	0.33188	0.91335	5.63147
3364.0	0.752189	0.848941	0.0967517	0.800659	10.6703
3365.0	0.783568	1.00861	0.225042	0.884809	6.80451
3366.0	0.919226	0.239491	0.679735	0.84678	7.99716
3367.0	0.818837	1.05126	0.232423	0.780539	11.6736
3368.0	0.845913	1.11119	0.265276	0.836742	8.85866
3369.0	0.095252	0.232127	0.136875	0.811468	10.1181
3370.0	0.681369	0.383967	0.297402	0.847113	8.3698
3371.0	0.861654	0.779519	0.0821355	0.838582	8.84153
3372.0	0.620906	0.372908	0.247998	0.818038	9.75025
3373.0	0.355907	0.00605585	0.349852	0.814138	9.8736
3374.0	0.652225	0.791598	0.139373	0.805073	10.4358
3375.0	0.215776	0.786535	0.570758	0.835181	8.6608
3376.0	0.299471	0.618175	0.318704	0.872938	7.24162
3377.0	0.0218752	0.0918707	0.0699955	0.864927	7.67784
3378.0	0.754181	0.783008	0.0288272	0.908743	5.91136
3379.0	0.872192	0.139973	0.732219	0.766079	11.9095
3380.0	0.865296	0.165152	0.700144	0.865119	7.17791
3381.0	0.262597	-0.0697384	0.332335	0.847795	8.31643
3382.0	0.523414	0.556615	0.0332012	0.849519	8.35359
3383.0	0.356313	0.075869	0.280444	0.857974	7.9017
3384.0	0.644292	0.548962	0.0953294	0.782942	11.5959
3385.0	0.054298	-0.0853145	0.139612	0.861604	7.80546
3386.0	0.0381688	0.25818	0.220012	0.854126	8.10087
3387.0	0.807745	0.808757	0.00101204	0.829152	9.28641
3388.0	0.257854	-0.0159655	0.273819	0.728534	14.682
3389.0	0.642687	0.917687	0.274999	0.833546	9.00057
3390.0	0.474629	0.258825	0.215803	0.764905	12.5447
3391.0	0.484672	0.459555	0.0251173	0.916486	5.61843
3392.0	0.61113	1.06351	0.452381	0.834416	8.82365
3393.0	0.350833	0.854091	0.503258	0.742805	13.5855
3394.0	0.146305	0.303869	0.157564	0.799902	10.6916
3395.0	0.918961	0.493921	0.42504	0.839287	8.62597
3396.0	0.902828	0.56611	0.336718	0.787247	11.2484
3397.0	0.956053	0.305979	0.650074	0.756525	12.5797
3398.0	0.612668	0.225706	0.386962	0.774377	11.8982
3399.0	0.661918	1.59882	0.936906	0.863881	6.84207
3400.0	0.195554	0.423962	0.228407	0.847093	8.40852
3401.0	0.607063	0.337524	0.269539	0.792271	11.0311
3402.0	0.332711	0.718268	0.385557	0.899895	6.10925
3403.0	0.324348	0.383925	0.0595774	0.906235	6.00489
3404.0	0.908728	0.905105	0.00362274	0.821176	9.66559
3405.0	0.0239211	0.683232	0.65931	0.825172	9.00946
3406.0	0.266322	0.875955	0.609633	0.785022	11.0738
3407.0	0.713351	0.951815	0.238464	0.770914	12.1964
3408.0	0.408847	0.652649	0.243802	0.841925	8.63361
3409.0	0.389796	1.0884	0.698605	0.781323	11.1379
3410.0	0.491043	0.659455	0.168412	0.836314	8.92283
3411.0	0.637566	1.07614	0.438569	0.85805	7.7817
3412.0	0.450216	0.0174669	0.43275	0.756141	12.8793
3413.0	0.42866	0.552899	0.124239	0.779042	11.7988
3414.0	0.435597	0.435394	0.000202461	0.800216	10.7032
3415.0	0.942887	0.771532	0.171355	0.832748	9.08684
3416.0	0.932298	1.3657	0.433402	0.861614	7.6329
3417.0	0.355305	0.802087	0.446782	0.769091	12.1318
3418.0	0.778261	1.04848	0.270224	0.872527	7.28756
3419.0	0.229075	0.46861	0.239535	0.869339	7.4372
3420.0	0.836367	0.71133	0.125037	0.777042	11.9073
3421.0	0.418015	0.942524	0.524509	0.805598	10.1277
3422.0	0.442074	0.0266039	0.41547	0.798272	10.6101
3423.0	0.430994	0.136585	0.294409	0.785903	11.3497
3424.0	0.394754	0.467524	0.0727709	0.824381	9.5065
3425.0	0.621882	1.59276	0.970883	0.797959	9.77901
3426.0	0.687034	0.975195	0.288162	0.735784	14.2196
3427.0	0.973723	0.540799	0.432924	0.873809	7.11905
3428.0	0.748383	0.231185	0.517197	0.784572	11.2152
3429.0	0.659606	1.16814	0.508534	0.913436	5.48645
3430.0	0.726401	0.413651	0.31275	0.862691	7.67864
3431.0	0.0918279	0.751782	0.659954	0.855015	7.6643
3432.0	0.667901	0.807786	0.139885	0.823777	9.51992
3433.0	0.71019	0.456523	0.253668	0.770879	12.1897
3434.0	0.586552	-0.388983	0.975535	0.851338	7.29898
3435.0	0.880385	1.06087	0.180484	0.734108	14.3853
3436.0	0.00970486	0.365149	0.355444	0.861736	7.69043
3437.0	0.98003	0.908153	0.0718771	0.817056	9.85914
3438.0	0.236441	0.528984	0.292543	0.861045	7.76183
3439.0	0.267364	0.603693	0.336329	0.767866	12.3006
3440.0	0.151257	0.472863	0.321606	0.893537	6.40286
3441.0	0.0213351	-0.383137	0.404472	0.92497	5.14959
3442.0	0.714525	0.577572	0.136953	0.786164	11.4131
3443.0	0.704314	0.139135	0.56518	0.797444	10.4891
3444.0	0.984754	-0.142931	1.12768	0.865529	6.38484
3445.0	0.218096	0.362746	0.144649	0.934154	4.95091
3446.0	0.65609	1.15925	0.503159	0.855995	7.8084
3447.0	0.0836593	0.128731	0.0450713	0.97159	3.68138
3448.0	0.326378	0.634572	0.308194	0.825461	9.35869
3449.0	0.874488	0.68764	0.186848	0.823914	9.49684
3450.0	0.836481	0.773615	0.0628662	0.836079	8.95957
3451.0	0.867228	0.709429	0.157799	0.778091	11.8395
3452.0	0.63057	0.446067	0.184503	0.890399	6.59595
3453.0	0.308119	0.282739	0.02538	0.866416	7.61872
3454.0	0.561079	0.395876	0.165203	0.788331	11.2888
3455.0	0.858777	1.12553	0.266753	0.766586	12.4212
3456.0	0.941272	0.294999	0.646272	0.768769	11.8974
3457.0	0.971087	0.534197	0.43689	0.935859	4.73146
3458.0	0.90267	0.92701	0.0243397	0.858615	7.9542
3459.0	0.397817	-0.137224	0.535041	0.782606	11.2982
3460.0	0.784335	0.477845	0.30649	0.81398	9.91236
3461.0	0.586139	0.916537	0.330398	0.8995	6.16306
3462.0	0.441427	0.526555	0.0851278	0.860657	7.85888
3463.0	0.818394	1.17305	0.354652	0.870989	7.29867
3464.0	0.581625	0.631789	0.0501639	0.963178	3.96045
3465.0	0.600954	0.564976	0.0359781	0.860161	7.88642
3466.0	0.211078	0.925648	0.71457	0.871948	6.87292
3467.0	0.333951	0.442274	0.108323	0.837342	8.89315
3468.0	0.490268	0.937069	0.446801	0.870247	7.25525
3469.0	0.508646	0.899864	0.391218	0.799401	10.5743
3470.0	0.732442	0.633459	0.0989832	0.799673	10.72
3471.0	0.238266	0.626654	0.388388	0.854526	7.97755
3472.0	0.80649	0.410667	0.395823	0.954418	4.11678
3473.0	0.963518	0.700711	0.262807	0.824883	9.41399
3474.0	0.722497	0.960257	0.23776	0.820729	9.62589
3475.0	0.715465	0.481867	0.233599	0.839131	8.76587
3476.0	0.991848	1.11732	0.125476	0.833449	9.06876
3477.0	0.885111	0.867151	0.0179602	0.826943	9.39025
3478.0	0.742806	1.12259	0.379781	0.868378	7.38973
3479.0	0.719953	0.921935	0.201982	0.855026	8.06926
3480.0	0.154852	0.802573	0.647721	0.80669	9.91543
3481.0	0.299232	0.0610904	0.238142	0.829827	9.19402
3482.0	0.788246	0.425943	0.362303	0.825585	9.3139
3483.0	0.89972	0.0681801	0.83154	0.853568	7.46634
3484.0	0.352111	0.836659	0.484548	0.920227	5.25657
3485.0	0.808018	1.26893	0.460914	0.868675	7.30829
3486.0	0.652632	0.965384	0.312753	0.842435	8.57022
3487.0	0.563994	0.756273	0.192278	0.8898	6.61705
3488.0	0.0910413	0.269539	0.178497	0.862426	7.75743
3489.0	0.811517	0.681266	0.130251	0.862102	7.78664
3490.0	0.695998	0.910802	0.214804	0.778757	11.779
3491.0	0.276515	0.624695	0.348179	0.864985	7.5568
3492.0	0.293575	0.493028	0.199452	0.861009	7.81032
3493.0	0.382137	0.778544	0.396407	0.817865	9.6549
3494.0	0.147284	0.418873	0.271589	0.938056	4.76227
3495.0	0.21249	0.00845853	0.204031	0.890949	6.56651
3496.0	0.448584	0.348021	0.100563	0.891049	6.59363
3497.0	0.473818	0.590732	0.116915	0.863318	7.73778
3498.0	0.470585	0.398266	0.0723191	0.88582	6.80871
3499.0	0.175434	0.691262	0.515828	0.887199	6.49521
3500.0	0.566921	0.336784	0.230137	0.890167	6.58654
3501.0	0.845502	0.754021	0.0914807	0.879128	7.07876
3502.0	0.907616	0.585185	0.322432	0.812844	9.95705
3503.0	0.945794	0.77963	0.166164	0.893734	6.46952
3504.0	0.336971	0.297055	0.0399162	0.857156	8.01666
3505.0	0.229663	0.427677	0.198014	0.872761	7.31189
3506.0	0.108759	0.411445	0.302686	0.848515	8.30397
3507.0	0.0274331	-0.282945	0.310378	0.80249	10.4807
3508.0	0.700457	0.20838	0.492078	0.759041	12.6479
3509.0	0.823827	0.437558	0.386269	0.747872	13.4084
3510.0	0.619923	0.602983	0.0169398	0.821828	9.634
3511.0	0.267202	0.517837	0.250635	0.856048	8.00183
3512.0	0.212769	-0.371304	0.584072	0.848108	8.06328
3513.0	0.886817	0.494469	0.392348	0.736336	14.0989
3514.0	0.469774	0.846947	0.377173	0.793474	10.8905
3515.0	0.932476	0.617081	0.315395	0.827702	9.24809
3516.0	0.898084	0.784097	0.113987	0.932244	5.02708
3517.0	0.050817	0.318258	0.267441	0.86016	7.81439
3518.0	0.193203	-0.184877	0.37808	0.850299	8.17155
3519.0	0.0809103	0.596874	0.515964	0.828261	9.04396
3520.0	0.940543	0.990973	0.05043	0.815588	9.93351
3521.0	0.698201	-0.0178664	0.716067	0.858272	7.44561
3522.0	0.282585	0.180694	0.101891	0.879537	7.05991
3523.0	0.63128	1.24722	0.615941	0.939093	4.44295
3524.0	0.385251	0.901284	0.516033	0.810173	9.91094
3525.0	0.378247	0.172128	0.206118	0.786317	11.378
3526.0	0.0527484	0.342055	0.289307	0.800942	10.5731
3527.0	0.696771	0.435186	0.261585	0.82324	9.49284
3528.0	0.276447	0.674911	0.398464	0.842173	8.51814
3529.0	0.868619	0.504139	0.36448	0.797467	10.6955
3530.0	0.663284	0.948224	0.28494	0.906017	5.93812
3531.0	0.575058	0.858442	0.283384	0.840721	8.66632
3532.0	0.570664	0.382265	0.188399	0.828548	9.27679
3533.0	0.799619	1.15288	0.35326	0.771774	12.07
3534.0	0.273179	0.434968	0.161789	0.850416	8.28761
3535.0	0.260568	0.786182	0.525614	0.841636	8.4195
3536.0	0.448074	0.240838	0.207235	0.855058	8.06562
3537.0	0.107583	-0.687233	0.794816	0.798184	10.1072
3538.0	0.47927	-0.0658564	0.545126	0.820394	9.38244
3539.0	0.848836	0.614889	0.233946	0.767994	12.3615
3540.0	0.535656	-0.0490516	0.584708	0.764898	12.2002
3541.0	0.59518	0.634077	0.0388971	0.940965	4.72636
3542.0	0.811682	0.418337	0.393345	0.936449	4.7441
3543.0	0.874576	0.820719	0.0538574	0.936611	4.87975
3544.0	0.246454	0.692262	0.445808	0.926099	5.07534
3545.0	0.706141	0.96626	0.260118	0.840611	8.68463
3546.0	0.678236	0.956361	0.278125	0.930247	5.03881
3547.0	0.904008	0.256552	0.647456	0.821711	9.18907
3548.0	0.920225	0.478234	0.441991	0.798094	10.5939
3549.0	0.290859	0.967218	0.676359	0.857451	7.53694
3550.0	0.93857	0.403841	0.534729	0.882636	6.65916
3551.0	0.303313	0.562739	0.259426	0.814479	9.91702
3552.0	0.281306	0.487341	0.206035	0.836732	8.88863
3553.0	0.45327	0.345608	0.107662	0.831906	9.14502
3554.0	0.533949	0.829001	0.295051	0.870238	7.36933
3555.0	0.155384	0.0580754	0.0973086	0.857988	7.97229
3556.0	0.235012	0.262248	0.0272358	0.906223	6.00805
3557.0	0.68994	1.8493	1.15936	0.732232	12.9159
3558.0	0.502137	0.365802	0.136335	0.879639	7.04751
3559.0	0.176744	-0.246667	0.42341	0.871492	7.22372
3560.0	0.891308	1.1057	0.214392	0.722121	15.1274
3561.0	0.692334	1.44271	0.750371	0.778769	11.189
3562.0	0.769551	0.861067	0.0915163	0.897507	6.3395
3563.0	0.672705	1.20209	0.529384	0.855519	7.80132
3564.0	0.595752	0.874698	0.278946	0.802832	10.484
3565.0	0.901714	0.658378	0.243337	0.85238	8.16648
3566.0	0.533553	0.0780392	0.455514	0.836219	8.73782
3567.0	0.212873	0.125451	0.0874225	0.892962	6.51985
3568.0	0.00290442	0.474838	0.471934	0.85475	7.89381
3569.0	0.395881	0.469115	0.0732339	0.833565	9.07441
3570.0	0.588633	0.664351	0.0757178	0.817958	9.81472
3571.0	0.595567	0.724982	0.129414	0.860574	7.85273
3572.0	0.817553	0.75071	0.0668422	0.820255	9.70507
3573.0	0.514613	0.509822	0.00479033	0.9112	5.81852
3574.0	0.522865	0.563125	0.0402601	0.840681	8.75103
3575.0	0.128224	0.365081	0.236857	0.876337	7.14612
3576.0	0.95401	1.38566	0.431653	0.818816	9.57749
3577.0	0.512236	1.42984	0.9176	0.804793	9.55023
3578.0	0.502402	0.780588	0.278186	0.908008	5.86557
3579.0	0.648394	0.810631	0.162237	0.859389	7.89413
3580.0	0.221312	0.434181	0.21287	0.837016	8.87257
3581.0	0.933312	0.547488	0.385824	0.935586	4.78026
3582.0	0.410252	0.692569	0.282317	0.850051	8.24816
3583.0	0.391721	0.25907	0.132652	0.764066	12.6262
3584.0	0.665345	0.909365	0.24402	0.886863	6.71265
3585.0	0.371366	0.50425	0.132884	0.885815	6.79654
3586.0	0.250156	0.146648	0.103508	0.789512	11.2454
3587.0	0.588083	0.186149	0.401934	0.758549	12.7711
3588.0	0.572956	0.605236	0.0322801	0.747256	13.6233
3589.0	0.392627	0.600132	0.207504	0.80017	10.6576
3590.0	0.397042	-0.133817	0.530859	0.742112	13.5926
3591.0	0.68936	0.844192	0.154832	0.846206	8.47774
3592.0	0.788191	1.33775	0.54956	0.833915	8.74393
3593.0	0.407264	0.223202	0.184062	0.793749	10.998
3594.0	0.3309	0.0546494	0.276251	0.86592	7.56272
3595.0	0.252155	-0.187291	0.439445	0.864929	7.48614
3596.0	0.0117316	0.325321	0.31359	0.862688	7.67822
3597.0	0.71144	1.19825	0.486807	0.776236	11.6966
3598.0	0.414481	0.252462	0.16202	0.877686	7.12029
3599.0	0.394256	0.0625318	0.331724	0.745742	13.5822
3600.0	0.647343	0.10909	0.538252	0.839647	8.49528
3601.0	0.756731	1.07622	0.319493	0.836477	8.83727
3602.0	0.664493	0.436177	0.228317	0.839012	8.77387
3603.0	0.991905	2.20598	1.21408	0.793198	9.44122
3604.0	0.363925	0.497093	0.133168	0.887081	6.74532
3605.0	0.202459	0.372812	0.170352	0.839693	8.76715
3606.0	0.583977	1.41826	0.834285	0.835639	8.25286
3607.0	0.712169	0.475708	0.23646	0.848938	8.32232
3608.0	0.327061	0.358635	0.0315735	0.791016	11.1775
3609.0	0.131316	0.0819728	0.0493427	0.773286	12.1285
3610.0	0.764317	0.970906	0.206589	0.832101	9.10279
3611.0	0.205932	0.402822	0.19689	0.841821	8.66003
3612.0	0.430684	0.0846167	0.346068	0.872445	7.24387
3613.0	0.923681	0.571119	0.352562	0.868164	7.41894
3614.0	0.679638	1.00698	0.327339	0.843859	8.49617
3615.0	0.135181	0.174828	0.0396471	0.780358	11.7435
3616.0	0.425144	0.605921	0.180777	0.961078	4.00374
3617.0	0.882965	0.477802	0.405163	0.850704	8.13166
3618.0	0.0974947	0.403739	0.306245	0.902884	6.04664
3619.0	0.764716	0.914286	0.14957	0.841211	8.70502
3620.0	0.105248	0.525707	0.420459	0.846554	8.30271
3621.0	0.0779499	0.347957	0.270007	0.823575	9.47203
3622.0	0.671848	0.873591	0.201743	0.884181	6.83987
3623.0	0.785186	0.740185	0.0450015	0.828959	9.29331
3624.0	0.527383	0.604666	0.0772825	0.794614	10.9845
3625.0	0.288439	0.583895	0.295457	0.761304	12.7011
3626.0	0.491317	0.572048	0.0807317	0.857524	7.99554
3627.0	0.0317953	0.449463	0.417668	0.794586	10.797
3628.0	0.440389	0.564481	0.124092	0.788987	11.2677
3629.0	0.155423	0.267702	0.112279	0.879389	7.06377
3630.0	0.19096	0.407232	0.216272	0.899318	6.231
3631.0	0.817423	0.362601	0.454822	0.94788	4.29533
3632.0	0.256215	-0.243248	0.499463	0.868117	7.29438
3633.0	0.971964	0.481395	0.490569	0.834905	8.76312
3634.0	0.170017	0.0684189	0.101598	0.854165	8.13854
3635.0	0.750189	0.737096	0.0130932	0.844176	8.59402
3636.0	0.167664	0.455299	0.287636	0.904952	5.97757
3637.0	0.232773	0.304954	0.0721803	0.866178	7.62418
3638.0	0.162285	0.453824	0.291539	0.798567	10.6926
3639.0	0.877072	0.421794	0.455278	0.890849	6.40749
3640.0	0.876513	1.22953	0.353013	0.928723	5.04966
3641.0	0.799492	0.0892507	0.710241	0.876421	6.69542
3642.0	0.375817	0.491324	0.115507	0.800483	10.6748
3643.0	0.374765	0.505611	0.130846	0.829261	9.26293
3644.0	0.854149	0.566234	0.287915	0.743745	13.7348
3645.0	0.645975	1.08213	0.43616	0.854567	7.93522
3646.0	0.447792	0.405451	0.042341	0.920884	5.45327
3647.0	0.336743	0.377574	0.0408306	0.87749	7.15308
3648.0	0.575989	0.582508	0.00651923	0.918681	5.53689
3649.0	0.570648	0.112277	0.458371	0.819618	9.51329
3650.0	0.475424	0.409003	0.0664217	0.805066	10.4528
3651.0	0.877648	0.309991	0.567657	0.860262	7.55392
3652.0	0.596637	0.794295	0.197658	0.862737	7.73669
3653.0	0.414964	0.461393	0.0464284	0.722844	15.1357
3654.0	0.445443	0.367765	0.0776782	0.868214	7.53687
3655.0	0.633954	0.409468	0.224485	0.830713	9.15934
3656.0	0.48328	0.572113	0.088833	0.806864	10.3588
3657.0	0.629402	1.00824	0.37884	0.820217	9.55642
3658.0	0.556742	1.2379	0.681155	0.819739	9.23481
3659.0	0.165365	0.994599	0.829234	0.774022	11.3022
3660.0	0.332829	0.765389	0.432561	0.838494	8.65532
3661.0	0.871074	0.692544	0.17853	0.798044	10.7787
3662.0	0.0334375	0.213566	0.180128	0.836731	8.89929
3663.0	0.616787	0.550402	0.0663854	0.928186	5.18228
3664.0	0.352328	0.565196	0.212868	0.863902	7.68039
3665.0	0.284999	-0.0961201	0.381119	0.929483	5.00277
3666.0	0.242258	-0.0415856	0.283843	0.891494	6.5064
3667.0	0.248831	-0.450087	0.698918	0.828655	8.79
3668.0	0.574913	0.604092	0.0291793	0.789849	11.2388
3669.0	0.598803	-0.0323485	0.631151	0.849106	7.96022
3670.0	0.29181	0.634187	0.342377	0.917995	5.45078
3671.0	0.282176	1.21167	0.929497	0.883962	6.03985
3672.0	0.013529	0.64413	0.630601	0.861327	7.43185
3673.0	0.727617	1.31727	0.589653	0.928325	4.85524
3674.0	0.907382	1.02615	0.118766	0.764369	12.6131
3675.0	0.560413	0.333007	0.227407	0.88155	6.93608
3676.0	0.550682	0.871714	0.321032	0.869882	7.36808
3677.0	0.115671	0.325766	0.210095	0.818209	9.76085
3678.0	0.346574	0.842396	0.495823	0.911964	5.55391
3679.0	0.337211	0.705551	0.368339	0.859565	7.77434
3680.0	0.248001	-0.0119812	0.259982	0.752555	13.2301
3681.0	0.349199	0.0618005	0.287399	0.90185	6.09751
3682.0	0.875606	0.651975	0.223631	0.891161	6.54977
3683.0	0.959009	0.664493	0.294515	0.867103	7.50192
3684.0	0.777251	0.832985	0.0557338	0.900801	6.21572
3685.0	0.765916	0.499447	0.26647	0.905475	5.96881
3686.0	0.610332	0.406778	0.203554	0.882949	6.88926
3687.0	0.278291	0.0185833	0.259708	0.786167	11.3575
3688.0	0.197453	-0.251936	0.449389	0.938946	4.61184
3689.0	0.137581	0.193218	0.0556371	0.80273	10.5721
3690.0	0.302036	0.124317	0.177719	0.814696	9.94542
3691.0	0.583816	0.705486	0.12167	0.877953	7.12077
3692.0	0.640387	0.700782	0.0603952	0.901445	6.19009
3693.0	0.354722	0.453861	0.099139	0.75826	12.9672
3694.0	0.136364	0.209228	0.0728643	0.790948	11.1762
3695.0	0.61242	0.885593	0.273173	0.82083	9.60147
3696.0	0.782763	0.649231	0.133532	0.840658	8.73497
3697.0	0.973295	1.27599	0.302692	0.906743	5.90019
3698.0	0.0769298	-0.0187141	0.0956439	0.808912	10.2552
3699.0	0.507977	0.687867	0.17989	0.799986	10.6789
3700.0	0.370859	0.288619	0.0822396	0.884449	6.86275
3701.0	0.177639	0.0347072	0.142932	0.881508	6.96901
3702.0	0.525625	0.562364	0.0367396	0.807759	10.3213
3703.0	0.403767	0.815244	0.411477	0.748588	13.3419
3704.0	0.267166	0.824011	0.556845	0.856907	7.71066
3705.0	0.258699	0.851988	0.59329	0.760018	12.4634
3706.0	0.245838	-0.0969002	0.342738	0.893507	6.39028
3707.0	0.128206	0.132689	0.00448274	0.837856	8.88192
3708.0	0.818862	0.995109	0.176247	0.908658	5.88544
3709.0	0.0810741	0.762277	0.681203	0.910343	5.40699
3710.0	0.926529	0.79422	0.132309	0.896071	6.38705
3711.0	0.358094	0.207483	0.150612	0.842626	8.64048
3712.0	0.157235	-0.419923	0.577158	0.859858	7.56019
3713.0	0.573972	0.22717	0.346802	0.877478	7.03463
3714.0	0.103488	0.105614	0.00212655	0.814949	9.96751
3715.0	0.705173	0.736652	0.0314797	0.814858	9.97088
3716.0	0.985285	0.893029	0.0922567	0.783641	11.5592
3717.0	0.726365	0.0242847	0.702081	0.830513	8.6994
3718.0	0.835475	0.737279	0.098196	0.907618	5.94592
3719.0	0.00577093	0.280517	0.274746	0.808905	10.1826
3720.0	0.529318	0.954503	0.425186	0.892464	6.36946
3721.0	0.526475	1.07008	0.543601	0.841274	8.41572
3722.0	0.253867	0.279874	0.0260071	0.813768	10.0246
3723.0	0.183212	-0.0255042	0.208716	0.809418	10.1922
3724.0	0.449087	0.365557	0.08353	0.876706	7.18018
3725.0	0.449206	0.713718	0.264512	0.779274	11.7236
3726.0	0.453342	0.860936	0.407594	0.786088	11.2498
3727.0	0.705642	1.39117	0.68553	0.763091	12.1526
3728.0	0.984054	0.476083	0.507971	0.812348	9.81333
3729.0	0.0619788	-0.0352275	0.0972063	0.845245	8.53609
3730.0	0.652764	0.460839	0.191925	0.760738	12.793
3731.0	0.806096	0.766362	0.0397335	0.892489	6.54461
3732.0	0.335295	0.578954	0.243659	0.845689	8.46388
3733.0	0.852266	0.792099	0.0601669	0.867257	7.57993
3734.0	0.464416	0.617293	0.152877	0.760553	12.8194
3735.0	0.843445	1.08508	0.241633	0.850397	8.25495
3736.0	0.613839	0.218899	0.39494	0.815913	9.75064
3737.0	0.114524	0.519724	0.4052	0.869294	7.33104
3738.0	0.802098	1.27948	0.477378	0.883909	6.66516
3739.0	0.758692	0.789224	0.0305323	0.836806	8.92924
3740.0	0.107157	0.537464	0.430306	0.772279	11.9724
3741.0	0.777942	1.1116	0.333654	0.836746	8.81513
3742.0	0.54645	0.566772	0.0203216	0.772747	12.1606
3743.0	0.0888559	0.400083	0.311227	0.832993	9.00365
3744.0	0.568969	0.705924	0.136955	0.818087	9.79432
3745.0	0.38704	0.341101	0.0459381	0.869834	7.47241
3746.0	0.552084	1.30887	0.756791	0.824824	8.87932
3747.0	0.61139	0.715156	0.103766	0.896369	6.38193
3748.0	0.262713	0.386506	0.123794	0.95299	4.29462
3749.0	0.975299	0.621361	0.353939	0.902216	6.04193
3750.0	0.00941383	0.131717	0.122303	0.874061	7.28211
3751.0	0.0257581	-0.127389	0.153147	0.853442	8.15675
3752.0	0.155358	0.643146	0.487787	0.837882	8.62978
3753.0	0.899596	0.15341	0.746186	0.834767	8.43749
3754.0	0.906986	1.36014	0.453155	0.827188	9.15907
3755.0	0.759331	1.17413	0.414794	0.889249	6.50581
3756.0	0.599198	0.417154	0.182045	0.866565	7.57926
3757.0	0.387183	0.113727	0.273456	0.786511	11.331
3758.0	0.612422	0.241653	0.370768	0.814292	9.84965
3759.0	0.889303	1.10806	0.218762	0.730992	14.5609
3760.0	0.556333	0.967838	0.411506	0.843712	8.43773
3761.0	0.511298	0.123221	0.388077	0.862452	7.63501
3762.0	0.52421	0.824555	0.300345	0.859753	7.81281
3763.0	0.15141	0.420368	0.268958	0.805556	10.353
3764.0	0.703699	0.640293	0.0634059	0.768282	12.4047
3765.0	0.701765	0.725128	0.0233636	0.759398	12.9127
3766.0	0.673946	0.500845	0.173101	0.946476	4.50656
3767.0	0.873528	0.46486	0.408668	0.862363	7.62208
3768.0	0.0864673	0.392883	0.306416	0.798867	10.6674
3769.0	0.205931	0.320715	0.114785	0.874126	7.28119
3770.0	0.166154	-0.00714198	0.173296	0.889694	6.62813
3771.0	0.127993	-0.0230155	0.151009	0.844923	8.53659
3772.0	0.482288	0.605476	0.123188	0.852222	8.21911
3773.0	0.471341	0.7164	0.245059	0.844349	8.52342
3774.0	0.785933	0.369856	0.416078	0.861797	7.64006
3775.0	0.965537	0.710484	0.255053	0.80575	10.3514
3776.0	0.762456	0.696496	0.0659605	0.811966	10.1093
3777.0	0.394544	0.513207	0.118662	0.753993	13.2099
3778.0	0.208353	0.424934	0.216581	0.888331	6.66613
3779.0	0.340002	0.499485	0.159483	0.818494	9.76735
3780.0	0.487141	0.585131	0.0979904	0.901387	6.18654
3781.0	0.435808	0.0821734	0.353635	0.815449	9.8068
3782.0	0.456054	0.57067	0.114616	0.814703	9.96521
3783.0	0.4446	0.943594	0.498995	0.780632	11.4459
3784.0	0.551339	0.779557	0.228219	0.758543	12.9008
3785.0	0.376625	-0.0162242	0.392849	0.835654	8.81989
3786.0	0.760384	1.58181	0.821424	0.823476	8.8344
3787.0	0.197325	0.9589	0.761575	0.857619	7.40542
3788.0	0.404491	0.135205	0.269286	0.733288	14.3872
3789.0	0.678974	0.687913	0.0089385	0.822343	9.60949
3790.0	0.863665	0.655923	0.207742	0.841122	8.68716
3791.0	0.670443	1.1187	0.44826	0.834273	8.83415
3792.0	0.105922	0.536549	0.430627	0.872182	7.18873
3793.0	0.931768	0.838653	0.0931152	0.811528	10.1261
3794.0	0.760289	0.799843	0.0395542	0.869075	7.50499
3795.0	0.0631838	-0.261165	0.324349	0.80846	10.172
3796.0	0.608036	0.497854	0.110182	0.784067	11.5323
3797.0	0.709266	1.50868	0.799411	0.884159	6.25092
3798.0	0.383868	-0.323795	0.707662	0.930855	4.62227
3799.0	0.0645215	0.401865	0.337343	0.881226	6.88736
3800.0	0.683761	1.3557	0.67194	0.877203	6.71595
3801.0	0.39844	0.0668553	0.331585	0.785948	11.3209
3802.0	0.85656	0.767008	0.0895525	0.886698	6.77045
3803.0	0.745271	0.56178	0.18349	0.879898	7.02175
3804.0	0.31321	0.735257	0.422047	0.845756	8.33694
3805.0	0.550896	0.552209	0.00131313	0.939622	4.77532
3806.0	0.34912	-0.886906	1.23603	0.867393	6.05902
3807.0	0.296283	0.262584	0.0336983	0.774423	12.0674
3808.0	0.314116	0.715116	0.401	0.836335	8.78177
3809.0	0.94321	0.518015	0.425195	0.850726	8.1135
3810.0	0.0966562	0.4275	0.330844	0.840242	8.6574
3811.0	0.149361	0.566688	0.417327	0.858062	7.79982
3812.0	0.0597664	0.159	0.099234	0.863605	7.72937
3813.0	0.966018	0.818756	0.147262	0.853868	8.13985
3814.0	0.900453	0.982389	0.0819368	0.833555	9.07345
3815.0	0.267073	0.365687	0.0986145	0.871724	7.38515
3816.0	0.914117	0.905208	0.00890899	0.84646	8.49131
3817.0	0.861807	1.17091	0.309105	0.911732	5.70651
3818.0	0.280294	0.497908	0.217613	0.879959	7.00555
3819.0	0.493365	0.288588	0.204776	0.872252	7.33044
3820.0	0.337501	-0.0779787	0.415479	0.853302	8.00868
3821.0	0.8706	0.266979	0.603621	0.913645	5.37805
3822.0	0.72429	0.646182	0.0781073	0.975757	3.54129
3823.0	0.34774	-0.456536	0.804276	0.80309	9.84579
3824.0	0.665571	0.828448	0.162878	0.784964	11.468
3825.0	0.0495449	0.335935	0.28639	0.900037	6.16857
3826.0	0.305119	0.780362	0.475244	0.91464	5.47258
3827.0	0.502796	0.357361	0.145435	0.927653	5.18594
3828.0	0.789978	1.08321	0.293227	0.885511	6.741
3829.0	0.228865	0.152757	0.0761089	0.965604	3.87635
3830.0	0.206768	0.65862	0.451852	0.935179	4.74331
3831.0	0.723606	0.957549	0.233943	0.797545	10.7787
3832.0	0.127543	0.0523517	0.0751914	0.938405	4.81326
3833.0	0.625018	0.869897	0.244879	0.758281	12.9066
3834.0	0.535994	0.738102	0.202108	0.857799	7.9482
3835.0	0.518105	0.390924	0.127181	0.887549	6.728
3836.0	0.787431	0.61804	0.169391	0.823165	9.53926
3837.0	0.397927	0.424363	0.0264358	0.885149	6.84038
3838.0	0.960391	0.53069	0.429701	0.784301	11.3234
3839.0	0.482829	0.617712	0.134883	0.820946	9.65697
3840.0	0.178298	0.43628	0.257983	0.797451	10.7703
3841.0	0.528191	0.258086	0.270105	0.850851	8.21974
3842.0	0.564145	0.741094	0.176949	0.807498	10.3013
3843.0	0.740442	1.73403	0.993587	0.838297	7.833
3844.0	0.513882	0.259629	0.254253	0.87839	7.05276
3845.0	0.157729	0.39042	0.232692	0.910699	5.78544
3846.0	0.0536307	0.131128	0.0774977	0.806269	10.3906
3847.0	0.120714	-0.204244	0.324958	0.907653	5.8519
3848.0	0.511285	0.187589	0.323696	0.834959	8.90429
3849.0	0.142455	0.337127	0.194672	0.81907	9.72599
3850.0	0.143247	0.2642	0.120953	0.842727	8.64436
3851.0	0.658315	1.21264	0.554325	0.790111	10.8798
3852.0	0.523305	0.619049	0.0957435	0.885352	6.82375
3853.0	0.335579	0.0819335	0.253646	0.852615	8.15081
3854.0	0.250136	0.0612778	0.188859	0.892958	6.4924
3855.0	0.422224	-0.139506	0.56173	0.712388	15.4232
3856.0	0.990824	1.28252	0.291697	0.846628	8.39494
3857.0	0.502578	0.298699	0.203879	0.919733	5.45814
3858.0	0.103736	0.381068	0.277332	0.889618	6.58488
3859.0	0.112361	0.11852	0.00615939	0.814232	10.0026
3860.0	0.24501	-0.10525	0.35026	0.934744	4.83471
3861.0	0.311243	1.08673	0.775486	0.765996	11.8389
3862.0	0.432038	0.894082	0.462044	0.808049	10.0735
3863.0	0.940449	1.17197	0.231524	0.849228	8.31182
3864.0	0.761845	0.555634	0.206211	0.799056	10.715
3865.0	0.125377	-0.126577	0.251954	0.757742	12.9335
3866.0	0.185919	0.849807	0.663889	0.85852	7.50808
3867.0	0.929971	0.906491	0.0234795	0.884508	6.86654
3868.0	0.922213	0.935109	0.0128956	0.806744	10.3733
3869.0	0.0770051	0.287682	0.210677	0.840946	8.69388
3870.0	0.121539	0.32081	0.199272	0.812961	10.0215
3871.0	0.242255	0.308877	0.066622	0.862483	7.78307
3872.0	0.49067	0.595519	0.104849	0.74883	13.5177
3873.0	0.63368	0.672805	0.0391253	0.830309	9.23043
3874.0	0.864106	0.691734	0.172372	0.840966	8.70844
3875.0	0.872128	0.929257	0.0571281	0.813458	10.037
3876.0	0.678416	1.19168	0.513262	0.880278	6.77716
3877.0	0.436365	0.379545	0.0568202	0.830923	9.19988
3878.0	0.397517	0.52468	0.127163	0.754475	13.1793
3879.0	0.183034	0.164291	0.018743	0.906235	6.00799
3880.0	0.430051	0.350111	0.0799405	0.8143	9.9923
3881.0	0.742944	0.720914	0.0220297	0.844587	8.57515
3882.0	0.49702	0.931299	0.434279	0.840934	8.54294
3883.0	0.851506	0.575603	0.275902	0.843644	8.53835
3884.0	0.827622	0.587123	0.240499	0.909694	5.82011
3885.0	0.543383	0.931789	0.388406	0.886944	6.61904
3886.0	0.557817	1.05097	0.493152	0.807373	10.0745
3887.0	0.772345	0.2755	0.496845	0.80308	10.2846
3888.0	0.667329	0.962877	0.295548	0.73355	14.3526
3889.0	0.692406	1.30976	0.617355	0.82818	8.92567
3890.0	0.657227	0.717572	0.0603452	0.756769	13.0608
3891.0	0.0953697	0.580967	0.485597	0.838736	8.59311
3892.0	0.0270946	0.142298	0.115203	0.851455	8.25498
3893.0	0.684985	0.560144	0.124841	0.764533	12.6021
3894.0	0.761166	0.815408	0.0542422	0.816096	9.90833
3895.0	0.679298	1.08046	0.40116	0.764187	12.4512
3896.0	0.305262	0.31176	0.00649812	0.830822	9.208
3897.0	0.762697	1.21116	0.448462	0.910825	5.63961
3898.0	0.343712	0.194548	0.149164	0.771168	12.2226
3899.0	0.794335	0.54004	0.254296	0.885179	6.77558
3900.0	0.726581	0.755462	0.0288817	0.806065	10.4066
3901.0	0.00945405	0.221204	0.21175	0.855829	8.02995
3902.0	0.290221	0.0683977	0.221824	0.854273	8.09358
3903.0	0.601022	1.03773	0.436708	0.889379	6.48229
3904.0	0.0586665	0.0997101	0.0410436	0.824365	9.51118
3905.0	0.0370518	0.138897	0.101845	0.87943	7.06434
3906.0	0.590656	0.902562	0.311907	0.820785	9.57913
3907.0	0.4281	0.84875	0.42065	0.762584	12.523
3908.0	0.680615	1.03192	0.351305	0.893777	6.37376
3909.0	0.128196	0.416219	0.288023	0.915573	5.57392
3910.0	0.523607	0.374521	0.149087	0.783887	11.5304
3911.0	0.195684	-0.0500885	0.245773	0.89993	6.19379
3912.0	0.778971	0.755726	0.0232453	0.851319	8.27424
3913.0	0.835503	0.332719	0.502784	0.817718	9.55854
3914.0	0.716397	0.78973	0.0733335	0.830712	9.20746
3915.0	0.450106	0.688062	0.237956	0.811749	10.0627
3916.0	0.560239	0.986862	0.426623	0.807142	10.1531
3917.0	0.1775	0.251643	0.0741432	0.823644	9.54146
3918.0	0.329703	0.346039	0.0163356	0.864475	7.70191
3919.0	0.359241	-0.218472	0.577713	0.778664	11.4549
3920.0	0.698257	0.593255	0.105002	0.872898	7.33464
3921.0	0.627407	0.352021	0.275386	0.904257	6.01103
3922.0	0.615962	0.766928	0.150967	0.892811	6.5109
3923.0	0.732396	0.629011	0.103385	0.793255	11.0497
3924.0	0.103325	0.412427	0.309102	0.881288	6.90305
3925.0	0.914573	0.839206	0.0753673	0.836362	8.94469
3926.0	0.367529	0.00969764	0.357831	0.802408	10.4497
3927.0	0.580867	0.725332	0.144465	0.797163	10.8362
3928.0	0.0167345	0.428485	0.41175	0.902585	5.98476
3929.0	0.53456	-0.196073	0.730633	0.776678	11.334
3930.0	0.389028	0.164444	0.224585	0.754385	13.1436
3931.0	0.281289	-0.17447	0.455759	0.83153	8.95382
3932.0	0.74062	0.391792	0.348827	0.852272	8.10653
3933.0	0.918798	0.846531	0.072267	0.856464	8.04313
3934.0	0.812701	1.08719	0.274492	0.842789	8.5778
3935.0	0.321197	0.069714	0.251483	0.813617	9.96361
3936.0	0.666019	1.18726	0.521239	0.865882	7.36612
3937.0	0.138811	-0.136677	0.275488	0.904537	6.00018
3938.0	0.902203	0.831135	0.0710682	0.821116	9.66303
3939.0	0.844933	0.571231	0.273702	0.843913	8.5275
3940.0	0.139289	0.717193	0.577904	0.800731	10.3066
3941.0	0.162792	0.316964	0.154172	0.899951	6.22871
3942.0	0.226708	0.145953	0.0807552	0.87392	7.29648
3943.0	0.383543	0.0202335	0.36331	0.831192	9.05002
3944.0	0.0435692	0.40328	0.359711	0.849324	8.22877
3945.0	0.342831	0.575986	0.233155	0.805545	10.3734
3946.0	0.189323	0.478545	0.289221	0.9203	5.39709
3947.0	0.263409	-0.344701	0.608109	0.784226	11.1178
3948.0	0.38486	0.589883	0.205024	0.744557	13.7354
3949.0	0.453605	0.589009	0.135404	0.842613	8.64563
3950.0	0.0783695	0.183477	0.105108	0.8539	8.14945
3951.0	0.0979949	0.178093	0.0800978	0.817592	9.83177
3952.0	0.930437	0.573973	0.356464	0.793023	10.9309
3953.0	0.348935	0.678512	0.329577	0.929581	5.03357
3954.0	0.146926	0.592767	0.445841	0.817063	9.64855
3955.0	0.522418	0.659125	0.136707	0.890571	6.60424
3956.0	0.611586	0.458872	0.152714	0.857378	7.98455
3957.0	0.738378	0.54048	0.197898	0.829285	9.23822
3958.0	0.830029	0.804616	0.0254129	0.825562	9.45534
3959.0	0.402696	0.202896	0.1998	0.842545	8.62602
3960.0	0.448793	0.693057	0.244264	0.843009	8.58431
3961.0	0.678026	0.64544	0.0325863	0.785031	11.4935
3962.0	0.966081	1.01142	0.0453341	0.858122	7.97408
3963.0	0.996603	0.822689	0.173914	0.749662	13.4452
3964.0	0.982001	0.864352	0.117649	0.795905	10.9089
3965.0	0.261891	0.824558	0.562667	0.902007	5.86492
3966.0	0.341854	0.600514	0.25866	0.847404	8.37923
3967.0	0.352934	0.749548	0.396614	0.811807	9.94964
3968.0	0.391494	0.43954	0.0480454	0.784446	11.5233
3969.0	0.208669	0.214856	0.0061874	0.820612	9.6927
3970.0	0.214615	0.194326	0.0202884	0.834795	9.02267
3971.0	0.655747	0.649456	0.00629098	0.813531	10.037
3972.0	0.909115	0.955761	0.0466452	0.869524	7.48542
3973.0	0.0052186	0.2756	0.270381	0.80847	10.2068
3974.0	0.562148	0.341967	0.220181	0.772637	12.1109
3975.0	0.541881	0.594115	0.0522341	0.824648	9.49655
3976.0	0.644967	0.621604	0.0233633	0.800548	10.6857
3977.0	0.902831	0.345272	0.557559	0.799433	10.3977
3978.0	0.249021	0.486991	0.23797	0.964199	3.87736
3979.0	0.24607	-0.257709	0.503778	0.868424	7.2771
3980.0	0.699081	1.10731	0.40823	0.778497	11.6547
3981.0	0.913713	0.308039	0.605674	0.883287	6.55298
3982.0	0.859326	1.07706	0.217733	0.92272	5.34202
3983.0	0.553899	0.60512	0.0512211	0.838301	8.85876
3984.0	0.0254803	0.155615	0.130135	0.828934	9.27849
3985.0	0.522039	0.956156	0.434117	0.878666	6.91767
3986.0	0.536841	1.43424	0.8974	0.797109	9.97112
3987.0	0.813727	1.0286	0.214873	0.779813	11.7218
3988.0	0.547682	1.12065	0.572963	0.852437	7.88625
3989.0	0.421132	0.29366	0.127472	0.86052	7.85557
3990.0	0.43128	0.00445513	0.426825	0.805102	10.2546
3991.0	0.0394014	0.318146	0.278745	0.850748	8.21935
3992.0	0.999483	0.411813	0.587669	0.9221	5.08349
3993.0	0.990128	0.33053	0.659598	0.943558	4.23617
3994.0	0.510539	0.622821	0.112282	0.828412	9.30773
3995.0	0.723548	1.04443	0.320878	0.795048	10.8532
3996.0	0.70815	0.799798	0.0916474	0.795269	10.9479
3997.0	0.821142	0.59026	0.230882	0.815732	9.87113
3998.0	0.581306	0.22626	0.355046	0.826467	9.27783
3999.0	0.144503	0.572746	0.428243	0.800246	10.4977
4000.0	0.159945	0.781744	0.621799	0.850216	7.92352
4001.0	0.419326	0.116185	0.303142	0.830676	9.11676
4002.0	0.420705	0.410524	0.0101813	0.862382	7.79184
4003.0	0.12738	-0.0921552	0.219535	0.827322	9.32094
4004.0	0.864383	1.13303	0.268652	0.801922	10.5363
4005.0	0.857086	1.4269	0.569812	0.767061	12.0995
4006.0	0.873272	0.848796	0.0244765	0.802107	10.6064
4007.0	0.875583	1.0258	0.150215	0.776387	11.9351
4008.0	0.682305	0.335724	0.346581	0.781384	11.5526
4009.0	0.680815	0.664109	0.0167062	0.862382	7.79168
4010.0	0.751342	0.642265	0.109077	0.819974	9.71056
4011.0	0.650277	1.1203	0.470024	0.838076	8.63883
4012.0	0.801035	1.25446	0.453429	0.849119	8.15879
4013.0	0.833012	1.31444	0.481423	0.818768	9.53072
4014.0	0.652702	0.59384	0.0588619	0.802815	10.5674
4015.0	0.368233	0.57614	0.207908	0.818536	9.746
4016.0	0.311327	0.638528	0.327201	0.989217	3.02073
4017.0	0.376272	0.763568	0.387296	0.924652	5.17404
4018.0	0.355575	0.400042	0.0444678	0.867189	7.58448
4019.0	0.894973	0.979224	0.0842517	0.859404	7.91324
4020.0	0.854022	0.812407	0.0416155	0.876365	7.1996
4021.0	0.85385	0.660012	0.193838	0.825	9.4423
4022.0	0.848624	0.535752	0.312872	0.805147	10.3453
4023.0	0.377165	0.0795905	0.297575	0.868174	7.45476
4024.0	0.845953	0.935964	0.0900113	0.814668	9.97243
4025.0	0.0325152	0.390408	0.357893	0.850644	8.17171
4026.0	0.523462	0.171907	0.351555	0.868555	7.40318
4027.0	0.502762	0.531833	0.0290703	0.925856	5.27084
4028.0	0.880969	1.18875	0.307777	0.785882	11.3417
4029.0	0.154912	0.0445119	0.1104	0.874236	7.27758
4030.0	0.573882	0.142438	0.431444	0.833273	8.89597
4031.0	0.076758	-0.124173	0.200931	0.908042	5.89997
4032.0	0.606953	0.817503	0.21055	0.790444	11.1585
4033.0	0.782117	0.817969	0.0358526	0.825623	9.45175
4034.0	0.272337	0.0779342	0.194403	0.876554	7.15552
4035.0	0.980982	0.15909	0.821893	0.82142	8.93002
4036.0	0.815004	0.441884	0.37312	0.877011	7.03489
4037.0	0.481667	0.139467	0.3422	0.786757	11.27
4038.0	0.841133	0.291644	0.549489	0.821777	9.31145
4039.0	0.250148	0.137586	0.112562	0.854527	8.12021
4040.0	0.189423	0.867172	0.677749	0.89366	6.05072
4041.0	0.832319	0.91902	0.0867019	0.887385	6.7432
4042.0	0.831098	0.422884	0.408214	0.803477	10.3532
4043.0	0.0821299	-1.19178	1.27391	0.890311	5.06889
4044.0	0.914546	0.784629	0.129917	0.836575	8.92299
4045.0	0.905736	0.553363	0.352373	0.869486	7.36339
4046.0	0.566225	0.245138	0.321086	0.896512	6.28587
4047.0	0.883801	1.09385	0.210051	0.774231	12.0282
4048.0	0.873772	0.644118	0.229654	0.802593	10.5239
4049.0	0.618153	0.98503	0.366877	0.828988	9.15016
4050.0	0.471951	0.91105	0.439099	0.748029	13.3468
4051.0	0.762276	1.03197	0.26969	0.833575	9.0023
4052.0	0.977371	0.838696	0.138675	0.867529	7.55247
4053.0	0.810398	0.840687	0.0302887	0.808232	10.2981
4054.0	0.759931	0.562259	0.197672	0.80645	10.345
4055.0	0.683365	-0.0460884	0.729454	0.859801	7.36076
4056.0	0.18903	0.0851931	0.103837	0.881044	6.99765
4057.0	0.177245	0.0743861	0.102859	0.861406	7.82313
4058.0	0.849916	0.833658	0.0162579	0.811615	10.131
4059.0	0.0938871	0.114862	0.020975	0.854347	8.14079
4060.0	0.395508	0.524856	0.129348	0.919068	5.50654
4061.0	0.856226	1.03406	0.177838	0.871833	7.35841
4062.0	0.98689	0.600232	0.386658	0.852836	8.053
4063.0	0.718887	0.934793	0.215906	0.873838	7.25949
4064.0	0.354982	0.724641	0.369659	0.776754	11.7836
4065.0	0.378554	1.04	0.661448	0.870484	7.00654
4066.0	0.421598	0.420606	0.000992113	0.815595	9.93594
4067.0	0.425039	0.461242	0.0362038	0.798858	10.7712
4068.0	0.772629	0.563578	0.209052	0.860874	7.8121
4069.0	0.930348	1.25348	0.323135	0.873648	7.20915
4070.0	0.654696	0.784039	0.129343	0.883363	6.897
4071.0	0.640879	0.790484	0.149605	0.828718	9.28285
4072.0	0.971888	0.598597	0.373291	0.807589	10.1777
4073.0	0.815628	0.626869	0.188759	0.905398	6.00601
4074.0	0.276264	0.79561	0.519345	0.779227	11.4976
4075.0	0.169918	0.578389	0.408471	0.847742	8.2601
4076.0	0.0982597	0.0122925	0.0859672	0.80211	10.5987
4077.0	0.686178	1.0921	0.40592	0.846115	8.33483
4078.0	0.667132	0.929515	0.262382	0.807165	10.2764
4079.0	0.323575	-0.0205669	0.344142	0.846159	8.38117
4080.0	0.60388	0.716941	0.113061	0.844357	8.57263
4081.0	0.884929	0.73753	0.147399	0.822782	9.56509
4082.0	0.320143	0.46127	0.141127	0.931504	5.0473
4083.0	0.35913	0.574587	0.215457	0.918228	5.50954
4084.0	0.389741	0.60302	0.213278	0.77483	11.9937
4085.0	0.0568427	-0.0768048	0.133648	0.863508	7.72531
4086.0	0.559613	0.41949	0.140123	0.834685	9.00733
4087.0	0.0199997	-0.0589982	0.078998	0.752985	13.2782
4088.0	0.200004	0.342716	0.142712	0.855772	8.05772
4089.0	0.661625	1.0828	0.42117	0.792263	10.9138
4090.0	0.899176	0.695781	0.203395	0.825101	9.43342
4091.0	0.155198	0.208156	0.0529581	0.883437	6.90789
4092.0	0.0817936	0.490127	0.408334	0.812668	9.89714
4093.0	0.107165	0.550426	0.443261	0.827991	9.13087
4094.0	0.222213	0.360249	0.138036	0.866808	7.58328
4095.0	0.296475	-0.386899	0.683374	0.787375	10.8433
4096.0	0.405655	0.385789	0.0198663	0.809682	10.2266
4097.0	0.661717	0.717311	0.0555937	0.764818	12.6006
4098.0	0.360292	0.579441	0.219149	0.884068	6.83717
4099.0	0.538349	0.866857	0.328508	0.797017	10.7464
4100.0	0.956319	0.454094	0.502225	0.762988	12.412
4101.0	0.0207856	-0.252348	0.273133	0.83365	8.99686
4102.0	0.668947	0.753543	0.0845959	0.753102	13.2703
4103.0	0.286359	0.507981	0.221622	0.949497	4.38404
4104.0	0.996418	1.00001	0.00359567	0.919829	5.49415
4105.0	0.956869	0.74439	0.212479	0.791321	11.1117
4106.0	0.984187	0.847577	0.13661	0.930074	5.10025
4107.0	0.70362	0.740014	0.0363939	0.824201	9.51936
4108.0	0.708804	0.844195	0.135391	0.802079	10.5881
4109.0	0.0538261	0.350588	0.296762	0.825701	9.35479
4110.0	0.940625	0.836214	0.10441	0.817758	9.8188
4111.0	0.222557	0.38287	0.160313	0.922635	5.36574
4112.0	0.620399	0.714906	0.0945075	0.875175	7.24177
4113.0	0.0552744	0.510089	0.454814	0.870826	7.22377
4114.0	0.470633	0.475822	0.00518916	0.930449	5.10416
4115.0	0.258372	0.485903	0.227531	0.817123	9.80517
4116.0	0.359193	0.719691	0.360498	0.79031	11.0688
4117.0	0.316089	0.0789626	0.237126	0.855013	8.05389
4118.0	0.0121325	0.136625	0.124492	0.824317	9.49855
4119.0	0.676365	1.4607	0.784336	0.78377	10.8658
4120.0	0.874825	1.13475	0.259927	0.781642	11.5988
4121.0	0.579357	0.633138	0.0537813	0.777274	11.9093
4122.0	0.595825	0.725413	0.129589	0.859596	7.89495
4123.0	0.676425	0.468474	0.20795	0.784097	11.4952
4124.0	0.893036	0.510836	0.382201	0.883142	6.7773
4125.0	0.685921	0.382549	0.303371	0.854878	8.02283
4126.0	0.386108	0.515601	0.129493	0.834986	8.99643
4127.0	0.779996	0.807895	0.0278989	0.848289	8.40876
4128.0	0.856808	0.732464	0.124344	0.826705	9.38526
4129.0	0.348345	0.411448	0.0631032	0.826966	9.38525
4130.0	0.35178	0.756082	0.404303	0.864696	7.52617
4131.0	0.0470011	0.258905	0.211904	0.789841	11.1894
4132.0	0.66752	1.17918	0.511659	0.85789	7.71755
4133.0	0.831538	0.625346	0.206192	0.814066	9.96427
4134.0	0.460959	0.453404	0.00755525	0.849728	8.34538
4135.0	0.800837	1.08787	0.287033	0.838934	8.74553
4136.0	0.958978	0.679662	0.279316	0.866386	7.54118
4137.0	0.0475555	0.50056	0.453004	0.757181	12.7981
4138.0	0.0463082	0.371478	0.32517	0.769811	12.2009
